#{"t_start": 1789873739.1680098, "env_id": "None"}
r,l,t,curriculum_stage,curriculum_task,curriculum_prefix,deadline,gate_state,belief_open,trial_return
2.94,6,0.893974,0,d19_detour,16,19,closed,0.0,2.94
1.47,3,0.900522,0,d17_medium,14,17,closed,0.0,1.47
2.94,6,0.908093,0,d15_direct,12,15,open,1.0,2.94
2.94,6,0.915867,0,d15_direct,12,15,open,1.0,2.94
0.83,7,0.924628,0,d17_medium,14,17,closed,0.0,0.8299999999999998
2.94,6,0.932761,0,d17_medium,14,17,closed,0.0,2.94
2.94,6,0.940902,0,d17_medium,14,17,closed,0.0,2.94
1.47,3,0.947934,0,d19_detour,16,19,closed,0.0,1.47
1.47,3,0.954421,0,d17_medium,14,17,closed,0.0,1.47
2.94,6,0.962987,0,d19_detour,16,19,closed,0.0,2.94
2.94,6,0.971727,0,d19_detour,16,19,closed,0.0,2.94
2.94,6,0.979298,0,d15_direct,12,15,open,1.0,2.94
2.94,6,0.986796,0,d15_direct,12,15,open,1.0,2.94
-0.08,3,0.992699,0,d15_direct,12,15,open,1.0,-0.08000000000000007
2.94,6,1.001022,0,d15_direct,12,15,open,1.0,2.94
2.94,6,1.008797,0,d15_direct,12,15,open,1.0,2.94
2.94,6,1.016276,0,d15_direct,12,15,open,1.0,2.94
2.94,6,1.024364,0,d17_medium,14,17,closed,0.0,2.94
2.94,6,1.033237,0,d19_detour,16,19,closed,0.0,2.94
2.94,6,1.041915,0,d19_detour,16,19,closed,0.0,2.94
2.94,6,1.050761,0,d19_detour,16,19,closed,0.0,2.94
1.47,3,1.057764,0,d19_detour,16,19,closed,0.0,1.47
2.94,6,1.066089,0,d17_medium,14,17,closed,0.0,2.94
2.94,6,1.07532,0,d19_detour,16,19,closed,0.0,2.94
2.94,6,1.083739,0,d17_medium,14,17,closed,0.0,2.94
2.94,6,1.092295,0,d17_medium,14,17,closed,0.0,2.94
2.94,6,1.100685,0,d17_medium,14,17,closed,0.0,2.94
2.94,6,1.108865,0,d17_medium,14,17,closed,0.0,2.94
2.94,6,1.11793,0,d19_detour,16,19,closed,0.0,2.94
2.88,7,1.126733,0,d17_medium,14,17,closed,0.0,2.88
1.47,3,1.132866,0,d15_direct,12,15,open,1.0,1.47
2.94,6,1.141633,0,d19_detour,16,19,closed,0.0,2.94
2.94,6,1.149278,0,d15_direct,12,15,open,1.0,2.94
2.94,6,1.156772,0,d15_direct,12,15,open,1.0,2.94
2.94,6,1.165227,0,d15_direct,12,15,open,1.0,2.94
1.47,3,1.171309,0,d15_direct,12,15,open,1.0,1.47
1.47,3,1.17835,0,d19_detour,16,19,closed,0.0,1.47
2.94,6,1.186586,0,d17_medium,14,17,closed,0.0,2.94
1.47,3,1.193674,0,d19_detour,16,19,closed,0.0,1.47
1.47,3,1.201333,0,d19_detour,16,19,closed,0.0,1.47
1.47,3,1.208432,0,d17_medium,14,17,closed,0.0,1.47
1.47,3,1.215042,0,d17_medium,14,17,closed,0.0,1.47
0.93,7,1.223782,0,d17_medium,14,17,closed,0.0,0.9299999999999999
0.93,7,1.233178,0,d17_medium,14,17,closed,0.0,0.9299999999999999
2.94,6,1.241802,0,d19_detour,16,19,closed,0.0,2.94
2.94,6,1.249374,0,d15_direct,12,15,open,1.0,2.94
2.94,6,1.257505,0,d17_medium,14,17,closed,0.0,2.94
2.94,6,1.265105,0,d15_direct,12,15,open,1.0,2.94
0.93,7,1.273706,0,d17_medium,14,17,closed,0.0,0.9299999999999999
2.94,6,1.281797,0,d17_medium,14,17,closed,0.0,2.94
2.94,6,1.289232,0,d15_direct,12,15,open,1.0,2.94
2.94,6,1.298118,0,d17_medium,14,17,closed,0.0,2.94
2.94,6,1.306138,0,d17_medium,14,17,closed,0.0,2.94
2.94,6,1.314785,0,d19_detour,16,19,closed,0.0,2.94
2.94,6,1.322863,0,d17_medium,14,17,closed,0.0,2.94
2.88,7,1.331658,0,d17_medium,14,17,closed,0.0,2.88
2.94,6,1.339085,0,d15_direct,12,15,open,1.0,2.94
2.88,7,1.348498,0,d17_medium,14,17,closed,0.0,2.88
1.47,3,1.355542,0,d19_detour,16,19,closed,0.0,1.47
2.94,6,1.364301,0,d19_detour,16,19,closed,0.0,2.94
2.94,6,1.373016,0,d19_detour,16,19,closed,0.0,2.94
1.47,3,1.380088,0,d19_detour,16,19,closed,0.0,1.47
2.94,6,1.387706,0,d15_direct,12,15,open,1.0,2.94
2.94,6,1.396432,1,d19_detour,16,19,closed,0.0,2.94
2.94,6,1.404629,1,d17_medium,14,17,closed,0.0,2.94
0.93,7,1.41274,1,d15_direct,12,15,open,1.0,0.9299999999999999
2.94,6,1.42098,1,d17_medium,14,17,closed,0.0,2.94
1.47,3,1.427731,1,d19_detour,15,19,closed,0.0,1.47
2.91,9,1.437774,1,d19_detour,15,19,closed,0.0,2.91
2.91,9,1.448124,1,d19_detour,15,19,closed,0.0,2.91
2.94,6,1.456283,1,d17_medium,14,17,closed,0.0,2.94
2.88,7,1.465841,1,d17_medium,14,17,closed,0.0,2.88
2.91,9,1.475894,1,d19_detour,15,19,closed,0.0,2.91
2.94,6,1.483408,1,d15_direct,12,15,open,1.0,2.94
0.83,7,1.492268,1,d17_medium,14,17,closed,0.0,0.8299999999999998
1.47,3,1.498227,1,d15_direct,12,15,open,1.0,1.47
2.88,7,1.506303,1,d15_direct,12,15,open,1.0,2.88
2.91,9,1.516432,1,d19_detour,15,19,closed,0.0,2.91
2.94,6,1.523849,1,d15_direct,12,15,open,1.0,2.94
1.47,3,1.529756,1,d15_direct,12,15,open,1.0,1.47
2.94,6,1.537935,1,d17_medium,14,17,closed,0.0,2.94
2.94,6,1.546016,1,d17_medium,14,17,closed,0.0,2.94
2.94,6,1.553735,1,d15_direct,12,15,open,1.0,2.94
1.47,3,1.560369,1,d17_medium,14,17,closed,0.0,1.47
-0.08,3,1.566283,1,d15_direct,12,15,open,1.0,-0.08000000000000007
1.47,3,1.573173,1,d19_detour,15,19,closed,0.0,1.47
2.91,9,1.58373,1,d19_detour,15,19,closed,0.0,2.91
2.88,7,1.591736,1,d15_direct,12,15,open,1.0,2.88
2.91,9,1.602627,1,d19_detour,15,19,closed,0.0,2.91
2.91,9,1.613041,1,d19_detour,15,19,closed,0.0,2.91
2.94,6,1.62126,1,d17_medium,14,17,closed,0.0,2.94
2.88,7,1.630469,1,d17_medium,14,17,closed,0.0,2.88
2.91,9,1.640541,1,d19_detour,15,19,closed,0.0,2.91
2.91,9,1.650961,1,d19_detour,15,19,closed,0.0,2.91
2.94,6,1.658658,1,d15_direct,12,15,open,1.0,2.94
1.47,3,1.665469,1,d17_medium,14,17,closed,0.0,1.47
2.91,9,1.675548,1,d19_detour,15,19,closed,0.0,2.91
-0.08,3,1.682077,1,d17_medium,14,17,closed,0.0,-0.08000000000000007
0.77,8,1.691326,1,d17_medium,14,17,closed,0.0,0.7699999999999998
2.91,9,1.701379,1,d19_detour,15,19,closed,0.0,2.91
2.94,6,1.708883,1,d15_direct,12,15,open,1.0,2.94
-0.08,3,1.714769,1,d15_direct,12,15,open,1.0,-0.08000000000000007
2.94,6,1.722282,1,d15_direct,12,15,open,1.0,2.94
0.83,7,1.73092,1,d17_medium,14,17,closed,0.0,0.8299999999999998
-0.08,3,1.737493,1,d17_medium,14,17,closed,0.0,-0.08000000000000007
2.91,9,1.747557,1,d19_detour,15,19,closed,0.0,2.91
2.94,6,1.755784,1,d17_medium,14,17,closed,0.0,2.94
2.94,6,1.763317,1,d15_direct,12,15,open,1.0,2.94
2.94,6,1.770877,1,d15_direct,12,15,open,1.0,2.94
2.94,6,1.779079,1,d17_medium,14,17,closed,0.0,2.94
2.94,6,1.786704,1,d15_direct,12,15,open,1.0,2.94
2.94,6,1.794225,1,d15_direct,12,15,open,1.0,2.94
2.88,7,1.803068,1,d17_medium,14,17,closed,0.0,2.88
2.91,9,1.813054,1,d19_detour,15,19,closed,0.0,2.91
2.94,6,1.821361,1,d17_medium,14,17,closed,0.0,2.94
1.47,3,1.828159,1,d19_detour,15,19,closed,0.0,1.47
2.94,6,1.835753,1,d15_direct,12,15,open,1.0,2.94
2.91,9,1.84582,2,d19_detour,15,19,closed,0.0,2.91
2.88,7,1.854537,2,d17_medium,14,17,closed,0.0,2.88
2.88,12,1.866136,2,d19_detour,14,19,closed,0.0,2.88
1.47,3,1.873215,2,d17_medium,14,17,closed,0.0,1.47
1.47,3,1.880351,2,d19_detour,14,19,closed,0.0,1.47
2.94,6,1.887843,2,d15_direct,12,15,open,1.0,2.94
1.47,3,1.894393,2,d19_detour,14,19,closed,0.0,1.47
2.88,12,1.905855,2,d19_detour,14,19,closed,0.0,2.88
2.94,6,1.914062,2,d17_medium,14,17,closed,0.0,2.94
-0.03,3,1.920531,2,d19_detour,14,19,closed,0.0,-0.030000000000000027
2.94,6,1.928684,2,d17_medium,14,17,closed,0.0,2.94
1.47,3,1.935342,2,d19_detour,14,19,closed,0.0,1.47
2.94,6,1.943344,2,d17_medium,14,17,closed,0.0,2.94
1.47,3,1.949802,2,d15_direct,12,15,open,1.0,1.47
0.87,8,1.959263,2,d17_medium,14,17,closed,0.0,0.8699999999999999
2.88,12,1.971185,2,d19_detour,14,19,closed,0.0,2.88
2.88,12,1.982632,2,d19_detour,14,19,closed,0.0,2.88
2.88,12,1.993929,2,d19_detour,14,19,closed,0.0,2.88
1.47,3,1.999938,2,d15_direct,12,15,open,1.0,1.47
2.94,6,2.008048,2,d17_medium,14,17,closed,0.0,2.94
0.87,8,2.017344,2,d17_medium,14,17,closed,0.0,0.87
2.94,6,2.025675,2,d15_direct,12,15,open,1.0,2.94
2.94,6,2.033239,2,d15_direct,12,15,open,1.0,2.94
2.94,6,2.040782,2,d15_direct,12,15,open,1.0,2.94
1.47,3,2.046599,2,d15_direct,12,15,open,1.0,1.47
1.47,3,2.053136,2,d19_detour,14,19,closed,0.0,1.47
2.88,12,2.064349,2,d19_detour,14,19,closed,0.0,2.88
2.88,12,2.075819,2,d19_detour,14,19,closed,0.0,2.88
2.88,12,2.087676,2,d19_detour,14,19,closed,0.0,2.88
2.94,6,2.095209,2,d15_direct,12,15,open,1.0,2.94
1.47,3,2.101725,2,d19_detour,14,19,closed,0.0,1.47
1.47,3,2.108269,2,d17_medium,14,17,closed,0.0,1.47
2.94,6,2.115821,2,d15_direct,12,15,open,1.0,2.94
2.88,12,2.127195,2,d19_detour,14,19,closed,0.0,2.88
1.47,3,2.133654,2,d17_medium,14,17,closed,0.0,1.47
2.94,6,2.141184,2,d15_direct,12,15,open,1.0,2.94
2.88,12,2.152645,2,d19_detour,14,19,closed,0.0,2.88
2.94,6,2.160873,2,d15_direct,12,15,open,1.0,2.94
0.83,7,2.170325,2,d17_medium,14,17,closed,0.0,0.8299999999999998
2.94,6,2.177885,2,d15_direct,12,15,open,1.0,2.94
1.47,3,2.183858,2,d15_direct,12,15,open,1.0,1.47
2.88,12,2.195172,2,d19_detour,14,19,closed,0.0,2.88
2.88,12,2.206617,2,d19_detour,14,19,closed,0.0,2.88
0.93,7,2.215875,2,d17_medium,14,17,closed,0.0,0.9299999999999999
2.94,6,2.223326,2,d15_direct,12,15,open,1.0,2.94
2.88,7,2.232073,2,d17_medium,14,17,closed,0.0,2.88
0.93,7,2.240819,2,d17_medium,14,17,closed,0.0,0.9299999999999999
2.88,12,2.252261,2,d19_detour,14,19,closed,0.0,2.88
1.47,3,2.258692,2,d17_medium,14,17,closed,0.0,1.47
2.94,6,2.266773,2,d17_medium,14,17,closed,0.0,2.94
2.88,12,2.278108,2,d19_detour,14,19,closed,0.0,2.88
2.88,12,2.289463,2,d19_detour,14,19,closed,0.0,2.88
2.88,12,2.300875,2,d19_detour,14,19,closed,0.0,2.88
2.94,6,2.308321,2,d15_direct,12,15,open,1.0,2.94
1.47,3,2.314957,2,d17_medium,14,17,closed,0.0,1.47
2.88,12,2.326444,2,d19_detour,14,19,closed,0.0,2.88
2.88,12,2.337852,2,d19_detour,14,19,closed,0.0,2.88
2.88,12,2.349134,2,d19_detour,14,19,closed,0.0,2.88
1.47,3,2.355217,2,d15_direct,12,15,open,1.0,1.47
2.94,6,2.36347,2,d17_medium,14,17,closed,0.0,2.94
2.94,6,2.372442,2,d17_medium,14,17,closed,0.0,2.94
2.94,6,2.380782,2,d17_medium,14,17,closed,0.0,2.94
1.47,3,2.386775,2,d15_direct,12,15,open,1.0,1.47
2.94,6,2.395028,2,d17_medium,14,17,closed,0.0,2.94
1.47,3,2.401756,2,d19_detour,14,19,closed,0.0,1.47
2.88,7,2.410392,2,d17_medium,14,17,closed,0.0,2.88
2.88,12,2.422737,2,d19_detour,14,19,closed,0.0,2.88
2.94,6,2.430223,2,d15_direct,12,15,open,1.0,2.94
2.88,12,2.441635,2,d19_detour,14,19,closed,0.0,2.88
2.94,6,2.449812,2,d17_medium,14,17,closed,0.0,2.94
2.88,12,2.461449,2,d19_detour,14,19,closed,0.0,2.88
-1.18,8,2.47173,2,d17_medium,14,17,closed,0.0,-1.18
2.88,12,2.483088,2,d19_detour,14,19,closed,0.0,2.88
2.94,6,2.490736,2,d15_direct,12,15,open,1.0,2.94
2.88,12,2.502133,2,d19_detour,14,19,closed,0.0,2.88
1.47,3,2.508618,2,d17_medium,14,17,closed,0.0,1.47
2.94,6,2.516786,2,d17_medium,14,17,closed,0.0,2.94
2.88,12,2.52821,2,d19_detour,14,19,closed,0.0,2.88
2.94,6,2.535812,3,d15_direct,12,15,open,1.0,2.94
2.91,9,2.545316,3,d17_medium,13,17,closed,0.0,2.91
1.47,3,2.551487,3,d17_medium,13,17,closed,0.0,1.47
0.83,7,2.559461,3,d15_direct,12,15,open,1.0,0.8299999999999998
2.85,15,2.572183,3,d19_detour,13,19,closed,0.0,2.8499999999999996
2.91,9,2.582383,3,d17_medium,13,17,closed,0.0,2.91
1.47,3,2.588732,3,d19_detour,13,19,closed,0.0,1.47
2.94,6,2.596209,3,d15_direct,12,15,open,1.0,2.94
2.85,15,2.608823,3,d19_detour,13,19,closed,0.0,2.8499999999999996
2.79,16,2.622047,3,d19_detour,13,19,closed,0.0,2.79
2.85,10,2.632092,3,d17_medium,13,17,closed,0.0,2.8499999999999996
1.47,3,2.638177,3,d15_direct,12,15,open,1.0,1.47
2.91,9,2.647717,3,d17_medium,13,17,closed,0.0,2.91
2.85,15,2.660485,3,d19_detour,13,19,closed,0.0,2.8499999999999996
2.85,15,2.674557,3,d19_detour,13,19,closed,0.0,2.8499999999999996
2.85,15,2.687146,3,d19_detour,13,19,closed,0.0,2.8499999999999996
2.94,6,2.694706,3,d15_direct,12,15,open,1.0,2.94
2.85,15,2.707483,3,d19_detour,13,19,closed,0.0,2.8499999999999996
2.94,6,2.715025,3,d15_direct,12,15,open,1.0,2.94
2.94,6,2.722758,3,d15_direct,12,15,open,1.0,2.94
1.47,3,2.728997,3,d17_medium,13,17,closed,0.0,1.47
2.94,6,2.736633,3,d15_direct,12,15,open,1.0,2.94
1.47,3,2.742834,3,d19_detour,13,19,closed,0.0,1.47
2.85,15,2.75651,3,d19_detour,13,19,closed,0.0,2.8499999999999996
2.85,15,2.769159,3,d19_detour,13,19,closed,0.0,2.8499999999999996
1.47,3,2.775414,3,d17_medium,13,17,closed,0.0,1.47
2.85,15,2.788088,3,d19_detour,13,19,closed,0.0,2.8499999999999996
1.47,3,2.794241,3,d17_medium,13,17,closed,0.0,1.47
2.94,6,2.801827,3,d15_direct,12,15,open,1.0,2.94
2.94,6,2.809299,3,d15_direct,12,15,open,1.0,2.94
1.47,3,2.815424,3,d19_detour,13,19,closed,0.0,1.47
1.47,3,2.821686,3,d19_detour,13,19,closed,0.0,1.47
2.91,9,2.831393,3,d17_medium,13,17,closed,0.0,2.91
2.91,9,2.841245,3,d17_medium,13,17,closed,0.0,2.91
2.85,15,2.854294,3,d19_detour,13,19,closed,0.0,2.8499999999999996
1.47,3,2.860279,3,d15_direct,12,15,open,1.0,1.47
2.94,6,2.867832,3,d15_direct,12,15,open,1.0,2.94
2.91,9,2.877707,3,d17_medium,13,17,closed,0.0,2.91
2.85,10,2.887736,3,d17_medium,13,17,closed,0.0,2.8499999999999996
2.94,6,2.895242,3,d15_direct,12,15,open,1.0,2.94
2.94,6,2.902821,3,d15_direct,12,15,open,1.0,2.94
2.85,15,2.915446,3,d19_detour,13,19,closed,0.0,2.8499999999999996
2.94,6,2.923962,3,d15_direct,12,15,open,1.0,2.94
2.85,10,2.934553,3,d17_medium,13,17,closed,0.0,2.8499999999999996
1.47,3,2.940748,3,d19_detour,13,19,closed,0.0,1.47
0.84,16,2.954111,3,d19_detour,13,19,closed,0.0,0.8399999999999999
2.85,15,2.966972,3,d19_detour,13,19,closed,0.0,2.8499999999999996
1.47,3,2.973252,3,d19_detour,13,19,closed,0.0,1.47
1.47,3,2.979166,3,d15_direct,12,15,open,1.0,1.47
1.47,3,2.985264,3,d15_direct,12,15,open,1.0,1.47
2.91,9,2.994984,3,d17_medium,13,17,closed,0.0,2.91
2.85,15,3.007649,3,d19_detour,13,19,closed,0.0,2.8499999999999996
2.94,6,3.015116,3,d15_direct,12,15,open,1.0,2.94
2.85,15,3.02769,3,d19_detour,13,19,closed,0.0,2.8499999999999996
2.94,6,3.035329,3,d15_direct,12,15,open,1.0,2.94
1.47,3,3.041225,3,d15_direct,12,15,open,1.0,1.47
2.85,15,3.054463,3,d19_detour,13,19,closed,0.0,2.8499999999999996
2.91,9,3.063979,3,d17_medium,13,17,closed,0.0,2.91
1.47,3,3.070282,3,d17_medium,13,17,closed,0.0,1.47
2.94,6,3.077795,3,d15_direct,12,15,open,1.0,2.94
1.47,3,3.083632,3,d15_direct,12,15,open,1.0,1.47
2.91,9,3.093284,3,d17_medium,13,17,closed,0.0,2.91
2.85,15,3.105951,3,d19_detour,13,19,closed,0.0,2.8499999999999996
2.94,6,3.113983,3,d15_direct,12,15,open,1.0,2.94
2.91,9,3.123946,3,d17_medium,13,17,closed,0.0,2.91
2.91,9,3.13427,4,d17_medium,13,17,closed,0.0,2.91
2.82,18,3.148331,4,d19_detour,12,19,closed,0.0,2.82
0.77,13,3.159646,4,d17_medium,12,17,closed,0.0,0.7699999999999998
1.47,3,3.166015,4,d19_detour,12,19,closed,0.0,1.47
1.47,3,3.172523,4,d17_medium,12,17,closed,0.0,1.47
2.82,18,3.186953,4,d19_detour,12,19,closed,0.0,2.82
1.47,3,3.193014,4,d19_detour,12,19,closed,0.0,1.47
2.88,12,3.203969,4,d17_medium,12,17,closed,0.0,2.88
1.47,3,3.209904,4,d19_detour,12,19,closed,0.0,1.47
2.94,6,3.217614,4,d15_direct,12,15,open,1.0,2.94
2.88,12,3.228496,4,d17_medium,12,17,closed,0.0,2.88
2.82,18,3.24251,4,d19_detour,12,19,closed,0.0,2.82
0.75,15,3.254992,4,d17_medium,12,17,closed,0.0,0.7499999999999998
2.94,6,3.263367,4,d15_direct,12,15,open,1.0,2.94
2.82,13,3.274888,4,d17_medium,12,17,closed,0.0,2.82
2.82,18,3.288904,4,d19_detour,12,19,closed,0.0,2.82
2.82,18,3.303089,4,d19_detour,12,19,closed,0.0,2.82
2.82,18,3.317481,4,d19_detour,12,19,closed,0.0,2.82
2.94,6,3.325032,4,d15_direct,12,15,open,1.0,2.94
2.82,18,3.339176,4,d19_detour,12,19,closed,0.0,2.82
1.47,3,3.345203,4,d15_direct,12,15,open,1.0,1.47
2.88,12,3.575646,4,d17_medium,12,17,closed,0.0,2.88
2.94,6,3.583366,4,d15_direct,12,15,open,1.0,2.94
2.94,6,3.59087,4,d15_direct,12,15,open,1.0,2.94
2.94,6,3.59836,4,d15_direct,12,15,open,1.0,2.94
1.47,3,3.6043,4,d19_detour,12,19,closed,0.0,1.47
2.94,6,3.611811,4,d15_direct,12,15,open,1.0,2.94
2.82,13,3.62328,4,d17_medium,12,17,closed,0.0,2.82
2.82,18,3.637312,4,d19_detour,12,19,closed,0.0,2.82
2.82,18,3.651391,4,d19_detour,12,19,closed,0.0,2.82
2.82,18,3.665574,4,d19_detour,12,19,closed,0.0,2.82
2.88,12,3.676415,4,d17_medium,12,17,closed,0.0,2.88
2.88,12,3.687454,4,d17_medium,12,17,closed,0.0,2.88
2.94,6,3.694958,4,d15_direct,12,15,open,1.0,2.94
2.94,6,3.702667,4,d15_direct,12,15,open,1.0,2.94
2.94,6,3.710205,4,d15_direct,12,15,open,1.0,2.94
2.94,6,3.718651,4,d15_direct,12,15,open,1.0,2.94
2.88,12,3.72966,4,d17_medium,12,17,closed,0.0,2.88
2.82,18,3.743702,4,d19_detour,12,19,closed,0.0,2.82
1.47,3,3.749791,4,d17_medium,12,17,closed,0.0,1.47
2.88,12,3.761397,4,d17_medium,12,17,closed,0.0,2.88
2.82,18,3.7755,4,d19_detour,12,19,closed,0.0,2.82
2.94,6,3.783069,4,d15_direct,12,15,open,1.0,2.94
2.82,13,3.794641,4,d17_medium,12,17,closed,0.0,2.82
2.94,6,3.802251,4,d15_direct,12,15,open,1.0,2.94
1.47,3,3.808245,4,d19_detour,12,19,closed,0.0,1.47
2.88,12,3.819128,4,d17_medium,12,17,closed,0.0,2.88
1.47,3,3.825209,4,d19_detour,12,19,closed,0.0,1.47
2.82,18,3.839432,4,d19_detour,12,19,closed,0.0,2.82
2.94,6,3.846934,4,d15_direct,12,15,open,1.0,2.94
1.47,3,3.852962,4,d15_direct,12,15,open,1.0,1.47
1.47,3,3.858979,4,d17_medium,12,17,closed,0.0,1.47
2.82,18,3.873213,4,d19_detour,12,19,closed,0.0,2.82
1.47,3,3.879241,4,d17_medium,12,17,closed,0.0,1.47
2.88,12,3.890292,5,d17_medium,12,17,closed,0.0,2.88
1.47,3,3.89598,5,d15_direct,11,15,open,1.0,1.47
2.85,15,3.908229,5,d17_medium,11,17,closed,0.0,2.8499999999999996
2.91,9,3.917318,5,d15_direct,11,15,open,1.0,2.91
2.79,21,3.933245,5,d19_detour,11,19,closed,0.0,2.79
2.85,15,3.945659,5,d17_medium,11,17,closed,0.0,2.8499999999999996
2.79,21,3.961281,5,d19_detour,11,19,closed,0.0,2.79
2.85,15,3.973535,5,d17_medium,11,17,closed,0.0,2.8499999999999996
2.79,21,3.988736,5,d19_detour,11,19,closed,0.0,2.79
2.85,15,4.000885,5,d17_medium,11,17,closed,0.0,2.8499999999999996
2.85,15,4.013459,5,d17_medium,11,17,closed,0.0,2.8499999999999996
2.85,15,4.025855,5,d17_medium,11,17,closed,0.0,2.8499999999999996
2.91,9,4.034735,5,d15_direct,11,15,open,1.0,2.91
2.85,15,4.047638,5,d17_medium,11,17,closed,0.0,2.8499999999999996
2.91,9,4.056767,5,d15_direct,11,15,open,1.0,2.91
2.85,15,4.069508,5,d17_medium,11,17,closed,0.0,2.8499999999999996
2.79,21,4.085075,5,d19_detour,11,19,closed,0.0,2.79
2.85,15,4.097548,5,d17_medium,11,17,closed,0.0,2.8499999999999996
2.91,9,4.106423,5,d15_direct,11,15,open,1.0,2.91
1.47,3,4.11215,5,d17_medium,11,17,closed,0.0,1.47
2.91,9,4.121282,5,d15_direct,11,15,open,1.0,2.91
2.79,21,4.137408,5,d19_detour,11,19,closed,0.0,2.79
2.85,15,4.149822,5,d17_medium,11,17,closed,0.0,2.8499999999999996
1.47,3,4.15544,5,d15_direct,11,15,open,1.0,1.47
2.79,21,4.170988,5,d19_detour,11,19,closed,0.0,2.79
2.79,21,4.186726,5,d19_detour,11,19,closed,0.0,2.79
2.91,9,4.196135,5,d15_direct,11,15,open,1.0,2.91
2.85,15,4.208797,5,d17_medium,11,17,closed,0.0,2.8499999999999996
1.47,3,4.214543,5,d15_direct,11,15,open,1.0,1.47
2.85,15,4.226616,5,d17_medium,11,17,closed,0.0,2.8499999999999996
2.79,21,4.242157,5,d19_detour,11,19,closed,0.0,2.79
0.74,16,4.254986,5,d17_medium,11,17,closed,0.0,0.7399999999999998
2.85,15,4.267519,5,d17_medium,11,17,closed,0.0,2.8499999999999996
2.91,9,4.276829,5,d15_direct,11,15,open,1.0,2.91
1.47,3,4.282611,5,d15_direct,11,15,open,1.0,1.47
2.91,9,4.291427,5,d15_direct,11,15,open,1.0,2.91
2.91,9,4.30036,5,d15_direct,11,15,open,1.0,2.91
2.79,21,4.3155,5,d19_detour,11,19,closed,0.0,2.79
2.85,15,4.327762,5,d17_medium,11,17,closed,0.0,2.8499999999999996
2.79,21,4.343008,5,d19_detour,11,19,closed,0.0,2.79
2.79,21,4.358329,5,d19_detour,11,19,closed,0.0,2.79
0.63,22,4.374069,5,d19_detour,11,19,closed,0.0,0.6299999999999999
1.47,3,4.379745,5,d19_detour,11,19,closed,0.0,1.47
2.91,9,4.38866,5,d15_direct,11,15,open,1.0,2.91
1.47,3,4.394256,5,d17_medium,11,17,closed,0.0,1.47
2.85,15,4.406434,5,d17_medium,11,17,closed,0.0,2.8499999999999996
2.91,9,4.415231,5,d15_direct,11,15,open,1.0,2.91
2.79,21,4.431035,5,d19_detour,11,19,closed,0.0,2.79
2.85,15,4.444032,5,d17_medium,11,17,closed,0.0,2.8499999999999996
1.47,3,4.44961,5,d17_medium,11,17,closed,0.0,1.47
2.91,9,4.458376,5,d15_direct,11,15,open,1.0,2.91
2.91,9,4.467301,5,d15_direct,11,15,open,1.0,2.91
2.79,21,4.483154,5,d19_detour,11,19,closed,0.0,2.79
2.79,21,4.498296,5,d19_detour,11,19,closed,0.0,2.79
1.47,3,4.50416,5,d15_direct,11,15,open,1.0,1.47
2.91,9,4.513244,6,d15_direct,11,15,open,1.0,2.91
2.82,18,4.526913,6,d17_medium,10,17,closed,0.0,2.82
2.88,12,4.537318,6,d15_direct,10,15,open,1.0,2.88
2.82,18,4.55106,6,d17_medium,10,17,closed,0.0,2.82
2.7,25,4.568393,6,d19_detour,10,19,closed,0.0,2.6999999999999997
1.47,3,4.573729,6,d17_medium,10,17,closed,0.0,1.47
1.47,3,4.579154,6,d19_detour,10,19,closed,0.0,1.47
1.47,3,4.584634,6,d19_detour,10,19,closed,0.0,1.47
2.88,12,4.595045,6,d15_direct,10,15,open,1.0,2.88
0.71,19,4.609208,6,d17_medium,10,17,closed,0.0,0.7099999999999997
1.47,3,4.614569,6,d15_direct,10,15,open,1.0,1.47
2.82,18,4.628467,6,d17_medium,10,17,closed,0.0,2.82
1.47,3,4.633836,6,d17_medium,10,17,closed,0.0,1.47
1.47,3,4.639244,6,d15_direct,10,15,open,1.0,1.47
2.82,18,4.653078,6,d17_medium,10,17,closed,0.0,2.82
2.82,18,4.666696,6,d17_medium,10,17,closed,0.0,2.82
2.76,24,4.683427,6,d19_detour,10,19,closed,0.0,2.76
2.82,18,4.69712,6,d17_medium,10,17,closed,0.0,2.82
2.82,18,4.710649,6,d17_medium,10,17,closed,0.0,2.82
2.88,12,4.72089,6,d15_direct,10,15,open,1.0,2.88
2.88,12,4.731176,6,d15_direct,10,15,open,1.0,2.88
2.88,12,4.741482,6,d15_direct,10,15,open,1.0,2.88
1.47,3,4.746824,6,d19_detour,10,19,closed,0.0,1.47
2.82,18,4.760504,6,d17_medium,10,17,closed,0.0,2.82
2.88,12,4.770919,6,d15_direct,10,15,open,1.0,2.88
2.7,25,4.788264,6,d19_detour,10,19,closed,0.0,2.6999999999999997
0.71,19,4.802492,6,d17_medium,10,17,closed,0.0,0.7099999999999997
2.88,12,4.812888,6,d15_direct,10,15,open,1.0,2.88
2.76,24,4.829733,6,d19_detour,10,19,closed,0.0,2.76
2.82,13,4.840507,6,d15_direct,10,15,open,1.0,2.82
2.88,12,4.850917,6,d15_direct,10,15,open,1.0,2.88
2.82,18,4.864528,6,d17_medium,10,17,closed,0.0,2.82
2.88,12,4.874825,6,d15_direct,10,15,open,1.0,2.88
0.72,13,4.885798,6,d15_direct,10,15,open,1.0,0.7199999999999998
2.82,18,4.899657,6,d17_medium,10,17,closed,0.0,2.82
2.82,18,4.913851,6,d17_medium,10,17,closed,0.0,2.82
1.47,3,4.919347,6,d15_direct,10,15,open,1.0,1.47
2.82,18,4.932889,6,d17_medium,10,17,closed,0.0,2.82
2.88,12,4.943081,6,d15_direct,10,15,open,1.0,2.88
2.76,24,4.959657,6,d19_detour,10,19,closed,0.0,2.76
2.88,12,4.969989,6,d15_direct,10,15,open,1.0,2.88
2.76,24,4.987125,6,d19_detour,10,19,closed,0.0,2.76
1.47,3,4.992548,6,d17_medium,10,17,closed,0.0,1.47
2.76,24,5.009831,6,d19_detour,10,19,closed,0.0,2.76
2.88,12,5.020074,6,d15_direct,10,15,open,1.0,2.88
1.47,3,5.025382,6,d17_medium,10,17,closed,0.0,1.47
2.76,19,5.039317,6,d17_medium,10,17,closed,0.0,2.76
1.47,3,5.044698,6,d17_medium,10,17,closed,0.0,1.47
2.76,24,5.062053,6,d19_detour,10,19,closed,0.0,2.76
2.88,12,5.072271,6,d15_direct,10,15,open,1.0,2.88
2.82,18,5.086954,6,d17_medium,10,17,closed,0.0,2.82
2.88,12,5.097185,6,d15_direct,10,15,open,1.0,2.88
1.47,3,5.102688,6,d15_direct,10,15,open,1.0,1.47
1.47,3,5.108092,6,d19_detour,10,19,closed,0.0,1.47
2.88,12,5.118356,6,d15_direct,10,15,open,1.0,2.88
2.88,12,5.128526,6,d15_direct,10,15,open,1.0,2.88
1.47,3,5.133959,6,d17_medium,10,17,closed,0.0,1.47
1.47,3,5.139266,6,d17_medium,10,17,closed,0.0,1.47
1.47,3,5.144958,6,d19_detour,10,19,closed,0.0,1.47
2.82,18,5.158529,6,d17_medium,10,17,closed,0.0,2.82
2.76,24,5.175536,6,d19_detour,10,19,closed,0.0,2.76
2.76,24,5.192134,6,d19_detour,10,19,closed,0.0,2.76
1.47,3,5.197419,6,d17_medium,10,17,closed,0.0,1.47
2.76,24,5.214095,6,d19_detour,10,19,closed,0.0,2.76
2.88,12,5.224336,6,d15_direct,10,15,open,1.0,2.88
2.82,18,5.237772,6,d17_medium,10,17,closed,0.0,2.82
1.47,3,5.243234,6,d17_medium,10,17,closed,0.0,1.47
2.82,18,5.256822,6,d17_medium,10,17,closed,0.0,2.82
1.47,3,5.262201,6,d19_detour,10,19,closed,0.0,1.47
2.76,19,5.277509,6,d17_medium,10,17,closed,0.0,2.76
2.88,12,5.287809,6,d15_direct,10,15,open,1.0,2.88
1.47,3,5.293234,6,d17_medium,10,17,closed,0.0,1.47
2.76,24,5.309986,6,d19_detour,10,19,closed,0.0,2.76
1.47,3,5.315666,6,d17_medium,10,17,closed,0.0,1.47
2.82,18,5.329931,6,d17_medium,10,17,closed,0.0,2.82
1.47,3,5.335379,6,d17_medium,10,17,closed,0.0,1.47
2.82,18,5.348822,6,d17_medium,10,17,closed,0.0,2.82
2.76,24,5.582758,6,d19_detour,10,19,closed,0.0,2.76
0.81,19,5.59701,6,d17_medium,10,17,closed,0.0,0.8099999999999998
1.47,3,5.602785,6,d19_detour,10,19,closed,0.0,1.47
1.47,3,5.608249,6,d19_detour,10,19,closed,0.0,1.47
0.81,19,5.623158,6,d17_medium,10,17,closed,0.0,0.8099999999999998
1.47,3,5.628568,6,d15_direct,10,15,open,1.0,1.47
0.81,19,5.642905,6,d17_medium,10,17,closed,0.0,0.8099999999999998
2.82,18,5.656648,6,d17_medium,10,17,closed,0.0,2.82
2.82,18,5.670337,6,d17_medium,10,17,closed,0.0,2.82
2.88,12,5.680761,6,d15_direct,10,15,open,1.0,2.88
1.47,3,5.686188,6,d17_medium,10,17,closed,0.0,1.47
2.88,12,5.696519,6,d15_direct,10,15,open,1.0,2.88
2.82,18,5.710253,6,d17_medium,10,17,closed,0.0,2.82
2.76,24,5.727469,7,d19_detour,10,19,closed,0.0,2.76
1.47,3,5.732838,7,d19_detour,9,19,closed,0.0,1.47
2.85,15,5.744431,7,d15_direct,9,15,open,1.0,2.8499999999999996
2.19,21,5.759502,7,d17_medium,9,17,closed,0.0,2.19
2.73,27,5.77796,7,d19_detour,9,19,closed,0.0,2.7299999999999995
2.85,15,5.789664,7,d15_direct,9,15,open,1.0,2.8499999999999996
2.73,27,5.807672,7,d19_detour,9,19,closed,0.0,2.7299999999999995
2.19,21,5.822802,7,d17_medium,9,17,closed,0.0,2.19
0.87,3,5.827839,7,d17_medium,9,17,closed,0.0,0.8699999999999999
2.73,27,5.845966,7,d19_detour,9,19,closed,0.0,2.7299999999999995
2.73,27,5.864361,7,d19_detour,9,19,closed,0.0,2.7299999999999995
0.84,16,5.876499,7,d15_direct,9,15,open,1.0,0.8399999999999999
1.47,3,5.881836,7,d15_direct,9,15,open,1.0,1.47
2.73,27,5.900106,7,d19_detour,9,19,closed,0.0,2.7299999999999995
2.19,21,5.914913,7,d17_medium,9,17,closed,0.0,2.19
2.73,17,5.927672,7,d15_direct,9,15,open,1.0,2.7299999999999995
2.19,21,5.942526,7,d17_medium,9,17,closed,0.0,2.19
2.79,16,5.95454,7,d15_direct,9,15,open,1.0,2.79
2.73,27,5.972324,7,d19_detour,9,19,closed,0.0,2.7299999999999995
2.85,15,5.984142,7,d15_direct,9,15,open,1.0,2.8499999999999996
1.47,3,5.989232,7,d19_detour,9,19,closed,0.0,1.47
2.85,15,6.001011,7,d15_direct,9,15,open,1.0,2.8499999999999996
2.85,15,6.012511,7,d15_direct,9,15,open,1.0,2.8499999999999996
0.87,3,6.017519,7,d17_medium,9,17,closed,0.0,0.8699999999999999
0.18,22,6.032859,7,d17_medium,9,17,closed,0.0,0.17999999999999994
0.87,3,6.03802,7,d17_medium,9,17,closed,0.0,0.8699999999999999
2.67,28,6.056232,7,d19_detour,9,19,closed,0.0,2.67
2.73,27,6.074307,7,d19_detour,9,19,closed,0.0,2.7299999999999995
2.13,22,6.091362,7,d17_medium,9,17,closed,0.0,2.13
2.73,27,6.113597,7,d19_detour,9,19,closed,0.0,2.7299999999999995
2.73,27,6.136503,7,d19_detour,9,19,closed,0.0,2.7299999999999995
2.19,21,6.152347,7,d17_medium,9,17,closed,0.0,2.19
2.19,21,6.167445,7,d17_medium,9,17,closed,0.0,2.19
2.73,27,6.185871,7,d19_detour,9,19,closed,0.0,2.7299999999999995
2.85,15,6.197121,7,d15_direct,9,15,open,1.0,2.8499999999999996
0.18,22,6.212136,7,d17_medium,9,17,closed,0.0,0.17999999999999994
0.87,3,6.217082,7,d17_medium,9,17,closed,0.0,0.8699999999999999
2.19,21,6.231769,7,d17_medium,9,17,closed,0.0,2.19
2.85,15,6.243193,7,d15_direct,9,15,open,1.0,2.8499999999999996
-3.84,24,6.25988,7,d17_medium,9,17,closed,0.0,-3.839999999999999
2.79,16,6.271631,7,d15_direct,9,15,open,1.0,2.79
2.73,27,6.290045,7,d19_detour,9,19,closed,0.0,2.7299999999999995
2.85,15,6.301375,7,d15_direct,9,15,open,1.0,2.8499999999999996
1.47,3,6.306304,7,d19_detour,9,19,closed,0.0,1.47
2.73,27,6.323884,7,d19_detour,9,19,closed,0.0,2.7299999999999995
2.73,27,6.341476,7,d19_detour,9,19,closed,0.0,2.7299999999999995
-1.83,23,6.357583,7,d17_medium,9,17,closed,0.0,-1.829999999999999
2.79,16,6.369873,7,d15_direct,9,15,open,1.0,2.79
1.47,3,6.374887,7,d19_detour,9,19,closed,0.0,1.47
2.85,15,6.386277,7,d15_direct,9,15,open,1.0,2.8499999999999996
2.73,27,6.404005,7,d19_detour,9,19,closed,0.0,2.7299999999999995
1.47,3,6.409055,7,d15_direct,9,15,open,1.0,1.47
2.73,27,6.427252,7,d19_detour,9,19,closed,0.0,2.7299999999999995
1.47,3,6.432443,7,d15_direct,9,15,open,1.0,1.47
2.73,27,6.450457,7,d19_detour,9,19,closed,0.0,2.7299999999999995
0.18,22,6.467,7,d17_medium,9,17,closed,0.0,0.17999999999999994
2.13,22,6.48239,8,d17_medium,9,17,closed,0.0,2.13
1.47,3,6.487212,8,d15_direct,8,15,open,1.0,1.47
0.15,25,6.504006,8,d17_medium,8,17,closed,0.0,0.1499999999999999
1.47,3,6.508703,8,d19_detour,8,19,closed,0.0,1.47
1.47,3,6.513447,8,d15_direct,8,15,open,1.0,1.47
1.47,3,6.518177,8,d17_medium,8,17,closed,0.0,1.47
2.16,24,6.534788,8,d17_medium,8,17,closed,0.0,2.16
2.64,31,6.554703,8,d19_detour,8,19,closed,0.0,2.6399999999999997
2.82,18,6.567614,8,d15_direct,8,15,open,1.0,2.82
2.82,18,6.580839,8,d15_direct,8,15,open,1.0,2.82
2.7,30,6.600179,8,d19_detour,8,19,closed,0.0,2.6999999999999997
2.76,19,6.614017,8,d15_direct,8,15,open,1.0,2.76
2.82,18,6.627131,8,d15_direct,8,15,open,1.0,2.82
0.81,19,6.64094,8,d15_direct,8,15,open,1.0,0.8099999999999998
2.82,18,6.653945,8,d15_direct,8,15,open,1.0,2.82
1.47,3,6.65873,8,d15_direct,8,15,open,1.0,1.47
2.16,24,6.674962,8,d17_medium,8,17,closed,0.0,2.16
2.64,31,6.69811,8,d19_detour,8,19,closed,0.0,2.6399999999999997
0.15,25,6.716134,8,d17_medium,8,17,closed,0.0,0.1499999999999999
1.47,3,6.720876,8,d17_medium,8,17,closed,0.0,1.47
2.16,24,6.736941,8,d17_medium,8,17,closed,0.0,2.16
1.47,3,6.741572,8,d17_medium,8,17,closed,0.0,1.47
2.7,30,6.761086,8,d19_detour,8,19,closed,0.0,2.6999999999999997
2.82,18,6.773734,8,d15_direct,8,15,open,1.0,2.82
0.81,19,6.786896,8,d15_direct,8,15,open,1.0,0.8099999999999998
2.82,18,6.800573,8,d15_direct,8,15,open,1.0,2.82
2.82,18,6.813216,8,d15_direct,8,15,open,1.0,2.82
0.81,19,6.82693,8,d15_direct,8,15,open,1.0,0.8099999999999998
2.82,18,6.839697,8,d15_direct,8,15,open,1.0,2.82
2.7,30,6.858861,8,d19_detour,8,19,closed,0.0,2.6999999999999997
0.15,25,6.875282,8,d17_medium,8,17,closed,0.0,0.1499999999999999
2.82,18,6.888685,8,d15_direct,8,15,open,1.0,2.82
2.7,30,6.907776,8,d19_detour,8,19,closed,0.0,2.6999999999999997
2.7,20,6.921452,8,d15_direct,8,15,open,1.0,2.6999999999999997
2.82,18,6.934246,8,d15_direct,8,15,open,1.0,2.82
1.47,3,6.938995,8,d17_medium,8,17,closed,0.0,1.47
1.47,3,6.943747,8,d15_direct,8,15,open,1.0,1.47
0.81,19,6.957304,8,d15_direct,8,15,open,1.0,0.8099999999999998
2.7,30,6.976675,8,d19_detour,8,19,closed,0.0,2.6999999999999997
1.47,3,6.981375,8,d17_medium,8,17,closed,0.0,1.47
1.47,3,6.986512,8,d19_detour,8,19,closed,0.0,1.47
2.76,19,7.00055,8,d15_direct,8,15,open,1.0,2.76
1.47,3,7.005279,8,d15_direct,8,15,open,1.0,1.47
1.47,3,7.009832,8,d17_medium,8,17,closed,0.0,1.47
0.15,25,7.026389,8,d17_medium,8,17,closed,0.0,0.1499999999999999
0.15,25,7.042945,8,d17_medium,8,17,closed,0.0,0.1499999999999999
0.15,25,7.060002,8,d17_medium,8,17,closed,0.0,0.1499999999999999
1.47,3,7.064821,8,d17_medium,8,17,closed,0.0,1.47
0.15,25,7.082503,8,d17_medium,8,17,closed,0.0,0.1499999999999999
2.82,18,7.096358,8,d15_direct,8,15,open,1.0,2.82
2.7,30,7.334294,8,d19_detour,8,19,closed,0.0,2.6999999999999997
1.47,3,7.339109,8,d19_detour,8,19,closed,0.0,1.47
2.7,30,7.358302,8,d19_detour,8,19,closed,0.0,2.6999999999999997
2.82,18,7.371337,8,d15_direct,8,15,open,1.0,2.82
2.7,30,7.390706,8,d19_detour,8,19,closed,0.0,2.6999999999999997
2.64,31,7.410442,8,d19_detour,8,19,closed,0.0,2.6399999999999997
0.81,19,7.423858,8,d15_direct,8,15,open,1.0,0.8099999999999998
2.7,30,7.443485,8,d19_detour,8,19,closed,0.0,2.6999999999999997
1.47,3,7.448935,8,d17_medium,8,17,closed,0.0,1.47
2.16,24,7.465214,8,d17_medium,8,17,closed,0.0,2.16
1.47,3,7.469793,8,d17_medium,8,17,closed,0.0,1.47
2.16,24,7.485404,8,d17_medium,8,17,closed,0.0,2.16
2.7,30,7.506151,8,d19_detour,8,19,closed,0.0,2.6999999999999997
2.76,19,7.519587,8,d15_direct,8,15,open,1.0,2.76
2.7,30,7.539229,8,d19_detour,8,19,closed,0.0,2.6999999999999997
2.16,24,7.555332,8,d17_medium,8,17,closed,0.0,2.16
1.47,3,7.559988,8,d19_detour,8,19,closed,0.0,1.47
2.7,30,7.58026,8,d19_detour,8,19,closed,0.0,2.6999999999999997
2.82,18,7.593236,8,d15_direct,8,15,open,1.0,2.82
2.7,30,7.61258,8,d19_detour,8,19,closed,0.0,2.6999999999999997
2.7,30,7.632416,8,d19_detour,8,19,closed,0.0,2.6999999999999997
0.76,19,7.646323,8,d15_direct,8,15,open,1.0,0.7599999999999998
2.16,24,7.662658,9,d17_medium,8,17,closed,0.0,2.16
0.12,28,7.680832,9,d17_medium,7,17,closed,0.0,0.11999999999999988
2.67,33,7.701522,9,d19_detour,7,19,closed,0.0,2.67
2.79,21,7.716558,9,d15_direct,7,15,open,1.0,2.79
0.12,28,7.734832,9,d17_medium,7,17,closed,0.0,0.11999999999999988
2.67,33,7.756696,9,d19_detour,7,19,closed,0.0,2.67
0.12,28,7.77484,9,d17_medium,7,17,closed,0.0,0.11999999999999988
2.13,27,7.792529,9,d17_medium,7,17,closed,0.0,2.13
2.79,21,7.807496,9,d15_direct,7,15,open,1.0,2.79
2.67,33,7.82853,9,d19_detour,7,19,closed,0.0,2.67
1.47,3,7.833463,9,d17_medium,7,17,closed,0.0,1.47
2.13,27,7.850859,9,d17_medium,7,17,closed,0.0,2.13
2.13,27,7.872817,9,d17_medium,7,17,closed,0.0,2.13
2.73,22,7.891679,9,d15_direct,7,15,open,1.0,2.7299999999999995
0.56,34,7.915864,9,d19_detour,7,19,closed,0.0,0.5599999999999997
2.13,27,7.93332,9,d17_medium,7,17,closed,0.0,2.13
2.13,27,7.950766,9,d17_medium,7,17,closed,0.0,2.13
1.47,3,7.955059,9,d17_medium,7,17,closed,0.0,1.47
2.13,27,7.972128,9,d17_medium,7,17,closed,0.0,2.13
2.67,33,7.992505,9,d19_detour,7,19,closed,0.0,2.67
0.78,22,8.007731,9,d15_direct,7,15,open,1.0,0.7799999999999998
2.67,33,8.027916,9,d19_detour,7,19,closed,0.0,2.67
2.67,33,8.048217,9,d19_detour,7,19,closed,0.0,2.67
2.13,27,8.065298,9,d17_medium,7,17,closed,0.0,2.13
0.12,28,8.083387,9,d17_medium,7,17,closed,0.0,0.11999999999999988
1.47,3,8.088678,9,d19_detour,7,19,closed,0.0,1.47
0.12,28,8.106892,9,d17_medium,7,17,closed,0.0,0.11999999999999988
2.79,21,8.122946,9,d15_direct,7,15,open,1.0,2.79
2.79,21,8.137259,9,d15_direct,7,15,open,1.0,2.79
1.47,3,8.141667,9,d19_detour,7,19,closed,0.0,1.47
2.79,21,8.155815,9,d15_direct,7,15,open,1.0,2.79
2.67,33,8.17718,9,d19_detour,7,19,closed,0.0,2.67
2.67,33,8.198041,9,d19_detour,7,19,closed,0.0,2.67
0.78,22,8.213012,9,d15_direct,7,15,open,1.0,0.7799999999999998
2.79,21,8.227381,9,d15_direct,7,15,open,1.0,2.79
2.67,33,8.248364,9,d19_detour,7,19,closed,0.0,2.67
1.47,3,8.252716,9,d17_medium,7,17,closed,0.0,1.47
2.61,34,8.273942,9,d19_detour,7,19,closed,0.0,2.6099999999999994
2.79,21,8.288155,9,d15_direct,7,15,open,1.0,2.79
2.79,21,8.302373,9,d15_direct,7,15,open,1.0,2.79
2.67,33,8.323961,9,d19_detour,7,19,closed,0.0,2.67
1.47,3,8.328306,9,d19_detour,7,19,closed,0.0,1.47
2.73,22,8.343064,9,d15_direct,7,15,open,1.0,2.7299999999999995
2.67,33,8.363801,9,d19_detour,7,19,closed,0.0,2.67
2.13,27,8.380775,9,d17_medium,7,17,closed,0.0,2.13
1.47,3,8.385087,9,d17_medium,7,17,closed,0.0,1.47
2.07,28,8.402647,9,d17_medium,7,17,closed,0.0,2.07
2.67,33,8.422499,9,d19_detour,7,19,closed,0.0,2.67
2.79,21,8.436864,9,d15_direct,7,15,open,1.0,2.79
2.67,33,8.457473,9,d19_detour,7,19,closed,0.0,2.67
2.07,28,8.475651,9,d17_medium,7,17,closed,0.0,2.07
2.67,33,8.497054,9,d19_detour,7,19,closed,0.0,2.67
2.79,21,8.511585,10,d15_direct,7,15,open,1.0,2.79
2.7,25,8.52808,10,d15_direct,6,15,open,1.0,2.6999999999999997
2.64,36,8.550347,10,d19_detour,6,19,closed,0.0,2.6399999999999997
1.47,3,8.554329,10,d19_detour,6,19,closed,0.0,1.47
2.1,30,8.573432,10,d17_medium,6,17,closed,0.0,2.0999999999999996
2.64,36,8.5954,10,d19_detour,6,19,closed,0.0,2.6399999999999997
2.76,24,8.610898,10,d15_direct,6,15,open,1.0,2.76
2.76,24,8.626998,10,d15_direct,6,15,open,1.0,2.76
1.47,3,8.6317,10,d19_detour,6,19,closed,0.0,1.47
2.64,36,8.654086,10,d19_detour,6,19,closed,0.0,2.6399999999999997
2.1,30,8.673317,10,d17_medium,6,17,closed,0.0,2.0999999999999996
2.64,36,8.695947,10,d19_detour,6,19,closed,0.0,2.6399999999999997
0.09,31,8.961057,10,d17_medium,6,17,closed,0.0,0.08999999999999986
2.76,24,8.976851,10,d15_direct,6,15,open,1.0,2.76
2.64,36,8.9989,10,d19_detour,6,19,closed,0.0,2.6399999999999997
2.76,24,9.01495,10,d15_direct,6,15,open,1.0,2.76
1.47,3,9.019147,10,d19_detour,6,19,closed,0.0,1.47
2.76,24,9.035005,10,d15_direct,6,15,open,1.0,2.76
2.76,24,9.051368,10,d15_direct,6,15,open,1.0,2.76
2.64,36,9.073729,10,d19_detour,6,19,closed,0.0,2.6399999999999997
2.76,24,9.089525,10,d15_direct,6,15,open,1.0,2.76
2.1,30,9.108463,10,d17_medium,6,17,closed,0.0,2.0999999999999996
2.1,30,9.12901,10,d17_medium,6,17,closed,0.0,2.0999999999999996
2.64,36,9.151737,10,d19_detour,6,19,closed,0.0,2.6399999999999997
2.76,24,9.167296,10,d15_direct,6,15,open,1.0,2.76
2.64,36,9.189357,10,d19_detour,6,19,closed,0.0,2.6399999999999997
1.47,3,9.193523,10,d15_direct,6,15,open,1.0,1.47
1.47,3,9.197646,10,d15_direct,6,15,open,1.0,1.47
2.1,30,9.21703,10,d17_medium,6,17,closed,0.0,2.0999999999999996
2.64,36,9.239071,10,d19_detour,6,19,closed,0.0,2.6399999999999997
2.1,30,9.257727,10,d17_medium,6,17,closed,0.0,2.0999999999999996
2.64,36,9.279961,10,d19_detour,6,19,closed,0.0,2.6399999999999997
0.72,28,9.297119,10,d19_detour,6,19,closed,0.0,0.7199999999999998
2.1,30,9.315544,10,d17_medium,6,17,closed,0.0,2.0999999999999996
1.47,3,9.319681,10,d15_direct,6,15,open,1.0,1.47
2.76,24,9.335293,10,d15_direct,6,15,open,1.0,2.76
1.47,3,9.339445,10,d15_direct,6,15,open,1.0,1.47
0.72,28,9.356894,10,d19_detour,6,19,closed,0.0,0.7199999999999998
1.47,3,9.360992,10,d15_direct,6,15,open,1.0,1.47
2.64,36,9.38326,10,d19_detour,6,19,closed,0.0,2.6399999999999997
2.76,24,9.398256,10,d15_direct,6,15,open,1.0,2.76
0.72,28,9.415324,10,d19_detour,6,19,closed,0.0,0.7199999999999998
1.47,3,9.419346,10,d19_detour,6,19,closed,0.0,1.47
2.64,36,9.440517,10,d19_detour,6,19,closed,0.0,2.6399999999999997
2.64,36,9.461835,10,d19_detour,6,19,closed,0.0,2.6399999999999997
1.47,3,9.465855,10,d19_detour,6,19,closed,0.0,1.47
2.76,24,9.481155,10,d15_direct,6,15,open,1.0,2.76
2.76,24,9.497033,10,d15_direct,6,15,open,1.0,2.76
2.1,30,9.515544,10,d17_medium,6,17,closed,0.0,2.0999999999999996
2.1,30,9.534004,10,d17_medium,6,17,closed,0.0,2.0999999999999996
-1.29,29,9.551665,10,d19_detour,6,19,closed,0.0,-1.2900000000000003
2.1,30,9.570827,10,d17_medium,6,17,closed,0.0,2.0999999999999996
2.7,25,9.586499,10,d15_direct,6,15,open,1.0,2.6999999999999997
2.1,30,9.604831,10,d17_medium,6,17,closed,0.0,2.0999999999999996
1.47,3,9.60883,10,d19_detour,6,19,closed,0.0,1.47
1.47,3,9.612857,10,d15_direct,6,15,open,1.0,1.47
2.76,24,9.628265,10,d15_direct,6,15,open,1.0,2.76
2.1,30,9.646695,10,d17_medium,6,17,closed,0.0,2.0999999999999996
2.64,36,9.668154,10,d19_detour,6,19,closed,0.0,2.6399999999999997
1.47,3,9.672295,10,d15_direct,6,15,open,1.0,1.47
2.1,30,9.690543,11,d17_medium,6,17,closed,0.0,2.0999999999999996
2.07,33,9.710991,11,d17_medium,5,17,closed,0.0,2.07
1.47,3,9.714739,11,d17_medium,5,17,closed,0.5,1.47
2.07,33,9.734381,11,d17_medium,5,17,closed,0.0,2.07
0.69,31,9.753935,11,d19_detour,5,19,closed,0.0,0.6899999999999998
0.31,29,9.771329,11,d17_medium,5,17,closed,0.0,0.30999999999999983
1.47,3,9.775196,11,d15_direct,5,15,open,1.0,1.47
1.47,3,9.779492,11,d17_medium,5,17,closed,0.5,1.47
1.47,3,9.78333,11,d19_detour,5,19,closed,0.5,1.47
-0.09,34,9.803286,11,d17_medium,5,17,closed,0.0,-0.09000000000000052
2.55,40,9.826522,11,d19_detour,5,19,closed,0.0,2.55
2.73,27,9.843502,11,d15_direct,5,15,open,1.0,2.7299999999999995
2.55,40,9.867024,11,d19_detour,5,19,closed,0.0,2.55
-1.95,35,9.887778,11,d17_medium,5,17,closed,0.0,-1.9499999999999982
1.47,3,9.891616,11,d19_detour,5,19,closed,0.5,1.47
2.73,27,9.907982,11,d15_direct,5,15,open,1.0,2.7299999999999995
1.47,3,9.911612,11,d19_detour,5,19,closed,0.5,1.47
2.07,33,9.931497,11,d17_medium,5,17,closed,0.0,2.07
0.69,31,9.950928,11,d19_detour,5,19,closed,0.0,0.6899999999999997
1.47,3,9.954613,11,d19_detour,5,19,closed,0.5,1.47
2.73,27,9.971015,11,d15_direct,5,15,open,1.0,2.7299999999999995
1.47,3,9.974866,11,d15_direct,5,15,open,1.0,1.47
0.06,34,9.995697,11,d17_medium,5,17,closed,0.0,0.05999999999999983
2.07,33,10.015575,11,d17_medium,5,17,closed,0.0,2.07
2.61,39,10.038511,11,d19_detour,5,19,closed,0.0,2.6099999999999994
2.73,27,10.054986,11,d15_direct,5,15,open,1.0,2.7299999999999995
2.01,34,10.075299,11,d17_medium,5,17,closed,0.0,2.01
2.67,28,10.094208,11,d15_direct,5,15,open,1.0,2.67
0.6,40,10.118505,11,d19_detour,5,19,closed,0.0,0.5999999999999999
2.07,33,10.138371,11,d17_medium,5,17,closed,0.0,2.07
1.47,3,10.142245,11,d15_direct,5,15,open,1.0,1.47
2.73,27,10.159291,11,d15_direct,5,15,open,1.0,2.7299999999999995
2.73,27,10.176046,11,d15_direct,5,15,open,1.0,2.7299999999999995
2.07,33,10.196062,11,d17_medium,5,17,closed,0.0,2.07
1.47,3,10.199857,11,d15_direct,5,15,open,1.0,1.47
1.47,3,10.20361,11,d19_detour,5,19,closed,0.5,1.47
1.47,3,10.207456,11,d17_medium,5,17,closed,0.5,1.47
1.47,3,10.211173,11,d17_medium,5,17,closed,0.5,1.47
-0.08,3,10.21506,11,d19_detour,5,19,closed,0.5,-0.08000000000000007
1.47,3,10.219231,11,d17_medium,5,17,closed,0.5,1.47
1.47,3,10.223161,11,d17_medium,5,17,closed,0.5,1.47
2.73,27,10.23975,11,d15_direct,5,15,open,1.0,2.7299999999999995
2.61,39,10.263611,11,d19_detour,5,19,closed,0.0,2.6099999999999994
1.47,3,10.267312,11,d17_medium,5,17,closed,0.5,1.47
1.47,3,10.271073,11,d19_detour,5,19,closed,0.5,1.47
0.62,28,10.527461,11,d15_direct,5,15,open,1.0,0.6199999999999999
2.73,27,10.544852,11,d15_direct,5,15,open,1.0,2.7299999999999995
2.73,27,10.561868,11,d15_direct,5,15,open,1.0,2.7299999999999995
2.61,39,10.584741,11,d19_detour,5,19,closed,0.0,2.6099999999999994
2.55,40,10.60771,11,d19_detour,5,19,closed,0.0,2.55
2.07,33,10.6272,11,d17_medium,5,17,closed,0.0,2.07
-0.09,34,10.647775,11,d17_medium,5,17,closed,0.0,-0.09000000000000052
0.69,31,10.666575,11,d19_detour,5,19,closed,0.0,0.6899999999999998
2.07,33,10.686868,11,d17_medium,5,17,closed,0.0,2.07
2.67,28,10.704365,11,d15_direct,5,15,open,1.0,2.67
-0.14,34,10.72472,11,d17_medium,5,17,closed,0.0,-0.14000000000000057
0.69,31,10.743149,11,d19_detour,5,19,closed,0.0,0.6899999999999997
1.47,3,10.746772,11,d19_detour,5,19,closed,0.5,1.47
2.61,39,10.769436,11,d19_detour,5,19,closed,0.0,2.6099999999999994
2.73,27,10.785705,11,d15_direct,5,15,open,1.0,2.7299999999999995
2.73,27,10.802603,11,d15_direct,5,15,open,1.0,2.7299999999999995
1.47,3,10.806821,11,d17_medium,5,17,closed,0.5,1.47
2.73,27,10.823316,11,d15_direct,5,15,open,1.0,2.7299999999999995
2.61,39,10.846011,11,d19_detour,5,19,closed,0.0,2.6099999999999994
2.61,39,10.869615,12,d19_detour,5,19,closed,0.0,2.6099999999999994
2.58,42,10.896315,12,d19_detour,4,19,closed,0.0,2.5799999999999996
1.47,3,10.900192,12,d17_medium,4,17,closed,0.5,1.47
2.58,42,10.925515,12,d19_detour,4,19,closed,0.0,2.5799999999999996
1.47,3,10.929699,12,d19_detour,4,19,closed,0.5,1.47
0.66,34,10.949717,12,d19_detour,4,19,closed,0.0,0.6599999999999997
-0.02,37,10.971242,12,d17_medium,4,17,closed,0.0,-0.02000000000000024
1.47,3,10.974755,12,d15_direct,4,15,open,1.0,1.47
2.7,30,10.993013,12,d15_direct,4,15,open,1.0,2.6999999999999997
1.47,3,10.996981,12,d15_direct,4,15,open,1.0,1.47
2.04,36,11.017802,12,d17_medium,4,17,closed,0.0,2.04
2.58,42,11.041507,12,d19_detour,4,19,closed,0.0,2.5799999999999996
2.58,42,11.065751,12,d19_detour,4,19,closed,0.0,2.5799999999999996
2.7,30,11.083766,12,d15_direct,4,15,open,1.0,2.6999999999999997
1.47,3,11.087449,12,d19_detour,4,19,closed,0.5,1.47
2.52,43,11.112354,12,d19_detour,4,19,closed,0.0,2.5199999999999996
2.58,42,11.135976,12,d19_detour,4,19,closed,0.0,2.5799999999999996
2.7,30,11.153284,12,d15_direct,4,15,open,1.0,2.6999999999999997
1.98,37,11.175217,12,d17_medium,4,17,closed,0.0,1.9799999999999998
0.03,37,11.196354,12,d17_medium,4,17,closed,0.0,0.029999999999999805
2.58,42,11.220212,12,d19_detour,4,19,closed,0.0,2.5799999999999996
1.47,3,11.22366,12,d15_direct,4,15,open,1.0,1.47
2.58,42,11.247891,12,d19_detour,4,19,closed,0.0,2.5799999999999996
2.7,30,11.265658,12,d15_direct,4,15,open,1.0,2.6999999999999997
1.47,3,11.269083,12,d17_medium,4,17,closed,0.5,1.47
2.58,42,11.292653,12,d19_detour,4,19,closed,0.0,2.5799999999999996
2.7,30,11.310153,12,d15_direct,4,15,open,1.0,2.6999999999999997
2.58,42,11.333889,12,d19_detour,4,19,closed,0.0,2.5799999999999996
2.7,30,11.351406,12,d15_direct,4,15,open,1.0,2.6999999999999997
2.58,42,11.375359,12,d19_detour,4,19,closed,0.0,2.5799999999999996
1.47,3,11.3787,12,d17_medium,4,17,closed,0.5,1.47
1.47,3,11.382071,12,d19_detour,4,19,closed,0.5,1.47
2.04,36,11.402776,12,d17_medium,4,17,closed,0.0,2.04
1.47,3,11.406269,12,d15_direct,4,15,open,1.0,1.47
2.52,43,11.431432,12,d19_detour,4,19,closed,0.0,2.5199999999999996
2.58,42,11.455747,12,d19_detour,4,19,closed,0.0,2.5799999999999996
1.47,3,11.459368,12,d15_direct,4,15,open,1.0,1.47
0.03,37,11.480529,12,d17_medium,4,17,closed,0.0,0.029999999999999805
2.7,30,11.498005,12,d15_direct,4,15,open,1.0,2.6999999999999997
2.58,42,11.522402,12,d19_detour,4,19,closed,0.0,2.5799999999999996
2.7,30,11.539947,12,d15_direct,4,15,open,1.0,2.6999999999999997
2.58,42,11.563578,12,d19_detour,4,19,closed,0.0,2.5799999999999996
1.47,3,11.566929,12,d19_detour,4,19,closed,0.5,1.47
2.04,36,11.587596,12,d17_medium,4,17,closed,0.0,2.04
2.7,30,11.604978,12,d15_direct,4,15,open,1.0,2.6999999999999997
0.28,32,11.623318,12,d17_medium,4,17,closed,0.0,0.2799999999999998
1.47,3,11.626618,12,d17_medium,4,17,closed,0.5,1.47
2.04,36,11.647989,12,d17_medium,4,17,closed,0.0,2.04
2.04,36,11.66922,12,d17_medium,4,17,closed,0.0,2.04
1.47,3,11.672474,12,d17_medium,4,17,closed,0.5,1.47
1.47,3,11.675857,12,d19_detour,4,19,closed,0.5,1.47
2.04,36,11.696412,12,d17_medium,4,17,closed,0.0,2.04
2.7,30,11.713881,12,d15_direct,4,15,open,1.0,2.6999999999999997
2.04,36,11.734632,12,d17_medium,4,17,closed,0.0,2.04
2.58,42,11.973851,12,d19_detour,4,19,closed,0.0,2.5799999999999996
2.04,36,11.995735,12,d17_medium,4,17,closed,0.0,2.04
-2.24,44,12.021261,12,d19_detour,4,19,closed,0.0,-2.2400000000000007
1.47,3,12.024712,12,d17_medium,4,17,closed,0.5,1.47
2.04,36,12.046763,12,d17_medium,4,17,closed,0.0,2.04
0.54,31,12.065201,12,d15_direct,4,15,open,1.0,0.5399999999999997
1.98,37,12.087879,12,d17_medium,4,17,closed,0.0,1.9799999999999998
1.47,3,12.091347,12,d19_detour,4,19,closed,0.5,1.47
2.04,36,12.112812,12,d17_medium,4,17,closed,0.0,2.04
2.58,42,12.137308,12,d19_detour,4,19,closed,0.0,2.5799999999999996
2.7,30,12.155364,12,d15_direct,4,15,open,1.0,2.6999999999999997
1.98,37,12.177544,12,d17_medium,4,17,closed,0.0,1.9799999999999998
1.98,37,12.199493,12,d17_medium,4,17,closed,0.0,1.9799999999999998
1.47,3,12.202931,12,d19_detour,4,19,closed,0.5,1.47
2.04,36,12.224328,12,d17_medium,4,17,closed,0.0,2.04
1.47,3,12.227732,12,d19_detour,4,19,closed,0.5,1.47
1.47,3,12.231274,12,d15_direct,4,15,open,1.0,1.47
2.04,36,12.252192,12,d17_medium,4,17,closed,0.0,2.04
1.47,3,12.25567,12,d15_direct,4,15,open,1.0,1.47
1.47,3,12.259178,12,d19_detour,4,19,closed,0.5,1.47
0.03,37,12.281094,12,d17_medium,4,17,closed,0.0,0.029999999999999805
-2.08,38,12.302981,12,d17_medium,4,17,closed,0.0,-2.08
2.7,30,12.320636,12,d15_direct,4,15,open,1.0,2.6999999999999997
2.58,42,12.345132,12,d19_detour,4,19,closed,0.0,2.5799999999999996
2.58,42,12.36993,12,d19_detour,4,19,closed,0.0,2.5799999999999996
2.7,30,12.388325,13,d15_direct,4,15,open,1.0,2.6999999999999997
2.55,45,12.41336,13,d19_detour,3,19,closed,0.0,2.55
-0.17,47,12.43949,13,d19_detour,3,19,closed,0.0,-0.1700000000000006
2.01,39,12.462016,13,d17_medium,3,17,closed,0.0,2.01
2.49,46,12.487656,13,d19_detour,3,19,closed,0.0,2.4899999999999993
1.47,3,12.490824,13,d15_direct,3,15,open,1.0,1.47
1.47,3,12.494072,13,d19_detour,3,19,closed,0.5,1.47
2.55,45,12.519112,13,d19_detour,3,19,closed,0.0,2.55
1.47,3,12.522256,13,d17_medium,3,17,closed,0.5,1.47
-0.2,40,12.544548,13,d17_medium,3,17,closed,0.0,-0.20000000000000062
2.67,33,12.563972,13,d15_direct,3,15,open,1.0,2.67
2.55,45,12.589177,13,d19_detour,3,19,closed,0.0,2.55
1.47,3,12.59233,13,d19_detour,3,19,closed,0.5,1.47
2.55,45,12.617342,13,d19_detour,3,19,closed,0.0,2.55
2.55,45,12.64277,13,d19_detour,3,19,closed,0.0,2.55
1.47,3,12.646088,13,d15_direct,3,15,open,1.0,1.47
2.55,45,12.671039,13,d19_detour,3,19,closed,0.0,2.55
2.55,45,12.696466,13,d19_detour,3,19,closed,0.0,2.55
1.47,3,12.699585,13,d19_detour,3,19,closed,0.5,1.47
1.47,3,12.702765,13,d17_medium,3,17,closed,0.5,1.47
1.47,3,12.705805,13,d19_detour,3,19,closed,0.5,1.47
1.47,3,12.708978,13,d19_detour,3,19,closed,0.5,1.47
2.55,45,12.734894,13,d19_detour,3,19,closed,0.0,2.55
2.01,39,12.756951,13,d17_medium,3,17,closed,0.0,2.01
2.67,33,12.776202,13,d15_direct,3,15,open,1.0,2.67
2.55,45,12.801783,13,d19_detour,3,19,closed,0.0,2.55
2.55,45,12.827057,13,d19_detour,3,19,closed,0.0,2.55
1.47,3,12.830249,13,d17_medium,3,17,closed,0.5,1.47
2.55,45,12.855416,13,d19_detour,3,19,closed,0.0,2.55
2.67,33,12.874887,13,d15_direct,3,15,open,1.0,2.67
0.66,34,12.894252,13,d15_direct,3,15,open,1.0,0.6599999999999998
2.67,33,12.914118,13,d15_direct,3,15,open,1.0,2.67
2.55,45,12.938893,13,d19_detour,3,19,closed,0.0,2.55
2.55,45,12.963677,13,d19_detour,3,19,closed,0.0,2.55
2.01,39,12.986131,13,d17_medium,3,17,closed,0.0,2.01
2.01,39,13.008878,13,d17_medium,3,17,closed,0.0,2.01
1.47,3,13.012046,13,d17_medium,3,17,closed,0.5,1.47
1.47,3,13.015153,13,d17_medium,3,17,closed,0.5,1.47
1.47,3,13.018215,13,d19_detour,3,19,closed,0.5,1.47
1.47,3,13.021425,13,d15_direct,3,15,open,1.0,1.47
1.47,3,13.024432,13,d19_detour,3,19,closed,0.5,1.47
0.56,34,13.044573,13,d15_direct,3,15,open,1.0,0.5599999999999998
1.47,3,13.04768,13,d19_detour,3,19,closed,0.5,1.47
1.47,3,13.050821,13,d15_direct,3,15,open,1.0,1.47
1.47,3,13.054447,13,d15_direct,3,15,open,1.0,1.47
1.47,3,13.058443,13,d19_detour,3,19,closed,0.5,1.47
2.67,33,13.079396,13,d15_direct,3,15,open,1.0,2.67
2.01,39,13.103644,13,d17_medium,3,17,closed,0.0,2.01
2.55,45,13.129025,13,d19_detour,3,19,closed,0.0,2.55
2.55,45,13.154406,13,d19_detour,3,19,closed,0.0,2.55
2.49,46,13.181449,13,d19_detour,3,19,closed,0.0,2.4899999999999993
1.47,3,13.184642,13,d17_medium,3,17,closed,0.5,1.47
2.01,39,13.423079,13,d17_medium,3,17,closed,0.0,2.01
2.67,33,13.442231,13,d15_direct,3,15,open,1.0,2.67
1.47,3,13.445455,13,d15_direct,3,15,open,1.0,1.47
2.67,33,13.465248,13,d15_direct,3,15,open,1.0,2.67
2.67,33,13.484538,13,d15_direct,3,15,open,1.0,2.67
1.47,3,13.487708,13,d15_direct,3,15,open,1.0,1.47
1.47,3,13.490901,13,d15_direct,3,15,open,1.0,1.47
1.47,3,13.494615,13,d17_medium,3,17,closed,0.5,1.47
0.63,37,13.516402,13,d19_detour,3,19,closed,0.0,0.6299999999999997
1.47,3,13.519587,13,d17_medium,3,17,closed,0.5,1.47
2.67,33,13.539294,13,d15_direct,3,15,open,1.0,2.67
2.01,39,13.56244,13,d17_medium,3,17,closed,0.0,2.01
0.19,36,13.583921,13,d17_medium,3,17,closed,0.0,0.18999999999999972
2.01,39,13.606166,13,d17_medium,3,17,closed,0.0,2.01
1.47,3,13.609339,13,d19_detour,3,19,closed,0.5,1.47
2.67,33,13.628276,13,d15_direct,3,15,open,1.0,2.67
2.01,39,13.650418,13,d17_medium,3,17,closed,0.0,2.01
2.55,45,13.675838,13,d19_detour,3,19,closed,0.0,2.55
2.01,39,13.699113,13,d17_medium,3,17,closed,0.0,2.01
2.67,33,13.718227,13,d15_direct,3,15,open,1.0,2.67
1.47,3,13.721424,13,d17_medium,3,17,closed,0.5,1.47
2.55,45,13.748059,13,d19_detour,3,19,closed,0.0,2.55
2.67,33,13.767252,13,d15_direct,3,15,open,1.0,2.67
1.95,40,13.790758,13,d17_medium,3,17,closed,0.0,1.9499999999999997
0.63,37,13.811687,13,d19_detour,3,19,closed,0.0,0.6299999999999998
1.47,3,13.814883,13,d15_direct,3,15,open,1.0,1.47
2.67,33,13.834626,13,d15_direct,3,15,open,1.0,2.67
2.67,33,13.854319,13,d15_direct,3,15,open,1.0,2.67
0.66,34,13.874594,13,d15_direct,3,15,open,1.0,0.6599999999999997
2.55,45,13.900361,13,d19_detour,3,19,closed,0.0,2.55
2.67,33,13.920101,13,d15_direct,3,15,open,1.0,2.67
2.01,39,13.942613,14,d17_medium,3,17,closed,0.0,2.01
-3.03,3,13.945665,14,d19_detour,2,19,closed,0.0,-3.0300000000000002
-3.03,3,13.948564,14,d19_detour,2,19,closed,0.0,-3.0300000000000002
-3.03,3,13.951485,14,d19_detour,2,19,closed,0.0,-3.0300000000000002
-3.03,3,13.954354,14,d19_detour,2,19,closed,0.0,-3.0300000000000002
-3.03,3,13.957233,14,d19_detour,2,19,closed,0.0,-3.0300000000000002
-3.03,3,13.960192,14,d19_detour,2,19,closed,0.0,-3.0300000000000002
-3.03,3,13.963971,14,d19_detour,2,19,closed,0.0,-3.0300000000000002
-3.03,3,13.96709,14,d19_detour,2,19,closed,0.0,-3.0300000000000002
-3.03,3,13.970023,14,d19_detour,2,19,closed,0.0,-3.0300000000000002
4.14,36,13.990388,14,d15_direct,2,15,open,1.0,4.140000000000002
-3.03,3,13.993204,14,d19_detour,2,19,closed,0.0,-3.0300000000000002
-3.03,3,13.996824,14,d19_detour,2,19,closed,0.0,-3.0300000000000002
-3.03,3,13.999703,14,d19_detour,2,19,closed,0.0,-3.0300000000000002
-3.03,3,14.002598,14,d19_detour,2,19,closed,0.0,-3.0300000000000002
4.14,36,14.022865,14,d15_direct,2,15,open,1.0,4.140000000000002
-3.03,3,14.02571,14,d17_medium,2,17,closed,0.0,-3.0300000000000002
1.47,3,14.028784,14,d15_direct,2,15,open,1.0,1.47
-3.03,3,14.031656,14,d19_detour,2,19,closed,0.0,-3.0300000000000002
-3.03,3,14.034565,14,d17_medium,2,17,closed,0.0,-3.0300000000000002
-3.03,3,14.037473,14,d19_detour,2,19,closed,0.0,-3.0300000000000002
-3.03,3,14.040368,14,d17_medium,2,17,closed,0.0,-3.0300000000000002
-3.03,3,14.043222,14,d17_medium,2,17,closed,0.0,-3.0300000000000002
-3.03,3,14.046301,14,d19_detour,2,19,closed,0.0,-3.0300000000000002
-3.03,3,14.049165,14,d19_detour,2,19,closed,0.0,-3.0300000000000002
-3.03,3,14.052068,14,d17_medium,2,17,closed,0.0,-3.0300000000000002
-3.03,3,14.05499,14,d19_detour,2,19,closed,0.0,-3.0300000000000002
-3.03,3,14.057909,14,d17_medium,2,17,closed,0.0,-3.0300000000000002
-3.03,3,14.060775,14,d19_detour,2,19,closed,0.0,-3.0300000000000002
-3.03,3,14.063803,14,d19_detour,2,19,closed,0.0,-3.0300000000000002
1.47,3,14.066674,14,d15_direct,2,15,open,1.0,1.47
-3.03,3,14.069543,14,d17_medium,2,17,closed,0.0,-3.0300000000000002
4.14,36,14.090557,14,d15_direct,2,15,open,1.0,4.140000000000002
-3.03,3,14.093469,14,d19_detour,2,19,closed,0.0,-3.0300000000000002
1.47,3,14.096468,14,d15_direct,2,15,open,1.0,1.47
-3.03,3,14.099339,14,d19_detour,2,19,closed,0.0,-3.0300000000000002
-3.03,3,14.102298,14,d19_detour,2,19,closed,0.0,-3.0300000000000002
-3.03,3,14.105241,14,d19_detour,2,19,closed,0.0,-3.0300000000000002
-3.03,3,14.108071,14,d19_detour,2,19,closed,0.0,-3.0300000000000002
-3.03,3,14.111771,14,d17_medium,2,17,closed,0.0,-3.0300000000000002
4.14,36,14.132079,14,d15_direct,2,15,open,1.0,4.140000000000002
-3.03,3,14.135009,14,d19_detour,2,19,closed,0.0,-3.0300000000000002
-3.03,3,14.137848,14,d17_medium,2,17,closed,0.0,-3.0300000000000002
-3.03,3,14.140735,14,d17_medium,2,17,closed,0.0,-3.0300000000000002
4.14,36,14.161535,14,d15_direct,2,15,open,1.0,4.140000000000002
-3.03,3,14.164481,14,d19_detour,2,19,closed,0.0,-3.0300000000000002
-3.03,3,14.167335,14,d17_medium,2,17,closed,0.0,-3.0300000000000002
-3.03,3,14.170243,14,d17_medium,2,17,closed,0.0,-3.0300000000000002
1.47,3,14.17311,14,d15_direct,2,15,open,1.0,1.47
-3.03,3,14.176049,14,d17_medium,2,17,closed,0.0,-3.0300000000000002
-3.03,3,14.179359,14,d19_detour,2,19,closed,0.0,-3.0300000000000002
4.14,36,14.199547,14,d15_direct,2,15,open,1.0,4.140000000000002
4.14,36,14.219352,14,d15_direct,2,15,open,1.0,4.140000000000002
4.14,36,14.23923,14,d15_direct,2,15,open,1.0,4.140000000000002
-3.03,3,14.242153,14,d19_detour,2,19,closed,0.0,-3.0300000000000002
4.14,36,14.261843,14,d15_direct,2,15,open,1.0,4.140000000000002
1.47,3,14.264719,14,d15_direct,2,15,open,1.0,1.47
-3.03,3,14.267665,14,d17_medium,2,17,closed,0.0,-3.0300000000000002
-3.03,3,14.270634,14,d17_medium,2,17,closed,0.0,-3.0300000000000002
1.47,3,14.273673,14,d15_direct,2,15,open,1.0,1.47
-3.03,3,14.276574,14,d19_detour,2,19,closed,0.0,-3.0300000000000002
-3.03,3,14.279504,14,d19_detour,2,19,closed,0.0,-3.0300000000000002
-3.03,3,14.282374,14,d19_detour,2,19,closed,0.0,-3.0300000000000002
-3.03,3,14.285274,14,d19_detour,2,19,closed,0.0,-3.0300000000000002
-3.03,3,14.288127,14,d17_medium,2,17,closed,0.0,-3.0300000000000002
4.14,36,14.308631,14,d15_direct,2,15,open,1.0,4.140000000000002
-3.03,3,14.311523,14,d19_detour,2,19,closed,0.0,-3.0300000000000002
-3.03,3,14.314344,14,d19_detour,2,19,closed,0.0,-3.0300000000000002
-3.03,3,14.317256,14,d17_medium,2,17,closed,0.0,-3.0300000000000002
-3.03,3,14.320134,14,d19_detour,2,19,closed,0.0,-3.0300000000000002
-3.03,3,14.322988,14,d17_medium,2,17,closed,0.0,-3.0300000000000002
4.08,37,14.344585,14,d15_direct,2,15,open,1.0,4.080000000000002
4.14,36,14.364895,14,d15_direct,2,15,open,1.0,4.140000000000002
-3.03,3,14.3678,14,d19_detour,2,19,closed,0.0,-3.0300000000000002
-3.03,3,14.370647,14,d19_detour,2,19,closed,0.0,-3.0300000000000002
4.14,36,14.390875,14,d15_direct,2,15,open,1.0,4.140000000000002
1.47,3,14.3937,14,d15_direct,2,15,open,1.0,1.47
1.47,3,14.396538,14,d15_direct,2,15,open,1.0,1.47
4.14,36,14.416745,14,d15_direct,2,15,open,1.0,4.140000000000002
1.47,3,14.419612,14,d15_direct,2,15,open,1.0,1.47
-3.03,3,14.42247,14,d19_detour,2,19,closed,0.0,-3.0300000000000002
4.14,36,14.442247,14,d15_direct,2,15,open,1.0,4.140000000000002
-3.03,3,14.445229,14,d17_medium,2,17,closed,0.0,-3.0300000000000002
-3.03,3,14.448068,14,d19_detour,2,19,closed,0.0,-3.0300000000000002
-3.03,3,14.450955,14,d17_medium,2,17,closed,0.0,-3.0300000000000002
-3.03,3,14.453921,14,d17_medium,2,17,closed,0.0,-3.0300000000000002
-3.03,3,14.456823,14,d19_detour,2,19,closed,0.0,-3.0300000000000002
-3.03,3,14.45964,14,d17_medium,2,17,closed,0.0,-3.0300000000000002
-3.03,3,14.462601,14,d17_medium,2,17,closed,0.0,-3.0300000000000002
-3.03,3,14.465471,14,d17_medium,2,17,closed,0.0,-3.0300000000000002
-3.03,3,14.468385,14,d17_medium,2,17,closed,0.0,-3.0300000000000002
-3.03,3,14.471236,14,d17_medium,2,17,closed,0.0,-3.0300000000000002
-3.03,3,14.474079,14,d19_detour,2,19,closed,0.0,-3.0300000000000002
-3.03,3,14.476931,14,d17_medium,2,17,closed,0.0,-3.0300000000000002
1.47,3,14.479772,14,d15_direct,2,15,open,1.0,1.47
-3.03,3,14.482565,14,d19_detour,2,19,closed,0.0,-3.0300000000000002
-3.03,3,14.485483,14,d17_medium,2,17,closed,0.0,-3.0300000000000002
-3.03,3,14.488342,14,d17_medium,2,17,closed,0.0,-3.0300000000000002
4.14,36,14.508235,14,d15_direct,2,15,open,1.0,4.140000000000002
-3.03,3,14.511165,14,d19_detour,2,19,closed,0.0,-3.0300000000000002
1.47,3,14.514025,14,d15_direct,2,15,open,1.0,1.47
-3.03,3,14.516864,14,d17_medium,2,17,closed,0.0,-3.0300000000000002
-3.03,3,14.519768,14,d19_detour,2,19,closed,0.0,-3.0300000000000002
1.47,3,14.522555,14,d15_direct,2,15,open,1.0,1.47
-3.03,3,14.525418,14,d19_detour,2,19,closed,0.0,-3.0300000000000002
-3.03,3,14.528247,14,d19_detour,2,19,closed,0.0,-3.0300000000000002
1.72,38,14.550128,14,d15_direct,2,15,open,1.0,1.7200000000000002
-3.03,3,14.553058,14,d17_medium,2,17,closed,0.0,-3.0300000000000002
4.14,36,14.573555,14,d15_direct,2,15,open,1.0,4.140000000000002
-3.03,3,14.576448,14,d17_medium,2,17,closed,0.0,-3.0300000000000002
-3.03,3,14.579479,14,d17_medium,2,17,closed,0.0,-3.0300000000000002
1.47,3,14.582326,14,d15_direct,2,15,open,1.0,1.47
-3.03,3,14.585258,14,d19_detour,2,19,closed,0.0,-3.0300000000000002
-3.03,3,14.58815,14,d19_detour,2,19,closed,0.0,-3.0300000000000002
4.14,36,14.608542,14,d15_direct,2,15,open,1.0,4.140000000000002
4.14,36,14.629059,14,d15_direct,2,15,open,1.0,4.140000000000002
-3.03,3,14.632406,14,d19_detour,2,19,closed,0.0,-3.0300000000000002
-3.03,3,14.635697,14,d19_detour,2,19,closed,0.0,-3.0300000000000002
4.14,36,14.656938,14,d15_direct,2,15,open,1.0,4.140000000000002
4.14,36,14.678626,14,d15_direct,2,15,open,1.0,4.140000000000002
-3.03,3,14.681529,14,d17_medium,2,17,closed,0.0,-3.0300000000000002
-3.03,3,14.684489,14,d17_medium,2,17,closed,0.0,-3.0300000000000002
-3.03,3,14.68746,14,d17_medium,2,17,closed,0.0,-3.0300000000000002
-3.03,3,14.690342,14,d17_medium,2,17,closed,0.0,-3.0300000000000002
-3.03,3,14.693303,14,d17_medium,2,17,closed,0.0,-3.0300000000000002
4.14,36,14.71388,14,d15_direct,2,15,open,1.0,4.140000000000002
2.13,37,14.949478,14,d15_direct,2,15,open,1.0,2.1300000000000026
-2.09,39,14.971296,14,d15_direct,2,15,open,1.0,-2.0900000000000007
-3.03,3,14.97418,14,d17_medium,2,17,closed,0.0,-3.0300000000000002
-2.44,39,14.996205,14,d15_direct,2,15,open,1.0,-2.4400000000000004
-3.03,3,14.99905,14,d19_detour,2,19,closed,0.0,-3.0300000000000002
-2.59,39,15.020637,14,d15_direct,2,15,open,1.0,-2.5900000000000007
-3.03,3,15.023565,14,d19_detour,2,19,closed,0.0,-3.0300000000000002
-0.03,3,15.026434,14,d15_direct,2,15,open,1.0,-0.030000000000000027
-0.03,3,15.029433,14,d15_direct,2,15,open,1.0,-0.030000000000000027
-3.03,3,15.032388,14,d19_detour,2,19,closed,0.0,-3.0300000000000002
-3.03,3,15.035545,14,d19_detour,2,19,closed,0.0,-3.0300000000000002
-2.84,39,15.058366,14,d15_direct,2,15,open,1.0,-2.8400000000000007
-3.03,3,15.061571,14,d19_detour,2,19,closed,0.0,-3.0300000000000002
-0.49,39,15.083391,14,d15_direct,2,15,open,1.0,-0.4900000000000009
-3.02,17,15.093607,14,d17_medium,2,17,closed,0.0,-3.0200000000000005
-2.39,39,15.11545,14,d15_direct,2,15,open,1.0,-2.3900000000000006
-2.19,39,15.137225,14,d15_direct,2,15,open,1.0,-2.1900000000000004
-3.03,3,15.140079,14,d17_medium,2,17,closed,0.0,-3.0300000000000002
-3.03,3,15.142968,14,d17_medium,2,17,closed,0.0,-3.0300000000000002
-3.03,3,15.146026,14,d19_detour,2,19,closed,0.0,-3.0300000000000002
-3.03,3,15.148897,14,d17_medium,2,17,closed,0.0,-3.0300000000000002
-2.64,9,15.154865,14,d17_medium,2,17,closed,0.0,-2.64
-3.29,19,15.165868,14,d19_detour,2,19,closed,0.0,-3.29
-3.03,3,15.168844,14,d19_detour,2,19,closed,0.0,-3.0300000000000002
-3.03,3,15.171671,14,d19_detour,2,19,closed,0.0,-3.0300000000000002
-3.03,3,15.174501,14,d19_detour,2,19,closed,0.0,-3.0300000000000002
-1.53,3,15.177329,14,d17_medium,2,17,closed,0.0,-1.53
-3.03,3,15.180181,14,d17_medium,2,17,closed,0.0,-3.0300000000000002
-3.03,3,15.183084,14,d17_medium,2,17,closed,0.0,-3.0300000000000002
-3.03,3,15.186033,14,d19_detour,2,19,closed,0.0,-3.0300000000000002
-3.04,39,15.208584,14,d15_direct,2,15,open,1.0,-3.040000000000001
-3.03,3,15.211503,14,d19_detour,2,19,closed,0.0,-3.0300000000000002
-0.34,39,15.233111,14,d15_direct,2,15,open,1.0,-0.34000000000000075
-3.03,3,15.236124,14,d17_medium,2,17,closed,0.0,-3.0300000000000002
-3.03,3,15.239068,14,d17_medium,2,17,closed,0.0,-3.0300000000000002
-2.89,39,15.260711,14,d15_direct,2,15,open,1.0,-2.8900000000000006
-3.03,3,15.26356,14,d17_medium,2,17,closed,0.0,-3.0300000000000002
-1.64,39,15.285265,14,d15_direct,2,15,open,1.0,-1.6400000000000003
-3.03,3,15.288157,14,d19_detour,2,19,closed,0.0,-3.0300000000000002
-3.03,3,15.290961,14,d19_detour,2,19,closed,0.0,-3.0300000000000002
-2.52,27,15.306231,14,d15_direct,2,15,open,1.0,-2.5200000000000005
-0.03,3,15.309149,14,d15_direct,2,15,open,1.0,-0.030000000000000027
-2.64,39,15.330845,14,d15_direct,2,15,open,1.0,-2.6400000000000006
-3.03,3,15.333764,14,d17_medium,2,17,closed,0.0,-3.0300000000000002
-1.94,39,15.355327,14,d15_direct,2,15,open,1.0,-1.9400000000000004
-3.03,3,15.358192,14,d17_medium,2,17,closed,0.0,-3.0300000000000002
-0.19,39,15.380378,14,d15_direct,2,15,open,1.0,-0.1900000000000006
-1.99,39,15.402014,14,d15_direct,2,15,open,1.0,-1.9900000000000004
-2.55,5,15.40596,14,d19_detour,2,19,closed,0.0,-2.55
-3.17,17,15.416408,14,d17_medium,2,17,closed,0.0,-3.170000000000001
1.47,3,15.419338,14,d15_direct,2,15,open,1.0,1.47
-3.03,3,15.422214,14,d19_detour,2,19,closed,0.0,-3.0300000000000002
-3.03,3,15.425177,14,d17_medium,2,17,closed,0.0,-3.0300000000000002
-3.03,3,15.428147,14,d19_detour,2,19,closed,0.0,-3.0300000000000002
-3.14,39,15.449567,14,d15_direct,2,15,open,1.0,-3.140000000000001
-2.59,39,15.471321,14,d15_direct,2,15,open,1.0,-2.5900000000000007
-3.03,3,15.474182,14,d19_detour,2,19,closed,0.0,-3.0300000000000002
-3.03,3,15.477076,14,d17_medium,2,17,closed,0.0,-3.0300000000000002
-2.64,39,15.498678,14,d15_direct,2,15,open,1.0,-2.6400000000000006
-3.03,3,15.501663,14,d19_detour,2,19,closed,0.0,-3.0300000000000002
-2.09,39,15.523599,14,d15_direct,2,15,open,1.0,-2.0900000000000003
-3.03,3,15.526453,14,d17_medium,2,17,closed,0.0,-3.0300000000000002
-2.6,10,15.532913,14,d19_detour,2,19,closed,0.0,-2.6
-3.03,3,15.535855,14,d19_detour,2,19,closed,0.0,-3.0300000000000002
-3.03,3,15.538813,14,d19_detour,2,19,closed,0.0,-3.0300000000000002
-3.03,3,15.541743,14,d19_detour,2,19,closed,0.0,-3.0300000000000002
-3.03,3,15.544602,14,d19_detour,2,19,closed,0.0,-3.0300000000000002
-0.03,3,15.547381,14,d15_direct,2,15,open,1.0,-0.030000000000000027
-3.03,3,15.550347,14,d17_medium,2,17,closed,0.0,-3.0300000000000002
-3.03,3,15.553231,14,d19_detour,2,19,closed,0.0,-3.0300000000000002
-3.03,3,15.556108,14,d17_medium,2,17,closed,0.0,-3.0300000000000002
-2.54,39,15.577864,14,d15_direct,2,15,open,1.0,-2.5400000000000005
1.47,3,15.581134,14,d15_direct,2,15,open,1.0,1.47
-2.47,27,15.597381,14,d15_direct,2,15,open,1.0,-2.4700000000000006
-2.74,39,15.619499,14,d15_direct,2,15,open,1.0,-2.740000000000001
-3.03,3,15.622399,14,d17_medium,2,17,closed,0.0,-3.0300000000000002
-0.03,3,15.62524,14,d15_direct,2,15,open,1.0,-0.030000000000000027
-3.03,3,15.62812,14,d19_detour,2,19,closed,0.0,-3.0300000000000002
-2.54,39,15.649756,14,d15_direct,2,15,open,1.0,-2.540000000000001
-2.65,15,15.658789,14,d15_direct,2,15,open,1.0,-2.6500000000000004
-3.03,3,15.661796,14,d17_medium,2,17,closed,0.0,-3.0300000000000002
-3.03,3,15.664837,14,d17_medium,2,17,closed,0.0,-3.0300000000000002
-3.03,3,15.667834,14,d19_detour,2,19,closed,0.0,-3.0300000000000002
-0.03,3,15.670651,14,d15_direct,2,15,open,1.0,-0.030000000000000027
-2.14,39,15.692271,14,d15_direct,2,15,open,1.0,-2.1400000000000006
-3.03,3,15.695164,14,d19_detour,2,19,closed,0.0,-3.0300000000000002
-3.03,3,15.697958,14,d17_medium,2,17,closed,0.0,-3.0300000000000002
-3.03,3,15.700819,14,d19_detour,2,19,closed,0.0,-3.0300000000000002
-3.03,3,15.70382,14,d17_medium,2,17,closed,0.0,-3.0300000000000002
-3.03,3,15.706757,14,d17_medium,2,17,closed,0.0,-3.0300000000000002
-3.03,3,15.709631,14,d17_medium,2,17,closed,0.0,-3.0300000000000002
-3.39,19,15.72112,14,d19_detour,2,19,closed,0.0,-3.3899999999999997
-2.74,39,15.74287,14,d15_direct,2,15,open,1.0,-2.7400000000000007
-3.03,3,15.746008,14,d19_detour,2,19,closed,0.0,-3.0300000000000002
-3.07,17,15.756038,14,d17_medium,2,17,closed,0.0,-3.0700000000000003
-3.03,3,15.759081,14,d17_medium,2,17,closed,0.0,-3.0300000000000002
-3.03,3,15.761988,14,d19_detour,2,19,closed,0.0,-3.0300000000000002
-3.03,3,15.764898,14,d19_detour,2,19,closed,0.0,-3.0300000000000002
-3.03,3,15.767855,14,d19_detour,2,19,closed,0.0,-3.0300000000000002
1.47,3,15.770694,14,d15_direct,2,15,open,1.0,1.47
-3.03,3,15.773528,14,d19_detour,2,19,closed,0.0,-3.0300000000000002
-3.03,3,15.776347,14,d19_detour,2,19,closed,0.0,-3.0300000000000002
-2.24,39,15.798351,14,d15_direct,2,15,open,1.0,-2.24
-2.47,27,15.813644,14,d15_direct,2,15,open,1.0,-2.47
-2.43,38,15.834564,14,d15_direct,2,15,open,1.0,-2.4300000000000006
-2.66,11,15.841467,14,d19_detour,2,19,closed,0.0,-2.66
-2.44,39,15.862874,14,d15_direct,2,15,open,1.0,-2.4400000000000004
-3.03,3,15.865663,14,d19_detour,2,19,closed,0.0,-3.0300000000000002
-3.03,3,15.868604,14,d17_medium,2,17,closed,0.0,-3.0300000000000002
-3.03,3,15.871435,14,d17_medium,2,17,closed,0.0,-3.0300000000000002
-2.42,27,15.887236,14,d15_direct,2,15,open,1.0,-2.4200000000000004
-2.96,31,15.904477,14,d17_medium,2,17,closed,0.0,-2.960000000000001
-3.03,3,15.9074,14,d17_medium,2,17,closed,0.0,-3.0300000000000002
-3.03,3,15.910655,14,d17_medium,2,17,closed,0.0,-3.0300000000000002
-3.03,3,15.913884,14,d17_medium,2,17,closed,0.0,-3.0300000000000002
-3.03,3,15.917209,14,d19_detour,2,19,closed,0.0,-3.0300000000000002
-2.6,10,15.924108,14,d19_detour,2,19,closed,0.0,-2.6
-3.03,3,15.927021,14,d19_detour,2,19,closed,0.0,-3.0300000000000002
-3.03,3,15.929937,14,d17_medium,2,17,closed,0.0,-3.0300000000000002
-3.03,3,15.932823,14,d17_medium,2,17,closed,0.0,-3.0300000000000002
-2.99,39,15.954719,14,d15_direct,2,15,open,1.0,-2.990000000000001
-3.03,3,15.957573,14,d19_detour,2,19,closed,0.0,-3.0300000000000002
-0.49,39,15.979805,14,d15_direct,2,15,open,1.0,-0.49000000000000044
-3.03,3,15.982709,14,d17_medium,2,17,closed,0.0,-3.0300000000000002
-3.02,17,15.992931,14,d17_medium,2,17,closed,0.0,-3.0199999999999996
-0.32,27,16.008671,14,d15_direct,2,15,open,1.0,-0.3200000000000003
-3.03,3,16.011665,14,d17_medium,2,17,closed,0.0,-3.0300000000000002
-3.03,3,16.014498,14,d19_detour,2,19,closed,0.0,-3.0300000000000002
-3.03,3,16.017412,14,d19_detour,2,19,closed,0.0,-3.0300000000000002
-2.92,17,16.027586,14,d17_medium,2,17,closed,0.0,-2.92
-0.03,3,16.030498,14,d15_direct,2,15,open,1.0,-0.030000000000000027
-2.82,17,16.040461,14,d17_medium,2,17,closed,0.0,-2.8200000000000003
-2.82,27,16.056556,14,d15_direct,2,15,open,1.0,-2.8200000000000003
-2.9,15,16.065819,14,d15_direct,2,15,open,1.0,-2.9000000000000004
-0.42,27,16.082349,14,d15_direct,2,15,open,1.0,-0.4200000000000004
-3.02,17,16.093042,14,d17_medium,2,17,closed,0.0,-3.0200000000000005
-2.69,19,16.104343,14,d19_detour,2,19,closed,0.0,-2.6900000000000004
-3.03,3,16.107287,14,d17_medium,2,17,closed,0.0,-3.0300000000000002
-2.89,39,16.129472,14,d15_direct,2,15,open,1.0,-2.8900000000000006
-3.03,3,16.132324,14,d17_medium,2,17,closed,0.0,-3.0300000000000002
-3.03,3,16.135197,14,d17_medium,2,17,closed,0.0,-3.0300000000000002
-2.09,39,16.15893,14,d15_direct,2,15,open,1.0,-2.0900000000000007
-2.14,39,16.18175,14,d15_direct,2,15,open,1.0,-2.1400000000000006
-2.72,27,16.19794,14,d15_direct,2,15,open,1.0,-2.7200000000000006
-3.03,3,16.201003,14,d19_detour,2,19,closed,0.0,-3.0300000000000002
1.47,3,16.203928,14,d15_direct,2,15,open,1.0,1.47
-0.33,38,16.43616,14,d15_direct,2,15,open,1.0,-0.3300000000000005
-3.03,3,16.439134,14,d19_detour,2,19,closed,0.0,-3.0300000000000002
-2.59,39,16.460667,14,d15_direct,2,15,open,1.0,-2.5900000000000007
-3.03,3,16.463546,14,d19_detour,2,19,closed,0.0,-3.0300000000000002
-1.53,3,16.466334,14,d15_direct,2,15,open,1.0,-1.53
-3.03,3,16.469222,14,d19_detour,2,19,closed,0.0,-3.0300000000000002
-3.03,3,16.47206,14,d17_medium,2,17,closed,0.0,-3.0300000000000002
-3.03,3,16.475085,14,d19_detour,2,19,closed,0.0,-3.0300000000000002
-0.03,3,16.477936,14,d15_direct,2,15,open,1.0,-0.030000000000000027
-3.03,3,16.480849,14,d19_detour,2,19,closed,0.0,-3.0300000000000002
-3.03,3,16.483697,14,d19_detour,2,19,closed,0.0,-3.0300000000000002
-3.03,3,16.486562,14,d17_medium,2,17,closed,0.0,-3.0300000000000002
-3.03,3,16.48945,14,d19_detour,2,19,closed,0.0,-3.0300000000000002
-0.44,39,16.511395,14,d15_direct,2,15,open,1.0,-0.4400000000000006
-2.62,27,16.526664,14,d15_direct,2,15,open,1.0,-2.6200000000000006
-3.03,3,16.529603,14,d17_medium,2,17,closed,0.0,-3.0300000000000002
-1.99,39,16.550674,14,d15_direct,2,15,open,1.0,-1.9900000000000004
-3.03,3,16.55354,14,d17_medium,2,17,closed,0.0,-3.0300000000000002
-0.03,3,16.55634,14,d15_direct,2,15,open,1.0,-0.030000000000000027
-3.03,3,16.55932,14,d17_medium,2,17,closed,0.0,-3.0300000000000002
-3.03,3,16.562557,14,d17_medium,2,17,closed,0.0,-3.0300000000000002
-3.03,3,16.565792,14,d19_detour,2,19,closed,0.0,-3.0300000000000002
-3.03,3,16.568657,14,d17_medium,2,17,closed,0.0,-3.0300000000000002
1.47,3,16.571529,14,d15_direct,2,15,open,1.0,1.47
-3.03,3,16.574337,14,d17_medium,2,17,closed,0.0,-3.0300000000000002
-3.03,3,16.577215,14,d17_medium,2,17,closed,0.0,-3.0300000000000002
-0.03,3,16.580038,14,d15_direct,2,15,open,1.0,-0.030000000000000027
-3.03,3,16.583035,14,d17_medium,2,17,closed,0.0,-3.0300000000000002
-3.03,3,16.585911,14,d17_medium,2,17,closed,0.0,-3.0300000000000002
-0.62,27,16.601138,14,d15_direct,2,15,open,1.0,-0.6200000000000006
-0.09,39,16.623509,14,d15_direct,2,15,open,1.0,-0.09000000000000052
-3.03,3,16.626355,14,d17_medium,2,17,closed,0.0,-3.0300000000000002
1.96,39,16.648822,14,d15_direct,2,15,open,1.0,1.9600000000000022
-1.53,3,16.651753,14,d19_detour,2,19,closed,0.0,-1.53
-3.03,3,16.654573,14,d19_detour,2,19,closed,0.0,-3.0300000000000002
-3.03,3,16.657472,14,d17_medium,2,17,closed,0.0,-3.0300000000000002
-3.03,3,16.660334,14,d19_detour,2,19,closed,0.0,-3.0300000000000002
-3.03,3,16.6632,14,d19_detour,2,19,closed,0.0,-3.0300000000000002
-0.34,39,16.685157,14,d15_direct,2,15,open,1.0,-0.3400000000000005
-2.69,19,16.697028,14,d19_detour,2,19,closed,0.0,-2.6900000000000004
-3.03,3,16.700147,14,d17_medium,2,17,closed,0.0,-3.0300000000000002
-3.03,3,16.703034,14,d19_detour,2,19,closed,0.0,-3.0300000000000002
-3.03,3,16.705966,14,d19_detour,2,19,closed,0.0,-3.0300000000000002
-2.67,27,16.721873,14,d15_direct,2,15,open,1.0,-2.6700000000000004
-2.37,27,16.737764,14,d15_direct,2,15,open,1.0,-2.37
-3.03,3,16.740587,14,d17_medium,2,17,closed,0.0,-3.0300000000000002
-2.54,39,16.761886,14,d15_direct,2,15,open,1.0,-2.540000000000001
-3.03,3,16.764736,14,d17_medium,2,17,closed,0.0,-3.0300000000000002
-3.03,3,16.76762,14,d17_medium,2,17,closed,0.0,-3.0300000000000002
-0.03,3,16.770404,14,d15_direct,2,15,open,1.0,-0.030000000000000027
-3.03,3,16.773252,14,d19_detour,2,19,closed,0.0,-3.0300000000000002
-2.94,39,16.794659,14,d15_direct,2,15,open,1.0,-2.940000000000001
-3.03,3,16.797491,14,d19_detour,2,19,closed,0.0,-3.0300000000000002
-3.03,3,16.80035,14,d17_medium,2,17,closed,0.0,-3.0300000000000002
1.47,3,16.803188,14,d15_direct,2,15,open,1.0,1.47
-0.09,39,16.825113,14,d15_direct,2,15,open,1.0,-0.09000000000000052
-3.03,3,16.828068,14,d19_detour,2,19,closed,0.0,-3.0300000000000002
-2.82,27,16.843843,14,d15_direct,2,15,open,1.0,-2.8200000000000007
-3.14,19,16.854754,14,d19_detour,2,19,closed,0.0,-3.1400000000000006
-3.03,3,16.857644,14,d17_medium,2,17,closed,0.0,-3.0300000000000002
-2.59,39,16.879965,14,d15_direct,2,15,open,1.0,-2.5900000000000007
-2.92,27,16.89549,14,d15_direct,2,15,open,1.0,-2.9200000000000004
-3.03,3,16.898349,14,d17_medium,2,17,closed,0.0,-3.0300000000000002
-2.14,39,16.920323,14,d15_direct,2,15,open,1.0,-2.1400000000000006
-2.72,27,16.935859,14,d15_direct,2,15,open,1.0,-2.7200000000000006
-3.03,3,16.938761,14,d17_medium,2,17,closed,0.0,-3.0300000000000002
-3.03,3,16.941543,14,d17_medium,2,17,closed,0.0,-3.0300000000000002
-0.18,38,16.962835,14,d15_direct,2,15,open,1.0,-0.18000000000000038
-2.09,39,16.984925,14,d15_direct,2,15,open,1.0,-2.0900000000000007
-2.29,39,17.006749,14,d15_direct,2,15,open,1.0,-2.2900000000000005
1.47,3,17.009552,14,d15_direct,2,15,open,1.0,1.47
-3.02,27,17.025174,14,d15_direct,2,15,open,1.0,-3.0200000000000005
-0.33,38,17.048419,14,d15_direct,2,15,open,1.0,-0.3300000000000005
-3.03,3,17.051304,14,d17_medium,2,17,closed,0.0,-3.0300000000000002
-2.19,39,17.073014,14,d15_direct,2,15,open,1.0,-2.1900000000000004
-2.84,39,17.096251,14,d15_direct,2,15,open,1.0,-2.8400000000000007
-3.03,3,17.099337,14,d19_detour,2,19,closed,0.0,-3.0300000000000002
-3.03,3,17.102302,14,d17_medium,2,17,closed,0.0,-3.0300000000000002
-3.03,3,17.105224,14,d19_detour,2,19,closed,0.0,-3.0300000000000002
1.47,3,17.108165,14,d15_direct,2,15,open,1.0,1.47
-3.03,3,17.111144,14,d17_medium,2,17,closed,0.0,-3.0300000000000002
-3.03,3,17.114087,14,d19_detour,2,19,closed,0.0,-3.0300000000000002
-3.03,3,17.117012,14,d19_detour,2,19,closed,0.0,-3.0300000000000002
-3.03,3,17.119927,14,d17_medium,2,17,closed,0.0,-3.0300000000000002
-0.47,27,17.135309,14,d15_direct,2,15,open,1.0,-0.4700000000000002
-2.74,39,17.157844,14,d15_direct,2,15,open,1.0,-2.7400000000000007
-3.03,3,17.160755,14,d17_medium,2,17,closed,0.0,-3.0300000000000002
1.47,3,17.163606,14,d15_direct,2,15,open,1.0,1.47
-2.54,39,17.18557,14,d15_direct,2,15,open,1.0,-2.540000000000001
1.47,3,17.188414,14,d15_direct,2,15,open,1.0,1.47
-3.03,3,17.191267,14,d19_detour,2,19,closed,0.0,-3.0300000000000002
-3.03,3,17.194067,14,d19_detour,2,19,closed,0.0,-3.0300000000000002
-3.03,3,17.196882,14,d19_detour,2,19,closed,0.0,-3.0300000000000002
-3.03,3,17.199695,14,d17_medium,2,17,closed,0.0,-3.0300000000000002
-2.24,39,17.223495,14,d15_direct,2,15,open,1.0,-2.24
-3.03,3,17.22736,14,d17_medium,2,17,closed,0.0,-3.0300000000000002
-3.03,3,17.23035,14,d17_medium,2,17,closed,0.0,-3.0300000000000002
-2.49,39,17.253341,14,d15_direct,2,15,open,1.0,-2.490000000000001
-0.26,26,17.269552,14,d15_direct,2,15,open,1.0,-0.26000000000000023
-3.03,3,17.272633,14,d17_medium,2,17,closed,0.0,-3.0300000000000002
-3.03,3,17.27545,14,d17_medium,2,17,closed,0.0,-3.0300000000000002
-3.03,3,17.278293,14,d17_medium,2,17,closed,0.0,-3.0300000000000002
-3.03,3,17.281105,14,d19_detour,2,19,closed,0.0,-3.0300000000000002
-3.03,3,17.283993,14,d17_medium,2,17,closed,0.0,-3.0300000000000002
1.47,3,17.286923,14,d15_direct,2,15,open,1.0,1.47
-3.27,17,17.296857,14,d17_medium,2,17,closed,0.0,-3.2699999999999996
-3.03,3,17.299744,14,d17_medium,2,17,closed,0.0,-3.0300000000000002
-0.38,38,17.32076,14,d15_direct,2,15,open,1.0,-0.3800000000000008
-0.03,3,17.323607,14,d15_direct,2,15,open,1.0,-0.030000000000000027
-2.54,39,17.345453,14,d15_direct,2,15,open,1.0,-2.540000000000001
-2.54,39,17.3672,14,d15_direct,2,15,open,1.0,-2.5400000000000005
1.77,38,17.388275,14,d15_direct,2,15,open,1.0,1.7700000000000005
1.47,3,17.391134,14,d15_direct,2,15,open,1.0,1.47
-3.03,3,17.39398,14,d19_detour,2,19,closed,0.0,-3.0300000000000002
-3.03,3,17.396882,14,d19_detour,2,19,closed,0.0,-3.0300000000000002
-2.19,39,17.4186,14,d15_direct,2,15,open,1.0,-2.1900000000000004
-2.42,27,17.433851,14,d15_direct,2,15,open,1.0,-2.4200000000000004
-2.19,39,17.455493,14,d15_direct,2,15,open,1.0,-2.1900000000000004
-1.53,3,17.458352,14,d19_detour,2,19,closed,0.0,-1.53
-3.03,3,17.461192,14,d19_detour,2,19,closed,0.0,-3.0300000000000002
-3.03,3,17.464122,14,d19_detour,2,19,closed,0.0,-3.0300000000000002
-3.03,3,17.46697,14,d19_detour,2,19,closed,0.0,-3.0300000000000002
-0.33,38,17.488149,14,d15_direct,2,15,open,1.0,-0.3300000000000003
0.06,39,17.510636,14,d15_direct,2,15,open,1.0,0.05999999999999961
-3.03,3,17.513515,14,d17_medium,2,17,closed,0.0,-3.0300000000000002
-3.03,3,17.516377,14,d17_medium,2,17,closed,0.0,-3.0300000000000002
-3.03,3,17.519276,14,d17_medium,2,17,closed,0.0,-3.0300000000000002
-0.88,38,17.541214,14,d15_direct,2,15,open,1.0,-0.8800000000000009
1.47,3,17.544131,14,d15_direct,2,15,open,1.0,1.47
-3.03,3,17.547036,14,d19_detour,2,19,closed,0.0,-3.0300000000000002
-0.03,3,17.549939,14,d19_detour,2,19,closed,0.0,-0.030000000000000027
-3.03,3,17.552947,14,d19_detour,2,19,closed,0.0,-3.0300000000000002
-3.03,3,17.555782,14,d19_detour,2,19,closed,0.0,-3.0300000000000002
-2.39,39,17.5776,14,d15_direct,2,15,open,1.0,-2.3900000000000006
-2.82,27,17.592913,14,d15_direct,2,15,open,1.0,-2.8200000000000007
-3.03,3,17.5958,14,d17_medium,2,17,closed,0.0,-3.0300000000000002
1.63,37,17.616819,14,d15_direct,2,15,open,1.0,1.63
-3.03,3,17.619643,14,d17_medium,2,17,closed,0.0,-3.0300000000000002
-2.29,39,17.642449,14,d15_direct,2,15,open,1.0,-2.2900000000000005
-2.57,27,17.659295,14,d15_direct,2,15,open,1.0,-2.5700000000000003
-2.29,39,17.681141,14,d15_direct,2,15,open,1.0,-2.2900000000000005
-3.03,3,17.68408,14,d19_detour,2,19,closed,0.0,-3.0300000000000002
-3.03,3,17.687504,14,d17_medium,2,17,closed,0.0,-3.0300000000000002
-3.03,3,17.691069,14,d17_medium,2,17,closed,0.0,-3.0300000000000002
-1.94,39,17.939921,14,d15_direct,2,15,open,1.0,-1.9400000000000004
-3.03,3,17.942935,14,d19_detour,2,19,closed,0.0,-3.0300000000000002
-3.03,3,17.945913,14,d17_medium,2,17,closed,0.0,-3.0300000000000002
-3.03,3,17.948888,14,d19_detour,2,19,closed,0.0,-3.0300000000000002
-3.03,3,17.951802,14,d19_detour,2,19,closed,0.0,-3.0300000000000002
-3.03,3,17.954659,14,d17_medium,2,17,closed,0.0,-3.0300000000000002
-3.03,3,17.95745,14,d19_detour,2,19,closed,0.0,-3.0300000000000002
-3.03,3,17.960387,14,d19_detour,2,19,closed,0.0,-3.0300000000000002
1.47,3,17.963242,14,d15_direct,2,15,open,1.0,1.47
-2.64,39,17.98519,14,d15_direct,2,15,open,1.0,-2.640000000000001
-3.03,3,17.988117,14,d19_detour,2,19,closed,0.0,-3.0300000000000002
-3.03,3,17.991027,14,d17_medium,2,17,closed,0.0,-3.0300000000000002
-2.79,39,18.01365,14,d15_direct,2,15,open,1.0,-2.790000000000001
1.47,3,18.016492,14,d15_direct,2,15,open,1.0,1.47
-2.09,39,18.039752,14,d15_direct,2,15,open,1.0,-2.0900000000000003
-3.03,3,18.042752,14,d19_detour,2,19,closed,0.0,-3.0300000000000002
-3.03,3,18.046207,14,d19_detour,2,19,closed,0.0,-3.0300000000000002
-3.03,3,18.049202,14,d19_detour,2,19,closed,0.0,-3.0300000000000002
-3.03,3,18.052348,14,d17_medium,2,17,closed,0.0,-3.0300000000000002
-3.03,3,18.055814,14,d19_detour,2,19,closed,0.0,-3.0300000000000002
1.47,3,18.058909,14,d15_direct,2,15,open,1.0,1.47
-2.59,39,18.087173,14,d15_direct,2,15,open,1.0,-2.5900000000000007
-3.03,3,18.090125,14,d17_medium,2,17,closed,0.0,-3.0300000000000002
-3.03,3,18.093087,14,d17_medium,2,17,closed,0.0,-3.0300000000000002
1.63,27,18.108742,14,d15_direct,2,15,open,1.0,1.6299999999999997
1.47,3,18.112168,14,d15_direct,2,15,open,1.0,1.47
-3.03,3,18.115146,14,d19_detour,2,19,closed,0.0,-3.0300000000000002
-3.03,3,18.118122,14,d19_detour,2,19,closed,0.0,-3.0300000000000002
-3.03,3,18.121116,14,d19_detour,2,19,closed,0.0,-3.0300000000000002
1.47,3,18.124122,14,d15_direct,2,15,open,1.0,1.47
-3.03,3,18.127094,14,d17_medium,2,17,closed,0.0,-3.0300000000000002
-2.77,27,18.143206,14,d15_direct,2,15,open,1.0,-2.7700000000000005
-3.03,3,18.14615,14,d17_medium,2,17,closed,0.0,-3.0300000000000002
1.47,3,18.149032,14,d15_direct,2,15,open,1.0,1.47
-3.03,3,18.152276,14,d17_medium,2,17,closed,0.0,-3.0300000000000002
-2.59,39,18.174952,14,d15_direct,2,15,open,1.0,-2.5900000000000007
-3.03,3,18.17786,14,d17_medium,2,17,closed,0.0,-3.0300000000000002
-3.03,3,18.180725,14,d17_medium,2,17,closed,0.0,-3.0300000000000002
-3.03,3,18.183585,14,d17_medium,2,17,closed,0.0,-3.0300000000000002
-2.52,27,18.206067,14,d15_direct,2,15,open,1.0,-2.5200000000000005
-3.03,3,18.209196,14,d19_detour,2,19,closed,0.0,-3.0300000000000002
-3.03,3,18.212286,14,d19_detour,2,19,closed,0.0,-3.0300000000000002
-3.03,3,18.215101,14,d19_detour,2,19,closed,0.0,-3.0300000000000002
-3.03,3,18.218012,14,d17_medium,2,17,closed,0.0,-3.0300000000000002
1.47,3,18.220906,14,d15_direct,2,15,open,1.0,1.47
-3.03,3,18.223828,14,d19_detour,2,19,closed,0.0,-3.0300000000000002
-3.03,3,18.226706,14,d19_detour,2,19,closed,0.0,-3.0300000000000002
-3.03,3,18.22957,14,d19_detour,2,19,closed,0.0,-3.0300000000000002
1.47,3,18.232409,14,d15_direct,2,15,open,1.0,1.47
-3.03,3,18.235285,14,d19_detour,2,19,closed,0.0,-3.0300000000000002
-3.03,3,18.238166,14,d17_medium,2,17,closed,0.0,-3.0300000000000002
-3.03,3,18.241108,14,d17_medium,2,17,closed,0.0,-3.0300000000000002
-3.03,3,18.244028,14,d19_detour,2,19,closed,0.0,-3.0300000000000002
-3.03,3,18.246892,14,d19_detour,2,19,closed,0.0,-3.0300000000000002
-0.13,38,18.268163,14,d15_direct,2,15,open,1.0,-0.13000000000000056
-3.03,3,18.271076,14,d17_medium,2,17,closed,0.0,-3.0300000000000002
-2.04,39,18.29492,14,d15_direct,2,15,open,1.0,-2.04
-3.03,3,18.298001,14,d17_medium,2,17,closed,0.0,-3.0300000000000002
-0.03,3,18.300854,14,d15_direct,2,15,open,1.0,-0.030000000000000027
-3.03,3,18.304186,14,d19_detour,2,19,closed,0.0,-3.0300000000000002
-2.72,27,18.322773,14,d15_direct,2,15,open,1.0,-2.7200000000000006
-3.03,3,18.325643,14,d19_detour,2,19,closed,0.0,-3.0300000000000002
-3.02,27,18.341381,14,d15_direct,2,15,open,1.0,-3.0200000000000005
-3.03,3,18.344228,14,d17_medium,2,17,closed,0.0,-3.0300000000000002
-3.03,3,18.347084,14,d17_medium,2,17,closed,0.0,-3.0300000000000002
-2.44,39,18.369299,14,d15_direct,2,15,open,1.0,-2.4400000000000004
-3.03,3,18.372188,14,d19_detour,2,19,closed,0.0,-3.0300000000000002
-1.94,39,18.394016,14,d15_direct,2,15,open,1.0,-1.9400000000000004
-3.03,3,18.396954,14,d19_detour,2,19,closed,0.0,-3.0300000000000002
-2.87,27,18.412796,14,d15_direct,2,15,open,1.0,-2.87
-3.03,3,18.415614,14,d19_detour,2,19,closed,0.0,-3.0300000000000002
-2.58,8,18.421089,14,d15_direct,2,15,open,1.0,-2.58
1.47,3,18.424002,14,d15_direct,2,15,open,1.0,1.47
-3.03,3,18.426948,14,d19_detour,2,19,closed,0.0,-3.0300000000000002
-3.03,3,18.429911,14,d17_medium,2,17,closed,0.0,-3.0300000000000002
-0.29,39,18.451982,14,d15_direct,2,15,open,1.0,-0.2900000000000007
1.47,3,18.454919,14,d15_direct,2,15,open,1.0,1.47
-0.86,16,18.464659,14,d17_medium,2,17,closed,0.0,-0.8600000000000001
-2.44,39,18.487034,14,d15_direct,2,15,open,1.0,-2.4400000000000004
-2.57,27,18.50307,14,d15_direct,2,15,open,1.0,-2.5700000000000003
-2.32,27,18.518799,14,d15_direct,2,15,open,1.0,-2.3200000000000003
-3.03,3,18.521636,14,d17_medium,2,17,closed,0.0,-3.0300000000000002
-2.19,39,18.543502,14,d15_direct,2,15,open,1.0,-2.1900000000000004
-3.03,3,18.54672,14,d19_detour,2,19,closed,0.0,-3.0300000000000002
-3.03,3,18.549833,14,d17_medium,2,17,closed,0.0,-3.0300000000000002
-3.03,3,18.552961,14,d17_medium,2,17,closed,0.0,-3.0300000000000002
-3.03,3,18.556051,14,d19_detour,2,19,closed,0.0,-3.0300000000000002
0.01,39,18.586502,14,d15_direct,2,15,open,1.0,0.009999999999999565
-3.03,3,18.589459,14,d17_medium,2,17,closed,0.0,-3.0300000000000002
-3.03,3,18.592354,14,d19_detour,2,19,closed,0.0,-3.0300000000000002
-2.27,27,18.608207,14,d15_direct,2,15,open,1.0,-2.2700000000000005
-3.03,3,18.611046,14,d19_detour,2,19,closed,0.0,-3.0300000000000002
-3.03,3,18.613891,14,d17_medium,2,17,closed,0.0,-3.0300000000000002
-3.03,3,18.616651,14,d17_medium,2,17,closed,0.0,-3.0300000000000002
-0.08,38,18.637943,14,d15_direct,2,15,open,1.0,-0.08000000000000052
-3.03,3,18.640836,14,d19_detour,2,19,closed,0.0,-3.0300000000000002
-3.03,3,18.643633,14,d17_medium,2,17,closed,0.0,-3.0300000000000002
-0.38,38,18.665258,14,d15_direct,2,15,open,1.0,-0.38000000000000034
-1.53,3,18.668103,14,d17_medium,2,17,closed,0.0,-1.53
-3.03,3,18.67097,14,d17_medium,2,17,closed,0.0,-3.0300000000000002
-3.09,19,18.681863,14,d19_detour,2,19,closed,0.0,-3.0900000000000007
-3.03,3,18.684721,14,d17_medium,2,17,closed,0.0,-3.0300000000000002
-3.03,3,18.687618,14,d17_medium,2,17,closed,0.0,-3.0300000000000002
-3.03,3,18.690446,14,d17_medium,2,17,closed,0.0,-3.0300000000000002
-0.09,39,18.712519,14,d15_direct,2,15,open,1.0,-0.0900000000000003
-2.85,15,18.721467,14,d19_detour,2,19,closed,0.0,-2.8500000000000005
-2.87,17,18.73163,14,d17_medium,2,17,closed,0.0,-2.87
-2.82,27,18.746921,14,d15_direct,2,15,open,1.0,-2.8200000000000007
-2.24,39,18.770385,14,d15_direct,2,15,open,1.0,-2.24
-0.76,26,18.785293,14,d15_direct,2,15,open,1.0,-0.7600000000000007
-3.03,3,18.788162,14,d19_detour,2,19,closed,0.0,-3.0300000000000002
-2.44,39,18.810488,14,d15_direct,2,15,open,1.0,-2.4400000000000004
-3.03,3,18.813426,14,d17_medium,2,17,closed,0.0,-3.0300000000000002
-3.03,3,18.816203,14,d19_detour,2,19,closed,0.0,-3.0300000000000002
-3.03,3,18.819099,14,d19_detour,2,19,closed,0.0,-3.0300000000000002
-3.27,17,18.829483,14,d17_medium,2,17,closed,0.0,-3.2699999999999996
-2.19,39,18.851336,14,d15_direct,2,15,open,1.0,-2.1900000000000004
-3.03,3,18.85425,14,d17_medium,2,17,closed,0.0,-3.0300000000000002
-3.03,3,18.857111,14,d17_medium,2,17,closed,0.0,-3.0300000000000002
-2.39,39,18.879976,14,d15_direct,2,15,open,1.0,-2.3900000000000006
-2.55,5,18.883989,14,d17_medium,2,17,closed,0.0,-2.55
1.47,3,18.886872,14,d15_direct,2,15,open,1.0,1.47
-3.03,3,18.889745,14,d17_medium,2,17,closed,0.0,-3.0300000000000002
-3.03,3,18.892542,14,d19_detour,2,19,closed,0.0,-3.0300000000000002
-2.54,39,18.914237,14,d15_direct,2,15,open,1.0,-2.540000000000001
-0.13,38,18.935601,14,d15_direct,2,15,open,1.0,-0.13000000000000056
-3.03,3,18.938466,14,d19_detour,2,19,closed,0.0,-3.0300000000000002
-3.03,3,18.941306,14,d17_medium,2,17,closed,0.0,-3.0300000000000002
-3.03,3,18.944208,14,d19_detour,2,19,closed,0.0,-3.0300000000000002
-0.18,38,18.965273,14,d15_direct,2,15,open,1.0,-0.1800000000000006
-3.03,3,18.968102,14,d17_medium,2,17,closed,0.0,-3.0300000000000002
-2.32,27,18.983341,14,d15_direct,2,15,open,1.0,-2.3200000000000003
-0.56,26,18.998538,14,d15_direct,2,15,open,1.0,-0.5600000000000005
-3.04,19,19.009771,14,d19_detour,2,19,closed,0.0,-3.0400000000000005
-3.03,3,19.012675,14,d19_detour,2,19,closed,0.0,-3.0300000000000002
1.96,39,19.035686,14,d15_direct,2,15,open,1.0,1.9599999999999995
-3.03,3,19.038715,14,d19_detour,2,19,closed,0.0,-3.0300000000000002
-3.03,3,19.041607,14,d17_medium,2,17,closed,0.0,-3.0300000000000002
-0.03,3,19.044456,14,d15_direct,2,15,open,1.0,-0.030000000000000027
-3.03,3,19.04814,14,d19_detour,2,19,closed,0.0,-3.0300000000000002
-3.03,3,19.051987,14,d17_medium,2,17,closed,0.0,-3.0300000000000002
-3.03,3,19.055108,14,d17_medium,2,17,closed,0.0,-3.0300000000000002
-3.03,3,19.058017,14,d19_detour,2,19,closed,0.0,-3.0300000000000002
-2.42,27,19.073939,14,d15_direct,2,15,open,1.0,-2.42
1.47,3,19.077031,14,d15_direct,2,15,open,1.0,1.47
-0.26,26,19.092767,14,d15_direct,2,15,open,1.0,-0.26000000000000023
-3.07,17,19.103247,14,d17_medium,2,17,closed,0.0,-3.0700000000000003
-3.03,3,19.106139,14,d19_detour,2,19,closed,0.0,-3.0300000000000002
-3.03,3,19.108953,14,d17_medium,2,17,closed,0.0,-3.0300000000000002
-3.03,3,19.111849,14,d17_medium,2,17,closed,0.0,-3.0300000000000002
1.73,37,19.132645,14,d15_direct,2,15,open,1.0,1.7300000000000002
-2.92,17,19.142702,14,d17_medium,2,17,closed,0.0,-2.92
1.47,3,19.145501,14,d15_direct,2,15,open,1.0,1.47
-3.03,3,19.148309,14,d19_detour,2,19,closed,0.0,-3.0300000000000002
-3.03,3,19.151129,14,d17_medium,2,17,closed,0.0,-3.0300000000000002
-0.32,27,19.16632,14,d15_direct,2,15,open,1.0,-0.3200000000000003
-3.24,39,19.187633,14,d15_direct,2,15,open,1.0,-3.240000000000001
-2.64,39,19.208841,14,d15_direct,2,15,open,1.0,-2.6400000000000006
-3.03,3,19.211741,14,d17_medium,2,17,closed,0.0,-3.0300000000000002
-3.03,3,19.214904,14,d19_detour,2,19,closed,0.0,-3.0300000000000002
-1.99,39,19.236732,14,d15_direct,2,15,open,1.0,-1.9900000000000004
-3.03,3,19.239576,14,d17_medium,2,17,closed,0.0,-3.0300000000000002
-0.64,39,19.260625,14,d15_direct,2,15,open,1.0,-0.6400000000000006
-3.03,3,19.263518,14,d17_medium,2,17,closed,0.0,-3.0300000000000002
-2.44,39,19.518114,14,d15_direct,2,15,open,1.0,-2.4400000000000004
-3.03,3,19.521077,14,d19_detour,2,19,closed,0.0,-3.0300000000000002
1.75,25,19.535986,14,d15_direct,2,15,open,1.0,1.7499999999999998
-3.03,3,19.538941,14,d19_detour,2,19,closed,0.0,-3.0300000000000002
-0.41,26,19.55403,14,d15_direct,2,15,open,1.0,-0.41000000000000025
-2.47,27,19.569661,14,d15_direct,2,15,open,1.0,-2.4700000000000006
-3.03,3,19.572503,14,d17_medium,2,17,closed,0.0,-3.0300000000000002
-2.29,39,19.594495,14,d15_direct,2,15,open,1.0,-2.2900000000000005
-3.03,3,19.59743,14,d19_detour,2,19,closed,0.0,-3.0300000000000002
-3.03,3,19.600275,14,d19_detour,2,19,closed,0.0,-3.0300000000000002
-3.02,17,19.610367,14,d17_medium,2,17,closed,0.0,-3.0200000000000005
1.68,37,19.6313,14,d15_direct,2,15,open,1.0,1.6799999999999997
-2.89,39,19.653981,14,d15_direct,2,15,open,1.0,-2.8900000000000006
-3.03,3,19.65692,14,d19_detour,2,19,closed,0.0,-3.0300000000000002
1.47,3,19.659878,14,d15_direct,2,15,open,1.0,1.47
-3.03,3,19.663252,14,d17_medium,2,17,closed,0.0,-3.0300000000000002
-3.03,3,19.666412,14,d17_medium,2,17,closed,0.0,-3.0300000000000002
-3.03,3,19.669405,14,d17_medium,2,17,closed,0.0,-3.0300000000000002
-3.03,3,19.672378,14,d19_detour,2,19,closed,0.0,-3.0300000000000002
-3.03,3,19.675317,14,d19_detour,2,19,closed,0.0,-3.0300000000000002
-2.44,39,19.699167,14,d15_direct,2,15,open,1.0,-2.4400000000000004
-3.03,3,19.70212,14,d19_detour,2,19,closed,0.0,-3.0300000000000002
-3.03,3,19.70511,14,d17_medium,2,17,closed,0.0,-3.0300000000000002
-3.03,3,19.708196,14,d17_medium,2,17,closed,0.0,-3.0300000000000002
-3.03,3,19.711423,14,d17_medium,2,17,closed,0.0,-3.0300000000000002
-3.03,3,19.714679,14,d17_medium,2,17,closed,0.0,-3.0300000000000002
-2.39,39,19.736333,14,d15_direct,2,15,open,1.0,-2.3900000000000006
-0.29,39,19.767184,14,d15_direct,2,15,open,1.0,-0.2900000000000007
-3.03,3,19.771529,14,d17_medium,2,17,closed,0.0,-3.0300000000000002
1.47,3,19.775435,14,d15_direct,2,15,open,1.0,1.47
-3.03,3,19.780425,14,d19_detour,2,19,closed,0.0,-3.0300000000000002
-3.03,3,19.784993,14,d19_detour,2,19,closed,0.0,-3.0300000000000002
-3.03,3,19.788236,14,d17_medium,2,17,closed,0.0,-3.0300000000000002
1.63,37,19.81408,14,d15_direct,2,15,open,1.0,1.6299999999999997
-2.72,17,19.826699,14,d17_medium,2,17,closed,0.0,-2.72
-3.03,3,19.831576,14,d17_medium,2,17,closed,0.0,-3.0300000000000002
-0.64,39,19.85607,14,d15_direct,2,15,open,1.0,-0.6400000000000006
-2.55,5,19.859869,14,d19_detour,2,19,closed,0.0,-2.55
-3.03,3,19.86272,14,d17_medium,2,17,closed,0.0,-3.0300000000000002
-3.49,39,19.884148,14,d15_direct,2,15,open,1.0,-3.490000000000001
-3.03,3,19.886986,14,d17_medium,2,17,closed,0.0,-3.0300000000000002
-3.03,3,19.889827,14,d17_medium,2,17,closed,0.0,-3.0300000000000002
1.47,3,19.894985,14,d15_direct,2,15,open,1.0,1.47
-3.03,3,19.899633,14,d17_medium,2,17,closed,0.0,-3.0300000000000002
1.92,38,19.924089,14,d15_direct,2,15,open,1.0,1.9199999999999995
1.47,3,19.926965,14,d15_direct,2,15,open,1.0,1.47
-3.03,3,19.930389,14,d19_detour,2,19,closed,0.0,-3.0300000000000002
-3.03,3,19.933521,14,d17_medium,2,17,closed,0.0,-3.0300000000000002
-3.03,3,19.936405,14,d19_detour,2,19,closed,0.0,-3.0300000000000002
-3.03,3,19.93927,14,d17_medium,2,17,closed,0.0,-3.0300000000000002
-2.92,17,19.94943,14,d17_medium,2,17,closed,0.0,-2.92
-3.03,3,19.952301,14,d19_detour,2,19,closed,0.0,-3.0300000000000002
-0.64,14,19.961143,14,d15_direct,2,15,open,1.0,-0.6400000000000001
-3.03,3,19.964582,14,d19_detour,2,19,closed,0.0,-3.0300000000000002
-2.49,39,19.987687,14,d15_direct,2,15,open,1.0,-2.4900000000000007
1.47,3,19.990598,14,d15_direct,2,15,open,1.0,1.47
-3.03,3,19.993521,14,d17_medium,2,17,closed,0.0,-3.0300000000000002
-1.53,3,19.99638,14,d17_medium,2,17,closed,0.0,-1.53
-3.03,3,19.99925,14,d17_medium,2,17,closed,0.0,-3.0300000000000002
-2.87,17,20.009631,14,d17_medium,2,17,closed,0.0,-2.87
-3.03,3,20.012677,14,d19_detour,2,19,closed,0.0,-3.0300000000000002
-3.03,3,20.015556,14,d19_detour,2,19,closed,0.0,-3.0300000000000002
-3.03,3,20.018463,14,d19_detour,2,19,closed,0.0,-3.0300000000000002
-3.03,3,20.021322,14,d19_detour,2,19,closed,0.0,-3.0300000000000002
-0.47,27,20.037215,14,d15_direct,2,15,open,1.0,-0.4700000000000002
-3.03,3,20.040118,14,d17_medium,2,17,closed,0.0,-3.0300000000000002
-2.6,10,20.046732,14,d19_detour,2,19,closed,0.0,-2.6
1.83,37,20.068087,14,d15_direct,2,15,open,1.0,1.8299999999999994
-3.03,3,20.071067,14,d17_medium,2,17,closed,0.0,-3.0300000000000002
-3.03,3,20.073965,14,d19_detour,2,19,closed,0.0,-3.0300000000000002
-3.03,3,20.07693,14,d19_detour,2,19,closed,0.0,-3.0300000000000002
-3.03,3,20.079869,14,d19_detour,2,19,closed,0.0,-3.0300000000000002
-2.74,39,20.103127,14,d15_direct,2,15,open,1.0,-2.7400000000000007
-2.29,39,20.125336,14,d15_direct,2,15,open,1.0,-2.29
-2.37,27,20.14104,14,d15_direct,2,15,open,1.0,-2.37
-0.54,39,20.164386,14,d15_direct,2,15,open,1.0,-0.5400000000000005
-0.41,26,20.179695,14,d15_direct,2,15,open,1.0,-0.41000000000000025
1.47,3,20.182559,14,d15_direct,2,15,open,1.0,1.47
-3.03,3,20.185405,14,d17_medium,2,17,closed,0.0,-3.0300000000000002
-3.03,3,20.188284,14,d17_medium,2,17,closed,0.0,-3.0300000000000002
-3.03,3,20.191223,14,d19_detour,2,19,closed,0.0,-3.0300000000000002
-3.03,3,20.194106,14,d19_detour,2,19,closed,0.0,-3.0300000000000002
-3.03,3,20.19699,14,d17_medium,2,17,closed,0.0,-3.0300000000000002
-3.03,3,20.199955,14,d17_medium,2,17,closed,0.0,-3.0300000000000002
-3.03,3,20.202891,14,d19_detour,2,19,closed,0.0,-3.0300000000000002
-2.34,39,20.224964,14,d15_direct,2,15,open,1.0,-2.3400000000000007
-3.03,3,20.228048,14,d19_detour,2,19,closed,0.0,-3.0300000000000002
-3.02,17,20.239009,14,d17_medium,2,17,closed,0.0,-3.0200000000000005
-0.33,38,20.261004,14,d15_direct,2,15,open,1.0,-0.3300000000000005
-2.69,39,20.283145,14,d15_direct,2,15,open,1.0,-2.6900000000000004
-3.03,3,20.286052,14,d17_medium,2,17,closed,0.0,-3.0300000000000002
1.47,3,20.28899,14,d15_direct,2,15,open,1.0,1.47
-3.03,3,20.291911,14,d17_medium,2,17,closed,0.0,-3.0300000000000002
-3.03,3,20.29487,14,d19_detour,2,19,closed,0.0,-3.0300000000000002
1.78,37,20.315975,14,d15_direct,2,15,open,1.0,1.7800000000000005
-3.03,3,20.318991,14,d17_medium,2,17,closed,0.0,-3.0300000000000002
-3.03,3,20.321946,14,d17_medium,2,17,closed,0.0,-3.0300000000000002
-0.03,3,20.324822,14,d15_direct,2,15,open,1.0,-0.030000000000000027
-0.68,18,20.335708,14,d19_detour,2,19,closed,0.0,-0.6800000000000002
-2.29,39,20.357707,14,d15_direct,2,15,open,1.0,-2.2900000000000005
-2.55,5,20.361596,14,d17_medium,2,17,closed,0.0,-2.55
-3.03,3,20.364484,14,d17_medium,2,17,closed,0.0,-3.0300000000000002
1.47,3,20.367413,14,d15_direct,2,15,open,1.0,1.47
-0.49,39,20.390225,14,d15_direct,2,15,open,1.0,-0.4900000000000009
-2.19,39,20.412689,14,d15_direct,2,15,open,1.0,-2.1900000000000004
-2.91,31,20.430832,14,d17_medium,2,17,closed,0.0,-2.91
-3.03,3,20.433679,14,d19_detour,2,19,closed,0.0,-3.0300000000000002
-3.03,3,20.436627,14,d17_medium,2,17,closed,0.0,-3.0300000000000002
-2.39,39,20.458682,14,d15_direct,2,15,open,1.0,-2.3900000000000006
-3.03,3,20.461569,14,d17_medium,2,17,closed,0.0,-3.0300000000000002
-3.03,3,20.464425,14,d19_detour,2,19,closed,0.0,-3.0300000000000002
-0.13,38,20.48599,14,d15_direct,2,15,open,1.0,-0.13000000000000034
-2.74,39,20.50813,14,d15_direct,2,15,open,1.0,-2.740000000000001
-3.03,3,20.511229,14,d19_detour,2,19,closed,0.0,-3.0300000000000002
-3.03,3,20.514218,14,d17_medium,2,17,closed,0.0,-3.0300000000000002
-0.48,38,20.535504,14,d15_direct,2,15,open,1.0,-0.4800000000000004
-3.03,3,20.538484,14,d17_medium,2,17,closed,0.0,-3.0300000000000002
-2.14,39,20.561182,14,d15_direct,2,15,open,1.0,-2.1400000000000006
-3.03,3,20.564096,14,d19_detour,2,19,closed,0.0,-3.0300000000000002
-3.03,3,20.567346,14,d17_medium,2,17,closed,0.0,-3.0300000000000002
-3.03,3,20.570291,14,d17_medium,2,17,closed,0.0,-3.0300000000000002
-3.03,3,20.573115,14,d17_medium,2,17,closed,0.0,-3.0300000000000002
-3.03,3,20.576101,14,d17_medium,2,17,closed,0.0,-3.0300000000000002
-2.64,39,20.598353,14,d15_direct,2,15,open,1.0,-2.640000000000001
-3.03,3,20.601227,14,d19_detour,2,19,closed,0.0,-3.0300000000000002
-3.03,3,20.604103,14,d17_medium,2,17,closed,0.0,-3.0300000000000002
-3.03,3,20.607038,14,d19_detour,2,19,closed,0.0,-3.0300000000000002
-0.56,26,20.622195,14,d15_direct,2,15,open,1.0,-0.5600000000000005
-3.03,3,20.625107,14,d19_detour,2,19,closed,0.0,-3.0300000000000002
-3.03,3,20.628014,14,d17_medium,2,17,closed,0.0,-3.0300000000000002
-3.03,3,20.630938,14,d19_detour,2,19,closed,0.0,-3.0300000000000002
-3.03,3,20.633867,14,d19_detour,2,19,closed,0.0,-3.0300000000000002
-2.59,39,20.655854,14,d15_direct,2,15,open,1.0,-2.5900000000000007
-2.42,27,20.672193,14,d15_direct,2,15,open,1.0,-2.42
-3.03,3,20.675095,14,d17_medium,2,17,closed,0.0,-3.0300000000000002
-2.44,39,20.697333,14,d15_direct,2,15,open,1.0,-2.4400000000000004
-3.03,3,20.7002,14,d19_detour,2,19,closed,0.0,-3.0300000000000002
2.03,37,20.721466,14,d15_direct,2,15,open,1.0,2.0299999999999994
-3.03,3,20.724424,14,d17_medium,2,17,closed,0.0,-3.0300000000000002
-3.03,3,20.727363,14,d17_medium,2,17,closed,0.0,-3.0300000000000002
-3.03,3,20.730194,14,d19_detour,2,19,closed,0.0,-3.0300000000000002
-3.27,17,20.740226,14,d17_medium,2,17,closed,0.0,-3.2700000000000005
1.47,3,20.743105,14,d15_direct,2,15,open,1.0,1.47
-3.03,3,20.746058,14,d17_medium,2,17,closed,0.0,-3.0300000000000002
-3.03,3,20.748944,14,d19_detour,2,19,closed,0.0,-3.0300000000000002
-3.03,3,20.751883,14,d17_medium,2,17,closed,0.0,-3.0300000000000002
-2.54,39,20.774802,14,d15_direct,2,15,open,1.0,-2.540000000000001
-3.03,3,20.777713,14,d19_detour,2,19,closed,0.0,-3.0300000000000002
-3.06,31,20.795132,14,d17_medium,2,17,closed,0.0,-3.0600000000000005
-3.03,3,20.798007,14,d19_detour,2,19,closed,0.0,-3.0300000000000002
1.47,3,20.800997,14,d15_direct,2,15,open,1.0,1.47
-3.03,3,20.804015,14,d19_detour,2,19,closed,0.0,-3.0300000000000002
-0.49,39,20.826089,14,d15_direct,2,15,open,1.0,-0.49000000000000066
-3.03,3,20.829144,14,d19_detour,2,19,closed,0.0,-3.0300000000000002
-3.03,3,20.832011,14,d19_detour,2,19,closed,0.0,-3.0300000000000002
-0.03,3,20.834932,14,d15_direct,2,15,open,1.0,-0.030000000000000027
-2.24,39,21.075365,14,d15_direct,2,15,open,1.0,-2.24
-3.03,3,21.078416,14,d19_detour,2,19,closed,0.0,-3.0300000000000002
-0.55,35,21.09849,14,d19_detour,2,19,closed,0.0,-0.5500000000000005
-3.03,3,21.101421,14,d19_detour,2,19,closed,0.0,-3.0300000000000002
-3.03,3,21.104366,14,d17_medium,2,17,closed,0.0,-3.0300000000000002
-2.54,39,21.127146,14,d15_direct,2,15,open,1.0,-2.5400000000000005
1.47,3,21.1301,14,d15_direct,2,15,open,1.0,1.47
-3.03,3,21.133066,14,d17_medium,2,17,closed,0.0,-3.0300000000000002
-3.03,3,21.136103,14,d19_detour,2,19,closed,0.0,-3.0300000000000002
-3.03,3,21.13906,14,d19_detour,2,19,closed,0.0,-3.0300000000000002
-0.03,38,21.16049,14,d15_direct,2,15,open,1.0,-0.03000000000000025
-3.03,3,21.163655,14,d19_detour,2,19,closed,0.0,-3.0300000000000002
1.47,3,21.166489,14,d15_direct,2,15,open,1.0,1.47
-3.03,3,21.169358,14,d17_medium,2,17,closed,0.0,-3.0300000000000002
-2.09,39,21.190743,14,d15_direct,2,15,open,1.0,-2.0900000000000003
-3.03,3,21.19364,14,d19_detour,2,19,closed,0.0,-3.0300000000000002
-3.03,3,21.196554,14,d19_detour,2,19,closed,0.0,-3.0300000000000002
-0.78,38,21.217936,14,d15_direct,2,15,open,1.0,-0.7800000000000007
0.07,38,21.238777,14,d15_direct,2,15,open,1.0,0.06999999999999962
-3.03,3,21.241666,14,d17_medium,2,17,closed,0.0,-3.0300000000000002
-3.03,3,21.244622,14,d19_detour,2,19,closed,0.0,-3.0300000000000002
-1.99,39,21.266435,14,d15_direct,2,15,open,1.0,-1.9900000000000004
-3.03,3,21.269303,14,d19_detour,2,19,closed,0.0,-3.0300000000000002
1.47,3,21.272109,14,d15_direct,2,15,open,1.0,1.47
1.52,38,21.292833,14,d15_direct,2,15,open,1.0,1.5199999999999991
-2.37,27,21.307959,14,d15_direct,2,15,open,1.0,-2.37
-0.03,3,21.310823,14,d15_direct,2,15,open,1.0,-0.030000000000000027
-3.03,3,21.313989,14,d19_detour,2,19,closed,0.0,-3.0300000000000002
-1.53,3,21.317016,14,d17_medium,2,17,closed,0.0,-1.53
-0.49,39,21.338387,14,d15_direct,2,15,open,1.0,-0.49000000000000044
-0.63,38,21.360698,14,d15_direct,2,15,open,1.0,-0.6300000000000009
1.57,38,21.382736,14,d15_direct,2,15,open,1.0,1.5699999999999992
-3.03,3,21.385526,14,d17_medium,2,17,closed,0.0,-3.0300000000000002
-3.03,3,21.388317,14,d17_medium,2,17,closed,0.0,-3.0300000000000002
1.47,3,21.391137,14,d15_direct,2,15,open,1.0,1.47
-1.53,3,21.393964,14,d17_medium,2,17,closed,0.0,-1.53
-3.03,3,21.39696,14,d17_medium,2,17,closed,0.0,-3.0300000000000002
-0.74,39,21.41852,14,d15_direct,2,15,open,1.0,-0.7400000000000007
-3.03,3,21.42142,14,d17_medium,2,17,closed,0.0,-3.0300000000000002
-2.44,39,21.442926,14,d15_direct,2,15,open,1.0,-2.4400000000000004
-3.03,3,21.445815,14,d17_medium,2,17,closed,0.0,-3.0300000000000002
-3.03,3,21.448707,14,d19_detour,2,19,closed,0.0,-3.0300000000000002
-3.03,3,21.451517,14,d19_detour,2,19,closed,0.0,-3.0300000000000002
-3.03,3,21.454401,14,d17_medium,2,17,closed,0.0,-3.0300000000000002
-0.03,38,21.47535,14,d15_direct,2,15,open,1.0,-0.03000000000000047
-0.68,38,21.496195,14,d15_direct,2,15,open,1.0,-0.6800000000000004
-3.03,3,21.499051,14,d17_medium,2,17,closed,0.0,-3.0300000000000002
-3.03,3,21.50204,14,d19_detour,2,19,closed,0.0,-3.0300000000000002
-0.32,27,21.517889,14,d15_direct,2,15,open,1.0,-0.3200000000000003
-3.03,3,21.520791,14,d19_detour,2,19,closed,0.0,-3.0300000000000002
1.47,3,21.523627,14,d15_direct,2,15,open,1.0,1.47
-0.33,38,21.544726,14,d15_direct,2,15,open,1.0,-0.3300000000000003
-3.03,3,21.547561,14,d19_detour,2,19,closed,0.0,-3.0300000000000002
-3.03,3,21.550405,14,d19_detour,2,19,closed,0.0,-3.0300000000000002
-0.38,38,21.571587,14,d15_direct,2,15,open,1.0,-0.3800000000000008
-0.03,38,21.59271,14,d15_direct,2,15,open,1.0,-0.03000000000000025
-3.03,3,21.595568,14,d19_detour,2,19,closed,0.0,-3.0300000000000002
-3.03,3,21.598429,14,d19_detour,2,19,closed,0.0,-3.0300000000000002
-3.03,3,21.601249,14,d17_medium,2,17,closed,0.0,-3.0300000000000002
1.47,3,21.604155,14,d15_direct,2,15,open,1.0,1.47
-3.03,3,21.607006,14,d19_detour,2,19,closed,0.0,-3.0300000000000002
-3.03,3,21.609881,14,d17_medium,2,17,closed,0.0,-3.0300000000000002
-3.03,3,21.612729,14,d19_detour,2,19,closed,0.0,-3.0300000000000002
-3.03,3,21.615522,14,d19_detour,2,19,closed,0.0,-3.0300000000000002
-3.03,3,21.618338,14,d17_medium,2,17,closed,0.0,-3.0300000000000002
-3.03,3,21.621204,14,d17_medium,2,17,closed,0.0,-3.0300000000000002
-1.53,3,21.624056,14,d19_detour,2,19,closed,0.0,-1.53
1.47,3,21.626952,14,d15_direct,2,15,open,1.0,1.47
-3.03,3,21.629866,14,d17_medium,2,17,closed,0.0,-3.0300000000000002
-3.03,3,21.632706,14,d17_medium,2,17,closed,0.0,-3.0300000000000002
-3.03,3,21.635488,14,d19_detour,2,19,closed,0.0,-3.0300000000000002
-2.19,39,21.658612,14,d15_direct,2,15,open,1.0,-2.1900000000000004
-3.03,3,21.661483,14,d19_detour,2,19,closed,0.0,-3.0300000000000002
-3.03,3,21.664396,14,d19_detour,2,19,closed,0.0,-3.0300000000000002
-3.03,3,21.667282,14,d19_detour,2,19,closed,0.0,-3.0300000000000002
-3.03,3,21.670109,14,d19_detour,2,19,closed,0.0,-3.0300000000000002
-3.03,3,21.672922,14,d19_detour,2,19,closed,0.0,-3.0300000000000002
-3.03,3,21.675843,14,d19_detour,2,19,closed,0.0,-3.0300000000000002
-3.03,3,21.678994,14,d17_medium,2,17,closed,0.0,-3.0300000000000002
-3.03,3,21.682288,14,d17_medium,2,17,closed,0.0,-3.0300000000000002
-2.96,16,21.691883,14,d17_medium,2,17,closed,0.0,-2.96
-2.77,27,21.7078,14,d15_direct,2,15,open,1.0,-2.7700000000000005
-3.03,3,21.711022,14,d19_detour,2,19,closed,0.0,-3.0300000000000002
1.47,3,21.714079,14,d15_direct,2,15,open,1.0,1.47
-3.03,3,21.717019,14,d17_medium,2,17,closed,0.0,-3.0300000000000002
-3.03,3,21.72,14,d17_medium,2,17,closed,0.0,-3.0300000000000002
-3.03,3,21.722975,14,d17_medium,2,17,closed,0.0,-3.0300000000000002
1.78,37,21.743508,14,d15_direct,2,15,open,1.0,1.7800000000000007
-0.68,18,21.754686,14,d19_detour,2,19,closed,0.0,-0.6800000000000002
-3.03,3,21.75751,14,d17_medium,2,17,closed,0.0,-3.0300000000000002
-3.03,3,21.760411,14,d17_medium,2,17,closed,0.0,-3.0300000000000002
1.47,3,21.763254,14,d15_direct,2,15,open,1.0,1.47
-3.03,3,21.76605,14,d17_medium,2,17,closed,0.0,-3.0300000000000002
-3.03,3,21.769093,14,d17_medium,2,17,closed,0.0,-3.0300000000000002
-3.03,3,21.77192,14,d19_detour,2,19,closed,0.0,-3.0300000000000002
-3.03,3,21.774882,14,d19_detour,2,19,closed,0.0,-3.0300000000000002
-3.03,3,21.777759,14,d17_medium,2,17,closed,0.0,-3.0300000000000002
-2.72,27,21.793352,14,d15_direct,2,15,open,1.0,-2.7200000000000006
-3.03,3,21.796253,14,d17_medium,2,17,closed,0.0,-3.0300000000000002
-0.37,27,21.811396,14,d15_direct,2,15,open,1.0,-0.37000000000000033
-3.03,3,21.814295,14,d19_detour,2,19,closed,0.0,-3.0300000000000002
-3.03,3,21.817088,14,d19_detour,2,19,closed,0.0,-3.0300000000000002
-3.03,3,21.820018,14,d17_medium,2,17,closed,0.0,-3.0300000000000002
-0.03,38,21.840918,14,d15_direct,2,15,open,1.0,-0.03000000000000025
2.08,37,21.861356,14,d15_direct,2,15,open,1.0,2.0799999999999996
-3.03,3,21.86423,14,d17_medium,2,17,closed,0.0,-3.0300000000000002
-0.03,3,21.86705,14,d15_direct,2,15,open,1.0,-0.030000000000000027
2.07,38,21.887755,14,d15_direct,2,15,open,1.0,2.0699999999999994
-3.17,17,21.897935,14,d17_medium,2,17,closed,0.0,-3.17
-3.03,3,21.900844,14,d17_medium,2,17,closed,0.0,-3.0300000000000002
-3.03,3,21.903748,14,d17_medium,2,17,closed,0.0,-3.0300000000000002
-3.03,3,21.906618,14,d17_medium,2,17,closed,0.0,-3.0300000000000002
-3.03,3,21.909445,14,d17_medium,2,17,closed,0.0,-3.0300000000000002
-3.03,3,21.912484,14,d19_detour,2,19,closed,0.0,-3.0300000000000002
-3.03,3,21.915326,14,d19_detour,2,19,closed,0.0,-3.0300000000000002
-3.03,3,21.918368,14,d17_medium,2,17,closed,0.0,-3.0300000000000002
-2.87,17,21.928909,14,d17_medium,2,17,closed,0.0,-2.87
-3.03,3,21.931848,14,d17_medium,2,17,closed,0.0,-3.0300000000000002
-3.03,3,21.934679,14,d17_medium,2,17,closed,0.0,-3.0300000000000002
-3.03,3,21.937655,14,d19_detour,2,19,closed,0.0,-3.0300000000000002
-3.03,3,21.940527,14,d19_detour,2,19,closed,0.0,-3.0300000000000002
-3.03,3,21.943482,14,d17_medium,2,17,closed,0.0,-3.0300000000000002
2.13,37,21.964491,14,d15_direct,2,15,open,1.0,2.13
-3.03,3,21.9673,14,d19_detour,2,19,closed,0.0,-3.0300000000000002
-3.03,3,21.970126,14,d17_medium,2,17,closed,0.0,-3.0300000000000002
-3.03,3,21.972944,14,d19_detour,2,19,closed,0.0,-3.0300000000000002
-0.03,3,21.975822,14,d15_direct,2,15,open,1.0,-0.030000000000000027
1.93,37,21.996478,14,d15_direct,2,15,open,1.0,1.9299999999999997
-3.03,3,21.999392,14,d17_medium,2,17,closed,0.0,-3.0300000000000002
1.47,3,22.002333,14,d15_direct,2,15,open,1.0,1.47
1.47,3,22.005198,14,d15_direct,2,15,open,1.0,1.47
-3.03,3,22.008114,14,d19_detour,2,19,closed,0.0,-3.0300000000000002
-3.03,3,22.011156,14,d17_medium,2,17,closed,0.0,-3.0300000000000002
-3.03,3,22.014117,14,d19_detour,2,19,closed,0.0,-3.0300000000000002
-1.53,3,22.016915,14,d19_detour,2,19,closed,0.0,-1.53
-3.03,3,22.019876,14,d17_medium,2,17,closed,0.0,-3.0300000000000002
-0.24,39,22.04165,14,d15_direct,2,15,open,1.0,-0.24000000000000044
-2.44,39,22.063686,14,d15_direct,2,15,open,1.0,-2.4400000000000004
-0.14,39,22.085663,14,d15_direct,2,15,open,1.0,-0.14000000000000035
1.47,3,22.089391,14,d15_direct,2,15,open,1.0,1.47
1.76,39,22.111408,14,d15_direct,2,15,open,1.0,1.7600000000000011
-3.03,3,22.114327,14,d17_medium,2,17,closed,0.0,-3.0300000000000002
-3.03,3,22.117217,14,d17_medium,2,17,closed,0.0,-3.0300000000000002
-3.03,3,22.120265,14,d17_medium,2,17,closed,0.0,-3.0300000000000002
-0.03,38,22.141436,14,d15_direct,2,15,open,1.0,-0.03000000000000047
-3.03,3,22.144403,14,d19_detour,2,19,closed,0.0,-3.0300000000000002
-3.03,3,22.147816,14,d17_medium,2,17,closed,0.0,-3.0300000000000002
-0.03,3,22.151294,14,d15_direct,2,15,open,1.0,-0.030000000000000027
-3.03,3,22.154165,14,d19_detour,2,19,closed,0.0,-3.0300000000000002
1.72,38,22.17496,14,d15_direct,2,15,open,1.0,1.7200000000000002
-2.92,17,22.185249,14,d17_medium,2,17,closed,0.0,-2.92
-3.03,3,22.188134,14,d19_detour,2,19,closed,0.0,-3.0300000000000002
-3.02,17,22.198314,14,d17_medium,2,17,closed,0.0,-3.0200000000000005
1.77,38,22.219266,14,d15_direct,2,15,open,1.0,1.7699999999999996
-3.03,3,22.222162,14,d19_detour,2,19,closed,0.0,-3.0300000000000002
-2.74,19,22.233289,14,d19_detour,2,19,closed,0.0,-2.74
-3.03,3,22.236276,14,d19_detour,2,19,closed,0.0,-3.0300000000000002
1.47,3,22.239157,14,d15_direct,2,15,open,1.0,1.47
-2.34,39,22.260632,14,d15_direct,2,15,open,1.0,-2.3400000000000003
-3.03,3,22.26355,14,d17_medium,2,17,closed,0.0,-3.0300000000000002
-2.94,39,22.285017,14,d15_direct,2,15,open,1.0,-2.9400000000000013
-3.03,3,22.287978,14,d17_medium,2,17,closed,0.0,-3.0300000000000002
-3.03,3,22.290854,14,d19_detour,2,19,closed,0.0,-3.0300000000000002
-0.68,18,22.301372,14,d19_detour,2,19,closed,0.0,-0.6800000000000002
-3.03,3,22.304225,14,d17_medium,2,17,closed,0.0,-3.0300000000000002
-3.03,3,22.307009,14,d19_detour,2,19,closed,0.0,-3.0300000000000002
-3.03,3,22.309969,14,d17_medium,2,17,closed,0.0,-3.0300000000000002
-3.03,3,22.313098,14,d19_detour,2,19,closed,0.0,-3.0300000000000002
-3.03,3,22.315961,14,d19_detour,2,19,closed,0.0,-3.0300000000000002
-3.03,3,22.318959,14,d17_medium,2,17,closed,0.0,-3.0300000000000002
1.98,37,22.339806,14,d15_direct,2,15,open,1.0,1.9800000000000015
-2.97,17,22.34996,14,d17_medium,2,17,closed,0.0,-2.9699999999999998
-3.03,3,22.353013,14,d17_medium,2,17,closed,0.0,-3.0300000000000002
-3.03,3,22.355901,14,d19_detour,2,19,closed,0.0,-3.0300000000000002
1.75,25,22.370209,14,d15_direct,2,15,open,1.0,1.7499999999999998
-0.74,19,22.593726,14,d19_detour,2,19,closed,0.0,-0.7400000000000002
-0.33,38,22.615539,14,d15_direct,2,15,open,1.0,-0.33000000000000074
-3.03,3,22.618865,14,d17_medium,2,17,closed,0.0,-3.0300000000000002
-0.03,3,22.621777,14,d15_direct,2,15,open,1.0,-0.030000000000000027
-3.03,3,22.624558,14,d17_medium,2,17,closed,0.0,-3.0300000000000002
-2.37,27,22.63999,14,d15_direct,2,15,open,1.0,-2.37
-0.03,3,22.642886,14,d15_direct,2,15,open,1.0,-0.030000000000000027
-3.03,3,22.645718,14,d19_detour,2,19,closed,0.0,-3.0300000000000002
-3.03,3,22.648482,14,d17_medium,2,17,closed,0.0,-3.0300000000000002
-3.03,3,22.651411,14,d17_medium,2,17,closed,0.0,-3.0300000000000002
-3.03,3,22.654267,14,d19_detour,2,19,closed,0.0,-3.0300000000000002
-3.03,3,22.65721,14,d19_detour,2,19,closed,0.0,-3.0300000000000002
-3.03,3,22.660024,14,d19_detour,2,19,closed,0.0,-3.0300000000000002
-3.03,3,22.662977,14,d17_medium,2,17,closed,0.0,-3.0300000000000002
-3.03,3,22.665879,14,d17_medium,2,17,closed,0.0,-3.0300000000000002
-3.03,3,22.668777,14,d19_detour,2,19,closed,0.0,-3.0300000000000002
-0.71,26,22.683628,14,d15_direct,2,15,open,1.0,-0.71
-0.54,39,22.706065,14,d15_direct,2,15,open,1.0,-0.5400000000000009
-3.03,3,22.708993,14,d19_detour,2,19,closed,0.0,-3.0300000000000002
-2.04,39,22.731678,14,d15_direct,2,15,open,1.0,-2.0400000000000005
-2.72,27,22.746881,14,d15_direct,2,15,open,1.0,-2.7199999999999998
-3.03,3,22.749767,14,d19_detour,2,19,closed,0.0,-3.0300000000000002
-2.62,27,22.765122,14,d15_direct,2,15,open,1.0,-2.6200000000000006
-3.03,3,22.768154,14,d17_medium,2,17,closed,0.0,-3.0300000000000002
-3.03,3,22.771002,14,d17_medium,2,17,closed,0.0,-3.0300000000000002
-3.03,3,22.773934,14,d19_detour,2,19,closed,0.0,-3.0300000000000002
-0.68,38,22.795244,14,d15_direct,2,15,open,1.0,-0.6800000000000006
-1.53,3,22.798157,14,d17_medium,2,17,closed,0.0,-1.53
-2.09,39,22.820114,14,d15_direct,2,15,open,1.0,-2.0900000000000007
-3.03,3,22.823097,14,d17_medium,2,17,closed,0.0,-3.0300000000000002
2.13,37,22.84391,14,d15_direct,2,15,open,1.0,2.13
4.08,37,22.864752,14,d15_direct,2,15,open,1.0,4.080000000000002
-3.03,3,22.867574,14,d17_medium,2,17,closed,0.0,-3.0300000000000002
-3.03,3,22.870613,14,d17_medium,2,17,closed,0.0,-3.0300000000000002
1.75,25,22.885216,14,d15_direct,2,15,open,1.0,1.7499999999999998
1.69,26,22.900508,14,d15_direct,2,15,open,1.0,1.6899999999999997
2.07,38,22.922195,14,d15_direct,2,15,open,1.0,2.0699999999999994
-3.03,3,22.925209,14,d17_medium,2,17,closed,0.0,-3.0300000000000002
0.07,38,22.946511,14,d15_direct,2,15,open,1.0,0.06999999999999962
-3.03,3,22.949432,14,d19_detour,2,19,closed,0.0,-3.0300000000000002
-3.03,3,22.952277,14,d19_detour,2,19,closed,0.0,-3.0300000000000002
-3.03,3,22.95515,14,d17_medium,2,17,closed,0.0,-3.0300000000000002
1.47,3,22.958029,14,d15_direct,2,15,open,1.0,1.47
-2.88,13,22.966351,14,d19_detour,2,19,closed,0.0,-2.8800000000000003
4.02,38,22.987906,14,d15_direct,2,15,open,1.0,4.020000000000001
-3.03,3,22.990944,14,d17_medium,2,17,closed,0.0,-3.0300000000000002
1.69,26,23.006546,14,d15_direct,2,15,open,1.0,1.6899999999999997
0.02,38,23.028708,14,d15_direct,2,15,open,1.0,0.019999999999999574
-3.03,3,23.031656,14,d19_detour,2,19,closed,0.0,-3.0300000000000002
-3.03,3,23.034562,14,d19_detour,2,19,closed,0.0,-3.0300000000000002
-3.03,3,23.037387,14,d17_medium,2,17,closed,0.0,-3.0300000000000002
-0.03,38,23.059769,14,d15_direct,2,15,open,1.0,-0.03000000000000047
-3.03,3,23.063038,14,d19_detour,2,19,closed,0.0,-3.0300000000000002
-3.03,3,23.066327,14,d17_medium,2,17,closed,0.0,-3.0300000000000002
-0.58,38,23.08825,14,d15_direct,2,15,open,1.0,-0.5800000000000005
0.06,39,23.110012,14,d15_direct,2,15,open,1.0,0.05999999999999961
-3.03,3,23.112992,14,d17_medium,2,17,closed,0.0,-3.0300000000000002
-3.03,3,23.116027,14,d19_detour,2,19,closed,0.0,-3.0300000000000002
-3.03,3,23.119022,14,d19_detour,2,19,closed,0.0,-3.0300000000000002
-0.99,39,23.140827,14,d15_direct,2,15,open,1.0,-0.9900000000000004
-3.03,3,23.143822,14,d17_medium,2,17,closed,0.0,-3.0300000000000002
-3.03,3,23.146655,14,d19_detour,2,19,closed,0.0,-3.0300000000000002
-3.03,3,23.149678,14,d19_detour,2,19,closed,0.0,-3.0300000000000002
-3.03,3,23.15247,14,d19_detour,2,19,closed,0.0,-3.0300000000000002
-3.03,3,23.155328,14,d17_medium,2,17,closed,0.0,-3.0300000000000002
-3.03,3,23.158139,14,d17_medium,2,17,closed,0.0,-3.0300000000000002
-3.03,3,23.161009,14,d17_medium,2,17,closed,0.0,-3.0300000000000002
-3.03,3,23.16405,14,d17_medium,2,17,closed,0.0,-3.0300000000000002
-3.03,3,23.167037,14,d17_medium,2,17,closed,0.0,-3.0300000000000002
-3.03,3,23.170033,14,d19_detour,2,19,closed,0.0,-3.0300000000000002
-0.58,38,23.191151,14,d15_direct,2,15,open,1.0,-0.5800000000000005
-0.61,26,23.206743,14,d15_direct,2,15,open,1.0,-0.6100000000000005
-3.03,3,23.209551,14,d17_medium,2,17,closed,0.0,-3.0300000000000002
-3.19,39,23.231249,14,d15_direct,2,15,open,1.0,-3.1900000000000013
-0.43,38,23.253336,14,d15_direct,2,15,open,1.0,-0.4300000000000006
-3.03,3,23.256162,14,d17_medium,2,17,closed,0.0,-3.0300000000000002
-0.34,39,23.278029,14,d15_direct,2,15,open,1.0,-0.3400000000000005
-3.03,3,23.281018,14,d17_medium,2,17,closed,0.0,-3.0300000000000002
-2.87,17,23.291356,14,d17_medium,2,17,closed,0.0,-2.87
-3.03,3,23.294244,14,d17_medium,2,17,closed,0.0,-3.0300000000000002
-3.03,3,23.297247,14,d19_detour,2,19,closed,0.0,-3.0300000000000002
-3.03,3,23.300122,14,d17_medium,2,17,closed,0.0,-3.0300000000000002
-3.03,3,23.303103,14,d17_medium,2,17,closed,0.0,-3.0300000000000002
-0.33,38,23.324573,14,d15_direct,2,15,open,1.0,-0.3300000000000003
-0.03,3,23.327415,14,d15_direct,2,15,open,1.0,-0.030000000000000027
-0.92,17,23.337674,14,d17_medium,2,17,closed,0.0,-0.9200000000000002
-3.03,3,23.34058,14,d19_detour,2,19,closed,0.0,-3.0300000000000002
-3.02,17,23.350958,14,d17_medium,2,17,closed,0.0,-3.0200000000000005
1.91,39,23.372888,14,d15_direct,2,15,open,1.0,1.9100000000000017
-3.03,3,23.375818,14,d19_detour,2,19,closed,0.0,-3.0300000000000002
-3.03,3,23.37869,14,d17_medium,2,17,closed,0.0,-3.0300000000000002
-2.79,39,23.400595,14,d15_direct,2,15,open,1.0,-2.790000000000001
-3.07,17,23.410966,14,d17_medium,2,17,closed,0.0,-3.0700000000000003
-3.03,3,23.413947,14,d17_medium,2,17,closed,0.0,-3.0300000000000002
-3.03,3,23.416984,14,d19_detour,2,19,closed,0.0,-3.0300000000000002
-3.03,3,23.419933,14,d17_medium,2,17,closed,0.0,-3.0300000000000002
1.92,38,23.441214,14,d15_direct,2,15,open,1.0,1.9199999999999997
-3.03,3,23.44409,14,d19_detour,2,19,closed,0.0,-3.0300000000000002
-3.03,3,23.447034,14,d17_medium,2,17,closed,0.0,-3.0300000000000002
-3.03,3,23.450094,14,d17_medium,2,17,closed,0.0,-3.0300000000000002
-2.97,17,23.46096,14,d17_medium,2,17,closed,0.0,-2.97
-3.03,3,23.463924,14,d17_medium,2,17,closed,0.0,-3.0300000000000002
-3.03,3,23.4669,14,d19_detour,2,19,closed,0.0,-3.0300000000000002
-0.85,30,23.484091,14,d17_medium,2,17,closed,0.0,-0.8500000000000005
-3.03,3,23.487071,14,d17_medium,2,17,closed,0.0,-3.0300000000000002
-2.44,39,23.509068,14,d15_direct,2,15,open,1.0,-2.4400000000000004
-2.14,39,23.531605,14,d15_direct,2,15,open,1.0,-2.1400000000000006
-3.03,3,23.534576,14,d19_detour,2,19,closed,0.0,-3.0300000000000002
-3.03,3,23.537475,14,d19_detour,2,19,closed,0.0,-3.0300000000000002
1.72,38,23.558751,14,d15_direct,2,15,open,1.0,1.7199999999999993
-2.6,10,23.565301,14,d19_detour,2,19,closed,0.0,-2.6
-3.03,3,23.568193,14,d19_detour,2,19,closed,0.0,-3.0300000000000002
-3.03,3,23.571057,14,d19_detour,2,19,closed,0.0,-3.0300000000000002
-3.03,3,23.574018,14,d17_medium,2,17,closed,0.0,-3.0300000000000002
-3.03,3,23.576977,14,d17_medium,2,17,closed,0.0,-3.0300000000000002
-1.53,3,23.580034,14,d17_medium,2,17,closed,0.0,-1.53
-3.03,3,23.582936,14,d19_detour,2,19,closed,0.0,-3.0300000000000002
-3.03,3,23.585932,14,d17_medium,2,17,closed,0.0,-3.0300000000000002
-3.03,3,23.588899,14,d19_detour,2,19,closed,0.0,-3.0300000000000002
-3.03,3,23.591716,14,d19_detour,2,19,closed,0.0,-3.0300000000000002
-3.03,3,23.594612,14,d17_medium,2,17,closed,0.0,-3.0300000000000002
-2.67,27,23.610229,14,d15_direct,2,15,open,1.0,-2.6700000000000004
-1.53,3,23.613045,14,d17_medium,2,17,closed,0.0,-1.53
-3.03,3,23.615968,14,d19_detour,2,19,closed,0.0,-3.0300000000000002
-3.03,3,23.618881,14,d19_detour,2,19,closed,0.0,-3.0300000000000002
-2.85,15,23.628101,14,d15_direct,2,15,open,1.0,-2.85
-2.24,39,23.650034,14,d15_direct,2,15,open,1.0,-2.24
-3.03,3,23.653109,14,d19_detour,2,19,closed,0.0,-3.0300000000000002
1.47,3,23.656031,14,d15_direct,2,15,open,1.0,1.47
-2.32,27,23.671697,14,d15_direct,2,15,open,1.0,-2.3200000000000003
-3.03,3,23.67455,14,d17_medium,2,17,closed,0.0,-3.0300000000000002
-2.77,27,23.690109,14,d15_direct,2,15,open,1.0,-2.77
1.47,3,23.693022,14,d15_direct,2,15,open,1.0,1.47
-0.13,38,23.714416,14,d15_direct,2,15,open,1.0,-0.13000000000000034
-3.03,3,23.717341,14,d19_detour,2,19,closed,0.0,-3.0300000000000002
-3.03,3,23.720422,14,d19_detour,2,19,closed,0.0,-3.0300000000000002
1.75,25,23.734954,14,d15_direct,2,15,open,1.0,1.7499999999999998
-3.22,17,23.745081,14,d17_medium,2,17,closed,0.0,-3.2200000000000006
-3.03,3,23.748004,14,d17_medium,2,17,closed,0.0,-3.0300000000000002
-3.03,3,23.750977,14,d17_medium,2,17,closed,0.0,-3.0300000000000002
4.14,36,23.771494,14,d15_direct,2,15,open,1.0,4.140000000000002
-3.03,3,23.774409,14,d17_medium,2,17,closed,0.0,-3.0300000000000002
-3.03,3,23.777276,14,d17_medium,2,17,closed,0.0,-3.0300000000000002
-3.03,3,23.780249,14,d19_detour,2,19,closed,0.0,-3.0300000000000002
-2.92,17,23.790519,14,d17_medium,2,17,closed,0.0,-2.92
-3.03,3,23.793391,14,d17_medium,2,17,closed,0.0,-3.0300000000000002
-3.03,3,23.796455,14,d17_medium,2,17,closed,0.0,-3.0300000000000002
-3.03,3,23.799331,14,d19_detour,2,19,closed,0.0,-3.0300000000000002
-3.03,3,23.802319,14,d17_medium,2,17,closed,0.0,-3.0300000000000002
-3.03,3,23.80521,14,d19_detour,2,19,closed,0.0,-3.0300000000000002
-3.03,3,23.808072,14,d17_medium,2,17,closed,0.0,-3.0300000000000002
-3.03,3,23.811019,14,d17_medium,2,17,closed,0.0,-3.0300000000000002
-1.53,3,23.813987,14,d19_detour,2,19,closed,0.0,-1.53
-3.03,3,23.817054,14,d17_medium,2,17,closed,0.0,-3.0300000000000002
-3.03,3,23.82005,14,d19_detour,2,19,closed,0.0,-3.0300000000000002
-3.03,3,23.823035,14,d19_detour,2,19,closed,0.0,-3.0300000000000002
-0.54,34,23.841955,14,d19_detour,2,19,closed,0.0,-0.5400000000000003
-3.03,3,23.844976,14,d19_detour,2,19,closed,0.0,-3.0300000000000002
-3.03,3,23.847938,14,d17_medium,2,17,closed,0.0,-3.0300000000000002
-0.48,38,23.869299,14,d15_direct,2,15,open,1.0,-0.48000000000000087
-3.03,3,23.872515,14,d19_detour,2,19,closed,0.0,-3.0300000000000002
-3.03,3,23.875453,14,d19_detour,2,19,closed,0.0,-3.0300000000000002
1.47,3,23.878527,14,d15_direct,2,15,open,1.0,1.47
1.69,26,23.894269,14,d15_direct,2,15,open,1.0,1.6899999999999997
-3.03,3,23.897192,14,d19_detour,2,19,closed,0.0,-3.0300000000000002
-0.03,3,24.116332,14,d15_direct,2,15,open,1.0,-0.030000000000000027
-3.03,3,24.119262,14,d19_detour,2,19,closed,0.0,-3.0300000000000002
-3.03,3,24.122336,14,d17_medium,2,17,closed,0.0,-3.0300000000000002
-3.03,3,24.125311,14,d17_medium,2,17,closed,0.0,-3.0300000000000002
-3.03,3,24.128284,14,d19_detour,2,19,closed,0.0,-3.0300000000000002
-0.13,38,24.149576,14,d15_direct,2,15,open,1.0,-0.13000000000000056
-3.03,3,24.152636,14,d17_medium,2,17,closed,0.0,-3.0300000000000002
-3.22,17,24.162587,14,d17_medium,2,17,closed,0.0,-3.2200000000000006
-3.03,3,24.165492,14,d17_medium,2,17,closed,0.0,-3.0300000000000002
1.58,37,24.186442,14,d15_direct,2,15,open,1.0,1.5799999999999992
-2.24,39,24.208252,14,d15_direct,2,15,open,1.0,-2.24
-3.03,3,24.211197,14,d17_medium,2,17,closed,0.0,-3.0300000000000002
-0.48,38,24.232519,14,d15_direct,2,15,open,1.0,-0.4800000000000004
-3.03,3,24.235484,14,d19_detour,2,19,closed,0.0,-3.0300000000000002
-3.03,3,24.238395,14,d17_medium,2,17,closed,0.0,-3.0300000000000002
-3.03,3,24.241215,14,d19_detour,2,19,closed,0.0,-3.0300000000000002
1.47,3,24.244103,14,d15_direct,2,15,open,1.0,1.47
-0.38,38,24.265377,14,d15_direct,2,15,open,1.0,-0.3800000000000008
1.68,37,24.286781,14,d15_direct,2,15,open,1.0,1.6799999999999997
1.47,3,24.289647,14,d15_direct,2,15,open,1.0,1.47
-2.55,5,24.293549,14,d17_medium,2,17,closed,0.0,-2.55
-3.03,3,24.296433,14,d17_medium,2,17,closed,0.0,-3.0300000000000002
1.69,26,24.311511,14,d15_direct,2,15,open,1.0,1.6899999999999997
-3.03,3,24.314344,14,d17_medium,2,17,closed,0.0,-3.0300000000000002
-3.03,3,24.317249,14,d19_detour,2,19,closed,0.0,-3.0300000000000002
1.47,3,24.320176,14,d15_direct,2,15,open,1.0,1.47
-3.03,3,24.323034,14,d17_medium,2,17,closed,0.0,-3.0300000000000002
-3.12,17,24.333222,14,d17_medium,2,17,closed,0.0,-3.12
-0.03,38,24.354695,14,d15_direct,2,15,open,1.0,-0.03000000000000047
-3.03,3,24.357552,14,d17_medium,2,17,closed,0.0,-3.0300000000000002
-3.03,3,24.360374,14,d19_detour,2,19,closed,0.0,-3.0300000000000002
-0.18,38,24.381356,14,d15_direct,2,15,open,1.0,-0.1800000000000006
-3.03,3,24.38425,14,d19_detour,2,19,closed,0.0,-3.0300000000000002
-3.03,3,24.38712,14,d19_detour,2,19,closed,0.0,-3.0300000000000002
-0.42,27,24.402432,14,d15_direct,2,15,open,1.0,-0.4200000000000004
-3.03,3,24.405392,14,d17_medium,2,17,closed,0.0,-3.0300000000000002
-2.19,39,24.426685,14,d15_direct,2,15,open,1.0,-2.1900000000000004
-3.03,3,24.429513,14,d17_medium,2,17,closed,0.0,-3.0300000000000002
-3.03,3,24.432273,14,d17_medium,2,17,closed,0.0,-3.0300000000000002
-3.03,3,24.435198,14,d19_detour,2,19,closed,0.0,-3.0300000000000002
-3.03,3,24.438082,14,d19_detour,2,19,closed,0.0,-3.0300000000000002
2.13,37,24.458358,14,d15_direct,2,15,open,1.0,2.1300000000000026
-3.03,3,24.462468,14,d19_detour,2,19,closed,0.0,-3.0300000000000002
-3.03,3,24.46542,14,d17_medium,2,17,closed,0.0,-3.0300000000000002
1.47,3,24.468263,14,d15_direct,2,15,open,1.0,1.47
-3.03,3,24.471133,14,d17_medium,2,17,closed,0.0,-3.0300000000000002
1.47,3,24.47394,14,d15_direct,2,15,open,1.0,1.47
-2.52,27,24.489134,14,d15_direct,2,15,open,1.0,-2.5200000000000005
-2.87,17,24.499197,14,d17_medium,2,17,closed,0.0,-2.87
1.83,37,24.52006,14,d15_direct,2,15,open,1.0,1.8299999999999996
-3.03,3,24.522929,14,d19_detour,2,19,closed,0.0,-3.0300000000000002
1.47,3,24.52583,14,d15_direct,2,15,open,1.0,1.47
0.02,38,24.548853,14,d15_direct,2,15,open,1.0,0.019999999999999574
-0.36,26,24.563925,14,d15_direct,2,15,open,1.0,-0.3600000000000002
-3.03,3,24.566807,14,d17_medium,2,17,closed,0.0,-3.0300000000000002
-3.03,3,24.569636,14,d17_medium,2,17,closed,0.0,-3.0300000000000002
-3.03,3,24.572447,14,d17_medium,2,17,closed,0.0,-3.0300000000000002
1.47,3,24.575215,14,d15_direct,2,15,open,1.0,1.47
-3.03,3,24.578291,14,d17_medium,2,17,closed,0.0,-3.0300000000000002
1.47,3,24.581463,14,d15_direct,2,15,open,1.0,1.47
-3.03,3,24.584552,14,d17_medium,2,17,closed,0.0,-3.0300000000000002
-3.02,27,24.600077,14,d15_direct,2,15,open,1.0,-3.020000000000001
-3.27,17,24.610135,14,d17_medium,2,17,closed,0.0,-3.2699999999999996
-3.03,3,24.613035,14,d17_medium,2,17,closed,0.0,-3.0300000000000002
-3.03,3,24.616024,14,d17_medium,2,17,closed,0.0,-3.0300000000000002
1.47,3,24.618963,14,d15_direct,2,15,open,1.0,1.47
-3.03,3,24.621914,14,d19_detour,2,19,closed,0.0,-3.0300000000000002
-3.03,3,24.624851,14,d19_detour,2,19,closed,0.0,-3.0300000000000002
-2.87,17,24.635233,14,d17_medium,2,17,closed,0.0,-2.87
-3.03,3,24.638127,14,d17_medium,2,17,closed,0.0,-3.0300000000000002
-3.03,3,24.641011,14,d19_detour,2,19,closed,0.0,-3.0300000000000002
-0.04,39,24.663039,14,d15_direct,2,15,open,1.0,-0.04000000000000048
-0.63,38,24.68464,14,d15_direct,2,15,open,1.0,-0.6300000000000009
-3.03,3,24.687559,14,d19_detour,2,19,closed,0.0,-3.0300000000000002
1.47,3,24.69046,14,d15_direct,2,15,open,1.0,1.47
-3.03,3,24.693374,14,d17_medium,2,17,closed,0.0,-3.0300000000000002
-3.03,3,24.696543,14,d19_detour,2,19,closed,0.0,-3.0300000000000002
-3.03,3,24.699787,14,d19_detour,2,19,closed,0.0,-3.0300000000000002
-3.03,3,24.702826,14,d17_medium,2,17,closed,0.0,-3.0300000000000002
1.97,38,24.724314,14,d15_direct,2,15,open,1.0,1.9699999999999998
-3.03,3,24.727671,14,d17_medium,2,17,closed,0.0,-3.0300000000000002
-3.03,3,24.731174,14,d19_detour,2,19,closed,0.0,-3.0300000000000002
-3.03,3,24.734043,14,d19_detour,2,19,closed,0.0,-3.0300000000000002
-0.03,3,24.736968,14,d15_direct,2,15,open,1.0,-0.030000000000000027
-1.53,3,24.739846,14,d17_medium,2,17,closed,0.0,-1.53
-3.03,3,24.742702,14,d19_detour,2,19,closed,0.0,-3.0300000000000002
-2.42,27,24.758942,14,d15_direct,2,15,open,1.0,-2.42
-3.03,3,24.762343,14,d19_detour,2,19,closed,0.0,-3.0300000000000002
-3.03,3,24.765666,14,d19_detour,2,19,closed,0.0,-3.0300000000000002
-0.03,3,24.768622,14,d15_direct,2,15,open,1.0,-0.030000000000000027
-3.03,3,24.771708,14,d19_detour,2,19,closed,0.0,-3.0300000000000002
-2.52,27,24.78782,14,d15_direct,2,15,open,1.0,-2.5200000000000005
-3.03,3,24.7906,14,d17_medium,2,17,closed,0.0,-3.0300000000000002
-3.03,3,24.793468,14,d17_medium,2,17,closed,0.0,-3.0300000000000002
-3.29,19,24.80479,14,d19_detour,2,19,closed,0.0,-3.2900000000000005
-3.34,19,24.816898,14,d19_detour,2,19,closed,0.0,-3.34
-2.62,12,24.824736,14,d17_medium,2,17,closed,0.0,-2.62
-1.53,3,24.827873,14,d19_detour,2,19,closed,0.0,-1.53
-3.03,3,24.83114,14,d17_medium,2,17,closed,0.0,-3.0300000000000002
-3.03,3,24.833963,14,d17_medium,2,17,closed,0.0,-3.0300000000000002
-3.03,3,24.836981,14,d17_medium,2,17,closed,0.0,-3.0300000000000002
-1.53,3,24.839853,14,d19_detour,2,19,closed,0.0,-1.53
1.47,3,24.842761,14,d15_direct,2,15,open,1.0,1.47
-3.03,3,24.845612,14,d19_detour,2,19,closed,0.0,-3.0300000000000002
1.47,3,24.848465,14,d15_direct,2,15,open,1.0,1.47
0.01,39,24.870329,14,d15_direct,2,15,open,1.0,0.009999999999999565
-3.03,3,24.873354,14,d17_medium,2,17,closed,0.0,-3.0300000000000002
-3.03,3,24.876324,14,d17_medium,2,17,closed,0.0,-3.0300000000000002
-3.03,3,24.879283,14,d19_detour,2,19,closed,0.0,-3.0300000000000002
4.14,36,24.900074,14,d15_direct,2,15,open,1.0,4.140000000000002
-2.79,19,24.911155,14,d19_detour,2,19,closed,0.0,-2.79
-3.03,3,24.914078,14,d17_medium,2,17,closed,0.0,-3.0300000000000002
-0.42,27,24.929482,14,d15_direct,2,15,open,1.0,-0.42000000000000015
-3.03,3,24.932295,14,d19_detour,2,19,closed,0.0,-3.0300000000000002
-3.03,3,24.935097,14,d19_detour,2,19,closed,0.0,-3.0300000000000002
-2.9,15,24.944317,14,d17_medium,2,17,closed,0.0,-2.9000000000000004
-0.08,38,24.966556,14,d15_direct,2,15,open,1.0,-0.08000000000000052
-3.03,3,24.969539,14,d17_medium,2,17,closed,0.0,-3.0300000000000002
1.97,38,24.990863,14,d15_direct,2,15,open,1.0,1.9700000000000013
-3.03,3,24.993773,14,d19_detour,2,19,closed,0.0,-3.0300000000000002
-3.03,3,24.996627,14,d19_detour,2,19,closed,0.0,-3.0300000000000002
-3.03,3,24.999397,14,d17_medium,2,17,closed,0.0,-3.0300000000000002
-2.92,17,25.009618,14,d17_medium,2,17,closed,0.0,-2.92
1.75,25,25.024747,14,d15_direct,2,15,open,1.0,1.7499999999999998
1.92,38,25.047821,14,d15_direct,2,15,open,1.0,1.9200000000000013
-0.54,39,25.069842,14,d15_direct,2,15,open,1.0,-0.5400000000000005
-3.03,3,25.072789,14,d19_detour,2,19,closed,0.0,-3.0300000000000002
-3.03,3,25.075638,14,d17_medium,2,17,closed,0.0,-3.0300000000000002
-2.97,17,25.086955,14,d17_medium,2,17,closed,0.0,-2.9699999999999998
-3.03,3,25.090671,14,d17_medium,2,17,closed,0.0,-3.0300000000000002
-3.03,3,25.093638,14,d19_detour,2,19,closed,0.0,-3.0300000000000002
-0.57,27,25.109848,14,d15_direct,2,15,open,1.0,-0.5700000000000005
-0.74,19,25.121614,14,d19_detour,2,19,closed,0.0,-0.7400000000000002
-3.03,3,25.124542,14,d17_medium,2,17,closed,0.0,-3.0300000000000002
-3.03,3,25.12767,14,d17_medium,2,17,closed,0.0,-3.0300000000000002
-3.29,39,25.149994,14,d15_direct,2,15,open,1.0,-3.290000000000001
-3.03,3,25.153019,14,d17_medium,2,17,closed,0.0,-3.0300000000000002
-3.03,3,25.155951,14,d19_detour,2,19,closed,0.0,-3.0300000000000002
-2.79,19,25.167709,14,d19_detour,2,19,closed,0.0,-2.79
1.75,25,25.182271,14,d15_direct,2,15,open,1.0,1.7499999999999998
1.47,3,25.185119,14,d15_direct,2,15,open,1.0,1.47
-3.03,3,25.187992,14,d17_medium,2,17,closed,0.0,-3.0300000000000002
-2.97,17,25.198336,14,d17_medium,2,17,closed,0.0,-2.97
-2.49,39,25.221016,14,d15_direct,2,15,open,1.0,-2.4900000000000007
-3.03,3,25.22401,14,d17_medium,2,17,closed,0.0,-3.0300000000000002
-3.03,3,25.226962,14,d19_detour,2,19,closed,0.0,-3.0300000000000002
-3.03,3,25.22981,14,d17_medium,2,17,closed,0.0,-3.0300000000000002
-2.87,17,25.240135,14,d17_medium,2,17,closed,0.0,-2.87
-3.27,17,25.25073,14,d17_medium,2,17,closed,0.0,-3.2699999999999996
-3.03,3,25.253644,14,d19_detour,2,19,closed,0.0,-3.0300000000000002
-3.03,3,25.256491,14,d17_medium,2,17,closed,0.0,-3.0300000000000002
-3.03,3,25.259434,14,d17_medium,2,17,closed,0.0,-3.0300000000000002
-3.03,3,25.26231,14,d17_medium,2,17,closed,0.0,-3.0300000000000002
2.03,37,25.283122,14,d15_direct,2,15,open,1.0,2.030000000000002
-3.03,3,25.286026,14,d19_detour,2,19,closed,0.0,-3.0300000000000002
-0.03,38,25.307769,14,d15_direct,2,15,open,1.0,-0.03000000000000025
-3.03,3,25.310675,14,d19_detour,2,19,closed,0.0,-3.0300000000000002
-0.03,3,25.313759,14,d15_direct,2,15,open,1.0,-0.030000000000000027
-3.03,3,25.316688,14,d19_detour,2,19,closed,0.0,-3.0300000000000002
-3.03,3,25.31947,14,d19_detour,2,19,closed,0.0,-3.0300000000000002
-3.03,3,25.322342,14,d19_detour,2,19,closed,0.0,-3.0300000000000002
-3.03,3,25.32542,14,d17_medium,2,17,closed,0.0,-3.0300000000000002
-0.74,39,25.347655,14,d15_direct,2,15,open,1.0,-0.7400000000000004
-2.87,17,25.357689,14,d17_medium,2,17,closed,0.0,-2.87
-3.03,3,25.360708,14,d19_detour,2,19,closed,0.0,-3.0300000000000002
-0.7,15,25.369829,14,d15_direct,2,15,open,1.0,-0.7000000000000002
-3.03,3,25.372747,14,d17_medium,2,17,closed,0.0,-3.0300000000000002
-0.03,3,25.375568,14,d15_direct,2,15,open,1.0,-0.030000000000000027
-2.79,19,25.387372,14,d19_detour,2,19,closed,0.0,-2.79
4.08,37,25.407958,14,d15_direct,2,15,open,1.0,4.080000000000002
-0.38,38,25.429799,14,d15_direct,2,15,open,1.0,-0.3800000000000008
-3.03,3,25.4327,14,d17_medium,2,17,closed,0.0,-3.0300000000000002
-3.03,3,25.435655,14,d19_detour,2,19,closed,0.0,-3.0300000000000002
1.56,39,25.674854,14,d15_direct,2,15,open,1.0,1.5599999999999992
-3.03,3,25.677872,14,d19_detour,2,19,closed,0.0,-3.0300000000000002
-3.03,3,25.680974,14,d17_medium,2,17,closed,0.0,-3.0300000000000002
-3.03,3,25.683926,14,d19_detour,2,19,closed,0.0,-3.0300000000000002
1.47,3,25.686889,14,d15_direct,2,15,open,1.0,1.47
-3.05,15,25.696117,14,d15_direct,2,15,open,1.0,-3.05
-3.03,3,25.698982,14,d17_medium,2,17,closed,0.0,-3.0300000000000002
1.93,37,25.719697,14,d15_direct,2,15,open,1.0,1.9299999999999997
-3.03,3,25.722651,14,d19_detour,2,19,closed,0.0,-3.0300000000000002
-3.03,3,25.725445,14,d19_detour,2,19,closed,0.0,-3.0300000000000002
-3.03,3,25.72847,14,d17_medium,2,17,closed,0.0,-3.0300000000000002
1.82,38,25.749435,14,d15_direct,2,15,open,1.0,1.8200000000000005
-3.03,3,25.752418,14,d19_detour,2,19,closed,0.0,-3.0300000000000002
-0.86,16,25.762494,14,d17_medium,2,17,closed,0.0,-0.8600000000000001
-3.03,3,25.765822,14,d17_medium,2,17,closed,0.0,-3.0300000000000002
4.08,37,25.786741,14,d15_direct,2,15,open,1.0,4.080000000000002
-3.03,3,25.789626,14,d19_detour,2,19,closed,0.0,-3.0300000000000002
-2.55,5,25.793476,14,d19_detour,2,19,closed,0.0,-2.55
-2.87,17,25.804279,14,d17_medium,2,17,closed,0.0,-2.87
-3.03,3,25.807133,14,d19_detour,2,19,closed,0.0,-3.0300000000000002
-2.27,27,25.823191,14,d15_direct,2,15,open,1.0,-2.2700000000000005
-0.38,38,25.844111,14,d15_direct,2,15,open,1.0,-0.3800000000000008
-3.12,17,25.854353,14,d17_medium,2,17,closed,0.0,-3.12
-3.03,3,25.857125,14,d17_medium,2,17,closed,0.0,-3.0300000000000002
-3.03,3,25.860121,14,d17_medium,2,17,closed,0.0,-3.0300000000000002
-0.43,38,25.881215,14,d15_direct,2,15,open,1.0,-0.4300000000000006
-2.04,39,25.902769,14,d15_direct,2,15,open,1.0,-2.04
-3.03,3,25.905577,14,d17_medium,2,17,closed,0.0,-3.0300000000000002
1.47,3,25.908429,14,d15_direct,2,15,open,1.0,1.47
1.75,25,25.922999,14,d15_direct,2,15,open,1.0,1.7499999999999998
-3.03,3,25.926024,14,d19_detour,2,19,closed,0.0,-3.0300000000000002
-3.03,3,25.929152,14,d19_detour,2,19,closed,0.0,-3.0300000000000002
-3.03,3,25.932031,14,d17_medium,2,17,closed,0.0,-3.0300000000000002
4.14,36,25.952321,14,d15_direct,2,15,open,1.0,4.140000000000002
-3.03,3,25.955261,14,d17_medium,2,17,closed,0.0,-3.0300000000000002
1.58,37,25.976236,14,d15_direct,2,15,open,1.0,1.5799999999999996
-2.92,17,25.98644,14,d17_medium,2,17,closed,0.0,-2.92
-3.03,3,25.989433,14,d19_detour,2,19,closed,0.0,-3.0300000000000002
1.47,3,25.992367,14,d15_direct,2,15,open,1.0,1.47
-3.03,3,25.99522,14,d17_medium,2,17,closed,0.0,-3.0300000000000002
-3.03,3,25.998096,14,d17_medium,2,17,closed,0.0,-3.0300000000000002
-2.42,27,26.014629,14,d15_direct,2,15,open,1.0,-2.4200000000000004
-3.03,3,26.017487,14,d17_medium,2,17,closed,0.0,-3.0300000000000002
4.08,37,26.038018,14,d15_direct,2,15,open,1.0,4.080000000000002
-3.03,3,26.040929,14,d17_medium,2,17,closed,0.0,-3.0300000000000002
-2.92,27,26.056332,14,d15_direct,2,15,open,1.0,-2.920000000000001
4.08,37,26.077014,14,d15_direct,2,15,open,1.0,4.080000000000002
-3.03,3,26.080085,14,d19_detour,2,19,closed,0.0,-3.0300000000000002
-3.03,3,26.083129,14,d17_medium,2,17,closed,0.0,-3.0300000000000002
-3.03,3,26.086703,14,d17_medium,2,17,closed,0.0,-3.0300000000000002
-3.03,3,26.089552,14,d19_detour,2,19,closed,0.0,-3.0300000000000002
1.72,38,26.110416,14,d15_direct,2,15,open,1.0,1.7199999999999998
-3.03,3,26.113348,14,d17_medium,2,17,closed,0.0,-3.0300000000000002
-3.03,3,26.116099,14,d17_medium,2,17,closed,0.0,-3.0300000000000002
1.51,39,26.137662,14,d15_direct,2,15,open,1.0,1.5099999999999996
-3.03,3,26.140488,14,d19_detour,2,19,closed,0.0,-3.0300000000000002
-3.03,3,26.143296,14,d19_detour,2,19,closed,0.0,-3.0300000000000002
-3.03,3,26.146149,14,d19_detour,2,19,closed,0.0,-3.0300000000000002
1.47,3,26.149072,14,d15_direct,2,15,open,1.0,1.47
-0.03,3,26.151918,14,d15_direct,2,15,open,1.0,-0.030000000000000027
-3.03,3,26.154842,14,d17_medium,2,17,closed,0.0,-3.0300000000000002
-3.03,3,26.157752,14,d19_detour,2,19,closed,0.5,-3.0300000000000002
-3.03,3,26.160575,14,d19_detour,2,19,closed,0.0,-3.0300000000000002
-0.13,38,26.181771,14,d15_direct,2,15,open,1.0,-0.13000000000000034
-3.03,3,26.184639,14,d17_medium,2,17,closed,0.0,-3.0300000000000002
-3.03,3,26.187609,14,d17_medium,2,17,closed,0.0,-3.0300000000000002
-0.92,17,26.197708,14,d17_medium,2,17,closed,0.0,-0.9200000000000002
1.69,26,26.212598,14,d15_direct,2,15,open,1.0,1.6899999999999997
4.14,36,26.233122,14,d15_direct,2,15,open,1.0,4.140000000000002
-3.03,3,26.235998,14,d19_detour,2,19,closed,0.0,-3.0300000000000002
-3.03,3,26.238899,14,d17_medium,2,17,closed,0.0,-3.0300000000000002
-3.03,3,26.241916,14,d17_medium,2,17,closed,0.0,-3.0300000000000002
-2.55,5,26.24579,14,d19_detour,2,19,closed,0.0,-2.55
-3.03,3,26.248554,14,d19_detour,2,19,closed,0.0,-3.0300000000000002
-3.03,3,26.251463,14,d19_detour,2,19,closed,0.0,-3.0300000000000002
2.07,38,26.272315,14,d15_direct,2,15,open,1.0,2.0699999999999994
0.12,38,26.293747,14,d15_direct,2,15,open,1.0,0.11999999999999966
-3.03,3,26.296643,14,d19_detour,2,19,closed,0.0,-3.0300000000000002
2.07,38,26.318546,14,d15_direct,2,15,open,1.0,2.0699999999999994
-3.03,3,26.321495,14,d17_medium,2,17,closed,0.0,-3.0300000000000002
-1.53,3,26.324454,14,d17_medium,2,17,closed,0.0,-1.53
-0.26,26,26.339662,14,d15_direct,2,15,open,1.0,-0.26000000000000023
1.47,3,26.342561,14,d15_direct,2,15,open,1.0,1.47
-3.03,3,26.345513,14,d19_detour,2,19,closed,0.0,-3.0300000000000002
-1.53,3,26.348298,14,d19_detour,2,19,closed,0.0,-1.53
-2.55,5,26.352323,14,d19_detour,2,19,closed,0.0,-2.55
-0.28,38,26.374438,14,d15_direct,2,15,open,1.0,-0.28000000000000025
-1.53,3,26.377414,14,d19_detour,2,19,closed,0.0,-1.53
-3.03,3,26.380388,14,d19_detour,2,19,closed,0.0,-3.0300000000000002
-1.53,3,26.383284,14,d17_medium,2,17,closed,0.0,-1.53
-3.03,3,26.386252,14,d17_medium,2,17,closed,0.0,-3.0300000000000002
-3.27,17,26.396147,14,d17_medium,2,17,closed,0.0,-3.2700000000000005
-3.02,17,26.406338,14,d17_medium,2,17,closed,0.0,-3.0200000000000005
-3.03,3,26.409256,14,d19_detour,2,19,closed,0.0,-3.0300000000000002
-3.03,3,26.412205,14,d17_medium,2,17,closed,0.0,-3.0300000000000002
-3.03,3,26.415121,14,d17_medium,2,17,closed,0.0,-3.0300000000000002
1.63,37,26.43619,14,d15_direct,2,15,open,1.0,1.6299999999999997
-3.03,3,26.439103,14,d19_detour,2,19,closed,0.0,-3.0300000000000002
1.47,3,26.442011,14,d15_direct,2,15,open,1.0,1.47
-0.49,39,26.464075,14,d15_direct,2,15,open,1.0,-0.4900000000000009
-3.03,3,26.467082,14,d17_medium,2,17,closed,0.0,-3.0300000000000002
-3.03,3,26.47046,14,d19_detour,2,19,closed,0.0,-3.0300000000000002
1.68,37,26.49168,14,d15_direct,2,15,open,1.0,1.6799999999999997
1.92,38,26.51326,14,d15_direct,2,15,open,1.0,1.920000000000001
-2.55,5,26.517213,14,d17_medium,2,17,closed,0.0,-2.55
2.07,38,26.538775,14,d15_direct,2,15,open,1.0,2.0699999999999994
-3.03,3,26.541619,14,d17_medium,2,17,closed,0.0,-3.0300000000000002
-3.03,3,26.544453,14,d19_detour,2,19,closed,0.0,-3.0300000000000002
-3.03,3,26.547321,14,d17_medium,2,17,closed,0.0,-3.0300000000000002
2.03,37,26.568848,14,d15_direct,2,15,open,1.0,2.0299999999999994
-3.03,3,26.572232,14,d17_medium,2,17,closed,0.0,-3.0300000000000002
4.14,36,26.592791,14,d15_direct,2,15,open,1.0,4.140000000000002
-0.76,26,26.608099,14,d15_direct,2,15,open,1.0,-0.7600000000000007
-3.03,3,26.611111,14,d19_detour,2,19,closed,0.0,-3.0300000000000002
-3.03,3,26.613997,14,d17_medium,2,17,closed,0.0,-3.0300000000000002
-3.03,3,26.617014,14,d19_detour,2,19,closed,0.0,-3.0300000000000002
1.92,38,26.638727,14,d15_direct,2,15,open,1.0,1.9199999999999995
-3.03,3,26.641641,14,d19_detour,2,19,closed,0.0,-3.0300000000000002
-3.03,3,26.644623,14,d17_medium,2,17,closed,0.0,-3.0300000000000002
-2.59,39,26.666858,14,d15_direct,2,15,open,1.0,-2.5900000000000007
4.02,38,26.688534,14,d15_direct,2,15,open,1.0,4.020000000000002
-3.03,3,26.691428,14,d17_medium,2,17,closed,0.0,-3.0300000000000002
-0.03,3,26.694281,14,d15_direct,2,15,open,1.0,-0.030000000000000027
-3.03,3,26.697115,14,d17_medium,2,17,closed,0.0,-3.0300000000000002
4.14,36,26.717689,14,d15_direct,2,15,open,1.0,4.140000000000002
-3.03,3,26.720853,14,d17_medium,2,17,closed,0.0,-3.0300000000000002
-0.41,26,26.736715,14,d15_direct,2,15,open,1.0,-0.41000000000000036
-2.7,15,26.745899,14,d15_direct,2,15,open,1.0,-2.7
-3.03,3,26.748857,14,d19_detour,2,19,closed,0.0,-3.0300000000000002
-2.82,17,26.759166,14,d17_medium,2,17,closed,0.0,-2.8200000000000003
-3.03,3,26.762087,14,d19_detour,2,19,closed,0.0,-3.0300000000000002
1.47,3,26.765602,14,d15_direct,2,15,open,1.0,1.47
-3.03,3,26.768574,14,d17_medium,2,17,closed,0.0,-3.0300000000000002
-3.03,3,26.771462,14,d17_medium,2,17,closed,0.0,-3.0300000000000002
-3.03,3,26.774435,14,d19_detour,2,19,closed,0.0,-3.0300000000000002
-3.03,3,26.7774,14,d17_medium,2,17,closed,0.0,-3.0300000000000002
-3.03,3,26.780341,14,d17_medium,2,17,closed,0.0,-3.0300000000000002
-2.55,5,26.784362,14,d19_detour,2,19,closed,0.0,-2.55
-3.03,3,26.787354,14,d17_medium,2,17,closed,0.0,-3.0300000000000002
-3.03,3,26.790222,14,d19_detour,2,19,closed,0.0,-3.0300000000000002
-0.76,31,26.808833,14,d17_medium,2,17,closed,0.0,-0.7600000000000002
4.14,36,26.830085,14,d15_direct,2,15,open,1.0,4.140000000000002
-0.46,26,26.845218,14,d15_direct,2,15,open,1.0,-0.4600000000000002
-3.82,17,26.855156,14,d17_medium,2,17,closed,0.0,-3.8199999999999994
-3.03,3,26.858018,14,d17_medium,2,17,closed,0.0,-3.0300000000000002
2.08,37,26.878929,14,d15_direct,2,15,open,1.0,2.080000000000002
-3.03,3,26.881853,14,d17_medium,2,17,closed,0.0,-3.0300000000000002
2.13,37,26.902585,14,d15_direct,2,15,open,1.0,2.13
-0.37,27,26.918131,14,d15_direct,2,15,open,1.0,-0.37000000000000033
1.75,25,26.932614,14,d15_direct,2,15,open,1.0,1.7499999999999998
2.02,38,27.167603,14,d15_direct,2,15,open,1.0,2.0199999999999996
-3.03,3,27.170623,14,d19_detour,2,19,closed,0.0,-3.0300000000000002
-3.03,3,27.173491,14,d17_medium,2,17,closed,0.0,-3.0300000000000002
-3.03,3,27.176289,14,d19_detour,2,19,closed,0.0,-3.0300000000000002
-0.26,26,27.191405,14,d15_direct,2,15,open,1.0,-0.26000000000000023
-3.03,3,27.194427,14,d17_medium,2,17,closed,0.0,-3.0300000000000002
4.14,36,27.214916,14,d15_direct,2,15,open,1.0,4.140000000000002
-3.03,3,27.218264,14,d19_detour,2,19,closed,0.0,-3.0300000000000002
-3.03,3,27.221177,14,d17_medium,2,17,closed,0.0,-3.0300000000000002
-0.86,16,27.231439,14,d17_medium,2,17,closed,0.0,-0.8600000000000001
-3.03,3,27.234453,14,d19_detour,2,19,closed,0.0,-3.0300000000000002
-3.03,3,27.23737,14,d19_detour,2,19,closed,0.0,-3.0300000000000002
-0.38,38,27.258617,14,d15_direct,2,15,open,1.0,-0.38000000000000034
1.47,3,27.261675,14,d15_direct,2,15,open,1.0,1.47
1.98,37,27.282452,14,d15_direct,2,15,open,1.0,1.9800000000000018
-0.89,39,27.304362,14,d15_direct,2,15,open,1.0,-0.8900000000000005
1.47,3,27.307278,14,d15_direct,2,15,open,1.0,1.47
-2.69,19,27.31879,14,d19_detour,2,19,closed,0.0,-2.6900000000000004
-3.03,3,27.321809,14,d17_medium,2,17,closed,0.0,-3.0300000000000002
-3.03,3,27.324801,14,d17_medium,2,17,closed,0.0,-3.0300000000000002
-3.03,3,27.327858,14,d17_medium,2,17,closed,0.0,-3.0300000000000002
-3.03,3,27.330765,14,d19_detour,2,19,closed,0.0,-3.0300000000000002
4.14,36,27.351814,14,d15_direct,2,15,open,1.0,4.140000000000002
-2.69,19,27.363453,14,d19_detour,2,19,closed,0.0,-2.6900000000000004
2.02,38,27.385363,14,d15_direct,2,15,open,1.0,2.0199999999999996
-3.03,3,27.388367,14,d17_medium,2,17,closed,0.0,-3.0300000000000002
-3.03,3,27.391309,14,d17_medium,2,17,closed,0.0,-3.0300000000000002
-3.03,3,27.394422,14,d17_medium,2,17,closed,0.0,-3.0300000000000002
1.69,26,27.41011,14,d15_direct,2,15,open,1.0,1.6899999999999997
-2.8,15,27.419447,14,d15_direct,2,15,open,1.0,-2.8
1.69,26,27.434515,14,d15_direct,2,15,open,1.0,1.6899999999999997
2.13,37,27.455749,14,d15_direct,2,15,open,1.0,2.13
-3.03,3,27.458731,14,d17_medium,2,17,closed,0.0,-3.0300000000000002
1.47,3,27.46184,14,d15_direct,2,15,open,1.0,1.47
-3.03,3,27.465233,14,d19_detour,2,19,closed,0.0,-3.0300000000000002
-3.03,3,27.468308,14,d17_medium,2,17,closed,0.0,-3.0300000000000002
-3.03,3,27.471228,14,d19_detour,2,19,closed,0.0,-3.0300000000000002
-3.03,3,27.474254,14,d19_detour,2,19,closed,0.0,-3.0300000000000002
-3.03,3,27.477125,14,d19_detour,2,19,closed,0.0,-3.0300000000000002
-3.03,3,27.480115,14,d17_medium,2,17,closed,0.0,-3.0300000000000002
-3.03,3,27.483111,14,d17_medium,2,17,closed,0.0,-3.0300000000000002
4.14,36,27.503281,14,d15_direct,2,15,open,1.0,4.140000000000002
-3.03,3,27.506187,14,d19_detour,2,19,closed,0.0,-3.0300000000000002
-3.03,3,27.50919,14,d19_detour,2,19,closed,0.0,-3.0300000000000002
4.08,37,27.53039,14,d15_direct,2,15,open,1.0,4.080000000000002
-3.03,3,27.533403,14,d17_medium,2,17,closed,0.0,-3.0300000000000002
4.14,36,27.553881,14,d15_direct,2,15,open,1.0,4.140000000000002
-3.03,3,27.556904,14,d19_detour,2,19,closed,0.0,-3.0300000000000002
1.69,26,27.572213,14,d15_direct,2,15,open,1.0,1.6899999999999997
-3.03,3,27.575158,14,d19_detour,2,19,closed,0.5,-3.0300000000000002
1.88,37,27.596573,14,d15_direct,2,15,open,1.0,1.8799999999999997
-3.03,3,27.599665,14,d17_medium,2,17,closed,0.0,-3.0300000000000002
-3.03,3,27.602603,14,d17_medium,2,17,closed,0.0,-3.0300000000000002
-3.03,3,27.605516,14,d19_detour,2,19,closed,0.0,-3.0300000000000002
-3.03,3,27.608462,14,d17_medium,2,17,closed,0.0,-3.0300000000000002
4.14,36,27.629337,14,d15_direct,2,15,open,1.0,4.140000000000002
-2.69,19,27.640807,14,d19_detour,2,19,closed,0.0,-2.6900000000000004
-1.53,3,27.643687,14,d17_medium,2,17,closed,0.0,-1.53
-3.03,3,27.646576,14,d19_detour,2,19,closed,0.0,-3.0300000000000002
-3.03,3,27.6497,14,d19_detour,2,19,closed,0.0,-3.0300000000000002
1.47,3,27.652668,14,d15_direct,2,15,open,1.0,1.47
-3.03,3,27.655587,14,d17_medium,2,17,closed,0.0,-3.0300000000000002
4.14,36,27.676106,14,d15_direct,2,15,open,1.0,4.140000000000002
-2.97,17,27.686548,14,d17_medium,2,17,closed,0.0,-2.97
-3.03,3,27.689519,14,d17_medium,2,17,closed,0.0,-3.0300000000000002
-3.03,3,27.692423,14,d19_detour,2,19,closed,0.0,-3.0300000000000002
-3.03,3,27.695358,14,d19_detour,2,19,closed,0.0,-3.0300000000000002
-0.26,26,27.710476,14,d15_direct,2,15,open,1.0,-0.26000000000000023
-1.53,3,27.713317,14,d19_detour,2,19,closed,0.0,-1.53
-0.33,38,27.73502,14,d15_direct,2,15,open,1.0,-0.3300000000000005
-3.03,3,27.738004,14,d19_detour,2,19,closed,0.0,-3.0300000000000002
-3.03,3,27.740957,14,d19_detour,2,19,closed,0.0,-3.0300000000000002
-3.03,3,27.743977,14,d19_detour,2,19,closed,0.0,-3.0300000000000002
-2.55,5,27.747926,14,d19_detour,2,19,closed,0.0,-2.55
-3.03,3,27.751106,14,d17_medium,2,17,closed,0.0,-3.0300000000000002
-3.03,3,27.754015,14,d19_detour,2,19,closed,0.0,-3.0300000000000002
-3.03,3,27.75701,14,d19_detour,2,19,closed,0.5,-3.0300000000000002
1.75,25,27.771578,14,d15_direct,2,15,open,1.0,1.7499999999999998
-3.03,3,27.774509,14,d19_detour,2,19,closed,0.0,-3.0300000000000002
1.57,38,27.796554,14,d15_direct,2,15,open,1.0,1.5699999999999992
-1.53,3,27.799545,14,d19_detour,2,19,closed,0.0,-1.53
1.47,3,27.802527,14,d15_direct,2,15,open,1.0,1.47
-3.03,3,27.805393,14,d17_medium,2,17,closed,0.0,-3.0300000000000002
-0.89,39,27.827676,14,d15_direct,2,15,open,1.0,-0.890000000000001
-0.26,26,27.843233,14,d15_direct,2,15,open,1.0,-0.26000000000000023
1.69,26,27.858257,14,d15_direct,2,15,open,1.0,1.6899999999999997
-3.03,3,27.86111,14,d17_medium,2,17,closed,0.0,-3.0300000000000002
-3.03,3,27.86393,14,d19_detour,2,19,closed,0.0,-3.0300000000000002
-3.03,3,27.866973,14,d17_medium,2,17,closed,0.0,-3.0300000000000002
-0.09,39,27.894627,14,d15_direct,2,15,open,1.0,-0.09000000000000052
-3.03,3,27.897626,14,d17_medium,2,17,closed,0.0,-3.0300000000000002
-0.03,3,27.90064,14,d15_direct,2,15,open,1.0,-0.030000000000000027
-3.03,3,27.903929,14,d19_detour,2,19,closed,0.0,-3.0300000000000002
-3.03,3,27.908799,14,d17_medium,2,17,closed,0.0,-3.0300000000000002
-3.03,3,27.914323,14,d19_detour,2,19,closed,0.0,-3.0300000000000002
-3.03,3,27.917411,14,d17_medium,2,17,closed,0.0,-3.0300000000000002
-3.03,3,27.920314,14,d17_medium,2,17,closed,0.0,-3.0300000000000002
-3.03,3,27.923212,14,d19_detour,2,19,closed,0.0,-3.0300000000000002
-3.03,3,27.926279,14,d19_detour,2,19,closed,0.0,-3.0300000000000002
2.13,37,27.950174,14,d15_direct,2,15,open,1.0,2.13
-3.03,3,27.953083,14,d19_detour,2,19,closed,0.0,-3.0300000000000002
1.47,3,27.955978,14,d15_direct,2,15,open,1.0,1.47
4.14,36,27.976208,14,d15_direct,2,15,open,1.0,4.140000000000002
-0.03,3,27.979123,14,d15_direct,2,15,open,1.0,-0.030000000000000027
-3.03,3,27.982096,14,d19_detour,2,19,closed,0.0,-3.0300000000000002
-3.03,3,27.985033,14,d19_detour,2,19,closed,0.0,-3.0300000000000002
-0.41,26,28.000633,14,d15_direct,2,15,open,1.0,-0.41000000000000036
-0.03,3,28.003468,14,d15_direct,2,15,open,1.0,-0.030000000000000027
1.47,3,28.006437,14,d15_direct,2,15,open,1.0,1.47
1.47,3,28.00938,14,d15_direct,2,15,open,1.0,1.47
-0.03,38,28.030722,14,d15_direct,2,15,open,1.0,-0.03000000000000025
-3.03,3,28.033557,14,d17_medium,2,17,closed,0.0,-3.0300000000000002
1.88,37,28.054562,14,d15_direct,2,15,open,1.0,1.880000000000001
-0.09,39,28.076628,14,d15_direct,2,15,open,1.0,-0.09000000000000052
-0.41,26,28.092294,14,d15_direct,2,15,open,1.0,-0.41000000000000036
-3.03,3,28.095263,14,d19_detour,2,19,closed,0.0,-3.0300000000000002
-3.03,3,28.098097,14,d17_medium,2,17,closed,0.0,-3.0300000000000002
-2.19,39,28.120832,14,d15_direct,2,15,open,1.0,-2.1900000000000004
-3.02,17,28.131193,14,d17_medium,2,17,closed,0.0,-3.0200000000000005
-3.03,3,28.13425,14,d17_medium,2,17,closed,0.0,-3.0300000000000002
-3.03,3,28.137137,14,d17_medium,2,17,closed,0.0,-3.0300000000000002
-1.53,3,28.140017,14,d17_medium,2,17,closed,0.0,-1.53
-3.03,3,28.142921,14,d19_detour,2,19,closed,0.0,-3.0300000000000002
-0.03,3,28.145795,14,d15_direct,2,15,open,1.0,-0.030000000000000027
-1.53,3,28.148678,14,d17_medium,2,17,closed,0.0,-1.53
-1.53,3,28.151577,14,d17_medium,2,17,closed,0.0,-1.53
-3.03,3,28.154464,14,d17_medium,2,17,closed,0.0,-3.0300000000000002
-3.03,3,28.157401,14,d17_medium,2,17,closed,0.0,-3.0300000000000002
-3.03,3,28.160357,14,d19_detour,2,19,closed,0.0,-3.0300000000000002
-3.03,3,28.163484,14,d17_medium,2,17,closed,0.0,-3.0300000000000002
-3.03,3,28.166549,14,d19_detour,2,19,closed,0.0,-3.0300000000000002
-0.82,27,28.18256,14,d15_direct,2,15,open,1.0,-0.8200000000000007
-3.03,3,28.185476,14,d17_medium,2,17,closed,0.0,-3.0300000000000002
-3.03,3,28.188397,14,d17_medium,2,17,closed,0.0,-3.0300000000000002
-3.03,3,28.191344,14,d19_detour,2,19,closed,0.0,-3.0300000000000002
-3.03,3,28.194205,14,d19_detour,2,19,closed,0.0,-3.0300000000000002
-3.03,3,28.197047,14,d19_detour,2,19,closed,0.0,-3.0300000000000002
1.98,37,28.217922,14,d15_direct,2,15,open,1.0,1.9800000000000015
-3.03,3,28.220897,14,d19_detour,2,19,closed,0.0,-3.0300000000000002
-3.03,3,28.223812,14,d17_medium,2,17,closed,0.0,-3.0300000000000002
-3.03,3,28.226622,14,d19_detour,2,19,closed,0.0,-3.0300000000000002
-0.03,38,28.248475,14,d15_direct,2,15,open,1.0,-0.03000000000000025
-0.92,17,28.258837,14,d17_medium,2,17,closed,0.0,-0.9200000000000002
-3.03,3,28.261699,14,d17_medium,2,17,closed,0.0,-3.0300000000000002
-3.03,3,28.264492,14,d19_detour,2,19,closed,0.0,-3.0300000000000002
-3.03,3,28.267376,14,d19_detour,2,19,closed,0.0,-3.0300000000000002
-3.03,3,28.270343,14,d19_detour,2,19,closed,0.0,-3.0300000000000002
-0.03,38,28.291608,14,d15_direct,2,15,open,1.0,-0.03000000000000025
-3.03,3,28.294559,14,d17_medium,2,17,closed,0.0,-3.0300000000000002
-3.03,3,28.297465,14,d17_medium,2,17,closed,0.0,-3.0300000000000002
-3.03,3,28.300348,14,d19_detour,2,19,closed,0.0,-3.0300000000000002
-0.38,38,28.323586,14,d15_direct,2,15,open,1.0,-0.3800000000000008
-3.03,3,28.326491,14,d19_detour,2,19,closed,0.0,-3.0300000000000002
-0.26,26,28.341515,14,d15_direct,2,15,open,1.0,-0.26000000000000023
1.75,25,28.3559,14,d15_direct,2,15,open,1.0,1.7499999999999998
-3.03,3,28.358833,14,d19_detour,2,19,closed,0.0,-3.0300000000000002
-3.03,3,28.361758,14,d17_medium,2,17,closed,0.0,-3.0300000000000002
-2.92,17,28.372561,14,d17_medium,2,17,closed,0.0,-2.92
1.47,3,28.37547,14,d15_direct,2,15,open,1.0,1.47
4.14,36,28.395708,14,d15_direct,2,15,open,1.0,4.140000000000002
-0.03,3,28.398473,14,d15_direct,2,15,open,1.0,-0.030000000000000027
-3.03,3,28.401398,14,d19_detour,2,19,closed,0.0,-3.0300000000000002
-3.03,3,28.404315,14,d17_medium,2,17,closed,0.0,-3.0300000000000002
-3.03,3,28.407151,14,d17_medium,2,17,closed,0.0,-3.0300000000000002
-3.03,3,28.410033,14,d19_detour,2,19,closed,0.0,-3.0300000000000002
-3.03,3,28.41295,14,d19_detour,2,19,closed,0.0,-3.0300000000000002
2.13,37,28.434597,14,d15_direct,2,15,open,1.0,2.13
-0.26,26,28.449789,14,d15_direct,2,15,open,1.0,-0.26000000000000023
4.08,37,28.470692,14,d15_direct,2,15,open,1.0,4.080000000000002
-0.49,39,28.493742,14,d15_direct,2,15,open,1.0,-0.4900000000000009
-3.03,3,28.496601,14,d19_detour,2,19,closed,0.0,-3.0300000000000002
-3.03,3,28.499411,14,d19_detour,2,19,closed,0.0,-3.0300000000000002
-3.03,3,28.502281,14,d19_detour,2,19,closed,0.0,-3.0300000000000002
4.14,36,28.740155,14,d15_direct,2,15,open,1.0,4.140000000000002
-3.03,3,28.743084,14,d19_detour,2,19,closed,0.0,-3.0300000000000002
2.07,38,28.764599,14,d15_direct,2,15,open,1.0,2.070000000000002
-3.03,3,28.767507,14,d17_medium,2,17,closed,0.0,-3.0300000000000002
-3.03,3,28.770437,14,d17_medium,2,17,closed,0.0,-3.0300000000000002
-3.03,3,28.773321,14,d19_detour,2,19,closed,0.0,-3.0300000000000002
1.75,25,28.788303,14,d15_direct,2,15,open,1.0,1.7499999999999998
-3.03,3,28.791127,14,d17_medium,2,17,closed,0.0,-3.0300000000000002
-3.03,3,28.794109,14,d19_detour,2,19,closed,0.0,-3.0300000000000002
-3.03,3,28.797003,14,d19_detour,2,19,closed,0.0,-3.0300000000000002
-3.03,3,28.799992,14,d17_medium,2,17,closed,0.0,-3.0300000000000002
-2.92,17,28.810358,14,d17_medium,2,17,closed,0.0,-2.92
1.47,3,28.813694,14,d15_direct,2,15,open,1.0,1.47
-3.03,3,28.816559,14,d17_medium,2,17,closed,0.0,-3.0300000000000002
-3.03,3,28.819509,14,d17_medium,2,17,closed,0.0,-3.0300000000000002
-0.33,38,28.841313,14,d15_direct,2,15,open,1.0,-0.33000000000000074
1.47,3,28.844161,14,d15_direct,2,15,open,1.0,1.47
-0.86,16,28.854138,14,d17_medium,2,17,closed,0.0,-0.8600000000000001
-3.03,3,28.857052,14,d19_detour,2,19,closed,0.0,-3.0300000000000002
-2.74,19,28.868748,14,d19_detour,2,19,closed,0.0,-2.74
-3.03,3,28.871625,14,d17_medium,2,17,closed,0.0,-3.0300000000000002
1.75,25,28.886997,14,d15_direct,2,15,open,1.0,1.7499999999999998
-3.03,3,28.889946,14,d19_detour,2,19,closed,0.0,-3.0300000000000002
-3.03,3,28.892873,14,d19_detour,2,19,closed,0.0,-3.0300000000000002
-3.03,3,28.895858,14,d17_medium,2,17,closed,0.0,-3.0300000000000002
2.08,37,28.917328,14,d15_direct,2,15,open,1.0,2.0799999999999996
-3.03,3,28.92028,14,d17_medium,2,17,closed,0.0,-3.0300000000000002
1.47,3,28.923204,14,d15_direct,2,15,open,1.0,1.47
-0.47,27,28.939906,14,d15_direct,2,15,open,1.0,-0.4700000000000004
-3.03,3,28.943128,14,d17_medium,2,17,closed,0.0,-3.0300000000000002
-3.03,3,28.946113,14,d19_detour,2,19,closed,0.0,-3.0300000000000002
1.63,37,28.968325,14,d15_direct,2,15,open,1.0,1.6299999999999997
-3.03,3,28.971211,14,d17_medium,2,17,closed,0.0,-3.0300000000000002
-3.03,3,28.974159,14,d17_medium,2,17,closed,0.0,-3.0300000000000002
-3.03,3,28.977269,14,d17_medium,2,17,closed,0.0,-3.0300000000000002
-3.03,3,28.980505,14,d17_medium,2,17,closed,0.0,-3.0300000000000002
-3.03,3,28.983837,14,d17_medium,2,17,closed,0.0,-3.0300000000000002
-2.69,19,28.995679,14,d19_detour,2,19,closed,0.0,-2.6900000000000004
-3.03,3,28.998503,14,d19_detour,2,19,closed,0.0,-3.0300000000000002
-1.53,3,29.00141,14,d17_medium,2,17,closed,0.0,-1.53
-3.03,3,29.004266,14,d19_detour,2,19,closed,0.0,-3.0300000000000002
1.75,25,29.019062,14,d15_direct,2,15,open,1.0,1.7499999999999998
-3.03,3,29.021952,14,d19_detour,2,19,closed,0.0,-3.0300000000000002
1.47,3,29.024965,14,d15_direct,2,15,open,1.0,1.47
-3.03,3,29.027985,14,d17_medium,2,17,closed,0.0,-3.0300000000000002
-3.03,3,29.030982,14,d17_medium,2,17,closed,0.0,-3.0300000000000002
-3.03,3,29.034047,14,d19_detour,2,19,closed,0.0,-3.0300000000000002
4.08,37,29.055425,14,d15_direct,2,15,open,1.0,4.080000000000002
2.08,37,29.076552,14,d15_direct,2,15,open,1.0,2.0800000000000023
-3.03,3,29.080137,14,d17_medium,2,17,closed,0.0,-3.0300000000000002
-3.03,3,29.083732,14,d19_detour,2,19,closed,0.0,-3.0300000000000002
-3.03,3,29.08674,14,d17_medium,2,17,closed,0.0,-3.0300000000000002
-3.03,3,29.089644,14,d17_medium,2,17,closed,0.0,-3.0300000000000002
-3.03,3,29.092663,14,d17_medium,2,17,closed,0.0,-3.0300000000000002
-3.03,3,29.095941,14,d17_medium,2,17,closed,0.0,-3.0300000000000002
-3.03,3,29.099317,14,d19_detour,2,19,closed,0.0,-3.0300000000000002
-3.03,3,29.102804,14,d19_detour,2,19,closed,0.0,-3.0300000000000002
-3.03,3,29.106357,14,d17_medium,2,17,closed,0.0,-3.0300000000000002
-3.03,3,29.109325,14,d19_detour,2,19,closed,0.0,-3.0300000000000002
-3.03,3,29.112242,14,d17_medium,2,17,closed,0.0,-3.0300000000000002
-3.03,3,29.11513,14,d19_detour,2,19,closed,0.0,-3.0300000000000002
1.82,38,29.136886,14,d15_direct,2,15,open,1.0,1.8199999999999996
-1.53,3,29.139783,14,d17_medium,2,17,closed,0.0,-1.53
4.08,37,29.161939,14,d15_direct,2,15,open,1.0,4.080000000000002
-2.87,27,29.177809,14,d15_direct,2,15,open,1.0,-2.87
-3.03,3,29.180622,14,d17_medium,2,17,closed,0.0,-3.0300000000000002
-0.86,16,29.190527,14,d17_medium,2,17,closed,0.0,-0.8600000000000001
-1.53,3,29.19334,14,d15_direct,2,15,open,1.0,-1.53
1.47,3,29.196257,14,d15_direct,2,15,open,1.0,1.47
-2.87,17,29.206766,14,d17_medium,2,17,closed,0.0,-2.87
-3.03,3,29.20966,14,d17_medium,2,17,closed,0.0,-3.0300000000000002
1.47,3,29.212537,14,d15_direct,2,15,open,1.0,1.47
-0.68,18,29.223381,14,d19_detour,2,19,closed,0.0,-0.6800000000000002
-3.03,3,29.226206,14,d19_detour,2,19,closed,0.0,-3.0300000000000002
4.14,36,29.247653,14,d15_direct,2,15,open,1.0,4.140000000000002
1.47,3,29.250487,14,d15_direct,2,15,open,1.0,1.47
-3.03,3,29.253457,14,d17_medium,2,17,closed,0.0,-3.0300000000000002
-3.03,3,29.256352,14,d17_medium,2,17,closed,0.0,-3.0300000000000002
-2.74,19,29.267833,14,d19_detour,2,19,closed,0.0,-2.74
-3.03,3,29.270896,14,d19_detour,2,19,closed,0.0,-3.0300000000000002
1.47,3,29.273784,14,d15_direct,2,15,open,1.0,1.47
-3.03,3,29.276706,14,d17_medium,2,17,closed,0.0,-3.0300000000000002
4.08,37,29.297892,14,d15_direct,2,15,open,1.0,4.080000000000002
4.14,36,29.318492,14,d15_direct,2,15,open,1.0,4.140000000000002
-0.08,38,29.340116,14,d15_direct,2,15,open,1.0,-0.0800000000000003
-3.03,3,29.343029,14,d17_medium,2,17,closed,0.0,-3.0300000000000002
-3.03,3,29.345928,14,d17_medium,2,17,closed,0.0,-3.0300000000000002
2.03,37,29.36719,14,d15_direct,2,15,open,1.0,2.0299999999999994
-3.03,3,29.370147,14,d19_detour,2,19,closed,0.0,-3.0300000000000002
1.87,38,29.392235,14,d15_direct,2,15,open,1.0,1.8699999999999997
-3.03,3,29.395477,14,d19_detour,2,19,closed,0.0,-3.0300000000000002
-3.03,3,29.398596,14,d19_detour,2,19,closed,0.0,-3.0300000000000002
1.63,37,29.422323,14,d15_direct,2,15,open,1.0,1.6299999999999992
-1.53,3,29.426156,14,d17_medium,2,17,closed,0.0,-1.53
-3.03,3,29.429092,14,d19_detour,2,19,closed,0.0,-3.0300000000000002
-3.03,3,29.432009,14,d19_detour,2,19,closed,0.5,-3.0300000000000002
-3.03,3,29.434998,14,d17_medium,2,17,closed,0.0,-3.0300000000000002
-3.03,3,29.438003,14,d19_detour,2,19,closed,0.0,-3.0300000000000002
2.08,37,29.459502,14,d15_direct,2,15,open,1.0,2.0799999999999996
-3.03,3,29.462586,14,d17_medium,2,17,closed,0.0,-3.0300000000000002
-3.03,3,29.465442,14,d19_detour,2,19,closed,0.0,-3.0300000000000002
2.13,37,29.486877,14,d15_direct,2,15,open,1.0,2.1300000000000026
-3.03,3,29.489956,14,d19_detour,2,19,closed,0.0,-3.0300000000000002
-3.03,3,29.492938,14,d17_medium,2,17,closed,0.0,-3.0300000000000002
-3.03,3,29.496198,14,d19_detour,2,19,closed,0.0,-3.0300000000000002
-3.03,3,29.499405,14,d17_medium,2,17,closed,0.0,-3.0300000000000002
4.08,37,29.520519,14,d15_direct,2,15,open,1.0,4.080000000000002
-3.03,3,29.523354,14,d19_detour,2,19,closed,0.0,-3.0300000000000002
-3.03,3,29.526261,14,d19_detour,2,19,closed,0.0,-3.0300000000000002
1.98,37,29.547571,14,d15_direct,2,15,open,1.0,1.9800000000000018
-3.03,3,29.550436,14,d17_medium,2,17,closed,0.0,-3.0300000000000002
-3.03,3,29.553376,14,d17_medium,2,17,closed,0.0,-3.0300000000000002
-3.03,3,29.556312,14,d19_detour,2,19,closed,0.0,-3.0300000000000002
-3.03,3,29.559282,14,d19_detour,2,19,closed,0.0,-3.0300000000000002
1.47,3,29.562165,14,d15_direct,2,15,open,1.0,1.47
-3.03,3,29.565119,14,d19_detour,2,19,closed,0.0,-3.0300000000000002
-3.03,3,29.568491,14,d19_detour,2,19,closed,0.0,-3.0300000000000002
-3.03,3,29.571737,14,d19_detour,2,19,closed,0.0,-3.0300000000000002
-0.43,38,29.593298,14,d15_direct,2,15,open,1.0,-0.4300000000000004
1.47,3,29.596163,14,d15_direct,2,15,open,1.0,1.47
-3.03,3,29.599112,14,d17_medium,2,17,closed,0.0,-3.0300000000000002
-3.03,3,29.602051,14,d19_detour,2,19,closed,0.0,-3.0300000000000002
-3.03,3,29.605021,14,d19_detour,2,19,closed,0.0,-3.0300000000000002
-1.53,3,29.608188,14,d19_detour,2,19,closed,0.0,-1.53
-3.03,3,29.611347,14,d19_detour,2,19,closed,0.0,-3.0300000000000002
-3.03,3,29.614437,14,d19_detour,2,19,closed,0.0,-3.0300000000000002
-2.66,11,29.621489,14,d19_detour,2,19,closed,0.0,-2.66
1.75,25,29.636475,14,d15_direct,2,15,open,1.0,1.7499999999999998
-2.56,6,29.640868,14,d19_detour,2,19,closed,0.0,-2.56
2.02,38,29.662438,14,d15_direct,2,15,open,1.0,2.0199999999999996
-3.03,3,29.665321,14,d19_detour,2,19,closed,0.0,-3.0300000000000002
-3.03,3,29.668168,14,d19_detour,2,19,closed,0.0,-3.0300000000000002
-2.55,5,29.672161,14,d19_detour,2,19,closed,0.0,-2.55
1.57,38,29.69382,14,d15_direct,2,15,open,1.0,1.5699999999999992
-0.59,39,29.716953,14,d15_direct,2,15,open,1.0,-0.5900000000000005
4.14,36,29.742315,14,d15_direct,2,15,open,1.0,4.140000000000002
-0.68,18,29.755752,14,d19_detour,2,19,closed,0.0,-0.6800000000000002
-3.03,3,29.758775,14,d19_detour,2,19,closed,0.0,-3.0300000000000002
4.14,36,29.780858,14,d15_direct,2,15,open,1.0,4.140000000000002
-0.48,38,29.802934,14,d15_direct,2,15,open,1.0,-0.48000000000000087
-3.03,3,29.805961,14,d17_medium,2,17,closed,0.0,-3.0300000000000002
1.31,29,29.823753,14,d17_medium,2,17,closed,0.0,1.3099999999999998
-3.03,3,29.82672,14,d19_detour,2,19,closed,0.0,-3.0300000000000002
-3.03,3,29.829937,14,d17_medium,2,17,closed,0.0,-3.0300000000000002
-2.97,17,29.840941,14,d17_medium,2,17,closed,0.0,-2.97
-3.03,3,29.844416,14,d17_medium,2,17,closed,0.0,-3.0300000000000002
-1.53,3,29.848243,14,d17_medium,2,17,closed,0.0,-1.53
-3.03,3,29.851879,14,d19_detour,2,19,closed,0.0,-3.0300000000000002
-3.03,3,29.855186,14,d17_medium,2,17,closed,0.0,-3.0300000000000002
-3.03,3,29.858035,14,d19_detour,2,19,closed,0.0,-3.0300000000000002
-3.03,3,29.860929,14,d19_detour,2,19,closed,0.0,-3.0300000000000002
-3.03,3,29.864267,14,d17_medium,2,17,closed,0.0,-3.0300000000000002
-2.87,17,29.874834,14,d17_medium,2,17,closed,0.0,-2.87
1.75,25,29.889693,14,d15_direct,2,15,open,1.0,1.7499999999999998
-3.03,3,29.892602,14,d17_medium,2,17,closed,0.0,-3.0300000000000002
-3.03,3,29.896284,14,d19_detour,2,19,closed,0.0,-3.0300000000000002
-3.03,3,29.899127,14,d19_detour,2,19,closed,0.0,-3.0300000000000002
-3.03,3,29.902061,14,d17_medium,2,17,closed,0.0,-3.0300000000000002
-0.03,3,29.905023,14,d15_direct,2,15,open,1.0,-0.030000000000000027
-3.03,3,29.907902,14,d19_detour,2,19,closed,0.0,-3.0300000000000002
-3.03,3,29.910709,14,d19_detour,2,19,closed,0.0,-3.0300000000000002
-3.03,3,29.913554,14,d19_detour,2,19,closed,0.0,-3.0300000000000002
-3.03,3,29.916418,14,d17_medium,2,17,closed,0.0,-3.0300000000000002
-3.03,3,29.919294,14,d19_detour,2,19,closed,0.0,-3.0300000000000002
1.47,3,29.922264,14,d15_direct,2,15,open,1.0,1.47
-2.97,17,29.934031,14,d17_medium,2,17,closed,0.0,-2.97
0.12,38,29.955892,14,d15_direct,2,15,open,1.0,0.11999999999999966
-0.68,18,29.967325,14,d19_detour,2,19,closed,0.0,-0.6800000000000002
-3.03,3,29.970293,14,d19_detour,2,19,closed,0.0,-3.0300000000000002
2.13,37,29.992496,14,d15_direct,2,15,open,1.0,2.1300000000000026
4.14,36,30.013637,14,d15_direct,2,15,open,1.0,4.140000000000002
-3.03,3,30.016543,14,d19_detour,2,19,closed,0.0,-3.0300000000000002
-3.02,17,30.027064,14,d17_medium,2,17,closed,0.0,-3.0200000000000005
1.47,3,30.0309,14,d15_direct,2,15,open,1.0,1.47
-3.03,3,30.034452,14,d17_medium,2,17,closed,0.0,-3.0300000000000002
-3.03,3,30.037575,14,d19_detour,2,19,closed,0.0,-3.0300000000000002
-1.53,3,30.040441,14,d17_medium,2,17,closed,0.0,-1.53
1.47,3,30.043324,14,d15_direct,2,15,open,1.0,1.47
-3.03,3,30.046337,14,d19_detour,2,19,closed,0.0,-3.0300000000000002
1.52,38,30.067388,14,d15_direct,2,15,open,1.0,1.5199999999999991
-0.53,38,30.08944,14,d15_direct,2,15,open,1.0,-0.5300000000000007
-0.68,18,30.325111,14,d19_detour,2,19,closed,0.0,-0.6800000000000002
-3.03,3,30.328119,14,d19_detour,2,19,closed,0.0,-3.0300000000000002
2.07,38,30.356097,14,d15_direct,2,15,open,1.0,2.070000000000002
-3.03,3,30.359084,14,d17_medium,2,17,closed,0.0,-3.0300000000000002
1.47,3,30.362072,14,d15_direct,2,15,open,1.0,1.47
-3.03,3,30.365055,14,d17_medium,2,17,closed,0.0,-3.0300000000000002
4.14,36,30.385884,14,d15_direct,2,15,open,1.0,4.140000000000002
-3.03,3,30.388805,14,d19_detour,2,19,closed,0.0,-3.0300000000000002
-3.03,3,30.391665,14,d19_detour,2,19,closed,0.0,-3.0300000000000002
-1.53,3,30.394668,14,d17_medium,2,17,closed,0.0,-1.53
-3.03,3,30.397709,14,d17_medium,2,17,closed,0.0,-3.0300000000000002
4.14,36,30.418923,14,d15_direct,2,15,open,1.0,4.140000000000002
-0.03,3,30.4219,14,d15_direct,2,15,open,1.0,-0.030000000000000027
-3.03,3,30.424894,14,d17_medium,2,17,closed,0.0,-3.0300000000000002
-3.03,3,30.428131,14,d19_detour,2,19,closed,0.0,-3.0300000000000002
-3.03,3,30.431339,14,d19_detour,2,19,closed,0.0,-3.0300000000000002
-3.03,3,30.434479,14,d19_detour,2,19,closed,0.0,-3.0300000000000002
-0.23,38,30.456723,14,d15_direct,2,15,open,1.0,-0.23000000000000043
-0.43,38,30.478515,14,d15_direct,2,15,open,1.0,-0.4300000000000004
4.14,36,30.499244,14,d15_direct,2,15,open,1.0,4.140000000000002
-3.03,3,30.502146,14,d19_detour,2,19,closed,0.5,-3.0300000000000002
-3.03,3,30.505056,14,d19_detour,2,19,closed,0.0,-3.0300000000000002
-3.03,3,30.508029,14,d17_medium,2,17,closed,0.0,-3.0300000000000002
-3.03,3,30.511135,14,d17_medium,2,17,closed,0.0,-3.0300000000000002
-3.03,3,30.514249,14,d19_detour,2,19,closed,0.5,-3.0300000000000002
-3.03,3,30.517257,14,d19_detour,2,19,closed,0.0,-3.0300000000000002
1.47,3,30.520139,14,d15_direct,2,15,open,1.0,1.47
-3.03,3,30.523062,14,d17_medium,2,17,closed,0.0,-3.0300000000000002
1.73,37,30.54436,14,d15_direct,2,15,open,1.0,1.7300000000000004
-3.03,3,30.547246,14,d19_detour,2,19,closed,0.0,-3.0300000000000002
4.08,37,30.56857,14,d15_direct,2,15,open,1.0,4.080000000000002
4.14,36,30.588492,14,d15_direct,2,15,open,1.0,4.140000000000002
-3.34,19,30.599161,14,d19_detour,2,19,closed,0.0,-3.3400000000000007
-3.03,3,30.601971,14,d19_detour,2,19,closed,0.0,-3.0300000000000002
-3.03,3,30.604824,14,d19_detour,2,19,closed,0.0,-3.0300000000000002
-3.03,3,30.60764,14,d17_medium,2,17,closed,0.0,-3.0300000000000002
-0.86,16,30.617184,14,d17_medium,2,17,closed,0.0,-0.8600000000000001
-3.03,3,30.62009,14,d17_medium,2,17,closed,0.0,-3.0300000000000002
-3.03,3,30.623004,14,d17_medium,2,17,closed,0.0,-3.0300000000000002
-3.03,3,30.625905,14,d17_medium,2,17,closed,0.0,-3.0300000000000002
-3.03,3,30.628886,14,d17_medium,2,17,closed,0.0,-3.0300000000000002
2.13,37,30.652937,14,d15_direct,2,15,open,1.0,2.13
-1.53,3,30.656058,14,d19_detour,2,19,closed,0.0,-1.53
2.13,37,30.684149,14,d15_direct,2,15,open,1.0,2.1300000000000026
-3.03,3,30.688546,14,d19_detour,2,19,closed,0.5,-3.0300000000000002
-3.03,3,30.691851,14,d19_detour,2,19,closed,0.0,-3.0300000000000002
-3.03,3,30.694755,14,d17_medium,2,17,closed,0.0,-3.0300000000000002
1.47,3,30.697753,14,d15_direct,2,15,open,1.0,1.47
-3.03,3,30.700618,14,d19_detour,2,19,closed,0.0,-3.0300000000000002
-3.03,3,30.703601,14,d17_medium,2,17,closed,0.0,-3.0300000000000002
-2.62,12,30.711208,14,d19_detour,2,19,closed,0.5,-2.62
-2.69,19,30.722519,14,d19_detour,2,19,closed,0.0,-2.6900000000000004
-3.03,3,30.725382,14,d17_medium,2,17,closed,0.0,-3.0300000000000002
4.14,36,30.746297,14,d15_direct,2,15,open,1.0,4.140000000000002
-0.86,16,30.759282,14,d17_medium,2,17,closed,0.0,-0.8600000000000001
-3.07,17,30.77114,14,d17_medium,2,17,closed,0.0,-3.0700000000000003
-1.53,3,30.774181,14,d19_detour,2,19,closed,0.0,-1.53
-3.03,3,30.777182,14,d17_medium,2,17,closed,0.0,-3.0300000000000002
-3.03,3,30.780202,14,d19_detour,2,19,closed,0.0,-3.0300000000000002
4.14,36,30.801436,14,d15_direct,2,15,open,1.0,4.140000000000002
-3.03,3,30.804464,14,d17_medium,2,17,closed,0.0,-3.0300000000000002
1.69,26,30.820361,14,d15_direct,2,15,open,1.0,1.6899999999999997
-3.03,3,30.823317,14,d19_detour,2,19,closed,0.5,-3.0300000000000002
-2.97,17,30.834541,14,d17_medium,2,17,closed,0.0,-2.97
1.47,3,30.837632,14,d15_direct,2,15,open,1.0,1.47
2.08,37,30.859263,14,d15_direct,2,15,open,1.0,2.0799999999999996
-2.69,19,30.870625,14,d19_detour,2,19,closed,0.0,-2.6900000000000004
4.14,36,30.89109,14,d15_direct,2,15,open,1.0,4.140000000000002
-2.55,5,30.895167,14,d19_detour,2,19,closed,0.0,-2.55
-3.34,19,30.906277,14,d19_detour,2,19,closed,0.0,-3.3400000000000007
1.82,38,30.928053,14,d15_direct,2,15,open,1.0,1.8199999999999994
-3.03,3,30.931423,14,d17_medium,2,17,closed,0.0,-3.0300000000000002
4.14,36,30.951903,14,d15_direct,2,15,open,1.0,4.140000000000002
-3.03,3,30.954859,14,d17_medium,2,17,closed,0.0,-3.0300000000000002
-3.03,3,30.957699,14,d17_medium,2,17,closed,0.0,-3.0300000000000002
-3.03,3,30.960616,14,d17_medium,2,17,closed,0.0,-3.0300000000000002
-2.91,31,30.978859,14,d17_medium,2,17,closed,0.0,-2.91
-3.03,3,30.981735,14,d19_detour,2,19,closed,0.0,-3.0300000000000002
-3.07,17,30.991842,14,d17_medium,2,17,closed,0.0,-3.0700000000000003
4.14,36,31.012658,14,d15_direct,2,15,open,1.0,4.140000000000002
1.47,3,31.015515,14,d15_direct,2,15,open,1.0,1.47
1.47,3,31.018396,14,d15_direct,2,15,open,1.0,1.47
-3.03,3,31.021318,14,d19_detour,2,19,closed,0.0,-3.0300000000000002
-2.92,17,31.031664,14,d17_medium,2,17,closed,0.0,-2.92
-3.03,3,31.034544,14,d19_detour,2,19,closed,0.0,-3.0300000000000002
-3.03,3,31.037413,14,d19_detour,2,19,closed,0.0,-3.0300000000000002
-3.03,3,31.040332,14,d19_detour,2,19,closed,0.0,-3.0300000000000002
-3.03,3,31.043152,14,d19_detour,2,19,closed,0.0,-3.0300000000000002
-3.03,3,31.046117,14,d17_medium,2,17,closed,0.0,-3.0300000000000002
2.07,38,31.06775,14,d15_direct,2,15,open,1.0,2.070000000000002
-3.03,3,31.070611,14,d17_medium,2,17,closed,0.0,-3.0300000000000002
-3.03,3,31.076567,14,d19_detour,2,19,closed,0.0,-3.0300000000000002
-3.03,3,31.080853,14,d19_detour,2,19,closed,0.0,-3.0300000000000002
4.08,37,31.103227,14,d15_direct,2,15,open,1.0,4.080000000000002
-3.03,3,31.106256,14,d17_medium,2,17,closed,0.0,-3.0300000000000002
-0.03,3,31.109115,14,d15_direct,2,15,open,1.0,-0.030000000000000027
-3.03,3,31.112023,14,d19_detour,2,19,closed,0.0,-3.0300000000000002
2.08,37,31.134156,14,d15_direct,2,15,open,1.0,2.0799999999999996
1.63,37,31.155905,14,d15_direct,2,15,open,1.0,1.63
1.75,25,31.170799,14,d15_direct,2,15,open,1.0,1.7499999999999998
-3.03,3,31.173752,14,d17_medium,2,17,closed,0.0,-3.0300000000000002
-0.66,26,31.188992,14,d15_direct,2,15,open,1.0,-0.6600000000000006
-3.03,3,31.191882,14,d19_detour,2,19,closed,0.0,-3.0300000000000002
-2.62,12,31.199191,14,d19_detour,2,19,closed,0.0,-2.62
1.47,3,31.202156,14,d15_direct,2,15,open,1.0,1.47
4.08,37,31.222717,14,d15_direct,2,15,open,1.0,4.080000000000002
-0.46,26,31.238229,14,d15_direct,2,15,open,1.0,-0.4600000000000004
-2.92,17,31.248548,14,d17_medium,2,17,closed,0.0,-2.92
-3.03,3,31.251345,14,d17_medium,2,17,closed,0.0,-3.0300000000000002
-1.53,3,31.254124,14,d17_medium,2,17,closed,0.0,-1.53
1.47,3,31.25701,14,d15_direct,2,15,open,1.0,1.47
4.02,38,31.278468,14,d15_direct,2,15,open,1.0,4.020000000000002
-3.03,3,31.281317,14,d19_detour,2,19,closed,0.0,-3.0300000000000002
-3.03,3,31.284199,14,d17_medium,2,17,closed,0.0,-3.0300000000000002
-0.52,27,31.299813,14,d15_direct,2,15,open,1.0,-0.5200000000000005
1.47,3,31.302682,14,d15_direct,2,15,open,1.0,1.47
4.08,37,31.323485,14,d15_direct,2,15,open,1.0,4.080000000000002
-0.64,14,31.33201,14,d15_direct,2,15,open,1.0,-0.6400000000000001
-3.03,3,31.334899,14,d19_detour,2,19,closed,0.0,-3.0300000000000002
-3.03,3,31.337723,14,d19_detour,2,19,closed,0.0,-3.0300000000000002
-2.27,27,31.353901,14,d15_direct,2,15,open,1.0,-2.2700000000000005
-3.03,3,31.357661,14,d19_detour,2,19,closed,0.0,-3.0300000000000002
4.14,36,31.382431,14,d15_direct,2,15,open,1.0,4.140000000000002
-3.27,17,31.40128,14,d17_medium,2,17,closed,0.0,-3.2700000000000005
1.98,37,31.425243,14,d15_direct,2,15,open,1.0,1.9800000000000018
4.08,37,31.446846,14,d15_direct,2,15,open,1.0,4.080000000000002
-3.03,3,31.450256,14,d17_medium,2,17,closed,0.0,-3.0300000000000002
4.02,38,31.471799,14,d15_direct,2,15,open,1.0,4.020000000000001
-3.03,3,31.474828,14,d17_medium,2,17,closed,0.0,-3.0300000000000002
1.78,37,31.495746,14,d15_direct,2,15,open,1.0,1.7799999999999994
1.47,3,31.498549,14,d15_direct,2,15,open,1.0,1.47
2.13,37,31.519659,14,d15_direct,2,15,open,1.0,2.13
-0.86,16,31.529992,14,d17_medium,2,17,closed,0.0,-0.8600000000000001
-3.03,3,31.532998,14,d19_detour,2,19,closed,0.0,-3.0300000000000002
-3.03,3,31.535952,14,d19_detour,2,19,closed,0.0,-3.0300000000000002
1.47,3,31.538841,14,d15_direct,2,15,open,1.0,1.47
2.13,37,31.560812,14,d15_direct,2,15,open,1.0,2.13
-3.03,3,31.563714,14,d17_medium,2,17,closed,0.0,-3.0300000000000002
-3.24,19,31.575185,14,d19_detour,2,19,closed,0.0,-3.24
4.08,37,31.596268,14,d15_direct,2,15,open,1.0,4.080000000000002
-0.43,38,31.617682,14,d15_direct,2,15,open,1.0,-0.4300000000000004
1.75,25,31.632213,14,d15_direct,2,15,open,1.0,1.7499999999999998
-3.03,3,31.635125,14,d17_medium,2,17,closed,0.0,-3.0300000000000002
-3.03,3,31.638114,14,d17_medium,2,17,closed,0.0,-3.0300000000000002
4.08,37,31.900998,14,d15_direct,2,15,open,1.0,4.080000000000002
-2.55,5,31.905119,14,d19_detour,2,19,closed,0.0,-2.55
-0.03,3,31.908068,14,d15_direct,2,15,open,1.0,-0.030000000000000027
-1.53,3,31.911102,14,d19_detour,2,19,closed,0.5,-1.53
-3.03,3,31.913929,14,d19_detour,2,19,closed,0.0,-3.0300000000000002
-3.03,3,31.917005,14,d19_detour,2,19,closed,0.0,-3.0300000000000002
-3.04,19,31.929007,14,d19_detour,2,19,closed,0.0,-3.04
0.02,38,31.952264,14,d15_direct,2,15,open,1.0,0.019999999999999574
1.69,26,31.967815,14,d15_direct,2,15,open,1.0,1.6899999999999997
-3.03,3,31.970682,14,d19_detour,2,19,closed,0.5,-3.0300000000000002
-0.03,3,31.973524,14,d15_direct,2,15,open,1.0,-0.030000000000000027
-3.03,3,31.976616,14,d17_medium,2,17,closed,0.0,-3.0300000000000002
-3.03,3,31.979729,14,d17_medium,2,17,closed,0.0,-3.0300000000000002
-3.03,3,31.982587,14,d19_detour,2,19,closed,0.0,-3.0300000000000002
-3.03,3,31.985408,14,d19_detour,2,19,closed,0.0,-3.0300000000000002
-0.68,18,31.996923,14,d19_detour,2,19,closed,0.0,-0.6800000000000002
-3.03,3,31.999758,14,d19_detour,2,19,closed,0.0,-3.0300000000000002
-3.03,3,32.002555,14,d19_detour,2,19,closed,0.5,-3.0300000000000002
-3.03,3,32.005434,14,d17_medium,2,17,closed,0.0,-3.0300000000000002
1.75,25,32.020065,14,d15_direct,2,15,open,1.0,1.7499999999999998
-3.03,3,32.023018,14,d19_detour,2,19,closed,0.0,-3.0300000000000002
-3.03,3,32.025908,14,d19_detour,2,19,closed,0.0,-3.0300000000000002
4.08,37,32.047656,14,d15_direct,2,15,open,1.0,4.080000000000002
-3.03,3,32.050531,14,d19_detour,2,19,closed,0.0,-3.0300000000000002
2.13,37,32.071118,14,d15_direct,2,15,open,1.0,2.13
-3.03,3,32.074025,14,d19_detour,2,19,closed,0.0,-3.0300000000000002
1.47,3,32.077219,14,d15_direct,2,15,open,1.0,1.47
1.92,38,32.10024,14,d15_direct,2,15,open,1.0,1.9199999999999997
-3.03,3,32.103658,14,d19_detour,2,19,closed,0.0,-3.0300000000000002
-3.03,3,32.106855,14,d19_detour,2,19,closed,0.0,-3.0300000000000002
4.14,36,32.128947,14,d15_direct,2,15,open,1.0,4.140000000000002
-3.03,3,32.13198,14,d19_detour,2,19,closed,0.0,-3.0300000000000002
-3.03,3,32.134974,14,d17_medium,2,17,closed,0.0,-3.0300000000000002
-3.03,3,32.138391,14,d17_medium,2,17,closed,0.0,-3.0300000000000002
-3.03,3,32.141284,14,d17_medium,2,17,closed,0.0,-3.0300000000000002
-3.03,3,32.144223,14,d17_medium,2,17,closed,0.0,-3.0300000000000002
1.47,3,32.147108,14,d15_direct,2,15,open,1.0,1.47
-3.03,3,32.149944,14,d19_detour,2,19,closed,0.0,-3.0300000000000002
1.47,3,32.152875,14,d15_direct,2,15,open,1.0,1.47
-1.53,3,32.155693,14,d19_detour,2,19,closed,0.0,-1.53
1.98,37,32.176537,14,d15_direct,2,15,open,1.0,1.9799999999999995
-3.03,3,32.179408,14,d17_medium,2,17,closed,0.0,-3.0300000000000002
1.47,3,32.18229,14,d15_direct,2,15,open,1.0,1.47
-3.03,3,32.1851,14,d19_detour,2,19,closed,0.0,-3.0300000000000002
1.75,25,32.200536,14,d15_direct,2,15,open,1.0,1.7499999999999998
-3.03,3,32.203683,14,d19_detour,2,19,closed,0.0,-3.0300000000000002
-3.03,3,32.206602,14,d19_detour,2,19,closed,0.0,-3.0300000000000002
-2.78,13,32.215286,14,d19_detour,2,19,closed,0.5,-2.7800000000000002
4.14,36,32.235709,14,d15_direct,2,15,open,1.0,4.140000000000002
2.08,37,32.256369,14,d15_direct,2,15,open,1.0,2.0799999999999996
-3.02,17,32.266675,14,d17_medium,2,17,closed,0.0,-3.0200000000000005
-3.29,19,32.278788,14,d19_detour,2,19,closed,0.0,-3.290000000000001
-3.03,3,32.282763,14,d17_medium,2,17,closed,0.0,-3.0300000000000002
-0.64,14,32.293787,14,d15_direct,2,15,open,1.0,-0.6400000000000001
1.47,3,32.297402,14,d15_direct,2,15,open,1.0,1.47
-3.03,3,32.302455,14,d19_detour,2,19,closed,0.0,-3.0300000000000002
1.98,37,32.331712,14,d15_direct,2,15,open,1.0,1.9800000000000018
-3.03,3,32.334529,14,d17_medium,2,17,closed,0.0,-3.0300000000000002
-3.03,3,32.337367,14,d17_medium,2,17,closed,0.0,-3.0300000000000002
1.47,3,32.340226,14,d15_direct,2,15,open,1.0,1.47
-3.03,3,32.343314,14,d17_medium,2,17,closed,0.0,-3.0300000000000002
4.08,37,32.365685,14,d15_direct,2,15,open,1.0,4.080000000000002
-3.03,3,32.368639,14,d19_detour,2,19,closed,0.0,-3.0300000000000002
-0.86,16,32.378356,14,d17_medium,2,17,closed,0.0,-0.8600000000000001
-3.03,3,32.381119,14,d19_detour,2,19,closed,0.0,-3.0300000000000002
1.75,25,32.395214,14,d15_direct,2,15,open,1.0,1.7499999999999998
-2.69,19,32.40614,14,d19_detour,2,19,closed,0.0,-2.6900000000000004
1.98,37,32.426549,14,d15_direct,2,15,open,1.0,1.9799999999999995
1.47,3,32.429598,14,d15_direct,2,15,open,1.0,1.47
-3.03,3,32.432375,14,d19_detour,2,19,closed,0.0,-3.0300000000000002
-1.53,3,32.435143,14,d17_medium,2,17,closed,0.0,-1.53
-3.34,19,32.447063,14,d19_detour,2,19,closed,0.0,-3.3400000000000007
1.47,3,32.450007,14,d15_direct,2,15,open,1.0,1.47
-2.87,17,32.46066,14,d17_medium,2,17,closed,0.0,-2.87
-3.03,3,32.463536,14,d17_medium,2,17,closed,0.0,-3.0300000000000002
-3.03,3,32.466361,14,d19_detour,2,19,closed,0.0,-3.0300000000000002
4.14,36,32.486773,14,d15_direct,2,15,open,1.0,4.140000000000002
1.83,37,32.507375,14,d15_direct,2,15,open,1.0,1.8299999999999994
-3.03,3,32.510479,14,d19_detour,2,19,closed,0.0,-3.0300000000000002
-3.03,3,32.513361,14,d17_medium,2,17,closed,0.0,-3.0300000000000002
-3.14,19,32.52452,14,d19_detour,2,19,closed,0.0,-3.1399999999999997
-2.55,5,32.528682,14,d19_detour,2,19,closed,0.0,-2.55
-1.53,3,32.531539,14,d19_detour,2,19,closed,0.0,-1.53
-1.53,3,32.53426,14,d19_detour,2,19,closed,0.0,-1.53
-3.03,3,32.537037,14,d19_detour,2,19,closed,0.0,-3.0300000000000002
-3.03,3,32.539929,14,d17_medium,2,17,closed,0.0,-3.0300000000000002
-3.03,3,32.542804,14,d19_detour,2,19,closed,0.0,-3.0300000000000002
-3.03,3,32.545618,14,d19_detour,2,19,closed,0.0,-3.0300000000000002
-3.03,3,32.548415,14,d17_medium,2,17,closed,0.0,-3.0300000000000002
-3.03,3,32.551415,14,d19_detour,2,19,closed,0.0,-3.0300000000000002
-3.03,3,32.554265,14,d19_detour,2,19,closed,0.5,-3.0300000000000002
-3.03,3,32.557146,14,d19_detour,2,19,closed,0.0,-3.0300000000000002
-3.03,3,32.560101,14,d17_medium,2,17,closed,0.0,-3.0300000000000002
-1.53,3,32.562999,14,d19_detour,2,19,closed,0.0,-1.53
-3.03,3,32.565915,14,d19_detour,2,19,closed,0.0,-3.0300000000000002
-0.03,3,32.568654,14,d19_detour,2,19,closed,0.5,-0.030000000000000027
-3.03,3,32.57144,14,d19_detour,2,19,closed,0.0,-3.0300000000000002
-2.65,15,32.580533,14,d15_direct,2,15,open,1.0,-2.6500000000000004
-3.03,3,32.583447,14,d17_medium,2,17,closed,0.0,-3.0300000000000002
1.47,3,32.586253,14,d15_direct,2,15,open,1.0,1.47
1.78,37,32.60676,14,d15_direct,2,15,open,1.0,1.7799999999999994
-2.74,19,32.618892,14,d19_detour,2,19,closed,0.0,-2.74
4.14,36,32.639001,14,d15_direct,2,15,open,1.0,4.140000000000002
-3.03,3,32.641901,14,d19_detour,2,19,closed,0.0,-3.0300000000000002
-3.03,3,32.644866,14,d19_detour,2,19,closed,0.0,-3.0300000000000002
-3.03,3,32.647713,14,d17_medium,2,17,closed,0.0,-3.0300000000000002
0.07,38,32.669522,14,d15_direct,2,15,open,1.0,0.06999999999999962
-3.03,3,32.672344,14,d19_detour,2,19,closed,0.0,-3.0300000000000002
-0.03,3,32.675169,14,d15_direct,2,15,open,1.0,-0.030000000000000027
-3.03,3,32.678188,14,d19_detour,2,19,closed,0.0,-3.0300000000000002
-1.53,3,32.681223,14,d19_detour,2,19,closed,0.0,-1.53
4.14,36,32.70145,14,d15_direct,2,15,open,1.0,4.140000000000002
-3.34,19,32.7124,14,d19_detour,2,19,closed,0.0,-3.3400000000000007
1.47,3,32.715511,14,d15_direct,2,15,open,1.0,1.47
-3.03,3,32.718437,14,d19_detour,2,19,closed,0.0,-3.0300000000000002
1.51,39,32.740094,14,d15_direct,2,15,open,1.0,1.5099999999999996
-3.03,3,32.74303,14,d19_detour,2,19,closed,0.0,-3.0300000000000002
-3.07,17,32.753188,14,d17_medium,2,17,closed,0.0,-3.0700000000000003
-3.03,3,32.756088,14,d19_detour,2,19,closed,0.0,-3.0300000000000002
-3.03,3,32.758977,14,d17_medium,2,17,closed,0.0,-3.0300000000000002
-3.02,17,32.769819,14,d17_medium,2,17,closed,0.0,-3.0200000000000005
4.14,36,32.790712,14,d15_direct,2,15,open,1.0,4.140000000000002
-3.03,3,32.793535,14,d19_detour,2,19,closed,0.0,-3.0300000000000002
-3.03,3,32.796566,14,d19_detour,2,19,closed,0.0,-3.0300000000000002
1.47,3,32.799737,14,d15_direct,2,15,open,1.0,1.47
1.47,3,32.802495,14,d15_direct,2,15,open,1.0,1.47
4.08,37,32.823165,14,d15_direct,2,15,open,1.0,4.080000000000002
-3.03,3,32.826051,14,d17_medium,2,17,closed,0.0,-3.0300000000000002
1.47,3,32.829348,14,d15_direct,2,15,open,1.0,1.47
1.75,25,32.843783,14,d15_direct,2,15,open,1.0,1.7499999999999998
-3.03,3,32.846764,14,d17_medium,2,17,closed,0.0,-3.0300000000000002
-3.03,3,32.849553,14,d19_detour,2,19,closed,0.5,-3.0300000000000002
-3.03,3,32.852443,14,d17_medium,2,17,closed,0.0,-3.0300000000000002
-3.03,3,32.855312,14,d17_medium,2,17,closed,0.0,-3.0300000000000002
4.02,38,32.878128,14,d15_direct,2,15,open,1.0,4.020000000000001
-3.03,3,32.881017,14,d19_detour,2,19,closed,0.0,-3.0300000000000002
-3.03,3,32.883928,14,d19_detour,2,19,closed,0.0,-3.0300000000000002
-3.03,3,32.886892,14,d17_medium,2,17,closed,0.0,-3.0300000000000002
-3.03,3,32.889763,14,d17_medium,2,17,closed,0.0,-3.0300000000000002
-3.03,3,32.892675,14,d19_detour,2,19,closed,0.0,-3.0300000000000002
-3.03,3,32.895521,14,d17_medium,2,17,closed,0.0,-3.0300000000000002
-3.03,3,32.898262,14,d19_detour,2,19,closed,0.0,-3.0300000000000002
-3.03,3,32.901072,14,d19_detour,2,19,closed,0.0,-3.0300000000000002
-2.55,5,32.905166,14,d19_detour,2,19,closed,0.0,-2.55
-3.03,3,32.908123,14,d19_detour,2,19,closed,0.0,-3.0300000000000002
-1.53,3,32.91131,14,d19_detour,2,19,closed,0.0,-1.53
-1.53,3,32.914465,14,d19_detour,2,19,closed,0.5,-1.53
-2.97,17,32.92484,14,d17_medium,2,17,closed,0.0,-2.97
-0.86,16,32.935553,14,d17_medium,2,17,closed,0.0,-0.8600000000000001
-2.91,31,32.953673,14,d17_medium,2,17,closed,0.0,-2.910000000000001
4.14,36,32.974036,14,d15_direct,2,15,open,1.0,4.140000000000002
-3.03,3,32.977028,14,d17_medium,2,17,closed,0.0,-3.0300000000000002
4.08,37,32.998887,14,d15_direct,2,15,open,1.0,4.080000000000002
-0.74,19,33.010185,14,d19_detour,2,19,closed,0.0,-0.7400000000000002
-0.86,16,33.02019,14,d17_medium,2,17,closed,0.0,-0.8600000000000001
4.02,38,33.041499,14,d15_direct,2,15,open,1.0,4.020000000000001
1.47,3,33.04451,14,d15_direct,2,15,open,1.0,1.47
-3.03,3,33.047824,14,d17_medium,2,17,closed,0.0,-3.0300000000000002
4.02,38,33.06951,14,d15_direct,2,15,open,1.0,4.020000000000002
-3.03,3,33.07234,14,d19_detour,2,19,closed,0.0,-3.0300000000000002
1.47,3,33.075219,14,d15_direct,2,15,open,1.0,1.47
4.14,36,33.096141,14,d15_direct,2,15,open,1.0,4.140000000000002
-2.55,5,33.100135,14,d19_detour,2,19,closed,0.0,-2.55
4.08,37,33.121546,14,d15_direct,2,15,open,1.0,4.080000000000002
1.93,37,33.142779,14,d15_direct,2,15,open,1.0,1.9299999999999995
-3.07,17,33.153454,14,d17_medium,2,17,closed,0.0,-3.0700000000000003
-3.03,3,33.156213,14,d19_detour,2,19,closed,0.5,-3.0300000000000002
-3.03,3,33.159102,14,d17_medium,2,17,closed,0.0,-3.0300000000000002
1.58,37,33.180389,14,d15_direct,2,15,open,1.0,1.5799999999999996
-3.03,3,33.183328,14,d17_medium,2,17,closed,0.0,-3.0300000000000002
1.75,25,33.198524,14,d15_direct,2,15,open,1.0,1.7499999999999998
-2.55,5,33.20347,14,d19_detour,2,19,closed,0.0,-2.55
-3.03,3,33.206442,14,d19_detour,2,19,closed,0.0,-3.0300000000000002
-3.03,3,33.209255,14,d19_detour,2,19,closed,0.0,-3.0300000000000002
1.58,37,33.23036,14,d15_direct,2,15,open,1.0,1.5799999999999996
1.47,3,33.233196,14,d15_direct,2,15,open,1.0,1.47
4.02,38,33.506379,14,d15_direct,2,15,open,1.0,4.020000000000001
4.14,36,33.526981,14,d15_direct,2,15,open,1.0,4.140000000000002
-0.71,26,33.542776,14,d15_direct,2,15,open,1.0,-0.7100000000000009
-0.82,27,33.558523,14,d15_direct,2,15,open,1.0,-0.8200000000000007
-0.68,18,33.569278,14,d19_detour,2,19,closed,0.0,-0.6800000000000002
-2.55,5,33.573188,14,d19_detour,2,19,closed,0.0,-2.55
-3.03,3,33.57608,14,d19_detour,2,19,closed,0.0,-3.0300000000000002
-3.03,3,33.579009,14,d19_detour,2,19,closed,0.0,-3.0300000000000002
-3.03,3,33.581977,14,d17_medium,2,17,closed,0.0,-3.0300000000000002
-3.03,3,33.585009,14,d19_detour,2,19,closed,0.0,-3.0300000000000002
-2.86,31,33.602736,14,d17_medium,2,17,closed,0.0,-2.8600000000000003
-0.86,16,33.612484,14,d17_medium,2,17,closed,0.0,-0.8600000000000001
-3.03,3,33.615312,14,d17_medium,2,17,closed,0.0,-3.0300000000000002
-3.03,3,33.618249,14,d17_medium,2,17,closed,0.0,-3.0300000000000002
-3.03,3,33.621154,14,d17_medium,2,17,closed,0.0,-3.0300000000000002
-2.62,12,33.628687,14,d17_medium,2,17,closed,0.0,-2.62
2.03,37,33.64951,14,d15_direct,2,15,open,1.0,2.030000000000002
-3.03,3,33.65235,14,d19_detour,2,19,closed,0.0,-3.0300000000000002
-3.03,3,33.655265,14,d17_medium,2,17,closed,0.0,-3.0300000000000002
-3.03,3,33.658228,14,d17_medium,2,17,closed,0.0,-3.0300000000000002
-3.03,3,33.661209,14,d17_medium,2,17,closed,0.0,-3.0300000000000002
-1.53,3,33.66401,14,d19_detour,2,19,closed,0.0,-1.53
-3.03,3,33.666931,14,d17_medium,2,17,closed,0.0,-3.0300000000000002
-3.03,3,33.669931,14,d17_medium,2,17,closed,0.0,-3.0300000000000002
1.75,25,33.685404,14,d15_direct,2,15,open,1.0,1.7499999999999998
-2.55,5,33.689264,14,d19_detour,2,19,closed,0.0,-2.55
-3.03,3,33.692102,14,d19_detour,2,19,closed,0.0,-3.0300000000000002
-3.34,19,33.70331,14,d19_detour,2,19,closed,0.0,-3.3400000000000007
-1.53,3,33.706167,14,d17_medium,2,17,closed,0.0,-1.53
4.08,37,33.727874,14,d15_direct,2,15,open,1.0,4.080000000000002
-3.07,17,33.73853,14,d17_medium,2,17,closed,0.0,-3.0700000000000003
-0.68,18,33.74946,14,d19_detour,2,19,closed,0.0,-0.6800000000000002
4.08,37,33.770218,14,d15_direct,2,15,open,1.0,4.080000000000002
1.69,26,33.785321,14,d15_direct,2,15,open,1.0,1.6899999999999997
-3.03,3,33.788214,14,d19_detour,2,19,closed,0.0,-3.0300000000000002
-0.86,16,33.797971,14,d17_medium,2,17,closed,0.0,-0.8600000000000001
-3.03,3,33.800915,14,d19_detour,2,19,closed,0.0,-3.0300000000000002
-3.03,3,33.804001,14,d17_medium,2,17,closed,0.0,-3.0300000000000002
-3.03,3,33.80689,14,d19_detour,2,19,closed,0.0,-3.0300000000000002
-0.86,16,33.81667,14,d17_medium,2,17,closed,0.0,-0.8600000000000001
-0.03,3,33.819489,14,d15_direct,2,15,open,1.0,-0.030000000000000027
-3.03,3,33.822289,14,d19_detour,2,19,closed,0.0,-3.0300000000000002
-3.03,3,33.82511,14,d19_detour,2,19,closed,0.0,-3.0300000000000002
-3.03,3,33.828033,14,d19_detour,2,19,closed,0.5,-3.0300000000000002
-3.03,3,33.831236,14,d17_medium,2,17,closed,0.0,-3.0300000000000002
-3.03,3,33.834543,14,d19_detour,2,19,closed,0.0,-3.0300000000000002
-2.74,19,33.846083,14,d19_detour,2,19,closed,0.0,-2.74
1.47,3,33.849068,14,d15_direct,2,15,open,1.0,1.47
-2.6,10,33.855623,14,d19_detour,2,19,closed,0.0,-2.6
-3.03,3,33.858509,14,d17_medium,2,17,closed,0.0,-3.0300000000000002
1.47,3,33.861696,14,d15_direct,2,15,open,1.0,1.47
-3.03,3,33.865362,14,d19_detour,2,19,closed,0.0,-3.0300000000000002
-3.03,3,33.868244,14,d19_detour,2,19,closed,0.0,-3.0300000000000002
1.47,3,33.871156,14,d15_direct,2,15,open,1.0,1.47
-3.03,3,33.874249,14,d17_medium,2,17,closed,0.0,-3.0300000000000002
-3.03,3,33.877699,14,d19_detour,2,19,closed,0.0,-3.0300000000000002
-3.03,3,33.88061,14,d19_detour,2,19,closed,0.0,-3.0300000000000002
-3.03,3,33.883509,14,d17_medium,2,17,closed,0.0,-3.0300000000000002
-3.03,3,33.886447,14,d19_detour,2,19,closed,0.0,-3.0300000000000002
4.08,37,33.90741,14,d15_direct,2,15,open,1.0,4.080000000000002
-1.53,3,33.91067,14,d19_detour,2,19,closed,0.5,-1.53
-3.03,3,33.913614,14,d19_detour,2,19,closed,0.0,-3.0300000000000002
4.14,36,33.93418,14,d15_direct,2,15,open,1.0,4.140000000000002
4.14,36,33.955127,14,d15_direct,2,15,open,1.0,4.140000000000002
-3.03,3,33.95814,14,d17_medium,2,17,closed,0.0,-3.0300000000000002
-3.03,3,33.961238,14,d19_detour,2,19,closed,0.0,-3.0300000000000002
-3.03,3,33.964104,14,d19_detour,2,19,closed,0.0,-3.0300000000000002
-3.03,3,33.967058,14,d17_medium,2,17,closed,0.0,-3.0300000000000002
-0.91,31,33.985266,14,d17_medium,2,17,closed,0.0,-0.9100000000000004
2.08,37,34.00712,14,d15_direct,2,15,open,1.0,2.0799999999999996
-1.53,3,34.009911,14,d19_detour,2,19,closed,0.0,-1.53
1.75,25,34.024946,14,d15_direct,2,15,open,1.0,1.7499999999999998
-0.86,16,34.035149,14,d17_medium,2,17,closed,0.0,-0.8600000000000001
-3.03,3,34.038012,14,d19_detour,2,19,closed,0.0,-3.0300000000000002
-3.03,3,34.040992,14,d19_detour,2,19,closed,0.0,-3.0300000000000002
4.14,36,34.061556,14,d15_direct,2,15,open,1.0,4.140000000000002
4.14,36,34.081794,14,d15_direct,2,15,open,1.0,4.140000000000002
-0.68,18,34.093102,14,d19_detour,2,19,closed,0.0,-0.6800000000000002
-3.03,3,34.096044,14,d19_detour,2,19,closed,0.5,-3.0300000000000002
4.14,36,34.117498,14,d15_direct,2,15,open,1.0,4.140000000000002
-3.03,3,34.120399,14,d17_medium,2,17,closed,0.0,-3.0300000000000002
1.75,25,34.134842,14,d15_direct,2,15,open,1.0,1.7499999999999998
-0.86,16,34.144578,14,d17_medium,2,17,closed,0.0,-0.8600000000000001
-0.03,3,34.147384,14,d15_direct,2,15,open,1.0,-0.030000000000000027
-2.21,21,34.15937,14,d17_medium,2,17,closed,0.0,-2.21
-3.03,3,34.162223,14,d19_detour,2,19,closed,0.0,-3.0300000000000002
4.14,36,34.182495,14,d15_direct,2,15,open,1.0,4.140000000000002
-2.55,5,34.186356,14,d19_detour,2,19,closed,0.0,-2.55
-3.03,3,34.189212,14,d17_medium,2,17,closed,0.0,-3.0300000000000002
-2.69,19,34.200379,14,d19_detour,2,19,closed,0.0,-2.6900000000000004
-3.03,3,34.203236,14,d19_detour,2,19,closed,0.0,-3.0300000000000002
4.14,36,34.223414,14,d15_direct,2,15,open,1.0,4.140000000000002
-3.03,3,34.226277,14,d17_medium,2,17,closed,0.0,-3.0300000000000002
-3.03,3,34.229171,14,d17_medium,2,17,closed,0.0,-3.0300000000000002
-3.03,3,34.232012,14,d17_medium,2,17,closed,0.0,-3.0300000000000002
-0.86,16,34.241761,14,d17_medium,2,17,closed,0.0,-0.8600000000000001
-3.03,3,34.245443,14,d19_detour,2,19,closed,0.0,-3.0300000000000002
-3.03,3,34.24955,14,d17_medium,2,17,closed,0.0,-3.0300000000000002
-3.03,3,34.253396,14,d19_detour,2,19,closed,0.0,-3.0300000000000002
-3.03,3,34.257237,14,d19_detour,2,19,closed,0.0,-3.0300000000000002
-3.03,3,34.261073,14,d17_medium,2,17,closed,0.0,-3.0300000000000002
-0.86,16,34.271168,14,d17_medium,2,17,closed,0.0,-0.8600000000000001
1.47,3,34.274286,14,d15_direct,2,15,open,1.0,1.47
-0.86,16,34.285051,14,d17_medium,2,17,closed,0.0,-0.8600000000000001
-0.03,3,34.287977,14,d17_medium,2,17,closed,0.0,-0.030000000000000027
-3.03,3,34.290912,14,d17_medium,2,17,closed,0.0,-3.0300000000000002
1.68,37,34.312684,14,d15_direct,2,15,open,1.0,1.6799999999999993
-2.92,17,34.322706,14,d17_medium,2,17,closed,0.0,-2.92
-3.03,3,34.325447,14,d19_detour,2,19,closed,0.0,-3.0300000000000002
1.47,3,34.328297,14,d15_direct,2,15,open,1.0,1.47
1.63,37,34.348654,14,d15_direct,2,15,open,1.0,1.6299999999999992
1.69,26,34.363418,14,d15_direct,2,15,open,1.0,1.6899999999999997
1.47,3,34.366342,14,d15_direct,2,15,open,1.0,1.47
-3.03,3,34.369168,14,d19_detour,2,19,closed,0.0,-3.0300000000000002
-3.03,3,34.372103,14,d19_detour,2,19,closed,0.0,-3.0300000000000002
-3.03,3,34.374958,14,d17_medium,2,17,closed,0.0,-3.0300000000000002
-0.86,16,34.384693,14,d17_medium,2,17,closed,0.0,-0.8600000000000001
1.47,3,34.387505,14,d15_direct,2,15,open,1.0,1.47
-3.03,3,34.390307,14,d17_medium,2,17,closed,0.0,-3.0300000000000002
-2.55,5,34.394096,14,d19_detour,2,19,closed,0.0,-2.55
-0.03,3,34.396921,14,d15_direct,2,15,open,1.0,-0.030000000000000027
-3.03,3,34.399853,14,d17_medium,2,17,closed,0.0,-3.0300000000000002
-3.03,3,34.402731,14,d17_medium,2,17,closed,0.0,-3.0300000000000002
-1.53,3,34.405422,14,d19_detour,2,19,closed,0.5,-1.53
-3.03,3,34.408216,14,d19_detour,2,19,closed,0.0,-3.0300000000000002
4.08,37,34.431113,14,d15_direct,2,15,open,1.0,4.080000000000002
-0.68,18,34.442173,14,d19_detour,2,19,closed,0.0,-0.6800000000000002
2.13,37,34.464642,14,d15_direct,2,15,open,1.0,2.13
1.97,38,34.48715,14,d15_direct,2,15,open,1.0,1.9700000000000013
1.97,38,34.508982,14,d15_direct,2,15,open,1.0,1.9699999999999998
-3.03,3,34.512727,14,d17_medium,2,17,closed,0.0,-3.0300000000000002
-3.03,3,34.515759,14,d19_detour,2,19,closed,0.0,-3.0300000000000002
1.97,38,34.538368,14,d15_direct,2,15,open,1.0,1.9699999999999995
4.14,36,34.55919,14,d15_direct,2,15,open,1.0,4.140000000000002
-3.03,3,34.562069,14,d17_medium,2,17,closed,0.0,-3.0300000000000002
-0.68,18,34.572706,14,d19_detour,2,19,closed,0.0,-0.6800000000000002
-3.03,3,34.575479,14,d19_detour,2,19,closed,0.0,-3.0300000000000002
-0.86,16,34.585651,14,d17_medium,2,17,closed,0.0,-0.8600000000000001
-3.03,3,34.588535,14,d17_medium,2,17,closed,0.0,-3.0300000000000002
-0.68,18,34.599577,14,d19_detour,2,19,closed,0.0,-0.6800000000000002
1.75,25,34.61478,14,d15_direct,2,15,open,1.0,1.7499999999999998
-3.03,3,34.617625,14,d17_medium,2,17,closed,0.0,-3.0300000000000002
1.47,3,34.620451,14,d15_direct,2,15,open,1.0,1.47
1.47,3,34.623243,14,d15_direct,2,15,open,1.0,1.47
-0.92,17,34.633491,14,d17_medium,2,17,closed,0.0,-0.9200000000000002
-0.86,16,34.64313,14,d17_medium,2,17,closed,0.0,-0.8600000000000001
-3.03,3,34.646142,14,d19_detour,2,19,closed,0.0,-3.0300000000000002
-3.03,3,34.649129,14,d17_medium,2,17,closed,0.0,-3.0300000000000002
1.98,37,34.670384,14,d15_direct,2,15,open,1.0,1.9799999999999995
-3.03,3,34.673192,14,d19_detour,2,19,closed,0.5,-3.0300000000000002
-3.03,3,34.676035,14,d17_medium,2,17,closed,0.0,-3.0300000000000002
-3.03,3,34.678932,14,d19_detour,2,19,closed,0.0,-3.0300000000000002
-3.34,19,34.689768,14,d19_detour,2,19,closed,0.0,-3.3400000000000007
4.14,36,34.711361,14,d15_direct,2,15,open,1.0,4.140000000000002
-3.03,3,34.714204,14,d17_medium,2,17,closed,0.0,-3.0300000000000002
-3.03,3,34.717072,14,d19_detour,2,19,closed,0.0,-3.0300000000000002
-3.03,3,34.719973,14,d19_detour,2,19,closed,0.0,-3.0300000000000002
-3.03,3,34.722839,14,d17_medium,2,17,closed,0.0,-3.0300000000000002
-3.03,3,34.725671,14,d17_medium,2,17,closed,0.0,-3.0300000000000002
-2.97,17,34.736072,14,d17_medium,2,17,closed,0.0,-2.97
-3.03,3,34.738975,14,d19_detour,2,19,closed,0.0,-3.0300000000000002
-3.03,3,34.741901,14,d19_detour,2,19,closed,0.0,-3.0300000000000002
-3.03,3,34.744798,14,d17_medium,2,17,closed,0.0,-3.0300000000000002
-3.03,3,34.7476,14,d19_detour,2,19,closed,0.0,-3.0300000000000002
-3.03,3,34.750423,14,d19_detour,2,19,closed,0.0,-3.0300000000000002
4.08,37,34.77129,14,d15_direct,2,15,open,1.0,4.080000000000002
-3.03,3,34.774165,14,d19_detour,2,19,closed,0.0,-3.0300000000000002
-0.74,19,34.785351,14,d19_detour,2,19,closed,0.0,-0.7400000000000002
-3.03,3,34.78824,14,d17_medium,2,17,closed,0.0,-3.0300000000000002
1.47,3,34.791124,14,d15_direct,2,15,open,1.0,1.47
-0.26,26,34.806065,14,d15_direct,2,15,open,1.0,-0.26000000000000023
4.14,36,34.826756,14,d15_direct,2,15,open,1.0,4.140000000000002
-1.53,3,34.829554,14,d17_medium,2,17,closed,0.0,-1.53
-2.55,5,34.833387,14,d19_detour,2,19,closed,0.0,-2.55
-3.03,3,34.836146,14,d19_detour,2,19,closed,0.5,-3.0300000000000002
-0.86,16,35.097228,14,d17_medium,2,17,closed,0.0,-0.8600000000000001
1.47,3,35.100177,14,d15_direct,2,15,open,1.0,1.47
-0.86,16,35.110221,14,d17_medium,2,17,closed,0.0,-0.8600000000000001
2.13,37,35.131841,14,d15_direct,2,15,open,1.0,2.13
-2.56,21,35.144695,14,d19_detour,2,19,closed,0.0,-2.5600000000000005
-3.03,3,35.147651,14,d19_detour,2,19,closed,0.0,-3.0300000000000002
-3.03,3,35.15048,14,d17_medium,2,17,closed,0.0,-3.0300000000000002
-2.69,19,35.161807,14,d19_detour,2,19,closed,0.0,-2.6900000000000004
-1.53,3,35.16464,14,d17_medium,2,17,closed,0.0,-1.53
-0.92,17,35.176379,14,d17_medium,2,17,closed,0.0,-0.9200000000000002
-3.03,3,35.179218,14,d19_detour,2,19,closed,0.0,-3.0300000000000002
-0.86,16,35.188773,14,d17_medium,2,17,closed,0.0,-0.8600000000000001
-3.03,3,35.191674,14,d17_medium,2,17,closed,0.0,-3.0300000000000002
-3.03,3,35.194484,14,d19_detour,2,19,closed,0.0,-3.0300000000000002
-3.03,3,35.197299,14,d17_medium,2,17,closed,0.0,-3.0300000000000002
-3.03,3,35.200047,14,d19_detour,2,19,closed,0.5,-3.0300000000000002
-3.03,3,35.202837,14,d19_detour,2,19,closed,0.0,-3.0300000000000002
-0.03,3,35.20586,14,d19_detour,2,19,closed,0.5,-0.030000000000000027
-3.03,3,35.209203,14,d17_medium,2,17,closed,0.0,-3.0300000000000002
-1.53,3,35.212184,14,d17_medium,2,17,closed,0.0,-1.53
1.47,3,35.21502,14,d15_direct,2,15,open,1.0,1.47
-3.03,3,35.218043,14,d17_medium,2,17,closed,0.0,-3.0300000000000002
-1.53,3,35.220941,14,d19_detour,2,19,closed,0.0,-1.53
4.14,36,35.241049,14,d15_direct,2,15,open,1.0,4.140000000000002
1.75,25,35.25601,14,d15_direct,2,15,open,1.0,1.7499999999999998
-3.03,3,35.2589,14,d19_detour,2,19,closed,0.0,-3.0300000000000002
-3.03,3,35.261752,14,d19_detour,2,19,closed,0.5,-3.0300000000000002
-3.03,3,35.264596,14,d19_detour,2,19,closed,0.0,-3.0300000000000002
-3.03,3,35.267397,14,d19_detour,2,19,closed,0.5,-3.0300000000000002
-3.03,3,35.270348,14,d19_detour,2,19,closed,0.0,-3.0300000000000002
-3.27,17,35.280298,14,d17_medium,2,17,closed,0.0,-3.2700000000000005
-1.53,3,35.283132,14,d19_detour,2,19,closed,0.0,-1.53
1.68,37,35.303914,14,d15_direct,2,15,open,1.0,1.6799999999999997
-0.03,38,35.325172,14,d15_direct,2,15,open,1.0,-0.03000000000000025
1.47,3,35.328068,14,d15_direct,2,15,open,1.0,1.47
2.03,37,35.348682,14,d15_direct,2,15,open,1.0,2.030000000000002
-3.03,3,35.351494,14,d19_detour,2,19,closed,0.0,-3.0300000000000002
-0.92,17,35.361771,14,d17_medium,2,17,closed,0.0,-0.9200000000000002
-3.03,3,35.364657,14,d19_detour,2,19,closed,0.0,-3.0300000000000002
-3.03,3,35.367488,14,d19_detour,2,19,closed,0.0,-3.0300000000000002
-0.47,27,35.382896,14,d15_direct,2,15,open,1.0,-0.4700000000000002
-3.03,3,35.385723,14,d19_detour,2,19,closed,0.0,-3.0300000000000002
-2.66,11,35.392618,14,d19_detour,2,19,closed,0.0,-2.66
-3.03,3,35.395464,14,d19_detour,2,19,closed,0.0,-3.0300000000000002
-3.03,3,35.398345,14,d19_detour,2,19,closed,0.5,-3.0300000000000002
1.47,3,35.40116,14,d15_direct,2,15,open,1.0,1.47
-3.03,3,35.404053,14,d17_medium,2,17,closed,0.0,-3.0300000000000002
-3.03,3,35.407059,14,d17_medium,2,17,closed,0.0,-3.0300000000000002
4.08,37,35.428483,14,d15_direct,2,15,open,1.0,4.080000000000002
-3.03,3,35.431233,14,d19_detour,2,19,closed,0.0,-3.0300000000000002
4.14,36,35.451301,14,d15_direct,2,15,open,1.0,4.140000000000002
-3.03,3,35.454076,14,d19_detour,2,19,closed,0.5,-3.0300000000000002
-3.03,3,35.457002,14,d17_medium,2,17,closed,0.0,-3.0300000000000002
-3.29,19,35.468396,14,d19_detour,2,19,closed,0.0,-3.290000000000001
-3.03,3,35.472267,14,d19_detour,2,19,closed,0.0,-3.0300000000000002
-0.92,17,35.483248,14,d17_medium,2,17,closed,0.0,-0.9200000000000002
1.47,3,35.486134,14,d15_direct,2,15,open,1.0,1.47
4.14,36,35.506159,14,d15_direct,2,15,open,1.0,4.140000000000002
-3.03,3,35.508996,14,d17_medium,2,17,closed,0.0,-3.0300000000000002
-3.03,3,35.511945,14,d17_medium,2,17,closed,0.0,-3.0300000000000002
-3.03,3,35.514776,14,d19_detour,2,19,closed,0.0,-3.0300000000000002
4.14,36,35.535857,14,d15_direct,2,15,open,1.0,4.140000000000002
-3.03,3,35.538666,14,d17_medium,2,17,closed,0.0,-3.0300000000000002
-3.03,3,35.541542,14,d17_medium,2,17,closed,0.0,-3.0300000000000002
-3.03,3,35.544404,14,d19_detour,2,19,closed,0.0,-3.0300000000000002
-2.92,17,35.554408,14,d17_medium,2,17,closed,0.0,-2.92
-3.03,3,35.55718,14,d19_detour,2,19,closed,0.5,-3.0300000000000002
-3.03,3,35.559937,14,d19_detour,2,19,closed,0.5,-3.0300000000000002
-2.91,31,35.577449,14,d17_medium,2,17,closed,0.0,-2.91
-3.03,3,35.580343,14,d17_medium,2,17,closed,0.0,-3.0300000000000002
1.47,3,35.583201,14,d15_direct,2,15,open,1.0,1.47
4.14,36,35.603326,14,d15_direct,2,15,open,1.0,4.140000000000002
-3.03,3,35.606152,14,d17_medium,2,17,closed,0.0,-3.0300000000000002
-0.86,16,35.615782,14,d17_medium,2,17,closed,0.0,-0.8600000000000001
-0.03,3,35.61858,14,d19_detour,2,19,closed,0.0,-0.030000000000000027
-1.53,3,35.621395,14,d17_medium,2,17,closed,0.0,-1.53
4.14,36,35.641637,14,d15_direct,2,15,open,1.0,4.140000000000002
4.14,36,35.66306,14,d15_direct,2,15,open,1.0,4.140000000000002
-3.03,3,35.66591,14,d17_medium,2,17,closed,0.0,-3.0300000000000002
-3.03,3,35.668857,14,d17_medium,2,17,closed,0.0,-3.0300000000000002
-3.03,3,35.671688,14,d19_detour,2,19,closed,0.0,-3.0300000000000002
-3.03,3,35.674461,14,d19_detour,2,19,closed,0.5,-3.0300000000000002
-3.03,3,35.677284,14,d19_detour,2,19,closed,0.0,-3.0300000000000002
-3.03,3,35.680013,14,d19_detour,2,19,closed,0.5,-3.0300000000000002
-3.03,3,35.682963,14,d17_medium,2,17,closed,0.0,-3.0300000000000002
1.47,3,35.685944,14,d15_direct,2,15,open,1.0,1.47
-1.53,3,35.688807,14,d17_medium,2,17,closed,0.0,-1.53
1.47,3,35.691638,14,d15_direct,2,15,open,1.0,1.47
4.14,36,35.712055,14,d15_direct,2,15,open,1.0,4.140000000000002
-3.03,3,35.715255,14,d17_medium,2,17,closed,0.0,-3.0300000000000002
-3.03,3,35.718139,14,d17_medium,2,17,closed,0.0,-3.0300000000000002
-3.03,3,35.720908,14,d19_detour,2,19,closed,0.5,-3.0300000000000002
-3.03,3,35.723715,14,d19_detour,2,19,closed,0.5,-3.0300000000000002
-3.03,3,35.726676,14,d17_medium,2,17,closed,0.0,-3.0300000000000002
-3.03,3,35.729754,14,d17_medium,2,17,closed,0.0,-3.0300000000000002
-3.03,3,35.732685,14,d17_medium,2,17,closed,0.0,-3.0300000000000002
-3.03,3,35.735432,14,d19_detour,2,19,closed,0.5,-3.0300000000000002
-1.53,3,35.738155,14,d19_detour,2,19,closed,0.5,-1.53
-3.03,3,35.741066,14,d17_medium,2,17,closed,0.0,-3.0300000000000002
-0.86,16,35.750836,14,d17_medium,2,17,closed,0.0,-0.8600000000000001
-3.03,3,35.753671,14,d19_detour,2,19,closed,0.0,-3.0300000000000002
4.14,36,35.773752,14,d15_direct,2,15,open,1.0,4.140000000000002
-3.03,3,35.776519,14,d19_detour,2,19,closed,0.0,-3.0300000000000002
-3.03,3,35.779323,14,d19_detour,2,19,closed,0.5,-3.0300000000000002
-3.03,3,35.78216,14,d19_detour,2,19,closed,0.0,-3.0300000000000002
1.98,37,35.803642,14,d15_direct,2,15,open,1.0,1.9799999999999995
1.47,3,35.806469,14,d15_direct,2,15,open,1.0,1.47
-3.27,17,35.816364,14,d17_medium,2,17,closed,0.0,-3.2700000000000005
4.14,36,35.836402,14,d15_direct,2,15,open,1.0,4.140000000000002
-3.03,3,35.839195,14,d19_detour,2,19,closed,0.0,-3.0300000000000002
-3.03,3,35.842012,14,d19_detour,2,19,closed,0.0,-3.0300000000000002
-3.34,19,35.85333,14,d19_detour,2,19,closed,0.5,-3.3400000000000007
1.47,3,35.856245,14,d15_direct,2,15,open,1.0,1.47
2.02,38,35.877188,14,d15_direct,2,15,open,1.0,2.0199999999999996
2.13,37,35.897608,14,d15_direct,2,15,open,1.0,2.13
-3.03,3,35.90039,14,d17_medium,2,17,closed,0.0,-3.0300000000000002
1.47,3,35.903176,14,d15_direct,2,15,open,1.0,1.47
4.14,36,35.923966,14,d15_direct,2,15,open,1.0,4.140000000000002
4.14,36,35.945237,14,d15_direct,2,15,open,1.0,4.140000000000002
-2.74,19,35.956255,14,d19_detour,2,19,closed,0.0,-2.74
-3.03,3,35.959024,14,d19_detour,2,19,closed,0.5,-3.0300000000000002
-0.68,18,35.970211,14,d19_detour,2,19,closed,0.0,-0.6800000000000002
4.08,37,35.991442,14,d15_direct,2,15,open,1.0,4.080000000000002
-0.41,26,36.006177,14,d15_direct,2,15,open,1.0,-0.41000000000000014
1.47,3,36.009088,14,d15_direct,2,15,open,1.0,1.47
-3.03,3,36.011893,14,d17_medium,2,17,closed,0.0,-3.0300000000000002
4.14,36,36.031805,14,d15_direct,2,15,open,1.0,4.140000000000002
-3.03,3,36.034632,14,d19_detour,2,19,closed,0.0,-3.0300000000000002
-3.03,3,36.037521,14,d17_medium,2,17,closed,0.0,-3.0300000000000002
1.47,3,36.040365,14,d15_direct,2,15,open,1.0,1.47
-3.03,3,36.043116,14,d19_detour,2,19,closed,0.0,-3.0300000000000002
-3.03,3,36.046086,14,d17_medium,2,17,closed,0.0,-3.0300000000000002
4.14,36,36.066007,14,d15_direct,2,15,open,1.0,4.140000000000002
-3.03,3,36.069202,14,d19_detour,2,19,closed,0.5,-3.0300000000000002
-3.03,3,36.072259,14,d17_medium,2,17,closed,0.0,-3.0300000000000002
-3.03,3,36.075123,14,d19_detour,2,19,closed,0.0,-3.0300000000000002
4.14,36,36.096948,14,d15_direct,2,15,open,1.0,4.140000000000002
1.75,25,36.111379,14,d15_direct,2,15,open,1.0,1.7499999999999998
-3.03,3,36.114151,14,d19_detour,2,19,closed,0.0,-3.0300000000000002
-3.03,3,36.117071,14,d17_medium,2,17,closed,0.0,-3.0300000000000002
-3.03,3,36.119962,14,d17_medium,2,17,closed,0.0,-3.0300000000000002
-3.03,3,36.122809,14,d19_detour,2,19,closed,0.5,-3.0300000000000002
1.97,38,36.1439,14,d15_direct,2,15,open,1.0,1.9699999999999995
-3.03,3,36.14672,14,d17_medium,2,17,closed,0.0,-3.0300000000000002
-3.03,3,36.149637,14,d17_medium,2,17,closed,0.0,-3.0300000000000002
-0.43,38,36.171843,14,d15_direct,2,15,open,1.0,-0.4300000000000004
-0.03,3,36.17493,14,d15_direct,2,15,open,1.0,-0.030000000000000027
-0.03,3,36.178357,14,d19_detour,2,19,closed,0.5,-0.030000000000000027
-2.38,33,36.197786,14,d17_medium,2,17,closed,0.0,-2.3800000000000003
1.47,3,36.200785,14,d15_direct,2,15,open,1.0,1.47
-3.03,3,36.203614,14,d19_detour,2,19,closed,0.0,-3.0300000000000002
-3.03,3,36.206444,14,d19_detour,2,19,closed,0.5,-3.0300000000000002
-0.03,3,36.20929,14,d15_direct,2,15,open,1.0,-0.030000000000000027
-3.03,3,36.212659,14,d17_medium,2,17,closed,0.0,-3.0300000000000002
-3.03,3,36.215744,14,d19_detour,2,19,closed,0.0,-3.0300000000000002
-3.03,3,36.218736,14,d17_medium,2,17,closed,0.0,-3.0300000000000002
1.73,37,36.239532,14,d15_direct,2,15,open,1.0,1.7299999999999998
-3.03,3,36.242357,14,d17_medium,2,17,closed,0.0,-3.0300000000000002
-2.55,5,36.24625,14,d19_detour,2,19,closed,0.0,-2.55
-3.03,3,36.249076,14,d19_detour,2,19,closed,0.5,-3.0300000000000002
4.08,37,36.27018,14,d15_direct,2,15,open,1.0,4.080000000000002
-3.03,3,36.273204,14,d17_medium,2,17,closed,0.0,-3.0300000000000002
-3.03,3,36.276116,14,d19_detour,2,19,closed,0.0,-3.0300000000000002
1.47,3,36.279114,14,d15_direct,2,15,open,1.0,1.47
-2.55,5,36.282982,14,d19_detour,2,19,closed,0.0,-2.55
-0.86,16,36.292922,14,d17_medium,2,17,closed,0.0,-0.8600000000000001
-3.17,17,36.30419,14,d17_medium,2,17,closed,0.0,-3.1700000000000004
-3.03,3,36.307256,14,d19_detour,2,19,closed,0.0,-3.0300000000000002
-3.03,3,36.310188,14,d19_detour,2,19,closed,0.0,-3.0300000000000002
1.47,3,36.313055,14,d15_direct,2,15,open,1.0,1.47
-3.03,3,36.316027,14,d17_medium,2,17,closed,0.0,-3.0300000000000002
-3.03,3,36.318921,14,d19_detour,2,19,closed,0.0,-3.0300000000000002
-3.03,3,36.321977,14,d17_medium,2,17,closed,0.0,-3.0300000000000002
-3.03,3,36.324982,14,d17_medium,2,17,closed,0.0,-3.0300000000000002
-0.86,16,36.33586,14,d17_medium,2,17,closed,0.0,-0.8600000000000001
0.07,38,36.357253,14,d15_direct,2,15,open,1.0,0.06999999999999962
-1.53,3,36.360211,14,d17_medium,2,17,closed,0.0,-1.53
-3.03,3,36.363475,14,d17_medium,2,17,closed,0.0,-3.0300000000000002
1.98,37,36.384698,14,d15_direct,2,15,open,1.0,1.9799999999999995
-3.03,3,36.387465,14,d19_detour,2,19,closed,0.0,-3.0300000000000002
-1.53,3,36.390173,14,d19_detour,2,19,closed,0.5,-1.53
1.47,3,36.393192,14,d15_direct,2,15,open,1.0,1.47
-3.03,3,36.396125,14,d19_detour,2,19,closed,0.0,-3.0300000000000002
-3.03,3,36.399102,14,d17_medium,2,17,closed,0.0,-3.0300000000000002
-3.03,3,36.402086,14,d19_detour,2,19,closed,0.0,-3.0300000000000002
-3.03,3,36.405102,14,d17_medium,2,17,closed,0.0,-3.0300000000000002
-2.62,12,36.412632,14,d17_medium,2,17,closed,0.0,-2.62
4.14,36,36.665445,14,d15_direct,2,15,open,1.0,4.140000000000002
-3.03,3,36.66835,14,d17_medium,2,17,closed,0.0,-3.0300000000000002
-3.03,3,36.671214,14,d17_medium,2,17,closed,0.0,-3.0300000000000002
1.47,3,36.674074,14,d15_direct,2,15,open,1.0,1.47
-2.87,17,36.685168,14,d17_medium,2,17,closed,0.0,-2.87
-3.03,3,36.687937,14,d19_detour,2,19,closed,0.5,-3.0300000000000002
-0.86,16,36.698306,14,d17_medium,2,17,closed,0.0,-0.8600000000000001
4.14,36,36.719376,14,d15_direct,2,15,open,1.0,4.140000000000002
-0.86,16,36.729714,14,d17_medium,2,17,closed,0.0,-0.8600000000000001
-3.03,3,36.73256,14,d17_medium,2,17,closed,0.0,-3.0300000000000002
-3.03,3,36.735514,14,d17_medium,2,17,closed,0.0,-3.0300000000000002
-3.03,3,36.738359,14,d19_detour,2,19,closed,0.0,-3.0300000000000002
-3.03,3,36.741255,14,d19_detour,2,19,closed,0.0,-3.0300000000000002
-3.03,3,36.744618,14,d19_detour,2,19,closed,0.0,-3.0300000000000002
-3.03,3,36.747407,14,d19_detour,2,19,closed,0.0,-3.0300000000000002
-3.24,19,36.758435,14,d19_detour,2,19,closed,0.0,-3.24
-3.03,3,36.761868,14,d17_medium,2,17,closed,0.0,-3.0300000000000002
-0.41,26,36.777263,14,d15_direct,2,15,open,1.0,-0.41000000000000036
-3.03,3,36.78055,14,d19_detour,2,19,closed,0.0,-3.0300000000000002
1.47,3,36.783552,14,d15_direct,2,15,open,1.0,1.47
-0.03,3,36.786422,14,d15_direct,2,15,open,1.0,-0.030000000000000027
-3.03,3,36.789246,14,d19_detour,2,19,closed,0.0,-3.0300000000000002
4.14,36,36.810107,14,d15_direct,2,15,open,1.0,4.140000000000002
-3.03,3,36.813025,14,d19_detour,2,19,closed,0.5,-3.0300000000000002
1.31,29,36.831183,14,d17_medium,2,17,closed,0.0,1.3099999999999998
-3.03,3,36.834076,14,d19_detour,2,19,closed,0.0,-3.0300000000000002
2.13,37,36.855564,14,d15_direct,2,15,open,1.0,2.1300000000000026
-2.55,5,36.859471,14,d19_detour,2,19,closed,0.0,-2.55
4.14,36,36.880084,14,d15_direct,2,15,open,1.0,4.140000000000002
-3.03,3,36.883,14,d17_medium,2,17,closed,0.0,-3.0300000000000002
-3.03,3,36.885931,14,d17_medium,2,17,closed,0.0,-3.0300000000000002
-3.03,3,36.88882,14,d17_medium,2,17,closed,0.0,-3.0300000000000002
1.98,37,36.910075,14,d15_direct,2,15,open,1.0,1.9800000000000018
-3.03,3,36.912976,14,d19_detour,2,19,closed,0.0,-3.0300000000000002
-0.03,3,36.915848,14,d15_direct,2,15,open,1.0,-0.030000000000000027
1.75,25,36.93025,14,d15_direct,2,15,open,1.0,1.7499999999999998
-3.03,3,36.933098,14,d17_medium,2,17,closed,0.0,-3.0300000000000002
-3.03,3,36.936006,14,d17_medium,2,17,closed,0.0,-3.0300000000000002
-3.03,3,36.938876,14,d19_detour,2,19,closed,0.0,-3.0300000000000002
1.73,37,36.960162,14,d15_direct,2,15,open,1.0,1.7300000000000004
-3.03,3,36.963088,14,d17_medium,2,17,closed,0.0,-3.0300000000000002
-0.7,30,36.980139,14,d17_medium,2,17,closed,0.0,-0.7000000000000002
-2.87,17,36.990416,14,d17_medium,2,17,closed,0.0,-2.87
1.47,3,36.993317,14,d15_direct,2,15,open,1.0,1.47
-3.03,3,36.996131,14,d19_detour,2,19,closed,0.0,-3.0300000000000002
4.14,36,37.016554,14,d15_direct,2,15,open,1.0,4.140000000000002
-2.07,7,37.021449,14,d19_detour,2,19,closed,0.0,-2.0700000000000003
-3.03,3,37.024233,14,d17_medium,2,17,closed,0.0,-3.0300000000000002
-0.86,16,37.034082,14,d17_medium,2,17,closed,0.0,-0.8600000000000001
-3.03,3,37.037029,14,d17_medium,2,17,closed,0.0,-3.0300000000000002
-3.03,3,37.040115,14,d17_medium,2,17,closed,0.0,-3.0300000000000002
1.47,3,37.042888,14,d17_medium,2,17,closed,0.5,1.47
-3.03,3,37.045794,14,d17_medium,2,17,closed,0.0,-3.0300000000000002
-3.02,17,37.056025,14,d17_medium,2,17,closed,0.0,-3.0200000000000005
1.69,26,37.072009,14,d15_direct,2,15,open,1.0,1.6899999999999997
-3.03,3,37.074831,14,d19_detour,2,19,closed,0.5,-3.0300000000000002
-3.03,3,37.077669,14,d17_medium,2,17,closed,0.0,-3.0300000000000002
1.47,3,37.080527,14,d15_direct,2,15,open,1.0,1.47
-3.03,3,37.083371,14,d17_medium,2,17,closed,0.0,-3.0300000000000002
1.47,3,37.086231,14,d15_direct,2,15,open,1.0,1.47
4.14,36,37.107255,14,d15_direct,2,15,open,1.0,4.140000000000002
-2.55,5,37.111187,14,d19_detour,2,19,closed,0.5,-2.55
-3.03,3,37.114206,14,d17_medium,2,17,closed,0.0,-3.0300000000000002
4.08,37,37.135092,14,d15_direct,2,15,open,1.0,4.080000000000002
-3.03,3,37.138017,14,d19_detour,2,19,closed,0.0,-3.0300000000000002
4.08,37,37.15915,14,d15_direct,2,15,open,1.0,4.080000000000002
-0.86,16,37.168973,14,d17_medium,2,17,closed,0.0,-0.8600000000000001
-3.07,17,37.179078,14,d17_medium,2,17,closed,0.0,-3.0700000000000003
-3.03,3,37.181954,14,d19_detour,2,19,closed,0.0,-3.0300000000000002
-3.03,3,37.184827,14,d19_detour,2,19,closed,0.5,-3.0300000000000002
-3.03,3,37.187693,14,d17_medium,2,17,closed,0.0,-3.0300000000000002
-3.03,3,37.19063,14,d19_detour,2,19,closed,0.0,-3.0300000000000002
-1.53,3,37.193471,14,d15_direct,2,15,open,1.0,-1.53
4.08,37,37.214179,14,d15_direct,2,15,open,1.0,4.080000000000002
-3.03,3,37.217143,14,d17_medium,2,17,closed,0.0,-3.0300000000000002
-0.68,18,37.227956,14,d19_detour,2,19,closed,0.0,-0.6800000000000002
-3.03,3,37.230976,14,d17_medium,2,17,closed,0.0,-3.0300000000000002
-3.03,3,37.23391,14,d19_detour,2,19,closed,0.0,-3.0300000000000002
4.14,36,37.254339,14,d15_direct,2,15,open,1.0,4.140000000000002
-3.03,3,37.257216,14,d17_medium,2,17,closed,0.0,-3.0300000000000002
1.31,29,37.274192,14,d17_medium,2,17,closed,0.0,1.3099999999999998
-3.03,3,37.277113,14,d17_medium,2,17,closed,0.0,-3.0300000000000002
-0.74,19,37.288369,14,d19_detour,2,19,closed,0.0,-0.7400000000000002
-2.55,5,37.292581,14,d19_detour,2,19,closed,0.0,-2.55
-0.86,16,37.302412,14,d17_medium,2,17,closed,0.0,-0.8600000000000001
-3.03,3,37.305364,14,d17_medium,2,17,closed,0.0,-3.0300000000000002
-3.03,3,37.30825,14,d17_medium,2,17,closed,0.0,-3.0300000000000002
-0.86,16,37.318091,14,d17_medium,2,17,closed,0.0,-0.8600000000000001
-1.53,3,37.321204,14,d17_medium,2,17,closed,0.0,-1.53
4.14,36,37.341703,14,d15_direct,2,15,open,1.0,4.140000000000002
-3.03,3,37.344586,14,d17_medium,2,17,closed,0.0,-3.0300000000000002
4.14,36,37.365028,14,d15_direct,2,15,open,1.0,4.140000000000002
4.14,36,37.385337,14,d15_direct,2,15,open,1.0,4.140000000000002
-3.03,3,37.38832,14,d17_medium,2,17,closed,0.0,-3.0300000000000002
-3.03,3,37.391063,14,d19_detour,2,19,closed,0.5,-3.0300000000000002
-0.86,16,37.401448,14,d17_medium,2,17,closed,0.0,-0.8600000000000001
-0.92,17,37.411648,14,d17_medium,2,17,closed,0.0,-0.9200000000000002
-0.68,18,37.422462,14,d19_detour,2,19,closed,0.0,-0.6800000000000002
-3.03,3,37.425306,14,d19_detour,2,19,closed,0.0,-3.0300000000000002
4.08,37,37.446169,14,d15_direct,2,15,open,1.0,4.080000000000002
-3.03,3,37.449114,14,d17_medium,2,17,closed,0.0,-3.0300000000000002
-3.03,3,37.451998,14,d17_medium,2,17,closed,0.0,-3.0300000000000002
-0.58,38,37.473403,14,d15_direct,2,15,open,1.0,-0.5800000000000005
-0.8,30,37.490562,14,d17_medium,2,17,closed,0.0,-0.8000000000000003
4.08,37,37.511676,14,d15_direct,2,15,open,1.0,4.080000000000002
4.08,37,37.533144,14,d15_direct,2,15,open,1.0,4.080000000000002
1.47,3,37.536003,14,d15_direct,2,15,open,1.0,1.47
-0.23,38,37.558135,14,d15_direct,2,15,open,1.0,-0.23000000000000043
-3.03,3,37.561013,14,d19_detour,2,19,closed,0.0,-3.0300000000000002
4.14,36,37.582011,14,d15_direct,2,15,open,1.0,4.140000000000002
1.75,25,37.597334,14,d15_direct,2,15,open,1.0,1.7499999999999998
4.08,37,37.618538,14,d15_direct,2,15,open,1.0,4.080000000000002
-0.86,16,37.628464,14,d17_medium,2,17,closed,0.0,-0.8600000000000001
4.14,36,37.648887,14,d15_direct,2,15,open,1.0,4.140000000000002
-3.03,3,37.65174,14,d19_detour,2,19,closed,0.0,-3.0300000000000002
-2.97,17,37.661967,14,d17_medium,2,17,closed,0.0,-2.97
-0.92,17,37.672231,14,d17_medium,2,17,closed,0.0,-0.9200000000000002
-1.53,3,37.675123,14,d19_detour,2,19,closed,0.0,-1.53
-0.92,17,37.685375,14,d17_medium,2,17,closed,0.0,-0.9200000000000002
4.08,37,37.70661,14,d15_direct,2,15,open,1.0,4.080000000000002
-3.03,3,37.709691,14,d17_medium,2,17,closed,0.0,-3.0300000000000002
-0.86,16,37.719527,14,d17_medium,2,17,closed,0.0,-0.8600000000000001
-0.03,3,37.72239,14,d15_direct,2,15,open,1.0,-0.030000000000000027
-3.03,3,37.72528,14,d19_detour,2,19,closed,0.0,-3.0300000000000002
-3.03,3,37.728573,14,d17_medium,2,17,closed,0.0,-3.0300000000000002
-3.03,3,37.731633,14,d17_medium,2,17,closed,0.0,-3.0300000000000002
1.47,3,37.734513,14,d15_direct,2,15,open,1.0,1.47
-3.03,3,37.73743,14,d17_medium,2,17,closed,0.0,-3.0300000000000002
-3.03,3,37.740332,14,d17_medium,2,17,closed,0.0,-3.0300000000000002
1.75,25,37.754758,14,d15_direct,2,15,open,1.0,1.7499999999999998
4.14,36,37.775026,14,d15_direct,2,15,open,1.0,4.140000000000002
-3.03,3,37.777887,14,d19_detour,2,19,closed,0.5,-3.0300000000000002
-3.03,3,37.780713,14,d19_detour,2,19,closed,0.0,-3.0300000000000002
-3.03,3,37.783509,14,d19_detour,2,19,closed,0.5,-3.0300000000000002
-2.74,19,37.794844,14,d19_detour,2,19,closed,0.0,-2.74
-3.03,3,37.797701,14,d17_medium,2,17,closed,0.0,-3.0300000000000002
4.08,37,37.818854,14,d15_direct,2,15,open,1.0,4.080000000000002
-3.03,3,37.821803,14,d19_detour,2,19,closed,0.0,-3.0300000000000002
-3.03,3,37.824693,14,d19_detour,2,19,closed,0.0,-3.0300000000000002
-3.03,3,37.827563,14,d17_medium,2,17,closed,0.0,-3.0300000000000002
-3.03,3,37.830418,14,d19_detour,2,19,closed,0.0,-3.0300000000000002
-3.03,3,37.833317,14,d17_medium,2,17,closed,0.0,-3.0300000000000002
-3.03,3,37.83619,14,d19_detour,2,19,closed,0.0,-3.0300000000000002
-3.03,3,37.839052,14,d19_detour,2,19,closed,0.0,-3.0300000000000002
-1.53,3,37.841966,14,d17_medium,2,17,closed,0.0,-1.53
-2.62,12,37.849381,14,d17_medium,2,17,closed,0.0,-2.62
4.14,36,37.86969,14,d15_direct,2,15,open,1.0,4.140000000000002
-3.03,3,37.872548,14,d17_medium,2,17,closed,0.0,-3.0300000000000002
4.14,36,37.89275,14,d15_direct,2,15,open,1.0,4.140000000000002
-3.03,3,37.895656,14,d19_detour,2,19,closed,0.0,-3.0300000000000002
-3.03,3,37.898479,14,d19_detour,2,19,closed,0.5,-3.0300000000000002
-0.86,16,37.908228,14,d17_medium,2,17,closed,0.0,-0.8600000000000001
-3.03,3,37.911063,14,d19_detour,2,19,closed,0.5,-3.0300000000000002
-3.03,3,37.913993,14,d19_detour,2,19,closed,0.0,-3.0300000000000002
4.14,36,37.934795,14,d15_direct,2,15,open,1.0,4.140000000000002
-2.55,5,37.938642,14,d19_detour,2,19,closed,0.5,-2.55
-3.03,3,37.941523,14,d17_medium,2,17,closed,0.0,-3.0300000000000002
-3.03,3,37.944323,14,d19_detour,2,19,closed,0.5,-3.0300000000000002
-0.41,26,37.959331,14,d15_direct,2,15,open,1.0,-0.41000000000000014
2.13,37,38.200977,14,d15_direct,2,15,open,1.0,2.1300000000000026
-3.03,3,38.204029,14,d17_medium,2,17,closed,0.0,-3.0300000000000002
-3.03,3,38.206938,14,d19_detour,2,19,closed,0.0,-3.0300000000000002
-3.03,3,38.210195,14,d19_detour,2,19,closed,0.0,-3.0300000000000002
4.08,37,38.233736,14,d15_direct,2,15,open,1.0,4.080000000000002
-0.8,30,38.251086,14,d17_medium,2,17,closed,0.0,-0.8000000000000003
1.31,29,38.268121,14,d17_medium,2,17,closed,0.0,1.3099999999999998
-3.03,3,38.271086,14,d17_medium,2,17,closed,0.0,-3.0300000000000002
-0.66,26,38.292261,14,d15_direct,2,15,open,1.0,-0.6600000000000001
-0.03,3,38.295641,14,d17_medium,2,17,closed,0.0,-0.030000000000000027
-3.03,3,38.299163,14,d19_detour,2,19,closed,0.5,-3.0300000000000002
1.75,25,38.316105,14,d15_direct,2,15,open,1.0,1.7499999999999998
4.08,37,38.337762,14,d15_direct,2,15,open,1.0,4.080000000000002
-1.53,3,38.34112,14,d19_detour,2,19,closed,0.5,-1.53
-3.03,3,38.34429,14,d19_detour,2,19,closed,0.5,-3.0300000000000002
4.02,38,38.366379,14,d15_direct,2,15,open,1.0,4.020000000000002
-1.53,3,38.369258,14,d19_detour,2,19,closed,0.0,-1.53
-0.86,16,38.3797,14,d17_medium,2,17,closed,0.0,-0.8600000000000001
-3.03,3,38.382527,14,d17_medium,2,17,closed,0.0,-3.0300000000000002
-3.03,3,38.38547,14,d17_medium,2,17,closed,0.0,-3.0300000000000002
4.14,36,38.405461,14,d15_direct,2,15,open,1.0,4.140000000000002
-3.03,3,38.408643,14,d19_detour,2,19,closed,0.0,-3.0300000000000002
-2.55,5,38.412508,14,d19_detour,2,19,closed,0.0,-2.55
-2.97,17,38.422921,14,d17_medium,2,17,closed,0.0,-2.97
-0.68,18,38.433428,14,d19_detour,2,19,closed,0.0,-0.6800000000000002
1.92,38,38.456512,14,d15_direct,2,15,open,1.0,1.9199999999999995
1.69,26,38.472213,14,d15_direct,2,15,open,1.0,1.6899999999999997
-2.55,5,38.47629,14,d17_medium,2,17,closed,0.0,-2.55
-1.53,3,38.479418,14,d17_medium,2,17,closed,0.0,-1.53
-2.97,17,38.489692,14,d17_medium,2,17,closed,0.0,-2.97
-0.86,16,38.500209,14,d17_medium,2,17,closed,0.0,-0.8600000000000001
-0.03,3,38.503064,14,d17_medium,2,17,closed,0.0,-0.030000000000000027
-0.92,17,38.513777,14,d17_medium,2,17,closed,0.0,-0.9200000000000002
-3.03,3,38.516682,14,d19_detour,2,19,closed,0.0,-3.0300000000000002
-0.26,26,38.532033,14,d15_direct,2,15,open,1.0,-0.26000000000000023
4.14,36,38.553718,14,d15_direct,2,15,open,1.0,4.140000000000002
-3.03,3,38.556555,14,d19_detour,2,19,closed,0.0,-3.0300000000000002
1.97,38,38.579834,14,d15_direct,2,15,open,1.0,1.9700000000000013
-2.56,6,38.584408,14,d19_detour,2,19,closed,0.0,-2.56
-3.34,19,38.597983,14,d19_detour,2,19,closed,0.0,-3.34
-0.86,16,38.607736,14,d17_medium,2,17,closed,0.0,-0.8600000000000001
-3.02,17,38.618349,14,d17_medium,2,17,closed,0.0,-3.0200000000000005
-3.03,3,38.621253,14,d17_medium,2,17,closed,0.0,-3.0300000000000002
-0.7,30,38.639484,14,d17_medium,2,17,closed,0.0,-0.7000000000000002
-3.34,19,38.650737,14,d19_detour,2,19,closed,0.0,-3.3400000000000007
1.47,3,38.653556,14,d15_direct,2,15,open,1.0,1.47
-3.03,3,38.656375,14,d17_medium,2,17,closed,0.0,-3.0300000000000002
1.42,43,38.681798,14,d17_medium,2,17,closed,0.0,1.4199999999999997
-3.34,19,38.692768,14,d19_detour,2,19,closed,0.0,-3.3400000000000007
4.08,37,38.714504,14,d15_direct,2,15,open,1.0,4.080000000000002
4.14,36,38.734884,14,d15_direct,2,15,open,1.0,4.140000000000002
4.14,36,38.756071,14,d15_direct,2,15,open,1.0,4.140000000000002
-3.34,19,38.767534,14,d19_detour,2,19,closed,0.5,-3.3400000000000007
4.14,36,38.788663,14,d15_direct,2,15,open,1.0,4.140000000000002
1.47,3,38.791531,14,d15_direct,2,15,open,1.0,1.47
-0.03,3,38.794398,14,d15_direct,2,15,open,1.0,-0.030000000000000027
-0.86,16,38.804159,14,d17_medium,2,17,closed,0.0,-0.8600000000000001
-3.03,3,38.80697,14,d19_detour,2,19,closed,0.5,-3.0300000000000002
-0.03,3,38.8098,14,d17_medium,2,17,closed,0.0,-0.030000000000000027
4.14,36,38.830188,14,d15_direct,2,15,open,1.0,4.140000000000002
-0.03,3,38.833029,14,d15_direct,2,15,open,1.0,-0.030000000000000027
-0.86,16,38.842774,14,d17_medium,2,17,closed,0.0,-0.8600000000000001
1.47,3,38.84564,14,d15_direct,2,15,open,1.0,1.47
-3.03,3,38.848427,14,d17_medium,2,17,closed,0.0,-3.0300000000000002
-1.53,3,38.851434,14,d17_medium,2,17,closed,0.0,-1.53
1.69,26,38.870603,14,d15_direct,2,15,open,1.0,1.6899999999999997
-2.62,12,38.880841,14,d19_detour,2,19,closed,0.5,-2.62
-2.62,12,38.888375,14,d17_medium,2,17,closed,0.0,-2.62
-3.03,3,38.891175,14,d19_detour,2,19,closed,0.5,-3.0300000000000002
-3.03,3,38.894064,14,d19_detour,2,19,closed,0.0,-3.0300000000000002
4.14,36,38.914477,14,d15_direct,2,15,open,1.0,4.140000000000002
-2.55,5,38.918637,14,d19_detour,2,19,closed,0.0,-2.55
4.14,36,38.938779,14,d15_direct,2,15,open,1.0,4.140000000000002
-3.03,3,38.941636,14,d19_detour,2,19,closed,0.0,-3.0300000000000002
-1.53,3,38.94446,14,d17_medium,2,17,closed,0.0,-1.53
-3.03,3,38.947157,14,d19_detour,2,19,closed,0.5,-3.0300000000000002
1.68,37,38.968144,14,d15_direct,2,15,open,1.0,1.6799999999999993
1.25,30,38.986078,14,d17_medium,2,17,closed,0.0,1.2499999999999998
-2.6,10,38.992649,14,d19_detour,2,19,closed,0.0,-2.6
-2.92,17,39.004009,14,d17_medium,2,17,closed,0.0,-2.92
4.14,36,39.025252,14,d15_direct,2,15,open,1.0,4.140000000000002
-3.03,3,39.028733,14,d17_medium,2,17,closed,0.0,-3.0300000000000002
-0.86,16,39.039182,14,d17_medium,2,17,closed,0.0,-0.8600000000000001
-3.03,3,39.042034,14,d19_detour,2,19,closed,0.5,-3.0300000000000002
-3.03,3,39.044942,14,d19_detour,2,19,closed,0.5,-3.0300000000000002
1.98,37,39.066313,14,d15_direct,2,15,open,1.0,1.9800000000000018
-3.03,3,39.069197,14,d19_detour,2,19,closed,0.0,-3.0300000000000002
4.08,37,39.091054,14,d15_direct,2,15,open,1.0,4.080000000000002
-3.22,17,39.101999,14,d17_medium,2,17,closed,0.0,-3.2200000000000006
4.14,36,39.122764,14,d15_direct,2,15,open,1.0,4.140000000000002
1.47,3,39.125575,14,d19_detour,2,19,closed,0.5,1.47
-3.34,19,39.137465,14,d19_detour,2,19,closed,0.5,-3.34
-0.2,20,39.149438,14,d19_detour,2,19,closed,0.0,-0.20000000000000018
1.47,3,39.152377,14,d15_direct,2,15,open,1.0,1.47
4.08,37,39.173578,14,d15_direct,2,15,open,1.0,4.080000000000002
4.14,36,39.1951,14,d15_direct,2,15,open,1.0,4.140000000000002
1.75,25,39.209529,14,d15_direct,2,15,open,1.0,1.7499999999999998
1.47,3,39.212396,14,d15_direct,2,15,open,1.0,1.47
-0.7,30,39.229838,14,d17_medium,2,17,closed,0.0,-0.7000000000000002
-3.03,3,39.232578,14,d19_detour,2,19,closed,0.5,-3.0300000000000002
-1.53,3,39.235428,14,d17_medium,2,17,closed,0.0,-1.53
-3.03,3,39.238268,14,d17_medium,2,17,closed,0.0,-3.0300000000000002
-3.03,3,39.241135,14,d17_medium,2,17,closed,0.0,-3.0300000000000002
-3.03,3,39.244567,14,d17_medium,2,17,closed,0.0,-3.0300000000000002
-2.55,5,39.24877,14,d19_detour,2,19,closed,0.5,-2.55
1.75,25,39.2634,14,d15_direct,2,15,open,1.0,1.7499999999999998
-0.8,30,39.28048,14,d17_medium,2,17,closed,0.0,-0.8000000000000003
4.14,36,39.30167,14,d15_direct,2,15,open,1.0,4.140000000000002
-3.03,3,39.304486,14,d19_detour,2,19,closed,0.5,-3.0300000000000002
-2.55,5,39.308305,14,d19_detour,2,19,closed,0.0,-2.55
1.57,38,39.329691,14,d15_direct,2,15,open,1.0,1.5699999999999992
1.47,3,39.332424,14,d19_detour,2,19,closed,0.5,1.47
-0.86,16,39.342203,14,d17_medium,2,17,closed,0.0,-0.8600000000000001
-3.03,3,39.345089,14,d19_detour,2,19,closed,0.0,-3.0300000000000002
-2.55,5,39.348991,14,d19_detour,2,19,closed,0.0,-2.55
1.98,37,39.370109,14,d15_direct,2,15,open,1.0,1.9799999999999995
4.14,36,39.390425,14,d15_direct,2,15,open,1.0,4.140000000000002
4.14,36,39.410839,14,d15_direct,2,15,open,1.0,4.140000000000002
-0.03,3,39.413702,14,d15_direct,2,15,open,1.0,-0.030000000000000027
-2.69,19,39.424856,14,d19_detour,2,19,closed,0.0,-2.6900000000000004
-3.03,3,39.427755,14,d19_detour,2,19,closed,0.5,-3.0300000000000002
2.13,37,39.448509,14,d15_direct,2,15,open,1.0,2.1300000000000026
-3.03,3,39.451338,14,d19_detour,2,19,closed,0.0,-3.0300000000000002
4.14,36,39.471779,14,d15_direct,2,15,open,1.0,4.140000000000002
-1.53,3,39.474544,14,d19_detour,2,19,closed,0.5,-1.53
-0.45,25,39.710014,14,d17_medium,2,17,closed,0.0,-0.4500000000000002
1.47,3,39.71296,14,d15_direct,2,15,open,1.0,1.47
-0.86,16,39.722977,14,d17_medium,2,17,closed,0.0,-0.8600000000000001
-3.03,3,39.725963,14,d17_medium,2,17,closed,0.0,-3.0300000000000002
-3.03,3,39.729196,14,d17_medium,2,17,closed,0.0,-3.0300000000000002
-0.86,16,39.739452,14,d17_medium,2,17,closed,0.0,-0.8600000000000001
4.14,36,39.760607,14,d15_direct,2,15,open,1.0,4.140000000000002
-0.36,26,39.775826,14,d15_direct,2,15,open,1.0,-0.3600000000000003
1.31,29,39.792755,14,d17_medium,2,17,closed,0.0,1.3099999999999998
1.47,3,39.795695,14,d15_direct,2,15,open,1.0,1.47
-0.03,3,39.798656,14,d19_detour,2,19,closed,0.5,-0.030000000000000027
-0.86,16,39.808543,14,d17_medium,2,17,closed,0.0,-0.8600000000000001
-2.07,7,39.81349,14,d19_detour,2,19,closed,0.0,-2.0700000000000003
-3.03,3,39.816738,14,d17_medium,2,17,closed,0.0,-3.0300000000000002
2.13,37,39.837521,14,d15_direct,2,15,open,1.0,2.1300000000000026
4.14,36,39.857807,14,d15_direct,2,15,open,1.0,4.140000000000002
-2.69,19,39.869126,14,d19_detour,2,19,closed,0.0,-2.6900000000000004
-2.55,5,39.872907,14,d19_detour,2,19,closed,0.0,-2.55
-3.03,3,39.875937,14,d19_detour,2,19,closed,0.5,-3.0300000000000002
-3.03,3,39.879159,14,d17_medium,2,17,closed,0.0,-3.0300000000000002
-0.86,16,39.88961,14,d17_medium,2,17,closed,0.0,-0.8600000000000001
-3.03,3,39.892435,14,d19_detour,2,19,closed,0.0,-3.0300000000000002
-3.03,3,39.895379,14,d19_detour,2,19,closed,0.0,-3.0300000000000002
-1.53,3,39.898232,14,d17_medium,2,17,closed,0.0,-1.53
-3.03,3,39.901144,14,d19_detour,2,19,closed,0.5,-3.0300000000000002
-1.53,3,39.904022,14,d17_medium,2,17,closed,0.0,-1.53
-3.03,3,39.906922,14,d17_medium,2,17,closed,0.0,-3.0300000000000002
4.08,37,39.928417,14,d15_direct,2,15,open,1.0,4.080000000000002
1.98,37,39.949854,14,d15_direct,2,15,open,1.0,1.9800000000000018
4.14,36,39.970093,14,d15_direct,2,15,open,1.0,4.140000000000002
-3.03,3,39.972966,14,d19_detour,2,19,closed,0.0,-3.0300000000000002
4.14,36,39.993652,14,d15_direct,2,15,open,1.0,4.140000000000002
-3.03,3,39.996911,14,d17_medium,2,17,closed,0.0,-3.0300000000000002
-3.03,3,40.00002,14,d19_detour,2,19,closed,0.5,-3.0300000000000002
1.25,30,40.017416,14,d17_medium,2,17,closed,0.0,1.2499999999999998
2.01,49,40.045287,14,d19_detour,2,19,closed,0.0,2.01
1.47,3,40.048461,14,d15_direct,2,15,open,1.0,1.47
-0.68,18,40.059324,14,d19_detour,2,19,closed,0.0,-0.6800000000000002
-3.03,3,40.062296,14,d17_medium,2,17,closed,0.0,-3.0300000000000002
-3.03,3,40.065026,14,d19_detour,2,19,closed,0.5,-3.0300000000000002
-0.03,3,40.068045,14,d17_medium,2,17,closed,0.0,-0.030000000000000027
-1.53,3,40.070889,14,d17_medium,2,17,closed,0.0,-1.53
-0.86,16,40.080685,14,d17_medium,2,17,closed,0.0,-0.8600000000000001
1.47,3,40.083627,14,d15_direct,2,15,open,1.0,1.47
-3.03,3,40.086896,14,d17_medium,2,17,closed,0.0,-3.0300000000000002
-3.03,3,40.089813,14,d19_detour,2,19,closed,0.0,-3.0300000000000002
1.47,3,40.09257,14,d19_detour,2,19,closed,0.5,1.47
1.01,44,40.117162,14,d17_medium,2,17,closed,0.0,1.0099999999999991
-3.03,3,40.120136,14,d17_medium,2,17,closed,0.0,-3.0300000000000002
-3.03,3,40.12323,14,d19_detour,2,19,closed,0.5,-3.0300000000000002
-3.03,3,40.126009,14,d19_detour,2,19,closed,0.5,-3.0300000000000002
-1.53,3,40.129242,14,d19_detour,2,19,closed,0.0,-1.53
4.08,37,40.150355,14,d15_direct,2,15,open,1.0,4.080000000000002
4.14,36,40.17082,14,d15_direct,2,15,open,1.0,4.140000000000002
1.47,3,40.173719,14,d15_direct,2,15,open,1.0,1.47
-3.03,3,40.176634,14,d19_detour,2,19,closed,0.0,-3.0300000000000002
1.47,3,40.17948,14,d15_direct,2,15,open,1.0,1.47
-3.03,3,40.18238,14,d19_detour,2,19,closed,0.0,-3.0300000000000002
-3.03,3,40.185407,14,d19_detour,2,19,closed,0.0,-3.0300000000000002
1.31,29,40.202076,14,d17_medium,2,17,closed,0.0,1.3099999999999998
-1.53,3,40.204993,14,d17_medium,2,17,closed,0.0,-1.53
-3.03,3,40.207947,14,d17_medium,2,17,closed,0.0,-3.0300000000000002
1.47,3,40.210829,14,d15_direct,2,15,open,1.0,1.47
-1.53,3,40.213546,14,d17_medium,2,17,closed,0.0,-1.53
4.08,37,40.234479,14,d15_direct,2,15,open,1.0,4.080000000000002
-1.53,3,40.237429,14,d17_medium,2,17,closed,0.0,-1.53
-1.53,3,40.240394,14,d17_medium,2,17,closed,0.0,-1.53
-3.03,3,40.243188,14,d19_detour,2,19,closed,0.5,-3.0300000000000002
-3.03,3,40.246049,14,d19_detour,2,19,closed,0.0,-3.0300000000000002
-3.03,3,40.248982,14,d17_medium,2,17,closed,0.0,-3.0300000000000002
1.75,25,40.263466,14,d15_direct,2,15,open,1.0,1.7499999999999998
4.02,38,40.284795,14,d15_direct,2,15,open,1.0,4.020000000000002
-2.07,7,40.289711,14,d19_detour,2,19,closed,0.0,-2.0700000000000003
4.14,36,40.310066,14,d15_direct,2,15,open,1.0,4.140000000000002
4.14,36,40.330729,14,d15_direct,2,15,open,1.0,4.140000000000002
-3.03,3,40.333642,14,d19_detour,2,19,closed,0.5,-3.0300000000000002
1.07,43,40.357975,14,d17_medium,2,17,closed,0.0,1.0699999999999994
-0.03,3,40.361038,14,d17_medium,2,17,closed,0.5,-0.030000000000000027
-2.49,19,40.372452,14,d17_medium,2,17,closed,0.0,-2.49
-2.69,19,40.384082,14,d19_detour,2,19,closed,0.0,-2.6900000000000004
4.08,37,40.405302,14,d15_direct,2,15,open,1.0,4.080000000000002
-0.86,16,40.415681,14,d17_medium,2,17,closed,0.0,-0.8600000000000001
4.02,38,40.437046,14,d15_direct,2,15,open,1.0,4.020000000000001
-2.92,17,40.447328,14,d17_medium,2,17,closed,0.0,-2.92
1.31,29,40.464007,14,d17_medium,2,17,closed,0.0,1.3099999999999998
-1.53,3,40.466893,14,d17_medium,2,17,closed,0.0,-1.53
-0.03,3,40.46971,14,d15_direct,2,15,open,1.0,-0.030000000000000027
-3.03,3,40.47273,14,d19_detour,2,19,closed,0.0,-3.0300000000000002
-0.75,30,40.490331,14,d17_medium,2,17,closed,0.0,-0.7500000000000002
4.14,36,40.51105,14,d15_direct,2,15,open,1.0,4.140000000000002
4.14,36,40.531282,14,d15_direct,2,15,open,1.0,4.140000000000002
4.14,36,40.551555,14,d15_direct,2,15,open,1.0,4.140000000000002
1.47,3,40.554414,14,d15_direct,2,15,open,1.0,1.47
-3.03,3,40.557225,14,d19_detour,2,19,closed,0.0,-3.0300000000000002
-3.03,3,40.560077,14,d19_detour,2,19,closed,0.5,-3.0300000000000002
-3.03,3,40.562994,14,d17_medium,2,17,closed,0.0,-3.0300000000000002
-1.53,3,40.566055,14,d15_direct,2,15,open,1.0,-1.53
4.14,36,40.587141,14,d15_direct,2,15,open,1.0,4.140000000000002
-2.66,11,40.594247,14,d19_detour,2,19,closed,0.0,-2.66
-0.68,18,40.604941,14,d19_detour,2,19,closed,0.0,-0.6800000000000002
-2.69,19,40.616381,14,d19_detour,2,19,closed,0.0,-2.6900000000000004
-0.86,16,40.626281,14,d17_medium,2,17,closed,0.0,-0.8600000000000001
-0.86,16,40.636492,14,d17_medium,2,17,closed,0.0,-0.8600000000000001
-2.55,5,40.640479,14,d19_detour,2,19,closed,0.0,-2.55
4.08,37,40.662681,14,d15_direct,2,15,open,1.0,4.080000000000002
-0.31,26,40.677701,14,d19_detour,2,19,closed,0.0,-0.3100000000000003
4.14,36,40.699015,14,d15_direct,2,15,open,1.0,4.140000000000002
-3.03,3,40.702086,14,d17_medium,2,17,closed,0.0,-3.0300000000000002
-3.03,3,40.704879,14,d19_detour,2,19,closed,0.5,-3.0300000000000002
-3.03,3,40.707857,14,d17_medium,2,17,closed,0.0,-3.0300000000000002
-0.86,16,40.717844,14,d17_medium,2,17,closed,0.0,-0.8600000000000001
-2.12,12,40.725279,14,d19_detour,2,19,closed,0.5,-2.12
1.47,3,40.728225,14,d15_direct,2,15,open,1.0,1.47
-3.03,3,40.731014,14,d19_detour,2,19,closed,0.0,-3.0300000000000002
-1.53,3,40.734027,14,d19_detour,2,19,closed,0.0,-1.53
-2.96,31,40.751833,14,d17_medium,2,17,closed,0.0,-2.96
-3.03,3,40.754755,14,d19_detour,2,19,closed,0.0,-3.0300000000000002
1.31,29,40.771539,14,d17_medium,2,17,closed,0.0,1.3099999999999998
4.02,38,40.792879,14,d15_direct,2,15,open,1.0,4.020000000000001
-3.03,3,40.795794,14,d17_medium,2,17,closed,0.0,-3.0300000000000002
1.47,3,40.798717,14,d17_medium,2,17,closed,0.5,1.47
1.75,25,40.813395,14,d15_direct,2,15,open,1.0,1.7499999999999998
-3.03,3,40.81635,14,d17_medium,2,17,closed,0.0,-3.0300000000000002
4.08,37,40.837469,14,d15_direct,2,15,open,1.0,4.080000000000002
1.25,30,40.855073,14,d17_medium,2,17,closed,0.0,1.2499999999999998
-3.03,3,40.857935,14,d19_detour,2,19,closed,0.5,-3.0300000000000002
-2.69,19,40.869371,14,d19_detour,2,19,closed,0.0,-2.6900000000000004
-3.03,3,40.872239,14,d19_detour,2,19,closed,0.0,-3.0300000000000002
-0.86,16,40.882025,14,d17_medium,2,17,closed,0.0,-0.8600000000000001
1.69,26,40.897209,14,d15_direct,2,15,open,1.0,1.6899999999999997
1.92,38,40.918864,14,d15_direct,2,15,open,1.0,1.9200000000000013
1.47,3,40.921831,14,d15_direct,2,15,open,1.0,1.47
-3.03,3,40.924681,14,d19_detour,2,19,closed,0.0,-3.0300000000000002
4.14,36,40.945852,14,d15_direct,2,15,open,1.0,4.140000000000002
4.08,37,40.967027,14,d15_direct,2,15,open,1.0,4.080000000000002
-0.86,16,41.195746,14,d17_medium,2,17,closed,0.0,-0.8600000000000001
-0.03,3,41.198577,14,d17_medium,2,17,closed,0.5,-0.030000000000000027
-0.92,17,41.20904,14,d17_medium,2,17,closed,0.0,-0.9200000000000002
-1.53,3,41.211943,14,d17_medium,2,17,closed,0.0,-1.53
1.47,3,41.215033,14,d15_direct,2,15,open,1.0,1.47
1.25,30,41.23245,14,d17_medium,2,17,closed,0.0,1.2499999999999998
-0.03,3,41.235558,14,d17_medium,2,17,closed,0.5,-0.030000000000000027
4.08,37,41.25724,14,d15_direct,2,15,open,1.0,4.080000000000002
-1.53,3,41.260028,14,d19_detour,2,19,closed,0.5,-1.53
-1.53,3,41.262893,14,d17_medium,2,17,closed,0.0,-1.53
-1.53,3,41.265812,14,d17_medium,2,17,closed,0.0,-1.53
-0.92,17,41.276202,14,d17_medium,2,17,closed,0.0,-0.9200000000000002
-3.29,19,41.2876,14,d19_detour,2,19,closed,0.0,-3.2900000000000005
4.14,36,41.308718,14,d15_direct,2,15,open,1.0,4.140000000000002
-0.86,16,41.31858,14,d17_medium,2,17,closed,0.0,-0.8600000000000001
-0.86,16,41.328315,14,d17_medium,2,17,closed,0.0,-0.8600000000000001
1.47,3,41.331102,14,d17_medium,2,17,closed,0.5,1.47
2.07,38,41.352856,14,d15_direct,2,15,open,1.0,2.070000000000002
-3.03,3,41.355761,14,d19_detour,2,19,closed,0.5,-3.0300000000000002
-3.03,3,41.358558,14,d19_detour,2,19,closed,0.5,-3.0300000000000002
-2.55,5,41.362477,14,d19_detour,2,19,closed,0.5,-2.55
4.14,36,41.383667,14,d15_direct,2,15,open,1.0,4.140000000000002
-0.86,16,41.393492,14,d17_medium,2,17,closed,0.0,-0.8600000000000001
-1.53,3,41.396336,14,d19_detour,2,19,closed,0.0,-1.53
-0.86,16,41.406219,14,d17_medium,2,17,closed,0.0,-0.8600000000000001
-3.03,3,41.409132,14,d19_detour,2,19,closed,0.0,-3.0300000000000002
-0.92,17,41.419634,14,d17_medium,2,17,closed,0.0,-0.9200000000000002
-2.07,7,41.424525,14,d19_detour,2,19,closed,0.0,-2.0700000000000003
-3.29,19,41.43583,14,d19_detour,2,19,closed,0.5,-3.290000000000001
-2.55,5,41.439707,14,d19_detour,2,19,closed,0.5,-2.55
-0.86,16,41.44979,14,d17_medium,2,17,closed,0.0,-0.8600000000000001
1.19,31,41.46774,14,d17_medium,2,17,closed,0.0,1.1899999999999997
-3.22,17,41.478001,14,d17_medium,2,17,closed,0.0,-3.2200000000000006
1.47,3,41.480966,14,d15_direct,2,15,open,1.0,1.47
-3.03,3,41.48376,14,d19_detour,2,19,closed,0.5,-3.0300000000000002
-0.86,16,41.493808,14,d17_medium,2,17,closed,0.0,-0.8600000000000001
-3.03,3,41.496737,14,d19_detour,2,19,closed,0.0,-3.0300000000000002
-0.85,30,41.514278,14,d17_medium,2,17,closed,0.0,-0.8500000000000003
3.48,42,41.53866,14,d17_medium,2,17,closed,0.0,3.480000000000002
4.14,36,41.55937,14,d15_direct,2,15,open,1.0,4.140000000000002
-3.03,3,41.56245,14,d19_detour,2,19,closed,0.0,-3.0300000000000002
1.36,44,41.587561,14,d17_medium,2,17,closed,0.0,1.3599999999999997
1.31,29,41.604424,14,d17_medium,2,17,closed,0.0,1.3099999999999998
-3.02,17,41.614955,14,d17_medium,2,17,closed,0.0,-3.0200000000000005
2.03,37,41.636615,14,d15_direct,2,15,open,1.0,2.030000000000002
-2.55,5,41.64042,14,d19_detour,2,19,closed,0.0,-2.55
-3.03,3,41.643304,14,d17_medium,2,17,closed,0.0,-3.0300000000000002
-3.03,3,41.646353,14,d17_medium,2,17,closed,0.0,-3.0300000000000002
-0.62,32,41.664556,14,d17_medium,2,17,closed,0.0,-0.6200000000000001
-1.53,3,41.66748,14,d19_detour,2,19,closed,0.5,-1.53
1.31,29,41.684373,14,d17_medium,2,17,closed,0.0,1.3099999999999998
-0.74,19,41.696049,14,d19_detour,2,19,closed,0.0,-0.7400000000000002
-2.55,5,41.699975,14,d19_detour,2,19,closed,0.5,-2.55
-3.03,3,41.703038,14,d19_detour,2,19,closed,0.5,-3.0300000000000002
-3.03,3,41.706012,14,d19_detour,2,19,closed,0.5,-3.0300000000000002
4.08,37,41.727528,14,d15_direct,2,15,open,1.0,4.080000000000002
-1.53,3,41.730357,14,d17_medium,2,17,closed,0.0,-1.53
-3.03,3,41.733193,14,d19_detour,2,19,closed,0.5,-3.0300000000000002
-1.53,3,41.736131,14,d17_medium,2,17,closed,0.0,-1.53
-3.03,3,41.739036,14,d19_detour,2,19,closed,0.5,-3.0300000000000002
3.48,42,41.763291,14,d17_medium,2,17,closed,0.0,3.480000000000002
-1.53,3,41.766217,14,d19_detour,2,19,closed,0.5,-1.53
2.13,37,41.787234,14,d15_direct,2,15,open,1.0,2.13
-3.03,3,41.790079,14,d19_detour,2,19,closed,0.5,-3.0300000000000002
-2.87,17,41.800756,14,d17_medium,2,17,closed,0.0,-2.87
-0.03,3,41.803651,14,d15_direct,2,15,open,1.0,-0.030000000000000027
-1.53,3,41.806442,14,d19_detour,2,19,closed,0.5,-1.53
-1.53,3,41.809328,14,d19_detour,2,19,closed,0.0,-1.53
-3.03,3,41.812405,14,d19_detour,2,19,closed,0.5,-3.0300000000000002
-0.2,20,41.824304,14,d19_detour,2,19,closed,0.0,-0.20000000000000018
-0.86,16,41.834482,14,d17_medium,2,17,closed,0.0,-0.8600000000000001
4.14,36,41.855313,14,d15_direct,2,15,open,1.0,4.140000000000002
-3.03,3,41.858127,14,d19_detour,2,19,closed,0.5,-3.0300000000000002
-2.55,5,41.862136,14,d19_detour,2,19,closed,0.0,-2.55
4.14,36,41.882755,14,d15_direct,2,15,open,1.0,4.140000000000002
-0.03,3,41.885647,14,d17_medium,2,17,closed,0.0,-0.030000000000000027
4.14,36,41.906278,14,d15_direct,2,15,open,1.0,4.140000000000002
-2.76,21,41.918689,14,d19_detour,2,19,closed,0.5,-2.7600000000000002
-3.03,3,41.921582,14,d17_medium,2,17,closed,0.0,-3.0300000000000002
-3.03,3,41.924419,14,d19_detour,2,19,closed,0.0,-3.0300000000000002
-0.86,16,41.934634,14,d17_medium,2,17,closed,0.0,-0.8600000000000001
-1.53,3,41.937443,14,d19_detour,2,19,closed,0.5,-1.53
-1.53,3,41.940224,14,d17_medium,2,17,closed,0.0,-1.53
-0.86,16,41.950247,14,d17_medium,2,17,closed,0.0,-0.8600000000000001
-0.86,16,41.960177,14,d17_medium,2,17,closed,0.0,-0.8600000000000001
1.47,3,41.96305,14,d15_direct,2,15,open,1.0,1.47
-2.56,6,41.967541,14,d19_detour,2,19,closed,0.5,-2.56
1.47,3,41.97046,14,d15_direct,2,15,open,1.0,1.47
1.31,29,41.987386,14,d17_medium,2,17,closed,0.0,1.3099999999999998
-3.03,3,41.990417,14,d17_medium,2,17,closed,0.0,-3.0300000000000002
4.14,36,42.011564,14,d15_direct,2,15,open,1.0,4.140000000000002
4.08,37,42.032733,14,d15_direct,2,15,open,1.0,4.080000000000002
-2.55,5,42.036669,14,d19_detour,2,19,closed,0.0,-2.55
-3.03,3,42.039549,14,d19_detour,2,19,closed,0.5,-3.0300000000000002
-3.03,3,42.042458,14,d19_detour,2,19,closed,0.0,-3.0300000000000002
-3.03,3,42.045643,14,d19_detour,2,19,closed,0.5,-3.0300000000000002
-2.55,5,42.04961,14,d17_medium,2,17,closed,0.0,-2.55
-3.0,35,42.069153,14,d19_detour,2,19,closed,0.0,-3.000000000000001
4.14,36,42.090275,14,d15_direct,2,15,open,1.0,4.140000000000002
-1.53,3,42.093356,14,d17_medium,2,17,closed,0.0,-1.53
-0.74,19,42.104754,14,d19_detour,2,19,closed,0.0,-0.7400000000000002
1.31,29,42.125825,14,d17_medium,2,17,closed,0.0,1.3099999999999998
1.31,29,42.144439,14,d17_medium,2,17,closed,0.0,1.3099999999999998
-2.55,5,42.14867,14,d19_detour,2,19,closed,0.5,-2.55
-3.03,3,42.151675,14,d19_detour,2,19,closed,0.5,-3.0300000000000002
-0.7,30,42.170892,14,d17_medium,2,17,closed,0.0,-0.7000000000000002
1.47,3,42.173939,14,d15_direct,2,15,open,1.0,1.47
-3.03,3,42.176939,14,d19_detour,2,19,closed,0.5,-3.0300000000000002
1.69,26,42.19313,14,d15_direct,2,15,open,1.0,1.6899999999999997
-3.03,3,42.196412,14,d17_medium,2,17,closed,0.0,-3.0300000000000002
1.31,29,42.213897,14,d17_medium,2,17,closed,0.0,1.3099999999999998
-3.03,3,42.216914,14,d19_detour,2,19,closed,0.0,-3.0300000000000002
-3.03,3,42.219875,14,d19_detour,2,19,closed,0.5,-3.0300000000000002
-2.07,7,42.224899,14,d19_detour,2,19,closed,0.0,-2.0700000000000003
4.14,36,42.246249,14,d15_direct,2,15,open,1.0,4.140000000000002
-3.03,3,42.249085,14,d19_detour,2,19,closed,0.5,-3.0300000000000002
4.14,36,42.269814,14,d15_direct,2,15,open,1.0,4.140000000000002
-2.55,5,42.2737,14,d19_detour,2,19,closed,0.5,-2.55
-1.53,3,42.276539,14,d17_medium,2,17,closed,0.0,-1.53
1.31,29,42.293447,14,d17_medium,2,17,closed,0.0,1.3099999999999998
1.31,29,42.310947,14,d17_medium,2,17,closed,0.0,1.3099999999999998
4.14,36,42.33264,14,d15_direct,2,15,open,1.0,4.140000000000002
-3.03,3,42.335536,14,d17_medium,2,17,closed,0.0,-3.0300000000000002
4.08,37,42.356696,14,d15_direct,2,15,open,1.0,4.080000000000002
4.08,37,42.378881,14,d15_direct,2,15,open,1.0,4.080000000000002
4.14,36,42.399644,14,d15_direct,2,15,open,1.0,4.140000000000002
4.14,36,42.420238,14,d15_direct,2,15,open,1.0,4.140000000000002
-3.34,19,42.431397,14,d19_detour,2,19,closed,0.5,-3.3400000000000007
1.75,25,42.446151,14,d15_direct,2,15,open,1.0,1.7499999999999998
-0.03,3,42.449027,14,d17_medium,2,17,closed,0.0,-0.030000000000000027
-2.56,6,42.45351,14,d19_detour,2,19,closed,0.0,-2.56
-3.03,3,42.456362,14,d17_medium,2,17,closed,0.0,-3.0300000000000002
3.48,42,42.480825,14,d17_medium,2,17,closed,0.0,3.480000000000002
-0.86,16,42.705834,14,d17_medium,2,17,closed,0.0,-0.8600000000000001
1.47,3,42.708748,14,d19_detour,2,19,closed,0.5,1.47
4.08,37,42.729867,14,d15_direct,2,15,open,1.0,4.080000000000002
1.25,30,42.747556,14,d17_medium,2,17,closed,0.0,1.2499999999999998
-0.03,3,42.750365,14,d17_medium,2,17,closed,0.5,-0.030000000000000027
-1.53,3,42.75321,14,d19_detour,2,19,closed,0.5,-1.53
-0.56,26,42.768447,14,d15_direct,2,15,open,1.0,-0.5600000000000003
-0.03,3,42.771702,14,d17_medium,2,17,closed,0.0,-0.030000000000000027
-0.03,3,42.775096,14,d19_detour,2,19,closed,0.5,-0.030000000000000027
-1.53,3,42.778061,14,d19_detour,2,19,closed,0.5,-1.53
1.75,25,42.792649,14,d15_direct,2,15,open,1.0,1.7499999999999998
-0.03,3,42.795466,14,d17_medium,2,17,closed,0.0,-0.030000000000000027
-1.53,3,42.798226,14,d17_medium,2,17,closed,0.0,-1.53
4.08,37,42.819232,14,d15_direct,2,15,open,1.0,4.080000000000002
4.14,36,42.839785,14,d15_direct,2,15,open,1.0,4.140000000000002
-3.34,19,42.850891,14,d19_detour,2,19,closed,0.5,-3.3400000000000007
-2.12,12,42.859174,14,d19_detour,2,19,closed,0.0,-2.12
4.14,36,42.87963,14,d15_direct,2,15,open,1.0,4.140000000000002
-2.56,6,42.884071,14,d19_detour,2,19,closed,0.5,-2.56
-2.55,5,42.888058,14,d17_medium,2,17,closed,0.0,-2.55
-0.92,17,42.898557,14,d17_medium,2,17,closed,0.0,-0.9200000000000002
1.19,31,42.915989,14,d17_medium,2,17,closed,0.0,1.1899999999999997
-0.86,16,42.925656,14,d17_medium,2,17,closed,0.0,-0.8600000000000001
4.14,36,42.946667,14,d15_direct,2,15,open,1.0,4.140000000000002
1.19,31,42.964619,14,d17_medium,2,17,closed,0.0,1.1899999999999997
2.07,38,42.986639,14,d15_direct,2,15,open,1.0,2.070000000000002
2.03,37,43.007009,14,d15_direct,2,15,open,1.0,2.0299999999999994
-3.03,3,43.009809,14,d19_detour,2,19,closed,0.5,-3.0300000000000002
4.14,36,43.030003,14,d15_direct,2,15,open,1.0,4.140000000000002
-3.03,3,43.032918,14,d17_medium,2,17,closed,0.0,-3.0300000000000002
1.47,3,43.035655,14,d17_medium,2,17,closed,0.5,1.47
-0.36,26,43.050468,14,d15_direct,2,15,open,1.0,-0.3600000000000003
-1.83,23,43.06395,14,d19_detour,2,19,closed,0.5,-1.8300000000000005
-0.03,3,43.066776,14,d17_medium,2,17,closed,0.0,-0.030000000000000027
-3.03,3,43.069654,14,d19_detour,2,19,closed,0.0,-3.0300000000000002
4.02,38,43.091096,14,d15_direct,2,15,open,1.0,4.020000000000001
-1.53,3,43.093947,14,d17_medium,2,17,closed,0.0,-1.53
-3.03,3,43.096746,14,d17_medium,2,17,closed,0.0,-3.0300000000000002
1.75,25,43.111354,14,d15_direct,2,15,open,1.0,1.7499999999999998
-3.03,3,43.114163,14,d17_medium,2,17,closed,0.0,-3.0300000000000002
4.14,36,43.134627,14,d15_direct,2,15,open,1.0,4.140000000000002
4.14,36,43.154554,14,d15_direct,2,15,open,1.0,4.140000000000002
-3.03,3,43.157317,14,d19_detour,2,19,closed,0.5,-3.0300000000000002
-0.74,19,43.168397,14,d19_detour,2,19,closed,0.0,-0.7400000000000002
-3.03,3,43.171228,14,d19_detour,2,19,closed,0.5,-3.0300000000000002
4.02,38,43.193209,14,d15_direct,2,15,open,1.0,4.020000000000002
-0.86,16,43.202869,14,d17_medium,2,17,closed,0.0,-0.8600000000000001
1.75,25,43.217089,14,d15_direct,2,15,open,1.0,1.7499999999999998
-2.56,6,43.221508,14,d19_detour,2,19,closed,0.0,-2.56
-0.86,16,43.23118,14,d17_medium,2,17,closed,0.0,-0.8600000000000001
1.47,3,43.234519,14,d15_direct,2,15,open,1.0,1.47
-0.03,3,43.237492,14,d17_medium,2,17,closed,0.0,-0.030000000000000027
-3.03,3,43.240332,14,d17_medium,2,17,closed,0.0,-3.0300000000000002
4.14,36,43.260373,14,d15_direct,2,15,open,1.0,4.140000000000002
-1.53,3,43.263116,14,d19_detour,2,19,closed,0.5,-1.53
-3.03,3,43.266015,14,d19_detour,2,19,closed,0.0,-3.0300000000000002
-3.03,3,43.268835,14,d19_detour,2,19,closed,0.5,-3.0300000000000002
1.82,38,43.289913,14,d15_direct,2,15,open,1.0,1.8199999999999996
-2.33,23,43.302721,14,d19_detour,2,19,closed,0.5,-2.330000000000001
4.14,36,43.32277,14,d15_direct,2,15,open,1.0,4.140000000000002
1.31,29,43.339147,14,d17_medium,2,17,closed,0.0,1.3099999999999998
-0.99,34,43.357772,14,d19_detour,2,19,closed,0.0,-0.9900000000000004
-0.7,30,43.375288,14,d17_medium,2,17,closed,0.0,-0.7000000000000002
-3.6,35,43.394312,14,d19_detour,2,19,closed,0.5,-3.6000000000000005
-3.25,35,43.414587,14,d19_detour,2,19,closed,0.0,-3.25
-3.29,19,43.425584,14,d19_detour,2,19,closed,0.5,-3.2900000000000005
-0.64,14,43.434186,14,d15_direct,2,15,open,1.0,-0.6400000000000001
1.47,3,43.43725,14,d15_direct,2,15,open,1.0,1.47
1.31,29,43.454088,14,d17_medium,2,17,closed,0.0,1.3099999999999998
-0.92,17,43.464409,14,d17_medium,2,17,closed,0.0,-0.9200000000000002
-3.03,3,43.467297,14,d19_detour,2,19,closed,0.0,-3.0300000000000002
-0.03,3,43.470134,14,d17_medium,2,17,closed,0.5,-0.030000000000000027
-1.53,3,43.472976,14,d17_medium,2,17,closed,0.5,-1.53
1.69,26,43.488088,14,d15_direct,2,15,open,1.0,1.6899999999999997
-0.68,18,43.498833,14,d19_detour,2,19,closed,0.0,-0.6800000000000002
1.47,3,43.501657,14,d15_direct,2,15,open,1.0,1.47
-1.53,3,43.504481,14,d19_detour,2,19,closed,0.5,-1.53
-1.53,3,43.507288,14,d19_detour,2,19,closed,0.0,-1.53
-3.03,3,43.510134,14,d19_detour,2,19,closed,0.0,-3.0300000000000002
1.75,25,43.524526,14,d15_direct,2,15,open,1.0,1.7499999999999998
1.47,3,43.527354,14,d15_direct,2,15,open,1.0,1.47
4.14,36,43.547462,14,d15_direct,2,15,open,1.0,4.140000000000002
-0.86,16,43.557142,14,d17_medium,2,17,closed,0.0,-0.8600000000000001
-3.03,3,43.559912,14,d19_detour,2,19,closed,0.0,-3.0300000000000002
-1.53,3,43.562701,14,d19_detour,2,19,closed,0.0,-1.53
-0.25,25,43.576848,14,d19_detour,2,19,closed,0.0,-0.2500000000000002
-0.03,3,43.579633,14,d15_direct,2,15,open,1.0,-0.030000000000000027
-0.38,18,43.590376,14,d17_medium,2,17,closed,0.0,-0.3800000000000001
1.75,25,43.604787,14,d15_direct,2,15,open,1.0,1.7499999999999998
-3.03,3,43.607551,14,d17_medium,2,17,closed,0.0,-3.0300000000000002
-0.68,18,43.618253,14,d19_detour,2,19,closed,0.0,-0.6800000000000002
4.14,36,43.640148,14,d15_direct,2,15,open,1.0,4.140000000000002
-3.03,3,43.643069,14,d19_detour,2,19,closed,0.0,-3.0300000000000002
-3.03,3,43.645914,14,d17_medium,2,17,closed,0.0,-3.0300000000000002
1.47,3,43.648726,14,d15_direct,2,15,open,1.0,1.47
-3.03,3,43.651496,14,d17_medium,2,17,closed,0.0,-3.0300000000000002
4.14,36,43.67189,14,d15_direct,2,15,open,1.0,4.140000000000002
4.14,36,43.692062,14,d15_direct,2,15,open,1.0,4.140000000000002
-0.03,3,43.694936,14,d17_medium,2,17,closed,0.0,-0.030000000000000027
-2.55,5,43.698798,14,d19_detour,2,19,closed,0.0,-2.55
1.92,38,43.720602,14,d15_direct,2,15,open,1.0,1.9200000000000013
2.13,37,43.741864,14,d15_direct,2,15,open,1.0,2.13
-1.53,3,43.744735,14,d19_detour,2,19,closed,0.5,-1.53
3.48,42,43.76848,14,d17_medium,2,17,closed,0.0,3.480000000000002
4.02,38,43.789902,14,d15_direct,2,15,open,1.0,4.020000000000001
4.14,36,43.810242,14,d15_direct,2,15,open,1.0,4.140000000000002
-3.03,3,43.813479,14,d19_detour,2,19,closed,0.5,-3.0300000000000002
-0.86,16,43.823198,14,d17_medium,2,17,closed,0.0,-0.8600000000000001
-1.53,3,43.825979,14,d19_detour,2,19,closed,0.5,-1.53
-0.03,3,43.828821,14,d17_medium,2,17,closed,0.5,-0.030000000000000027
1.47,3,43.831635,14,d15_direct,2,15,open,1.0,1.47
-1.53,3,43.83446,14,d17_medium,2,17,closed,0.0,-1.53
-3.03,3,43.83728,14,d19_detour,2,19,closed,0.5,-3.0300000000000002
-1.53,3,43.840152,14,d19_detour,2,19,closed,0.0,-1.53
1.37,43,43.864685,14,d17_medium,2,17,closed,0.0,1.3699999999999997
1.47,3,43.867555,14,d15_direct,2,15,open,1.0,1.47
4.14,36,43.888523,14,d15_direct,2,15,open,1.0,4.140000000000002
-0.86,16,43.898181,14,d17_medium,2,17,closed,0.0,-0.8600000000000001
-1.53,3,43.901058,14,d17_medium,2,17,closed,0.0,-1.53
-0.03,3,43.903993,14,d15_direct,2,15,open,1.0,-0.030000000000000027
-3.03,3,43.90686,14,d19_detour,2,19,closed,0.0,-3.0300000000000002
-1.53,3,43.909762,14,d17_medium,2,17,closed,0.0,-1.53
-3.03,3,43.91255,14,d19_detour,2,19,closed,0.5,-3.0300000000000002
-3.03,3,43.915419,14,d17_medium,2,17,closed,0.0,-3.0300000000000002
4.08,37,43.936852,14,d15_direct,2,15,open,1.0,4.080000000000002
-2.97,17,44.164744,14,d17_medium,2,17,closed,0.0,-2.97
-3.03,3,44.167612,14,d19_detour,2,19,closed,0.5,-3.0300000000000002
-0.03,3,44.170482,14,d17_medium,2,17,closed,0.0,-0.030000000000000027
1.47,3,44.173463,14,d15_direct,2,15,open,1.0,1.47
-1.05,30,44.190619,14,d17_medium,2,17,closed,0.0,-1.0500000000000003
1.31,29,44.207298,14,d17_medium,2,17,closed,0.0,1.3099999999999998
-0.03,3,44.210214,14,d19_detour,2,19,closed,0.5,-0.030000000000000027
-3.03,3,44.213265,14,d17_medium,2,17,closed,0.0,-3.0300000000000002
1.75,25,44.228194,14,d15_direct,2,15,open,1.0,1.7499999999999998
4.14,36,44.248559,14,d15_direct,2,15,open,1.0,4.140000000000002
-0.03,3,44.251557,14,d15_direct,2,15,open,1.0,-0.030000000000000027
-3.03,3,44.254427,14,d19_detour,2,19,closed,0.5,-3.0300000000000002
-1.53,3,44.257297,14,d17_medium,2,17,closed,0.0,-1.53
-1.53,3,44.260125,14,d17_medium,2,17,closed,0.0,-1.53
-3.03,3,44.262903,14,d19_detour,2,19,closed,0.5,-3.0300000000000002
1.47,3,44.265943,14,d15_direct,2,15,open,1.0,1.47
1.47,3,44.268925,14,d15_direct,2,15,open,1.0,1.47
4.08,37,44.290221,14,d15_direct,2,15,open,1.0,4.080000000000002
-3.03,3,44.293186,14,d17_medium,2,17,closed,0.0,-3.0300000000000002
-2.55,5,44.297601,14,d19_detour,2,19,closed,0.0,-2.55
1.47,3,44.300624,14,d15_direct,2,15,open,1.0,1.47
1.47,3,44.303636,14,d15_direct,2,15,open,1.0,1.47
4.14,36,44.324106,14,d15_direct,2,15,open,1.0,4.140000000000002
-0.03,3,44.326935,14,d17_medium,2,17,closed,0.0,-0.030000000000000027
4.14,36,44.348083,14,d15_direct,2,15,open,1.0,4.140000000000002
4.14,36,44.369167,14,d15_direct,2,15,open,1.0,4.140000000000002
0.1,35,44.389038,14,d19_detour,2,19,closed,0.0,0.09999999999999964
-0.86,16,44.399535,14,d17_medium,2,17,closed,0.0,-0.8600000000000001
-2.6,10,44.40593,14,d19_detour,2,19,closed,0.5,-2.6
-3.03,3,44.408889,14,d19_detour,2,19,closed,0.0,-3.0300000000000002
4.14,36,44.430095,14,d15_direct,2,15,open,1.0,4.140000000000002
-3.03,3,44.433129,14,d19_detour,2,19,closed,0.5,-3.0300000000000002
-3.03,3,44.436023,14,d17_medium,2,17,closed,0.0,-3.0300000000000002
-0.86,16,44.44606,14,d17_medium,2,17,closed,0.0,-0.8600000000000001
-0.86,16,44.455887,14,d17_medium,2,17,closed,0.0,-0.8600000000000001
1.31,29,44.472661,14,d17_medium,2,17,closed,0.0,1.3099999999999998
-0.68,18,44.483598,14,d19_detour,2,19,closed,0.0,-0.6800000000000002
-1.53,3,44.486416,14,d19_detour,2,19,closed,0.5,-1.53
-3.1,35,44.506301,14,d19_detour,2,19,closed,0.0,-3.100000000000001
-3.03,3,44.509173,14,d19_detour,2,19,closed,0.5,-3.0300000000000002
1.47,3,44.511941,14,d19_detour,2,19,closed,0.5,1.47
4.14,36,44.532431,14,d15_direct,2,15,open,1.0,4.140000000000002
4.14,36,44.552893,14,d15_direct,2,15,open,1.0,4.140000000000002
1.47,3,44.555795,14,d15_direct,2,15,open,1.0,1.47
-0.86,16,44.565739,14,d17_medium,2,17,closed,0.0,-0.8600000000000001
4.08,37,44.587466,14,d15_direct,2,15,open,1.0,4.080000000000002
4.14,36,44.608218,14,d15_direct,2,15,open,1.0,4.140000000000002
-2.56,6,44.612732,14,d19_detour,2,19,closed,0.0,-2.56
-1.53,3,44.615572,14,d19_detour,2,19,closed,0.5,-1.53
4.14,36,44.63594,14,d15_direct,2,15,open,1.0,4.140000000000002
-2.69,19,44.647327,14,d19_detour,2,19,closed,0.0,-2.6900000000000004
-1.53,3,44.65013,14,d19_detour,2,19,closed,0.5,-1.53
2.03,37,44.671081,14,d15_direct,2,15,open,1.0,2.030000000000002
-0.86,16,44.68178,14,d17_medium,2,17,closed,0.0,-0.8600000000000001
4.14,36,44.702145,14,d15_direct,2,15,open,1.0,4.140000000000002
4.14,36,44.723847,14,d15_direct,2,15,open,1.0,4.140000000000002
-3.03,3,44.726751,14,d19_detour,2,19,closed,0.5,-3.0300000000000002
4.14,36,44.747803,14,d15_direct,2,15,open,1.0,4.140000000000002
-0.86,16,44.757653,14,d17_medium,2,17,closed,0.0,-0.8600000000000001
-0.74,19,44.768929,14,d19_detour,2,19,closed,0.0,-0.7400000000000002
-3.29,19,44.779896,14,d19_detour,2,19,closed,0.5,-3.2900000000000005
-1.53,3,44.78276,14,d17_medium,2,17,closed,0.5,-1.53
-0.03,3,44.785619,14,d17_medium,2,17,closed,0.0,-0.030000000000000027
-0.68,18,44.796415,14,d19_detour,2,19,closed,0.0,-0.6800000000000002
4.14,36,44.816711,14,d15_direct,2,15,open,1.0,4.140000000000002
4.14,36,44.8375,14,d15_direct,2,15,open,1.0,4.140000000000002
1.47,3,44.840424,14,d15_direct,2,15,open,1.0,1.47
1.47,3,44.843279,14,d15_direct,2,15,open,1.0,1.47
-0.99,34,44.862705,14,d19_detour,2,19,closed,0.0,-0.9900000000000004
-0.64,14,44.871383,14,d15_direct,2,15,open,1.0,-0.6400000000000001
-3.03,3,44.874256,14,d17_medium,2,17,closed,0.0,-3.0300000000000002
-2.79,19,44.885501,14,d19_detour,2,19,closed,0.0,-2.79
-3.03,3,44.888378,14,d17_medium,2,17,closed,0.0,-3.0300000000000002
-1.53,3,44.891211,14,d17_medium,2,17,closed,0.0,-1.53
-0.86,16,44.901052,14,d17_medium,2,17,closed,0.0,-0.8600000000000001
-3.03,3,44.904138,14,d17_medium,2,17,closed,0.0,-3.0300000000000002
4.14,36,44.925215,14,d15_direct,2,15,open,1.0,4.140000000000002
4.14,36,44.945668,14,d15_direct,2,15,open,1.0,4.140000000000002
-1.53,3,44.94837,14,d19_detour,2,19,closed,0.5,-1.53
-2.6,10,44.954712,14,d19_detour,2,19,closed,0.5,-2.6
4.08,37,44.975315,14,d15_direct,2,15,open,1.0,4.080000000000002
-3.03,3,44.978077,14,d19_detour,2,19,closed,0.5,-3.0300000000000002
-0.86,16,44.987715,14,d17_medium,2,17,closed,0.0,-0.8600000000000001
-3.03,3,44.99057,14,d17_medium,2,17,closed,0.0,-3.0300000000000002
-1.53,3,44.993375,14,d17_medium,2,17,closed,0.0,-1.53
-0.68,18,45.004765,14,d19_detour,2,19,closed,0.0,-0.6800000000000002
-3.03,3,45.007764,14,d19_detour,2,19,closed,0.0,-3.0300000000000002
4.14,36,45.029832,14,d15_direct,2,15,open,1.0,4.140000000000002
1.47,3,45.032861,14,d15_direct,2,15,open,1.0,1.47
1.47,3,45.035823,14,d15_direct,2,15,open,1.0,1.47
1.75,25,45.051007,14,d15_direct,2,15,open,1.0,1.7499999999999998
-0.86,16,45.061069,14,d17_medium,2,17,closed,0.0,-0.8600000000000001
-2.79,19,45.07229,14,d19_detour,2,19,closed,0.0,-2.79
-0.03,3,45.075184,14,d19_detour,2,19,closed,0.5,-0.030000000000000027
-3.03,3,45.078122,14,d19_detour,2,19,closed,0.5,-3.0300000000000002
-0.86,16,45.088119,14,d17_medium,2,17,closed,0.0,-0.8600000000000001
-0.68,18,45.099381,14,d19_detour,2,19,closed,0.0,-0.6800000000000002
-0.92,17,45.109535,14,d17_medium,2,17,closed,0.0,-0.9200000000000002
4.08,37,45.130018,14,d15_direct,2,15,open,1.0,4.080000000000002
-0.68,18,45.140657,14,d19_detour,2,19,closed,0.0,-0.6800000000000002
-3.03,3,45.143745,14,d19_detour,2,19,closed,0.0,-3.0300000000000002
-3.03,3,45.147073,14,d17_medium,2,17,closed,0.0,-3.0300000000000002
-0.68,18,45.158005,14,d19_detour,2,19,closed,0.0,-0.6800000000000002
1.31,29,45.174499,14,d17_medium,2,17,closed,0.0,1.3099999999999998
4.08,37,45.195947,14,d15_direct,2,15,open,1.0,4.080000000000002
-0.86,16,45.205793,14,d17_medium,2,17,closed,0.0,-0.8600000000000001
4.14,36,45.22617,14,d15_direct,2,15,open,1.0,4.140000000000002
-0.68,18,45.236782,14,d19_detour,2,19,closed,0.0,-0.6800000000000002
4.14,36,45.256743,14,d15_direct,2,15,open,1.0,4.140000000000002
-0.03,3,45.259512,14,d15_direct,2,15,open,1.0,-0.030000000000000027
-0.7,30,45.276714,14,d17_medium,2,17,closed,0.0,-0.7000000000000002
-1.53,3,45.279672,14,d19_detour,2,19,closed,0.0,-1.53
-1.53,3,45.282452,14,d19_detour,2,19,closed,0.5,-1.53
-2.26,21,45.29481,14,d19_detour,2,19,closed,0.0,-2.2600000000000002
-3.34,19,45.305645,14,d19_detour,2,19,closed,0.5,-3.3400000000000007
-3.03,3,45.308438,14,d19_detour,2,19,closed,0.5,-3.0300000000000002
-3.03,3,45.311199,14,d19_detour,2,19,closed,0.0,-3.0300000000000002
-3.03,3,45.314004,14,d17_medium,2,17,closed,0.0,-3.0300000000000002
-3.03,3,45.316874,14,d19_detour,2,19,closed,0.5,-3.0300000000000002
1.47,3,45.319769,14,d15_direct,2,15,open,1.0,1.47
-3.03,3,45.322517,14,d17_medium,2,17,closed,0.0,-3.0300000000000002
-3.03,3,45.325341,14,d19_detour,2,19,closed,0.5,-3.0300000000000002
-2.55,5,45.329146,14,d19_detour,2,19,closed,0.0,-2.55
-3.03,3,45.331995,14,d19_detour,2,19,closed,0.5,-3.0300000000000002
-2.86,21,45.344276,14,d19_detour,2,19,closed,0.0,-2.8600000000000008
-3.03,3,45.347537,14,d19_detour,2,19,closed,0.5,-3.0300000000000002
-2.55,5,45.351534,14,d19_detour,2,19,closed,0.0,-2.55
-0.86,16,45.361322,14,d17_medium,2,17,closed,0.0,-0.8600000000000001
1.47,3,45.364264,14,d15_direct,2,15,open,1.0,1.47
1.31,29,45.38109,14,d17_medium,2,17,closed,0.0,1.3099999999999998
1.47,3,45.384103,14,d15_direct,2,15,open,1.0,1.47
-1.53,3,45.386906,14,d19_detour,2,19,closed,0.5,-1.53
-3.03,3,45.389905,14,d17_medium,2,17,closed,0.0,-3.0300000000000002
1.31,29,45.406706,14,d17_medium,2,17,closed,0.0,1.3099999999999998
1.31,29,45.423747,14,d17_medium,2,17,closed,0.0,1.3099999999999998
-0.34,34,45.670272,14,d19_detour,2,19,closed,0.0,-0.3400000000000003
-1.53,3,45.673481,14,d19_detour,2,19,closed,0.5,-1.53
1.75,25,45.688546,14,d15_direct,2,15,open,1.0,1.7499999999999998
-3.02,17,45.699521,14,d17_medium,2,17,closed,0.0,-3.0200000000000005
1.25,30,45.71731,14,d17_medium,2,17,closed,0.0,1.2499999999999998
-0.68,18,45.728544,14,d19_detour,2,19,closed,0.0,-0.6800000000000002
-3.03,3,45.73158,14,d19_detour,2,19,closed,0.5,-3.0300000000000002
-2.56,6,45.735912,14,d19_detour,2,19,closed,0.5,-2.56
-3.03,3,45.738734,14,d19_detour,2,19,closed,0.5,-3.0300000000000002
-2.74,19,45.749696,14,d19_detour,2,19,closed,0.0,-2.7400000000000007
1.47,3,45.752493,14,d15_direct,2,15,open,1.0,1.47
1.41,44,45.777035,14,d17_medium,2,17,closed,0.0,1.4099999999999997
-3.03,3,45.779936,14,d19_detour,2,19,closed,0.0,-3.0300000000000002
1.98,37,45.800952,14,d15_direct,2,15,open,1.0,1.9799999999999998
4.14,36,45.821776,14,d15_direct,2,15,open,1.0,4.140000000000002
4.14,36,45.842016,14,d15_direct,2,15,open,1.0,4.140000000000002
-3.03,3,45.845103,14,d19_detour,2,19,closed,0.5,-3.0300000000000002
1.98,37,45.866544,14,d15_direct,2,15,open,1.0,1.9799999999999995
-3.03,3,45.869317,14,d19_detour,2,19,closed,0.5,-3.0300000000000002
-0.03,3,45.872171,14,d17_medium,2,17,closed,0.5,-0.030000000000000027
4.14,36,45.893599,14,d15_direct,2,15,open,1.0,4.140000000000002
4.14,36,45.914462,14,d15_direct,2,15,open,1.0,4.140000000000002
4.14,36,45.93553,14,d15_direct,2,15,open,1.0,4.140000000000002
-3.03,3,45.93855,14,d17_medium,2,17,closed,0.0,-3.0300000000000002
1.19,31,45.956537,14,d17_medium,2,17,closed,0.0,1.1899999999999997
-1.53,3,45.959406,14,d17_medium,2,17,closed,0.0,-1.53
-0.45,35,45.979323,14,d19_detour,2,19,closed,0.0,-0.45000000000000084
-0.86,16,45.989213,14,d17_medium,2,17,closed,0.0,-0.8600000000000001
2.03,37,46.010878,14,d15_direct,2,15,open,1.0,2.0299999999999994
1.47,3,46.013838,14,d15_direct,2,15,open,1.0,1.47
-0.26,21,46.026637,14,d19_detour,2,19,closed,0.0,-0.26000000000000023
-0.03,3,46.029484,14,d17_medium,2,17,closed,0.0,-0.030000000000000027
1.69,26,46.044791,14,d15_direct,2,15,open,1.0,1.6899999999999997
-0.03,3,46.047573,14,d17_medium,2,17,closed,0.0,-0.030000000000000027
-1.53,3,46.050374,14,d19_detour,2,19,closed,0.5,-1.53
-1.53,3,46.053154,14,d19_detour,2,19,closed,0.5,-1.53
-0.03,3,46.056143,14,d17_medium,2,17,closed,0.5,-0.030000000000000027
-0.03,3,46.059014,14,d19_detour,2,19,closed,0.5,-0.030000000000000027
4.08,37,46.080639,14,d15_direct,2,15,open,1.0,4.080000000000002
-0.8,30,46.098642,14,d17_medium,2,17,closed,0.0,-0.8000000000000003
-0.03,3,46.101573,14,d19_detour,2,19,closed,0.5,-0.030000000000000027
4.14,36,46.12232,14,d15_direct,2,15,open,1.0,4.140000000000002
-0.03,3,46.125101,14,d19_detour,2,19,closed,0.5,-0.030000000000000027
-0.86,16,46.134716,14,d17_medium,2,17,closed,0.0,-0.8600000000000001
-0.85,30,46.151622,14,d17_medium,2,17,closed,0.0,-0.8500000000000003
-0.74,19,46.162796,14,d19_detour,2,19,closed,0.0,-0.7400000000000002
-2.55,5,46.166609,14,d19_detour,2,19,closed,0.0,-2.55
-2.55,5,46.170459,14,d19_detour,2,19,closed,0.5,-2.55
1.47,3,46.173358,14,d15_direct,2,15,open,1.0,1.47
-3.03,3,46.176209,14,d17_medium,2,17,closed,0.0,-3.0300000000000002
1.75,25,46.190435,14,d15_direct,2,15,open,1.0,1.7499999999999998
-3.03,3,46.19324,14,d19_detour,2,19,closed,0.5,-3.0300000000000002
2.03,37,46.214881,14,d15_direct,2,15,open,1.0,2.0299999999999994
-2.79,19,46.226228,14,d19_detour,2,19,closed,0.0,-2.79
2.45,50,46.254148,14,d19_detour,2,19,closed,0.0,2.4499999999999993
-0.44,19,46.265916,14,d17_medium,2,17,closed,0.0,-0.44000000000000017
1.61,34,46.285359,14,d19_detour,2,19,closed,0.0,1.6099999999999997
4.14,36,46.30602,14,d15_direct,2,15,open,1.0,4.140000000000002
1.25,30,46.32406,14,d17_medium,2,17,closed,0.0,1.2499999999999998
4.14,36,46.344268,14,d15_direct,2,15,open,1.0,4.140000000000002
1.47,3,46.346998,14,d17_medium,2,17,closed,0.5,1.47
-3.03,3,46.349924,14,d17_medium,2,17,closed,0.0,-3.0300000000000002
-3.03,3,46.352736,14,d19_detour,2,19,closed,0.5,-3.0300000000000002
1.47,3,46.355511,14,d17_medium,2,17,closed,0.5,1.47
-0.9,30,46.372834,14,d17_medium,2,17,closed,0.0,-0.9000000000000002
1.47,3,46.375741,14,d15_direct,2,15,open,1.0,1.47
1.75,25,46.390187,14,d15_direct,2,15,open,1.0,1.7499999999999998
1.31,29,46.406601,14,d17_medium,2,17,closed,0.0,1.3099999999999998
-1.53,3,46.409437,14,d19_detour,2,19,closed,0.5,-1.53
2.13,37,46.429909,14,d15_direct,2,15,open,1.0,2.13
1.61,34,46.448938,14,d19_detour,2,19,closed,0.0,1.6099999999999997
-3.03,3,46.451806,14,d17_medium,2,17,closed,0.0,-3.0300000000000002
-3.03,3,46.454728,14,d19_detour,2,19,closed,0.0,-3.0300000000000002
1.47,3,46.457528,14,d15_direct,2,15,open,1.0,1.47
-2.36,21,46.469572,14,d19_detour,2,19,closed,0.0,-2.3600000000000003
-3.03,3,46.472378,14,d19_detour,2,19,closed,0.5,-3.0300000000000002
-2.55,5,46.476169,14,d19_detour,2,19,closed,0.5,-2.55
4.14,36,46.496283,14,d15_direct,2,15,open,1.0,4.140000000000002
4.14,36,46.516395,14,d15_direct,2,15,open,1.0,4.140000000000002
1.47,3,46.519224,14,d15_direct,2,15,open,1.0,1.47
-0.8,30,46.536185,14,d17_medium,2,17,closed,0.0,-0.8000000000000003
1.47,3,46.539086,14,d15_direct,2,15,open,1.0,1.47
1.47,3,46.541945,14,d15_direct,2,15,open,1.0,1.47
2.03,37,46.562594,14,d15_direct,2,15,open,1.0,2.030000000000002
4.08,37,46.583308,14,d15_direct,2,15,open,1.0,4.080000000000002
-2.55,5,46.587116,14,d19_detour,2,19,closed,0.0,-2.55
4.08,37,46.607775,14,d15_direct,2,15,open,1.0,4.080000000000002
-0.03,3,46.610523,14,d17_medium,2,17,closed,0.5,-0.030000000000000027
-2.31,21,46.622448,14,d19_detour,2,19,closed,0.5,-2.31
4.14,36,46.643651,14,d15_direct,2,15,open,1.0,4.140000000000002
-3.03,3,46.646522,14,d19_detour,2,19,closed,0.5,-3.0300000000000002
-0.03,3,46.649292,14,d19_detour,2,19,closed,0.5,-0.030000000000000027
-2.66,21,46.661607,14,d19_detour,2,19,closed,0.0,-2.66
1.75,25,46.675881,14,d15_direct,2,15,open,1.0,1.7499999999999998
4.08,37,46.696792,14,d15_direct,2,15,open,1.0,4.080000000000002
1.47,3,46.699679,14,d15_direct,2,15,open,1.0,1.47
-0.68,18,46.710425,14,d19_detour,2,19,closed,0.0,-0.6800000000000002
-2.86,21,46.722262,14,d19_detour,2,19,closed,0.5,-2.8600000000000003
-2.31,21,46.734428,14,d19_detour,2,19,closed,0.0,-2.3100000000000005
-2.55,5,46.738276,14,d19_detour,2,19,closed,0.0,-2.55
-0.68,18,46.749086,14,d19_detour,2,19,closed,0.0,-0.6800000000000002
-0.2,20,46.760775,14,d19_detour,2,19,closed,0.0,-0.20000000000000007
-0.75,50,46.787373,14,d19_detour,2,19,closed,0.0,-0.7500000000000009
-0.03,3,46.790215,14,d19_detour,2,19,closed,0.5,-0.030000000000000027
1.47,3,46.793087,14,d15_direct,2,15,open,1.0,1.47
4.14,36,46.813996,14,d15_direct,2,15,open,1.0,4.140000000000002
-3.03,3,46.816969,14,d17_medium,2,17,closed,0.0,-3.0300000000000002
4.08,37,46.838908,14,d15_direct,2,15,open,1.0,4.080000000000002
1.25,30,46.856273,14,d17_medium,2,17,closed,0.0,1.2499999999999998
3.48,42,46.879838,14,d17_medium,2,17,closed,0.0,3.480000000000002
-0.92,17,46.89017,14,d17_medium,2,17,closed,0.0,-0.9200000000000002
4.14,36,47.175158,14,d15_direct,2,15,open,1.0,4.140000000000002
-0.2,20,47.186923,14,d19_detour,2,19,closed,0.0,-0.20000000000000018
-3.12,37,47.208056,14,d19_detour,2,19,closed,0.5,-3.120000000000001
-1.53,3,47.211452,14,d17_medium,2,17,closed,0.5,-1.53
4.14,36,47.231802,14,d15_direct,2,15,open,1.0,4.140000000000002
1.31,29,47.248262,14,d17_medium,2,17,closed,0.0,1.3099999999999998
4.14,36,47.26886,14,d15_direct,2,15,open,1.0,4.140000000000002
-0.03,3,47.271765,14,d15_direct,2,15,open,1.0,-0.030000000000000027
-3.03,3,47.274604,14,d19_detour,2,19,closed,0.5,-3.0300000000000002
1.47,3,47.277598,14,d15_direct,2,15,open,1.0,1.47
1.47,3,47.280394,14,d15_direct,2,15,open,1.0,1.47
1.47,3,47.283207,14,d17_medium,2,17,closed,0.5,1.47
-0.03,3,47.28608,14,d17_medium,2,17,closed,0.0,-0.030000000000000027
-0.03,3,47.288914,14,d19_detour,2,19,closed,0.5,-0.030000000000000027
-3.03,3,47.291834,14,d17_medium,2,17,closed,0.0,-3.0300000000000002
4.14,36,47.312911,14,d15_direct,2,15,open,1.0,4.140000000000002
4.02,38,47.334215,14,d15_direct,2,15,open,1.0,4.020000000000002
-3.03,3,47.337127,14,d17_medium,2,17,closed,0.0,-3.0300000000000002
-0.85,30,47.354245,14,d17_medium,2,17,closed,0.0,-0.8500000000000003
4.14,36,47.374666,14,d15_direct,2,15,open,1.0,4.140000000000002
1.31,29,47.39116,14,d17_medium,2,17,closed,0.0,1.3099999999999998
1.31,29,47.40783,14,d17_medium,2,17,closed,0.0,1.3099999999999998
4.14,36,47.428173,14,d15_direct,2,15,open,1.0,4.140000000000002
4.14,36,47.448409,14,d15_direct,2,15,open,1.0,4.140000000000002
-1.53,3,47.451237,14,d17_medium,2,17,closed,0.0,-1.53
-0.03,3,47.454103,14,d17_medium,2,17,closed,0.5,-0.030000000000000027
-1.71,21,47.466509,14,d19_detour,2,19,closed,0.0,-1.7100000000000002
1.47,3,47.469432,14,d15_direct,2,15,open,1.0,1.47
-2.97,17,47.479691,14,d17_medium,2,17,closed,0.0,-2.97
-0.03,3,47.482449,14,d17_medium,2,17,closed,0.0,-0.030000000000000027
-0.42,27,47.497963,14,d15_direct,2,15,open,1.0,-0.4200000000000004
4.14,36,47.518264,14,d15_direct,2,15,open,1.0,4.140000000000002
1.67,33,47.537271,14,d19_detour,2,19,closed,0.0,1.6699999999999997
-3.03,3,47.540053,14,d19_detour,2,19,closed,0.5,-3.0300000000000002
-1.53,3,47.542953,14,d17_medium,2,17,closed,0.0,-1.53
-0.03,3,47.545839,14,d15_direct,2,15,open,1.0,-0.030000000000000027
1.25,30,47.562771,14,d17_medium,2,17,closed,0.0,1.2499999999999998
4.14,36,47.583348,14,d15_direct,2,15,open,1.0,4.140000000000002
1.47,3,47.586196,14,d19_detour,2,19,closed,0.5,1.47
1.31,29,47.602697,14,d17_medium,2,17,closed,0.0,1.3099999999999998
-3.03,3,47.605481,14,d17_medium,2,17,closed,0.0,-3.0300000000000002
1.47,3,47.608312,14,d17_medium,2,17,closed,0.5,1.47
-3.03,3,47.611612,14,d19_detour,2,19,closed,0.5,-3.0300000000000002
-0.86,16,47.621263,14,d17_medium,2,17,closed,0.0,-0.8600000000000001
1.47,3,47.624064,14,d15_direct,2,15,open,1.0,1.47
-2.55,5,47.628019,14,d19_detour,2,19,closed,0.0,-2.55
1.75,25,47.64294,14,d15_direct,2,15,open,1.0,1.7499999999999998
0.22,23,47.656954,14,d19_detour,2,19,closed,0.0,0.21999999999999975
-0.86,16,47.666816,14,d17_medium,2,17,closed,0.0,-0.8600000000000001
3.42,43,47.691621,14,d17_medium,2,17,closed,0.0,3.4200000000000017
-3.03,3,47.694616,14,d19_detour,2,19,closed,0.5,-3.0300000000000002
1.91,49,47.721564,14,d19_detour,2,19,closed,0.0,1.9099999999999995
1.47,3,47.72442,14,d15_direct,2,15,open,1.0,1.47
1.67,33,47.743632,14,d19_detour,2,19,closed,0.0,1.6699999999999997
1.47,3,47.746434,14,d15_direct,2,15,open,1.0,1.47
-0.26,21,47.758749,14,d19_detour,2,19,closed,0.0,-0.26000000000000023
4.14,36,47.779348,14,d15_direct,2,15,open,1.0,4.140000000000002
-3.03,3,47.7822,14,d19_detour,2,19,closed,0.5,-3.0300000000000002
1.31,29,47.798771,14,d17_medium,2,17,closed,0.0,1.3099999999999998
1.67,33,47.817355,14,d19_detour,2,19,closed,0.0,1.6699999999999997
-0.86,16,47.826904,14,d17_medium,2,17,closed,0.0,-0.8600000000000001
1.47,3,47.829741,14,d15_direct,2,15,open,1.0,1.47
4.14,36,47.850743,14,d15_direct,2,15,open,1.0,4.140000000000002
-0.03,3,47.853671,14,d17_medium,2,17,closed,0.0,-0.030000000000000027
-0.68,18,47.864455,14,d19_detour,2,19,closed,0.0,-0.6800000000000002
1.47,3,47.867348,14,d15_direct,2,15,open,1.0,1.47
-2.79,19,47.878919,14,d19_detour,2,19,closed,0.0,-2.7900000000000005
1.75,25,47.893457,14,d15_direct,2,15,open,1.0,1.7499999999999998
4.14,36,47.91482,14,d15_direct,2,15,open,1.0,4.140000000000002
-3.03,3,47.917716,14,d17_medium,2,17,closed,0.0,-3.0300000000000002
-0.03,3,47.920511,14,d19_detour,2,19,closed,0.5,-0.030000000000000027
-2.55,5,47.924265,14,d19_detour,2,19,closed,0.5,-2.55
-1.53,3,47.927092,14,d19_detour,2,19,closed,0.5,-1.53
1.75,25,47.941829,14,d15_direct,2,15,open,1.0,1.7499999999999998
-0.2,20,47.95431,14,d19_detour,2,19,closed,0.0,-0.20000000000000018
-0.38,18,47.965067,14,d17_medium,2,17,closed,0.0,-0.3800000000000001
1.19,31,47.983193,14,d17_medium,2,17,closed,0.0,1.1899999999999997
1.75,25,47.997638,14,d15_direct,2,15,open,1.0,1.7499999999999998
-0.86,16,48.007184,14,d17_medium,2,17,closed,0.0,-0.8600000000000001
-1.53,3,48.010111,14,d17_medium,2,17,closed,0.5,-1.53
-1.53,3,48.013077,14,d19_detour,2,19,closed,0.5,-1.53
-0.03,3,48.016228,14,d15_direct,2,15,open,1.0,-0.030000000000000027
1.31,29,48.032345,14,d17_medium,2,17,closed,0.0,1.3099999999999998
4.14,36,48.053354,14,d15_direct,2,15,open,1.0,4.140000000000002
4.14,36,48.073238,14,d15_direct,2,15,open,1.0,4.140000000000002
-0.03,3,48.075993,14,d15_direct,2,15,open,1.0,-0.030000000000000027
-0.68,18,48.087639,14,d19_detour,2,19,closed,0.0,-0.6800000000000002
1.47,3,48.090766,14,d15_direct,2,15,open,1.0,1.47
-0.03,3,48.093673,14,d17_medium,2,17,closed,0.5,-0.030000000000000027
1.47,3,48.096416,14,d15_direct,2,15,open,1.0,1.47
-0.92,17,48.106376,14,d17_medium,2,17,closed,0.0,-0.9200000000000002
-3.03,3,48.109145,14,d19_detour,2,19,closed,0.5,-3.0300000000000002
-0.03,3,48.111907,14,d19_detour,2,19,closed,0.5,-0.030000000000000027
-0.03,3,48.114751,14,d19_detour,2,19,closed,0.5,-0.030000000000000027
-0.86,16,48.124192,14,d17_medium,2,17,closed,0.0,-0.8600000000000001
3.42,43,48.147466,14,d17_medium,2,17,closed,0.0,3.4200000000000017
-0.86,16,48.156899,14,d17_medium,2,17,closed,0.0,-0.8600000000000001
3.48,42,48.181469,14,d17_medium,2,17,closed,0.0,3.480000000000002
4.14,36,48.202139,14,d15_direct,2,15,open,1.0,4.140000000000002
-0.68,18,48.212821,14,d19_detour,2,19,closed,0.0,-0.6800000000000002
-1.53,3,48.21563,14,d17_medium,2,17,closed,0.0,-1.53
-0.86,16,48.225136,14,d17_medium,2,17,closed,0.0,-0.8600000000000001
1.47,3,48.228038,14,d15_direct,2,15,open,1.0,1.47
-0.2,20,48.23965,14,d19_detour,2,19,closed,0.0,-0.20000000000000018
3.42,43,48.263354,14,d17_medium,2,17,closed,0.0,3.4200000000000026
-0.86,16,48.273,14,d17_medium,2,17,closed,0.0,-0.8600000000000001
1.37,43,48.300386,14,d17_medium,2,17,closed,0.0,1.3699999999999997
1.31,29,48.316724,14,d17_medium,2,17,closed,0.0,1.3099999999999998
1.47,3,48.319551,14,d15_direct,2,15,open,1.0,1.47
-0.25,25,48.33402,14,d19_detour,2,19,closed,0.0,-0.2500000000000002
-0.99,34,48.352894,14,d19_detour,2,19,closed,0.0,-0.9900000000000004
4.14,36,48.37386,14,d15_direct,2,15,open,1.0,4.140000000000002
4.14,36,48.39671,14,d15_direct,2,15,open,1.0,4.140000000000002
-0.03,3,48.399728,14,d17_medium,2,17,closed,0.0,-0.030000000000000027
-1.53,3,48.40257,14,d19_detour,2,19,closed,0.0,-1.53
2.08,37,48.65896,14,d19_detour,2,19,closed,0.0,2.08
3.48,42,48.682705,14,d17_medium,2,17,closed,0.0,3.480000000000002
-0.03,3,48.685533,14,d15_direct,2,15,open,1.0,-0.030000000000000027
-2.56,6,48.689889,14,d19_detour,2,19,closed,0.5,-2.56
-0.2,20,48.702144,14,d19_detour,2,19,closed,0.0,-0.20000000000000007
1.72,38,48.723394,14,d17_medium,2,17,closed,0.0,1.7199999999999998
-1.53,3,48.726233,14,d17_medium,2,17,closed,0.0,-1.53
4.14,36,48.747304,14,d15_direct,2,15,open,1.0,4.140000000000002
-3.03,3,48.750112,14,d19_detour,2,19,closed,0.5,-3.0300000000000002
-0.86,16,48.759969,14,d17_medium,2,17,closed,0.0,-0.8600000000000001
-0.03,3,48.763232,14,d17_medium,2,17,closed,0.0,-0.030000000000000027
4.08,37,48.784391,14,d15_direct,2,15,open,1.0,4.080000000000002
1.31,29,48.801585,14,d17_medium,2,17,closed,0.0,1.3099999999999998
-1.53,3,48.804333,14,d19_detour,2,19,closed,0.5,-1.53
4.08,37,48.825271,14,d15_direct,2,15,open,1.0,4.080000000000002
-2.97,17,48.835475,14,d17_medium,2,17,closed,0.0,-2.97
1.47,3,48.838264,14,d17_medium,2,17,closed,0.5,1.47
4.14,36,48.858765,14,d15_direct,2,15,open,1.0,4.140000000000002
-1.53,3,48.861532,14,d17_medium,2,17,closed,0.0,-1.53
-1.53,3,48.864266,14,d17_medium,2,17,closed,0.5,-1.53
4.08,37,48.884961,14,d15_direct,2,15,open,1.0,4.080000000000002
-0.68,18,48.895697,14,d19_detour,2,19,closed,0.0,-0.6800000000000002
-0.86,16,48.905335,14,d17_medium,2,17,closed,0.0,-0.8600000000000001
-0.74,19,48.916548,14,d19_detour,2,19,closed,0.0,-0.7400000000000002
1.61,34,48.936145,14,d19_detour,2,19,closed,0.0,1.6099999999999997
-2.12,12,48.943565,14,d19_detour,2,19,closed,0.0,-2.12
1.31,29,48.960652,14,d17_medium,2,17,closed,0.0,1.3099999999999998
-2.6,10,48.966984,14,d19_detour,2,19,closed,0.5,-2.6
-2.55,5,48.970935,14,d19_detour,2,19,closed,0.0,-2.55
-0.86,16,48.98109,14,d17_medium,2,17,closed,0.0,-0.8600000000000001
-2.07,7,48.986024,14,d19_detour,2,19,closed,0.5,-2.0700000000000003
1.75,25,49.000529,14,d15_direct,2,15,open,1.0,1.7499999999999998
1.31,29,49.017181,14,d17_medium,2,17,closed,0.0,1.3099999999999998
4.14,36,49.03734,14,d15_direct,2,15,open,1.0,4.140000000000002
-1.9,30,49.05458,14,d19_detour,2,19,closed,0.5,-1.9000000000000001
1.47,3,49.057455,14,d15_direct,2,15,open,1.0,1.47
1.75,25,49.071844,14,d15_direct,2,15,open,1.0,1.7499999999999998
2.13,37,49.093847,14,d15_direct,2,15,open,1.0,2.13
3.48,42,49.117182,14,d17_medium,2,17,closed,0.0,3.480000000000002
-0.86,16,49.12698,14,d17_medium,2,17,closed,0.0,-0.8600000000000001
4.14,36,49.147345,14,d15_direct,2,15,open,1.0,4.140000000000002
-2.36,26,49.162601,14,d19_detour,2,19,closed,0.5,-2.3600000000000003
1.31,29,49.178836,14,d17_medium,2,17,closed,0.0,1.3099999999999998
4.14,36,49.19873,14,d15_direct,2,15,open,1.0,4.140000000000002
-2.87,17,49.208724,14,d17_medium,2,17,closed,0.0,-2.87
-2.74,19,49.219645,14,d19_detour,2,19,closed,0.0,-2.74
4.14,36,49.239439,14,d15_direct,2,15,open,1.0,4.140000000000002
4.14,36,49.261188,14,d15_direct,2,15,open,1.0,4.140000000000002
2.08,37,49.282603,14,d19_detour,2,19,closed,0.0,2.08
1.31,29,49.298809,14,d17_medium,2,17,closed,0.0,1.3099999999999998
-2.08,8,49.304098,14,d19_detour,2,19,closed,0.5,-2.08
-2.5,35,49.32357,14,d19_detour,2,19,closed,0.0,-2.5
-3.03,3,49.326391,14,d17_medium,2,17,closed,0.0,-3.0300000000000002
-0.7,30,49.343018,14,d17_medium,2,17,closed,0.0,-0.7000000000000002
4.08,37,49.363331,14,d15_direct,2,15,open,1.0,4.080000000000002
-3.03,3,49.366119,14,d17_medium,2,17,closed,0.0,-3.0300000000000002
-0.03,3,49.368861,14,d17_medium,2,17,closed,0.5,-0.030000000000000027
1.31,29,49.385087,14,d17_medium,2,17,closed,0.0,1.3099999999999998
-0.03,3,49.387835,14,d19_detour,2,19,closed,0.5,-0.030000000000000027
1.31,29,49.404322,14,d17_medium,2,17,closed,0.0,1.3099999999999998
4.14,36,49.424178,14,d15_direct,2,15,open,1.0,4.140000000000002
2.15,35,49.443614,14,d19_detour,2,19,closed,0.0,2.1499999999999995
4.14,36,49.463489,14,d15_direct,2,15,open,1.0,4.140000000000002
4.14,36,49.484095,14,d15_direct,2,15,open,1.0,4.140000000000002
-0.03,3,49.486883,14,d17_medium,2,17,closed,0.0,-0.030000000000000027
-0.03,3,49.489679,14,d19_detour,2,19,closed,0.5,-0.030000000000000027
-0.86,16,49.499199,14,d17_medium,2,17,closed,0.0,-0.8600000000000001
-3.03,3,49.502028,14,d19_detour,2,19,closed,0.5,-3.0300000000000002
1.31,29,49.51842,14,d17_medium,2,17,closed,0.0,1.3099999999999998
-1.78,28,49.53413,14,d19_detour,2,19,closed,0.0,-1.7800000000000002
-0.85,30,49.551072,14,d17_medium,2,17,closed,0.0,-0.8500000000000003
-0.74,19,49.562189,14,d19_detour,2,19,closed,0.0,-0.7400000000000002
1.31,29,49.578515,14,d17_medium,2,17,closed,0.0,1.3099999999999998
-1.53,3,49.581255,14,d19_detour,2,19,closed,0.5,-1.53
-0.7,30,49.598047,14,d17_medium,2,17,closed,0.0,-0.7000000000000002
-0.86,16,49.607626,14,d17_medium,2,17,closed,0.0,-0.8600000000000001
4.14,36,49.628184,14,d15_direct,2,15,open,1.0,4.140000000000002
4.14,36,49.648387,14,d15_direct,2,15,open,1.0,4.140000000000002
4.14,36,49.669168,14,d15_direct,2,15,open,1.0,4.140000000000002
-2.0,35,49.689602,14,d19_detour,2,19,closed,0.0,-2.000000000000001
1.31,29,49.706579,14,d17_medium,2,17,closed,0.0,1.3099999999999998
1.47,3,49.709576,14,d15_direct,2,15,open,1.0,1.47
-1.53,3,49.713068,14,d19_detour,2,19,closed,0.5,-1.53
1.47,3,49.715973,14,d15_direct,2,15,open,1.0,1.47
2.15,35,49.735635,14,d19_detour,2,19,closed,0.0,2.1499999999999995
-0.03,3,49.738489,14,d17_medium,2,17,closed,0.5,-0.030000000000000027
-0.03,3,49.74135,14,d17_medium,2,17,closed,0.0,-0.030000000000000027
2.1,40,49.763585,14,d19_detour,2,19,closed,0.0,2.1000000000000014
-0.99,34,49.782395,14,d19_detour,2,19,closed,0.0,-0.9900000000000011
1.47,3,49.785242,14,d15_direct,2,15,open,1.0,1.47
1.31,29,49.801949,14,d17_medium,2,17,closed,0.0,1.3099999999999998
1.75,25,49.816542,14,d15_direct,2,15,open,1.0,1.7499999999999998
-0.86,16,49.826487,14,d17_medium,2,17,closed,0.0,-0.8600000000000001
1.61,34,50.091195,14,d19_detour,2,19,closed,0.0,1.6099999999999997
1.47,3,50.094308,14,d15_direct,2,15,open,1.0,1.47
4.14,36,50.114777,14,d15_direct,2,15,open,1.0,4.140000000000002
-2.55,5,50.118802,14,d19_detour,2,19,closed,0.0,-2.55
-0.68,18,50.130159,14,d19_detour,2,19,closed,0.0,-0.6800000000000002
3.48,42,50.154047,14,d17_medium,2,17,closed,0.0,3.480000000000002
4.14,36,50.175121,14,d15_direct,2,15,open,1.0,4.140000000000002
-0.03,3,50.177867,14,d19_detour,2,19,closed,0.5,-0.030000000000000027
1.25,30,50.194895,14,d17_medium,2,17,closed,0.0,1.2499999999999998
-0.68,18,50.205633,14,d19_detour,2,19,closed,0.0,-0.6800000000000002
0.28,22,50.219051,14,d19_detour,2,19,closed,0.0,0.2799999999999998
1.75,25,50.233385,14,d15_direct,2,15,open,1.0,1.7499999999999998
1.67,33,50.251838,14,d19_detour,2,19,closed,0.0,1.6699999999999997
-0.03,3,50.254615,14,d17_medium,2,17,closed,0.5,-0.030000000000000027
1.61,34,50.273479,14,d19_detour,2,19,closed,0.0,1.6099999999999997
1.31,29,50.290256,14,d17_medium,2,17,closed,0.0,1.3099999999999998
1.31,29,50.307327,14,d17_medium,2,17,closed,0.0,1.3099999999999998
-2.43,28,50.32349,14,d19_detour,2,19,closed,0.5,-2.4300000000000006
1.31,29,50.340311,14,d17_medium,2,17,closed,0.0,1.3099999999999998
4.14,36,50.361312,14,d15_direct,2,15,open,1.0,4.140000000000002
1.47,3,50.364104,14,d15_direct,2,15,open,1.0,1.47
2.07,38,50.385445,14,d15_direct,2,15,open,1.0,2.0699999999999994
-0.03,3,50.388247,14,d19_detour,2,19,closed,0.5,-0.030000000000000027
-2.79,19,50.399487,14,d19_detour,2,19,closed,0.0,-2.79
4.14,36,50.420167,14,d15_direct,2,15,open,1.0,4.140000000000002
-0.68,18,50.43079,14,d19_detour,2,19,closed,0.0,-0.6800000000000002
1.25,30,50.447978,14,d17_medium,2,17,closed,0.0,1.2499999999999998
4.14,36,50.468181,14,d15_direct,2,15,open,1.0,4.140000000000002
4.14,36,50.489128,14,d15_direct,2,15,open,1.0,4.140000000000002
4.14,36,50.509678,14,d15_direct,2,15,open,1.0,4.140000000000002
-0.34,34,50.528774,14,d19_detour,2,19,closed,0.0,-0.3400000000000003
4.14,36,50.549463,14,d15_direct,2,15,open,1.0,4.140000000000002
-3.03,3,50.552276,14,d19_detour,2,19,closed,0.5,-3.0300000000000002
0.09,36,50.573376,14,d19_detour,2,19,closed,0.0,0.08999999999999964
-0.03,3,50.576128,14,d19_detour,2,19,closed,0.5,-0.030000000000000027
-0.86,16,50.585558,14,d17_medium,2,17,closed,0.0,-0.8600000000000001
1.97,38,50.606354,14,d15_direct,2,15,open,1.0,1.9699999999999995
-0.03,3,50.609086,14,d19_detour,2,19,closed,0.5,-0.030000000000000027
4.14,36,50.628989,14,d15_direct,2,15,open,1.0,4.140000000000002
-0.86,16,50.638619,14,d17_medium,2,17,closed,0.0,-0.8600000000000001
4.14,36,50.658553,14,d15_direct,2,15,open,1.0,4.140000000000002
3.48,42,50.681605,14,d17_medium,2,17,closed,0.0,3.480000000000002
1.47,3,50.684461,14,d15_direct,2,15,open,1.0,1.47
-0.03,3,50.687248,14,d19_detour,2,19,closed,0.5,-0.030000000000000027
1.31,29,50.704112,14,d17_medium,2,17,closed,0.0,1.3099999999999998
-2.97,17,50.714241,14,d17_medium,2,17,closed,0.0,-2.97
-0.03,3,50.717013,14,d19_detour,2,19,closed,0.5,-0.030000000000000027
-0.03,3,50.719785,14,d19_detour,2,19,closed,0.5,-0.030000000000000027
1.25,30,50.736515,14,d17_medium,2,17,closed,0.0,1.2499999999999998
1.31,29,50.752817,14,d17_medium,2,17,closed,0.0,1.3099999999999998
-0.86,16,50.762391,14,d17_medium,2,17,closed,0.0,-0.8600000000000001
-1.53,3,50.765214,14,d17_medium,2,17,closed,0.0,-1.53
4.08,37,50.785661,14,d15_direct,2,15,open,1.0,4.080000000000002
4.14,36,50.805494,14,d15_direct,2,15,open,1.0,4.140000000000002
-0.03,3,50.808228,14,d15_direct,2,15,open,1.0,-0.030000000000000027
4.14,36,50.828157,14,d15_direct,2,15,open,1.0,4.140000000000002
-3.03,3,50.830951,14,d19_detour,2,19,closed,0.5,-3.0300000000000002
-3.03,3,50.833771,14,d19_detour,2,19,closed,0.5,-3.0300000000000002
-0.2,20,50.846789,14,d19_detour,2,19,closed,0.0,-0.20000000000000007
1.31,29,50.864638,14,d17_medium,2,17,closed,0.0,1.3099999999999998
4.14,36,50.885984,14,d15_direct,2,15,open,1.0,4.140000000000002
-1.53,3,50.888889,14,d19_detour,2,19,closed,0.0,-1.53
1.47,3,50.891782,14,d15_direct,2,15,open,1.0,1.47
4.14,36,50.919763,14,d15_direct,2,15,open,1.0,4.140000000000002
-1.53,3,50.924404,14,d17_medium,2,17,closed,0.0,-1.53
-0.68,18,50.938287,14,d19_detour,2,19,closed,0.0,-0.6800000000000002
-2.62,12,50.947632,14,d17_medium,2,17,closed,0.5,-2.62
1.47,3,50.950501,14,d15_direct,2,15,open,1.0,1.47
-3.03,3,50.953393,14,d19_detour,2,19,closed,0.5,-3.0300000000000002
1.47,3,50.956188,14,d19_detour,2,19,closed,0.5,1.47
4.14,36,50.977778,14,d15_direct,2,15,open,1.0,4.140000000000002
4.14,36,50.997759,14,d15_direct,2,15,open,1.0,4.140000000000002
1.47,3,51.000525,14,d15_direct,2,15,open,1.0,1.47
3.48,42,51.023977,14,d17_medium,2,17,closed,0.0,3.480000000000002
4.14,36,51.044791,14,d15_direct,2,15,open,1.0,4.140000000000002
4.08,37,51.066314,14,d15_direct,2,15,open,1.0,4.080000000000002
1.31,29,51.082732,14,d17_medium,2,17,closed,0.0,1.3099999999999998
-3.03,3,51.085816,14,d19_detour,2,19,closed,0.0,-3.0300000000000002
-1.53,3,51.08878,14,d17_medium,2,17,closed,0.0,-1.53
-3.03,3,51.091608,14,d17_medium,2,17,closed,0.0,-3.0300000000000002
-0.03,3,51.094375,14,d19_detour,2,19,closed,0.5,-0.030000000000000027
1.31,29,51.110827,14,d17_medium,2,17,closed,0.0,1.3099999999999998
-0.86,16,51.120699,14,d17_medium,2,17,closed,0.0,-0.8600000000000001
-0.03,3,51.123895,14,d17_medium,2,17,closed,0.0,-0.030000000000000027
1.31,29,51.140778,14,d17_medium,2,17,closed,0.0,1.3099999999999998
1.47,3,51.143727,14,d15_direct,2,15,open,1.0,1.47
-0.51,36,51.163255,14,d19_detour,2,19,closed,0.0,-0.5100000000000005
1.47,3,51.166102,14,d15_direct,2,15,open,1.0,1.47
1.47,3,51.168955,14,d15_direct,2,15,open,1.0,1.47
1.47,3,51.171859,14,d15_direct,2,15,open,1.0,1.47
-2.6,10,51.178419,14,d19_detour,2,19,closed,0.5,-2.6
-0.86,16,51.187893,14,d17_medium,2,17,closed,0.0,-0.8600000000000001
-0.92,17,51.19866,14,d17_medium,2,17,closed,0.0,-0.9200000000000002
-0.03,3,51.201479,14,d17_medium,2,17,closed,0.0,-0.030000000000000027
-0.68,18,51.212331,14,d19_detour,2,19,closed,0.0,-0.6800000000000002
-1.53,3,51.215116,14,d17_medium,2,17,closed,0.0,-1.53
4.14,36,51.234995,14,d15_direct,2,15,open,1.0,4.140000000000002
-0.56,36,51.255193,14,d19_detour,2,19,closed,0.0,-0.5600000000000005
4.14,36,51.275071,14,d15_direct,2,15,open,1.0,4.140000000000002
-0.03,3,51.277916,14,d17_medium,2,17,closed,0.5,-0.030000000000000027
4.08,37,51.298353,14,d15_direct,2,15,open,1.0,4.080000000000002
4.14,36,51.318282,14,d15_direct,2,15,open,1.0,4.140000000000002
4.14,36,51.566967,14,d15_direct,2,15,open,1.0,4.140000000000002
4.14,36,51.58728,14,d15_direct,2,15,open,1.0,4.140000000000002
4.14,36,51.607846,14,d15_direct,2,15,open,1.0,4.140000000000002
-2.56,6,51.612242,14,d19_detour,2,19,closed,0.5,-2.56
-0.8,50,51.639746,14,d19_detour,2,19,closed,0.0,-0.8000000000000004
3.48,42,51.66332,14,d17_medium,2,17,closed,0.0,3.480000000000002
4.14,36,51.68354,14,d15_direct,2,15,open,1.0,4.140000000000002
4.14,36,51.704749,14,d15_direct,2,15,open,1.0,4.140000000000002
1.47,3,51.707496,14,d17_medium,2,17,closed,0.5,1.47
-0.03,3,51.710386,14,d19_detour,2,19,closed,0.5,-0.030000000000000027
-2.26,26,51.725266,14,d19_detour,2,19,closed,0.0,-2.2600000000000002
-0.03,3,51.728118,14,d17_medium,2,17,closed,0.5,-0.030000000000000027
-0.86,16,51.737935,14,d17_medium,2,17,closed,0.0,-0.8600000000000001
4.14,36,51.758303,14,d15_direct,2,15,open,1.0,4.140000000000002
-0.03,3,51.761603,14,d19_detour,2,19,closed,0.5,-0.030000000000000027
1.31,29,51.778297,14,d17_medium,2,17,closed,0.0,1.3099999999999998
1.47,3,51.781054,14,d17_medium,2,17,closed,0.5,1.47
1.25,30,51.798966,14,d17_medium,2,17,closed,0.0,1.2499999999999998
-0.7,30,51.816193,14,d17_medium,2,17,closed,0.0,-0.7000000000000002
-2.55,5,51.820096,14,d19_detour,2,19,closed,0.0,-2.55
1.31,29,51.837678,14,d17_medium,2,17,closed,0.0,1.3099999999999998
1.47,3,51.840426,14,d19_detour,2,19,closed,0.5,1.47
4.14,36,51.860721,14,d15_direct,2,15,open,1.0,4.140000000000002
1.67,33,51.880055,14,d19_detour,2,19,closed,0.0,1.6699999999999997
3.48,42,51.904074,14,d17_medium,2,17,closed,0.0,3.480000000000002
-0.03,3,51.90693,14,d17_medium,2,17,closed,0.0,-0.030000000000000027
-0.03,3,51.909812,14,d17_medium,2,17,closed,0.5,-0.030000000000000027
4.14,36,51.930629,14,d15_direct,2,15,open,1.0,4.140000000000002
-0.03,3,51.9334,14,d19_detour,2,19,closed,0.5,-0.030000000000000027
-0.03,3,51.936172,14,d17_medium,2,17,closed,0.0,-0.030000000000000027
4.14,36,51.957122,14,d15_direct,2,15,open,1.0,4.140000000000002
2.15,35,51.977393,14,d19_detour,2,19,closed,0.0,2.1499999999999995
4.14,36,51.997566,14,d15_direct,2,15,open,1.0,4.140000000000002
3.42,43,52.022685,14,d17_medium,2,17,closed,0.0,3.4200000000000017
-0.68,18,52.033588,14,d19_detour,2,19,closed,0.0,-0.6800000000000002
1.61,34,52.053205,14,d19_detour,2,19,closed,0.0,1.6099999999999997
1.75,25,52.067618,14,d15_direct,2,15,open,1.0,1.7499999999999998
1.75,25,52.081976,14,d15_direct,2,15,open,1.0,1.7499999999999998
-3.39,19,52.094938,14,d19_detour,2,19,closed,0.5,-3.3900000000000006
4.14,36,52.122494,14,d15_direct,2,15,open,1.0,4.140000000000002
1.41,49,52.149526,14,d19_detour,2,19,closed,0.0,1.409999999999999
1.47,3,52.152378,14,d15_direct,2,15,open,1.0,1.47
-0.03,3,52.155138,14,d19_detour,2,19,closed,0.5,-0.030000000000000027
4.14,36,52.175346,14,d15_direct,2,15,open,1.0,4.140000000000002
4.14,36,52.197091,14,d15_direct,2,15,open,1.0,4.140000000000002
3.48,42,52.220118,14,d17_medium,2,17,closed,0.0,3.480000000000002
-0.86,16,52.229715,14,d17_medium,2,17,closed,0.0,-0.8600000000000001
1.75,25,52.243777,14,d15_direct,2,15,open,1.0,1.7499999999999998
1.47,3,52.246558,14,d15_direct,2,15,open,1.0,1.47
1.31,29,52.263351,14,d17_medium,2,17,closed,0.0,1.3099999999999998
4.14,36,52.283343,14,d15_direct,2,15,open,1.0,4.140000000000002
-2.12,12,52.290549,14,d19_detour,2,19,closed,0.5,-2.12
-1.53,3,52.293691,14,d19_detour,2,19,closed,0.5,-1.53
-1.0,30,52.310177,14,d17_medium,2,17,closed,0.0,-1.0000000000000002
2.15,35,52.329379,14,d19_detour,2,19,closed,0.0,2.1499999999999995
4.14,36,52.349661,14,d15_direct,2,15,open,1.0,4.140000000000002
4.14,36,52.370357,14,d15_direct,2,15,open,1.0,4.140000000000002
1.31,49,52.396836,14,d19_detour,2,19,closed,0.0,1.3099999999999996
-0.68,18,52.407374,14,d19_detour,2,19,closed,0.0,-0.6800000000000002
1.75,25,52.421549,14,d15_direct,2,15,open,1.0,1.7499999999999998
1.47,3,52.424344,14,d15_direct,2,15,open,1.0,1.47
-0.25,25,52.439272,14,d19_detour,2,19,closed,0.0,-0.2500000000000002
-2.55,5,52.443271,14,d19_detour,2,19,closed,0.0,-2.55
-0.86,16,52.452728,14,d17_medium,2,17,closed,0.0,-0.8600000000000001
-0.64,14,52.461863,14,d15_direct,2,15,open,1.0,-0.6400000000000001
1.31,29,52.478624,14,d17_medium,2,17,closed,0.0,1.3099999999999998
-0.68,18,52.490131,14,d19_detour,2,19,closed,0.0,-0.6800000000000002
1.31,29,52.50719,14,d17_medium,2,17,closed,0.0,1.3099999999999998
1.72,38,52.528761,14,d17_medium,2,17,closed,0.0,1.7199999999999998
-0.86,16,52.538525,14,d17_medium,2,17,closed,0.0,-0.8600000000000001
1.31,29,52.554978,14,d17_medium,2,17,closed,0.0,1.3099999999999998
1.47,3,52.557818,14,d19_detour,2,19,closed,0.5,1.47
-0.03,3,52.560647,14,d19_detour,2,19,closed,0.5,-0.030000000000000027
1.31,29,52.577574,14,d17_medium,2,17,closed,0.0,1.3099999999999998
1.31,29,52.594676,14,d17_medium,2,17,closed,0.0,1.3099999999999998
-1.31,51,52.622124,14,d19_detour,2,19,closed,0.0,-1.310000000000001
-0.03,3,52.624898,14,d19_detour,2,19,closed,0.5,-0.030000000000000027
4.02,48,52.652471,14,d19_detour,2,19,closed,0.0,4.020000000000003
1.47,3,52.655309,14,d15_direct,2,15,open,1.0,1.47
1.47,3,52.658079,14,d19_detour,2,19,closed,0.5,1.47
-0.8,30,52.675921,14,d17_medium,2,17,closed,0.0,-0.8000000000000003
-0.64,14,52.684682,14,d15_direct,2,15,open,1.0,-0.6400000000000001
-0.86,16,52.694481,14,d17_medium,2,17,closed,0.0,-0.8600000000000001
4.14,36,52.715216,14,d15_direct,2,15,open,1.0,4.140000000000002
-0.49,34,52.734475,14,d19_detour,2,19,closed,0.0,-0.49000000000000044
1.12,43,52.975655,14,d17_medium,2,17,closed,0.0,1.1199999999999997
-0.03,3,52.978553,14,d17_medium,2,17,closed,0.5,-0.030000000000000027
4.14,36,52.999296,14,d15_direct,2,15,open,1.0,4.140000000000002
-0.44,34,53.018803,14,d19_detour,2,19,closed,0.0,-0.4400000000000004
1.83,37,53.03993,14,d15_direct,2,15,open,1.0,1.8299999999999996
1.67,33,53.058907,14,d19_detour,2,19,closed,0.0,1.6699999999999997
1.47,3,53.061791,14,d17_medium,2,17,closed,0.5,1.47
-0.18,38,53.083713,14,d15_direct,2,15,open,1.0,-0.18000000000000038
-0.86,16,53.094415,14,d17_medium,2,17,closed,0.0,-0.8600000000000001
-0.03,3,53.097175,14,d19_detour,2,19,closed,0.5,-0.030000000000000027
4.14,36,53.117672,14,d15_direct,2,15,open,1.0,4.140000000000002
1.75,25,53.132228,14,d15_direct,2,15,open,1.0,1.7499999999999998
-1.69,19,53.143449,14,d19_detour,2,19,closed,0.5,-1.6900000000000002
1.31,29,53.16036,14,d17_medium,2,17,closed,0.0,1.3099999999999998
-0.2,20,53.172672,14,d19_detour,2,19,closed,0.0,-0.20000000000000018
1.47,3,53.175577,14,d15_direct,2,15,open,1.0,1.47
1.47,3,53.178479,14,d15_direct,2,15,open,1.0,1.47
-0.18,38,53.199808,14,d15_direct,2,15,open,1.0,-0.18000000000000038
1.98,37,53.220753,14,d15_direct,2,15,open,1.0,1.9800000000000015
1.71,49,53.248461,14,d19_detour,2,19,closed,0.0,1.7099999999999995
-0.86,16,53.25833,14,d17_medium,2,17,closed,0.0,-0.8600000000000001
1.73,37,53.279281,14,d15_direct,2,15,open,1.0,1.7300000000000004
-0.03,3,53.282068,14,d17_medium,2,17,closed,0.5,-0.030000000000000027
4.14,36,53.302547,14,d15_direct,2,15,open,1.0,4.140000000000002
4.02,48,53.329775,14,d19_detour,2,19,closed,0.0,4.020000000000003
-0.86,16,53.339599,14,d17_medium,2,17,closed,0.0,-0.8600000000000001
-0.86,16,53.349418,14,d17_medium,2,17,closed,0.0,-0.8600000000000001
1.31,29,53.366115,14,d17_medium,2,17,closed,0.0,1.3099999999999998
-0.44,34,53.386239,14,d19_detour,2,19,closed,0.0,-0.4400000000000004
-0.68,18,53.396926,14,d19_detour,2,19,closed,0.0,-0.6800000000000002
-0.25,25,53.411377,14,d19_detour,2,19,closed,0.0,-0.2500000000000002
1.07,43,53.435249,14,d17_medium,2,17,closed,0.0,1.0699999999999994
-0.46,36,53.45535,14,d19_detour,2,19,closed,0.0,-0.46000000000000085
-2.91,21,53.467374,14,d19_detour,2,19,closed,0.5,-2.91
4.14,36,53.487781,14,d15_direct,2,15,open,1.0,4.140000000000002
4.14,36,53.508127,14,d15_direct,2,15,open,1.0,4.140000000000002
1.31,29,53.525906,14,d17_medium,2,17,closed,0.0,1.3099999999999998
4.14,36,53.54621,14,d15_direct,2,15,open,1.0,4.140000000000002
1.31,29,53.562854,14,d17_medium,2,17,closed,0.0,1.3099999999999998
-0.68,18,53.573906,14,d19_detour,2,19,closed,0.0,-0.6800000000000002
4.14,36,53.594534,14,d15_direct,2,15,open,1.0,4.140000000000002
-0.86,16,53.604277,14,d17_medium,2,17,closed,0.0,-0.8600000000000001
-0.2,20,53.616247,14,d19_detour,2,19,closed,0.0,-0.20000000000000018
-0.25,25,53.631307,14,d19_detour,2,19,closed,0.0,-0.2500000000000002
-0.86,16,53.641088,14,d17_medium,2,17,closed,0.0,-0.8600000000000001
4.02,48,53.668635,14,d19_detour,2,19,closed,0.0,4.020000000000003
1.47,3,53.671507,14,d15_direct,2,15,open,1.0,1.47
1.98,37,53.692935,14,d15_direct,2,15,open,1.0,1.9799999999999998
1.47,3,53.695831,14,d17_medium,2,17,closed,0.5,1.47
-3.03,3,53.698664,14,d19_detour,2,19,closed,0.5,-3.0300000000000002
4.14,36,53.719664,14,d15_direct,2,15,open,1.0,4.140000000000002
-0.68,18,53.730514,14,d19_detour,2,19,closed,0.0,-0.6800000000000002
-0.85,30,53.748343,14,d17_medium,2,17,closed,0.0,-0.8500000000000003
2.1,40,53.770916,14,d19_detour,2,19,closed,0.0,2.1000000000000014
-0.86,16,53.78071,14,d17_medium,2,17,closed,0.0,-0.8600000000000001
4.14,36,53.801305,14,d15_direct,2,15,open,1.0,4.140000000000002
1.69,26,53.816473,14,d15_direct,2,15,open,1.0,1.6899999999999997
1.75,25,53.831032,14,d15_direct,2,15,open,1.0,1.7499999999999998
-0.86,16,53.841392,14,d17_medium,2,17,closed,0.0,-0.8600000000000001
4.08,37,53.862928,14,d15_direct,2,15,open,1.0,4.080000000000002
-0.03,3,53.865767,14,d19_detour,2,19,closed,0.5,-0.030000000000000027
-0.03,3,53.868571,14,d19_detour,2,19,closed,0.5,-0.030000000000000027
1.47,3,53.871447,14,d15_direct,2,15,open,1.0,1.47
-0.75,50,53.899166,14,d19_detour,2,19,closed,0.0,-0.7500000000000011
1.47,3,53.902147,14,d15_direct,2,15,open,1.0,1.47
1.67,33,53.921036,14,d19_detour,2,19,closed,0.0,1.6699999999999997
1.47,3,53.923943,14,d15_direct,2,15,open,1.0,1.47
-0.03,3,53.926891,14,d17_medium,2,17,closed,0.5,-0.030000000000000027
-1.41,51,53.955218,14,d19_detour,2,19,closed,0.0,-1.4099999999999981
1.47,3,53.95862,14,d15_direct,2,15,open,1.0,1.47
1.47,3,53.962427,14,d15_direct,2,15,open,1.0,1.47
-0.68,18,53.973715,14,d19_detour,2,19,closed,0.0,-0.6800000000000002
-3.03,3,53.976486,14,d17_medium,2,17,closed,0.5,-3.0300000000000002
2.03,37,53.99757,14,d15_direct,2,15,open,1.0,2.0299999999999994
-0.03,3,54.000432,14,d19_detour,2,19,closed,0.5,-0.030000000000000027
-0.33,38,54.022116,14,d15_direct,2,15,open,1.0,-0.3300000000000005
-0.86,16,54.031953,14,d17_medium,2,17,closed,0.0,-0.8600000000000001
1.31,29,54.048861,14,d17_medium,2,17,closed,0.0,1.3099999999999998
-0.86,16,54.059283,14,d17_medium,2,17,closed,0.0,-0.8600000000000001
2.15,35,54.079275,14,d19_detour,2,19,closed,0.0,2.1500000000000004
1.37,43,54.104351,14,d17_medium,2,17,closed,0.0,1.3700000000000017
-0.86,16,54.114183,14,d17_medium,2,17,closed,0.0,-0.8600000000000001
-0.99,34,54.133395,14,d19_detour,2,19,closed,0.0,-0.9900000000000002
4.14,36,54.153963,14,d15_direct,2,15,open,1.0,4.140000000000002
1.31,29,54.17118,14,d17_medium,2,17,closed,0.0,1.3099999999999998
4.14,36,54.427219,14,d15_direct,2,15,open,1.0,4.140000000000002
4.14,36,54.447815,14,d15_direct,2,15,open,1.0,4.140000000000002
-0.03,3,54.450693,14,d19_detour,2,19,closed,0.5,-0.030000000000000027
-0.03,3,54.453563,14,d17_medium,2,17,closed,0.0,-0.030000000000000027
-0.86,16,54.464116,14,d17_medium,2,17,closed,0.0,-0.8600000000000001
4.14,36,54.484761,14,d15_direct,2,15,open,1.0,4.140000000000002
2.04,41,54.507838,14,d19_detour,2,19,closed,0.0,2.040000000000001
-1.53,3,54.510717,14,d17_medium,2,17,closed,0.0,-1.53
3.9,50,54.538674,14,d19_detour,2,19,closed,0.0,3.900000000000002
-0.86,16,54.54857,14,d17_medium,2,17,closed,0.0,-0.8600000000000001
-1.53,3,54.55141,14,d17_medium,2,17,closed,0.0,-1.53
4.14,36,54.572331,14,d15_direct,2,15,open,1.0,4.140000000000002
4.02,38,54.594435,14,d15_direct,2,15,open,1.0,4.020000000000001
-0.86,16,54.604444,14,d17_medium,2,17,closed,0.0,-0.8600000000000001
-2.55,5,54.608261,14,d19_detour,2,19,closed,0.5,-2.55
-0.03,3,54.611183,14,d19_detour,2,19,closed,0.5,-0.030000000000000027
4.02,48,54.638148,14,d19_detour,2,19,closed,0.0,4.020000000000003
-1.05,30,54.655651,14,d17_medium,2,17,closed,0.0,-1.0499999999999992
1.47,3,54.65843,14,d19_detour,2,19,closed,0.5,1.47
1.31,29,54.675239,14,d17_medium,2,17,closed,0.0,1.3099999999999998
-1.3,50,54.703292,14,d19_detour,2,19,closed,0.0,-1.300000000000001
4.14,36,54.724688,14,d15_direct,2,15,open,1.0,4.140000000000002
-0.86,16,54.734652,14,d17_medium,2,17,closed,0.0,-0.8600000000000001
4.02,48,54.761793,14,d19_detour,2,19,closed,0.0,4.020000000000003
4.08,37,54.783145,14,d15_direct,2,15,open,1.0,4.080000000000002
4.14,36,54.805039,14,d15_direct,2,15,open,1.0,4.140000000000002
2.1,40,54.828041,14,d19_detour,2,19,closed,0.0,2.1000000000000014
4.14,36,54.849346,14,d15_direct,2,15,open,1.0,4.140000000000002
4.14,36,54.870185,14,d15_direct,2,15,open,1.0,4.140000000000002
-3.22,37,54.891727,14,d19_detour,2,19,closed,0.5,-3.220000000000001
-3.03,3,54.894681,14,d17_medium,2,17,closed,0.0,-3.0300000000000002
-0.02,42,54.918432,14,d19_detour,2,19,closed,0.0,-0.020000000000000906
1.75,25,54.933382,14,d15_direct,2,15,open,1.0,1.7499999999999998
4.14,36,54.954616,14,d15_direct,2,15,open,1.0,4.140000000000002
1.47,3,54.957579,14,d15_direct,2,15,open,1.0,1.47
-0.86,16,54.967452,14,d17_medium,2,17,closed,0.0,-0.8600000000000001
1.31,29,54.985268,14,d17_medium,2,17,closed,0.0,1.3099999999999998
1.61,34,55.004993,14,d19_detour,2,19,closed,0.0,1.6099999999999997
3.48,42,55.029196,14,d17_medium,2,17,closed,0.0,3.480000000000002
3.48,42,55.052957,14,d17_medium,2,17,closed,0.0,3.480000000000002
-1.53,3,55.055814,14,d17_medium,2,17,closed,0.0,-1.53
1.47,3,55.058662,14,d15_direct,2,15,open,1.0,1.47
1.25,30,55.07594,14,d17_medium,2,17,closed,0.0,1.2499999999999998
4.14,36,55.09756,14,d15_direct,2,15,open,1.0,4.140000000000002
1.47,3,55.100519,14,d15_direct,2,15,open,1.0,1.47
1.47,3,55.103376,14,d15_direct,2,15,open,1.0,1.47
1.47,3,55.10627,14,d15_direct,2,15,open,1.0,1.47
1.31,29,55.122935,14,d17_medium,2,17,closed,0.0,1.3099999999999998
4.14,36,55.144277,14,d15_direct,2,15,open,1.0,4.140000000000002
-0.2,20,55.156071,14,d19_detour,2,19,closed,0.0,-0.20000000000000018
4.14,36,55.177283,14,d15_direct,2,15,open,1.0,4.140000000000002
1.47,3,55.180135,14,d15_direct,2,15,open,1.0,1.47
1.35,50,55.207647,14,d19_detour,2,19,closed,0.0,1.349999999999999
1.67,33,55.226445,14,d19_detour,2,19,closed,0.0,1.6699999999999997
4.02,48,55.253948,14,d19_detour,2,19,closed,0.0,4.020000000000003
1.47,3,55.256897,14,d15_direct,2,15,open,1.0,1.47
3.48,42,55.281295,14,d17_medium,2,17,closed,0.0,3.480000000000002
1.25,30,55.298666,14,d17_medium,2,17,closed,0.0,1.2499999999999998
-0.86,16,55.308487,14,d17_medium,2,17,closed,0.0,-0.8600000000000001
1.98,37,55.329495,14,d15_direct,2,15,open,1.0,1.9799999999999995
2.03,37,55.351014,14,d15_direct,2,15,open,1.0,2.030000000000002
4.14,36,55.371566,14,d15_direct,2,15,open,1.0,4.140000000000002
-1.53,3,55.374354,14,d19_detour,2,19,closed,0.5,-1.53
4.14,36,55.395091,14,d15_direct,2,15,open,1.0,4.140000000000002
1.47,3,55.398003,14,d15_direct,2,15,open,1.0,1.47
-0.86,16,55.407982,14,d17_medium,2,17,closed,0.0,-0.8600000000000001
4.02,48,55.434897,14,d19_detour,2,19,closed,0.0,4.020000000000003
-0.54,34,55.454369,14,d19_detour,2,19,closed,0.0,-0.5400000000000005
-3.15,35,55.474322,14,d19_detour,2,19,closed,0.5,-3.1500000000000004
1.31,29,55.491131,14,d17_medium,2,17,closed,0.0,1.3099999999999998
2.15,35,55.511651,14,d19_detour,2,19,closed,0.0,2.1499999999999995
1.75,25,55.526323,14,d15_direct,2,15,open,1.0,1.7499999999999998
-0.03,3,55.529942,14,d17_medium,2,17,closed,0.5,-0.030000000000000027
1.47,3,55.532883,14,d15_direct,2,15,open,1.0,1.47
1.31,29,55.549631,14,d17_medium,2,17,closed,0.0,1.3099999999999998
-0.03,3,55.552487,14,d17_medium,2,17,closed,0.0,-0.030000000000000027
1.47,3,55.555414,14,d15_direct,2,15,open,1.0,1.47
4.14,36,55.575881,14,d15_direct,2,15,open,1.0,4.140000000000002
1.75,25,55.590504,14,d15_direct,2,15,open,1.0,1.7499999999999998
-1.53,3,55.593422,14,d17_medium,2,17,closed,0.0,-1.53
1.47,3,55.596365,14,d15_direct,2,15,open,1.0,1.47
1.31,29,55.613261,14,d17_medium,2,17,closed,0.0,1.3099999999999998
1.31,29,55.629992,14,d17_medium,2,17,closed,0.0,1.3099999999999998
-0.68,18,55.864177,14,d19_detour,2,19,closed,0.0,-0.6800000000000002
1.31,29,55.881121,14,d17_medium,2,17,closed,0.0,1.3099999999999998
-0.25,25,55.895763,14,d19_detour,2,19,closed,0.0,-0.2500000000000002
-0.86,16,55.90567,14,d17_medium,2,17,closed,0.0,-0.8600000000000001
1.31,29,55.923767,14,d17_medium,2,17,closed,0.0,1.3099999999999998
4.14,36,55.944524,14,d15_direct,2,15,open,1.0,4.140000000000002
1.25,30,55.962102,14,d17_medium,2,17,closed,0.0,1.2499999999999998
-0.2,20,55.974065,14,d19_detour,2,19,closed,0.0,-0.20000000000000018
4.14,36,55.994827,14,d15_direct,2,15,open,1.0,4.140000000000002
1.75,25,56.010086,14,d15_direct,2,15,open,1.0,1.7499999999999998
-0.13,38,56.032027,14,d19_detour,2,19,closed,0.0,-0.13000000000000056
-0.03,3,56.03501,14,d19_detour,2,19,closed,0.5,-0.030000000000000027
1.98,37,56.056284,14,d15_direct,2,15,open,1.0,1.9799999999999998
3.9,50,56.084253,14,d19_detour,2,19,closed,0.0,3.900000000000002
4.14,36,56.105166,14,d15_direct,2,15,open,1.0,4.140000000000002
-0.03,3,56.108075,14,d19_detour,2,19,closed,0.5,-0.030000000000000027
1.31,29,56.125016,14,d17_medium,2,17,closed,0.0,1.3099999999999998
4.14,36,56.145582,14,d15_direct,2,15,open,1.0,4.140000000000002
2.1,40,56.168128,14,d19_detour,2,19,closed,0.0,2.0999999999999996
0.14,51,56.196493,14,d19_detour,2,19,closed,0.0,0.13999999999999946
-1.53,3,56.199329,14,d17_medium,2,17,closed,0.0,-1.53
1.67,33,56.218068,14,d19_detour,2,19,closed,0.0,1.6699999999999997
1.31,29,56.234848,14,d17_medium,2,17,closed,0.0,1.3099999999999998
4.14,36,56.255282,14,d15_direct,2,15,open,1.0,4.140000000000002
4.14,36,56.275983,14,d15_direct,2,15,open,1.0,4.140000000000002
-3.03,3,56.278865,14,d17_medium,2,17,closed,0.5,-3.0300000000000002
1.31,29,56.295655,14,d17_medium,2,17,closed,0.0,1.3099999999999998
-0.86,16,56.30537,14,d17_medium,2,17,closed,0.0,-0.8600000000000001
1.25,30,56.32312,14,d17_medium,2,17,closed,0.0,1.2499999999999998
-0.68,18,56.334005,14,d19_detour,2,19,closed,0.0,-0.6800000000000002
-0.86,16,56.343832,14,d17_medium,2,17,closed,0.0,-0.8600000000000001
1.67,33,56.362571,14,d19_detour,2,19,closed,0.0,1.6699999999999997
-0.03,3,56.365366,14,d19_detour,2,19,closed,0.5,-0.030000000000000027
-2.07,7,56.370296,14,d19_detour,2,19,closed,0.0,-2.0700000000000003
4.14,36,56.391341,14,d15_direct,2,15,open,1.0,4.140000000000002
1.67,33,56.410303,14,d19_detour,2,19,closed,0.0,1.6699999999999997
4.08,37,56.43202,14,d15_direct,2,15,open,1.0,4.080000000000002
1.31,29,56.449218,14,d17_medium,2,17,closed,0.0,1.3099999999999998
1.37,43,56.474704,14,d17_medium,2,17,closed,0.0,1.3700000000000017
1.47,3,56.478049,14,d15_direct,2,15,open,1.0,1.47
4.14,36,56.498791,14,d15_direct,2,15,open,1.0,4.140000000000002
1.31,29,56.515831,14,d17_medium,2,17,closed,0.0,1.3099999999999998
-0.86,16,56.526151,14,d17_medium,2,17,closed,0.0,-0.8600000000000001
1.47,3,56.529265,14,d15_direct,2,15,open,1.0,1.47
1.67,33,56.548856,14,d19_detour,2,19,closed,0.0,1.6699999999999997
-1.04,34,56.568162,14,d19_detour,2,19,closed,0.0,-1.0400000000000003
1.47,3,56.571116,14,d15_direct,2,15,open,1.0,1.47
4.14,36,56.591918,14,d15_direct,2,15,open,1.0,4.140000000000002
1.75,25,56.606546,14,d15_direct,2,15,open,1.0,1.7499999999999998
4.02,38,56.629066,14,d15_direct,2,15,open,1.0,4.020000000000001
1.98,37,56.650651,14,d15_direct,2,15,open,1.0,1.9799999999999998
1.67,33,56.669673,14,d19_detour,2,19,closed,0.0,1.6699999999999997
1.47,3,56.672662,14,d15_direct,2,15,open,1.0,1.47
4.14,36,56.693502,14,d15_direct,2,15,open,1.0,4.140000000000002
1.47,3,56.696531,14,d15_direct,2,15,open,1.0,1.47
1.91,49,56.723981,14,d19_detour,2,19,closed,0.0,1.9099999999999995
1.31,29,56.741031,14,d17_medium,2,17,closed,0.0,1.3099999999999998
-0.03,3,56.744354,14,d19_detour,2,19,closed,0.5,-0.030000000000000027
4.14,36,56.764984,14,d15_direct,2,15,open,1.0,4.140000000000002
3.96,49,56.792403,14,d19_detour,2,19,closed,0.0,3.9600000000000026
1.31,29,56.809714,14,d17_medium,2,17,closed,0.0,1.3099999999999998
1.61,34,56.829064,14,d19_detour,2,19,closed,0.0,1.6099999999999997
-0.03,3,56.832314,14,d19_detour,2,19,closed,0.5,-0.030000000000000027
-0.25,25,56.846788,14,d19_detour,2,19,closed,0.0,-0.2500000000000002
-0.86,16,56.856625,14,d17_medium,2,17,closed,0.0,-0.8600000000000001
1.47,3,56.859495,14,d15_direct,2,15,open,1.0,1.47
-0.03,3,56.862283,14,d19_detour,2,19,closed,0.5,-0.030000000000000027
1.47,3,56.865091,14,d19_detour,2,19,closed,0.5,1.47
4.14,36,56.88565,14,d15_direct,2,15,open,1.0,4.140000000000002
-0.68,18,56.896463,14,d19_detour,2,19,closed,0.0,-0.6800000000000002
4.08,37,56.917492,14,d15_direct,2,15,open,1.0,4.080000000000002
-1.53,3,56.920296,14,d19_detour,2,19,closed,0.5,-1.53
2.03,37,56.942679,14,d15_direct,2,15,open,1.0,2.0299999999999994
4.14,36,56.963191,14,d15_direct,2,15,open,1.0,4.140000000000002
1.47,3,56.966141,14,d15_direct,2,15,open,1.0,1.47
-0.2,20,56.978045,14,d19_detour,2,19,closed,0.0,-0.20000000000000018
-0.03,3,56.9809,14,d17_medium,2,17,closed,0.0,-0.030000000000000027
4.14,36,57.001415,14,d15_direct,2,15,open,1.0,4.140000000000002
-1.53,3,57.004299,14,d17_medium,2,17,closed,0.0,-1.53
-0.03,3,57.007156,14,d17_medium,2,17,closed,0.0,-0.030000000000000027
-0.86,16,57.017127,14,d17_medium,2,17,closed,0.0,-0.8600000000000001
4.14,36,57.037694,14,d15_direct,2,15,open,1.0,4.140000000000002
0.23,27,57.053287,14,d19_detour,2,19,closed,0.0,0.22999999999999976
1.47,3,57.056144,14,d19_detour,2,19,closed,0.5,1.47
1.69,26,57.071379,14,d15_direct,2,15,open,1.0,1.6899999999999997
1.47,3,57.074268,14,d15_direct,2,15,open,1.0,1.47
3.48,42,57.33317,14,d17_medium,2,17,closed,0.0,3.480000000000002
2.04,41,57.356491,14,d19_detour,2,19,closed,0.0,2.040000000000001
4.14,36,57.377626,14,d15_direct,2,15,open,1.0,4.140000000000002
1.47,3,57.380485,14,d17_medium,2,17,closed,0.5,1.47
1.47,3,57.383444,14,d15_direct,2,15,open,1.0,1.47
1.47,3,57.386278,14,d19_detour,2,19,closed,0.5,1.47
1.31,29,57.403307,14,d17_medium,2,17,closed,0.0,1.3099999999999998
-0.03,3,57.406242,14,d15_direct,2,15,open,1.0,-0.030000000000000027
3.48,42,57.431258,14,d17_medium,2,17,closed,0.0,3.480000000000002
4.14,36,57.452173,14,d15_direct,2,15,open,1.0,4.140000000000002
1.47,3,57.455314,14,d19_detour,2,19,closed,0.5,1.47
4.02,48,57.482565,14,d19_detour,2,19,closed,0.0,4.020000000000003
-0.86,16,57.49234,14,d17_medium,2,17,closed,0.0,-0.8600000000000001
-3.03,3,57.495287,14,d17_medium,2,17,closed,0.0,-3.0300000000000002
1.31,29,57.512275,14,d17_medium,2,17,closed,0.0,1.3099999999999998
1.47,3,57.51511,14,d19_detour,2,19,closed,0.5,1.47
1.36,49,57.542455,14,d19_detour,2,19,closed,0.0,1.3599999999999997
4.14,36,57.56356,14,d15_direct,2,15,open,1.0,4.140000000000002
4.14,36,57.584843,14,d15_direct,2,15,open,1.0,4.140000000000002
1.63,37,57.60568,14,d15_direct,2,15,open,1.0,1.6299999999999997
-0.26,21,57.617813,14,d19_detour,2,19,closed,0.0,-0.26000000000000023
1.37,43,57.642884,14,d17_medium,2,17,closed,0.0,1.3699999999999997
4.08,37,57.664121,14,d15_direct,2,15,open,1.0,4.080000000000002
1.36,49,57.690739,14,d19_detour,2,19,closed,0.0,1.359999999999999
2.09,36,57.711471,14,d19_detour,2,19,closed,0.0,2.09
1.31,29,57.728514,14,d17_medium,2,17,closed,0.0,1.3099999999999998
-0.64,14,57.737289,14,d15_direct,2,15,open,1.0,-0.6400000000000001
1.31,29,57.754159,14,d17_medium,2,17,closed,0.0,1.3099999999999998
1.31,29,57.770904,14,d17_medium,2,17,closed,0.0,1.3099999999999998
1.47,3,57.774101,14,d19_detour,2,19,closed,0.5,1.47
1.31,29,57.79139,14,d17_medium,2,17,closed,0.0,1.3099999999999998
4.14,36,57.812517,14,d15_direct,2,15,open,1.0,4.140000000000002
1.47,3,57.815372,14,d19_detour,2,19,closed,0.5,1.47
-0.2,20,57.827317,14,d19_detour,2,19,closed,0.0,-0.20000000000000018
1.31,29,57.844251,14,d17_medium,2,17,closed,0.0,1.3099999999999998
-0.86,16,57.854133,14,d17_medium,2,17,closed,0.0,-0.8600000000000001
4.08,37,57.875937,14,d15_direct,2,15,open,1.0,4.080000000000002
1.67,33,57.895749,14,d19_detour,2,19,closed,0.0,1.6699999999999997
-1.53,3,57.898552,14,d17_medium,2,17,closed,0.0,-1.53
4.14,36,57.919554,14,d15_direct,2,15,open,1.0,4.140000000000002
-0.86,16,57.929452,14,d17_medium,2,17,closed,0.0,-0.8600000000000001
-1.53,3,57.93234,14,d17_medium,2,17,closed,0.0,-1.53
1.36,49,57.959806,14,d19_detour,2,19,closed,0.0,1.359999999999999
4.14,36,57.98082,14,d15_direct,2,15,open,1.0,4.140000000000002
1.31,29,57.998064,14,d17_medium,2,17,closed,0.0,1.3099999999999998
1.25,30,58.015515,14,d17_medium,2,17,closed,0.0,1.2499999999999998
1.31,29,58.032421,14,d17_medium,2,17,closed,0.0,1.3099999999999998
1.31,29,58.049543,14,d17_medium,2,17,closed,0.0,1.3099999999999998
4.14,36,58.071344,14,d15_direct,2,15,open,1.0,4.140000000000002
-0.86,16,58.081822,14,d17_medium,2,17,closed,0.0,-0.8600000000000001
-1.53,3,58.084827,14,d17_medium,2,17,closed,0.0,-1.53
-0.68,18,58.096623,14,d19_detour,2,19,closed,0.0,-0.6800000000000002
1.85,50,58.125273,14,d19_detour,2,19,closed,0.0,1.8499999999999992
4.02,48,58.152711,14,d19_detour,2,19,closed,0.0,4.020000000000003
1.83,37,58.173939,14,d15_direct,2,15,open,1.0,1.8299999999999994
4.14,36,58.194571,14,d15_direct,2,15,open,1.0,4.140000000000002
1.47,3,58.197407,14,d19_detour,2,19,closed,0.5,1.47
4.14,36,58.218467,14,d15_direct,2,15,open,1.0,4.140000000000002
4.02,48,58.246707,14,d19_detour,2,19,closed,0.0,4.020000000000003
-0.86,16,58.256529,14,d17_medium,2,17,closed,0.0,-0.8600000000000001
1.31,29,58.274419,14,d17_medium,2,17,closed,0.0,1.3099999999999998
1.47,3,58.277453,14,d15_direct,2,15,open,1.0,1.47
1.31,29,58.294535,14,d17_medium,2,17,closed,0.0,1.3099999999999998
1.31,29,58.311417,14,d17_medium,2,17,closed,0.0,1.3099999999999998
1.25,30,58.328814,14,d17_medium,2,17,closed,0.0,1.2499999999999998
-0.03,3,58.33171,14,d17_medium,2,17,closed,0.0,-0.030000000000000027
-0.03,3,58.334558,14,d17_medium,2,17,closed,0.0,-0.030000000000000027
-0.03,3,58.337431,14,d19_detour,2,19,closed,0.5,-0.030000000000000027
4.08,37,58.358717,14,d15_direct,2,15,open,1.0,4.080000000000002
-0.03,3,58.361746,14,d17_medium,2,17,closed,0.0,-0.030000000000000027
3.42,43,58.386271,14,d17_medium,2,17,closed,0.0,3.4200000000000017
1.67,33,58.405177,14,d19_detour,2,19,closed,0.0,1.6699999999999997
1.47,3,58.4081,14,d19_detour,2,19,closed,0.5,1.47
1.47,3,58.411115,14,d15_direct,2,15,open,1.0,1.47
1.31,29,58.427936,14,d17_medium,2,17,closed,0.0,1.3099999999999998
4.14,36,58.448728,14,d15_direct,2,15,open,1.0,4.140000000000002
4.08,37,58.470383,14,d15_direct,2,15,open,1.0,4.080000000000002
4.14,36,58.491127,14,d15_direct,2,15,open,1.0,4.140000000000002
1.31,29,58.508581,14,d17_medium,2,17,closed,0.0,1.3099999999999998
-0.03,3,58.511505,14,d17_medium,2,17,closed,0.0,-0.030000000000000027
0.18,32,58.529666,14,d19_detour,2,19,closed,0.0,0.17999999999999972
1.85,50,58.774878,14,d19_detour,2,19,closed,0.0,1.8499999999999994
3.48,42,58.807853,14,d17_medium,2,17,closed,0.0,3.480000000000002
2.13,37,58.833163,14,d15_direct,2,15,open,1.0,2.13
4.14,36,58.871272,14,d15_direct,2,15,open,1.0,4.140000000000002
4.02,48,58.908675,14,d19_detour,2,19,closed,0.0,4.020000000000003
-0.64,34,58.929492,14,d19_detour,2,19,closed,0.0,-0.6400000000000005
2.13,37,58.950238,14,d15_direct,2,15,open,1.0,2.13
1.47,3,58.953094,14,d15_direct,2,15,open,1.0,1.47
1.3,50,58.980122,14,d19_detour,2,19,closed,0.0,1.299999999999999
4.14,36,59.000365,14,d15_direct,2,15,open,1.0,4.140000000000002
4.14,36,59.020633,14,d15_direct,2,15,open,1.0,4.140000000000002
1.37,43,59.046341,14,d17_medium,2,17,closed,0.0,1.3700000000000019
1.25,30,59.063604,14,d17_medium,2,17,closed,0.0,1.2499999999999998
4.02,48,59.094285,14,d19_detour,2,19,closed,0.0,4.020000000000003
3.48,42,59.118247,14,d17_medium,2,17,closed,0.0,3.480000000000002
-0.86,16,59.128441,14,d17_medium,2,17,closed,0.0,-0.8600000000000001
4.14,36,59.149119,14,d15_direct,2,15,open,1.0,4.140000000000002
3.42,43,59.174122,14,d17_medium,2,17,closed,0.0,3.4200000000000026
0.04,36,59.19522,14,d19_detour,2,19,closed,0.0,0.03999999999999959
-0.86,16,59.205015,14,d17_medium,2,17,closed,0.0,-0.8600000000000001
3.96,49,59.233458,14,d19_detour,2,19,closed,0.0,3.9600000000000026
4.14,36,59.254442,14,d15_direct,2,15,open,1.0,4.140000000000002
4.14,36,59.275036,14,d15_direct,2,15,open,1.0,4.140000000000002
2.1,40,59.298193,14,d19_detour,2,19,closed,0.0,2.0999999999999996
4.14,36,59.31897,14,d15_direct,2,15,open,1.0,4.140000000000002
-0.03,3,59.322277,14,d19_detour,2,19,closed,0.5,-0.030000000000000027
1.47,3,59.325406,14,d15_direct,2,15,open,1.0,1.47
3.48,42,59.349427,14,d17_medium,2,17,closed,0.0,3.480000000000002
-3.03,3,59.352273,14,d17_medium,2,17,closed,0.0,-3.0300000000000002
4.14,36,59.372783,14,d15_direct,2,15,open,1.0,4.140000000000002
1.67,33,59.392296,14,d19_detour,2,19,closed,0.0,1.6699999999999997
1.47,3,59.395185,14,d15_direct,2,15,open,1.0,1.47
1.47,3,59.398063,14,d15_direct,2,15,open,1.0,1.47
1.31,29,59.414819,14,d17_medium,2,17,closed,0.0,1.3099999999999998
1.75,25,59.429497,14,d15_direct,2,15,open,1.0,1.7499999999999998
4.02,48,59.456722,14,d19_detour,2,19,closed,0.0,4.020000000000003
-0.03,3,59.459491,14,d19_detour,2,19,closed,0.5,-0.030000000000000027
1.47,3,59.46236,14,d15_direct,2,15,open,1.0,1.47
1.47,3,59.465178,14,d19_detour,2,19,closed,0.5,1.47
4.14,36,59.485829,14,d15_direct,2,15,open,1.0,4.140000000000002
3.48,42,59.510074,14,d17_medium,2,17,closed,0.0,3.480000000000002
1.93,37,59.532322,14,d15_direct,2,15,open,1.0,1.9300000000000015
1.47,3,59.535578,14,d17_medium,2,17,closed,0.5,1.47
2.1,40,59.557991,14,d19_detour,2,19,closed,0.0,2.0999999999999996
4.14,36,59.578848,14,d15_direct,2,15,open,1.0,4.140000000000002
-1.53,3,59.58175,14,d17_medium,2,17,closed,0.0,-1.53
2.1,40,59.604344,14,d19_detour,2,19,closed,0.0,2.1000000000000014
4.02,48,59.631325,14,d19_detour,2,19,closed,0.0,4.020000000000003
1.31,29,59.648494,14,d17_medium,2,17,closed,0.0,1.3099999999999998
1.47,3,59.651325,14,d15_direct,2,15,open,1.0,1.47
4.02,48,59.67809,14,d19_detour,2,19,closed,0.0,4.020000000000003
1.31,49,59.705326,14,d19_detour,2,19,closed,0.0,1.3099999999999996
4.14,36,59.729514,14,d15_direct,2,15,open,1.0,4.140000000000002
1.47,3,59.732503,14,d15_direct,2,15,open,1.0,1.47
1.35,50,59.76056,14,d19_detour,2,19,closed,0.0,1.3499999999999996
1.31,29,59.777056,14,d17_medium,2,17,closed,0.0,1.3099999999999998
1.61,34,59.79595,14,d19_detour,2,19,closed,0.0,1.6099999999999997
4.14,36,59.81631,14,d15_direct,2,15,open,1.0,4.140000000000002
4.14,36,59.842345,14,d15_direct,2,15,open,1.0,4.140000000000002
1.98,37,59.867648,14,d15_direct,2,15,open,1.0,1.9799999999999995
-0.86,16,59.87751,14,d17_medium,2,17,closed,0.0,-0.8600000000000001
4.08,37,59.899467,14,d15_direct,2,15,open,1.0,4.080000000000002
4.14,36,59.921436,14,d15_direct,2,15,open,1.0,4.140000000000002
4.02,48,59.949067,14,d19_detour,2,19,closed,0.0,4.020000000000003
1.47,3,59.951856,14,d19_detour,2,19,closed,0.5,1.47
1.31,29,59.968485,14,d17_medium,2,17,closed,0.0,1.3099999999999998
4.14,36,59.98854,14,d15_direct,2,15,open,1.0,4.140000000000002
4.14,36,60.244711,14,d15_direct,2,15,open,1.0,4.140000000000002
-0.86,16,60.2546,14,d17_medium,2,17,closed,0.0,-0.8600000000000001
4.02,48,60.28157,14,d19_detour,2,19,closed,0.0,4.020000000000003
1.47,3,60.284346,14,d17_medium,2,17,closed,0.5,1.47
4.02,48,60.312072,14,d19_detour,2,19,closed,0.0,4.020000000000003
-0.86,16,60.321733,14,d17_medium,2,17,closed,0.0,-0.8600000000000001
1.67,33,60.340596,14,d19_detour,2,19,closed,0.0,1.6699999999999997
-0.03,3,60.343763,14,d17_medium,2,17,closed,0.5,-0.030000000000000027
-0.03,3,60.346809,14,d19_detour,2,19,closed,0.5,-0.030000000000000027
1.31,29,60.363798,14,d17_medium,2,17,closed,0.0,1.3099999999999998
-0.03,3,60.366543,14,d17_medium,2,17,closed,0.5,-0.030000000000000027
-1.53,3,60.369287,14,d17_medium,2,17,closed,0.0,-1.53
1.47,3,60.372055,14,d19_detour,2,19,closed,0.5,1.47
1.47,3,60.37495,14,d19_detour,2,19,closed,0.5,1.47
-1.53,3,60.378217,14,d17_medium,2,17,closed,0.0,-1.53
4.14,36,60.398146,14,d15_direct,2,15,open,1.0,4.140000000000002
2.15,35,60.418051,14,d19_detour,2,19,closed,0.0,2.1500000000000004
1.31,29,60.434515,14,d17_medium,2,17,closed,0.0,1.3099999999999998
1.67,33,60.452919,14,d19_detour,2,19,closed,0.0,1.6699999999999997
-0.86,16,60.46373,14,d17_medium,2,17,closed,0.0,-0.8600000000000001
3.48,42,60.487256,14,d17_medium,2,17,closed,0.0,3.480000000000002
4.14,36,60.507484,14,d15_direct,2,15,open,1.0,4.140000000000002
-1.04,34,60.526744,14,d19_detour,2,19,closed,0.0,-1.0400000000000003
4.14,36,60.546806,14,d15_direct,2,15,open,1.0,4.140000000000002
1.31,29,60.56327,14,d17_medium,2,17,closed,0.0,1.3099999999999998
-0.86,16,60.572869,14,d17_medium,2,17,closed,0.0,-0.8600000000000001
1.25,50,60.60058,14,d19_detour,2,19,closed,0.0,1.2499999999999996
-1.04,34,60.620426,14,d19_detour,2,19,closed,0.0,-1.0400000000000005
-1.53,3,60.623268,14,d17_medium,2,17,closed,0.5,-1.53
4.14,36,60.643533,14,d15_direct,2,15,open,1.0,4.140000000000002
4.14,36,60.663987,14,d15_direct,2,15,open,1.0,4.140000000000002
1.47,3,60.666959,14,d15_direct,2,15,open,1.0,1.47
-0.03,3,60.6698,14,d19_detour,2,19,closed,0.5,-0.030000000000000027
-0.03,3,60.672534,14,d17_medium,2,17,closed,0.0,-0.030000000000000027
1.67,33,60.692833,14,d19_detour,2,19,closed,0.0,1.6699999999999997
3.42,43,60.72014,14,d17_medium,2,17,closed,0.0,3.4200000000000026
1.47,3,60.722997,14,d15_direct,2,15,open,1.0,1.47
4.02,48,60.750883,14,d19_detour,2,19,closed,0.0,4.020000000000003
4.14,36,60.771092,14,d15_direct,2,15,open,1.0,4.140000000000002
4.14,36,60.791598,14,d15_direct,2,15,open,1.0,4.140000000000002
3.48,42,60.820193,14,d17_medium,2,17,closed,0.0,3.480000000000002
1.47,3,60.823088,14,d15_direct,2,15,open,1.0,1.47
1.47,3,60.826021,14,d17_medium,2,17,closed,0.5,1.47
1.31,29,60.843567,14,d17_medium,2,17,closed,0.0,1.3099999999999998
1.36,49,60.87012,14,d19_detour,2,19,closed,0.0,1.359999999999999
1.47,3,60.872898,14,d19_detour,2,19,closed,0.5,1.47
-0.44,34,60.892091,14,d19_detour,2,19,closed,0.0,-0.4400000000000004
3.48,42,60.915689,14,d17_medium,2,17,closed,0.0,3.480000000000002
4.02,48,60.94212,14,d19_detour,2,19,closed,0.0,4.020000000000003
4.14,36,60.962147,14,d15_direct,2,15,open,1.0,4.140000000000002
1.47,3,60.965028,14,d15_direct,2,15,open,1.0,1.47
4.02,48,60.991637,14,d19_detour,2,19,closed,0.0,4.020000000000003
-0.68,18,61.002835,14,d19_detour,2,19,closed,0.0,-0.6800000000000002
4.08,37,61.023335,14,d15_direct,2,15,open,1.0,4.080000000000002
4.14,36,61.043321,14,d15_direct,2,15,open,1.0,4.140000000000002
1.31,29,61.059588,14,d17_medium,2,17,closed,0.0,1.3099999999999998
1.47,3,61.062309,14,d17_medium,2,17,closed,0.5,1.47
-0.25,25,61.076511,14,d19_detour,2,19,closed,0.0,-0.2500000000000002
-0.86,16,61.086157,14,d17_medium,2,17,closed,0.0,-0.8600000000000001
4.14,36,61.106225,14,d15_direct,2,15,open,1.0,4.140000000000002
1.47,3,61.109119,14,d19_detour,2,19,closed,0.5,1.47
1.47,3,61.111851,14,d19_detour,2,19,closed,0.5,1.47
1.47,3,61.114701,14,d15_direct,2,15,open,1.0,1.47
1.47,3,61.117546,14,d15_direct,2,15,open,1.0,1.47
3.96,49,61.145602,14,d19_detour,2,19,closed,0.0,3.9600000000000026
4.14,36,61.165713,14,d15_direct,2,15,open,1.0,4.140000000000002
4.14,36,61.185799,14,d15_direct,2,15,open,1.0,4.140000000000002
-0.03,3,61.188559,14,d17_medium,2,17,closed,0.0,-0.030000000000000027
1.47,3,61.191415,14,d15_direct,2,15,open,1.0,1.47
1.67,33,61.209793,14,d19_detour,2,19,closed,0.0,1.6699999999999997
4.02,48,61.23656,14,d19_detour,2,19,closed,0.0,4.020000000000003
-3.03,3,61.239365,14,d17_medium,2,17,closed,0.0,-3.0300000000000002
4.02,48,61.267224,14,d19_detour,2,19,closed,0.0,4.020000000000003
-0.03,3,61.270056,14,d17_medium,2,17,closed,0.0,-0.030000000000000027
1.36,49,61.298131,14,d19_detour,2,19,closed,0.0,1.3599999999999999
-0.99,34,61.317366,14,d19_detour,2,19,closed,0.0,-0.9900000000000004
1.47,3,61.320237,14,d15_direct,2,15,open,1.0,1.47
1.47,3,61.323002,14,d19_detour,2,19,closed,0.5,1.47
-0.99,34,61.341708,14,d19_detour,2,19,closed,0.0,-0.9900000000000004
1.31,29,61.358482,14,d17_medium,2,17,closed,0.0,1.3099999999999998
4.14,36,61.379174,14,d15_direct,2,15,open,1.0,4.140000000000002
1.67,33,61.398726,14,d19_detour,2,19,closed,0.0,1.6699999999999997
-0.03,3,61.40153,14,d17_medium,2,17,closed,0.0,-0.030000000000000027
3.48,42,61.425049,14,d17_medium,2,17,closed,0.0,3.480000000000002
1.47,3,61.428041,14,d15_direct,2,15,open,1.0,1.47
-0.03,3,61.430844,14,d17_medium,2,17,closed,0.5,-0.030000000000000027
-0.03,3,61.433657,14,d19_detour,2,19,closed,0.5,-0.030000000000000027
4.14,36,61.696845,14,d15_direct,2,15,open,1.0,4.140000000000002
1.91,49,61.724445,14,d19_detour,2,19,closed,0.0,1.9100000000000001
-0.03,3,61.727756,14,d19_detour,2,19,closed,0.5,-0.030000000000000027
4.14,36,61.748748,14,d15_direct,2,15,open,1.0,4.140000000000002
2.15,35,61.769565,14,d19_detour,2,19,closed,0.0,2.1499999999999995
4.14,36,61.790358,14,d15_direct,2,15,open,1.0,4.140000000000002
1.31,29,61.807423,14,d17_medium,2,17,closed,0.0,1.3099999999999998
1.67,33,61.826921,14,d19_detour,2,19,closed,0.0,1.6699999999999997
3.48,42,61.856182,14,d17_medium,2,17,closed,0.0,3.480000000000002
4.02,48,61.885229,14,d19_detour,2,19,closed,0.0,4.020000000000003
-0.25,25,61.900208,14,d19_detour,2,19,closed,0.0,-0.2500000000000002
1.31,29,61.917676,14,d17_medium,2,17,closed,0.0,1.3099999999999998
4.08,37,61.939675,14,d15_direct,2,15,open,1.0,4.080000000000002
-0.86,16,61.952978,14,d17_medium,2,17,closed,0.0,-0.8600000000000001
4.14,36,61.974263,14,d15_direct,2,15,open,1.0,4.140000000000002
4.14,36,61.994162,14,d15_direct,2,15,open,1.0,4.140000000000002
1.25,30,62.011651,14,d17_medium,2,17,closed,0.0,1.2499999999999998
1.47,3,62.01463,14,d15_direct,2,15,open,1.0,1.47
2.15,35,62.035649,14,d19_detour,2,19,closed,0.0,2.1499999999999995
4.08,37,62.057859,14,d15_direct,2,15,open,1.0,4.080000000000002
4.14,36,62.080964,14,d15_direct,2,15,open,1.0,4.140000000000002
4.02,48,62.109962,14,d19_detour,2,19,closed,0.0,4.020000000000003
1.31,29,62.127834,14,d17_medium,2,17,closed,0.0,1.3099999999999998
1.67,33,62.148333,14,d19_detour,2,19,closed,0.0,1.6699999999999997
4.14,36,62.169216,14,d15_direct,2,15,open,1.0,4.140000000000002
1.47,3,62.172151,14,d15_direct,2,15,open,1.0,1.47
1.47,3,62.174956,14,d19_detour,2,19,closed,0.5,1.47
1.31,29,62.191952,14,d17_medium,2,17,closed,0.0,1.3099999999999998
4.14,36,62.213647,14,d15_direct,2,15,open,1.0,4.140000000000002
4.14,36,62.234378,14,d15_direct,2,15,open,1.0,4.140000000000002
1.31,29,62.251435,14,d17_medium,2,17,closed,0.0,1.3099999999999998
-0.8,30,62.269207,14,d17_medium,2,17,closed,0.0,-0.8000000000000003
-0.2,20,62.281479,14,d19_detour,2,19,closed,0.0,-0.20000000000000018
-0.44,39,62.304364,14,d17_medium,2,17,closed,0.0,-0.44000000000000017
4.14,36,62.32527,14,d15_direct,2,15,open,1.0,4.140000000000002
-0.03,3,62.328901,14,d17_medium,2,17,closed,0.0,-0.030000000000000027
-1.53,3,62.332068,14,d17_medium,2,17,closed,0.0,-1.53
1.47,3,62.335021,14,d17_medium,2,17,closed,0.5,1.47
2.15,35,62.367288,14,d19_detour,2,19,closed,0.0,2.1500000000000004
4.14,36,62.392789,14,d15_direct,2,15,open,1.0,4.140000000000002
4.14,36,62.414486,14,d15_direct,2,15,open,1.0,4.140000000000002
3.96,49,62.44142,14,d19_detour,2,19,closed,0.0,3.9600000000000026
1.47,3,62.444218,14,d19_detour,2,19,closed,0.5,1.47
3.48,42,62.467839,14,d17_medium,2,17,closed,0.0,3.480000000000002
1.47,3,62.470651,14,d17_medium,2,17,closed,0.5,1.47
2.1,40,62.492547,14,d19_detour,2,19,closed,0.0,2.1000000000000014
1.31,29,62.508766,14,d17_medium,2,17,closed,0.0,1.3099999999999998
4.14,36,62.529324,14,d15_direct,2,15,open,1.0,4.140000000000002
4.02,48,62.555905,14,d19_detour,2,19,closed,0.0,4.020000000000003
4.14,36,62.575798,14,d15_direct,2,15,open,1.0,4.140000000000002
1.75,25,62.590144,14,d15_direct,2,15,open,1.0,1.7499999999999998
1.31,29,62.606492,14,d17_medium,2,17,closed,0.0,1.3099999999999998
2.15,35,62.625805,14,d19_detour,2,19,closed,0.0,2.1499999999999995
1.47,3,62.628619,14,d15_direct,2,15,open,1.0,1.47
1.61,34,62.647435,14,d19_detour,2,19,closed,0.0,1.6099999999999997
3.48,42,62.670445,14,d17_medium,2,17,closed,0.0,3.480000000000002
4.02,48,62.696836,14,d19_detour,2,19,closed,0.0,4.020000000000003
4.14,36,62.716724,14,d15_direct,2,15,open,1.0,4.140000000000002
-0.03,3,62.719482,14,d19_detour,2,19,closed,0.5,-0.030000000000000027
3.48,42,62.742348,14,d17_medium,2,17,closed,0.0,3.480000000000002
3.42,43,62.765813,14,d17_medium,2,17,closed,0.0,3.4200000000000026
2.15,35,62.785002,14,d19_detour,2,19,closed,0.0,2.1499999999999995
2.15,35,62.804332,14,d19_detour,2,19,closed,0.0,2.1499999999999995
3.48,42,62.827691,14,d17_medium,2,17,closed,0.0,3.480000000000002
4.14,36,62.847674,14,d15_direct,2,15,open,1.0,4.140000000000002
4.14,36,62.867745,14,d15_direct,2,15,open,1.0,4.140000000000002
-0.86,16,62.877533,14,d17_medium,2,17,closed,0.0,-0.8600000000000001
1.31,29,62.894182,14,d17_medium,2,17,closed,0.0,1.3099999999999998
4.14,36,63.132601,14,d15_direct,2,15,open,1.0,4.140000000000002
3.48,42,63.156075,14,d17_medium,2,17,closed,0.0,3.480000000000002
1.75,25,63.170861,14,d15_direct,2,15,open,1.0,1.7499999999999998
4.14,36,63.19157,14,d15_direct,2,15,open,1.0,4.140000000000002
4.14,36,63.212142,14,d15_direct,2,15,open,1.0,4.140000000000002
1.31,29,63.228921,14,d17_medium,2,17,closed,0.0,1.3099999999999998
-0.03,3,63.2319,14,d15_direct,2,15,open,1.0,-0.030000000000000027
4.02,48,63.258999,15,d19_detour,2,19,closed,0.0,4.020000000000003
1.28,32,63.27715,15,d17_medium,1,17,closed,0.0,1.2799999999999998
3.99,51,63.305092,15,d19_detour,1,19,closed,0.0,3.990000000000003
1.47,3,63.307635,15,d19_detour,1,19,closed,0.5,1.47
4.11,39,63.329414,15,d15_direct,1,15,open,1.0,4.110000000000002
1.47,3,63.331963,15,d17_medium,1,17,closed,0.5,1.47
3.99,51,63.360755,15,d19_detour,1,19,closed,0.0,3.990000000000003
1.47,3,63.363249,15,d19_detour,1,19,closed,0.5,1.47
3.45,45,63.389125,15,d17_medium,1,17,closed,0.0,3.450000000000003
1.58,37,63.410478,15,d19_detour,1,19,closed,0.0,1.5799999999999996
-0.89,19,63.423776,15,d17_medium,1,17,closed,0.0,-0.8900000000000001
1.47,3,63.426814,15,d19_detour,1,19,closed,0.5,1.47
4.11,39,63.448616,15,d15_direct,1,15,open,1.0,4.110000000000002
4.11,39,63.470227,15,d15_direct,1,15,open,1.0,4.110000000000002
2.12,38,63.492133,15,d19_detour,1,19,closed,0.0,2.1199999999999997
3.99,51,63.520056,15,d19_detour,1,19,closed,0.0,3.990000000000003
1.47,3,63.522631,15,d15_direct,1,15,open,0.5,1.47
4.11,39,63.544655,15,d15_direct,1,15,open,1.0,4.110000000000002
3.45,45,63.570374,15,d17_medium,1,17,closed,0.0,3.450000000000003
4.05,40,63.592869,15,d15_direct,1,15,open,1.0,4.050000000000002
1.47,3,63.595399,15,d17_medium,1,17,closed,0.5,1.47
3.99,51,63.623693,15,d19_detour,1,19,closed,0.0,3.990000000000003
3.45,45,63.649137,15,d17_medium,1,17,closed,0.0,3.450000000000003
3.45,45,63.675555,15,d17_medium,1,17,closed,0.0,3.450000000000003
1.28,47,63.701788,15,d17_medium,1,17,closed,0.0,1.2799999999999996
3.87,53,63.73076,15,d19_detour,1,19,closed,0.0,3.8700000000000028
1.47,3,63.733376,15,d17_medium,1,17,closed,0.5,1.47
4.11,39,63.75506,15,d15_direct,1,15,open,1.0,4.110000000000002
3.93,52,63.784337,15,d19_detour,1,19,closed,0.0,3.9300000000000033
3.45,45,63.810145,15,d17_medium,1,17,closed,0.0,3.450000000000003
-0.89,19,63.821146,15,d17_medium,1,17,closed,0.0,-0.8899999999999999
4.11,39,63.843491,15,d15_direct,1,15,open,1.0,4.110000000000002
1.28,52,63.873645,15,d19_detour,1,19,closed,0.0,1.2799999999999996
1.47,3,63.876347,15,d17_medium,1,17,closed,0.5,1.47
3.99,51,63.904679,15,d19_detour,1,19,closed,0.0,3.990000000000003
3.99,51,63.933864,15,d19_detour,1,19,closed,0.0,3.990000000000003
4.11,39,63.956134,15,d15_direct,1,15,open,1.0,4.110000000000002
4.11,39,63.978341,15,d15_direct,1,15,open,1.0,4.110000000000002
1.58,37,63.998316,15,d19_detour,1,19,closed,0.0,1.5799999999999996
0.25,25,64.012298,15,d19_detour,1,19,closed,0.0,0.24999999999999978
4.11,39,64.033237,15,d15_direct,1,15,open,1.0,4.110000000000002
3.99,51,64.061079,15,d19_detour,1,19,closed,0.0,3.990000000000003
3.93,52,64.089873,15,d19_detour,1,19,closed,0.0,3.9300000000000024
-1.02,37,64.109568,15,d19_detour,1,19,closed,0.0,-1.0200000000000005
1.88,52,64.137308,15,d19_detour,1,19,closed,0.0,1.8799999999999997
2.12,38,64.158662,15,d19_detour,1,19,closed,0.0,2.12
3.45,45,64.183275,15,d17_medium,1,17,closed,0.0,3.450000000000003
3.45,45,64.208629,15,d17_medium,1,17,closed,0.0,3.450000000000003
1.28,32,64.22637,15,d17_medium,1,17,closed,0.0,1.2799999999999998
1.47,3,64.228827,15,d17_medium,1,17,closed,0.5,1.47
3.45,45,64.254027,15,d17_medium,1,17,closed,0.0,3.450000000000003
-0.78,53,64.282782,15,d19_detour,1,19,closed,0.0,-0.780000000000001
1.28,32,64.512804,15,d17_medium,1,17,closed,0.0,1.28
1.47,3,64.515411,15,d15_direct,1,15,open,0.5,1.47
3.45,45,64.54088,15,d17_medium,1,17,closed,0.0,3.450000000000003
1.47,3,64.543416,15,d15_direct,1,15,open,0.5,1.47
2.07,43,64.567647,15,d19_detour,1,19,closed,0.0,2.0699999999999994
3.99,51,64.596443,15,d19_detour,1,19,closed,0.0,3.990000000000003
3.45,45,64.621454,15,d17_medium,1,17,closed,0.0,3.450000000000003
4.05,40,64.643782,15,d15_direct,1,15,open,1.0,4.0500000000000025
1.47,3,64.646271,15,d17_medium,1,17,closed,0.5,1.47
1.47,3,64.648852,15,d19_detour,1,19,closed,0.5,1.47
1.09,46,64.673982,15,d17_medium,1,17,closed,0.0,1.0899999999999992
2.01,44,64.698398,15,d19_detour,1,19,closed,0.0,2.0100000000000016
1.47,3,64.700917,15,d15_direct,1,15,open,0.5,1.47
1.64,36,64.721229,15,d19_detour,1,19,closed,0.0,1.6399999999999997
1.22,33,64.739543,15,d17_medium,1,17,closed,0.0,1.22
1.64,36,64.759209,15,d19_detour,1,19,closed,0.0,1.6399999999999997
3.45,45,64.784141,15,d17_medium,1,17,closed,0.0,3.450000000000003
4.11,39,64.806018,15,d15_direct,1,15,open,1.0,4.110000000000002
3.93,52,64.835268,15,d19_detour,1,19,closed,0.0,3.9300000000000033
1.47,3,64.837755,15,d17_medium,1,17,closed,0.5,1.47
1.28,32,64.856045,15,d17_medium,1,17,closed,0.0,1.28
1.47,3,64.858552,15,d17_medium,1,17,closed,0.5,1.47
1.47,3,64.861513,15,d19_detour,1,19,closed,0.5,1.47
3.93,52,64.889981,15,d19_detour,1,19,closed,0.0,3.9300000000000033
3.45,45,64.916756,15,d17_medium,1,17,closed,0.0,3.450000000000003
1.28,52,64.94582,15,d19_detour,1,19,closed,0.0,1.2799999999999996
3.93,52,64.974383,15,d19_detour,1,19,closed,0.0,3.9300000000000033
3.45,45,65.000091,15,d17_medium,1,17,closed,0.0,3.450000000000003
3.93,52,65.029119,15,d19_detour,1,19,closed,0.0,3.9300000000000033
1.28,32,65.04793,15,d17_medium,1,17,closed,0.0,1.28
1.47,3,65.050365,15,d17_medium,1,17,closed,0.5,1.47
3.45,45,65.075673,15,d17_medium,1,17,closed,0.0,3.450000000000003
1.28,32,65.094086,15,d17_medium,1,17,closed,0.0,1.28
4.11,39,65.115715,15,d15_direct,1,15,open,1.0,4.110000000000002
1.47,3,65.118187,15,d19_detour,1,19,closed,0.5,1.47
4.11,39,65.139445,16,d15_direct,1,15,open,1.0,4.110000000000002
4.08,42,65.163349,16,d15_direct,0,15,open,1.0,4.080000000000003
-2.86,56,65.193315,16,d19_detour,0,19,closed,0.0,-2.860000000000002
-4.78,48,65.219097,16,d19_detour,0,19,closed,0.5,-4.780000000000001
4.08,42,65.2428,16,d15_direct,0,15,open,1.0,4.080000000000003
-2.81,56,65.27406,16,d19_detour,0,19,closed,0.0,-2.8100000000000014
-6.27,57,65.304215,16,d19_detour,0,19,closed,0.5,-6.269999999999994
4.02,43,65.327924,16,d15_direct,0,15,open,1.0,4.020000000000002
-6.27,57,65.357187,16,d19_detour,0,19,closed,0.5,-6.269999999999994
4.08,42,65.379513,16,d15_direct,0,15,open,1.0,4.080000000000003
-6.27,57,65.409741,16,d19_detour,0,19,closed,0.5,-6.269999999999994
-3.03,3,65.41217,16,d19_detour,0,19,closed,0.5,-3.0300000000000002
-6.22,57,65.443031,16,d19_detour,0,19,closed,0.5,-6.219999999999995
-0.92,22,65.455239,16,d17_medium,0,17,closed,0.0,-0.9199999999999997
-3.03,3,65.457472,16,d19_detour,0,19,closed,0.5,-3.0300000000000002
1.47,3,65.459646,16,d17_medium,0,17,closed,0.5,1.47
-6.27,57,65.489625,16,d19_detour,0,19,closed,0.5,-6.269999999999994
1.47,3,65.491805,16,d15_direct,0,15,open,0.5,1.47
1.69,31,65.509011,16,d15_direct,0,15,open,1.0,1.6900000000000002
1.47,3,65.511183,16,d15_direct,0,15,open,0.5,1.47
-1.53,3,65.513338,16,d19_detour,0,19,closed,0.5,-1.53
1.69,31,65.530891,16,d15_direct,0,15,open,1.0,1.6899999999999997
-6.27,57,65.561227,16,d19_detour,0,19,closed,0.5,-6.269999999999994
-2.86,56,65.591129,16,d19_detour,0,19,closed,0.0,-2.860000000000001
3.42,48,65.617774,16,d17_medium,0,17,closed,0.0,3.4200000000000026
1.47,3,65.619941,16,d15_direct,0,15,open,0.5,1.47
4.08,42,65.858147,16,d15_direct,0,15,open,1.0,4.080000000000003
-5.23,43,65.880958,16,d19_detour,0,19,closed,0.5,-5.23
1.47,3,65.88323,16,d17_medium,0,17,closed,0.5,1.47
3.42,48,65.909966,16,d17_medium,0,17,closed,0.0,3.4200000000000026
-1.53,3,65.912162,16,d19_detour,0,19,closed,0.5,-1.53
3.42,48,65.939341,16,d17_medium,0,17,closed,0.0,3.4200000000000026
3.42,48,65.967366,16,d17_medium,0,17,closed,0.0,3.4200000000000026
0.31,49,65.994621,16,d17_medium,0,17,closed,0.0,0.3099999999999994
4.08,42,66.017911,16,d15_direct,0,15,open,1.0,4.080000000000003
1.47,3,66.020085,16,d15_direct,0,15,open,0.5,1.47
3.42,48,66.047293,16,d17_medium,0,17,closed,0.0,3.4200000000000026
0.55,55,66.077751,16,d19_detour,0,19,closed,0.0,0.5499999999999989
4.08,42,66.102111,16,d15_direct,0,15,open,1.0,4.080000000000003
-3.03,3,66.104297,16,d19_detour,0,19,closed,0.5,-3.0300000000000002
4.08,42,66.128162,16,d15_direct,0,15,open,1.0,4.080000000000003
4.08,42,66.151029,16,d15_direct,0,15,open,1.0,4.080000000000003
1.47,3,66.153231,16,d17_medium,0,17,closed,0.5,1.47
-2.86,56,66.183255,16,d19_detour,0,19,closed,0.0,-2.860000000000001
-5.23,43,66.205713,16,d19_detour,0,19,closed,0.5,-5.229999999999999
3.36,49,66.233621,16,d17_medium,0,17,closed,0.0,3.360000000000003
1.69,31,66.25149,16,d15_direct,0,15,open,1.0,1.6899999999999997
-0.92,22,66.264326,16,d17_medium,0,17,closed,0.0,-0.9199999999999997
3.42,48,66.29068,16,d17_medium,0,17,closed,0.0,3.4200000000000026
4.08,42,66.315147,16,d15_direct,0,15,open,1.0,4.080000000000003
4.08,42,66.338561,16,d15_direct,0,15,open,1.0,4.080000000000003
-0.92,22,66.351322,16,d17_medium,0,17,closed,0.0,-0.9199999999999997
1.47,3,66.353522,16,d15_direct,0,15,open,0.5,1.47
1.47,3,66.355673,16,d15_direct,0,15,open,0.5,1.47
1.47,3,66.357829,16,d17_medium,0,17,closed,0.5,1.47
-1.53,3,66.359995,16,d19_detour,0,19,closed,0.5,-1.53
1.69,31,66.376981,16,d15_direct,0,15,open,1.0,1.6899999999999997
-5.23,43,66.399645,16,d19_detour,0,19,closed,0.5,-5.23
3.42,48,66.425506,16,d17_medium,0,17,closed,0.0,3.4200000000000026
4.08,42,66.448752,16,d15_direct,0,15,open,1.0,4.080000000000003
4.02,43,66.472785,16,d15_direct,0,15,open,1.0,4.020000000000002
3.42,48,66.498727,16,d17_medium,0,17,closed,0.0,3.4200000000000026
-1.82,42,66.521248,16,d19_detour,0,19,closed,0.0,-1.820000000000001
3.42,48,66.547627,16,d17_medium,0,17,closed,0.0,3.4200000000000026
3.42,48,66.573718,16,d17_medium,0,17,closed,0.0,3.4200000000000026
1.47,3,66.575931,16,d15_direct,0,15,open,0.5,1.47
-3.74,34,66.59502,16,d19_detour,0,19,closed,0.5,-3.74
4.02,43,66.618675,16,d15_direct,0,15,open,1.0,4.020000000000002
1.47,3,66.620861,16,d17_medium,0,17,closed,0.5,1.47
-6.27,57,66.651528,16,d19_detour,0,19,closed,0.5,-6.269999999999994
3.36,49,66.678637,16,d17_medium,0,17,closed,0.0,3.360000000000003
-6.27,57,66.709076,16,d19_detour,0,19,closed,0.5,-6.269999999999994
4.08,42,66.732403,16,d15_direct,0,15,open,1.0,4.080000000000003
1.47,3,66.734628,16,d17_medium,0,17,closed,0.5,1.47
3.42,48,66.760828,16,d17_medium,0,17,closed,0.0,3.4200000000000026
-1.53,3,66.762999,16,d19_detour,0,19,closed,0.5,-1.53
-1.53,3,66.765206,16,d19_detour,0,19,closed,0.5,-1.53
1.47,3,66.767394,16,d17_medium,0,17,closed,0.5,1.47
3.42,48,66.794401,16,d17_medium,0,17,closed,0.0,3.4200000000000026
-1.82,42,66.817635,16,d19_detour,0,19,closed,0.0,-1.8200000000000005
4.02,43,66.84147,16,d15_direct,0,15,open,1.0,4.020000000000002
1.25,35,66.860621,16,d17_medium,0,17,closed,0.0,1.2500000000000002
4.02,43,66.883964,16,d15_direct,0,15,open,1.0,4.020000000000002
3.42,48,66.910449,16,d17_medium,0,17,closed,0.0,3.4200000000000026
4.08,42,66.93327,16,d15_direct,0,15,open,1.0,4.080000000000003
0.31,49,66.959473,16,d17_medium,0,17,closed,0.0,0.30999999999999917
-5.47,57,66.989648,16,d19_detour,0,19,closed,0.5,-5.469999999999999
4.08,42,67.233795,16,d15_direct,0,15,open,1.0,4.080000000000003
-2.11,56,67.267231,16,d19_detour,0,19,closed,0.0,-2.110000000000001
1.47,3,67.269422,16,d17_medium,0,17,closed,0.5,1.47
4.08,42,67.292675,16,d15_direct,0,15,open,1.0,4.080000000000003
3.36,49,67.320482,16,d17_medium,0,17,closed,0.0,3.360000000000003
4.08,42,67.345337,16,d15_direct,0,15,open,1.0,4.080000000000003
-2.86,56,67.37565,16,d19_detour,0,19,closed,0.0,-2.860000000000001
1.47,3,67.377847,16,d15_direct,0,15,open,0.5,1.47
4.08,42,67.402105,16,d15_direct,0,15,open,1.0,4.080000000000003
1.25,35,67.422178,16,d17_medium,0,17,closed,0.0,1.2500000000000002
0.55,55,67.453625,16,d19_detour,0,19,closed,0.0,0.5499999999999989
1.47,3,67.455846,16,d17_medium,0,17,closed,0.5,1.47
1.47,3,67.458015,16,d15_direct,0,15,open,0.5,1.47
4.08,42,67.481211,16,d15_direct,0,15,open,1.0,4.080000000000003
-3.03,3,67.483416,16,d19_detour,0,19,closed,0.5,-3.0300000000000002
-1.88,43,67.506693,16,d19_detour,0,19,closed,0.0,-1.8800000000000006
3.42,48,67.533099,16,d17_medium,0,17,closed,0.0,3.4200000000000026
4.08,42,67.556791,16,d15_direct,0,15,open,1.0,4.080000000000003
-6.27,57,67.586938,16,d19_detour,0,19,closed,0.5,-6.269999999999994
-1.53,3,67.589156,16,d19_detour,0,19,closed,0.5,-1.53
4.08,42,67.614947,16,d15_direct,0,15,open,1.0,4.080000000000003
-2.86,56,67.646749,16,d19_detour,0,19,closed,0.0,-2.860000000000002
3.36,49,67.686243,16,d17_medium,0,17,closed,0.0,3.360000000000003
-2.76,56,67.716898,16,d19_detour,0,19,closed,0.0,-2.759999999999998
1.47,3,67.719117,16,d15_direct,0,15,open,0.5,1.47
-5.21,41,67.74114,16,d19_detour,0,19,closed,0.5,-5.210000000000001
4.08,42,67.764318,16,d15_direct,0,15,open,1.0,4.080000000000003
4.08,42,67.787643,16,d15_direct,0,15,open,1.0,4.080000000000003
-1.53,3,67.789824,16,d19_detour,0,19,closed,0.5,-1.53
-3.03,3,67.792013,16,d19_detour,0,19,closed,0.5,-3.0300000000000002
1.47,3,67.794256,16,d15_direct,0,15,open,0.5,1.47
4.08,42,67.817539,16,d15_direct,0,15,open,1.0,4.080000000000003
-1.32,42,67.840332,16,d19_detour,0,19,closed,0.0,-1.3200000000000005
-0.51,31,67.857449,16,d17_medium,0,17,closed,0.0,-0.5100000000000002
4.08,42,67.883021,16,d15_direct,0,15,open,1.0,4.080000000000003
-5.16,41,67.909958,16,d19_detour,0,19,closed,0.5,-5.16
1.47,3,67.91217,16,d15_direct,0,15,open,0.5,1.47
-1.56,56,67.943188,16,d19_detour,0,19,closed,0.0,-1.5600000000000005
1.47,3,67.945417,16,d15_direct,0,15,open,0.5,1.47
4.08,42,67.968694,16,d15_direct,0,15,open,1.0,4.080000000000003
-3.45,25,67.982404,16,d19_detour,0,19,closed,0.5,-3.45
1.47,3,67.984665,16,d15_direct,0,15,open,0.5,1.47
-3.03,3,67.986841,16,d19_detour,0,19,closed,0.5,-3.0300000000000002
1.31,49,68.013893,16,d17_medium,0,17,closed,0.0,1.310000000000002
4.08,42,68.037259,16,d15_direct,0,15,open,1.0,4.080000000000003
-1.8,40,68.060072,16,d19_detour,0,19,closed,0.0,-1.7999999999999974
4.08,42,68.084228,16,d15_direct,0,15,open,1.0,4.080000000000003
-1.37,47,68.111198,16,d19_detour,0,19,closed,0.0,-1.3700000000000006
4.08,42,68.134339,16,d15_direct,0,15,open,1.0,4.080000000000003
1.19,36,68.155173,16,d17_medium,0,17,closed,0.0,1.1900000000000002
3.42,48,68.182692,16,d17_medium,0,17,closed,0.0,3.4200000000000026
-2.16,56,68.213351,16,d19_detour,0,19,closed,0.0,-2.1599999999999975
4.08,42,68.23698,16,d15_direct,0,15,open,1.0,4.080000000000003
-1.53,3,68.239223,16,d19_detour,0,19,closed,0.5,-1.53
4.08,42,68.262419,16,d15_direct,0,15,open,1.0,4.080000000000003
3.42,48,68.288739,16,d17_medium,0,17,closed,0.0,3.4200000000000026
4.08,42,68.312212,16,d15_direct,0,15,open,1.0,4.080000000000003
1.47,3,68.314404,16,d17_medium,0,17,closed,0.5,1.47
-1.27,42,68.337063,16,d19_detour,0,19,closed,0.0,-1.2700000000000005
3.42,48,68.364067,16,d17_medium,0,17,closed,0.0,3.4200000000000026
0.55,55,68.631014,16,d19_detour,0,19,closed,0.0,0.5499999999999989
3.42,48,68.657453,16,d17_medium,0,17,closed,0.0,3.4200000000000026
-1.8,40,68.67914,16,d19_detour,0,19,closed,0.0,-1.8000000000000005
4.08,42,68.702814,16,d15_direct,0,15,open,1.0,4.080000000000003
-0.03,3,68.705016,16,d19_detour,0,19,closed,0.5,-0.030000000000000027
1.47,3,68.707211,16,d15_direct,0,15,open,0.5,1.47
1.61,39,68.728704,16,d19_detour,0,19,closed,0.0,1.61
1.47,3,68.730866,16,d17_medium,0,17,closed,0.5,1.47
4.08,42,68.754547,16,d15_direct,0,15,open,1.0,4.080000000000003
3.96,54,68.784611,16,d19_detour,0,19,closed,0.0,3.9600000000000035
0.55,55,68.814878,16,d19_detour,0,19,closed,0.0,0.5499999999999989
-1.53,3,68.817071,16,d19_detour,0,19,closed,0.5,-1.53
0.55,55,68.846891,16,d19_detour,0,19,closed,0.0,0.5499999999999994
1.25,35,68.866282,16,d17_medium,0,17,closed,0.0,1.2500000000000002
-2.86,56,68.89665,16,d19_detour,0,19,closed,0.0,-2.860000000000001
3.42,48,68.923125,16,d17_medium,0,17,closed,0.0,3.4200000000000026
3.42,48,68.949439,16,d17_medium,0,17,closed,0.0,3.4200000000000026
4.08,42,68.972543,16,d15_direct,0,15,open,1.0,4.080000000000003
3.42,48,68.998854,16,d17_medium,0,17,closed,0.0,3.4200000000000026
1.92,43,69.022854,16,d15_direct,0,15,open,1.0,1.9199999999999997
4.08,42,69.046012,16,d15_direct,0,15,open,1.0,4.080000000000003
1.47,3,69.048427,16,d17_medium,0,17,closed,0.5,1.47
0.55,55,69.078021,16,d19_detour,0,19,closed,0.0,0.5499999999999989
3.36,49,69.106735,16,d17_medium,0,17,closed,0.0,3.360000000000003
4.02,43,69.130313,16,d15_direct,0,15,open,1.0,4.020000000000002
1.25,35,69.149508,16,d17_medium,0,17,closed,0.0,1.2499999999999998
1.69,31,69.166628,16,d15_direct,0,15,open,1.0,1.6900000000000002
3.42,48,69.193029,16,d17_medium,0,17,closed,0.0,3.4200000000000026
3.42,48,69.219648,16,d17_medium,0,17,closed,0.0,3.4200000000000026
0.55,55,69.249789,16,d19_detour,0,19,closed,0.0,0.5499999999999994
-0.03,3,69.252263,16,d19_detour,0,19,closed,0.5,-0.030000000000000027
1.59,41,69.274704,16,d19_detour,0,19,closed,0.0,1.5899999999999996
1.47,3,69.276925,16,d17_medium,0,17,closed,0.5,1.47
-0.76,26,69.291163,16,d19_detour,0,19,closed,0.0,-0.7599999999999998
4.08,42,69.314897,16,d15_direct,0,15,open,1.0,4.080000000000003
1.47,3,69.317095,16,d15_direct,0,15,open,0.5,1.47
1.47,3,69.319274,16,d17_medium,0,17,closed,0.5,1.47
-4.15,25,69.333163,16,d19_detour,0,19,closed,0.5,-4.15
3.42,48,69.359869,16,d17_medium,0,17,closed,0.0,3.4200000000000026
2.09,41,69.382456,16,d19_detour,0,19,closed,0.0,2.09
1.47,3,69.38464,16,d15_direct,0,15,open,0.5,1.47
3.96,54,69.414509,16,d19_detour,0,19,closed,0.0,3.9600000000000035
4.08,42,69.43745,16,d15_direct,0,15,open,1.0,4.080000000000003
1.47,3,69.439647,16,d15_direct,0,15,open,0.5,1.47
3.42,48,69.46552,16,d17_medium,0,17,closed,0.0,3.4200000000000026
1.85,55,69.49533,16,d19_detour,0,19,closed,0.0,1.850000000000003
4.08,42,69.518476,16,d15_direct,0,15,open,1.0,4.080000000000003
3.42,48,69.544871,16,d17_medium,0,17,closed,0.0,3.4200000000000026
-6.27,57,69.574786,16,d19_detour,0,19,closed,0.5,-6.269999999999994
1.47,3,69.577105,16,d15_direct,0,15,open,0.5,1.47
1.25,35,69.596663,16,d17_medium,0,17,closed,0.0,1.2499999999999998
-1.88,43,69.619692,16,d19_detour,0,19,closed,0.0,-1.8800000000000008
1.47,3,69.621869,16,d17_medium,0,17,closed,0.5,1.47
1.47,3,69.624054,16,d15_direct,0,15,open,0.5,1.47
-6.27,57,69.654152,16,d19_detour,0,19,closed,0.5,-6.269999999999994
0.55,55,69.683871,16,d19_detour,0,19,closed,0.0,0.5499999999999989
3.42,48,69.711053,16,d17_medium,0,17,closed,0.0,3.4200000000000026
1.25,35,69.730343,16,d17_medium,0,17,closed,0.0,1.2499999999999998
4.08,42,69.753244,16,d15_direct,0,15,open,1.0,4.080000000000003
-1.82,42,70.034285,16,d19_detour,0,19,closed,0.0,-1.819999999999996
1.47,3,70.036493,16,d15_direct,0,15,open,0.5,1.47
-0.07,47,70.0627,16,d19_detour,0,19,closed,0.0,-0.07000000000000028
4.08,42,70.086812,16,d15_direct,0,15,open,1.0,4.080000000000003
4.08,42,70.111314,16,d15_direct,0,15,open,1.0,4.080000000000003
4.08,42,70.134977,16,d15_direct,0,15,open,1.0,4.080000000000003
1.69,31,70.152045,16,d15_direct,0,15,open,1.0,1.6899999999999997
3.42,48,70.178648,16,d17_medium,0,17,closed,0.0,3.4200000000000026
1.47,3,70.180845,16,d15_direct,0,15,open,0.5,1.47
4.08,42,70.204222,16,d15_direct,0,15,open,1.0,4.080000000000003
1.47,3,70.206402,16,d17_medium,0,17,closed,0.5,1.47
1.47,3,70.208552,16,d17_medium,0,17,closed,0.5,1.47
1.47,3,70.210735,16,d15_direct,0,15,open,0.5,1.47
4.08,42,70.23367,16,d15_direct,0,15,open,1.0,4.080000000000003
-1.8,40,70.25514,16,d19_detour,0,19,closed,0.0,-1.7999999999999974
1.25,35,70.274576,16,d17_medium,0,17,closed,0.0,1.2499999999999998
-2.11,56,70.305862,16,d19_detour,0,19,closed,0.0,-2.1099999999999977
-6.27,57,70.335878,16,d19_detour,0,19,closed,0.5,-6.269999999999994
-1.8,40,70.357359,16,d19_detour,0,19,closed,0.0,-1.800000000000001
3.36,49,70.385142,16,d17_medium,0,17,closed,0.0,3.360000000000003
-2.86,56,70.414933,16,d19_detour,0,19,closed,0.0,-2.8599999999999977
4.08,42,70.437909,16,d15_direct,0,15,open,1.0,4.080000000000003
1.47,3,70.440099,16,d17_medium,0,17,closed,0.5,1.47
2.09,41,70.46301,16,d19_detour,0,19,closed,0.0,2.0900000000000007
1.69,31,70.480505,16,d15_direct,0,15,open,1.0,1.6899999999999997
4.08,42,70.5036,16,d15_direct,0,15,open,1.0,4.080000000000003
1.47,3,70.505886,16,d17_medium,0,17,closed,0.5,1.47
4.08,42,70.529628,16,d15_direct,0,15,open,1.0,4.080000000000003
1.25,35,70.549424,16,d17_medium,0,17,closed,0.0,1.2499999999999998
3.42,48,70.575668,16,d17_medium,0,17,closed,0.0,3.4200000000000026
4.08,42,70.598769,16,d15_direct,0,15,open,1.0,4.080000000000003
1.25,35,70.618088,16,d17_medium,0,17,closed,0.0,1.2500000000000002
3.42,48,70.644661,16,d17_medium,0,17,closed,0.0,3.4200000000000026
4.08,42,70.668075,16,d15_direct,0,15,open,1.0,4.080000000000003
-0.03,3,70.670261,16,d19_detour,0,19,closed,0.5,-0.030000000000000027
-1.75,40,70.691886,16,d19_detour,0,19,closed,0.0,-1.7500000000000004
1.47,3,70.694138,16,d19_detour,0,19,closed,0.5,1.47
4.08,42,70.718807,16,d15_direct,0,15,open,1.0,4.080000000000003
1.47,3,70.720931,16,d19_detour,0,19,closed,0.5,1.47
3.42,48,70.746549,16,d17_medium,0,17,closed,0.0,3.4200000000000026
4.08,42,70.768677,16,d15_direct,0,15,open,1.0,4.080000000000003
1.47,3,70.770815,16,d15_direct,0,15,open,0.5,1.47
1.47,3,70.772895,16,d17_medium,0,17,closed,0.5,1.47
4.08,42,70.795106,16,d15_direct,0,15,open,1.0,4.080000000000003
1.47,3,70.797238,16,d17_medium,0,17,closed,0.5,1.47
1.47,3,70.799366,16,d19_detour,0,19,closed,0.5,1.47
-0.03,3,70.801488,16,d19_detour,0,19,closed,0.5,-0.030000000000000027
1.47,3,70.803628,16,d19_detour,0,19,closed,0.5,1.47
-2.86,56,70.832774,16,d19_detour,0,19,closed,0.0,-2.860000000000001
0.49,56,70.862152,16,d19_detour,0,19,closed,0.0,0.48999999999999944
0.55,55,70.890931,16,d19_detour,0,19,closed,0.0,0.5499999999999989
1.25,35,70.909954,16,d17_medium,0,17,closed,0.0,1.2500000000000002
1.47,3,70.912336,16,d15_direct,0,15,open,0.5,1.47
0.55,55,70.941192,16,d19_detour,0,19,closed,0.0,0.5499999999999994
-0.03,3,70.943348,16,d19_detour,0,19,closed,0.5,-0.030000000000000027
4.08,42,70.965421,16,d15_direct,0,15,open,1.0,4.080000000000003
-0.03,3,70.967559,16,d19_detour,0,19,closed,0.5,-0.030000000000000027
4.08,42,70.989683,16,d15_direct,0,15,open,1.0,4.080000000000003
-0.02,42,71.011663,16,d19_detour,0,19,closed,0.0,-0.020000000000000462
-1.53,3,71.013806,16,d19_detour,0,19,closed,0.5,-1.53
1.59,41,71.035217,16,d19_detour,0,19,closed,0.0,1.5899999999999996
4.08,42,71.057304,16,d15_direct,0,15,open,1.0,4.080000000000003
4.08,42,71.080023,16,d15_direct,0,15,open,1.0,4.080000000000003
4.08,42,71.1023,16,d15_direct,0,15,open,1.0,4.080000000000003
3.42,48,71.127808,16,d17_medium,0,17,closed,0.0,3.4200000000000026
1.47,3,71.129937,16,d15_direct,0,15,open,0.5,1.47
3.42,48,71.376355,16,d17_medium,0,17,closed,0.0,3.4200000000000026
1.47,3,71.378524,16,d19_detour,0,19,closed,0.5,1.47
1.25,35,71.397326,16,d17_medium,0,17,closed,0.0,1.2499999999999998
-2.86,56,71.426598,16,d19_detour,0,19,closed,0.0,-2.8599999999999977
4.08,42,71.449641,16,d15_direct,0,15,open,1.0,4.080000000000003
-1.32,42,71.472028,16,d19_detour,0,19,closed,0.0,-1.320000000000001
3.42,48,71.497895,16,d17_medium,0,17,closed,0.0,3.4200000000000026
4.08,42,71.520998,16,d15_direct,0,15,open,1.0,4.080000000000003
4.02,43,71.544258,16,d15_direct,0,15,open,1.0,4.020000000000002
-1.8,40,71.565352,16,d19_detour,0,19,closed,0.0,-1.8000000000000005
1.47,3,71.56756,16,d17_medium,0,17,closed,0.5,1.47
3.42,48,71.593675,16,d17_medium,0,17,closed,0.0,3.4200000000000026
4.08,42,71.616704,16,d15_direct,0,15,open,1.0,4.080000000000003
4.08,42,71.639235,16,d15_direct,0,15,open,1.0,4.080000000000003
0.55,55,71.668184,16,d19_detour,0,19,closed,0.0,0.5499999999999989
2.04,46,71.693632,16,d19_detour,0,19,closed,0.0,2.0399999999999996
1.66,44,71.717786,16,d17_medium,0,17,closed,0.0,1.6600000000000017
2.04,46,71.743129,16,d19_detour,0,19,closed,0.0,2.040000000000002
4.02,43,71.766312,16,d15_direct,0,15,open,1.0,4.020000000000002
4.08,42,71.790067,16,d15_direct,0,15,open,1.0,4.080000000000003
1.47,3,71.792247,16,d19_detour,0,19,closed,0.5,1.47
-3.09,9,71.797546,16,d17_medium,0,17,closed,0.0,-3.09
4.02,43,71.820477,16,d15_direct,0,15,open,1.0,4.020000000000002
3.42,48,71.847205,16,d17_medium,0,17,closed,0.0,3.4200000000000026
4.08,42,71.86982,16,d15_direct,0,15,open,1.0,4.080000000000003
4.08,42,71.892353,16,d15_direct,0,15,open,1.0,4.080000000000003
-0.26,26,71.907127,16,d19_detour,0,19,closed,0.0,-0.26000000000000023
1.47,3,71.909348,16,d15_direct,0,15,open,0.5,1.47
1.25,35,71.932994,16,d17_medium,0,17,closed,0.0,1.2499999999999998
1.61,39,71.958137,16,d19_detour,0,19,closed,0.0,1.61
1.47,3,71.96034,16,d15_direct,0,15,open,0.5,1.47
2.04,46,71.984876,16,d19_detour,0,19,closed,0.0,2.040000000000002
1.47,3,71.98706,16,d17_medium,0,17,closed,0.5,1.47
3.42,48,72.012926,16,d17_medium,0,17,closed,0.0,3.4200000000000026
4.08,42,72.036141,16,d15_direct,0,15,open,1.0,4.080000000000003
-2.86,56,72.066139,16,d19_detour,0,19,closed,0.0,-2.860000000000001
4.02,43,72.089489,16,d15_direct,0,15,open,1.0,4.020000000000002
1.47,3,72.091681,16,d19_detour,0,19,closed,0.5,1.47
3.42,48,72.11862,16,d17_medium,0,17,closed,0.0,3.4200000000000026
1.47,3,72.120775,16,d17_medium,0,17,closed,0.5,1.47
1.25,35,72.139645,16,d17_medium,0,17,closed,0.0,1.2499999999999998
3.42,48,72.166144,16,d17_medium,0,17,closed,0.0,3.4200000000000026
1.25,35,72.186016,16,d17_medium,0,17,closed,0.0,1.2499999999999998
4.08,42,72.209031,16,d15_direct,0,15,open,1.0,4.080000000000003
1.47,3,72.211274,16,d19_detour,0,19,closed,0.5,1.47
1.47,3,72.21345,16,d15_direct,0,15,open,0.5,1.47
2.09,41,72.235765,16,d19_detour,0,19,closed,0.0,2.09
3.42,48,72.262513,16,d17_medium,0,17,closed,0.0,3.4200000000000026
-0.03,3,72.264722,16,d19_detour,0,19,closed,0.5,-0.030000000000000027
1.25,35,72.28397,16,d17_medium,0,17,closed,0.0,1.2499999999999998
4.08,42,72.307037,16,d15_direct,0,15,open,1.0,4.080000000000003
1.61,39,72.328283,16,d19_detour,0,19,closed,0.0,1.6099999999999997
4.02,43,72.351807,16,d15_direct,0,15,open,1.0,4.020000000000002
3.42,48,72.378092,16,d17_medium,0,17,closed,0.0,3.4200000000000026
4.08,42,72.401112,16,d15_direct,0,15,open,1.0,4.080000000000003
1.69,31,72.418267,16,d15_direct,0,15,open,1.0,1.6899999999999997
3.96,54,72.447908,16,d19_detour,0,19,closed,0.0,3.9600000000000035
1.47,3,72.45008,16,d15_direct,0,15,open,0.5,1.47
4.08,42,72.472649,16,d15_direct,0,15,open,1.0,4.080000000000003
3.96,54,72.725829,16,d19_detour,0,19,closed,0.0,3.9600000000000035
1.47,3,72.728051,16,d19_detour,0,19,closed,0.5,1.47
3.96,54,72.757716,16,d19_detour,0,19,closed,0.0,3.9600000000000035
2.04,46,72.78274,16,d19_detour,0,19,closed,0.0,2.0399999999999996
2.04,46,72.807803,16,d19_detour,0,19,closed,0.0,2.0399999999999996
1.47,3,72.810033,16,d19_detour,0,19,closed,0.5,1.47
2.04,46,72.83561,16,d19_detour,0,19,closed,0.0,2.040000000000002
1.47,3,72.837816,16,d17_medium,0,17,closed,0.5,1.47
1.47,3,72.839999,16,d17_medium,0,17,closed,0.5,1.47
1.26,49,72.866998,16,d17_medium,0,17,closed,0.0,1.2599999999999996
4.02,43,72.890784,16,d15_direct,0,15,open,1.0,4.020000000000002
1.25,35,72.911215,16,d17_medium,0,17,closed,0.0,1.2500000000000002
-3.08,23,72.924137,16,d17_medium,0,17,closed,0.0,-3.08
4.08,42,72.948181,16,d15_direct,0,15,open,1.0,4.080000000000003
4.08,42,72.972117,16,d15_direct,0,15,open,1.0,4.080000000000003
1.25,35,72.992047,16,d17_medium,0,17,closed,0.0,1.2499999999999998
3.42,48,73.018623,16,d17_medium,0,17,closed,0.0,3.4200000000000026
-0.92,22,73.032181,16,d17_medium,0,17,closed,0.0,-0.9200000000000002
-0.03,3,73.034377,16,d19_detour,0,19,closed,0.5,-0.030000000000000027
3.96,54,73.064839,16,d19_detour,0,19,closed,0.0,3.9600000000000035
4.08,42,73.08938,16,d15_direct,0,15,open,1.0,4.080000000000003
1.47,3,73.0916,16,d19_detour,0,19,closed,0.5,1.47
0.55,55,73.122105,16,d19_detour,0,19,closed,0.0,0.5499999999999994
3.42,48,73.149364,16,d17_medium,0,17,closed,0.0,3.4200000000000026
0.11,34,73.167984,16,d19_detour,0,19,closed,0.0,0.10999999999999965
4.08,42,73.19117,16,d15_direct,0,15,open,1.0,4.080000000000003
1.25,35,73.210453,16,d17_medium,0,17,closed,0.0,1.2500000000000002
3.42,48,73.236691,16,d17_medium,0,17,closed,0.0,3.4200000000000026
1.26,49,73.263879,16,d17_medium,0,17,closed,0.0,1.260000000000002
1.47,3,73.26612,16,d15_direct,0,15,open,0.5,1.47
4.08,42,73.289021,16,d15_direct,0,15,open,1.0,4.080000000000003
1.92,43,73.312654,16,d15_direct,0,15,open,1.0,1.9199999999999997
4.08,42,73.336149,16,d15_direct,0,15,open,1.0,4.080000000000003
1.47,3,73.338314,16,d15_direct,0,15,open,0.5,1.47
4.08,42,73.360908,16,d15_direct,0,15,open,1.0,4.080000000000003
4.08,42,73.383882,16,d15_direct,0,15,open,1.0,4.080000000000003
1.47,3,73.386107,16,d17_medium,0,17,closed,0.5,1.47
4.08,42,73.408971,16,d15_direct,0,15,open,1.0,4.080000000000003
1.25,35,73.427805,16,d17_medium,0,17,closed,0.0,1.2500000000000002
-0.92,22,73.439849,16,d17_medium,0,17,closed,0.0,-0.9200000000000002
3.96,54,73.469505,16,d19_detour,0,19,closed,0.0,3.9600000000000035
4.08,42,73.493237,16,d15_direct,0,15,open,1.0,4.080000000000003
-0.92,22,73.505262,16,d17_medium,0,17,closed,0.0,-0.9200000000000002
4.08,42,73.529288,16,d15_direct,0,15,open,1.0,4.080000000000003
1.69,31,73.546197,16,d15_direct,0,15,open,1.0,1.6899999999999997
1.59,41,73.56811,16,d19_detour,0,19,closed,0.0,1.5899999999999996
1.47,3,73.570267,16,d15_direct,0,15,open,0.5,1.47
1.25,35,73.589125,16,d17_medium,0,17,closed,0.0,1.2499999999999998
1.25,35,73.608012,16,d17_medium,0,17,closed,0.0,1.2499999999999998
-2.86,56,73.638306,16,d19_detour,0,19,closed,0.0,-2.8599999999999977
3.96,54,73.667868,16,d19_detour,0,19,closed,0.0,3.9600000000000035
1.25,35,73.6879,16,d17_medium,0,17,closed,0.0,1.2499999999999998
1.25,35,73.706827,16,d17_medium,0,17,closed,0.0,1.2499999999999998
1.47,3,73.709056,16,d15_direct,0,15,open,0.5,1.47
3.42,48,73.735057,16,d17_medium,0,17,closed,0.0,3.4200000000000026
-0.03,3,73.737234,16,d19_detour,0,19,closed,0.5,-0.030000000000000027
1.98,47,73.762749,16,d19_detour,0,19,closed,0.0,1.980000000000001
1.92,43,73.786081,16,d15_direct,0,15,open,1.0,1.9200000000000021
-1.82,42,73.808301,16,d19_detour,0,19,closed,0.0,-1.8200000000000005
1.47,3,73.810489,16,d15_direct,0,15,open,0.5,1.47
3.96,54,73.83989,16,d19_detour,0,19,closed,0.0,3.9600000000000035
4.08,42,74.098493,16,d15_direct,0,15,open,1.0,4.080000000000003
1.75,55,74.128787,16,d19_detour,0,19,closed,0.0,1.7499999999999993
2.09,41,74.15111,16,d19_detour,0,19,closed,0.0,2.09
1.47,3,74.153471,16,d19_detour,0,19,closed,0.5,1.47
4.02,43,74.177219,16,d15_direct,0,15,open,1.0,4.020000000000002
1.47,3,74.179407,16,d19_detour,0,19,closed,0.5,1.47
1.61,39,74.201297,16,d19_detour,0,19,closed,0.0,1.6099999999999997
1.47,3,74.203483,16,d17_medium,0,17,closed,0.5,1.47
1.25,35,74.223087,16,d17_medium,0,17,closed,0.0,1.2499999999999998
1.47,3,74.225352,16,d17_medium,0,17,closed,0.5,1.47
3.96,54,74.255297,16,d19_detour,0,19,closed,0.0,3.9600000000000035
-0.92,22,74.267683,16,d17_medium,0,17,closed,0.0,-0.9200000000000002
4.08,42,74.290808,16,d15_direct,0,15,open,1.0,4.080000000000003
1.47,3,74.293028,16,d19_detour,0,19,closed,0.5,1.47
4.08,42,74.31669,16,d15_direct,0,15,open,1.0,4.080000000000003
1.25,35,74.336141,16,d17_medium,0,17,closed,0.0,1.2499999999999998
3.96,54,74.367091,16,d19_detour,0,19,closed,0.0,3.9600000000000035
1.47,3,74.369268,16,d19_detour,0,19,closed,0.5,1.47
1.47,3,74.371457,16,d19_detour,0,19,closed,0.5,1.47
-3.09,9,74.376944,16,d17_medium,0,17,closed,0.0,-3.09
3.96,54,74.406329,16,d19_detour,0,19,closed,0.0,3.9600000000000035
4.08,42,74.430656,16,d15_direct,0,15,open,1.0,4.080000000000003
1.47,3,74.432905,16,d17_medium,0,17,closed,0.5,1.47
1.26,49,74.460717,16,d17_medium,0,17,closed,0.0,1.260000000000002
-0.31,31,74.477515,16,d19_detour,0,19,closed,0.0,-0.3100000000000003
3.96,54,74.506928,16,d19_detour,0,19,closed,0.0,3.9600000000000035
1.47,3,74.509105,16,d19_detour,0,19,closed,0.5,1.47
3.42,48,74.534929,16,d17_medium,0,17,closed,0.0,3.4200000000000026
-1.37,47,74.561002,16,d19_detour,0,19,closed,0.0,-1.3699999999999968
1.25,35,74.580775,16,d17_medium,0,17,closed,0.0,1.2500000000000002
1.47,3,74.582999,16,d19_detour,0,19,closed,0.5,1.47
1.47,3,74.585192,16,d15_direct,0,15,open,0.5,1.47
3.42,48,74.612037,16,d17_medium,0,17,closed,0.0,3.4200000000000026
-0.91,36,74.632743,16,d17_medium,0,17,closed,0.0,-0.9099999999999999
4.08,42,74.656342,16,d15_direct,0,15,open,1.0,4.080000000000003
3.36,49,74.683892,16,d17_medium,0,17,closed,0.0,3.360000000000003
1.61,39,74.705331,16,d19_detour,0,19,closed,0.0,1.6099999999999997
4.08,42,74.728381,16,d15_direct,0,15,open,1.0,4.080000000000003
1.47,3,74.730551,16,d19_detour,0,19,closed,0.5,1.47
1.47,3,74.732757,16,d15_direct,0,15,open,0.5,1.47
2.09,41,74.755203,16,d19_detour,0,19,closed,0.0,2.09
4.08,42,74.778794,16,d15_direct,0,15,open,1.0,4.080000000000003
3.96,54,74.808319,16,d19_detour,0,19,closed,0.0,3.9600000000000035
1.47,3,74.810962,16,d15_direct,0,15,open,0.5,1.47
-0.92,22,74.823642,16,d17_medium,0,17,closed,0.0,-0.9199999999999997
1.47,3,74.825883,16,d15_direct,0,15,open,0.5,1.47
4.08,42,74.849487,16,d15_direct,0,15,open,1.0,4.080000000000003
4.08,42,74.873372,16,d15_direct,0,15,open,1.0,4.080000000000003
3.9,55,74.903466,16,d19_detour,0,19,closed,0.0,3.900000000000003
1.25,35,74.923351,16,d17_medium,0,17,closed,0.0,1.2499999999999998
1.47,3,74.925545,16,d17_medium,0,17,closed,0.5,1.47
-0.74,24,74.938888,16,d19_detour,0,19,closed,0.0,-0.7399999999999998
4.08,42,74.962042,16,d15_direct,0,15,open,1.0,4.080000000000003
3.9,55,74.992023,16,d19_detour,0,19,closed,0.0,3.900000000000003
4.08,42,75.015132,16,d15_direct,0,15,open,1.0,4.080000000000003
-1.8,40,75.041747,16,d19_detour,0,19,closed,0.0,-1.8000000000000005
4.08,42,75.070721,16,d15_direct,0,15,open,1.0,4.080000000000003
1.47,3,75.072932,16,d19_detour,0,19,closed,0.5,1.47
1.47,3,75.075119,16,d19_detour,0,19,closed,0.5,1.47
1.25,55,75.10551,16,d19_detour,0,19,closed,0.0,1.249999999999999
1.47,3,75.107653,16,d19_detour,0,19,closed,0.5,1.47
1.47,3,75.109811,16,d15_direct,0,15,open,0.5,1.47
1.47,3,75.111952,16,d19_detour,0,19,closed,0.5,1.47
3.96,54,75.140818,16,d19_detour,0,19,closed,0.0,3.9600000000000035
-0.91,36,75.16,16,d17_medium,0,17,closed,0.0,-0.9100000000000004
4.08,42,75.182213,16,d15_direct,0,15,open,1.0,4.080000000000003
3.96,54,75.21238,16,d19_detour,0,19,closed,0.0,3.9600000000000035
1.47,3,75.214575,16,d17_medium,0,17,closed,0.5,1.47
4.08,42,75.237693,16,d15_direct,0,15,open,1.0,4.080000000000003
1.47,3,75.239874,16,d19_detour,0,19,closed,0.5,1.47
2.04,46,75.485703,16,d19_detour,0,19,closed,0.0,2.0399999999999996
4.08,42,75.508352,16,d15_direct,0,15,open,1.0,4.080000000000003
1.61,39,75.529891,16,d19_detour,0,19,closed,0.0,1.6099999999999997
1.47,3,75.532143,16,d17_medium,0,17,closed,0.5,1.47
-0.92,22,75.544499,16,d17_medium,0,17,closed,0.0,-0.9199999999999997
1.49,56,75.574711,16,d19_detour,0,19,closed,0.0,1.490000000000001
1.25,35,75.593551,16,d17_medium,0,17,closed,0.0,1.2499999999999998
1.25,55,75.622547,16,d19_detour,0,19,closed,0.0,1.2499999999999996
1.47,3,75.624756,16,d17_medium,0,17,closed,0.5,1.47
3.96,54,75.653408,16,d19_detour,0,19,closed,0.0,3.9600000000000035
1.47,3,75.655551,16,d15_direct,0,15,open,0.5,1.47
1.47,3,75.657704,16,d17_medium,0,17,closed,0.5,1.47
-0.92,22,75.670164,16,d17_medium,0,17,closed,0.0,-0.9199999999999997
3.42,48,75.696535,16,d17_medium,0,17,closed,0.0,3.4200000000000026
4.08,42,75.719317,16,d15_direct,0,15,open,1.0,4.080000000000003
1.19,36,75.738851,16,d17_medium,0,17,closed,0.0,1.1900000000000002
3.96,54,75.767402,16,d19_detour,0,19,closed,0.0,3.9600000000000035
1.25,35,75.786624,16,d17_medium,0,17,closed,0.0,1.2499999999999998
3.42,48,75.813045,16,d17_medium,0,17,closed,0.0,3.4200000000000026
4.08,42,75.837379,16,d15_direct,0,15,open,1.0,4.080000000000003
1.25,35,75.857316,16,d17_medium,0,17,closed,0.0,1.2499999999999998
1.25,35,75.8771,16,d17_medium,0,17,closed,0.0,1.2499999999999998
3.9,55,75.907254,16,d19_detour,0,19,closed,0.0,3.900000000000003
1.25,35,75.926921,16,d17_medium,0,17,closed,0.0,1.2499999999999998
3.42,48,75.952409,16,d17_medium,0,17,closed,0.0,3.4200000000000026
-0.92,22,75.964575,16,d17_medium,0,17,closed,0.0,-0.9200000000000002
4.08,42,75.987338,16,d15_direct,0,15,open,1.0,4.080000000000003
1.47,3,75.98951,16,d15_direct,0,15,open,0.5,1.47
1.47,3,75.991682,16,d17_medium,0,17,closed,0.5,1.47
1.25,55,76.021003,16,d19_detour,0,19,closed,0.0,1.25
1.47,3,76.023219,16,d19_detour,0,19,closed,0.5,1.47
1.47,3,76.025394,16,d17_medium,0,17,closed,0.5,1.47
4.02,43,76.048672,16,d15_direct,0,15,open,1.0,4.020000000000002
4.08,42,76.071408,16,d15_direct,0,15,open,1.0,4.080000000000003
1.47,3,76.073583,16,d17_medium,0,17,closed,0.5,1.47
4.08,42,76.096679,16,d15_direct,0,15,open,1.0,4.080000000000003
3.9,55,76.126222,16,d19_detour,0,19,closed,0.0,3.900000000000003
3.42,48,76.152197,16,d17_medium,0,17,closed,0.0,3.4200000000000026
1.47,3,76.154391,16,d17_medium,0,17,closed,0.5,1.47
1.65,55,76.184087,16,d19_detour,0,19,closed,0.0,1.6499999999999992
1.47,3,76.186247,16,d17_medium,0,17,closed,0.5,1.47
1.47,3,76.188412,16,d17_medium,0,17,closed,0.5,1.47
4.08,42,76.2117,16,d15_direct,0,15,open,1.0,4.080000000000003
3.96,54,76.240692,16,d19_detour,0,19,closed,0.0,3.9600000000000035
1.47,3,76.242879,16,d17_medium,0,17,closed,0.5,1.47
1.47,3,76.245018,16,d15_direct,0,15,open,0.5,1.47
3.96,54,76.273883,16,d19_detour,0,19,closed,0.0,3.9600000000000035
4.08,42,76.297059,16,d15_direct,0,15,open,1.0,4.080000000000003
3.96,54,76.326107,16,d19_detour,0,19,closed,0.0,3.9600000000000035
-0.92,22,76.338275,16,d17_medium,0,17,closed,0.0,-0.9200000000000002
1.47,3,76.340449,16,d15_direct,0,15,open,0.5,1.47
4.08,42,76.363911,16,d15_direct,0,15,open,1.0,4.080000000000003
3.96,54,76.39284,16,d19_detour,0,19,closed,0.0,3.9600000000000035
1.47,3,76.394999,16,d17_medium,0,17,closed,0.5,1.47
1.47,3,76.397184,16,d15_direct,0,15,open,0.5,1.47
1.47,3,76.399625,16,d19_detour,0,19,closed,0.5,1.47
1.47,3,76.402072,16,d15_direct,0,15,open,0.5,1.47
3.9,55,76.431988,16,d19_detour,0,19,closed,0.0,3.900000000000003
4.08,42,76.454744,16,d15_direct,0,15,open,1.0,4.080000000000003
4.08,42,76.477796,16,d15_direct,0,15,open,1.0,4.080000000000003
3.36,49,76.504153,16,d17_medium,0,17,closed,0.0,3.360000000000002
0.12,38,76.525028,16,d19_detour,0,19,closed,0.0,0.11999999999999966
1.61,39,76.54609,16,d19_detour,0,19,closed,0.0,1.6099999999999997
4.08,42,76.569304,16,d15_direct,0,15,open,1.0,4.080000000000003
1.47,3,76.571458,16,d19_detour,0,19,closed,0.5,1.47
1.47,3,76.573597,16,d15_direct,0,15,open,0.5,1.47
4.08,42,76.81465,16,d15_direct,0,15,open,1.0,4.080000000000003
1.25,35,76.834242,17,d17_medium,0,17,closed,0.0,1.2500000000000002
1.92,48,76.860856,17,final_d17_closed,0,17,closed,0.0,1.9199999999999997
1.31,29,76.877669,17,d17_medium,2,17,closed,0.0,1.3099999999999998
0.1,55,76.906988,17,final_d19_closed,0,19,closed,0.0,0.09999999999999942
4.14,36,76.927881,17,d15_direct,2,15,open,1.0,4.140000000000002
0.25,55,76.95715,17,final_d19_open,0,19,open,1.0,0.24999999999999956
1.92,48,76.982713,17,final_d17_open,0,17,open,1.0,1.9199999999999997
2.58,42,77.005328,17,final_d15_open,0,15,open,1.0,2.5799999999999996
2.58,42,77.028002,17,final_d15_open,0,15,open,1.0,2.5799999999999996
4.14,36,77.048918,17,d15_direct,2,15,open,1.0,4.140000000000002
1.86,49,77.075065,17,final_d17_open,0,17,open,1.0,1.8599999999999997
2.46,54,77.105406,17,final_d19_closed,0,19,closed,0.0,2.4599999999999995
4.14,36,77.125735,17,d15_direct,2,15,open,1.0,4.140000000000002
2.46,54,77.154555,17,final_d19_open,0,19,open,1.0,2.4599999999999995
2.58,42,77.177429,17,final_d15_open,0,15,open,1.0,2.5799999999999996
2.46,54,77.2065,17,final_d19_open,0,19,open,1.0,2.4599999999999995
-0.49,49,77.232788,17,final_d17_open,0,17,open,1.0,-0.49000000000000044
-0.54,49,77.259166,17,final_d17_closed,0,17,closed,0.0,-0.5400000000000009
2.14,46,77.283545,17,final_d17_open,0,17,open,1.0,2.1399999999999997
4.14,36,77.304183,17,d15_direct,2,15,open,1.0,4.140000000000002
-5.1,45,77.328621,17,final_d15_closed,0,15,closed,0.0,-5.1
-5.1,45,77.352878,17,final_d15_closed,0,15,closed,0.0,-5.1
2.46,54,77.381611,17,final_d19_closed,0,19,closed,0.0,2.4599999999999995
2.46,54,77.410747,17,final_d19_closed,0,19,closed,0.0,2.4599999999999995
2.58,42,77.433045,17,final_d15_open,0,15,open,1.0,2.5799999999999996
1.92,48,77.45866,17,final_d17_closed,0,17,closed,0.0,1.9199999999999997
4.08,37,77.479636,17,d15_direct,2,15,open,1.0,4.080000000000002
0.23,27,77.494874,17,d19_detour,2,19,closed,0.0,0.22999999999999976
-0.49,49,77.52201,17,final_d17_closed,0,17,closed,0.0,-0.4899999999999993
-5.1,45,77.546508,17,final_d15_closed,0,15,closed,0.0,-5.1
0.11,49,77.572898,17,final_d17_closed,0,17,closed,0.0,0.10999999999999965
-5.1,45,77.597475,17,final_d15_closed,0,15,closed,0.0,-5.1
-5.1,45,77.622384,17,final_d15_closed,0,15,closed,0.0,-5.1
2.52,43,77.645621,17,final_d15_open,0,15,open,1.0,2.5199999999999996
-5.1,45,77.670477,17,final_d15_closed,0,15,closed,0.0,-5.1
2.28,52,77.699211,17,final_d19_closed,0,19,closed,0.0,2.2799999999999994
0.1,55,77.729532,17,final_d19_open,0,19,open,1.0,0.0999999999999992
1.92,48,77.756262,17,final_d17_closed,0,17,closed,0.0,1.9199999999999997
-5.1,45,77.781153,17,final_d15_closed,0,15,closed,0.0,-5.1
0.11,49,77.808411,17,final_d17_open,0,17,open,1.0,0.10999999999999988
-5.1,45,77.832522,17,final_d15_closed,0,15,closed,0.0,-5.1
2.46,54,77.86084,17,final_d19_open,0,19,open,1.0,2.4599999999999995
2.46,54,77.889242,17,final_d19_closed,0,19,closed,0.0,2.4599999999999995
-5.1,45,77.913165,17,final_d15_closed,0,15,closed,0.0,-5.1
2.28,52,78.155078,17,final_d19_closed,0,19,closed,0.0,2.2799999999999994
-2.8,50,78.181722,17,final_d17_open,0,17,open,1.0,-2.8000000000000007
2.14,46,78.206759,17,final_d17_open,0,17,open,1.0,2.1399999999999997
-3.11,31,78.224782,17,d17_medium,2,17,closed,0.0,-3.1100000000000003
-0.24,49,78.251132,17,final_d17_open,0,17,open,1.0,-0.24000000000000044
-5.1,45,78.275772,17,final_d15_closed,0,15,closed,0.0,-5.1
0.45,55,78.305757,17,final_d19_closed,0,19,closed,0.0,0.4499999999999996
-2.31,56,78.335576,17,final_d19_open,0,19,open,1.0,-2.310000000000001
-0.3,55,78.365852,17,final_d19_open,0,19,open,1.0,-0.3000000000000005
-5.01,51,78.39361,17,final_d17_closed,0,17,closed,0.0,-5.010000000000001
-4.75,45,78.41834,17,final_d15_closed,0,15,closed,0.0,-4.75
0.25,55,78.448165,17,final_d19_open,0,19,open,1.0,0.24999999999999956
-5.1,45,78.472841,17,final_d15_closed,0,15,closed,0.0,-5.1
-2.84,54,78.501628,17,final_d19_closed,0,19,closed,0.0,-2.839999999999998
-0.55,50,78.529061,17,final_d17_open,0,17,open,1.0,-0.5500000000000009
-5.05,45,78.553917,17,final_d15_closed,0,15,closed,0.0,-5.050000000000001
-2.04,44,78.577974,17,final_d15_open,0,15,open,1.0,-2.0399999999999974
0.47,43,78.601447,17,final_d15_open,0,15,open,1.0,0.46999999999999964
4.14,36,78.622016,17,d15_direct,2,15,open,1.0,4.140000000000002
-4.51,51,78.649855,17,final_d17_closed,0,17,closed,0.0,-4.509999999999997
-4.26,51,78.678213,17,final_d17_closed,0,17,closed,0.0,-4.26
-0.54,49,78.70526,17,final_d17_closed,0,17,closed,0.0,-0.5400000000000009
-5.0,45,78.729203,17,final_d15_closed,0,15,closed,0.0,-5.0
-0.13,53,78.757291,17,final_d19_open,0,19,open,1.0,-0.13000000000000078
-4.81,51,78.784978,17,final_d17_closed,0,17,closed,0.0,-4.809999999999998
0.32,43,78.807841,17,final_d15_open,0,15,open,1.0,0.3199999999999996
2.22,53,78.836389,17,final_d19_open,0,19,open,1.0,2.2199999999999998
-5.12,57,78.866309,17,final_d19_closed,0,19,closed,0.0,-5.119999999999999
-0.1,55,78.895197,17,final_d19_open,0,19,open,1.0,-0.10000000000000053
-2.29,54,78.923453,17,final_d19_open,0,19,open,1.0,-2.2899999999999974
-1.94,44,78.946808,17,final_d15_open,0,15,open,1.0,-1.939999999999998
-2.81,56,78.976197,17,final_d19_open,0,19,open,1.0,-2.8100000000000014
-4.96,51,79.003824,17,final_d17_closed,0,17,closed,0.0,-4.959999999999999
0.05,50,79.030333,17,final_d17_closed,0,17,closed,0.0,0.04999999999999982
-0.2,20,79.042357,17,d19_detour,2,19,closed,0.0,-0.20000000000000018
-2.7,50,79.068862,17,final_d17_open,0,17,open,1.0,-2.7000000000000006
-0.7,30,79.086388,17,d17_medium,2,17,closed,0.0,-0.7000000000000002
-0.54,49,79.112577,17,final_d17_closed,0,17,closed,0.0,-0.5400000000000003
2.58,42,79.135567,17,final_d15_open,0,15,open,1.0,2.5799999999999996
-4.75,45,79.159755,17,final_d15_closed,0,15,closed,0.0,-4.75
-0.52,57,79.18995,17,final_d19_open,0,19,open,1.0,-0.5199999999999971
-5.0,45,79.214568,17,final_d15_closed,0,15,closed,0.0,-5.0
-2.51,56,79.24477,17,final_d19_open,0,19,open,1.0,-2.509999999999997
-4.27,57,79.494137,17,final_d19_closed,0,19,closed,0.0,-4.269999999999998
-2.81,56,79.523619,17,final_d19_open,0,19,open,1.0,-2.809999999999997
-3.03,3,79.526437,17,d19_detour,2,19,closed,0.5,-3.0300000000000002
2.52,43,79.549429,17,final_d15_open,0,15,open,1.0,2.5199999999999996
1.61,34,79.568667,17,d19_detour,2,19,closed,0.0,1.6099999999999997
0.57,43,79.591795,17,final_d15_open,0,15,open,1.0,0.5699999999999996
-4.96,51,79.619292,17,final_d17_open,0,17,open,1.0,-4.96
2.58,42,79.642841,17,final_d15_open,0,15,open,1.0,2.5799999999999996
-3.15,50,79.66978,17,final_d17_closed,0,17,closed,0.0,-3.1499999999999977
1.67,33,79.688617,17,d19_detour,2,19,closed,0.0,1.6699999999999997
-1.87,57,79.719777,17,final_d19_open,0,19,open,1.0,-1.8700000000000006
-5.46,51,79.748122,17,final_d17_closed,0,17,closed,0.0,-5.459999999999997
-2.1,50,79.775345,17,final_d17_closed,0,17,closed,0.0,-2.1000000000000005
2.46,44,79.799556,17,final_d15_open,0,15,open,1.0,2.4599999999999995
-2.28,48,79.825632,17,final_d17_open,0,17,open,1.0,-2.2800000000000007
2.46,54,79.855757,17,final_d19_open,0,19,open,1.0,2.4599999999999995
2.08,47,79.882103,17,final_d17_open,0,17,open,1.0,2.0799999999999996
0.42,43,79.905448,17,final_d15_open,0,15,open,1.0,0.4199999999999995
-0.36,26,79.92105,17,d15_direct,2,15,open,1.0,-0.3600000000000003
-5.05,45,79.945532,17,final_d15_closed,0,15,closed,0.0,-5.050000000000001
2.46,54,79.974434,17,final_d19_closed,0,19,closed,0.0,2.4599999999999995
-2.5,50,80.002664,17,final_d17_closed,0,17,closed,0.0,-2.4999999999999973
-1.61,56,80.032127,17,final_d19_closed,0,19,closed,0.0,-1.6100000000000003
1.31,29,80.048759,17,d17_medium,2,17,closed,0.0,1.3099999999999998
-0.15,50,80.075091,17,final_d17_closed,0,17,closed,0.0,-0.15000000000000036
-0.4,55,80.105865,17,final_d19_open,0,19,open,1.0,-0.40000000000000036
0.57,43,80.129165,17,final_d15_open,0,15,open,1.0,0.5699999999999997
1.92,48,80.155335,17,final_d17_open,0,17,open,1.0,1.9199999999999997
-1.84,44,80.179722,17,final_d15_open,0,15,open,1.0,-1.8400000000000005
-0.45,50,80.207292,17,final_d17_open,0,17,open,1.0,-0.4500000000000006
2.14,46,80.233157,17,final_d17_open,0,17,open,1.0,2.1399999999999997
2.14,46,80.258042,17,final_d17_open,0,17,open,1.0,2.1399999999999997
-0.4,50,80.286036,17,final_d17_open,0,17,open,1.0,-0.3999999999999999
-4.8,45,80.310335,17,final_d15_closed,0,15,closed,0.0,-4.799999999999999
0.45,55,80.340785,17,final_d19_open,0,19,open,1.0,0.44999999999999973
-2.76,56,80.370205,17,final_d19_open,0,19,open,1.0,-2.759999999999997
-0.9,50,80.398013,17,d19_detour,2,19,closed,0.0,-0.900000000000001
2.26,54,80.427512,17,final_d19_closed,0,19,closed,0.0,2.26
-5.1,45,80.453055,17,final_d15_closed,0,15,closed,0.0,-5.1
-2.25,50,80.480933,17,final_d17_closed,0,17,closed,0.0,-2.2499999999999973
-4.66,51,80.508009,17,final_d17_closed,0,17,closed,0.0,-4.66
-4.9,45,80.532541,17,final_d15_closed,0,15,closed,0.0,-4.9
-1.76,51,80.56068,17,final_d17_closed,0,17,closed,0.0,-1.7600000000000002
-4.8,45,80.585179,17,final_d15_closed,0,15,closed,0.0,-4.800000000000001
2.58,42,80.823769,17,final_d15_open,0,15,open,1.0,2.5799999999999996
-5.1,45,80.848495,17,final_d15_closed,0,15,closed,0.0,-5.1
-5.1,45,80.873106,17,final_d15_closed,0,15,closed,0.0,-5.1
2.14,46,80.897607,17,final_d17_open,0,17,open,1.0,2.1399999999999997
-3.49,54,80.925915,17,final_d19_closed,0,19,closed,0.0,-3.4899999999999984
-5.1,45,80.951057,17,final_d15_closed,0,15,closed,0.0,-5.1
-0.34,49,80.977146,17,final_d17_open,0,17,open,1.0,-0.3400000000000003
-0.14,49,81.00338,17,final_d17_open,0,17,open,1.0,-0.14000000000000012
0.06,49,81.029283,17,final_d17_closed,0,17,closed,0.0,0.05999999999999961
-3.12,57,81.058838,17,final_d19_closed,0,19,closed,0.0,-3.120000000000001
-0.34,49,81.086333,17,final_d17_open,0,17,open,1.0,-0.34000000000000075
-5.05,45,81.110427,17,final_d15_closed,0,15,closed,0.0,-5.050000000000001
2.22,53,81.139263,17,final_d19_open,0,19,open,1.0,2.2199999999999998
-0.2,55,81.167771,17,final_d19_open,0,19,open,1.0,-0.20000000000000107
-5.1,45,81.191823,17,final_d15_closed,0,15,closed,0.0,-5.1
0.21,44,81.215741,17,final_d15_open,0,15,open,1.0,0.20999999999999952
-0.34,49,81.242157,17,final_d17_closed,0,17,closed,0.0,-0.3400000000000003
-2.86,56,81.273196,17,final_d19_open,0,19,open,1.0,-2.8599999999999968
2.28,52,81.301797,17,final_d19_closed,0,19,closed,0.0,2.2799999999999994
2.58,42,81.323931,17,final_d15_open,0,15,open,1.0,2.5799999999999996
0.5,45,81.347767,17,final_d17_open,0,17,open,1.0,0.4999999999999998
-2.05,45,81.372699,17,final_d15_open,0,15,open,1.0,-2.049999999999998
-0.21,56,81.402436,17,final_d19_closed,0,19,closed,0.0,-0.2100000000000004
1.92,48,81.428287,17,final_d17_closed,0,17,closed,0.0,1.9199999999999997
-0.49,49,81.45373,17,final_d17_closed,0,17,closed,0.0,-0.49000000000000044
-6.02,57,81.48389,17,final_d19_closed,0,19,closed,0.5,-6.019999999999994
-0.15,50,81.511298,17,final_d17_open,0,17,open,1.0,-0.15000000000000036
-3.22,57,81.544205,17,final_d19_closed,0,19,closed,0.0,-3.219999999999998
1.8,50,81.570833,17,final_d17_closed,0,17,closed,0.0,1.7999999999999996
2.58,42,81.594114,17,final_d15_open,0,15,open,1.0,2.5799999999999996
-5.1,45,81.618878,17,final_d15_closed,0,15,closed,0.0,-5.1
-0.49,49,81.646869,17,final_d17_open,0,17,open,1.0,-0.4900000000000009
-4.75,45,81.673973,17,final_d15_closed,0,15,closed,0.0,-4.749999999999998
2.14,46,81.700076,17,final_d17_open,0,17,open,1.0,2.1399999999999997
-0.45,55,81.728536,17,final_d19_closed,0,19,closed,0.0,-0.4500000000000013
0.17,43,81.751319,17,final_d15_open,0,15,open,1.0,0.1699999999999997
-0.38,38,81.774115,17,d15_direct,2,15,open,1.0,-0.3800000000000008
-5.1,45,81.799863,17,final_d15_closed,0,15,closed,0.0,-5.1
-5.1,45,81.824082,17,final_d15_closed,0,15,closed,0.0,-5.1
-0.32,57,81.858971,17,final_d19_open,0,19,open,1.0,-0.3200000000000005
-0.15,55,81.887732,17,final_d19_closed,0,19,closed,0.0,-0.15000000000000058
0.22,43,81.911224,17,final_d15_open,0,15,open,1.0,0.2199999999999993
1.55,35,82.160524,17,d19_detour,2,19,closed,0.0,1.5499999999999996
-4.8,45,82.186353,17,final_d15_closed,0,15,closed,0.0,-4.800000000000001
-2.07,7,82.191276,17,d19_detour,2,19,closed,0.5,-2.0700000000000003
2.2,55,82.22099,17,final_d19_closed,0,19,closed,0.0,2.1999999999999993
-4.8,45,82.24576,17,final_d15_closed,0,15,closed,0.0,-4.800000000000001
2.14,46,82.270678,17,final_d17_open,0,17,open,1.0,2.1399999999999997
0.05,50,82.297897,17,final_d17_closed,0,17,closed,0.0,0.0499999999999996
-0.83,53,82.325529,17,final_d19_open,0,19,open,1.0,-0.830000000000001
-2.85,50,82.351538,17,final_d17_closed,0,17,closed,0.0,-2.850000000000001
-0.2,55,82.380522,17,final_d19_open,0,19,open,1.0,-0.20000000000000062
-0.19,49,82.406601,17,final_d17_open,0,17,open,1.0,-0.1900000000000004
-1.96,56,82.436517,17,final_d19_open,0,19,open,1.0,-1.9599999999999966
-3.11,56,82.465678,17,final_d19_closed,0,19,closed,0.0,-3.110000000000001
2.2,55,82.495657,17,final_d19_closed,0,19,closed,0.0,2.1999999999999993
-5.1,45,82.520944,17,final_d15_closed,0,15,closed,0.0,-5.1
-1.96,56,82.551075,17,final_d19_open,0,19,open,1.0,-1.9600000000000004
0.57,43,82.573904,17,final_d15_open,0,15,open,1.0,0.5699999999999997
-4.7,45,82.597604,17,final_d15_closed,0,15,closed,0.0,-4.699999999999999
1.25,30,82.615111,17,d17_medium,2,17,closed,0.0,1.2499999999999998
-0.49,49,82.641074,17,final_d17_open,0,17,open,1.0,-0.49000000000000044
0.27,43,82.663915,17,final_d15_open,0,15,open,1.0,0.2699999999999996
1.86,49,82.689888,17,final_d17_closed,0,17,closed,0.0,1.8599999999999997
0.07,53,82.718685,17,final_d19_closed,0,19,closed,0.0,0.06999999999999962
-1.86,56,82.748621,17,final_d19_open,0,19,open,1.0,-1.8600000000000003
-5.0,45,82.773259,17,final_d15_closed,0,15,closed,0.0,-5.0
-1.99,44,82.79711,17,final_d15_open,0,15,open,1.0,-1.9900000000000004
0.31,44,82.820102,17,final_d15_open,0,15,open,1.0,0.3099999999999996
2.1,50,82.846057,17,final_d19_open,0,19,open,1.0,2.0999999999999996
-4.86,51,82.872391,17,final_d17_closed,0,17,closed,0.0,-4.860000000000001
-0.14,44,82.895316,17,final_d15_open,0,15,open,1.0,-0.140000000000001
-4.9,45,82.918775,17,final_d15_closed,0,15,closed,0.0,-4.9
-3.91,51,82.945604,17,final_d17_open,0,17,open,1.0,-3.9099999999999984
0.07,53,82.974199,17,final_d19_open,0,19,open,1.0,0.06999999999999962
-2.91,56,83.003945,17,final_d19_closed,0,19,closed,0.0,-2.91
-4.45,45,83.027676,17,final_d15_closed,0,15,closed,0.0,-4.449999999999997
-4.6,45,83.058547,17,final_d15_closed,0,15,closed,0.0,-4.599999999999998
2.28,52,83.089368,17,final_d19_open,0,19,open,1.0,2.2799999999999994
1.92,48,83.118873,17,final_d17_open,0,17,open,1.0,1.9199999999999997
-5.1,45,83.14524,17,final_d15_closed,0,15,closed,0.0,-5.1
4.02,38,83.166675,17,d15_direct,2,15,open,1.0,4.020000000000001
0.27,43,83.18985,17,final_d15_open,0,15,open,1.0,0.2699999999999996
2.46,54,83.219308,17,final_d19_open,0,19,open,1.0,2.4599999999999995
-0.63,53,83.247747,17,final_d19_open,0,19,open,1.0,-0.6299999999999972
2.06,54,83.500783,17,final_d19_open,0,19,open,1.0,2.0599999999999996
-0.15,50,83.526836,17,final_d17_open,0,17,open,1.0,-0.15000000000000036
2.26,54,83.555053,17,final_d19_open,0,19,open,1.0,2.26
0.1,55,83.584091,17,final_d19_open,0,19,open,1.0,0.09999999999999942
-0.27,47,83.609269,17,final_d17_open,0,17,open,1.0,-0.27000000000000046
1.86,49,83.6349,17,final_d17_open,0,17,open,1.0,1.8599999999999997
1.92,48,83.660072,17,final_d17_closed,0,17,closed,0.0,1.9199999999999997
-0.24,49,83.68588,17,final_d17_closed,0,17,closed,0.0,-0.24000000000000044
-0.69,49,83.711933,17,final_d17_open,0,17,open,1.0,-0.6900000000000004
-0.62,27,83.727522,17,d15_direct,2,15,open,1.0,-0.6200000000000006
-4.8,45,83.75237,17,final_d15_closed,0,15,closed,0.0,-4.800000000000001
2.08,52,83.780549,17,final_d19_closed,0,19,closed,0.0,2.0799999999999996
0.12,43,83.803451,17,final_d15_open,0,15,open,1.0,0.11999999999999955
-2.55,50,83.830559,17,final_d17_closed,0,17,closed,0.0,-2.5499999999999963
2.58,42,83.852665,17,final_d15_open,0,15,open,1.0,2.5799999999999996
0.32,43,83.875677,17,final_d15_open,0,15,open,1.0,0.3199999999999996
-0.54,49,83.902534,17,final_d17_closed,0,17,closed,0.0,-0.5400000000000003
-5.1,45,83.929437,17,final_d15_closed,0,15,closed,0.0,-5.1
2.52,43,83.955642,17,final_d15_open,0,15,open,1.0,2.5199999999999996
-2.6,50,83.982093,17,final_d17_closed,0,17,closed,0.0,-2.6000000000000005
-0.14,49,84.008732,17,final_d17_open,0,17,open,1.0,-0.14000000000000057
2.06,54,84.037351,17,final_d19_open,0,19,open,1.0,2.0599999999999996
-5.1,45,84.06208,17,final_d15_closed,0,15,closed,0.0,-5.1
-0.1,55,84.092163,17,final_d19_open,0,19,open,1.0,-0.10000000000000031
2.14,46,84.116732,17,final_d17_open,0,17,open,1.0,2.1399999999999997
-4.8,45,84.141505,17,final_d15_closed,0,15,closed,0.0,-4.799999999999998
2.22,53,84.169787,17,final_d19_open,0,19,open,1.0,2.2199999999999998
2.26,54,84.198367,17,final_d19_open,0,19,open,1.0,2.26
1.92,48,84.225013,17,final_d17_open,0,17,open,1.0,1.9199999999999997
2.2,55,84.254717,17,final_d19_open,0,19,open,1.0,2.1999999999999997
-5.1,45,84.278921,17,final_d15_closed,0,15,closed,0.0,-5.1
1.92,48,84.30454,17,final_d17_closed,0,17,closed,0.0,1.9199999999999997
0.06,44,84.328972,17,final_d15_open,0,15,open,1.0,0.059999999999999165
2.28,52,84.357927,17,final_d19_open,0,19,open,1.0,2.2799999999999994
-0.08,53,84.387906,17,final_d19_open,0,19,open,1.0,-0.08000000000000074
1.86,49,84.414507,17,final_d17_closed,0,17,closed,0.0,1.8599999999999997
2.26,54,84.443413,17,final_d19_closed,0,19,closed,0.0,2.26
-0.21,51,84.470551,17,final_d19_open,0,19,open,1.0,-0.2100000000000002
1.83,37,84.4914,17,d15_direct,2,15,open,1.0,1.830000000000001
-0.26,21,84.503692,17,d19_detour,2,19,closed,0.0,-0.26000000000000023
1.67,33,84.522404,17,d19_detour,2,19,closed,0.0,1.6699999999999997
-0.78,53,84.5505,17,final_d19_closed,0,19,closed,0.0,-0.7799999999999976
0.06,49,84.576728,17,final_d17_open,0,17,open,1.0,0.05999999999999961
2.06,54,84.606139,17,final_d19_closed,0,19,closed,0.0,2.0599999999999996
0.31,44,84.85266,17,final_d15_open,0,15,open,1.0,0.3099999999999996
2.1,50,84.879338,17,final_d19_open,0,19,open,1.0,2.0999999999999996
-3.02,57,84.910014,17,final_d19_open,0,19,open,1.0,-3.02
-5.05,45,84.934235,17,final_d15_closed,0,15,closed,0.0,-5.050000000000001
1.92,48,84.959926,17,final_d17_closed,0,17,closed,0.0,1.9199999999999997
-5.1,45,84.984471,17,final_d15_closed,0,15,closed,0.0,-5.1
1.86,54,85.01308,17,final_d19_open,0,19,open,1.0,1.8599999999999997
2.46,54,85.041728,17,final_d19_open,0,19,open,1.0,2.4599999999999995
-0.64,34,85.061304,17,d19_detour,2,19,closed,0.0,-0.6400000000000006
0.37,43,85.085002,17,final_d15_open,0,15,open,1.0,0.36999999999999966
1.92,48,85.111156,17,final_d17_closed,0,17,closed,0.0,1.9199999999999997
-0.4,55,85.140437,17,final_d19_open,0,19,open,1.0,-0.400000000000001
2.58,42,85.163353,17,final_d15_open,0,15,open,1.0,2.5799999999999996
-0.19,54,85.192433,17,final_d19_open,0,19,open,1.0,-0.1900000000000006
-0.54,49,85.219075,17,final_d17_closed,0,17,closed,0.0,-0.5400000000000009
2.1,50,85.246512,17,final_d19_closed,0,19,closed,0.0,2.0999999999999996
2.14,46,85.271643,17,final_d17_open,0,17,open,1.0,2.1399999999999997
1.92,48,85.296834,17,final_d17_open,0,17,open,1.0,1.9199999999999997
-0.69,49,85.32279,17,final_d17_open,0,17,open,1.0,-0.6900000000000004
-3.0,50,85.349929,17,final_d17_closed,0,17,closed,0.0,-2.9999999999999982
2.58,42,85.37345,17,final_d15_open,0,15,open,1.0,2.5799999999999996
3.42,43,85.3974,17,d17_medium,2,17,closed,0.0,3.4200000000000026
-1.96,56,85.427276,17,final_d19_closed,0,19,closed,0.0,-1.9600000000000004
-5.1,45,85.450911,17,final_d15_closed,0,15,closed,0.0,-5.1
-4.8,45,85.474467,17,final_d15_closed,0,15,closed,0.0,-4.799999999999998
-2.51,56,85.503031,17,final_d19_closed,0,19,closed,0.0,-2.510000000000001
-0.0,55,85.53129,17,final_d19_closed,0,19,closed,0.0,-4.440892098500626e-16
1.92,48,85.556286,17,final_d17_closed,0,17,closed,0.0,1.9199999999999997
-4.75,45,85.580117,17,final_d15_closed,0,15,closed,0.0,-4.749999999999998
-0.25,55,85.608201,17,final_d19_closed,0,19,closed,0.0,-0.2500000000000009
-5.1,45,85.632462,17,final_d15_closed,0,15,closed,0.0,-5.1
2.58,42,85.654454,17,final_d15_open,0,15,open,1.0,2.5799999999999996
1.31,29,85.671443,17,d17_medium,2,17,closed,0.0,1.3099999999999998
4.14,36,85.691094,17,d15_direct,2,15,open,1.0,4.140000000000002
-0.49,49,85.716702,17,final_d17_open,0,17,open,1.0,-0.4899999999999993
-5.0,45,85.740613,17,final_d15_closed,0,15,closed,0.0,-5.0
-0.24,49,85.766369,17,final_d17_open,0,17,open,1.0,-0.24000000000000044
-0.49,49,85.791698,17,final_d17_closed,0,17,closed,0.0,-0.4899999999999993
-2.74,54,85.821572,17,final_d19_open,0,19,open,1.0,-2.739999999999994
-0.31,56,85.85194,17,final_d19_open,0,19,open,1.0,-0.3100000000000005
2.06,49,85.878903,17,final_d17_open,0,17,open,1.0,2.0599999999999996
-0.55,55,85.908732,17,final_d19_closed,0,19,closed,0.0,-0.5499999999999994
1.86,49,86.148688,17,final_d17_open,0,17,open,1.0,1.8599999999999997
0.31,44,86.172946,17,final_d15_open,0,15,open,1.0,0.30999999999999983
-5.1,45,86.196903,17,final_d15_closed,0,15,closed,0.0,-5.1
-5.1,45,86.221286,17,final_d15_closed,0,15,closed,0.0,-5.1
-5.1,45,86.245521,17,final_d15_closed,0,15,closed,0.0,-5.1
1.92,48,86.272303,17,final_d17_open,0,17,open,1.0,1.9199999999999997
-4.35,45,86.296426,17,final_d15_open,0,15,open,1.0,-4.349999999999998
1.92,48,86.322158,17,final_d17_open,0,17,open,1.0,1.9199999999999997
2.14,46,86.347384,17,final_d17_open,0,17,open,1.0,2.1399999999999997
2.58,42,86.370008,17,final_d15_open,0,15,open,1.0,2.5799999999999996
-5.05,45,86.394851,17,final_d15_closed,0,15,closed,0.0,-5.050000000000001
-2.03,48,86.420364,17,final_d17_open,0,17,open,1.0,-2.0300000000000002
-2.76,56,86.450159,17,final_d19_closed,0,19,closed,0.0,-2.759999999999997
-2.09,44,86.473564,17,final_d15_open,0,15,open,1.0,-2.089999999999998
2.2,55,86.503305,17,final_d19_closed,0,19,closed,0.0,2.1999999999999993
2.58,42,86.527224,17,final_d15_open,0,15,open,1.0,2.5799999999999996
2.1,50,86.555147,17,final_d19_closed,0,19,closed,0.0,2.0999999999999996
-2.99,19,86.566766,17,d19_detour,2,19,closed,0.0,-2.99
1.92,48,86.592542,17,final_d17_closed,0,17,closed,0.0,1.9199999999999997
2.13,37,86.613803,17,d15_direct,2,15,open,1.0,2.13
4.02,38,86.635083,17,d15_direct,2,15,open,1.0,4.020000000000002
2.26,54,86.664801,17,final_d19_closed,0,19,closed,0.0,2.26
1.86,49,86.691218,17,final_d17_closed,0,17,closed,0.0,1.8599999999999997
2.52,43,86.715265,17,final_d15_open,0,15,open,1.0,2.5199999999999996
3.42,43,86.739373,17,d17_medium,2,17,closed,0.0,3.4200000000000017
1.92,48,86.765696,17,final_d17_closed,0,17,closed,0.0,1.9199999999999997
1.86,49,86.792818,17,final_d17_open,0,17,open,1.0,1.8599999999999997
-0.4,55,86.823074,17,final_d19_closed,0,19,closed,0.0,-0.400000000000001
2.06,54,86.863316,17,final_d19_open,0,19,open,1.0,2.0599999999999996
1.92,48,86.888718,17,final_d17_closed,0,17,closed,0.0,1.9199999999999997
3.48,42,86.914222,17,d17_medium,2,17,closed,0.0,3.480000000000002
-4.75,45,86.938748,17,final_d15_closed,0,15,closed,0.0,-4.75
-0.49,49,86.965832,17,final_d17_closed,0,17,closed,0.0,-0.4900000000000009
1.42,43,86.990224,17,d17_medium,2,17,closed,0.0,1.4199999999999997
2.06,54,87.019481,17,final_d19_closed,0,19,closed,0.0,2.0599999999999996
-0.21,56,87.050233,17,final_d19_closed,0,19,closed,0.0,-0.21000000000000063
2.28,52,87.078247,17,final_d19_open,0,19,open,1.0,2.2799999999999994
-4.75,45,87.102378,17,final_d15_closed,0,15,closed,0.0,-4.75
2.4,55,87.131196,17,final_d19_open,0,19,open,1.0,2.3999999999999995
-5.1,45,87.15511,17,final_d15_closed,0,15,closed,0.0,-5.1
1.92,48,87.180645,17,final_d17_open,0,17,open,1.0,1.9199999999999997
-0.25,25,87.194721,17,d19_detour,2,19,closed,0.0,-0.2500000000000002
-2.14,44,87.219928,17,final_d15_open,0,15,open,1.0,-2.139999999999997
-4.5,45,87.24641,17,final_d15_closed,0,15,closed,0.0,-4.499999999999998
2.26,54,87.27592,17,final_d19_open,0,19,open,1.0,2.26
-3.24,19,87.514061,17,d19_detour,2,19,closed,0.0,-3.2400000000000007
0.01,44,87.53824,17,final_d15_open,0,15,open,1.0,0.00999999999999912
-5.1,45,87.563168,17,final_d15_closed,0,15,closed,0.0,-5.1
2.58,42,87.586091,17,final_d15_open,0,15,open,1.0,2.5799999999999996
2.06,54,87.615466,17,final_d19_closed,0,19,closed,0.0,2.0599999999999996
2.26,54,87.64569,17,final_d19_open,0,19,open,1.0,2.26
-0.2,20,87.657317,17,d19_detour,2,19,closed,0.0,-0.20000000000000018
2.08,52,87.68615,17,final_d19_open,0,19,open,1.0,2.0799999999999996
1.8,50,87.714107,17,final_d17_closed,0,17,closed,0.0,1.7999999999999996
3.42,43,87.738262,17,d17_medium,2,17,closed,0.0,3.4200000000000026
1.92,48,87.765308,17,final_d17_closed,0,17,closed,0.0,1.9199999999999997
2.58,42,87.789494,17,final_d15_open,0,15,open,1.0,2.5799999999999996
-1.94,54,87.822051,17,final_d19_closed,0,19,closed,0.0,-1.9400000000000006
2.14,46,87.84625,17,final_d17_open,0,17,open,1.0,2.1399999999999997
3.48,42,87.870227,17,d17_medium,2,17,closed,0.0,3.480000000000002
-0.68,18,87.881227,17,d19_detour,2,19,closed,0.0,-0.6800000000000002
2.52,43,87.903856,17,final_d15_open,0,15,open,1.0,2.5199999999999996
-0.19,49,87.931298,17,final_d17_open,0,17,open,1.0,-0.1900000000000004
-0.55,50,87.957196,17,final_d17_closed,0,17,closed,0.0,-0.5499999999999994
-0.44,49,87.982524,17,final_d17_closed,0,17,closed,0.0,-0.44000000000000083
2.28,52,88.009396,17,final_d19_open,0,19,open,1.0,2.2799999999999994
-0.14,49,88.034817,17,final_d17_open,0,17,open,1.0,-0.14000000000000035
2.22,53,88.061841,17,final_d19_open,0,19,open,1.0,2.2199999999999998
-0.09,54,88.089494,17,final_d19_closed,0,19,closed,0.0,-0.09000000000000052
-4.75,45,88.113055,17,final_d15_closed,0,15,closed,0.0,-4.75
-0.19,49,88.138777,17,final_d17_closed,0,17,closed,0.0,-0.1900000000000004
-5.11,51,88.165166,17,final_d17_closed,0,17,closed,0.0,-5.110000000000001
2.46,54,88.192662,17,final_d19_open,0,19,open,1.0,2.4599999999999995
1.32,43,88.215759,17,d17_medium,2,17,closed,0.0,1.3199999999999996
1.31,44,88.240188,17,d17_medium,2,17,closed,0.0,1.310000000000002
-2.65,50,88.265698,17,final_d17_open,0,17,open,1.0,-2.650000000000001
-0.08,53,88.293789,17,final_d19_closed,0,19,closed,0.0,-0.08000000000000052
-2.35,50,88.320072,17,final_d17_open,0,17,open,1.0,-2.349999999999997
-5.1,45,88.343629,17,final_d15_closed,0,15,closed,0.0,-5.1
-0.24,49,88.368912,17,final_d17_open,0,17,open,1.0,-0.24000000000000044
0.37,43,88.391218,17,final_d15_open,0,15,open,1.0,0.36999999999999966
-2.35,50,88.417519,17,final_d17_closed,0,17,closed,0.0,-2.350000000000001
1.92,48,88.442469,17,final_d17_open,0,17,open,1.0,1.9199999999999997
2.06,54,88.471236,17,final_d19_open,0,19,open,1.0,2.0599999999999996
-0.31,56,88.500168,17,final_d19_open,0,19,open,1.0,-0.3100000000000005
-2.82,57,88.529332,17,final_d19_open,0,19,open,1.0,-2.820000000000001
0.37,43,88.551423,17,final_d15_open,0,15,open,1.0,0.36999999999999966
-2.05,50,88.577614,17,final_d17_open,0,17,open,1.0,-2.0500000000000003
-0.24,49,88.903184,17,final_d17_open,0,17,open,1.0,-0.24000000000000044
-0.54,49,88.92932,17,final_d17_closed,0,17,closed,0.0,-0.5400000000000003
0.27,43,88.952223,17,final_d15_open,0,15,open,1.0,0.26999999999999935
-4.9,45,88.976659,17,final_d15_closed,0,15,closed,0.0,-4.9
-5.1,45,89.000666,17,final_d15_closed,0,15,closed,0.0,-5.1
-5.1,45,89.024778,17,final_d15_closed,0,15,closed,0.0,-5.1
-0.38,53,89.052983,17,final_d19_closed,0,19,closed,0.0,-0.38000000000000034
1.92,48,89.078422,17,final_d17_open,0,17,open,1.0,1.9199999999999997
1.8,55,89.108183,17,final_d19_open,0,19,open,1.0,1.7999999999999996
0.07,53,89.13623,17,final_d19_closed,0,19,closed,0.0,0.06999999999999962
2.58,42,89.159578,17,final_d15_open,0,15,open,1.0,2.5799999999999996
2.58,42,89.182243,17,final_d15_open,0,15,open,1.0,2.5799999999999996
2.26,54,89.212502,17,final_d19_open,0,19,open,1.0,2.26
2.58,42,89.235293,17,final_d15_open,0,15,open,1.0,2.5799999999999996
-5.1,45,89.259665,17,final_d15_closed,0,15,closed,0.0,-5.1
-0.25,55,89.288975,17,final_d19_open,0,19,open,1.0,-0.25000000000000044
-0.15,55,89.31837,17,final_d19_open,0,19,open,1.0,-0.15000000000000058
1.69,26,89.333025,17,d15_direct,2,15,open,1.0,1.6899999999999997
1.8,55,89.365567,17,final_d19_closed,0,19,closed,0.0,1.7999999999999996
2.08,52,89.393449,17,final_d19_closed,0,19,closed,0.0,2.0799999999999996
1.92,48,89.418841,17,final_d17_closed,0,17,closed,0.0,1.9199999999999997
-0.55,50,89.444886,17,final_d17_open,0,17,open,1.0,-0.5500000000000009
-5.05,45,89.46887,17,final_d15_closed,0,15,closed,0.0,-5.050000000000001
-0.45,55,89.497855,17,final_d19_open,0,19,open,1.0,-0.4500000000000013
0.47,53,89.526172,17,final_d19_open,0,19,open,1.0,0.46999999999999964
1.9,50,89.55263,17,final_d19_closed,0,19,closed,0.0,1.8999999999999997
2.28,52,89.580505,17,final_d19_closed,0,19,closed,0.0,2.2799999999999994
0.37,43,89.603304,17,final_d15_open,0,15,open,1.0,0.36999999999999966
2.58,42,89.625627,17,final_d15_open,0,15,open,1.0,2.5799999999999996
-5.1,45,89.649857,17,final_d15_closed,0,15,closed,0.0,-5.1
1.86,49,89.67521,17,final_d17_open,0,17,open,1.0,1.8599999999999997
1.92,48,89.700489,17,final_d17_closed,0,17,closed,0.0,1.9199999999999997
-5.1,45,89.723944,17,final_d15_closed,0,15,closed,0.0,-5.1
-2.69,54,89.752011,17,final_d19_open,0,19,open,1.0,-2.6899999999999977
4.14,36,89.77156,17,d15_direct,2,15,open,1.0,4.140000000000002
-2.55,50,89.797465,17,final_d17_closed,0,17,closed,0.0,-2.55
2.26,54,89.826272,17,final_d19_closed,0,19,closed,0.0,2.26
2.06,54,89.854342,17,final_d19_closed,0,19,closed,0.0,2.0599999999999996
-4.75,45,89.878256,17,final_d15_closed,0,15,closed,0.0,-4.75
2.28,52,89.906106,17,final_d19_open,0,19,open,1.0,2.2799999999999994
-2.6,50,89.932154,17,final_d17_closed,0,17,closed,0.0,-2.599999999999997
-5.1,45,89.956355,17,final_d15_closed,0,15,closed,0.0,-5.1
1.92,48,89.981333,17,final_d17_closed,0,17,closed,0.0,1.9199999999999997
-5.1,45,90.218011,17,final_d15_closed,0,15,closed,0.0,-5.1
2.15,35,90.237405,17,d19_detour,2,19,closed,0.0,2.1499999999999995
-4.75,45,90.261456,17,final_d15_closed,0,15,closed,0.0,-4.749999999999998
-0.4,55,90.29064,17,final_d19_closed,0,19,closed,0.0,-0.4000000000000006
-0.19,49,90.317032,17,final_d17_open,0,17,open,1.0,-0.1900000000000004
-0.45,55,90.3462,17,final_d19_closed,0,19,closed,0.0,-0.4499999999999995
-2.75,55,90.37588,17,final_d19_closed,0,19,closed,0.0,-2.750000000000001
-1.95,45,90.400294,17,final_d15_open,0,15,open,1.0,-1.9499999999999973
-0.4,55,90.429825,17,final_d19_closed,0,19,closed,0.0,-0.4000000000000006
-0.26,51,90.456932,17,final_d19_open,0,19,open,1.0,-0.26000000000000023
1.88,52,90.485707,17,final_d19_closed,0,19,closed,0.0,1.8799999999999997
2.28,52,90.513736,17,final_d19_closed,0,19,closed,0.0,2.2799999999999994
-2.07,7,90.518931,17,d19_detour,2,19,closed,0.0,-2.0700000000000003
4.14,36,90.539747,17,d15_direct,2,15,open,1.0,4.140000000000002
0.07,53,90.568144,17,final_d19_open,0,19,open,1.0,0.06999999999999984
2.58,42,90.591619,17,final_d15_open,0,15,open,1.0,2.5799999999999996
-5.1,45,90.617812,17,final_d15_closed,0,15,closed,0.0,-5.1
-4.45,45,90.642124,17,final_d15_closed,0,15,closed,0.0,-4.449999999999997
2.28,52,90.66979,17,final_d19_closed,0,19,closed,0.0,2.2799999999999994
1.86,49,90.696793,17,final_d17_closed,0,17,closed,0.0,1.8599999999999997
1.88,52,90.724554,17,final_d19_open,0,19,open,1.0,1.8799999999999997
2.08,47,90.750565,17,final_d17_open,0,17,open,1.0,2.0799999999999996
-0.35,55,90.780131,17,final_d19_open,0,19,open,1.0,-0.35000000000000053
1.92,48,90.805752,17,final_d17_open,0,17,open,1.0,1.9199999999999997
-2.09,44,90.82917,17,final_d15_open,0,15,open,1.0,-2.0900000000000003
2.58,42,90.852381,17,final_d15_open,0,15,open,1.0,2.5799999999999996
2.08,47,90.878198,17,final_d17_open,0,17,open,1.0,2.0799999999999996
3.48,42,90.901552,17,d17_medium,2,17,closed,0.0,3.480000000000002
-4.4,45,90.926905,17,final_d15_closed,0,15,closed,0.0,-4.4
2.15,35,90.946572,17,d19_detour,2,19,closed,0.0,2.1500000000000004
0.12,43,90.969541,17,final_d15_open,0,15,open,1.0,0.11999999999999966
1.92,48,90.995342,17,final_d17_open,0,17,open,1.0,1.9199999999999997
2.58,42,91.018577,17,final_d15_open,0,15,open,1.0,2.5799999999999996
3.48,42,91.042207,17,d17_medium,2,17,closed,0.0,3.480000000000002
-0.19,49,91.06853,17,final_d17_open,0,17,open,1.0,-0.1900000000000004
-1.84,44,91.09343,17,final_d15_open,0,15,open,1.0,-1.8400000000000003
-0.4,55,91.123164,17,final_d19_closed,0,19,closed,0.0,-0.3999999999999997
-5.1,45,91.147735,17,final_d15_closed,0,15,closed,0.0,-5.1
1.92,48,91.173182,17,final_d19_open,0,19,open,1.0,1.9199999999999997
-0.39,49,91.199864,17,final_d17_closed,0,17,closed,0.0,-0.39000000000000035
-3.03,3,91.2026,17,d19_detour,2,19,closed,0.5,-3.0300000000000002
1.92,48,91.227904,17,final_d17_closed,0,17,closed,0.0,1.9199999999999997
1.75,25,91.24208,17,d15_direct,2,15,open,1.0,1.7499999999999998
-5.1,45,91.266717,17,final_d15_closed,0,15,closed,0.0,-5.1
1.82,53,91.294952,17,final_d19_open,0,19,open,1.0,1.8199999999999996
1.92,48,91.32031,17,final_d17_closed,0,17,closed,0.0,1.9199999999999997
4.14,36,91.55349,17,d15_direct,2,15,open,1.0,4.140000000000002
-4.75,45,91.578618,17,final_d15_closed,0,15,closed,0.0,-4.75
2.28,52,91.607058,17,final_d19_open,0,19,open,1.0,2.2799999999999994
-2.56,56,91.636825,17,final_d19_closed,0,19,closed,0.0,-2.5600000000000005
1.92,48,91.664064,17,final_d17_closed,0,17,closed,0.0,1.9199999999999997
-2.09,44,91.687683,17,final_d15_open,0,15,open,1.0,-2.0900000000000007
0.06,44,91.712032,17,final_d15_open,0,15,open,1.0,0.05999999999999961
1.92,48,91.738456,17,final_d17_open,0,17,open,1.0,1.9199999999999997
-0.54,49,91.765356,17,final_d17_closed,0,17,closed,0.0,-0.5400000000000009
-4.7,45,91.78955,17,final_d15_closed,0,15,closed,0.0,-4.699999999999998
-2.14,44,91.81391,17,final_d15_open,0,15,open,1.0,-2.1400000000000006
-2.55,5,91.817673,17,d19_detour,2,19,closed,0.5,-2.55
-5.1,45,91.842637,17,final_d15_closed,0,15,closed,0.0,-5.1
2.58,42,91.866403,17,final_d15_open,0,15,open,1.0,2.5799999999999996
0.15,55,91.896099,17,final_d19_open,0,19,open,1.0,0.14999999999999947
1.86,49,91.921574,17,final_d17_open,0,17,open,1.0,1.8599999999999997
2.06,54,91.950796,17,final_d19_closed,0,19,closed,0.0,2.0599999999999996
2.2,55,91.979856,17,final_d19_open,0,19,open,1.0,2.1999999999999997
2.58,42,92.002859,17,final_d15_open,0,15,open,1.0,2.5799999999999996
-1.96,56,92.033205,17,final_d19_open,0,19,open,1.0,-1.9600000000000004
0.15,55,92.063019,17,final_d19_closed,0,19,closed,0.0,0.14999999999999958
-3.06,56,92.093425,17,final_d19_closed,0,19,closed,0.0,-3.06
2.0,55,92.122725,17,final_d19_closed,0,19,closed,0.0,1.9999999999999998
1.92,48,92.14853,17,final_d17_open,0,17,open,1.0,1.9199999999999997
-5.0,45,92.172245,17,final_d15_closed,0,15,closed,0.0,-5.0
-1.71,21,92.184831,17,d19_detour,2,19,closed,0.0,-1.7100000000000002
-0.8,30,92.201887,17,d17_medium,2,17,closed,0.0,-0.8000000000000003
2.02,53,92.230236,17,final_d19_open,0,19,open,1.0,2.0199999999999996
-0.31,56,92.259701,17,final_d19_closed,0,19,closed,0.0,-0.3100000000000005
-0.22,47,92.28462,17,final_d17_open,0,17,open,1.0,-0.21999999999999953
-1.7,50,92.311179,17,final_d17_open,0,17,open,1.0,-1.7000000000000004
1.86,49,92.337164,17,final_d17_open,0,17,open,1.0,1.8599999999999997
1.92,48,92.362945,17,final_d17_open,0,17,open,1.0,1.9199999999999997
-0.68,18,92.373566,17,d19_detour,2,19,closed,0.0,-0.6800000000000002
-1.69,44,92.396824,17,final_d15_open,0,15,open,1.0,-1.6900000000000002
-5.05,45,92.420847,17,final_d15_closed,0,15,closed,0.0,-5.050000000000001
-5.1,45,92.446026,17,final_d15_closed,0,15,closed,0.0,-5.1
2.58,42,92.468352,17,final_d15_open,0,15,open,1.0,2.5799999999999996
2.58,42,92.490776,17,final_d15_open,0,15,open,1.0,2.5799999999999996
2.08,52,92.518275,17,final_d19_closed,0,19,closed,0.0,2.0799999999999996
1.92,48,92.544265,17,final_d17_open,0,17,open,1.0,1.9199999999999997
1.92,48,92.569976,17,final_d17_closed,0,17,closed,0.0,1.9199999999999997
-5.1,45,92.594149,17,final_d15_closed,0,15,closed,0.0,-5.1
-0.86,16,92.603717,17,d17_medium,2,17,closed,0.0,-0.8600000000000001
2.14,46,92.628129,17,final_d17_open,0,17,open,1.0,2.1399999999999997
-2.51,56,92.871072,17,final_d19_open,0,19,open,1.0,-2.5100000000000007
-5.1,45,92.895565,17,final_d15_closed,0,15,closed,0.0,-5.1
-5.0,45,92.919337,17,final_d15_closed,0,15,closed,0.0,-5.0
2.26,54,92.948151,17,final_d19_closed,0,19,closed,0.0,2.26
0.05,50,92.974416,17,final_d17_closed,0,17,closed,0.0,0.0499999999999996
0.15,55,93.003331,17,final_d19_open,0,19,open,1.0,0.14999999999999947
-3.34,19,93.014109,17,d19_detour,2,19,closed,0.5,-3.3400000000000007
-2.65,50,93.039923,17,final_d17_open,0,17,open,1.0,-2.650000000000001
0.12,43,93.06362,17,final_d15_open,0,15,open,1.0,0.11999999999999966
2.26,54,93.092816,17,final_d19_closed,0,19,closed,0.0,2.26
-0.24,49,93.119162,17,final_d17_open,0,17,open,1.0,-0.24000000000000044
2.58,42,93.14173,17,final_d15_open,0,15,open,1.0,2.5799999999999996
-5.0,45,93.165583,17,final_d15_closed,0,15,closed,0.0,-5.0
-3.31,56,93.194772,17,final_d19_open,0,19,open,1.0,-3.310000000000001
4.14,36,93.2155,17,d15_direct,2,15,open,1.0,4.140000000000002
1.92,48,93.241089,17,final_d17_closed,0,17,closed,0.0,1.9199999999999997
1.92,48,93.266722,17,final_d17_closed,0,17,closed,0.0,1.9199999999999997
-5.1,45,93.290973,17,final_d15_closed,0,15,closed,0.0,-5.1
-0.01,56,93.320432,17,final_d19_closed,0,19,closed,0.0,-0.010000000000000453
2.28,52,93.347844,17,final_d19_open,0,19,open,1.0,2.2799999999999994
-5.1,45,93.372254,17,final_d15_closed,0,15,closed,0.0,-5.1
2.0,55,93.40221,17,final_d19_open,0,19,open,1.0,1.9999999999999996
2.58,42,93.425328,17,final_d15_open,0,15,open,1.0,2.5799999999999996
-2.42,57,93.45532,17,final_d19_closed,0,19,closed,0.0,-2.420000000000001
2.14,46,93.480103,17,final_d17_open,0,17,open,1.0,2.1399999999999997
2.14,46,93.505145,17,final_d17_open,0,17,open,1.0,2.1399999999999997
-0.54,49,93.531649,17,final_d17_closed,0,17,closed,0.0,-0.5400000000000003
-0.6,50,93.558115,17,final_d17_closed,0,17,closed,0.0,-0.5999999999999996
-2.46,56,93.58732,17,final_d19_closed,0,19,closed,0.0,-2.4600000000000004
2.58,42,93.610182,17,final_d15_open,0,15,open,1.0,2.5799999999999996
2.1,50,93.636694,17,final_d19_closed,0,19,closed,0.0,2.0999999999999996
1.92,48,93.663025,17,final_d17_closed,0,17,closed,0.0,1.9199999999999997
-5.0,45,93.687012,17,final_d15_closed,0,15,closed,0.0,-5.0
-5.1,45,93.712069,17,final_d15_closed,0,15,closed,0.0,-5.1
-2.34,44,93.735215,17,final_d15_open,0,15,open,1.0,-2.3400000000000007
1.92,48,93.760741,17,final_d17_closed,0,17,closed,0.0,1.9199999999999997
1.92,48,93.786459,17,final_d17_open,0,17,open,1.0,1.9199999999999997
2.58,42,93.809792,17,final_d15_open,0,15,open,1.0,2.5799999999999996
2.58,42,93.832615,17,final_d15_open,0,15,open,1.0,2.5799999999999996
0.12,43,93.855688,17,final_d15_open,0,15,open,1.0,0.11999999999999966
0.1,55,93.886327,17,final_d19_open,0,19,open,1.0,0.09999999999999942
2.58,42,93.909395,17,final_d15_open,0,15,open,1.0,2.5799999999999996
3.48,42,93.932894,17,d17_medium,2,17,closed,0.0,3.480000000000002
1.92,48,93.958241,17,final_d17_closed,0,17,closed,0.0,1.9199999999999997
-2.3,50,94.200083,17,final_d17_open,0,17,open,1.0,-2.2999999999999994
-0.2,55,94.230024,17,final_d19_closed,0,19,closed,0.0,-0.2000000000000004
-4.45,45,94.254191,17,final_d15_closed,0,15,closed,0.0,-4.449999999999997
1.8,50,94.280717,17,final_d17_open,0,17,open,1.0,1.7999999999999996
1.86,49,94.306676,17,final_d17_closed,0,17,closed,0.0,1.8599999999999997
3.48,42,94.330092,17,d17_medium,2,17,closed,0.0,3.480000000000002
4.14,36,94.350071,17,d15_direct,2,15,open,1.0,4.140000000000002
-0.45,55,94.378916,17,final_d19_closed,0,19,closed,0.0,-0.4499999999999973
-0.09,49,94.404772,17,final_d17_open,0,17,open,1.0,-0.09000000000000052
1.86,49,94.430987,17,final_d17_closed,0,17,closed,0.0,1.8599999999999997
-5.1,45,94.455719,17,final_d15_closed,0,15,closed,0.0,-5.1
1.86,54,94.484292,17,final_d19_closed,0,19,closed,0.0,1.8599999999999997
1.86,49,94.511605,17,final_d17_open,0,17,open,1.0,1.8599999999999997
1.86,49,94.537987,17,final_d17_closed,0,17,closed,0.0,1.8599999999999997
2.58,42,94.560263,17,final_d15_open,0,15,open,1.0,2.5799999999999996
-5.1,45,94.584596,17,final_d15_closed,0,15,closed,0.0,-5.1
1.86,49,94.610328,17,final_d17_closed,0,17,closed,0.0,1.8599999999999997
1.92,48,94.635908,17,final_d17_closed,0,17,closed,0.0,1.9199999999999997
-0.03,53,94.66379,17,final_d19_closed,0,19,closed,0.0,-0.03000000000000047
-5.1,45,94.688138,17,final_d15_closed,0,15,closed,0.0,-5.1
1.92,48,94.715073,17,final_d17_closed,0,17,closed,0.0,1.9199999999999997
1.86,49,94.741288,17,final_d17_open,0,17,open,1.0,1.8599999999999997
-5.1,45,94.765795,17,final_d15_closed,0,15,closed,0.0,-5.1
4.14,36,94.786208,17,d15_direct,2,15,open,1.0,4.140000000000002
2.1,50,94.813187,17,final_d19_closed,0,19,closed,0.0,2.0999999999999996
2.1,50,94.839869,17,final_d19_open,0,19,open,1.0,2.0999999999999996
1.92,48,94.866464,17,final_d17_open,0,17,open,1.0,1.9199999999999997
-5.27,57,94.896899,17,final_d19_open,0,19,open,1.0,-5.269999999999998
1.92,48,94.92267,17,final_d17_open,0,17,open,1.0,1.9199999999999997
-0.25,50,94.949941,17,final_d17_open,0,17,open,1.0,-0.25000000000000044
2.58,42,94.972908,17,final_d15_open,0,15,open,1.0,2.5799999999999996
-4.75,45,94.997203,17,final_d15_closed,0,15,closed,0.0,-4.75
1.92,48,95.023059,17,final_d17_open,0,17,open,1.0,1.9199999999999997
-5.1,45,95.0482,17,final_d15_closed,0,15,closed,0.0,-5.1
4.14,36,95.068344,17,d15_direct,2,15,open,1.0,4.140000000000002
-4.4,45,95.092331,17,final_d15_closed,0,15,closed,0.0,-4.4
1.92,48,95.118413,17,final_d17_open,0,17,open,1.0,1.9199999999999997
-0.6,50,95.144807,17,final_d17_closed,0,17,closed,0.0,-0.6000000000000003
1.92,48,95.169925,17,final_d17_closed,0,17,closed,0.0,1.9199999999999997
3.48,42,95.194145,17,d17_medium,2,17,closed,0.0,3.480000000000002
-5.1,45,95.218716,17,final_d15_closed,0,15,closed,0.0,-5.1
-0.25,50,95.244884,17,final_d17_closed,0,17,closed,0.0,-0.25000000000000044
2.58,42,95.266605,17,final_d15_open,0,15,open,1.0,2.5799999999999996
1.92,48,95.505694,17,final_d17_closed,0,17,closed,0.0,1.9199999999999997
-0.4,55,95.535091,17,final_d19_closed,0,19,closed,0.0,-0.40000000000000036
2.58,42,95.557154,17,final_d15_open,0,15,open,1.0,2.5799999999999996
2.08,52,95.584487,17,final_d19_open,0,19,open,1.0,2.0799999999999996
-0.58,53,95.6124,17,final_d19_open,0,19,open,1.0,-0.580000000000001
1.92,48,95.637704,17,final_d17_closed,0,17,closed,0.0,1.9199999999999997
-5.1,45,95.661637,17,final_d15_closed,0,15,closed,0.0,-5.1
1.88,52,95.694505,17,final_d19_closed,0,19,closed,0.0,1.8799999999999997
-2.81,56,95.724658,17,final_d19_open,0,19,open,1.0,-2.810000000000001
2.14,46,95.750638,17,final_d17_open,0,17,open,1.0,2.1399999999999997
-0.49,49,95.777057,17,final_d17_closed,0,17,closed,0.0,-0.49000000000000044
1.9,50,95.804837,17,final_d19_closed,0,19,closed,0.0,1.8999999999999997
0.17,28,95.820957,17,d19_detour,2,19,closed,0.0,0.1699999999999997
1.92,48,95.847732,17,final_d17_closed,0,17,closed,0.0,1.9199999999999997
1.92,48,95.874221,17,final_d17_closed,0,17,closed,0.0,1.9199999999999997
-4.8,45,95.899488,17,final_d15_closed,0,15,closed,0.0,-4.799999999999999
1.92,48,95.927371,17,final_d17_open,0,17,open,1.0,1.9199999999999997
-0.25,55,95.957316,17,final_d19_closed,0,19,closed,0.0,-0.24999999999999933
2.58,42,95.980232,17,final_d15_open,0,15,open,1.0,2.5799999999999996
2.58,42,96.004446,17,final_d15_open,0,15,open,1.0,2.5799999999999996
2.46,54,96.034228,17,final_d19_open,0,19,open,1.0,2.4599999999999995
2.08,52,96.06341,17,final_d19_closed,0,19,closed,0.0,2.0799999999999996
2.06,54,96.093278,17,final_d19_closed,0,19,closed,0.0,2.0599999999999996
1.86,49,96.119772,17,final_d17_closed,0,17,closed,0.0,1.8599999999999997
0.32,43,96.143717,17,final_d15_open,0,15,open,1.0,0.3199999999999996
1.8,50,96.171696,17,final_d17_open,0,17,open,1.0,1.7999999999999996
-4.5,45,96.196535,17,final_d15_closed,0,15,closed,0.0,-4.4999999999999964
1.88,52,96.225049,17,final_d19_closed,0,19,closed,0.0,1.8799999999999997
2.58,42,96.248662,17,final_d15_open,0,15,open,1.0,2.5799999999999996
-5.1,45,96.273376,17,final_d15_closed,0,15,closed,0.0,-5.1
-0.86,16,96.283172,17,d17_medium,2,17,closed,0.0,-0.8600000000000001
2.14,46,96.308578,17,final_d17_open,0,17,open,1.0,2.1399999999999997
1.92,48,96.335394,17,final_d17_closed,0,17,closed,0.0,1.9199999999999997
2.58,42,96.358566,17,final_d15_open,0,15,open,1.0,2.5799999999999996
1.92,48,96.384816,17,final_d17_closed,0,17,closed,0.0,1.9199999999999997
2.58,42,96.40791,17,final_d15_open,0,15,open,1.0,2.5799999999999996
1.92,48,96.435784,17,final_d17_closed,0,17,closed,0.0,1.9199999999999997
1.92,48,96.461891,17,final_d17_closed,0,17,closed,0.0,1.9199999999999997
1.92,48,96.487936,17,final_d17_closed,0,17,closed,0.0,1.9199999999999997
2.58,42,96.510798,17,final_d15_open,0,15,open,1.0,2.5799999999999996
2.08,52,96.539475,17,final_d19_open,0,19,open,1.0,2.0799999999999996
1.92,48,96.566578,17,final_d17_closed,0,17,closed,0.0,1.9199999999999997
-0.26,26,96.58231,17,d15_direct,2,15,open,1.0,-0.26000000000000023
1.92,48,96.61,17,final_d17_closed,0,17,closed,0.0,1.9199999999999997
0.22,43,96.886098,17,final_d15_open,0,15,open,1.0,0.2199999999999993
-2.09,44,96.914225,17,final_d15_open,0,15,open,1.0,-2.089999999999997
-0.15,55,96.944022,17,final_d19_closed,0,19,closed,0.0,-0.15000000000000058
2.58,42,96.967613,17,final_d15_open,0,15,open,1.0,2.5799999999999996
2.26,54,96.996665,17,final_d19_open,0,19,open,1.0,2.26
-5.0,45,97.021211,17,final_d15_closed,0,15,closed,0.0,-5.0
-5.1,45,97.046362,17,final_d15_closed,0,15,closed,0.0,-5.1
1.86,49,97.073416,17,final_d17_open,0,17,open,1.0,1.8599999999999997
-0.49,49,97.099973,17,final_d17_closed,0,17,closed,0.0,-0.49000000000000044
0.25,55,97.129854,17,final_d19_closed,0,19,closed,0.0,0.24999999999999956
2.58,42,97.152735,17,final_d15_open,0,15,open,1.0,2.5799999999999996
3.48,42,97.177178,17,d17_medium,2,17,closed,0.0,3.480000000000002
1.92,48,97.203629,17,final_d17_open,0,17,open,1.0,1.9199999999999997
1.92,48,97.229616,17,final_d17_open,0,17,open,1.0,1.9199999999999997
2.58,42,97.251996,17,final_d15_open,0,15,open,1.0,2.5799999999999996
2.08,52,97.280904,17,final_d19_closed,0,19,closed,0.0,2.0799999999999996
0.17,53,97.309438,17,final_d19_open,0,19,open,1.0,0.16999999999999948
2.06,54,97.338527,17,final_d19_closed,0,19,closed,0.0,2.0599999999999996
1.92,48,97.365572,17,final_d17_open,0,17,open,1.0,1.9199999999999997
-0.63,53,97.393745,17,final_d19_open,0,19,open,1.0,-0.6300000000000003
-5.0,45,97.418169,17,final_d15_closed,0,15,closed,0.0,-5.0
2.14,46,97.44313,17,final_d17_open,0,17,open,1.0,2.1399999999999997
2.58,42,97.466214,17,final_d15_open,0,15,open,1.0,2.5799999999999996
2.08,52,97.494172,17,final_d19_open,0,19,open,1.0,2.0799999999999996
4.14,36,97.51513,17,d15_direct,2,15,open,1.0,4.140000000000002
1.92,48,97.540985,17,final_d17_closed,0,17,closed,0.0,1.9199999999999997
2.06,54,97.569896,17,final_d19_open,0,19,open,1.0,2.0599999999999996
1.92,48,97.602985,17,final_d17_open,0,17,open,1.0,1.9199999999999997
1.92,48,97.630949,17,final_d17_open,0,17,open,1.0,1.9199999999999997
1.92,48,97.657207,17,final_d17_open,0,17,open,1.0,1.9199999999999997
-5.1,45,97.682422,17,final_d15_closed,0,15,closed,0.0,-5.1
2.28,52,97.710814,17,final_d19_open,0,19,open,1.0,2.2799999999999994
1.92,48,97.736171,17,final_d17_open,0,17,open,1.0,1.9199999999999997
2.28,52,97.763795,17,final_d19_open,0,19,open,1.0,2.2799999999999994
-5.0,45,97.787263,17,final_d15_closed,0,15,closed,0.0,-5.0
1.92,48,97.813231,17,final_d17_open,0,17,open,1.0,1.9199999999999997
1.92,48,97.838439,17,final_d17_closed,0,17,closed,0.0,1.9199999999999997
-0.08,53,97.867149,17,final_d19_open,0,19,open,1.0,-0.08000000000000052
2.58,42,97.88993,17,final_d15_open,0,15,open,1.0,2.5799999999999996
2.0,55,97.919385,17,final_d19_closed,0,19,closed,0.0,1.9999999999999996
2.08,47,97.947893,17,final_d17_open,0,17,open,1.0,2.0799999999999996
1.92,48,97.975566,17,final_d17_closed,0,17,closed,0.0,1.9199999999999997
1.67,33,97.99486,17,d19_detour,2,19,closed,0.0,1.6699999999999997
2.58,42,98.277146,17,final_d15_open,0,15,open,1.0,2.5799999999999996
-0.19,49,98.314668,17,final_d17_closed,0,17,closed,0.0,-0.1900000000000004
2.58,42,98.350165,17,final_d15_open,0,15,open,1.0,2.5799999999999996
2.28,52,98.378927,17,final_d19_open,0,19,open,1.0,2.2799999999999994
2.58,42,98.408427,17,final_d15_open,0,15,open,1.0,2.5799999999999996
-5.1,45,98.437324,17,final_d15_closed,0,15,closed,0.0,-5.1
-2.29,54,98.47102,17,final_d19_open,0,19,open,1.0,-2.290000000000001
1.92,48,98.497653,17,final_d17_open,0,17,open,1.0,1.9199999999999997
-0.19,49,98.523386,17,final_d17_open,0,17,open,1.0,-0.1900000000000004
-0.4,55,98.551476,17,final_d19_closed,0,19,closed,0.0,-0.40000000000000036
1.8,55,98.580707,17,final_d19_closed,0,19,closed,0.0,1.7999999999999996
-5.1,45,98.604959,17,final_d15_closed,0,15,closed,0.0,-5.1
2.58,42,98.627178,17,final_d15_open,0,15,open,1.0,2.5799999999999996
1.86,49,98.653871,17,final_d17_open,0,17,open,1.0,1.8599999999999997
-0.09,49,98.680033,17,final_d17_closed,0,17,closed,0.0,-0.0900000000000003
-4.75,45,98.703881,17,final_d15_closed,0,15,closed,0.0,-4.75
-5.1,45,98.730161,17,final_d15_closed,0,15,closed,0.0,-5.1
1.75,25,98.744346,17,d15_direct,2,15,open,1.0,1.7499999999999998
-0.11,56,98.773388,17,final_d19_open,0,19,open,1.0,-0.11000000000000054
1.92,48,98.799648,17,final_d17_closed,0,17,closed,0.0,1.9199999999999997
-2.79,19,98.810526,17,d19_detour,2,19,closed,0.5,-2.79
0.25,55,98.839561,17,final_d19_closed,0,19,closed,0.0,0.24999999999999956
2.58,42,98.862047,17,final_d15_open,0,15,open,1.0,2.5799999999999996
2.58,42,98.884303,17,final_d15_open,0,15,open,1.0,2.5799999999999996
-0.15,50,98.911078,17,final_d17_open,0,17,open,1.0,-0.15000000000000036
2.26,54,98.939477,17,final_d19_closed,0,19,closed,0.0,2.26
-0.49,49,98.966382,17,final_d17_closed,0,17,closed,0.0,-0.4899999999999993
-0.85,55,98.995042,17,final_d19_open,0,19,open,1.0,-0.850000000000001
-0.25,55,99.023921,17,final_d19_open,0,19,open,1.0,-0.24999999999999933
1.92,48,99.049581,17,final_d17_open,0,17,open,1.0,1.9199999999999997
2.26,54,99.077871,17,final_d19_closed,0,19,closed,0.0,2.26
-5.1,45,99.102426,17,final_d15_closed,0,15,closed,0.0,-5.1
1.92,48,99.127793,17,final_d17_closed,0,17,closed,0.0,1.9199999999999997
2.58,42,99.150212,17,final_d15_open,0,15,open,1.0,2.5799999999999996
1.92,48,99.175583,17,final_d17_open,0,17,open,1.0,1.9199999999999997
-5.1,45,99.199708,17,final_d15_closed,0,15,closed,0.0,-5.1
-4.8,45,99.223567,17,final_d15_closed,0,15,closed,0.0,-4.799999999999998
-5.1,45,99.247427,17,final_d15_closed,0,15,closed,0.0,-5.1
1.92,48,99.272719,17,final_d17_closed,0,17,closed,0.0,1.9199999999999997
1.86,49,99.298497,17,final_d17_open,0,17,open,1.0,1.8599999999999997
1.92,48,99.323935,17,final_d17_closed,0,17,closed,0.0,1.9199999999999997
-2.61,56,99.352903,17,final_d19_open,0,19,open,1.0,-2.609999999999995
1.92,48,99.378239,17,final_d17_closed,0,17,closed,0.0,1.9199999999999997
1.86,49,99.404036,17,final_d17_open,0,17,open,1.0,1.8599999999999997
-2.36,56,99.650692,17,final_d19_closed,0,19,closed,0.0,-2.3599999999999968
0.37,43,99.673584,17,final_d15_open,0,15,open,1.0,0.36999999999999966
2.58,42,99.695976,17,final_d15_open,0,15,open,1.0,2.5799999999999996
-5.1,45,99.720445,17,final_d15_closed,0,15,closed,0.0,-5.1
2.26,54,99.748868,17,final_d19_closed,0,19,closed,0.0,2.26
2.58,42,99.771155,17,final_d15_open,0,15,open,1.0,2.5799999999999996
1.86,49,99.797053,17,final_d17_open,0,17,open,1.0,1.8599999999999997
0.37,43,99.81989,17,final_d15_open,0,15,open,1.0,0.36999999999999966
-0.38,53,99.847485,17,final_d19_open,0,19,open,1.0,-0.380000000000001
-0.6,55,99.876426,17,final_d19_closed,0,19,closed,0.0,-0.6000000000000003
4.14,36,99.896642,17,d15_direct,2,15,open,1.0,4.140000000000002
-4.5,45,99.920548,17,final_d15_closed,0,15,closed,0.0,-4.499999999999998
2.58,42,99.943027,17,final_d15_open,0,15,open,1.0,2.5799999999999996
-0.4,55,99.971982,17,final_d19_closed,0,19,closed,0.0,-0.4000000000000006
2.58,42,99.994704,17,final_d15_open,0,15,open,1.0,2.5799999999999996
1.86,49,100.020643,17,final_d17_closed,0,17,closed,0.0,1.8599999999999997
1.92,48,100.046095,17,final_d17_open,0,17,open,1.0,1.9199999999999997
0.22,43,100.0691,17,final_d15_open,0,15,open,1.0,0.21999999999999953
2.58,42,100.092326,17,final_d15_open,0,15,open,1.0,2.5799999999999996
-0.09,49,100.118143,17,final_d17_open,0,17,open,1.0,-0.09000000000000052
2.26,54,100.147038,17,final_d19_closed,0,19,closed,0.0,2.26
-0.2,20,100.158632,17,d19_detour,2,19,closed,0.0,-0.20000000000000018
-0.15,55,100.187428,17,final_d19_open,0,19,open,1.0,-0.15000000000000058
1.92,48,100.213333,17,final_d17_closed,0,17,closed,0.0,1.9199999999999997
2.52,43,100.236294,17,final_d15_open,0,15,open,1.0,2.5199999999999996
1.92,48,100.261781,17,final_d17_closed,0,17,closed,0.0,1.9199999999999997
1.92,48,100.287027,17,final_d17_closed,0,17,closed,0.0,1.9199999999999997
2.46,54,100.314976,17,final_d19_open,0,19,open,1.0,2.4599999999999995
0.07,53,100.342495,17,final_d19_closed,0,19,closed,0.0,0.06999999999999962
-5.1,45,100.36617,17,final_d15_closed,0,15,closed,0.0,-5.1
1.92,48,100.3915,17,final_d17_closed,0,17,closed,0.0,1.9199999999999997
1.86,49,100.416945,17,final_d17_open,0,17,open,1.0,1.8599999999999997
-5.1,45,100.440664,17,final_d15_closed,0,15,closed,0.0,-5.1
2.06,54,100.468833,17,final_d19_closed,0,19,closed,0.0,2.0599999999999996
2.58,42,100.490942,17,final_d15_open,0,15,open,1.0,2.5799999999999996
2.06,54,100.519149,17,final_d19_closed,0,19,closed,0.0,2.0599999999999996
1.92,48,100.544225,17,final_d17_open,0,17,open,1.0,1.9199999999999997
-0.19,49,100.569965,17,final_d17_closed,0,17,closed,0.0,-0.1900000000000004
2.58,42,100.592165,17,final_d15_open,0,15,open,1.0,2.5799999999999996
-0.44,49,100.617412,17,final_d17_open,0,17,open,1.0,-0.4399999999999995
2.06,54,100.645399,17,final_d19_open,0,19,open,1.0,2.0599999999999996
2.58,42,100.667588,17,final_d15_open,0,15,open,1.0,2.5799999999999996
1.92,48,100.693923,17,final_d17_open,0,17,open,1.0,1.9199999999999997
1.92,48,100.981253,17,final_d17_closed,0,17,closed,0.0,1.9199999999999997
2.58,42,101.004598,17,final_d15_open,0,15,open,1.0,2.5799999999999996
3.48,42,101.02818,17,d17_medium,2,17,closed,0.0,3.480000000000002
-0.25,55,101.058207,17,final_d19_closed,0,19,closed,0.0,-0.25000000000000044
2.26,54,101.087193,17,final_d19_closed,0,19,closed,0.0,2.26
-1.95,45,101.111881,17,final_d15_open,0,15,open,1.0,-1.9500000000000004
2.58,42,101.135126,17,final_d15_open,0,15,open,1.0,2.5799999999999996
-0.3,55,101.164543,17,final_d19_closed,0,19,closed,0.0,-0.30000000000000027
1.86,49,101.191346,17,final_d17_closed,0,17,closed,0.0,1.8599999999999997
3.48,42,101.215039,17,d17_medium,2,17,closed,0.0,3.480000000000002
-0.68,18,101.226171,17,d19_detour,2,19,closed,0.0,-0.6800000000000002
-0.15,55,101.255038,17,final_d19_open,0,19,open,1.0,-0.1500000000000008
2.12,48,101.280806,17,final_d17_open,0,17,open,1.0,2.1199999999999997
1.92,48,101.306256,17,final_d17_closed,0,17,closed,0.0,1.9199999999999997
0.52,43,101.3296,17,final_d15_open,0,15,open,1.0,0.5199999999999998
2.58,42,101.352052,17,final_d15_open,0,15,open,1.0,2.5799999999999996
2.46,54,101.379801,17,final_d19_open,0,19,open,1.0,2.4599999999999995
1.86,49,101.405544,17,final_d17_open,0,17,open,1.0,1.8599999999999997
1.67,33,101.423609,17,d19_detour,2,19,closed,0.0,1.6699999999999997
1.92,48,101.448396,17,final_d17_open,0,17,open,1.0,1.9199999999999997
2.14,46,101.472288,17,final_d17_open,0,17,open,1.0,2.1399999999999997
1.92,48,101.497357,17,final_d17_open,0,17,open,1.0,1.9199999999999997
2.46,54,101.526133,17,final_d19_open,0,19,open,1.0,2.4599999999999995
3.48,42,101.549293,17,d17_medium,2,17,closed,0.0,3.480000000000002
2.58,42,101.571468,17,final_d15_open,0,15,open,1.0,2.5799999999999996
-4.8,45,101.595654,17,final_d15_closed,0,15,closed,0.0,-4.799999999999998
-4.4,45,101.62018,17,final_d15_closed,0,15,closed,0.0,-4.4
2.28,52,101.652932,17,final_d19_open,0,19,open,1.0,2.2799999999999994
-5.1,45,101.688357,17,final_d15_closed,0,15,closed,0.0,-5.1
2.06,54,101.719018,17,final_d19_closed,0,19,closed,0.0,2.0599999999999996
2.06,54,101.750118,17,final_d19_closed,0,19,closed,0.0,2.0599999999999996
-5.1,45,101.774783,17,final_d15_closed,0,15,closed,0.0,-5.1
-4.8,45,101.798639,17,final_d15_closed,0,15,closed,0.0,-4.799999999999998
1.92,48,101.82419,17,final_d17_closed,0,17,closed,0.0,1.9199999999999997
1.92,48,101.849881,17,final_d17_open,0,17,open,1.0,1.9199999999999997
0.42,43,101.874036,17,final_d15_open,0,15,open,1.0,0.4199999999999996
2.14,46,101.899581,17,final_d17_open,0,17,open,1.0,2.1399999999999997
2.46,54,101.927855,17,final_d19_open,0,19,open,1.0,2.4599999999999995
-4.8,45,101.951663,17,final_d15_closed,0,15,closed,0.0,-4.799999999999999
2.58,42,101.973767,17,final_d15_open,0,15,open,1.0,2.5799999999999996
2.2,55,102.002815,17,final_d19_open,0,19,open,1.0,2.1999999999999993
-5.1,45,102.02657,17,final_d15_closed,0,15,closed,0.0,-5.1
2.58,42,102.049443,17,final_d15_open,0,15,open,1.0,2.5799999999999996
-0.3,55,102.077791,17,final_d19_closed,0,19,closed,0.0,-0.3000000000000005
-5.1,45,102.351598,17,final_d15_closed,0,15,closed,0.0,-5.1
2.26,54,102.383855,17,final_d19_closed,0,19,closed,0.0,2.26
-0.1,55,102.412541,17,final_d19_open,0,19,open,1.0,-0.10000000000000031
1.92,48,102.437955,17,final_d17_closed,0,17,closed,0.0,1.9199999999999997
2.52,43,102.460368,17,final_d15_open,0,15,open,1.0,2.5199999999999996
-4.75,45,102.483749,17,final_d15_closed,0,15,closed,0.0,-4.75
1.92,48,102.508406,17,final_d17_open,0,17,open,1.0,1.9199999999999997
2.46,54,102.536303,17,final_d19_open,0,19,open,1.0,2.4599999999999995
-5.1,45,102.560225,17,final_d15_closed,0,15,closed,0.0,-5.1
1.92,48,102.584947,17,final_d17_closed,0,17,closed,0.0,1.9199999999999997
-5.1,45,102.608381,17,final_d15_closed,0,15,closed,0.0,-5.1
-0.25,55,102.637321,17,final_d19_closed,0,19,closed,0.0,-0.25000000000000044
2.06,54,102.668105,17,final_d19_open,0,19,open,1.0,2.0599999999999996
-5.1,45,102.698865,17,final_d15_closed,0,15,closed,0.0,-5.1
2.58,42,102.722152,17,final_d15_open,0,15,open,1.0,2.5799999999999996
-5.1,45,102.746794,17,final_d15_closed,0,15,closed,0.0,-5.1
-0.8,30,102.763887,17,d17_medium,2,17,closed,0.0,-0.8000000000000003
2.58,42,102.787182,17,final_d15_open,0,15,open,1.0,2.5799999999999996
2.58,42,102.810533,17,final_d15_open,0,15,open,1.0,2.5799999999999996
4.14,36,102.830925,17,d15_direct,2,15,open,1.0,4.140000000000002
1.92,48,102.857167,17,final_d17_closed,0,17,closed,0.0,1.9199999999999997
1.92,48,102.882726,17,final_d17_open,0,17,open,1.0,1.9199999999999997
2.26,54,102.91141,17,final_d19_closed,0,19,closed,0.0,2.26
0.35,55,102.941038,17,final_d19_open,0,19,open,1.0,0.34999999999999953
1.92,48,102.967352,17,final_d17_closed,0,17,closed,0.0,1.9199999999999997
1.92,48,102.993537,17,final_d17_open,0,17,open,1.0,1.9199999999999997
2.26,54,103.022215,17,final_d19_closed,0,19,closed,0.0,2.26
2.52,43,103.046017,17,final_d15_open,0,15,open,1.0,2.5199999999999996
3.48,42,103.070016,17,d17_medium,2,17,closed,0.0,3.480000000000002
1.92,48,103.096934,17,final_d17_open,0,17,open,1.0,1.9199999999999997
1.92,48,103.122253,17,final_d17_open,0,17,open,1.0,1.9199999999999997
2.46,54,103.151139,17,final_d19_open,0,19,open,1.0,2.4599999999999995
1.92,48,103.176724,17,final_d17_closed,0,17,closed,0.0,1.9199999999999997
1.92,48,103.202173,17,final_d17_open,0,17,open,1.0,1.9199999999999997
1.92,48,103.227673,17,final_d17_open,0,17,open,1.0,1.9199999999999997
-5.1,45,103.251731,17,final_d15_closed,0,15,closed,0.0,-5.1
1.67,33,103.270119,17,d19_detour,2,19,closed,0.0,1.6699999999999997
1.92,48,103.295513,17,final_d17_closed,0,17,closed,0.0,1.9199999999999997
0.42,43,103.318469,17,final_d15_open,0,15,open,1.0,0.4199999999999997
2.58,42,103.340813,17,final_d15_open,0,15,open,1.0,2.5799999999999996
-0.55,55,103.369393,17,final_d19_closed,0,19,closed,0.0,-0.5500000000000003
1.92,48,103.394724,17,final_d17_open,0,17,open,1.0,1.9199999999999997
-4.8,45,103.418756,17,final_d15_closed,0,15,closed,0.0,-4.799999999999999
-4.75,45,103.442692,17,final_d15_closed,0,15,closed,0.0,-4.75
-0.26,51,103.69149,17,final_d19_closed,0,19,closed,0.0,-0.26000000000000023
-5.1,45,103.715662,17,final_d15_closed,0,15,closed,0.0,-5.1
-5.1,45,103.739578,17,final_d15_closed,0,15,closed,0.0,-5.1
2.58,42,103.762027,17,final_d15_open,0,15,open,1.0,2.5799999999999996
2.58,42,103.784391,17,final_d15_open,0,15,open,1.0,2.5799999999999996
-4.75,45,103.808296,17,final_d15_closed,0,15,closed,0.0,-4.75
1.92,48,103.833527,17,final_d17_open,0,17,open,1.0,1.9199999999999997
-0.2,20,103.845162,17,d19_detour,2,19,closed,0.0,-0.20000000000000018
2.06,54,103.873676,17,final_d19_closed,0,19,closed,0.0,2.0599999999999996
2.58,42,103.89617,17,final_d15_open,0,15,open,1.0,2.5799999999999996
-5.1,45,103.920564,17,final_d15_closed,0,15,closed,0.0,-5.1
2.58,42,103.943496,17,final_d15_open,0,15,open,1.0,2.5799999999999996
1.92,48,103.96928,17,final_d17_closed,0,17,closed,0.0,1.9199999999999997
1.92,48,103.995234,17,final_d17_closed,0,17,closed,0.0,1.9199999999999997
-4.75,45,104.02049,17,final_d15_closed,0,15,closed,0.0,-4.75
1.86,54,104.050891,17,final_d19_open,0,19,open,1.0,1.8599999999999997
-0.05,55,104.087804,17,final_d19_open,0,19,open,1.0,-0.050000000000000266
1.92,48,104.131501,17,final_d17_closed,0,17,closed,0.0,1.9199999999999997
2.15,35,104.151698,17,d19_detour,2,19,closed,0.0,2.1499999999999995
-0.35,55,104.181898,17,final_d19_closed,0,19,closed,0.0,-0.35000000000000053
1.92,48,104.207528,17,final_d17_open,0,17,open,1.0,1.9199999999999997
1.86,49,104.233915,17,final_d17_open,0,17,open,1.0,1.8599999999999997
1.92,48,104.259292,17,final_d17_closed,0,17,closed,0.0,1.9199999999999997
1.92,48,104.284515,17,final_d17_open,0,17,open,1.0,1.9199999999999997
2.22,53,104.312528,17,final_d19_open,0,19,open,1.0,2.2199999999999998
2.58,42,104.334807,17,final_d15_open,0,15,open,1.0,2.5799999999999996
2.26,54,104.363528,17,final_d19_closed,0,19,closed,0.0,2.26
1.86,49,104.38928,17,final_d17_closed,0,17,closed,0.0,1.8599999999999997
-0.44,49,104.414624,17,final_d17_closed,0,17,closed,0.0,-0.44000000000000083
2.26,54,104.443029,17,final_d19_open,0,19,open,1.0,2.26
1.92,48,104.468632,17,final_d17_open,0,17,open,1.0,1.9199999999999997
1.92,48,104.494521,17,final_d17_closed,0,17,closed,0.0,1.9199999999999997
-5.1,45,104.51809,17,final_d15_closed,0,15,closed,0.0,-5.1
1.92,48,104.543061,17,final_d17_closed,0,17,closed,0.0,1.9199999999999997
0.04,56,104.571586,17,final_d19_open,0,19,open,1.0,0.03999999999999959
1.67,33,104.589661,17,d19_detour,2,19,closed,0.0,1.6699999999999997
-4.5,45,104.61354,17,final_d15_closed,0,15,closed,0.0,-4.4999999999999964
-0.28,53,104.641725,17,final_d19_open,0,19,open,1.0,-0.2800000000000009
1.92,48,104.669439,17,final_d17_open,0,17,open,1.0,1.9199999999999997
-4.9,45,104.693964,17,final_d15_closed,0,15,closed,0.0,-4.9
-2.2,45,104.717597,17,final_d15_open,0,15,open,1.0,-2.1999999999999984
2.58,42,104.73982,17,final_d15_open,0,15,open,1.0,2.5799999999999996
2.14,46,104.764207,17,final_d17_open,0,17,open,1.0,2.1399999999999997
2.26,54,104.792564,17,final_d19_closed,0,19,closed,0.0,2.26
2.26,54,105.054898,17,final_d19_closed,0,19,closed,0.0,2.26
4.14,36,105.076517,17,d15_direct,2,15,open,1.0,4.140000000000002
1.92,48,105.102986,17,final_d17_closed,0,17,closed,0.0,1.9199999999999997
2.52,43,105.125705,17,final_d15_open,0,15,open,1.0,2.5199999999999996
2.58,42,105.147722,17,final_d15_open,0,15,open,1.0,2.5799999999999996
-0.14,49,105.173542,17,final_d17_closed,0,17,closed,0.0,-0.14000000000000035
-4.45,45,105.197369,17,final_d15_closed,0,15,closed,0.0,-4.449999999999997
2.4,55,105.226151,17,final_d19_open,0,19,open,1.0,2.3999999999999995
1.92,48,105.251545,17,final_d17_closed,0,17,closed,0.0,1.9199999999999997
-5.1,45,105.275436,17,final_d15_closed,0,15,closed,0.0,-5.1
-0.25,55,105.304631,17,final_d19_open,0,19,open,1.0,-0.25000000000000044
4.14,36,105.324912,17,d15_direct,2,15,open,1.0,4.140000000000002
2.52,43,105.347613,17,final_d15_open,0,15,open,1.0,2.5199999999999996
1.92,48,105.372699,17,final_d17_closed,0,17,closed,0.0,1.9199999999999997
2.06,54,105.403474,17,final_d19_open,0,19,open,1.0,2.0599999999999996
-5.1,45,105.428252,17,final_d15_closed,0,15,closed,0.0,-5.1
0.28,22,105.441183,17,d19_detour,2,19,closed,0.0,0.2799999999999998
1.92,48,105.467197,17,final_d17_closed,0,17,closed,0.0,1.9199999999999997
0.37,43,105.490852,17,final_d15_open,0,15,open,1.0,0.36999999999999966
1.86,49,105.517272,17,final_d17_open,0,17,open,1.0,1.8599999999999997
1.92,48,105.543149,17,final_d17_open,0,17,open,1.0,1.9199999999999997
0.12,43,105.566148,17,final_d15_open,0,15,open,1.0,0.11999999999999922
2.26,54,105.594903,17,final_d19_open,0,19,open,1.0,2.26
2.58,42,105.617662,17,final_d15_open,0,15,open,1.0,2.5799999999999996
2.06,54,105.646601,17,final_d19_open,0,19,open,1.0,2.0599999999999996
4.14,36,105.66704,17,d15_direct,2,15,open,1.0,4.140000000000002
4.02,48,105.693815,17,d19_detour,2,19,closed,0.0,4.020000000000003
2.08,47,105.719809,17,final_d17_open,0,17,open,1.0,2.0799999999999996
2.52,43,105.743649,17,final_d15_open,0,15,open,1.0,2.5199999999999996
-5.0,45,105.767943,17,final_d15_closed,0,15,closed,0.0,-5.0
2.58,42,105.79063,17,final_d15_open,0,15,open,1.0,2.5799999999999996
1.92,48,105.816961,17,final_d17_closed,0,17,closed,0.0,1.9199999999999997
-5.1,45,105.841455,17,final_d15_closed,0,15,closed,0.0,-5.1
1.92,48,105.867296,17,final_d17_open,0,17,open,1.0,1.9199999999999997
1.92,48,105.893767,17,final_d17_closed,0,17,closed,0.0,1.9199999999999997
0.12,43,105.917439,17,final_d15_open,0,15,open,1.0,0.11999999999999955
1.92,48,105.945529,17,final_d17_closed,0,17,closed,0.0,1.9199999999999997
2.58,42,105.96838,17,final_d15_open,0,15,open,1.0,2.5799999999999996
2.06,54,105.997379,17,final_d19_closed,0,19,closed,0.0,2.0599999999999996
1.92,48,106.023396,17,final_d17_open,0,17,open,1.0,1.9199999999999997
-4.7,45,106.047795,17,final_d15_closed,0,15,closed,0.0,-4.700000000000001
0.37,43,106.071155,17,final_d15_open,0,15,open,1.0,0.36999999999999966
2.14,46,106.097123,17,final_d17_open,0,17,open,1.0,2.1399999999999997
-0.25,55,106.128229,17,final_d19_open,0,19,open,1.0,-0.25000000000000044
2.58,42,106.386237,17,final_d15_open,0,15,open,1.0,2.5799999999999996
1.86,49,106.412681,17,final_d17_closed,0,17,closed,0.0,1.8599999999999997
1.92,48,106.437976,17,final_d17_open,0,17,open,1.0,1.9199999999999997
-0.08,53,106.465434,17,final_d19_closed,0,19,closed,0.0,-0.0800000000000003
1.75,25,106.47972,17,d15_direct,2,15,open,1.0,1.7499999999999998
1.92,48,106.505853,17,final_d17_open,0,17,open,1.0,1.9199999999999997
-5.0,45,106.529671,17,final_d15_closed,0,15,closed,0.0,-5.0
-0.44,49,106.555423,17,final_d17_open,0,17,open,1.0,-0.4399999999999995
1.86,49,106.58151,17,final_d17_closed,0,17,closed,0.0,1.8599999999999997
2.26,54,106.610235,17,final_d19_closed,0,19,closed,0.0,2.26
-0.1,55,106.639052,17,final_d19_closed,0,19,closed,0.0,-0.10000000000000031
-0.3,55,106.668099,17,final_d19_closed,0,19,closed,0.0,-0.30000000000000027
1.92,48,106.69386,17,final_d17_closed,0,17,closed,0.0,1.9199999999999997
2.58,42,106.716765,17,final_d15_open,0,15,open,1.0,2.5799999999999996
2.0,55,106.745924,17,final_d19_open,0,19,open,1.0,1.9999999999999996
2.26,54,106.77549,17,final_d19_closed,0,19,closed,0.0,2.26
-2.8,50,106.801951,17,final_d17_closed,0,17,closed,0.0,-2.8000000000000007
2.06,54,106.830061,17,final_d19_closed,0,19,closed,0.0,2.0599999999999996
2.26,54,106.860131,17,final_d19_open,0,19,open,1.0,2.26
1.67,33,106.882651,17,d19_detour,2,19,closed,0.0,1.6699999999999997
-4.75,45,106.907029,17,final_d15_closed,0,15,closed,0.0,-4.75
1.92,48,106.93421,17,final_d17_closed,0,17,closed,0.0,1.9199999999999997
2.06,54,106.962772,17,final_d19_open,0,19,open,1.0,2.0599999999999996
1.92,48,106.989083,17,final_d17_open,0,17,open,1.0,1.9199999999999997
-0.54,49,107.015073,17,final_d17_closed,0,17,closed,0.0,-0.5400000000000009
1.92,48,107.040331,17,final_d17_open,0,17,open,1.0,1.9199999999999997
3.48,42,107.063417,17,d17_medium,2,17,closed,0.0,3.480000000000002
1.92,48,107.089445,17,final_d17_closed,0,17,closed,0.0,1.9199999999999997
1.86,49,107.116458,17,final_d17_open,0,17,open,1.0,1.8599999999999997
1.92,48,107.142373,17,final_d17_closed,0,17,closed,0.0,1.9199999999999997
-0.68,18,107.153026,17,d19_detour,2,19,closed,0.0,-0.6800000000000002
0.05,55,107.182192,17,final_d19_open,0,19,open,1.0,0.049999999999999156
-4.4,45,107.2065,17,final_d15_closed,0,15,closed,0.0,-4.399999999999997
1.92,48,107.231487,17,final_d17_closed,0,17,closed,0.0,1.9199999999999997
-2.55,50,107.257362,17,final_d17_closed,0,17,closed,0.0,-2.5500000000000003
0.37,43,107.280103,17,final_d15_open,0,15,open,1.0,0.36999999999999966
-5.1,45,107.304012,17,final_d15_closed,0,15,closed,0.0,-5.1
2.58,42,107.326258,17,final_d15_open,0,15,open,1.0,2.5799999999999996
2.16,54,107.353856,17,final_d19_closed,0,19,closed,0.0,2.1599999999999993
3.48,42,107.376788,17,d17_medium,2,17,closed,0.0,3.480000000000002
-0.49,49,107.402043,17,final_d17_closed,0,17,closed,0.0,-0.4899999999999993
-0.4,55,107.43034,17,final_d19_closed,0,19,closed,0.0,-0.4000000000000006
-4.7,45,107.453842,17,final_d15_closed,0,15,closed,0.0,-4.6999999999999975
-5.1,45,107.477471,17,final_d15_closed,0,15,closed,0.0,-5.1
1.86,49,107.741378,17,final_d17_closed,0,17,closed,0.0,1.8599999999999997
1.92,48,107.76709,17,final_d17_closed,0,17,closed,0.0,1.9199999999999997
1.75,25,107.781931,17,d15_direct,2,15,open,1.0,1.7499999999999998
1.92,48,107.808133,17,final_d17_closed,0,17,closed,0.0,1.9199999999999997
2.2,55,107.837072,17,final_d19_open,0,19,open,1.0,2.1999999999999993
-2.14,44,107.860421,17,final_d15_open,0,15,open,1.0,-2.139999999999997
-4.75,45,107.884446,17,final_d15_closed,0,15,closed,0.0,-4.75
2.2,55,107.913467,17,final_d19_open,0,19,open,1.0,2.1999999999999993
2.06,54,107.942775,17,final_d19_closed,0,19,closed,0.0,2.0599999999999996
-4.9,45,107.967332,17,final_d15_closed,0,15,closed,0.0,-4.9
0.12,43,107.990408,17,final_d15_open,0,15,open,1.0,0.11999999999999966
0.27,53,108.023235,17,final_d19_open,0,19,open,1.0,0.2699999999999996
-4.75,45,108.048302,17,final_d15_closed,0,15,closed,0.0,-4.749999999999998
2.58,42,108.070897,17,final_d15_open,0,15,open,1.0,2.5799999999999996
-4.55,45,108.096042,17,final_d15_closed,0,15,closed,0.0,-4.549999999999998
0.37,43,108.119194,17,final_d15_open,0,15,open,1.0,0.36999999999999966
-0.58,53,108.148739,17,final_d19_closed,0,19,closed,0.0,-0.580000000000001
2.26,54,108.177545,17,final_d19_closed,0,19,closed,0.0,2.26
-4.75,45,108.20155,17,final_d15_closed,0,15,closed,0.0,-4.75
2.06,54,108.230421,17,final_d19_open,0,19,open,1.0,2.0599999999999996
-4.8,45,108.254569,17,final_d15_closed,0,15,closed,0.0,-4.799999999999998
2.58,42,108.276775,17,final_d15_open,0,15,open,1.0,2.5799999999999996
-0.24,49,108.303084,17,final_d17_open,0,17,open,1.0,-0.24000000000000044
2.0,55,108.332285,17,final_d19_open,0,19,open,1.0,1.9999999999999996
-4.8,45,108.356139,17,final_d15_closed,0,15,closed,0.0,-4.799999999999998
0.45,55,108.384892,17,final_d19_closed,0,19,closed,0.0,0.4499999999999995
2.28,52,108.412168,17,final_d19_open,0,19,open,1.0,2.2799999999999994
2.46,54,108.440399,17,final_d19_closed,0,19,closed,0.0,2.4599999999999995
1.9,50,108.466635,17,final_d19_open,0,19,open,1.0,1.8999999999999997
-4.9,45,108.490553,17,final_d15_closed,0,15,closed,0.0,-4.9
2.58,42,108.512731,17,final_d15_open,0,15,open,1.0,2.5799999999999996
2.58,42,108.53487,17,final_d15_open,0,15,open,1.0,2.5799999999999996
2.58,42,108.557068,17,final_d15_open,0,15,open,1.0,2.5799999999999996
1.75,25,108.571309,17,d15_direct,2,15,open,1.0,1.7499999999999998
-4.75,45,108.595192,17,final_d15_closed,0,15,closed,0.0,-4.75
2.58,42,108.61789,17,final_d15_open,0,15,open,1.0,2.5799999999999996
-5.0,45,108.642699,17,final_d15_closed,0,15,closed,0.0,-5.0
2.06,54,108.672777,17,final_d19_closed,0,19,closed,0.0,2.0599999999999996
-4.45,45,108.697264,17,final_d15_closed,0,15,closed,0.0,-4.449999999999997
-4.45,45,108.721364,17,final_d15_closed,0,15,closed,0.0,-4.449999999999997
-5.0,45,108.746911,17,final_d15_closed,0,15,closed,0.0,-5.0
1.92,48,108.772599,17,final_d17_open,0,17,open,1.0,1.9199999999999997
2.08,52,108.800231,17,final_d19_open,0,19,open,1.0,2.0799999999999996
2.1,50,109.090029,17,final_d19_closed,0,19,closed,0.0,2.0999999999999996
0.32,43,109.117568,17,final_d15_open,0,15,open,1.0,0.3199999999999996
2.58,42,109.141633,17,final_d15_open,0,15,open,1.0,2.5799999999999996
-5.1,45,109.166677,17,final_d15_closed,0,15,closed,0.0,-5.1
1.92,48,109.193137,17,final_d17_closed,0,17,closed,0.0,1.9199999999999997
1.86,49,109.218912,17,final_d17_open,0,17,open,1.0,1.8599999999999997
2.46,54,109.248711,17,final_d19_open,0,19,open,1.0,2.4599999999999995
1.86,49,109.27591,17,final_d17_open,0,17,open,1.0,1.8599999999999997
3.48,42,109.30005,17,d17_medium,2,17,closed,0.0,3.480000000000002
1.8,50,109.328334,17,final_d17_open,0,17,open,1.0,1.7999999999999996
-0.68,18,109.338838,17,d19_detour,2,19,closed,0.0,-0.6800000000000002
2.58,42,109.370725,17,final_d15_open,0,15,open,1.0,2.5799999999999996
-4.5,45,109.409794,17,final_d15_closed,0,15,closed,0.0,-4.499999999999998
2.46,54,109.442785,17,final_d19_closed,0,19,closed,0.0,2.4599999999999995
1.92,48,109.47069,17,final_d17_closed,0,17,closed,0.0,1.9199999999999997
1.92,48,109.497829,17,final_d17_open,0,17,open,1.0,1.9199999999999997
-4.7,45,109.523835,17,final_d15_closed,0,15,closed,0.0,-4.6999999999999975
-2.26,56,109.553383,17,final_d19_closed,0,19,closed,0.0,-2.2600000000000007
0.13,47,109.577573,17,final_d17_open,0,17,open,1.0,0.12999999999999967
1.92,48,109.603747,17,final_d17_open,0,17,open,1.0,1.9199999999999997
3.48,42,109.629392,17,d17_medium,2,17,closed,0.0,3.480000000000002
1.92,48,109.657212,17,final_d17_open,0,17,open,1.0,1.9199999999999997
2.26,54,109.686491,17,final_d19_open,0,19,open,1.0,2.26
-5.0,45,109.711627,17,final_d15_closed,0,15,closed,0.0,-5.0
-0.4,55,109.740752,17,final_d19_closed,0,19,closed,0.0,-0.4000000000000006
-5.0,45,109.764459,17,final_d15_closed,0,15,closed,0.0,-5.0
-0.0,50,109.790627,17,final_d17_open,0,17,open,1.0,-4.440892098500626e-16
-4.45,45,109.815072,17,final_d15_closed,0,15,closed,0.0,-4.4499999999999975
-4.7,45,109.838377,17,final_d15_closed,0,15,closed,0.0,-4.6999999999999975
-4.75,45,109.863071,17,final_d15_closed,0,15,closed,0.0,-4.75
2.26,54,109.891609,17,final_d19_open,0,19,open,1.0,2.26
2.06,54,109.920141,17,final_d19_open,0,19,open,1.0,2.0599999999999996
0.32,43,109.944445,17,final_d15_open,0,15,open,1.0,0.3199999999999996
2.06,54,109.974612,17,final_d19_closed,0,19,closed,0.0,2.0599999999999996
1.9,50,110.002582,17,final_d19_open,0,19,open,1.0,1.8999999999999997
2.08,52,110.031231,17,final_d19_open,0,19,open,1.0,2.0799999999999996
1.86,49,110.058539,17,final_d17_closed,0,17,closed,0.0,1.8599999999999997
-5.1,45,110.083344,17,final_d15_closed,0,15,closed,0.0,-5.1
2.08,52,110.111019,17,final_d19_open,0,19,open,1.0,2.0799999999999996
0.05,55,110.14013,17,final_d19_closed,0,19,closed,0.0,0.04999999999999949
1.86,49,110.184232,17,final_d17_closed,0,17,closed,0.0,1.8599999999999997
1.92,48,110.217946,17,final_d17_closed,0,17,closed,0.0,1.9199999999999997
-2.95,50,110.252893,17,final_d17_closed,0,17,closed,0.0,-2.950000000000001
2.58,42,110.539723,17,final_d15_open,0,15,open,1.0,2.5799999999999996
2.58,42,110.572474,17,final_d15_open,0,15,open,1.0,2.5799999999999996
2.02,53,110.601919,17,final_d19_open,0,19,open,1.0,2.0199999999999996
1.8,55,110.632606,17,final_d19_open,0,19,open,1.0,1.7999999999999996
2.06,54,110.662191,17,final_d19_open,0,19,open,1.0,2.0599999999999996
1.92,48,110.688152,17,final_d17_open,0,17,open,1.0,1.9199999999999997
1.9,50,110.715014,17,final_d19_open,0,19,open,1.0,1.8999999999999997
0.32,43,110.738137,17,final_d15_open,0,15,open,1.0,0.3199999999999996
4.14,36,110.757783,17,d15_direct,2,15,open,1.0,4.140000000000002
1.92,48,110.783168,17,final_d17_closed,0,17,closed,0.0,1.9199999999999997
2.58,42,110.805057,17,final_d15_open,0,15,open,1.0,2.5799999999999996
1.92,48,110.830642,17,final_d17_closed,0,17,closed,0.0,1.9199999999999997
1.92,48,110.855743,17,final_d17_closed,0,17,closed,0.0,1.9199999999999997
0.12,43,110.87791,17,final_d15_open,0,15,open,1.0,0.11999999999999966
1.9,50,110.905089,17,final_d19_open,0,19,open,1.0,1.8999999999999997
1.86,49,110.931319,17,final_d17_closed,0,17,closed,0.0,1.8599999999999997
-4.75,45,110.955531,17,final_d15_closed,0,15,closed,0.0,-4.749999999999998
0.07,53,110.983484,17,final_d19_closed,0,19,closed,0.0,0.06999999999999962
2.58,42,111.005873,17,final_d15_open,0,15,open,1.0,2.5799999999999996
1.92,48,111.031654,17,final_d17_open,0,17,open,1.0,1.9199999999999997
0.37,43,111.054736,17,final_d15_open,0,15,open,1.0,0.36999999999999966
0.15,55,111.083787,17,final_d19_closed,0,19,closed,0.0,0.14999999999999947
1.9,50,111.109805,17,final_d19_closed,0,19,closed,0.0,1.8999999999999997
-3.03,3,111.112472,17,d19_detour,2,19,closed,0.5,-3.0300000000000002
-5.0,45,111.135859,17,final_d15_closed,0,15,closed,0.0,-5.0
1.67,33,111.153984,17,d19_detour,2,19,closed,0.0,1.6699999999999997
2.58,42,111.176784,17,final_d15_open,0,15,open,1.0,2.5799999999999996
1.88,52,111.203755,17,final_d19_closed,0,19,closed,0.0,1.8799999999999997
2.58,42,111.225773,17,final_d15_open,0,15,open,1.0,2.5799999999999996
4.14,36,111.245575,17,d15_direct,2,15,open,1.0,4.140000000000002
-4.75,45,111.269251,17,final_d15_closed,0,15,closed,0.0,-4.75
1.88,52,111.296498,17,final_d19_open,0,19,open,1.0,1.8799999999999997
1.92,48,111.322342,17,final_d17_open,0,17,open,1.0,1.9199999999999997
-5.1,45,111.346747,17,final_d15_closed,0,15,closed,0.0,-5.1
0.12,43,111.369257,17,final_d15_open,0,15,open,1.0,0.11999999999999955
2.46,54,111.397655,17,final_d19_closed,0,19,closed,0.0,2.4599999999999995
1.9,50,111.424085,17,final_d19_open,0,19,open,1.0,1.8999999999999997
2.08,52,111.451219,17,final_d19_open,0,19,open,1.0,2.0799999999999996
1.92,48,111.476407,17,final_d17_open,0,17,open,1.0,1.9199999999999997
1.9,50,111.503541,17,final_d19_open,0,19,open,1.0,1.8999999999999997
2.2,55,111.532319,17,final_d19_open,0,19,open,1.0,2.1999999999999993
1.86,49,111.558065,17,final_d17_closed,0,17,closed,0.0,1.8599999999999997
-0.19,49,111.583786,17,final_d17_open,0,17,open,1.0,-0.1900000000000004
-0.68,18,111.594373,17,d19_detour,2,19,closed,0.0,-0.6800000000000002
1.92,48,111.61968,17,final_d17_closed,0,17,closed,0.0,1.9199999999999997
1.8,55,111.889562,17,final_d19_closed,0,19,closed,0.0,1.7999999999999996
2.58,42,111.913305,17,final_d15_open,0,15,open,1.0,2.5799999999999996
1.86,49,111.94065,17,final_d17_closed,0,17,closed,0.0,1.8599999999999997
4.14,36,111.961706,17,d15_direct,2,15,open,1.0,4.140000000000002
-0.45,55,111.9918,17,final_d19_open,0,19,open,1.0,-0.45000000000000107
1.92,48,112.018433,17,final_d17_open,0,17,open,1.0,1.9199999999999997
2.58,42,112.042567,17,final_d15_open,0,15,open,1.0,2.5799999999999996
2.58,42,112.064939,17,final_d15_open,0,15,open,1.0,2.5799999999999996
0.11,49,112.092753,17,final_d17_closed,0,17,closed,0.0,0.10999999999999965
-5.0,45,112.116763,17,final_d15_closed,0,15,closed,0.0,-5.0
2.46,54,112.146307,17,final_d19_closed,0,19,closed,0.0,2.4599999999999995
2.0,55,112.176552,17,final_d19_closed,0,19,closed,0.0,1.9999999999999996
-0.45,55,112.205157,17,final_d19_open,0,19,open,1.0,-0.4499999999999993
2.26,54,112.233823,17,final_d19_open,0,19,open,1.0,2.26
4.14,36,112.253994,17,d15_direct,2,15,open,1.0,4.140000000000002
2.04,51,112.28206,17,final_d19_closed,0,19,closed,0.0,2.0399999999999996
3.48,42,112.305374,17,d17_medium,2,17,closed,0.0,3.480000000000002
-0.49,49,112.331346,17,final_d17_closed,0,17,closed,0.0,-0.49000000000000044
1.92,48,112.357064,17,final_d17_closed,0,17,closed,0.0,1.9199999999999997
-0.44,49,112.383733,17,final_d17_closed,0,17,closed,0.0,-0.4399999999999995
-5.1,45,112.407326,17,final_d15_closed,0,15,closed,0.0,-5.1
-3.03,3,112.410073,17,d19_detour,2,19,closed,0.5,-3.0300000000000002
-5.1,45,112.433558,17,final_d15_closed,0,15,closed,0.0,-5.1
1.86,49,112.459356,17,final_d17_open,0,17,open,1.0,1.8599999999999997
1.92,48,112.485079,17,final_d17_closed,0,17,closed,0.0,1.9199999999999997
2.46,54,112.513742,17,final_d19_open,0,19,open,1.0,2.4599999999999995
2.58,42,112.536025,17,final_d15_open,0,15,open,1.0,2.5799999999999996
-0.4,55,112.564304,17,final_d19_closed,0,19,closed,0.0,-0.400000000000001
-0.54,49,112.590055,17,final_d17_closed,0,17,closed,0.0,-0.5400000000000009
3.48,42,112.612884,17,d17_medium,2,17,closed,0.0,3.480000000000002
2.58,42,112.635822,17,final_d15_open,0,15,open,1.0,2.5799999999999996
-5.1,45,112.660287,17,final_d15_closed,0,15,closed,0.0,-5.1
2.08,52,112.688368,17,final_d19_closed,0,19,closed,0.0,2.0799999999999996
0.37,43,112.712883,17,final_d15_open,0,15,open,1.0,0.36999999999999966
0.37,43,112.736264,17,final_d15_open,0,15,open,1.0,0.36999999999999966
-5.1,45,112.761036,17,final_d15_closed,0,15,closed,0.0,-5.1
2.58,42,112.784566,17,final_d15_open,0,15,open,1.0,2.5799999999999996
4.14,36,112.80522,17,d15_direct,2,15,open,1.0,4.140000000000002
1.86,49,112.831494,17,final_d17_closed,0,17,closed,0.0,1.8599999999999997
1.92,48,112.857331,17,final_d17_closed,0,17,closed,0.0,1.9199999999999997
2.58,42,112.8806,17,final_d15_open,0,15,open,1.0,2.5799999999999996
-5.1,45,112.905513,17,final_d15_closed,0,15,closed,0.0,-5.1
1.92,48,112.931347,17,final_d17_closed,0,17,closed,0.0,1.9199999999999997
1.92,48,112.957146,17,final_d17_closed,0,17,closed,0.0,1.9199999999999997
2.26,54,112.986193,17,final_d19_open,0,19,open,1.0,2.26
1.92,48,113.232244,17,final_d17_closed,0,17,closed,0.0,1.9199999999999997
2.08,47,113.258117,17,final_d17_open,0,17,open,1.0,2.0799999999999996
-5.1,45,113.284216,17,final_d15_closed,0,15,closed,0.0,-5.1
2.46,54,113.313329,17,final_d19_closed,0,19,closed,0.0,2.4599999999999995
2.58,42,113.335326,17,final_d15_open,0,15,open,1.0,2.5799999999999996
2.1,50,113.361362,17,final_d19_open,0,19,open,1.0,2.0999999999999996
1.92,48,113.387095,17,final_d17_open,0,17,open,1.0,1.9199999999999997
2.15,35,113.406199,17,d19_detour,2,19,closed,0.0,2.1500000000000004
1.92,48,113.432122,17,final_d17_closed,0,17,closed,0.0,1.9199999999999997
-0.34,49,113.457454,17,final_d17_closed,0,17,closed,0.0,-0.34000000000000075
1.92,48,113.482354,17,final_d17_closed,0,17,closed,0.0,1.9199999999999997
1.92,48,113.508604,17,final_d17_closed,0,17,closed,0.0,1.9199999999999997
2.28,52,113.536672,17,final_d19_open,0,19,open,1.0,2.2799999999999994
-0.43,53,113.564818,17,final_d19_open,0,19,open,1.0,-0.42999999999999927
-0.15,55,113.595076,17,final_d19_closed,0,19,closed,0.0,-0.15000000000000036
-2.86,56,113.625134,17,final_d19_closed,0,19,closed,0.0,-2.8599999999999977
-5.1,45,113.650402,17,final_d15_closed,0,15,closed,0.0,-5.1
-0.25,55,113.679802,17,final_d19_closed,0,19,closed,0.0,-0.24999999999999933
-0.45,55,113.709255,17,final_d19_open,0,19,open,1.0,-0.45000000000000107
-4.45,45,113.732782,17,final_d15_closed,0,15,closed,0.0,-4.449999999999997
2.06,54,113.760801,17,final_d19_closed,0,19,closed,0.0,2.0599999999999996
0.37,43,113.783117,17,final_d15_open,0,15,open,1.0,0.36999999999999966
-0.24,49,113.808654,17,final_d17_open,0,17,open,1.0,-0.2400000000000002
2.26,54,113.83661,17,final_d19_closed,0,19,closed,0.0,2.26
-0.68,18,113.84702,17,d19_detour,2,19,closed,0.0,-0.6800000000000002
-2.96,56,113.875544,17,final_d19_closed,0,19,closed,0.0,-2.9599999999999973
0.42,43,113.898113,17,final_d15_open,0,15,open,1.0,0.4199999999999996
4.14,36,113.918636,17,d15_direct,2,15,open,1.0,4.140000000000002
2.58,42,113.941635,17,final_d15_open,0,15,open,1.0,2.5799999999999996
2.14,46,113.966086,17,final_d17_open,0,17,open,1.0,2.1399999999999997
2.58,42,113.988974,17,final_d15_open,0,15,open,1.0,2.5799999999999996
0.15,55,114.017596,17,final_d19_closed,0,19,closed,0.0,0.14999999999999947
2.58,42,114.039931,17,final_d15_open,0,15,open,1.0,2.5799999999999996
-0.68,18,114.051143,17,d19_detour,2,19,closed,0.0,-0.6800000000000002
2.26,54,114.079448,17,final_d19_open,0,19,open,1.0,2.26
2.46,54,114.107918,17,final_d19_open,0,19,open,1.0,2.4599999999999995
2.08,52,114.135644,17,final_d19_open,0,19,open,1.0,2.0799999999999996
-5.1,45,114.159369,17,final_d15_closed,0,15,closed,0.0,-5.1
2.58,42,114.181133,17,final_d15_open,0,15,open,1.0,2.5799999999999996
-0.44,49,114.206344,17,final_d17_closed,0,17,closed,0.0,-0.4400000000000004
1.69,26,114.221736,17,d15_direct,2,15,open,1.0,1.6899999999999997
-5.1,45,114.245477,17,final_d15_closed,0,15,closed,0.0,-5.1
1.92,48,114.270381,17,final_d17_open,0,17,open,1.0,1.9199999999999997
2.58,42,114.293247,17,final_d15_open,0,15,open,1.0,2.5799999999999996
3.48,42,114.534942,17,d17_medium,2,17,closed,0.0,3.480000000000002
1.92,48,114.560474,17,final_d17_open,0,17,open,1.0,1.9199999999999997
1.92,48,114.585988,17,final_d17_closed,0,17,closed,0.0,1.9199999999999997
1.86,49,114.61211,17,final_d17_open,0,17,open,1.0,1.8599999999999997
2.46,54,114.640568,17,final_d19_open,0,19,open,1.0,2.4599999999999995
1.92,48,114.668308,17,final_d17_closed,0,17,closed,0.0,1.9199999999999997
2.26,54,114.699164,17,final_d19_closed,0,19,closed,0.0,2.26
2.46,54,114.727648,17,final_d19_closed,0,19,closed,0.0,2.4599999999999995
1.92,48,114.759304,17,final_d17_closed,0,17,closed,0.0,1.9199999999999997
-0.2,20,114.7711,17,d19_detour,2,19,closed,0.0,-0.20000000000000018
-0.19,49,114.798449,17,final_d17_open,0,17,open,1.0,-0.1900000000000004
2.58,42,114.821222,17,final_d15_open,0,15,open,1.0,2.5799999999999996
0.1,55,114.852141,17,final_d19_closed,0,19,closed,0.0,0.09999999999999964
1.92,48,114.878354,17,final_d17_closed,0,17,closed,0.0,1.9199999999999997
2.08,52,114.905972,17,final_d19_open,0,19,open,1.0,2.0799999999999996
-4.75,45,114.93158,17,final_d15_closed,0,15,closed,0.0,-4.75
1.92,48,114.957519,17,final_d17_open,0,17,open,1.0,1.9199999999999997
1.92,48,114.983367,17,final_d17_open,0,17,open,1.0,1.9199999999999997
-5.1,45,115.012892,17,final_d15_closed,0,15,closed,0.0,-5.1
1.92,48,115.040493,17,final_d17_open,0,17,open,1.0,1.9199999999999997
1.92,48,115.066399,17,final_d17_closed,0,17,closed,0.0,1.9199999999999997
-0.2,20,115.078235,17,d19_detour,2,19,closed,0.0,-0.20000000000000018
1.86,49,115.104861,17,final_d17_closed,0,17,closed,0.0,1.8599999999999997
2.08,52,115.133336,17,final_d19_open,0,19,open,1.0,2.0799999999999996
2.06,54,115.162247,17,final_d19_open,0,19,open,1.0,2.0599999999999996
1.61,34,115.185169,17,d19_detour,2,19,closed,0.0,1.6099999999999997
1.92,48,115.221501,17,final_d17_open,0,17,open,1.0,1.9199999999999997
1.92,48,115.249109,17,final_d17_closed,0,17,closed,0.0,1.9199999999999997
0.37,43,115.272319,17,final_d15_open,0,15,open,1.0,0.36999999999999966
1.92,48,115.298066,17,final_d17_closed,0,17,closed,0.0,1.9199999999999997
2.58,42,115.320796,17,final_d15_open,0,15,open,1.0,2.5799999999999996
2.06,54,115.350033,17,final_d19_open,0,19,open,1.0,2.0599999999999996
2.46,54,115.379276,17,final_d19_open,0,19,open,1.0,2.4599999999999995
2.04,41,115.402095,17,d19_detour,2,19,closed,0.0,2.0399999999999996
-5.1,45,115.426546,17,final_d15_closed,0,15,closed,0.0,-5.1
1.92,48,115.452467,17,final_d17_closed,0,17,closed,0.0,1.9199999999999997
2.58,42,115.477119,17,final_d15_open,0,15,open,1.0,2.5799999999999996
2.14,56,115.507732,17,final_d19_open,0,19,open,1.0,2.1399999999999997
1.86,54,115.537212,17,final_d19_closed,0,19,closed,0.0,1.8599999999999997
1.9,50,115.565467,17,final_d19_closed,0,19,closed,0.0,1.8999999999999997
2.28,52,115.594639,17,final_d19_open,0,19,open,1.0,2.2799999999999994
1.92,48,115.620211,17,final_d17_closed,0,17,closed,0.0,1.9199999999999997
-1.71,56,115.650928,17,final_d19_closed,0,19,closed,0.0,-1.7100000000000004
-0.25,55,115.945169,17,final_d19_closed,0,19,closed,0.0,-0.24999999999999933
1.92,48,115.971382,17,final_d17_closed,0,17,closed,0.0,1.9199999999999997
0.32,43,115.99475,17,final_d15_open,0,15,open,1.0,0.3199999999999996
1.92,48,116.02045,17,final_d17_closed,0,17,closed,0.0,1.9199999999999997
1.92,48,116.046484,17,final_d17_open,0,17,open,1.0,1.9199999999999997
1.92,48,116.071997,17,final_d17_open,0,17,open,1.0,1.9199999999999997
2.28,52,116.102325,17,final_d19_open,0,19,open,1.0,2.2799999999999994
-4.7,45,116.127228,17,final_d15_closed,0,15,closed,0.0,-4.699999999999999
0.11,49,116.153663,17,final_d17_open,0,17,open,1.0,0.10999999999999965
-4.45,45,116.178116,17,final_d15_closed,0,15,closed,0.0,-4.449999999999997
-4.9,45,116.202005,17,final_d15_closed,0,15,closed,0.0,-4.9
-2.09,44,116.225672,17,final_d15_open,0,15,open,1.0,-2.089999999999997
1.92,48,116.252554,17,final_d17_closed,0,17,closed,0.0,1.9199999999999997
-0.11,56,116.283359,17,final_d19_closed,0,19,closed,0.0,-0.11000000000000032
-0.41,26,116.299114,17,d15_direct,2,15,open,1.0,-0.41000000000000036
0.37,43,116.322485,17,final_d15_open,0,15,open,1.0,0.36999999999999966
1.67,33,116.341422,17,d19_detour,2,19,closed,0.0,1.6699999999999997
1.92,48,116.367338,17,final_d17_open,0,17,open,1.0,1.9199999999999997
1.92,48,116.393379,17,final_d17_closed,0,17,closed,0.0,1.9199999999999997
-0.05,55,116.422491,17,final_d19_open,0,19,open,1.0,-0.05000000000000049
-1.04,34,116.441851,17,d19_detour,2,19,closed,0.0,-1.0399999999999994
0.37,43,116.465203,17,final_d15_open,0,15,open,1.0,0.36999999999999966
2.26,54,116.494295,17,final_d19_closed,0,19,closed,0.0,2.26
2.26,54,116.523488,17,final_d19_closed,0,19,closed,0.0,2.26
4.14,36,116.543768,17,d15_direct,2,15,open,1.0,4.140000000000002
1.92,48,116.569319,17,final_d17_open,0,17,open,1.0,1.9199999999999997
-5.1,45,116.593385,17,final_d15_closed,0,15,closed,0.0,-5.1
2.06,54,116.621919,17,final_d19_closed,0,19,closed,0.0,2.0599999999999996
1.92,48,116.648928,17,final_d17_closed,0,17,closed,0.0,1.9199999999999997
2.26,54,116.678788,17,final_d19_closed,0,19,closed,0.0,2.26
2.46,54,116.707138,17,final_d19_open,0,19,open,1.0,2.4599999999999995
-1.79,44,116.730482,17,final_d15_open,0,15,open,1.0,-1.7900000000000005
2.26,54,116.759369,17,final_d19_closed,0,19,closed,0.0,2.26
1.92,48,116.785293,17,final_d17_open,0,17,open,1.0,1.9199999999999997
4.14,36,116.805223,17,d15_direct,2,15,open,1.0,4.140000000000002
4.08,37,116.825747,17,d15_direct,2,15,open,1.0,4.080000000000002
2.58,42,116.848301,17,final_d15_open,0,15,open,1.0,2.5799999999999996
1.8,55,116.877256,17,final_d19_open,0,19,open,1.0,1.7999999999999996
4.14,36,116.89729,17,d15_direct,2,15,open,1.0,4.140000000000002
1.92,48,116.923203,17,final_d17_closed,0,17,closed,0.0,1.9199999999999997
2.06,54,116.952408,17,final_d19_closed,0,19,closed,0.0,2.0599999999999996
1.92,48,116.978237,17,final_d17_open,0,17,open,1.0,1.9199999999999997
-4.75,45,117.003203,17,final_d15_closed,0,15,closed,0.0,-4.75
3.48,42,117.032043,17,d17_medium,2,17,closed,0.0,3.480000000000002
1.75,25,117.046119,17,d15_direct,2,15,open,1.0,1.7499999999999998
1.92,48,117.320641,17,final_d17_closed,0,17,closed,0.0,1.9199999999999997
2.52,43,117.344035,17,final_d15_open,0,15,open,1.0,2.5199999999999996
1.92,48,117.370477,17,final_d17_closed,0,17,closed,0.0,1.9199999999999997
2.28,52,117.398494,17,final_d19_open,0,19,open,1.0,2.2799999999999994
2.26,54,117.427541,17,final_d19_open,0,19,open,1.0,2.26
1.92,48,117.453474,17,final_d17_open,0,17,open,1.0,1.9199999999999997
-5.1,45,117.477219,17,final_d15_closed,0,15,closed,0.0,-5.1
2.28,52,117.504683,17,final_d19_closed,0,19,closed,0.0,2.2799999999999994
-4.75,45,117.529968,17,final_d15_closed,0,15,closed,0.0,-4.75
2.26,54,117.558691,17,final_d19_closed,0,19,closed,0.0,2.26
2.58,42,117.581085,17,final_d15_open,0,15,open,1.0,2.5799999999999996
2.26,54,117.610222,17,final_d19_closed,0,19,closed,0.0,2.26
1.92,48,117.636336,17,final_d17_closed,0,17,closed,0.0,1.9199999999999997
1.92,48,117.663906,17,final_d17_closed,0,17,closed,0.0,1.9199999999999997
2.58,42,117.686377,17,final_d15_open,0,15,open,1.0,2.5799999999999996
4.14,36,117.706584,17,d15_direct,2,15,open,1.0,4.140000000000002
1.22,43,117.730472,17,d17_medium,2,17,closed,0.0,1.2199999999999998
-0.2,55,117.759482,17,final_d19_closed,0,19,closed,0.0,-0.20000000000000107
2.58,42,117.781962,17,final_d15_open,0,15,open,1.0,2.5799999999999996
2.28,52,117.809534,17,final_d19_open,0,19,open,1.0,2.2799999999999994
2.48,52,117.837072,17,final_d19_open,0,19,open,1.0,2.4799999999999995
-4.9,45,117.862321,17,final_d15_closed,0,15,closed,0.0,-4.9
1.92,48,117.889071,17,final_d17_closed,0,17,closed,0.0,1.9199999999999997
4.14,36,117.909294,17,d15_direct,2,15,open,1.0,4.140000000000002
2.08,52,117.93771,17,final_d19_closed,0,19,closed,0.0,2.0799999999999996
2.26,54,117.967539,17,final_d19_open,0,19,open,1.0,2.26
1.92,48,117.99273,17,final_d17_closed,0,17,closed,0.0,1.9199999999999997
-1.91,56,118.021946,17,final_d19_closed,0,19,closed,0.0,-1.9100000000000004
-0.43,53,118.049907,17,final_d19_closed,0,19,closed,0.0,-0.4300000000000004
-4.75,45,118.074451,17,final_d15_closed,0,15,closed,0.0,-4.75
1.86,49,118.102322,17,final_d17_closed,0,17,closed,0.0,1.8599999999999997
0.12,43,118.125414,17,final_d15_open,0,15,open,1.0,0.11999999999999955
-0.44,49,118.151542,17,final_d17_closed,0,17,closed,0.0,-0.4399999999999995
2.26,54,118.180449,17,final_d19_closed,0,19,closed,0.0,2.26
2.26,54,118.209729,17,final_d19_open,0,19,open,1.0,2.26
2.26,54,118.238657,17,final_d19_open,0,19,open,1.0,2.26
2.46,54,118.267324,17,final_d19_open,0,19,open,1.0,2.4599999999999995
-0.68,18,118.278166,17,d19_detour,2,19,closed,0.0,-0.6800000000000002
0.1,55,118.307434,17,final_d19_open,0,19,open,1.0,0.09999999999999942
2.58,42,118.330282,17,final_d15_open,0,15,open,1.0,2.5799999999999996
1.92,48,118.356089,17,final_d17_closed,0,17,closed,0.0,1.9199999999999997
2.46,54,118.385414,17,final_d19_open,0,19,open,1.0,2.4599999999999995
4.14,36,118.406223,17,d15_direct,2,15,open,1.0,4.140000000000002
-5.1,45,118.649739,17,final_d15_closed,0,15,closed,0.0,-5.1
-5.1,45,118.674759,17,final_d15_closed,0,15,closed,0.0,-5.1
3.48,42,118.698127,17,d17_medium,2,17,closed,0.0,3.480000000000002
-0.49,49,118.725065,17,final_d17_closed,0,17,closed,0.0,-0.4899999999999993
1.92,48,118.75088,17,final_d17_closed,0,17,closed,0.0,1.9199999999999997
-5.1,45,118.775731,17,final_d15_closed,0,15,closed,0.0,-5.1
2.14,46,118.801185,17,final_d17_open,0,17,open,1.0,2.1399999999999997
-5.1,45,118.82554,17,final_d15_closed,0,15,closed,0.0,-5.1
2.26,54,118.854277,17,final_d19_closed,0,19,closed,0.0,2.26
2.46,54,118.882528,17,final_d19_closed,0,19,closed,0.0,2.4599999999999995
2.58,42,118.908028,17,final_d15_open,0,15,open,1.0,2.5799999999999996
4.14,36,118.928857,17,d15_direct,2,15,open,1.0,4.140000000000002
-0.49,49,118.954839,17,final_d17_open,0,17,open,1.0,-0.4899999999999993
2.4,55,118.984145,17,final_d19_closed,0,19,closed,0.0,2.3999999999999995
1.92,48,119.009708,17,final_d17_closed,0,17,closed,0.0,1.9199999999999997
2.58,42,119.032212,17,final_d15_open,0,15,open,1.0,2.5799999999999996
-5.1,45,119.05642,17,final_d15_closed,0,15,closed,0.0,-5.1
-5.1,45,119.082016,17,final_d15_closed,0,15,closed,0.0,-5.1
1.31,44,119.10764,17,d17_medium,2,17,closed,0.0,1.3099999999999996
2.4,55,119.137186,17,final_d19_closed,0,19,closed,0.0,2.3999999999999995
-4.8,45,119.16132,17,final_d15_closed,0,15,closed,0.0,-4.799999999999998
0.32,43,119.183559,17,final_d15_open,0,15,open,1.0,0.3199999999999996
1.92,48,119.208318,17,final_d17_open,0,17,open,1.0,1.9199999999999997
-5.1,45,119.23167,17,final_d15_closed,0,15,closed,0.0,-5.1
-0.19,49,119.257111,17,final_d17_closed,0,17,closed,0.0,-0.1900000000000004
1.86,49,119.282428,17,final_d17_closed,0,17,closed,0.0,1.8599999999999997
2.58,42,119.305055,17,final_d15_open,0,15,open,1.0,2.5799999999999996
2.26,54,119.333625,17,final_d19_open,0,19,open,1.0,2.26
2.58,42,119.355285,17,final_d15_open,0,15,open,1.0,2.5799999999999996
2.26,54,119.382874,17,final_d19_closed,0,19,closed,0.0,2.26
2.46,54,119.411239,17,final_d19_open,0,19,open,1.0,2.4599999999999995
-0.49,49,119.438693,17,final_d17_open,0,17,open,1.0,-0.4900000000000009
2.58,42,119.461307,17,final_d15_open,0,15,open,1.0,2.5799999999999996
-0.54,49,119.488147,17,final_d17_closed,0,17,closed,0.0,-0.5399999999999996
0.5,45,119.512391,17,final_d17_open,0,17,open,1.0,0.49999999999999956
-0.08,53,119.540625,17,final_d19_open,0,19,open,1.0,-0.0800000000000003
1.92,48,119.567873,17,final_d17_closed,0,17,closed,0.0,1.9199999999999997
0.1,55,119.597356,17,final_d19_closed,0,19,closed,0.0,0.09999999999999942
0.11,49,119.624303,17,final_d17_closed,0,17,closed,0.0,0.10999999999999965
-5.1,45,119.649484,17,final_d15_closed,0,15,closed,0.0,-5.1
2.26,54,119.679267,17,final_d19_open,0,19,open,1.0,2.26
2.46,54,119.708612,17,final_d19_open,0,19,open,1.0,2.4599999999999995
2.46,54,119.737709,17,final_d19_open,0,19,open,1.0,2.4599999999999995
1.92,48,119.989733,17,final_d17_closed,0,17,closed,0.0,1.9199999999999997
2.2,55,120.019773,17,final_d19_closed,0,19,closed,0.0,2.1999999999999993
2.58,42,120.043775,17,final_d15_open,0,15,open,1.0,2.5799999999999996
-4.75,45,120.068268,17,final_d15_closed,0,15,closed,0.0,-4.75
-4.6,45,120.092721,17,final_d15_closed,0,15,closed,0.0,-4.6
2.46,54,120.121563,17,final_d19_open,0,19,open,1.0,2.4599999999999995
2.26,54,120.150433,17,final_d19_open,0,19,open,1.0,2.26
0.12,43,120.173461,17,final_d15_open,0,15,open,1.0,0.11999999999999966
2.06,54,120.203021,17,final_d19_open,0,19,open,1.0,2.0599999999999996
-0.85,55,120.232539,17,final_d19_open,0,19,open,1.0,-0.8499999999999974
2.58,42,120.25572,17,final_d15_open,0,15,open,1.0,2.5799999999999996
1.86,49,120.282585,17,final_d17_open,0,17,open,1.0,1.8599999999999997
1.92,48,120.309308,17,final_d17_closed,0,17,closed,0.0,1.9199999999999997
1.92,48,120.335059,17,final_d17_closed,0,17,closed,0.0,1.9199999999999997
2.26,54,120.36376,17,final_d19_open,0,19,open,1.0,2.26
0.12,43,120.387029,17,final_d15_open,0,15,open,1.0,0.11999999999999955
2.26,54,120.416494,17,final_d19_closed,0,19,closed,0.0,2.26
1.92,48,120.442305,17,final_d17_closed,0,17,closed,0.0,1.9199999999999997
1.75,25,120.456542,17,d15_direct,2,15,open,1.0,1.7499999999999998
0.12,43,120.479115,17,final_d15_open,0,15,open,1.0,0.11999999999999922
2.46,54,120.507723,17,final_d19_open,0,19,open,1.0,2.4599999999999995
1.92,48,120.533169,17,final_d17_open,0,17,open,1.0,1.9199999999999997
-0.68,18,120.543797,17,d19_detour,2,19,closed,0.0,-0.6800000000000002
-4.95,45,120.570152,17,final_d15_closed,0,15,closed,0.0,-4.95
-5.1,45,120.594916,17,final_d15_closed,0,15,closed,0.0,-5.1
1.92,48,120.621175,17,final_d17_closed,0,17,closed,0.0,1.9199999999999997
1.92,48,120.648015,17,final_d17_open,0,17,open,1.0,1.9199999999999997
1.92,48,120.674575,17,final_d17_closed,0,17,closed,0.0,1.9199999999999997
2.58,42,120.697675,17,final_d15_open,0,15,open,1.0,2.5799999999999996
0.12,43,120.721376,17,final_d15_open,0,15,open,1.0,0.11999999999999966
4.02,48,120.747939,17,d19_detour,2,19,closed,0.0,4.020000000000003
1.92,48,120.773609,17,final_d17_open,0,17,open,1.0,1.9199999999999997
1.75,25,120.788795,17,d15_direct,2,15,open,1.0,1.7499999999999998
4.14,36,120.809734,17,d15_direct,2,15,open,1.0,4.140000000000002
0.05,55,120.839037,17,final_d19_open,0,19,open,1.0,0.04999999999999949
1.92,48,120.864948,17,final_d17_closed,0,17,closed,0.0,1.9199999999999997
1.92,48,120.891551,17,final_d17_closed,0,17,closed,0.0,1.9199999999999997
2.58,42,120.914324,17,final_d15_open,0,15,open,1.0,2.5799999999999996
2.46,54,120.943599,17,final_d19_open,0,19,open,1.0,2.4599999999999995
-5.1,45,120.969048,17,final_d15_closed,0,15,closed,0.0,-5.1
4.14,36,120.989582,17,d15_direct,2,15,open,1.0,4.140000000000002
-5.1,45,121.014283,17,final_d15_closed,0,15,closed,0.0,-5.1
1.92,48,121.04075,17,final_d17_closed,0,17,closed,0.0,1.9199999999999997
-5.1,45,121.065734,17,final_d15_closed,0,15,closed,0.0,-5.1
1.92,48,121.092213,17,final_d17_closed,0,17,closed,0.0,1.9199999999999997
-5.1,45,121.356563,17,final_d15_closed,0,15,closed,0.0,-5.1
-5.1,45,121.381392,17,final_d15_closed,0,15,closed,0.0,-5.1
-5.0,45,121.405102,17,final_d15_closed,0,15,closed,0.0,-5.0
1.92,48,121.430864,17,final_d17_open,0,17,open,1.0,1.9199999999999997
0.12,43,121.453631,17,final_d15_open,0,15,open,1.0,0.11999999999999922
2.06,54,121.495963,17,final_d19_closed,0,19,closed,0.0,2.0599999999999996
1.92,48,121.522853,17,final_d17_closed,0,17,closed,0.0,1.9199999999999997
1.86,49,121.549757,17,final_d17_closed,0,17,closed,0.0,1.8599999999999997
-0.35,55,121.579554,17,final_d19_closed,0,19,closed,0.0,-0.350000000000001
1.75,25,121.597854,17,d15_direct,2,15,open,1.0,1.7499999999999998
0.57,43,121.627934,17,final_d15_open,0,15,open,1.0,0.5699999999999996
2.58,42,121.650048,17,final_d15_open,0,15,open,1.0,2.5799999999999996
-0.68,18,121.661428,17,d19_detour,2,19,closed,0.0,-0.6800000000000002
-4.8,45,121.686877,17,final_d15_closed,0,15,closed,0.0,-4.799999999999998
2.58,42,121.709253,17,final_d15_open,0,15,open,1.0,2.5799999999999996
2.28,52,121.737403,17,final_d19_closed,0,19,closed,0.0,2.2799999999999994
1.92,48,121.763313,17,final_d17_open,0,17,open,1.0,1.9199999999999997
2.58,42,121.785864,17,final_d15_open,0,15,open,1.0,2.5799999999999996
2.46,54,121.814686,17,final_d19_closed,0,19,closed,0.0,2.4599999999999995
-4.9,45,121.838585,17,final_d15_closed,0,15,closed,0.0,-4.9
2.58,42,121.861242,17,final_d15_open,0,15,open,1.0,2.5799999999999996
1.75,25,121.875733,17,d15_direct,2,15,open,1.0,1.7499999999999998
-0.19,49,121.902064,17,final_d17_closed,0,17,closed,0.0,-0.1900000000000004
1.07,43,121.926037,17,d17_medium,2,17,closed,0.0,1.0699999999999994
2.06,54,121.955355,17,final_d19_closed,0,19,closed,0.0,2.0599999999999996
2.58,42,121.981397,17,final_d15_open,0,15,open,1.0,2.5799999999999996
2.08,52,122.010037,17,final_d19_open,0,19,open,1.0,2.0799999999999996
2.46,54,122.038714,17,final_d19_open,0,19,open,1.0,2.4599999999999995
1.92,48,122.064676,17,final_d17_closed,0,17,closed,0.0,1.9199999999999997
2.26,54,122.093773,17,final_d19_open,0,19,open,1.0,2.26
1.92,48,122.11968,17,final_d17_closed,0,17,closed,0.0,1.9199999999999997
-4.65,45,122.143519,17,final_d15_closed,0,15,closed,0.0,-4.649999999999999
1.92,48,122.168535,17,final_d17_open,0,17,open,1.0,1.9199999999999997
1.92,48,122.194478,17,final_d17_closed,0,17,closed,0.0,1.9199999999999997
4.14,36,122.214443,17,d15_direct,2,15,open,1.0,4.140000000000002
1.86,49,122.240557,17,final_d17_open,0,17,open,1.0,1.8599999999999997
0.32,43,122.263642,17,final_d15_open,0,15,open,1.0,0.3199999999999996
1.92,48,122.289892,17,final_d17_open,0,17,open,1.0,1.9199999999999997
2.1,40,122.311736,17,d19_detour,2,19,closed,0.0,2.0999999999999996
-0.19,49,122.338096,17,final_d17_open,0,17,open,1.0,-0.1900000000000004
2.58,42,122.361103,17,final_d15_open,0,15,open,1.0,2.5799999999999996
1.67,33,122.379503,17,d19_detour,2,19,closed,0.0,1.6699999999999997
1.92,48,122.404935,17,final_d17_closed,0,17,closed,0.0,1.9199999999999997
4.14,36,122.425986,17,d15_direct,2,15,open,1.0,4.140000000000002
2.46,54,122.45532,17,final_d19_closed,0,19,closed,0.0,2.4599999999999995
2.58,42,122.477769,17,final_d15_open,0,15,open,1.0,2.5799999999999996
2.58,42,122.757599,17,final_d15_open,0,15,open,1.0,2.5799999999999996
2.4,55,122.787405,17,final_d19_closed,0,19,closed,0.0,2.3999999999999995
2.28,52,122.81576,17,final_d19_closed,0,19,closed,0.0,2.2799999999999994
1.92,48,122.841571,17,final_d17_closed,0,17,closed,0.0,1.9199999999999997
2.26,54,122.871789,17,final_d19_closed,0,19,closed,0.0,2.26
2.58,42,122.894409,17,final_d15_open,0,15,open,1.0,2.5799999999999996
3.48,42,122.918369,17,d17_medium,2,17,closed,0.0,3.480000000000002
2.1,50,122.945739,17,final_d19_open,0,19,open,1.0,2.0999999999999996
-5.0,45,122.970427,17,final_d15_closed,0,15,closed,0.0,-5.0
-5.1,45,122.996416,17,final_d15_closed,0,15,closed,0.0,-5.1
2.26,54,123.025888,17,final_d19_open,0,19,open,1.0,2.26
0.35,55,123.056494,17,final_d19_open,0,19,open,1.0,0.34999999999999964
2.58,42,123.080742,17,final_d15_open,0,15,open,1.0,2.5799999999999996
2.14,46,123.106222,17,final_d17_open,0,17,open,1.0,2.1399999999999997
1.92,48,123.13355,17,final_d17_open,0,17,open,1.0,1.9199999999999997
1.92,48,123.160353,17,final_d17_open,0,17,open,1.0,1.9199999999999997
2.26,54,123.198112,17,final_d19_closed,0,19,closed,0.0,2.26
-2.55,5,123.202908,17,d19_detour,2,19,closed,0.5,-2.55
1.92,48,123.228258,17,final_d17_closed,0,17,closed,0.0,1.9199999999999997
1.92,48,123.254946,17,final_d17_closed,0,17,closed,0.0,1.9199999999999997
2.46,54,123.285088,17,final_d19_closed,0,19,closed,0.0,2.4599999999999995
0.11,49,123.312467,17,final_d17_closed,0,17,closed,0.0,0.10999999999999965
2.06,54,123.342301,17,final_d19_closed,0,19,closed,0.0,2.0599999999999996
2.4,55,123.372038,17,final_d19_closed,0,19,closed,0.0,2.3999999999999995
4.14,36,123.392663,17,d15_direct,2,15,open,1.0,4.140000000000002
-5.1,45,123.41606,17,final_d15_closed,0,15,closed,0.0,-5.1
2.06,54,123.444273,17,final_d19_closed,0,19,closed,0.0,2.0599999999999996
2.06,54,123.472584,17,final_d19_closed,0,19,closed,0.0,2.0599999999999996
1.86,49,123.498256,17,final_d17_open,0,17,open,1.0,1.8599999999999997
-4.4,45,123.521497,17,final_d15_closed,0,15,closed,0.0,-4.399999999999998
1.92,48,123.546144,17,final_d17_closed,0,17,closed,0.0,1.9199999999999997
2.46,54,123.574306,17,final_d19_closed,0,19,closed,0.0,2.4599999999999995
-5.1,45,123.597737,17,final_d15_closed,0,15,closed,0.0,-5.1
2.58,42,123.619451,17,final_d15_open,0,15,open,1.0,2.5799999999999996
-5.1,45,123.642738,17,final_d15_closed,0,15,closed,0.0,-5.1
2.46,54,123.671511,17,final_d19_open,0,19,open,1.0,2.4599999999999995
2.46,54,123.699203,17,final_d19_open,0,19,open,1.0,2.4599999999999995
-5.1,45,123.722975,17,final_d15_closed,0,15,closed,0.0,-5.1
2.46,54,123.751083,17,final_d19_open,0,19,open,1.0,2.4599999999999995
2.46,54,123.778708,17,final_d19_closed,0,19,closed,0.0,2.4599999999999995
0.45,55,123.806913,17,final_d19_closed,0,19,closed,0.0,0.44999999999999973
4.08,37,123.827507,17,d15_direct,2,15,open,1.0,4.080000000000002
1.92,48,124.070076,17,final_d17_closed,0,17,closed,0.0,1.9199999999999997
-5.1,45,124.094712,17,final_d15_closed,0,15,closed,0.0,-5.1
-4.75,45,124.119355,17,final_d15_closed,0,15,closed,0.0,-4.75
1.92,48,124.145281,17,final_d17_closed,0,17,closed,0.0,1.9199999999999997
-0.54,49,124.171747,17,final_d17_closed,0,17,closed,0.0,-0.5400000000000009
2.26,54,124.200514,17,final_d19_closed,0,19,closed,0.0,2.26
1.92,48,124.226381,17,final_d17_closed,0,17,closed,0.0,1.9199999999999997
2.58,42,124.249614,17,final_d15_open,0,15,open,1.0,2.5799999999999996
1.92,48,124.275525,17,final_d17_closed,0,17,closed,0.0,1.9199999999999997
2.26,54,124.304865,17,final_d19_open,0,19,open,1.0,2.26
2.46,54,124.33445,17,final_d19_closed,0,19,closed,0.0,2.4599999999999995
0.11,49,124.360698,17,final_d17_open,0,17,open,1.0,0.10999999999999965
1.31,29,124.378583,17,d17_medium,2,17,closed,0.0,1.3099999999999998
2.46,54,124.40658,17,final_d19_closed,0,19,closed,0.0,2.4599999999999995
1.92,48,124.431535,17,final_d17_open,0,17,open,1.0,1.9199999999999997
2.58,42,124.454539,17,final_d15_open,0,15,open,1.0,2.5799999999999996
1.92,48,124.480546,17,final_d17_open,0,17,open,1.0,1.9199999999999997
4.14,36,124.500848,17,d15_direct,2,15,open,1.0,4.140000000000002
-0.45,55,124.529933,17,final_d19_open,0,19,open,1.0,-0.4499999999999973
-0.49,49,124.557419,17,final_d17_closed,0,17,closed,0.0,-0.4899999999999993
2.46,54,124.586394,17,final_d19_open,0,19,open,1.0,2.4599999999999995
1.92,48,124.61323,17,final_d17_closed,0,17,closed,0.0,1.9199999999999997
-4.8,45,124.637951,17,final_d15_closed,0,15,closed,0.0,-4.799999999999999
2.46,54,124.668664,17,final_d19_closed,0,19,closed,0.0,2.4599999999999995
-5.1,45,124.693465,17,final_d15_closed,0,15,closed,0.0,-5.1
1.92,48,124.719678,17,final_d17_closed,0,17,closed,0.0,1.9199999999999997
1.31,29,124.736704,17,d17_medium,2,17,closed,0.0,1.3099999999999998
4.14,36,124.757035,17,d15_direct,2,15,open,1.0,4.140000000000002
-0.49,49,124.784045,17,final_d17_closed,0,17,closed,0.0,-0.4900000000000009
2.26,54,124.814116,17,final_d19_open,0,19,open,1.0,2.26
2.58,42,124.83667,17,final_d15_open,0,15,open,1.0,2.5799999999999996
4.14,36,124.85695,17,d15_direct,2,15,open,1.0,4.140000000000002
2.26,54,124.886043,17,final_d19_closed,0,19,closed,0.0,2.26
2.4,55,124.915689,17,final_d19_closed,0,19,closed,0.0,2.3999999999999995
2.06,54,124.94431,17,final_d19_closed,0,19,closed,0.0,2.0599999999999996
-5.1,45,124.970004,17,final_d15_closed,0,15,closed,0.0,-5.1
-4.45,45,124.99432,17,final_d15_closed,0,15,closed,0.0,-4.449999999999999
-5.1,45,125.019244,17,final_d15_closed,0,15,closed,0.0,-5.1
2.58,42,125.041885,17,final_d15_open,0,15,open,1.0,2.5799999999999996
1.67,33,125.060545,17,d19_detour,2,19,closed,0.0,1.6699999999999997
2.46,54,125.089391,17,final_d19_open,0,19,open,1.0,2.4599999999999995
1.86,49,125.11581,17,final_d17_open,0,17,open,1.0,1.8599999999999997
1.92,48,125.141641,17,final_d17_closed,0,17,closed,0.0,1.9199999999999997
2.58,42,125.164224,17,final_d15_open,0,15,open,1.0,2.5799999999999996
2.14,46,125.418724,17,final_d17_open,0,17,open,1.0,2.1399999999999997
2.58,42,125.442275,17,final_d15_open,0,15,open,1.0,2.5799999999999996
1.92,48,125.468525,17,final_d17_closed,0,17,closed,0.0,1.9199999999999997
2.46,54,125.497803,17,final_d19_closed,0,19,closed,0.0,2.4599999999999995
3.48,42,125.521478,17,d17_medium,2,17,closed,0.0,3.480000000000002
1.92,48,125.548445,17,final_d17_open,0,17,open,1.0,1.9199999999999997
2.26,54,125.578422,17,final_d19_open,0,19,open,1.0,2.26
-0.2,55,125.609025,17,final_d19_open,0,19,open,1.0,-0.20000000000000062
2.46,54,125.638109,17,final_d19_open,0,19,open,1.0,2.4599999999999995
0.01,49,125.665784,17,final_d17_open,0,17,open,1.0,0.009999999999999787
2.46,54,125.696218,17,final_d19_closed,0,19,closed,0.0,2.4599999999999995
2.4,55,125.726806,17,final_d19_open,0,19,open,1.0,2.3999999999999995
1.92,48,125.752746,17,final_d17_open,0,17,open,1.0,1.9199999999999997
-5.1,45,125.777312,17,final_d15_closed,0,15,closed,0.0,-5.1
2.46,54,125.806341,17,final_d19_closed,0,19,closed,0.0,2.4599999999999995
2.26,54,125.835365,17,final_d19_closed,0,19,closed,0.0,2.26
-5.1,45,125.859878,17,final_d15_closed,0,15,closed,0.0,-5.1
-0.45,55,125.889112,17,final_d19_open,0,19,open,1.0,-0.4500000000000013
1.92,48,125.915043,17,final_d17_closed,0,17,closed,0.0,1.9199999999999997
1.67,33,125.934831,17,d19_detour,2,19,closed,0.0,1.6699999999999997
2.46,54,125.963971,17,final_d19_closed,0,19,closed,0.0,2.4599999999999995
-0.6,50,125.991063,17,final_d17_closed,0,17,closed,0.0,-0.5999999999999996
3.48,42,126.014648,17,d17_medium,2,17,closed,0.0,3.480000000000002
1.92,48,126.040663,17,final_d17_closed,0,17,closed,0.0,1.9199999999999997
1.92,48,126.066584,17,final_d17_open,0,17,open,1.0,1.9199999999999997
2.58,42,126.090259,17,final_d15_open,0,15,open,1.0,2.5799999999999996
2.58,42,126.11326,17,final_d15_open,0,15,open,1.0,2.5799999999999996
3.48,42,126.136983,17,d17_medium,2,17,closed,0.0,3.480000000000002
2.58,42,126.159798,17,final_d15_open,0,15,open,1.0,2.5799999999999996
1.92,48,126.185915,17,final_d17_open,0,17,open,1.0,1.9199999999999997
2.58,42,126.208755,17,final_d15_open,0,15,open,1.0,2.5799999999999996
2.14,46,126.233573,17,final_d17_open,0,17,open,1.0,2.1399999999999997
1.92,48,126.259548,17,final_d17_closed,0,17,closed,0.0,1.9199999999999997
2.46,54,126.288627,17,final_d19_closed,0,19,closed,0.0,2.4599999999999995
2.58,42,126.31141,17,final_d15_open,0,15,open,1.0,2.5799999999999996
2.58,42,126.334507,17,final_d15_open,0,15,open,1.0,2.5799999999999996
2.58,42,126.356391,17,final_d15_open,0,15,open,1.0,2.5799999999999996
2.58,42,126.379488,17,final_d15_open,0,15,open,1.0,2.5799999999999996
2.4,55,126.410847,17,final_d19_open,0,19,open,1.0,2.3999999999999995
2.46,54,126.439596,17,final_d19_open,0,19,open,1.0,2.4599999999999995
2.46,54,126.468756,17,final_d19_open,0,19,open,1.0,2.4599999999999995
0.11,49,126.495137,17,final_d17_open,0,17,open,1.0,0.10999999999999988
1.92,48,126.521001,17,final_d17_closed,0,17,closed,0.0,1.9199999999999997
1.92,48,126.772397,17,final_d17_closed,0,17,closed,0.0,1.9199999999999997
2.58,42,126.795828,17,final_d15_open,0,15,open,1.0,2.5799999999999996
2.08,52,126.823972,17,final_d19_closed,0,19,closed,0.0,2.0799999999999996
-5.1,45,126.84863,17,final_d15_closed,0,15,closed,0.0,-5.1
2.46,54,126.87847,17,final_d19_open,0,19,open,1.0,2.4599999999999995
2.58,42,126.90198,17,final_d15_open,0,15,open,1.0,2.5799999999999996
-4.8,45,126.927174,17,final_d15_closed,0,15,closed,0.0,-4.800000000000001
-0.16,56,126.960675,17,final_d19_open,0,19,open,1.0,-0.1600000000000006
-4.75,45,126.986514,17,final_d15_closed,0,15,closed,0.0,-4.75
-4.75,45,127.014048,17,final_d15_closed,0,15,closed,0.0,-4.749999999999998
2.28,52,127.041869,17,final_d19_open,0,19,open,1.0,2.2799999999999994
2.28,52,127.069707,17,final_d19_open,0,19,open,1.0,2.2799999999999994
-5.0,45,127.094773,17,final_d15_closed,0,15,closed,0.0,-5.0
-5.0,45,127.119443,17,final_d15_closed,0,15,closed,0.0,-5.0
2.58,42,127.14263,17,final_d15_open,0,15,open,1.0,2.5799999999999996
-5.1,45,127.167458,17,final_d15_closed,0,15,closed,0.0,-5.1
-5.1,45,127.193631,17,final_d15_closed,0,15,closed,0.0,-5.1
-5.1,45,127.218055,17,final_d15_closed,0,15,closed,0.0,-5.1
1.92,48,127.245184,17,final_d17_closed,0,17,closed,0.0,1.9199999999999997
2.58,42,127.268011,17,final_d15_open,0,15,open,1.0,2.5799999999999996
2.58,42,127.291945,17,final_d15_open,0,15,open,1.0,2.5799999999999996
1.92,48,127.31789,17,final_d17_closed,0,17,closed,0.0,1.9199999999999997
1.92,48,127.34471,17,final_d17_open,0,17,open,1.0,1.9199999999999997
2.58,42,127.367364,17,final_d15_open,0,15,open,1.0,2.5799999999999996
1.92,48,127.393682,17,final_d17_closed,0,17,closed,0.0,1.9199999999999997
1.92,48,127.419948,17,final_d17_closed,0,17,closed,0.0,1.9199999999999997
2.2,55,127.451587,17,final_d19_open,0,19,open,1.0,2.1999999999999993
2.26,54,127.481476,17,final_d19_open,0,19,open,1.0,2.26
-4.3,45,127.50587,17,final_d15_closed,0,15,closed,0.0,-4.299999999999999
2.58,42,127.528965,17,final_d15_open,0,15,open,1.0,2.5799999999999996
4.14,36,127.549239,17,d15_direct,2,15,open,1.0,4.140000000000002
1.92,48,127.575513,17,final_d17_open,0,17,open,1.0,1.9199999999999997
2.58,42,127.598119,17,final_d15_open,0,15,open,1.0,2.5799999999999996
2.14,46,127.623418,17,final_d17_open,0,17,open,1.0,2.1399999999999997
2.58,42,127.646118,17,final_d15_open,0,15,open,1.0,2.5799999999999996
2.28,52,127.675372,17,final_d19_open,0,19,open,1.0,2.2799999999999994
2.58,42,127.698552,17,final_d15_open,0,15,open,1.0,2.5799999999999996
1.92,48,127.7249,17,final_d17_open,0,17,open,1.0,1.9199999999999997
2.26,54,127.754037,17,final_d19_open,0,19,open,1.0,2.26
1.92,48,127.78024,17,final_d17_closed,0,17,closed,0.0,1.9199999999999997
2.28,52,127.807882,17,final_d19_open,0,19,open,1.0,2.2799999999999994
1.92,48,127.833541,17,final_d17_open,0,17,open,1.0,1.9199999999999997
-0.1,55,127.863059,17,final_d19_closed,0,19,closed,0.0,-0.10000000000000053
1.92,48,127.889094,17,final_d17_closed,0,17,closed,0.0,1.9199999999999997
2.06,54,128.142219,17,final_d19_open,0,19,open,1.0,2.0599999999999996
2.58,42,128.165139,17,final_d15_open,0,15,open,1.0,2.5799999999999996
0.25,55,128.195081,17,final_d19_open,0,19,open,1.0,0.24999999999999956
-0.68,18,128.205806,17,d19_detour,2,19,closed,0.0,-0.6800000000000002
2.58,42,128.228562,17,final_d15_open,0,15,open,1.0,2.5799999999999996
3.48,42,128.252721,17,d17_medium,2,17,closed,0.0,3.480000000000002
2.2,55,128.282805,17,final_d19_closed,0,19,closed,0.0,2.1999999999999993
1.92,48,128.309177,17,final_d17_closed,0,17,closed,0.0,1.9199999999999997
-5.1,45,128.333669,17,final_d15_closed,0,15,closed,0.0,-5.1
2.58,42,128.356366,17,final_d15_open,0,15,open,1.0,2.5799999999999996
2.58,42,128.379422,17,final_d15_open,0,15,open,1.0,2.5799999999999996
1.31,29,128.396161,17,d17_medium,2,17,closed,0.0,1.3099999999999998
2.26,54,128.425508,17,final_d19_closed,0,19,closed,0.0,2.26
1.92,48,128.451283,17,final_d17_open,0,17,open,1.0,1.9199999999999997
-0.19,49,128.478542,17,final_d17_closed,0,17,closed,0.0,-0.1900000000000004
-0.2,55,128.508351,17,final_d19_open,0,19,open,1.0,-0.20000000000000062
2.06,54,128.536943,17,final_d19_closed,0,19,closed,0.0,2.0599999999999996
-5.1,45,128.562101,17,final_d15_closed,0,15,closed,0.0,-5.1
1.92,48,128.587765,17,final_d17_open,0,17,open,1.0,1.9199999999999997
-5.1,45,128.612122,17,final_d15_closed,0,15,closed,0.0,-5.1
1.92,48,128.637792,17,final_d17_open,0,17,open,1.0,1.9199999999999997
1.92,48,128.663861,17,final_d17_open,0,17,open,1.0,1.9199999999999997
-0.2,20,128.676452,17,d19_detour,2,19,closed,0.0,-0.20000000000000007
4.14,36,128.696434,17,d15_direct,2,15,open,1.0,4.140000000000002
2.26,54,128.726198,17,final_d19_closed,0,19,closed,0.0,2.26
1.75,25,128.740853,17,d15_direct,2,15,open,1.0,1.7499999999999998
2.26,54,128.770291,17,final_d19_open,0,19,open,1.0,2.26
2.26,54,128.800298,17,final_d19_closed,0,19,closed,0.0,2.26
-0.43,53,128.828403,17,final_d19_open,0,19,open,1.0,-0.4299999999999995
-2.77,57,128.858214,17,final_d19_closed,0,19,closed,0.0,-2.770000000000001
2.58,42,128.88161,17,final_d15_open,0,15,open,1.0,2.5799999999999996
-0.1,55,128.911617,17,final_d19_closed,0,19,closed,0.0,-0.10000000000000031
-5.0,45,128.93576,17,final_d15_closed,0,15,closed,0.0,-5.0
2.58,42,128.958483,17,final_d15_open,0,15,open,1.0,2.5799999999999996
2.28,52,128.986334,17,final_d19_open,0,19,open,1.0,2.2799999999999994
-0.2,20,128.998554,17,d19_detour,2,19,closed,0.0,-0.20000000000000018
-2.34,44,129.021853,17,final_d15_open,0,15,open,1.0,-2.339999999999998
0.32,43,129.046089,17,final_d15_open,0,15,open,1.0,0.3199999999999996
1.92,48,129.072445,17,final_d17_open,0,17,open,1.0,1.9199999999999997
-4.8,45,129.098623,17,final_d15_closed,0,15,closed,0.0,-4.799999999999999
-5.1,45,129.123938,17,final_d15_closed,0,15,closed,0.0,-5.1
2.06,54,129.152847,17,final_d19_closed,0,19,closed,0.0,2.0599999999999996
2.46,54,129.181635,17,final_d19_open,0,19,open,1.0,2.4599999999999995
1.92,48,129.207372,17,final_d17_closed,0,17,closed,0.0,1.9199999999999997
1.92,48,129.233046,17,final_d17_closed,0,17,closed,0.0,1.9199999999999997
1.92,48,129.483313,17,final_d17_closed,0,17,closed,0.0,1.9199999999999997
2.58,42,129.50633,17,final_d15_open,0,15,open,1.0,2.5799999999999996
2.58,42,129.528673,17,final_d15_open,0,15,open,1.0,2.5799999999999996
1.92,48,129.553875,17,final_d17_open,0,17,open,1.0,1.9199999999999997
2.06,54,129.582565,17,final_d19_closed,0,19,closed,0.0,2.0599999999999996
1.92,48,129.607689,17,final_d17_open,0,17,open,1.0,1.9199999999999997
2.58,42,129.630218,17,final_d15_open,0,15,open,1.0,2.5799999999999996
1.92,48,129.65549,17,final_d17_open,0,17,open,1.0,1.9199999999999997
-5.1,45,129.679399,17,final_d15_closed,0,15,closed,0.0,-5.1
1.67,33,129.698167,17,d19_detour,2,19,closed,0.0,1.6699999999999997
-0.54,49,129.725461,17,final_d17_closed,0,17,closed,0.0,-0.5400000000000009
-4.9,45,129.74944,17,final_d15_closed,0,15,closed,0.0,-4.9
1.92,48,129.775258,17,final_d17_closed,0,17,closed,0.0,1.9199999999999997
1.92,48,129.80105,17,final_d17_closed,0,17,closed,0.0,1.9199999999999997
2.26,54,129.829742,17,final_d19_open,0,19,open,1.0,2.26
2.0,55,129.859197,17,final_d19_closed,0,19,closed,0.0,1.9999999999999996
2.58,42,129.881838,17,final_d15_open,0,15,open,1.0,2.5799999999999996
2.26,54,129.910744,17,final_d19_open,0,19,open,1.0,2.26
2.28,52,129.938877,17,final_d19_open,0,19,open,1.0,2.2799999999999994
4.14,36,129.959705,17,d15_direct,2,15,open,1.0,4.140000000000002
3.48,42,129.983335,17,d17_medium,2,17,closed,0.0,3.480000000000002
1.92,48,130.009243,17,final_d17_open,0,17,open,1.0,1.9199999999999997
2.58,42,130.031852,17,final_d15_open,0,15,open,1.0,2.5799999999999996
-2.46,56,130.061719,17,final_d19_closed,0,19,closed,0.0,-2.4600000000000004
2.26,54,130.091687,17,final_d19_open,0,19,open,1.0,2.26
1.86,49,130.118576,17,final_d17_closed,0,17,closed,0.0,1.8599999999999997
2.52,43,130.141985,17,final_d15_open,0,15,open,1.0,2.5199999999999996
2.2,55,130.172714,17,final_d19_closed,0,19,closed,0.0,2.1999999999999993
2.58,42,130.195115,17,final_d15_open,0,15,open,1.0,2.5799999999999996
-0.19,49,130.221206,17,final_d17_open,0,17,open,1.0,-0.1900000000000004
1.92,48,130.24711,17,final_d17_open,0,17,open,1.0,1.9199999999999997
2.06,54,130.275941,17,final_d19_open,0,19,open,1.0,2.0599999999999996
1.92,48,130.301813,17,final_d17_open,0,17,open,1.0,1.9199999999999997
2.46,54,130.330718,17,final_d19_closed,0,19,closed,0.0,2.4599999999999995
1.86,54,130.360558,17,final_d19_closed,0,19,closed,0.0,1.8599999999999997
-5.0,45,130.385561,17,final_d15_closed,0,15,closed,0.0,-5.0
1.92,48,130.411378,17,final_d17_open,0,17,open,1.0,1.9199999999999997
-0.28,53,130.439424,17,final_d19_closed,0,19,closed,0.0,-0.2800000000000007
-5.0,45,130.46394,17,final_d15_closed,0,15,closed,0.0,-5.0
-5.1,45,130.488276,17,final_d15_closed,0,15,closed,0.0,-5.1
-4.45,45,130.513352,17,final_d15_closed,0,15,closed,0.0,-4.4499999999999975
1.92,48,130.539057,17,final_d17_open,0,17,open,1.0,1.9199999999999997
-0.6,55,130.568583,17,final_d19_closed,0,19,closed,0.0,-0.6000000000000005
2.52,43,130.837691,17,final_d15_open,0,15,open,1.0,2.5199999999999996
-4.75,45,130.862516,17,final_d15_closed,0,15,closed,0.0,-4.75
2.58,42,130.886515,17,final_d15_open,0,15,open,1.0,2.5799999999999996
2.46,54,130.924335,17,final_d19_closed,0,19,closed,0.0,2.4599999999999995
1.92,48,130.952501,17,final_d17_closed,0,17,closed,0.0,1.9199999999999997
2.26,54,130.981848,17,final_d19_closed,0,19,closed,0.0,2.26
-5.1,45,131.005923,17,final_d15_closed,0,15,closed,0.0,-5.1
4.14,36,131.026113,17,d15_direct,2,15,open,1.0,4.140000000000002
2.4,55,131.055092,17,final_d19_closed,0,19,closed,0.0,2.3999999999999995
1.92,48,131.081729,17,final_d17_closed,0,17,closed,0.0,1.9199999999999997
2.46,54,131.111084,17,final_d19_closed,0,19,closed,0.0,2.4599999999999995
0.11,49,131.139048,17,final_d17_closed,0,17,closed,0.0,0.10999999999999988
2.46,54,131.167879,17,final_d19_open,0,19,open,1.0,2.4599999999999995
2.14,46,131.192745,17,final_d17_open,0,17,open,1.0,2.1399999999999997
1.92,48,131.218946,17,final_d17_open,0,17,open,1.0,1.9199999999999997
1.92,48,131.244806,17,final_d17_closed,0,17,closed,0.0,1.9199999999999997
-5.0,45,131.26898,17,final_d15_closed,0,15,closed,0.0,-5.0
-4.8,45,131.293259,17,final_d15_closed,0,15,closed,0.0,-4.799999999999998
1.92,48,131.318921,17,final_d17_open,0,17,open,1.0,1.9199999999999997
4.14,36,131.339752,17,d15_direct,2,15,open,1.0,4.140000000000002
2.46,54,131.368471,17,final_d19_open,0,19,open,1.0,2.4599999999999995
-5.1,45,131.392823,17,final_d15_closed,0,15,closed,0.0,-5.1
1.92,48,131.418514,17,final_d17_open,0,17,open,1.0,1.9199999999999997
2.46,54,131.447345,17,final_d19_open,0,19,open,1.0,2.4599999999999995
2.58,42,131.470359,17,final_d15_open,0,15,open,1.0,2.5799999999999996
2.46,54,131.499491,17,final_d19_open,0,19,open,1.0,2.4599999999999995
-0.1,55,131.529941,17,final_d19_closed,0,19,closed,0.0,-0.10000000000000053
2.46,54,131.559365,17,final_d19_open,0,19,open,1.0,2.4599999999999995
-0.27,47,131.585286,17,final_d17_open,0,17,open,1.0,-0.27000000000000046
2.14,46,131.609986,17,final_d17_open,0,17,open,1.0,2.1399999999999997
2.46,54,131.639059,17,final_d19_closed,0,19,closed,0.0,2.4599999999999995
0.25,55,131.668828,17,final_d19_open,0,19,open,1.0,0.24999999999999978
0.11,49,131.695867,17,final_d17_closed,0,17,closed,0.0,0.10999999999999965
2.58,42,131.719503,17,final_d15_open,0,15,open,1.0,2.5799999999999996
-0.25,55,131.7485,17,final_d19_closed,0,19,closed,0.0,-0.24999999999999933
1.92,48,131.774117,17,final_d17_open,0,17,open,1.0,1.9199999999999997
-4.8,45,131.798229,17,final_d15_closed,0,15,closed,0.0,-4.799999999999999
2.26,54,131.828051,17,final_d19_open,0,19,open,1.0,2.26
1.92,48,131.853687,17,final_d17_closed,0,17,closed,0.0,1.9199999999999997
0.11,49,131.879806,17,final_d17_open,0,17,open,1.0,0.10999999999999965
2.58,42,131.903029,17,final_d15_open,0,15,open,1.0,2.5799999999999996
1.92,48,131.92873,17,final_d17_open,0,17,open,1.0,1.9199999999999997
1.92,48,132.188414,17,final_d17_open,0,17,open,1.0,1.9199999999999997
1.86,49,132.215189,17,final_d17_open,0,17,open,1.0,1.8599999999999997
-0.15,55,132.244394,17,final_d19_closed,0,19,closed,0.0,-0.15000000000000036
-0.68,18,132.25516,17,d19_detour,2,19,closed,0.0,-0.6800000000000002
4.02,48,132.281906,17,d19_detour,2,19,closed,0.0,4.020000000000003
0.1,55,132.311623,17,final_d19_open,0,19,open,1.0,0.09999999999999964
2.46,54,132.340903,17,final_d19_closed,0,19,closed,0.0,2.4599999999999995
2.14,46,132.365662,17,final_d17_open,0,17,open,1.0,2.1399999999999997
1.92,48,132.391464,17,final_d17_open,0,17,open,1.0,1.9199999999999997
2.46,54,132.420352,17,final_d19_closed,0,19,closed,0.0,2.4599999999999995
-0.49,49,132.447053,17,final_d17_closed,0,17,closed,0.0,-0.4899999999999993
2.58,42,132.469826,17,final_d15_open,0,15,open,1.0,2.5799999999999996
1.92,48,132.496134,17,final_d17_open,0,17,open,1.0,1.9199999999999997
2.46,54,132.525398,17,final_d19_closed,0,19,closed,0.0,2.4599999999999995
2.46,54,132.554455,17,final_d19_closed,0,19,closed,0.0,2.4599999999999995
1.92,48,132.580639,17,final_d17_open,0,17,open,1.0,1.9199999999999997
0.11,49,132.607238,17,final_d17_closed,0,17,closed,0.0,0.10999999999999965
2.58,42,132.629757,17,final_d15_open,0,15,open,1.0,2.5799999999999996
2.0,55,132.660165,17,final_d19_open,0,19,open,1.0,1.9999999999999996
1.92,48,132.686108,17,final_d17_closed,0,17,closed,0.0,1.9199999999999997
3.48,42,132.709754,17,d17_medium,2,17,closed,0.0,3.480000000000002
1.92,48,132.735476,17,final_d17_open,0,17,open,1.0,1.9199999999999997
2.46,54,132.76481,17,final_d19_closed,0,19,closed,0.0,2.4599999999999995
1.67,33,132.78327,17,d19_detour,2,19,closed,0.0,1.6699999999999997
-5.0,45,132.807157,17,final_d15_closed,0,15,closed,0.0,-5.0
1.92,48,132.832885,17,final_d17_closed,0,17,closed,0.0,1.9199999999999997
3.48,42,132.85784,17,d17_medium,2,17,closed,0.0,3.480000000000002
-0.49,49,132.884539,17,final_d17_closed,0,17,closed,0.0,-0.4899999999999993
-4.75,45,132.909621,17,final_d15_closed,0,15,closed,0.0,-4.75
-0.68,18,132.920303,17,d19_detour,2,19,closed,0.0,-0.6800000000000002
1.92,48,132.946698,17,final_d17_closed,0,17,closed,0.0,1.9199999999999997
2.26,54,132.975232,17,final_d19_open,0,19,open,1.0,2.26
1.31,29,132.993425,17,d17_medium,2,17,closed,0.0,1.3099999999999998
1.86,49,133.019625,17,final_d17_open,0,17,open,1.0,1.8599999999999997
2.46,54,133.049557,17,final_d19_open,0,19,open,1.0,2.4599999999999995
2.46,54,133.080978,17,final_d19_closed,0,19,closed,0.0,2.4599999999999995
-4.8,45,133.105543,17,final_d15_closed,0,15,closed,0.0,-4.799999999999998
4.14,36,133.126778,17,d15_direct,2,15,open,1.0,4.140000000000002
3.48,42,133.151823,17,d17_medium,2,17,closed,0.0,3.480000000000002
1.92,48,133.177702,17,final_d17_open,0,17,open,1.0,1.9199999999999997
2.06,54,133.206495,17,final_d19_closed,0,19,closed,0.0,2.0599999999999996
2.58,42,133.22987,17,final_d15_open,0,15,open,1.0,2.5799999999999996
-4.05,45,133.254112,17,final_d15_closed,0,15,closed,0.0,-4.049999999999997
4.08,37,133.275035,17,d15_direct,2,15,open,1.0,4.080000000000002
2.14,46,133.300325,17,final_d17_open,0,17,open,1.0,2.1399999999999997
2.28,52,133.594046,17,final_d19_closed,0,19,closed,0.0,2.2799999999999994
2.4,55,133.623859,17,final_d19_open,0,19,open,1.0,2.3999999999999995
2.46,54,133.653883,17,final_d19_closed,0,19,closed,0.0,2.4599999999999995
0.1,55,133.683642,17,final_d19_closed,0,19,closed,0.0,0.09999999999999964
4.14,36,133.704471,17,d15_direct,2,15,open,1.0,4.140000000000002
2.46,54,133.734209,17,final_d19_closed,0,19,closed,0.0,2.4599999999999995
1.92,48,133.761686,17,final_d17_closed,0,17,closed,0.0,1.9199999999999997
-0.15,55,133.790073,17,final_d19_open,0,19,open,1.0,-0.15000000000000102
1.92,48,133.815559,17,final_d17_open,0,17,open,1.0,1.9199999999999997
1.92,48,133.841228,17,final_d17_closed,0,17,closed,0.0,1.9199999999999997
1.92,48,133.8668,17,final_d17_closed,0,17,closed,0.0,1.9199999999999997
2.46,54,133.895742,17,final_d19_closed,0,19,closed,0.0,2.4599999999999995
2.58,42,133.917753,17,final_d15_open,0,15,open,1.0,2.5799999999999996
-0.65,55,133.947755,17,final_d19_open,0,19,open,1.0,-0.6499999999999975
-2.26,56,133.976387,17,final_d19_open,0,19,open,1.0,-2.259999999999997
2.46,54,134.004508,17,final_d19_closed,0,19,closed,0.0,2.4599999999999995
-5.1,45,134.028277,17,final_d15_closed,0,15,closed,0.0,-5.1
1.92,48,134.0538,17,final_d17_closed,0,17,closed,0.0,1.9199999999999997
1.92,48,134.078975,17,final_d17_open,0,17,open,1.0,1.9199999999999997
-0.1,55,134.11002,17,final_d19_closed,0,19,closed,0.0,-0.10000000000000053
2.46,54,134.138372,17,final_d19_open,0,19,open,1.0,2.4599999999999995
1.92,48,134.163496,17,final_d17_closed,0,17,closed,0.0,1.9199999999999997
-5.1,45,134.187298,17,final_d15_closed,0,15,closed,0.0,-5.1
2.46,54,134.216034,17,final_d19_open,0,19,open,1.0,2.4599999999999995
3.48,42,134.23938,17,d17_medium,2,17,closed,0.0,3.480000000000002
1.92,48,134.265434,17,final_d17_closed,0,17,closed,0.0,1.9199999999999997
1.86,49,134.291273,17,final_d17_closed,0,17,closed,0.0,1.8599999999999997
1.92,48,134.316719,17,final_d17_closed,0,17,closed,0.0,1.9199999999999997
1.92,48,134.34181,17,final_d17_closed,0,17,closed,0.0,1.9199999999999997
-5.0,45,134.365488,17,final_d15_closed,0,15,closed,0.0,-5.0
4.14,36,134.385334,17,d15_direct,2,15,open,1.0,4.140000000000002
2.58,42,134.410825,17,final_d15_open,0,15,open,1.0,2.5799999999999996
2.58,42,134.433067,17,final_d15_open,0,15,open,1.0,2.5799999999999996
1.92,48,134.458523,17,final_d17_open,0,17,open,1.0,1.9199999999999997
1.92,48,134.484295,17,final_d17_closed,0,17,closed,0.0,1.9199999999999997
1.86,49,134.511054,17,final_d17_open,0,17,open,1.0,1.8599999999999997
1.92,48,134.536465,17,final_d17_open,0,17,open,1.0,1.9199999999999997
1.92,48,134.564234,17,final_d17_closed,0,17,closed,0.0,1.9199999999999997
2.46,54,134.593434,17,final_d19_open,0,19,open,1.0,2.4599999999999995
-2.34,44,134.616533,17,final_d15_open,0,15,open,1.0,-2.3400000000000007
2.58,42,134.638728,17,final_d15_open,0,15,open,1.0,2.5799999999999996
-0.3,55,134.668548,17,final_d19_closed,0,19,closed,0.0,-0.3000000000000005
1.92,48,134.954632,17,final_d17_closed,0,17,closed,0.0,1.9199999999999997
2.46,54,134.983238,17,final_d19_closed,0,19,closed,0.0,2.4599999999999995
0.1,55,135.012271,17,final_d19_closed,0,19,closed,0.0,0.0999999999999992
1.92,48,135.043992,17,final_d17_closed,0,17,closed,0.0,1.9199999999999997
1.92,48,135.070755,17,final_d17_closed,0,17,closed,0.0,1.9199999999999997
3.48,42,135.094708,17,d17_medium,2,17,closed,0.0,3.480000000000002
2.46,54,135.123545,17,final_d19_closed,0,19,closed,0.0,2.4599999999999995
0.1,55,135.152946,17,final_d19_closed,0,19,closed,0.0,0.0999999999999992
-5.0,45,135.177073,17,final_d15_closed,0,15,closed,0.0,-5.0
1.92,48,135.202827,17,final_d17_closed,0,17,closed,0.0,1.9199999999999997
2.58,42,135.226785,17,final_d15_open,0,15,open,1.0,2.5799999999999996
4.02,48,135.252792,17,d19_detour,2,19,closed,0.0,4.020000000000003
3.48,42,135.275301,17,d17_medium,2,17,closed,0.0,3.480000000000002
2.46,54,135.303703,17,final_d19_open,0,19,open,1.0,2.4599999999999995
2.46,54,135.331794,17,final_d19_closed,0,19,closed,0.0,2.4599999999999995
-0.54,49,135.357316,17,final_d17_closed,0,17,closed,0.0,-0.5400000000000003
1.92,48,135.382162,17,final_d17_open,0,17,open,1.0,1.9199999999999997
-5.1,45,135.405709,17,final_d15_closed,0,15,closed,0.0,-5.1
2.46,54,135.43402,17,final_d19_closed,0,19,closed,0.0,2.4599999999999995
0.37,43,135.456308,17,final_d15_open,0,15,open,1.0,0.36999999999999966
1.92,48,135.4818,17,final_d17_open,0,17,open,1.0,1.9199999999999997
3.48,42,135.505577,17,d17_medium,2,17,closed,0.0,3.480000000000002
1.92,48,135.531826,17,final_d17_closed,0,17,closed,0.0,1.9199999999999997
0.2,55,135.562233,17,final_d19_closed,0,19,closed,0.0,0.1999999999999995
2.28,52,135.590155,17,final_d19_open,0,19,open,1.0,2.2799999999999994
2.46,54,135.619011,17,final_d19_open,0,19,open,1.0,2.4599999999999995
0.32,43,135.642228,17,final_d15_open,0,15,open,1.0,0.3199999999999996
2.14,46,135.667155,17,final_d17_open,0,17,open,1.0,2.1399999999999997
1.92,48,135.693005,17,final_d17_open,0,17,open,1.0,1.9199999999999997
2.58,42,135.715737,17,final_d15_open,0,15,open,1.0,2.5799999999999996
0.25,55,135.745115,17,final_d19_closed,0,19,closed,0.0,0.24999999999999956
-0.31,56,135.774771,17,final_d19_open,0,19,open,1.0,-0.31000000000000116
1.92,48,135.800558,17,final_d17_open,0,17,open,1.0,1.9199999999999997
2.58,42,135.823394,17,final_d15_open,0,15,open,1.0,2.5799999999999996
1.75,25,135.837854,17,d15_direct,2,15,open,1.0,1.7499999999999998
-5.1,45,135.86271,17,final_d15_closed,0,15,closed,0.0,-5.1
2.46,54,135.89138,17,final_d19_closed,0,19,closed,0.0,2.4599999999999995
-0.14,49,135.917041,17,final_d17_open,0,17,open,1.0,-0.14000000000000012
1.92,48,135.942435,17,final_d17_open,0,17,open,1.0,1.9199999999999997
-5.1,45,135.965703,17,final_d15_closed,0,15,closed,0.0,-5.1
2.1,50,135.992105,17,final_d19_open,0,19,open,1.0,2.0999999999999996
2.26,54,136.020101,17,final_d19_closed,0,19,closed,0.0,2.26
2.26,54,136.288078,17,final_d19_open,0,19,open,1.0,2.26
-4.4,45,136.312231,17,final_d15_closed,0,15,closed,0.0,-4.399999999999997
2.28,52,136.340358,17,final_d19_open,0,19,open,1.0,2.2799999999999994
1.67,33,136.358968,17,d19_detour,2,19,closed,0.0,1.6699999999999997
2.4,55,136.388208,17,final_d19_open,0,19,open,1.0,2.3999999999999995
2.26,54,136.418264,17,final_d19_closed,0,19,closed,0.0,2.26
4.14,36,136.438543,17,d15_direct,2,15,open,1.0,4.140000000000002
2.46,54,136.46736,17,final_d19_closed,0,19,closed,0.0,2.4599999999999995
-0.64,14,136.475865,17,d15_direct,2,15,open,1.0,-0.6400000000000001
1.92,48,136.50258,17,final_d17_open,0,17,open,1.0,1.9199999999999997
3.48,42,136.528032,17,d17_medium,2,17,closed,0.0,3.480000000000002
2.26,54,136.55872,17,final_d19_closed,0,19,closed,0.0,2.26
1.92,48,136.585001,17,final_d17_open,0,17,open,1.0,1.9199999999999997
-4.4,45,136.60964,17,final_d15_closed,0,15,closed,0.0,-4.399999999999997
2.26,54,136.638332,17,final_d19_closed,0,19,closed,0.0,2.26
2.26,54,136.668074,17,final_d19_open,0,19,open,1.0,2.26
2.58,42,136.690264,17,final_d15_open,0,15,open,1.0,2.5799999999999996
1.92,48,136.715802,17,final_d17_closed,0,17,closed,0.0,1.9199999999999997
-4.4,45,136.739243,17,final_d15_closed,0,15,closed,0.0,-4.399999999999997
-0.25,55,136.76747,17,final_d19_open,0,19,open,1.0,-0.24999999999999933
1.92,48,136.792559,17,final_d17_open,0,17,open,1.0,1.9199999999999997
1.92,48,136.817586,17,final_d17_closed,0,17,closed,0.0,1.9199999999999997
1.92,48,136.842782,17,final_d17_closed,0,17,closed,0.0,1.9199999999999997
-5.1,45,136.866457,17,final_d15_closed,0,15,closed,0.0,-5.1
2.46,54,136.894569,17,final_d19_open,0,19,open,1.0,2.4599999999999995
1.92,48,136.92035,17,final_d17_closed,0,17,closed,0.0,1.9199999999999997
-5.1,45,136.944469,17,final_d15_closed,0,15,closed,0.0,-5.1
1.92,48,136.969647,17,final_d17_open,0,17,open,1.0,1.9199999999999997
1.92,48,136.995242,17,final_d17_closed,0,17,closed,0.0,1.9199999999999997
2.1,40,137.016953,17,d19_detour,2,19,closed,0.0,2.1000000000000014
-4.65,45,137.040902,17,final_d15_closed,0,15,closed,0.0,-4.649999999999998
0.11,49,137.066463,17,final_d17_closed,0,17,closed,0.0,0.10999999999999965
-4.75,45,137.090435,17,final_d15_closed,0,15,closed,0.0,-4.75
2.58,42,137.112761,17,final_d15_open,0,15,open,1.0,2.5799999999999996
2.58,42,137.134917,17,final_d15_open,0,15,open,1.0,2.5799999999999996
2.26,54,137.162971,17,final_d19_closed,0,19,closed,0.0,2.26
1.92,48,137.188041,17,final_d17_open,0,17,open,1.0,1.9199999999999997
1.92,48,137.213116,17,final_d17_closed,0,17,closed,0.0,1.9199999999999997
0.12,43,137.235409,17,final_d15_open,0,15,open,1.0,0.11999999999999966
-5.1,45,137.25985,17,final_d15_closed,0,15,closed,0.0,-5.1
0.11,49,137.285196,17,final_d17_closed,0,17,closed,0.0,0.10999999999999965
1.92,48,137.310333,17,final_d17_closed,0,17,closed,0.0,1.9199999999999997
1.92,48,137.335383,17,final_d17_closed,0,17,closed,0.0,1.9199999999999997
0.37,43,137.35788,17,final_d15_open,0,15,open,1.0,0.36999999999999966
1.92,48,137.646912,17,final_d17_open,0,17,open,1.0,1.9199999999999997
-0.2,55,137.677737,17,final_d19_closed,0,19,closed,0.0,-0.2000000000000004
2.52,43,137.702067,17,final_d15_open,0,15,open,1.0,2.5199999999999996
2.26,54,137.731162,17,final_d19_closed,0,19,closed,0.0,2.26
1.92,48,137.75765,17,final_d17_closed,0,17,closed,0.0,1.9199999999999997
-0.35,55,137.787347,17,final_d19_closed,0,19,closed,0.0,-0.350000000000001
-0.25,55,137.817505,17,final_d19_closed,0,19,closed,0.0,-0.24999999999999933
1.92,48,137.843731,17,final_d17_open,0,17,open,1.0,1.9199999999999997
2.58,42,137.866363,17,final_d15_open,0,15,open,1.0,2.5799999999999996
-4.45,45,137.89119,17,final_d15_closed,0,15,closed,0.0,-4.4499999999999975
1.92,48,137.917392,17,final_d17_open,0,17,open,1.0,1.9199999999999997
2.06,54,137.947288,17,final_d19_closed,0,19,closed,0.0,2.0599999999999996
2.26,54,137.976195,17,final_d19_open,0,19,open,1.0,2.26
2.46,54,138.005235,17,final_d19_closed,0,19,closed,0.0,2.4599999999999995
1.92,48,138.031119,17,final_d17_open,0,17,open,1.0,1.9199999999999997
-4.65,45,138.056209,17,final_d15_closed,0,15,closed,0.0,-4.649999999999999
1.92,48,138.082023,17,final_d17_closed,0,17,closed,0.0,1.9199999999999997
2.46,54,138.112677,17,final_d19_open,0,19,open,1.0,2.4599999999999995
2.06,54,138.142715,17,final_d19_closed,0,19,closed,0.0,2.0599999999999996
2.46,54,138.172088,17,final_d19_closed,0,19,closed,0.0,2.4599999999999995
-5.1,45,138.196237,17,final_d15_closed,0,15,closed,0.0,-5.1
1.92,48,138.221626,17,final_d17_open,0,17,open,1.0,1.9199999999999997
1.86,49,138.2481,17,final_d17_closed,0,17,closed,0.0,1.8599999999999997
1.75,25,138.262411,17,d15_direct,2,15,open,1.0,1.7499999999999998
-4.15,45,138.286332,17,final_d15_closed,0,15,closed,0.0,-4.149999999999997
2.46,54,138.316006,17,final_d19_closed,0,19,closed,0.0,2.4599999999999995
1.92,48,138.342235,17,final_d17_open,0,17,open,1.0,1.9199999999999997
1.92,48,138.368467,17,final_d17_open,0,17,open,1.0,1.9199999999999997
3.48,42,138.392382,17,d17_medium,2,17,closed,0.0,3.480000000000002
2.58,42,138.415606,17,final_d15_open,0,15,open,1.0,2.5799999999999996
2.26,54,138.444554,17,final_d19_closed,0,19,closed,0.0,2.26
1.37,43,138.468645,17,d17_medium,2,17,closed,0.0,1.3700000000000019
2.46,54,138.497532,17,final_d19_closed,0,19,closed,0.0,2.4599999999999995
1.92,48,138.524517,17,final_d17_open,0,17,open,1.0,1.9199999999999997
2.58,42,138.547761,17,final_d15_open,0,15,open,1.0,2.5799999999999996
2.46,54,138.577077,17,final_d19_open,0,19,open,1.0,2.4599999999999995
-4.45,45,138.601648,17,final_d15_closed,0,15,closed,0.0,-4.449999999999997
2.58,42,138.626709,17,final_d15_open,0,15,open,1.0,2.5799999999999996
0.11,49,138.658763,17,final_d17_open,0,17,open,1.0,0.10999999999999965
-0.49,49,138.685683,17,final_d17_open,0,17,open,1.0,-0.49000000000000044
-5.0,45,138.709841,17,final_d15_closed,0,15,closed,0.0,-5.0
-0.54,49,138.736162,17,final_d17_closed,0,17,closed,0.0,-0.5399999999999996
-0.1,55,138.996693,17,final_d19_open,0,19,open,1.0,-0.10000000000000075
0.37,43,139.020074,17,final_d15_open,0,15,open,1.0,0.36999999999999966
2.46,54,139.048391,17,final_d19_closed,0,19,closed,0.0,2.4599999999999995
1.75,25,139.063107,17,d15_direct,2,15,open,1.0,1.7499999999999998
-0.49,49,139.090332,17,final_d17_open,0,17,open,1.0,-0.49000000000000044
1.92,48,139.115893,17,final_d17_closed,0,17,closed,0.0,1.9199999999999997
2.52,43,139.139078,17,final_d15_open,0,15,open,1.0,2.5199999999999996
0.35,55,139.168367,17,final_d19_open,0,19,open,1.0,0.34999999999999953
1.92,48,139.194356,17,final_d17_closed,0,17,closed,0.0,1.9199999999999997
1.86,49,139.221041,17,final_d17_closed,0,17,closed,0.0,1.8599999999999997
1.92,48,139.246642,17,final_d17_open,0,17,open,1.0,1.9199999999999997
2.26,54,139.275031,17,final_d19_closed,0,19,closed,0.0,2.26
-4.8,45,139.29967,17,final_d15_closed,0,15,closed,0.0,-4.799999999999998
1.92,48,139.326545,17,final_d17_closed,0,17,closed,0.0,1.9199999999999997
0.11,49,139.352796,17,final_d17_closed,0,17,closed,0.0,0.10999999999999965
2.06,54,139.383142,17,final_d19_closed,0,19,closed,0.0,2.0599999999999996
2.46,54,139.412892,17,final_d19_open,0,19,open,1.0,2.4599999999999995
2.46,54,139.441658,17,final_d19_open,0,19,open,1.0,2.4599999999999995
1.92,48,139.467349,17,final_d17_closed,0,17,closed,0.0,1.9199999999999997
2.26,54,139.496181,17,final_d19_closed,0,19,closed,0.0,2.26
1.92,48,139.521897,17,final_d17_closed,0,17,closed,0.0,1.9199999999999997
2.46,54,139.550737,17,final_d19_closed,0,19,closed,0.0,2.4599999999999995
-4.65,45,139.575249,17,final_d15_closed,0,15,closed,0.0,-4.649999999999999
-4.8,45,139.599514,17,final_d15_closed,0,15,closed,0.0,-4.799999999999998
1.92,48,139.626536,17,final_d17_closed,0,17,closed,0.0,1.9199999999999997
2.26,54,139.65685,17,final_d19_open,0,19,open,1.0,2.26
2.52,43,139.679894,17,final_d15_open,0,15,open,1.0,2.5199999999999996
0.12,43,139.703744,17,final_d15_open,0,15,open,1.0,0.11999999999999922
2.06,54,139.733262,17,final_d19_closed,0,19,closed,0.0,2.0599999999999996
-4.65,45,139.756682,17,final_d15_closed,0,15,closed,0.0,-4.65
2.1,40,139.779607,17,d19_detour,2,19,closed,0.0,2.1000000000000014
-4.75,45,139.804079,17,final_d15_closed,0,15,closed,0.0,-4.749999999999998
1.92,48,139.82985,17,final_d17_closed,0,17,closed,0.0,1.9199999999999997
1.86,49,139.856724,17,final_d17_open,0,17,open,1.0,1.8599999999999997
4.02,48,139.884597,17,d19_detour,2,19,closed,0.0,4.020000000000003
0.32,43,139.90895,17,final_d15_open,0,15,open,1.0,0.3199999999999996
4.02,48,139.936018,17,d19_detour,2,19,closed,0.0,4.020000000000003
1.92,48,139.963505,17,final_d17_open,0,17,open,1.0,1.9199999999999997
2.15,35,139.983681,17,d19_detour,2,19,closed,0.0,2.1500000000000004
1.92,48,140.00942,17,final_d17_closed,0,17,closed,0.0,1.9199999999999997
-4.9,45,140.034583,17,final_d15_closed,0,15,closed,0.0,-4.9
-0.54,49,140.061998,17,final_d17_closed,0,17,closed,0.0,-0.5400000000000003
2.46,54,140.092636,17,final_d19_closed,0,19,closed,0.0,2.4599999999999995
1.92,48,140.344946,17,final_d17_closed,0,17,closed,0.0,1.9199999999999997
1.75,25,140.35934,17,d15_direct,2,15,open,1.0,1.7499999999999998
1.92,48,140.385046,17,final_d17_closed,0,17,closed,0.0,1.9199999999999997
2.58,42,140.407571,17,final_d15_open,0,15,open,1.0,2.5799999999999996
-4.35,45,140.432027,17,final_d15_closed,0,15,closed,0.0,-4.349999999999998
-4.45,45,140.456268,17,final_d15_closed,0,15,closed,0.0,-4.4499999999999975
1.92,48,140.482706,17,final_d17_closed,0,17,closed,0.0,1.9199999999999997
2.46,54,140.511661,17,final_d19_closed,0,19,closed,0.0,2.4599999999999995
1.92,48,140.537815,17,final_d17_open,0,17,open,1.0,1.9199999999999997
1.92,48,140.563777,17,final_d17_closed,0,17,closed,0.0,1.9199999999999997
0.12,43,140.585997,17,final_d15_open,0,15,open,1.0,0.11999999999999922
1.92,48,140.61181,17,final_d17_closed,0,17,closed,0.0,1.9199999999999997
-4.4,45,140.636139,17,final_d15_closed,0,15,closed,0.0,-4.399999999999997
1.92,48,140.670478,17,final_d17_open,0,17,open,1.0,1.9199999999999997
-4.55,45,140.69787,17,final_d15_closed,0,15,closed,0.0,-4.549999999999999
4.14,36,140.717561,17,d15_direct,2,15,open,1.0,4.140000000000002
1.92,48,140.74243,17,final_d17_closed,0,17,closed,0.0,1.9199999999999997
1.92,48,140.767733,17,final_d17_closed,0,17,closed,0.0,1.9199999999999997
3.48,42,140.790601,17,d17_medium,2,17,closed,0.0,3.480000000000002
0.32,43,140.813377,17,final_d15_open,0,15,open,1.0,0.3199999999999996
2.2,55,140.841759,17,final_d19_closed,0,19,closed,0.0,2.1999999999999993
1.92,48,140.867153,17,final_d17_open,0,17,open,1.0,1.9199999999999997
-4.75,45,140.891553,17,final_d15_closed,0,15,closed,0.0,-4.75
0.25,55,140.920784,17,final_d19_closed,0,19,closed,0.0,0.24999999999999956
2.46,54,140.949474,17,final_d19_closed,0,19,closed,0.0,2.4599999999999995
-4.3,45,140.972891,17,final_d15_closed,0,15,closed,0.0,-4.299999999999998
1.92,48,140.998229,17,final_d17_open,0,17,open,1.0,1.9199999999999997
-0.64,14,141.006587,17,d15_direct,2,15,open,1.0,-0.6400000000000001
4.14,36,141.026197,17,d15_direct,2,15,open,1.0,4.140000000000002
0.12,43,141.048657,17,final_d15_open,0,15,open,1.0,0.11999999999999966
1.92,48,141.078632,17,final_d17_closed,0,17,closed,0.0,1.9199999999999997
-4.45,45,141.103023,17,final_d15_closed,0,15,closed,0.0,-4.449999999999997
-0.45,55,141.132244,17,final_d19_closed,0,19,closed,0.0,-0.45000000000000107
2.46,54,141.161655,17,final_d19_open,0,19,open,1.0,2.4599999999999995
-4.75,45,141.185582,17,final_d15_closed,0,15,closed,0.0,-4.75
-4.7,45,141.210024,17,final_d15_closed,0,15,closed,0.0,-4.6999999999999975
2.26,54,141.238829,17,final_d19_closed,0,19,closed,0.0,2.26
1.92,48,141.265297,17,final_d17_closed,0,17,closed,0.0,1.9199999999999997
2.46,54,141.300181,17,final_d19_open,0,19,open,1.0,2.4599999999999995
1.92,48,141.327392,17,final_d17_closed,0,17,closed,0.0,1.9199999999999997
3.48,42,141.356597,17,d17_medium,2,17,closed,0.0,3.480000000000002
-4.8,45,141.386096,17,final_d15_closed,0,15,closed,0.0,-4.799999999999998
1.92,48,141.412042,17,final_d17_open,0,17,open,1.0,1.9199999999999997
-3.03,3,141.414837,17,d15_direct,2,15,open,0.5,-3.0300000000000002
0.32,43,141.438362,17,final_d15_open,0,15,open,1.0,0.3199999999999996
-4.55,45,141.462275,17,final_d15_closed,0,15,closed,0.0,-4.55
