#{"t_start": 1789574921.8112426, "env_id": "None"}
r,l,t,deadline,gate_state,success,timeout,collision
-1.49,19,0.52007,19,closed,False,True,True
-1.27,17,0.525697,17,closed,False,True,False
-1.15,15,0.530375,15,open,False,True,False
-1.3,15,0.534967,15,open,False,True,False
-1.2,15,0.53953,15,open,False,True,False
-1.24,19,0.54535,19,closed,False,True,False
-1.59,19,0.551211,19,closed,False,True,True
-1.27,17,0.55641,17,closed,False,True,True
-1.34,19,0.562315,19,closed,False,True,False
-1.47,17,0.567629,17,closed,False,True,False
-1.54,19,0.573303,19,open,False,True,False
-1.34,19,0.579194,19,closed,False,True,False
-1.3,15,0.583824,15,open,False,True,False
-1.44,19,0.589662,19,closed,False,True,True
-1.45,15,0.594216,15,closed,False,True,True
-1.34,19,0.599939,19,closed,False,True,False
-1.3,15,0.604585,15,open,False,True,False
-1.44,19,0.610462,19,open,False,True,False
-1.52,17,0.615594,17,open,False,True,True
-1.15,15,0.620187,15,open,False,True,False
-1.22,17,0.625399,17,open,False,True,False
-1.25,15,0.630122,15,open,False,True,False
-1.25,15,0.634753,15,open,False,True,False
-1.29,19,0.640566,19,closed,False,True,False
-1.27,17,0.645825,17,open,False,True,False
-1.37,17,0.651024,17,closed,False,True,False
-1.17,17,0.656262,17,open,False,True,False
-1.29,19,0.662159,19,closed,False,True,False
-1.59,19,0.667933,19,open,False,True,True
-1.49,19,0.673665,19,closed,False,True,False
-1.32,17,0.678891,17,closed,False,True,False
-1.49,19,0.684665,19,closed,False,True,False
-1.32,17,0.690648,17,closed,False,True,True
-1.2,15,0.695365,15,closed,False,True,False
-1.49,19,0.7012,19,closed,False,True,False
-1.22,17,0.706379,17,open,False,True,False
-1.45,15,0.711076,15,open,False,True,True
-1.32,17,0.716194,17,closed,False,True,False
-1.24,19,0.721953,19,open,False,True,False
-1.29,19,0.727829,19,closed,False,True,False
-1.17,17,0.732912,17,closed,False,True,False
-1.42,17,0.738046,17,open,False,True,True
-1.4,15,0.7428,15,closed,False,True,False
-1.32,17,0.74804,17,closed,False,True,False
-1.42,17,0.75311,17,closed,False,True,False
-1.27,17,0.758326,17,open,False,True,True
-1.34,19,0.7641,19,open,False,True,False
-1.35,15,0.768711,15,closed,False,True,True
-1.27,17,0.773771,17,open,False,True,False
-1.4,15,0.778349,15,open,False,True,True
-1.54,19,0.784162,19,open,False,True,False
-1.39,19,0.78985,19,open,False,True,True
-1.2,15,0.794474,15,closed,False,True,False
-1.29,19,0.800161,19,open,False,True,False
-1.25,15,0.80473,15,closed,False,True,True
-1.37,17,0.809957,17,closed,False,True,False
-1.25,15,0.814542,15,closed,False,True,True
-1.27,17,0.819671,17,closed,False,True,False
-1.34,19,0.825394,19,closed,False,True,False
-1.35,15,0.830103,15,closed,False,True,True
-1.3,15,0.834675,15,closed,False,True,False
-1.27,17,0.839747,17,closed,False,True,False
-1.35,15,0.84441,15,closed,False,True,True
-1.45,15,0.848991,15,closed,False,True,True
-1.37,17,0.8541,17,closed,False,True,False
-1.35,15,0.858814,15,closed,False,True,False
-1.29,19,0.864594,19,closed,False,True,False
-1.25,15,0.869156,15,closed,False,True,False
-1.34,19,0.874924,19,open,False,True,False
-1.32,17,0.880111,17,closed,False,True,False
-1.4,15,0.884759,15,closed,False,True,True
-1.22,17,0.889936,17,closed,False,True,False
-1.24,19,0.895741,19,open,False,True,False
-1.22,17,0.900836,17,open,False,True,False
-1.39,19,0.906514,19,open,False,True,True
-1.27,17,0.91166,17,open,False,True,False
-1.22,17,0.916753,17,closed,False,True,False
-1.42,17,0.921886,17,open,False,True,False
-1.44,19,0.92768,19,closed,False,True,False
-1.29,19,0.933367,19,open,False,True,False
-1.57,17,0.938465,17,closed,False,True,True
-1.24,19,0.944283,19,open,False,True,False
-1.27,17,0.949469,17,open,False,True,True
-1.27,17,0.954615,17,open,False,True,False
-1.54,19,0.960526,19,open,False,True,False
-1.22,17,0.96566,17,open,False,True,False
-1.49,19,0.971315,19,closed,False,True,False
-1.44,19,0.977081,19,closed,False,True,True
-1.24,19,0.982766,19,open,False,True,False
-1.35,15,0.987329,15,open,False,True,False
-1.44,19,0.9931,19,closed,False,True,False
-1.39,19,0.998754,19,closed,False,True,False
-1.39,19,1.004323,19,closed,False,True,False
-1.25,15,1.00907,15,open,False,True,False
-1.34,19,1.014781,19,open,False,True,False
-1.54,19,1.020447,19,closed,False,True,True
-1.44,19,1.026174,19,open,False,True,False
-1.15,15,1.030821,15,closed,False,True,False
-1.29,19,1.036406,19,open,False,True,False
-1.44,19,1.042223,19,open,False,True,False
-1.54,19,1.048006,19,open,False,True,False
-1.57,17,1.053186,17,open,False,True,False
-1.3,15,1.057846,15,closed,False,True,False
-1.64,19,1.063611,19,open,False,True,True
-1.19,19,1.069364,19,closed,False,True,False
-1.45,15,1.074021,15,open,False,True,True
-1.32,17,1.07929,17,closed,False,True,True
-1.32,17,1.084535,17,open,False,True,False
-1.19,19,1.09017,19,closed,False,True,False
-1.3,15,1.094864,15,closed,False,True,True
-1.24,19,1.100517,19,open,False,True,False
-1.32,17,1.105726,17,closed,False,True,False
-1.4,15,1.11031,15,closed,False,True,True
-1.29,19,1.116171,19,open,False,True,False
-1.25,15,1.12095,15,open,False,True,True
-1.34,19,1.126863,19,open,False,True,True
-1.37,17,1.132051,17,closed,False,True,False
-1.39,19,1.137836,19,open,False,True,False
-1.35,15,1.369592,15,open,False,True,False
-1.49,19,1.375771,19,closed,False,True,True
-1.35,15,1.381226,15,closed,False,True,False
-1.42,17,1.386456,17,open,False,True,False
-1.42,17,1.391698,17,closed,False,True,True
-1.24,19,1.397639,19,open,False,True,False
-1.52,17,1.402982,17,closed,False,True,False
-1.35,15,1.407723,15,open,False,True,False
-1.2,15,1.412365,15,open,False,True,False
-1.34,19,1.418282,19,open,False,True,False
-1.35,15,1.423094,15,open,False,True,False
-1.2,15,1.427737,15,closed,False,True,False
-1.3,15,1.432452,15,closed,False,True,False
-1.42,17,1.437669,17,closed,False,True,False
-1.22,17,1.442932,17,closed,False,True,False
-1.39,19,1.448706,19,open,False,True,True
-1.37,17,1.454025,17,open,False,True,False
-1.15,15,1.458832,15,open,False,True,False
-1.22,17,1.464234,17,open,False,True,False
-1.34,19,1.47004,19,closed,False,True,False
-1.42,17,1.475363,17,closed,False,True,True
-1.34,19,1.481192,19,closed,False,True,False
-1.37,17,1.486414,17,open,False,True,False
-1.42,17,1.49166,17,open,False,True,True
-1.32,17,1.496904,17,open,False,True,False
-1.29,19,1.502695,19,closed,False,True,False
-1.2,15,1.507426,15,closed,False,True,True
-1.27,17,1.512793,17,open,False,True,False
-1.24,19,1.518641,19,closed,False,True,False
-1.25,15,1.523293,15,closed,False,True,False
-1.39,19,1.529326,19,closed,False,True,False
-1.22,17,1.534712,17,closed,False,True,False
-1.34,19,1.540603,19,open,False,True,True
-1.45,15,1.545285,15,open,False,True,False
-1.32,17,1.550646,17,open,False,True,False
-1.15,15,1.555377,15,open,False,True,False
-1.27,17,1.560636,17,closed,False,True,False
-1.4,15,1.565378,15,closed,False,True,False
-1.19,19,1.571177,19,closed,False,True,False
-1.34,19,1.577159,19,closed,False,True,True
-1.3,15,1.581889,15,open,False,True,False
-1.24,19,1.58775,19,open,False,True,False
-1.25,15,1.593015,15,open,False,True,True
-1.37,17,1.598836,17,open,False,True,False
-1.22,17,1.604901,17,open,False,True,False
-1.47,17,1.610306,17,open,False,True,False
-1.44,19,1.616259,19,closed,False,True,False
-1.49,19,1.622182,19,open,False,True,False
-1.25,15,1.626858,15,closed,False,True,False
-1.45,15,1.631602,15,closed,False,True,False
-1.29,19,1.637482,19,closed,False,True,True
-1.49,19,1.643431,19,open,False,True,True
-1.22,17,1.648647,17,closed,False,True,False
-1.47,17,1.65385,17,closed,False,True,False
-1.29,19,1.659732,19,closed,False,True,False
-1.35,15,1.664381,15,open,False,True,False
-1.3,15,1.668984,15,open,False,True,False
-1.39,19,1.6749,19,open,False,True,True
-1.44,19,1.680783,19,open,False,True,False
-1.39,19,1.686637,19,closed,False,True,False
-1.24,19,1.692639,19,closed,False,True,False
-1.24,19,1.698401,19,closed,False,True,False
-1.29,19,1.704205,19,closed,False,True,False
-1.29,19,1.71016,19,closed,False,True,False
-1.2,15,1.714816,15,closed,False,True,False
-1.35,15,1.719553,15,open,False,True,False
-1.39,19,1.725445,19,open,False,True,False
-1.34,19,1.731333,19,closed,False,True,False
-1.15,15,1.736051,15,closed,False,True,False
-1.32,17,1.741472,17,closed,False,True,False
-1.29,19,1.747317,19,closed,False,True,False
-1.32,17,1.752541,17,closed,False,True,False
-1.32,17,1.757808,17,closed,False,True,False
-1.2,15,1.762642,15,closed,False,True,False
-1.27,17,1.767949,17,closed,False,True,False
-1.37,17,1.77339,17,open,False,True,True
-1.3,15,1.778149,15,closed,False,True,False
-1.39,19,1.784115,19,open,False,True,False
-1.27,17,1.78934,17,open,False,True,False
-1.25,15,1.793995,15,closed,False,True,False
-1.44,19,1.799796,19,closed,False,True,True
-1.24,19,1.805646,19,closed,False,True,True
-1.27,17,1.811151,17,closed,False,True,False
-1.35,15,1.816061,15,closed,False,True,False
-1.4,15,1.820812,15,open,False,True,False
-1.69,19,1.826677,19,closed,False,True,True
-1.15,15,1.831346,15,closed,False,True,False
-1.17,17,1.836514,17,closed,False,True,False
-1.22,17,1.841862,17,closed,False,True,False
-1.49,19,1.847908,19,open,False,True,False
-1.25,15,1.852676,15,closed,False,True,False
-1.32,17,1.857908,17,closed,False,True,False
-1.39,19,1.863821,19,open,False,True,False
-1.3,15,1.868466,15,closed,False,True,False
-1.37,17,1.873805,17,closed,False,True,False
-1.25,15,1.878461,15,closed,False,True,False
-1.29,19,1.88428,19,open,False,True,False
-1.2,15,1.889031,15,open,False,True,True
-1.17,17,1.89431,17,closed,False,True,False
-1.39,19,1.900208,19,open,False,True,False
-1.37,17,1.905506,17,closed,False,True,True
-1.24,19,1.91141,19,open,False,True,False
-1.44,19,1.917305,19,closed,False,True,True
-1.29,19,1.923255,19,open,False,True,False
-1.3,15,1.927965,15,closed,False,True,False
-1.3,15,1.932685,15,open,False,True,False
-1.3,15,1.93733,15,open,False,True,False
-1.34,19,1.94322,19,closed,False,True,False
-1.27,17,1.948485,17,closed,False,True,False
-1.22,17,1.953732,17,open,False,True,False
-1.2,15,1.958422,15,open,False,True,False
-1.44,19,1.964385,19,open,False,True,False
-1.55,15,1.969021,15,open,False,True,False
-1.19,19,1.975005,19,open,False,True,False
-1.52,17,1.980253,17,closed,False,True,False
-1.32,17,1.985474,17,closed,False,True,True
-1.29,19,1.991253,19,open,False,True,False
-1.35,15,1.996043,15,open,False,True,False
-1.32,17,2.001333,17,open,False,True,False
-1.25,15,2.006331,15,closed,False,True,False
-1.29,19,2.166747,19,closed,False,True,True
-1.27,17,2.172376,17,closed,False,True,False
-1.44,19,2.178435,19,closed,False,True,False
-1.25,15,2.183164,15,open,False,True,False
-1.34,19,2.189204,19,open,False,True,False
-1.44,19,2.195054,19,closed,False,True,False
-1.27,17,2.200259,17,closed,False,True,True
-1.34,19,2.206208,19,open,False,True,False
-1.17,17,2.211426,17,closed,False,True,False
-1.32,17,2.216673,17,open,False,True,False
-1.24,19,2.22256,19,closed,False,True,False
-1.2,15,2.227156,15,closed,False,True,False
-1.39,19,2.23297,19,open,False,True,False
-1.32,17,2.238083,17,closed,False,True,False
-1.15,15,2.242911,15,closed,False,True,False
-1.39,19,2.248615,19,open,False,True,False
-1.34,19,2.254368,19,open,False,True,True
-1.17,17,2.259682,17,open,False,True,False
-1.27,17,2.265071,17,open,False,True,True
-1.39,19,2.270869,19,closed,False,True,False
-1.25,15,2.275422,15,closed,False,True,False
-1.39,19,2.281222,19,open,False,True,False
-1.24,19,2.287047,19,closed,False,True,False
-1.24,19,2.292987,19,closed,False,True,False
-1.35,15,2.297622,15,closed,False,True,True
-1.24,19,2.303422,19,closed,False,True,False
-1.2,15,2.308066,15,open,False,True,False
-1.52,17,2.313234,17,closed,False,True,False
-1.42,17,2.318484,17,open,False,True,False
-1.32,17,2.323679,17,closed,False,True,False
-1.2,15,2.328314,15,closed,False,True,True
-1.37,17,2.333523,17,open,False,True,False
-1.25,15,2.338142,15,open,False,True,False
-1.29,19,2.344169,19,open,False,True,False
-1.54,19,2.349897,19,open,False,True,True
-1.3,15,2.354508,15,open,False,True,False
-1.29,19,2.36031,19,open,False,True,False
-1.34,19,2.366069,19,open,False,True,False
-1.34,19,2.371835,19,open,False,True,False
-1.34,19,2.37749,19,open,False,True,False
-1.32,17,2.382785,17,open,False,True,False
-1.34,19,2.388676,19,closed,False,True,True
-1.29,19,2.394471,19,open,False,True,False
-1.27,17,2.399674,17,closed,False,True,True
-1.24,19,2.405486,19,closed,False,True,False
-1.34,19,2.411352,19,open,False,True,False
-1.22,17,2.41653,17,open,False,True,False
-1.24,19,2.422336,19,open,False,True,False
-1.29,19,2.42819,19,closed,False,True,False
-1.3,15,2.43286,15,open,False,True,True
-1.29,19,2.438564,19,closed,False,True,False
-1.32,17,2.444021,17,closed,False,True,True
-1.15,15,2.44863,15,open,False,True,False
-1.32,17,2.453843,17,closed,False,True,True
-1.3,15,2.458553,15,open,False,True,False
-1.42,17,2.463856,17,open,False,True,False
-1.42,17,2.469009,17,closed,False,True,False
-1.27,17,2.474212,17,open,False,True,True
-1.37,17,2.479423,17,closed,False,True,False
-1.25,15,2.484214,15,open,False,True,False
-1.34,19,2.490024,19,open,False,True,True
-1.34,19,2.495838,19,open,False,True,False
-1.29,19,2.501596,19,closed,False,True,False
-1.29,19,2.507378,19,closed,False,True,False
-1.22,17,2.5125,17,open,False,True,False
-1.4,15,2.517085,15,open,False,True,False
-1.34,19,2.522785,19,closed,False,True,False
-1.17,17,2.527935,17,open,False,True,False
-1.34,19,2.533689,19,closed,False,True,False
-1.37,17,2.5389,17,open,False,True,False
-1.24,19,2.54487,19,closed,False,True,False
-1.19,19,2.550655,19,open,False,True,False
-1.22,17,2.555916,17,closed,False,True,False
-1.25,15,2.560455,15,open,False,True,False
-1.32,17,2.56567,17,closed,False,True,False
-1.34,19,2.571343,19,closed,False,True,False
-1.47,17,2.576438,17,closed,False,True,True
-1.32,17,2.581633,17,closed,False,True,True
-1.25,15,2.586346,15,open,False,True,False
-1.44,19,2.592248,19,open,False,True,False
-1.15,15,2.5969,15,closed,False,True,False
-1.25,15,2.601388,15,closed,False,True,False
-1.44,19,2.607226,19,open,False,True,False
-1.27,17,2.612393,17,open,False,True,False
-1.37,17,2.617617,17,closed,False,True,False
-1.29,19,2.623317,19,closed,False,True,False
-1.25,15,2.62799,15,open,False,True,False
-1.24,19,2.633689,19,open,False,True,True
-1.35,15,2.639056,15,closed,False,True,False
-1.4,15,2.6438,15,closed,False,True,True
-1.39,19,2.649598,19,open,False,True,False
-1.37,17,2.654754,17,closed,False,True,False
-1.35,15,2.659323,15,closed,False,True,False
-1.24,19,2.665122,19,open,False,True,True
-1.2,15,2.669669,15,open,False,True,False
-1.37,17,2.67478,17,closed,False,True,True
-1.2,15,2.679287,15,closed,False,True,False
-1.2,15,2.683836,15,closed,False,True,False
-1.54,19,2.689626,19,open,False,True,False
-1.24,19,2.695304,19,open,False,True,False
-1.22,17,2.700408,17,closed,False,True,False
-1.2,15,2.704953,15,closed,False,True,False
-1.17,17,2.710078,17,open,False,True,False
-1.3,15,2.714771,15,open,False,True,False
-1.39,19,2.720559,19,open,False,True,True
-1.44,19,2.726395,19,closed,False,True,True
-1.22,17,2.73151,17,closed,False,True,False
-1.27,17,2.736613,17,open,False,True,False
-1.3,15,2.741131,15,closed,False,True,False
-1.2,15,2.745791,15,open,False,True,False
-1.32,17,2.750933,17,closed,False,True,False
-1.17,17,2.756631,17,closed,False,True,False
-1.34,19,2.762453,19,closed,False,True,True
-1.29,19,2.768173,19,open,False,True,False
-1.3,15,2.772731,15,open,False,True,True
-1.27,17,2.778,17,closed,False,True,False
-1.29,19,2.783677,19,closed,False,True,False
-1.15,15,2.788232,15,open,False,True,False
-1.2,15,2.944328,15,open,False,True,False
-1.24,19,2.950419,19,open,False,True,False
-1.29,19,2.956165,19,open,False,True,False
-1.17,17,2.961375,17,open,False,True,False
-1.25,15,2.966157,15,closed,False,True,False
-1.29,19,2.971997,19,open,False,True,False
-1.27,17,2.977291,17,closed,False,True,False
-1.27,17,2.982409,17,closed,False,True,False
-1.25,15,2.987118,15,open,False,True,True
-1.2,15,2.991836,15,closed,False,True,True
-1.2,15,2.996414,15,open,False,True,False
-1.42,17,3.001592,17,open,False,True,False
-1.15,15,3.006532,15,closed,False,True,False
-1.24,19,3.01228,19,closed,False,True,False
-1.15,15,3.016883,15,closed,False,True,False
-1.32,17,3.022024,17,open,False,True,False
-1.17,17,3.027306,17,closed,False,True,False
-1.25,15,3.031868,15,closed,False,True,False
-1.19,19,3.037535,19,open,False,True,False
-1.22,17,3.042774,17,open,False,True,True
-1.19,19,3.048623,19,open,False,True,False
-1.35,15,3.053169,15,open,False,True,False
-1.17,17,3.058635,17,closed,False,True,False
-1.27,17,3.064232,17,closed,False,True,False
-1.32,17,3.069501,17,closed,False,True,False
-1.25,15,3.074152,15,open,False,True,False
-1.25,15,3.078887,15,open,False,True,False
-1.24,19,3.084527,19,open,False,True,False
-1.35,15,3.089301,15,open,False,True,False
-1.19,19,3.095091,19,open,False,True,False
-1.19,19,3.100709,19,closed,False,True,False
-1.32,17,3.105907,17,open,False,True,False
-1.27,17,3.111233,17,closed,False,True,False
-1.29,19,3.11699,19,open,False,True,True
-1.19,19,3.122676,19,closed,False,True,False
-1.29,19,3.128483,19,closed,False,True,False
-1.24,19,3.134197,19,closed,False,True,False
-1.24,19,3.139872,19,open,False,True,False
-1.39,19,3.145714,19,closed,False,True,True
-1.24,19,3.151486,19,open,False,True,False
-1.3,15,3.1562,15,closed,False,True,False
-1.29,19,3.16207,19,closed,False,True,True
-1.3,15,3.166942,15,closed,False,True,False
-1.32,17,3.172179,17,closed,False,True,False
-1.42,17,3.177428,17,closed,False,True,True
-1.25,15,3.182098,15,open,False,True,False
-1.24,19,3.187879,19,closed,False,True,True
-1.2,15,3.192491,15,open,False,True,False
-1.2,15,3.197164,15,closed,False,True,False
-1.2,15,3.201747,15,closed,False,True,False
-1.24,19,3.207569,19,closed,False,True,False
-1.15,15,3.212138,15,open,False,True,False
-1.24,19,3.217948,19,open,False,True,False
-1.3,15,3.222619,15,closed,False,True,True
-1.27,17,3.227893,17,closed,False,True,False
-1.24,19,3.233512,19,closed,False,True,False
-1.39,19,3.239227,19,closed,False,True,False
-1.24,19,3.244958,19,closed,False,True,False
-1.17,17,3.25009,17,closed,False,True,False
-1.39,19,3.255991,19,open,False,True,False
-1.19,19,3.261705,19,open,False,True,False
-1.24,19,3.267428,19,open,False,True,False
-1.39,19,3.273268,19,open,False,True,False
-1.22,17,3.27834,17,open,False,True,False
-1.17,17,3.283591,17,open,False,True,False
-1.22,17,3.288828,17,closed,False,True,False
-1.15,15,3.293513,15,open,False,True,False
-1.19,19,3.299122,19,open,False,True,False
-1.2,15,3.303724,15,open,False,True,False
-1.17,17,3.30903,17,closed,False,True,False
-1.27,17,3.314283,17,open,False,True,True
-1.29,19,3.320093,19,open,False,True,False
-1.44,19,3.325845,19,closed,False,True,True
-1.3,15,3.330582,15,open,False,True,False
-1.17,17,3.335612,17,open,False,True,False
-1.32,17,3.340913,17,open,False,True,False
-1.37,17,3.346144,17,closed,False,True,False
-1.34,19,3.35199,19,open,False,True,True
-1.47,17,3.357172,17,closed,False,True,False
-1.34,19,3.363024,19,closed,False,True,False
-1.27,17,3.368203,17,closed,False,True,False
-1.27,17,3.373474,17,closed,False,True,False
-1.2,15,3.378136,15,open,False,True,False
-1.3,15,3.382746,15,closed,False,True,True
-1.24,19,3.388328,19,closed,False,True,False
-1.24,19,3.394284,19,open,False,True,False
-1.25,15,3.398968,15,open,False,True,False
-1.39,19,3.404568,19,open,False,True,True
-1.19,19,3.410377,19,open,False,True,False
-1.22,17,3.41553,17,open,False,True,False
-1.24,19,3.421497,19,closed,False,True,False
-1.37,17,3.426697,17,closed,False,True,False
-1.42,17,3.431918,17,closed,False,True,True
-1.2,15,3.436553,15,open,False,True,False
-1.35,15,3.441136,15,open,False,True,False
-1.39,19,3.447913,19,closed,False,True,False
-1.24,19,3.454029,19,open,False,True,False
-1.34,19,3.459927,19,open,False,True,False
-1.27,17,3.465097,17,open,False,True,False
-1.27,17,3.470298,17,closed,False,True,True
-1.32,17,3.475624,17,open,False,True,False
-1.29,19,3.481386,19,closed,False,True,False
-1.37,17,3.486545,17,closed,False,True,False
-1.15,15,3.491233,15,closed,False,True,False
-1.24,19,3.497127,19,closed,False,True,False
-1.29,19,3.502782,19,open,False,True,False
-1.3,15,3.507313,15,closed,False,True,True
-1.15,15,3.512108,15,open,False,True,False
-1.27,17,3.517307,17,open,False,True,True
-1.29,19,3.523036,19,open,False,True,True
-1.17,17,3.528205,17,closed,False,True,False
-1.25,15,3.533007,15,open,False,True,True
-1.15,15,3.537568,15,closed,False,True,False
-1.27,17,3.542839,17,open,False,True,True
-1.34,19,3.548627,19,closed,False,True,False
-1.35,15,3.553398,15,open,False,True,False
-1.25,15,3.55796,15,closed,False,True,True
-1.17,17,3.563211,17,open,False,True,False
-1.2,15,3.567876,15,open,False,True,False
-1.2,15,3.572634,15,closed,False,True,False
-1.39,19,3.732328,19,closed,False,True,False
-1.29,19,3.738994,19,closed,False,True,False
-1.22,17,3.744362,17,open,False,True,False
-1.2,15,3.749092,15,open,False,True,False
-1.25,15,3.753862,15,closed,False,True,False
-1.22,17,3.759923,17,closed,False,True,False
-1.22,17,3.765277,17,closed,False,True,False
-1.22,17,3.770595,17,closed,False,True,False
-1.22,17,3.77664,17,closed,False,True,False
-1.17,17,3.781836,17,closed,False,True,False
-1.39,19,3.787667,19,closed,False,True,False
-1.22,17,3.793732,17,open,False,True,False
-1.22,17,3.79896,17,open,False,True,False
-1.27,17,3.804178,17,open,False,True,False
-1.17,17,3.810142,17,open,False,True,False
-1.27,17,3.815431,17,closed,False,True,True
-1.15,15,3.820087,15,open,False,True,False
-1.37,17,3.830133,17,closed,False,True,False
-1.22,17,3.835428,17,closed,False,True,False
-1.22,17,3.841625,17,closed,False,True,False
-1.17,17,3.846895,17,open,False,True,False
-1.27,17,3.852165,17,closed,False,True,False
-1.19,19,3.859105,19,open,False,True,False
-1.17,17,3.864502,17,open,False,True,False
-1.34,19,3.870422,19,closed,False,True,True
-1.15,15,3.87549,15,open,False,True,False
-1.24,19,3.881269,19,open,False,True,False
-1.29,19,3.887105,19,open,False,True,False
-1.15,15,3.891678,15,closed,False,True,False
-1.2,15,3.896407,15,open,False,True,False
-1.37,17,3.901649,17,open,False,True,False
-1.2,15,3.90625,15,closed,False,True,False
-1.19,19,3.912138,19,closed,False,True,False
-1.24,19,3.917829,19,open,False,True,False
-1.29,19,3.923755,19,open,False,True,False
-1.27,17,3.929033,17,open,False,True,False
-1.27,17,3.934243,17,closed,False,True,False
-1.29,19,3.940133,19,open,False,True,False
-1.17,17,3.945385,17,open,False,True,False
-1.2,15,3.950068,15,open,False,True,False
-1.24,19,3.955836,19,closed,False,True,False
-1.22,17,3.96112,17,open,False,True,False
-1.34,19,3.966967,19,closed,False,True,False
-1.27,17,3.972195,17,closed,False,True,False
-1.25,15,3.976846,15,closed,False,True,False
-1.35,15,3.981586,15,open,False,True,True
-1.32,17,3.986776,17,open,False,True,False
-1.2,15,3.991474,15,open,False,True,False
-1.2,15,3.996132,15,closed,False,True,False
-1.17,17,4.001251,17,open,False,True,False
-1.39,19,4.007256,19,open,False,True,False
-1.22,17,4.012604,17,open,False,True,False
-1.15,15,4.017234,15,closed,False,True,False
-1.34,19,4.023046,19,closed,False,True,True
-1.37,17,4.028264,17,open,False,True,True
-1.19,19,4.034172,19,closed,False,True,False
-1.39,19,4.039976,19,open,False,True,False
-1.34,19,4.04586,19,closed,False,True,False
-1.3,15,4.050454,15,closed,False,True,False
-1.2,15,4.055223,15,closed,False,True,False
-1.15,15,4.059944,15,open,False,True,False
-1.22,17,4.065091,17,open,False,True,False
-1.22,17,4.070343,17,open,False,True,False
-1.2,15,4.075098,15,open,False,True,True
-1.19,19,4.080914,19,open,False,True,False
-1.24,19,4.086561,19,open,False,True,False
-1.2,15,4.091144,15,open,False,True,False
-1.17,17,4.096477,17,open,False,True,False
-1.42,17,4.1017,17,open,False,True,False
-1.24,19,4.107415,19,closed,False,True,False
-1.15,15,4.112123,15,open,False,True,False
-1.2,15,4.116847,15,open,False,True,False
-1.24,19,4.122517,19,closed,False,True,False
-1.17,17,4.127834,17,closed,False,True,False
-1.29,19,4.1338,19,closed,False,True,False
-1.37,17,4.138916,17,closed,False,True,False
-1.17,17,4.144194,17,open,False,True,False
-1.2,15,4.14888,15,closed,False,True,False
-1.2,15,4.15364,15,open,False,True,False
-1.22,17,4.158926,17,closed,False,True,False
-1.25,15,4.163685,15,open,False,True,False
-1.29,19,4.169442,19,open,False,True,False
-1.15,15,4.174185,15,closed,False,True,False
-1.19,19,4.180065,19,closed,False,True,False
-1.17,17,4.185288,17,closed,False,True,False
-1.17,17,4.190403,17,closed,False,True,False
-1.24,19,4.19627,19,closed,False,True,True
-1.25,15,4.200912,15,closed,False,True,False
-1.2,15,4.20698,15,closed,False,True,False
-1.3,15,4.211713,15,closed,False,True,False
-1.25,15,4.216331,15,closed,False,True,False
-1.32,17,4.221565,17,closed,False,True,False
-1.2,15,4.226192,15,open,False,True,False
-1.19,19,4.232001,19,open,False,True,False
-1.15,15,4.236638,15,open,False,True,False
-1.22,17,4.241841,17,open,False,True,False
-1.22,17,4.247075,17,open,False,True,False
-1.15,15,4.251663,15,open,False,True,False
-1.22,17,4.256821,17,open,False,True,True
-1.3,15,4.261409,15,closed,False,True,False
-1.2,15,4.266017,15,open,False,True,False
-1.34,19,4.271726,19,closed,False,True,False
-1.32,17,4.276942,17,open,False,True,False
-1.17,17,4.282052,17,open,False,True,False
-1.32,17,4.287136,17,closed,False,True,False
-1.27,17,4.292389,17,closed,False,True,False
-1.22,17,4.297747,17,open,False,True,False
-1.2,15,4.302251,15,open,False,True,False
-1.17,17,4.307422,17,closed,False,True,False
-1.24,19,4.31354,19,open,False,True,True
-1.19,19,4.319167,19,closed,False,True,False
-1.17,17,4.324368,17,closed,False,True,False
-1.15,15,4.329062,15,open,False,True,False
-1.2,15,4.333627,15,closed,False,True,False
-1.2,15,4.338159,15,closed,False,True,True
-1.49,19,4.343924,19,closed,False,True,True
-1.27,17,4.349131,17,closed,False,True,False
-1.39,19,4.354924,19,open,False,True,False
-1.17,17,4.360065,17,open,False,True,False
-1.29,19,4.36587,19,closed,False,True,False
-1.22,17,4.37109,17,open,False,True,False
-1.34,19,4.532794,19,open,False,True,True
-1.15,15,4.537652,15,open,False,True,False
-1.24,19,4.543587,19,closed,False,True,False
-1.25,15,4.54832,15,closed,False,True,False
-1.2,15,4.552964,15,open,False,True,False
-1.39,19,4.558935,19,closed,False,True,False
-1.24,19,4.56483,19,open,False,True,False
-1.22,17,4.570144,17,closed,False,True,True
-1.24,19,4.57604,19,open,False,True,False
-1.22,17,4.581246,17,open,False,True,False
-1.25,15,4.585835,15,closed,False,True,False
-1.19,19,4.591747,19,closed,False,True,False
-1.25,15,4.596527,15,open,False,True,True
-1.15,15,4.601188,15,closed,False,True,False
-1.17,17,4.606568,17,closed,False,True,False
-1.22,17,4.611826,17,closed,False,True,False
-1.15,15,4.61652,15,open,False,True,False
-1.17,17,4.621756,17,closed,False,True,False
-1.17,17,4.627156,17,closed,False,True,False
-1.22,17,4.632474,17,closed,False,True,False
-1.29,19,4.638271,19,closed,False,True,False
-1.25,15,4.643089,15,closed,False,True,False
-1.25,15,4.64784,15,open,False,True,False
-1.29,19,4.65374,19,open,False,True,False
-1.24,19,4.659558,19,closed,False,True,False
-1.32,17,4.664781,17,open,False,True,True
-1.3,15,4.669544,15,open,False,True,False
-1.27,17,4.674844,17,open,False,True,False
-1.24,19,4.680811,19,closed,False,True,False
-1.25,15,4.685472,15,open,False,True,False
-1.29,19,4.691338,19,open,False,True,False
-1.22,17,4.69665,17,closed,False,True,False
-1.24,19,4.70259,19,closed,False,True,False
-1.24,19,4.708392,19,open,False,True,False
-1.25,15,4.713149,15,closed,False,True,False
-1.34,19,4.718989,19,open,False,True,True
-1.25,15,4.723745,15,closed,False,True,True
-1.15,15,4.72842,15,closed,False,True,False
-1.35,15,4.733127,15,open,False,True,True
-1.19,19,4.739065,19,open,False,True,False
-1.27,17,4.744385,17,closed,False,True,False
-1.22,17,4.749725,17,open,False,True,False
-1.2,15,4.75441,15,open,False,True,True
-1.24,19,4.760376,19,closed,False,True,False
-1.15,15,4.765049,15,closed,False,True,False
-1.3,15,4.769824,15,open,False,True,False
-1.19,19,4.775768,19,closed,False,True,False
-1.17,17,4.781039,17,open,False,True,False
-1.19,19,4.786871,19,closed,False,True,False
-1.27,17,4.792186,17,open,False,True,False
-1.19,19,4.798038,19,open,False,True,False
-1.25,15,4.802638,15,closed,False,True,False
-1.3,15,4.807331,15,closed,False,True,False
-1.17,17,4.812572,17,closed,False,True,False
-1.17,17,4.817906,17,closed,False,True,False
-1.22,17,4.823129,17,closed,False,True,False
-1.29,19,4.829093,19,closed,False,True,False
-1.2,15,4.833791,15,open,False,True,False
-1.24,19,4.839677,19,closed,False,True,False
-1.29,19,4.845475,19,closed,False,True,True
-1.15,15,4.850175,15,open,False,True,False
-1.2,15,4.85489,15,open,False,True,False
-1.15,15,4.859569,15,closed,False,True,False
-1.22,17,4.864837,17,open,False,True,True
-1.29,19,4.870746,19,closed,False,True,False
-1.25,15,4.875496,15,open,False,True,False
-1.19,19,4.881409,19,open,False,True,False
-1.17,17,4.886754,17,closed,False,True,False
-1.2,15,4.891476,15,open,False,True,False
-1.17,17,4.896838,17,open,False,True,False
-1.22,17,4.90209,17,open,False,True,True
-1.25,15,4.906839,15,closed,False,True,False
-1.2,15,4.911611,15,closed,False,True,True
-1.17,17,4.91684,17,open,False,True,False
-1.34,19,4.922674,19,open,False,True,True
-1.32,17,4.927976,17,closed,False,True,True
-1.19,19,4.933866,19,closed,False,True,False
-1.2,15,4.938626,15,closed,False,True,False
-1.25,15,4.943302,15,open,False,True,False
-1.15,15,4.947929,15,open,False,True,False
-1.17,17,4.953286,17,closed,False,True,False
-1.15,15,4.957983,15,open,False,True,False
-1.32,17,4.963321,17,closed,False,True,False
-1.24,19,4.969215,19,closed,False,True,True
-1.15,15,4.973974,15,closed,False,True,False
-1.2,15,4.978637,15,open,False,True,False
-1.29,19,4.984381,19,open,False,True,False
-1.17,17,4.989671,17,closed,False,True,False
-1.15,15,4.994288,15,closed,False,True,False
-1.2,15,4.999149,15,open,False,True,False
-1.29,19,5.005129,19,open,False,True,True
-1.24,19,5.011341,19,closed,False,True,False
-1.39,19,5.017272,19,open,False,True,True
-1.17,17,5.022571,17,closed,False,True,False
-1.3,15,5.027255,15,closed,False,True,False
-1.2,15,5.032081,15,open,False,True,False
-1.27,17,5.037281,17,open,False,True,False
-1.24,19,5.043144,19,closed,False,True,False
-1.27,17,5.048338,17,open,False,True,False
-1.15,15,5.053015,15,open,False,True,False
-1.24,19,5.058911,19,open,False,True,False
-1.42,17,5.064235,17,open,False,True,True
-1.29,19,5.070054,19,open,False,True,False
-1.22,17,5.075351,17,closed,False,True,False
-1.29,19,5.081266,19,open,False,True,False
-1.45,15,5.085846,15,closed,False,True,True
-1.24,19,5.091811,19,closed,False,True,False
-1.27,17,5.097121,17,open,False,True,False
-1.27,17,5.102431,17,open,False,True,False
-1.15,15,5.107152,15,closed,False,True,False
-1.19,19,5.113105,19,open,False,True,False
-1.15,15,5.117855,15,closed,False,True,False
-1.22,17,5.123122,17,closed,False,True,True
-1.17,17,5.128431,17,closed,False,True,False
-1.19,19,5.134323,19,open,False,True,False
-1.17,17,5.139559,17,closed,False,True,False
-1.24,19,5.145472,19,closed,False,True,False
-1.17,17,5.150741,17,open,False,True,False
-1.19,19,5.156757,19,closed,False,True,False
-1.24,19,5.162727,19,open,False,True,False
-1.24,19,5.322858,19,open,False,True,False
-1.24,19,5.32891,19,closed,False,True,False
-1.19,19,5.33497,19,closed,False,True,False
-1.2,15,5.339814,15,open,False,True,False
-1.3,15,5.34456,15,closed,False,True,False
-1.22,17,5.349878,17,closed,False,True,False
-1.25,15,5.354537,15,closed,False,True,False
-1.17,17,5.359942,17,closed,False,True,False
-1.15,15,5.364769,15,closed,False,True,False
-1.19,19,5.370707,19,closed,False,True,False
-1.19,19,5.376691,19,closed,False,True,False
-1.15,15,5.381427,15,closed,False,True,False
-1.27,17,5.386674,17,closed,False,True,False
-1.27,17,5.391984,17,open,False,True,False
-1.24,19,5.397834,19,open,False,True,False
-1.17,17,5.403153,17,closed,False,True,False
-1.34,19,5.409017,19,open,False,True,True
-1.32,17,5.414297,17,open,False,True,False
-1.24,19,5.420058,19,closed,False,True,False
-1.17,17,5.425338,17,open,False,True,False
-1.24,19,5.431261,19,closed,False,True,False
-1.17,17,5.436577,17,closed,False,True,False
-1.15,15,5.441256,15,open,False,True,False
-1.19,19,5.447152,19,closed,False,True,False
-1.2,15,5.451962,15,open,False,True,False
-1.22,17,5.457253,17,closed,False,True,False
-1.27,17,5.462598,17,closed,False,True,False
-1.2,15,5.467387,15,open,False,True,False
-1.15,15,5.472245,15,closed,False,True,False
-1.29,19,5.478231,19,closed,False,True,False
-1.19,19,5.483995,19,open,False,True,False
-1.2,15,5.48873,15,open,False,True,False
-1.24,19,5.494581,19,closed,False,True,False
-1.15,15,5.499651,15,closed,False,True,False
-1.2,15,5.50437,15,open,False,True,True
-1.19,19,5.510244,19,open,False,True,False
-1.39,19,5.516095,19,closed,False,True,True
-1.34,19,5.521944,19,closed,False,True,True
-1.15,15,5.526665,15,closed,False,True,False
-1.19,19,5.532597,19,closed,False,True,False
-1.22,17,5.53778,17,open,False,True,False
-1.2,15,5.542517,15,open,False,True,False
-1.29,19,5.548457,19,open,False,True,True
-1.24,19,5.554328,19,closed,False,True,False
-1.15,15,5.558988,15,closed,False,True,False
-1.15,15,5.564058,15,open,False,True,False
-1.29,19,5.569905,19,closed,False,True,False
-1.19,19,5.575929,19,open,False,True,False
-1.15,15,5.580646,15,open,False,True,False
-1.24,19,5.58639,19,open,False,True,False
-1.15,15,5.591095,15,closed,False,True,False
-1.19,19,5.597066,19,open,False,True,False
-1.34,19,5.602838,19,closed,False,True,True
-1.3,15,5.607529,15,closed,False,True,False
-1.15,15,5.612195,15,closed,False,True,False
-1.22,17,5.617436,17,open,False,True,False
-1.22,17,5.622789,17,closed,False,True,False
-1.24,19,5.628695,19,open,False,True,False
-1.17,17,5.633881,17,open,False,True,False
-1.15,15,5.638516,15,closed,False,True,False
-1.22,17,5.643797,17,closed,False,True,False
-1.2,15,5.648466,15,open,False,True,False
-1.2,15,5.653029,15,open,False,True,False
-1.2,15,5.657788,15,open,False,True,False
-1.22,17,5.663065,17,closed,False,True,False
-1.2,15,5.667708,15,open,False,True,False
-1.19,19,5.673531,19,closed,False,True,False
-1.25,15,5.678305,15,open,False,True,True
-1.25,15,5.682991,15,closed,False,True,True
-1.22,17,5.688139,17,open,False,True,True
-1.29,19,5.694018,19,closed,False,True,False
-1.17,17,5.699316,17,closed,False,True,False
-1.27,17,5.704674,17,open,False,True,False
-1.2,15,5.709469,15,open,False,True,False
-1.19,19,5.715343,19,closed,False,True,False
-1.22,17,5.72066,17,open,False,True,False
-1.15,15,5.725363,15,closed,False,True,False
-1.32,17,5.730674,17,closed,False,True,False
-1.29,19,5.736516,19,open,False,True,False
-1.17,17,5.74177,17,closed,False,True,False
-1.15,15,5.746584,15,closed,False,True,False
-1.17,17,5.751946,17,closed,False,True,False
-1.22,17,5.757288,17,open,False,True,False
-1.19,19,5.76317,19,closed,False,True,False
-1.29,19,5.768936,19,closed,False,True,False
-1.22,17,5.774173,17,open,False,True,False
-1.2,15,5.778962,15,closed,False,True,False
-1.24,19,5.78494,19,open,False,True,True
-1.24,19,5.790727,19,open,False,True,False
-1.35,15,5.795623,15,closed,False,True,False
-1.22,17,5.800925,17,open,False,True,False
-1.15,15,5.805623,15,open,False,True,False
-1.17,17,5.81093,17,open,False,True,False
-1.22,17,5.816263,17,open,False,True,True
-1.15,15,5.82099,15,open,False,True,False
-1.22,17,5.826393,17,closed,False,True,False
-1.34,19,5.832303,19,open,False,True,False
-1.25,15,5.836966,15,closed,False,True,False
-1.22,17,5.842213,17,closed,False,True,False
-1.17,17,5.847541,17,closed,False,True,False
-1.17,17,5.852707,17,open,False,True,False
-1.19,19,5.858541,19,open,False,True,False
-1.22,17,5.863759,17,open,False,True,False
-1.29,19,5.869565,19,open,False,True,False
-1.22,17,5.874991,17,open,False,True,True
-1.17,17,5.880208,17,open,False,True,False
-1.15,15,5.884865,15,open,False,True,False
-1.24,19,5.890763,19,closed,False,True,False
-1.22,17,5.896043,17,closed,False,True,False
-1.2,15,5.900791,15,closed,False,True,False
-1.15,15,5.905456,15,open,False,True,False
-1.15,15,5.910231,15,open,False,True,False
-1.19,19,5.91612,19,open,False,True,False
-1.17,17,5.921326,17,open,False,True,False
-1.29,19,5.927086,19,open,False,True,False
-1.29,19,5.93288,19,open,False,True,False
-1.15,15,5.937577,15,open,False,True,False
-1.15,15,5.942242,15,open,False,True,False
-1.2,15,5.947039,15,open,False,True,False
-1.24,19,5.952797,19,open,False,True,False
-1.15,15,5.957449,15,open,False,True,False
-1.17,17,6.112246,17,open,False,True,False
-1.15,15,6.11699,15,closed,False,True,False
-1.24,19,6.122852,19,closed,False,True,False
-1.22,17,6.128266,17,open,False,True,True
-1.17,17,6.133495,17,closed,False,True,False
-1.2,15,6.13811,15,open,False,True,False
-1.17,17,6.143349,17,closed,False,True,False
-1.2,15,6.148098,15,closed,False,True,False
-1.39,19,6.153807,19,open,False,True,True
-1.19,19,6.159774,19,closed,False,True,False
-1.24,19,6.165568,19,open,False,True,False
-1.22,17,6.170897,17,closed,False,True,False
-1.34,19,6.176787,19,closed,False,True,False
-1.15,15,6.181409,15,closed,False,True,False
-1.17,17,6.186512,17,open,False,True,False
-1.19,19,6.192382,19,closed,False,True,False
-1.15,15,6.197033,15,open,False,True,False
-1.19,19,6.20277,19,closed,False,True,False
-1.2,15,6.207447,15,open,False,True,False
-1.22,17,6.212657,17,closed,False,True,False
-1.15,15,6.217275,15,closed,False,True,False
-1.17,17,6.222456,17,open,False,True,False
-1.15,15,6.227102,15,open,False,True,False
-1.25,15,6.231827,15,open,False,True,False
-1.27,17,6.236969,17,closed,False,True,True
-1.17,17,6.242273,17,open,False,True,False
-1.25,15,6.247055,15,closed,False,True,False
-1.24,19,6.252879,19,closed,False,True,False
-1.24,19,6.258661,19,closed,False,True,False
-1.27,17,6.263936,17,open,False,True,False
-1.29,19,6.269757,19,closed,False,True,False
-1.17,17,6.274948,17,closed,False,True,False
-1.24,19,6.280598,19,open,False,True,False
-1.24,19,6.286313,19,open,False,True,False
-1.24,19,6.292117,19,closed,False,True,False
-1.25,15,6.296923,15,closed,False,True,False
-1.15,15,6.301553,15,closed,False,True,False
-1.17,17,6.306834,17,open,False,True,False
-1.22,17,6.312076,17,closed,False,True,False
-1.24,19,6.317799,19,open,False,True,False
-1.19,19,6.323647,19,closed,False,True,False
-1.17,17,6.328783,17,open,False,True,False
-1.17,17,6.333971,17,closed,False,True,False
-1.24,19,6.339956,19,closed,False,True,False
-1.29,19,6.345744,19,closed,False,True,False
-1.19,19,6.351536,19,closed,False,True,False
-1.34,19,6.357477,19,closed,False,True,False
-1.17,17,6.362783,17,open,False,True,False
-1.17,17,6.367864,17,closed,False,True,False
-1.22,17,6.373092,17,closed,False,True,False
-1.34,19,6.378916,19,closed,False,True,False
-1.22,17,6.384152,17,closed,False,True,False
-1.24,19,6.39008,19,open,False,True,False
-1.22,17,6.395333,17,closed,False,True,False
-1.2,15,6.399961,15,open,False,True,False
-1.17,17,6.405053,17,closed,False,True,False
-1.15,15,6.409632,15,closed,False,True,False
-1.22,17,6.414901,17,open,False,True,False
-1.19,19,6.420693,19,open,False,True,False
-1.2,15,6.425384,15,closed,False,True,False
-1.22,17,6.430617,17,open,False,True,False
-1.17,17,6.435817,17,closed,False,True,False
-1.24,19,6.441698,19,open,False,True,False
-1.19,19,6.447455,19,closed,False,True,False
-1.32,17,6.452859,17,open,False,True,False
-1.19,19,6.458689,19,open,False,True,False
-1.17,17,6.463944,17,open,False,True,False
-1.24,19,6.469678,19,closed,False,True,False
-1.24,19,6.475515,19,open,False,True,False
-1.22,17,6.480637,17,open,False,True,True
-1.3,15,6.485347,15,open,False,True,False
-1.17,17,6.490733,17,closed,False,True,False
-1.25,15,6.495451,15,closed,False,True,False
-1.29,19,6.501176,19,open,False,True,True
-1.17,17,6.506489,17,closed,False,True,False
-1.19,19,6.512392,19,closed,False,True,False
-1.25,15,6.517091,15,closed,False,True,False
-1.27,17,6.522368,17,closed,False,True,True
-1.22,17,6.527634,17,closed,False,True,False
-1.17,17,6.532876,17,open,False,True,False
-1.32,17,6.53807,17,closed,False,True,False
-1.27,17,6.543325,17,closed,False,True,False
-1.15,15,6.548061,15,open,False,True,False
-1.32,17,6.553209,17,open,False,True,False
-1.2,15,6.558017,15,closed,False,True,False
-1.22,17,6.563275,17,open,False,True,False
-1.22,17,6.568525,17,closed,False,True,False
-1.15,15,6.573175,15,closed,False,True,False
-1.15,15,6.577934,15,closed,False,True,False
-1.24,19,6.58372,19,closed,False,True,False
-1.19,19,6.589857,19,closed,False,True,False
-1.22,17,6.595275,17,open,False,True,False
-1.19,19,6.601251,19,open,False,True,False
-1.2,15,6.606,15,open,False,True,False
-1.29,19,6.611876,19,closed,False,True,False
-1.17,17,6.616958,17,closed,False,True,False
-1.22,17,6.622242,17,closed,False,True,False
-1.17,17,6.627513,17,closed,False,True,False
-1.2,15,6.632154,15,closed,False,True,True
-1.2,15,6.636666,15,open,False,True,False
-1.15,15,6.641416,15,closed,False,True,False
-1.19,19,6.64722,19,open,False,True,False
-1.19,19,6.652885,19,open,False,True,False
-1.19,19,6.658824,19,closed,False,True,False
-1.24,19,6.664676,19,closed,False,True,False
-1.15,15,6.669296,15,closed,False,True,False
-1.15,15,6.674062,15,closed,False,True,False
-1.19,19,6.679866,19,closed,False,True,False
-1.22,17,6.68495,17,closed,False,True,False
-1.17,17,6.690265,17,open,False,True,False
-1.17,17,6.695572,17,closed,False,True,False
-1.27,17,6.700681,17,open,False,True,False
-1.2,15,6.705389,15,open,False,True,False
-1.34,19,6.711278,19,closed,False,True,False
-1.3,15,6.7159,15,closed,False,True,False
-1.29,19,6.721647,19,open,False,True,False
-1.17,17,6.726773,17,closed,False,True,False
-1.27,17,6.73199,17,open,False,True,False
-1.24,19,6.73778,19,closed,False,True,False
-1.22,17,6.892129,17,closed,False,True,False
-1.15,15,6.896918,15,open,False,True,False
-1.19,19,6.902812,19,open,False,True,False
-1.17,17,6.908087,17,open,False,True,False
-1.19,19,6.913908,19,open,False,True,False
-1.22,17,6.919164,17,closed,False,True,False
-1.19,19,6.924888,19,closed,False,True,False
-1.22,17,6.93016,17,open,False,True,False
-1.2,15,6.934868,15,open,False,True,False
-1.17,17,6.939977,17,closed,False,True,False
-1.15,15,6.944542,15,open,False,True,False
-1.29,19,6.950322,19,closed,False,True,True
-1.19,19,6.956137,19,open,False,True,False
-1.19,19,6.962047,19,closed,False,True,False
-1.17,17,6.967307,17,closed,False,True,False
-1.3,15,6.972034,15,closed,False,True,False
-1.22,17,6.977346,17,closed,False,True,False
-1.19,19,6.98312,19,open,False,True,False
-1.19,19,6.988809,19,closed,False,True,False
-1.17,17,6.994067,17,open,False,True,False
-1.17,17,6.99928,17,open,False,True,False
-1.19,19,7.005083,19,open,False,True,False
-1.24,19,7.011068,19,open,False,True,False
-1.17,17,7.016234,17,closed,False,True,False
-1.19,19,7.021922,19,open,False,True,False
-1.29,19,7.027742,19,open,False,True,False
-1.24,19,7.033652,19,closed,False,True,False
-1.15,15,7.038234,15,open,False,True,False
-1.15,15,7.042929,15,open,False,True,False
-1.24,19,7.04868,19,closed,False,True,False
-1.15,15,7.053235,15,closed,False,True,False
-1.15,15,7.057931,15,open,False,True,False
-1.24,19,7.063856,19,closed,False,True,False
-1.19,19,7.069602,19,closed,False,True,False
-1.22,17,7.074818,17,open,False,True,False
-1.17,17,7.079975,17,open,False,True,False
-1.17,17,7.085234,17,closed,False,True,False
-1.15,15,7.089906,15,open,False,True,False
-1.22,17,7.095179,17,closed,False,True,False
-1.19,19,7.101036,19,closed,False,True,False
-1.2,15,7.10567,15,open,False,True,False
-1.22,17,7.110873,17,open,False,True,False
-1.15,15,7.115618,15,open,False,True,False
-1.17,17,7.120777,17,closed,False,True,False
-1.25,15,7.125547,15,closed,False,True,False
-1.19,19,7.131231,19,closed,False,True,False
-1.17,17,7.136489,17,open,False,True,False
-1.17,17,7.14192,17,closed,False,True,False
-1.17,17,7.147182,17,closed,False,True,False
-1.24,19,7.15297,19,closed,False,True,False
-1.2,15,7.157669,15,closed,False,True,False
-1.15,15,7.16235,15,open,False,True,False
-1.15,15,7.166912,15,open,False,True,False
-1.15,15,7.171498,15,closed,False,True,False
-1.2,15,7.176224,15,open,False,True,True
-1.15,15,7.180888,15,open,False,True,False
-1.17,17,7.185996,17,open,False,True,False
-1.15,15,7.19069,15,closed,False,True,False
-1.2,15,7.195407,15,open,False,True,False
-1.29,19,7.201248,19,closed,False,True,True
-1.2,15,7.205847,15,closed,False,True,False
-1.2,15,7.210466,15,open,False,True,False
-1.19,19,7.216151,19,open,False,True,False
-1.24,19,7.221958,19,closed,False,True,False
-1.24,19,7.227869,19,open,False,True,False
-1.17,17,7.233055,17,open,False,True,False
-1.15,15,7.237605,15,closed,False,True,False
-1.24,19,7.243297,19,closed,False,True,True
-1.22,17,7.248595,17,open,False,True,False
-1.22,17,7.253804,17,closed,False,True,False
-1.15,15,7.25851,15,closed,False,True,False
-1.25,15,7.263165,15,open,False,True,False
-1.22,17,7.2683,17,open,False,True,False
-1.27,17,7.273489,17,open,False,True,False
-1.17,17,7.278772,17,open,False,True,False
-1.17,17,7.284043,17,closed,False,True,False
-1.19,19,7.289685,19,closed,False,True,False
-1.22,17,7.294976,17,open,False,True,False
-1.27,17,7.300099,17,closed,False,True,False
-1.15,15,7.304766,15,open,False,True,False
-1.15,15,7.30955,15,closed,False,True,False
-1.27,17,7.314774,17,open,False,True,False
-1.19,19,7.320489,19,open,False,True,False
-1.22,17,7.325721,17,closed,False,True,False
-1.2,15,7.33028,15,open,False,True,False
-1.2,15,7.334912,15,closed,False,True,False
-1.15,15,7.339502,15,closed,False,True,False
-1.17,17,7.344748,17,closed,False,True,False
-1.24,19,7.350479,19,closed,False,True,False
-1.17,17,7.355687,17,closed,False,True,False
-1.27,17,7.360959,17,open,False,True,False
-1.17,17,7.366246,17,closed,False,True,False
-1.25,15,7.371014,15,open,False,True,False
-1.2,15,7.375765,15,closed,False,True,False
-1.17,17,7.380867,17,closed,False,True,False
-1.17,17,7.386068,17,open,False,True,False
-1.2,15,7.390748,15,closed,False,True,False
-1.19,19,7.396525,19,closed,False,True,False
-1.27,17,7.401715,17,closed,False,True,False
-1.24,19,7.407554,19,closed,False,True,False
-1.15,15,7.412142,15,open,False,True,False
-1.24,19,7.41794,19,closed,False,True,False
-1.2,15,7.422491,15,open,False,True,False
-1.24,19,7.42825,19,open,False,True,True
-1.15,15,7.432808,15,open,False,True,False
-1.2,15,7.437353,15,open,False,True,False
-1.19,19,7.4431,19,open,False,True,False
-1.22,17,7.448281,17,closed,False,True,False
-1.29,19,7.454117,19,open,False,True,False
-1.24,19,7.459859,19,open,False,True,False
-1.24,19,7.465755,19,open,False,True,False
-1.27,17,7.470952,17,open,False,True,False
-1.29,19,7.476733,19,closed,False,True,False
-1.17,17,7.481788,17,closed,False,True,False
-1.2,15,7.48639,15,open,False,True,False
-1.19,19,7.492105,19,closed,False,True,False
-1.24,19,7.497806,19,open,False,True,True
-1.2,15,7.502292,15,closed,False,True,False
-1.19,19,7.508058,19,closed,False,True,False
-1.17,17,7.513277,17,open,False,True,False
-1.24,19,7.519043,19,closed,False,True,False
-1.3,15,7.671955,15,closed,False,True,False
-1.15,15,7.676723,15,closed,False,True,False
-1.19,19,7.682533,19,open,False,True,False
-1.17,17,7.687682,17,open,False,True,False
-1.15,15,7.692333,15,open,False,True,False
-1.17,17,7.697722,17,open,False,True,False
-1.19,19,7.703355,19,closed,False,True,False
-1.17,17,7.708649,17,open,False,True,False
-1.17,17,7.713925,17,open,False,True,False
-1.17,17,7.719116,17,open,False,True,False
-1.19,19,7.725053,19,closed,False,True,False
-1.22,17,7.73031,17,open,False,True,False
-1.19,19,7.736165,19,closed,False,True,False
-1.25,15,7.740908,15,closed,False,True,True
-1.24,19,7.746723,19,open,False,True,False
-1.15,15,7.751264,15,open,False,True,False
-1.19,19,7.757013,19,open,False,True,False
-1.15,15,7.761738,15,open,False,True,False
-1.2,15,7.766379,15,closed,False,True,False
-1.2,15,7.770929,15,closed,False,True,True
-1.24,19,7.776814,19,open,False,True,False
-1.15,15,7.781468,15,open,False,True,False
-1.17,17,7.786636,17,closed,False,True,False
-1.15,15,7.791373,15,closed,False,True,False
-1.17,17,7.796594,17,closed,False,True,False
-1.15,15,7.801109,15,closed,False,True,False
-1.15,15,7.805781,15,open,False,True,False
-1.24,19,7.811734,19,closed,False,True,True
-1.25,15,7.816399,15,closed,False,True,False
-1.2,15,7.82094,15,closed,False,True,False
-1.22,17,7.826274,17,closed,False,True,False
-1.15,15,7.830912,15,open,False,True,False
-1.2,15,7.835438,15,open,False,True,False
-1.19,19,7.841288,19,closed,False,True,False
-1.17,17,7.846623,17,open,False,True,False
-1.19,19,7.852417,19,open,False,True,False
-1.19,19,7.858187,19,open,False,True,False
-1.15,15,7.862969,15,open,False,True,False
-1.15,15,7.867596,15,open,False,True,False
-1.15,15,7.872309,15,closed,False,True,False
-1.17,17,7.877601,17,closed,False,True,False
-1.17,17,7.882938,17,open,False,True,False
-1.19,19,7.888698,19,closed,False,True,False
-1.17,17,7.893848,17,closed,False,True,False
-1.17,17,7.899158,17,closed,False,True,False
-1.27,17,7.904391,17,open,False,True,False
-1.19,19,7.910297,19,open,False,True,False
-1.24,19,7.916055,19,open,False,True,False
-1.24,19,7.921865,19,closed,False,True,False
-1.19,19,7.927822,19,closed,False,True,False
-1.22,17,7.932939,17,closed,False,True,False
-1.2,15,7.93742,15,closed,False,True,False
-1.19,19,7.943246,19,closed,False,True,False
-1.22,17,7.948505,17,closed,False,True,False
-1.29,19,7.954201,19,closed,False,True,False
-1.19,19,7.959967,19,open,False,True,False
-1.19,19,7.965712,19,closed,False,True,False
-1.19,19,7.971375,19,closed,False,True,False
-1.15,15,7.976141,15,open,False,True,False
-1.17,17,7.981396,17,open,False,True,False
-1.15,15,7.986033,15,closed,False,True,False
-1.24,19,7.991837,19,open,False,True,False
-1.19,19,7.997642,19,closed,False,True,False
-1.2,15,8.002167,15,closed,False,True,False
-1.25,15,8.006901,15,open,False,True,False
-1.24,19,8.013047,19,closed,False,True,False
-1.29,19,8.018858,19,open,False,True,False
-1.24,19,8.024624,19,open,False,True,False
-1.19,19,8.030543,19,closed,False,True,False
-1.17,17,8.035751,17,open,False,True,False
-1.17,17,8.041007,17,open,False,True,False
-1.2,15,8.045767,15,closed,False,True,False
-1.19,19,8.051415,19,open,False,True,False
-1.22,17,8.056561,17,closed,False,True,False
-1.2,15,8.061225,15,closed,False,True,False
-1.22,17,8.066702,17,closed,False,True,False
-1.32,17,8.072003,17,closed,False,True,False
-1.17,17,8.077246,17,open,False,True,False
-1.2,15,8.081854,15,closed,False,True,True
-1.15,15,8.086484,15,closed,False,True,False
-1.22,17,8.091696,17,open,False,True,False
-1.22,17,8.096999,17,open,False,True,False
-1.2,15,8.101655,15,closed,False,True,False
-1.22,17,8.106905,17,closed,False,True,False
-1.19,19,8.112779,19,open,False,True,False
-1.15,15,8.117324,15,closed,False,True,False
-1.17,17,8.122639,17,open,False,True,False
-1.19,19,8.1284,19,closed,False,True,False
-1.24,19,8.13404,19,closed,False,True,False
-1.15,15,8.138715,15,closed,False,True,False
-1.19,19,8.144518,19,closed,False,True,False
-1.17,17,8.149797,17,closed,False,True,False
-1.24,19,8.155707,19,open,False,True,False
-1.22,17,8.160887,17,open,False,True,False
-1.19,19,8.166674,19,closed,False,True,False
-1.24,19,8.172564,19,open,False,True,False
-1.19,19,8.178212,19,closed,False,True,False
-1.24,19,8.183915,19,closed,False,True,True
-1.15,15,8.188571,15,open,False,True,False
-1.19,19,8.194454,19,closed,False,True,False
-1.2,15,8.19908,15,open,False,True,True
-1.15,15,8.203645,15,open,False,True,False
-1.17,17,8.208918,17,closed,False,True,False
-1.24,19,8.2147,19,open,False,True,False
-1.15,15,8.219222,15,closed,False,True,False
-1.15,15,8.223863,15,closed,False,True,False
-1.22,17,8.229244,17,closed,False,True,False
-1.19,19,8.235019,19,closed,False,True,False
-1.15,15,8.239707,15,open,False,True,False
-1.24,19,8.245571,19,closed,False,True,False
-1.17,17,8.250724,17,closed,False,True,False
-1.22,17,8.256005,17,open,False,True,False
-1.19,19,8.261952,19,closed,False,True,False
-1.2,15,8.266597,15,closed,False,True,False
-1.32,17,8.271795,17,closed,False,True,False
-1.15,15,8.276476,15,open,False,True,False
-1.19,19,8.28231,19,open,False,True,False
-1.19,19,8.288204,19,open,False,True,False
-1.15,15,8.292824,15,closed,False,True,False
-1.19,19,8.298604,19,closed,False,True,False
-1.15,15,8.453587,15,closed,False,True,False
-1.17,17,8.459028,17,closed,False,True,False
-1.2,15,8.463708,15,open,False,True,False
-1.15,15,8.468377,15,open,False,True,False
-1.17,17,8.473599,17,open,False,True,False
-1.19,19,8.479344,19,closed,False,True,False
-1.15,15,8.483956,15,closed,False,True,False
-1.22,17,8.489287,17,closed,False,True,False
-1.22,17,8.494731,17,closed,False,True,False
-1.24,19,8.500552,19,closed,False,True,False
-1.15,15,8.505213,15,closed,False,True,False
-1.2,15,8.509945,15,closed,False,True,False
-1.2,15,8.51457,15,open,False,True,False
-1.17,17,8.519772,17,closed,False,True,False
-1.24,19,8.525674,19,closed,False,True,False
-1.17,17,8.530996,17,closed,False,True,False
-1.17,17,8.536213,17,closed,False,True,False
-1.2,15,8.540934,15,closed,False,True,False
-1.17,17,8.546312,17,closed,False,True,False
-1.2,15,8.551011,15,closed,False,True,False
-1.17,17,8.556245,17,closed,False,True,False
-1.24,19,8.562266,19,open,False,True,False
-1.15,15,8.566916,15,closed,False,True,False
-1.15,15,8.571499,15,open,False,True,False
-1.2,15,8.576328,15,open,False,True,False
-1.17,17,8.581629,17,open,False,True,False
-1.2,15,8.586274,15,open,False,True,True
-1.19,19,8.592181,19,open,False,True,False
-1.19,19,8.59813,19,closed,False,True,False
-1.17,17,8.603232,17,closed,False,True,False
-1.19,19,8.609019,19,open,False,True,False
-1.15,15,8.613807,15,open,False,True,False
-1.17,17,8.618901,17,closed,False,True,False
-1.22,17,8.624175,17,open,False,True,True
-1.15,15,8.628974,15,open,False,True,False
-1.17,17,8.634166,17,open,False,True,False
-1.17,17,8.639459,17,open,False,True,False
-1.19,19,8.645319,19,closed,False,True,False
-1.29,19,8.651125,19,closed,False,True,False
-1.17,17,8.656436,17,open,False,True,False
-1.15,15,8.66123,15,open,False,True,False
-1.25,15,8.665886,15,closed,False,True,False
-1.15,15,8.670416,15,closed,False,True,False
-1.17,17,8.675917,17,open,False,True,False
-1.22,17,8.681158,17,closed,False,True,False
-1.17,17,8.686378,17,closed,False,True,False
-1.17,17,8.691746,17,open,False,True,False
-1.17,17,8.696976,17,closed,False,True,False
-1.22,17,8.702161,17,open,False,True,False
-1.15,15,8.706944,15,open,False,True,False
-1.24,19,8.712742,19,closed,False,True,False
-1.15,15,8.717262,15,closed,False,True,False
-1.2,15,8.721977,15,closed,False,True,False
-1.15,15,8.726657,15,closed,False,True,False
-1.15,15,8.731263,15,open,False,True,False
-1.19,19,8.73709,19,closed,False,True,False
-1.15,15,8.741836,15,closed,False,True,False
-1.22,17,8.747286,17,open,False,True,False
-1.15,15,8.751999,15,closed,False,True,False
-1.24,19,8.75787,19,open,False,True,True
-1.2,15,8.762619,15,open,False,True,False
-1.19,19,8.768399,19,open,False,True,False
-1.19,19,8.774411,19,closed,False,True,False
-1.24,19,8.780293,19,closed,False,True,False
-1.15,15,8.784963,15,closed,False,True,False
-1.17,17,8.790259,17,open,False,True,False
-1.19,19,8.796157,19,open,False,True,False
-1.19,19,8.80192,19,closed,False,True,False
-1.29,19,8.807811,19,closed,False,True,False
-1.17,17,8.813038,17,open,False,True,False
-1.17,17,8.818151,17,open,False,True,False
-1.17,17,8.82348,17,closed,False,True,False
-1.2,15,8.828241,15,closed,False,True,True
-1.19,19,8.833964,19,closed,False,True,False
-1.2,15,8.838591,15,closed,False,True,False
-1.19,19,8.84454,19,open,False,True,False
-1.15,15,8.849173,15,open,False,True,False
-1.17,17,8.85429,17,open,False,True,False
-1.17,17,8.859618,17,closed,False,True,False
-1.2,15,8.864408,15,closed,False,True,True
-1.17,17,8.869528,17,open,False,True,False
-1.19,19,8.875527,19,open,False,True,False
-1.22,17,8.880755,17,closed,False,True,False
-1.19,19,8.886504,19,closed,False,True,False
-1.29,19,8.892368,19,closed,False,True,False
-1.2,15,8.896963,15,closed,False,True,False
-1.24,19,8.902709,19,closed,False,True,False
-1.15,15,8.907414,15,open,False,True,False
-1.17,17,8.912806,17,closed,False,True,False
-1.15,15,8.917331,15,closed,False,True,False
-1.19,19,8.923214,19,open,False,True,False
-1.22,17,8.928594,17,closed,False,True,False
-1.17,17,8.933764,17,closed,False,True,False
-1.17,17,8.93921,17,open,False,True,False
-1.15,15,8.943797,15,open,False,True,False
-1.15,15,8.948486,15,closed,False,True,False
-1.24,19,8.954258,19,open,False,True,False
-1.15,15,8.959141,15,closed,False,True,False
-1.15,15,8.963784,15,closed,False,True,False
-1.22,17,8.969001,17,open,False,True,False
-1.24,19,8.974864,19,open,False,True,False
-1.19,19,8.980785,19,open,False,True,False
-1.19,19,8.986451,19,open,False,True,False
-1.34,19,8.99247,19,open,False,True,True
-1.17,17,8.99777,17,closed,False,True,False
-1.17,17,9.003031,17,open,False,True,False
-1.29,19,9.009354,19,open,False,True,False
-1.2,15,9.014046,15,closed,False,True,False
-1.25,15,9.018642,15,closed,False,True,True
-1.17,17,9.023824,17,closed,False,True,False
-1.15,15,9.028596,15,open,False,True,False
-1.15,15,9.033182,15,closed,False,True,False
-1.17,17,9.038437,17,closed,False,True,False
-1.17,17,9.043745,17,closed,False,True,False
-1.19,19,9.049677,19,open,False,True,False
-1.27,17,9.054866,17,open,False,True,False
-1.17,17,9.060185,17,closed,False,True,False
-1.17,17,9.065562,17,open,False,True,False
-1.15,15,9.070085,15,closed,False,True,False
-1.17,17,9.075466,17,closed,False,True,False
-1.22,17,9.080744,17,closed,False,True,False
-1.15,15,9.235265,15,open,False,True,False
-1.15,15,9.240262,15,closed,False,True,False
-1.15,15,9.245099,15,open,False,True,False
-1.15,15,9.249685,15,closed,False,True,False
-1.15,15,9.254561,15,closed,False,True,False
-1.15,15,9.259209,15,closed,False,True,False
-1.2,15,9.264001,15,open,False,True,False
-1.17,17,9.269423,17,closed,False,True,False
-1.2,15,9.2743,15,closed,False,True,False
-1.15,15,9.278983,15,open,False,True,False
-1.2,15,9.283719,15,open,False,True,False
-1.19,19,9.289536,19,closed,False,True,False
-1.15,15,9.294428,15,closed,False,True,False
-1.15,15,9.299145,15,open,False,True,False
-1.17,17,9.304249,17,closed,False,True,False
-1.17,17,9.309631,17,open,False,True,False
-1.17,17,9.315255,17,closed,False,True,False
-1.29,19,9.321066,19,open,False,True,False
-1.29,19,9.327039,19,closed,False,True,False
-1.22,17,9.332248,17,closed,False,True,False
-1.22,17,9.337551,17,open,False,True,False
-1.17,17,9.342959,17,open,False,True,False
-1.15,15,9.347676,15,open,False,True,False
-1.15,15,9.352253,15,closed,False,True,False
-1.22,17,9.357557,17,closed,False,True,False
-1.29,19,9.363417,19,open,False,True,False
-1.15,15,9.368002,15,closed,False,True,False
-1.2,15,9.372736,15,closed,False,True,True
-1.19,19,9.378638,19,open,False,True,False
-1.2,15,9.383274,15,closed,False,True,True
-1.17,17,9.388478,17,open,False,True,False
-1.2,15,9.393191,15,open,False,True,False
-1.17,17,9.398581,17,closed,False,True,False
-1.2,15,9.403157,15,open,False,True,False
-1.15,15,9.407832,15,closed,False,True,False
-1.22,17,9.413096,17,open,False,True,False
-1.17,17,9.41838,17,closed,False,True,False
-1.15,15,9.423033,15,open,False,True,False
-1.17,17,9.428425,17,open,False,True,False
-1.19,19,9.434144,19,closed,False,True,False
-1.19,19,9.440121,19,open,False,True,False
-1.17,17,9.445335,17,open,False,True,False
-1.17,17,9.450687,17,closed,False,True,False
-1.19,19,9.456752,19,closed,False,True,False
-1.15,15,9.46154,15,closed,False,True,False
-1.15,15,9.466177,15,closed,False,True,False
-1.24,19,9.471963,19,closed,False,True,False
-1.19,19,9.477932,19,open,False,True,False
-1.19,19,9.483715,19,closed,False,True,False
-1.17,17,9.488966,17,closed,False,True,False
-1.15,15,9.493686,15,open,False,True,False
-1.19,19,9.499556,19,closed,False,True,False
-1.19,19,9.505412,19,open,False,True,False
-1.29,19,9.511263,19,open,False,True,False
-1.15,15,9.516065,15,open,False,True,False
-1.24,19,9.521912,19,open,False,True,False
-1.17,17,9.527138,17,open,False,True,False
-1.17,17,9.532321,17,closed,False,True,False
-1.19,19,9.53827,19,closed,False,True,False
-1.15,15,9.542925,15,open,False,True,False
-1.19,19,9.548741,19,closed,False,True,False
-1.15,15,9.553263,15,open,False,True,False
-1.2,15,9.558205,15,open,False,True,False
-1.22,17,9.563594,17,open,False,True,False
-1.19,19,9.56941,19,open,False,True,False
-1.24,19,9.575532,19,open,False,True,False
-1.19,19,9.581287,19,open,False,True,False
-1.19,19,9.586954,19,open,False,True,False
-1.17,17,9.59234,17,closed,False,True,False
-1.17,17,9.597587,17,open,False,True,False
-1.22,17,9.602736,17,closed,False,True,False
-1.24,19,9.608651,19,closed,False,True,False
-1.19,19,9.614246,19,open,False,True,False
-1.17,17,9.619426,17,closed,False,True,False
-1.24,19,9.625265,19,closed,False,True,False
-1.17,17,9.630567,17,open,False,True,False
-1.19,19,9.636411,19,closed,False,True,False
-1.19,19,9.642223,19,closed,False,True,False
-1.15,15,9.646867,15,closed,False,True,False
-1.19,19,9.652703,19,closed,False,True,False
-1.19,19,9.658742,19,closed,False,True,False
-1.19,19,9.664696,19,closed,False,True,False
-1.24,19,9.670426,19,closed,False,True,False
-1.15,15,9.675113,15,closed,False,True,False
-1.22,17,9.680303,17,open,False,True,False
-1.17,17,9.685382,17,closed,False,True,False
-1.24,19,9.691178,19,open,False,True,False
-1.15,15,9.695944,15,open,False,True,False
-1.32,17,9.701119,17,closed,False,True,False
-1.19,19,9.706943,19,closed,False,True,False
-1.15,15,9.711564,15,open,False,True,False
-1.19,19,9.717897,19,open,False,True,False
-1.17,17,9.723201,17,closed,False,True,False
-1.19,19,9.729022,19,open,False,True,False
-1.29,19,9.734873,19,open,False,True,False
-1.19,19,9.740773,19,open,False,True,False
-1.15,15,9.745411,15,open,False,True,False
-1.19,19,9.75123,19,closed,False,True,False
-1.24,19,9.756976,19,open,False,True,False
-1.24,19,9.762888,19,closed,False,True,False
-1.17,17,9.768028,17,open,False,True,False
-1.22,17,9.773252,17,open,False,True,False
-1.17,17,9.778451,17,closed,False,True,False
-1.2,15,9.783032,15,closed,False,True,False
-1.19,19,9.78877,19,closed,False,True,False
-1.24,19,9.794527,19,closed,False,True,False
-1.17,17,9.799786,17,open,False,True,False
-1.24,19,9.805722,19,open,False,True,False
-1.19,19,9.811596,19,closed,False,True,False
-1.15,15,9.816232,15,open,False,True,False
-1.19,19,9.822095,19,open,False,True,False
-1.15,15,9.826722,15,closed,False,True,False
-1.2,15,9.831245,15,closed,False,True,False
-1.15,15,9.83587,15,open,False,True,False
-1.24,19,9.841738,19,closed,False,True,False
-1.15,15,9.846256,15,closed,False,True,False
-1.15,15,9.85076,15,open,False,True,False
-1.17,17,9.855899,17,closed,False,True,False
-1.19,19,9.861666,19,closed,False,True,False
-1.15,15,9.866319,15,closed,False,True,False
-1.19,19,10.024951,19,open,False,True,False
-1.15,15,10.029856,15,closed,False,True,False
-1.19,19,10.035625,19,open,False,True,False
-1.15,15,10.040177,15,open,False,True,False
-1.15,15,10.044818,15,closed,False,True,False
-1.19,19,10.050697,19,closed,False,True,False
-1.17,17,10.056009,17,open,False,True,False
-1.15,15,10.060647,15,closed,False,True,False
-1.15,15,10.065387,15,closed,False,True,False
-1.17,17,10.070644,17,closed,False,True,False
-1.17,17,10.075986,17,closed,False,True,False
-1.17,17,10.081197,17,closed,False,True,False
-1.24,19,10.086953,19,closed,False,True,False
-1.15,15,10.091571,15,open,False,True,False
-1.15,15,10.096164,15,open,False,True,False
-1.2,15,10.10079,15,open,False,True,False
-1.19,19,10.106569,19,closed,False,True,False
-1.17,17,10.111809,17,closed,False,True,False
-1.19,19,10.117569,19,open,False,True,False
-1.2,15,10.1221,15,closed,False,True,False
-1.15,15,10.1268,15,open,False,True,False
-1.15,15,10.13137,15,open,False,True,False
-1.15,15,10.135971,15,open,False,True,False
-1.19,19,10.141749,19,closed,False,True,False
-1.24,19,10.147512,19,open,False,True,False
-1.2,15,10.152212,15,open,False,True,False
-1.15,15,10.156993,15,open,False,True,False
-1.24,19,10.162911,19,closed,False,True,False
-1.17,17,10.168072,17,open,False,True,False
-1.19,19,10.173904,19,closed,False,True,False
-1.17,17,10.179042,17,closed,False,True,False
-1.17,17,10.18428,17,open,False,True,False
-1.15,15,10.188828,15,closed,False,True,False
-1.19,19,10.194638,19,closed,False,True,False
-1.15,15,10.199178,15,open,False,True,False
-1.17,17,10.204355,17,closed,False,True,False
-1.17,17,10.209685,17,closed,False,True,False
-1.19,19,10.215542,19,open,False,True,False
-1.19,19,10.221231,19,closed,False,True,False
-1.15,15,10.225923,15,closed,False,True,False
-1.24,19,10.231703,19,closed,False,True,False
-1.19,19,10.237345,19,open,False,True,False
-1.17,17,10.242694,17,closed,False,True,False
-1.17,17,10.247919,17,closed,False,True,False
-1.17,17,10.253156,17,open,False,True,False
-1.15,15,10.257813,15,closed,False,True,False
-1.2,15,10.262466,15,open,False,True,False
-1.19,19,10.268337,19,open,False,True,False
-1.17,17,10.27374,17,closed,False,True,False
-1.15,15,10.278302,15,closed,False,True,False
-1.17,17,10.283395,17,closed,False,True,False
-1.17,17,10.288485,17,closed,False,True,False
-1.19,19,10.294267,19,closed,False,True,False
-1.17,17,10.299469,17,open,False,True,False
-1.2,15,10.304127,15,closed,False,True,False
-1.24,19,10.309957,19,open,False,True,False
-1.15,15,10.314622,15,open,False,True,False
-1.19,19,10.32021,19,closed,False,True,False
-1.24,19,10.326083,19,closed,False,True,False
-1.19,19,10.331983,19,closed,False,True,False
-1.19,19,10.337888,19,open,False,True,False
-1.17,17,10.343099,17,open,False,True,False
-1.15,15,10.347756,15,open,False,True,False
-1.17,17,10.352868,17,closed,False,True,False
-1.15,15,10.357607,15,open,False,True,False
-1.2,15,10.362291,15,open,False,True,False
-1.15,15,10.366934,15,closed,False,True,False
-1.17,17,10.37225,17,open,False,True,False
-1.19,19,10.378016,19,closed,False,True,False
-1.2,15,10.382579,15,closed,False,True,False
-1.15,15,10.387153,15,open,False,True,False
-1.32,17,10.392325,17,open,False,True,False
-1.19,19,10.398187,19,open,False,True,False
-1.22,17,10.403441,17,closed,False,True,False
-1.17,17,10.408611,17,open,False,True,False
-1.19,19,10.414275,19,closed,False,True,False
-1.24,19,10.420083,19,closed,False,True,False
-1.19,19,10.425908,19,open,False,True,False
-1.19,19,10.43168,19,open,False,True,False
-1.17,17,10.436843,17,open,False,True,False
-1.17,17,10.442092,17,closed,False,True,False
-1.24,19,10.447987,19,closed,False,True,False
-1.22,17,10.453069,17,open,False,True,True
-1.17,17,10.458163,17,closed,False,True,False
-1.15,15,10.46279,15,closed,False,True,False
-1.15,15,10.467465,15,open,False,True,False
-1.19,19,10.473203,19,closed,False,True,False
-1.24,19,10.478964,19,closed,False,True,False
-1.15,15,10.483616,15,open,False,True,False
-1.15,15,10.488178,15,open,False,True,False
-1.19,19,10.494072,19,closed,False,True,False
-1.15,15,10.498814,15,closed,False,True,False
-1.17,17,10.503976,17,closed,False,True,False
-1.25,15,10.508756,15,closed,False,True,False
-1.17,17,10.513872,17,closed,False,True,False
-1.15,15,10.518469,15,closed,False,True,False
-1.15,15,10.523135,15,open,False,True,False
-1.19,19,10.52901,19,closed,False,True,False
-1.2,15,10.533603,15,open,False,True,False
-1.24,19,10.539279,19,open,False,True,False
-1.15,15,10.543967,15,open,False,True,False
-1.19,19,10.549833,19,open,False,True,False
-1.15,15,10.554439,15,open,False,True,False
-1.15,15,10.559218,15,open,False,True,False
-1.19,19,10.565223,19,open,False,True,False
-1.15,15,10.569789,15,open,False,True,False
-1.19,19,10.575651,19,closed,False,True,False
-1.15,15,10.580204,15,closed,False,True,False
-1.22,17,10.585397,17,closed,False,True,False
-1.19,19,10.59108,19,open,False,True,False
-1.15,15,10.595817,15,closed,False,True,False
-1.17,17,10.600952,17,open,False,True,False
-1.22,17,10.606134,17,open,False,True,False
-1.17,17,10.611319,17,closed,False,True,False
-1.17,17,10.616645,17,open,False,True,False
-1.2,15,10.621319,15,open,False,True,False
-1.19,19,10.627022,19,closed,False,True,False
-1.15,15,10.631671,15,open,False,True,False
-1.19,19,10.637378,19,closed,False,True,False
-1.15,15,10.642068,15,closed,False,True,False
-1.15,15,10.646691,15,closed,False,True,False
-1.19,19,10.807914,19,open,False,True,False
-1.19,19,10.813962,19,closed,False,True,False
-1.17,17,10.819253,17,closed,False,True,False
-1.15,15,10.823974,15,closed,False,True,False
-1.15,15,10.828759,15,open,False,True,False
-1.15,15,10.833533,15,closed,False,True,False
-1.19,19,10.839458,19,open,False,True,False
-1.17,17,10.844793,17,open,False,True,False
-1.19,19,10.850669,19,closed,False,True,False
-1.19,19,10.856514,19,closed,False,True,False
-1.17,17,10.861677,17,closed,False,True,False
-1.19,19,10.867546,19,closed,False,True,False
-1.24,19,10.873537,19,closed,False,True,False
-1.17,17,10.878903,17,open,False,True,False
-1.17,17,10.884144,17,open,False,True,False
-1.22,17,10.889355,17,open,False,True,False
-1.2,15,10.894074,15,open,False,True,False
-1.15,15,10.898818,15,open,False,True,False
-1.17,17,10.904094,17,open,False,True,False
-1.17,17,10.909333,17,open,False,True,False
-1.15,15,10.914117,15,closed,False,True,False
-1.15,15,10.91883,15,open,False,True,False
-1.29,19,10.92463,19,closed,False,True,False
-1.17,17,10.929953,17,closed,False,True,False
-1.17,17,10.935121,17,open,False,True,False
-1.19,19,10.940939,19,open,False,True,False
-1.17,17,10.946278,17,closed,False,True,False
-1.24,19,10.95215,19,open,False,True,False
-1.15,15,10.956917,15,closed,False,True,False
-1.15,15,10.961633,15,closed,False,True,False
-1.2,15,10.966251,15,closed,False,True,False
-1.19,19,10.972125,19,closed,False,True,False
-1.19,19,10.978106,19,closed,False,True,False
-1.15,15,10.982749,15,open,False,True,False
-1.19,19,10.988703,19,closed,False,True,False
-1.19,19,10.994494,19,open,False,True,False
-1.17,17,10.999755,17,open,False,True,False
-1.22,17,11.004975,17,open,False,True,False
-1.19,19,11.011219,19,open,False,True,False
-1.24,19,11.017084,19,open,False,True,False
-1.15,15,11.021835,15,open,False,True,False
-1.17,17,11.027115,17,closed,False,True,False
-1.19,19,11.032976,19,closed,False,True,False
-1.17,17,11.038201,17,open,False,True,False
-1.17,17,11.043589,17,open,False,True,False
-1.19,19,11.049427,19,closed,False,True,False
-1.22,17,11.054658,17,open,False,True,False
-1.17,17,11.060063,17,open,False,True,False
-1.15,15,11.064831,15,closed,False,True,False
-1.19,19,11.070575,19,open,False,True,False
-1.19,19,11.076643,19,open,False,True,False
-1.24,19,11.082509,19,closed,False,True,False
-1.19,19,11.088344,19,closed,False,True,False
-1.17,17,11.093604,17,closed,False,True,False
-1.19,19,11.099483,19,closed,False,True,False
-1.17,17,11.104758,17,closed,False,True,False
-1.15,15,11.109434,15,open,False,True,False
-1.2,15,11.114239,15,open,False,True,False
-1.17,17,11.119555,17,closed,False,True,False
-1.19,19,11.125478,19,open,False,True,False
-1.17,17,11.130747,17,closed,False,True,False
-1.15,15,11.135486,15,closed,False,True,False
-1.2,15,11.140203,15,open,False,True,False
-1.17,17,11.145544,17,closed,False,True,False
-1.15,15,11.150251,15,closed,False,True,False
-1.22,17,11.155488,17,closed,False,True,True
-1.2,15,11.160267,15,closed,False,True,False
-1.17,17,11.165524,17,open,False,True,False
-1.15,15,11.170213,15,open,False,True,False
-1.17,17,11.175672,17,open,False,True,False
-1.17,17,11.181046,17,open,False,True,False
-1.17,17,11.18639,17,open,False,True,False
-1.15,15,11.191115,15,open,False,True,False
-1.19,19,11.197057,19,open,False,True,False
-1.19,19,11.202862,19,closed,False,True,False
-1.15,15,11.207581,15,closed,False,True,False
-1.2,15,11.21224,15,open,False,True,False
-1.15,15,11.216992,15,open,False,True,False
-1.17,17,11.22225,17,open,False,True,False
-1.15,15,11.227042,15,open,False,True,False
-1.15,15,11.23175,15,open,False,True,False
-1.22,17,11.236999,17,closed,False,True,False
-1.15,15,11.241724,15,open,False,True,False
-1.15,15,11.246408,15,closed,False,True,False
-1.19,19,11.252236,19,open,False,True,False
-1.15,15,11.257007,15,open,False,True,False
-1.15,15,11.261747,15,closed,False,True,False
-1.19,19,11.26748,19,open,False,True,False
-1.19,19,11.273453,19,closed,False,True,False
-1.17,17,11.278773,17,open,False,True,False
-1.19,19,11.28469,19,open,False,True,False
-1.15,15,11.28945,15,open,False,True,False
-1.17,17,11.294741,17,open,False,True,False
-1.15,15,11.299465,15,closed,False,True,False
-1.17,17,11.304714,17,open,False,True,False
-1.15,15,11.309353,15,closed,False,True,False
-1.29,19,11.315243,19,closed,False,True,False
-1.15,15,11.319829,15,open,False,True,False
-1.19,19,11.325687,19,closed,False,True,False
-1.19,19,11.331441,19,open,False,True,False
-1.24,19,11.337148,19,open,False,True,False
-1.24,19,11.34316,19,closed,False,True,False
-1.15,15,11.347777,15,open,False,True,False
-1.15,15,11.352344,15,closed,False,True,False
-1.19,19,11.358333,19,open,False,True,False
-1.17,17,11.363565,17,closed,False,True,False
-1.15,15,11.368174,15,open,False,True,False
-1.19,19,11.37418,19,closed,False,True,False
-1.15,15,11.378924,15,closed,False,True,False
-1.24,19,11.384824,19,closed,False,True,False
-1.19,19,11.390808,19,open,False,True,False
-1.17,17,11.396208,17,closed,False,True,False
-1.19,19,11.401989,19,closed,False,True,False
-1.22,17,11.407223,17,open,False,True,False
-1.2,15,11.412001,15,closed,False,True,False
-1.19,19,11.4178,19,open,False,True,False
-1.17,17,11.423041,17,closed,False,True,False
-1.15,15,11.427782,15,open,False,True,False
-1.17,17,11.433027,17,closed,False,True,False
-1.2,15,11.437747,15,open,False,True,False
-1.15,15,11.442642,15,closed,False,True,False
-1.17,17,11.599609,17,open,False,True,False
-1.17,17,11.604916,17,closed,False,True,False
-1.17,17,11.614376,17,open,False,True,False
-1.15,15,11.619426,15,closed,False,True,False
-1.19,19,11.62562,19,closed,False,True,False
-1.15,15,11.630269,15,open,False,True,False
-1.15,15,11.635015,15,closed,False,True,False
-1.17,17,11.640368,17,closed,False,True,False
-1.19,19,11.64615,19,closed,False,True,False
-1.15,15,11.650692,15,open,False,True,False
-1.24,19,11.656551,19,closed,False,True,False
-1.2,15,11.661159,15,closed,False,True,False
-1.2,15,11.665727,15,closed,False,True,False
-1.19,19,11.671488,19,open,False,True,False
-1.17,17,11.676792,17,open,False,True,False
-1.22,17,11.681932,17,closed,False,True,False
-1.24,19,11.687628,19,open,False,True,False
-1.22,17,11.692877,17,closed,False,True,False
-1.19,19,11.69865,19,open,False,True,False
-1.15,15,11.703162,15,open,False,True,False
-1.17,17,11.70842,17,open,False,True,False
-1.15,15,11.712974,15,open,False,True,False
-1.15,15,11.717558,15,open,False,True,False
-1.17,17,11.722701,17,closed,False,True,False
-1.17,17,11.727972,17,closed,False,True,False
-1.17,17,11.733122,17,closed,False,True,False
-1.15,15,11.737775,15,closed,False,True,False
-1.17,17,11.74293,17,open,False,True,False
-1.15,15,11.747477,15,open,False,True,False
-1.19,19,11.753149,19,closed,False,True,False
-1.17,17,11.758332,17,open,False,True,False
-1.19,19,11.764052,19,open,False,True,False
-1.19,19,11.769771,19,closed,False,True,False
-1.15,15,11.774422,15,open,False,True,False
-1.22,17,11.779619,17,closed,False,True,False
-1.19,19,11.78532,19,closed,False,True,False
-1.17,17,11.790501,17,open,False,True,False
-1.15,15,11.795118,15,closed,False,True,False
-1.24,19,11.800873,19,closed,False,True,False
-1.19,19,11.806609,19,closed,False,True,False
-1.19,19,11.812625,19,closed,False,True,False
-1.22,17,11.817796,17,closed,False,True,True
-1.19,19,11.823586,19,closed,False,True,False
-1.17,17,11.828732,17,closed,False,True,False
-1.17,17,11.833924,17,open,False,True,False
-1.19,19,11.839732,19,closed,False,True,False
-1.15,15,11.844299,15,open,False,True,False
-1.19,19,11.850028,19,closed,False,True,False
-1.15,15,11.854656,15,open,False,True,False
-1.17,17,11.859875,17,closed,False,True,False
-1.19,19,11.865582,19,open,False,True,False
-1.15,15,11.8702,15,closed,False,True,False
-1.17,17,11.875476,17,open,False,True,False
-1.17,17,11.880618,17,closed,False,True,False
-1.15,15,11.885241,15,closed,False,True,False
-1.19,19,11.891064,19,closed,False,True,False
-1.15,15,11.895705,15,closed,False,True,False
-1.17,17,11.900791,17,open,False,True,False
-1.17,17,11.906015,17,closed,False,True,False
-1.15,15,11.910674,15,closed,False,True,False
-1.15,15,11.915301,15,open,False,True,False
-1.19,19,11.921,19,open,False,True,False
-1.15,15,11.925721,15,closed,False,True,False
-1.17,17,11.930965,17,open,False,True,False
-1.19,19,11.936752,19,closed,False,True,False
-1.19,19,11.942471,19,closed,False,True,False
-1.27,17,11.947727,17,closed,False,True,False
-1.15,15,11.952392,15,closed,False,True,False
-1.15,15,11.957112,15,closed,False,True,False
-1.19,19,11.962902,19,open,False,True,False
-1.17,17,11.968013,17,open,False,True,False
-1.19,19,11.973974,19,closed,False,True,False
-1.22,17,11.979163,17,open,False,True,False
-1.19,19,11.984913,19,closed,False,True,False
-1.17,17,11.990145,17,open,False,True,False
-1.15,15,11.994848,15,closed,False,True,False
-1.17,17,12.000029,17,closed,False,True,False
-1.19,19,12.005781,19,closed,False,True,False
-1.15,15,12.010648,15,closed,False,True,False
-1.2,15,12.015257,15,closed,False,True,False
-1.17,17,12.020345,17,open,False,True,False
-1.22,17,12.025499,17,closed,False,True,False
-1.19,19,12.03125,19,open,False,True,False
-1.17,17,12.036334,17,open,False,True,False
-1.17,17,12.041574,17,closed,False,True,False
-1.24,19,12.047395,19,closed,False,True,False
-1.17,17,12.052572,17,closed,False,True,False
-1.19,19,12.058398,19,closed,False,True,False
-1.15,15,12.063141,15,closed,False,True,False
-1.24,19,12.068942,19,closed,False,True,False
-1.15,15,12.073613,15,closed,False,True,False
-1.17,17,12.078823,17,closed,False,True,False
-1.15,15,12.083507,15,open,False,True,False
-1.15,15,12.088131,15,closed,False,True,False
-1.19,19,12.093962,19,closed,False,True,False
-1.19,19,12.099719,19,open,False,True,False
-1.15,15,12.104211,15,closed,False,True,False
-1.19,19,12.110054,19,closed,False,True,False
-1.17,17,12.115252,17,open,False,True,False
-1.19,19,12.120922,19,open,False,True,False
-1.19,19,12.126642,19,open,False,True,False
-1.22,17,12.131816,17,closed,False,True,True
-1.15,15,12.136429,15,open,False,True,False
-1.17,17,12.141664,17,open,False,True,False
-1.17,17,12.147029,17,closed,False,True,False
-1.17,17,12.152075,17,closed,False,True,False
-1.15,15,12.156805,15,closed,False,True,False
-1.15,15,12.161483,15,open,False,True,False
-1.15,15,12.166104,15,closed,False,True,False
-1.19,19,12.171874,19,closed,False,True,False
-1.15,15,12.176553,15,open,False,True,False
-1.19,19,12.182423,19,open,False,True,False
-1.15,15,12.187129,15,open,False,True,False
-1.19,19,12.192855,19,open,False,True,False
-1.15,15,12.197554,15,closed,False,True,False
-1.15,15,12.202127,15,open,False,True,False
-1.19,19,12.208018,19,closed,False,True,False
-1.15,15,12.212726,15,closed,False,True,False
-1.2,15,12.217384,15,closed,False,True,False
-1.17,17,12.222569,17,closed,False,True,False
-1.15,15,12.227156,15,open,False,True,False
-1.17,17,12.385623,17,open,False,True,False
-1.15,15,12.390525,15,closed,False,True,False
-1.22,17,12.395855,17,closed,False,True,False
-1.17,17,12.401163,17,closed,False,True,False
-1.15,15,12.405754,15,closed,False,True,False
-1.15,15,12.410407,15,open,False,True,False
-1.17,17,12.415617,17,open,False,True,False
-1.15,15,12.420144,15,closed,False,True,False
-1.19,19,12.426033,19,open,False,True,False
-1.17,17,12.431307,17,open,False,True,False
-1.15,15,12.436022,15,open,False,True,False
-1.19,19,12.441848,19,closed,False,True,False
-1.2,15,12.446674,15,open,False,True,False
-1.22,17,12.452079,17,open,False,True,False
-1.15,15,12.45671,15,closed,False,True,False
-1.17,17,12.462108,17,open,False,True,False
-1.15,15,12.466859,15,open,False,True,False
-1.15,15,12.471423,15,closed,False,True,False
-1.19,19,12.477355,19,open,False,True,False
-1.17,17,12.482652,17,closed,False,True,False
-1.15,15,12.487301,15,open,False,True,False
-1.19,19,12.493075,19,open,False,True,False
-1.15,15,12.497665,15,open,False,True,False
-1.17,17,12.502787,17,open,False,True,False
-1.15,15,12.507364,15,closed,False,True,False
-1.17,17,12.51265,17,closed,False,True,False
-1.17,17,12.51791,17,closed,False,True,False
-1.19,19,12.523585,19,open,False,True,False
-1.19,19,12.529498,19,open,False,True,False
-1.17,17,12.534755,17,closed,False,True,False
-1.2,15,12.539352,15,closed,False,True,False
-1.15,15,12.543899,15,open,False,True,False
-1.15,15,12.548631,15,open,False,True,False
-1.15,15,12.553182,15,open,False,True,False
-1.15,15,12.557795,15,open,False,True,False
-1.17,17,12.56306,17,open,False,True,False
-1.15,15,12.567633,15,closed,False,True,False
-1.17,17,12.572806,17,open,False,True,False
-1.15,15,12.577507,15,closed,False,True,False
-1.24,19,12.583283,19,closed,False,True,False
-1.19,19,12.589013,19,closed,False,True,False
-1.15,15,12.593653,15,open,False,True,False
-1.19,19,12.599607,19,closed,False,True,False
-1.17,17,12.604719,17,closed,False,True,False
-1.19,19,12.610497,19,closed,False,True,False
-1.2,15,12.615189,15,open,False,True,False
-1.15,15,12.619908,15,open,False,True,False
-1.19,19,12.625679,19,closed,False,True,False
-1.15,15,12.630234,15,closed,False,True,False
-1.22,17,12.635371,17,closed,False,True,False
-1.15,15,12.639985,15,closed,False,True,False
-1.15,15,12.644721,15,closed,False,True,False
-1.15,15,12.649315,15,closed,False,True,False
-1.17,17,12.654568,17,closed,False,True,False
-1.17,17,12.659925,17,open,False,True,False
-1.19,19,12.665798,19,closed,False,True,False
-1.19,19,12.671536,19,closed,False,True,False
-1.19,19,12.677412,19,open,False,True,False
-1.15,15,12.682079,15,open,False,True,False
-1.15,15,12.686651,15,open,False,True,False
-1.17,17,12.691997,17,open,False,True,False
-1.2,15,12.696768,15,open,False,True,True
-1.15,15,12.701286,15,closed,False,True,False
-1.15,15,12.705998,15,closed,False,True,False
-1.17,17,12.711229,17,open,False,True,False
-1.17,17,12.716486,17,closed,False,True,False
-1.19,19,12.722303,19,open,False,True,False
-1.17,17,12.727532,17,open,False,True,False
-1.24,19,12.733215,19,open,False,True,False
-1.15,15,12.737723,15,open,False,True,False
-1.2,15,12.742459,15,open,False,True,False
-1.19,19,12.748286,19,open,False,True,False
-1.17,17,12.753496,17,open,False,True,False
-1.17,17,12.758829,17,open,False,True,False
-1.15,15,12.763527,15,open,False,True,False
-1.17,17,12.76871,17,open,False,True,False
-1.15,15,12.773428,15,open,False,True,False
-1.19,19,12.779181,19,closed,False,True,False
-1.17,17,12.784406,17,open,False,True,False
-1.15,15,12.7891,15,open,False,True,False
-1.19,19,12.794911,19,closed,False,True,False
-1.17,17,12.800136,17,closed,False,True,False
-1.17,17,12.805425,17,open,False,True,False
-1.15,15,12.81021,15,open,False,True,False
-1.17,17,12.815445,17,open,False,True,False
-1.17,17,12.820603,17,open,False,True,False
-1.17,17,12.825842,17,closed,False,True,False
-1.19,19,12.831608,19,closed,False,True,False
-1.17,17,12.836795,17,open,False,True,False
-1.2,15,12.841483,15,open,False,True,False
-1.15,15,12.846117,15,closed,False,True,False
-1.15,15,12.850674,15,closed,False,True,False
-1.22,17,12.855864,17,closed,False,True,False
-1.15,15,12.86058,15,closed,False,True,False
-1.15,15,12.865202,15,open,False,True,False
-1.15,15,12.869817,15,open,False,True,False
-1.17,17,12.875195,17,closed,False,True,False
-1.15,15,12.879815,15,open,False,True,False
-1.15,15,12.884437,15,open,False,True,False
-1.15,15,12.889115,15,closed,False,True,False
-1.15,15,12.893785,15,open,False,True,False
-1.2,15,12.898302,15,closed,False,True,False
-1.2,15,12.902994,15,open,False,True,False
-1.19,19,12.908838,19,open,False,True,False
-1.15,15,12.913386,15,open,False,True,False
-1.19,19,12.919135,19,open,False,True,False
-1.19,19,12.924898,19,open,False,True,False
-1.19,19,12.930672,19,open,False,True,False
-1.19,19,12.936337,19,closed,False,True,False
-1.15,15,12.94112,15,closed,False,True,False
-1.19,19,12.94688,19,open,False,True,False
-1.19,19,12.952649,19,closed,False,True,False
-1.17,17,12.957968,17,open,False,True,False
-1.17,17,12.963212,17,open,False,True,False
-1.15,15,12.967872,15,closed,False,True,False
-1.15,15,12.972559,15,closed,False,True,False
-1.19,19,12.978542,19,closed,False,True,False
-1.15,15,12.98321,15,open,False,True,False
-1.19,19,12.989018,19,closed,False,True,False
-1.15,15,12.993626,15,open,False,True,False
-1.19,19,12.999439,19,open,False,True,False
-1.15,15,13.004019,15,open,False,True,False
-1.17,17,13.009312,17,closed,False,True,False
-1.17,17,13.01487,17,closed,False,True,False
-1.15,15,13.170655,15,open,False,True,False
-1.15,15,13.175525,15,closed,False,True,False
-1.15,15,13.18018,15,open,False,True,False
-1.19,19,13.185974,19,open,False,True,False
-1.19,19,13.191887,19,closed,False,True,False
-1.15,15,13.196468,15,closed,False,True,False
-1.19,19,13.20213,19,closed,False,True,False
-1.19,19,13.207895,19,closed,False,True,False
-1.19,19,13.213714,19,closed,False,True,False
-1.17,17,13.21883,17,closed,False,True,False
-1.15,15,13.223505,15,open,False,True,False
-1.19,19,13.229294,19,open,False,True,False
-1.19,19,13.235152,19,closed,False,True,False
-1.17,17,13.240254,17,open,False,True,False
-1.15,15,13.244958,15,closed,False,True,False
-1.17,17,13.25011,17,open,False,True,False
-1.2,15,13.254786,15,open,False,True,False
-1.19,19,13.260577,19,open,False,True,False
-1.19,19,13.266371,19,open,False,True,False
-1.17,17,13.271489,17,open,False,True,False
-1.15,15,13.276322,15,closed,False,True,False
-1.15,15,13.281008,15,closed,False,True,False
-1.19,19,13.286761,19,closed,False,True,False
-1.19,19,13.292593,19,open,False,True,False
-1.17,17,13.297703,17,open,False,True,False
-1.15,15,13.302365,15,closed,False,True,False
-1.17,17,13.307534,17,open,False,True,False
-1.15,15,13.31221,15,open,False,True,False
-1.17,17,13.317493,17,closed,False,True,False
-1.22,17,13.322687,17,closed,False,True,False
-1.17,17,13.328012,17,open,False,True,False
-1.15,15,13.332656,15,open,False,True,False
-1.19,19,13.338484,19,closed,False,True,False
-1.15,15,13.343134,15,open,False,True,False
-1.15,15,13.347813,15,open,False,True,False
-1.17,17,13.353029,17,open,False,True,False
-1.17,17,13.358224,17,open,False,True,False
-1.15,15,13.362903,15,closed,False,True,False
-1.15,15,13.367547,15,closed,False,True,False
-1.15,15,13.372128,15,closed,False,True,False
-1.19,19,13.378018,19,open,False,True,False
-1.15,15,13.382681,15,closed,False,True,False
-1.17,17,13.387721,17,open,False,True,False
-1.15,15,13.392315,15,open,False,True,False
-1.17,17,13.39752,17,closed,False,True,False
-1.19,19,13.40329,19,open,False,True,False
-1.19,19,13.409103,19,closed,False,True,False
-1.17,17,13.414234,17,closed,False,True,False
-1.15,15,13.418771,15,closed,False,True,False
-1.19,19,13.424474,19,closed,False,True,False
-1.17,17,13.429712,17,open,False,True,False
-1.19,19,13.435475,19,closed,False,True,False
-1.15,15,13.440089,15,open,False,True,False
-1.15,15,13.444626,15,closed,False,True,False
-1.15,15,13.449347,15,open,False,True,False
-1.17,17,13.454626,17,open,False,True,False
-1.17,17,13.459872,17,closed,False,True,False
-1.17,17,13.465168,17,open,False,True,False
-1.17,17,13.470396,17,closed,False,True,False
-1.17,17,13.475679,17,open,False,True,False
-1.22,17,13.480983,17,open,False,True,False
-1.15,15,13.485686,15,open,False,True,False
-1.17,17,13.490795,17,open,False,True,False
-1.15,15,13.49539,15,closed,False,True,False
-1.19,19,13.501183,19,open,False,True,False
-1.19,19,13.506983,19,open,False,True,False
-1.15,15,13.511587,15,closed,False,True,False
-1.19,19,13.517314,19,open,False,True,False
-1.15,15,13.521979,15,open,False,True,False
-1.17,17,13.527239,17,open,False,True,False
-1.15,15,13.531903,15,closed,False,True,False
-1.19,19,13.537539,19,open,False,True,False
-1.17,17,13.542852,17,open,False,True,False
-1.15,15,13.547532,15,open,False,True,False
-1.15,15,13.552045,15,open,False,True,False
-1.19,19,13.557827,19,closed,False,True,False
-1.15,15,13.562448,15,closed,False,True,False
-1.19,19,13.568213,19,open,False,True,False
-1.15,15,13.57292,15,open,False,True,False
-1.15,15,13.577579,15,closed,False,True,False
-1.17,17,13.582749,17,open,False,True,False
-1.24,19,13.588547,19,closed,False,True,False
-1.17,17,13.593786,17,closed,False,True,False
-1.17,17,13.59905,17,open,False,True,False
-1.15,15,13.603583,15,closed,False,True,False
-1.15,15,13.608286,15,open,False,True,False
-1.15,15,13.612887,15,closed,False,True,False
-1.17,17,13.618076,17,closed,False,True,False
-1.17,17,13.623188,17,closed,False,True,False
-1.2,15,13.627842,15,closed,False,True,False
-1.19,19,13.633545,19,closed,False,True,False
-1.19,19,13.63922,19,open,False,True,False
-1.19,19,13.64506,19,open,False,True,False
-1.15,15,13.649837,15,open,False,True,False
-1.19,19,13.655655,19,closed,False,True,False
-1.17,17,13.660852,17,closed,False,True,False
-1.19,19,13.666603,19,closed,False,True,False
-1.15,15,13.671289,15,open,False,True,False
-1.19,19,13.677189,19,closed,False,True,False
-1.15,15,13.681989,15,open,False,True,False
-1.19,19,13.687786,19,open,False,True,False
-1.19,19,13.693813,19,closed,False,True,False
-1.19,19,13.699603,19,open,False,True,False
-1.15,15,13.704256,15,closed,False,True,False
-1.19,19,13.71014,19,open,False,True,False
-1.17,17,13.715308,17,open,False,True,False
-1.15,15,13.719897,15,open,False,True,False
-1.15,15,13.724462,15,closed,False,True,False
-1.15,15,13.729186,15,closed,False,True,False
-1.19,19,13.734914,19,open,False,True,False
-1.17,17,13.740055,17,closed,False,True,False
-1.15,15,13.744742,15,closed,False,True,False
-1.17,17,13.749923,17,open,False,True,False
-1.15,15,13.754621,15,open,False,True,False
-1.15,15,13.759269,15,closed,False,True,False
-1.15,15,13.76393,15,open,False,True,False
-1.17,17,13.76896,17,closed,False,True,False
-1.15,15,13.77359,15,open,False,True,False
-1.17,17,13.778993,17,open,False,True,False
-1.17,17,13.784147,17,open,False,True,False
-1.2,15,13.78871,15,closed,False,True,True
-1.15,15,13.793308,15,open,False,True,False
-1.22,17,13.948892,17,open,False,True,False
-1.15,15,13.95367,15,open,False,True,False
-1.19,19,13.959519,19,closed,False,True,False
-1.15,15,13.964242,15,open,False,True,False
-1.17,17,13.969339,17,closed,False,True,False
-1.19,19,13.975158,19,closed,False,True,False
-1.19,19,13.980927,19,closed,False,True,False
-1.17,17,13.986054,17,open,False,True,False
-1.17,17,13.991256,17,open,False,True,False
-1.15,15,13.995931,15,open,False,True,False
-1.17,17,14.001038,17,open,False,True,False
-1.17,17,14.006209,17,open,False,True,False
-1.17,17,14.011838,17,closed,False,True,False
-1.15,15,14.016481,15,open,False,True,False
-1.17,17,14.021684,17,closed,False,True,False
-1.15,15,14.026444,15,open,False,True,False
-1.17,17,14.031654,17,open,False,True,False
-1.17,17,14.036783,17,open,False,True,False
-1.19,19,14.042663,19,closed,False,True,False
-1.15,15,14.047367,15,closed,False,True,False
-1.17,17,14.052547,17,closed,False,True,False
-1.15,15,14.057245,15,open,False,True,False
-1.17,17,14.062464,17,open,False,True,False
-1.19,19,14.068362,19,closed,False,True,False
-1.17,17,14.073599,17,closed,False,True,False
-1.17,17,14.078979,17,closed,False,True,False
-1.19,19,14.084671,19,closed,False,True,False
-1.19,19,14.090487,19,open,False,True,False
-1.17,17,14.095716,17,open,False,True,False
-1.15,15,14.100392,15,closed,False,True,False
-1.17,17,14.105666,17,open,False,True,False
-1.15,15,14.110317,15,closed,False,True,False
-1.19,19,14.116015,19,open,False,True,False
-1.17,17,14.121252,17,closed,False,True,False
-1.17,17,14.126646,17,closed,False,True,False
-1.15,15,14.131371,15,closed,False,True,False
-1.19,19,14.137132,19,closed,False,True,False
-1.15,15,14.141772,15,closed,False,True,False
-1.17,17,14.147126,17,open,False,True,False
-1.17,17,14.152368,17,open,False,True,False
-1.2,15,14.157163,15,closed,False,True,False
-1.19,19,14.162947,19,closed,False,True,False
-1.17,17,14.168204,17,open,False,True,False
-1.17,17,14.173568,17,closed,False,True,False
-1.15,15,14.178363,15,open,False,True,False
-1.15,15,14.182986,15,closed,False,True,False
-1.19,19,14.188827,19,closed,False,True,False
-1.15,15,14.19353,15,open,False,True,False
-1.15,15,14.198182,15,closed,False,True,False
-1.17,17,14.203368,17,open,False,True,False
-1.15,15,14.208066,15,open,False,True,False
-1.19,19,14.213951,19,open,False,True,False
-1.15,15,14.218501,15,closed,False,True,False
-1.15,15,14.223321,15,closed,False,True,False
-1.17,17,14.228551,17,open,False,True,False
-1.19,19,14.234446,19,closed,False,True,False
-1.15,15,14.23922,15,closed,False,True,False
-1.15,15,14.243862,15,open,False,True,False
-1.17,17,14.249071,17,open,False,True,False
-1.17,17,14.254295,17,closed,False,True,False
-1.17,17,14.259848,17,open,False,True,False
-1.15,15,14.264551,15,open,False,True,False
-1.19,19,14.270189,19,closed,False,True,False
-1.19,19,14.276257,19,closed,False,True,False
-1.17,17,14.281441,17,open,False,True,False
-1.19,19,14.28718,19,open,False,True,False
-1.19,19,14.293088,19,open,False,True,False
-1.15,15,14.297699,15,open,False,True,False
-1.19,19,14.303375,19,closed,False,True,False
-1.17,17,14.30868,17,closed,False,True,False
-1.17,17,14.314136,17,open,False,True,False
-1.15,15,14.318736,15,closed,False,True,False
-1.17,17,14.323977,17,open,False,True,False
-1.15,15,14.328755,15,closed,False,True,False
-1.17,17,14.333891,17,open,False,True,False
-1.15,15,14.338683,15,open,False,True,False
-1.19,19,14.344579,19,open,False,True,False
-1.15,15,14.349254,15,open,False,True,False
-1.17,17,14.354353,17,closed,False,True,False
-1.15,15,14.359206,15,closed,False,True,False
-1.15,15,14.363837,15,closed,False,True,False
-1.19,19,14.369543,19,closed,False,True,False
-1.17,17,14.374896,17,open,False,True,False
-1.15,15,14.37957,15,closed,False,True,False
-1.19,19,14.385242,19,closed,False,True,False
-1.17,17,14.39059,17,closed,False,True,False
-1.15,15,14.395333,15,closed,False,True,False
-1.17,17,14.400471,17,open,False,True,False
-1.17,17,14.40586,17,closed,False,True,False
-1.17,17,14.41116,17,open,False,True,False
-1.17,17,14.416398,17,closed,False,True,False
-1.17,17,14.421688,17,closed,False,True,False
-1.19,19,14.427567,19,open,False,True,False
-1.19,19,14.433384,19,closed,False,True,False
-1.17,17,14.438675,17,open,False,True,False
-1.17,17,14.443981,17,open,False,True,False
-1.19,19,14.449743,19,closed,False,True,False
-1.19,19,14.455565,19,closed,False,True,False
-1.15,15,14.460233,15,closed,False,True,False
-1.25,15,14.464806,15,closed,False,True,False
-1.19,19,14.470589,19,closed,False,True,False
-1.17,17,14.475949,17,closed,False,True,False
-1.15,15,14.480507,15,open,False,True,False
-1.22,17,14.485608,17,open,False,True,False
-1.15,15,14.49017,15,open,False,True,False
-1.15,15,14.494933,15,open,False,True,False
-1.17,17,14.500107,17,closed,False,True,False
-1.17,17,14.505403,17,closed,False,True,False
-1.19,19,14.511305,19,open,False,True,False
-1.19,19,14.517127,19,open,False,True,False
-1.17,17,14.522439,17,open,False,True,False
-1.19,19,14.528312,19,open,False,True,False
-1.15,15,14.532848,15,closed,False,True,False
-1.19,19,14.538711,19,open,False,True,False
-1.15,15,14.543363,15,open,False,True,False
-1.19,19,14.549134,19,open,False,True,False
-1.17,17,14.554267,17,closed,False,True,False
-1.15,15,14.559001,15,open,False,True,False
-1.15,15,14.563583,15,closed,False,True,False
-1.15,15,14.568118,15,closed,False,True,False
-1.15,15,14.57286,15,open,False,True,False
-1.19,19,14.578856,19,closed,False,True,False
-1.17,17,14.735737,17,open,False,True,False
-1.17,17,14.741002,17,closed,False,True,False
-1.17,17,14.746216,17,open,False,True,False
-1.15,15,14.75085,15,closed,False,True,False
-1.17,17,14.755973,17,open,False,True,False
-1.19,19,14.761816,19,open,False,True,False
-1.19,19,14.767654,19,open,False,True,False
-1.19,19,14.773537,19,closed,False,True,False
-1.17,17,14.778891,17,open,False,True,False
-1.17,17,14.784162,17,closed,False,True,False
-1.19,19,14.789978,19,open,False,True,False
-1.15,15,14.794678,15,closed,False,True,False
-1.19,19,14.800383,19,open,False,True,False
-1.17,17,14.805603,17,open,False,True,False
-1.19,19,14.811337,19,open,False,True,False
-1.15,15,14.815991,15,open,False,True,False
-1.19,19,14.821692,19,open,False,True,False
-1.19,19,14.827498,19,closed,False,True,False
-1.17,17,14.832711,17,closed,False,True,False
-1.15,15,14.837373,15,closed,False,True,False
-1.17,17,14.842525,17,open,False,True,False
-1.17,17,14.847642,17,open,False,True,False
-1.17,17,14.852786,17,open,False,True,False
-1.19,19,14.858642,19,open,False,True,False
-1.17,17,14.863858,17,open,False,True,False
-1.15,15,14.868366,15,open,False,True,False
-1.19,19,14.874062,19,closed,False,True,False
-1.15,15,14.878842,15,closed,False,True,False
-1.15,15,14.883376,15,open,False,True,False
-1.17,17,14.888662,17,open,False,True,False
-1.19,19,14.894473,19,open,False,True,False
-1.15,15,14.899124,15,open,False,True,False
-1.17,17,14.904333,17,closed,False,True,False
-1.19,19,14.910206,19,open,False,True,False
-1.17,17,14.915317,17,closed,False,True,False
-1.17,17,14.920434,17,open,False,True,False
-1.17,17,14.925588,17,closed,False,True,False
-1.19,19,14.93133,19,closed,False,True,False
-1.17,17,14.936567,17,open,False,True,False
-1.15,15,14.941314,15,open,False,True,False
-1.19,19,14.947047,19,closed,False,True,False
-1.17,17,14.952197,17,closed,False,True,False
-1.19,19,14.958143,19,open,False,True,False
-1.17,17,14.963492,17,open,False,True,False
-1.15,15,14.968189,15,open,False,True,False
-1.19,19,14.974018,19,open,False,True,False
-1.19,19,14.979922,19,closed,False,True,False
-1.19,19,14.985597,19,closed,False,True,False
-1.15,15,14.990204,15,open,False,True,False
-1.15,15,14.994759,15,open,False,True,False
-1.15,15,14.999414,15,closed,False,True,False
-1.17,17,15.004615,17,closed,False,True,False
-1.2,15,15.009352,15,open,False,True,False
-1.17,17,15.014759,17,open,False,True,False
-1.19,19,15.020408,19,closed,False,True,False
-1.17,17,15.025623,17,open,False,True,False
-1.15,15,15.03032,15,open,False,True,False
-1.15,15,15.034961,15,closed,False,True,False
-1.25,15,15.039521,15,open,False,True,True
-1.15,15,15.044187,15,open,False,True,False
-1.17,17,15.049386,17,open,False,True,False
-1.17,17,15.054575,17,open,False,True,False
-1.17,17,15.059935,17,closed,False,True,False
-1.17,17,15.065205,17,closed,False,True,False
-1.17,17,15.070328,17,open,False,True,False
-1.17,17,15.075538,17,closed,False,True,False
-1.15,15,15.080251,15,open,False,True,False
-1.19,19,15.085961,19,closed,False,True,False
-1.17,17,15.091266,17,closed,False,True,False
-1.15,15,15.09596,15,closed,False,True,False
-1.17,17,15.101225,17,open,False,True,False
-1.15,15,15.105938,15,closed,False,True,False
-1.17,17,15.111064,17,closed,False,True,False
-1.19,19,15.116899,19,open,False,True,False
-1.19,19,15.122764,19,open,False,True,False
-1.15,15,15.127279,15,closed,False,True,False
-1.17,17,15.132555,17,closed,False,True,False
-1.17,17,15.137797,17,open,False,True,False
-1.17,17,15.143061,17,closed,False,True,False
-1.17,17,15.148331,17,open,False,True,False
-1.19,19,15.153993,19,closed,False,True,False
-1.15,15,15.158729,15,closed,False,True,False
-1.15,15,15.16329,15,open,False,True,False
-1.17,17,15.168538,17,open,False,True,False
-1.15,15,15.173166,15,open,False,True,False
-1.17,17,15.178403,17,closed,False,True,False
-1.19,19,15.184185,19,open,False,True,False
-1.15,15,15.18872,15,closed,False,True,False
-1.19,19,15.194502,19,closed,False,True,False
-1.17,17,15.199752,17,closed,False,True,False
-1.15,15,15.204338,15,closed,False,True,False
-1.19,19,15.210142,19,open,False,True,False
-1.17,17,15.215407,17,closed,False,True,False
-1.15,15,15.22016,15,closed,False,True,False
-1.19,19,15.225876,19,closed,False,True,False
-1.22,17,15.231098,17,open,False,True,False
-1.17,17,15.23632,17,open,False,True,False
-1.17,17,15.241552,17,closed,False,True,False
-1.15,15,15.246215,15,open,False,True,False
-1.19,19,15.251997,19,closed,False,True,False
-1.19,19,15.257741,19,closed,False,True,False
-1.15,15,15.262443,15,closed,False,True,False
-1.17,17,15.267674,17,open,False,True,False
-1.15,15,15.27234,15,open,False,True,False
-1.19,19,15.278293,19,open,False,True,False
-1.15,15,15.282929,15,open,False,True,False
-1.15,15,15.287542,15,closed,False,True,False
-1.19,19,15.293267,19,closed,False,True,False
-1.15,15,15.297907,15,closed,False,True,False
-1.19,19,15.303576,19,open,False,True,False
-1.15,15,15.308312,15,closed,False,True,False
-1.17,17,15.31345,17,open,False,True,False
-1.19,19,15.319095,19,open,False,True,False
-1.17,17,15.324238,17,open,False,True,False
-1.19,19,15.32991,19,open,False,True,False
-1.17,17,15.33511,17,open,False,True,False
-1.17,17,15.340406,17,closed,False,True,False
-1.15,15,15.345101,15,closed,False,True,False
-1.17,17,15.350221,17,closed,False,True,False
-1.19,19,15.355934,19,closed,False,True,False
-1.17,17,15.514331,17,open,False,True,False
-1.19,19,15.520217,19,closed,False,True,False
-1.19,19,15.526101,19,open,False,True,False
-1.17,17,15.531229,17,open,False,True,False
-1.15,15,15.535784,15,closed,False,True,False
-1.19,19,15.541635,19,open,False,True,False
-1.15,15,15.546316,15,open,False,True,False
-1.17,17,15.551528,17,closed,False,True,False
-1.17,17,15.556785,17,open,False,True,False
-1.17,17,15.562295,17,closed,False,True,False
-1.17,17,15.567518,17,closed,False,True,False
-1.19,19,15.573241,19,open,False,True,False
-1.24,19,15.579194,19,closed,False,True,False
-1.15,15,15.583914,15,closed,False,True,False
-1.15,15,15.588515,15,closed,False,True,False
-1.17,17,15.593654,17,closed,False,True,False
-1.19,19,15.599446,19,open,False,True,False
-1.19,19,15.605274,19,open,False,True,False
-1.17,17,15.610543,17,open,False,True,False
-1.17,17,15.615734,17,closed,False,True,False
-1.19,19,15.621527,19,open,False,True,False
-1.15,15,15.626194,15,closed,False,True,False
-1.17,17,15.631483,17,closed,False,True,False
-1.19,19,15.637186,19,closed,False,True,False
-1.17,17,15.642428,17,closed,False,True,False
-1.17,17,15.647588,17,closed,False,True,False
-1.15,15,15.652222,15,open,False,True,False
-1.17,17,15.657367,17,closed,False,True,False
-1.17,17,15.662516,17,open,False,True,False
-1.15,15,15.667111,15,closed,False,True,False
-1.15,15,15.671751,15,open,False,True,False
-1.17,17,15.677054,17,closed,False,True,False
-1.15,15,15.681639,15,open,False,True,False
-1.15,15,15.686267,15,closed,False,True,False
-1.17,17,15.691374,17,open,False,True,False
-1.17,17,15.696616,17,open,False,True,False
-1.19,19,15.702261,19,closed,False,True,False
-1.15,15,15.706946,15,open,False,True,False
-1.19,19,15.712682,19,open,False,True,False
-1.19,19,15.718487,19,closed,False,True,False
-1.17,17,15.723613,17,closed,False,True,False
-1.15,15,15.728281,15,open,False,True,False
-1.17,17,15.733498,17,open,False,True,False
-1.15,15,15.738124,15,closed,False,True,False
-1.19,19,15.743862,19,closed,False,True,False
-1.15,15,15.748453,15,closed,False,True,False
-1.19,19,15.754097,19,open,False,True,False
-1.17,17,15.759129,17,closed,False,True,False
-1.15,15,15.763758,15,closed,False,True,False
-1.15,15,15.768309,15,open,False,True,False
-1.17,17,15.773486,17,open,False,True,False
-1.17,17,15.778761,17,open,False,True,False
-1.15,15,15.783403,15,open,False,True,False
-1.15,15,15.787944,15,open,False,True,False
-1.17,17,15.793053,17,open,False,True,False
-1.15,15,15.797619,15,open,False,True,False
-1.15,15,15.802136,15,closed,False,True,False
-1.19,19,15.807931,19,closed,False,True,False
-1.19,19,15.813608,19,open,False,True,False
-1.19,19,15.819199,19,closed,False,True,False
-1.19,19,15.824826,19,open,False,True,False
-1.15,15,15.829349,15,open,False,True,False
-1.19,19,15.835109,19,closed,False,True,False
-1.15,15,15.839712,15,closed,False,True,False
-1.19,19,15.845334,19,closed,False,True,False
-1.15,15,15.849963,15,closed,False,True,False
-1.19,19,15.855562,19,closed,False,True,False
-1.19,19,15.861301,19,closed,False,True,False
-1.17,17,15.866437,17,open,False,True,False
-1.22,17,15.871575,17,open,False,True,True
-1.22,17,15.876844,17,closed,False,True,False
-1.19,19,15.882468,19,closed,False,True,False
-1.19,19,15.88823,19,open,False,True,False
-1.19,19,15.894052,19,closed,False,True,False
-1.19,19,15.899688,19,closed,False,True,False
-1.15,15,15.904312,15,closed,False,True,False
-1.17,17,15.909438,17,closed,False,True,False
-1.19,19,15.915209,19,open,False,True,False
-1.15,15,15.919812,15,closed,False,True,False
-1.17,17,15.924896,17,closed,False,True,False
-1.19,19,15.930731,19,open,False,True,False
-1.15,15,15.935307,15,closed,False,True,False
-1.19,19,15.941063,19,open,False,True,False
-1.15,15,15.945702,15,open,False,True,False
-1.17,17,15.950722,17,open,False,True,False
-1.15,15,15.955343,15,closed,False,True,False
-1.19,19,15.961004,19,open,False,True,False
-1.19,19,15.966665,19,open,False,True,False
-1.17,17,15.971756,17,closed,False,True,False
-1.19,19,15.977642,19,closed,False,True,False
-1.17,17,15.982734,17,open,False,True,False
-1.19,19,15.988462,19,open,False,True,False
-1.19,19,15.994198,19,open,False,True,False
-1.19,19,15.999982,19,open,False,True,False
-1.15,15,16.004488,15,open,False,True,False
-1.19,19,16.010303,19,open,False,True,False
-1.24,19,16.016255,19,open,False,True,True
-1.17,17,16.021317,17,closed,False,True,False
-1.17,17,16.026546,17,closed,False,True,False
-1.15,15,16.031204,15,open,False,True,False
-1.15,15,16.035741,15,closed,False,True,False
-1.17,17,16.040892,17,open,False,True,False
-1.17,17,16.04602,17,open,False,True,False
-1.19,19,16.051797,19,closed,False,True,False
-1.19,19,16.057542,19,open,False,True,False
-1.17,17,16.062705,17,closed,False,True,False
-1.15,15,16.067338,15,open,False,True,False
-1.19,19,16.073088,19,closed,False,True,False
-1.15,15,16.07785,15,open,False,True,False
-1.17,17,16.08303,17,closed,False,True,False
-1.17,17,16.088198,17,closed,False,True,False
-1.17,17,16.093483,17,closed,False,True,False
-1.15,15,16.098006,15,closed,False,True,False
-1.17,17,16.103095,17,open,False,True,False
-1.19,19,16.108895,19,closed,False,True,False
-1.15,15,16.113479,15,closed,False,True,False
-1.19,19,16.119217,19,open,False,True,False
-1.17,17,16.124383,17,open,False,True,False
-1.19,19,16.130194,19,closed,False,True,False
-1.17,17,16.135301,17,closed,False,True,False
-1.15,15,16.293231,15,closed,False,True,False
-1.15,15,16.298287,15,open,False,True,False
-1.15,15,16.303219,15,open,False,True,False
-1.15,15,16.307926,15,closed,False,True,False
-1.17,17,16.31318,17,open,False,True,False
-1.17,17,16.318541,17,closed,False,True,False
-1.19,19,16.324524,19,open,False,True,False
-1.17,17,16.329677,17,open,False,True,False
-1.17,17,16.334858,17,closed,False,True,False
-1.15,15,16.339659,15,open,False,True,False
-1.19,19,16.34555,19,open,False,True,False
-1.15,15,16.350158,15,open,False,True,False
-1.19,19,16.356098,19,open,False,True,False
-1.19,19,16.361888,19,closed,False,True,False
-1.17,17,16.367152,17,open,False,True,False
-1.15,15,16.371961,15,closed,False,True,False
-1.19,19,16.378878,19,open,False,True,False
-1.22,17,16.383892,17,closed,False,True,False
-1.17,17,16.389032,17,open,False,True,False
-1.19,19,16.394844,19,closed,False,True,False
-1.15,15,16.399343,15,open,False,True,False
-1.17,17,16.404594,17,closed,False,True,False
-1.19,19,16.410392,19,closed,False,True,False
-1.19,19,16.416071,19,open,False,True,False
-1.19,19,16.421828,19,closed,False,True,False
-1.17,17,16.427043,17,open,False,True,False
-1.15,15,16.431575,15,closed,False,True,False
-1.17,17,16.436626,17,closed,False,True,False
-1.19,19,16.44233,19,open,False,True,False
-1.15,15,16.447078,15,closed,False,True,False
-1.17,17,16.452293,17,open,False,True,False
-1.15,15,16.456956,15,open,False,True,False
-1.15,15,16.461453,15,open,False,True,False
-1.19,19,16.467077,19,closed,False,True,False
-1.24,19,16.472801,19,open,False,True,False
-1.17,17,16.478078,17,open,False,True,False
-1.19,19,16.483825,19,open,False,True,False
-1.2,15,16.488417,15,closed,False,True,False
-1.19,19,16.494117,19,open,False,True,False
-1.19,19,16.499823,19,open,False,True,False
-1.19,19,16.505478,19,open,False,True,False
-1.19,19,16.511145,19,open,False,True,False
-1.19,19,16.516935,19,closed,False,True,False
-1.17,17,16.522025,17,open,False,True,False
-1.17,17,16.527212,17,closed,False,True,False
-1.15,15,16.531787,15,open,False,True,False
-1.19,19,16.537523,19,open,False,True,False
-1.19,19,16.543292,19,open,False,True,False
-1.17,17,16.548402,17,open,False,True,False
-1.19,19,16.554168,19,open,False,True,False
-1.19,19,16.559986,19,open,False,True,False
-1.19,19,16.565583,19,closed,False,True,False
-1.17,17,16.57083,17,closed,False,True,False
-1.19,19,16.576538,19,open,False,True,False
-1.17,17,16.581605,17,closed,False,True,False
-1.19,19,16.587267,19,open,False,True,False
-1.15,15,16.591914,15,open,False,True,False
-1.19,19,16.597653,19,open,False,True,False
-1.17,17,16.602762,17,closed,False,True,False
-1.15,15,16.607268,15,closed,False,True,False
-1.15,15,16.611762,15,closed,False,True,False
-1.19,19,16.617489,19,closed,False,True,False
-1.15,15,16.622126,15,closed,False,True,False
-1.19,19,16.627803,19,closed,False,True,False
-1.17,17,16.63298,17,open,False,True,False
-1.19,19,16.638749,19,open,False,True,False
-1.15,15,16.64328,15,closed,False,True,False
-1.17,17,16.648368,17,closed,False,True,False
-1.17,17,16.653557,17,closed,False,True,False
-1.17,17,16.658824,17,closed,False,True,False
-1.17,17,16.66387,17,open,False,True,False
-1.19,19,16.66947,19,closed,False,True,False
-1.15,15,16.673979,15,closed,False,True,False
-1.15,15,16.678714,15,closed,False,True,False
-1.15,15,16.683206,15,closed,False,True,False
-1.15,15,16.687825,15,open,False,True,False
-1.15,15,16.692554,15,open,False,True,False
-1.19,19,16.698216,19,closed,False,True,False
-1.19,19,16.703888,19,open,False,True,False
-1.17,17,16.709074,17,closed,False,True,False
-1.19,19,16.714875,19,open,False,True,False
-1.15,15,16.719481,15,closed,False,True,False
-1.15,15,16.724075,15,open,False,True,False
-1.17,17,16.729162,17,closed,False,True,False
-1.19,19,16.73487,19,open,False,True,False
-1.15,15,16.739508,15,open,False,True,False
-1.19,19,16.745164,19,closed,False,True,False
-1.17,17,16.75023,17,closed,False,True,False
-1.19,19,16.756,19,closed,False,True,False
-1.17,17,16.761197,17,open,False,True,False
-1.15,15,16.765981,15,closed,False,True,False
-1.19,19,16.771819,19,closed,False,True,False
-1.15,15,16.776436,15,open,False,True,False
-1.19,19,16.782223,19,open,False,True,False
-1.17,17,16.78739,17,open,False,True,False
-1.17,17,16.79264,17,closed,False,True,False
-1.15,15,16.797244,15,open,False,True,False
-1.15,15,16.801808,15,closed,False,True,False
-1.19,19,16.807441,19,closed,False,True,False
-1.15,15,16.812176,15,closed,False,True,False
-1.15,15,16.816789,15,closed,False,True,False
-1.15,15,16.821364,15,closed,False,True,False
-1.15,15,16.826,15,open,False,True,False
-1.19,19,16.831621,19,open,False,True,False
-1.17,17,16.836633,17,closed,False,True,False
-1.19,19,16.842406,19,open,False,True,False
-1.19,19,16.848091,19,closed,False,True,False
-1.15,15,16.852615,15,open,False,True,False
-1.15,15,16.857157,15,closed,False,True,False
-1.19,19,16.8629,19,open,False,True,False
-1.17,17,16.867967,17,open,False,True,False
-1.19,19,16.873607,19,closed,False,True,False
-1.19,19,16.879312,19,closed,False,True,False
-1.19,19,16.885005,19,open,False,True,False
-1.19,19,16.890741,19,open,False,True,False
-1.17,17,16.895795,17,closed,False,True,False
-1.17,17,16.900878,17,open,False,True,False
-1.15,15,16.905473,15,open,False,True,False
-1.15,15,16.910127,15,open,False,True,False
-1.17,17,17.082908,17,open,False,True,False
-1.15,15,17.092306,15,open,False,True,False
-1.17,17,17.099497,17,closed,False,True,False
-1.15,15,17.104922,15,closed,False,True,False
-1.17,17,17.115755,17,closed,False,True,False
-1.19,19,17.122773,19,closed,False,True,False
-1.15,15,17.128028,15,open,False,True,False
-1.15,15,17.133085,15,open,False,True,False
-1.19,19,17.139261,19,closed,False,True,False
-1.17,17,17.14468,17,open,False,True,False
-1.17,17,17.150224,17,closed,False,True,False
-1.17,17,17.155619,17,open,False,True,False
-1.15,15,17.160464,15,open,False,True,False
-1.15,15,17.165172,15,closed,False,True,False
-1.15,15,17.169933,15,closed,False,True,False
-1.15,15,17.17466,15,closed,False,True,False
-1.17,17,17.179978,17,closed,False,True,False
-1.15,15,17.184653,15,closed,False,True,False
-1.15,15,17.189312,15,open,False,True,False
-1.17,17,17.194742,17,closed,False,True,False
-1.19,19,17.200642,19,closed,False,True,False
-1.15,15,17.205508,15,open,False,True,False
-1.17,17,17.210791,17,open,False,True,False
-1.15,15,17.215569,15,closed,False,True,False
-1.15,15,17.220182,15,closed,False,True,False
-1.19,19,17.226154,19,closed,False,True,False
-1.17,17,17.231469,17,closed,False,True,False
-1.19,19,17.237339,19,closed,False,True,False
-1.15,15,17.242078,15,open,False,True,False
-1.17,17,17.247369,17,open,False,True,False
-1.17,17,17.252753,17,open,False,True,False
-1.17,17,17.258102,17,open,False,True,False
-1.19,19,17.264148,19,closed,False,True,False
-1.17,17,17.269514,17,closed,False,True,False
-1.15,15,17.274169,15,open,False,True,False
-1.19,19,17.280181,19,closed,False,True,False
-1.17,17,17.285373,17,closed,False,True,False
-1.15,15,17.290164,15,open,False,True,False
-1.17,17,17.295558,17,closed,False,True,False
-1.15,15,17.300207,15,open,False,True,False
-1.19,19,17.306142,19,open,False,True,False
-1.19,19,17.312132,19,closed,False,True,False
-1.17,17,17.317418,17,closed,False,True,False
-1.15,15,17.32224,15,open,False,True,False
-1.17,17,17.327548,17,closed,False,True,False
-1.17,17,17.332873,17,open,False,True,False
-1.19,19,17.338823,19,closed,False,True,False
-1.17,17,17.344172,17,open,False,True,False
-1.19,19,17.35006,19,closed,False,True,False
-1.17,17,17.355394,17,closed,False,True,False
-1.15,15,17.360084,15,open,False,True,False
-1.17,17,17.365454,17,open,False,True,False
-1.19,19,17.371199,19,open,False,True,False
-1.15,15,17.375947,15,open,False,True,False
-1.15,15,17.38076,15,closed,False,True,False
-1.19,19,17.386526,19,closed,False,True,False
-1.15,15,17.391219,15,open,False,True,False
-1.17,17,17.396536,17,closed,False,True,False
-1.17,17,17.401772,17,closed,False,True,False
-1.17,17,17.406956,17,closed,False,True,False
-1.17,17,17.412415,17,closed,False,True,False
-1.19,19,17.418395,19,open,False,True,False
-1.17,17,17.423769,17,open,False,True,False
-1.15,15,17.428605,15,open,False,True,False
-1.17,17,17.433797,17,open,False,True,False
-1.15,15,17.438453,15,closed,False,True,False
-1.17,17,17.443675,17,closed,False,True,False
-1.19,19,17.449681,19,closed,False,True,False
-1.15,15,17.454483,15,closed,False,True,False
-1.17,17,17.460008,17,open,False,True,False
-1.19,19,17.465862,19,closed,False,True,False
-1.19,19,17.471766,19,open,False,True,False
-1.19,19,17.477713,19,closed,False,True,False
-1.19,19,17.483485,19,closed,False,True,False
-1.15,15,17.488125,15,open,False,True,False
-1.17,17,17.493557,17,closed,False,True,False
-1.19,19,17.499402,19,closed,False,True,False
-1.19,19,17.505306,19,open,False,True,False
-1.17,17,17.510625,17,closed,False,True,False
-1.17,17,17.515853,17,open,False,True,False
-1.17,17,17.521153,17,closed,False,True,False
-1.19,19,17.527026,19,open,False,True,False
-1.17,17,17.532412,17,closed,False,True,False
-1.24,19,17.538331,19,open,False,True,False
-1.19,19,17.544289,19,open,False,True,False
-1.19,19,17.550284,19,open,False,True,False
-1.17,17,17.555611,17,open,False,True,False
-1.17,17,17.560876,17,open,False,True,False
-1.17,17,17.56624,17,open,False,True,False
-1.15,15,17.571,15,closed,False,True,False
-1.17,17,17.576389,17,open,False,True,False
-1.17,17,17.581606,17,closed,False,True,False
-1.15,15,17.586214,15,closed,False,True,False
-1.17,17,17.591547,17,open,False,True,False
-1.19,19,17.597448,19,closed,False,True,False
-1.24,19,17.603317,19,open,False,True,True
-1.19,19,17.609159,19,open,False,True,False
-1.17,17,17.614543,17,open,False,True,False
-1.19,19,17.620425,19,open,False,True,False
-1.15,15,17.625159,15,open,False,True,False
-1.17,17,17.63053,17,open,False,True,False
-1.15,15,17.635165,15,open,False,True,False
-1.19,19,17.641064,19,open,False,True,False
-1.19,19,17.647074,19,open,False,True,False
-1.15,15,17.651791,15,closed,False,True,False
-1.19,19,17.657678,19,closed,False,True,False
-1.17,17,17.663064,17,open,False,True,False
-1.19,19,17.668944,19,closed,False,True,False
-1.19,19,17.674888,19,open,False,True,False
-1.17,17,17.6802,17,open,False,True,False
-1.24,19,17.686089,19,open,False,True,False
-1.19,19,17.692067,19,open,False,True,False
-1.19,19,17.698019,19,open,False,True,False
-1.15,15,17.702689,15,closed,False,True,False
-1.19,19,17.708489,19,closed,False,True,False
-1.17,17,17.713783,17,closed,False,True,False
-1.15,15,17.718477,15,open,False,True,False
-1.15,15,17.723181,15,open,False,True,False
-1.15,15,17.727896,15,closed,False,True,False
-1.19,19,17.733703,19,closed,False,True,False
-1.17,17,17.946916,17,open,False,True,False
-1.15,15,17.951771,15,open,False,True,False
-1.17,17,17.957176,17,closed,False,True,False
-1.15,15,17.961996,15,open,False,True,False
-1.17,17,17.967291,17,open,False,True,False
-1.17,17,17.972685,17,open,False,True,False
-1.19,19,17.978668,19,open,False,True,False
-1.17,17,17.983989,17,open,False,True,False
-1.19,19,17.98993,19,closed,False,True,False
-1.17,17,17.995241,17,open,False,True,False
-1.17,17,18.000466,17,open,False,True,False
-1.15,15,18.005257,15,closed,False,True,False
-1.19,19,18.011093,19,closed,False,True,False
-1.19,19,18.016956,19,open,False,True,False
-1.2,15,18.021673,15,open,False,True,False
-1.17,17,18.027044,17,open,False,True,False
-1.17,17,18.032352,17,open,False,True,False
-1.19,19,18.038297,19,closed,False,True,False
-1.17,17,18.043632,17,open,False,True,False
-1.17,17,18.048986,17,closed,False,True,False
-1.15,15,18.053738,15,closed,False,True,False
-1.17,17,18.059033,17,closed,False,True,False
-1.19,19,18.065053,19,open,False,True,False
-1.15,15,18.069848,15,closed,False,True,False
-1.19,19,18.077469,19,closed,False,True,False
-1.15,15,18.086131,15,closed,False,True,False
-1.19,19,18.096638,19,open,False,True,False
-1.17,17,18.102532,17,closed,False,True,False
-1.17,17,18.1079,17,open,False,True,False
-1.17,17,18.113253,17,closed,False,True,False
-1.17,17,18.118615,17,closed,False,True,False
-1.15,15,18.123161,15,open,False,True,False
-1.19,19,18.12898,19,open,False,True,False
-1.15,15,18.133508,15,open,False,True,False
-1.17,17,18.138752,17,closed,False,True,False
-1.19,19,18.144515,19,closed,False,True,False
-1.15,15,18.149141,15,open,False,True,False
-1.15,15,18.153806,15,closed,False,True,False
-1.15,15,18.158446,15,closed,False,True,False
-1.15,15,18.163156,15,closed,False,True,False
-1.17,17,18.168386,17,closed,False,True,False
-1.17,17,18.173655,17,open,False,True,False
-1.15,15,18.178236,15,closed,False,True,False
-1.19,19,18.183945,19,open,False,True,False
-1.15,15,18.188557,15,closed,False,True,False
-1.15,15,18.193169,15,closed,False,True,False
-1.15,15,18.197856,15,closed,False,True,False
-1.15,15,18.202561,15,open,False,True,False
-1.17,17,18.207749,17,open,False,True,False
-1.15,15,18.21241,15,closed,False,True,False
-1.17,17,18.217673,17,open,False,True,False
-1.17,17,18.222932,17,open,False,True,False
-1.15,15,18.227714,15,open,False,True,False
-1.15,15,18.232434,15,closed,False,True,False
-1.15,15,18.237109,15,closed,False,True,False
-1.17,17,18.242335,17,closed,False,True,False
-1.17,17,18.24763,17,closed,False,True,False
-1.15,15,18.252335,15,open,False,True,False
-1.15,15,18.256939,15,open,False,True,False
-1.19,19,18.262691,19,open,False,True,False
-1.15,15,18.267348,15,closed,False,True,False
-1.17,17,18.272563,17,closed,False,True,False
-1.15,15,18.277219,15,closed,False,True,False
-1.15,15,18.281773,15,open,False,True,False
-1.19,19,18.287578,19,closed,False,True,False
-1.15,15,18.292258,15,closed,False,True,False
-1.17,17,18.297416,17,open,False,True,False
-1.17,17,18.302607,17,closed,False,True,False
-1.17,17,18.307751,17,closed,False,True,False
-1.19,19,18.313456,19,closed,False,True,False
-1.17,17,18.318896,17,closed,False,True,False
-1.19,19,18.32508,19,open,False,True,False
-1.17,17,18.330322,17,open,False,True,False
-1.19,19,18.336125,19,open,False,True,False
-1.17,17,18.341429,17,open,False,True,False
-1.17,17,18.346721,17,closed,False,True,False
-1.19,19,18.352533,19,open,False,True,False
-1.17,17,18.357831,17,closed,False,True,False
-1.19,19,18.363658,19,open,False,True,False
-1.15,15,18.368255,15,open,False,True,False
-1.15,15,18.372862,15,open,False,True,False
-1.19,19,18.378641,19,closed,False,True,False
-1.15,15,18.383213,15,closed,False,True,False
-1.15,15,18.387894,15,open,False,True,False
-1.17,17,18.393119,17,open,False,True,False
-1.19,19,18.399035,19,closed,False,True,False
-1.15,15,18.403774,15,open,False,True,False
-1.15,15,18.408412,15,closed,False,True,False
-1.17,17,18.413726,17,open,False,True,False
-1.19,19,18.419527,19,closed,False,True,False
-1.15,15,18.42415,15,closed,False,True,False
-1.17,17,18.429664,17,closed,False,True,False
-1.19,19,18.435596,19,open,False,True,False
-1.17,17,18.440812,17,closed,False,True,False
-1.19,19,18.446735,19,closed,False,True,False
-1.17,17,18.452,17,open,False,True,False
-1.19,19,18.457878,19,open,False,True,False
-1.15,15,18.462684,15,closed,False,True,False
-1.15,15,18.467406,15,open,False,True,False
-1.17,17,18.472617,17,closed,False,True,False
-1.17,17,18.478015,17,closed,False,True,False
-1.17,17,18.483373,17,open,False,True,False
-1.17,17,18.488699,17,closed,False,True,False
-1.15,15,18.493421,15,closed,False,True,False
-1.17,17,18.498835,17,closed,False,True,False
-1.19,19,18.50453,19,closed,False,True,False
-1.15,15,18.509305,15,closed,False,True,False
-1.17,17,18.514569,17,open,False,True,False
-1.19,19,18.520296,19,closed,False,True,False
-1.15,15,18.52503,15,closed,False,True,False
-1.19,19,18.530885,19,closed,False,True,False
-1.15,15,18.535593,15,open,False,True,False
-1.15,15,18.540209,15,closed,False,True,False
-1.15,15,18.545044,15,open,False,True,False
-1.17,17,18.55055,17,open,False,True,False
-1.19,19,18.556327,19,open,False,True,False
-1.15,15,18.560915,15,open,False,True,False
-1.19,19,18.566812,19,closed,False,True,False
-1.17,17,18.572039,17,closed,False,True,False
-1.17,17,18.577288,17,closed,False,True,False
-1.15,15,18.582021,15,closed,False,True,False
-1.19,19,18.587716,19,open,False,True,False
-1.15,15,18.592392,15,closed,False,True,False
-1.19,19,18.780411,19,closed,False,True,False
-1.17,17,18.785739,17,closed,False,True,False
-1.15,15,18.790498,15,open,False,True,False
-1.19,19,18.796514,19,open,False,True,False
-1.19,19,18.802393,19,open,False,True,False
-1.19,19,18.808317,19,closed,False,True,False
-1.15,15,18.812969,15,open,False,True,False
-1.15,15,18.817615,15,open,False,True,False
-1.15,15,18.822375,15,open,False,True,False
-1.15,15,18.82704,15,closed,False,True,False
-1.15,15,18.831789,15,open,False,True,False
-1.15,15,18.836518,15,closed,False,True,False
-1.15,15,18.841183,15,open,False,True,False
-1.19,19,18.847072,19,open,False,True,False
-1.17,17,18.852376,17,closed,False,True,False
-1.17,17,18.857623,17,open,False,True,False
-1.17,17,18.862964,17,open,False,True,False
-1.19,19,18.868738,19,closed,False,True,False
-1.17,17,18.87402,17,open,False,True,False
-1.19,19,18.879856,19,closed,False,True,False
-1.17,17,18.885103,17,open,False,True,False
-1.15,15,18.889905,15,open,False,True,False
-1.17,17,18.895131,17,closed,False,True,False
-1.15,15,18.899753,15,open,False,True,False
-1.15,15,18.904408,15,open,False,True,False
-1.17,17,18.909775,17,open,False,True,False
-1.19,19,18.915658,19,open,False,True,False
-1.19,19,18.921519,19,open,False,True,False
-1.15,15,18.926242,15,open,False,True,False
-1.17,17,18.931575,17,closed,False,True,False
-1.15,15,18.936243,15,open,False,True,False
-1.17,17,18.941475,17,closed,False,True,False
-1.17,17,18.946856,17,open,False,True,False
-1.19,19,18.95278,19,open,False,True,False
-1.15,15,18.957378,15,closed,False,True,False
-1.17,17,18.962741,17,open,False,True,False
-1.19,19,18.968605,19,open,False,True,False
-1.17,17,18.973876,17,open,False,True,False
-1.17,17,18.979102,17,closed,False,True,False
-1.19,19,18.984923,19,open,False,True,False
-1.19,19,18.990718,19,closed,False,True,False
-1.19,19,18.996689,19,closed,False,True,False
-1.19,19,19.002674,19,closed,False,True,False
-1.17,17,19.008238,17,open,False,True,False
-1.15,15,19.013089,15,open,False,True,False
-1.15,15,19.017786,15,open,False,True,False
-1.19,19,19.023611,19,open,False,True,False
-1.15,15,19.028409,15,closed,False,True,False
-1.19,19,19.034259,19,open,False,True,False
-1.17,17,19.039597,17,closed,False,True,False
-1.17,17,19.04494,17,open,False,True,False
-1.15,15,19.049687,15,open,False,True,False
-1.15,15,19.054336,15,closed,False,True,False
-1.19,19,19.060288,19,open,False,True,False
-1.17,17,19.065631,17,closed,False,True,False
-1.19,19,19.071522,19,open,False,True,False
-1.17,17,19.076798,17,closed,False,True,False
-1.19,19,19.082654,19,closed,False,True,False
-1.15,15,19.08742,15,open,False,True,False
-1.19,19,19.093172,19,open,False,True,False
-1.19,19,19.099002,19,closed,False,True,False
-1.17,17,19.104283,17,open,False,True,False
-1.15,15,19.109126,15,closed,False,True,False
-1.17,17,19.114585,17,open,False,True,False
-1.15,15,19.119393,15,closed,False,True,False
-1.19,19,19.125353,19,open,False,True,False
-1.19,19,19.131335,19,closed,False,True,False
-1.19,19,19.137262,19,open,False,True,False
-1.17,17,19.142618,17,open,False,True,False
-1.19,19,19.148567,19,closed,False,True,False
-1.15,15,19.153187,15,open,False,True,False
-1.17,17,19.158547,17,closed,False,True,False
-1.17,17,19.163967,17,open,False,True,False
-1.19,19,19.169804,19,closed,False,True,False
-1.17,17,19.17515,17,closed,False,True,False
-1.17,17,19.180521,17,closed,False,True,False
-1.19,19,19.186437,19,open,False,True,False
-1.19,19,19.192281,19,closed,False,True,False
-1.19,19,19.198279,19,open,False,True,False
-1.17,17,19.203681,17,closed,False,True,False
-1.19,19,19.209614,19,open,False,True,False
-1.17,17,19.214945,17,closed,False,True,False
-1.17,17,19.220177,17,open,False,True,False
-1.19,19,19.226111,19,closed,False,True,False
-1.15,15,19.231002,15,open,False,True,False
-1.19,19,19.236812,19,open,False,True,False
-1.19,19,19.242737,19,open,False,True,False
-1.19,19,19.248554,19,open,False,True,False
-1.15,15,19.253382,15,open,False,True,False
-1.17,17,19.258659,17,open,False,True,False
-1.19,19,19.264694,19,closed,False,True,False
-1.15,15,19.269395,15,closed,False,True,False
-1.19,19,19.27534,19,closed,False,True,False
-1.19,19,19.281271,19,open,False,True,False
-1.17,17,19.286449,17,closed,False,True,False
-1.17,17,19.291672,17,open,False,True,False
-1.19,19,19.297503,19,open,False,True,False
-1.17,17,19.302705,17,closed,False,True,False
-1.17,17,19.308025,17,open,False,True,False
-1.17,17,19.313318,17,open,False,True,False
-1.17,17,19.318653,17,open,False,True,False
-1.19,19,19.324535,19,closed,False,True,False
-1.17,17,19.329863,17,closed,False,True,False
-1.17,17,19.335165,17,closed,False,True,False
-1.15,15,19.339831,15,open,False,True,False
-1.17,17,19.345215,17,open,False,True,False
-1.15,15,19.349999,15,closed,False,True,False
-1.17,17,19.355439,17,open,False,True,False
-1.19,19,19.361448,19,open,False,True,False
-1.17,17,19.366659,17,closed,False,True,False
-1.15,15,19.371402,15,closed,False,True,False
-1.19,19,19.377301,19,closed,False,True,False
-1.17,17,19.38258,17,closed,False,True,False
-1.17,17,19.387829,17,open,False,True,False
-1.19,19,19.393867,19,open,False,True,False
-1.19,19,19.399754,19,closed,False,True,False
-1.17,17,19.405083,17,open,False,True,False
-1.19,19,19.411084,19,closed,False,True,False
-1.15,15,19.580142,15,open,False,True,False
-1.15,15,19.585403,15,open,False,True,False
-1.17,17,19.5907,17,closed,False,True,False
-1.17,17,19.596034,17,open,False,True,False
-1.17,17,19.601329,17,open,False,True,False
-1.19,19,19.607238,19,closed,False,True,False
-1.17,17,19.612536,17,closed,False,True,False
-1.19,19,19.618314,19,closed,False,True,False
-1.15,15,19.622998,15,open,False,True,False
-1.19,19,19.628904,19,closed,False,True,False
-1.19,19,19.634792,19,closed,False,True,False
-1.15,15,19.639387,15,open,False,True,False
-1.17,17,19.644672,17,closed,False,True,False
-1.19,19,19.650541,19,closed,False,True,False
-1.17,17,19.655846,17,closed,False,True,False
-1.17,17,19.661056,17,open,False,True,False
-1.19,19,19.666858,19,open,False,True,False
-1.19,19,19.672713,19,closed,False,True,False
-1.17,17,19.677988,17,closed,False,True,False
-1.19,19,19.683783,19,open,False,True,False
-1.19,19,19.689695,19,closed,False,True,False
-1.15,15,19.694316,15,closed,False,True,False
-1.19,19,19.700136,19,open,False,True,False
-1.19,19,19.70602,19,open,False,True,False
-1.19,19,19.711868,19,open,False,True,False
-1.17,17,19.717015,17,closed,False,True,False
-1.15,15,19.721669,15,closed,False,True,False
-1.15,15,19.726247,15,open,False,True,False
-1.19,19,19.732066,19,closed,False,True,False
-1.17,17,19.737255,17,closed,False,True,False
-1.19,19,19.743174,19,open,False,True,False
-1.17,17,19.748369,17,open,False,True,False
-1.15,15,19.753066,15,closed,False,True,False
-1.17,17,19.758259,17,open,False,True,False
-1.19,19,19.764302,19,closed,False,True,False
-1.19,19,19.770055,19,closed,False,True,False
-1.17,17,19.775253,17,closed,False,True,False
-1.19,19,19.781008,19,closed,False,True,False
-1.15,15,19.785524,15,closed,False,True,False
-1.17,17,19.790727,17,closed,False,True,False
-1.15,15,19.795324,15,closed,False,True,False
-1.19,19,19.801012,19,closed,False,True,False
-1.19,19,19.806688,19,closed,False,True,False
-1.17,17,19.811853,17,closed,False,True,False
-1.19,19,19.81751,19,closed,False,True,False
-1.15,15,19.822145,15,open,False,True,False
-1.17,17,19.827316,17,closed,False,True,False
-1.15,15,19.831878,15,open,False,True,False
-1.19,19,19.837619,19,open,False,True,False
-1.15,15,19.849612,15,open,False,True,False
-1.17,17,19.856917,17,closed,False,True,False
-1.2,15,19.861618,15,open,False,True,False
-1.19,19,19.867737,19,closed,False,True,False
-1.17,17,19.87333,17,open,False,True,False
-1.19,19,19.878824,19,closed,False,True,False
-1.19,19,19.884439,19,closed,False,True,False
-1.19,19,19.889964,19,open,False,True,False
-1.15,15,19.894442,15,open,False,True,False
-1.15,15,19.898896,15,open,False,True,False
-1.17,17,19.903807,17,closed,False,True,False
-1.15,15,19.908186,15,open,False,True,False
-1.15,15,19.912711,15,open,False,True,False
-1.17,17,19.917782,17,open,False,True,False
-1.15,15,19.922312,15,closed,False,True,False
-1.15,15,19.926759,15,closed,False,True,False
-1.17,17,19.931806,17,closed,False,True,False
-1.19,19,19.937367,19,open,False,True,False
-1.15,15,19.94194,15,open,False,True,False
-1.19,19,19.947414,19,open,False,True,False
-1.17,17,19.952486,17,open,False,True,False
-1.17,17,19.957618,17,open,False,True,False
-1.17,17,19.96272,17,closed,False,True,False
-1.17,17,19.967651,17,closed,False,True,False
-1.17,17,19.97263,17,closed,False,True,False
-1.15,15,19.977029,15,open,False,True,False
-1.17,17,19.981941,17,closed,False,True,False
-1.19,19,19.987372,19,open,False,True,False
-1.15,15,19.991857,15,closed,False,True,False
-1.19,19,19.997347,19,open,False,True,False
-1.15,15,20.001883,15,closed,False,True,False
-1.19,19,20.00735,19,open,False,True,False
-1.17,17,20.01232,17,closed,False,True,False
-1.15,15,20.016723,15,open,False,True,False
-1.19,19,20.022348,19,closed,False,True,False
-1.19,19,20.027879,19,open,False,True,False
-1.17,17,20.032838,17,closed,False,True,False
-1.17,17,20.037896,17,closed,False,True,False
-1.19,19,20.043519,19,closed,False,True,False
-1.15,15,20.047996,15,closed,False,True,False
-1.17,17,20.053038,17,closed,False,True,False
-1.17,17,20.058086,17,closed,False,True,False
-1.15,15,20.062533,15,open,False,True,False
-1.17,17,20.067513,17,closed,False,True,False
-1.22,17,20.072608,17,closed,False,True,False
-1.15,15,20.077123,15,closed,False,True,False
-1.15,15,20.081556,15,closed,False,True,False
-1.19,19,20.087021,19,open,False,True,False
-1.15,15,20.091559,15,open,False,True,False
-1.15,15,20.095977,15,closed,False,True,False
-1.19,19,20.101572,19,open,False,True,False
-1.19,19,20.107139,19,closed,False,True,False
-1.17,17,20.112129,17,closed,False,True,False
-1.15,15,20.116582,15,closed,False,True,False
-1.17,17,20.121493,17,closed,False,True,False
-1.17,17,20.12658,17,closed,False,True,False
-1.19,19,20.132212,19,closed,False,True,False
-1.15,15,20.136757,15,open,False,True,False
-1.19,19,20.142388,19,open,False,True,False
-1.15,15,20.146867,15,open,False,True,False
-1.15,15,20.151764,15,open,False,True,False
-1.15,15,20.156414,15,closed,False,True,False
-1.15,15,20.161086,15,closed,False,True,False
-1.19,19,20.166851,19,closed,False,True,False
-1.15,15,20.172098,15,closed,False,True,False
-1.17,17,20.177217,17,open,False,True,False
-1.15,15,20.181904,15,open,False,True,False
-1.19,19,20.187575,19,open,False,True,False
-1.19,19,20.193368,19,open,False,True,False
-1.15,15,20.197919,15,closed,False,True,False
-1.15,15,20.20247,15,open,False,True,False
-1.17,17,20.207769,17,open,False,True,False
-1.17,17,20.367558,17,open,False,True,False
-1.15,15,20.372293,15,closed,False,True,False
-1.17,17,20.377483,17,open,False,True,False
-1.19,19,20.383095,19,closed,False,True,False
-1.17,17,20.388176,17,open,False,True,False
-1.15,15,20.392689,15,open,False,True,False
-1.17,17,20.397915,17,open,False,True,False
-1.17,17,20.403093,17,open,False,True,False
-1.15,15,20.407723,15,closed,False,True,False
-1.19,19,20.413338,19,closed,False,True,False
-1.17,17,20.418562,17,closed,False,True,False
-1.17,17,20.423803,17,open,False,True,False
-1.17,17,20.429024,17,closed,False,True,False
-1.17,17,20.434389,17,closed,False,True,False
-1.15,15,20.43903,15,open,False,True,False
-1.19,19,20.445389,19,open,False,True,False
-1.15,15,20.450031,15,open,False,True,False
-1.15,15,20.454771,15,closed,False,True,False
-1.17,17,20.459958,17,open,False,True,False
-1.19,19,20.465734,19,open,False,True,False
-1.17,17,20.474483,17,closed,False,True,False
-1.15,15,20.479129,15,closed,False,True,False
-1.19,19,20.484768,19,closed,False,True,False
-1.15,15,20.48929,15,closed,False,True,False
-1.15,15,20.493949,15,closed,False,True,False
-1.19,19,20.499723,19,open,False,True,False
-1.19,19,20.50552,19,open,False,True,False
-1.19,19,20.511173,19,open,False,True,False
-1.15,15,20.515799,15,open,False,True,False
-1.17,17,20.520883,17,closed,False,True,False
-1.15,15,20.525493,15,open,False,True,False
-1.15,15,20.530137,15,closed,False,True,False
-1.15,15,20.534647,15,closed,False,True,False
-1.19,19,20.540313,19,open,False,True,False
-1.15,15,20.545063,15,open,False,True,False
-1.19,19,20.550808,19,open,False,True,False
-1.17,17,20.55596,17,open,False,True,False
-1.17,17,20.561197,17,open,False,True,False
-1.19,19,20.566916,19,open,False,True,False
-1.19,19,20.572635,19,open,False,True,False
-1.19,19,20.578382,19,closed,False,True,False
-1.15,15,20.583065,15,open,False,True,False
-1.17,17,20.5882,17,closed,False,True,False
-1.17,17,20.593292,17,closed,False,True,False
-1.15,15,20.597879,15,closed,False,True,False
-1.19,19,20.603533,19,open,False,True,False
-1.17,17,20.608721,17,closed,False,True,False
-1.17,17,20.613902,17,closed,False,True,False
-1.19,19,20.619596,19,open,False,True,False
-1.19,19,20.625387,19,closed,False,True,False
-1.19,19,20.63109,19,open,False,True,False
-1.15,15,20.635775,15,open,False,True,False
-1.17,17,20.641017,17,open,False,True,False
-1.19,19,20.646804,19,closed,False,True,False
-1.17,17,20.651938,17,open,False,True,False
-1.17,17,20.657152,17,open,False,True,False
-1.15,15,20.661718,15,open,False,True,False
-1.19,19,20.667501,19,open,False,True,False
-1.15,15,20.671993,15,open,False,True,False
-1.15,15,20.676522,15,open,False,True,False
-1.19,19,20.682154,19,closed,False,True,False
-1.15,15,20.686657,15,open,False,True,False
-1.17,17,20.69185,17,closed,False,True,False
-1.15,15,20.696387,15,closed,False,True,False
-1.17,17,20.701416,17,open,False,True,False
-1.19,19,20.707185,19,closed,False,True,False
-1.19,19,20.712876,19,closed,False,True,False
-1.19,19,20.718494,19,open,False,True,False
-1.15,15,20.723104,15,closed,False,True,False
-1.15,15,20.727627,15,closed,False,True,False
-1.19,19,20.733275,19,open,False,True,False
-1.17,17,20.738467,17,open,False,True,False
-1.19,19,20.744146,19,open,False,True,False
-1.17,17,20.749343,17,closed,False,True,False
-1.17,17,20.754419,17,open,False,True,False
-1.15,15,20.758973,15,open,False,True,False
-1.17,17,20.764185,17,open,False,True,False
-1.17,17,20.769396,17,closed,False,True,False
-1.15,15,20.774043,15,open,False,True,False
-1.17,17,20.779113,17,open,False,True,False
-1.17,17,20.784283,17,open,False,True,False
-1.15,15,20.788889,15,open,False,True,False
-1.19,19,20.794516,19,open,False,True,False
-1.17,17,20.799675,17,closed,False,True,False
-1.17,17,20.804828,17,closed,False,True,False
-1.17,17,20.810022,17,open,False,True,False
-1.17,17,20.815143,17,open,False,True,False
-1.15,15,20.819737,15,open,False,True,False
-1.15,15,20.824364,15,open,False,True,False
-1.19,19,20.830098,19,closed,False,True,False
-1.15,15,20.834861,15,open,False,True,False
-1.15,15,20.839579,15,closed,False,True,False
-1.17,17,20.844843,17,open,False,True,False
-1.15,15,20.849495,15,open,False,True,False
-1.15,15,20.854004,15,closed,False,True,False
-1.19,19,20.859808,19,closed,False,True,False
-1.19,19,20.865536,19,closed,False,True,False
-1.17,17,20.87066,17,open,False,True,False
-1.15,15,20.875318,15,closed,False,True,False
-1.17,17,20.880421,17,open,False,True,False
-1.19,19,20.886056,19,closed,False,True,False
-1.2,15,20.890643,15,open,False,True,False
-1.15,15,20.895154,15,closed,False,True,False
-1.15,15,20.899739,15,closed,False,True,False
-1.19,19,20.905369,19,closed,False,True,False
-1.19,19,20.911086,19,closed,False,True,False
-1.19,19,20.916734,19,closed,False,True,False
-1.17,17,20.921911,17,closed,False,True,False
-1.19,19,20.927664,19,closed,False,True,False
-1.17,17,20.932836,17,open,False,True,False
-1.17,17,20.93802,17,open,False,True,False
-1.17,17,20.943245,17,closed,False,True,False
-1.15,15,20.947879,15,closed,False,True,False
-1.19,19,20.953567,19,open,False,True,False
-1.19,19,20.959362,19,closed,False,True,False
-1.15,15,20.963956,15,open,False,True,False
-1.17,17,20.968973,17,open,False,True,False
-1.15,15,20.973687,15,open,False,True,False
-1.15,15,20.978298,15,closed,False,True,False
-1.15,15,20.982946,15,closed,False,True,False
-1.17,17,20.988158,17,closed,False,True,False
-1.15,15,21.14417,15,closed,False,True,False
-1.19,19,21.149952,19,closed,False,True,False
-1.17,17,21.15514,17,open,False,True,False
-1.19,19,21.160917,19,open,False,True,False
-1.19,19,21.16662,19,open,False,True,False
-1.15,15,21.171231,15,open,False,True,False
-1.15,15,21.175791,15,open,False,True,False
-1.17,17,21.180887,17,closed,False,True,False
-1.17,17,21.185941,17,closed,False,True,False
-1.15,15,21.190561,15,open,False,True,False
-1.19,19,21.196218,19,open,False,True,False
-1.15,15,21.200833,15,open,False,True,False
-1.19,19,21.206475,19,closed,False,True,False
-1.17,17,21.211565,17,closed,False,True,False
-1.17,17,21.216773,17,closed,False,True,False
-1.17,17,21.221985,17,closed,False,True,False
-1.17,17,21.227229,17,open,False,True,False
-1.15,15,21.23199,15,closed,False,True,False
-1.17,17,21.237186,17,open,False,True,False
-1.17,17,21.242416,17,closed,False,True,False
-1.19,19,21.24814,19,closed,False,True,False
-1.17,17,21.253322,17,closed,False,True,False
-1.15,15,21.257881,15,closed,False,True,False
-1.15,15,21.262475,15,open,False,True,False
-1.15,15,21.267076,15,closed,False,True,False
-1.15,15,21.2716,15,open,False,True,False
-1.19,19,21.277262,19,open,False,True,False
-1.15,15,21.281882,15,open,False,True,False
-1.17,17,21.286914,17,closed,False,True,False
-1.19,19,21.292715,19,open,False,True,False
-1.15,15,21.297329,15,open,False,True,False
-1.19,19,21.302955,19,open,False,True,False
-1.15,15,21.307571,15,closed,False,True,False
-1.19,19,21.313339,19,open,False,True,False
-1.19,19,21.319261,19,closed,False,True,False
-1.19,19,21.324934,19,closed,False,True,False
-1.22,17,21.330097,17,closed,False,True,False
-1.15,15,21.334721,15,closed,False,True,False
-1.17,17,21.339899,17,open,False,True,False
-1.17,17,21.345146,17,closed,False,True,False
-1.19,19,21.350874,19,open,False,True,False
-1.15,15,21.355467,15,closed,False,True,False
-1.17,17,21.36069,17,open,False,True,False
-1.15,15,21.365323,15,closed,False,True,False
-1.17,17,21.370383,17,closed,False,True,False
-1.15,15,21.375062,15,closed,False,True,False
-1.15,15,21.379898,15,closed,False,True,False
-1.15,15,21.384433,15,open,False,True,False
-1.19,19,21.390314,19,closed,False,True,False
-1.19,19,21.396022,19,closed,False,True,False
-1.17,17,21.401076,17,open,False,True,False
-1.19,19,21.406732,19,open,False,True,False
-1.17,17,21.411807,17,closed,False,True,False
-1.17,17,21.416886,17,open,False,True,False
-1.17,17,21.422056,17,open,False,True,False
-1.15,15,21.42661,15,open,False,True,False
-1.19,19,21.43241,19,closed,False,True,False
-1.17,17,21.437523,17,open,False,True,False
-1.19,19,21.443784,19,open,False,True,False
-1.17,17,21.449052,17,closed,False,True,False
-1.19,19,21.454857,19,closed,False,True,False
-1.17,17,21.459925,17,open,False,True,False
-1.15,15,21.464557,15,open,False,True,False
-1.17,17,21.469659,17,open,False,True,False
-1.19,19,21.475454,19,open,False,True,False
-1.15,15,21.47999,15,open,False,True,False
-1.15,15,21.484553,15,open,False,True,False
-1.19,19,21.490149,19,closed,False,True,False
-1.17,17,21.495395,17,open,False,True,False
-1.17,17,21.500594,17,open,False,True,False
-1.17,17,21.505705,17,closed,False,True,False
-1.17,17,21.510905,17,open,False,True,False
-1.19,19,21.516614,19,open,False,True,False
-1.17,17,21.52165,17,open,False,True,False
-1.17,17,21.5268,17,closed,False,True,False
-1.15,15,21.531409,15,closed,False,True,False
-1.19,19,21.537031,19,open,False,True,False
-1.19,19,21.54275,19,open,False,True,False
-1.17,17,21.547874,17,open,False,True,False
-1.15,15,21.552477,15,closed,False,True,False
-1.17,17,21.557568,17,open,False,True,False
-1.15,15,21.562197,15,closed,False,True,False
-1.17,17,21.567355,17,open,False,True,False
-1.17,17,21.572533,17,open,False,True,False
-1.17,17,21.577642,17,open,False,True,False
-1.17,17,21.582826,17,open,False,True,False
-1.19,19,21.588544,19,open,False,True,False
-1.15,15,21.593186,15,closed,False,True,False
-1.17,17,21.598281,17,closed,False,True,False
-1.15,15,21.602845,15,open,False,True,False
-1.19,19,21.608505,19,closed,False,True,False
-1.17,17,21.613521,17,closed,False,True,False
-1.19,19,21.619226,19,closed,False,True,False
-1.17,17,21.624445,17,closed,False,True,False
-1.17,17,21.62965,17,open,False,True,False
-1.17,17,21.634907,17,closed,False,True,False
-1.17,17,21.640071,17,closed,False,True,False
-1.17,17,21.645246,17,open,False,True,False
-1.17,17,21.650451,17,closed,False,True,False
-1.17,17,21.655596,17,open,False,True,False
-1.19,19,21.661369,19,open,False,True,False
-1.19,19,21.666945,19,open,False,True,False
-1.17,17,21.672116,17,open,False,True,False
-1.19,19,21.677781,19,closed,False,True,False
-1.17,17,21.682929,17,open,False,True,False
-1.15,15,21.687499,15,open,False,True,False
-1.19,19,21.693182,19,closed,False,True,False
-1.15,15,21.697712,15,closed,False,True,False
-1.17,17,21.702712,17,closed,False,True,False
-1.19,19,21.708421,19,open,False,True,False
-1.19,19,21.714041,19,closed,False,True,False
-1.15,15,21.718568,15,open,False,True,False
-1.15,15,21.723143,15,closed,False,True,False
-1.19,19,21.728808,19,open,False,True,False
-1.15,15,21.733369,15,open,False,True,False
-1.19,19,21.73911,19,closed,False,True,False
-1.17,17,21.744267,17,open,False,True,False
-1.17,17,21.749456,17,open,False,True,False
-1.17,17,21.754557,17,open,False,True,False
-1.17,17,21.759792,17,closed,False,True,False
-1.17,17,21.918314,17,open,False,True,False
-1.19,19,21.924335,19,closed,False,True,False
-1.15,15,21.928977,15,open,False,True,False
-1.19,19,21.934743,19,open,False,True,False
-1.15,15,21.939467,15,closed,False,True,False
-1.17,17,21.944637,17,closed,False,True,False
-1.19,19,21.950437,19,closed,False,True,False
-1.19,19,21.956233,19,open,False,True,False
-1.17,17,21.961463,17,open,False,True,False
-1.17,17,21.966743,17,open,False,True,False
-1.19,19,21.972496,19,closed,False,True,False
-1.17,17,21.977801,17,open,False,True,False
-1.15,15,21.982505,15,open,False,True,False
-1.19,19,21.988211,19,open,False,True,False
-1.17,17,21.993635,17,open,False,True,False
-1.15,15,21.99819,15,open,False,True,False
-1.15,15,22.002746,15,open,False,True,False
-1.15,15,22.007455,15,open,False,True,False
-1.17,17,22.012824,17,open,False,True,False
-1.15,15,22.017494,15,closed,False,True,False
-1.19,19,22.023419,19,closed,False,True,False
-1.17,17,22.028783,17,closed,False,True,False
-1.19,19,22.034603,19,open,False,True,False
-1.15,15,22.03941,15,open,False,True,False
-1.19,19,22.045252,19,open,False,True,False
-1.15,15,22.049925,15,open,False,True,False
-1.15,15,22.054535,15,closed,False,True,False
-1.17,17,22.060022,17,closed,False,True,False
-1.17,17,22.065203,17,open,False,True,False
-1.15,15,22.069846,15,closed,False,True,False
-1.17,17,22.075454,17,closed,False,True,False
-1.15,15,22.080082,15,open,False,True,False
-1.17,17,22.085234,17,closed,False,True,False
-1.17,17,22.090565,17,closed,False,True,False
-1.19,19,22.096504,19,closed,False,True,False
-1.19,19,22.102201,19,closed,False,True,False
-1.19,19,22.108188,19,open,False,True,False
-1.19,19,22.114077,19,open,False,True,False
-1.17,17,22.119177,17,closed,False,True,False
-1.17,17,22.124798,17,open,False,True,False
-1.15,15,22.129378,15,open,False,True,False
-1.17,17,22.134541,17,open,False,True,False
-1.17,17,22.139922,17,closed,False,True,False
-1.17,17,22.145313,17,closed,False,True,False
-1.19,19,22.151102,19,open,False,True,False
-1.15,15,22.156001,15,closed,False,True,False
-1.15,15,22.160818,15,open,False,True,False
-1.17,17,22.16598,17,open,False,True,False
-1.19,19,22.171914,19,open,False,True,False
-1.17,17,22.17711,17,closed,False,True,False
-1.19,19,22.18277,19,open,False,True,False
-1.15,15,22.187348,15,open,False,True,False
-1.15,15,22.191881,15,open,False,True,False
-1.15,15,22.196512,15,closed,False,True,False
-1.19,19,22.202138,19,closed,False,True,False
-1.19,19,22.208093,19,open,False,True,False
-1.17,17,22.213307,17,closed,False,True,False
-1.17,17,22.218498,17,closed,False,True,False
-1.15,15,22.223369,15,open,False,True,False
-1.19,19,22.229355,19,closed,False,True,False
-1.19,19,22.235192,19,open,False,True,False
-1.15,15,22.239919,15,open,False,True,False
-1.19,19,22.245727,19,closed,False,True,False
-1.17,17,22.250858,17,open,False,True,False
-1.19,19,22.256733,19,open,False,True,False
-1.17,17,22.262052,17,closed,False,True,False
-1.17,17,22.267195,17,open,False,True,False
-1.17,17,22.27235,17,open,False,True,False
-1.15,15,22.276974,15,closed,False,True,False
-1.15,15,22.281587,15,open,False,True,False
-1.2,15,22.286056,15,open,False,True,False
-1.15,15,22.290685,15,closed,False,True,False
-1.17,17,22.295931,17,closed,False,True,False
-1.15,15,22.300518,15,closed,False,True,False
-1.15,15,22.305101,15,open,False,True,False
-1.19,19,22.310891,19,open,False,True,False
-1.15,15,22.315541,15,closed,False,True,False
-1.17,17,22.320702,17,open,False,True,False
-1.17,17,22.325911,17,open,False,True,False
-1.19,19,22.331727,19,closed,False,True,False
-1.19,19,22.337432,19,open,False,True,False
-1.15,15,22.342082,15,open,False,True,False
-1.17,17,22.347282,17,open,False,True,False
-1.17,17,22.352514,17,open,False,True,False
-1.17,17,22.357736,17,closed,False,True,False
-1.15,15,22.362416,15,open,False,True,False
-1.17,17,22.367634,17,closed,False,True,False
-1.19,19,22.373372,19,open,False,True,False
-1.17,17,22.378519,17,closed,False,True,False
-1.17,17,22.383706,17,closed,False,True,False
-1.19,19,22.389826,19,open,False,True,False
-1.19,19,22.395653,19,closed,False,True,False
-1.19,19,22.401476,19,open,False,True,False
-1.19,19,22.407202,19,closed,False,True,False
-1.19,19,22.413083,19,open,False,True,False
-1.15,15,22.417715,15,open,False,True,False
-1.17,17,22.422785,17,open,False,True,False
-1.15,15,22.427388,15,open,False,True,False
-1.15,15,22.431969,15,open,False,True,False
-1.15,15,22.436651,15,closed,False,True,False
-1.19,19,22.442384,19,open,False,True,False
-1.19,19,22.448112,19,closed,False,True,False
-1.17,17,22.453234,17,closed,False,True,False
-1.15,15,22.457831,15,closed,False,True,False
-1.17,17,22.462965,17,closed,False,True,False
-1.19,19,22.468748,19,closed,False,True,False
-1.17,17,22.473943,17,closed,False,True,False
-1.15,15,22.47861,15,closed,False,True,False
-1.17,17,22.48379,17,open,False,True,False
-1.15,15,22.488292,15,closed,False,True,False
-1.15,15,22.4929,15,closed,False,True,False
-1.19,19,22.498502,19,open,False,True,False
-1.19,19,22.504249,19,closed,False,True,False
-1.15,15,22.508898,15,closed,False,True,False
-1.17,17,22.513979,17,closed,False,True,False
-1.17,17,22.519056,17,closed,False,True,False
-1.19,19,22.52483,19,closed,False,True,False
-1.17,17,22.530024,17,closed,False,True,False
-1.19,19,22.535811,19,open,False,True,False
-1.19,19,22.541574,19,open,False,True,False
-1.19,19,22.696897,19,closed,False,True,False
-1.15,15,22.701692,15,open,False,True,False
-1.15,15,22.706291,15,open,False,True,False
-1.19,19,22.712118,19,open,False,True,False
-1.19,19,22.717855,19,open,False,True,False
-1.19,19,22.723498,19,open,False,True,False
-1.15,15,22.728142,15,open,False,True,False
-1.17,17,22.733434,17,open,False,True,False
-1.17,17,22.738643,17,closed,False,True,False
-1.17,17,22.74387,17,closed,False,True,False
-1.15,15,22.748479,15,closed,False,True,False
-1.15,15,22.753117,15,closed,False,True,False
-1.19,19,22.758939,19,open,False,True,False
-1.19,19,22.764753,19,open,False,True,False
-1.15,15,22.769233,15,closed,False,True,False
-1.15,15,22.773867,15,closed,False,True,False
-1.19,19,22.779631,19,closed,False,True,False
-1.15,15,22.784215,15,closed,False,True,False
-1.15,15,22.788917,15,open,False,True,False
-1.19,19,22.794662,19,open,False,True,False
-1.19,19,22.800371,19,closed,False,True,False
-1.15,15,22.805035,15,closed,False,True,False
-1.17,17,22.810251,17,open,False,True,False
-1.17,17,22.815342,17,closed,False,True,False
-1.15,15,22.819865,15,closed,False,True,False
-1.17,17,22.825127,17,open,False,True,False
-1.15,15,22.829768,15,closed,False,True,False
-1.19,19,22.83555,19,closed,False,True,False
-1.19,19,22.841271,19,closed,False,True,False
-1.17,17,22.84654,17,open,False,True,False
-1.2,15,22.851074,15,closed,False,True,False
-1.17,17,22.856211,17,open,False,True,False
-1.17,17,22.861483,17,open,False,True,False
-1.19,19,22.867315,19,open,False,True,False
-1.19,19,22.873031,19,open,False,True,False
-1.17,17,22.878238,17,open,False,True,False
-1.15,15,22.882905,15,open,False,True,False
-1.15,15,22.887477,15,open,False,True,False
-1.15,15,22.892062,15,open,False,True,False
-1.17,17,22.897283,17,open,False,True,False
-1.19,19,22.903031,19,open,False,True,False
-1.15,15,22.907664,15,open,False,True,False
-1.19,19,22.913421,19,open,False,True,False
-1.15,15,22.917938,15,closed,False,True,False
-1.17,17,22.923018,17,open,False,True,False
-1.19,19,22.928899,19,closed,False,True,False
-1.15,15,22.933546,15,open,False,True,False
-1.19,19,22.939169,19,closed,False,True,False
-1.17,17,22.944389,17,closed,False,True,False
-1.19,19,22.950204,19,open,False,True,False
-1.19,19,22.955987,19,closed,False,True,False
-1.15,15,22.960664,15,open,False,True,False
-1.15,15,22.965295,15,closed,False,True,False
-1.19,19,22.971082,19,open,False,True,False
-1.19,19,22.976865,19,closed,False,True,False
-1.15,15,22.981425,15,closed,False,True,False
-1.15,15,22.986052,15,closed,False,True,False
-1.19,19,22.991813,19,open,False,True,False
-1.19,19,22.997623,19,open,False,True,False
-1.17,17,23.002704,17,open,False,True,False
-1.19,19,23.008518,19,open,False,True,False
-1.19,19,23.01418,19,closed,False,True,False
-1.19,19,23.019776,19,closed,False,True,False
-1.17,17,23.024834,17,open,False,True,False
-1.19,19,23.030538,19,closed,False,True,False
-1.15,15,23.035124,15,closed,False,True,False
-1.15,15,23.039775,15,closed,False,True,False
-1.15,15,23.044428,15,open,False,True,False
-1.19,19,23.050068,19,closed,False,True,False
-1.15,15,23.05472,15,open,False,True,False
-1.17,17,23.059845,17,closed,False,True,False
-1.19,19,23.065862,19,open,False,True,False
-1.15,15,23.070482,15,open,False,True,False
-1.17,17,23.075615,17,closed,False,True,False
-1.15,15,23.080291,15,open,False,True,False
-1.15,15,23.084799,15,open,False,True,False
-1.17,17,23.090023,17,closed,False,True,False
-1.19,19,23.095742,19,open,False,True,False
-1.17,17,23.100779,17,open,False,True,False
-1.15,15,23.105291,15,open,False,True,False
-1.17,17,23.11061,17,open,False,True,False
-1.17,17,23.115789,17,closed,False,True,False
-1.17,17,23.121008,17,closed,False,True,False
-1.19,19,23.126735,19,closed,False,True,False
-1.17,17,23.131871,17,closed,False,True,False
-1.15,15,23.136511,15,open,False,True,False
-1.15,15,23.141131,15,closed,False,True,False
-1.15,15,23.145695,15,open,False,True,False
-1.17,17,23.150868,17,closed,False,True,False
-1.19,19,23.156544,19,open,False,True,False
-1.17,17,23.161784,17,closed,False,True,False
-1.17,17,23.167007,17,open,False,True,False
-1.19,19,23.172979,19,open,False,True,False
-1.15,15,23.177507,15,closed,False,True,False
-1.19,19,23.183319,19,open,False,True,False
-1.17,17,23.188569,17,closed,False,True,False
-1.19,19,23.194366,19,closed,False,True,False
-1.19,19,23.200188,19,closed,False,True,False
-1.19,19,23.205843,19,open,False,True,False
-1.15,15,23.210499,15,closed,False,True,False
-1.15,15,23.215073,15,closed,False,True,False
-1.17,17,23.220202,17,closed,False,True,False
-1.15,15,23.224873,15,open,False,True,False
-1.17,17,23.229976,17,closed,False,True,False
-1.19,19,23.235719,19,open,False,True,False
-1.19,19,23.241355,19,open,False,True,False
-1.15,15,23.246024,15,closed,False,True,False
-1.15,15,23.250548,15,open,False,True,False
-1.19,19,23.256301,19,open,False,True,False
-1.15,15,23.260956,15,closed,False,True,False
-1.19,19,23.266668,19,closed,False,True,False
-1.19,19,23.272415,19,open,False,True,False
-1.15,15,23.277063,15,open,False,True,False
-1.19,19,23.282742,19,closed,False,True,False
-1.19,19,23.288502,19,open,False,True,False
-1.19,19,23.294218,19,closed,False,True,False
-1.19,19,23.299916,19,open,False,True,False
-1.19,19,23.305676,19,open,False,True,False
-1.19,19,23.311351,19,closed,False,True,False
-1.19,19,23.31709,19,closed,False,True,False
-1.15,15,23.472667,15,open,False,True,False
-1.17,17,23.477979,17,open,False,True,False
-1.19,19,23.483752,19,closed,False,True,False
-1.19,19,23.489442,19,open,False,True,False
-1.19,19,23.495225,19,closed,False,True,False
-1.19,19,23.501087,19,open,False,True,False
-1.17,17,23.506266,17,open,False,True,False
-1.17,17,23.511434,17,closed,False,True,False
-1.15,15,23.516121,15,open,False,True,False
-1.17,17,23.521282,17,closed,False,True,False
-1.19,19,23.527141,19,closed,False,True,False
-1.15,15,23.531751,15,closed,False,True,False
-1.19,19,23.53759,19,open,False,True,False
-1.15,15,23.542306,15,open,False,True,False
-1.19,19,23.548144,19,open,False,True,False
-1.15,15,23.55271,15,open,False,True,False
-1.15,15,23.557354,15,closed,False,True,False
-1.15,15,23.562075,15,closed,False,True,False
-1.17,17,23.567253,17,open,False,True,False
-1.19,19,23.573092,19,open,False,True,False
-1.15,15,23.577706,15,closed,False,True,False
-1.19,19,23.583494,19,open,False,True,False
-1.17,17,23.588733,17,open,False,True,False
-1.15,15,23.593418,15,closed,False,True,False
-1.19,19,23.599199,19,open,False,True,False
-1.19,19,23.605005,19,closed,False,True,False
-1.17,17,23.610241,17,closed,False,True,False
-1.17,17,23.615515,17,open,False,True,False
-1.19,19,23.621297,19,open,False,True,False
-1.17,17,23.626426,17,closed,False,True,False
-1.17,17,23.631627,17,open,False,True,False
-1.17,17,23.636781,17,open,False,True,False
-1.17,17,23.641983,17,closed,False,True,False
-1.19,19,23.647737,19,closed,False,True,False
-1.17,17,23.6528,17,open,False,True,False
-1.17,17,23.657987,17,closed,False,True,False
-1.19,19,23.663839,19,open,False,True,False
-1.15,15,23.668341,15,open,False,True,False
-1.17,17,23.673539,17,open,False,True,False
-1.17,17,23.678798,17,open,False,True,False
-1.15,15,23.683815,15,open,False,True,False
-1.19,19,23.6896,19,open,False,True,False
-1.17,17,23.694903,17,closed,False,True,False
-1.15,15,23.699648,15,open,False,True,False
-1.15,15,23.70419,15,closed,False,True,False
-1.15,15,23.708851,15,closed,False,True,False
-1.17,17,23.714073,17,open,False,True,False
-1.15,15,23.718674,15,open,False,True,False
-1.19,19,23.724296,19,closed,False,True,False
-1.19,19,23.730103,19,open,False,True,False
-1.15,15,23.734772,15,closed,False,True,False
-1.15,15,23.739313,15,closed,False,True,False
-1.17,17,23.744444,17,open,False,True,False
-1.15,15,23.749059,15,open,False,True,False
-1.15,15,23.753667,15,closed,False,True,False
-1.15,15,23.758206,15,closed,False,True,False
-1.17,17,23.763484,17,open,False,True,False
-1.19,19,23.769212,19,closed,False,True,False
-1.19,19,23.775024,19,open,False,True,False
-1.17,17,23.780172,17,closed,False,True,False
-1.17,17,23.785311,17,open,False,True,False
-1.17,17,23.790571,17,closed,False,True,False
-1.17,17,23.795761,17,closed,False,True,False
-1.19,19,23.801451,19,open,False,True,False
-1.19,19,23.807211,19,closed,False,True,False
-1.17,17,23.812304,17,closed,False,True,False
-1.17,17,23.817589,17,open,False,True,False
-1.19,19,23.823419,19,closed,False,True,False
-1.17,17,23.828624,17,closed,False,True,False
-1.17,17,23.833703,17,open,False,True,False
-1.17,17,23.839055,17,closed,False,True,False
-1.15,15,23.843742,15,closed,False,True,False
-1.15,15,23.848378,15,open,False,True,False
-1.19,19,23.85418,19,closed,False,True,False
-1.17,17,23.859365,17,open,False,True,False
-1.19,19,23.865134,19,closed,False,True,False
-1.15,15,23.869679,15,closed,False,True,False
-1.15,15,23.874327,15,open,False,True,False
-1.19,19,23.88012,19,closed,False,True,False
-1.17,17,23.885251,17,open,False,True,False
-1.19,19,23.89111,19,open,False,True,False
-1.15,15,23.895698,15,closed,False,True,False
-1.19,19,23.90137,19,open,False,True,False
-1.17,17,23.906533,17,closed,False,True,False
-1.17,17,23.911802,17,open,False,True,False
-1.17,17,23.916972,17,open,False,True,False
-1.15,15,23.921493,15,closed,False,True,False
-1.19,19,23.92738,19,open,False,True,False
-1.17,17,23.932507,17,open,False,True,False
-1.17,17,23.937696,17,open,False,True,False
-1.17,17,23.942913,17,closed,False,True,False
-1.19,19,23.948951,19,open,False,True,False
-1.19,19,23.954803,19,open,False,True,False
-1.17,17,23.959963,17,closed,False,True,False
-1.15,15,23.96468,15,closed,False,True,False
-1.17,17,23.969714,17,closed,False,True,False
-1.19,19,23.975546,19,closed,False,True,False
-1.15,15,23.980222,15,closed,False,True,False
-1.15,15,23.984717,15,open,False,True,False
-1.19,19,23.990489,19,closed,False,True,False
-1.19,19,23.996297,19,closed,False,True,False
-1.15,15,24.000937,15,closed,False,True,False
-1.19,19,24.006608,19,closed,False,True,False
-1.19,19,24.012476,19,closed,False,True,False
-1.17,17,24.017561,17,open,False,True,False
-1.19,19,24.023382,19,open,False,True,False
-1.19,19,24.029217,19,closed,False,True,False
-1.19,19,24.034938,19,closed,False,True,False
-1.15,15,24.039591,15,closed,False,True,False
-1.15,15,24.044307,15,open,False,True,False
-1.15,15,24.048859,15,open,False,True,False
-1.17,17,24.054072,17,closed,False,True,False
-1.15,15,24.058729,15,closed,False,True,False
-1.15,15,24.063433,15,open,False,True,False
-1.19,19,24.069214,19,closed,False,True,False
-1.15,15,24.073802,15,closed,False,True,False
-1.15,15,24.078582,15,closed,False,True,False
-1.15,15,24.083227,15,open,False,True,False
-1.15,15,24.087747,15,open,False,True,False
-1.15,15,24.092366,15,open,False,True,False
-1.15,15,24.097055,15,open,False,True,False
-1.15,15,24.251539,15,open,False,True,False
-1.19,19,24.257297,19,closed,False,True,False
-1.17,17,24.262611,17,open,False,True,False
-1.19,19,24.268433,19,open,False,True,False
-1.19,19,24.274077,19,closed,False,True,False
-1.17,17,24.27931,17,open,False,True,False
-1.15,15,24.283982,15,open,False,True,False
-1.19,19,24.289652,19,closed,False,True,False
-1.17,17,24.294834,17,closed,False,True,False
-1.15,15,24.299437,15,closed,False,True,False
-1.19,19,24.305149,19,closed,False,True,False
-1.15,15,24.30983,15,closed,False,True,False
-1.17,17,24.314995,17,closed,False,True,False
-1.19,19,24.32076,19,open,False,True,False
-1.15,15,24.325393,15,closed,False,True,False
-1.17,17,24.330572,17,closed,False,True,False
-1.15,15,24.335112,15,closed,False,True,False
-1.19,19,24.34088,19,closed,False,True,False
-1.19,19,24.346581,19,open,False,True,False
-1.15,15,24.351211,15,closed,False,True,False
-1.15,15,24.355834,15,closed,False,True,False
-1.15,15,24.36033,15,open,False,True,False
-1.17,17,24.36568,17,closed,False,True,False
-1.17,17,24.370919,17,closed,False,True,False
-1.15,15,24.375603,15,closed,False,True,False
-1.19,19,24.381291,19,open,False,True,False
-1.15,15,24.385901,15,open,False,True,False
-1.15,15,24.390427,15,closed,False,True,False
-1.19,19,24.396122,19,open,False,True,False
-1.15,15,24.400831,15,closed,False,True,False
-1.19,19,24.406626,19,closed,False,True,False
-1.19,19,24.412425,19,open,False,True,False
-1.17,17,24.417589,17,open,False,True,False
-1.15,15,24.422179,15,closed,False,True,False
-1.17,17,24.427385,17,closed,False,True,False
-1.15,15,24.432043,15,open,False,True,False
-1.15,15,24.436539,15,open,False,True,False
-1.15,15,24.44107,15,closed,False,True,False
-1.15,15,24.445703,15,open,False,True,False
-1.17,17,24.450933,17,open,False,True,False
-1.19,19,24.456615,19,closed,False,True,False
-1.19,19,24.462441,19,open,False,True,False
-1.15,15,24.467045,15,open,False,True,False
-1.19,19,24.472739,19,closed,False,True,False
-1.19,19,24.478413,19,open,False,True,False
-1.19,19,24.484037,19,open,False,True,False
-1.17,17,24.489153,17,closed,False,True,False
-1.17,17,24.494342,17,open,False,True,False
-1.15,15,24.49893,15,closed,False,True,False
-1.19,19,24.50457,19,open,False,True,False
-1.17,17,24.509826,17,open,False,True,False
-1.17,17,24.514988,17,open,False,True,False
-1.17,17,24.520044,17,closed,False,True,False
-1.17,17,24.525157,17,closed,False,True,False
-1.17,17,24.530243,17,open,False,True,False
-1.15,15,24.534787,15,closed,False,True,False
-1.15,15,24.53943,15,closed,False,True,False
-1.15,15,24.544007,15,closed,False,True,False
-1.19,19,24.549657,19,closed,False,True,False
-1.15,15,24.554176,15,closed,False,True,False
-1.17,17,24.559472,17,closed,False,True,False
-1.15,15,24.564084,15,closed,False,True,False
-1.15,15,24.568563,15,closed,False,True,False
-1.17,17,24.57378,17,closed,False,True,False
-1.15,15,24.578457,15,closed,False,True,False
-1.15,15,24.58299,15,closed,False,True,False
-1.17,17,24.588046,17,open,False,True,False
-1.17,17,24.593267,17,closed,False,True,False
-1.15,15,24.597918,15,closed,False,True,False
-1.15,15,24.602402,15,closed,False,True,False
-1.15,15,24.607034,15,open,False,True,False
-1.17,17,24.612162,17,open,False,True,False
-1.17,17,24.617263,17,open,False,True,False
-1.17,17,24.622452,17,closed,False,True,False
-1.17,17,24.627684,17,closed,False,True,False
-1.19,19,24.633531,19,open,False,True,False
-1.17,17,24.638735,17,closed,False,True,False
-1.17,17,24.643737,17,closed,False,True,False
-1.15,15,24.648319,15,closed,False,True,False
-1.15,15,24.652913,15,open,False,True,False
-1.17,17,24.658066,17,closed,False,True,False
-1.17,17,24.663153,17,open,False,True,False
-1.19,19,24.668844,19,open,False,True,False
-1.17,17,24.673864,17,closed,False,True,False
-1.15,15,24.678346,15,closed,False,True,False
-1.15,15,24.682845,15,closed,False,True,False
-1.17,17,24.687969,17,closed,False,True,False
-1.17,17,24.692924,17,closed,False,True,False
-1.17,17,24.69822,17,open,False,True,False
-1.17,17,24.703379,17,closed,False,True,False
-1.19,19,24.709181,19,closed,False,True,False
-1.17,17,24.714268,17,closed,False,True,False
-1.19,19,24.720008,19,closed,False,True,False
-1.15,15,24.724628,15,closed,False,True,False
-1.15,15,24.729363,15,closed,False,True,False
-1.17,17,24.734677,17,open,False,True,False
-1.17,17,24.739943,17,open,False,True,False
-1.15,15,24.744538,15,open,False,True,False
-1.19,19,24.750389,19,closed,False,True,False
-1.15,15,24.755011,15,open,False,True,False
-1.19,19,24.760703,19,closed,False,True,False
-1.17,17,24.765948,17,closed,False,True,False
-1.15,15,24.770556,15,open,False,True,False
-1.19,19,24.776377,19,open,False,True,False
-1.19,19,24.782156,19,open,False,True,False
-1.19,19,24.787813,19,open,False,True,False
-1.17,17,24.792974,17,open,False,True,False
-1.15,15,24.797479,15,closed,False,True,False
-1.17,17,24.802642,17,closed,False,True,False
-1.17,17,24.807822,17,closed,False,True,False
-1.17,17,24.812959,17,open,False,True,False
-1.15,15,24.817477,15,closed,False,True,False
-1.15,15,24.821921,15,open,False,True,False
-1.17,17,24.827057,17,open,False,True,False
-1.19,19,24.832839,19,open,False,True,False
-1.15,15,24.837324,15,closed,False,True,False
-1.19,19,24.843051,19,open,False,True,False
-1.17,17,24.848209,17,open,False,True,False
-1.19,19,24.853971,19,closed,False,True,False
-1.17,17,24.859237,17,closed,False,True,False
-1.19,19,24.865122,19,closed,False,True,False
-1.17,17,24.870176,17,closed,False,True,False
-1.15,15,25.025014,15,open,False,True,False
-1.15,15,25.029651,15,closed,False,True,False
-1.19,19,25.0355,19,open,False,True,False
-1.15,15,25.0401,15,open,False,True,False
-1.15,15,25.044781,15,open,False,True,False
-1.17,17,25.050013,17,open,False,True,False
-1.17,17,25.055178,17,closed,False,True,False
-1.19,19,25.061017,19,closed,False,True,False
-1.15,15,25.065803,15,closed,False,True,False
-1.15,15,25.070324,15,closed,False,True,False
-1.15,15,25.07487,15,closed,False,True,False
-1.15,15,25.07954,15,closed,False,True,False
-1.17,17,25.084655,17,closed,False,True,False
-1.15,15,25.089224,15,closed,False,True,False
-1.15,15,25.093852,15,open,False,True,False
-1.19,19,25.099634,19,open,False,True,False
-1.17,17,25.10472,17,closed,False,True,False
-1.17,17,25.109872,17,open,False,True,False
-1.19,19,25.115637,19,closed,False,True,False
-1.15,15,25.12024,15,closed,False,True,False
-1.15,15,25.12493,15,open,False,True,False
-1.17,17,25.130045,17,closed,False,True,False
-1.19,19,25.135692,19,open,False,True,False
-1.17,17,25.140817,17,closed,False,True,False
-1.19,19,25.146591,19,closed,False,True,False
-1.17,17,25.151737,17,open,False,True,False
-1.19,19,25.157575,19,open,False,True,False
-1.17,17,25.162769,17,open,False,True,False
-1.15,15,25.167492,15,open,False,True,False
-1.19,19,25.173168,19,open,False,True,False
-1.15,15,25.177899,15,closed,False,True,False
-1.17,17,25.183012,17,open,False,True,False
-1.19,19,25.188801,19,open,False,True,False
-1.19,19,25.194534,19,open,False,True,False
-1.15,15,25.199199,15,open,False,True,False
-1.19,19,25.204918,19,open,False,True,False
-1.15,15,25.20964,15,closed,False,True,False
-1.19,19,25.21539,19,open,False,True,False
-1.17,17,25.220606,17,open,False,True,False
-1.15,15,25.225244,15,closed,False,True,False
-1.17,17,25.230403,17,open,False,True,False
-1.19,19,25.236046,19,open,False,True,False
-1.15,15,25.240712,15,open,False,True,False
-1.19,19,25.246484,19,open,False,True,False
-1.19,19,25.252388,19,open,False,True,False
-1.17,17,25.257584,17,closed,False,True,False
-1.17,17,25.262746,17,open,False,True,False
-1.15,15,25.267516,15,closed,False,True,False
-1.15,15,25.272044,15,open,False,True,False
-1.17,17,25.277271,17,open,False,True,False
-1.19,19,25.282983,19,open,False,True,False
-1.17,17,25.28803,17,open,False,True,False
-1.15,15,25.292539,15,closed,False,True,False
-1.15,15,25.297099,15,closed,False,True,False
-1.17,17,25.302268,17,closed,False,True,False
-1.19,19,25.308013,19,open,False,True,False
-1.15,15,25.312606,15,closed,False,True,False
-1.2,15,25.317235,15,open,False,True,False
-1.17,17,25.322373,17,open,False,True,False
-1.19,19,25.328123,19,closed,False,True,False
-1.19,19,25.333884,19,open,False,True,False
-1.17,17,25.339054,17,open,False,True,False
-1.19,19,25.344846,19,open,False,True,False
-1.15,15,25.349351,15,open,False,True,False
-1.17,17,25.354558,17,closed,False,True,False
-1.17,17,25.359816,17,open,False,True,False
-1.19,19,25.365603,19,closed,False,True,False
-1.19,19,25.371192,19,open,False,True,False
-1.19,19,25.37702,19,closed,False,True,False
-1.17,17,25.382196,17,open,False,True,False
-1.19,19,25.387942,19,open,False,True,False
-1.15,15,25.392493,15,open,False,True,False
-1.17,17,25.397636,17,open,False,True,False
-1.19,19,25.403307,19,closed,False,True,False
-1.17,17,25.408506,17,open,False,True,False
-1.17,17,25.413781,17,open,False,True,False
-1.17,17,25.418982,17,open,False,True,False
-1.15,15,25.423565,15,closed,False,True,False
-1.15,15,25.428379,15,open,False,True,False
-1.19,19,25.434025,19,open,False,True,False
-1.15,15,25.438647,15,closed,False,True,False
-1.19,19,25.444287,19,open,False,True,False
-1.15,15,25.448967,15,closed,False,True,False
-1.19,19,25.454905,19,closed,False,True,False
-1.17,17,25.460002,17,open,False,True,False
-1.19,19,25.465795,19,open,False,True,False
-1.15,15,25.470287,15,closed,False,True,False
-1.19,19,25.481694,19,open,False,True,False
-1.17,17,25.4872,17,closed,False,True,False
-1.19,19,25.493231,19,closed,False,True,False
-1.15,15,25.497861,15,closed,False,True,False
-1.17,17,25.503428,17,closed,False,True,False
-1.17,17,25.508752,17,open,False,True,False
-1.19,19,25.514558,19,closed,False,True,False
-1.19,19,25.520255,19,open,False,True,False
-1.19,19,25.525989,19,open,False,True,False
-1.19,19,25.531607,19,closed,False,True,False
-1.19,19,25.537296,19,open,False,True,False
-1.17,17,25.542578,17,closed,False,True,False
-1.19,19,25.548257,19,closed,False,True,False
-1.19,19,25.553957,19,closed,False,True,False
-1.15,15,25.558572,15,open,False,True,False
-1.19,19,25.564264,19,open,False,True,False
-1.17,17,25.569469,17,open,False,True,False
-1.19,19,25.575244,19,open,False,True,False
-1.15,15,25.579875,15,open,False,True,False
-1.15,15,25.584469,15,closed,False,True,False
-1.19,19,25.5901,19,open,False,True,False
-1.19,19,25.595842,19,closed,False,True,False
-1.17,17,25.601019,17,open,False,True,False
-1.15,15,25.605665,15,open,False,True,False
-1.17,17,25.61075,17,open,False,True,False
-1.15,15,25.615337,15,closed,False,True,False
-1.15,15,25.619957,15,closed,False,True,False
-1.15,15,25.624619,15,closed,False,True,False
-1.17,17,25.629823,17,closed,False,True,False
-1.15,15,25.634318,15,closed,False,True,False
-1.19,19,25.640021,19,open,False,True,False
-1.19,19,25.645683,19,closed,False,True,False
-1.15,15,25.650309,15,open,False,True,False
-1.19,19,25.807054,19,closed,False,True,False
-1.15,15,25.811876,15,open,False,True,False
-1.17,17,25.817101,17,closed,False,True,False
-1.17,17,25.82227,17,open,False,True,False
-1.17,17,25.827544,17,closed,False,True,False
-1.15,15,25.832163,15,open,False,True,False
-1.19,19,25.838006,19,closed,False,True,False
-1.19,19,25.843783,19,closed,False,True,False
-1.19,19,25.849499,19,closed,False,True,False
-1.17,17,25.854668,17,closed,False,True,False
-1.15,15,25.859341,15,closed,False,True,False
-1.17,17,25.864619,17,open,False,True,False
-1.15,15,25.869212,15,open,False,True,False
-1.15,15,25.873762,15,closed,False,True,False
-1.17,17,25.878959,17,open,False,True,False
-1.17,17,25.884104,17,open,False,True,False
-1.15,15,25.888782,15,open,False,True,False
-1.17,17,25.894049,17,closed,False,True,False
-1.17,17,25.899193,17,closed,False,True,False
-1.17,17,25.90432,17,open,False,True,False
-1.2,15,25.908976,15,open,False,True,False
-1.19,19,25.914948,19,open,False,True,False
-1.19,19,25.920638,19,open,False,True,False
-1.19,19,25.926406,19,open,False,True,False
-1.17,17,25.931647,17,open,False,True,False
-1.19,19,25.937305,19,closed,False,True,False
-1.19,19,25.943037,19,open,False,True,False
-1.17,17,25.948159,17,closed,False,True,False
-1.15,15,25.952767,15,open,False,True,False
-1.17,17,25.957867,17,closed,False,True,False
-1.19,19,25.963577,19,open,False,True,False
-1.19,19,25.969454,19,open,False,True,False
-1.15,15,25.973981,15,open,False,True,False
-1.15,15,25.978725,15,closed,False,True,False
-1.17,17,25.983884,17,closed,False,True,False
-1.19,19,25.989712,19,open,False,True,False
-1.15,15,25.994326,15,closed,False,True,False
-1.15,15,25.998989,15,open,False,True,False
-1.15,15,26.003573,15,open,False,True,False
-1.19,19,26.00935,19,open,False,True,False
-1.19,19,26.015146,19,closed,False,True,False
-1.15,15,26.019667,15,closed,False,True,False
-1.15,15,26.024408,15,open,False,True,False
-1.19,19,26.030292,19,open,False,True,False
-1.17,17,26.035558,17,closed,False,True,False
-1.15,15,26.040115,15,closed,False,True,False
-1.19,19,26.045899,19,open,False,True,False
-1.15,15,26.050606,15,closed,False,True,False
-1.17,17,26.055801,17,open,False,True,False
-1.15,15,26.06038,15,closed,False,True,False
-1.19,19,26.066275,19,closed,False,True,False
-1.17,17,26.071441,17,closed,False,True,False
-1.19,19,26.077264,19,closed,False,True,False
-1.19,19,26.083005,19,closed,False,True,False
-1.15,15,26.087577,15,open,False,True,False
-1.17,17,26.092736,17,closed,False,True,False
-1.19,19,26.098599,19,open,False,True,False
-1.15,15,26.103125,15,open,False,True,False
-1.19,19,26.108894,19,closed,False,True,False
-1.19,19,26.114563,19,closed,False,True,False
-1.15,15,26.11918,15,closed,False,True,False
-1.15,15,26.123821,15,open,False,True,False
-1.17,17,26.129025,17,closed,False,True,False
-1.15,15,26.133675,15,closed,False,True,False
-1.19,19,26.139374,19,open,False,True,False
-1.15,15,26.144065,15,open,False,True,False
-1.17,17,26.149204,17,closed,False,True,False
-1.15,15,26.153767,15,closed,False,True,False
-1.15,15,26.158354,15,closed,False,True,False
-1.19,19,26.164246,19,open,False,True,False
-1.17,17,26.169493,17,closed,False,True,False
-1.15,15,26.174068,15,closed,False,True,False
-1.15,15,26.178735,15,closed,False,True,False
-1.19,19,26.18432,19,open,False,True,False
-1.19,19,26.190017,19,closed,False,True,False
-1.15,15,26.194623,15,closed,False,True,False
-1.19,19,26.200298,19,closed,False,True,False
-1.15,15,26.204912,15,open,False,True,False
-1.17,17,26.210217,17,closed,False,True,False
-1.19,19,26.216038,19,open,False,True,False
-1.17,17,26.221112,17,closed,False,True,False
-1.17,17,26.226318,17,open,False,True,False
-1.19,19,26.232218,19,closed,False,True,False
-1.17,17,26.23742,17,closed,False,True,False
-1.17,17,26.242752,17,open,False,True,False
-1.19,19,26.248627,19,closed,False,True,False
-1.19,19,26.254443,19,closed,False,True,False
-1.17,17,26.259701,17,closed,False,True,False
-1.19,19,26.26556,19,closed,False,True,False
-1.17,17,26.270792,17,open,False,True,False
-1.17,17,26.276087,17,open,False,True,False
-1.15,15,26.280829,15,closed,False,True,False
-1.17,17,26.286042,17,closed,False,True,False
-1.15,15,26.290781,15,open,False,True,False
-1.19,19,26.296694,19,closed,False,True,False
-1.19,19,26.302326,19,closed,False,True,False
-1.17,17,26.307555,17,closed,False,True,False
-1.15,15,26.312247,15,open,False,True,False
-1.17,17,26.317438,17,open,False,True,False
-1.19,19,26.323112,19,open,False,True,False
-1.17,17,26.328223,17,closed,False,True,False
-1.15,15,26.332877,15,open,False,True,False
-1.19,19,26.338661,19,closed,False,True,False
-1.19,19,26.344436,19,closed,False,True,False
-1.17,17,26.34969,17,closed,False,True,False
-1.17,17,26.354908,17,closed,False,True,False
-1.17,17,26.360087,17,open,False,True,False
-1.17,17,26.365334,17,closed,False,True,False
-1.19,19,26.370997,19,open,False,True,False
-1.17,17,26.376238,17,open,False,True,False
-1.17,17,26.381457,17,closed,False,True,False
-1.15,15,26.386054,15,closed,False,True,False
-1.17,17,26.391263,17,closed,False,True,False
-1.19,19,26.396945,19,open,False,True,False
-1.15,15,26.401521,15,closed,False,True,False
-1.19,19,26.407177,19,open,False,True,False
-1.15,15,26.411761,15,closed,False,True,False
-1.17,17,26.416919,17,closed,False,True,False
-1.17,17,26.422034,17,open,False,True,False
-1.19,19,26.427768,19,open,False,True,False
-1.19,19,26.585331,19,open,False,True,False
-1.17,17,26.590707,17,closed,False,True,False
-1.17,17,26.595824,17,closed,False,True,False
-1.17,17,26.600991,17,closed,False,True,False
-1.19,19,26.606707,19,open,False,True,False
-1.19,19,26.612584,19,open,False,True,False
-1.15,15,26.617246,15,open,False,True,False
-1.15,15,26.621835,15,closed,False,True,False
-1.15,15,26.626539,15,closed,False,True,False
-1.15,15,26.631347,15,closed,False,True,False
-1.19,19,26.637085,19,closed,False,True,False
-1.17,17,26.64228,17,open,False,True,False
-1.19,19,26.648116,19,closed,False,True,False
-1.17,17,26.653271,17,open,False,True,False
-1.15,15,26.658026,15,closed,False,True,False
-1.19,19,26.66373,19,closed,False,True,False
-1.15,15,26.668296,15,closed,False,True,False
-1.19,19,26.673999,19,open,False,True,False
-1.15,15,26.678649,15,closed,False,True,False
-1.15,15,26.683167,15,closed,False,True,False
-1.17,17,26.688401,17,closed,False,True,False
-1.17,17,26.693659,17,closed,False,True,False
-1.19,19,26.699336,19,closed,False,True,False
-1.19,19,26.705043,19,open,False,True,False
-1.15,15,26.709726,15,open,False,True,False
-1.15,15,26.714471,15,closed,False,True,False
-1.17,17,26.719617,17,closed,False,True,False
-1.17,17,26.724871,17,closed,False,True,False
-1.17,17,26.730125,17,closed,False,True,False
-1.19,19,26.735893,19,closed,False,True,False
-1.19,19,26.741674,19,open,False,True,False
-1.17,17,26.746783,17,closed,False,True,False
-1.15,15,26.751347,15,open,False,True,False
-1.15,15,26.756018,15,closed,False,True,False
-1.17,17,26.761267,17,open,False,True,False
-1.19,19,26.767145,19,closed,False,True,False
-1.15,15,26.771661,15,open,False,True,False
-1.19,19,26.777508,19,closed,False,True,False
-1.15,15,26.782134,15,closed,False,True,False
-1.19,19,26.787781,19,open,False,True,False
-1.15,15,26.79248,15,open,False,True,False
-1.15,15,26.797014,15,open,False,True,False
-1.15,15,26.801645,15,closed,False,True,False
-1.19,19,26.807398,19,closed,False,True,False
-1.17,17,26.812709,17,open,False,True,False
-1.19,19,26.818468,19,open,False,True,False
-1.17,17,26.823677,17,closed,False,True,False
-1.17,17,26.828842,17,open,False,True,False
-1.17,17,26.833971,17,open,False,True,False
-1.17,17,26.839155,17,closed,False,True,False
-1.15,15,26.843791,15,closed,False,True,False
-1.15,15,26.848446,15,open,False,True,False
-1.19,19,26.854234,19,closed,False,True,False
-1.17,17,26.859376,17,closed,False,True,False
-1.17,17,26.864588,17,closed,False,True,False
-1.17,17,26.869797,17,closed,False,True,False
-1.19,19,26.875572,19,closed,False,True,False
-1.15,15,26.88012,15,closed,False,True,False
-1.15,15,26.884701,15,open,False,True,False
-1.19,19,26.890284,19,open,False,True,False
-1.17,17,26.895518,17,open,False,True,False
-1.17,17,26.900714,17,open,False,True,False
-1.15,15,26.905285,15,closed,False,True,False
-1.19,19,26.910918,19,closed,False,True,False
-1.19,19,26.916668,19,closed,False,True,False
-1.19,19,26.922445,19,open,False,True,False
-1.15,15,26.927045,15,closed,False,True,False
-1.15,15,26.931681,15,open,False,True,False
-1.15,15,26.936255,15,closed,False,True,False
-1.17,17,26.941388,17,open,False,True,False
-1.15,15,26.946032,15,open,False,True,False
-1.19,19,26.951657,19,open,False,True,False
-1.19,19,26.957423,19,closed,False,True,False
-1.19,19,26.963215,19,open,False,True,False
-1.17,17,26.968327,17,open,False,True,False
-1.17,17,26.973531,17,closed,False,True,False
-1.17,17,26.978745,17,closed,False,True,False
-1.17,17,26.984087,17,open,False,True,False
-1.15,15,26.988741,15,closed,False,True,False
-1.19,19,26.994558,19,closed,False,True,False
-1.17,17,26.999728,17,closed,False,True,False
-1.17,17,27.004898,17,open,False,True,False
-1.17,17,27.010158,17,closed,False,True,False
-1.15,15,27.014738,15,open,False,True,False
-1.19,19,27.02027,19,open,False,True,False
-1.19,19,27.026165,19,open,False,True,False
-1.17,17,27.0314,17,open,False,True,False
-1.17,17,27.036549,17,open,False,True,False
-1.15,15,27.041266,15,closed,False,True,False
-1.19,19,27.047055,19,open,False,True,False
-1.17,17,27.052088,17,closed,False,True,False
-1.19,19,27.057948,19,open,False,True,False
-1.19,19,27.063906,19,open,False,True,False
-1.17,17,27.069058,17,closed,False,True,False
-1.17,17,27.074261,17,closed,False,True,False
-1.19,19,27.080138,19,open,False,True,False
-1.15,15,27.084794,15,open,False,True,False
-1.17,17,27.089985,17,open,False,True,False
-1.17,17,27.095103,17,open,False,True,False
-1.15,15,27.09975,15,closed,False,True,False
-1.17,17,27.104921,17,closed,False,True,False
-1.15,15,27.109398,15,closed,False,True,False
-1.19,19,27.115036,19,closed,False,True,False
-1.15,15,27.119607,15,closed,False,True,False
-1.15,15,27.124197,15,open,False,True,False
-1.19,19,27.129958,19,closed,False,True,False
-1.15,15,27.13444,15,closed,False,True,False
-1.15,15,27.139091,15,closed,False,True,False
-1.19,19,27.144794,19,closed,False,True,False
-1.19,19,27.150565,19,open,False,True,False
-1.17,17,27.155631,17,open,False,True,False
-1.17,17,27.160877,17,closed,False,True,False
-1.15,15,27.165579,15,closed,False,True,False
-1.19,19,27.17122,19,closed,False,True,False
-1.15,15,27.175842,15,closed,False,True,False
-1.17,17,27.180869,17,open,False,True,False
-1.17,17,27.185979,17,closed,False,True,False
-1.15,15,27.190564,15,closed,False,True,False
-1.19,19,27.19623,19,open,False,True,False
-1.17,17,27.201239,17,closed,False,True,False
-1.17,17,27.359147,17,closed,False,True,False
-1.15,15,27.363942,15,closed,False,True,False
-1.15,15,27.368727,15,open,False,True,False
-1.17,17,27.373926,17,open,False,True,False
-1.17,17,27.37921,17,closed,False,True,False
-1.19,19,27.384981,19,open,False,True,False
-1.19,19,27.390862,19,closed,False,True,False
-1.17,17,27.396016,17,open,False,True,False
-1.15,15,27.40055,15,open,False,True,False
-1.15,15,27.405175,15,closed,False,True,False
-1.15,15,27.40989,15,open,False,True,False
-1.15,15,27.414514,15,open,False,True,False
-1.19,19,27.420334,19,open,False,True,False
-1.15,15,27.424974,15,closed,False,True,False
-1.17,17,27.430212,17,closed,False,True,False
-1.17,17,27.435438,17,closed,False,True,False
-1.17,17,27.440776,17,closed,False,True,False
-1.19,19,27.447114,19,open,False,True,False
-1.17,17,27.452371,17,open,False,True,False
-1.15,15,27.456991,15,closed,False,True,False
-1.15,15,27.461682,15,closed,False,True,False
-1.17,17,27.466945,17,closed,False,True,False
-1.15,15,27.471612,15,closed,False,True,False
-1.17,17,27.4768,17,closed,False,True,False
-1.17,17,27.482075,17,closed,False,True,False
-1.19,19,27.488105,19,closed,False,True,False
-1.17,17,27.493321,17,open,False,True,False
-1.19,19,27.499136,19,open,False,True,False
-1.17,17,27.504303,17,closed,False,True,False
-1.19,19,27.51015,19,open,False,True,False
-1.17,17,27.515433,17,open,False,True,False
-1.17,17,27.520588,17,open,False,True,False
-1.19,19,27.526475,19,open,False,True,False
-1.19,19,27.532157,19,open,False,True,False
-1.17,17,27.537293,17,closed,False,True,False
-1.19,19,27.543324,19,closed,False,True,False
-1.17,17,27.548613,17,open,False,True,False
-1.19,19,27.554418,19,closed,False,True,False
-1.15,15,27.559138,15,open,False,True,False
-1.19,19,27.565008,19,closed,False,True,False
-1.15,15,27.569742,15,closed,False,True,False
-1.17,17,27.574986,17,open,False,True,False
-1.19,19,27.580797,19,open,False,True,False
-1.15,15,27.585488,15,closed,False,True,False
-1.15,15,27.590244,15,open,False,True,False
-1.15,15,27.594938,15,closed,False,True,False
-1.17,17,27.600012,17,closed,False,True,False
-1.15,15,27.604547,15,open,False,True,False
-1.19,19,27.610387,19,closed,False,True,False
-1.19,19,27.616019,19,open,False,True,False
-1.17,17,27.621221,17,open,False,True,False
-1.17,17,27.626436,17,closed,False,True,False
-1.19,19,27.63222,19,closed,False,True,False
-1.17,17,27.637294,17,open,False,True,False
-1.15,15,27.641871,15,open,False,True,False
-1.15,15,27.646568,15,open,False,True,False
-1.15,15,27.651244,15,open,False,True,False
-1.19,19,27.656913,19,open,False,True,False
-1.19,19,27.662741,19,open,False,True,False
-1.19,19,27.6685,19,open,False,True,False
-1.19,19,27.67425,19,closed,False,True,False
-1.15,15,27.678905,15,closed,False,True,False
-1.17,17,27.684137,17,closed,False,True,False
-1.17,17,27.689347,17,closed,False,True,False
-1.15,15,27.694034,15,open,False,True,False
-1.19,19,27.699812,19,open,False,True,False
-1.15,15,27.704353,15,closed,False,True,False
-1.15,15,27.709065,15,open,False,True,False
-1.19,19,27.714787,19,open,False,True,False
-1.15,15,27.719367,15,open,False,True,False
-1.15,15,27.723916,15,open,False,True,False
-1.17,17,27.729193,17,open,False,True,False
-1.17,17,27.734419,17,open,False,True,False
-1.15,15,27.739006,15,open,False,True,False
-1.15,15,27.743684,15,closed,False,True,False
-1.19,19,27.74937,19,closed,False,True,False
-1.19,19,27.755187,19,closed,False,True,False
-1.19,19,27.760948,19,open,False,True,False
-1.19,19,27.766672,19,open,False,True,False
-1.15,15,27.771309,15,closed,False,True,False
-1.15,15,27.775916,15,open,False,True,False
-1.19,19,27.781736,19,open,False,True,False
-1.17,17,27.786832,17,closed,False,True,False
-1.15,15,27.791369,15,closed,False,True,False
-1.17,17,27.796622,17,open,False,True,False
-1.17,17,27.801719,17,closed,False,True,False
-1.17,17,27.806866,17,open,False,True,False
-1.15,15,27.811569,15,open,False,True,False
-1.15,15,27.81613,15,closed,False,True,False
-1.15,15,27.820742,15,open,False,True,False
-1.19,19,27.826488,19,closed,False,True,False
-1.17,17,27.831724,17,closed,False,True,False
-1.19,19,27.837812,19,open,False,True,False
-1.19,19,27.843686,19,open,False,True,False
-1.15,15,27.848216,15,closed,False,True,False
-1.17,17,27.85325,17,closed,False,True,False
-1.15,15,27.857993,15,open,False,True,False
-1.15,15,27.862563,15,open,False,True,False
-1.19,19,27.868383,19,closed,False,True,False
-1.15,15,27.87305,15,closed,False,True,False
-1.19,19,27.878904,19,open,False,True,False
-1.15,15,27.883523,15,closed,False,True,False
-1.19,19,27.889172,19,open,False,True,False
-1.19,19,27.894957,19,closed,False,True,False
-1.19,19,27.900668,19,closed,False,True,False
-1.19,19,27.906442,19,open,False,True,False
-1.17,17,27.91163,17,closed,False,True,False
-1.15,15,27.916146,15,closed,False,True,False
-1.17,17,27.9213,17,open,False,True,False
-1.15,15,27.926038,15,open,False,True,False
-1.17,17,27.931279,17,closed,False,True,False
-1.17,17,27.93644,17,closed,False,True,False
-1.15,15,27.941169,15,closed,False,True,False
-1.15,15,27.945736,15,closed,False,True,False
-1.17,17,27.950849,17,open,False,True,False
-1.15,15,27.955513,15,closed,False,True,False
-1.17,17,27.960647,17,open,False,True,False
-1.15,15,27.965303,15,open,False,True,False
-1.15,15,27.969866,15,closed,False,True,False
-1.15,15,27.974469,15,closed,False,True,False
-1.19,19,27.980271,19,closed,False,True,False
-1.19,19,27.98597,19,closed,False,True,False
-1.15,15,28.162971,15,closed,False,True,False
-1.19,19,28.169093,19,closed,False,True,False
-1.15,15,28.17456,15,open,False,True,False
-1.19,19,28.180743,19,open,False,True,False
-1.15,15,28.185579,15,open,False,True,False
-1.17,17,28.191545,17,closed,False,True,False
-1.19,19,28.197443,19,open,False,True,False
-1.19,19,28.203411,19,closed,False,True,False
-1.15,15,28.208552,15,open,False,True,False
-1.17,17,28.213918,17,open,False,True,False
-1.17,17,28.219258,17,open,False,True,False
-1.15,15,28.224171,15,closed,False,True,False
-1.19,19,28.230307,19,closed,False,True,False
-1.17,17,28.235658,17,open,False,True,False
-1.17,17,28.241112,17,closed,False,True,False
-1.15,15,28.246017,15,closed,False,True,False
-1.15,15,28.250867,15,open,False,True,False
-1.19,19,28.256725,19,open,False,True,False
-1.19,19,28.262786,19,open,False,True,False
-1.17,17,28.26813,17,open,False,True,False
-1.19,19,28.274221,19,open,False,True,False
-1.15,15,28.279026,15,closed,False,True,False
-1.15,15,28.283874,15,closed,False,True,False
-1.19,19,28.289998,19,closed,False,True,False
-1.15,15,28.294745,15,open,False,True,False
-1.19,19,28.300711,19,closed,False,True,False
-1.15,15,28.305512,15,closed,False,True,False
-1.17,17,28.310874,17,closed,False,True,False
-1.19,19,28.316795,19,open,False,True,False
-1.19,19,28.322632,19,closed,False,True,False
-1.19,19,28.328724,19,open,False,True,False
-1.15,15,28.333414,15,open,False,True,False
-1.17,17,28.338829,17,open,False,True,False
-1.15,15,28.343551,15,open,False,True,False
-1.15,15,28.348392,15,open,False,True,False
-1.19,19,28.354288,19,closed,False,True,False
-1.19,19,28.360341,19,open,False,True,False
-1.19,19,28.366328,19,closed,False,True,False
-1.19,19,28.372336,19,closed,False,True,False
-1.15,15,28.376969,15,closed,False,True,False
-1.19,19,28.382666,19,closed,False,True,False
-1.19,19,28.388692,19,closed,False,True,False
-1.15,15,28.393307,15,closed,False,True,False
-1.17,17,28.398543,17,closed,False,True,False
-1.15,15,28.403275,15,closed,False,True,False
-1.15,15,28.408122,15,open,False,True,False
-1.19,19,28.414021,19,closed,False,True,False
-1.19,19,28.419797,19,closed,False,True,False
-1.15,15,28.424436,15,closed,False,True,False
-1.17,17,28.429871,17,open,False,True,False
-1.19,19,28.435758,19,open,False,True,False
-1.19,19,28.441806,19,open,False,True,False
-1.15,15,28.44652,15,open,False,True,False
-1.19,19,28.452486,19,open,False,True,False
-1.17,17,28.45779,17,open,False,True,False
-1.15,15,28.462448,15,open,False,True,False
-1.15,15,28.467139,15,open,False,True,False
-1.15,15,28.47183,15,open,False,True,False
-1.17,17,28.476984,17,closed,False,True,False
-1.19,19,28.482809,19,closed,False,True,False
-1.19,19,28.488722,19,open,False,True,False
-1.19,19,28.494533,19,open,False,True,False
-1.19,19,28.500324,19,open,False,True,False
-1.19,19,28.506256,19,open,False,True,False
-1.19,19,28.512219,19,closed,False,True,False
-1.17,17,28.517374,17,closed,False,True,False
-1.19,19,28.5233,19,closed,False,True,False
-1.19,19,28.529235,19,closed,False,True,False
-1.17,17,28.53441,17,open,False,True,False
-1.15,15,28.539117,15,open,False,True,False
-1.17,17,28.544451,17,open,False,True,False
-1.19,19,28.550393,19,closed,False,True,False
-1.15,15,28.555178,15,closed,False,True,False
-1.15,15,28.559861,15,open,False,True,False
-1.19,19,28.565767,19,closed,False,True,False
-1.15,15,28.570468,15,closed,False,True,False
-1.15,15,28.575261,15,open,False,True,False
-1.17,17,28.580509,17,closed,False,True,False
-1.17,17,28.585757,17,open,False,True,False
-1.19,19,28.591677,19,open,False,True,False
-1.19,19,28.597763,19,closed,False,True,False
-1.15,15,28.602336,15,open,False,True,False
-1.17,17,28.607417,17,open,False,True,False
-1.19,19,28.61307,19,closed,False,True,False
-1.19,19,28.61886,19,open,False,True,False
-1.19,19,28.624564,19,closed,False,True,False
-1.19,19,28.630321,19,open,False,True,False
-1.15,15,28.634867,15,open,False,True,False
-1.17,17,28.640049,17,open,False,True,False
-1.15,15,28.644584,15,closed,False,True,False
-1.19,19,28.650215,19,open,False,True,False
-1.17,17,28.655398,17,closed,False,True,False
-1.19,19,28.661177,19,open,False,True,False
-1.19,19,28.666939,19,closed,False,True,False
-1.19,19,28.672545,19,open,False,True,False
-1.15,15,28.677229,15,open,False,True,False
-1.15,15,28.681745,15,closed,False,True,False
-1.17,17,28.686796,17,open,False,True,False
-1.19,19,28.692533,19,open,False,True,False
-1.15,15,28.697139,15,closed,False,True,False
-1.19,19,28.702757,19,open,False,True,False
-1.17,17,28.707953,17,closed,False,True,False
-1.19,19,28.713684,19,open,False,True,False
-1.17,17,28.718726,17,open,False,True,False
-1.15,15,28.723214,15,open,False,True,False
-1.15,15,28.727862,15,closed,False,True,False
-1.15,15,28.732411,15,closed,False,True,False
-1.15,15,28.736995,15,open,False,True,False
-1.15,15,28.741627,15,closed,False,True,False
-1.17,17,28.746766,17,closed,False,True,False
-1.17,17,28.751861,17,closed,False,True,False
-1.19,19,28.757696,19,open,False,True,False
-1.19,19,28.763463,19,closed,False,True,False
-1.15,15,28.767944,15,closed,False,True,False
-1.15,15,28.772411,15,closed,False,True,False
-1.17,17,28.777581,17,closed,False,True,False
-1.15,15,28.782236,15,open,False,True,False
-1.17,17,28.78742,17,closed,False,True,False
-1.19,19,28.793286,19,open,False,True,False
-1.19,19,28.958535,19,closed,False,True,False
-1.15,15,28.963275,15,closed,False,True,False
-1.17,17,28.968437,17,closed,False,True,False
-1.19,19,28.974066,19,open,False,True,False
-1.15,15,28.978631,15,open,False,True,False
-1.17,17,28.983809,17,open,False,True,False
-1.17,17,28.988972,17,open,False,True,False
-1.15,15,28.993666,15,open,False,True,False
-1.19,19,28.999464,19,open,False,True,False
-1.19,19,29.005334,19,closed,False,True,False
-1.19,19,29.011195,19,open,False,True,False
-1.17,17,29.016424,17,open,False,True,False
-1.15,15,29.021097,15,closed,False,True,False
-1.17,17,29.026353,17,open,False,True,False
-1.17,17,29.031661,17,closed,False,True,False
-1.17,17,29.036993,17,open,False,True,False
-1.19,19,29.042846,19,open,False,True,False
-1.17,17,29.048095,17,closed,False,True,False
-1.19,19,29.05394,19,open,False,True,False
-1.17,17,29.059184,17,closed,False,True,False
-1.19,19,29.065079,19,closed,False,True,False
-1.19,19,29.070974,19,closed,False,True,False
-1.15,15,29.075745,15,open,False,True,False
-1.15,15,29.080472,15,closed,False,True,False
-1.17,17,29.085721,17,closed,False,True,False
-1.19,19,29.091587,19,open,False,True,False
-1.15,15,29.096182,15,closed,False,True,False
-1.19,19,29.101979,19,closed,False,True,False
-1.17,17,29.107183,17,open,False,True,False
-1.17,17,29.11245,17,open,False,True,False
-1.19,19,29.118266,19,open,False,True,False
-1.15,15,29.122971,15,closed,False,True,False
-1.19,19,29.128693,19,closed,False,True,False
-1.19,19,29.134569,19,open,False,True,False
-1.19,19,29.140443,19,closed,False,True,False
-1.17,17,29.145775,17,open,False,True,False
-1.19,19,29.1515,19,open,False,True,False
-1.17,17,29.156773,17,open,False,True,False
-1.15,15,29.161366,15,closed,False,True,False
-1.19,19,29.167208,19,closed,False,True,False
-1.17,17,29.172523,17,open,False,True,False
-1.15,15,29.177233,15,closed,False,True,False
-1.15,15,29.181846,15,open,False,True,False
-1.17,17,29.187057,17,open,False,True,False
-1.15,15,29.191779,15,open,False,True,False
-1.15,15,29.196449,15,closed,False,True,False
-1.15,15,29.20112,15,closed,False,True,False
-1.15,15,29.205677,15,open,False,True,False
-1.19,19,29.211489,19,open,False,True,False
-1.19,19,29.217324,19,open,False,True,False
-1.15,15,29.222037,15,open,False,True,False
-1.19,19,29.227806,19,open,False,True,False
-1.19,19,29.233586,19,open,False,True,False
-1.19,19,29.239407,19,closed,False,True,False
-1.17,17,29.24467,17,open,False,True,False
-1.17,17,29.249847,17,closed,False,True,False
-1.15,15,29.254415,15,open,False,True,False
-1.19,19,29.26031,19,open,False,True,False
-1.19,19,29.266128,19,open,False,True,False
-1.15,15,29.270833,15,open,False,True,False
-1.19,19,29.276695,19,closed,False,True,False
-1.15,15,29.281282,15,open,False,True,False
-1.19,19,29.287128,19,closed,False,True,False
-1.15,15,29.29188,15,closed,False,True,False
-1.15,15,29.296497,15,open,False,True,False
-1.19,19,29.302288,19,closed,False,True,False
-1.15,15,29.306914,15,closed,False,True,False
-1.15,15,29.311516,15,closed,False,True,False
-1.15,15,29.316204,15,closed,False,True,False
-1.15,15,29.320916,15,open,False,True,False
-1.17,17,29.326128,17,open,False,True,False
-1.17,17,29.331277,17,closed,False,True,False
-1.17,17,29.336547,17,closed,False,True,False
-1.19,19,29.342353,19,closed,False,True,False
-1.19,19,29.348036,19,closed,False,True,False
-1.17,17,29.353284,17,open,False,True,False
-1.17,17,29.358631,17,open,False,True,False
-1.19,19,29.36447,19,open,False,True,False
-1.15,15,29.369051,15,closed,False,True,False
-1.17,17,29.374345,17,closed,False,True,False
-1.19,19,29.380215,19,closed,False,True,False
-1.19,19,29.386071,19,open,False,True,False
-1.15,15,29.390745,15,open,False,True,False
-1.19,19,29.396561,19,open,False,True,False
-1.15,15,29.401165,15,closed,False,True,False
-1.15,15,29.4058,15,open,False,True,False
-1.15,15,29.410492,15,open,False,True,False
-1.17,17,29.415691,17,closed,False,True,False
-1.17,17,29.420972,17,open,False,True,False
-1.15,15,29.425743,15,open,False,True,False
-1.15,15,29.430458,15,open,False,True,False
-1.15,15,29.435122,15,open,False,True,False
-1.19,19,29.440849,19,closed,False,True,False
-1.19,19,29.446549,19,open,False,True,False
-1.19,19,29.452428,19,open,False,True,False
-1.15,15,29.457175,15,closed,False,True,False
-1.17,17,29.462418,17,closed,False,True,False
-1.15,15,29.467099,15,open,False,True,False
-1.19,19,29.472943,19,open,False,True,False
-1.19,19,29.478766,19,open,False,True,False
-1.19,19,29.484569,19,closed,False,True,False
-1.19,19,29.490442,19,closed,False,True,False
-1.17,17,29.495759,17,closed,False,True,False
-1.19,19,29.501559,19,closed,False,True,False
-1.15,15,29.506111,15,open,False,True,False
-1.19,19,29.511853,19,open,False,True,False
-1.17,17,29.51704,17,closed,False,True,False
-1.17,17,29.522366,17,open,False,True,False
-1.19,19,29.528198,19,closed,False,True,False
-1.17,17,29.533382,17,closed,False,True,False
-1.15,15,29.538098,15,closed,False,True,False
-1.19,19,29.543859,19,open,False,True,False
-1.17,17,29.549132,17,open,False,True,False
-1.17,17,29.554366,17,closed,False,True,False
-1.19,19,29.560231,19,closed,False,True,False
-1.19,19,29.566088,19,open,False,True,False
-1.15,15,29.570739,15,closed,False,True,False
-1.17,17,29.575924,17,closed,False,True,False
-1.15,15,29.580651,15,open,False,True,False
-1.17,17,29.585819,17,open,False,True,False
-1.17,17,29.775046,17,closed,False,True,False
-1.19,19,29.78108,19,closed,False,True,False
-1.19,19,29.786884,19,open,False,True,False
-1.17,17,29.792138,17,open,False,True,False
-1.19,19,29.79807,19,closed,False,True,False
-1.15,15,29.802805,15,open,False,True,False
-1.19,19,29.808694,19,closed,False,True,False
-1.17,17,29.81404,17,closed,False,True,False
-1.17,17,29.819233,17,closed,False,True,False
-1.15,15,29.823903,15,closed,False,True,False
-1.17,17,29.829205,17,open,False,True,False
-1.19,19,29.835147,19,open,False,True,False
-1.17,17,29.840399,17,closed,False,True,False
-1.15,15,29.845048,15,open,False,True,False
-1.17,17,29.850373,17,open,False,True,False
-1.19,19,29.856267,19,open,False,True,False
-1.19,19,29.862202,19,closed,False,True,False
-1.19,19,29.868052,19,open,False,True,False
-1.15,15,29.87283,15,closed,False,True,False
-1.15,15,29.877505,15,open,False,True,False
-1.17,17,29.882707,17,closed,False,True,False
-1.15,15,29.887435,15,open,False,True,False
-1.24,19,29.893177,19,closed,False,True,False
-1.17,17,29.898482,17,open,False,True,False
-1.17,17,29.903666,17,open,False,True,False
-1.17,17,29.908871,17,open,False,True,False
-1.19,19,29.914778,19,closed,False,True,False
-1.17,17,29.920083,17,closed,False,True,False
-1.15,15,29.924757,15,closed,False,True,False
-1.17,17,29.930038,17,open,False,True,False
-1.17,17,29.935337,17,open,False,True,False
-1.15,15,29.939971,15,open,False,True,False
-1.17,17,29.94516,17,open,False,True,False
-1.19,19,29.951057,19,closed,False,True,False
-1.17,17,29.956497,17,open,False,True,False
-1.15,15,29.961281,15,closed,False,True,False
-1.19,19,29.967146,19,open,False,True,False
-1.17,17,29.972383,17,open,False,True,False
-1.17,17,29.977746,17,open,False,True,False
-1.15,15,29.982412,15,closed,False,True,False
-1.19,19,29.988333,19,open,False,True,False
-1.15,15,29.99303,15,open,False,True,False
-1.15,15,29.99779,15,open,False,True,False
-1.17,17,30.003097,17,open,False,True,False
-1.19,19,30.008893,19,open,False,True,False
-1.15,15,30.013666,15,closed,False,True,False
-1.19,19,30.019388,19,closed,False,True,False
-1.19,19,30.025246,19,closed,False,True,False
-1.19,19,30.031076,19,open,False,True,False
-1.17,17,30.036376,17,closed,False,True,False
-1.17,17,30.041686,17,closed,False,True,False
-1.19,19,30.047618,19,closed,False,True,False
-1.19,19,30.053434,19,closed,False,True,False
-1.19,19,30.059228,19,open,False,True,False
-1.19,19,30.065095,19,closed,False,True,False
-1.15,15,30.0699,15,open,False,True,False
-1.15,15,30.074637,15,closed,False,True,False
-1.17,17,30.079895,17,open,False,True,False
-1.19,19,30.085672,19,closed,False,True,False
-1.19,19,30.091475,19,closed,False,True,False
-1.17,17,30.096653,17,open,False,True,False
-1.15,15,30.101415,15,open,False,True,False
-1.17,17,30.106686,17,closed,False,True,False
-1.17,17,30.111989,17,closed,False,True,False
-1.17,17,30.117302,17,open,False,True,False
-1.17,17,30.122504,17,open,False,True,False
-1.19,19,30.128374,19,closed,False,True,False
-1.19,19,30.134312,19,open,False,True,False
-1.15,15,30.138978,15,closed,False,True,False
-1.17,17,30.144196,17,open,False,True,False
-1.19,19,30.1501,19,open,False,True,False
-1.17,17,30.155348,17,closed,False,True,False
-1.19,19,30.161294,19,open,False,True,False
-1.15,15,30.166015,15,open,False,True,False
-1.15,15,30.17077,15,closed,False,True,False
-1.17,17,30.175996,17,open,False,True,False
-1.15,15,30.180691,15,open,False,True,False
-1.19,19,30.18649,19,open,False,True,False
-1.19,19,30.192338,19,open,False,True,False
-1.19,19,30.198227,19,open,False,True,False
-1.19,19,30.204139,19,closed,False,True,False
-1.19,19,30.210039,19,open,False,True,False
-1.19,19,30.215941,19,open,False,True,False
-1.19,19,30.221838,19,open,False,True,False
-1.15,15,30.226557,15,open,False,True,False
-1.15,15,30.231198,15,closed,False,True,False
-1.19,19,30.237101,19,open,False,True,False
-1.19,19,30.242949,19,closed,False,True,False
-1.19,19,30.248808,19,closed,False,True,False
-1.19,19,30.254795,19,open,False,True,False
-1.15,15,30.25967,15,closed,False,True,False
-1.17,17,30.264953,17,closed,False,True,False
-1.19,19,30.270903,19,closed,False,True,False
-1.17,17,30.276136,17,open,False,True,False
-1.15,15,30.280876,15,open,False,True,False
-1.15,15,30.285605,15,closed,False,True,False
-1.17,17,30.290823,17,closed,False,True,False
-1.17,17,30.296158,17,open,False,True,False
-1.19,19,30.302022,19,closed,False,True,False
-1.17,17,30.307332,17,closed,False,True,False
-1.15,15,30.312118,15,closed,False,True,False
-1.17,17,30.317348,17,open,False,True,False
-1.19,19,30.323198,19,open,False,True,False
-1.15,15,30.327885,15,open,False,True,False
-1.19,19,30.333701,19,closed,False,True,False
-1.19,19,30.339546,19,closed,False,True,False
-1.15,15,30.344177,15,open,False,True,False
-1.19,19,30.350088,19,open,False,True,False
-1.19,19,30.355844,19,open,False,True,False
-1.19,19,30.361698,19,closed,False,True,False
-1.19,19,30.367582,19,closed,False,True,False
-1.15,15,30.372217,15,open,False,True,False
-1.19,19,30.378056,19,open,False,True,False
-1.15,15,30.38265,15,closed,False,True,False
-1.17,17,30.388009,17,closed,False,True,False
-1.17,17,30.393399,17,closed,False,True,False
-1.15,15,30.397958,15,open,False,True,False
-1.19,19,30.40379,19,open,False,True,False
-1.15,15,30.613117,15,open,False,True,False
-1.19,19,30.619347,19,closed,False,True,False
-1.15,15,30.62447,15,closed,False,True,False
-1.19,19,30.63042,19,closed,False,True,False
-1.15,15,30.635022,15,open,False,True,False
-1.19,19,30.640946,19,open,False,True,False
-1.15,15,30.645689,15,closed,False,True,False
-1.15,15,30.650342,15,closed,False,True,False
-1.17,17,30.655584,17,closed,False,True,False
-1.15,15,30.660292,15,open,False,True,False
-1.15,15,30.665093,15,closed,False,True,False
-1.15,15,30.669791,15,closed,False,True,False
-1.15,15,30.674531,15,open,False,True,False
-1.19,19,30.680451,19,closed,False,True,False
-1.19,19,30.686272,19,open,False,True,False
-1.15,15,30.691051,15,closed,False,True,False
-1.17,17,30.696291,17,open,False,True,False
-1.15,15,30.700948,15,closed,False,True,False
-1.17,17,30.706288,17,open,False,True,False
-1.17,17,30.711539,17,closed,False,True,False
-1.19,19,30.717458,19,open,False,True,False
-1.19,19,30.723263,19,closed,False,True,False
-1.15,15,30.728,15,closed,False,True,False
-1.17,17,30.733342,17,closed,False,True,False
-1.19,19,30.739234,19,closed,False,True,False
-1.15,15,30.74398,15,closed,False,True,False
-1.15,15,30.748687,15,closed,False,True,False
-1.19,19,30.754594,19,closed,False,True,False
-1.19,19,30.7604,19,closed,False,True,False
-1.15,15,30.76511,15,closed,False,True,False
-1.15,15,30.769722,15,open,False,True,False
-1.17,17,30.775021,17,open,False,True,False
-1.19,19,30.780757,19,closed,False,True,False
-1.19,19,30.786642,19,closed,False,True,False
-1.17,17,30.791971,17,closed,False,True,False
-1.15,15,30.796634,15,open,False,True,False
-1.15,15,30.80126,15,open,False,True,False
-1.19,19,30.807031,19,open,False,True,False
-1.19,19,30.812883,19,open,False,True,False
-1.17,17,30.818175,17,closed,False,True,False
-1.17,17,30.823415,17,closed,False,True,False
-1.15,15,30.828195,15,closed,False,True,False
-1.17,17,30.833534,17,open,False,True,False
-1.19,19,30.839412,19,open,False,True,False
-1.15,15,30.844104,15,closed,False,True,False
-1.17,17,30.849303,17,closed,False,True,False
-1.17,17,30.854539,17,closed,False,True,False
-1.15,15,30.859298,15,closed,False,True,False
-1.17,17,30.864629,17,open,False,True,False
-1.15,15,30.869329,15,open,False,True,False
-1.19,19,30.875104,19,open,False,True,False
-1.19,19,30.881016,19,closed,False,True,False
-1.15,15,30.885716,15,open,False,True,False
-1.19,19,30.891544,19,open,False,True,False
-1.15,15,30.896173,15,closed,False,True,False
-1.17,17,30.901477,17,closed,False,True,False
-1.19,19,30.907377,19,open,False,True,False
-1.19,19,30.913259,19,open,False,True,False
-1.17,17,30.918435,17,closed,False,True,False
-1.15,15,30.923086,15,closed,False,True,False
-1.15,15,30.92772,15,open,False,True,False
-1.19,19,30.933633,19,closed,False,True,False
-1.17,17,30.938847,17,open,False,True,False
-1.19,19,30.944764,19,closed,False,True,False
-1.19,19,30.950655,19,open,False,True,False
-1.17,17,30.955795,17,closed,False,True,False
-1.15,15,30.960343,15,closed,False,True,False
-1.17,17,30.9655,17,closed,False,True,False
-1.17,17,30.970705,17,open,False,True,False
-1.17,17,30.975971,17,open,False,True,False
-1.19,19,30.981851,19,closed,False,True,False
-1.19,19,30.987643,19,closed,False,True,False
-1.15,15,30.992378,15,open,False,True,False
-1.15,15,30.997005,15,closed,False,True,False
-1.17,17,31.002165,17,open,False,True,False
-1.15,15,31.006735,15,closed,False,True,False
-1.17,17,31.012029,17,open,False,True,False
-1.17,17,31.017269,17,closed,False,True,False
-1.15,15,31.021984,15,closed,False,True,False
-1.17,17,31.027368,17,open,False,True,False
-1.17,17,31.03263,17,closed,False,True,False
-1.15,15,31.037465,15,open,False,True,False
-1.19,19,31.043261,19,open,False,True,False
-1.17,17,31.048488,17,closed,False,True,False
-1.17,17,31.053769,17,open,False,True,False
-1.17,17,31.059103,17,closed,False,True,False
-1.15,15,31.063863,15,closed,False,True,False
-1.17,17,31.069117,17,closed,False,True,False
-1.15,15,31.073778,15,open,False,True,False
-1.15,15,31.078534,15,closed,False,True,False
-1.19,19,31.084463,19,closed,False,True,False
-1.17,17,31.089719,17,open,False,True,False
-1.19,19,31.095536,19,closed,False,True,False
-1.15,15,31.100355,15,closed,False,True,False
-1.15,15,31.105016,15,closed,False,True,False
-1.17,17,31.110348,17,closed,False,True,False
-1.15,15,31.115108,15,open,False,True,False
-1.15,15,31.119714,15,closed,False,True,False
-1.15,15,31.124441,15,open,False,True,False
-1.17,17,31.129719,17,closed,False,True,False
-1.15,15,31.134441,15,closed,False,True,False
-1.19,19,31.14017,19,closed,False,True,False
-1.15,15,31.144845,15,closed,False,True,False
-1.17,17,31.150001,17,open,False,True,False
-1.17,17,31.155408,17,closed,False,True,False
-1.15,15,31.16018,15,open,False,True,False
-1.19,19,31.166011,19,closed,False,True,False
-1.19,19,31.171826,19,closed,False,True,False
-1.15,15,31.176591,15,open,False,True,False
-1.15,15,31.181295,15,closed,False,True,False
-1.15,15,31.185983,15,open,False,True,False
-1.15,15,31.190684,15,open,False,True,False
-1.19,19,31.196612,19,closed,False,True,False
-1.15,15,31.201199,15,open,False,True,False
-1.17,17,31.206525,17,open,False,True,False
-1.15,15,31.211235,15,open,False,True,False
-1.15,15,31.215841,15,open,False,True,False
-1.17,17,31.221287,17,open,False,True,False
-1.19,19,31.227208,19,closed,False,True,False
-1.19,19,31.233041,19,closed,False,True,False
-1.15,15,31.237751,15,open,False,True,False
-1.15,15,31.242478,15,open,False,True,False
-1.15,15,31.247209,15,open,False,True,False
-1.17,17,31.424378,17,open,False,True,False
-1.19,19,31.430225,19,closed,False,True,False
-1.19,19,31.43608,19,open,False,True,False
-1.15,15,31.440767,15,closed,False,True,False
-1.17,17,31.445959,17,closed,False,True,False
-1.17,17,31.451281,17,open,False,True,False
-1.17,17,31.456687,17,open,False,True,False
-1.17,17,31.461988,17,closed,False,True,False
-1.19,19,31.467905,19,closed,False,True,False
-1.15,15,31.472533,15,closed,False,True,False
-1.19,19,31.478407,19,open,False,True,False
-1.17,17,31.483665,17,open,False,True,False
-1.19,19,31.489428,19,closed,False,True,False
-1.17,17,31.494735,17,open,False,True,False
-1.15,15,31.499462,15,closed,False,True,False
-1.15,15,31.504205,15,closed,False,True,False
-1.15,15,31.508892,15,closed,False,True,False
-1.17,17,31.514213,17,open,False,True,False
-1.17,17,31.51945,17,open,False,True,False
-1.17,17,31.524638,17,closed,False,True,False
-1.17,17,31.529854,17,closed,False,True,False
-1.19,19,31.535715,19,open,False,True,False
-1.19,19,31.541468,19,open,False,True,False
-1.19,19,31.547378,19,open,False,True,False
-1.17,17,31.552705,17,closed,False,True,False
-1.19,19,31.558488,19,closed,False,True,False
-1.19,19,31.564269,19,closed,False,True,False
-1.15,15,31.568997,15,open,False,True,False
-1.17,17,31.574188,17,closed,False,True,False
-1.15,15,31.578921,15,closed,False,True,False
-1.19,19,31.584811,19,closed,False,True,False
-1.15,15,31.58948,15,open,False,True,False
-1.19,19,31.595258,19,closed,False,True,False
-1.17,17,31.600486,17,closed,False,True,False
-1.15,15,31.605221,15,closed,False,True,False
-1.17,17,31.610426,17,open,False,True,False
-1.19,19,31.616315,19,open,False,True,False
-1.17,17,31.621628,17,open,False,True,False
-1.17,17,31.626921,17,closed,False,True,False
-1.15,15,31.631655,15,closed,False,True,False
-1.19,19,31.637466,19,closed,False,True,False
-1.19,19,31.643342,19,open,False,True,False
-1.19,19,31.649116,19,open,False,True,False
-1.15,15,31.653812,15,closed,False,True,False
-1.19,19,31.659589,19,open,False,True,False
-1.15,15,31.664272,15,open,False,True,False
-1.17,17,31.669514,17,closed,False,True,False
-1.15,15,31.674171,15,open,False,True,False
-1.17,17,31.679345,17,closed,False,True,False
-1.19,19,31.685077,19,closed,False,True,False
-1.19,19,31.690995,19,open,False,True,False
-1.19,19,31.69683,19,closed,False,True,False
-1.19,19,31.702724,19,open,False,True,False
-1.15,15,31.707333,15,closed,False,True,False
-1.19,19,31.713234,19,closed,False,True,False
-1.15,15,31.717832,15,open,False,True,False
-1.15,15,31.722461,15,open,False,True,False
-1.19,19,31.72829,19,closed,False,True,False
-1.19,19,31.734238,19,open,False,True,False
-1.19,19,31.740105,19,open,False,True,False
-1.15,15,31.744833,15,open,False,True,False
-1.19,19,31.750662,19,closed,False,True,False
-1.17,17,31.756035,17,closed,False,True,False
-1.15,15,31.760785,15,open,False,True,False
-1.19,19,31.766566,19,open,False,True,False
-1.17,17,31.771758,17,closed,False,True,False
-1.15,15,31.776414,15,closed,False,True,False
-1.17,17,31.781726,17,open,False,True,False
-1.19,19,31.787581,19,open,False,True,False
-1.17,17,31.792922,17,open,False,True,False
-1.19,19,31.798771,19,closed,False,True,False
-1.17,17,31.804096,17,closed,False,True,False
-1.19,19,31.810013,19,closed,False,True,False
-1.15,15,31.814777,15,closed,False,True,False
-1.17,17,31.820068,17,open,False,True,False
-1.17,17,31.825316,17,open,False,True,False
-1.15,15,31.829954,15,open,False,True,False
-1.19,19,31.835812,19,open,False,True,False
-1.19,19,31.841717,19,closed,False,True,False
-1.15,15,31.846296,15,closed,False,True,False
-1.17,17,31.851507,17,closed,False,True,False
-1.19,19,31.857328,19,closed,False,True,False
-1.19,19,31.863219,19,closed,False,True,False
-1.17,17,31.868369,17,open,False,True,False
-1.17,17,31.873593,17,closed,False,True,False
-1.17,17,31.879048,17,closed,False,True,False
-1.19,19,31.884869,19,closed,False,True,False
-1.17,17,31.890191,17,closed,False,True,False
-1.19,19,31.895957,19,closed,False,True,False
-1.17,17,31.901264,17,open,False,True,False
-1.15,15,31.906009,15,closed,False,True,False
-1.15,15,31.910694,15,open,False,True,False
-1.15,15,31.915426,15,open,False,True,False
-1.15,15,31.920156,15,closed,False,True,False
-1.15,15,31.924888,15,open,False,True,False
-1.19,19,31.930748,19,open,False,True,False
-1.19,19,31.936629,19,open,False,True,False
-1.15,15,31.941321,15,open,False,True,False
-1.15,15,31.946038,15,closed,False,True,False
-1.17,17,31.951331,17,open,False,True,False
-1.17,17,31.956641,17,closed,False,True,False
-1.19,19,31.962495,19,open,False,True,False
-1.17,17,31.967752,17,open,False,True,False
-1.19,19,31.973655,19,closed,False,True,False
-1.19,19,31.979439,19,open,False,True,False
-1.17,17,31.984751,17,closed,False,True,False
-1.19,19,31.990543,19,closed,False,True,False
-1.17,17,31.99581,17,closed,False,True,False
-1.19,19,32.001566,19,open,False,True,False
-1.19,19,32.007383,19,closed,False,True,False
-1.15,15,32.012139,15,closed,False,True,False
-1.15,15,32.016698,15,closed,False,True,False
-1.15,15,32.021404,15,open,False,True,False
-1.15,15,32.026017,15,open,False,True,False
-1.17,17,32.03123,17,closed,False,True,False
-1.15,15,32.035946,15,open,False,True,False
-1.19,19,32.041703,19,open,False,True,False
-1.17,17,32.046901,17,open,False,True,False
-1.17,17,32.052206,17,closed,False,True,False
-1.19,19,32.243407,19,open,False,True,False
-1.19,19,32.25418,19,closed,False,True,False
-1.15,15,32.260311,15,closed,False,True,False
-1.15,15,32.265621,15,closed,False,True,False
-1.17,17,32.271639,17,closed,False,True,False
-1.19,19,32.278212,19,closed,False,True,False
-1.19,19,32.284148,19,open,False,True,False
-1.15,15,32.288969,15,closed,False,True,False
-1.19,19,32.294792,19,closed,False,True,False
-1.19,19,32.300695,19,open,False,True,False
-1.17,17,32.305892,17,open,False,True,False
-1.19,19,32.311666,19,open,False,True,False
-1.17,17,32.316876,17,closed,False,True,False
-1.15,15,32.321518,15,open,False,True,False
-1.19,19,32.327423,19,closed,False,True,False
-1.15,15,32.332065,15,closed,False,True,False
-1.15,15,32.3368,15,closed,False,True,False
-1.19,19,32.342736,19,closed,False,True,False
-1.15,15,32.347454,15,closed,False,True,False
-1.15,15,32.352087,15,closed,False,True,False
-1.17,17,32.357318,17,closed,False,True,False
-1.17,17,32.362555,17,closed,False,True,False
-1.19,19,32.368499,19,closed,False,True,False
-1.15,15,32.373212,15,closed,False,True,False
-1.19,19,32.378973,19,closed,False,True,False
-1.19,19,32.384882,19,closed,False,True,False
-1.17,17,32.390142,17,closed,False,True,False
-1.15,15,32.394854,15,closed,False,True,False
-1.17,17,32.400029,17,closed,False,True,False
-1.15,15,32.404725,15,open,False,True,False
-1.17,17,32.409961,17,open,False,True,False
-1.19,19,32.415856,19,open,False,True,False
-1.15,15,32.420453,15,open,False,True,False
-1.19,19,32.426209,19,open,False,True,False
-1.17,17,32.431383,17,closed,False,True,False
-1.19,19,32.437201,19,open,False,True,False
-1.17,17,32.442422,17,open,False,True,False
-1.15,15,32.447064,15,closed,False,True,False
-1.19,19,32.452863,19,closed,False,True,False
-1.19,19,32.458783,19,open,False,True,False
-1.17,17,32.463971,17,closed,False,True,False
-1.19,19,32.469741,19,open,False,True,False
-1.19,19,32.475538,19,closed,False,True,False
-1.17,17,32.480701,17,closed,False,True,False
-1.17,17,32.485919,17,closed,False,True,False
-1.17,17,32.491106,17,open,False,True,False
-1.17,17,32.496405,17,closed,False,True,False
-1.15,15,32.501132,15,closed,False,True,False
-1.15,15,32.505763,15,closed,False,True,False
-1.17,17,32.511053,17,closed,False,True,False
-1.15,15,32.515779,15,open,False,True,False
-1.17,17,32.521067,17,closed,False,True,False
-1.19,19,32.526816,19,open,False,True,False
-1.15,15,32.531537,15,closed,False,True,False
-1.19,19,32.537414,19,open,False,True,False
-1.19,19,32.543337,19,open,False,True,False
-1.15,15,32.547948,15,open,False,True,False
-1.15,15,32.552618,15,open,False,True,False
-1.15,15,32.55731,15,open,False,True,False
-1.17,17,32.562534,17,open,False,True,False
-1.17,17,32.567787,17,closed,False,True,False
-1.19,19,32.573629,19,open,False,True,False
-1.15,15,32.57834,15,open,False,True,False
-1.19,19,32.584172,19,open,False,True,False
-1.17,17,32.589349,17,open,False,True,False
-1.19,19,32.595147,19,closed,False,True,False
-1.19,19,32.600913,19,closed,False,True,False
-1.17,17,32.606078,17,closed,False,True,False
-1.17,17,32.611365,17,closed,False,True,False
-1.17,17,32.61657,17,open,False,True,False
-1.15,15,32.621331,15,closed,False,True,False
-1.19,19,32.627165,19,open,False,True,False
-1.17,17,32.632424,17,open,False,True,False
-1.15,15,32.63704,15,open,False,True,False
-1.15,15,32.641649,15,open,False,True,False
-1.15,15,32.646375,15,closed,False,True,False
-1.15,15,32.651019,15,closed,False,True,False
-1.19,19,32.65687,19,closed,False,True,False
-1.17,17,32.66203,17,open,False,True,False
-1.17,17,32.667379,17,closed,False,True,False
-1.17,17,32.67262,17,closed,False,True,False
-1.19,19,32.678328,19,open,False,True,False
-1.17,17,32.683719,17,open,False,True,False
-1.19,19,32.689505,19,open,False,True,False
-1.17,17,32.694757,17,closed,False,True,False
-1.15,15,32.699369,15,closed,False,True,False
-1.19,19,32.705231,19,closed,False,True,False
-1.19,19,32.711075,19,closed,False,True,False
-1.15,15,32.715694,15,closed,False,True,False
-1.17,17,32.720888,17,closed,False,True,False
-1.17,17,32.72617,17,open,False,True,False
-1.15,15,32.73087,15,open,False,True,False
-1.17,17,32.736017,17,closed,False,True,False
-1.19,19,32.741897,19,closed,False,True,False
-1.19,19,32.747733,19,open,False,True,False
-1.19,19,32.753474,19,open,False,True,False
-1.19,19,32.759312,19,closed,False,True,False
-1.19,19,32.765194,19,closed,False,True,False
-1.19,19,32.770955,19,closed,False,True,False
-1.19,19,32.776695,19,open,False,True,False
-1.15,15,32.781393,15,open,False,True,False
-1.17,17,32.786579,17,open,False,True,False
-1.15,15,32.791212,15,open,False,True,False
-1.17,17,32.796496,17,open,False,True,False
-1.15,15,32.801187,15,closed,False,True,False
-1.15,15,32.805747,15,closed,False,True,False
-1.17,17,32.810925,17,open,False,True,False
-1.17,17,32.816233,17,closed,False,True,False
-1.19,19,32.822137,19,closed,False,True,False
-1.15,15,32.826828,15,open,False,True,False
-1.15,15,32.831447,15,closed,False,True,False
-1.15,15,32.836135,15,open,False,True,False
-1.17,17,32.841408,17,closed,False,True,False
-1.15,15,32.846149,15,open,False,True,False
-1.15,15,32.850762,15,open,False,True,False
-1.19,19,32.856631,19,open,False,True,False
-1.17,17,32.86182,17,closed,False,True,False
-1.15,15,32.866517,15,open,False,True,False
-1.17,17,32.871796,17,open,False,True,False
-1.15,15,32.876496,15,open,False,True,False
-1.15,15,32.8812,15,closed,False,True,False
-1.19,19,33.064938,19,open,False,True,False
-1.19,19,33.077312,19,closed,False,True,False
-1.19,19,33.085053,19,open,False,True,False
-1.17,17,33.090418,17,open,False,True,False
-1.15,15,33.095245,15,closed,False,True,False
-1.15,15,33.099867,15,open,False,True,False
-1.17,17,33.105184,17,open,False,True,False
-1.15,15,33.109922,15,open,False,True,False
-1.15,15,33.114527,15,closed,False,True,False
-1.17,17,33.119713,17,open,False,True,False
-1.15,15,33.124329,15,open,False,True,False
-1.15,15,33.129053,15,open,False,True,False
-1.15,15,33.13366,15,open,False,True,False
-1.19,19,33.139494,19,closed,False,True,False
-1.17,17,33.144792,17,open,False,True,False
-1.15,15,33.14947,15,open,False,True,False
-1.15,15,33.154093,15,open,False,True,False
-1.19,19,33.160016,19,closed,False,True,False
-1.15,15,33.164598,15,open,False,True,False
-1.17,17,33.169817,17,closed,False,True,False
-1.15,15,33.174549,15,open,False,True,False
-1.17,17,33.179812,17,open,False,True,False
-1.19,19,33.185699,19,closed,False,True,False
-1.17,17,33.190992,17,closed,False,True,False
-1.17,17,33.196247,17,closed,False,True,False
-1.15,15,33.20098,15,closed,False,True,False
-1.15,15,33.20562,15,closed,False,True,False
-1.17,17,33.210906,17,closed,False,True,False
-1.19,19,33.216795,19,open,False,True,False
-1.19,19,33.222545,19,closed,False,True,False
-1.17,17,33.227744,17,closed,False,True,False
-1.19,19,33.233496,19,closed,False,True,False
-1.17,17,33.238843,17,closed,False,True,False
-1.19,19,33.24465,19,open,False,True,False
-1.17,17,33.24992,17,closed,False,True,False
-1.15,15,33.254605,15,open,False,True,False
-1.17,17,33.259788,17,open,False,True,False
-1.19,19,33.265712,19,open,False,True,False
-1.17,17,33.271251,17,open,False,True,False
-1.19,19,33.27704,19,open,False,True,False
-1.17,17,33.282166,17,open,False,True,False
-1.15,15,33.286667,15,open,False,True,False
-1.15,15,33.291243,15,closed,False,True,False
-1.15,15,33.295871,15,closed,False,True,False
-1.17,17,33.30105,17,closed,False,True,False
-1.15,15,33.305672,15,closed,False,True,False
-1.17,17,33.310794,17,open,False,True,False
-1.19,19,33.316565,19,closed,False,True,False
-1.15,15,33.321091,15,closed,False,True,False
-1.17,17,33.326191,17,closed,False,True,False
-1.15,15,33.33085,15,closed,False,True,False
-1.17,17,33.336041,17,open,False,True,False
-1.15,15,33.340684,15,open,False,True,False
-1.19,19,33.346348,19,closed,False,True,False
-1.19,19,33.352116,19,open,False,True,False
-1.19,19,33.357871,19,open,False,True,False
-1.15,15,33.362405,15,open,False,True,False
-1.17,17,33.367665,17,closed,False,True,False
-1.15,15,33.372228,15,closed,False,True,False
-1.19,19,33.378004,19,open,False,True,False
-1.17,17,33.383062,17,closed,False,True,False
-1.19,19,33.388796,19,closed,False,True,False
-1.15,15,33.393383,15,closed,False,True,False
-1.19,19,33.399303,19,closed,False,True,False
-1.19,19,33.405079,19,open,False,True,False
-1.19,19,33.410746,19,closed,False,True,False
-1.17,17,33.415993,17,open,False,True,False
-1.19,19,33.421633,19,open,False,True,False
-1.19,19,33.427384,19,closed,False,True,False
-1.15,15,33.431909,15,open,False,True,False
-1.19,19,33.437831,19,open,False,True,False
-1.17,17,33.443141,17,open,False,True,False
-1.17,17,33.448281,17,closed,False,True,False
-1.15,15,33.453094,15,closed,False,True,False
-1.19,19,33.4589,19,closed,False,True,False
-1.17,17,33.464031,17,closed,False,True,False
-1.17,17,33.469435,17,open,False,True,False
-1.17,17,33.474591,17,open,False,True,False
-1.15,15,33.479271,15,closed,False,True,False
-1.15,15,33.483904,15,closed,False,True,False
-1.17,17,33.489062,17,closed,False,True,False
-1.15,15,33.49357,15,closed,False,True,False
-1.15,15,33.498162,15,open,False,True,False
-1.17,17,33.503549,17,open,False,True,False
-1.19,19,33.509535,19,closed,False,True,False
-1.19,19,33.515251,19,open,False,True,False
-1.17,17,33.520496,17,open,False,True,False
-1.19,19,33.526426,19,closed,False,True,False
-1.15,15,33.531106,15,closed,False,True,False
-1.15,15,33.535618,15,closed,False,True,False
-1.17,17,33.540803,17,open,False,True,False
-1.19,19,33.546637,19,closed,False,True,False
-1.19,19,33.552395,19,open,False,True,False
-1.19,19,33.558126,19,open,False,True,False
-1.15,15,33.562666,15,open,False,True,False
-1.19,19,33.568409,19,closed,False,True,False
-1.15,15,33.573028,15,open,False,True,False
-1.17,17,33.578228,17,open,False,True,False
-1.19,19,33.584066,19,open,False,True,False
-1.15,15,33.588618,15,closed,False,True,False
-1.19,19,33.594263,19,closed,False,True,False
-1.17,17,33.599501,17,open,False,True,False
-1.17,17,33.604726,17,open,False,True,False
-1.19,19,33.610466,19,open,False,True,False
-1.17,17,33.615663,17,open,False,True,False
-1.17,17,33.620893,17,closed,False,True,False
-1.17,17,33.626249,17,open,False,True,False
-1.15,15,33.63086,15,closed,False,True,False
-1.17,17,33.636022,17,closed,False,True,False
-1.15,15,33.640661,15,open,False,True,False
-1.19,19,33.64645,19,closed,False,True,False
-1.17,17,33.651661,17,closed,False,True,False
-1.17,17,33.656795,17,closed,False,True,False
-1.15,15,33.661455,15,closed,False,True,False
-1.17,17,33.666924,17,open,False,True,False
-1.17,17,33.67206,17,closed,False,True,False
-1.17,17,33.677143,17,closed,False,True,False
-1.19,19,33.682817,19,open,False,True,False
-1.15,15,33.687524,15,closed,False,True,False
-1.19,19,33.693207,19,closed,False,True,False
-1.19,19,33.870536,19,closed,False,True,False
-1.15,15,33.875253,15,closed,False,True,False
-1.19,19,33.881143,19,open,False,True,False
-1.17,17,33.886447,17,closed,False,True,False
-1.19,19,33.892351,19,closed,False,True,False
-1.19,19,33.898225,19,closed,False,True,False
-1.17,17,33.90345,17,open,False,True,False
-1.19,19,33.909418,19,closed,False,True,False
-1.15,15,33.914061,15,open,False,True,False
-1.17,17,33.919385,17,closed,False,True,False
-1.17,17,33.924742,17,closed,False,True,False
-1.15,15,33.929332,15,closed,False,True,False
-1.15,15,33.934066,15,closed,False,True,False
-1.15,15,33.938707,15,open,False,True,False
-1.19,19,33.944499,19,closed,False,True,False
-1.15,15,33.949193,15,closed,False,True,False
-1.15,15,33.953824,15,open,False,True,False
-1.19,19,33.959756,19,open,False,True,False
-1.19,19,33.965629,19,open,False,True,False
-1.19,19,33.971416,19,open,False,True,False
-1.19,19,33.977286,19,closed,False,True,False
-1.17,17,33.982618,17,open,False,True,False
-1.19,19,33.988417,19,open,False,True,False
-1.19,19,33.994303,19,closed,False,True,False
-1.17,17,33.999555,17,closed,False,True,False
-1.19,19,34.00535,19,open,False,True,False
-1.17,17,34.010689,17,closed,False,True,False
-1.19,19,34.016501,19,closed,False,True,False
-1.17,17,34.021829,17,closed,False,True,False
-1.17,17,34.026989,17,closed,False,True,False
-1.15,15,34.031731,15,closed,False,True,False
-1.17,17,34.036913,17,open,False,True,False
-1.19,19,34.042712,19,open,False,True,False
-1.19,19,34.04847,19,open,False,True,False
-1.17,17,34.053733,17,open,False,True,False
-1.15,15,34.058527,15,closed,False,True,False
-1.15,15,34.063243,15,open,False,True,False
-1.15,15,34.067945,15,open,False,True,False
-1.17,17,34.073239,17,open,False,True,False
-1.15,15,34.077974,15,open,False,True,False
-1.17,17,34.083296,17,closed,False,True,False
-1.15,15,34.087984,15,open,False,True,False
-1.17,17,34.093106,17,closed,False,True,False
-1.19,19,34.099087,19,open,False,True,False
-1.17,17,34.104297,17,open,False,True,False
-1.15,15,34.108907,15,closed,False,True,False
-1.19,19,34.114532,19,closed,False,True,False
-1.15,15,34.119096,15,closed,False,True,False
-1.19,19,34.124838,19,closed,False,True,False
-1.15,15,34.129422,15,closed,False,True,False
-1.15,15,34.134001,15,closed,False,True,False
-1.17,17,34.139252,17,closed,False,True,False
-1.17,17,34.144414,17,closed,False,True,False
-1.17,17,34.149573,17,closed,False,True,False
-1.17,17,34.154791,17,closed,False,True,False
-1.17,17,34.160016,17,open,False,True,False
-1.17,17,34.165111,17,closed,False,True,False
-1.19,19,34.170825,19,open,False,True,False
-1.15,15,34.175409,15,closed,False,True,False
-1.17,17,34.180486,17,open,False,True,False
-1.15,15,34.185101,15,open,False,True,False
-1.15,15,34.189662,15,open,False,True,False
-1.17,17,34.194739,17,closed,False,True,False
-1.19,19,34.200445,19,open,False,True,False
-1.17,17,34.20567,17,open,False,True,False
-1.19,19,34.211407,19,open,False,True,False
-1.17,17,34.216585,17,open,False,True,False
-1.19,19,34.222301,19,closed,False,True,False
-1.15,15,34.226932,15,open,False,True,False
-1.17,17,34.232076,17,closed,False,True,False
-1.15,15,34.236652,15,open,False,True,False
-1.15,15,34.241198,15,closed,False,True,False
-1.15,15,34.245823,15,open,False,True,False
-1.15,15,34.250437,15,open,False,True,False
-1.19,19,34.256172,19,closed,False,True,False
-1.19,19,34.261993,19,closed,False,True,False
-1.19,19,34.267675,19,closed,False,True,False
-1.15,15,34.272197,15,open,False,True,False
-1.17,17,34.277345,17,open,False,True,False
-1.19,19,34.283163,19,closed,False,True,False
-1.15,15,34.287774,15,closed,False,True,False
-1.17,17,34.292865,17,closed,False,True,False
-1.17,17,34.297971,17,open,False,True,False
-1.17,17,34.303169,17,open,False,True,False
-1.19,19,34.309031,19,closed,False,True,False
-1.19,19,34.314792,19,closed,False,True,False
-1.19,19,34.320416,19,closed,False,True,False
-1.17,17,34.325967,17,open,False,True,False
-1.15,15,34.330629,15,closed,False,True,False
-1.19,19,34.336263,19,closed,False,True,False
-1.17,17,34.341613,17,open,False,True,False
-1.19,19,34.347256,19,open,False,True,False
-1.15,15,34.351897,15,open,False,True,False
-1.15,15,34.356507,15,closed,False,True,False
-1.17,17,34.361708,17,open,False,True,False
-1.19,19,34.367362,19,open,False,True,False
-1.17,17,34.372592,17,closed,False,True,False
-1.17,17,34.377874,17,closed,False,True,False
-1.19,19,34.383532,19,open,False,True,False
-1.19,19,34.389333,19,closed,False,True,False
-1.15,15,34.393952,15,open,False,True,False
-1.17,17,34.399083,17,closed,False,True,False
-1.17,17,34.404286,17,closed,False,True,False
-1.17,17,34.409514,17,open,False,True,False
-1.17,17,34.414613,17,open,False,True,False
-1.17,17,34.419866,17,closed,False,True,False
-1.15,15,34.424441,15,closed,False,True,False
-1.19,19,34.430162,19,open,False,True,False
-1.15,15,34.434744,15,open,False,True,False
-1.17,17,34.439904,17,closed,False,True,False
-1.17,17,34.445174,17,open,False,True,False
-1.19,19,34.450916,19,closed,False,True,False
-1.17,17,34.456094,17,closed,False,True,False
-1.17,17,34.461236,17,open,False,True,False
-1.17,17,34.466376,17,closed,False,True,False
-1.17,17,34.471418,17,closed,False,True,False
-1.15,15,34.476092,15,closed,False,True,False
-1.15,15,34.480589,15,open,False,True,False
-1.19,19,34.486364,19,closed,False,True,False
-1.15,15,34.490983,15,closed,False,True,False
-1.17,17,34.673593,17,closed,False,True,False
-1.17,17,34.679503,17,open,False,True,False
-1.17,17,34.684941,17,closed,False,True,False
-1.17,17,34.6902,17,open,False,True,False
-1.17,17,34.695863,17,closed,False,True,False
-1.17,17,34.701504,17,open,False,True,False
-1.19,19,34.707609,19,closed,False,True,False
-1.17,17,34.713002,17,closed,False,True,False
-1.19,19,34.718948,19,open,False,True,False
-1.19,19,34.724761,19,closed,False,True,False
-1.17,17,34.729862,17,closed,False,True,False
-1.15,15,34.734481,15,open,False,True,False
-1.15,15,34.739161,15,open,False,True,False
-1.15,15,34.74391,15,closed,False,True,False
-1.17,17,34.749201,17,closed,False,True,False
-1.17,17,34.754378,17,open,False,True,False
-1.15,15,34.758938,15,open,False,True,False
-1.17,17,34.764136,17,open,False,True,False
-1.15,15,34.768884,15,closed,False,True,False
-1.15,15,34.773598,15,open,False,True,False
-1.15,15,34.778275,15,open,False,True,False
-1.19,19,34.784159,19,closed,False,True,False
-1.17,17,34.789412,17,open,False,True,False
-1.15,15,34.794053,15,closed,False,True,False
-1.15,15,34.798831,15,closed,False,True,False
-1.17,17,34.804097,17,closed,False,True,False
-1.15,15,34.808802,15,closed,False,True,False
-1.19,19,34.814637,19,open,False,True,False
-1.19,19,34.82057,19,open,False,True,False
-1.15,15,34.825233,15,open,False,True,False
-1.19,19,34.831072,19,open,False,True,False
-1.19,19,34.836906,19,closed,False,True,False
-1.15,15,34.841621,15,closed,False,True,False
-1.19,19,34.847407,19,closed,False,True,False
-1.15,15,34.852054,15,closed,False,True,False
-1.17,17,34.857382,17,closed,False,True,False
-1.15,15,34.862122,15,closed,False,True,False
-1.17,17,34.867316,17,open,False,True,False
-1.19,19,34.873164,19,open,False,True,False
-1.17,17,34.878523,17,closed,False,True,False
-1.15,15,34.883257,15,closed,False,True,False
-1.15,15,34.887915,15,open,False,True,False
-1.17,17,34.893267,17,open,False,True,False
-1.17,17,34.898519,17,open,False,True,False
-1.17,17,34.903628,17,closed,False,True,False
-1.19,19,34.909473,19,closed,False,True,False
-1.17,17,34.914705,17,open,False,True,False
-1.19,19,34.920544,19,closed,False,True,False
-1.15,15,34.925151,15,closed,False,True,False
-1.19,19,34.930887,19,open,False,True,False
-1.17,17,34.936143,17,open,False,True,False
-1.19,19,34.942073,19,closed,False,True,False
-1.19,19,34.947873,19,open,False,True,False
-1.17,17,34.953178,17,closed,False,True,False
-1.15,15,34.957831,15,open,False,True,False
-1.17,17,34.963056,17,open,False,True,False
-1.15,15,34.96759,15,closed,False,True,False
-1.19,19,34.97327,19,open,False,True,False
-1.19,19,34.979126,19,open,False,True,False
-1.19,19,34.984883,19,open,False,True,False
-1.17,17,34.990175,17,closed,False,True,False
-1.19,19,34.996102,19,closed,False,True,False
-1.19,19,35.001979,19,open,False,True,False
-1.17,17,35.007116,17,open,False,True,False
-1.15,15,35.01179,15,closed,False,True,False
-1.17,17,35.017106,17,closed,False,True,False
-1.19,19,35.022995,19,open,False,True,False
-1.19,19,35.028658,19,open,False,True,False
-1.19,19,35.034483,19,open,False,True,False
-1.17,17,35.039842,17,open,False,True,False
-1.19,19,35.045697,19,closed,False,True,False
-1.17,17,35.05094,17,open,False,True,False
-1.15,15,35.055537,15,open,False,True,False
-1.19,19,35.0613,19,closed,False,True,False
-1.17,17,35.066508,17,open,False,True,False
-1.19,19,35.072405,19,closed,False,True,False
-1.17,17,35.077678,17,closed,False,True,False
-1.19,19,35.08345,19,closed,False,True,False
-1.17,17,35.088735,17,closed,False,True,False
-1.15,15,35.093461,15,open,False,True,False
-1.17,17,35.098613,17,closed,False,True,False
-1.15,15,35.103297,15,closed,False,True,False
-1.19,19,35.109022,19,open,False,True,False
-1.17,17,35.11425,17,open,False,True,False
-1.17,17,35.119492,17,closed,False,True,False
-1.19,19,35.125377,19,open,False,True,False
-1.19,19,35.131179,19,closed,False,True,False
-1.19,19,35.136935,19,closed,False,True,False
-1.17,17,35.142266,17,closed,False,True,False
-1.17,17,35.147543,17,open,False,True,False
-1.19,19,35.153339,19,closed,False,True,False
-1.17,17,35.15851,17,closed,False,True,False
-1.19,19,35.164427,19,closed,False,True,False
-1.19,19,35.170281,19,open,False,True,False
-1.17,17,35.175513,17,open,False,True,False
-1.19,19,35.181352,19,open,False,True,False
-1.19,19,35.187138,19,closed,False,True,False
-1.17,17,35.192319,17,open,False,True,False
-1.19,19,35.198215,19,closed,False,True,False
-1.15,15,35.202976,15,closed,False,True,False
-1.15,15,35.207629,15,open,False,True,False
-1.15,15,35.212298,15,closed,False,True,False
-1.19,19,35.217989,19,open,False,True,False
-1.17,17,35.2232,17,closed,False,True,False
-1.19,19,35.228805,19,closed,False,True,False
-1.15,15,35.233492,15,closed,False,True,False
-1.19,19,35.239346,19,closed,False,True,False
-1.15,15,35.244116,15,closed,False,True,False
-1.19,19,35.249889,19,closed,False,True,False
-1.19,19,35.255985,19,closed,False,True,False
-1.17,17,35.261246,17,open,False,True,False
-1.19,19,35.267036,19,closed,False,True,False
-1.19,19,35.272902,19,closed,False,True,False
-1.15,15,35.277641,15,closed,False,True,False
-1.17,17,35.282899,17,open,False,True,False
-1.19,19,35.288756,19,closed,False,True,False
-1.19,19,35.294466,19,closed,False,True,False
-1.15,15,35.299151,15,closed,False,True,False
-1.15,15,35.303735,15,open,False,True,False
-1.15,15,35.483707,15,open,False,True,False
-1.19,19,35.489723,19,closed,False,True,False
-1.17,17,35.495066,17,closed,False,True,False
-1.19,19,35.500962,19,closed,False,True,False
-1.15,15,35.505747,15,open,False,True,False
-1.17,17,35.511117,17,open,False,True,False
-1.19,19,35.517125,19,open,False,True,False
-1.19,19,35.523181,19,closed,False,True,False
-1.15,15,35.527808,15,open,False,True,False
-1.17,17,35.533174,17,open,False,True,False
-1.19,19,35.539103,19,open,False,True,False
-1.17,17,35.54456,17,open,False,True,False
-1.15,15,35.549322,15,open,False,True,False
-1.17,17,35.554644,17,open,False,True,False
-1.19,19,35.560518,19,closed,False,True,False
-1.19,19,35.566459,19,open,False,True,False
-1.17,17,35.571841,17,closed,False,True,False
-1.17,17,35.577103,17,closed,False,True,False
-1.19,19,35.583024,19,open,False,True,False
-1.17,17,35.588269,17,closed,False,True,False
-1.17,17,35.593646,17,open,False,True,False
-1.15,15,35.598385,15,open,False,True,False
-1.19,19,35.604327,19,closed,False,True,False
-1.19,19,35.610046,19,closed,False,True,False
-1.17,17,35.615248,17,closed,False,True,False
-1.15,15,35.62012,15,closed,False,True,False
-1.15,15,35.624887,15,open,False,True,False
-1.17,17,35.630237,17,open,False,True,False
-1.19,19,35.63621,19,closed,False,True,False
-1.17,17,35.641532,17,closed,False,True,False
-1.17,17,35.6469,17,closed,False,True,False
-1.15,15,35.651672,15,closed,False,True,False
-1.17,17,35.656944,17,closed,False,True,False
-1.15,15,35.661694,15,open,False,True,False
-1.15,15,35.666389,15,closed,False,True,False
-1.17,17,35.671601,17,open,False,True,False
-1.19,19,35.67741,19,closed,False,True,False
-1.17,17,35.682758,17,closed,False,True,False
-1.15,15,35.687482,15,open,False,True,False
-1.19,19,35.693296,19,open,False,True,False
-1.17,17,35.698576,17,open,False,True,False
-1.17,17,35.703923,17,closed,False,True,False
-1.17,17,35.709203,17,closed,False,True,False
-1.19,19,35.715024,19,open,False,True,False
-1.17,17,35.720299,17,closed,False,True,False
-1.17,17,35.725617,17,closed,False,True,False
-1.17,17,35.730888,17,open,False,True,False
-1.19,19,35.736818,19,open,False,True,False
-1.19,19,35.742657,19,open,False,True,False
-1.19,19,35.74851,19,closed,False,True,False
-1.15,15,35.753129,15,open,False,True,False
-1.17,17,35.75846,17,open,False,True,False
-1.15,15,35.763175,15,closed,False,True,False
-1.19,19,35.768885,19,open,False,True,False
-1.19,19,35.774777,19,open,False,True,False
-1.17,17,35.780011,17,open,False,True,False
-1.19,19,35.785872,19,open,False,True,False
-1.15,15,35.790636,15,open,False,True,False
-1.19,19,35.796415,19,closed,False,True,False
-1.19,19,35.802342,19,open,False,True,False
-1.19,19,35.808049,19,open,False,True,False
-1.19,19,35.813889,19,closed,False,True,False
-1.17,17,35.819225,17,open,False,True,False
-1.15,15,35.824082,15,open,False,True,False
-1.19,19,35.829973,19,open,False,True,False
-1.15,15,35.83467,15,open,False,True,False
-1.17,17,35.839892,17,closed,False,True,False
-1.15,15,35.844552,15,open,False,True,False
-1.15,15,35.849221,15,closed,False,True,False
-1.17,17,35.854539,17,closed,False,True,False
-1.19,19,35.860435,19,open,False,True,False
-1.15,15,35.865109,15,open,False,True,False
-1.15,15,35.869776,15,open,False,True,False
-1.19,19,35.875565,19,open,False,True,False
-1.15,15,35.880173,15,closed,False,True,False
-1.15,15,35.884803,15,open,False,True,False
-1.19,19,35.890715,19,open,False,True,False
-1.15,15,35.895412,15,closed,False,True,False
-1.17,17,35.900609,17,open,False,True,False
-1.17,17,35.905809,17,open,False,True,False
-1.15,15,35.910402,15,open,False,True,False
-1.19,19,35.916144,19,open,False,True,False
-1.15,15,35.920873,15,closed,False,True,False
-1.17,17,35.926039,17,open,False,True,False
-1.19,19,35.932085,19,closed,False,True,False
-1.19,19,35.93796,19,open,False,True,False
-1.15,15,35.942568,15,closed,False,True,False
-1.15,15,35.947393,15,open,False,True,False
-1.19,19,35.953163,19,closed,False,True,False
-1.17,17,35.958604,17,closed,False,True,False
-1.15,15,35.963333,15,closed,False,True,False
-1.19,19,35.969219,19,open,False,True,False
-1.17,17,35.974527,17,closed,False,True,False
-1.17,17,35.979853,17,open,False,True,False
-1.17,17,35.985199,17,open,False,True,False
-1.15,15,35.989939,15,closed,False,True,False
-1.15,15,35.994558,15,open,False,True,False
-1.17,17,35.999797,17,open,False,True,False
-1.15,15,36.004503,15,open,False,True,False
-1.19,19,36.010235,19,closed,False,True,False
-1.19,19,36.016026,19,open,False,True,False
-1.19,19,36.021983,19,open,False,True,False
-1.15,15,36.026622,15,open,False,True,False
-1.17,17,36.0319,17,open,False,True,False
-1.19,19,36.037873,19,closed,False,True,False
-1.17,17,36.043195,17,open,False,True,False
-1.17,17,36.048534,17,closed,False,True,False
-1.19,19,36.054275,19,closed,False,True,False
-1.19,19,36.060193,19,closed,False,True,False
-1.15,15,36.064862,15,closed,False,True,False
-1.15,15,36.069585,15,open,False,True,False
-1.19,19,36.075478,19,closed,False,True,False
-1.19,19,36.081271,19,closed,False,True,False
-1.15,15,36.085932,15,open,False,True,False
-1.17,17,36.091249,17,open,False,True,False
-1.17,17,36.096534,17,closed,False,True,False
-1.17,17,36.101765,17,open,False,True,False
-1.19,19,36.107769,19,closed,False,True,False
-1.19,19,36.113466,19,closed,False,True,False
-1.15,15,36.118081,15,closed,False,True,False
-1.19,19,36.275192,19,closed,False,True,False
-1.17,17,36.280836,17,open,False,True,False
-1.19,19,36.286606,19,open,False,True,False
-1.15,15,36.291152,15,open,False,True,False
-1.15,15,36.295888,15,closed,False,True,False
-1.15,15,36.300534,15,open,False,True,False
-1.15,15,36.305252,15,closed,False,True,False
-1.17,17,36.31031,17,closed,False,True,False
-1.17,17,36.315331,17,open,False,True,False
-1.17,17,36.320542,17,open,False,True,False
-1.15,15,36.325158,15,closed,False,True,False
-1.19,19,36.330865,19,closed,False,True,False
-1.17,17,36.336086,17,open,False,True,False
-1.19,19,36.341909,19,closed,False,True,False
-1.15,15,36.346644,15,open,False,True,False
-1.17,17,36.351818,17,open,False,True,False
-1.15,15,36.356431,15,closed,False,True,False
-1.19,19,36.362191,19,closed,False,True,False
-1.19,19,36.367948,19,closed,False,True,False
-1.15,15,36.372636,15,closed,False,True,False
-1.19,19,36.378405,19,open,False,True,False
-1.17,17,36.383582,17,open,False,True,False
-1.19,19,36.38929,19,closed,False,True,False
-1.19,19,36.394982,19,open,False,True,False
-1.19,19,36.400699,19,closed,False,True,False
-1.19,19,36.406807,19,open,False,True,False
-1.19,19,36.412628,19,closed,False,True,False
-1.15,15,36.417296,15,closed,False,True,False
-1.15,15,36.421938,15,open,False,True,False
-1.19,19,36.427709,19,closed,False,True,False
-1.17,17,36.432929,17,closed,False,True,False
-1.15,15,36.437601,15,open,False,True,False
-1.19,19,36.4434,19,closed,False,True,False
-1.19,19,36.449337,19,closed,False,True,False
-1.15,15,36.454018,15,open,False,True,False
-1.17,17,36.459194,17,open,False,True,False
-1.15,15,36.463808,15,closed,False,True,False
-1.17,17,36.4689,17,closed,False,True,False
-1.19,19,36.474632,19,open,False,True,False
-1.15,15,36.479288,15,closed,False,True,False
-1.19,19,36.485032,19,closed,False,True,False
-1.15,15,36.489747,15,closed,False,True,False
-1.19,19,36.495351,19,open,False,True,False
-1.19,19,36.501114,19,open,False,True,False
-1.17,17,36.50632,17,open,False,True,False
-1.19,19,36.512265,19,open,False,True,False
-1.19,19,36.518101,19,open,False,True,False
-1.15,15,36.522616,15,open,False,True,False
-1.19,19,36.52849,19,closed,False,True,False
-1.17,17,36.533728,17,open,False,True,False
-1.15,15,36.538316,15,open,False,True,False
-1.15,15,36.542904,15,closed,False,True,False
-1.19,19,36.548656,19,open,False,True,False
-1.15,15,36.553313,15,closed,False,True,False
-1.17,17,36.55854,17,closed,False,True,False
-1.19,19,36.564283,19,open,False,True,False
-1.19,19,36.56999,19,closed,False,True,False
-1.17,17,36.575222,17,closed,False,True,False
-1.19,19,36.580917,19,open,False,True,False
-1.17,17,36.586116,17,open,False,True,False
-1.15,15,36.590858,15,open,False,True,False
-1.19,19,36.596545,19,closed,False,True,False
-1.17,17,36.601703,17,closed,False,True,False
-1.15,15,36.606259,15,open,False,True,False
-1.17,17,36.611588,17,closed,False,True,False
-1.15,15,36.616197,15,closed,False,True,False
-1.17,17,36.621336,17,open,False,True,False
-1.15,15,36.62603,15,closed,False,True,False
-1.17,17,36.631171,17,closed,False,True,False
-1.17,17,36.636261,17,open,False,True,False
-1.15,15,36.640838,15,open,False,True,False
-1.15,15,36.645512,15,open,False,True,False
-1.15,15,36.650148,15,open,False,True,False
-1.15,15,36.654777,15,open,False,True,False
-1.17,17,36.660037,17,closed,False,True,False
-1.19,19,36.665769,19,closed,False,True,False
-1.19,19,36.671406,19,open,False,True,False
-1.17,17,36.676715,17,closed,False,True,False
-1.17,17,36.681856,17,closed,False,True,False
-1.15,15,36.68651,15,open,False,True,False
-1.15,15,36.69119,15,open,False,True,False
-1.19,19,36.696878,19,open,False,True,False
-1.17,17,36.701962,17,open,False,True,False
-1.15,15,36.706607,15,closed,False,True,False
-1.17,17,36.711834,17,open,False,True,False
-1.19,19,36.717581,19,open,False,True,False
-1.15,15,36.722103,15,closed,False,True,False
-1.17,17,36.727193,17,closed,False,True,False
-1.17,17,36.732427,17,open,False,True,False
-1.15,15,36.736943,15,open,False,True,False
-1.15,15,36.741478,15,open,False,True,False
-1.15,15,36.746147,15,closed,False,True,False
-1.15,15,36.750777,15,open,False,True,False
-1.15,15,36.755434,15,open,False,True,False
-1.17,17,36.760662,17,open,False,True,False
-1.15,15,36.765324,15,closed,False,True,False
-1.15,15,36.769936,15,closed,False,True,False
-1.15,15,36.77445,15,closed,False,True,False
-1.17,17,36.779632,17,closed,False,True,False
-1.19,19,36.785395,19,closed,False,True,False
-1.15,15,36.790009,15,closed,False,True,False
-1.19,19,36.795774,19,closed,False,True,False
-1.19,19,36.801452,19,open,False,True,False
-1.19,19,36.807256,19,open,False,True,False
-1.19,19,36.812878,19,open,False,True,False
-1.19,19,36.818616,19,closed,False,True,False
-1.15,15,36.823153,15,closed,False,True,False
-1.17,17,36.828414,17,open,False,True,False
-1.19,19,36.834196,19,open,False,True,False
-1.19,19,36.839972,19,closed,False,True,False
-1.19,19,36.845818,19,closed,False,True,False
-1.17,17,36.851051,17,open,False,True,False
-1.15,15,36.855726,15,closed,False,True,False
-1.15,15,36.8603,15,open,False,True,False
-1.15,15,36.865,15,open,False,True,False
-1.17,17,36.87025,17,open,False,True,False
-1.15,15,36.874878,15,open,False,True,False
-1.19,19,36.880554,19,closed,False,True,False
-1.19,19,36.88629,19,closed,False,True,False
-1.19,19,36.892019,19,closed,False,True,False
-1.17,17,37.05277,17,closed,False,True,False
-1.15,15,37.057666,15,closed,False,True,False
-1.19,19,37.063559,19,open,False,True,False
-1.19,19,37.069365,19,open,False,True,False
-1.15,15,37.074126,15,open,False,True,False
-1.15,15,37.078799,15,closed,False,True,False
-1.19,19,37.084638,19,open,False,True,False
-1.19,19,37.090414,19,open,False,True,False
-1.15,15,37.095091,15,open,False,True,False
-1.15,15,37.099596,15,closed,False,True,False
-1.19,19,37.105534,19,open,False,True,False
-1.15,15,37.11021,15,open,False,True,False
-1.19,19,37.115931,19,closed,False,True,False
-1.15,15,37.120651,15,open,False,True,False
-1.15,15,37.125292,15,open,False,True,False
-1.19,19,37.131016,19,open,False,True,False
-1.15,15,37.135644,15,closed,False,True,False
-1.15,15,37.140313,15,closed,False,True,False
-1.17,17,37.145524,17,open,False,True,False
-1.15,15,37.150156,15,closed,False,True,False
-1.17,17,37.15526,17,open,False,True,False
-1.17,17,37.16037,17,closed,False,True,False
-1.15,15,37.164966,15,closed,False,True,False
-1.15,15,37.169623,15,open,False,True,False
-1.17,17,37.175142,17,open,False,True,False
-1.15,15,37.179774,15,open,False,True,False
-1.15,15,37.184431,15,open,False,True,False
-1.17,17,37.189867,17,closed,False,True,False
-1.17,17,37.19514,17,closed,False,True,False
-1.15,15,37.199726,15,open,False,True,False
-1.19,19,37.205492,19,closed,False,True,False
-1.15,15,37.210145,15,open,False,True,False
-1.15,15,37.214684,15,closed,False,True,False
-1.17,17,37.219954,17,open,False,True,False
-1.19,19,37.225744,19,closed,False,True,False
-1.19,19,37.231444,19,open,False,True,False
-1.15,15,37.235972,15,closed,False,True,False
-1.17,17,37.241323,17,closed,False,True,False
-1.15,15,37.24602,15,closed,False,True,False
-1.15,15,37.250592,15,closed,False,True,False
-1.19,19,37.256511,19,open,False,True,False
-1.17,17,37.261681,17,open,False,True,False
-1.19,19,37.267313,19,open,False,True,False
-1.17,17,37.272558,17,closed,False,True,False
-1.15,15,37.277141,15,closed,False,True,False
-1.17,17,37.282285,17,open,False,True,False
-1.19,19,37.288231,19,open,False,True,False
-1.15,15,37.29286,15,closed,False,True,False
-1.19,19,37.29853,19,closed,False,True,False
-1.19,19,37.304337,19,closed,False,True,False
-1.19,19,37.310158,19,open,False,True,False
-1.17,17,37.315295,17,open,False,True,False
-1.17,17,37.320581,17,closed,False,True,False
-1.17,17,37.325844,17,open,False,True,False
-1.17,17,37.330967,17,open,False,True,False
-1.19,19,37.336672,19,closed,False,True,False
-1.19,19,37.342557,19,open,False,True,False
-1.17,17,37.347687,17,closed,False,True,False
-1.19,19,37.353304,19,open,False,True,False
-1.15,15,37.358042,15,open,False,True,False
-1.19,19,37.363788,19,open,False,True,False
-1.15,15,37.368276,15,closed,False,True,False
-1.17,17,37.373542,17,open,False,True,False
-1.15,15,37.378223,15,open,False,True,False
-1.15,15,37.382796,15,open,False,True,False
-1.17,17,37.388044,17,open,False,True,False
-1.15,15,37.392728,15,closed,False,True,False
-1.17,17,37.397873,17,open,False,True,False
-1.15,15,37.402456,15,open,False,True,False
-1.19,19,37.408257,19,closed,False,True,False
-1.15,15,37.412923,15,closed,False,True,False
-1.19,19,37.418565,19,closed,False,True,False
-1.17,17,37.423955,17,closed,False,True,False
-1.15,15,37.428754,15,open,False,True,False
-1.19,19,37.434534,19,open,False,True,False
-1.15,15,37.439151,15,closed,False,True,False
-1.15,15,37.443798,15,open,False,True,False
-1.17,17,37.448969,17,closed,False,True,False
-1.19,19,37.454868,19,open,False,True,False
-1.19,19,37.460697,19,closed,False,True,False
-1.15,15,37.465271,15,closed,False,True,False
-1.17,17,37.470579,17,open,False,True,False
-1.17,17,37.475824,17,open,False,True,False
-1.17,17,37.481073,17,closed,False,True,False
-1.19,19,37.48693,19,open,False,True,False
-1.17,17,37.492148,17,closed,False,True,False
-1.15,15,37.496763,15,open,False,True,False
-1.19,19,37.502391,19,closed,False,True,False
-1.19,19,37.508178,19,closed,False,True,False
-1.19,19,37.513951,19,open,False,True,False
-1.17,17,37.519113,17,open,False,True,False
-1.19,19,37.525026,19,open,False,True,False
-1.17,17,37.53023,17,closed,False,True,False
-1.17,17,37.535456,17,open,False,True,False
-1.17,17,37.540707,17,open,False,True,False
-1.19,19,37.546423,19,open,False,True,False
-1.19,19,37.552072,19,open,False,True,False
-1.19,19,37.557976,19,closed,False,True,False
-1.17,17,37.563184,17,open,False,True,False
-1.19,19,37.568954,19,open,False,True,False
-1.15,15,37.573625,15,closed,False,True,False
-1.15,15,37.578211,15,closed,False,True,False
-1.17,17,37.583287,17,open,False,True,False
-1.15,15,37.587847,15,closed,False,True,False
-1.17,17,37.592984,17,closed,False,True,False
-1.17,17,37.598201,17,closed,False,True,False
-1.15,15,37.60279,15,closed,False,True,False
-1.19,19,37.608445,19,open,False,True,False
-1.17,17,37.613675,17,closed,False,True,False
-1.17,17,37.618862,17,closed,False,True,False
-1.17,17,37.624082,17,closed,False,True,False
-1.15,15,37.628791,15,closed,False,True,False
-1.15,15,37.633317,15,open,False,True,False
-1.19,19,37.638985,19,closed,False,True,False
-1.15,15,37.643648,15,closed,False,True,False
-1.15,15,37.648296,15,open,False,True,False
-1.19,19,37.654028,19,closed,False,True,False
-1.19,19,37.65975,19,closed,False,True,False
-1.17,17,37.66496,17,closed,False,True,False
-1.19,19,37.67067,19,closed,False,True,False
-1.19,19,37.676417,19,closed,False,True,False
-1.15,15,37.832477,15,closed,False,True,False
-1.19,19,37.838484,19,closed,False,True,False
-1.15,15,37.843162,15,closed,False,True,False
-1.19,19,37.849064,19,closed,False,True,False
-1.17,17,37.854201,17,open,False,True,False
-1.15,15,37.858742,15,open,False,True,False
-1.15,15,37.863298,15,open,False,True,False
-1.15,15,37.867945,15,closed,False,True,False
-1.15,15,37.872575,15,closed,False,True,False
-1.17,17,37.877808,17,closed,False,True,False
-1.19,19,37.883649,19,open,False,True,False
-1.17,17,37.888901,17,open,False,True,False
-1.17,17,37.894109,17,closed,False,True,False
-1.17,17,37.899333,17,closed,False,True,False
-1.17,17,37.904604,17,open,False,True,False
-1.15,15,37.909268,15,open,False,True,False
-1.17,17,37.914489,17,closed,False,True,False
-1.15,15,37.919146,15,open,False,True,False
-1.15,15,37.923783,15,open,False,True,False
-1.15,15,37.928392,15,open,False,True,False
-1.17,17,37.933544,17,closed,False,True,False
-1.19,19,37.9393,19,open,False,True,False
-1.15,15,37.94388,15,open,False,True,False
-1.19,19,37.949593,19,closed,False,True,False
-1.15,15,37.954115,15,open,False,True,False
-1.15,15,37.958652,15,open,False,True,False
-1.17,17,37.963814,17,closed,False,True,False
-1.15,15,37.968312,15,open,False,True,False
-1.15,15,37.972994,15,closed,False,True,False
-1.19,19,37.978739,19,open,False,True,False
-1.17,17,37.983985,17,open,False,True,False
-1.17,17,37.989181,17,open,False,True,False
-1.17,17,37.994347,17,closed,False,True,False
-1.15,15,37.999009,15,open,False,True,False
-1.17,17,38.00409,17,closed,False,True,False
-1.17,17,38.009212,17,open,False,True,False
-1.17,17,38.014336,17,closed,False,True,False
-1.15,15,38.018854,15,open,False,True,False
-1.19,19,38.024638,19,closed,False,True,False
-1.17,17,38.029743,17,closed,False,True,False
-1.19,19,38.035439,19,closed,False,True,False
-1.19,19,38.041121,19,closed,False,True,False
-1.17,17,38.046332,17,open,False,True,False
-1.17,17,38.051576,17,open,False,True,False
-1.17,17,38.056835,17,open,False,True,False
-1.17,17,38.06208,17,closed,False,True,False
-1.15,15,38.06669,15,closed,False,True,False
-1.17,17,38.071838,17,open,False,True,False
-1.15,15,38.076479,15,open,False,True,False
-1.17,17,38.081677,17,closed,False,True,False
-1.17,17,38.086758,17,closed,False,True,False
-1.15,15,38.091307,15,open,False,True,False
-1.19,19,38.097068,19,closed,False,True,False
-1.19,19,38.102705,19,open,False,True,False
-1.17,17,38.107943,17,open,False,True,False
-1.19,19,38.113709,19,closed,False,True,False
-1.17,17,38.118878,17,open,False,True,False
-1.17,17,38.124127,17,open,False,True,False
-1.19,19,38.129884,19,open,False,True,False
-1.17,17,38.134984,17,open,False,True,False
-1.15,15,38.139613,15,closed,False,True,False
-1.19,19,38.14529,19,open,False,True,False
-1.19,19,38.151062,19,closed,False,True,False
-1.15,15,38.155607,15,open,False,True,False
-1.15,15,38.160289,15,closed,False,True,False
-1.19,19,38.166008,19,closed,False,True,False
-1.17,17,38.171239,17,open,False,True,False
-1.15,15,38.175867,15,open,False,True,False
-1.17,17,38.181071,17,closed,False,True,False
-1.17,17,38.18617,17,open,False,True,False
-1.17,17,38.191368,17,open,False,True,False
-1.19,19,38.197103,19,closed,False,True,False
-1.17,17,38.202163,17,open,False,True,False
-1.19,19,38.207942,19,open,False,True,False
-1.17,17,38.213063,17,open,False,True,False
-1.17,17,38.218187,17,closed,False,True,False
-1.17,17,38.223425,17,closed,False,True,False
-1.15,15,38.228058,15,open,False,True,False
-1.17,17,38.233222,17,closed,False,True,False
-1.17,17,38.238348,17,closed,False,True,False
-1.17,17,38.243612,17,open,False,True,False
-1.17,17,38.248861,17,open,False,True,False
-1.15,15,38.253536,15,open,False,True,False
-1.17,17,38.258719,17,closed,False,True,False
-1.17,17,38.263947,17,open,False,True,False
-1.15,15,38.268548,15,closed,False,True,False
-1.17,17,38.273758,17,open,False,True,False
-1.15,15,38.278411,15,closed,False,True,False
-1.19,19,38.284204,19,closed,False,True,False
-1.19,19,38.29,19,open,False,True,False
-1.19,19,38.295664,19,open,False,True,False
-1.19,19,38.3013,19,closed,False,True,False
-1.19,19,38.307023,19,open,False,True,False
-1.17,17,38.312224,17,open,False,True,False
-1.19,19,38.317987,19,open,False,True,False
-1.17,17,38.323139,17,closed,False,True,False
-1.17,17,38.328294,17,closed,False,True,False
-1.15,15,38.332878,15,closed,False,True,False
-1.17,17,38.338081,17,open,False,True,False
-1.17,17,38.343197,17,open,False,True,False
-1.15,15,38.347818,15,closed,False,True,False
-1.17,17,38.35285,17,open,False,True,False
-1.19,19,38.358547,19,closed,False,True,False
-1.19,19,38.364307,19,closed,False,True,False
-1.15,15,38.368892,15,open,False,True,False
-1.15,15,38.373486,15,closed,False,True,False
-1.17,17,38.378692,17,closed,False,True,False
-1.17,17,38.383842,17,closed,False,True,False
-1.19,19,38.389903,19,closed,False,True,False
-1.17,17,38.395157,17,open,False,True,False
-1.19,19,38.400879,19,closed,False,True,False
-1.15,15,38.405388,15,open,False,True,False
-1.15,15,38.409966,15,closed,False,True,False
-1.19,19,38.415733,19,open,False,True,False
-1.15,15,38.420211,15,open,False,True,False
-1.19,19,38.426,19,closed,False,True,False
-1.17,17,38.43112,17,open,False,True,False
-1.17,17,38.436314,17,closed,False,True,False
-1.19,19,38.44212,19,open,False,True,False
-1.19,19,38.447889,19,open,False,True,False
-1.19,19,38.453673,19,open,False,True,False
-1.15,15,38.623101,15,closed,False,True,False
-1.15,15,38.62795,15,closed,False,True,False
-1.15,15,38.632647,15,closed,False,True,False
-1.19,19,38.638582,19,closed,False,True,False
-1.15,15,38.643227,15,open,False,True,False
-1.15,15,38.647869,15,closed,False,True,False
-1.17,17,38.653122,17,closed,False,True,False
-1.17,17,38.658423,17,closed,False,True,False
-1.19,19,38.664334,19,open,False,True,False
-1.15,15,38.668954,15,closed,False,True,False
-1.17,17,38.674197,17,open,False,True,False
-1.17,17,38.679457,17,closed,False,True,False
-1.15,15,38.684192,15,closed,False,True,False
-1.17,17,38.689604,17,open,False,True,False
-1.15,15,38.694323,15,closed,False,True,False
-1.15,15,38.699007,15,closed,False,True,False
-1.17,17,38.704339,17,open,False,True,False
-1.17,17,38.709747,17,open,False,True,False
-1.17,17,38.715,17,open,False,True,False
-1.19,19,38.720809,19,closed,False,True,False
-1.15,15,38.725539,15,closed,False,True,False
-1.17,17,38.730895,17,open,False,True,False
-1.17,17,38.736184,17,open,False,True,False
-1.15,15,38.740925,15,open,False,True,False
-1.17,17,38.746243,17,open,False,True,False
-1.15,15,38.751009,15,closed,False,True,False
-1.15,15,38.75573,15,open,False,True,False
-1.17,17,38.761101,17,open,False,True,False
-1.19,19,38.766991,19,open,False,True,False
-1.19,19,38.772919,19,closed,False,True,False
-1.17,17,38.778168,17,closed,False,True,False
-1.19,19,38.783988,19,open,False,True,False
-1.19,19,38.789927,19,open,False,True,False
-1.15,15,38.794708,15,closed,False,True,False
-1.17,17,38.799993,17,open,False,True,False
-1.17,17,38.805332,17,open,False,True,False
-1.17,17,38.810707,17,closed,False,True,False
-1.15,15,38.815429,15,closed,False,True,False
-1.17,17,38.820699,17,closed,False,True,False
-1.15,15,38.825326,15,closed,False,True,False
-1.19,19,38.831125,19,open,False,True,False
-1.15,15,38.835873,15,closed,False,True,False
-1.17,17,38.841116,17,closed,False,True,False
-1.17,17,38.846472,17,closed,False,True,False
-1.15,15,38.851213,15,closed,False,True,False
-1.17,17,38.856582,17,closed,False,True,False
-1.19,19,38.862487,19,closed,False,True,False
-1.15,15,38.867078,15,closed,False,True,False
-1.17,17,38.872334,17,open,False,True,False
-1.15,15,38.876937,15,open,False,True,False
-1.19,19,38.882703,19,open,False,True,False
-1.15,15,38.887426,15,closed,False,True,False
-1.15,15,38.892211,15,closed,False,True,False
-1.17,17,38.897386,17,closed,False,True,False
-1.17,17,38.902655,17,closed,False,True,False
-1.17,17,38.907866,17,closed,False,True,False
-1.15,15,38.912421,15,closed,False,True,False
-1.19,19,38.918233,19,closed,False,True,False
-1.19,19,38.92412,19,open,False,True,False
-1.17,17,38.929293,17,open,False,True,False
-1.17,17,38.934443,17,closed,False,True,False
-1.15,15,38.939072,15,open,False,True,False
-1.19,19,38.944817,19,open,False,True,False
-1.17,17,38.950089,17,closed,False,True,False
-1.15,15,38.954821,15,closed,False,True,False
-1.19,19,38.960618,19,open,False,True,False
-1.15,15,38.965191,15,closed,False,True,False
-1.17,17,38.970411,17,open,False,True,False
-1.19,19,38.976171,19,closed,False,True,False
-1.15,15,38.98077,15,open,False,True,False
-1.17,17,38.986037,17,open,False,True,False
-1.19,19,38.991832,19,closed,False,True,False
-1.17,17,38.99708,17,open,False,True,False
-1.17,17,39.002237,17,closed,False,True,False
-1.17,17,39.007617,17,closed,False,True,False
-1.19,19,39.013488,19,open,False,True,False
-1.15,15,39.018203,15,closed,False,True,False
-1.19,19,39.024081,19,open,False,True,False
-1.19,19,39.02992,19,open,False,True,False
-1.15,15,39.034589,15,closed,False,True,False
-1.17,17,39.03993,17,closed,False,True,False
-1.17,17,39.045215,17,closed,False,True,False
-1.15,15,39.049925,15,open,False,True,False
-1.19,19,39.055651,19,closed,False,True,False
-1.17,17,39.06097,17,closed,False,True,False
-1.19,19,39.06688,19,open,False,True,False
-1.15,15,39.071499,15,closed,False,True,False
-1.17,17,39.076745,17,closed,False,True,False
-1.17,17,39.082084,17,open,False,True,False
-1.19,19,39.087961,19,open,False,True,False
-1.17,17,39.093224,17,open,False,True,False
-1.19,19,39.099125,19,closed,False,True,False
-1.19,19,39.105023,19,closed,False,True,False
-1.15,15,39.109806,15,open,False,True,False
-1.17,17,39.115005,17,closed,False,True,False
-1.15,15,39.119694,15,closed,False,True,False
-1.17,17,39.124901,17,open,False,True,False
-1.19,19,39.130753,19,closed,False,True,False
-1.15,15,39.135378,15,closed,False,True,False
-1.15,15,39.140169,15,open,False,True,False
-1.17,17,39.145367,17,open,False,True,False
-1.19,19,39.154438,19,closed,False,True,False
-1.15,15,39.159055,15,closed,False,True,False
-1.19,19,39.164889,19,closed,False,True,False
-1.15,15,39.169608,15,closed,False,True,False
-1.15,15,39.174164,15,open,False,True,False
-1.17,17,39.179449,17,open,False,True,False
-1.19,19,39.185306,19,open,False,True,False
-1.15,15,39.189909,15,closed,False,True,False
-1.15,15,39.194669,15,open,False,True,False
-1.15,15,39.199279,15,open,False,True,False
-1.17,17,39.204453,17,open,False,True,False
-1.19,19,39.210331,19,open,False,True,False
-1.17,17,39.215642,17,closed,False,True,False
-1.15,15,39.220379,15,closed,False,True,False
-1.15,15,39.225013,15,closed,False,True,False
-1.17,17,39.230264,17,open,False,True,False
-1.19,19,39.236106,19,closed,False,True,False
-1.17,17,39.241386,17,open,False,True,False
-1.17,17,39.246572,17,open,False,True,False
-1.17,17,39.251848,17,closed,False,True,False
-1.17,17,39.257014,17,closed,False,True,False
-1.19,19,39.433644,19,open,False,True,False
-1.19,19,39.439585,19,closed,False,True,False
-1.15,15,39.444266,15,closed,False,True,False
-1.17,17,39.449423,17,closed,False,True,False
-1.17,17,39.454767,17,open,False,True,False
-1.15,15,39.459482,15,closed,False,True,False
-1.19,19,39.465282,19,closed,False,True,False
-1.17,17,39.470471,17,open,False,True,False
-1.19,19,39.476245,19,closed,False,True,False
-1.15,15,39.480949,15,open,False,True,False
-1.19,19,39.486883,19,open,False,True,False
-1.17,17,39.492182,17,closed,False,True,False
-1.19,19,39.498051,19,closed,False,True,False
-1.17,17,39.503166,17,open,False,True,False
-1.15,15,39.5079,15,open,False,True,False
-1.15,15,39.512601,15,open,False,True,False
-1.19,19,39.518481,19,closed,False,True,False
-1.17,17,39.523761,17,closed,False,True,False
-1.17,17,39.528983,17,closed,False,True,False
-1.15,15,39.533584,15,closed,False,True,False
-1.15,15,39.538248,15,open,False,True,False
-1.19,19,39.543984,19,closed,False,True,False
-1.17,17,39.549289,17,closed,False,True,False
-1.17,17,39.554524,17,open,False,True,False
-1.15,15,39.559145,15,closed,False,True,False
-1.15,15,39.563729,15,open,False,True,False
-1.17,17,39.568837,17,open,False,True,False
-1.19,19,39.574647,19,open,False,True,False
-1.15,15,39.579291,15,open,False,True,False
-1.15,15,39.58385,15,closed,False,True,False
-1.19,19,39.589658,19,open,False,True,False
-1.19,19,39.595546,19,closed,False,True,False
-1.19,19,39.601256,19,closed,False,True,False
-1.19,19,39.607157,19,open,False,True,False
-1.19,19,39.613014,19,closed,False,True,False
-1.15,15,39.617673,15,open,False,True,False
-1.17,17,39.622897,17,open,False,True,False
-1.19,19,39.628747,19,open,False,True,False
-1.15,15,39.633511,15,closed,False,True,False
-1.17,17,39.638901,17,open,False,True,False
-1.19,19,39.644739,19,closed,False,True,False
-1.17,17,39.650034,17,open,False,True,False
-1.17,17,39.655481,17,closed,False,True,False
-1.17,17,39.660795,17,open,False,True,False
-1.17,17,39.666091,17,closed,False,True,False
-1.15,15,39.670779,15,open,False,True,False
-1.15,15,39.675458,15,closed,False,True,False
-1.15,15,39.680166,15,closed,False,True,False
-1.17,17,39.685378,17,closed,False,True,False
-1.17,17,39.690657,17,closed,False,True,False
-1.19,19,39.696528,19,closed,False,True,False
-1.15,15,39.701235,15,open,False,True,False
-1.15,15,39.705955,15,closed,False,True,False
-1.15,15,39.71056,15,open,False,True,False
-1.17,17,39.715738,17,closed,False,True,False
-1.19,19,39.721651,19,closed,False,True,False
-1.15,15,39.726208,15,closed,False,True,False
-1.19,19,39.732088,19,open,False,True,False
-1.19,19,39.737916,19,open,False,True,False
-1.19,19,39.743638,19,closed,False,True,False
-1.19,19,39.749516,19,open,False,True,False
-1.19,19,39.755201,19,closed,False,True,False
-1.19,19,39.761059,19,open,False,True,False
-1.17,17,39.766259,17,closed,False,True,False
-1.17,17,39.771551,17,closed,False,True,False
-1.19,19,39.777441,19,open,False,True,False
-1.17,17,39.782838,17,closed,False,True,False
-1.17,17,39.788184,17,open,False,True,False
-1.15,15,39.792932,15,closed,False,True,False
-1.15,15,39.797568,15,closed,False,True,False
-1.15,15,39.802287,15,open,False,True,False
-1.17,17,39.807489,17,closed,False,True,False
-1.19,19,39.813347,19,closed,False,True,False
-1.19,19,39.819092,19,closed,False,True,False
-1.17,17,39.824405,17,open,False,True,False
-1.15,15,39.829154,15,closed,False,True,False
-1.15,15,39.833862,15,closed,False,True,False
-1.15,15,39.838474,15,closed,False,True,False
-1.15,15,39.843151,15,closed,False,True,False
-1.19,19,39.848897,19,closed,False,True,False
-1.15,15,39.853498,15,closed,False,True,False
-1.17,17,39.858808,17,open,False,True,False
-1.15,15,39.863495,15,closed,False,True,False
-1.19,19,39.869239,19,closed,False,True,False
-1.15,15,39.873974,15,open,False,True,False
-1.15,15,39.878729,15,closed,False,True,False
-1.15,15,39.883436,15,closed,False,True,False
-1.19,19,39.889343,19,closed,False,True,False
-1.15,15,39.894001,15,open,False,True,False
-1.15,15,39.898671,15,closed,False,True,False
-1.15,15,39.903322,15,open,False,True,False
-1.17,17,39.908605,17,open,False,True,False
-1.19,19,39.914343,19,open,False,True,False
-1.19,19,39.920148,19,closed,False,True,False
-1.19,19,39.926035,19,closed,False,True,False
-1.19,19,39.931723,19,open,False,True,False
-1.15,15,39.936281,15,closed,False,True,False
-1.19,19,39.942162,19,open,False,True,False
-1.17,17,39.947411,17,closed,False,True,False
-1.15,15,39.952122,15,open,False,True,False
-1.19,19,39.957848,19,open,False,True,False
-1.17,17,39.963059,17,closed,False,True,False
-1.19,19,39.968904,19,closed,False,True,False
-1.15,15,39.973521,15,closed,False,True,False
-1.15,15,39.978119,15,open,False,True,False
-1.19,19,39.983938,19,closed,False,True,False
-1.19,19,39.989673,19,closed,False,True,False
-1.17,17,39.994979,17,closed,False,True,False
-1.17,17,40.00022,17,closed,False,True,False
-1.15,15,40.004926,15,open,False,True,False
-1.17,17,40.010119,17,closed,False,True,False
-1.15,15,40.014842,15,closed,False,True,False
-1.17,17,40.020044,17,open,False,True,False
-1.15,15,40.024624,15,closed,False,True,False
-1.19,19,40.030546,19,open,False,True,False
-1.17,17,40.035816,17,closed,False,True,False
-1.19,19,40.041741,19,open,False,True,False
-1.15,15,40.046382,15,closed,False,True,False
-1.19,19,40.052367,19,open,False,True,False
-1.15,15,40.056972,15,closed,False,True,False
-1.19,19,40.062884,19,closed,False,True,False
-1.17,17,40.240851,17,closed,False,True,False
-1.17,17,40.246282,17,closed,False,True,False
-1.15,15,40.250978,15,closed,False,True,False
-1.19,19,40.256776,19,open,False,True,False
-1.15,15,40.261576,15,open,False,True,False
-1.24,19,40.267372,19,open,False,True,False
-1.19,19,40.273262,19,closed,False,True,False
-1.17,17,40.278618,17,open,False,True,False
-1.19,19,40.284562,19,open,False,True,False
-1.19,19,40.290411,19,closed,False,True,False
-1.17,17,40.295807,17,closed,False,True,False
-1.15,15,40.300614,15,closed,False,True,False
-1.15,15,40.305293,15,open,False,True,False
-1.17,17,40.310712,17,open,False,True,False
-1.15,15,40.31592,15,closed,False,True,False
-1.15,15,40.320796,15,closed,False,True,False
-1.19,19,40.326808,19,closed,False,True,False
-1.15,15,40.331639,15,closed,False,True,False
-1.15,15,40.336257,15,closed,False,True,False
-1.15,15,40.340942,15,open,False,True,False
-1.19,19,40.346779,19,open,False,True,False
-1.15,15,40.35149,15,open,False,True,False
-1.17,17,40.356913,17,closed,False,True,False
-1.19,19,40.362705,19,open,False,True,False
-1.19,19,40.368595,19,closed,False,True,False
-1.15,15,40.373388,15,closed,False,True,False
-1.15,15,40.37803,15,open,False,True,False
-1.15,15,40.382721,15,closed,False,True,False
-1.17,17,40.387957,17,open,False,True,False
-1.19,19,40.39374,19,open,False,True,False
-1.15,15,40.398464,15,closed,False,True,False
-1.17,17,40.403779,17,open,False,True,False
-1.17,17,40.408989,17,open,False,True,False
-1.17,17,40.414208,17,open,False,True,False
-1.17,17,40.419489,17,open,False,True,False
-1.17,17,40.424731,17,open,False,True,False
-1.17,17,40.429951,17,closed,False,True,False
-1.17,17,40.435253,17,closed,False,True,False
-1.15,15,40.43996,15,open,False,True,False
-1.15,15,40.444759,15,open,False,True,False
-1.17,17,40.449973,17,closed,False,True,False
-1.15,15,40.454592,15,open,False,True,False
-1.17,17,40.459812,17,open,False,True,False
-1.19,19,40.465526,19,closed,False,True,False
-1.19,19,40.471461,19,open,False,True,False
-1.15,15,40.476026,15,open,False,True,False
-1.15,15,40.480641,15,closed,False,True,False
-1.15,15,40.485232,15,closed,False,True,False
-1.17,17,40.490542,17,open,False,True,False
-1.15,15,40.495264,15,closed,False,True,False
-1.19,19,40.501138,19,closed,False,True,False
-1.15,15,40.505753,15,closed,False,True,False
-1.17,17,40.511016,17,open,False,True,False
-1.15,15,40.515638,15,closed,False,True,False
-1.15,15,40.520299,15,closed,False,True,False
-1.19,19,40.526171,19,closed,False,True,False
-1.15,15,40.530762,15,open,False,True,False
-1.19,19,40.536663,19,open,False,True,False
-1.15,15,40.541244,15,closed,False,True,False
-1.15,15,40.545996,15,closed,False,True,False
-1.15,15,40.550603,15,open,False,True,False
-1.17,17,40.555875,17,open,False,True,False
-1.17,17,40.561184,17,open,False,True,False
-1.19,19,40.567103,19,closed,False,True,False
-1.15,15,40.571891,15,open,False,True,False
-1.17,17,40.577184,17,closed,False,True,False
-1.15,15,40.581948,15,open,False,True,False
-1.15,15,40.58655,15,open,False,True,False
-1.15,15,40.591181,15,open,False,True,False
-1.19,19,40.597026,19,open,False,True,False
-1.15,15,40.601616,15,open,False,True,False
-1.15,15,40.606364,15,open,False,True,False
-1.19,19,40.612129,19,open,False,True,False
-1.19,19,40.617846,19,closed,False,True,False
-1.17,17,40.623152,17,open,False,True,False
-1.19,19,40.62908,19,open,False,True,False
-1.19,19,40.634882,19,open,False,True,False
-1.19,19,40.640653,19,closed,False,True,False
-1.17,17,40.645964,17,closed,False,True,False
-1.15,15,40.650571,15,open,False,True,False
-1.19,19,40.656298,19,closed,False,True,False
-1.19,19,40.662064,19,closed,False,True,False
-1.17,17,40.667327,17,closed,False,True,False
-1.19,19,40.673093,19,open,False,True,False
-1.17,17,40.678354,17,closed,False,True,False
-1.17,17,40.68366,17,closed,False,True,False
-1.19,19,40.689543,19,open,False,True,False
-1.17,17,40.694817,17,closed,False,True,False
-1.19,19,40.70061,19,closed,False,True,False
-1.19,19,40.706448,19,open,False,True,False
-1.19,19,40.712307,19,closed,False,True,False
-1.19,19,40.718077,19,closed,False,True,False
-1.15,15,40.72281,15,open,False,True,False
-1.19,19,40.728607,19,closed,False,True,False
-1.19,19,40.734477,19,closed,False,True,False
-1.15,15,40.739161,15,closed,False,True,False
-1.15,15,40.74377,15,open,False,True,False
-1.15,15,40.748469,15,open,False,True,False
-1.17,17,40.753812,17,closed,False,True,False
-1.17,17,40.759082,17,open,False,True,False
-1.17,17,40.764397,17,open,False,True,False
-1.15,15,40.769094,15,closed,False,True,False
-1.19,19,40.774925,19,open,False,True,False
-1.15,15,40.779664,15,open,False,True,False
-1.19,19,40.785371,19,open,False,True,False
-1.17,17,40.790655,17,closed,False,True,False
-1.19,19,40.796476,19,closed,False,True,False
-1.17,17,40.801679,17,closed,False,True,False
-1.15,15,40.806386,15,open,False,True,False
-1.19,19,40.81226,19,closed,False,True,False
-1.19,19,40.817985,19,closed,False,True,False
-1.17,17,40.823164,17,closed,False,True,False
-1.15,15,40.827786,15,closed,False,True,False
-1.15,15,40.832504,15,open,False,True,False
-1.19,19,40.838209,19,open,False,True,False
-1.15,15,40.842916,15,closed,False,True,False
-1.17,17,40.848117,17,closed,False,True,False
-1.17,17,40.853387,17,open,False,True,False
-1.19,19,40.859249,19,closed,False,True,False
-1.15,15,40.863979,15,closed,False,True,False
-1.19,19,40.86971,19,open,False,True,False
-1.17,17,41.038887,17,closed,False,True,False
-1.17,17,41.044238,17,closed,False,True,False
-1.17,17,41.049556,17,closed,False,True,False
-1.19,19,41.055389,19,closed,False,True,False
-1.19,19,41.061165,19,closed,False,True,False
-1.17,17,41.066484,17,closed,False,True,False
-1.17,17,41.071773,17,closed,False,True,False
-1.15,15,41.076375,15,open,False,True,False
-1.15,15,41.081123,15,closed,False,True,False
-1.15,15,41.085817,15,open,False,True,False
-1.19,19,41.091613,19,open,False,True,False
-1.19,19,41.09741,19,open,False,True,False
-1.15,15,41.102054,15,open,False,True,False
-1.19,19,41.10794,19,closed,False,True,False
-1.15,15,41.112673,15,open,False,True,False
-1.19,19,41.118421,19,closed,False,True,False
-1.15,15,41.123059,15,open,False,True,False
-1.17,17,41.128283,17,open,False,True,False
-1.17,17,41.133582,17,closed,False,True,False
-1.19,19,41.139347,19,closed,False,True,False
-1.17,17,41.144633,17,closed,False,True,False
-1.17,17,41.149919,17,open,False,True,False
-1.19,19,41.15593,19,open,False,True,False
-1.17,17,41.161222,17,closed,False,True,False
-1.17,17,41.166553,17,closed,False,True,False
-1.15,15,41.1713,15,open,False,True,False
-1.17,17,41.176634,17,closed,False,True,False
-1.15,15,41.181259,15,closed,False,True,False
-1.19,19,41.187025,19,open,False,True,False
-1.19,19,41.192933,19,open,False,True,False
-1.19,19,41.198838,19,open,False,True,False
-1.15,15,41.203627,15,open,False,True,False
-1.15,15,41.208289,15,closed,False,True,False
-1.15,15,41.212917,15,closed,False,True,False
-1.19,19,41.218614,19,open,False,True,False
-1.17,17,41.223919,17,closed,False,True,False
-1.17,17,41.229171,17,closed,False,True,False
-1.19,19,41.235061,19,closed,False,True,False
-1.17,17,41.240281,17,closed,False,True,False
-1.17,17,41.245567,17,open,False,True,False
-1.15,15,41.250166,15,closed,False,True,False
-1.15,15,41.254954,15,closed,False,True,False
-1.19,19,41.260847,19,closed,False,True,False
-1.19,19,41.266674,19,open,False,True,False
-1.15,15,41.271322,15,open,False,True,False
-1.15,15,41.276051,15,open,False,True,False
-1.17,17,41.281257,17,open,False,True,False
-1.15,15,41.285974,15,open,False,True,False
-1.15,15,41.290602,15,closed,False,True,False
-1.15,15,41.295213,15,closed,False,True,False
-1.19,19,41.300942,19,open,False,True,False
-1.19,19,41.306705,19,closed,False,True,False
-1.15,15,41.311319,15,closed,False,True,False
-1.17,17,41.316589,17,closed,False,True,False
-1.19,19,41.322426,19,closed,False,True,False
-1.15,15,41.327061,15,closed,False,True,False
-1.17,17,41.332351,17,closed,False,True,False
-1.19,19,41.338305,19,open,False,True,False
-1.19,19,41.344053,19,closed,False,True,False
-1.17,17,41.349296,17,closed,False,True,False
-1.15,15,41.354021,15,open,False,True,False
-1.17,17,41.359236,17,closed,False,True,False
-1.19,19,41.365083,19,closed,False,True,False
-1.19,19,41.370872,19,open,False,True,False
-1.17,17,41.376037,17,closed,False,True,False
-1.17,17,41.381179,17,open,False,True,False
-1.19,19,41.38691,19,open,False,True,False
-1.15,15,41.39158,15,closed,False,True,False
-1.17,17,41.396833,17,open,False,True,False
-1.15,15,41.401434,15,open,False,True,False
-1.17,17,41.406598,17,closed,False,True,False
-1.17,17,41.411885,17,open,False,True,False
-1.15,15,41.416511,15,open,False,True,False
-1.17,17,41.421642,17,open,False,True,False
-1.15,15,41.426251,15,closed,False,True,False
-1.15,15,41.430936,15,closed,False,True,False
-1.19,19,41.43671,19,closed,False,True,False
-1.19,19,41.442577,19,open,False,True,False
-1.17,17,41.447779,17,closed,False,True,False
-1.15,15,41.452543,15,closed,False,True,False
-1.17,17,41.457745,17,closed,False,True,False
-1.19,19,41.463499,19,open,False,True,False
-1.15,15,41.468191,15,closed,False,True,False
-1.15,15,41.472862,15,closed,False,True,False
-1.19,19,41.478724,19,closed,False,True,False
-1.19,19,41.484606,19,closed,False,True,False
-1.19,19,41.490531,19,closed,False,True,False
-1.19,19,41.496393,19,closed,False,True,False
-1.19,19,41.502181,19,open,False,True,False
-1.15,15,41.506927,15,open,False,True,False
-1.19,19,41.512791,19,closed,False,True,False
-1.19,19,41.518559,19,closed,False,True,False
-1.15,15,41.523219,15,open,False,True,False
-1.17,17,41.528574,17,closed,False,True,False
-1.15,15,41.533263,15,open,False,True,False
-1.15,15,41.537871,15,closed,False,True,False
-1.19,19,41.543723,19,closed,False,True,False
-1.15,15,41.548454,15,open,False,True,False
-1.17,17,41.553666,17,closed,False,True,False
-1.19,19,41.559429,19,closed,False,True,False
-1.17,17,41.564668,17,open,False,True,False
-1.15,15,41.56935,15,closed,False,True,False
-1.19,19,41.575164,19,open,False,True,False
-1.15,15,41.579912,15,closed,False,True,False
-1.15,15,41.584597,15,open,False,True,False
-1.15,15,41.589296,15,closed,False,True,False
-1.17,17,41.594597,17,open,False,True,False
-1.15,15,41.599329,15,open,False,True,False
-1.15,15,41.603953,15,open,False,True,False
-1.19,19,41.609736,19,closed,False,True,False
-1.15,15,41.614437,15,closed,False,True,False
-1.17,17,41.619663,17,open,False,True,False
-1.15,15,41.624377,15,closed,False,True,False
-1.19,19,41.630086,19,closed,False,True,False
-1.17,17,41.635266,17,closed,False,True,False
-1.17,17,41.640547,17,open,False,True,False
-1.19,19,41.646491,19,closed,False,True,False
-1.19,19,41.652326,19,closed,False,True,False
-1.19,19,41.658196,19,open,False,True,False
-1.15,15,41.662852,15,open,False,True,False
-1.17,17,41.82532,17,closed,False,True,False
-1.17,17,41.830846,17,closed,False,True,False
-1.17,17,41.83611,17,closed,False,True,False
-1.19,19,41.842027,19,open,False,True,False
-1.17,17,41.84725,17,open,False,True,False
-1.19,19,41.853136,19,closed,False,True,False
-1.19,19,41.85905,19,open,False,True,False
-1.19,19,41.864838,19,open,False,True,False
-1.19,19,41.870715,19,closed,False,True,False
-1.19,19,41.876456,19,open,False,True,False
-1.15,15,41.881209,15,open,False,True,False
-1.15,15,41.885878,15,open,False,True,False
-1.17,17,41.891149,17,open,False,True,False
-1.15,15,41.895862,15,closed,False,True,False
-1.19,19,41.901663,19,closed,False,True,False
-1.15,15,41.90627,15,open,False,True,False
-1.17,17,41.911603,17,closed,False,True,False
-1.15,15,41.916276,15,open,False,True,False
-1.15,15,41.920881,15,open,False,True,False
-1.19,19,41.926643,19,open,False,True,False
-1.17,17,41.931794,17,closed,False,True,False
-1.15,15,41.93685,15,open,False,True,False
-1.19,19,41.942895,19,open,False,True,False
-1.17,17,41.948211,17,closed,False,True,False
-1.17,17,41.953498,17,open,False,True,False
-1.15,15,41.958137,15,open,False,True,False
-1.15,15,41.962837,15,open,False,True,False
-1.15,15,41.967419,15,closed,False,True,False
-1.17,17,41.972587,17,closed,False,True,False
-1.17,17,41.977736,17,open,False,True,False
-1.17,17,41.98302,17,closed,False,True,False
-1.19,19,41.988785,19,open,False,True,False
-1.15,15,41.993529,15,open,False,True,False
-1.17,17,41.998708,17,open,False,True,False
-1.19,19,42.004493,19,closed,False,True,False
-1.15,15,42.009066,15,closed,False,True,False
-1.17,17,42.014322,17,open,False,True,False
-1.15,15,42.019015,15,closed,False,True,False
-1.19,19,42.024808,19,open,False,True,False
-1.15,15,42.029429,15,closed,False,True,False
-1.17,17,42.034618,17,open,False,True,False
-1.15,15,42.03934,15,closed,False,True,False
-1.17,17,42.044708,17,open,False,True,False
-1.19,19,42.050618,19,closed,False,True,False
-1.15,15,42.055294,15,open,False,True,False
-1.17,17,42.060608,17,closed,False,True,False
-1.19,19,42.066512,19,open,False,True,False
-1.15,15,42.071185,15,closed,False,True,False
-1.19,19,42.076998,19,closed,False,True,False
-1.15,15,42.081593,15,closed,False,True,False
-1.15,15,42.086286,15,closed,False,True,False
-1.19,19,42.092068,19,closed,False,True,False
-1.15,15,42.096708,15,open,False,True,False
-1.15,15,42.101468,15,open,False,True,False
-1.17,17,42.106725,17,closed,False,True,False
-1.17,17,42.112,17,open,False,True,False
-1.15,15,42.116708,15,closed,False,True,False
-1.15,15,42.12131,15,open,False,True,False
-1.15,15,42.125982,15,closed,False,True,False
-1.17,17,42.131144,17,closed,False,True,False
-1.17,17,42.136351,17,closed,False,True,False
-1.15,15,42.141143,15,open,False,True,False
-1.17,17,42.146355,17,open,False,True,False
-1.19,19,42.152112,19,open,False,True,False
-1.17,17,42.157431,17,closed,False,True,False
-1.17,17,42.16293,17,closed,False,True,False
-1.19,19,42.168684,19,closed,False,True,False
-1.19,19,42.174482,19,closed,False,True,False
-1.19,19,42.180238,19,open,False,True,False
-1.17,17,42.185333,17,closed,False,True,False
-1.15,15,42.190053,15,closed,False,True,False
-1.15,15,42.194647,15,open,False,True,False
-1.19,19,42.200315,19,closed,False,True,False
-1.19,19,42.205993,19,open,False,True,False
-1.17,17,42.211214,17,open,False,True,False
-1.19,19,42.216911,19,open,False,True,False
-1.17,17,42.222091,17,closed,False,True,False
-1.19,19,42.227892,19,closed,False,True,False
-1.17,17,42.233065,17,open,False,True,False
-1.17,17,42.238228,17,closed,False,True,False
-1.17,17,42.24347,17,closed,False,True,False
-1.15,15,42.248123,15,open,False,True,False
-1.15,15,42.252977,15,closed,False,True,False
-1.19,19,42.258821,19,closed,False,True,False
-1.15,15,42.26335,15,closed,False,True,False
-1.17,17,42.26858,17,closed,False,True,False
-1.17,17,42.273635,17,open,False,True,False
-1.17,17,42.278906,17,closed,False,True,False
-1.15,15,42.283525,15,closed,False,True,False
-1.17,17,42.288673,17,closed,False,True,False
-1.17,17,42.293943,17,closed,False,True,False
-1.17,17,42.299077,17,open,False,True,False
-1.15,15,42.303676,15,open,False,True,False
-1.15,15,42.308285,15,open,False,True,False
-1.19,19,42.314054,19,closed,False,True,False
-1.15,15,42.318624,15,open,False,True,False
-1.17,17,42.323774,17,open,False,True,False
-1.19,19,42.32951,19,open,False,True,False
-1.17,17,42.334675,17,closed,False,True,False
-1.15,15,42.339208,15,open,False,True,False
-1.15,15,42.343866,15,open,False,True,False
-1.17,17,42.34906,17,closed,False,True,False
-1.17,17,42.35423,17,open,False,True,False
-1.17,17,42.359426,17,closed,False,True,False
-1.17,17,42.364673,17,closed,False,True,False
-1.15,15,42.369153,15,closed,False,True,False
-1.17,17,42.374368,17,closed,False,True,False
-1.15,15,42.378907,15,closed,False,True,False
-1.19,19,42.38463,19,open,False,True,False
-1.19,19,42.390247,19,open,False,True,False
-1.19,19,42.395899,19,closed,False,True,False
-1.15,15,42.400451,15,closed,False,True,False
-1.17,17,42.405617,17,open,False,True,False
-1.15,15,42.410145,15,open,False,True,False
-1.15,15,42.414783,15,closed,False,True,False
-1.19,19,42.420577,19,open,False,True,False
-1.15,15,42.425236,15,closed,False,True,False
-1.15,15,42.429876,15,closed,False,True,False
-1.17,17,42.434951,17,closed,False,True,False
-1.15,15,42.439481,15,open,False,True,False
-1.15,15,42.444334,15,closed,False,True,False
-1.15,15,42.448977,15,closed,False,True,False
-1.17,17,42.454113,17,open,False,True,False
-1.19,19,42.617144,19,open,False,True,False
-1.19,19,42.623125,19,open,False,True,False
-1.15,15,42.627754,15,open,False,True,False
-1.17,17,42.633049,17,closed,False,True,False
-1.19,19,42.638904,19,open,False,True,False
-1.15,15,42.643612,15,closed,False,True,False
-1.15,15,42.648301,15,open,False,True,False
-1.19,19,42.654091,19,closed,False,True,False
-1.15,15,42.658674,15,closed,False,True,False
-1.19,19,42.664509,19,open,False,True,False
-1.19,19,42.670219,19,open,False,True,False
-1.15,15,42.674912,15,closed,False,True,False
-1.15,15,42.679503,15,closed,False,True,False
-1.19,19,42.685315,19,closed,False,True,False
-1.17,17,42.690533,17,open,False,True,False
-1.15,15,42.695222,15,open,False,True,False
-1.19,19,42.701092,19,closed,False,True,False
-1.15,15,42.705831,15,closed,False,True,False
-1.19,19,42.711724,19,closed,False,True,False
-1.17,17,42.716975,17,closed,False,True,False
-1.17,17,42.722231,17,closed,False,True,False
-1.19,19,42.728057,19,open,False,True,False
-1.17,17,42.733329,17,closed,False,True,False
-1.17,17,42.738702,17,closed,False,True,False
-1.19,19,42.744483,19,closed,False,True,False
-1.19,19,42.750279,19,closed,False,True,False
-1.17,17,42.755479,17,closed,False,True,False
-1.19,19,42.761227,19,closed,False,True,False
-1.17,17,42.766414,17,open,False,True,False
-1.15,15,42.771055,15,open,False,True,False
-1.15,15,42.775752,15,open,False,True,False
-1.15,15,42.780363,15,open,False,True,False
-1.19,19,42.786111,19,closed,False,True,False
-1.15,15,42.790803,15,open,False,True,False
-1.15,15,42.795421,15,closed,False,True,False
-1.19,19,42.801263,19,open,False,True,False
-1.17,17,42.806464,17,closed,False,True,False
-1.19,19,42.812339,19,closed,False,True,False
-1.17,17,42.817564,17,closed,False,True,False
-1.15,15,42.822325,15,open,False,True,False
-1.17,17,42.827648,17,open,False,True,False
-1.17,17,42.832973,17,closed,False,True,False
-1.19,19,42.838753,19,open,False,True,False
-1.17,17,42.844006,17,closed,False,True,False
-1.17,17,42.849264,17,closed,False,True,False
-1.15,15,42.853865,15,closed,False,True,False
-1.15,15,42.858603,15,open,False,True,False
-1.17,17,42.863789,17,closed,False,True,False
-1.15,15,42.868463,15,closed,False,True,False
-1.17,17,42.873594,17,open,False,True,False
-1.17,17,42.87875,17,open,False,True,False
-1.19,19,42.884543,19,open,False,True,False
-1.15,15,42.88922,15,closed,False,True,False
-1.19,19,42.894997,19,open,False,True,False
-1.15,15,42.899677,15,open,False,True,False
-1.15,15,42.904209,15,open,False,True,False
-1.15,15,42.908896,15,closed,False,True,False
-1.17,17,42.914162,17,open,False,True,False
-1.15,15,42.918826,15,closed,False,True,False
-1.15,15,42.923385,15,closed,False,True,False
-1.17,17,42.928523,17,open,False,True,False
-1.15,15,42.933077,15,closed,False,True,False
-1.19,19,42.93894,19,open,False,True,False
-1.15,15,42.943525,15,open,False,True,False
-1.15,15,42.948151,15,closed,False,True,False
-1.19,19,42.953898,19,closed,False,True,False
-1.17,17,42.959206,17,open,False,True,False
-1.17,17,42.964324,17,closed,False,True,False
-1.19,19,42.970098,19,open,False,True,False
-1.17,17,42.975302,17,open,False,True,False
-1.15,15,42.97999,15,open,False,True,False
-1.19,19,42.985748,19,closed,False,True,False
-1.15,15,42.990462,15,open,False,True,False
-1.19,19,42.996214,19,open,False,True,False
-1.17,17,43.001299,17,open,False,True,False
-1.17,17,43.006484,17,closed,False,True,False
-1.19,19,43.012377,19,closed,False,True,False
-1.15,15,43.017085,15,closed,False,True,False
-1.19,19,43.022833,19,closed,False,True,False
-1.15,15,43.027573,15,closed,False,True,False
-1.15,15,43.032163,15,open,False,True,False
-1.17,17,43.037299,17,closed,False,True,False
-1.15,15,43.041914,15,open,False,True,False
-1.17,17,43.047053,17,closed,False,True,False
-1.15,15,43.051744,15,closed,False,True,False
-1.15,15,43.056416,15,open,False,True,False
-1.17,17,43.061574,17,open,False,True,False
-1.19,19,43.067472,19,closed,False,True,False
-1.17,17,43.072787,17,closed,False,True,False
-1.19,19,43.07854,19,closed,False,True,False
-1.17,17,43.083854,17,closed,False,True,False
-1.17,17,43.089124,17,open,False,True,False
-1.15,15,43.093828,15,open,False,True,False
-1.17,17,43.099036,17,closed,False,True,False
-1.15,15,43.103673,15,open,False,True,False
-1.19,19,43.109545,19,open,False,True,False
-1.19,19,43.115345,19,closed,False,True,False
-1.19,19,43.121059,19,closed,False,True,False
-1.15,15,43.125784,15,closed,False,True,False
-1.17,17,43.13093,17,closed,False,True,False
-1.15,15,43.135638,15,closed,False,True,False
-1.19,19,43.141374,19,closed,False,True,False
-1.19,19,43.147115,19,open,False,True,False
-1.15,15,43.151661,15,closed,False,True,False
-1.17,17,43.156948,17,open,False,True,False
-1.15,15,43.161652,15,closed,False,True,False
-1.15,15,43.166262,15,closed,False,True,False
-1.15,15,43.171022,15,closed,False,True,False
-1.15,15,43.17559,15,open,False,True,False
-1.19,19,43.181406,19,closed,False,True,False
-1.17,17,43.186597,17,closed,False,True,False
-1.17,17,43.191788,17,open,False,True,False
-1.19,19,43.197611,19,open,False,True,False
-1.17,17,43.202876,17,open,False,True,False
-1.19,19,43.208702,19,closed,False,True,False
-1.19,19,43.214475,19,open,False,True,False
-1.15,15,43.21903,15,closed,False,True,False
-1.15,15,43.223672,15,closed,False,True,False
-1.17,17,43.228821,17,open,False,True,False
-1.15,15,43.233448,15,closed,False,True,False
-1.15,15,43.238124,15,closed,False,True,False
-1.19,19,43.396141,19,open,False,True,False
-1.15,15,43.400952,15,closed,False,True,False
-1.15,15,43.405634,15,open,False,True,False
-1.17,17,43.410992,17,open,False,True,False
-1.19,19,43.416856,19,closed,False,True,False
-1.17,17,43.422206,17,open,False,True,False
-1.17,17,43.427435,17,open,False,True,False
-1.17,17,43.432727,17,closed,False,True,False
-1.17,17,43.43799,17,closed,False,True,False
-1.17,17,43.443519,17,open,False,True,False
-1.19,19,43.449425,19,open,False,True,False
-1.15,15,43.45421,15,closed,False,True,False
-1.15,15,43.458829,15,open,False,True,False
-1.17,17,43.464167,17,open,False,True,False
-1.19,19,43.470135,19,open,False,True,False
-1.15,15,43.474785,15,closed,False,True,False
-1.19,19,43.480681,19,open,False,True,False
-1.19,19,43.486555,19,closed,False,True,False
-1.15,15,43.491235,15,open,False,True,False
-1.17,17,43.49651,17,open,False,True,False
-1.15,15,43.501183,15,closed,False,True,False
-1.15,15,43.505975,15,closed,False,True,False
-1.17,17,43.511282,17,open,False,True,False
-1.19,19,43.517113,19,closed,False,True,False
-1.17,17,43.522614,17,closed,False,True,False
-1.15,15,43.527285,15,closed,False,True,False
-1.19,19,43.533172,19,closed,False,True,False
-1.17,17,43.538605,17,closed,False,True,False
-1.15,15,43.543321,15,open,False,True,False
-1.19,19,43.549147,19,open,False,True,False
-1.17,17,43.554266,17,open,False,True,False
-1.17,17,43.559525,17,open,False,True,False
-1.17,17,43.564686,17,closed,False,True,False
-1.17,17,43.569978,17,open,False,True,False
-1.19,19,43.57582,19,open,False,True,False
-1.17,17,43.580982,17,open,False,True,False
-1.19,19,43.586979,19,open,False,True,False
-1.17,17,43.592101,17,closed,False,True,False
-1.19,19,43.597845,19,closed,False,True,False
-1.15,15,43.602328,15,closed,False,True,False
-1.15,15,43.607139,15,open,False,True,False
-1.17,17,43.612225,17,open,False,True,False
-1.15,15,43.617208,15,open,False,True,False
-1.19,19,43.622957,19,open,False,True,False
-1.15,15,43.627501,15,closed,False,True,False
-1.15,15,43.632087,15,closed,False,True,False
-1.19,19,43.637951,19,open,False,True,False
-1.19,19,43.643649,19,closed,False,True,False
-1.15,15,43.64824,15,open,False,True,False
-1.17,17,43.65342,17,open,False,True,False
-1.17,17,43.658736,17,open,False,True,False
-1.15,15,43.663317,15,open,False,True,False
-1.15,15,43.66784,15,open,False,True,False
-1.17,17,43.673104,17,closed,False,True,False
-1.15,15,43.677704,15,open,False,True,False
-1.19,19,43.683308,19,closed,False,True,False
-1.19,19,43.689175,19,open,False,True,False
-1.17,17,43.694235,17,open,False,True,False
-1.15,15,43.698876,15,closed,False,True,False
-1.17,17,43.704403,17,open,False,True,False
-1.15,15,43.70911,15,closed,False,True,False
-1.17,17,43.714321,17,open,False,True,False
-1.17,17,43.719586,17,closed,False,True,False
-1.15,15,43.724185,15,open,False,True,False
-1.17,17,43.729431,17,open,False,True,False
-1.15,15,43.734122,15,closed,False,True,False
-1.15,15,43.738749,15,open,False,True,False
-1.17,17,43.744032,17,closed,False,True,False
-1.17,17,43.749146,17,open,False,True,False
-1.15,15,43.753912,15,open,False,True,False
-1.15,15,43.758477,15,closed,False,True,False
-1.15,15,43.763109,15,open,False,True,False
-1.19,19,43.768852,19,open,False,True,False
-1.15,15,43.77354,15,closed,False,True,False
-1.17,17,43.77878,17,open,False,True,False
-1.17,17,43.783946,17,closed,False,True,False
-1.19,19,43.789676,19,closed,False,True,False
-1.17,17,43.794859,17,open,False,True,False
-1.17,17,43.800104,17,closed,False,True,False
-1.17,17,43.805375,17,closed,False,True,False
-1.15,15,43.809957,15,closed,False,True,False
-1.19,19,43.815678,19,closed,False,True,False
-1.15,15,43.820392,15,closed,False,True,False
-1.19,19,43.826153,19,open,False,True,False
-1.19,19,43.831926,19,open,False,True,False
-1.19,19,43.837733,19,open,False,True,False
-1.15,15,43.842291,15,open,False,True,False
-1.17,17,43.847489,17,open,False,True,False
-1.17,17,43.85265,17,closed,False,True,False
-1.19,19,43.858482,19,open,False,True,False
-1.15,15,43.863176,15,closed,False,True,False
-1.15,15,43.867908,15,closed,False,True,False
-1.17,17,43.873172,17,open,False,True,False
-1.17,17,43.878445,17,open,False,True,False
-1.17,17,43.88369,17,open,False,True,False
-1.19,19,43.889539,19,open,False,True,False
-1.15,15,43.894145,15,closed,False,True,False
-1.17,17,43.899394,17,closed,False,True,False
-1.17,17,43.90457,17,closed,False,True,False
-1.17,17,43.909705,17,closed,False,True,False
-1.19,19,43.915417,19,closed,False,True,False
-1.15,15,43.920155,15,open,False,True,False
-1.15,15,43.924826,15,open,False,True,False
-1.17,17,43.930027,17,closed,False,True,False
-1.17,17,43.935178,17,open,False,True,False
-1.19,19,43.9409,19,closed,False,True,False
-1.19,19,43.94677,19,closed,False,True,False
-1.15,15,43.951333,15,closed,False,True,False
-1.15,15,43.955999,15,closed,False,True,False
-1.19,19,43.961903,19,open,False,True,False
-1.19,19,43.96763,19,closed,False,True,False
-1.15,15,43.972176,15,open,False,True,False
-1.15,15,43.976895,15,open,False,True,False
-1.17,17,43.982033,17,open,False,True,False
-1.19,19,43.987711,19,closed,False,True,False
-1.17,17,43.992926,17,closed,False,True,False
-1.15,15,43.99754,15,closed,False,True,False
-1.15,15,44.002231,15,open,False,True,False
-1.19,19,44.007973,19,open,False,True,False
-1.17,17,44.013216,17,closed,False,True,False
-1.15,15,44.017882,15,closed,False,True,False
-1.15,15,44.02253,15,open,False,True,False
-1.19,19,44.21061,19,open,False,True,False
-1.17,17,44.215973,17,open,False,True,False
-1.19,19,44.221905,19,closed,False,True,False
-1.19,19,44.227699,19,closed,False,True,False
-1.15,15,44.232398,15,open,False,True,False
-1.19,19,44.238207,19,closed,False,True,False
-1.19,19,44.243977,19,closed,False,True,False
-1.19,19,44.249806,19,open,False,True,False
-1.17,17,44.255026,17,closed,False,True,False
-1.19,19,44.260956,19,open,False,True,False
-1.17,17,44.266141,17,closed,False,True,False
-1.19,19,44.271971,19,closed,False,True,False
-1.17,17,44.277267,17,closed,False,True,False
-1.15,15,44.281999,15,open,False,True,False
-1.17,17,44.28729,17,closed,False,True,False
-1.15,15,44.291904,15,open,False,True,False
-1.19,19,44.297816,19,open,False,True,False
-1.19,19,44.303577,19,open,False,True,False
-1.15,15,44.308265,15,open,False,True,False
-1.15,15,44.312967,15,closed,False,True,False
-1.15,15,44.317681,15,closed,False,True,False
-1.15,15,44.322311,15,open,False,True,False
-1.19,19,44.328155,19,closed,False,True,False
-1.15,15,44.332768,15,open,False,True,False
-1.15,15,44.337467,15,closed,False,True,False
-1.17,17,44.342634,17,closed,False,True,False
-1.19,19,44.348403,19,closed,False,True,False
-1.17,17,44.35359,17,closed,False,True,False
-1.19,19,44.359484,19,open,False,True,False
-1.19,19,44.36522,19,open,False,True,False
-1.19,19,44.371115,19,open,False,True,False
-1.19,19,44.377023,19,closed,False,True,False
-1.19,19,44.382735,19,open,False,True,False
-1.15,15,44.387418,15,closed,False,True,False
-1.17,17,44.392743,17,open,False,True,False
-1.19,19,44.39855,19,open,False,True,False
-1.19,19,44.404457,19,open,False,True,False
-1.19,19,44.410225,19,closed,False,True,False
-1.17,17,44.415381,17,open,False,True,False
-1.15,15,44.41995,15,closed,False,True,False
-1.17,17,44.425243,17,closed,False,True,False
-1.17,17,44.430536,17,closed,False,True,False
-1.17,17,44.435826,17,open,False,True,False
-1.17,17,44.441138,17,closed,False,True,False
-1.19,19,44.447046,19,closed,False,True,False
-1.19,19,44.452842,19,closed,False,True,False
-1.19,19,44.458712,19,closed,False,True,False
-1.19,19,44.464507,19,open,False,True,False
-1.17,17,44.46972,17,closed,False,True,False
-1.19,19,44.475584,19,closed,False,True,False
-1.17,17,44.480819,17,open,False,True,False
-1.17,17,44.486064,17,closed,False,True,False
-1.19,19,44.491855,19,open,False,True,False
-1.17,17,44.49706,17,open,False,True,False
-1.17,17,44.506284,17,closed,False,True,False
-1.15,15,44.510851,15,open,False,True,False
-1.19,19,44.516429,19,closed,False,True,False
-1.17,17,44.521525,17,closed,False,True,False
-1.15,15,44.526085,15,closed,False,True,False
-1.17,17,44.531148,17,open,False,True,False
-1.19,19,44.536853,19,closed,False,True,False
-1.19,19,44.542419,19,open,False,True,False
-1.19,19,44.548166,19,open,False,True,False
-1.15,15,44.552681,15,closed,False,True,False
-1.17,17,44.557832,17,closed,False,True,False
-1.15,15,44.562335,15,closed,False,True,False
-1.19,19,44.567991,19,closed,False,True,False
-1.15,15,44.572523,15,closed,False,True,False
-1.15,15,44.577141,15,closed,False,True,False
-1.19,19,44.582798,19,open,False,True,False
-1.17,17,44.587805,17,closed,False,True,False
-1.19,19,44.593483,19,open,False,True,False
-1.19,19,44.59909,19,closed,False,True,False
-1.17,17,44.60419,17,open,False,True,False
-1.19,19,44.60992,19,closed,False,True,False
-1.19,19,44.615474,19,open,False,True,False
-1.19,19,44.621146,19,open,False,True,False
-1.17,17,44.626274,17,open,False,True,False
-1.19,19,44.631893,19,open,False,True,False
-1.17,17,44.637058,17,closed,False,True,False
-1.15,15,44.641629,15,open,False,True,False
-1.17,17,44.646627,17,closed,False,True,False
-1.19,19,44.652173,19,open,False,True,False
-1.17,17,44.657412,17,open,False,True,False
-1.15,15,44.662024,15,closed,False,True,False
-1.17,17,44.667175,17,open,False,True,False
-1.17,17,44.672275,17,open,False,True,False
-1.19,19,44.677942,19,open,False,True,False
-1.17,17,44.683027,17,open,False,True,False
-1.17,17,44.688156,17,open,False,True,False
-1.15,15,44.69275,15,closed,False,True,False
-1.15,15,44.697233,15,open,False,True,False
-1.15,15,44.701666,15,closed,False,True,False
-1.15,15,44.706229,15,open,False,True,False
-1.15,15,44.710773,15,closed,False,True,False
-1.15,15,44.715289,15,closed,False,True,False
-1.17,17,44.720337,17,open,False,True,False
-1.19,19,44.726012,19,closed,False,True,False
-1.15,15,44.730514,15,open,False,True,False
-1.19,19,44.736223,19,closed,False,True,False
-1.15,15,44.740811,15,open,False,True,False
-1.17,17,44.745826,17,closed,False,True,False
-1.15,15,44.750379,15,closed,False,True,False
-1.17,17,44.755473,17,closed,False,True,False
-1.15,15,44.759954,15,closed,False,True,False
-1.15,15,44.764363,15,open,False,True,False
-1.19,19,44.76996,19,open,False,True,False
-1.17,17,44.775104,17,open,False,True,False
-1.19,19,44.780736,19,open,False,True,False
-1.17,17,44.785711,17,closed,False,True,False
-1.17,17,44.790813,17,open,False,True,False
-1.15,15,44.795344,15,open,False,True,False
-1.15,15,44.799798,15,closed,False,True,False
-1.17,17,44.804912,17,closed,False,True,False
-1.19,19,44.810596,19,closed,False,True,False
-1.17,17,44.815567,17,closed,False,True,False
-1.17,17,44.82068,17,closed,False,True,False
-1.15,15,44.82509,15,open,False,True,False
-1.19,19,44.830805,19,closed,False,True,False
-1.19,19,45.011698,19,closed,False,True,False
-1.17,17,45.01707,17,closed,False,True,False
-1.15,15,45.021781,15,closed,False,True,False
-1.19,19,45.02762,19,closed,False,True,False
-1.19,19,45.03342,19,open,False,True,False
-1.17,17,45.038671,17,open,False,True,False
-1.17,17,45.043947,17,open,False,True,False
-1.19,19,45.049821,19,open,False,True,False
-1.15,15,45.054441,15,closed,False,True,False
-1.17,17,45.059719,17,open,False,True,False
-1.19,19,45.065558,19,closed,False,True,False
-1.15,15,45.070249,15,open,False,True,False
-1.19,19,45.076092,19,closed,False,True,False
-1.17,17,45.08138,17,open,False,True,False
-1.19,19,45.087307,19,open,False,True,False
-1.19,19,45.093191,19,closed,False,True,False
-1.17,17,45.098381,17,closed,False,True,False
-1.19,19,45.10411,19,closed,False,True,False
-1.17,17,45.109407,17,open,False,True,False
-1.15,15,45.114084,15,open,False,True,False
-1.17,17,45.119345,17,closed,False,True,False
-1.15,15,45.12407,15,open,False,True,False
-1.19,19,45.129951,19,open,False,True,False
-1.17,17,45.135129,17,open,False,True,False
-1.15,15,45.139849,15,closed,False,True,False
-1.15,15,45.144526,15,open,False,True,False
-1.19,19,45.150318,19,open,False,True,False
-1.19,19,45.156214,19,closed,False,True,False
-1.17,17,45.161388,17,open,False,True,False
-1.17,17,45.166693,17,open,False,True,False
-1.19,19,45.172609,19,open,False,True,False
-1.15,15,45.177239,15,open,False,True,False
-1.19,19,45.182994,19,open,False,True,False
-1.17,17,45.1883,17,open,False,True,False
-1.19,19,45.194129,19,open,False,True,False
-1.19,19,45.199953,19,closed,False,True,False
-1.19,19,45.205786,19,open,False,True,False
-1.19,19,45.211669,19,open,False,True,False
-1.17,17,45.216913,17,open,False,True,False
-1.19,19,45.222643,19,closed,False,True,False
-1.19,19,45.228374,19,closed,False,True,False
-1.19,19,45.234213,19,closed,False,True,False
-1.15,15,45.238931,15,closed,False,True,False
-1.15,15,45.243465,15,open,False,True,False
-1.19,19,45.249295,19,open,False,True,False
-1.19,19,45.255224,19,closed,False,True,False
-1.15,15,45.259943,15,closed,False,True,False
-1.15,15,45.26465,15,open,False,True,False
-1.19,19,45.270366,19,closed,False,True,False
-1.15,15,45.275032,15,closed,False,True,False
-1.17,17,45.280313,17,closed,False,True,False
-1.17,17,45.285625,17,open,False,True,False
-1.15,15,45.290306,15,closed,False,True,False
-1.17,17,45.295449,17,closed,False,True,False
-1.15,15,45.300117,15,closed,False,True,False
-1.17,17,45.305219,17,closed,False,True,False
-1.15,15,45.309918,15,open,False,True,False
-1.19,19,45.315651,19,closed,False,True,False
-1.19,19,45.321429,19,open,False,True,False
-1.19,19,45.32716,19,closed,False,True,False
-1.15,15,45.331784,15,closed,False,True,False
-1.17,17,45.336924,17,closed,False,True,False
-1.15,15,45.341613,15,open,False,True,False
-1.17,17,45.346755,17,open,False,True,False
-1.17,17,45.351992,17,closed,False,True,False
-1.19,19,45.357708,19,closed,False,True,False
-1.17,17,45.363057,17,open,False,True,False
-1.15,15,45.36774,15,closed,False,True,False
-1.15,15,45.372307,15,open,False,True,False
-1.17,17,45.37759,17,open,False,True,False
-1.15,15,45.382214,15,open,False,True,False
-1.17,17,45.387484,17,closed,False,True,False
-1.15,15,45.392158,15,open,False,True,False
-1.19,19,45.397936,19,open,False,True,False
-1.17,17,45.403106,17,open,False,True,False
-1.17,17,45.408385,17,closed,False,True,False
-1.19,19,45.414098,19,open,False,True,False
-1.17,17,45.419363,17,closed,False,True,False
-1.19,19,45.425217,19,open,False,True,False
-1.15,15,45.429855,15,open,False,True,False
-1.19,19,45.435654,19,open,False,True,False
-1.19,19,45.44147,19,closed,False,True,False
-1.15,15,45.446182,15,open,False,True,False
-1.15,15,45.45088,15,open,False,True,False
-1.15,15,45.45553,15,open,False,True,False
-1.17,17,45.460938,17,closed,False,True,False
-1.17,17,45.46615,17,open,False,True,False
-1.15,15,45.470915,15,closed,False,True,False
-1.17,17,45.476104,17,closed,False,True,False
-1.17,17,45.48139,17,open,False,True,False
-1.17,17,45.486693,17,open,False,True,False
-1.19,19,45.492595,19,open,False,True,False
-1.15,15,45.497243,15,open,False,True,False
-1.19,19,45.503097,19,closed,False,True,False
-1.15,15,45.50773,15,closed,False,True,False
-1.15,15,45.512436,15,closed,False,True,False
-1.17,17,45.517597,17,open,False,True,False
-1.15,15,45.522268,15,closed,False,True,False
-1.19,19,45.528124,19,closed,False,True,False
-1.15,15,45.532758,15,closed,False,True,False
-1.15,15,45.537317,15,open,False,True,False
-1.19,19,45.543165,19,closed,False,True,False
-1.19,19,45.548956,19,open,False,True,False
-1.17,17,45.554199,17,open,False,True,False
-1.19,19,45.56006,19,closed,False,True,False
-1.19,19,45.565869,19,closed,False,True,False
-1.17,17,45.571147,17,open,False,True,False
-1.17,17,45.576331,17,closed,False,True,False
-1.15,15,45.581044,15,closed,False,True,False
-1.19,19,45.586763,19,closed,False,True,False
-1.19,19,45.592598,19,open,False,True,False
-1.15,15,45.59733,15,closed,False,True,False
-1.17,17,45.602632,17,open,False,True,False
-1.15,15,45.607323,15,closed,False,True,False
-1.15,15,45.611962,15,open,False,True,False
-1.17,17,45.617191,17,closed,False,True,False
-1.15,15,45.621781,15,open,False,True,False
-1.17,17,45.626971,17,open,False,True,False
-1.19,19,45.6327,19,open,False,True,False
-1.15,15,45.637434,15,open,False,True,False
-1.19,19,45.824959,19,open,False,True,False
-1.15,15,45.829741,15,open,False,True,False
-1.15,15,45.83445,15,open,False,True,False
-1.15,15,45.838997,15,open,False,True,False
-1.19,19,45.844893,19,open,False,True,False
-1.15,15,45.84956,15,closed,False,True,False
-1.17,17,45.854865,17,closed,False,True,False
-1.17,17,45.860158,17,open,False,True,False
-1.19,19,45.865977,19,closed,False,True,False
-1.17,17,45.871196,17,closed,False,True,False
-1.19,19,45.876954,19,open,False,True,False
-1.15,15,45.881667,15,closed,False,True,False
-1.15,15,45.88646,15,open,False,True,False
-1.15,15,45.891074,15,open,False,True,False
-1.15,15,45.895793,15,closed,False,True,False
-1.17,17,45.901005,17,closed,False,True,False
-1.15,15,45.905799,15,open,False,True,False
-1.17,17,45.911071,17,closed,False,True,False
-1.17,17,45.916431,17,closed,False,True,False
-1.15,15,45.921031,15,closed,False,True,False
-1.15,15,45.925748,15,open,False,True,False
-1.19,19,45.931553,19,open,False,True,False
-1.15,15,45.936207,15,closed,False,True,False
-1.17,17,45.94145,17,closed,False,True,False
-1.17,17,45.94676,17,open,False,True,False
-1.15,15,45.951396,15,open,False,True,False
-1.17,17,45.95666,17,closed,False,True,False
-1.19,19,45.962441,19,closed,False,True,False
-1.19,19,45.968321,19,open,False,True,False
-1.19,19,45.97408,19,open,False,True,False
-1.17,17,45.979414,17,open,False,True,False
-1.15,15,45.984122,15,open,False,True,False
-1.15,15,45.988729,15,closed,False,True,False
-1.19,19,45.994533,19,open,False,True,False
-1.17,17,45.999782,17,closed,False,True,False
-1.19,19,46.005565,19,open,False,True,False
-1.15,15,46.010123,15,closed,False,True,False
-1.19,19,46.016006,19,closed,False,True,False
-1.15,15,46.02063,15,open,False,True,False
-1.19,19,46.026483,19,open,False,True,False
-1.17,17,46.031707,17,open,False,True,False
-1.15,15,46.036292,15,open,False,True,False
-1.19,19,46.042144,19,open,False,True,False
-1.19,19,46.047889,19,open,False,True,False
-1.17,17,46.053205,17,closed,False,True,False
-1.15,15,46.057901,15,open,False,True,False
-1.17,17,46.063191,17,open,False,True,False
-1.17,17,46.0685,17,open,False,True,False
-1.15,15,46.073128,15,closed,False,True,False
-1.17,17,46.078435,17,open,False,True,False
-1.19,19,46.08438,19,open,False,True,False
-1.17,17,46.089564,17,closed,False,True,False
-1.17,17,46.09479,17,open,False,True,False
-1.15,15,46.099373,15,open,False,True,False
-1.19,19,46.105239,19,closed,False,True,False
-1.15,15,46.109918,15,closed,False,True,False
-1.15,15,46.11466,15,open,False,True,False
-1.17,17,46.119818,17,closed,False,True,False
-1.17,17,46.125129,17,closed,False,True,False
-1.19,19,46.130913,19,open,False,True,False
-1.19,19,46.136813,19,closed,False,True,False
-1.17,17,46.141979,17,open,False,True,False
-1.15,15,46.146731,15,closed,False,True,False
-1.15,15,46.151377,15,open,False,True,False
-1.19,19,46.15725,19,closed,False,True,False
-1.17,17,46.162626,17,closed,False,True,False
-1.15,15,46.167387,15,open,False,True,False
-1.15,15,46.172022,15,open,False,True,False
-1.15,15,46.176712,15,closed,False,True,False
-1.17,17,46.181956,17,closed,False,True,False
-1.15,15,46.186597,15,open,False,True,False
-1.19,19,46.192415,19,open,False,True,False
-1.19,19,46.198374,19,closed,False,True,False
-1.19,19,46.204234,19,open,False,True,False
-1.19,19,46.21015,19,open,False,True,False
-1.19,19,46.215983,19,closed,False,True,False
-1.15,15,46.220531,15,open,False,True,False
-1.19,19,46.226307,19,closed,False,True,False
-1.19,19,46.232214,19,open,False,True,False
-1.19,19,46.237982,19,open,False,True,False
-1.19,19,46.243767,19,open,False,True,False
-1.15,15,46.248396,15,open,False,True,False
-1.19,19,46.25413,19,closed,False,True,False
-1.19,19,46.260122,19,closed,False,True,False
-1.19,19,46.26591,19,open,False,True,False
-1.19,19,46.27175,19,closed,False,True,False
-1.15,15,46.276438,15,open,False,True,False
-1.15,15,46.281163,15,open,False,True,False
-1.15,15,46.285774,15,open,False,True,False
-1.15,15,46.290488,15,open,False,True,False
-1.17,17,46.295744,17,open,False,True,False
-1.17,17,46.300922,17,open,False,True,False
-1.17,17,46.306183,17,closed,False,True,False
-1.17,17,46.311523,17,open,False,True,False
-1.15,15,46.316193,15,closed,False,True,False
-1.19,19,46.32203,19,closed,False,True,False
-1.15,15,46.326735,15,open,False,True,False
-1.15,15,46.331419,15,closed,False,True,False
-1.17,17,46.336603,17,closed,False,True,False
-1.19,19,46.342387,19,closed,False,True,False
-1.19,19,46.348119,19,open,False,True,False
-1.17,17,46.353308,17,closed,False,True,False
-1.15,15,46.358078,15,open,False,True,False
-1.19,19,46.363791,19,closed,False,True,False
-1.19,19,46.369525,19,open,False,True,False
-1.17,17,46.37485,17,open,False,True,False
-1.15,15,46.379462,15,open,False,True,False
-1.19,19,46.385308,19,open,False,True,False
-1.19,19,46.391043,19,closed,False,True,False
-1.19,19,46.396874,19,closed,False,True,False
-1.17,17,46.402095,17,closed,False,True,False
-1.19,19,46.407994,19,open,False,True,False
-1.15,15,46.412682,15,open,False,True,False
-1.19,19,46.418397,19,closed,False,True,False
-1.15,15,46.423104,15,closed,False,True,False
-1.19,19,46.428893,19,open,False,True,False
-1.15,15,46.433504,15,open,False,True,False
-1.19,19,46.439391,19,open,False,True,False
-1.15,15,46.444062,15,open,False,True,False
-1.17,17,46.4494,17,open,False,True,False
-1.19,19,46.455369,19,open,False,True,False
-1.19,19,46.622137,19,open,False,True,False
-1.17,17,46.627476,17,closed,False,True,False
-1.17,17,46.632774,17,closed,False,True,False
-1.17,17,46.638029,17,closed,False,True,False
-1.19,19,46.643826,19,open,False,True,False
-1.17,17,46.648962,17,open,False,True,False
-1.17,17,46.654275,17,closed,False,True,False
-1.19,19,46.660156,19,closed,False,True,False
-1.19,19,46.665926,19,closed,False,True,False
-1.19,19,46.6718,19,open,False,True,False
-1.15,15,46.676391,15,open,False,True,False
-1.15,15,46.681081,15,open,False,True,False
-1.17,17,46.686384,17,open,False,True,False
-1.15,15,46.691053,15,closed,False,True,False
-1.19,19,46.696832,19,closed,False,True,False
-1.19,19,46.702698,19,open,False,True,False
-1.19,19,46.708678,19,closed,False,True,False
-1.15,15,46.713194,15,closed,False,True,False
-1.15,15,46.717781,15,open,False,True,False
-1.17,17,46.722855,17,open,False,True,False
-1.15,15,46.727393,15,closed,False,True,False
-1.17,17,46.732522,17,closed,False,True,False
-1.15,15,46.737117,15,open,False,True,False
-1.19,19,46.742749,19,open,False,True,False
-1.17,17,46.747833,17,closed,False,True,False
-1.19,19,46.753597,19,closed,False,True,False
-1.15,15,46.758153,15,open,False,True,False
-1.19,19,46.763796,19,closed,False,True,False
-1.17,17,46.769,17,closed,False,True,False
-1.15,15,46.77355,15,closed,False,True,False
-1.17,17,46.778569,17,open,False,True,False
-1.17,17,46.783621,17,open,False,True,False
-1.15,15,46.788162,15,open,False,True,False
-1.19,19,46.793897,19,open,False,True,False
-1.19,19,46.799517,19,open,False,True,False
-1.17,17,46.804593,17,open,False,True,False
-1.19,19,46.810363,19,closed,False,True,False
-1.15,15,46.814854,15,open,False,True,False
-1.17,17,46.819993,17,open,False,True,False
-1.15,15,46.824491,15,open,False,True,False
-1.15,15,46.829015,15,open,False,True,False
-1.17,17,46.834144,17,open,False,True,False
-1.19,19,46.839817,19,open,False,True,False
-1.17,17,46.844867,17,open,False,True,False
-1.15,15,46.849408,15,open,False,True,False
-1.15,15,46.85395,15,open,False,True,False
-1.15,15,46.858446,15,open,False,True,False
-1.19,19,46.864069,19,closed,False,True,False
-1.17,17,46.86908,17,closed,False,True,False
-1.19,19,46.874855,19,closed,False,True,False
-1.17,17,46.879986,17,closed,False,True,False
-1.15,15,46.884484,15,closed,False,True,False
-1.15,15,46.889124,15,closed,False,True,False
-1.15,15,46.893628,15,open,False,True,False
-1.15,15,46.8981,15,closed,False,True,False
-1.15,15,46.902664,15,open,False,True,False
-1.15,15,46.90725,15,open,False,True,False
-1.19,19,46.912927,19,open,False,True,False
-1.15,15,46.917411,15,open,False,True,False
-1.17,17,46.922564,17,closed,False,True,False
-1.15,15,46.927136,15,open,False,True,False
-1.17,17,46.932291,17,open,False,True,False
-1.19,19,46.937877,19,closed,False,True,False
-1.15,15,46.942512,15,open,False,True,False
-1.15,15,46.947012,15,open,False,True,False
-1.19,19,46.952601,19,closed,False,True,False
-1.17,17,46.957762,17,closed,False,True,False
-1.19,19,46.963391,19,open,False,True,False
-1.19,19,46.969091,19,closed,False,True,False
-1.17,17,46.974163,17,closed,False,True,False
-1.15,15,46.978734,15,open,False,True,False
-1.19,19,46.984347,19,closed,False,True,False
-1.19,19,46.990131,19,open,False,True,False
-1.19,19,46.995934,19,closed,False,True,False
-1.17,17,47.001069,17,closed,False,True,False
-1.17,17,47.006187,17,closed,False,True,False
-1.19,19,47.011777,19,closed,False,True,False
-1.17,17,47.01687,17,closed,False,True,False
-1.19,19,47.022536,19,closed,False,True,False
-1.17,17,47.027614,17,open,False,True,False
-1.19,19,47.033284,19,open,False,True,False
-1.15,15,47.037781,15,open,False,True,False
-1.19,19,47.043517,19,open,False,True,False
-1.17,17,47.048579,17,open,False,True,False
-1.15,15,47.053193,15,closed,False,True,False
-1.19,19,47.058933,19,open,False,True,False
-1.19,19,47.064618,19,closed,False,True,False
-1.19,19,47.070336,19,closed,False,True,False
-1.19,19,47.076019,19,open,False,True,False
-1.17,17,47.081197,17,open,False,True,False
-1.17,17,47.086252,17,open,False,True,False
-1.17,17,47.091333,17,closed,False,True,False
-1.19,19,47.09706,19,closed,False,True,False
-1.19,19,47.102744,19,open,False,True,False
-1.19,19,47.108385,19,closed,False,True,False
-1.19,19,47.114087,19,open,False,True,False
-1.19,19,47.119633,19,open,False,True,False
-1.17,17,47.124781,17,open,False,True,False
-1.17,17,47.129897,17,open,False,True,False
-1.15,15,47.134465,15,open,False,True,False
-1.15,15,47.138972,15,open,False,True,False
-1.19,19,47.144667,19,open,False,True,False
-1.19,19,47.150253,19,open,False,True,False
-1.15,15,47.154881,15,closed,False,True,False
-1.19,19,47.160611,19,open,False,True,False
-1.19,19,47.16622,19,closed,False,True,False
-1.17,17,47.171386,17,open,False,True,False
-1.17,17,47.176423,17,closed,False,True,False
-1.19,19,47.182039,19,closed,False,True,False
-1.19,19,47.187788,19,closed,False,True,False
-1.19,19,47.193426,19,closed,False,True,False
-1.15,15,47.197904,15,open,False,True,False
-1.19,19,47.203609,19,open,False,True,False
-1.19,19,47.209324,19,open,False,True,False
-1.15,15,47.2138,15,closed,False,True,False
-1.17,17,47.218804,17,open,False,True,False
-1.17,17,47.223985,17,open,False,True,False
-1.15,15,47.228487,15,open,False,True,False
-1.17,17,47.233447,17,open,False,True,False
-1.19,19,47.390603,19,closed,False,True,False
-1.19,19,47.396481,19,closed,False,True,False
-1.15,15,47.401103,15,open,False,True,False
-1.15,15,47.405753,15,open,False,True,False
-1.19,19,47.411493,19,closed,False,True,False
-1.15,15,47.415999,15,closed,False,True,False
-1.17,17,47.42134,17,open,False,True,False
-1.19,19,47.427043,19,open,False,True,False
-1.15,15,47.431682,15,closed,False,True,False
-1.19,19,47.437492,19,open,False,True,False
-1.17,17,47.442919,17,open,False,True,False
-1.15,15,47.447659,15,open,False,True,False
-1.15,15,47.452177,15,closed,False,True,False
-1.15,15,47.456982,15,open,False,True,False
-1.17,17,47.462081,17,open,False,True,False
-1.15,15,47.466578,15,open,False,True,False
-1.19,19,47.472292,19,closed,False,True,False
-1.15,15,47.476851,15,open,False,True,False
-1.19,19,47.482605,19,open,False,True,False
-1.15,15,47.487163,15,closed,False,True,False
-1.19,19,47.492992,19,closed,False,True,False
-1.15,15,47.497513,15,closed,False,True,False
-1.15,15,47.50209,15,closed,False,True,False
-1.15,15,47.506752,15,closed,False,True,False
-1.17,17,47.511956,17,closed,False,True,False
-1.17,17,47.517109,17,open,False,True,False
-1.17,17,47.522333,17,closed,False,True,False
-1.15,15,47.526867,15,closed,False,True,False
-1.19,19,47.532521,19,closed,False,True,False
-1.19,19,47.538418,19,closed,False,True,False
-1.19,19,47.544148,19,open,False,True,False
-1.17,17,47.549203,17,open,False,True,False
-1.19,19,47.554974,19,open,False,True,False
-1.15,15,47.559492,15,closed,False,True,False
-1.15,15,47.56409,15,closed,False,True,False
-1.17,17,47.569179,17,open,False,True,False
-1.17,17,47.574529,17,open,False,True,False
-1.15,15,47.579165,15,closed,False,True,False
-1.19,19,47.584842,19,closed,False,True,False
-1.17,17,47.590364,17,open,False,True,False
-1.19,19,47.596115,19,closed,False,True,False
-1.17,17,47.601303,17,closed,False,True,False
-1.15,15,47.606016,15,closed,False,True,False
-1.17,17,47.611113,17,open,False,True,False
-1.15,15,47.615758,15,open,False,True,False
-1.15,15,47.620516,15,open,False,True,False
-1.19,19,47.626194,19,open,False,True,False
-1.19,19,47.631923,19,open,False,True,False
-1.17,17,47.637203,17,closed,False,True,False
-1.19,19,47.643016,19,open,False,True,False
-1.15,15,47.64761,15,open,False,True,False
-1.19,19,47.653329,19,open,False,True,False
-1.17,17,47.658645,17,closed,False,True,False
-1.19,19,47.664436,19,open,False,True,False
-1.15,15,47.669069,15,open,False,True,False
-1.15,15,47.67368,15,open,False,True,False
-1.19,19,47.679408,19,open,False,True,False
-1.15,15,47.683998,15,open,False,True,False
-1.19,19,47.689847,19,closed,False,True,False
-1.17,17,47.69491,17,closed,False,True,False
-1.19,19,47.700566,19,closed,False,True,False
-1.19,19,47.706434,19,open,False,True,False
-1.15,15,47.711046,15,open,False,True,False
-1.19,19,47.716787,19,closed,False,True,False
-1.19,19,47.722664,19,open,False,True,False
-1.17,17,47.727741,17,open,False,True,False
-1.15,15,47.732217,15,closed,False,True,False
-1.19,19,47.738005,19,closed,False,True,False
-1.19,19,47.743648,19,closed,False,True,False
-1.17,17,47.748812,17,open,False,True,False
-1.17,17,47.754049,17,open,False,True,False
-1.19,19,47.759821,19,closed,False,True,False
-1.17,17,47.764937,17,closed,False,True,False
-1.15,15,47.769555,15,closed,False,True,False
-1.19,19,47.775412,19,open,False,True,False
-1.17,17,47.780449,17,open,False,True,False
-1.19,19,47.786014,19,closed,False,True,False
-1.19,19,47.791899,19,open,False,True,False
-1.17,17,47.79699,17,open,False,True,False
-1.15,15,47.80152,15,closed,False,True,False
-1.17,17,47.806756,17,open,False,True,False
-1.15,15,47.811311,15,closed,False,True,False
-1.17,17,47.816481,17,open,False,True,False
-1.19,19,47.822332,19,closed,False,True,False
-1.19,19,47.828102,19,closed,False,True,False
-1.15,15,47.83264,15,closed,False,True,False
-1.19,19,47.838419,19,closed,False,True,False
-1.19,19,47.844062,19,open,False,True,False
-1.15,15,47.848695,15,open,False,True,False
-1.17,17,47.853869,17,closed,False,True,False
-1.15,15,47.85853,15,closed,False,True,False
-1.17,17,47.863675,17,closed,False,True,False
-1.15,15,47.868237,15,closed,False,True,False
-1.19,19,47.874012,19,closed,False,True,False
-1.17,17,47.879137,17,open,False,True,False
-1.17,17,47.88431,17,open,False,True,False
-1.15,15,47.888912,15,open,False,True,False
-1.17,17,47.894139,17,open,False,True,False
-1.15,15,47.89863,15,open,False,True,False
-1.15,15,47.903193,15,open,False,True,False
-1.17,17,47.908394,17,closed,False,True,False
-1.15,15,47.91298,15,closed,False,True,False
-1.15,15,47.917586,15,open,False,True,False
-1.15,15,47.922157,15,open,False,True,False
-1.17,17,47.92742,17,open,False,True,False
-1.15,15,47.932049,15,open,False,True,False
-1.15,15,47.936695,15,open,False,True,False
-1.15,15,47.941225,15,closed,False,True,False
-1.15,15,47.945838,15,open,False,True,False
-1.15,15,47.950303,15,open,False,True,False
-1.19,19,47.956211,19,open,False,True,False
-1.17,17,47.961325,17,closed,False,True,False
-1.15,15,47.965948,15,open,False,True,False
-1.17,17,47.971207,17,open,False,True,False
-1.19,19,47.976829,19,open,False,True,False
-1.19,19,47.982612,19,open,False,True,False
-1.15,15,47.987267,15,closed,False,True,False
-1.19,19,47.992976,19,closed,False,True,False
-1.19,19,47.998602,19,closed,False,True,False
-1.15,15,48.003132,15,closed,False,True,False
-1.19,19,48.008911,19,open,False,True,False
-1.17,17,48.166634,17,open,False,True,False
-1.15,15,48.171347,15,closed,False,True,False
-1.17,17,48.176463,17,closed,False,True,False
-1.17,17,48.181552,17,closed,False,True,False
-1.17,17,48.186679,17,closed,False,True,False
-1.17,17,48.191803,17,open,False,True,False
-1.15,15,48.196403,15,open,False,True,False
-1.15,15,48.201174,15,closed,False,True,False
-1.19,19,48.206852,19,open,False,True,False
-1.19,19,48.212638,19,open,False,True,False
-1.17,17,48.217754,17,closed,False,True,False
-1.15,15,48.222214,15,open,False,True,False
-1.15,15,48.226777,15,closed,False,True,False
-1.17,17,48.232029,17,closed,False,True,False
-1.15,15,48.236614,15,open,False,True,False
-1.19,19,48.242336,19,open,False,True,False
-1.19,19,48.248159,19,closed,False,True,False
-1.15,15,48.252953,15,closed,False,True,False
-1.19,19,48.258672,19,open,False,True,False
-1.19,19,48.264447,19,open,False,True,False
-1.17,17,48.269617,17,closed,False,True,False
-1.19,19,48.275336,19,open,False,True,False
-1.17,17,48.280447,17,open,False,True,False
-1.17,17,48.285563,17,open,False,True,False
-1.17,17,48.290722,17,open,False,True,False
-1.19,19,48.296424,19,closed,False,True,False
-1.15,15,48.300997,15,open,False,True,False
-1.17,17,48.306187,17,open,False,True,False
-1.15,15,48.310889,15,closed,False,True,False
-1.17,17,48.316013,17,closed,False,True,False
-1.15,15,48.320704,15,closed,False,True,False
-1.15,15,48.325234,15,open,False,True,False
-1.15,15,48.329893,15,open,False,True,False
-1.15,15,48.33448,15,open,False,True,False
-1.17,17,48.339604,17,open,False,True,False
-1.17,17,48.344784,17,closed,False,True,False
-1.15,15,48.349372,15,closed,False,True,False
-1.15,15,48.353979,15,closed,False,True,False
-1.15,15,48.358671,15,open,False,True,False
-1.17,17,48.363901,17,open,False,True,False
-1.19,19,48.369533,19,open,False,True,False
-1.19,19,48.375268,19,closed,False,True,False
-1.17,17,48.380284,17,closed,False,True,False
-1.17,17,48.385448,17,open,False,True,False
-1.15,15,48.390022,15,closed,False,True,False
-1.17,17,48.395219,17,open,False,True,False
-1.17,17,48.400375,17,closed,False,True,False
-1.17,17,48.405572,17,closed,False,True,False
-1.15,15,48.410153,15,open,False,True,False
-1.17,17,48.415347,17,closed,False,True,False
-1.17,17,48.420589,17,open,False,True,False
-1.19,19,48.426331,19,closed,False,True,False
-1.19,19,48.432099,19,closed,False,True,False
-1.17,17,48.437152,17,open,False,True,False
-1.15,15,48.441671,15,open,False,True,False
-1.19,19,48.447598,19,open,False,True,False
-1.19,19,48.453292,19,closed,False,True,False
-1.19,19,48.458931,19,open,False,True,False
-1.19,19,48.464612,19,open,False,True,False
-1.15,15,48.469177,15,open,False,True,False
-1.19,19,48.474898,19,closed,False,True,False
-1.17,17,48.47999,17,open,False,True,False
-1.17,17,48.485136,17,open,False,True,False
-1.19,19,48.490878,19,closed,False,True,False
-1.15,15,48.495384,15,open,False,True,False
-1.15,15,48.499986,15,closed,False,True,False
-1.15,15,48.504603,15,open,False,True,False
-1.17,17,48.509678,17,open,False,True,False
-1.19,19,48.515313,19,closed,False,True,False
-1.19,19,48.521116,19,open,False,True,False
-1.17,17,48.526193,17,closed,False,True,False
-1.19,19,48.53187,19,open,False,True,False
-1.19,19,48.537639,19,open,False,True,False
-1.15,15,48.542173,15,closed,False,True,False
-1.19,19,48.547875,19,closed,False,True,False
-1.15,15,48.552469,15,closed,False,True,False
-1.17,17,48.557654,17,open,False,True,False
-1.15,15,48.562246,15,open,False,True,False
-1.17,17,48.567389,17,open,False,True,False
-1.19,19,48.573145,19,open,False,True,False
-1.15,15,48.57777,15,closed,False,True,False
-1.17,17,48.58291,17,open,False,True,False
-1.19,19,48.588622,19,closed,False,True,False
-1.17,17,48.59372,17,open,False,True,False
-1.19,19,48.599494,19,open,False,True,False
-1.19,19,48.605474,19,open,False,True,False
-1.17,17,48.610703,17,open,False,True,False
-1.19,19,48.616319,19,open,False,True,False
-1.19,19,48.622072,19,closed,False,True,False
-1.17,17,48.627148,17,closed,False,True,False
-1.19,19,48.632772,19,open,False,True,False
-1.15,15,48.637365,15,open,False,True,False
-1.15,15,48.641831,15,open,False,True,False
-1.19,19,48.647544,19,open,False,True,False
-1.17,17,48.652716,17,open,False,True,False
-1.19,19,48.658474,19,open,False,True,False
-1.17,17,48.663565,17,open,False,True,False
-1.17,17,48.668682,17,closed,False,True,False
-1.17,17,48.673849,17,open,False,True,False
-1.15,15,48.67845,15,closed,False,True,False
-1.15,15,48.682977,15,closed,False,True,False
-1.15,15,48.687518,15,open,False,True,False
-1.17,17,48.693021,17,closed,False,True,False
-1.17,17,48.698194,17,open,False,True,False
-1.17,17,48.703325,17,closed,False,True,False
-1.15,15,48.707815,15,open,False,True,False
-1.17,17,48.713004,17,closed,False,True,False
-1.15,15,48.717646,15,closed,False,True,False
-1.19,19,48.723349,19,closed,False,True,False
-1.19,19,48.728991,19,open,False,True,False
-1.19,19,48.734734,19,open,False,True,False
-1.15,15,48.739191,15,open,False,True,False
-1.15,15,48.74367,15,closed,False,True,False
-1.17,17,48.748765,17,open,False,True,False
-1.15,15,48.753399,15,closed,False,True,False
-1.17,17,48.758509,17,closed,False,True,False
-1.19,19,48.764203,19,open,False,True,False
-1.19,19,48.769926,19,closed,False,True,False
-1.19,19,48.775587,19,closed,False,True,False
-1.17,17,48.780746,17,open,False,True,False
-1.15,15,48.935462,15,closed,False,True,False
-1.15,15,48.940131,15,open,False,True,False
-1.15,15,48.944858,15,open,False,True,False
-1.19,19,48.950516,19,open,False,True,False
-1.15,15,48.955124,15,closed,False,True,False
-1.19,19,48.960833,19,closed,False,True,False
-1.19,19,48.966561,19,open,False,True,False
-1.17,17,48.971714,17,open,False,True,False
-1.15,15,48.97631,15,open,False,True,False
-1.19,19,48.981955,19,open,False,True,False
-1.17,17,48.987001,17,open,False,True,False
-1.15,15,48.991637,15,open,False,True,False
-1.19,19,48.997383,19,open,False,True,False
-1.17,17,49.002583,17,closed,False,True,False
-1.19,19,49.008375,19,closed,False,True,False
-1.19,19,49.014071,19,closed,False,True,False
-1.15,15,49.018631,15,open,False,True,False
-1.17,17,49.023885,17,open,False,True,False
-1.15,15,49.028513,15,open,False,True,False
-1.17,17,49.03354,17,open,False,True,False
-1.15,15,49.038155,15,closed,False,True,False
-1.19,19,49.043831,19,closed,False,True,False
-1.15,15,49.048439,15,closed,False,True,False
-1.15,15,49.052969,15,open,False,True,False
-1.19,19,49.058687,19,closed,False,True,False
-1.19,19,49.064281,19,closed,False,True,False
-1.19,19,49.069885,19,open,False,True,False
-1.19,19,49.075637,19,closed,False,True,False
-1.19,19,49.081385,19,open,False,True,False
-1.15,15,49.085998,15,open,False,True,False
-1.15,15,49.090473,15,open,False,True,False
-1.15,15,49.095113,15,closed,False,True,False
-1.19,19,49.100758,19,open,False,True,False
-1.19,19,49.106456,19,closed,False,True,False
-1.15,15,49.111095,15,closed,False,True,False
-1.19,19,49.116838,19,open,False,True,False
-1.15,15,49.121292,15,open,False,True,False
-1.15,15,49.125834,15,closed,False,True,False
-1.17,17,49.130991,17,closed,False,True,False
-1.17,17,49.136185,17,open,False,True,False
-1.15,15,49.1408,15,closed,False,True,False
-1.15,15,49.145477,15,open,False,True,False
-1.15,15,49.150005,15,closed,False,True,False
-1.19,19,49.155783,19,open,False,True,False
-1.17,17,49.160847,17,closed,False,True,False
-1.19,19,49.166599,19,open,False,True,False
-1.15,15,49.171131,15,open,False,True,False
-1.15,15,49.175627,15,open,False,True,False
-1.15,15,49.180249,15,closed,False,True,False
-1.17,17,49.185444,17,open,False,True,False
-1.15,15,49.190109,15,closed,False,True,False
-1.19,19,49.19576,19,closed,False,True,False
-1.19,19,49.201398,19,closed,False,True,False
-1.19,19,49.206996,19,open,False,True,False
-1.17,17,49.212201,17,closed,False,True,False
-1.15,15,49.216805,15,closed,False,True,False
-1.15,15,49.221484,15,open,False,True,False
-1.19,19,49.2271,19,open,False,True,False
-1.15,15,49.231669,15,open,False,True,False
-1.15,15,49.23633,15,open,False,True,False
-1.15,15,49.240805,15,closed,False,True,False
-1.17,17,49.246072,17,open,False,True,False
-1.15,15,49.250693,15,open,False,True,False
-1.15,15,49.255339,15,open,False,True,False
-1.17,17,49.260461,17,open,False,True,False
-1.17,17,49.265673,17,closed,False,True,False
-1.19,19,49.271458,19,open,False,True,False
-1.15,15,49.27599,15,closed,False,True,False
-1.17,17,49.28123,17,open,False,True,False
-1.17,17,49.286287,17,closed,False,True,False
-1.17,17,49.291558,17,closed,False,True,False
-1.17,17,49.296762,17,closed,False,True,False
-1.19,19,49.302391,19,open,False,True,False
-1.19,19,49.308199,19,closed,False,True,False
-1.15,15,49.312847,15,closed,False,True,False
-1.15,15,49.317331,15,closed,False,True,False
-1.15,15,49.321858,15,closed,False,True,False
-1.19,19,49.327518,19,open,False,True,False
-1.15,15,49.332113,15,closed,False,True,False
-1.17,17,49.33725,17,closed,False,True,False
-1.15,15,49.341832,15,closed,False,True,False
-1.17,17,49.347021,17,closed,False,True,False
-1.19,19,49.352774,19,closed,False,True,False
-1.17,17,49.358104,17,open,False,True,False
-1.19,19,49.363818,19,closed,False,True,False
-1.19,19,49.369546,19,closed,False,True,False
-1.15,15,49.374146,15,closed,False,True,False
-1.17,17,49.379372,17,closed,False,True,False
-1.17,17,49.384538,17,closed,False,True,False
-1.15,15,49.389082,15,open,False,True,False
-1.17,17,49.394308,17,open,False,True,False
-1.17,17,49.399412,17,closed,False,True,False
-1.19,19,49.405049,19,open,False,True,False
-1.19,19,49.410713,19,closed,False,True,False
-1.17,17,49.415776,17,open,False,True,False
-1.15,15,49.420401,15,closed,False,True,False
-1.15,15,49.425052,15,open,False,True,False
-1.19,19,49.430845,19,closed,False,True,False
-1.19,19,49.436483,19,closed,False,True,False
-1.19,19,49.44245,19,closed,False,True,False
-1.15,15,49.447081,15,open,False,True,False
-1.17,17,49.452221,17,closed,False,True,False
-1.17,17,49.457548,17,open,False,True,False
-1.17,17,49.462733,17,open,False,True,False
-1.17,17,49.467912,17,open,False,True,False
-1.19,19,49.473567,19,open,False,True,False
-1.17,17,49.478785,17,closed,False,True,False
-1.19,19,49.484468,19,closed,False,True,False
-1.15,15,49.489051,15,closed,False,True,False
-1.15,15,49.493625,15,closed,False,True,False
-1.17,17,49.498794,17,closed,False,True,False
-1.17,17,49.503873,17,closed,False,True,False
-1.15,15,49.512815,15,closed,False,True,False
-1.15,15,49.517655,15,closed,False,True,False
-1.15,15,49.522425,15,open,False,True,False
-1.15,15,49.527029,15,open,False,True,False
-1.17,17,49.532094,17,closed,False,True,False
-1.17,17,49.537249,17,open,False,True,False
-1.19,19,49.542949,19,closed,False,True,False
-1.17,17,49.54809,17,closed,False,True,False
-1.17,17,49.553185,17,open,False,True,False
-1.19,19,49.558856,19,closed,False,True,False
-1.19,19,49.716432,19,open,False,True,False
-1.17,17,49.721792,17,open,False,True,False
-1.19,19,49.727514,19,open,False,True,False
-1.19,19,49.733347,19,open,False,True,False
-1.19,19,49.739028,19,closed,False,True,False
-1.15,15,49.743707,15,open,False,True,False
-1.17,17,49.748857,17,closed,False,True,False
-1.19,19,49.754641,19,closed,False,True,False
-1.17,17,49.759877,17,closed,False,True,False
-1.17,17,49.765001,17,open,False,True,False
-1.15,15,49.769656,15,open,False,True,False
-1.15,15,49.77437,15,closed,False,True,False
-1.17,17,49.779474,17,closed,False,True,False
-1.15,15,49.78409,15,closed,False,True,False
-1.15,15,49.788681,15,closed,False,True,False
-1.17,17,49.793848,17,closed,False,True,False
-1.17,17,49.799035,17,open,False,True,False
-1.17,17,49.804265,17,closed,False,True,False
-1.15,15,49.808981,15,open,False,True,False
-1.15,15,49.813672,15,open,False,True,False
-1.17,17,49.818844,17,open,False,True,False
-1.15,15,49.823513,15,open,False,True,False
-1.17,17,49.828614,17,open,False,True,False
-1.15,15,49.833135,15,open,False,True,False
-1.19,19,49.838929,19,closed,False,True,False
-1.17,17,49.844076,17,closed,False,True,False
-1.19,19,49.849877,19,open,False,True,False
-1.15,15,49.854547,15,open,False,True,False
-1.19,19,49.860239,19,closed,False,True,False
-1.15,15,49.864895,15,closed,False,True,False
-1.15,15,49.869406,15,open,False,True,False
-1.17,17,49.874637,17,open,False,True,False
-1.17,17,49.879838,17,closed,False,True,False
-1.15,15,49.884624,15,open,False,True,False
-1.19,19,49.890305,19,closed,False,True,False
-1.17,17,49.89553,17,closed,False,True,False
-1.19,19,49.90121,19,closed,False,True,False
-1.15,15,49.905707,15,open,False,True,False
-1.15,15,49.910268,15,closed,False,True,False
-1.15,15,49.914795,15,closed,False,True,False
-1.15,15,49.919375,15,closed,False,True,False
-1.19,19,49.924999,19,closed,False,True,False
-1.17,17,49.930136,17,open,False,True,False
-1.15,15,49.934737,15,open,False,True,False
-1.17,17,49.939942,17,closed,False,True,False
-1.19,19,49.945635,19,closed,False,True,False
-1.17,17,49.950673,17,closed,False,True,False
-1.19,19,49.956463,19,open,False,True,False
-1.15,15,49.960993,15,closed,False,True,False
-1.19,19,49.966722,19,open,False,True,False
-1.19,19,49.972442,19,closed,False,True,False
-1.17,17,49.977658,17,closed,False,True,False
-1.15,15,49.982273,15,closed,False,True,False
-1.17,17,49.987503,17,open,False,True,False
-1.17,17,49.992719,17,open,False,True,False
-1.19,19,49.998502,19,closed,False,True,False
-1.17,17,50.00368,17,open,False,True,False
-1.19,19,50.009444,19,closed,False,True,False
-1.15,15,50.013944,15,closed,False,True,False
-1.15,15,50.018526,15,open,False,True,False
-1.17,17,50.023639,17,open,False,True,False
-1.19,19,50.029366,19,open,False,True,False
-1.15,15,50.033807,15,closed,False,True,False
-1.19,19,50.039566,19,open,False,True,False
-1.15,15,50.044218,15,open,False,True,False
-1.19,19,50.049978,19,open,False,True,False
-1.17,17,50.055056,17,open,False,True,False
-1.17,17,50.06017,17,open,False,True,False
-1.17,17,50.065617,17,closed,False,True,False
-1.17,17,50.070877,17,closed,False,True,False
-1.17,17,50.076087,17,closed,False,True,False
-1.19,19,50.081963,19,open,False,True,False
-1.17,17,50.087326,17,closed,False,True,False
-1.15,15,50.091994,15,closed,False,True,False
-1.17,17,50.097109,17,open,False,True,False
-1.19,19,50.102853,19,closed,False,True,False
-1.19,19,50.108532,19,open,False,True,False
-1.19,19,50.114213,19,open,False,True,False
-1.19,19,50.11988,19,closed,False,True,False
-1.19,19,50.125563,19,open,False,True,False
-1.17,17,50.130713,17,open,False,True,False
-1.19,19,50.136347,19,open,False,True,False
-1.15,15,50.141087,15,closed,False,True,False
-1.17,17,50.146219,17,open,False,True,False
-1.19,19,50.151896,19,closed,False,True,False
-1.15,15,50.156463,15,closed,False,True,False
-1.17,17,50.161665,17,open,False,True,False
-1.19,19,50.167499,19,closed,False,True,False
-1.15,15,50.172103,15,open,False,True,False
-1.15,15,50.176738,15,closed,False,True,False
-1.15,15,50.181235,15,open,False,True,False
-1.17,17,50.186477,17,open,False,True,False
-1.17,17,50.191678,17,open,False,True,False
-1.17,17,50.197022,17,open,False,True,False
-1.19,19,50.20285,19,closed,False,True,False
-1.17,17,50.208009,17,closed,False,True,False
-1.19,19,50.213767,19,open,False,True,False
-1.15,15,50.21823,15,closed,False,True,False
-1.15,15,50.222949,15,closed,False,True,False
-1.15,15,50.227612,15,open,False,True,False
-1.15,15,50.232192,15,closed,False,True,False
-1.19,19,50.237872,19,open,False,True,False
-1.19,19,50.24347,19,closed,False,True,False
-1.19,19,50.249181,19,closed,False,True,False
-1.17,17,50.254483,17,closed,False,True,False
-1.15,15,50.259168,15,open,False,True,False
-1.19,19,50.264965,19,closed,False,True,False
-1.15,15,50.269556,15,open,False,True,False
-1.15,15,50.274252,15,open,False,True,False
-1.17,17,50.279459,17,closed,False,True,False
-1.17,17,50.284794,17,closed,False,True,False
-1.19,19,50.290596,19,open,False,True,False
-1.17,17,50.295707,17,closed,False,True,False
-1.19,19,50.301419,19,closed,False,True,False
-1.15,15,50.306013,15,closed,False,True,False
-1.15,15,50.31052,15,open,False,True,False
-1.19,19,50.316138,19,closed,False,True,False
-1.19,19,50.321848,19,open,False,True,False
-1.19,19,50.3276,19,closed,False,True,False
-1.15,15,50.332129,15,closed,False,True,False
-1.17,17,50.486141,17,closed,False,True,False
-1.17,17,50.49152,17,open,False,True,False
-1.17,17,50.496778,17,closed,False,True,False
-1.17,17,50.501998,17,open,False,True,False
-1.19,19,50.507836,19,open,False,True,False
-1.15,15,50.512425,15,open,False,True,False
-1.17,17,50.517594,17,closed,False,True,False
-1.15,15,50.522262,15,open,False,True,False
-1.17,17,50.527451,17,open,False,True,False
-1.17,17,50.532636,17,open,False,True,False
-1.19,19,50.538487,19,closed,False,True,False
-1.15,15,50.543069,15,open,False,True,False
-1.19,19,50.548905,19,open,False,True,False
-1.19,19,50.554637,19,closed,False,True,False
-1.19,19,50.560483,19,open,False,True,False
-1.19,19,50.566354,19,open,False,True,False
-1.15,15,50.571041,15,open,False,True,False
-1.19,19,50.576857,19,open,False,True,False
-1.17,17,50.582106,17,open,False,True,False
-1.17,17,50.587383,17,open,False,True,False
-1.15,15,50.592086,15,open,False,True,False
-1.17,17,50.597307,17,open,False,True,False
-1.15,15,50.601838,15,closed,False,True,False
-1.17,17,50.607121,17,closed,False,True,False
-1.19,19,50.612844,19,closed,False,True,False
-1.19,19,50.618654,19,open,False,True,False
-1.19,19,50.624378,19,closed,False,True,False
-1.15,15,50.629051,15,open,False,True,False
-1.15,15,50.633668,15,open,False,True,False
-1.19,19,50.639462,19,open,False,True,False
-1.15,15,50.644172,15,open,False,True,False
-1.17,17,50.649335,17,closed,False,True,False
-1.19,19,50.655245,19,closed,False,True,False
-1.15,15,50.659858,15,closed,False,True,False
-1.17,17,50.665115,17,open,False,True,False
-1.15,15,50.669726,15,closed,False,True,False
-1.15,15,50.674424,15,closed,False,True,False
-1.17,17,50.679611,17,open,False,True,False
-1.17,17,50.684792,17,open,False,True,False
-1.17,17,50.690026,17,closed,False,True,False
-1.17,17,50.695259,17,closed,False,True,False
-1.17,17,50.70041,17,open,False,True,False
-1.15,15,50.705029,15,closed,False,True,False
-1.17,17,50.710341,17,open,False,True,False
-1.15,15,50.71515,15,open,False,True,False
-1.17,17,50.720343,17,closed,False,True,False
-1.17,17,50.725542,17,open,False,True,False
-1.15,15,50.73006,15,open,False,True,False
-1.15,15,50.734729,15,closed,False,True,False
-1.19,19,50.740516,19,open,False,True,False
-1.15,15,50.745061,15,closed,False,True,False
-1.15,15,50.749695,15,open,False,True,False
-1.15,15,50.75428,15,open,False,True,False
-1.15,15,50.759001,15,closed,False,True,False
-1.19,19,50.764784,19,closed,False,True,False
-1.17,17,50.769965,17,open,False,True,False
-1.15,15,50.77481,15,closed,False,True,False
-1.19,19,50.780659,19,closed,False,True,False
-1.17,17,50.785778,17,closed,False,True,False
-1.17,17,50.791114,17,closed,False,True,False
-1.17,17,50.796325,17,open,False,True,False
-1.15,15,50.800878,15,closed,False,True,False
-1.19,19,50.806651,19,open,False,True,False
-1.19,19,50.812343,19,closed,False,True,False
-1.15,15,50.817066,15,closed,False,True,False
-1.19,19,50.822677,19,closed,False,True,False
-1.19,19,50.828544,19,open,False,True,False
-1.17,17,50.833631,17,open,False,True,False
-1.17,17,50.83896,17,closed,False,True,False
-1.15,15,50.843676,15,closed,False,True,False
-1.19,19,50.849534,19,closed,False,True,False
-1.19,19,50.855381,19,open,False,True,False
-1.19,19,50.861106,19,closed,False,True,False
-1.15,15,50.865652,15,closed,False,True,False
-1.15,15,50.870314,15,closed,False,True,False
-1.17,17,50.875569,17,open,False,True,False
-1.15,15,50.880074,15,open,False,True,False
-1.17,17,50.885214,17,open,False,True,False
-1.15,15,50.889962,15,closed,False,True,False
-1.17,17,50.8952,17,closed,False,True,False
-1.15,15,50.89971,15,closed,False,True,False
-1.15,15,50.904336,15,closed,False,True,False
-1.17,17,50.909452,17,open,False,True,False
-1.19,19,50.915255,19,open,False,True,False
-1.19,19,50.921078,19,open,False,True,False
-1.19,19,50.926799,19,closed,False,True,False
-1.15,15,50.931458,15,open,False,True,False
-1.19,19,50.937343,19,open,False,True,False
-1.15,15,50.942053,15,open,False,True,False
-1.19,19,50.947821,19,open,False,True,False
-1.19,19,50.953588,19,closed,False,True,False
-1.15,15,50.958213,15,closed,False,True,False
-1.19,19,50.9642,19,open,False,True,False
-1.15,15,50.968851,15,closed,False,True,False
-1.17,17,50.974229,17,closed,False,True,False
-1.15,15,50.978914,15,closed,False,True,False
-1.19,19,50.984601,19,closed,False,True,False
-1.19,19,50.99044,19,open,False,True,False
-1.19,19,50.996105,19,open,False,True,False
-1.15,15,51.000607,15,closed,False,True,False
-1.17,17,51.005681,17,open,False,True,False
-1.19,19,51.011453,19,closed,False,True,False
-1.17,17,51.01655,17,closed,False,True,False
-1.15,15,51.021063,15,open,False,True,False
-1.17,17,51.026189,17,open,False,True,False
-1.17,17,51.031339,17,open,False,True,False
-1.19,19,51.037243,19,closed,False,True,False
-1.15,15,51.041893,15,open,False,True,False
-1.19,19,51.047603,19,closed,False,True,False
-1.15,15,51.052149,15,open,False,True,False
-1.17,17,51.05751,17,closed,False,True,False
-1.17,17,51.062693,17,open,False,True,False
-1.17,17,51.067835,17,open,False,True,False
-1.19,19,51.073571,19,closed,False,True,False
-1.15,15,51.078216,15,closed,False,True,False
-1.19,19,51.084047,19,open,False,True,False
-1.15,15,51.088661,15,closed,False,True,False
-1.17,17,51.093759,17,closed,False,True,False
-1.15,15,51.098318,15,open,False,True,False
-1.17,17,51.10341,17,closed,False,True,False
-1.19,19,51.109091,19,closed,False,True,False
-1.19,19,51.262975,19,open,False,True,False
-1.15,15,51.267746,15,closed,False,True,False
-1.15,15,51.272336,15,open,False,True,False
-1.15,15,51.277126,15,closed,False,True,False
-1.15,15,51.281781,15,open,False,True,False
-1.15,15,51.286411,15,closed,False,True,False
-1.15,15,51.291071,15,closed,False,True,False
-1.15,15,51.295636,15,closed,False,True,False
-1.19,19,51.301395,19,open,False,True,False
-1.17,17,51.306642,17,closed,False,True,False
-1.19,19,51.312406,19,open,False,True,False
-1.15,15,51.317046,15,open,False,True,False
-1.19,19,51.32291,19,open,False,True,False
-1.15,15,51.327477,15,closed,False,True,False
-1.17,17,51.332617,17,closed,False,True,False
-1.17,17,51.337898,17,closed,False,True,False
-1.19,19,51.343713,19,closed,False,True,False
-1.19,19,51.349398,19,closed,False,True,False
-1.17,17,51.35475,17,closed,False,True,False
-1.17,17,51.360096,17,closed,False,True,False
-1.15,15,51.364588,15,closed,False,True,False
-1.19,19,51.370418,19,open,False,True,False
-1.15,15,51.375093,15,open,False,True,False
-1.17,17,51.380318,17,open,False,True,False
-1.19,19,51.38598,19,closed,False,True,False
-1.15,15,51.390634,15,closed,False,True,False
-1.15,15,51.39537,15,closed,False,True,False
-1.17,17,51.400658,17,closed,False,True,False
-1.17,17,51.405993,17,closed,False,True,False
-1.19,19,51.411821,19,open,False,True,False
-1.19,19,51.41747,19,open,False,True,False
-1.17,17,51.422704,17,open,False,True,False
-1.15,15,51.427343,15,open,False,True,False
-1.17,17,51.432441,17,closed,False,True,False
-1.15,15,51.437071,15,closed,False,True,False
-1.17,17,51.442412,17,open,False,True,False
-1.17,17,51.447716,17,open,False,True,False
-1.15,15,51.45235,15,open,False,True,False
-1.15,15,51.457084,15,closed,False,True,False
-1.15,15,51.461732,15,closed,False,True,False
-1.15,15,51.46634,15,open,False,True,False
-1.19,19,51.472021,19,closed,False,True,False
-1.19,19,51.477728,19,closed,False,True,False
-1.17,17,51.483051,17,closed,False,True,False
-1.15,15,51.48793,15,open,False,True,False
-1.19,19,51.493624,19,open,False,True,False
-1.17,17,51.49881,17,closed,False,True,False
-1.17,17,51.504057,17,open,False,True,False
-1.17,17,51.509314,17,open,False,True,False
-1.15,15,51.513972,15,open,False,True,False
-1.17,17,51.519061,17,closed,False,True,False
-1.17,17,51.524258,17,closed,False,True,False
-1.17,17,51.529409,17,closed,False,True,False
-1.17,17,51.534547,17,closed,False,True,False
-1.19,19,51.540387,19,closed,False,True,False
-1.19,19,51.546,19,closed,False,True,False
-1.19,19,51.551686,19,closed,False,True,False
-1.15,15,51.556288,15,open,False,True,False
-1.19,19,51.561963,19,open,False,True,False
-1.15,15,51.566586,15,closed,False,True,False
-1.15,15,51.57118,15,open,False,True,False
-1.19,19,51.576889,19,closed,False,True,False
-1.19,19,51.582608,19,open,False,True,False
-1.17,17,51.587848,17,closed,False,True,False
-1.19,19,51.593596,19,open,False,True,False
-1.19,19,51.599313,19,open,False,True,False
-1.19,19,51.604939,19,open,False,True,False
-1.15,15,51.60962,15,open,False,True,False
-1.17,17,51.614717,17,open,False,True,False
-1.15,15,51.619215,15,open,False,True,False
-1.19,19,51.62505,19,open,False,True,False
-1.19,19,51.630819,19,closed,False,True,False
-1.17,17,51.635855,17,closed,False,True,False
-1.19,19,51.641703,19,open,False,True,False
-1.19,19,51.647307,19,closed,False,True,False
-1.15,15,51.651818,15,open,False,True,False
-1.15,15,51.656403,15,closed,False,True,False
-1.19,19,51.662076,19,open,False,True,False
-1.19,19,51.667865,19,open,False,True,False
-1.15,15,51.672338,15,open,False,True,False
-1.15,15,51.677017,15,open,False,True,False
-1.15,15,51.681666,15,open,False,True,False
-1.19,19,51.687464,19,open,False,True,False
-1.17,17,51.692653,17,open,False,True,False
-1.17,17,51.697856,17,open,False,True,False
-1.19,19,51.70363,19,open,False,True,False
-1.17,17,51.708709,17,closed,False,True,False
-1.19,19,51.714447,19,closed,False,True,False
-1.19,19,51.720164,19,open,False,True,False
-1.17,17,51.72532,17,closed,False,True,False
-1.15,15,51.729828,15,open,False,True,False
-1.15,15,51.734482,15,closed,False,True,False
-1.17,17,51.739615,17,closed,False,True,False
-1.17,17,51.744878,17,closed,False,True,False
-1.15,15,51.749543,15,closed,False,True,False
-1.15,15,51.754184,15,closed,False,True,False
-1.19,19,51.759865,19,open,False,True,False
-1.15,15,51.764535,15,open,False,True,False
-1.19,19,51.770267,19,open,False,True,False
-1.15,15,51.774966,15,open,False,True,False
-1.17,17,51.780038,17,open,False,True,False
-1.15,15,51.784643,15,closed,False,True,False
-1.19,19,51.790499,19,open,False,True,False
-1.19,19,51.796249,19,open,False,True,False
-1.15,15,51.800857,15,closed,False,True,False
-1.17,17,51.805908,17,open,False,True,False
-1.19,19,51.81163,19,closed,False,True,False
-1.15,15,51.816198,15,closed,False,True,False
-1.17,17,51.821273,17,open,False,True,False
-1.19,19,51.827079,19,closed,False,True,False
-1.19,19,51.832844,19,open,False,True,False
-1.19,19,51.8385,19,open,False,True,False
-1.19,19,51.844135,19,open,False,True,False
-1.17,17,51.849226,17,open,False,True,False
-1.15,15,51.853858,15,open,False,True,False
-1.15,15,51.858532,15,closed,False,True,False
-1.19,19,51.864152,19,closed,False,True,False
-1.19,19,51.869902,19,open,False,True,False
-1.19,19,51.875677,19,closed,False,True,False
-1.17,17,51.880774,17,open,False,True,False
-1.19,19,52.034996,19,closed,False,True,False
-1.15,15,52.039991,15,open,False,True,False
-1.19,19,52.045789,19,closed,False,True,False
-1.19,19,52.051766,19,open,False,True,False
-1.17,17,52.057009,17,closed,False,True,False
-1.17,17,52.062153,17,open,False,True,False
-1.19,19,52.068084,19,open,False,True,False
-1.15,15,52.072891,15,open,False,True,False
-1.15,15,52.077452,15,open,False,True,False
-1.17,17,52.082667,17,open,False,True,False
-1.19,19,52.088706,19,closed,False,True,False
-1.17,17,52.093969,17,closed,False,True,False
-1.19,19,52.099801,19,closed,False,True,False
-1.17,17,52.105165,17,closed,False,True,False
-1.19,19,52.110876,19,open,False,True,False
-1.15,15,52.115522,15,closed,False,True,False
-1.19,19,52.121547,19,open,False,True,False
-1.17,17,52.126869,17,open,False,True,False
-1.17,17,52.132,17,closed,False,True,False
-1.17,17,52.137341,17,open,False,True,False
-1.17,17,52.14265,17,closed,False,True,False
-1.15,15,52.147345,15,closed,False,True,False
-1.15,15,52.152076,15,closed,False,True,False
-1.19,19,52.157869,19,closed,False,True,False
-1.15,15,52.16257,15,closed,False,True,False
-1.19,19,52.168585,19,open,False,True,False
-1.19,19,52.174429,19,open,False,True,False
-1.15,15,52.179107,15,open,False,True,False
-1.17,17,52.184422,17,closed,False,True,False
-1.19,19,52.190405,19,open,False,True,False
-1.15,15,52.194941,15,closed,False,True,False
-1.17,17,52.200176,17,closed,False,True,False
-1.15,15,52.205206,15,closed,False,True,False
-1.17,17,52.210442,17,open,False,True,False
-1.17,17,52.215738,17,open,False,True,False
-1.19,19,52.221803,19,closed,False,True,False
-1.19,19,52.227587,19,open,False,True,False
-1.19,19,52.233406,19,open,False,True,False
-1.15,15,52.238317,15,open,False,True,False
-1.17,17,52.243454,17,open,False,True,False
-1.19,19,52.24921,19,closed,False,True,False
-1.15,15,52.253873,15,closed,False,True,False
-1.19,19,52.259786,19,open,False,True,False
-1.15,15,52.264381,15,open,False,True,False
-1.15,15,52.268927,15,open,False,True,False
-1.19,19,52.274729,19,closed,False,True,False
-1.15,15,52.279347,15,closed,False,True,False
-1.15,15,52.283979,15,closed,False,True,False
-1.19,19,52.289675,19,open,False,True,False
-1.19,19,52.295385,19,closed,False,True,False
-1.15,15,52.300005,15,open,False,True,False
-1.15,15,52.304505,15,open,False,True,False
-1.17,17,52.309662,17,open,False,True,False
-1.17,17,52.314787,17,closed,False,True,False
-1.19,19,52.320546,19,open,False,True,False
-1.19,19,52.326271,19,closed,False,True,False
-1.19,19,52.332009,19,open,False,True,False
-1.15,15,52.336566,15,closed,False,True,False
-1.15,15,52.341195,15,closed,False,True,False
-1.17,17,52.346308,17,open,False,True,False
-1.15,15,52.350967,15,open,False,True,False
-1.17,17,52.356175,17,open,False,True,False
-1.15,15,52.360867,15,open,False,True,False
-1.19,19,52.366633,19,closed,False,True,False
-1.15,15,52.371233,15,closed,False,True,False
-1.17,17,52.376383,17,closed,False,True,False
-1.17,17,52.381595,17,closed,False,True,False
-1.19,19,52.387315,19,open,False,True,False
-1.17,17,52.392573,17,open,False,True,False
-1.19,19,52.39832,19,open,False,True,False
-1.19,19,52.404019,19,open,False,True,False
-1.19,19,52.409795,19,closed,False,True,False
-1.15,15,52.414327,15,closed,False,True,False
-1.15,15,52.418849,15,open,False,True,False
-1.17,17,52.424098,17,closed,False,True,False
-1.17,17,52.429204,17,open,False,True,False
-1.19,19,52.434961,19,open,False,True,False
-1.17,17,52.440207,17,open,False,True,False
-1.15,15,52.445015,15,closed,False,True,False
-1.19,19,52.450772,19,closed,False,True,False
-1.17,17,52.45585,17,closed,False,True,False
-1.22,17,52.460963,17,closed,False,True,False
-1.17,17,52.466175,17,closed,False,True,False
-1.15,15,52.470669,15,closed,False,True,False
-1.19,19,52.476387,19,open,False,True,False
-1.17,17,52.481605,17,closed,False,True,False
-1.17,17,52.486851,17,open,False,True,False
-1.15,15,52.491481,15,closed,False,True,False
-1.17,17,52.496684,17,closed,False,True,False
-1.19,19,52.502331,19,closed,False,True,False
-1.19,19,52.508085,19,closed,False,True,False
-1.17,17,52.513235,17,open,False,True,False
-1.17,17,52.518499,17,open,False,True,False
-1.19,19,52.52416,19,closed,False,True,False
-1.17,17,52.5294,17,open,False,True,False
-1.17,17,52.534475,17,closed,False,True,False
-1.19,19,52.540272,19,open,False,True,False
-1.17,17,52.545403,17,closed,False,True,False
-1.17,17,52.55057,17,closed,False,True,False
-1.19,19,52.556247,19,open,False,True,False
-1.15,15,52.560947,15,open,False,True,False
-1.17,17,52.566004,17,open,False,True,False
-1.17,17,52.571045,17,closed,False,True,False
-1.17,17,52.57618,17,open,False,True,False
-1.15,15,52.580803,15,closed,False,True,False
-1.17,17,52.586003,17,open,False,True,False
-1.19,19,52.591827,19,closed,False,True,False
-1.15,15,52.596424,15,closed,False,True,False
-1.19,19,52.601995,19,closed,False,True,False
-1.17,17,52.607245,17,open,False,True,False
-1.17,17,52.6124,17,open,False,True,False
-1.15,15,52.616993,15,open,False,True,False
-1.19,19,52.622754,19,open,False,True,False
-1.15,15,52.627319,15,open,False,True,False
-1.15,15,52.631967,15,open,False,True,False
-1.17,17,52.637059,17,open,False,True,False
-1.15,15,52.641693,15,closed,False,True,False
-1.19,19,52.647322,19,open,False,True,False
-1.19,19,52.652977,19,open,False,True,False
-1.19,19,52.658857,19,closed,False,True,False
-1.15,15,52.812962,15,closed,False,True,False
-1.15,15,52.817766,15,closed,False,True,False
-1.17,17,52.823035,17,closed,False,True,False
-1.19,19,52.828756,19,closed,False,True,False
-1.15,15,52.833282,15,open,False,True,False
-1.15,15,52.837878,15,open,False,True,False
-1.19,19,52.843758,19,closed,False,True,False
-1.17,17,52.848851,17,closed,False,True,False
-1.17,17,52.854098,17,open,False,True,False
-1.19,19,52.859825,19,open,False,True,False
-1.15,15,52.86457,15,open,False,True,False
-1.19,19,52.870219,19,closed,False,True,False
-1.19,19,52.87607,19,closed,False,True,False
-1.19,19,52.881745,19,closed,False,True,False
-1.19,19,52.887579,19,open,False,True,False
-1.15,15,52.89217,15,open,False,True,False
-1.15,15,52.896859,15,closed,False,True,False
-1.19,19,52.902483,19,closed,False,True,False
-1.17,17,52.907834,17,closed,False,True,False
-1.17,17,52.912963,17,open,False,True,False
-1.15,15,52.917493,15,closed,False,True,False
-1.17,17,52.922575,17,open,False,True,False
-1.17,17,52.927943,17,open,False,True,False
-1.15,15,52.93246,15,closed,False,True,False
-1.19,19,52.938223,19,open,False,True,False
-1.15,15,52.942889,15,closed,False,True,False
-1.19,19,52.948626,19,open,False,True,False
-1.19,19,52.954375,19,open,False,True,False
-1.19,19,52.960127,19,closed,False,True,False
-1.19,19,52.965898,19,closed,False,True,False
-1.17,17,52.971166,17,open,False,True,False
-1.19,19,52.977026,19,open,False,True,False
-1.19,19,52.982685,19,closed,False,True,False
-1.17,17,52.988054,17,closed,False,True,False
-1.17,17,52.993261,17,open,False,True,False
-1.17,17,52.998515,17,closed,False,True,False
-1.17,17,53.003726,17,closed,False,True,False
-1.15,15,53.008412,15,open,False,True,False
-1.19,19,53.014075,19,open,False,True,False
-1.15,15,53.018585,15,closed,False,True,False
-1.17,17,53.023724,17,closed,False,True,False
-1.17,17,53.02898,17,closed,False,True,False
-1.15,15,53.033582,15,closed,False,True,False
-1.15,15,53.038222,15,closed,False,True,False
-1.19,19,53.044156,19,open,False,True,False
-1.19,19,53.049915,19,open,False,True,False
-1.19,19,53.05548,19,open,False,True,False
-1.15,15,53.060156,15,closed,False,True,False
-1.15,15,53.065191,15,closed,False,True,False
-1.17,17,53.070407,17,closed,False,True,False
-1.17,17,53.075544,17,closed,False,True,False
-1.19,19,53.081301,19,open,False,True,False
-1.19,19,53.087169,19,open,False,True,False
-1.15,15,53.091826,15,open,False,True,False
-1.19,19,53.097579,19,open,False,True,False
-1.17,17,53.102747,17,open,False,True,False
-1.19,19,53.108676,19,open,False,True,False
-1.19,19,53.11432,19,closed,False,True,False
-1.19,19,53.120135,19,open,False,True,False
-1.17,17,53.125377,17,closed,False,True,False
-1.19,19,53.131163,19,open,False,True,False
-1.15,15,53.135715,15,open,False,True,False
-1.17,17,53.140812,17,closed,False,True,False
-1.19,19,53.146734,19,closed,False,True,False
-1.15,15,53.151216,15,open,False,True,False
-1.15,15,53.155981,15,closed,False,True,False
-1.19,19,53.161777,19,open,False,True,False
-1.15,15,53.166424,15,open,False,True,False
-1.19,19,53.172156,19,open,False,True,False
-1.15,15,53.176823,15,open,False,True,False
-1.15,15,53.181306,15,open,False,True,False
-1.17,17,53.186642,17,open,False,True,False
-1.19,19,53.192376,19,closed,False,True,False
-1.15,15,53.19681,15,open,False,True,False
-1.15,15,53.201374,15,open,False,True,False
-1.19,19,53.207227,19,open,False,True,False
-1.15,15,53.211952,15,open,False,True,False
-1.19,19,53.217633,19,closed,False,True,False
-1.17,17,53.222725,17,open,False,True,False
-1.17,17,53.227983,17,closed,False,True,False
-1.17,17,53.233059,17,open,False,True,False
-1.15,15,53.237754,15,closed,False,True,False
-1.15,15,53.242329,15,open,False,True,False
-1.19,19,53.248293,19,closed,False,True,False
-1.17,17,53.253644,17,open,False,True,False
-1.17,17,53.258908,17,closed,False,True,False
-1.15,15,53.263534,15,open,False,True,False
-1.19,19,53.269232,19,open,False,True,False
-1.17,17,53.274466,17,closed,False,True,False
-1.15,15,53.279017,15,open,False,True,False
-1.17,17,53.28402,17,closed,False,True,False
-1.19,19,53.290187,19,open,False,True,False
-1.19,19,53.296064,19,open,False,True,False
-1.15,15,53.300627,15,open,False,True,False
-1.19,19,53.306541,19,open,False,True,False
-1.17,17,53.311708,17,open,False,True,False
-1.17,17,53.316854,17,closed,False,True,False
-1.15,15,53.321548,15,open,False,True,False
-1.17,17,53.326812,17,closed,False,True,False
-1.15,15,53.331315,15,open,False,True,False
-1.17,17,53.33654,17,open,False,True,False
-1.17,17,53.341861,17,closed,False,True,False
-1.15,15,53.346462,15,closed,False,True,False
-1.15,15,53.351099,15,open,False,True,False
-1.17,17,53.356248,17,open,False,True,False
-1.17,17,53.36145,17,open,False,True,False
-1.17,17,53.366644,17,closed,False,True,False
-1.15,15,53.371279,15,closed,False,True,False
-1.19,19,53.376962,19,open,False,True,False
-1.19,19,53.382728,19,closed,False,True,False
-1.19,19,53.388594,19,open,False,True,False
-1.15,15,53.393295,15,closed,False,True,False
-1.17,17,53.398522,17,open,False,True,False
-1.19,19,53.404321,19,closed,False,True,False
-1.17,17,53.409519,17,open,False,True,False
-1.15,15,53.414074,15,closed,False,True,False
-1.17,17,53.419301,17,open,False,True,False
-1.15,15,53.42397,15,open,False,True,False
-1.15,15,53.428693,15,closed,False,True,False
-1.19,19,53.434285,19,open,False,True,False
-1.15,15,53.5885,15,open,False,True,False
-1.17,17,53.593865,17,open,False,True,False
-1.15,15,53.598586,15,open,False,True,False
-1.17,17,53.603705,17,closed,False,True,False
-1.15,15,53.608419,15,open,False,True,False
-1.15,15,53.613132,15,closed,False,True,False
-1.15,15,53.617746,15,open,False,True,False
-1.15,15,53.622345,15,closed,False,True,False
-1.17,17,53.627728,17,closed,False,True,False
-1.17,17,53.63291,17,closed,False,True,False
-1.17,17,53.638125,17,closed,False,True,False
-1.19,19,53.643995,19,open,False,True,False
-1.15,15,53.648745,15,closed,False,True,False
-1.17,17,53.653839,17,closed,False,True,False
-1.19,19,53.659539,19,open,False,True,False
-1.19,19,53.665193,19,open,False,True,False
-1.17,17,53.670531,17,open,False,True,False
-1.19,19,53.676189,19,open,False,True,False
-1.17,17,53.681399,17,closed,False,True,False
-1.19,19,53.687098,19,closed,False,True,False
-1.17,17,53.69244,17,open,False,True,False
-1.19,19,53.698227,19,closed,False,True,False
-1.15,15,53.702835,15,closed,False,True,False
-1.17,17,53.708022,17,open,False,True,False
-1.17,17,53.713194,17,closed,False,True,False
-1.19,19,53.71893,19,open,False,True,False
-1.15,15,53.723489,15,closed,False,True,False
-1.17,17,53.728818,17,open,False,True,False
-1.17,17,53.734003,17,open,False,True,False
-1.17,17,53.739192,17,closed,False,True,False
-1.15,15,53.743934,15,open,False,True,False
-1.17,17,53.749135,17,open,False,True,False
-1.15,15,53.753764,15,open,False,True,False
-1.17,17,53.758925,17,open,False,True,False
-1.15,15,53.76353,15,closed,False,True,False
-1.15,15,53.76818,15,closed,False,True,False
-1.19,19,53.773884,19,closed,False,True,False
-1.15,15,53.778471,15,closed,False,True,False
-1.15,15,53.782979,15,open,False,True,False
-1.17,17,53.788268,17,open,False,True,False
-1.15,15,53.792969,15,open,False,True,False
-1.17,17,53.798179,17,closed,False,True,False
-1.15,15,53.802834,15,closed,False,True,False
-1.17,17,53.808027,17,closed,False,True,False
-1.17,17,53.813438,17,open,False,True,False
-1.15,15,53.818081,15,closed,False,True,False
-1.19,19,53.824003,19,closed,False,True,False
-1.19,19,53.829798,19,open,False,True,False
-1.15,15,53.834398,15,open,False,True,False
-1.19,19,53.840149,19,open,False,True,False
-1.17,17,53.845275,17,closed,False,True,False
-1.19,19,53.85117,19,open,False,True,False
-1.17,17,53.856261,17,open,False,True,False
-1.17,17,53.861528,17,open,False,True,False
-1.19,19,53.86735,19,open,False,True,False
-1.17,17,53.872742,17,open,False,True,False
-1.15,15,53.877299,15,closed,False,True,False
-1.15,15,53.881984,15,open,False,True,False
-1.15,15,53.886543,15,open,False,True,False
-1.19,19,53.892474,19,open,False,True,False
-1.15,15,53.897073,15,open,False,True,False
-1.17,17,53.902141,17,closed,False,True,False
-1.15,15,53.906714,15,closed,False,True,False
-1.15,15,53.911352,15,closed,False,True,False
-1.17,17,53.916425,17,closed,False,True,False
-1.15,15,53.920993,15,open,False,True,False
-1.17,17,53.926171,17,closed,False,True,False
-1.15,15,53.930896,15,closed,False,True,False
-1.19,19,53.936634,19,closed,False,True,False
-1.17,17,53.941725,17,open,False,True,False
-1.17,17,53.946846,17,closed,False,True,False
-1.15,15,53.951436,15,open,False,True,False
-1.15,15,53.95609,15,open,False,True,False
-1.15,15,53.960691,15,open,False,True,False
-1.19,19,53.966288,19,closed,False,True,False
-1.19,19,53.972107,19,open,False,True,False
-1.15,15,53.976734,15,closed,False,True,False
-1.19,19,53.982484,19,open,False,True,False
-1.15,15,53.987136,15,open,False,True,False
-1.17,17,53.992363,17,open,False,True,False
-1.17,17,53.997581,17,closed,False,True,False
-1.19,19,54.003326,19,open,False,True,False
-1.19,19,54.009043,19,open,False,True,False
-1.15,15,54.013688,15,open,False,True,False
-1.19,19,54.019396,19,closed,False,True,False
-1.17,17,54.024676,17,closed,False,True,False
-1.19,19,54.030563,19,open,False,True,False
-1.19,19,54.036219,19,open,False,True,False
-1.17,17,54.041373,17,open,False,True,False
-1.19,19,54.047007,19,open,False,True,False
-1.19,19,54.052874,19,closed,False,True,False
-1.15,15,54.057431,15,open,False,True,False
-1.15,15,54.062091,15,open,False,True,False
-1.15,15,54.067048,15,open,False,True,False
-1.17,17,54.072304,17,open,False,True,False
-1.19,19,54.078081,19,closed,False,True,False
-1.19,19,54.08376,19,closed,False,True,False
-1.15,15,54.088315,15,open,False,True,False
-1.15,15,54.093038,15,open,False,True,False
-1.15,15,54.097726,15,open,False,True,False
-1.15,15,54.102279,15,closed,False,True,False
-1.19,19,54.108075,19,closed,False,True,False
-1.17,17,54.113288,17,open,False,True,False
-1.19,19,54.119053,19,closed,False,True,False
-1.17,17,54.124272,17,open,False,True,False
-1.19,19,54.130127,19,closed,False,True,False
-1.15,15,54.134663,15,open,False,True,False
-1.19,19,54.140449,19,open,False,True,False
-1.19,19,54.146135,19,closed,False,True,False
-1.15,15,54.150738,15,open,False,True,False
-1.19,19,54.156534,19,open,False,True,False
-1.15,15,54.161271,15,closed,False,True,False
-1.15,15,54.165872,15,closed,False,True,False
-1.17,17,54.171212,17,closed,False,True,False
-1.15,15,54.175932,15,closed,False,True,False
-1.19,19,54.181712,19,closed,False,True,False
-1.15,15,54.186353,15,closed,False,True,False
-1.17,17,54.191662,17,closed,False,True,False
-1.15,15,54.19635,15,closed,False,True,False
-1.17,17,54.201526,17,open,False,True,False
-1.19,19,54.207289,19,closed,False,True,False
-1.17,17,54.21259,17,closed,False,True,False
-1.17,17,54.368579,17,open,False,True,False
-1.19,19,54.374636,19,open,False,True,False
-1.17,17,54.37991,17,open,False,True,False
-1.17,17,54.385027,17,open,False,True,False
-1.17,17,54.390187,17,closed,False,True,False
-1.19,19,54.39613,19,closed,False,True,False
-1.19,19,54.401959,19,closed,False,True,False
-1.19,19,54.407755,19,open,False,True,False
-1.19,19,54.413558,19,closed,False,True,False
-1.19,19,54.41925,19,open,False,True,False
-1.19,19,54.425084,19,closed,False,True,False
-1.17,17,54.430249,17,open,False,True,False
-1.15,15,54.435001,15,open,False,True,False
-1.17,17,54.44012,17,open,False,True,False
-1.19,19,54.445946,19,open,False,True,False
-1.17,17,54.45119,17,open,False,True,False
-1.17,17,54.456351,17,closed,False,True,False
-1.17,17,54.461472,17,closed,False,True,False
-1.15,15,54.465918,15,closed,False,True,False
-1.17,17,54.471188,17,open,False,True,False
-1.17,17,54.476352,17,open,False,True,False
-1.17,17,54.481593,17,closed,False,True,False
-1.17,17,54.486855,17,closed,False,True,False
-1.19,19,54.492703,19,closed,False,True,False
-1.19,19,54.498331,19,closed,False,True,False
-1.15,15,54.502842,15,closed,False,True,False
-1.19,19,54.508645,19,closed,False,True,False
-1.19,19,54.514367,19,closed,False,True,False
-1.15,15,54.522333,15,open,False,True,False
-1.15,15,54.526937,15,open,False,True,False
-1.15,15,54.531654,15,closed,False,True,False
-1.17,17,54.536774,17,closed,False,True,False
-1.17,17,54.54205,17,closed,False,True,False
-1.15,15,54.546643,15,open,False,True,False
-1.19,19,54.552482,19,open,False,True,False
-1.17,17,54.55779,17,open,False,True,False
-1.17,17,54.562969,17,closed,False,True,False
-1.19,19,54.568607,19,closed,False,True,False
-1.17,17,54.573742,17,closed,False,True,False
-1.15,15,54.578336,15,closed,False,True,False
-1.17,17,54.583648,17,open,False,True,False
-1.17,17,54.589064,17,closed,False,True,False
-1.17,17,54.594413,17,closed,False,True,False
-1.17,17,54.599609,17,open,False,True,False
-1.19,19,54.605417,19,closed,False,True,False
-1.15,15,54.610124,15,open,False,True,False
-1.15,15,54.614792,15,open,False,True,False
-1.17,17,54.619998,17,closed,False,True,False
-1.17,17,54.625213,17,closed,False,True,False
-1.15,15,54.629752,15,open,False,True,False
-1.17,17,54.635072,17,open,False,True,False
-1.19,19,54.640711,19,open,False,True,False
-1.17,17,54.645768,17,open,False,True,False
-1.19,19,54.6515,19,open,False,True,False
-1.15,15,54.655951,15,closed,False,True,False
-1.17,17,54.661024,17,closed,False,True,False
-1.17,17,54.666156,17,open,False,True,False
-1.17,17,54.671341,17,open,False,True,False
-1.17,17,54.676467,17,closed,False,True,False
-1.19,19,54.682102,19,closed,False,True,False
-1.19,19,54.687792,19,open,False,True,False
-1.17,17,54.692902,17,closed,False,True,False
-1.17,17,54.698171,17,closed,False,True,False
-1.17,17,54.703419,17,open,False,True,False
-1.19,19,54.709292,19,open,False,True,False
-1.19,19,54.715163,19,closed,False,True,False
-1.19,19,54.720853,19,closed,False,True,False
-1.19,19,54.726557,19,closed,False,True,False
-1.15,15,54.731111,15,open,False,True,False
-1.19,19,54.736992,19,closed,False,True,False
-1.19,19,54.742687,19,open,False,True,False
-1.15,15,54.747256,15,closed,False,True,False
-1.19,19,54.75304,19,open,False,True,False
-1.15,15,54.757723,15,closed,False,True,False
-1.15,15,54.762349,15,open,False,True,False
-1.15,15,54.766937,15,closed,False,True,False
-1.19,19,54.772608,19,closed,False,True,False
-1.15,15,54.777286,15,open,False,True,False
-1.15,15,54.781826,15,closed,False,True,False
-1.19,19,54.787515,19,open,False,True,False
-1.19,19,54.793246,19,open,False,True,False
-1.19,19,54.799044,19,open,False,True,False
-1.19,19,54.804837,19,closed,False,True,False
-1.15,15,54.809476,15,closed,False,True,False
-1.17,17,54.814557,17,open,False,True,False
-1.15,15,54.819087,15,open,False,True,False
-1.15,15,54.823679,15,open,False,True,False
-1.15,15,54.828284,15,closed,False,True,False
-1.19,19,54.833947,19,open,False,True,False
-1.17,17,54.839156,17,closed,False,True,False
-1.19,19,54.845069,19,open,False,True,False
-1.17,17,54.850287,17,open,False,True,False
-1.15,15,54.855071,15,closed,False,True,False
-1.17,17,54.860191,17,closed,False,True,False
-1.15,15,54.864761,15,open,False,True,False
-1.19,19,54.870433,19,closed,False,True,False
-1.15,15,54.875143,15,closed,False,True,False
-1.19,19,54.880971,19,closed,False,True,False
-1.17,17,54.886185,17,open,False,True,False
-1.19,19,54.89203,19,open,False,True,False
-1.15,15,54.896609,15,closed,False,True,False
-1.15,15,54.901092,15,open,False,True,False
-1.15,15,54.905657,15,closed,False,True,False
-1.19,19,54.911375,19,closed,False,True,False
-1.17,17,54.916556,17,open,False,True,False
-1.17,17,54.921772,17,closed,False,True,False
-1.17,17,54.92695,17,open,False,True,False
-1.19,19,54.932545,19,open,False,True,False
-1.15,15,54.937173,15,open,False,True,False
-1.19,19,54.942986,19,closed,False,True,False
-1.17,17,54.94803,17,closed,False,True,False
-1.19,19,54.953791,19,open,False,True,False
-1.19,19,54.959675,19,open,False,True,False
-1.15,15,54.964181,15,open,False,True,False
-1.17,17,54.969406,17,open,False,True,False
-1.15,15,54.974149,15,closed,False,True,False
-1.19,19,54.979802,19,closed,False,True,False
-1.17,17,54.984838,17,open,False,True,False
-1.15,15,54.989523,15,closed,False,True,False
-1.19,19,55.145619,19,closed,False,True,False
-1.17,17,55.151005,17,open,False,True,False
-1.15,15,55.155983,15,closed,False,True,False
-1.19,19,55.161863,19,open,False,True,False
-1.15,15,55.166452,15,open,False,True,False
-1.17,17,55.171673,17,open,False,True,False
-1.17,17,55.176933,17,closed,False,True,False
-1.15,15,55.181551,15,open,False,True,False
-1.15,15,55.186077,15,closed,False,True,False
-1.15,15,55.19088,15,closed,False,True,False
-1.15,15,55.195654,15,open,False,True,False
-1.19,19,55.201412,19,closed,False,True,False
-1.17,17,55.206525,17,closed,False,True,False
-1.19,19,55.212221,19,open,False,True,False
-1.19,19,55.217927,19,closed,False,True,False
-1.19,19,55.223764,19,open,False,True,False
-1.17,17,55.228868,17,closed,False,True,False
-1.19,19,55.234593,19,closed,False,True,False
-1.17,17,55.239669,17,open,False,True,False
-1.19,19,55.245286,19,closed,False,True,False
-1.19,19,55.250962,19,open,False,True,False
-1.17,17,55.256259,17,open,False,True,False
-1.17,17,55.261521,17,open,False,True,False
-1.17,17,55.266703,17,open,False,True,False
-1.19,19,55.272389,19,open,False,True,False
-1.15,15,55.276826,15,closed,False,True,False
-1.15,15,55.281344,15,closed,False,True,False
-1.19,19,55.287343,19,closed,False,True,False
-1.19,19,55.293249,19,open,False,True,False
-1.17,17,55.298592,17,closed,False,True,False
-1.19,19,55.304482,19,closed,False,True,False
-1.15,15,55.309111,15,open,False,True,False
-1.17,17,55.314285,17,open,False,True,False
-1.17,17,55.319634,17,closed,False,True,False
-1.19,19,55.325448,19,closed,False,True,False
-1.15,15,55.330211,15,closed,False,True,False
-1.17,17,55.335382,17,open,False,True,False
-1.17,17,55.340659,17,closed,False,True,False
-1.17,17,55.345973,17,open,False,True,False
-1.19,19,55.351902,19,open,False,True,False
-1.19,19,55.357759,19,open,False,True,False
-1.19,19,55.363503,19,closed,False,True,False
-1.15,15,55.368257,15,closed,False,True,False
-1.15,15,55.373004,15,closed,False,True,False
-1.19,19,55.37876,19,open,False,True,False
-1.19,19,55.384416,19,closed,False,True,False
-1.15,15,55.389141,15,open,False,True,False
-1.19,19,55.394979,19,open,False,True,False
-1.17,17,55.400213,17,open,False,True,False
-1.15,15,55.404833,15,closed,False,True,False
-1.15,15,55.409571,15,closed,False,True,False
-1.17,17,55.414952,17,closed,False,True,False
-1.17,17,55.420073,17,open,False,True,False
-1.17,17,55.425336,17,closed,False,True,False
-1.15,15,55.429946,15,open,False,True,False
-1.15,15,55.434476,15,open,False,True,False
-1.17,17,55.439523,17,closed,False,True,False
-1.17,17,55.444637,17,open,False,True,False
-1.15,15,55.449185,15,closed,False,True,False
-1.19,19,55.455034,19,open,False,True,False
-1.15,15,55.459679,15,open,False,True,False
-1.15,15,55.464311,15,closed,False,True,False
-1.19,19,55.470095,19,open,False,True,False
-1.15,15,55.474752,15,closed,False,True,False
-1.19,19,55.480377,19,closed,False,True,False
-1.19,19,55.48612,19,open,False,True,False
-1.15,15,55.490727,15,closed,False,True,False
-1.15,15,55.495384,15,closed,False,True,False
-1.15,15,55.499915,15,closed,False,True,False
-1.19,19,55.505693,19,open,False,True,False
-1.15,15,55.510336,15,closed,False,True,False
-1.19,19,55.516061,19,open,False,True,False
-1.17,17,55.521244,17,open,False,True,False
-1.15,15,55.525888,15,open,False,True,False
-1.19,19,55.53155,19,closed,False,True,False
-1.17,17,55.536625,17,closed,False,True,False
-1.15,15,55.541219,15,open,False,True,False
-1.19,19,55.54695,19,closed,False,True,False
-1.19,19,55.552685,19,closed,False,True,False
-1.17,17,55.557796,17,closed,False,True,False
-1.19,19,55.563531,19,open,False,True,False
-1.15,15,55.568076,15,closed,False,True,False
-1.17,17,55.573254,17,open,False,True,False
-1.15,15,55.577895,15,open,False,True,False
-1.15,15,55.582368,15,open,False,True,False
-1.17,17,55.587565,17,open,False,True,False
-1.17,17,55.592759,17,closed,False,True,False
-1.15,15,55.597296,15,open,False,True,False
-1.17,17,55.602326,17,open,False,True,False
-1.17,17,55.607516,17,open,False,True,False
-1.15,15,55.612062,15,closed,False,True,False
-1.19,19,55.617827,19,closed,False,True,False
-1.17,17,55.622983,17,open,False,True,False
-1.15,15,55.627559,15,open,False,True,False
-1.19,19,55.633233,19,closed,False,True,False
-1.15,15,55.637776,15,open,False,True,False
-1.19,19,55.643458,19,closed,False,True,False
-1.19,19,55.649189,19,closed,False,True,False
-1.17,17,55.654291,17,open,False,True,False
-1.19,19,55.659998,19,closed,False,True,False
-1.19,19,55.665691,19,open,False,True,False
-1.15,15,55.670159,15,open,False,True,False
-1.19,19,55.675832,19,open,False,True,False
-1.17,17,55.680968,17,closed,False,True,False
-1.17,17,55.686122,17,open,False,True,False
-1.17,17,55.691209,17,closed,False,True,False
-1.15,15,55.695679,15,open,False,True,False
-1.15,15,55.700213,15,open,False,True,False
-1.19,19,55.705906,19,closed,False,True,False
-1.19,19,55.71161,19,open,False,True,False
-1.19,19,55.717241,19,closed,False,True,False
-1.19,19,55.722927,19,closed,False,True,False
-1.19,19,55.728748,19,closed,False,True,False
-1.17,17,55.733887,17,closed,False,True,False
-1.19,19,55.739659,19,open,False,True,False
-1.19,19,55.7453,19,closed,False,True,False
-1.15,15,55.749915,15,closed,False,True,False
-1.17,17,55.755093,17,open,False,True,False
-1.17,17,55.76021,17,open,False,True,False
-1.19,19,55.765982,19,open,False,True,False
-1.17,17,55.921286,17,closed,False,True,False
-1.15,15,55.926013,15,open,False,True,False
-1.15,15,55.930628,15,closed,False,True,False
-1.19,19,55.936317,19,open,False,True,False
-1.17,17,55.941561,17,closed,False,True,False
-1.15,15,55.94617,15,open,False,True,False
-1.17,17,55.951344,17,closed,False,True,False
-1.19,19,55.957182,19,open,False,True,False
-1.19,19,55.962825,19,open,False,True,False
-1.17,17,55.968005,17,closed,False,True,False
-1.17,17,55.9732,17,open,False,True,False
-1.17,17,55.978454,17,open,False,True,False
-1.15,15,55.983018,15,closed,False,True,False
-1.19,19,55.988654,19,closed,False,True,False
-1.15,15,55.993137,15,closed,False,True,False
-1.15,15,55.997751,15,closed,False,True,False
-1.15,15,56.00231,15,closed,False,True,False
-1.17,17,56.007532,17,closed,False,True,False
-1.19,19,56.013215,19,open,False,True,False
-1.15,15,56.017742,15,open,False,True,False
-1.15,15,56.022373,15,closed,False,True,False
-1.19,19,56.028126,19,open,False,True,False
-1.15,15,56.032732,15,closed,False,True,False
-1.15,15,56.037363,15,closed,False,True,False
-1.15,15,56.042015,15,open,False,True,False
-1.17,17,56.047233,17,closed,False,True,False
-1.17,17,56.052379,17,closed,False,True,False
-1.15,15,56.05714,15,closed,False,True,False
-1.17,17,56.062311,17,closed,False,True,False
-1.17,17,56.067504,17,closed,False,True,False
-1.15,15,56.072054,15,open,False,True,False
-1.19,19,56.077755,19,open,False,True,False
-1.17,17,56.08284,17,open,False,True,False
-1.17,17,56.087979,17,closed,False,True,False
-1.17,17,56.093254,17,open,False,True,False
-1.19,19,56.099092,19,open,False,True,False
-1.19,19,56.104797,19,closed,False,True,False
-1.15,15,56.109344,15,open,False,True,False
-1.19,19,56.115086,19,closed,False,True,False
-1.15,15,56.119682,15,closed,False,True,False
-1.17,17,56.124965,17,open,False,True,False
-1.19,19,56.130634,19,closed,False,True,False
-1.19,19,56.136249,19,open,False,True,False
-1.15,15,56.140991,15,open,False,True,False
-1.15,15,56.145535,15,closed,False,True,False
-1.17,17,56.150699,17,closed,False,True,False
-1.19,19,56.156686,19,closed,False,True,False
-1.15,15,56.161288,15,closed,False,True,False
-1.17,17,56.166443,17,closed,False,True,False
-1.17,17,56.171685,17,open,False,True,False
-1.15,15,56.176414,15,open,False,True,False
-1.17,17,56.181631,17,open,False,True,False
-1.15,15,56.186302,15,open,False,True,False
-1.19,19,56.192247,19,open,False,True,False
-1.19,19,56.197948,19,open,False,True,False
-1.15,15,56.202516,15,open,False,True,False
-1.15,15,56.207354,15,open,False,True,False
-1.15,15,56.212046,15,closed,False,True,False
-1.19,19,56.217799,19,closed,False,True,False
-1.19,19,56.223659,19,open,False,True,False
-1.19,19,56.229417,19,open,False,True,False
-1.15,15,56.233936,15,closed,False,True,False
-1.19,19,56.239692,19,closed,False,True,False
-1.17,17,56.245001,17,closed,False,True,False
-1.17,17,56.250079,17,closed,False,True,False
-1.19,19,56.256043,19,closed,False,True,False
-1.19,19,56.261899,19,open,False,True,False
-1.15,15,56.266389,15,closed,False,True,False
-1.17,17,56.271576,17,closed,False,True,False
-1.17,17,56.276748,17,open,False,True,False
-1.15,15,56.281372,15,open,False,True,False
-1.17,17,56.286478,17,open,False,True,False
-1.15,15,56.291154,15,open,False,True,False
-1.17,17,56.296301,17,open,False,True,False
-1.17,17,56.301435,17,closed,False,True,False
-1.19,19,56.307255,19,open,False,True,False
-1.15,15,56.31183,15,open,False,True,False
-1.15,15,56.316416,15,open,False,True,False
-1.19,19,56.32216,19,open,False,True,False
-1.15,15,56.326814,15,open,False,True,False
-1.17,17,56.332018,17,closed,False,True,False
-1.17,17,56.337199,17,closed,False,True,False
-1.17,17,56.342509,17,open,False,True,False
-1.17,17,56.347711,17,open,False,True,False
-1.19,19,56.353374,19,open,False,True,False
-1.19,19,56.359453,19,closed,False,True,False
-1.19,19,56.365125,19,closed,False,True,False
-1.15,15,56.369679,15,closed,False,True,False
-1.17,17,56.374841,17,open,False,True,False
-1.19,19,56.38043,19,closed,False,True,False
-1.19,19,56.38625,19,closed,False,True,False
-1.15,15,56.390795,15,closed,False,True,False
-1.17,17,56.396008,17,closed,False,True,False
-1.19,19,56.401767,19,closed,False,True,False
-1.17,17,56.407157,17,closed,False,True,False
-1.15,15,56.411877,15,closed,False,True,False
-1.19,19,56.41756,19,open,False,True,False
-1.15,15,56.422229,15,open,False,True,False
-1.17,17,56.427377,17,open,False,True,False
-1.19,19,56.433144,19,open,False,True,False
-1.19,19,56.438881,19,closed,False,True,False
-1.15,15,56.443611,15,open,False,True,False
-1.17,17,56.448904,17,open,False,True,False
-1.15,15,56.453593,15,open,False,True,False
-1.15,15,56.458202,15,open,False,True,False
-1.17,17,56.463314,17,open,False,True,False
-1.19,19,56.469001,19,open,False,True,False
-1.15,15,56.473682,15,open,False,True,False
-1.17,17,56.478775,17,open,False,True,False
-1.15,15,56.483246,15,open,False,True,False
-1.15,15,56.487893,15,closed,False,True,False
-1.17,17,56.493135,17,open,False,True,False
-1.17,17,56.498313,17,open,False,True,False
-1.15,15,56.502932,15,closed,False,True,False
-1.15,15,56.507656,15,open,False,True,False
-1.17,17,56.512746,17,closed,False,True,False
-1.17,17,56.517851,17,open,False,True,False
-1.19,19,56.523594,19,open,False,True,False
-1.17,17,56.52879,17,closed,False,True,False
-1.15,15,56.533224,15,open,False,True,False
-1.19,19,56.539066,19,closed,False,True,False
-1.17,17,56.544178,17,closed,False,True,False
-1.15,15,56.698642,15,closed,False,True,False
-1.17,17,56.703998,17,closed,False,True,False
-1.17,17,56.709331,17,open,False,True,False
-1.19,19,56.715162,19,closed,False,True,False
-1.17,17,56.720407,17,closed,False,True,False
-1.19,19,56.726286,19,open,False,True,False
-1.17,17,56.731533,17,closed,False,True,False
-1.15,15,56.736133,15,open,False,True,False
-1.19,19,56.741961,19,open,False,True,False
-1.19,19,56.747764,19,open,False,True,False
-1.17,17,56.752849,17,closed,False,True,False
-1.19,19,56.758506,19,closed,False,True,False
-1.17,17,56.763703,17,open,False,True,False
-1.19,19,56.769485,19,closed,False,True,False
-1.17,17,56.774793,17,closed,False,True,False
-1.15,15,56.779328,15,closed,False,True,False
-1.17,17,56.784526,17,open,False,True,False
-1.15,15,56.789039,15,closed,False,True,False
-1.19,19,56.794837,19,closed,False,True,False
-1.17,17,56.800053,17,open,False,True,False
-1.15,15,56.804631,15,closed,False,True,False
-1.15,15,56.809334,15,closed,False,True,False
-1.19,19,56.815024,19,closed,False,True,False
-1.19,19,56.820837,19,closed,False,True,False
-1.15,15,56.825402,15,closed,False,True,False
-1.17,17,56.830588,17,closed,False,True,False
-1.15,15,56.835172,15,closed,False,True,False
-1.15,15,56.839842,15,open,False,True,False
-1.19,19,56.845479,19,closed,False,True,False
-1.19,19,56.851188,19,closed,False,True,False
-1.19,19,56.857043,19,open,False,True,False
-1.17,17,56.862228,17,open,False,True,False
-1.19,19,56.867991,19,closed,False,True,False
-1.15,15,56.872508,15,open,False,True,False
-1.15,15,56.877104,15,closed,False,True,False
-1.17,17,56.882377,17,closed,False,True,False
-1.19,19,56.888224,19,open,False,True,False
-1.15,15,56.892942,15,open,False,True,False
-1.17,17,56.898144,17,closed,False,True,False
-1.17,17,56.903367,17,closed,False,True,False
-1.15,15,56.908072,15,closed,False,True,False
-1.15,15,56.912616,15,closed,False,True,False
-1.19,19,56.918396,19,closed,False,True,False
-1.15,15,56.923005,15,open,False,True,False
-1.19,19,56.928792,19,closed,False,True,False
-1.15,15,56.933308,15,closed,False,True,False
-1.17,17,56.938413,17,closed,False,True,False
-1.17,17,56.94364,17,closed,False,True,False
-1.15,15,56.948263,15,open,False,True,False
-1.15,15,56.952787,15,closed,False,True,False
-1.19,19,56.958761,19,closed,False,True,False
-1.19,19,56.964407,19,open,False,True,False
-1.19,19,56.970234,19,closed,False,True,False
-1.17,17,56.975373,17,closed,False,True,False
-1.19,19,56.981173,19,closed,False,True,False
-1.15,15,56.985672,15,closed,False,True,False
-1.15,15,56.990312,15,open,False,True,False
-1.19,19,56.996036,19,closed,False,True,False
-1.19,19,57.001858,19,open,False,True,False
-1.19,19,57.007682,19,open,False,True,False
-1.17,17,57.012849,17,open,False,True,False
-1.17,17,57.017988,17,closed,False,True,False
-1.15,15,57.02246,15,open,False,True,False
-1.19,19,57.028264,19,closed,False,True,False
-1.19,19,57.034143,19,closed,False,True,False
-1.17,17,57.039242,17,closed,False,True,False
-1.19,19,57.045072,19,closed,False,True,False
-1.19,19,57.050837,19,closed,False,True,False
-1.15,15,57.055461,15,open,False,True,False
-1.19,19,57.06129,19,closed,False,True,False
-1.17,17,57.066518,17,closed,False,True,False
-1.17,17,57.071705,17,open,False,True,False
-1.19,19,57.077413,19,open,False,True,False
-1.17,17,57.082646,17,open,False,True,False
-1.15,15,57.08724,15,open,False,True,False
-1.17,17,57.092361,17,open,False,True,False
-1.15,15,57.096932,15,closed,False,True,False
-1.19,19,57.1032,19,closed,False,True,False
-1.15,15,57.107784,15,closed,False,True,False
-1.17,17,57.112882,17,open,False,True,False
-1.19,19,57.118579,19,open,False,True,False
-1.19,19,57.124426,19,open,False,True,False
-1.19,19,57.130226,19,open,False,True,False
-1.19,19,57.13591,19,open,False,True,False
-1.19,19,57.141832,19,open,False,True,False
-1.19,19,57.147508,19,closed,False,True,False
-1.15,15,57.152084,15,open,False,True,False
-1.19,19,57.158219,19,open,False,True,False
-1.15,15,57.162902,15,closed,False,True,False
-1.19,19,57.168554,19,open,False,True,False
-1.19,19,57.174444,19,closed,False,True,False
-1.17,17,57.179644,17,open,False,True,False
-1.19,19,57.185441,19,open,False,True,False
-1.17,17,57.190646,17,closed,False,True,False
-1.15,15,57.195212,15,open,False,True,False
-1.19,19,57.200935,19,open,False,True,False
-1.15,15,57.205442,15,open,False,True,False
-1.15,15,57.210171,15,closed,False,True,False
-1.19,19,57.21588,19,open,False,True,False
-1.19,19,57.221554,19,closed,False,True,False
-1.15,15,57.226142,15,open,False,True,False
-1.17,17,57.231344,17,open,False,True,False
-1.17,17,57.23655,17,open,False,True,False
-1.19,19,57.24234,19,closed,False,True,False
-1.15,15,57.246987,15,closed,False,True,False
-1.15,15,57.25168,15,closed,False,True,False
-1.19,19,57.257443,19,open,False,True,False
-1.19,19,57.263164,19,closed,False,True,False
-1.15,15,57.267708,15,open,False,True,False
-1.17,17,57.272788,17,closed,False,True,False
-1.17,17,57.278067,17,closed,False,True,False
-1.15,15,57.282633,15,closed,False,True,False
-1.19,19,57.288288,19,closed,False,True,False
-1.17,17,57.29353,17,closed,False,True,False
-1.19,19,57.29925,19,closed,False,True,False
-1.15,15,57.303913,15,closed,False,True,False
-1.15,15,57.308546,15,closed,False,True,False
-1.19,19,57.314276,19,closed,False,True,False
-1.15,15,57.318801,15,open,False,True,False
-1.15,15,57.47463,15,open,False,True,False
-1.19,19,57.480496,19,closed,False,True,False
-1.15,15,57.485094,15,open,False,True,False
-1.15,15,57.489759,15,closed,False,True,False
-1.17,17,57.494936,17,open,False,True,False
-1.17,17,57.500172,17,open,False,True,False
-1.17,17,57.505408,17,open,False,True,False
-1.19,19,57.511258,19,closed,False,True,False
-1.19,19,57.517019,19,open,False,True,False
-1.19,19,57.522706,19,open,False,True,False
-1.15,15,57.52742,15,closed,False,True,False
-1.15,15,57.531977,15,open,False,True,False
-1.19,19,57.537748,19,closed,False,True,False
-1.19,19,57.543579,19,open,False,True,False
-1.15,15,57.548125,15,closed,False,True,False
-1.19,19,57.553944,19,open,False,True,False
-1.19,19,57.559685,19,closed,False,True,False
-1.15,15,57.564345,15,open,False,True,False
-1.17,17,57.569437,17,closed,False,True,False
-1.17,17,57.574613,17,open,False,True,False
-1.15,15,57.579222,15,closed,False,True,False
-1.15,15,57.583738,15,closed,False,True,False
-1.17,17,57.588832,17,closed,False,True,False
-1.17,17,57.593995,17,open,False,True,False
-1.17,17,57.599156,17,closed,False,True,False
-1.17,17,57.604372,17,closed,False,True,False
-1.19,19,57.610209,19,closed,False,True,False
-1.15,15,57.614878,15,closed,False,True,False
-1.15,15,57.619385,15,open,False,True,False
-1.17,17,57.624606,17,closed,False,True,False
-1.15,15,57.62927,15,closed,False,True,False
-1.17,17,57.634343,17,open,False,True,False
-1.15,15,57.638905,15,open,False,True,False
-1.19,19,57.644715,19,closed,False,True,False
-1.15,15,57.649293,15,open,False,True,False
-1.17,17,57.654479,17,open,False,True,False
-1.19,19,57.660302,19,closed,False,True,False
-1.19,19,57.666123,19,closed,False,True,False
-1.19,19,57.671818,19,open,False,True,False
-1.19,19,57.677677,19,closed,False,True,False
-1.17,17,57.682716,17,closed,False,True,False
-1.17,17,57.68792,17,closed,False,True,False
-1.17,17,57.693173,17,open,False,True,False
-1.17,17,57.698438,17,closed,False,True,False
-1.17,17,57.703698,17,open,False,True,False
-1.19,19,57.709587,19,closed,False,True,False
-1.19,19,57.715393,19,closed,False,True,False
-1.19,19,57.721249,19,open,False,True,False
-1.19,19,57.726982,19,open,False,True,False
-1.17,17,57.732052,17,open,False,True,False
-1.15,15,57.736661,15,open,False,True,False
-1.19,19,57.742379,19,open,False,True,False
-1.15,15,57.747012,15,open,False,True,False
-1.15,15,57.751498,15,closed,False,True,False
-1.17,17,57.756728,17,open,False,True,False
-1.17,17,57.762034,17,open,False,True,False
-1.15,15,57.766579,15,open,False,True,False
-1.15,15,57.771142,15,closed,False,True,False
-1.19,19,57.777013,19,open,False,True,False
-1.19,19,57.782695,19,open,False,True,False
-1.15,15,57.787221,15,closed,False,True,False
-1.15,15,57.791832,15,closed,False,True,False
-1.15,15,57.796393,15,open,False,True,False
-1.19,19,57.802116,19,open,False,True,False
-1.17,17,57.807319,17,closed,False,True,False
-1.19,19,57.81309,19,open,False,True,False
-1.15,15,57.817568,15,open,False,True,False
-1.19,19,57.823426,19,open,False,True,False
-1.19,19,57.829118,19,open,False,True,False
-1.17,17,57.834213,17,open,False,True,False
-1.17,17,57.83927,17,open,False,True,False
-1.17,17,57.844543,17,closed,False,True,False
-1.15,15,57.849045,15,closed,False,True,False
-1.17,17,57.854158,17,closed,False,True,False
-1.17,17,57.859379,17,closed,False,True,False
-1.15,15,57.864064,15,open,False,True,False
-1.15,15,57.868603,15,closed,False,True,False
-1.15,15,57.873178,15,closed,False,True,False
-1.19,19,57.878923,19,closed,False,True,False
-1.17,17,57.884069,17,open,False,True,False
-1.17,17,57.889154,17,closed,False,True,False
-1.15,15,57.89369,15,open,False,True,False
-1.19,19,57.89943,19,open,False,True,False
-1.15,15,57.904031,15,open,False,True,False
-1.17,17,57.909295,17,open,False,True,False
-1.19,19,57.915033,19,closed,False,True,False
-1.17,17,57.920142,17,closed,False,True,False
-1.17,17,57.925406,17,closed,False,True,False
-1.15,15,57.930076,15,closed,False,True,False
-1.15,15,57.9347,15,closed,False,True,False
-1.15,15,57.939329,15,open,False,True,False
-1.19,19,57.945119,19,open,False,True,False
-1.19,19,57.950853,19,closed,False,True,False
-1.17,17,57.955991,17,open,False,True,False
-1.15,15,57.960699,15,open,False,True,False
-1.15,15,57.965219,15,closed,False,True,False
-1.15,15,57.969783,15,closed,False,True,False
-1.15,15,57.97431,15,open,False,True,False
-1.15,15,57.978916,15,open,False,True,False
-1.15,15,57.983382,15,closed,False,True,False
-1.15,15,57.988034,15,open,False,True,False
-1.17,17,57.993073,17,open,False,True,False
-1.17,17,57.998153,17,open,False,True,False
-1.17,17,58.003328,17,closed,False,True,False
-1.17,17,58.008498,17,closed,False,True,False
-1.17,17,58.013522,17,closed,False,True,False
-1.19,19,58.019206,19,open,False,True,False
-1.17,17,58.024449,17,open,False,True,False
-1.19,19,58.030068,19,open,False,True,False
-1.19,19,58.035858,19,closed,False,True,False
-1.17,17,58.041007,17,open,False,True,False
-1.15,15,58.045641,15,open,False,True,False
-1.15,15,58.050204,15,closed,False,True,False
-1.15,15,58.054757,15,closed,False,True,False
-1.15,15,58.05937,15,closed,False,True,False
-1.17,17,58.064659,17,open,False,True,False
-1.19,19,58.070451,19,open,False,True,False
-1.15,15,58.07517,15,closed,False,True,False
-1.17,17,58.080387,17,closed,False,True,False
-1.15,15,58.085006,15,open,False,True,False
-1.17,17,58.090297,17,closed,False,True,False
-1.17,17,58.095523,17,closed,False,True,False
-1.15,15,58.24968,15,open,False,True,False
-1.19,19,58.255785,19,closed,False,True,False
-1.17,17,58.261111,17,open,False,True,False
-1.17,17,58.266257,17,closed,False,True,False
-1.19,19,58.272022,19,open,False,True,False
-1.15,15,58.276674,15,open,False,True,False
-1.15,15,58.28132,15,open,False,True,False
-1.15,15,58.28593,15,closed,False,True,False
-1.19,19,58.291626,19,open,False,True,False
-1.15,15,58.296292,15,open,False,True,False
-1.15,15,58.300876,15,closed,False,True,False
-1.19,19,58.306612,19,open,False,True,False
-1.15,15,58.311204,15,open,False,True,False
-1.19,19,58.316966,19,closed,False,True,False
-1.17,17,58.322073,17,open,False,True,False
-1.15,15,58.326863,15,open,False,True,False
-1.19,19,58.332623,19,closed,False,True,False
-1.19,19,58.338413,19,open,False,True,False
-1.15,15,58.343061,15,closed,False,True,False
-1.17,17,58.348311,17,open,False,True,False
-1.19,19,58.35413,19,open,False,True,False
-1.17,17,58.359363,17,open,False,True,False
-1.17,17,58.364583,17,open,False,True,False
-1.19,19,58.370365,19,open,False,True,False
-1.17,17,58.37569,17,open,False,True,False
-1.15,15,58.380224,15,closed,False,True,False
-1.17,17,58.38543,17,closed,False,True,False
-1.19,19,58.391259,19,open,False,True,False
-1.15,15,58.395827,15,open,False,True,False
-1.15,15,58.403629,15,closed,False,True,False
-1.17,17,58.40894,17,open,False,True,False
-1.17,17,58.414208,17,open,False,True,False
-1.17,17,58.419366,17,open,False,True,False
-1.19,19,58.42527,19,closed,False,True,False
-1.17,17,58.430445,17,closed,False,True,False
-1.17,17,58.435595,17,closed,False,True,False
-1.19,19,58.441401,19,closed,False,True,False
-1.17,17,58.446624,17,closed,False,True,False
-1.17,17,58.45172,17,open,False,True,False
-1.15,15,58.456296,15,closed,False,True,False
-1.19,19,58.462066,19,closed,False,True,False
-1.17,17,58.467243,17,closed,False,True,False
-1.15,15,58.471919,15,open,False,True,False
-1.19,19,58.47769,19,closed,False,True,False
-1.15,15,58.482298,15,open,False,True,False
-1.17,17,58.487608,17,open,False,True,False
-1.19,19,58.493445,19,open,False,True,False
-1.19,19,58.499253,19,open,False,True,False
-1.17,17,58.504535,17,closed,False,True,False
-1.19,19,58.510232,19,open,False,True,False
-1.17,17,58.515511,17,closed,False,True,False
-1.17,17,58.520727,17,open,False,True,False
-1.19,19,58.526465,19,open,False,True,False
-1.19,19,58.53224,19,open,False,True,False
-1.19,19,58.537924,19,open,False,True,False
-1.19,19,58.543798,19,open,False,True,False
-1.15,15,58.548354,15,closed,False,True,False
-1.19,19,58.554152,19,open,False,True,False
-1.19,19,58.559904,19,closed,False,True,False
-1.19,19,58.565683,19,closed,False,True,False
-1.17,17,58.570908,17,closed,False,True,False
-1.19,19,58.576655,19,closed,False,True,False
-1.17,17,58.581802,17,closed,False,True,False
-1.19,19,58.587506,19,closed,False,True,False
-1.17,17,58.592775,17,closed,False,True,False
-1.17,17,58.597989,17,open,False,True,False
-1.19,19,58.603806,19,closed,False,True,False
-1.17,17,58.608991,17,open,False,True,False
-1.15,15,58.613535,15,closed,False,True,False
-1.15,15,58.618165,15,open,False,True,False
-1.17,17,58.623339,17,open,False,True,False
-1.17,17,58.628439,17,closed,False,True,False
-1.15,15,58.633052,15,open,False,True,False
-1.17,17,58.638192,17,closed,False,True,False
-1.19,19,58.643977,19,open,False,True,False
-1.17,17,58.649193,17,open,False,True,False
-1.19,19,58.654978,19,open,False,True,False
-1.15,15,58.659715,15,closed,False,True,False
-1.19,19,58.665476,19,closed,False,True,False
-1.19,19,58.671201,19,open,False,True,False
-1.15,15,58.675846,15,open,False,True,False
-1.15,15,58.680395,15,open,False,True,False
-1.17,17,58.685565,17,open,False,True,False
-1.15,15,58.690138,15,open,False,True,False
-1.17,17,58.695305,17,open,False,True,False
-1.19,19,58.701113,19,open,False,True,False
-1.15,15,58.705793,15,closed,False,True,False
-1.19,19,58.711571,19,closed,False,True,False
-1.19,19,58.717204,19,open,False,True,False
-1.19,19,58.722966,19,closed,False,True,False
-1.19,19,58.728747,19,open,False,True,False
-1.19,19,58.734586,19,open,False,True,False
-1.19,19,58.74031,19,open,False,True,False
-1.19,19,58.746003,19,open,False,True,False
-1.17,17,58.751115,17,closed,False,True,False
-1.19,19,58.757034,19,closed,False,True,False
-1.15,15,58.761611,15,closed,False,True,False
-1.17,17,58.766639,17,closed,False,True,False
-1.19,19,58.772537,19,open,False,True,False
-1.15,15,58.777205,15,open,False,True,False
-1.15,15,58.781774,15,closed,False,True,False
-1.19,19,58.787483,19,closed,False,True,False
-1.19,19,58.793249,19,closed,False,True,False
-1.17,17,58.79847,17,closed,False,True,False
-1.17,17,58.803631,17,closed,False,True,False
-1.15,15,58.808284,15,open,False,True,False
-1.15,15,58.812963,15,closed,False,True,False
-1.17,17,58.81808,17,closed,False,True,False
-1.15,15,58.822695,15,open,False,True,False
-1.15,15,58.827246,15,open,False,True,False
-1.15,15,58.831903,15,open,False,True,False
-1.15,15,58.836459,15,open,False,True,False
-1.15,15,58.841019,15,open,False,True,False
-1.15,15,58.845545,15,open,False,True,False
-1.17,17,58.85076,17,open,False,True,False
-1.19,19,58.856508,19,closed,False,True,False
-1.17,17,58.861583,17,open,False,True,False
-1.19,19,58.867259,19,closed,False,True,False
-1.15,15,58.871774,15,open,False,True,False
-1.19,19,59.027803,19,open,False,True,False
-1.19,19,59.033808,19,open,False,True,False
-1.19,19,59.039622,19,closed,False,True,False
-1.19,19,59.045537,19,closed,False,True,False
-1.15,15,59.050176,15,closed,False,True,False
-1.19,19,59.056182,19,closed,False,True,False
-1.19,19,59.06191,19,open,False,True,False
-1.17,17,59.067078,17,open,False,True,False
-1.17,17,59.072251,17,closed,False,True,False
-1.19,19,59.078271,19,closed,False,True,False
-1.15,15,59.082964,15,closed,False,True,False
-1.17,17,59.088262,17,closed,False,True,False
-1.19,19,59.094095,19,open,False,True,False
-1.17,17,59.099318,17,closed,False,True,False
-1.15,15,59.103821,15,open,False,True,False
-1.17,17,59.109113,17,closed,False,True,False
-1.17,17,59.114391,17,closed,False,True,False
-1.19,19,59.120281,19,open,False,True,False
-1.15,15,59.125008,15,open,False,True,False
-1.15,15,59.129567,15,closed,False,True,False
-1.17,17,59.13477,17,closed,False,True,False
-1.19,19,59.140746,19,open,False,True,False
-1.17,17,59.145973,17,closed,False,True,False
-1.17,17,59.151163,17,closed,False,True,False
-1.19,19,59.157245,19,closed,False,True,False
-1.15,15,59.161929,15,closed,False,True,False
-1.17,17,59.167028,17,closed,False,True,False
-1.15,15,59.171713,15,open,False,True,False
-1.17,17,59.176983,17,closed,False,True,False
-1.15,15,59.181795,15,open,False,True,False
-1.17,17,59.187053,17,open,False,True,False
-1.19,19,59.192851,19,closed,False,True,False
-1.15,15,59.197523,15,open,False,True,False
-1.15,15,59.202188,15,closed,False,True,False
-1.19,19,59.207926,19,open,False,True,False
-1.19,19,59.213719,19,open,False,True,False
-1.19,19,59.219494,19,closed,False,True,False
-1.17,17,59.224682,17,closed,False,True,False
-1.19,19,59.230401,19,open,False,True,False
-1.17,17,59.235537,17,open,False,True,False
-1.19,19,59.241586,19,closed,False,True,False
-1.15,15,59.246181,15,closed,False,True,False
-1.15,15,59.251249,15,closed,False,True,False
-1.17,17,59.256431,17,open,False,True,False
-1.19,19,59.262434,19,closed,False,True,False
-1.15,15,59.267101,15,open,False,True,False
-1.15,15,59.271746,15,closed,False,True,False
-1.15,15,59.276465,15,closed,False,True,False
-1.19,19,59.282345,19,open,False,True,False
-1.19,19,59.288207,19,closed,False,True,False
-1.15,15,59.292825,15,open,False,True,False
-1.19,19,59.298503,19,open,False,True,False
-1.17,17,59.303735,17,open,False,True,False
-1.19,19,59.30945,19,closed,False,True,False
-1.17,17,59.314623,17,open,False,True,False
-1.17,17,59.319881,17,open,False,True,False
-1.15,15,59.324551,15,closed,False,True,False
-1.15,15,59.329177,15,open,False,True,False
-1.19,19,59.33497,19,open,False,True,False
-1.15,15,59.339746,15,closed,False,True,False
-1.19,19,59.345406,19,closed,False,True,False
-1.19,19,59.351017,19,open,False,True,False
-1.17,17,59.356395,17,closed,False,True,False
-1.19,19,59.362329,19,closed,False,True,False
-1.17,17,59.367487,17,closed,False,True,False
-1.15,15,59.372163,15,closed,False,True,False
-1.15,15,59.376757,15,open,False,True,False
-1.17,17,59.38194,17,open,False,True,False
-1.17,17,59.387019,17,open,False,True,False
-1.15,15,59.391678,15,open,False,True,False
-1.19,19,59.397375,19,closed,False,True,False
-1.19,19,59.403263,19,open,False,True,False
-1.17,17,59.408418,17,open,False,True,False
-1.19,19,59.414027,19,open,False,True,False
-1.15,15,59.41848,15,closed,False,True,False
-1.15,15,59.423207,15,open,False,True,False
-1.15,15,59.427807,15,closed,False,True,False
-1.15,15,59.432441,15,open,False,True,False
-1.19,19,59.438148,19,open,False,True,False
-1.19,19,59.444215,19,closed,False,True,False
-1.17,17,59.449371,17,closed,False,True,False
-1.17,17,59.454639,17,open,False,True,False
-1.15,15,59.459314,15,closed,False,True,False
-1.17,17,59.464507,17,closed,False,True,False
-1.15,15,59.469129,15,closed,False,True,False
-1.19,19,59.47478,19,closed,False,True,False
-1.15,15,59.479256,15,closed,False,True,False
-1.17,17,59.484464,17,closed,False,True,False
-1.17,17,59.489691,17,closed,False,True,False
-1.19,19,59.495451,19,open,False,True,False
-1.19,19,59.501243,19,open,False,True,False
-1.15,15,59.505786,15,closed,False,True,False
-1.19,19,59.511574,19,open,False,True,False
-1.17,17,59.516741,17,closed,False,True,False
-1.17,17,59.521875,17,open,False,True,False
-1.15,15,59.526625,15,open,False,True,False
-1.15,15,59.531259,15,open,False,True,False
-1.17,17,59.536371,17,open,False,True,False
-1.19,19,59.542333,19,open,False,True,False
-1.17,17,59.547477,17,open,False,True,False
-1.17,17,59.552648,17,open,False,True,False
-1.17,17,59.557774,17,open,False,True,False
-1.17,17,59.562945,17,open,False,True,False
-1.17,17,59.568002,17,closed,False,True,False
-1.15,15,59.572606,15,open,False,True,False
-1.15,15,59.577298,15,open,False,True,False
-1.15,15,59.581844,15,closed,False,True,False
-1.19,19,59.587705,19,open,False,True,False
-1.19,19,59.593429,19,open,False,True,False
-1.19,19,59.599195,19,open,False,True,False
-1.19,19,59.605002,19,open,False,True,False
-1.19,19,59.610839,19,open,False,True,False
-1.15,15,59.615512,15,closed,False,True,False
-1.19,19,59.621243,19,closed,False,True,False
-1.19,19,59.627047,19,closed,False,True,False
-1.19,19,59.632816,19,open,False,True,False
-1.19,19,59.638619,19,open,False,True,False
-1.19,19,59.644507,19,closed,False,True,False
-1.17,17,59.649643,17,closed,False,True,False
-1.15,15,59.805954,15,closed,False,True,False
-1.19,19,59.812017,19,closed,False,True,False
-1.15,15,59.81676,15,open,False,True,False
-1.19,19,59.822466,19,open,False,True,False
-1.15,15,59.827246,15,open,False,True,False
-1.19,19,59.833077,19,closed,False,True,False
-1.17,17,59.83828,17,open,False,True,False
-1.19,19,59.844209,19,open,False,True,False
-1.19,19,59.84988,19,open,False,True,False
-1.17,17,59.854954,17,closed,False,True,False
-1.17,17,59.860239,17,open,False,True,False
-1.19,19,59.866149,19,open,False,True,False
-1.17,17,59.871351,17,open,False,True,False
-1.19,19,59.877117,19,open,False,True,False
-1.17,17,59.882345,17,closed,False,True,False
-1.17,17,59.887531,17,closed,False,True,False
-1.19,19,59.893272,19,closed,False,True,False
-1.19,19,59.899063,19,open,False,True,False
-1.19,19,59.904845,19,open,False,True,False
-1.19,19,59.910569,19,closed,False,True,False
-1.17,17,59.915822,17,closed,False,True,False
-1.17,17,59.921067,17,closed,False,True,False
-1.17,17,59.92644,17,closed,False,True,False
-1.15,15,59.931111,15,closed,False,True,False
-1.17,17,59.936265,17,open,False,True,False
-1.19,19,59.942205,19,open,False,True,False
-1.19,19,59.947947,19,closed,False,True,False
-1.19,19,59.95369,19,closed,False,True,False
-1.19,19,59.959437,19,open,False,True,False
-1.15,15,59.964159,15,open,False,True,False
-1.19,19,59.969908,19,open,False,True,False
-1.19,19,59.975666,19,closed,False,True,False
-1.15,15,59.980229,15,closed,False,True,False
-1.15,15,59.984972,15,open,False,True,False
-1.17,17,59.990192,17,closed,False,True,False
-1.15,15,59.994836,15,closed,False,True,False
-1.19,19,60.000503,19,open,False,True,False
-1.19,19,60.006403,19,open,False,True,False
-1.17,17,60.011591,17,open,False,True,False
-1.15,15,60.016109,15,open,False,True,False
-1.15,15,60.020787,15,closed,False,True,False
-1.17,17,60.026163,17,open,False,True,False
-1.19,19,60.032182,19,closed,False,True,False
-1.15,15,60.036754,15,open,False,True,False
-1.17,17,60.041937,17,closed,False,True,False
-1.19,19,60.047679,19,open,False,True,False
-1.19,19,60.053431,19,open,False,True,False
-1.17,17,60.058606,17,open,False,True,False
-1.19,19,60.064273,19,closed,False,True,False
-1.17,17,60.069534,17,closed,False,True,False
-1.19,19,60.075379,19,open,False,True,False
-1.15,15,60.080051,15,open,False,True,False
-1.19,19,60.085828,19,closed,False,True,False
-1.19,19,60.091627,19,open,False,True,False
-1.17,17,60.096846,17,open,False,True,False
-1.17,17,60.101953,17,open,False,True,False
-1.17,17,60.107344,17,open,False,True,False
-1.19,19,60.113311,19,open,False,True,False
-1.19,19,60.118988,19,closed,False,True,False
-1.19,19,60.124817,19,closed,False,True,False
-1.19,19,60.130701,19,open,False,True,False
-1.15,15,60.135229,15,open,False,True,False
-1.19,19,60.141058,19,closed,False,True,False
-1.19,19,60.146945,19,open,False,True,False
-1.15,15,60.151435,15,closed,False,True,False
-1.19,19,60.157327,19,open,False,True,False
-1.17,17,60.162678,17,open,False,True,False
-1.17,17,60.167996,17,open,False,True,False
-1.19,19,60.173873,19,open,False,True,False
-1.19,19,60.17962,19,closed,False,True,False
-1.15,15,60.184116,15,open,False,True,False
-1.17,17,60.189323,17,closed,False,True,False
-1.15,15,60.193965,15,open,False,True,False
-1.17,17,60.199182,17,closed,False,True,False
-1.17,17,60.204526,17,open,False,True,False
-1.15,15,60.209305,15,open,False,True,False
-1.17,17,60.214438,17,closed,False,True,False
-1.19,19,60.220181,19,closed,False,True,False
-1.17,17,60.22552,17,open,False,True,False
-1.15,15,60.230076,15,open,False,True,False
-1.15,15,60.234565,15,open,False,True,False
-1.15,15,60.239228,15,open,False,True,False
-1.19,19,60.245021,19,closed,False,True,False
-1.15,15,60.249679,15,open,False,True,False
-1.17,17,60.25481,17,closed,False,True,False
-1.19,19,60.260502,19,open,False,True,False
-1.15,15,60.265124,15,open,False,True,False
-1.19,19,60.270905,19,closed,False,True,False
-1.17,17,60.276258,17,closed,False,True,False
-1.15,15,60.28098,15,open,False,True,False
-1.15,15,60.286256,15,open,False,True,False
-1.19,19,60.292224,19,closed,False,True,False
-1.15,15,60.296816,15,open,False,True,False
-1.17,17,60.301848,17,open,False,True,False
-1.19,19,60.307691,19,closed,False,True,False
-1.15,15,60.31231,15,closed,False,True,False
-1.19,19,60.318037,19,open,False,True,False
-1.17,17,60.323222,17,closed,False,True,False
-1.15,15,60.327974,15,closed,False,True,False
-1.15,15,60.332525,15,closed,False,True,False
-1.17,17,60.337731,17,open,False,True,False
-1.19,19,60.343488,19,open,False,True,False
-1.17,17,60.348803,17,closed,False,True,False
-1.15,15,60.353365,15,closed,False,True,False
-1.19,19,60.359277,19,open,False,True,False
-1.17,17,60.364568,17,open,False,True,False
-1.17,17,60.370014,17,closed,False,True,False
-1.15,15,60.374665,15,closed,False,True,False
-1.19,19,60.380435,19,closed,False,True,False
-1.17,17,60.385691,17,open,False,True,False
-1.17,17,60.391055,17,open,False,True,False
-1.15,15,60.395752,15,open,False,True,False
-1.19,19,60.401423,19,closed,False,True,False
-1.19,19,60.40748,19,open,False,True,False
-1.19,19,60.413185,19,open,False,True,False
-1.19,19,60.418933,19,closed,False,True,False
-1.19,19,60.424737,19,closed,False,True,False
-1.19,19,60.430501,19,closed,False,True,False
-1.15,15,60.435038,15,open,False,True,False
-1.19,19,60.593206,19,closed,False,True,False
-1.19,19,60.599051,19,closed,False,True,False
-1.15,15,60.604311,15,open,False,True,False
-1.15,15,60.609061,15,closed,False,True,False
-1.17,17,60.614322,17,open,False,True,False
-1.15,15,60.619095,15,closed,False,True,False
-1.19,19,60.624934,19,closed,False,True,False
-1.17,17,60.630174,17,open,False,True,False
-1.15,15,60.63482,15,closed,False,True,False
-1.17,17,60.640118,17,closed,False,True,False
-1.15,15,60.644852,15,open,False,True,False
-1.15,15,60.649377,15,open,False,True,False
-1.15,15,60.65409,15,open,False,True,False
-1.19,19,60.659912,19,closed,False,True,False
-1.19,19,60.665733,19,closed,False,True,False
-1.15,15,60.670346,15,closed,False,True,False
-1.19,19,60.676152,19,closed,False,True,False
-1.19,19,60.682003,19,closed,False,True,False
-1.17,17,60.687156,17,open,False,True,False
-1.19,19,60.692894,19,open,False,True,False
-1.19,19,60.698633,19,closed,False,True,False
-1.19,19,60.704319,19,open,False,True,False
-1.15,15,60.708954,15,closed,False,True,False
-1.19,19,60.714846,19,open,False,True,False
-1.17,17,60.720073,17,closed,False,True,False
-1.17,17,60.725294,17,closed,False,True,False
-1.15,15,60.729888,15,closed,False,True,False
-1.15,15,60.734482,15,closed,False,True,False
-1.19,19,60.740384,19,open,False,True,False
-1.19,19,60.746095,19,open,False,True,False
-1.17,17,60.75128,17,open,False,True,False
-1.19,19,60.757055,19,open,False,True,False
-1.17,17,60.762241,17,closed,False,True,False
-1.19,19,60.768039,19,open,False,True,False
-1.15,15,60.77269,15,closed,False,True,False
-1.15,15,60.777414,15,closed,False,True,False
-1.15,15,60.782076,15,open,False,True,False
-1.15,15,60.786728,15,closed,False,True,False
-1.19,19,60.79263,19,closed,False,True,False
-1.17,17,60.797797,17,open,False,True,False
-1.17,17,60.802973,17,closed,False,True,False
-1.15,15,60.807637,15,open,False,True,False
-1.19,19,60.813428,19,open,False,True,False
-1.19,19,60.819355,19,closed,False,True,False
-1.15,15,60.824148,15,open,False,True,False
-1.15,15,60.828805,15,closed,False,True,False
-1.15,15,60.833435,15,closed,False,True,False
-1.17,17,60.838667,17,open,False,True,False
-1.19,19,60.844482,19,closed,False,True,False
-1.15,15,60.848982,15,open,False,True,False
-1.15,15,60.853676,15,closed,False,True,False
-1.19,19,60.859304,19,open,False,True,False
-1.19,19,60.865034,19,open,False,True,False
-1.15,15,60.869524,15,open,False,True,False
-1.19,19,60.875378,19,open,False,True,False
-1.19,19,60.881167,19,open,False,True,False
-1.19,19,60.886831,19,closed,False,True,False
-1.17,17,60.892097,17,open,False,True,False
-1.17,17,60.897322,17,open,False,True,False
-1.15,15,60.901964,15,open,False,True,False
-1.19,19,60.907723,19,open,False,True,False
-1.15,15,60.912336,15,open,False,True,False
-1.19,19,60.918062,19,closed,False,True,False
-1.17,17,60.92316,17,open,False,True,False
-1.17,17,60.928419,17,closed,False,True,False
-1.19,19,60.934178,19,open,False,True,False
-1.17,17,60.939267,17,closed,False,True,False
-1.17,17,60.944433,17,open,False,True,False
-1.17,17,60.949627,17,open,False,True,False
-1.17,17,60.954746,17,closed,False,True,False
-1.17,17,60.959957,17,closed,False,True,False
-1.17,17,60.965054,17,closed,False,True,False
-1.17,17,60.970268,17,closed,False,True,False
-1.19,19,60.976151,19,open,False,True,False
-1.15,15,60.980708,15,open,False,True,False
-1.15,15,60.985286,15,open,False,True,False
-1.17,17,60.990472,17,open,False,True,False
-1.17,17,60.995662,17,open,False,True,False
-1.17,17,61.000833,17,closed,False,True,False
-1.17,17,61.005979,17,closed,False,True,False
-1.17,17,61.011225,17,open,False,True,False
-1.15,15,61.015846,15,closed,False,True,False
-1.19,19,61.021604,19,closed,False,True,False
-1.19,19,61.027429,19,closed,False,True,False
-1.19,19,61.033343,19,open,False,True,False
-1.17,17,61.038528,17,open,False,True,False
-1.15,15,61.043208,15,open,False,True,False
-1.17,17,61.048326,17,open,False,True,False
-1.17,17,61.05356,17,open,False,True,False
-1.19,19,61.059312,19,open,False,True,False
-1.15,15,61.063971,15,open,False,True,False
-1.17,17,61.069166,17,open,False,True,False
-1.19,19,61.07489,19,open,False,True,False
-1.15,15,61.079473,15,closed,False,True,False
-1.19,19,61.085253,19,open,False,True,False
-1.19,19,61.091064,19,closed,False,True,False
-1.19,19,61.096858,19,closed,False,True,False
-1.15,15,61.101406,15,closed,False,True,False
-1.17,17,61.106693,17,closed,False,True,False
-1.17,17,61.111952,17,closed,False,True,False
-1.15,15,61.116557,15,open,False,True,False
-1.17,17,61.121755,17,open,False,True,False
-1.15,15,61.126309,15,closed,False,True,False
-1.15,15,61.130956,15,open,False,True,False
-1.19,19,61.136734,19,closed,False,True,False
-1.15,15,61.141479,15,closed,False,True,False
-1.15,15,61.146045,15,open,False,True,False
-1.19,19,61.151802,19,closed,False,True,False
-1.15,15,61.156614,15,closed,False,True,False
-1.17,17,61.161919,17,closed,False,True,False
-1.19,19,61.167738,19,closed,False,True,False
-1.15,15,61.172324,15,open,False,True,False
-1.19,19,61.178192,19,open,False,True,False
-1.15,15,61.182803,15,closed,False,True,False
-1.15,15,61.187382,15,closed,False,True,False
-1.15,15,61.192089,15,open,False,True,False
-1.15,15,61.196779,15,open,False,True,False
-1.19,19,61.202477,19,closed,False,True,False
-1.17,17,61.207767,17,open,False,True,False
-1.17,17,61.212998,17,closed,False,True,False
-1.15,15,61.36996,15,open,False,True,False
-1.17,17,61.375378,17,closed,False,True,False
-1.15,15,61.38006,15,closed,False,True,False
-1.15,15,61.384571,15,open,False,True,False
-1.19,19,61.390565,19,closed,False,True,False
-1.17,17,61.395724,17,closed,False,True,False
-1.17,17,61.40094,17,closed,False,True,False
-1.19,19,61.406849,19,closed,False,True,False
-1.15,15,61.411572,15,closed,False,True,False
-1.19,19,61.417416,19,open,False,True,False
-1.15,15,61.422049,15,closed,False,True,False
-1.15,15,61.426801,15,open,False,True,False
-1.15,15,61.431531,15,open,False,True,False
-1.19,19,61.437314,19,closed,False,True,False
-1.15,15,61.442412,15,open,False,True,False
-1.15,15,61.447129,15,closed,False,True,False
-1.19,19,61.453095,19,open,False,True,False
-1.19,19,61.45886,19,closed,False,True,False
-1.17,17,61.464062,17,closed,False,True,False
-1.17,17,61.46929,17,open,False,True,False
-1.19,19,61.475246,19,closed,False,True,False
-1.15,15,61.479865,15,closed,False,True,False
-1.15,15,61.484502,15,open,False,True,False
-1.19,19,61.490312,19,open,False,True,False
-1.19,19,61.496201,19,closed,False,True,False
-1.17,17,61.501413,17,open,False,True,False
-1.19,19,61.507345,19,open,False,True,False
-1.19,19,61.513199,19,open,False,True,False
-1.15,15,61.517744,15,closed,False,True,False
-1.17,17,61.523004,17,closed,False,True,False
-1.17,17,61.528233,17,open,False,True,False
-1.19,19,61.534076,19,closed,False,True,False
-1.15,15,61.538678,15,open,False,True,False
-1.19,19,61.544542,19,closed,False,True,False
-1.19,19,61.55026,19,closed,False,True,False
-1.17,17,61.555671,17,open,False,True,False
-1.19,19,61.561534,19,open,False,True,False
-1.17,17,61.566811,17,open,False,True,False
-1.19,19,61.572615,19,open,False,True,False
-1.15,15,61.57718,15,closed,False,True,False
-1.17,17,61.582378,17,open,False,True,False
-1.15,15,61.587017,15,closed,False,True,False
-1.17,17,61.592108,17,closed,False,True,False
-1.19,19,61.59798,19,open,False,True,False
-1.15,15,61.602679,15,closed,False,True,False
-1.15,15,61.60735,15,open,False,True,False
-1.17,17,61.612453,17,open,False,True,False
-1.15,15,61.617049,15,closed,False,True,False
-1.17,17,61.622093,17,closed,False,True,False
-1.17,17,61.627432,17,closed,False,True,False
-1.17,17,61.632655,17,open,False,True,False
-1.19,19,61.63843,19,open,False,True,False
-1.17,17,61.643613,17,closed,False,True,False
-1.19,19,61.649369,19,closed,False,True,False
-1.17,17,61.654396,17,open,False,True,False
-1.15,15,61.658962,15,open,False,True,False
-1.15,15,61.663562,15,closed,False,True,False
-1.15,15,61.668157,15,open,False,True,False
-1.15,15,61.672851,15,open,False,True,False
-1.15,15,61.677397,15,open,False,True,False
-1.19,19,61.683075,19,closed,False,True,False
-1.19,19,61.688787,19,closed,False,True,False
-1.15,15,61.693463,15,open,False,True,False
-1.17,17,61.698539,17,closed,False,True,False
-1.15,15,61.703081,15,closed,False,True,False
-1.19,19,61.708802,19,closed,False,True,False
-1.19,19,61.71449,19,closed,False,True,False
-1.15,15,61.719083,15,open,False,True,False
-1.19,19,61.724768,19,closed,False,True,False
-1.15,15,61.729428,15,open,False,True,False
-1.19,19,61.735035,19,closed,False,True,False
-1.19,19,61.740772,19,open,False,True,False
-1.19,19,61.746499,19,closed,False,True,False
-1.19,19,61.75217,19,open,False,True,False
-1.17,17,61.757313,17,closed,False,True,False
-1.17,17,61.762449,17,closed,False,True,False
-1.15,15,61.767085,15,closed,False,True,False
-1.15,15,61.771637,15,closed,False,True,False
-1.17,17,61.77685,17,closed,False,True,False
-1.19,19,61.78267,19,closed,False,True,False
-1.19,19,61.788422,19,closed,False,True,False
-1.15,15,61.793109,15,closed,False,True,False
-1.15,15,61.797615,15,closed,False,True,False
-1.15,15,61.802068,15,open,False,True,False
-1.15,15,61.806673,15,open,False,True,False
-1.17,17,61.81189,17,open,False,True,False
-1.15,15,61.816669,15,open,False,True,False
-1.15,15,61.821318,15,open,False,True,False
-1.17,17,61.826562,17,open,False,True,False
-1.17,17,61.83181,17,open,False,True,False
-1.15,15,61.836492,15,open,False,True,False
-1.15,15,61.841163,15,closed,False,True,False
-1.17,17,61.846385,17,open,False,True,False
-1.19,19,61.852178,19,open,False,True,False
-1.17,17,61.857442,17,open,False,True,False
-1.17,17,61.862655,17,closed,False,True,False
-1.19,19,61.868418,19,open,False,True,False
-1.15,15,61.872939,15,open,False,True,False
-1.19,19,61.878538,19,open,False,True,False
-1.15,15,61.883152,15,open,False,True,False
-1.17,17,61.888299,17,open,False,True,False
-1.17,17,61.893584,17,open,False,True,False
-1.19,19,61.899269,19,open,False,True,False
-1.19,19,61.904958,19,closed,False,True,False
-1.17,17,61.910063,17,closed,False,True,False
-1.17,17,61.915214,17,open,False,True,False
-1.15,15,61.919728,15,open,False,True,False
-1.17,17,61.924865,17,open,False,True,False
-1.15,15,61.929552,15,open,False,True,False
-1.15,15,61.934124,15,closed,False,True,False
-1.15,15,61.938724,15,open,False,True,False
-1.17,17,61.943877,17,closed,False,True,False
-1.15,15,61.948349,15,closed,False,True,False
-1.24,19,61.954032,19,closed,False,True,True
-1.17,17,61.959233,17,open,False,True,False
-1.17,17,61.964468,17,open,False,True,False
-1.15,15,61.969103,15,closed,False,True,False
-1.17,17,61.974321,17,open,False,True,False
-1.17,17,61.979379,17,closed,False,True,False
-1.19,19,61.985097,19,open,False,True,False
-1.17,17,61.990216,17,closed,False,True,False
-1.17,17,61.995373,17,open,False,True,False
-1.15,15,62.174075,15,closed,False,True,False
-1.19,19,62.180021,19,open,False,True,False
-1.15,15,62.1847,15,open,False,True,False
-1.17,17,62.189939,17,closed,False,True,False
-1.17,17,62.195271,17,open,False,True,False
-1.17,17,62.200495,17,open,False,True,False
-1.19,19,62.206379,19,open,False,True,False
-1.19,19,62.212259,19,closed,False,True,False
-1.15,15,62.216965,15,closed,False,True,False
-1.15,15,62.221611,15,open,False,True,False
-1.19,19,62.227515,19,open,False,True,False
-1.19,19,62.233391,19,closed,False,True,False
-1.15,15,62.238046,15,closed,False,True,False
-1.19,19,62.243939,19,open,False,True,False
-1.19,19,62.249674,19,closed,False,True,False
-1.17,17,62.25502,17,closed,False,True,False
-1.19,19,62.261024,19,open,False,True,False
-1.15,15,62.265626,15,closed,False,True,False
-1.15,15,62.270305,15,open,False,True,False
-1.17,17,62.275451,17,closed,False,True,False
-1.15,15,62.280155,15,open,False,True,False
-1.15,15,62.284707,15,closed,False,True,False
-1.15,15,62.289404,15,open,False,True,False
-1.19,19,62.295214,19,closed,False,True,False
-1.17,17,62.300444,17,closed,False,True,False
-1.19,19,62.306163,19,closed,False,True,False
-1.17,17,62.311389,17,open,False,True,False
-1.17,17,62.316616,17,open,False,True,False
-1.15,15,62.321326,15,closed,False,True,False
-1.15,15,62.325927,15,closed,False,True,False
-1.17,17,62.331189,17,open,False,True,False
-1.17,17,62.336407,17,closed,False,True,False
-1.17,17,62.341756,17,closed,False,True,False
-1.19,19,62.347455,19,open,False,True,False
-1.19,19,62.353338,19,open,False,True,False
-1.17,17,62.35862,17,closed,False,True,False
-1.19,19,62.364399,19,closed,False,True,False
-1.17,17,62.369661,17,open,False,True,False
-1.17,17,62.374953,17,closed,False,True,False
-1.15,15,62.379697,15,closed,False,True,False
-1.17,17,62.384969,17,closed,False,True,False
-1.15,15,62.389693,15,closed,False,True,False
-1.17,17,62.394849,17,open,False,True,False
-1.19,19,62.400713,19,open,False,True,False
-1.17,17,62.406054,17,closed,False,True,False
-1.19,19,62.411824,19,closed,False,True,False
-1.15,15,62.416402,15,open,False,True,False
-1.19,19,62.422223,19,open,False,True,False
-1.17,17,62.427394,17,closed,False,True,False
-1.19,19,62.433283,19,closed,False,True,False
-1.17,17,62.438568,17,closed,False,True,False
-1.19,19,62.444425,19,closed,False,True,False
-1.19,19,62.450175,19,open,False,True,False
-1.15,15,62.45487,15,closed,False,True,False
-1.15,15,62.459584,15,closed,False,True,False
-1.19,19,62.465343,19,closed,False,True,False
-1.17,17,62.470617,17,open,False,True,False
-1.15,15,62.475276,15,open,False,True,False
-1.15,15,62.479904,15,closed,False,True,False
-1.17,17,62.485176,17,closed,False,True,False
-1.15,15,62.489899,15,open,False,True,False
-1.19,19,62.495603,19,closed,False,True,False
-1.15,15,62.500214,15,closed,False,True,False
-1.15,15,62.504912,15,open,False,True,False
-1.17,17,62.510103,17,open,False,True,False
-1.17,17,62.515391,17,open,False,True,False
-1.19,19,62.521179,19,closed,False,True,False
-1.17,17,62.52637,17,closed,False,True,False
-1.15,15,62.531135,15,open,False,True,False
-1.15,15,62.535837,15,closed,False,True,False
-1.15,15,62.540421,15,closed,False,True,False
-1.17,17,62.545706,17,open,False,True,False
-1.15,15,62.5504,15,open,False,True,False
-1.19,19,62.556266,19,closed,False,True,False
-1.15,15,62.561005,15,open,False,True,False
-1.19,19,62.566776,19,open,False,True,False
-1.19,19,62.572683,19,closed,False,True,False
-1.17,17,62.577852,17,closed,False,True,False
-1.19,19,62.5837,19,closed,False,True,False
-1.19,19,62.589576,19,open,False,True,False
-1.19,19,62.595475,19,open,False,True,False
-1.15,15,62.600069,15,closed,False,True,False
-1.17,17,62.60528,17,closed,False,True,False
-1.15,15,62.610039,15,closed,False,True,False
-1.17,17,62.615224,17,closed,False,True,False
-1.19,19,62.62108,19,closed,False,True,False
-1.15,15,62.625754,15,closed,False,True,False
-1.17,17,62.631045,17,open,False,True,False
-1.17,17,62.636333,17,closed,False,True,False
-1.15,15,62.641088,15,open,False,True,False
-1.15,15,62.645661,15,open,False,True,False
-1.19,19,62.651411,19,closed,False,True,False
-1.19,19,62.657308,19,closed,False,True,False
-1.17,17,62.662537,17,closed,False,True,False
-1.19,19,62.668352,19,open,False,True,False
-1.17,17,62.673566,17,open,False,True,False
-1.15,15,62.678257,15,open,False,True,False
-1.15,15,62.682953,15,closed,False,True,False
-1.15,15,62.687601,15,closed,False,True,False
-1.15,15,62.692304,15,open,False,True,False
-1.17,17,62.69747,17,open,False,True,False
-1.15,15,62.702197,15,open,False,True,False
-1.17,17,62.707529,17,open,False,True,False
-1.17,17,62.712871,17,closed,False,True,False
-1.17,17,62.718082,17,open,False,True,False
-1.19,19,62.723946,19,closed,False,True,False
-1.19,19,62.729808,19,open,False,True,False
-1.17,17,62.735084,17,open,False,True,False
-1.17,17,62.740365,17,open,False,True,False
-1.17,17,62.745612,17,open,False,True,False
-1.19,19,62.751377,19,closed,False,True,False
-1.17,17,62.756698,17,open,False,True,False
-1.19,19,62.762427,19,closed,False,True,False
-1.19,19,62.76831,19,closed,False,True,False
-1.15,15,62.772994,15,open,False,True,False
-1.15,15,62.777668,15,closed,False,True,False
-1.17,17,62.782912,17,closed,False,True,False
-1.15,15,62.787605,15,closed,False,True,False
-1.17,17,62.792882,17,closed,False,True,False
-1.15,15,62.797495,15,closed,False,True,False
-1.19,19,62.991938,19,open,False,True,False
-1.17,17,62.997384,17,open,False,True,False
-1.17,17,63.002752,17,open,False,True,False
-1.15,15,63.007448,15,open,False,True,False
-1.15,15,63.012106,15,open,False,True,False
-1.17,17,63.017384,17,closed,False,True,False
-1.15,15,63.022174,15,open,False,True,False
-1.19,19,63.028056,19,closed,False,True,False
-1.19,19,63.03383,19,closed,False,True,False
-1.17,17,63.039128,17,closed,False,True,False
-1.19,19,63.044982,19,open,False,True,False
-1.15,15,63.049617,15,closed,False,True,False
-1.17,17,63.054972,17,closed,False,True,False
-1.17,17,63.060192,17,open,False,True,False
-1.15,15,63.064926,15,open,False,True,False
-1.15,15,63.069659,15,closed,False,True,False
-1.15,15,63.074294,15,open,False,True,False
-1.17,17,63.079638,17,closed,False,True,False
-1.17,17,63.084874,17,closed,False,True,False
-1.17,17,63.090218,17,closed,False,True,False
-1.15,15,63.095168,15,open,False,True,False
-1.19,19,63.100876,19,closed,False,True,False
-1.17,17,63.10601,17,open,False,True,False
-1.19,19,63.111814,19,closed,False,True,False
-1.17,17,63.117031,17,open,False,True,False
-1.19,19,63.122838,19,open,False,True,False
-1.19,19,63.128564,19,open,False,True,False
-1.15,15,63.133137,15,open,False,True,False
-1.17,17,63.138918,17,open,False,True,False
-1.17,17,63.144138,17,closed,False,True,False
-1.15,15,63.148839,15,open,False,True,False
-1.17,17,63.154945,17,open,False,True,False
-1.17,17,63.160395,17,open,False,True,False
-1.17,17,63.165667,17,closed,False,True,False
-1.19,19,63.171654,19,closed,False,True,False
-1.15,15,63.176299,15,open,False,True,False
-1.15,15,63.180843,15,open,False,True,False
-1.15,15,63.18535,15,closed,False,True,False
-1.19,19,63.191097,19,closed,False,True,False
-1.15,15,63.19576,15,open,False,True,False
-1.15,15,63.200261,15,closed,False,True,False
-1.15,15,63.204911,15,open,False,True,False
-1.17,17,63.210043,17,closed,False,True,False
-1.19,19,63.215706,19,open,False,True,False
-1.19,19,63.221354,19,closed,False,True,False
-1.17,17,63.226603,17,open,False,True,False
-1.15,15,63.231271,15,open,False,True,False
-1.19,19,63.236948,19,open,False,True,False
-1.17,17,63.242027,17,open,False,True,False
-1.19,19,63.247799,19,closed,False,True,False
-1.17,17,63.252936,17,closed,False,True,False
-1.15,15,63.257573,15,open,False,True,False
-1.19,19,63.263168,19,open,False,True,False
-1.15,15,63.267774,15,closed,False,True,False
-1.17,17,63.273041,17,open,False,True,False
-1.19,19,63.278776,19,open,False,True,False
-1.17,17,63.28404,17,open,False,True,False
-1.15,15,63.288553,15,open,False,True,False
-1.17,17,63.293745,17,open,False,True,False
-1.15,15,63.298265,15,open,False,True,False
-1.19,19,63.303988,19,closed,False,True,False
-1.19,19,63.309764,19,closed,False,True,False
-1.17,17,63.314821,17,open,False,True,False
-1.19,19,63.320459,19,closed,False,True,False
-1.19,19,63.326189,19,open,False,True,False
-1.15,15,63.330734,15,closed,False,True,False
-1.15,15,63.335344,15,closed,False,True,False
-1.17,17,63.340608,17,closed,False,True,False
-1.19,19,63.346337,19,closed,False,True,False
-1.17,17,63.351519,17,closed,False,True,False
-1.19,19,63.357399,19,closed,False,True,False
-1.15,15,63.362038,15,closed,False,True,False
-1.17,17,63.36712,17,open,False,True,False
-1.19,19,63.372872,19,open,False,True,False
-1.17,17,63.378016,17,closed,False,True,False
-1.19,19,63.383701,19,open,False,True,False
-1.17,17,63.388937,17,closed,False,True,False
-1.17,17,63.394031,17,closed,False,True,False
-1.15,15,63.39858,15,closed,False,True,False
-1.17,17,63.403728,17,closed,False,True,False
-1.15,15,63.40835,15,closed,False,True,False
-1.15,15,63.41291,15,closed,False,True,False
-1.19,19,63.418595,19,open,False,True,False
-1.15,15,63.423239,15,closed,False,True,False
-1.19,19,63.429216,19,open,False,True,False
-1.19,19,63.434944,19,open,False,True,False
-1.17,17,63.440235,17,open,False,True,False
-1.15,15,63.4449,15,open,False,True,False
-1.15,15,63.449405,15,open,False,True,False
-1.19,19,63.455107,19,open,False,True,False
-1.19,19,63.460823,19,closed,False,True,False
-1.17,17,63.465915,17,closed,False,True,False
-1.15,15,63.47044,15,closed,False,True,False
-1.15,15,63.474934,15,open,False,True,False
-1.17,17,63.480071,17,open,False,True,False
-1.17,17,63.485294,17,open,False,True,False
-1.19,19,63.491094,19,open,False,True,False
-1.19,19,63.496854,19,closed,False,True,False
-1.15,15,63.50151,15,open,False,True,False
-1.15,15,63.506019,15,open,False,True,False
-1.17,17,63.511223,17,open,False,True,False
-1.19,19,63.516973,19,closed,False,True,False
-1.19,19,63.522773,19,closed,False,True,False
-1.17,17,63.527876,17,closed,False,True,False
-1.19,19,63.533523,19,open,False,True,False
-1.19,19,63.539278,19,closed,False,True,False
-1.15,15,63.543947,15,open,False,True,False
-1.17,17,63.549012,17,closed,False,True,False
-1.19,19,63.554702,19,open,False,True,False
-1.17,17,63.559957,17,open,False,True,False
-1.17,17,63.565138,17,open,False,True,False
-1.15,15,63.569726,15,closed,False,True,False
-1.15,15,63.57426,15,open,False,True,False
-1.19,19,63.580016,19,closed,False,True,False
-1.17,17,63.585068,17,open,False,True,False
-1.19,19,63.590907,19,closed,False,True,False
-1.15,15,63.595468,15,open,False,True,False
-1.15,15,63.600056,15,closed,False,True,False
-1.19,19,63.605721,19,open,False,True,False
-1.15,15,63.610205,15,open,False,True,False
-1.19,19,63.615917,19,open,False,True,False
-1.19,19,63.773787,19,open,False,True,False
-1.17,17,63.779062,17,closed,False,True,False
-1.19,19,63.784834,19,closed,False,True,False
-1.19,19,63.790714,19,open,False,True,False
-1.15,15,63.7953,15,open,False,True,False
-1.15,15,63.799911,15,closed,False,True,False
-1.19,19,63.805722,19,closed,False,True,False
-1.19,19,63.81146,19,closed,False,True,False
-1.17,17,63.816687,17,closed,False,True,False
-1.17,17,63.821967,17,open,False,True,False
-1.15,15,63.826501,15,closed,False,True,False
-1.15,15,63.831106,15,closed,False,True,False
-1.19,19,63.841546,19,open,False,True,False
-1.17,17,63.846588,17,closed,False,True,False
-1.17,17,63.851771,17,closed,False,True,False
-1.17,17,63.856875,17,closed,False,True,False
-1.19,19,63.862561,19,open,False,True,False
-1.17,17,63.867769,17,closed,False,True,False
-1.19,19,63.873491,19,open,False,True,False
-1.15,15,63.87816,15,closed,False,True,False
-1.15,15,63.882777,15,closed,False,True,False
-1.15,15,63.887302,15,closed,False,True,False
-1.17,17,63.892537,17,closed,False,True,False
-1.17,17,63.897685,17,closed,False,True,False
-1.15,15,63.902313,15,open,False,True,False
-1.17,17,63.907456,17,closed,False,True,False
-1.15,15,63.911979,15,open,False,True,False
-1.19,19,63.917772,19,open,False,True,False
-1.17,17,63.92302,17,open,False,True,False
-1.19,19,63.928802,19,open,False,True,False
-1.19,19,63.934631,19,closed,False,True,False
-1.19,19,63.940483,19,closed,False,True,False
-1.17,17,63.945653,17,open,False,True,False
-1.19,19,63.951396,19,open,False,True,False
-1.19,19,63.957165,19,closed,False,True,False
-1.17,17,63.962257,17,open,False,True,False
-1.19,19,63.967871,19,open,False,True,False
-1.15,15,63.972511,15,closed,False,True,False
-1.15,15,63.977185,15,closed,False,True,False
-1.15,15,63.981765,15,open,False,True,False
-1.17,17,63.986859,17,closed,False,True,False
-1.17,17,63.992099,17,closed,False,True,False
-1.17,17,63.9972,17,open,False,True,False
-1.17,17,64.002338,17,closed,False,True,False
-1.17,17,64.007649,17,open,False,True,False
-1.17,17,64.01284,17,closed,False,True,False
-1.15,15,64.017386,15,closed,False,True,False
-1.15,15,64.022015,15,closed,False,True,False
-1.15,15,64.02661,15,closed,False,True,False
-1.15,15,64.031122,15,open,False,True,False
-1.17,17,64.036326,17,closed,False,True,False
-1.19,19,64.042004,19,closed,False,True,False
-1.15,15,64.046572,15,open,False,True,False
-1.19,19,64.05229,19,open,False,True,False
-1.15,15,64.05701,15,closed,False,True,False
-1.17,17,64.06212,17,open,False,True,False
-1.15,15,64.066729,15,open,False,True,False
-1.19,19,64.072431,19,open,False,True,False
-1.15,15,64.077065,15,open,False,True,False
-1.15,15,64.081611,15,open,False,True,False
-1.17,17,64.086793,17,open,False,True,False
-1.15,15,64.091427,15,open,False,True,False
-1.15,15,64.09604,15,open,False,True,False
-1.19,19,64.101806,19,open,False,True,False
-1.19,19,64.107583,19,open,False,True,False
-1.17,17,64.112782,17,closed,False,True,False
-1.15,15,64.11739,15,open,False,True,False
-1.17,17,64.122588,17,closed,False,True,False
-1.19,19,64.128379,19,open,False,True,False
-1.15,15,64.132892,15,open,False,True,False
-1.17,17,64.138007,17,closed,False,True,False
-1.19,19,64.143846,19,closed,False,True,False
-1.19,19,64.149608,19,open,False,True,False
-1.15,15,64.154293,15,open,False,True,False
-1.19,19,64.160142,19,closed,False,True,False
-1.19,19,64.165955,19,closed,False,True,False
-1.15,15,64.170649,15,open,False,True,False
-1.15,15,64.17532,15,open,False,True,False
-1.17,17,64.180539,17,closed,False,True,False
-1.19,19,64.186171,19,closed,False,True,False
-1.17,17,64.191457,17,open,False,True,False
-1.17,17,64.196641,17,closed,False,True,False
-1.17,17,64.201799,17,closed,False,True,False
-1.15,15,64.206476,15,closed,False,True,False
-1.15,15,64.211308,15,open,False,True,False
-1.15,15,64.215865,15,open,False,True,False
-1.19,19,64.221585,19,open,False,True,False
-1.17,17,64.22679,17,closed,False,True,False
-1.17,17,64.231915,17,closed,False,True,False
-1.17,17,64.237067,17,closed,False,True,False
-1.17,17,64.242304,17,closed,False,True,False
-1.19,19,64.248642,19,open,False,True,False
-1.17,17,64.253831,17,closed,False,True,False
-1.15,15,64.258566,15,open,False,True,False
-1.15,15,64.263283,15,open,False,True,False
-1.15,15,64.268013,15,open,False,True,False
-1.17,17,64.273163,17,closed,False,True,False
-1.19,19,64.278978,19,closed,False,True,False
-1.17,17,64.284094,17,closed,False,True,False
-1.15,15,64.288802,15,open,False,True,False
-1.19,19,64.294677,19,open,False,True,False
-1.15,15,64.299335,15,open,False,True,False
-1.19,19,64.305224,19,closed,False,True,False
-1.15,15,64.309943,15,open,False,True,False
-1.17,17,64.315126,17,closed,False,True,False
-1.15,15,64.319757,15,closed,False,True,False
-1.15,15,64.324485,15,closed,False,True,False
-1.15,15,64.329159,15,closed,False,True,False
-1.15,15,64.33375,15,closed,False,True,False
-1.19,19,64.339569,19,open,False,True,False
-1.19,19,64.345349,19,open,False,True,False
-1.19,19,64.351187,19,open,False,True,False
-1.17,17,64.356534,17,open,False,True,False
-1.19,19,64.362272,19,open,False,True,False
-1.19,19,64.368113,19,open,False,True,False
-1.15,15,64.372787,15,closed,False,True,False
-1.19,19,64.378644,19,open,False,True,False
-1.17,17,64.383908,17,open,False,True,False
-1.15,15,64.388575,15,closed,False,True,False
-1.19,19,64.394405,19,open,False,True,False
-1.19,19,64.400217,19,open,False,True,False
-1.15,15,64.559008,15,open,False,True,False
-1.19,19,64.56534,19,open,False,True,False
-1.19,19,64.571492,19,closed,False,True,False
-1.19,19,64.577417,19,closed,False,True,False
-1.17,17,64.582599,17,closed,False,True,False
-1.19,19,64.588456,19,closed,False,True,False
-1.19,19,64.594226,19,closed,False,True,False
-1.17,17,64.599408,17,closed,False,True,False
-1.17,17,64.604688,17,open,False,True,False
-1.15,15,64.609476,15,open,False,True,False
-1.17,17,64.614662,17,closed,False,True,False
-1.19,19,64.620556,19,closed,False,True,False
-1.15,15,64.625134,15,open,False,True,False
-1.15,15,64.629919,15,open,False,True,False
-1.19,19,64.63571,19,closed,False,True,False
-1.15,15,64.640352,15,open,False,True,False
-1.19,19,64.646191,19,open,False,True,False
-1.17,17,64.651408,17,closed,False,True,False
-1.17,17,64.656586,17,closed,False,True,False
-1.17,17,64.661873,17,open,False,True,False
-1.17,17,64.667243,17,open,False,True,False
-1.17,17,64.672459,17,open,False,True,False
-1.17,17,64.677711,17,open,False,True,False
-1.17,17,64.682873,17,open,False,True,False
-1.17,17,64.688175,17,closed,False,True,False
-1.15,15,64.692866,15,open,False,True,False
-1.19,19,64.69872,19,open,False,True,False
-1.15,15,64.703351,15,closed,False,True,False
-1.19,19,64.709339,19,open,False,True,False
-1.15,15,64.714037,15,open,False,True,False
-1.19,19,64.719921,19,open,False,True,False
-1.19,19,64.725796,19,open,False,True,False
-1.17,17,64.731115,17,open,False,True,False
-1.17,17,64.736433,17,open,False,True,False
-1.19,19,64.742266,19,open,False,True,False
-1.15,15,64.747068,15,open,False,True,False
-1.19,19,64.752931,19,open,False,True,False
-1.17,17,64.758308,17,open,False,True,False
-1.17,17,64.763593,17,closed,False,True,False
-1.19,19,64.769558,19,closed,False,True,False
-1.15,15,64.774235,15,closed,False,True,False
-1.15,15,64.778931,15,closed,False,True,False
-1.15,15,64.783623,15,closed,False,True,False
-1.17,17,64.788902,17,open,False,True,False
-1.17,17,64.794097,17,open,False,True,False
-1.19,19,64.799857,19,open,False,True,False
-1.15,15,64.804582,15,open,False,True,False
-1.17,17,64.809942,17,closed,False,True,False
-1.15,15,64.814652,15,open,False,True,False
-1.19,19,64.820486,19,closed,False,True,False
-1.15,15,64.825072,15,open,False,True,False
-1.15,15,64.829797,15,closed,False,True,False
-1.17,17,64.835068,17,closed,False,True,False
-1.15,15,64.839765,15,open,False,True,False
-1.19,19,64.845528,19,closed,False,True,False
-1.19,19,64.851283,19,closed,False,True,False
-1.17,17,64.856482,17,closed,False,True,False
-1.17,17,64.861619,17,open,False,True,False
-1.15,15,64.866255,15,closed,False,True,False
-1.19,19,64.872065,19,closed,False,True,False
-1.17,17,64.877353,17,open,False,True,False
-1.19,19,64.883156,19,open,False,True,False
-1.15,15,64.887809,15,open,False,True,False
-1.17,17,64.89309,17,closed,False,True,False
-1.15,15,64.897736,15,open,False,True,False
-1.17,17,64.902878,17,open,False,True,False
-1.15,15,64.907683,15,closed,False,True,False
-1.17,17,64.912985,17,closed,False,True,False
-1.19,19,64.918687,19,closed,False,True,False
-1.15,15,64.923369,15,open,False,True,False
-1.15,15,64.928027,15,open,False,True,False
-1.15,15,64.932629,15,open,False,True,False
-1.17,17,64.937828,17,closed,False,True,False
-1.19,19,64.943724,19,open,False,True,False
-1.17,17,64.949011,17,closed,False,True,False
-1.17,17,64.954216,17,closed,False,True,False
-1.17,17,64.959506,17,open,False,True,False
-1.15,15,64.964112,15,open,False,True,False
-1.17,17,64.96949,17,closed,False,True,False
-1.19,19,64.975334,19,closed,False,True,False
-1.17,17,64.980625,17,closed,False,True,False
-1.17,17,64.985868,17,closed,False,True,False
-1.15,15,64.990675,15,open,False,True,False
-1.19,19,64.996401,19,closed,False,True,False
-1.19,19,65.002175,19,closed,False,True,False
-1.17,17,65.007481,17,closed,False,True,False
-1.19,19,65.013426,19,closed,False,True,False
-1.19,19,65.019207,19,open,False,True,False
-1.15,15,65.023874,15,closed,False,True,False
-1.15,15,65.028639,15,closed,False,True,False
-1.19,19,65.034483,19,open,False,True,False
-1.15,15,65.039184,15,open,False,True,False
-1.15,15,65.043899,15,open,False,True,False
-1.17,17,65.049242,17,open,False,True,False
-1.19,19,65.055053,19,open,False,True,False
-1.15,15,65.059744,15,closed,False,True,False
-1.17,17,65.064922,17,closed,False,True,False
-1.19,19,65.07085,19,open,False,True,False
-1.17,17,65.076191,17,open,False,True,False
-1.17,17,65.08134,17,open,False,True,False
-1.17,17,65.086629,17,open,False,True,False
-1.17,17,65.091996,17,closed,False,True,False
-1.17,17,65.097284,17,closed,False,True,False
-1.15,15,65.102001,15,closed,False,True,False
-1.19,19,65.107837,19,closed,False,True,False
-1.17,17,65.113079,17,closed,False,True,False
-1.15,15,65.117715,15,closed,False,True,False
-1.17,17,65.123036,17,open,False,True,False
-1.19,19,65.128863,19,open,False,True,False
-1.17,17,65.134026,17,closed,False,True,False
-1.17,17,65.139244,17,open,False,True,False
-1.17,17,65.144569,17,closed,False,True,False
-1.15,15,65.149336,15,open,False,True,False
-1.17,17,65.154657,17,closed,False,True,False
-1.15,15,65.159364,15,open,False,True,False
-1.19,19,65.165224,19,closed,False,True,False
-1.15,15,65.169996,15,closed,False,True,False
-1.17,17,65.175165,17,open,False,True,False
-1.17,17,65.180503,17,open,False,True,False
-1.17,17,65.185787,17,closed,False,True,False
-1.17,17,65.191171,17,closed,False,True,False
-1.15,15,65.351073,15,open,False,True,False
-1.15,15,65.356176,15,closed,False,True,False
-1.15,15,65.361002,15,open,False,True,False
-1.15,15,65.365682,15,open,False,True,False
-1.17,17,65.371026,17,open,False,True,False
-1.15,15,65.375662,15,closed,False,True,False
-1.17,17,65.380939,17,open,False,True,False
-1.19,19,65.386708,19,closed,False,True,False
-1.19,19,65.392588,19,open,False,True,False
-1.15,15,65.397231,15,closed,False,True,False
-1.15,15,65.401832,15,open,False,True,False
-1.17,17,65.407207,17,closed,False,True,False
-1.15,15,65.411854,15,open,False,True,False
-1.17,17,65.417019,17,closed,False,True,False
-1.19,19,65.422908,19,closed,False,True,False
-1.17,17,65.428105,17,open,False,True,False
-1.17,17,65.43335,17,closed,False,True,False
-1.15,15,65.438039,15,closed,False,True,False
-1.19,19,65.443803,19,open,False,True,False
-1.15,15,65.448507,15,open,False,True,False
-1.19,19,65.454331,19,open,False,True,False
-1.19,19,65.460134,19,open,False,True,False
-1.15,15,65.464714,15,open,False,True,False
-1.19,19,65.470463,19,open,False,True,False
-1.19,19,65.476325,19,open,False,True,False
-1.15,15,65.480931,15,open,False,True,False
-1.15,15,65.485557,15,open,False,True,False
-1.15,15,65.490101,15,open,False,True,False
-1.15,15,65.494737,15,closed,False,True,False
-1.19,19,65.50047,19,open,False,True,False
-1.19,19,65.506342,19,open,False,True,False
-1.15,15,65.511075,15,closed,False,True,False
-1.17,17,65.516247,17,open,False,True,False
-1.19,19,65.521966,19,closed,False,True,False
-1.17,17,65.527245,17,open,False,True,False
-1.17,17,65.532533,17,closed,False,True,False
-1.15,15,65.537196,15,closed,False,True,False
-1.19,19,65.542914,19,closed,False,True,False
-1.15,15,65.547622,15,open,False,True,False
-1.17,17,65.552838,17,closed,False,True,False
-1.15,15,65.557534,15,open,False,True,False
-1.17,17,65.562707,17,closed,False,True,False
-1.19,19,65.568626,19,open,False,True,False
-1.15,15,65.573283,15,closed,False,True,False
-1.15,15,65.577991,15,open,False,True,False
-1.19,19,65.583798,19,open,False,True,False
-1.17,17,65.588994,17,closed,False,True,False
-1.19,19,65.59485,19,open,False,True,False
-1.15,15,65.599559,15,closed,False,True,False
-1.17,17,65.604854,17,closed,False,True,False
-1.19,19,65.610637,19,closed,False,True,False
-1.19,19,65.61638,19,closed,False,True,False
-1.19,19,65.622251,19,open,False,True,False
-1.19,19,65.628112,19,closed,False,True,False
-1.19,19,65.63388,19,closed,False,True,False
-1.19,19,65.639673,19,open,False,True,False
-1.15,15,65.644225,15,closed,False,True,False
-1.15,15,65.648952,15,closed,False,True,False
-1.19,19,65.654762,19,open,False,True,False
-1.19,19,65.660607,19,open,False,True,False
-1.15,15,65.665186,15,open,False,True,False
-1.19,19,65.670975,19,open,False,True,False
-1.19,19,65.676734,19,closed,False,True,False
-1.19,19,65.68256,19,closed,False,True,False
-1.17,17,65.687752,17,open,False,True,False
-1.17,17,65.693068,17,open,False,True,False
-1.15,15,65.697801,15,open,False,True,False
-1.19,19,65.703507,19,open,False,True,False
-1.19,19,65.709297,19,open,False,True,False
-1.17,17,65.714509,17,closed,False,True,False
-1.15,15,65.719163,15,open,False,True,False
-1.17,17,65.724415,17,closed,False,True,False
-1.15,15,65.72898,15,open,False,True,False
-1.15,15,65.733669,15,open,False,True,False
-1.19,19,65.739467,19,open,False,True,False
-1.15,15,65.744152,15,open,False,True,False
-1.15,15,65.748791,15,closed,False,True,False
-1.17,17,65.754078,17,open,False,True,False
-1.17,17,65.759366,17,open,False,True,False
-1.15,15,65.764086,15,closed,False,True,False
-1.17,17,65.769351,17,closed,False,True,False
-1.15,15,65.774093,15,open,False,True,False
-1.15,15,65.778854,15,open,False,True,False
-1.17,17,65.784045,17,open,False,True,False
-1.19,19,65.789787,19,open,False,True,False
-1.19,19,65.795636,19,closed,False,True,False
-1.15,15,65.800252,15,open,False,True,False
-1.15,15,65.804916,15,open,False,True,False
-1.17,17,65.810189,17,open,False,True,False
-1.19,19,65.816077,19,open,False,True,False
-1.19,19,65.821911,19,closed,False,True,False
-1.15,15,65.826515,15,closed,False,True,False
-1.15,15,65.831204,15,closed,False,True,False
-1.19,19,65.837006,19,closed,False,True,False
-1.17,17,65.842181,17,open,False,True,False
-1.17,17,65.847469,17,closed,False,True,False
-1.15,15,65.852157,15,open,False,True,False
-1.17,17,65.857396,17,open,False,True,False
-1.17,17,65.862614,17,closed,False,True,False
-1.19,19,65.868275,19,closed,False,True,False
-1.19,19,65.874146,19,open,False,True,False
-1.19,19,65.879961,19,closed,False,True,False
-1.15,15,65.884681,15,open,False,True,False
-1.17,17,65.889903,17,open,False,True,False
-1.19,19,65.895632,19,closed,False,True,False
-1.17,17,65.900766,17,open,False,True,False
-1.19,19,65.906611,19,open,False,True,False
-1.15,15,65.911232,15,open,False,True,False
-1.17,17,65.916471,17,open,False,True,False
-1.15,15,65.921091,15,closed,False,True,False
-1.15,15,65.925779,15,closed,False,True,False
-1.17,17,65.930958,17,closed,False,True,False
-1.19,19,65.936825,19,open,False,True,False
-1.19,19,65.942685,19,closed,False,True,False
-1.19,19,65.948487,19,open,False,True,False
-1.17,17,65.953775,17,open,False,True,False
-1.17,17,65.958985,17,closed,False,True,False
-1.19,19,65.964749,19,open,False,True,False
-1.17,17,65.970078,17,closed,False,True,False
-1.17,17,65.975272,17,closed,False,True,False
-1.19,19,66.137883,19,open,False,True,False
-1.15,15,66.142711,15,closed,False,True,False
-1.19,19,66.14847,19,closed,False,True,False
-1.15,15,66.153233,15,open,False,True,False
-1.17,17,66.158548,17,open,False,True,False
-1.19,19,66.164309,19,open,False,True,False
-1.19,19,66.170202,19,open,False,True,False
-1.19,19,66.176051,19,closed,False,True,False
-1.17,17,66.18137,17,open,False,True,False
-1.17,17,66.186597,17,closed,False,True,False
-1.17,17,66.191872,17,open,False,True,False
-1.15,15,66.196579,15,open,False,True,False
-1.17,17,66.201719,17,closed,False,True,False
-1.19,19,66.207622,19,open,False,True,False
-1.19,19,66.213503,19,open,False,True,False
-1.17,17,66.218669,17,closed,False,True,False
-1.19,19,66.224563,19,open,False,True,False
-1.15,15,66.229208,15,closed,False,True,False
-1.19,19,66.235008,19,closed,False,True,False
-1.15,15,66.239764,15,closed,False,True,False
-1.19,19,66.245553,19,closed,False,True,False
-1.19,19,66.251301,19,open,False,True,False
-1.15,15,66.256106,15,closed,False,True,False
-1.17,17,66.261307,17,open,False,True,False
-1.15,15,66.265975,15,closed,False,True,False
-1.19,19,66.271795,19,closed,False,True,False
-1.17,17,66.277111,17,open,False,True,False
-1.15,15,66.28178,15,open,False,True,False
-1.17,17,66.286979,17,open,False,True,False
-1.15,15,66.291798,15,closed,False,True,False
-1.19,19,66.297584,19,open,False,True,False
-1.19,19,66.303488,19,open,False,True,False
-1.17,17,66.308794,17,closed,False,True,False
-1.19,19,66.314666,19,open,False,True,False
-1.19,19,66.320442,19,open,False,True,False
-1.15,15,66.325089,15,open,False,True,False
-1.19,19,66.330889,19,open,False,True,False
-1.19,19,66.33681,19,closed,False,True,False
-1.15,15,66.341588,15,open,False,True,False
-1.17,17,66.346843,17,open,False,True,False
-1.19,19,66.352634,19,open,False,True,False
-1.17,17,66.357968,17,open,False,True,False
-1.19,19,66.363859,19,closed,False,True,False
-1.15,15,66.368447,15,closed,False,True,False
-1.19,19,66.374144,19,open,False,True,False
-1.17,17,66.379448,17,closed,False,True,False
-1.15,15,66.384167,15,closed,False,True,False
-1.15,15,66.388917,15,open,False,True,False
-1.17,17,66.394082,17,open,False,True,False
-1.17,17,66.399212,17,open,False,True,False
-1.19,19,66.405102,19,closed,False,True,False
-1.17,17,66.410373,17,open,False,True,False
-1.17,17,66.415695,17,closed,False,True,False
-1.17,17,66.421056,17,open,False,True,False
-1.17,17,66.426342,17,closed,False,True,False
-1.15,15,66.431108,15,open,False,True,False
-1.15,15,66.435683,15,open,False,True,False
-1.19,19,66.441588,19,open,False,True,False
-1.17,17,66.446805,17,open,False,True,False
-1.17,17,66.452137,17,open,False,True,False
-1.19,19,66.458056,19,closed,False,True,False
-1.15,15,66.462685,15,closed,False,True,False
-1.15,15,66.467237,15,closed,False,True,False
-1.15,15,66.471971,15,open,False,True,False
-1.19,19,66.477791,19,open,False,True,False
-1.19,19,66.483558,19,open,False,True,False
-1.15,15,66.488268,15,open,False,True,False
-1.17,17,66.493454,17,open,False,True,False
-1.17,17,66.4987,17,closed,False,True,False
-1.17,17,66.503931,17,closed,False,True,False
-1.19,19,66.509669,19,closed,False,True,False
-1.19,19,66.515413,19,open,False,True,False
-1.15,15,66.520073,15,closed,False,True,False
-1.17,17,66.525328,17,closed,False,True,False
-1.17,17,66.530654,17,closed,False,True,False
-1.15,15,66.535234,15,open,False,True,False
-1.17,17,66.540455,17,closed,False,True,False
-1.15,15,66.545187,15,open,False,True,False
-1.17,17,66.550692,17,open,False,True,False
-1.15,15,66.555432,15,closed,False,True,False
-1.15,15,66.560066,15,open,False,True,False
-1.17,17,66.565084,17,closed,False,True,False
-1.19,19,66.570883,19,closed,False,True,False
-1.19,19,66.576506,19,closed,False,True,False
-1.19,19,66.582221,19,open,False,True,False
-1.19,19,66.58783,19,open,False,True,False
-1.17,17,66.593013,17,open,False,True,False
-1.15,15,66.59763,15,open,False,True,False
-1.17,17,66.603311,17,open,False,True,False
-1.17,17,66.608608,17,open,False,True,False
-1.17,17,66.613705,17,open,False,True,False
-1.19,19,66.619491,19,open,False,True,False
-1.15,15,66.624145,15,open,False,True,False
-1.17,17,66.629333,17,open,False,True,False
-1.19,19,66.635029,19,open,False,True,False
-1.15,15,66.6397,15,closed,False,True,False
-1.19,19,66.645489,19,open,False,True,False
-1.15,15,66.64997,15,open,False,True,False
-1.19,19,66.655754,19,closed,False,True,False
-1.19,19,66.661384,19,closed,False,True,False
-1.17,17,66.666554,17,closed,False,True,False
-1.19,19,66.67237,19,open,False,True,False
-1.19,19,66.678101,19,closed,False,True,False
-1.15,15,66.682683,15,open,False,True,False
-1.15,15,66.687147,15,open,False,True,False
-1.17,17,66.692276,17,closed,False,True,False
-1.17,17,66.697364,17,closed,False,True,False
-1.15,15,66.701853,15,open,False,True,False
-1.15,15,66.706571,15,closed,False,True,False
-1.19,19,66.712229,19,open,False,True,False
-1.19,19,66.717874,19,open,False,True,False
-1.19,19,66.723673,19,open,False,True,False
-1.15,15,66.728291,15,open,False,True,False
-1.15,15,66.732797,15,open,False,True,False
-1.19,19,66.738419,19,closed,False,True,False
-1.19,19,66.744195,19,closed,False,True,False
-1.15,15,66.748724,15,closed,False,True,False
-1.17,17,66.753808,17,closed,False,True,False
-1.19,19,66.759605,19,closed,False,True,False
-1.15,15,66.764144,15,closed,False,True,False
-1.15,15,66.923367,15,open,False,True,False
-1.15,15,66.928132,15,open,False,True,False
-1.19,19,66.933891,19,open,False,True,False
-1.15,15,66.938557,15,open,False,True,False
-1.17,17,66.943831,17,open,False,True,False
-1.19,19,66.94977,19,open,False,True,False
-1.17,17,66.954995,17,closed,False,True,False
-1.15,15,66.959687,15,open,False,True,False
-1.15,15,66.964446,15,open,False,True,False
-1.15,15,66.969188,15,closed,False,True,False
-1.19,19,66.975073,19,closed,False,True,False
-1.15,15,66.979724,15,open,False,True,False
-1.15,15,66.984336,15,open,False,True,False
-1.19,19,66.990177,19,open,False,True,False
-1.19,19,66.996025,19,open,False,True,False
-1.17,17,67.001157,17,closed,False,True,False
-1.19,19,67.006917,19,closed,False,True,False
-1.19,19,67.012732,19,closed,False,True,False
-1.19,19,67.018464,19,closed,False,True,False
-1.17,17,67.023671,17,closed,False,True,False
-1.19,19,67.02953,19,open,False,True,False
-1.17,17,67.03477,17,open,False,True,False
-1.19,19,67.040498,19,closed,False,True,False
-1.19,19,67.04645,19,open,False,True,False
-1.17,17,67.051581,17,open,False,True,False
-1.17,17,67.056863,17,closed,False,True,False
-1.19,19,67.062816,19,open,False,True,False
-1.19,19,67.068583,19,closed,False,True,False
-1.15,15,67.073117,15,closed,False,True,False
-1.15,15,67.077625,15,open,False,True,False
-1.17,17,67.082796,17,open,False,True,False
-1.17,17,67.087992,17,open,False,True,False
-1.15,15,67.092664,15,closed,False,True,False
-1.15,15,67.09716,15,open,False,True,False
-1.15,15,67.10176,15,open,False,True,False
-1.19,19,67.107464,19,closed,False,True,False
-1.17,17,67.112638,17,open,False,True,False
-1.15,15,67.117144,15,open,False,True,False
-1.15,15,67.121753,15,open,False,True,False
-1.15,15,67.126301,15,closed,False,True,False
-1.17,17,67.131451,17,closed,False,True,False
-1.19,19,67.137182,19,open,False,True,False
-1.15,15,67.141763,15,open,False,True,False
-1.17,17,67.146858,17,open,False,True,False
-1.17,17,67.151965,17,open,False,True,False
-1.17,17,67.157156,17,open,False,True,False
-1.15,15,67.161777,15,open,False,True,False
-1.19,19,67.167539,19,closed,False,True,False
-1.19,19,67.173227,19,closed,False,True,False
-1.19,19,67.178869,19,closed,False,True,False
-1.17,17,67.184099,17,closed,False,True,False
-1.15,15,67.18872,15,closed,False,True,False
-1.19,19,67.194474,19,closed,False,True,False
-1.15,15,67.199078,15,closed,False,True,False
-1.15,15,67.203701,15,open,False,True,False
-1.17,17,67.208986,17,closed,False,True,False
-1.15,15,67.213656,15,open,False,True,False
-1.17,17,67.218811,17,open,False,True,False
-1.17,17,67.224041,17,closed,False,True,False
-1.15,15,67.228551,15,open,False,True,False
-1.15,15,67.233046,15,closed,False,True,False
-1.15,15,67.237689,15,closed,False,True,False
-1.17,17,67.242796,17,closed,False,True,False
-1.15,15,67.247399,15,closed,False,True,False
-1.15,15,67.253008,15,closed,False,True,False
-1.15,15,67.258258,15,closed,False,True,False
-1.15,15,67.263004,15,open,False,True,False
-1.19,19,67.269062,19,open,False,True,False
-1.19,19,67.275056,19,closed,False,True,False
-1.15,15,67.27966,15,closed,False,True,False
-1.19,19,67.285554,19,open,False,True,False
-1.15,15,67.290207,15,closed,False,True,False
-1.15,15,67.29476,15,closed,False,True,False
-1.19,19,67.300568,19,open,False,True,False
-1.15,15,67.305229,15,closed,False,True,False
-1.17,17,67.310541,17,open,False,True,False
-1.17,17,67.315791,17,closed,False,True,False
-1.19,19,67.322034,19,open,False,True,False
-1.19,19,67.327863,19,open,False,True,False
-1.17,17,67.332934,17,closed,False,True,False
-1.17,17,67.338053,17,open,False,True,False
-1.15,15,67.342582,15,closed,False,True,False
-1.19,19,67.348262,19,open,False,True,False
-1.17,17,67.35332,17,open,False,True,False
-1.19,19,67.358997,19,open,False,True,False
-1.19,19,67.364669,19,open,False,True,False
-1.17,17,67.369786,17,open,False,True,False
-1.17,17,67.374877,17,open,False,True,False
-1.19,19,67.380448,19,open,False,True,False
-1.15,15,67.384974,15,closed,False,True,False
-1.15,15,67.389415,15,open,False,True,False
-1.17,17,67.394634,17,closed,False,True,False
-1.17,17,67.399608,17,open,False,True,False
-1.15,15,67.404062,15,closed,False,True,False
-1.15,15,67.408594,15,open,False,True,False
-1.19,19,67.414252,19,open,False,True,False
-1.17,17,67.419346,17,open,False,True,False
-1.19,19,67.425051,19,open,False,True,False
-1.15,15,67.42957,15,open,False,True,False
-1.17,17,67.434624,17,closed,False,True,False
-1.15,15,67.43914,15,closed,False,True,False
-1.19,19,67.444851,19,closed,False,True,False
-1.15,15,67.449333,15,open,False,True,False
-1.19,19,67.455056,19,closed,False,True,False
-1.17,17,67.460124,17,closed,False,True,False
-1.19,19,67.465746,19,closed,False,True,False
-1.17,17,67.470894,17,open,False,True,False
-1.19,19,67.476531,19,open,False,True,False
-1.17,17,67.481522,17,open,False,True,False
-1.15,15,67.486022,15,closed,False,True,False
-1.19,19,67.491559,19,closed,False,True,False
-1.17,17,67.49669,17,open,False,True,False
-1.17,17,67.501755,17,open,False,True,False
-1.19,19,67.507402,19,closed,False,True,False
-1.17,17,67.512407,17,closed,False,True,False
-1.17,17,67.517456,17,open,False,True,False
-1.19,19,67.523156,19,closed,False,True,False
-1.15,15,67.527705,15,closed,False,True,False
-1.15,15,67.532234,15,closed,False,True,False
-1.19,19,67.537911,19,open,False,True,False
-1.15,15,67.542315,15,closed,False,True,False
-1.15,15,67.717322,15,open,False,True,False
-1.15,15,67.722187,15,open,False,True,False
-1.15,15,67.726851,15,closed,False,True,False
-1.19,19,67.732821,19,open,False,True,False
-1.17,17,67.738041,17,closed,False,True,False
-1.15,15,67.742714,15,open,False,True,False
-1.17,17,67.748182,17,open,False,True,False
-1.17,17,67.753642,17,closed,False,True,False
-1.17,17,67.758968,17,open,False,True,False
-1.15,15,67.763894,15,closed,False,True,False
-1.15,15,67.769123,15,open,False,True,False
-1.19,19,67.775134,19,open,False,True,False
-1.17,17,67.780559,17,open,False,True,False
-1.19,19,67.786557,19,closed,False,True,False
-1.17,17,67.79174,17,closed,False,True,False
-1.15,15,67.796421,15,open,False,True,False
-1.15,15,67.801101,15,open,False,True,False
-1.15,15,67.805662,15,open,False,True,False
-1.19,19,67.811522,19,closed,False,True,False
-1.17,17,67.816803,17,open,False,True,False
-1.15,15,67.821554,15,closed,False,True,False
-1.15,15,67.826246,15,closed,False,True,False
-1.19,19,67.832088,19,open,False,True,False
-1.19,19,67.837878,19,open,False,True,False
-1.15,15,67.842471,15,open,False,True,False
-1.19,19,67.848298,19,closed,False,True,False
-1.19,19,67.854094,19,closed,False,True,False
-1.19,19,67.859923,19,closed,False,True,False
-1.15,15,67.864505,15,closed,False,True,False
-1.17,17,67.869658,17,open,False,True,False
-1.17,17,67.8748,17,open,False,True,False
-1.17,17,67.879997,17,open,False,True,False
-1.17,17,67.885288,17,closed,False,True,False
-1.17,17,67.890601,17,open,False,True,False
-1.15,15,67.895268,15,closed,False,True,False
-1.15,15,67.89982,15,closed,False,True,False
-1.19,19,67.90563,19,open,False,True,False
-1.15,15,67.910227,15,closed,False,True,False
-1.19,19,67.91612,19,closed,False,True,False
-1.19,19,67.922,19,open,False,True,False
-1.17,17,67.927287,17,open,False,True,False
-1.17,17,67.932469,17,closed,False,True,False
-1.15,15,67.937158,15,open,False,True,False
-1.19,19,67.943009,19,open,False,True,False
-1.17,17,67.948294,17,closed,False,True,False
-1.17,17,67.953595,17,closed,False,True,False
-1.17,17,67.958787,17,open,False,True,False
-1.19,19,67.964549,19,closed,False,True,False
-1.19,19,67.970289,19,open,False,True,False
-1.17,17,67.975583,17,open,False,True,False
-1.19,19,67.981428,19,closed,False,True,False
-1.19,19,67.987275,19,closed,False,True,False
-1.15,15,67.991953,15,open,False,True,False
-1.17,17,67.997256,17,closed,False,True,False
-1.17,17,68.002567,17,open,False,True,False
-1.19,19,68.008311,19,closed,False,True,False
-1.17,17,68.013496,17,closed,False,True,False
-1.19,19,68.019346,19,open,False,True,False
-1.15,15,68.023906,15,open,False,True,False
-1.19,19,68.029738,19,closed,False,True,False
-1.19,19,68.035519,19,closed,False,True,False
-1.17,17,68.040764,17,closed,False,True,False
-1.15,15,68.0453,15,closed,False,True,False
-1.19,19,68.05114,19,open,False,True,False
-1.19,19,68.056895,19,closed,False,True,False
-1.15,15,68.061554,15,closed,False,True,False
-1.17,17,68.06677,17,closed,False,True,False
-1.17,17,68.072069,17,open,False,True,False
-1.17,17,68.07737,17,open,False,True,False
-1.17,17,68.082603,17,closed,False,True,False
-1.15,15,68.08728,15,open,False,True,False
-1.19,19,68.093179,19,open,False,True,False
-1.17,17,68.098382,17,closed,False,True,False
-1.17,17,68.103608,17,open,False,True,False
-1.19,19,68.109475,19,closed,False,True,False
-1.15,15,68.114105,15,open,False,True,False
-1.15,15,68.118835,15,open,False,True,False
-1.15,15,68.123497,15,open,False,True,False
-1.17,17,68.128635,17,open,False,True,False
-1.15,15,68.133185,15,open,False,True,False
-1.17,17,68.138443,17,open,False,True,False
-1.17,17,68.143744,17,closed,False,True,False
-1.15,15,68.148578,15,open,False,True,False
-1.17,17,68.153848,17,open,False,True,False
-1.17,17,68.158984,17,open,False,True,False
-1.15,15,68.163511,15,open,False,True,False
-1.19,19,68.16927,19,closed,False,True,False
-1.19,19,68.174948,19,open,False,True,False
-1.17,17,68.180051,17,closed,False,True,False
-1.19,19,68.185644,19,closed,False,True,False
-1.17,17,68.190862,17,open,False,True,False
-1.15,15,68.19535,15,open,False,True,False
-1.15,15,68.199882,15,open,False,True,False
-1.15,15,68.204438,15,open,False,True,False
-1.15,15,68.209067,15,closed,False,True,False
-1.19,19,68.215137,19,open,False,True,False
-1.17,17,68.220342,17,open,False,True,False
-1.19,19,68.226078,19,open,False,True,False
-1.15,15,68.230673,15,closed,False,True,False
-1.19,19,68.236398,19,closed,False,True,False
-1.15,15,68.241024,15,closed,False,True,False
-1.15,15,68.245576,15,closed,False,True,False
-1.17,17,68.250766,17,open,False,True,False
-1.19,19,68.256517,19,open,False,True,False
-1.15,15,68.261045,15,open,False,True,False
-1.19,19,68.266712,19,closed,False,True,False
-1.17,17,68.271891,17,closed,False,True,False
-1.17,17,68.277045,17,open,False,True,False
-1.15,15,68.281565,15,open,False,True,False
-1.17,17,68.286728,17,open,False,True,False
-1.17,17,68.291893,17,closed,False,True,False
-1.19,19,68.297663,19,closed,False,True,False
-1.15,15,68.302129,15,closed,False,True,False
-1.19,19,68.307852,19,open,False,True,False
-1.15,15,68.312485,15,closed,False,True,False
-1.15,15,68.317026,15,closed,False,True,False
-1.17,17,68.322118,17,open,False,True,False
-1.19,19,68.327794,19,open,False,True,False
-1.17,17,68.332985,17,closed,False,True,False
-1.19,19,68.338598,19,open,False,True,False
-1.17,17,68.343856,17,closed,False,True,False
-1.19,19,68.500862,19,open,False,True,False
-1.19,19,68.506739,19,closed,False,True,False
-1.19,19,68.512435,19,open,False,True,False
-1.17,17,68.51764,17,closed,False,True,False
-1.15,15,68.522243,15,open,False,True,False
-1.19,19,68.528019,19,open,False,True,False
-1.17,17,68.53319,17,closed,False,True,False
-1.17,17,68.538335,17,open,False,True,False
-1.19,19,68.544237,19,open,False,True,False
-1.15,15,68.54876,15,open,False,True,False
-1.19,19,68.554382,19,closed,False,True,False
-1.19,19,68.56019,19,closed,False,True,False
-1.15,15,68.564749,15,open,False,True,False
-1.15,15,68.56923,15,open,False,True,False
-1.19,19,68.575112,19,open,False,True,False
-1.15,15,68.579734,15,closed,False,True,False
-1.17,17,68.584823,17,open,False,True,False
-1.17,17,68.590024,17,closed,False,True,False
-1.19,19,68.595704,19,closed,False,True,False
-1.17,17,68.600847,17,open,False,True,False
-1.19,19,68.606616,19,closed,False,True,False
-1.19,19,68.612319,19,open,False,True,False
-1.19,19,68.617903,19,open,False,True,False
-1.17,17,68.623012,17,closed,False,True,False
-1.19,19,68.628734,19,closed,False,True,False
-1.19,19,68.634459,19,closed,False,True,False
-1.15,15,68.639002,15,open,False,True,False
-1.19,19,68.644746,19,open,False,True,False
-1.15,15,68.64923,15,open,False,True,False
-1.17,17,68.654371,17,open,False,True,False
-1.17,17,68.659648,17,open,False,True,False
-1.17,17,68.664747,17,closed,False,True,False
-1.15,15,68.669402,15,closed,False,True,False
-1.19,19,68.675209,19,open,False,True,False
-1.17,17,68.680326,17,open,False,True,False
-1.19,19,68.686085,19,open,False,True,False
-1.17,17,68.691314,17,open,False,True,False
-1.15,15,68.695821,15,closed,False,True,False
-1.15,15,68.700436,15,closed,False,True,False
-1.19,19,68.706146,19,open,False,True,False
-1.19,19,68.711917,19,closed,False,True,False
-1.19,19,68.717557,19,open,False,True,False
-1.15,15,68.722162,15,open,False,True,False
-1.19,19,68.727963,19,closed,False,True,False
-1.19,19,68.73373,19,closed,False,True,False
-1.19,19,68.73957,19,open,False,True,False
-1.19,19,68.745203,19,closed,False,True,False
-1.17,17,68.750366,17,closed,False,True,False
-1.17,17,68.755591,17,open,False,True,False
-1.19,19,68.761382,19,closed,False,True,False
-1.15,15,68.765937,15,open,False,True,False
-1.15,15,68.770514,15,open,False,True,False
-1.19,19,68.776304,19,closed,False,True,False
-1.17,17,68.781467,17,open,False,True,False
-1.17,17,68.786569,17,open,False,True,False
-1.19,19,68.79233,19,open,False,True,False
-1.19,19,68.798031,19,closed,False,True,False
-1.17,17,68.803151,17,open,False,True,False
-1.17,17,68.808407,17,open,False,True,False
-1.19,19,68.814162,19,closed,False,True,False
-1.15,15,68.818784,15,closed,False,True,False
-1.17,17,68.824024,17,open,False,True,False
-1.19,19,68.829818,19,open,False,True,False
-1.17,17,68.834955,17,closed,False,True,False
-1.17,17,68.840198,17,closed,False,True,False
-1.19,19,68.845969,19,open,False,True,False
-1.17,17,68.851104,17,open,False,True,False
-1.17,17,68.856264,17,closed,False,True,False
-1.19,19,68.862067,19,open,False,True,False
-1.15,15,68.866801,15,closed,False,True,False
-1.15,15,68.87138,15,closed,False,True,False
-1.19,19,68.877048,19,open,False,True,False
-1.19,19,68.88279,19,open,False,True,False
-1.15,15,68.887377,15,open,False,True,False
-1.17,17,68.892622,17,open,False,True,False
-1.17,17,68.897751,17,open,False,True,False
-1.17,17,68.90289,17,open,False,True,False
-1.15,15,68.907414,15,closed,False,True,False
-1.15,15,68.9121,15,open,False,True,False
-1.17,17,68.917279,17,open,False,True,False
-1.15,15,68.921977,15,closed,False,True,False
-1.15,15,68.92653,15,open,False,True,False
-1.15,15,68.931123,15,closed,False,True,False
-1.15,15,68.93561,15,open,False,True,False
-1.17,17,68.940874,17,closed,False,True,False
-1.19,19,68.946594,19,open,False,True,False
-1.17,17,68.95175,17,open,False,True,False
-1.15,15,68.956354,15,open,False,True,False
-1.19,19,68.961979,19,closed,False,True,False
-1.19,19,68.967618,19,closed,False,True,False
-1.15,15,68.972103,15,closed,False,True,False
-1.15,15,68.976765,15,closed,False,True,False
-1.17,17,68.981918,17,closed,False,True,False
-1.17,17,68.987079,17,open,False,True,False
-1.15,15,68.991735,15,open,False,True,False
-1.15,15,68.99628,15,closed,False,True,False
-1.19,19,69.002001,19,closed,False,True,False
-1.19,19,69.007739,19,open,False,True,False
-1.19,19,69.013508,19,open,False,True,False
-1.15,15,69.018051,15,closed,False,True,False
-1.15,15,69.022654,15,open,False,True,False
-1.17,17,69.027783,17,closed,False,True,False
-1.17,17,69.032939,17,open,False,True,False
-1.17,17,69.038021,17,open,False,True,False
-1.19,19,69.043807,19,open,False,True,False
-1.19,19,69.049501,19,closed,False,True,False
-1.19,19,69.055184,19,open,False,True,False
-1.17,17,69.060364,17,closed,False,True,False
-1.17,17,69.06558,17,closed,False,True,False
-1.17,17,69.070641,17,open,False,True,False
-1.19,19,69.076423,19,open,False,True,False
-1.17,17,69.08161,17,closed,False,True,False
-1.19,19,69.087301,19,open,False,True,False
-1.15,15,69.091892,15,open,False,True,False
-1.15,15,69.096433,15,closed,False,True,False
-1.19,19,69.10221,19,closed,False,True,False
-1.15,15,69.106854,15,closed,False,True,False
-1.17,17,69.111923,17,open,False,True,False
-1.19,19,69.267415,19,open,False,True,False
-1.17,17,69.272727,17,open,False,True,False
-1.15,15,69.277514,15,closed,False,True,False
-1.17,17,69.282669,17,open,False,True,False
-1.15,15,69.28725,15,open,False,True,False
-1.15,15,69.2919,15,closed,False,True,False
-1.19,19,69.297724,19,closed,False,True,False
-1.15,15,69.302393,15,open,False,True,False
-1.15,15,69.306885,15,open,False,True,False
-1.17,17,69.312082,17,open,False,True,False
-1.19,19,69.317802,19,closed,False,True,False
-1.19,19,69.323486,19,open,False,True,False
-1.19,19,69.329167,19,closed,False,True,False
-1.15,15,69.333666,15,closed,False,True,False
-1.19,19,69.339404,19,closed,False,True,False
-1.17,17,69.344472,17,open,False,True,False
-1.19,19,69.350067,19,closed,False,True,False
-1.19,19,69.355882,19,open,False,True,False
-1.19,19,69.361632,19,open,False,True,False
-1.15,15,69.366141,15,open,False,True,False
-1.15,15,69.370675,15,open,False,True,False
-1.17,17,69.3759,17,open,False,True,False
-1.17,17,69.380963,17,open,False,True,False
-1.19,19,69.386745,19,open,False,True,False
-1.19,19,69.3924,19,open,False,True,False
-1.15,15,69.397115,15,closed,False,True,False
-1.15,15,69.401675,15,closed,False,True,False
-1.15,15,69.407396,15,closed,False,True,False
-1.19,19,69.41359,19,open,False,True,False
-1.17,17,69.418873,17,closed,False,True,False
-1.15,15,69.424284,15,open,False,True,False
-1.17,17,69.42941,17,open,False,True,False
-1.15,15,69.434035,15,closed,False,True,False
-1.19,19,69.439788,19,closed,False,True,False
-1.15,15,69.44422,15,open,False,True,False
-1.17,17,69.449347,17,open,False,True,False
-1.17,17,69.454644,17,open,False,True,False
-1.19,19,69.46033,19,closed,False,True,False
-1.17,17,69.465337,17,closed,False,True,False
-1.19,19,69.471298,19,closed,False,True,False
-1.15,15,69.475996,15,closed,False,True,False
-1.19,19,69.481852,19,closed,False,True,False
-1.19,19,69.487603,19,closed,False,True,False
-1.17,17,69.492735,17,open,False,True,False
-1.19,19,69.498492,19,open,False,True,False
-1.19,19,69.504304,19,open,False,True,False
-1.17,17,69.509573,17,closed,False,True,False
-1.15,15,69.514175,15,closed,False,True,False
-1.19,19,69.51995,19,open,False,True,False
-1.15,15,69.524449,15,closed,False,True,False
-1.19,19,69.530121,19,closed,False,True,False
-1.19,19,69.536037,19,open,False,True,False
-1.19,19,69.541652,19,open,False,True,False
-1.17,17,69.546757,17,open,False,True,False
-1.17,17,69.552083,17,closed,False,True,False
-1.17,17,69.557277,17,closed,False,True,False
-1.19,19,69.562886,19,closed,False,True,False
-1.19,19,69.56876,19,closed,False,True,False
-1.17,17,69.574106,17,open,False,True,False
-1.15,15,69.57865,15,open,False,True,False
-1.17,17,69.583803,17,closed,False,True,False
-1.15,15,69.588398,15,open,False,True,False
-1.17,17,69.593586,17,open,False,True,False
-1.15,15,69.598237,15,open,False,True,False
-1.17,17,69.603487,17,closed,False,True,False
-1.19,19,69.609195,19,closed,False,True,False
-1.17,17,69.614465,17,open,False,True,False
-1.17,17,69.619554,17,closed,False,True,False
-1.17,17,69.624605,17,closed,False,True,False
-1.17,17,69.629791,17,open,False,True,False
-1.19,19,69.635566,19,closed,False,True,False
-1.17,17,69.64113,17,open,False,True,False
-1.15,15,69.645823,15,open,False,True,False
-1.15,15,69.650574,15,open,False,True,False
-1.17,17,69.65579,17,closed,False,True,False
-1.19,19,69.6615,19,open,False,True,False
-1.17,17,69.666544,17,open,False,True,False
-1.19,19,69.67209,19,closed,False,True,False
-1.15,15,69.676689,15,open,False,True,False
-1.19,19,69.682486,19,open,False,True,False
-1.15,15,69.687262,15,closed,False,True,False
-1.15,15,69.69185,15,closed,False,True,False
-1.15,15,69.696534,15,closed,False,True,False
-1.15,15,69.701038,15,closed,False,True,False
-1.17,17,69.706158,17,closed,False,True,False
-1.19,19,69.711695,19,open,False,True,False
-1.17,17,69.716979,17,open,False,True,False
-1.17,17,69.722281,17,open,False,True,False
-1.17,17,69.727393,17,open,False,True,False
-1.15,15,69.731958,15,open,False,True,False
-1.15,15,69.736609,15,closed,False,True,False
-1.15,15,69.741054,15,open,False,True,False
-1.19,19,69.746585,19,open,False,True,False
-1.15,15,69.751197,15,closed,False,True,False
-1.19,19,69.756972,19,open,False,True,False
-1.17,17,69.762011,17,closed,False,True,False
-1.17,17,69.767075,17,open,False,True,False
-1.19,19,69.773013,19,closed,False,True,False
-1.17,17,69.778125,17,closed,False,True,False
-1.19,19,69.783806,19,open,False,True,False
-1.19,19,69.789708,19,closed,False,True,False
-1.15,15,69.794288,15,open,False,True,False
-1.15,15,69.798713,15,open,False,True,False
-1.17,17,69.804012,17,open,False,True,False
-1.19,19,69.809733,19,closed,False,True,False
-1.19,19,69.815549,19,open,False,True,False
-1.15,15,69.82029,15,closed,False,True,False
-1.15,15,69.824825,15,open,False,True,False
-1.15,15,69.829379,15,open,False,True,False
-1.17,17,69.834533,17,closed,False,True,False
-1.19,19,69.840334,19,open,False,True,False
-1.17,17,69.845336,17,open,False,True,False
-1.19,19,69.851189,19,open,False,True,False
-1.17,17,69.856417,17,closed,False,True,False
-1.15,15,69.861072,15,closed,False,True,False
-1.17,17,69.866364,17,closed,False,True,False
-1.19,19,69.872181,19,closed,False,True,False
-1.19,19,69.877869,19,open,False,True,False
-1.19,19,69.883468,19,open,False,True,False
-1.19,19,69.88922,19,closed,False,True,False
-1.17,17,70.047114,17,closed,False,True,False
-1.15,15,70.051913,15,open,False,True,False
-1.15,15,70.056713,15,closed,False,True,False
-1.19,19,70.062298,19,open,False,True,False
-1.17,17,70.06749,17,open,False,True,False
-1.19,19,70.07321,19,closed,False,True,False
-1.19,19,70.079163,19,open,False,True,False
-1.15,15,70.083887,15,open,False,True,False
-1.15,15,70.088601,15,open,False,True,False
-1.17,17,70.093826,17,closed,False,True,False
-1.19,19,70.09963,19,open,False,True,False
-1.15,15,70.104245,15,closed,False,True,False
-1.17,17,70.109567,17,open,False,True,False
-1.19,19,70.115398,19,closed,False,True,False
-1.17,17,70.120682,17,open,False,True,False
-1.17,17,70.12585,17,closed,False,True,False
-1.15,15,70.130456,15,closed,False,True,False
-1.15,15,70.135116,15,closed,False,True,False
-1.19,19,70.14085,19,closed,False,True,False
-1.15,15,70.145504,15,open,False,True,False
-1.17,17,70.150626,17,open,False,True,False
-1.17,17,70.15583,17,closed,False,True,False
-1.17,17,70.161009,17,closed,False,True,False
-1.15,15,70.165557,15,closed,False,True,False
-1.15,15,70.170223,15,open,False,True,False
-1.15,15,70.174823,15,closed,False,True,False
-1.17,17,70.180135,17,closed,False,True,False
-1.17,17,70.185352,17,closed,False,True,False
-1.15,15,70.190011,15,open,False,True,False
-1.19,19,70.195788,19,open,False,True,False
-1.15,15,70.200394,15,closed,False,True,False
-1.17,17,70.205613,17,closed,False,True,False
-1.15,15,70.210286,15,open,False,True,False
-1.19,19,70.215961,19,open,False,True,False
-1.15,15,70.220588,15,closed,False,True,False
-1.17,17,70.225727,17,open,False,True,False
-1.17,17,70.230917,17,closed,False,True,False
-1.17,17,70.236367,17,open,False,True,False
-1.15,15,70.240921,15,closed,False,True,False
-1.15,15,70.245499,15,open,False,True,False
-1.19,19,70.251365,19,open,False,True,False
-1.17,17,70.256562,17,open,False,True,False
-1.19,19,70.262373,19,closed,False,True,False
-1.15,15,70.267062,15,closed,False,True,False
-1.17,17,70.272342,17,open,False,True,False
-1.15,15,70.277094,15,open,False,True,False
-1.17,17,70.282303,17,open,False,True,False
-1.17,17,70.287441,17,open,False,True,False
-1.15,15,70.292048,15,closed,False,True,False
-1.19,19,70.297821,19,closed,False,True,False
-1.19,19,70.303489,19,closed,False,True,False
-1.17,17,70.308547,17,open,False,True,False
-1.17,17,70.313618,17,closed,False,True,False
-1.17,17,70.318738,17,closed,False,True,False
-1.19,19,70.32441,19,open,False,True,False
-1.15,15,70.328938,15,closed,False,True,False
-1.17,17,70.334049,17,open,False,True,False
-1.17,17,70.339314,17,open,False,True,False
-1.17,17,70.344661,17,open,False,True,False
-1.19,19,70.350445,19,open,False,True,False
-1.15,15,70.355088,15,closed,False,True,False
-1.15,15,70.359748,15,closed,False,True,False
-1.15,15,70.364394,15,open,False,True,False
-1.17,17,70.369436,17,closed,False,True,False
-1.15,15,70.373961,15,open,False,True,False
-1.17,17,70.37919,17,open,False,True,False
-1.17,17,70.384411,17,closed,False,True,False
-1.17,17,70.389626,17,closed,False,True,False
-1.17,17,70.394834,17,open,False,True,False
-1.19,19,70.400725,19,closed,False,True,False
-1.15,15,70.405447,15,closed,False,True,False
-1.17,17,70.410491,17,closed,False,True,False
-1.19,19,70.416272,19,closed,False,True,False
-1.15,15,70.421031,15,open,False,True,False
-1.17,17,70.426079,17,closed,False,True,False
-1.19,19,70.43184,19,open,False,True,False
-1.15,15,70.436416,15,closed,False,True,False
-1.17,17,70.441842,17,closed,False,True,False
-1.17,17,70.447021,17,open,False,True,False
-1.17,17,70.452208,17,open,False,True,False
-1.17,17,70.457394,17,open,False,True,False
-1.17,17,70.462591,17,closed,False,True,False
-1.19,19,70.46816,19,open,False,True,False
-1.17,17,70.473344,17,closed,False,True,False
-1.19,19,70.479017,19,closed,False,True,False
-1.19,19,70.484691,19,closed,False,True,False
-1.19,19,70.490383,19,closed,False,True,False
-1.15,15,70.495076,15,closed,False,True,False
-1.17,17,70.50016,17,open,False,True,False
-1.17,17,70.505257,17,closed,False,True,False
-1.15,15,70.509839,15,closed,False,True,False
-1.17,17,70.514942,17,open,False,True,False
-1.19,19,70.520762,19,closed,False,True,False
-1.17,17,70.526029,17,open,False,True,False
-1.19,19,70.531908,19,closed,False,True,False
-1.15,15,70.53648,15,closed,False,True,False
-1.17,17,70.541687,17,open,False,True,False
-1.17,17,70.547029,17,closed,False,True,False
-1.19,19,70.552817,19,closed,False,True,False
-1.15,15,70.557539,15,closed,False,True,False
-1.19,19,70.563225,19,closed,False,True,False
-1.19,19,70.56899,19,open,False,True,False
-1.19,19,70.574817,19,closed,False,True,False
-1.15,15,70.57946,15,open,False,True,False
-1.15,15,70.583953,15,open,False,True,False
-1.19,19,70.589786,19,open,False,True,False
-1.17,17,70.594949,17,open,False,True,False
-1.17,17,70.600137,17,closed,False,True,False
-1.19,19,70.605967,19,closed,False,True,False
-1.15,15,70.610462,15,closed,False,True,False
-1.19,19,70.616116,19,open,False,True,False
-1.17,17,70.621261,17,open,False,True,False
-1.17,17,70.626494,17,open,False,True,False
-1.19,19,70.632226,19,open,False,True,False
-1.17,17,70.637493,17,closed,False,True,False
-1.17,17,70.642704,17,closed,False,True,False
-1.15,15,70.64731,15,open,False,True,False
-1.17,17,70.65254,17,closed,False,True,False
-1.19,19,70.658354,19,closed,False,True,False
-1.17,17,70.66361,17,closed,False,True,False
-1.15,15,70.6682,15,open,False,True,False
-1.17,17,70.825125,17,closed,False,True,False
-1.15,15,70.829989,15,closed,False,True,False
-1.19,19,70.83588,19,open,False,True,False
-1.15,15,70.840513,15,closed,False,True,False
-1.15,15,70.845178,15,closed,False,True,False
-1.15,15,70.84984,15,open,False,True,False
-1.19,19,70.855583,19,open,False,True,False
-1.19,19,70.86137,19,closed,False,True,False
-1.15,15,70.866054,15,open,False,True,False
-1.19,19,70.871827,19,closed,False,True,False
-1.19,19,70.877558,19,closed,False,True,False
-1.19,19,70.883269,19,closed,False,True,False
-1.19,19,70.889019,19,open,False,True,False
-1.15,15,70.893659,15,closed,False,True,False
-1.17,17,70.89885,17,open,False,True,False
-1.17,17,70.903979,17,closed,False,True,False
-1.15,15,70.908644,15,open,False,True,False
-1.15,15,70.913303,15,closed,False,True,False
-1.17,17,70.918454,17,closed,False,True,False
-1.19,19,70.924141,19,open,False,True,False
-1.15,15,70.928878,15,open,False,True,False
-1.17,17,70.934126,17,closed,False,True,False
-1.19,19,70.939855,19,closed,False,True,False
-1.19,19,70.94554,19,closed,False,True,False
-1.19,19,70.951165,19,closed,False,True,False
-1.15,15,70.955698,15,closed,False,True,False
-1.17,17,70.960942,17,closed,False,True,False
-1.15,15,70.965607,15,closed,False,True,False
-1.19,19,70.971298,19,closed,False,True,False
-1.17,17,70.976574,17,open,False,True,False
-1.19,19,70.982293,19,closed,False,True,False
-1.17,17,70.987573,17,closed,False,True,False
-1.19,19,70.993423,19,closed,False,True,False
-1.15,15,70.998165,15,closed,False,True,False
-1.15,15,71.002794,15,open,False,True,False
-1.17,17,71.00792,17,closed,False,True,False
-1.19,19,71.013789,19,open,False,True,False
-1.15,15,71.0183,15,closed,False,True,False
-1.17,17,71.023677,17,closed,False,True,False
-1.19,19,71.029557,19,open,False,True,False
-1.17,17,71.034835,17,open,False,True,False
-1.17,17,71.040031,17,open,False,True,False
-1.19,19,71.045854,19,open,False,True,False
-1.19,19,71.051587,19,closed,False,True,False
-1.17,17,71.056823,17,open,False,True,False
-1.19,19,71.0625,19,closed,False,True,False
-1.17,17,71.067649,17,closed,False,True,False
-1.19,19,71.073397,19,open,False,True,False
-1.19,19,71.079072,19,closed,False,True,False
-1.17,17,71.084224,17,open,False,True,False
-1.15,15,71.08887,15,open,False,True,False
-1.19,19,71.094656,19,closed,False,True,False
-1.15,15,71.099373,15,open,False,True,False
-1.17,17,71.104585,17,open,False,True,False
-1.19,19,71.110373,19,open,False,True,False
-1.15,15,71.114914,15,open,False,True,False
-1.17,17,71.120127,17,open,False,True,False
-1.17,17,71.125401,17,open,False,True,False
-1.17,17,71.130507,17,open,False,True,False
-1.19,19,71.136285,19,open,False,True,False
-1.17,17,71.141551,17,closed,False,True,False
-1.15,15,71.146163,15,closed,False,True,False
-1.17,17,71.151341,17,closed,False,True,False
-1.17,17,71.156625,17,closed,False,True,False
-1.19,19,71.162332,19,closed,False,True,False
-1.15,15,71.167027,15,open,False,True,False
-1.19,19,71.172722,19,closed,False,True,False
-1.15,15,71.177271,15,closed,False,True,False
-1.15,15,71.181928,15,open,False,True,False
-1.19,19,71.187697,19,open,False,True,False
-1.19,19,71.193526,19,closed,False,True,False
-1.15,15,71.198144,15,open,False,True,False
-1.15,15,71.202754,15,closed,False,True,False
-1.19,19,71.208526,19,closed,False,True,False
-1.15,15,71.213085,15,open,False,True,False
-1.19,19,71.218905,19,closed,False,True,False
-1.17,17,71.224049,17,closed,False,True,False
-1.19,19,71.229735,19,open,False,True,False
-1.19,19,71.235451,19,open,False,True,False
-1.15,15,71.240065,15,closed,False,True,False
-1.17,17,71.24512,17,open,False,True,False
-1.17,17,71.250303,17,closed,False,True,False
-1.15,15,71.255009,15,open,False,True,False
-1.19,19,71.260786,19,closed,False,True,False
-1.19,19,71.266595,19,open,False,True,False
-1.17,17,71.271786,17,closed,False,True,False
-1.17,17,71.276905,17,closed,False,True,False
-1.19,19,71.282626,19,open,False,True,False
-1.17,17,71.287675,17,open,False,True,False
-1.15,15,71.292224,15,open,False,True,False
-1.15,15,71.297168,15,closed,False,True,False
-1.17,17,71.302393,17,open,False,True,False
-1.15,15,71.30712,15,closed,False,True,False
-1.17,17,71.312282,17,open,False,True,False
-1.15,15,71.316761,15,closed,False,True,False
-1.15,15,71.321419,15,open,False,True,False
-1.15,15,71.326005,15,open,False,True,False
-1.17,17,71.331172,17,closed,False,True,False
-1.15,15,71.335765,15,open,False,True,False
-1.15,15,71.340496,15,open,False,True,False
-1.15,15,71.345073,15,closed,False,True,False
-1.17,17,71.35011,17,closed,False,True,False
-1.19,19,71.355881,19,closed,False,True,False
-1.19,19,71.361734,19,closed,False,True,False
-1.15,15,71.366248,15,open,False,True,False
-1.19,19,71.371925,19,closed,False,True,False
-1.15,15,71.376503,15,closed,False,True,False
-1.19,19,71.382185,19,closed,False,True,False
-1.15,15,71.386746,15,open,False,True,False
-1.19,19,71.392375,19,closed,False,True,False
-1.17,17,71.397714,17,closed,False,True,False
-1.17,17,71.402905,17,open,False,True,False
-1.19,19,71.408693,19,closed,False,True,False
-1.15,15,71.413427,15,open,False,True,False
-1.19,19,71.419175,19,closed,False,True,False
-1.19,19,71.424806,19,closed,False,True,False
-1.15,15,71.429363,15,closed,False,True,False
-1.19,19,71.435156,19,open,False,True,False
-1.15,15,71.439713,15,open,False,True,False
-1.19,19,71.445575,19,open,False,True,False
-1.15,15,71.60333,15,closed,False,True,False
-1.17,17,71.608793,17,closed,False,True,False
-1.17,17,71.614148,17,closed,False,True,False
-1.19,19,71.619979,19,closed,False,True,False
-1.17,17,71.625197,17,open,False,True,False
-1.15,15,71.629823,15,open,False,True,False
-1.19,19,71.635617,19,open,False,True,False
-1.17,17,71.64083,17,open,False,True,False
-1.17,17,71.646097,17,open,False,True,False
-1.19,19,71.651828,19,open,False,True,False
-1.17,17,71.657027,17,open,False,True,False
-1.15,15,71.661717,15,open,False,True,False
-1.19,19,71.667384,19,closed,False,True,False
-1.17,17,71.672655,17,open,False,True,False
-1.15,15,71.677201,15,closed,False,True,False
-1.15,15,71.681809,15,closed,False,True,False
-1.17,17,71.686933,17,open,False,True,False
-1.15,15,71.691475,15,closed,False,True,False
-1.15,15,71.696058,15,closed,False,True,False
-1.19,19,71.701828,19,open,False,True,False
-1.15,15,71.706511,15,closed,False,True,False
-1.17,17,71.711673,17,open,False,True,False
-1.19,19,71.717377,19,closed,False,True,False
-1.17,17,71.722582,17,closed,False,True,False
-1.17,17,71.727855,17,open,False,True,False
-1.15,15,71.73255,15,closed,False,True,False
-1.15,15,71.737094,15,closed,False,True,False
-1.19,19,71.742867,19,closed,False,True,False
-1.19,19,71.74858,19,closed,False,True,False
-1.17,17,71.753818,17,closed,False,True,False
-1.19,19,71.759681,19,open,False,True,False
-1.17,17,71.764764,17,closed,False,True,False
-1.15,15,71.769274,15,open,False,True,False
-1.17,17,71.774518,17,closed,False,True,False
-1.15,15,71.77922,15,open,False,True,False
-1.17,17,71.784418,17,closed,False,True,False
-1.17,17,71.789676,17,closed,False,True,False
-1.15,15,71.79422,15,closed,False,True,False
-1.17,17,71.799428,17,closed,False,True,False
-1.15,15,71.803962,15,open,False,True,False
-1.17,17,71.809276,17,open,False,True,False
-1.15,15,71.813931,15,closed,False,True,False
-1.19,19,71.819696,19,closed,False,True,False
-1.15,15,71.824367,15,open,False,True,False
-1.17,17,71.829708,17,closed,False,True,False
-1.15,15,71.834233,15,open,False,True,False
-1.17,17,71.839496,17,open,False,True,False
-1.19,19,71.845246,19,open,False,True,False
-1.17,17,71.850332,17,closed,False,True,False
-1.17,17,71.855553,17,open,False,True,False
-1.19,19,71.861308,19,closed,False,True,False
-1.17,17,71.866536,17,open,False,True,False
-1.19,19,71.872287,19,closed,False,True,False
-1.17,17,71.877502,17,closed,False,True,False
-1.15,15,71.882114,15,open,False,True,False
-1.17,17,71.887219,17,closed,False,True,False
-1.15,15,71.891768,15,closed,False,True,False
-1.17,17,71.896987,17,open,False,True,False
-1.15,15,71.901604,15,closed,False,True,False
-1.17,17,71.906775,17,closed,False,True,False
-1.17,17,71.911963,17,open,False,True,False
-1.19,19,71.917645,19,closed,False,True,False
-1.15,15,71.922172,15,closed,False,True,False
-1.19,19,71.927925,19,closed,False,True,False
-1.15,15,71.932495,15,closed,False,True,False
-1.17,17,71.937633,17,open,False,True,False
-1.17,17,71.942834,17,open,False,True,False
-1.17,17,71.948065,17,open,False,True,False
-1.17,17,71.953207,17,closed,False,True,False
-1.19,19,71.959081,19,closed,False,True,False
-1.15,15,71.963688,15,closed,False,True,False
-1.15,15,71.968256,15,closed,False,True,False
-1.19,19,71.974101,19,closed,False,True,False
-1.17,17,71.979336,17,open,False,True,False
-1.17,17,71.984527,17,closed,False,True,False
-1.15,15,71.989077,15,open,False,True,False
-1.19,19,71.994908,19,open,False,True,False
-1.19,19,72.00059,19,open,False,True,False
-1.19,19,72.006304,19,closed,False,True,False
-1.19,19,72.012105,19,open,False,True,False
-1.15,15,72.016679,15,open,False,True,False
-1.19,19,72.022401,19,open,False,True,False
-1.15,15,72.026998,15,open,False,True,False
-1.17,17,72.032272,17,closed,False,True,False
-1.17,17,72.037386,17,closed,False,True,False
-1.15,15,72.042124,15,closed,False,True,False
-1.15,15,72.046655,15,closed,False,True,False
-1.19,19,72.0524,19,closed,False,True,False
-1.15,15,72.057035,15,closed,False,True,False
-1.15,15,72.061754,15,open,False,True,False
-1.15,15,72.066311,15,closed,False,True,False
-1.15,15,72.070948,15,closed,False,True,False
-1.15,15,72.075497,15,open,False,True,False
-1.17,17,72.080885,17,open,False,True,False
-1.17,17,72.085975,17,closed,False,True,False
-1.15,15,72.090697,15,open,False,True,False
-1.17,17,72.095803,17,open,False,True,False
-1.15,15,72.100303,15,closed,False,True,False
-1.15,15,72.104816,15,open,False,True,False
-1.15,15,72.109494,15,open,False,True,False
-1.17,17,72.114632,17,open,False,True,False
-1.19,19,72.120384,19,closed,False,True,False
-1.17,17,72.12567,17,open,False,True,False
-1.17,17,72.130817,17,closed,False,True,False
-1.15,15,72.135429,15,open,False,True,False
-1.15,15,72.14011,15,open,False,True,False
-1.19,19,72.145875,19,open,False,True,False
-1.19,19,72.151634,19,open,False,True,False
-1.17,17,72.156797,17,closed,False,True,False
-1.15,15,72.161489,15,closed,False,True,False
-1.15,15,72.166118,15,closed,False,True,False
-1.17,17,72.171367,17,closed,False,True,False
-1.19,19,72.177115,19,open,False,True,False
-1.17,17,72.182209,17,closed,False,True,False
-1.15,15,72.186834,15,open,False,True,False
-1.19,19,72.192532,19,open,False,True,False
-1.17,17,72.197799,17,closed,False,True,False
-1.19,19,72.203556,19,open,False,True,False
-1.15,15,72.208137,15,open,False,True,False
-1.17,17,72.213315,17,open,False,True,False
-1.19,19,72.219263,19,open,False,True,False
-1.19,19,72.225096,19,closed,False,True,False
-1.19,19,72.421741,19,open,False,True,False
-1.19,19,72.427721,19,closed,False,True,False
-1.19,19,72.433602,19,open,False,True,False
-1.15,15,72.438202,15,open,False,True,False
-1.17,17,72.443435,17,open,False,True,False
-1.19,19,72.449185,19,open,False,True,False
-1.15,15,72.45384,15,closed,False,True,False
-1.15,15,72.458517,15,open,False,True,False
-1.15,15,72.46311,15,open,False,True,False
-1.19,19,72.468841,19,closed,False,True,False
-1.15,15,72.473417,15,closed,False,True,False
-1.15,15,72.478098,15,closed,False,True,False
-1.19,19,72.483952,19,open,False,True,False
-1.15,15,72.488537,15,closed,False,True,False
-1.15,15,72.493242,15,closed,False,True,False
-1.19,19,72.498989,19,open,False,True,False
-1.17,17,72.504274,17,closed,False,True,False
-1.19,19,72.510057,19,closed,False,True,False
-1.17,17,72.515212,17,closed,False,True,False
-1.17,17,72.520386,17,open,False,True,False
-1.17,17,72.525532,17,closed,False,True,False
-1.19,19,72.531242,19,open,False,True,False
-1.19,19,72.537062,19,open,False,True,False
-1.15,15,72.541611,15,open,False,True,False
-1.15,15,72.546309,15,open,False,True,False
-1.17,17,72.551445,17,closed,False,True,False
-1.19,19,72.557345,19,open,False,True,False
-1.19,19,72.563235,19,closed,False,True,False
-1.17,17,72.568477,17,open,False,True,False
-1.17,17,72.573756,17,closed,False,True,False
-1.17,17,72.578968,17,open,False,True,False
-1.17,17,72.584182,17,closed,False,True,False
-1.15,15,72.588843,15,open,False,True,False
-1.17,17,72.594014,17,closed,False,True,False
-1.17,17,72.59915,17,closed,False,True,False
-1.19,19,72.605044,19,closed,False,True,False
-1.15,15,72.609639,15,closed,False,True,False
-1.19,19,72.615315,19,open,False,True,False
-1.19,19,72.621154,19,closed,False,True,False
-1.17,17,72.626385,17,closed,False,True,False
-1.17,17,72.631698,17,closed,False,True,False
-1.15,15,72.636401,15,closed,False,True,False
-1.17,17,72.641651,17,closed,False,True,False
-1.15,15,72.646337,15,closed,False,True,False
-1.19,19,72.652087,19,closed,False,True,False
-1.15,15,72.656671,15,closed,False,True,False
-1.15,15,72.661372,15,closed,False,True,False
-1.19,19,72.667035,19,open,False,True,False
-1.17,17,72.672337,17,open,False,True,False
-1.19,19,72.678166,19,closed,False,True,False
-1.15,15,72.682812,15,open,False,True,False
-1.15,15,72.687351,15,closed,False,True,False
-1.19,19,72.693222,19,closed,False,True,False
-1.17,17,72.698411,17,open,False,True,False
-1.19,19,72.704309,19,closed,False,True,False
-1.17,17,72.709531,17,open,False,True,False
-1.17,17,72.714756,17,open,False,True,False
-1.15,15,72.719383,15,open,False,True,False
-1.17,17,72.724687,17,open,False,True,False
-1.17,17,72.729846,17,closed,False,True,False
-1.19,19,72.735626,19,closed,False,True,False
-1.17,17,72.74091,17,closed,False,True,False
-1.17,17,72.746149,17,open,False,True,False
-1.19,19,72.751955,19,closed,False,True,False
-1.19,19,72.757873,19,closed,False,True,False
-1.19,19,72.76372,19,closed,False,True,False
-1.15,15,72.768291,15,closed,False,True,False
-1.17,17,72.773569,17,closed,False,True,False
-1.17,17,72.778772,17,closed,False,True,False
-1.17,17,72.784007,17,open,False,True,False
-1.17,17,72.789286,17,closed,False,True,False
-1.15,15,72.793926,15,open,False,True,False
-1.15,15,72.798508,15,open,False,True,False
-1.19,19,72.804364,19,closed,False,True,False
-1.17,17,72.809575,17,closed,False,True,False
-1.17,17,72.814871,17,open,False,True,False
-1.15,15,72.819847,15,closed,False,True,False
-1.15,15,72.824516,15,closed,False,True,False
-1.17,17,72.829614,17,closed,False,True,False
-1.17,17,72.834772,17,closed,False,True,False
-1.17,17,72.84,17,open,False,True,False
-1.15,15,72.844604,15,open,False,True,False
-1.17,17,72.849626,17,closed,False,True,False
-1.15,15,72.854273,15,open,False,True,False
-1.17,17,72.859346,17,open,False,True,False
-1.15,15,72.864002,15,closed,False,True,False
-1.15,15,72.868591,15,closed,False,True,False
-1.17,17,72.87371,17,closed,False,True,False
-1.17,17,72.878721,17,closed,False,True,False
-1.17,17,72.883817,17,open,False,True,False
-1.17,17,72.888939,17,open,False,True,False
-1.17,17,72.894044,17,closed,False,True,False
-1.19,19,72.89973,19,open,False,True,False
-1.19,19,72.905319,19,open,False,True,False
-1.15,15,72.909793,15,open,False,True,False
-1.19,19,72.915398,19,open,False,True,False
-1.19,19,72.921144,19,open,False,True,False
-1.19,19,72.926899,19,closed,False,True,False
-1.17,17,72.931965,17,open,False,True,False
-1.17,17,72.937013,17,closed,False,True,False
-1.17,17,72.942143,17,open,False,True,False
-1.15,15,72.946709,15,open,False,True,False
-1.19,19,72.952471,19,open,False,True,False
-1.15,15,72.95705,15,open,False,True,False
-1.17,17,72.962169,17,open,False,True,False
-1.19,19,72.967869,19,closed,False,True,False
-1.15,15,72.972315,15,closed,False,True,False
-1.19,19,72.978024,19,open,False,True,False
-1.19,19,72.983745,19,open,False,True,False
-1.17,17,72.988928,17,open,False,True,False
-1.19,19,72.994648,19,open,False,True,False
-1.15,15,72.999103,15,open,False,True,False
-1.17,17,73.004281,17,open,False,True,False
-1.19,19,73.009941,19,open,False,True,False
-1.17,17,73.014944,17,open,False,True,False
-1.17,17,73.020113,17,open,False,True,False
-1.15,15,73.024746,15,open,False,True,False
-1.17,17,73.029869,17,closed,False,True,False
-1.17,17,73.035022,17,closed,False,True,False
-1.17,17,73.040261,17,open,False,True,False
-1.17,17,73.199749,17,closed,False,True,False
-1.15,15,73.204535,15,closed,False,True,False
-1.15,15,73.209194,15,open,False,True,False
-1.15,15,73.213901,15,open,False,True,False
-1.19,19,73.219706,19,closed,False,True,False
-1.17,17,73.224789,17,open,False,True,False
-1.19,19,73.230594,19,closed,False,True,False
-1.17,17,73.235677,17,closed,False,True,False
-1.19,19,73.241527,19,closed,False,True,False
-1.19,19,73.24728,19,open,False,True,False
-1.19,19,73.252993,19,open,False,True,False
-1.17,17,73.258114,17,closed,False,True,False
-1.17,17,73.263249,17,closed,False,True,False
-1.17,17,73.268517,17,closed,False,True,False
-1.17,17,73.273831,17,open,False,True,False
-1.15,15,73.278498,15,open,False,True,False
-1.17,17,73.283686,17,closed,False,True,False
-1.19,19,73.289412,19,closed,False,True,False
-1.19,19,73.29517,19,closed,False,True,False
-1.15,15,73.299682,15,open,False,True,False
-1.17,17,73.304774,17,open,False,True,False
-1.19,19,73.310504,19,closed,False,True,False
-1.15,15,73.315125,15,open,False,True,False
-1.17,17,73.320316,17,closed,False,True,False
-1.19,19,73.325983,19,open,False,True,False
-1.19,19,73.33163,19,closed,False,True,False
-1.15,15,73.336298,15,closed,False,True,False
-1.17,17,73.341565,17,open,False,True,False
-1.17,17,73.346673,17,closed,False,True,False
-1.15,15,73.351177,15,open,False,True,False
-1.19,19,73.356913,19,closed,False,True,False
-1.15,15,73.361462,15,closed,False,True,False
-1.17,17,73.366526,17,open,False,True,False
-1.17,17,73.371758,17,closed,False,True,False
-1.17,17,73.376991,17,closed,False,True,False
-1.17,17,73.382096,17,closed,False,True,False
-1.17,17,73.387313,17,open,False,True,False
-1.19,19,73.393127,19,closed,False,True,False
-1.15,15,73.397615,15,open,False,True,False
-1.17,17,73.402719,17,closed,False,True,False
-1.19,19,73.408509,19,open,False,True,False
-1.17,17,73.413759,17,closed,False,True,False
-1.19,19,73.419463,19,open,False,True,False
-1.17,17,73.424588,17,open,False,True,False
-1.19,19,73.430342,19,open,False,True,False
-1.15,15,73.434952,15,closed,False,True,False
-1.17,17,73.440239,17,closed,False,True,False
-1.17,17,73.445458,17,closed,False,True,False
-1.17,17,73.45059,17,open,False,True,False
-1.15,15,73.455265,15,open,False,True,False
-1.19,19,73.461068,19,open,False,True,False
-1.19,19,73.466699,19,closed,False,True,False
-1.17,17,73.47192,17,open,False,True,False
-1.19,19,73.47769,19,open,False,True,False
-1.15,15,73.48221,15,closed,False,True,False
-1.19,19,73.487855,19,open,False,True,False
-1.15,15,73.492531,15,closed,False,True,False
-1.17,17,73.497706,17,closed,False,True,False
-1.19,19,73.503369,19,open,False,True,False
-1.15,15,73.507975,15,closed,False,True,False
-1.19,19,73.513594,19,closed,False,True,False
-1.17,17,73.518727,17,closed,False,True,False
-1.15,15,73.523286,15,closed,False,True,False
-1.19,19,73.528954,19,open,False,True,False
-1.15,15,73.533532,15,open,False,True,False
-1.15,15,73.538125,15,closed,False,True,False
-1.19,19,73.543884,19,open,False,True,False
-1.15,15,73.548405,15,open,False,True,False
-1.15,15,73.553041,15,closed,False,True,False
-1.15,15,73.557585,15,open,False,True,False
-1.19,19,73.563244,19,open,False,True,False
-1.15,15,73.567829,15,closed,False,True,False
-1.17,17,73.572948,17,closed,False,True,False
-1.19,19,73.578714,19,closed,False,True,False
-1.19,19,73.584455,19,open,False,True,False
-1.15,15,73.589045,15,closed,False,True,False
-1.15,15,73.59356,15,closed,False,True,False
-1.19,19,73.599193,19,closed,False,True,False
-1.19,19,73.604945,19,open,False,True,False
-1.19,19,73.610638,19,open,False,True,False
-1.17,17,73.61568,17,open,False,True,False
-1.19,19,73.621348,19,closed,False,True,False
-1.19,19,73.62707,19,open,False,True,False
-1.15,15,73.631683,15,closed,False,True,False
-1.17,17,73.63681,17,closed,False,True,False
-1.15,15,73.641372,15,open,False,True,False
-1.17,17,73.646565,17,open,False,True,False
-1.17,17,73.651764,17,closed,False,True,False
-1.17,17,73.656937,17,closed,False,True,False
-1.15,15,73.661493,15,closed,False,True,False
-1.15,15,73.665997,15,closed,False,True,False
-1.15,15,73.670511,15,open,False,True,False
-1.19,19,73.676146,19,closed,False,True,False
-1.19,19,73.681918,19,open,False,True,False
-1.15,15,73.686414,15,open,False,True,False
-1.15,15,73.691122,15,open,False,True,False
-1.17,17,73.696191,17,open,False,True,False
-1.15,15,73.700791,15,closed,False,True,False
-1.17,17,73.705876,17,open,False,True,False
-1.17,17,73.710968,17,open,False,True,False
-1.17,17,73.716064,17,open,False,True,False
-1.17,17,73.721256,17,closed,False,True,False
-1.17,17,73.726403,17,closed,False,True,False
-1.17,17,73.731557,17,open,False,True,False
-1.19,19,73.73726,19,closed,False,True,False
-1.17,17,73.742484,17,open,False,True,False
-1.17,17,73.747631,17,open,False,True,False
-1.19,19,73.753272,19,closed,False,True,False
-1.19,19,73.758936,19,open,False,True,False
-1.17,17,73.76414,17,closed,False,True,False
-1.19,19,73.769717,19,closed,False,True,False
-1.19,19,73.775409,19,closed,False,True,False
-1.17,17,73.780605,17,open,False,True,False
-1.19,19,73.786366,19,closed,False,True,False
-1.19,19,73.792136,19,closed,False,True,False
-1.15,15,73.796714,15,closed,False,True,False
-1.17,17,73.801877,17,open,False,True,False
-1.15,15,73.806505,15,closed,False,True,False
-1.15,15,73.811078,15,open,False,True,False
-1.15,15,73.815575,15,open,False,True,False
-1.15,15,73.820069,15,closed,False,True,False
-1.17,17,73.979611,17,closed,False,True,False
-1.17,17,73.984889,17,closed,False,True,False
-1.17,17,73.990182,17,closed,False,True,False
-1.15,15,73.994869,15,closed,False,True,False
-1.15,15,73.999398,15,closed,False,True,False
-1.15,15,74.004014,15,open,False,True,False
-1.19,19,74.009703,19,closed,False,True,False
-1.19,19,74.015543,19,open,False,True,False
-1.15,15,74.020144,15,open,False,True,False
-1.17,17,74.025275,17,open,False,True,False
-1.15,15,74.029945,15,open,False,True,False
-1.17,17,74.035062,17,open,False,True,False
-1.19,19,74.040912,19,open,False,True,False
-1.19,19,74.046639,19,closed,False,True,False
-1.17,17,74.051759,17,open,False,True,False
-1.19,19,74.057508,19,open,False,True,False
-1.17,17,74.062812,17,open,False,True,False
-1.15,15,74.067544,15,closed,False,True,False
-1.17,17,74.07275,17,closed,False,True,False
-1.17,17,74.077913,17,closed,False,True,False
-1.19,19,74.083606,19,open,False,True,False
-1.17,17,74.088826,17,open,False,True,False
-1.19,19,74.094632,19,closed,False,True,False
-1.19,19,74.100314,19,open,False,True,False
-1.19,19,74.106102,19,closed,False,True,False
-1.15,15,74.110765,15,closed,False,True,False
-1.17,17,74.115875,17,open,False,True,False
-1.15,15,74.120572,15,closed,False,True,False
-1.19,19,74.126414,19,open,False,True,False
-1.19,19,74.132172,19,closed,False,True,False
-1.15,15,74.136816,15,open,False,True,False
-1.15,15,74.141373,15,closed,False,True,False
-1.17,17,74.146628,17,open,False,True,False
-1.17,17,74.151835,17,open,False,True,False
-1.15,15,74.156475,15,open,False,True,False
-1.17,17,74.161755,17,closed,False,True,False
-1.17,17,74.166891,17,closed,False,True,False
-1.15,15,74.171432,15,closed,False,True,False
-1.19,19,74.177271,19,closed,False,True,False
-1.15,15,74.181925,15,open,False,True,False
-1.15,15,74.186538,15,closed,False,True,False
-1.15,15,74.191094,15,closed,False,True,False
-1.17,17,74.196316,17,closed,False,True,False
-1.17,17,74.201522,17,closed,False,True,False
-1.19,19,74.207386,19,closed,False,True,False
-1.15,15,74.211974,15,open,False,True,False
-1.19,19,74.217606,19,open,False,True,False
-1.19,19,74.223441,19,closed,False,True,False
-1.17,17,74.228609,17,open,False,True,False
-1.19,19,74.234328,19,open,False,True,False
-1.19,19,74.240173,19,closed,False,True,False
-1.19,19,74.245979,19,open,False,True,False
-1.19,19,74.251652,19,closed,False,True,False
-1.19,19,74.257365,19,open,False,True,False
-1.17,17,74.262585,17,open,False,True,False
-1.17,17,74.267734,17,closed,False,True,False
-1.19,19,74.273347,19,closed,False,True,False
-1.19,19,74.279117,19,open,False,True,False
-1.15,15,74.283674,15,closed,False,True,False
-1.19,19,74.289418,19,open,False,True,False
-1.15,15,74.294,15,closed,False,True,False
-1.17,17,74.29922,17,closed,False,True,False
-1.17,17,74.304333,17,closed,False,True,False
-1.15,15,74.309061,15,closed,False,True,False
-1.17,17,74.31433,17,open,False,True,False
-1.17,17,74.319605,17,closed,False,True,False
-1.17,17,74.324756,17,closed,False,True,False
-1.17,17,74.329844,17,closed,False,True,False
-1.19,19,74.335652,19,open,False,True,False
-1.17,17,74.340902,17,closed,False,True,False
-1.19,19,74.34668,19,open,False,True,False
-1.19,19,74.352376,19,closed,False,True,False
-1.19,19,74.358196,19,open,False,True,False
-1.15,15,74.362714,15,open,False,True,False
-1.19,19,74.368494,19,closed,False,True,False
-1.17,17,74.373707,17,closed,False,True,False
-1.19,19,74.379379,19,open,False,True,False
-1.15,15,74.383941,15,open,False,True,False
-1.19,19,74.389778,19,closed,False,True,False
-1.15,15,74.394501,15,closed,False,True,False
-1.19,19,74.400224,19,closed,False,True,False
-1.15,15,74.404976,15,open,False,True,False
-1.17,17,74.410106,17,open,False,True,False
-1.17,17,74.415417,17,closed,False,True,False
-1.15,15,74.420021,15,closed,False,True,False
-1.19,19,74.425822,19,closed,False,True,False
-1.17,17,74.430995,17,closed,False,True,False
-1.15,15,74.435684,15,closed,False,True,False
-1.15,15,74.440273,15,closed,False,True,False
-1.19,19,74.446145,19,open,False,True,False
-1.17,17,74.451328,17,open,False,True,False
-1.15,15,74.455918,15,closed,False,True,False
-1.17,17,74.461187,17,open,False,True,False
-1.19,19,74.466812,19,open,False,True,False
-1.17,17,74.471992,17,open,False,True,False
-1.17,17,74.477102,17,closed,False,True,False
-1.19,19,74.482855,19,open,False,True,False
-1.15,15,74.487499,15,open,False,True,False
-1.19,19,74.493173,19,open,False,True,False
-1.15,15,74.497805,15,closed,False,True,False
-1.15,15,74.502326,15,open,False,True,False
-1.17,17,74.507646,17,closed,False,True,False
-1.15,15,74.512324,15,closed,False,True,False
-1.19,19,74.517988,19,open,False,True,False
-1.19,19,74.523879,19,closed,False,True,False
-1.19,19,74.529638,19,closed,False,True,False
-1.15,15,74.534229,15,open,False,True,False
-1.17,17,74.539454,17,closed,False,True,False
-1.17,17,74.544647,17,open,False,True,False
-1.15,15,74.549348,15,open,False,True,False
-1.19,19,74.555121,19,closed,False,True,False
-1.19,19,74.560972,19,open,False,True,False
-1.17,17,74.566182,17,closed,False,True,False
-1.17,17,74.571409,17,closed,False,True,False
-1.17,17,74.576583,17,closed,False,True,False
-1.19,19,74.582222,19,closed,False,True,False
-1.19,19,74.588018,19,closed,False,True,False
-1.19,19,74.593768,19,closed,False,True,False
-1.19,19,74.599447,19,open,False,True,False
-1.15,15,74.757811,15,open,False,True,False
-1.17,17,74.763166,17,open,False,True,False
-1.19,19,74.768904,19,closed,False,True,False
-1.19,19,74.77468,19,closed,False,True,False
-1.17,17,74.779887,17,open,False,True,False
-1.17,17,74.784982,17,open,False,True,False
-1.15,15,74.789616,15,closed,False,True,False
-1.15,15,74.794266,15,open,False,True,False
-1.15,15,74.79888,15,open,False,True,False
-1.15,15,74.803535,15,open,False,True,False
-1.17,17,74.808809,17,open,False,True,False
-1.19,19,74.814538,19,open,False,True,False
-1.19,19,74.820362,19,open,False,True,False
-1.15,15,74.824936,15,open,False,True,False
-1.15,15,74.829508,15,closed,False,True,False
-1.15,15,74.834146,15,closed,False,True,False
-1.19,19,74.839841,19,closed,False,True,False
-1.15,15,74.844471,15,closed,False,True,False
-1.19,19,74.850205,19,open,False,True,False
-1.15,15,74.854883,15,open,False,True,False
-1.15,15,74.859498,15,closed,False,True,False
-1.15,15,74.86916,15,open,False,True,False
-1.19,19,74.875299,19,open,False,True,False
-1.15,15,74.879965,15,closed,False,True,False
-1.15,15,74.884725,15,open,False,True,False
-1.15,15,74.889369,15,closed,False,True,False
-1.15,15,74.893934,15,open,False,True,False
-1.19,19,74.899723,19,open,False,True,False
-1.19,19,74.905392,19,open,False,True,False
-1.15,15,74.910091,15,open,False,True,False
-1.19,19,74.915798,19,closed,False,True,False
-1.19,19,74.921585,19,open,False,True,False
-1.17,17,74.926804,17,closed,False,True,False
-1.15,15,74.931432,15,closed,False,True,False
-1.17,17,74.936647,17,closed,False,True,False
-1.15,15,74.941151,15,open,False,True,False
-1.15,15,74.945816,15,open,False,True,False
-1.15,15,74.950407,15,open,False,True,False
-1.19,19,74.956248,19,open,False,True,False
-1.17,17,74.961314,17,open,False,True,False
-1.15,15,74.9659,15,closed,False,True,False
-1.17,17,74.971117,17,open,False,True,False
-1.17,17,74.976323,17,open,False,True,False
-1.19,19,74.982119,19,open,False,True,False
-1.19,19,74.987783,19,closed,False,True,False
-1.17,17,74.992918,17,closed,False,True,False
-1.19,19,74.998678,19,open,False,True,False
-1.15,15,75.003234,15,open,False,True,False
-1.15,15,75.007941,15,closed,False,True,False
-1.19,19,75.013674,19,closed,False,True,False
-1.17,17,75.018853,17,open,False,True,False
-1.17,17,75.024033,17,closed,False,True,False
-1.19,19,75.029705,19,closed,False,True,False
-1.19,19,75.03546,19,closed,False,True,False
-1.17,17,75.040667,17,open,False,True,False
-1.15,15,75.045241,15,closed,False,True,False
-1.15,15,75.049767,15,open,False,True,False
-1.17,17,75.054948,17,open,False,True,False
-1.15,15,75.059627,15,closed,False,True,False
-1.17,17,75.064821,17,closed,False,True,False
-1.17,17,75.069949,17,closed,False,True,False
-1.15,15,75.074514,15,open,False,True,False
-1.15,15,75.079091,15,open,False,True,False
-1.19,19,75.084784,19,closed,False,True,False
-1.17,17,75.089955,17,open,False,True,False
-1.17,17,75.095164,17,closed,False,True,False
-1.15,15,75.099674,15,open,False,True,False
-1.19,19,75.105339,19,open,False,True,False
-1.19,19,75.111186,19,open,False,True,False
-1.15,15,75.115728,15,closed,False,True,False
-1.19,19,75.121391,19,open,False,True,False
-1.15,15,75.125972,15,open,False,True,False
-1.19,19,75.131605,19,open,False,True,False
-1.15,15,75.136167,15,closed,False,True,False
-1.19,19,75.141942,19,open,False,True,False
-1.17,17,75.147048,17,open,False,True,False
-1.17,17,75.152275,17,open,False,True,False
-1.19,19,75.158145,19,closed,False,True,False
-1.19,19,75.163858,19,open,False,True,False
-1.15,15,75.168539,15,closed,False,True,False
-1.19,19,75.174303,19,closed,False,True,False
-1.19,19,75.180035,19,closed,False,True,False
-1.15,15,75.184537,15,open,False,True,False
-1.17,17,75.189775,17,closed,False,True,False
-1.17,17,75.194979,17,closed,False,True,False
-1.19,19,75.200699,19,closed,False,True,False
-1.15,15,75.205283,15,open,False,True,False
-1.15,15,75.209888,15,open,False,True,False
-1.17,17,75.214999,17,open,False,True,False
-1.15,15,75.219593,15,closed,False,True,False
-1.19,19,75.225336,19,closed,False,True,False
-1.19,19,75.231169,19,closed,False,True,False
-1.19,19,75.237065,19,open,False,True,False
-1.17,17,75.242265,17,open,False,True,False
-1.19,19,75.248033,19,open,False,True,False
-1.19,19,75.253859,19,open,False,True,False
-1.19,19,75.259677,19,closed,False,True,False
-1.17,17,75.264763,17,open,False,True,False
-1.19,19,75.270384,19,open,False,True,False
-1.15,15,75.275037,15,open,False,True,False
-1.15,15,75.279558,15,closed,False,True,False
-1.15,15,75.284042,15,closed,False,True,False
-1.19,19,75.289845,19,open,False,True,False
-1.15,15,75.29432,15,open,False,True,False
-1.17,17,75.299411,17,open,False,True,False
-1.19,19,75.30517,19,open,False,True,False
-1.19,19,75.310921,19,closed,False,True,False
-1.15,15,75.315414,15,open,False,True,False
-1.15,15,75.319918,15,open,False,True,False
-1.15,15,75.324579,15,open,False,True,False
-1.17,17,75.329704,17,closed,False,True,False
-1.15,15,75.334285,15,open,False,True,False
-1.17,17,75.339427,17,closed,False,True,False
-1.17,17,75.344482,17,closed,False,True,False
-1.15,15,75.349063,15,open,False,True,False
-1.19,19,75.354825,19,closed,False,True,False
-1.19,19,75.360618,19,closed,False,True,False
-1.15,15,75.365178,15,closed,False,True,False
-1.17,17,75.37043,17,open,False,True,False
-1.19,19,75.376134,19,open,False,True,False
-1.19,19,75.381866,19,open,False,True,False
-1.15,15,75.539688,15,open,False,True,False
-1.15,15,75.544411,15,open,False,True,False
-1.17,17,75.549519,17,open,False,True,False
-1.19,19,75.555203,19,open,False,True,False
-1.17,17,75.560458,17,closed,False,True,False
-1.19,19,75.56619,19,closed,False,True,False
-1.19,19,75.571972,19,closed,False,True,False
-1.19,19,75.577818,19,open,False,True,False
-1.17,17,75.582974,17,open,False,True,False
-1.15,15,75.58761,15,open,False,True,False
-1.15,15,75.592279,15,open,False,True,False
-1.17,17,75.597422,17,closed,False,True,False
-1.19,19,75.603215,19,open,False,True,False
-1.19,19,75.609021,19,open,False,True,False
-1.19,19,75.614688,19,closed,False,True,False
-1.17,17,75.619809,17,closed,False,True,False
-1.15,15,75.624488,15,closed,False,True,False
-1.15,15,75.629143,15,closed,False,True,False
-1.17,17,75.634345,17,open,False,True,False
-1.15,15,75.638921,15,open,False,True,False
-1.17,17,75.644143,17,closed,False,True,False
-1.15,15,75.648798,15,closed,False,True,False
-1.15,15,75.653483,15,closed,False,True,False
-1.17,17,75.658682,17,open,False,True,False
-1.15,15,75.663313,15,open,False,True,False
-1.17,17,75.668473,17,closed,False,True,False
-1.17,17,75.67369,17,open,False,True,False
-1.17,17,75.678713,17,open,False,True,False
-1.19,19,75.684458,19,closed,False,True,False
-1.15,15,75.689087,15,open,False,True,False
-1.17,17,75.694191,17,open,False,True,False
-1.15,15,75.69867,15,open,False,True,False
-1.15,15,75.703328,15,closed,False,True,False
-1.15,15,75.708026,15,open,False,True,False
-1.19,19,75.71375,19,closed,False,True,False
-1.17,17,75.718903,17,open,False,True,False
-1.19,19,75.724693,19,open,False,True,False
-1.17,17,75.729865,17,open,False,True,False
-1.19,19,75.735557,19,open,False,True,False
-1.17,17,75.740671,17,open,False,True,False
-1.15,15,75.745137,15,open,False,True,False
-1.15,15,75.749709,15,closed,False,True,False
-1.15,15,75.754222,15,closed,False,True,False
-1.15,15,75.758856,15,open,False,True,False
-1.17,17,75.764055,17,closed,False,True,False
-1.15,15,75.768593,15,closed,False,True,False
-1.19,19,75.774311,19,open,False,True,False
-1.17,17,75.779486,17,closed,False,True,False
-1.17,17,75.784596,17,open,False,True,False
-1.17,17,75.789867,17,closed,False,True,False
-1.17,17,75.795081,17,closed,False,True,False
-1.19,19,75.800722,19,open,False,True,False
-1.15,15,75.805391,15,closed,False,True,False
-1.15,15,75.810013,15,closed,False,True,False
-1.19,19,75.815765,19,closed,False,True,False
-1.17,17,75.82093,17,open,False,True,False
-1.15,15,75.825485,15,open,False,True,False
-1.19,19,75.831295,19,closed,False,True,False
-1.17,17,75.836534,17,closed,False,True,False
-1.17,17,75.841782,17,closed,False,True,False
-1.19,19,75.847547,19,open,False,True,False
-1.15,15,75.852077,15,closed,False,True,False
-1.19,19,75.857939,19,open,False,True,False
-1.17,17,75.863152,17,closed,False,True,False
-1.19,19,75.868878,19,closed,False,True,False
-1.24,19,75.874667,19,open,False,True,False
-1.19,19,75.880321,19,open,False,True,False
-1.19,19,75.88609,19,closed,False,True,False
-1.15,15,75.890591,15,open,False,True,False
-1.19,19,75.896388,19,closed,False,True,False
-1.17,17,75.901471,17,open,False,True,False
-1.19,19,75.907214,19,closed,False,True,False
-1.17,17,75.912351,17,open,False,True,False
-1.17,17,75.917521,17,closed,False,True,False
-1.17,17,75.922837,17,closed,False,True,False
-1.19,19,75.928595,19,closed,False,True,False
-1.19,19,75.934284,19,closed,False,True,False
-1.19,19,75.940106,19,open,False,True,False
-1.15,15,75.944704,15,closed,False,True,False
-1.19,19,75.950388,19,open,False,True,False
-1.19,19,75.95607,19,open,False,True,False
-1.17,17,75.961284,17,open,False,True,False
-1.17,17,75.966434,17,open,False,True,False
-1.17,17,75.971589,17,closed,False,True,False
-1.15,15,75.976189,15,open,False,True,False
-1.19,19,75.981924,19,closed,False,True,False
-1.17,17,75.987108,17,closed,False,True,False
-1.15,15,75.991789,15,open,False,True,False
-1.15,15,75.996363,15,open,False,True,False
-1.19,19,76.002155,19,closed,False,True,False
-1.17,17,76.00732,17,open,False,True,False
-1.19,19,76.013134,19,closed,False,True,False
-1.15,15,76.017739,15,open,False,True,False
-1.19,19,76.023608,19,open,False,True,False
-1.17,17,76.028843,17,closed,False,True,False
-1.17,17,76.034049,17,closed,False,True,False
-1.15,15,76.038696,15,open,False,True,False
-1.15,15,76.043246,15,open,False,True,False
-1.19,19,76.049002,19,closed,False,True,False
-1.17,17,76.054209,17,open,False,True,False
-1.19,19,76.060102,19,open,False,True,False
-1.19,19,76.065782,19,closed,False,True,False
-1.17,17,76.070992,17,closed,False,True,False
-1.19,19,76.076778,19,open,False,True,False
-1.15,15,76.081306,15,open,False,True,False
-1.19,19,76.087102,19,closed,False,True,False
-1.19,19,76.092753,19,open,False,True,False
-1.19,19,76.098486,19,closed,False,True,False
-1.19,19,76.104331,19,open,False,True,False
-1.15,15,76.108991,15,open,False,True,False
-1.15,15,76.113695,15,closed,False,True,False
-1.19,19,76.119403,19,open,False,True,False
-1.19,19,76.125097,19,open,False,True,False
-1.19,19,76.130973,19,open,False,True,False
-1.17,17,76.13617,17,closed,False,True,False
-1.17,17,76.141435,17,open,False,True,False
-1.19,19,76.147329,19,open,False,True,False
-1.15,15,76.151831,15,open,False,True,False
-1.15,15,76.156543,15,open,False,True,False
-1.17,17,76.327443,17,open,False,True,False
-1.19,19,76.334019,19,open,False,True,False
-1.17,17,76.339739,17,closed,False,True,False
-1.17,17,76.344963,17,open,False,True,False
-1.19,19,76.350635,19,closed,False,True,False
-1.19,19,76.35643,19,open,False,True,False
-1.15,15,76.361076,15,open,False,True,False
-1.17,17,76.366213,17,closed,False,True,False
-1.19,19,76.37208,19,open,False,True,False
-1.19,19,76.377863,19,open,False,True,False
-1.17,17,76.383158,17,open,False,True,False
-1.17,17,76.38833,17,open,False,True,False
-1.15,15,76.393054,15,open,False,True,False
-1.15,15,76.39765,15,closed,False,True,False
-1.17,17,76.402917,17,closed,False,True,False
-1.19,19,76.408739,19,open,False,True,False
-1.15,15,76.413406,15,open,False,True,False
-1.15,15,76.41798,15,open,False,True,False
-1.15,15,76.422666,15,open,False,True,False
-1.19,19,76.428319,19,closed,False,True,False
-1.15,15,76.433035,15,open,False,True,False
-1.17,17,76.438166,17,closed,False,True,False
-1.17,17,76.443484,17,closed,False,True,False
-1.17,17,76.448672,17,open,False,True,False
-1.15,15,76.453366,15,closed,False,True,False
-1.15,15,76.458026,15,open,False,True,False
-1.17,17,76.463255,17,open,False,True,False
-1.19,19,76.468982,19,open,False,True,False
-1.15,15,76.473518,15,open,False,True,False
-1.15,15,76.478098,15,closed,False,True,False
-1.15,15,76.482794,15,closed,False,True,False
-1.15,15,76.487514,15,closed,False,True,False
-1.15,15,76.492074,15,open,False,True,False
-1.19,19,76.497916,19,open,False,True,False
-1.19,19,76.503657,19,open,False,True,False
-1.19,19,76.509342,19,closed,False,True,False
-1.19,19,76.515118,19,closed,False,True,False
-1.15,15,76.519817,15,open,False,True,False
-1.19,19,76.52553,19,closed,False,True,False
-1.17,17,76.530699,17,closed,False,True,False
-1.19,19,76.536587,19,open,False,True,False
-1.19,19,76.5424,19,open,False,True,False
-1.17,17,76.547573,17,open,False,True,False
-1.17,17,76.552821,17,open,False,True,False
-1.17,17,76.55795,17,closed,False,True,False
-1.15,15,76.56247,15,open,False,True,False
-1.19,19,76.568188,19,closed,False,True,False
-1.15,15,76.572729,15,closed,False,True,False
-1.15,15,76.577396,15,open,False,True,False
-1.17,17,76.582545,17,open,False,True,False
-1.15,15,76.587207,15,open,False,True,False
-1.19,19,76.592909,19,closed,False,True,False
-1.19,19,76.598694,19,closed,False,True,False
-1.19,19,76.604396,19,open,False,True,False
-1.19,19,76.610085,19,closed,False,True,False
-1.19,19,76.615902,19,closed,False,True,False
-1.19,19,76.621729,19,open,False,True,False
-1.15,15,76.626318,15,closed,False,True,False
-1.19,19,76.632002,19,open,False,True,False
-1.15,15,76.636695,15,open,False,True,False
-1.15,15,76.641215,15,open,False,True,False
-1.17,17,76.64647,17,open,False,True,False
-1.15,15,76.651133,15,open,False,True,False
-1.17,17,76.656387,17,open,False,True,False
-1.19,19,76.662304,19,closed,False,True,False
-1.15,15,76.666842,15,closed,False,True,False
-1.17,17,76.672079,17,open,False,True,False
-1.17,17,76.677295,17,open,False,True,False
-1.15,15,76.68197,15,open,False,True,False
-1.17,17,76.687176,17,open,False,True,False
-1.17,17,76.692435,17,closed,False,True,False
-1.19,19,76.698202,19,open,False,True,False
-1.17,17,76.703483,17,closed,False,True,False
-1.15,15,76.708144,15,open,False,True,False
-1.17,17,76.713286,17,open,False,True,False
-1.17,17,76.718408,17,open,False,True,False
-1.17,17,76.723712,17,closed,False,True,False
-1.19,19,76.729522,19,open,False,True,False
-1.17,17,76.734608,17,open,False,True,False
-1.19,19,76.740355,19,closed,False,True,False
-1.15,15,76.745065,15,open,False,True,False
-1.15,15,76.749712,15,closed,False,True,False
-1.15,15,76.754275,15,open,False,True,False
-1.17,17,76.75943,17,open,False,True,False
-1.15,15,76.764099,15,closed,False,True,False
-1.17,17,76.769221,17,open,False,True,False
-1.15,15,76.773861,15,open,False,True,False
-1.19,19,76.779635,19,closed,False,True,False
-1.19,19,76.78548,19,closed,False,True,False
-1.19,19,76.791228,19,open,False,True,False
-1.15,15,76.795814,15,open,False,True,False
-1.17,17,76.801021,17,closed,False,True,False
-1.15,15,76.805694,15,open,False,True,False
-1.15,15,76.810252,15,closed,False,True,False
-1.15,15,76.814892,15,open,False,True,False
-1.15,15,76.819421,15,closed,False,True,False
-1.19,19,76.825194,19,closed,False,True,False
-1.19,19,76.831014,19,closed,False,True,False
-1.17,17,76.836173,17,open,False,True,False
-1.19,19,76.841898,19,closed,False,True,False
-1.19,19,76.847608,19,closed,False,True,False
-1.19,19,76.8535,19,open,False,True,False
-1.19,19,76.859323,19,closed,False,True,False
-1.17,17,76.864505,17,closed,False,True,False
-1.17,17,76.869663,17,open,False,True,False
-1.15,15,76.874353,15,open,False,True,False
-1.19,19,76.880118,19,open,False,True,False
-1.15,15,76.884714,15,open,False,True,False
-1.17,17,76.889907,17,open,False,True,False
-1.15,15,76.894542,15,open,False,True,False
-1.15,15,76.899207,15,open,False,True,False
-1.15,15,76.90387,15,open,False,True,False
-1.17,17,76.909106,17,open,False,True,False
-1.17,17,76.914317,17,open,False,True,False
-1.19,19,76.920067,19,closed,False,True,False
-1.15,15,76.924629,15,open,False,True,False
-1.17,17,76.92981,17,closed,False,True,False
-1.15,15,76.934401,15,closed,False,True,False
-1.19,19,76.940285,19,open,False,True,False
-1.17,17,76.94554,17,closed,False,True,False
-1.15,15,76.950181,15,closed,False,True,False
-1.17,17,77.144074,17,closed,False,True,False
-1.17,17,77.149366,17,closed,False,True,False
-1.15,15,77.15408,15,open,False,True,False
-1.15,15,77.158706,15,open,False,True,False
-1.19,19,77.164491,19,closed,False,True,False
-1.19,19,77.170352,19,open,False,True,False
-1.15,15,77.17506,15,open,False,True,False
-1.15,15,77.179701,15,closed,False,True,False
-1.17,17,77.185032,17,open,False,True,False
-1.17,17,77.190416,17,closed,False,True,False
-1.17,17,77.195764,17,closed,False,True,False
-1.17,17,77.200944,17,closed,False,True,False
-1.17,17,77.206157,17,closed,False,True,False
-1.17,17,77.2114,17,closed,False,True,False
-1.19,19,77.217227,19,closed,False,True,False
-1.17,17,77.22242,17,open,False,True,False
-1.15,15,77.227092,15,closed,False,True,False
-1.17,17,77.232458,17,open,False,True,False
-1.15,15,77.237223,15,open,False,True,False
-1.15,15,77.241937,15,open,False,True,False
-1.15,15,77.246596,15,closed,False,True,False
-1.19,19,77.252474,19,closed,False,True,False
-1.19,19,77.25846,19,open,False,True,False
-1.15,15,77.263067,15,closed,False,True,False
-1.19,19,77.268864,19,closed,False,True,False
-1.15,15,77.273468,15,closed,False,True,False
-1.15,15,77.278057,15,closed,False,True,False
-1.19,19,77.28392,19,open,False,True,False
-1.15,15,77.288682,15,open,False,True,False
-1.19,19,77.294452,19,closed,False,True,False
-1.15,15,77.299182,15,open,False,True,False
-1.15,15,77.303858,15,open,False,True,False
-1.15,15,77.308496,15,open,False,True,False
-1.17,17,77.313688,17,closed,False,True,False
-1.19,19,77.319476,19,open,False,True,False
-1.17,17,77.324649,17,closed,False,True,False
-1.15,15,77.329391,15,open,False,True,False
-1.17,17,77.334554,17,closed,False,True,False
-1.17,17,77.339853,17,open,False,True,False
-1.19,19,77.34579,19,closed,False,True,False
-1.19,19,77.351727,19,closed,False,True,False
-1.19,19,77.357627,19,closed,False,True,False
-1.15,15,77.362401,15,open,False,True,False
-1.19,19,77.368305,19,open,False,True,False
-1.17,17,77.373643,17,open,False,True,False
-1.17,17,77.378895,17,closed,False,True,False
-1.19,19,77.384794,19,closed,False,True,False
-1.15,15,77.389595,15,closed,False,True,False
-1.17,17,77.394833,17,closed,False,True,False
-1.17,17,77.400074,17,closed,False,True,False
-1.19,19,77.405924,19,open,False,True,False
-1.17,17,77.411278,17,closed,False,True,False
-1.19,19,77.417083,19,open,False,True,False
-1.15,15,77.421818,15,closed,False,True,False
-1.19,19,77.427815,19,closed,False,True,False
-1.15,15,77.432468,15,open,False,True,False
-1.15,15,77.437228,15,closed,False,True,False
-1.19,19,77.443189,19,closed,False,True,False
-1.19,19,77.449057,19,closed,False,True,False
-1.17,17,77.454301,17,closed,False,True,False
-1.19,19,77.460152,19,open,False,True,False
-1.17,17,77.465402,17,closed,False,True,False
-1.17,17,77.470747,17,closed,False,True,False
-1.17,17,77.475976,17,open,False,True,False
-1.15,15,77.480716,15,open,False,True,False
-1.15,15,77.485379,15,closed,False,True,False
-1.17,17,77.490703,17,closed,False,True,False
-1.17,17,77.495996,17,closed,False,True,False
-1.19,19,77.501858,19,open,False,True,False
-1.17,17,77.507093,17,closed,False,True,False
-1.15,15,77.511819,15,open,False,True,False
-1.15,15,77.516353,15,closed,False,True,False
-1.15,15,77.521056,15,open,False,True,False
-1.17,17,77.52626,17,open,False,True,False
-1.15,15,77.531027,15,closed,False,True,False
-1.15,15,77.5358,15,closed,False,True,False
-1.19,19,77.541659,19,closed,False,True,False
-1.15,15,77.546379,15,open,False,True,False
-1.19,19,77.552207,19,open,False,True,False
-1.19,19,77.558165,19,open,False,True,False
-1.15,15,77.566054,15,closed,False,True,False
-1.19,19,77.571969,19,closed,False,True,False
-1.19,19,77.577802,19,open,False,True,False
-1.17,17,77.583015,17,open,False,True,False
-1.19,19,77.588805,19,open,False,True,False
-1.17,17,77.594153,17,closed,False,True,False
-1.19,19,77.599938,19,open,False,True,False
-1.15,15,77.604717,15,closed,False,True,False
-1.15,15,77.609401,15,open,False,True,False
-1.15,15,77.613999,15,closed,False,True,False
-1.19,19,77.619895,19,open,False,True,False
-1.19,19,77.625773,19,closed,False,True,False
-1.19,19,77.631702,19,open,False,True,False
-1.19,19,77.637458,19,closed,False,True,False
-1.15,15,77.642185,15,open,False,True,False
-1.19,19,77.647954,19,closed,False,True,False
-1.19,19,77.653909,19,closed,False,True,False
-1.17,17,77.659225,17,open,False,True,False
-1.19,19,77.665015,19,open,False,True,False
-1.17,17,77.670245,17,closed,False,True,False
-1.19,19,77.676069,19,closed,False,True,False
-1.17,17,77.68142,17,open,False,True,False
-1.19,19,77.68728,19,open,False,True,False
-1.17,17,77.692609,17,closed,False,True,False
-1.19,19,77.698507,19,open,False,True,False
-1.17,17,77.703766,17,open,False,True,False
-1.15,15,77.708523,15,closed,False,True,False
-1.19,19,77.714261,19,open,False,True,False
-1.19,19,77.720071,19,closed,False,True,False
-1.17,17,77.725384,17,closed,False,True,False
-1.17,17,77.7307,17,closed,False,True,False
-1.17,17,77.735958,17,closed,False,True,False
-1.17,17,77.7412,17,open,False,True,False
-1.15,15,77.745942,15,open,False,True,False
-1.15,15,77.750709,15,open,False,True,False
-1.19,19,77.756525,19,closed,False,True,False
-1.17,17,77.761825,17,closed,False,True,False
-1.17,17,77.767036,17,open,False,True,False
-1.17,17,77.772322,17,open,False,True,False
-1.15,15,77.77703,15,closed,False,True,False
-1.15,15,77.781739,15,open,False,True,False
-1.17,17,77.955582,17,open,False,True,False
-1.17,17,77.961454,17,open,False,True,False
-1.15,15,77.966224,15,open,False,True,False
-1.15,15,77.971623,15,closed,False,True,False
-1.15,15,77.976374,15,closed,False,True,False
-1.15,15,77.981044,15,open,False,True,False
-1.15,15,77.985795,15,closed,False,True,False
-1.19,19,77.991723,19,open,False,True,False
-1.15,15,77.996325,15,closed,False,True,False
-1.15,15,78.000976,15,closed,False,True,False
-1.17,17,78.006295,17,open,False,True,False
-1.19,19,78.012263,19,open,False,True,False
-1.17,17,78.017446,17,open,False,True,False
-1.19,19,78.023247,19,closed,False,True,False
-1.19,19,78.029063,19,closed,False,True,False
-1.19,19,78.035059,19,closed,False,True,False
-1.15,15,78.039788,15,open,False,True,False
-1.17,17,78.045043,17,closed,False,True,False
-1.17,17,78.050318,17,closed,False,True,False
-1.19,19,78.056206,19,open,False,True,False
-1.15,15,78.060945,15,open,False,True,False
-1.15,15,78.065601,15,closed,False,True,False
-1.15,15,78.070371,15,open,False,True,False
-1.19,19,78.076131,19,open,False,True,False
-1.19,19,78.081968,19,closed,False,True,False
-1.19,19,78.087809,19,closed,False,True,False
-1.15,15,78.092455,15,open,False,True,False
-1.17,17,78.097673,17,open,False,True,False
-1.17,17,78.102982,17,closed,False,True,False
-1.15,15,78.107731,15,open,False,True,False
-1.19,19,78.113631,19,open,False,True,False
-1.19,19,78.119487,19,closed,False,True,False
-1.19,19,78.125246,19,open,False,True,False
-1.17,17,78.130644,17,closed,False,True,False
-1.19,19,78.13654,19,closed,False,True,False
-1.15,15,78.141227,15,closed,False,True,False
-1.15,15,78.14586,15,open,False,True,False
-1.19,19,78.151913,19,closed,False,True,False
-1.15,15,78.156644,15,closed,False,True,False
-1.19,19,78.162503,19,closed,False,True,False
-1.15,15,78.167244,15,closed,False,True,False
-1.17,17,78.172583,17,closed,False,True,False
-1.15,15,78.177227,15,closed,False,True,False
-1.17,17,78.182545,17,open,False,True,False
-1.19,19,78.188373,19,open,False,True,False
-1.15,15,78.193194,15,open,False,True,False
-1.19,19,78.199076,19,closed,False,True,False
-1.15,15,78.203843,15,open,False,True,False
-1.17,17,78.209081,17,closed,False,True,False
-1.15,15,78.213734,15,closed,False,True,False
-1.15,15,78.218328,15,open,False,True,False
-1.19,19,78.224174,19,closed,False,True,False
-1.17,17,78.229416,17,open,False,True,False
-1.15,15,78.234205,15,open,False,True,False
-1.19,19,78.239996,19,open,False,True,False
-1.17,17,78.24532,17,open,False,True,False
-1.17,17,78.250651,17,open,False,True,False
-1.15,15,78.255412,15,closed,False,True,False
-1.17,17,78.260664,17,open,False,True,False
-1.17,17,78.265892,17,open,False,True,False
-1.17,17,78.271101,17,closed,False,True,False
-1.19,19,78.277041,19,closed,False,True,False
-1.15,15,78.281768,15,closed,False,True,False
-1.17,17,78.287075,17,closed,False,True,False
-1.19,19,78.292989,19,open,False,True,False
-1.19,19,78.298799,19,open,False,True,False
-1.15,15,78.303444,15,open,False,True,False
-1.19,19,78.309143,19,open,False,True,False
-1.19,19,78.315111,19,open,False,True,False
-1.19,19,78.320875,19,open,False,True,False
-1.17,17,78.326202,17,open,False,True,False
-1.17,17,78.331496,17,closed,False,True,False
-1.15,15,78.336254,15,open,False,True,False
-1.19,19,78.342052,19,open,False,True,False
-1.17,17,78.347283,17,closed,False,True,False
-1.19,19,78.353213,19,closed,False,True,False
-1.15,15,78.357844,15,open,False,True,False
-1.17,17,78.363165,17,closed,False,True,False
-1.15,15,78.367838,15,open,False,True,False
-1.15,15,78.3725,15,closed,False,True,False
-1.19,19,78.378291,19,closed,False,True,False
-1.19,19,78.384146,19,closed,False,True,False
-1.15,15,78.388756,15,closed,False,True,False
-1.19,19,78.394707,19,open,False,True,False
-1.15,15,78.399368,15,closed,False,True,False
-1.15,15,78.404086,15,open,False,True,False
-1.17,17,78.409292,17,closed,False,True,False
-1.19,19,78.415364,19,open,False,True,False
-1.17,17,78.42062,17,open,False,True,False
-1.17,17,78.425931,17,open,False,True,False
-1.15,15,78.430706,15,closed,False,True,False
-1.19,19,78.43656,19,closed,False,True,False
-1.15,15,78.441262,15,closed,False,True,False
-1.15,15,78.445988,15,closed,False,True,False
-1.19,19,78.452042,19,closed,False,True,False
-1.17,17,78.457207,17,open,False,True,False
-1.17,17,78.462442,17,open,False,True,False
-1.15,15,78.467049,15,closed,False,True,False
-1.17,17,78.472282,17,closed,False,True,False
-1.19,19,78.478027,19,closed,False,True,False
-1.17,17,78.483226,17,closed,False,True,False
-1.19,19,78.488993,19,open,False,True,False
-1.15,15,78.493584,15,closed,False,True,False
-1.19,19,78.499303,19,open,False,True,False
-1.15,15,78.503798,15,closed,False,True,False
-1.19,19,78.509622,19,open,False,True,False
-1.17,17,78.514696,17,open,False,True,False
-1.15,15,78.519355,15,closed,False,True,False
-1.17,17,78.524574,17,open,False,True,False
-1.15,15,78.529179,15,open,False,True,False
-1.19,19,78.534822,19,closed,False,True,False
-1.15,15,78.539483,15,closed,False,True,False
-1.17,17,78.544572,17,open,False,True,False
-1.17,17,78.5497,17,open,False,True,False
-1.17,17,78.554931,17,closed,False,True,False
-1.15,15,78.559513,15,open,False,True,False
-1.17,17,78.564543,17,open,False,True,False
-1.19,19,78.570324,19,open,False,True,False
-1.19,19,78.57614,19,closed,False,True,False
-1.19,19,78.581852,19,open,False,True,False
-1.15,15,78.739526,15,open,False,True,False
-1.15,15,78.744252,15,closed,False,True,False
-1.19,19,78.750077,19,open,False,True,False
-1.15,15,78.754759,15,closed,False,True,False
-1.19,19,78.760456,19,open,False,True,False
-1.15,15,78.765111,15,closed,False,True,False
-1.17,17,78.770283,17,open,False,True,False
-1.15,15,78.774978,15,closed,False,True,False
-1.17,17,78.78011,17,closed,False,True,False
-1.15,15,78.784652,15,closed,False,True,False
-1.19,19,78.790477,19,closed,False,True,False
-1.15,15,78.795144,15,open,False,True,False
-1.15,15,78.799727,15,closed,False,True,False
-1.17,17,78.804843,17,closed,False,True,False
-1.19,19,78.810576,19,closed,False,True,False
-1.17,17,78.815712,17,open,False,True,False
-1.19,19,78.821484,19,closed,False,True,False
-1.19,19,78.827286,19,closed,False,True,False
-1.17,17,78.832511,17,open,False,True,False
-1.17,17,78.837716,17,closed,False,True,False
-1.15,15,78.84232,15,open,False,True,False
-1.15,15,78.847003,15,open,False,True,False
-1.17,17,78.852154,17,closed,False,True,False
-1.17,17,78.857295,17,open,False,True,False
-1.19,19,78.863093,19,open,False,True,False
-1.19,19,78.868943,19,open,False,True,False
-1.19,19,78.874688,19,closed,False,True,False
-1.15,15,78.879204,15,open,False,True,False
-1.17,17,78.884385,17,open,False,True,False
-1.15,15,78.889082,15,closed,False,True,False
-1.15,15,78.893793,15,open,False,True,False
-1.19,19,78.899461,19,open,False,True,False
-1.15,15,78.904027,15,closed,False,True,False
-1.17,17,78.909188,17,closed,False,True,False
-1.17,17,78.914354,17,open,False,True,False
-1.19,19,78.920102,19,closed,False,True,False
-1.17,17,78.925388,17,open,False,True,False
-1.19,19,78.931183,19,closed,False,True,False
-1.15,15,78.93566,15,closed,False,True,False
-1.15,15,78.940324,15,closed,False,True,False
-1.17,17,78.945602,17,closed,False,True,False
-1.17,17,78.950831,17,open,False,True,False
-1.15,15,78.955494,15,open,False,True,False
-1.19,19,78.961434,19,open,False,True,False
-1.19,19,78.967174,19,open,False,True,False
-1.17,17,78.97235,17,closed,False,True,False
-1.19,19,78.978148,19,open,False,True,False
-1.17,17,78.983195,17,closed,False,True,False
-1.17,17,78.988425,17,open,False,True,False
-1.19,19,78.99413,19,open,False,True,False
-1.15,15,78.998633,15,open,False,True,False
-1.17,17,79.003832,17,open,False,True,False
-1.19,19,79.009765,19,open,False,True,False
-1.19,19,79.015508,19,open,False,True,False
-1.19,19,79.02125,19,open,False,True,False
-1.19,19,79.027197,19,open,False,True,False
-1.17,17,79.032283,17,open,False,True,False
-1.15,15,79.03696,15,closed,False,True,False
-1.15,15,79.04162,15,open,False,True,False
-1.15,15,79.046197,15,open,False,True,False
-1.15,15,79.050898,15,open,False,True,False
-1.17,17,79.056032,17,open,False,True,False
-1.19,19,79.061796,19,open,False,True,False
-1.15,15,79.066477,15,closed,False,True,False
-1.19,19,79.072232,19,open,False,True,False
-1.17,17,79.07732,17,closed,False,True,False
-1.17,17,79.082431,17,open,False,True,False
-1.17,17,79.087734,17,open,False,True,False
-1.19,19,79.093436,19,closed,False,True,False
-1.17,17,79.098653,17,open,False,True,False
-1.19,19,79.104446,19,closed,False,True,False
-1.15,15,79.109129,15,open,False,True,False
-1.17,17,79.114245,17,closed,False,True,False
-1.17,17,79.119482,17,closed,False,True,False
-1.19,19,79.125114,19,open,False,True,False
-1.19,19,79.130928,19,closed,False,True,False
-1.17,17,79.136142,17,open,False,True,False
-1.15,15,79.140824,15,closed,False,True,False
-1.15,15,79.145394,15,open,False,True,False
-1.17,17,79.150734,17,closed,False,True,False
-1.17,17,79.156007,17,open,False,True,False
-1.15,15,79.160595,15,open,False,True,False
-1.19,19,79.166434,19,open,False,True,False
-1.17,17,79.171697,17,closed,False,True,False
-1.19,19,79.177327,19,open,False,True,False
-1.15,15,79.181947,15,open,False,True,False
-1.19,19,79.187736,19,open,False,True,False
-1.19,19,79.1935,19,closed,False,True,False
-1.15,15,79.19803,15,open,False,True,False
-1.15,15,79.202709,15,open,False,True,False
-1.17,17,79.207947,17,open,False,True,False
-1.17,17,79.213063,17,open,False,True,False
-1.19,19,79.219097,19,open,False,True,False
-1.19,19,79.224905,19,closed,False,True,False
-1.17,17,79.230236,17,open,False,True,False
-1.17,17,79.235413,17,closed,False,True,False
-1.17,17,79.240649,17,closed,False,True,False
-1.19,19,79.246459,19,closed,False,True,False
-1.15,15,79.251056,15,open,False,True,False
-1.17,17,79.256311,17,open,False,True,False
-1.17,17,79.261587,17,open,False,True,False
-1.19,19,79.267344,19,closed,False,True,False
-1.17,17,79.272449,17,closed,False,True,False
-1.17,17,79.277645,17,open,False,True,False
-1.17,17,79.282829,17,closed,False,True,False
-1.19,19,79.288723,19,open,False,True,False
-1.15,15,79.293382,15,open,False,True,False
-1.15,15,79.297938,15,closed,False,True,False
-1.19,19,79.303668,19,open,False,True,False
-1.19,19,79.309593,19,open,False,True,False
-1.17,17,79.314692,17,open,False,True,False
-1.19,19,79.320484,19,closed,False,True,False
-1.15,15,79.325127,15,closed,False,True,False
-1.15,15,79.329902,15,open,False,True,False
-1.17,17,79.335009,17,open,False,True,False
-1.15,15,79.339724,15,open,False,True,False
-1.19,19,79.345508,19,closed,False,True,False
-1.19,19,79.351324,19,closed,False,True,False
-1.17,17,79.356403,17,open,False,True,False
-1.17,17,79.361621,17,closed,False,True,False
-1.15,15,79.51884,15,open,False,True,False
-1.17,17,79.524312,17,closed,False,True,False
-1.15,15,79.52909,15,closed,False,True,False
-1.17,17,79.534714,17,open,False,True,False
-1.15,15,79.539786,15,closed,False,True,False
-1.17,17,79.544945,17,open,False,True,False
-1.17,17,79.550211,17,open,False,True,False
-1.15,15,79.555417,15,closed,False,True,False
-1.15,15,79.560066,15,closed,False,True,False
-1.19,19,79.565816,19,open,False,True,False
-1.17,17,79.571734,17,closed,False,True,False
-1.15,15,79.576417,15,open,False,True,False
-1.15,15,79.580971,15,closed,False,True,False
-1.19,19,79.587297,19,open,False,True,False
-1.15,15,79.592171,15,closed,False,True,False
-1.17,17,79.597422,17,open,False,True,False
-1.19,19,79.603771,19,closed,False,True,False
-1.17,17,79.60912,17,closed,False,True,False
-1.17,17,79.614496,17,open,False,True,False
-1.19,19,79.620802,19,open,False,True,False
-1.15,15,79.6256,15,closed,False,True,False
-1.15,15,79.630188,15,closed,False,True,False
-1.15,15,79.635284,15,open,False,True,False
-1.17,17,79.640621,17,open,False,True,False
-1.19,19,79.646539,19,closed,False,True,False
-1.15,15,79.651637,15,closed,False,True,False
-1.17,17,79.657022,17,open,False,True,False
-1.15,15,79.661794,15,open,False,True,False
-1.15,15,79.666445,15,closed,False,True,False
-1.15,15,79.671234,15,open,False,True,False
-1.15,15,79.675941,15,open,False,True,False
-1.17,17,79.681181,17,closed,False,True,False
-1.19,19,79.687835,19,open,False,True,False
-1.15,15,79.69267,15,open,False,True,False
-1.19,19,79.698339,19,open,False,True,False
-1.17,17,79.704745,17,open,False,True,False
-1.19,19,79.710562,19,open,False,True,False
-1.19,19,79.71629,19,closed,False,True,False
-1.19,19,79.72198,19,closed,False,True,False
-1.19,19,79.727782,19,open,False,True,False
-1.19,19,79.733558,19,closed,False,True,False
-1.19,19,79.739393,19,closed,False,True,False
-1.15,15,79.744111,15,open,False,True,False
-1.17,17,79.74926,17,open,False,True,False
-1.19,19,79.755078,19,open,False,True,False
-1.15,15,79.759778,15,closed,False,True,False
-1.15,15,79.764476,15,open,False,True,False
-1.19,19,79.770342,19,closed,False,True,False
-1.15,15,79.774927,15,closed,False,True,False
-1.15,15,79.779639,15,open,False,True,False
-1.19,19,79.785397,19,closed,False,True,False
-1.15,15,79.790027,15,open,False,True,False
-1.19,19,79.795842,19,closed,False,True,False
-1.15,15,79.80048,15,closed,False,True,False
-1.17,17,79.805666,17,open,False,True,False
-1.15,15,79.81041,15,open,False,True,False
-1.19,19,79.816098,19,open,False,True,False
-1.15,15,79.82081,15,closed,False,True,False
-1.19,19,79.826551,19,open,False,True,False
-1.17,17,79.831798,17,open,False,True,False
-1.17,17,79.837073,17,open,False,True,False
-1.19,19,79.842903,19,open,False,True,False
-1.19,19,79.848599,19,open,False,True,False
-1.19,19,79.854325,19,closed,False,True,False
-1.17,17,79.859666,17,closed,False,True,False
-1.17,17,79.864815,17,closed,False,True,False
-1.17,17,79.8742,17,closed,False,True,False
-1.15,15,79.878708,15,open,False,True,False
-1.15,15,79.883241,15,closed,False,True,False
-1.19,19,79.888854,19,closed,False,True,False
-1.15,15,79.893427,15,open,False,True,False
-1.17,17,79.898494,17,closed,False,True,False
-1.17,17,79.903635,17,open,False,True,False
-1.17,17,79.908783,17,open,False,True,False
-1.15,15,79.913245,15,open,False,True,False
-1.15,15,79.91782,15,closed,False,True,False
-1.17,17,79.922973,17,open,False,True,False
-1.15,15,79.927489,15,closed,False,True,False
-1.17,17,79.932442,17,open,False,True,False
-1.17,17,79.937639,17,closed,False,True,False
-1.15,15,79.942121,15,closed,False,True,False
-1.19,19,79.947849,19,open,False,True,False
-1.15,15,79.952367,15,open,False,True,False
-1.15,15,79.956954,15,closed,False,True,False
-1.15,15,79.961432,15,open,False,True,False
-1.15,15,79.965984,15,open,False,True,False
-1.17,17,79.971136,17,open,False,True,False
-1.17,17,79.976223,17,closed,False,True,False
-1.15,15,79.980752,15,open,False,True,False
-1.19,19,79.986467,19,closed,False,True,False
-1.15,15,79.991145,15,closed,False,True,False
-1.17,17,79.996241,17,open,False,True,False
-1.19,19,80.001901,19,closed,False,True,False
-1.15,15,80.006499,15,open,False,True,False
-1.15,15,80.011049,15,closed,False,True,False
-1.17,17,80.016212,17,open,False,True,False
-1.19,19,80.021933,19,closed,False,True,False
-1.17,17,80.027058,17,closed,False,True,False
-1.19,19,80.032717,19,closed,False,True,False
-1.19,19,80.038473,19,open,False,True,False
-1.17,17,80.043616,17,open,False,True,False
-1.19,19,80.04923,19,open,False,True,False
-1.17,17,80.054353,17,closed,False,True,False
-1.15,15,80.058805,15,closed,False,True,False
-1.17,17,80.063968,17,open,False,True,False
-1.19,19,80.069703,19,open,False,True,False
-1.17,17,80.074764,17,open,False,True,False
-1.19,19,80.080331,19,open,False,True,False
-1.19,19,80.08597,19,open,False,True,False
-1.15,15,80.090447,15,open,False,True,False
-1.15,15,80.095057,15,open,False,True,False
-1.15,15,80.099635,15,closed,False,True,False
-1.17,17,80.104782,17,closed,False,True,False
-1.19,19,80.110453,19,open,False,True,False
-1.15,15,80.115121,15,open,False,True,False
-1.19,19,80.120829,19,open,False,True,False
-1.19,19,80.126541,19,closed,False,True,False
-1.17,17,80.13154,17,closed,False,True,False
-1.19,19,80.13723,19,open,False,True,False
-1.19,19,80.142849,19,open,False,True,False
-1.17,17,80.147962,17,open,False,True,False
-1.17,17,80.153107,17,closed,False,True,False
-1.15,15,80.321177,15,open,False,True,False
-1.19,19,80.327603,19,open,False,True,False
-1.19,19,80.333335,19,open,False,True,False
-1.17,17,80.338607,17,closed,False,True,False
-1.15,15,80.343282,15,closed,False,True,False
-1.15,15,80.348001,15,open,False,True,False
-1.17,17,80.353236,17,closed,False,True,False
-1.17,17,80.358427,17,open,False,True,False
-1.17,17,80.363691,17,closed,False,True,False
-1.19,19,80.369506,19,open,False,True,False
-1.19,19,80.375353,19,closed,False,True,False
-1.17,17,80.380533,17,open,False,True,False
-1.17,17,80.385817,17,open,False,True,False
-1.19,19,80.391666,19,open,False,True,False
-1.19,19,80.397539,19,closed,False,True,False
-1.17,17,80.402818,17,closed,False,True,False
-1.19,19,80.408671,19,open,False,True,False
-1.17,17,80.413936,17,closed,False,True,False
-1.15,15,80.418619,15,closed,False,True,False
-1.17,17,80.423822,17,closed,False,True,False
-1.17,17,80.428972,17,closed,False,True,False
-1.19,19,80.434726,19,open,False,True,False
-1.19,19,80.440534,19,closed,False,True,False
-1.19,19,80.446342,19,closed,False,True,False
-1.15,15,80.450938,15,open,False,True,False
-1.19,19,80.456832,19,closed,False,True,False
-1.15,15,80.461558,15,closed,False,True,False
-1.19,19,80.467375,19,closed,False,True,False
-1.15,15,80.472015,15,open,False,True,False
-1.15,15,80.476692,15,closed,False,True,False
-1.17,17,80.481869,17,closed,False,True,False
-1.15,15,80.486506,15,open,False,True,False
-1.19,19,80.492386,19,open,False,True,False
-1.19,19,80.498231,19,closed,False,True,False
-1.15,15,80.503013,15,open,False,True,False
-1.19,19,80.508857,19,open,False,True,False
-1.15,15,80.513594,15,open,False,True,False
-1.17,17,80.51884,17,closed,False,True,False
-1.15,15,80.523433,15,open,False,True,False
-1.17,17,80.528697,17,open,False,True,False
-1.19,19,80.534518,19,closed,False,True,False
-1.19,19,80.540284,19,closed,False,True,False
-1.17,17,80.545533,17,closed,False,True,False
-1.19,19,80.551372,19,closed,False,True,False
-1.19,19,80.557232,19,closed,False,True,False
-1.19,19,80.563055,19,closed,False,True,False
-1.15,15,80.567608,15,open,False,True,False
-1.17,17,80.572918,17,closed,False,True,False
-1.15,15,80.577525,15,closed,False,True,False
-1.15,15,80.582208,15,closed,False,True,False
-1.19,19,80.588037,19,closed,False,True,False
-1.19,19,80.59393,19,closed,False,True,False
-1.19,19,80.599771,19,closed,False,True,False
-1.17,17,80.604981,17,open,False,True,False
-1.17,17,80.610169,17,closed,False,True,False
-1.19,19,80.616015,19,open,False,True,False
-1.17,17,80.621281,17,open,False,True,False
-1.17,17,80.626675,17,closed,False,True,False
-1.15,15,80.631379,15,closed,False,True,False
-1.15,15,80.635965,15,closed,False,True,False
-1.17,17,80.641201,17,closed,False,True,False
-1.15,15,80.64571,15,open,False,True,False
-1.17,17,80.650865,17,closed,False,True,False
-1.17,17,80.65611,17,closed,False,True,False
-1.19,19,80.661861,19,closed,False,True,False
-1.19,19,80.667463,19,closed,False,True,False
-1.17,17,80.672584,17,open,False,True,False
-1.19,19,80.678309,19,open,False,True,False
-1.19,19,80.683927,19,open,False,True,False
-1.19,19,80.689727,19,closed,False,True,False
-1.17,17,80.694763,17,open,False,True,False
-1.17,17,80.699895,17,closed,False,True,False
-1.15,15,80.704515,15,open,False,True,False
-1.19,19,80.710315,19,open,False,True,False
-1.19,19,80.716076,19,open,False,True,False
-1.15,15,80.720579,15,open,False,True,False
-1.19,19,80.726214,19,closed,False,True,False
-1.17,17,80.731371,17,closed,False,True,False
-1.17,17,80.736528,17,open,False,True,False
-1.19,19,80.74227,19,closed,False,True,False
-1.17,17,80.747478,17,open,False,True,False
-1.15,15,80.752117,15,open,False,True,False
-1.17,17,80.757231,17,open,False,True,False
-1.19,19,80.762859,19,open,False,True,False
-1.17,17,80.768019,17,open,False,True,False
-1.19,19,80.773806,19,open,False,True,False
-1.19,19,80.779559,19,closed,False,True,False
-1.19,19,80.78555,19,open,False,True,False
-1.17,17,80.790723,17,open,False,True,False
-1.17,17,80.795913,17,open,False,True,False
-1.17,17,80.801094,17,open,False,True,False
-1.17,17,80.806317,17,open,False,True,False
-1.17,17,80.811495,17,open,False,True,False
-1.19,19,80.817265,19,closed,False,True,False
-1.17,17,80.82244,17,closed,False,True,False
-1.19,19,80.828135,19,closed,False,True,False
-1.17,17,80.83331,17,open,False,True,False
-1.17,17,80.838565,17,open,False,True,False
-1.17,17,80.843789,17,closed,False,True,False
-1.15,15,80.848263,15,closed,False,True,False
-1.19,19,80.85401,19,open,False,True,False
-1.19,19,80.859683,19,open,False,True,False
-1.19,19,80.865321,19,closed,False,True,False
-1.17,17,80.87054,17,closed,False,True,False
-1.15,15,80.87516,15,open,False,True,False
-1.15,15,80.879725,15,open,False,True,False
-1.15,15,80.884342,15,closed,False,True,False
-1.19,19,80.890069,19,open,False,True,False
-1.17,17,80.895222,17,open,False,True,False
-1.17,17,80.900234,17,open,False,True,False
-1.15,15,80.904855,15,closed,False,True,False
-1.17,17,80.910055,17,open,False,True,False
-1.19,19,80.915675,19,open,False,True,False
-1.15,15,80.920142,15,open,False,True,False
-1.19,19,80.925899,19,open,False,True,False
-1.17,17,80.930925,17,open,False,True,False
-1.19,19,80.93669,19,open,False,True,False
-1.17,17,80.941756,17,open,False,True,False
-1.17,17,81.098803,17,open,False,True,False
-1.17,17,81.10454,17,open,False,True,False
-1.19,19,81.110414,19,open,False,True,False
-1.19,19,81.116215,19,open,False,True,False
-1.19,19,81.122317,19,closed,False,True,False
-1.19,19,81.128114,19,closed,False,True,False
-1.15,15,81.132673,15,closed,False,True,False
-1.15,15,81.137363,15,closed,False,True,False
-1.19,19,81.143063,19,open,False,True,False
-1.15,15,81.147774,15,open,False,True,False
-1.19,19,81.154124,19,closed,False,True,False
-1.19,19,81.159979,19,closed,False,True,False
-1.17,17,81.16529,17,closed,False,True,False
-1.19,19,81.171554,19,open,False,True,False
-1.17,17,81.176719,17,open,False,True,False
-1.15,15,81.181326,15,open,False,True,False
-1.19,19,81.187334,19,open,False,True,False
-1.19,19,81.193042,19,closed,False,True,False
-1.17,17,81.198159,17,open,False,True,False
-1.19,19,81.204303,19,closed,False,True,False
-1.15,15,81.208964,15,closed,False,True,False
-1.15,15,81.213506,15,open,False,True,False
-1.17,17,81.218718,17,open,False,True,False
-1.17,17,81.223978,17,open,False,True,False
-1.19,19,81.229754,19,open,False,True,False
-1.17,17,81.234948,17,closed,False,True,False
-1.19,19,81.240758,19,closed,False,True,False
-1.17,17,81.245933,17,closed,False,True,False
-1.17,17,81.25112,17,open,False,True,False
-1.15,15,81.255926,15,open,False,True,False
-1.17,17,81.261065,17,closed,False,True,False
-1.19,19,81.266794,19,closed,False,True,False
-1.15,15,81.271479,15,closed,False,True,False
-1.17,17,81.27658,17,open,False,True,False
-1.19,19,81.282307,19,closed,False,True,False
-1.15,15,81.286979,15,open,False,True,False
-1.17,17,81.292135,17,closed,False,True,False
-1.15,15,81.296641,15,closed,False,True,False
-1.17,17,81.301841,17,open,False,True,False
-1.15,15,81.306504,15,open,False,True,False
-1.17,17,81.311659,17,open,False,True,False
-1.17,17,81.316788,17,closed,False,True,False
-1.17,17,81.321929,17,closed,False,True,False
-1.19,19,81.32764,19,open,False,True,False
-1.15,15,81.332172,15,closed,False,True,False
-1.15,15,81.336699,15,open,False,True,False
-1.19,19,81.342385,19,closed,False,True,False
-1.17,17,81.347663,17,closed,False,True,False
-1.19,19,81.353332,19,closed,False,True,False
-1.17,17,81.358445,17,open,False,True,False
-1.15,15,81.362942,15,closed,False,True,False
-1.19,19,81.368675,19,closed,False,True,False
-1.19,19,81.374484,19,closed,False,True,False
-1.19,19,81.380111,19,open,False,True,False
-1.19,19,81.385979,19,closed,False,True,False
-1.15,15,81.390524,15,closed,False,True,False
-1.17,17,81.395764,17,open,False,True,False
-1.17,17,81.40085,17,closed,False,True,False
-1.19,19,81.406663,19,open,False,True,False
-1.15,15,81.411327,15,open,False,True,False
-1.17,17,81.416461,17,closed,False,True,False
-1.15,15,81.42109,15,closed,False,True,False
-1.19,19,81.426852,19,open,False,True,False
-1.15,15,81.431453,15,open,False,True,False
-1.19,19,81.437235,19,closed,False,True,False
-1.15,15,81.443224,15,closed,False,True,False
-1.15,15,81.448174,15,closed,False,True,False
-1.17,17,81.453293,17,open,False,True,False
-1.17,17,81.45845,17,open,False,True,False
-1.19,19,81.464827,19,open,False,True,False
-1.15,15,81.469854,15,open,False,True,False
-1.17,17,81.475531,17,closed,False,True,False
-1.15,15,81.480395,15,closed,False,True,False
-1.15,15,81.484964,15,closed,False,True,False
-1.15,15,81.489583,15,closed,False,True,False
-1.19,19,81.495189,19,closed,False,True,False
-1.19,19,81.500929,19,closed,False,True,False
-1.17,17,81.506053,17,open,False,True,False
-1.15,15,81.510724,15,closed,False,True,False
-1.19,19,81.516385,19,open,False,True,False
-1.19,19,81.522167,19,open,False,True,False
-1.15,15,81.526694,15,open,False,True,False
-1.17,17,81.531839,17,open,False,True,False
-1.17,17,81.537039,17,open,False,True,False
-1.19,19,81.542823,19,closed,False,True,False
-1.19,19,81.548485,19,closed,False,True,False
-1.19,19,81.554217,19,closed,False,True,False
-1.15,15,81.558906,15,open,False,True,False
-1.19,19,81.564547,19,closed,False,True,False
-1.17,17,81.569736,17,closed,False,True,False
-1.19,19,81.57555,19,open,False,True,False
-1.17,17,81.580678,17,closed,False,True,False
-1.15,15,81.585184,15,open,False,True,False
-1.15,15,81.589859,15,open,False,True,False
-1.15,15,81.594517,15,closed,False,True,False
-1.19,19,81.60013,19,open,False,True,False
-1.19,19,81.605901,19,open,False,True,False
-1.19,19,81.61167,19,closed,False,True,False
-1.19,19,81.617277,19,closed,False,True,False
-1.17,17,81.622517,17,open,False,True,False
-1.19,19,81.628272,19,open,False,True,False
-1.15,15,81.632805,15,closed,False,True,False
-1.19,19,81.638649,19,open,False,True,False
-1.19,19,81.644377,19,open,False,True,False
-1.17,17,81.649455,17,open,False,True,False
-1.17,17,81.65469,17,open,False,True,False
-1.19,19,81.66054,19,closed,False,True,False
-1.19,19,81.666147,19,open,False,True,False
-1.15,15,81.670796,15,open,False,True,False
-1.15,15,81.675399,15,closed,False,True,False
-1.17,17,81.680445,17,closed,False,True,False
-1.17,17,81.685589,17,closed,False,True,False
-1.17,17,81.690665,17,closed,False,True,False
-1.15,15,81.695243,15,closed,False,True,False
-1.19,19,81.70092,19,closed,False,True,False
-1.19,19,81.70667,19,closed,False,True,False
-1.19,19,81.712392,19,open,False,True,False
-1.19,19,81.718147,19,open,False,True,False
-1.15,15,81.722656,15,closed,False,True,False
-1.19,19,81.879909,19,closed,False,True,False
-1.15,15,81.884694,15,open,False,True,False
-1.15,15,81.889333,15,open,False,True,False
-1.17,17,81.894506,17,closed,False,True,False
-1.19,19,81.900241,19,closed,False,True,False
-1.17,17,81.905444,17,closed,False,True,False
-1.15,15,81.910111,15,open,False,True,False
-1.19,19,81.91592,19,closed,False,True,False
-1.19,19,81.921646,19,closed,False,True,False
-1.17,17,81.926812,17,open,False,True,False
-1.19,19,81.932561,19,open,False,True,False
-1.19,19,81.9382,19,closed,False,True,False
-1.15,15,81.9428,15,open,False,True,False
-1.15,15,81.947438,15,open,False,True,False
-1.17,17,81.952527,17,closed,False,True,False
-1.15,15,81.95713,15,closed,False,True,False
-1.17,17,81.962299,17,open,False,True,False
-1.17,17,81.967408,17,closed,False,True,False
-1.17,17,81.972717,17,open,False,True,False
-1.19,19,81.978435,19,closed,False,True,False
-1.17,17,81.98366,17,open,False,True,False
-1.17,17,81.988796,17,closed,False,True,False
-1.15,15,81.993379,15,open,False,True,False
-1.19,19,81.999055,19,closed,False,True,False
-1.15,15,82.003732,15,closed,False,True,False
-1.15,15,82.008355,15,closed,False,True,False
-1.19,19,82.014029,19,open,False,True,False
-1.15,15,82.018702,15,closed,False,True,False
-1.19,19,82.024513,19,open,False,True,False
-1.15,15,82.029167,15,open,False,True,False
-1.19,19,82.034893,19,closed,False,True,False
-1.15,15,82.039637,15,closed,False,True,False
-1.19,19,82.045325,19,open,False,True,False
-1.19,19,82.051142,19,closed,False,True,False
-1.17,17,82.056325,17,closed,False,True,False
-1.15,15,82.060843,15,open,False,True,False
-1.17,17,82.065949,17,closed,False,True,False
-1.17,17,82.071146,17,open,False,True,False
-1.19,19,82.076929,19,closed,False,True,False
-1.17,17,82.082137,17,closed,False,True,False
-1.17,17,82.08737,17,closed,False,True,False
-1.17,17,82.092536,17,closed,False,True,False
-1.15,15,82.097059,15,open,False,True,False
-1.15,15,82.101687,15,closed,False,True,False
-1.19,19,82.107558,19,open,False,True,False
-1.17,17,82.112708,17,closed,False,True,False
-1.17,17,82.117832,17,closed,False,True,False
-1.19,19,82.12368,19,open,False,True,False
-1.17,17,82.128782,17,open,False,True,False
-1.19,19,82.134391,19,closed,False,True,False
-1.19,19,82.140142,19,closed,False,True,False
-1.19,19,82.145952,19,closed,False,True,False
-1.17,17,82.151065,17,closed,False,True,False
-1.19,19,82.15688,19,open,False,True,False
-1.19,19,82.162604,19,open,False,True,False
-1.19,19,82.168351,19,open,False,True,False
-1.19,19,82.174169,19,closed,False,True,False
-1.19,19,82.180038,19,open,False,True,False
-1.15,15,82.184574,15,open,False,True,False
-1.19,19,82.19031,19,closed,False,True,False
-1.17,17,82.195544,17,closed,False,True,False
-1.19,19,82.201219,19,open,False,True,False
-1.15,15,82.205747,15,closed,False,True,False
-1.15,15,82.210404,15,closed,False,True,False
-1.17,17,82.215526,17,closed,False,True,False
-1.17,17,82.220751,17,closed,False,True,False
-1.19,19,82.226555,19,closed,False,True,False
-1.15,15,82.231231,15,open,False,True,False
-1.17,17,82.236385,17,open,False,True,False
-1.19,19,82.242141,19,open,False,True,False
-1.15,15,82.246691,15,closed,False,True,False
-1.15,15,82.251311,15,closed,False,True,False
-1.19,19,82.25742,19,open,False,True,False
-1.17,17,82.262626,17,open,False,True,False
-1.19,19,82.268373,19,open,False,True,False
-1.17,17,82.273553,17,closed,False,True,False
-1.17,17,82.278656,17,open,False,True,False
-1.19,19,82.284344,19,closed,False,True,False
-1.17,17,82.289663,17,open,False,True,False
-1.17,17,82.294736,17,open,False,True,False
-1.15,15,82.299258,15,closed,False,True,False
-1.19,19,82.305011,19,closed,False,True,False
-1.19,19,82.310699,19,open,False,True,False
-1.15,15,82.315174,15,closed,False,True,False
-1.15,15,82.319789,15,closed,False,True,False
-1.19,19,82.325487,19,open,False,True,False
-1.17,17,82.330663,17,closed,False,True,False
-1.15,15,82.335303,15,open,False,True,False
-1.17,17,82.340466,17,open,False,True,False
-1.15,15,82.345074,15,closed,False,True,False
-1.19,19,82.350775,19,open,False,True,False
-1.17,17,82.356045,17,open,False,True,False
-1.17,17,82.361273,17,closed,False,True,False
-1.17,17,82.366495,17,open,False,True,False
-1.19,19,82.372163,19,closed,False,True,False
-1.15,15,82.376752,15,closed,False,True,False
-1.17,17,82.381999,17,closed,False,True,False
-1.15,15,82.386648,15,open,False,True,False
-1.19,19,82.392442,19,open,False,True,False
-1.17,17,82.397666,17,closed,False,True,False
-1.19,19,82.403446,19,closed,False,True,False
-1.15,15,82.4081,15,open,False,True,False
-1.19,19,82.41379,19,open,False,True,False
-1.17,17,82.418982,17,closed,False,True,False
-1.19,19,82.424732,19,open,False,True,False
-1.17,17,82.429903,17,closed,False,True,False
-1.17,17,82.434952,17,closed,False,True,False
-1.17,17,82.440129,17,closed,False,True,False
-1.17,17,82.445437,17,closed,False,True,False
-1.15,15,82.450051,15,open,False,True,False
-1.19,19,82.455773,19,closed,False,True,False
-1.15,15,82.460293,15,closed,False,True,False
-1.19,19,82.465955,19,open,False,True,False
-1.15,15,82.470573,15,open,False,True,False
-1.15,15,82.475129,15,open,False,True,False
-1.15,15,82.479803,15,open,False,True,False
-1.19,19,82.485564,19,closed,False,True,False
-1.19,19,82.491233,19,closed,False,True,False
-1.15,15,82.495883,15,closed,False,True,False
-1.17,17,82.655176,17,open,False,True,False
-1.19,19,82.661114,19,open,False,True,False
-1.17,17,82.666309,17,closed,False,True,False
-1.19,19,82.672071,19,open,False,True,False
-1.15,15,82.67669,15,open,False,True,False
-1.17,17,82.681827,17,closed,False,True,False
-1.19,19,82.687613,19,open,False,True,False
-1.17,17,82.692868,17,open,False,True,False
-1.19,19,82.698593,19,closed,False,True,False
-1.15,15,82.703292,15,closed,False,True,False
-1.19,19,82.709341,19,open,False,True,False
-1.19,19,82.715208,19,open,False,True,False
-1.15,15,82.719852,15,open,False,True,False
-1.19,19,82.725688,19,closed,False,True,False
-1.19,19,82.731401,19,open,False,True,False
-1.19,19,82.737487,19,open,False,True,False
-1.19,19,82.743292,19,closed,False,True,False
-1.15,15,82.748011,15,open,False,True,False
-1.19,19,82.753701,19,closed,False,True,False
-1.15,15,82.758381,15,open,False,True,False
-1.17,17,82.763638,17,closed,False,True,False
-1.17,17,82.768834,17,open,False,True,False
-1.15,15,82.773499,15,open,False,True,False
-1.19,19,82.779315,19,closed,False,True,False
-1.17,17,82.784538,17,closed,False,True,False
-1.15,15,82.789092,15,closed,False,True,False
-1.15,15,82.793703,15,closed,False,True,False
-1.19,19,82.799458,19,closed,False,True,False
-1.17,17,82.804701,17,closed,False,True,False
-1.15,15,82.809269,15,open,False,True,False
-1.19,19,82.815084,19,open,False,True,False
-1.19,19,82.820922,19,closed,False,True,False
-1.17,17,82.826184,17,open,False,True,False
-1.19,19,82.831861,19,open,False,True,False
-1.15,15,82.836415,15,closed,False,True,False
-1.17,17,82.841608,17,closed,False,True,False
-1.19,19,82.847374,19,closed,False,True,False
-1.19,19,82.85315,19,closed,False,True,False
-1.19,19,82.858831,19,open,False,True,False
-1.15,15,82.863402,15,open,False,True,False
-1.15,15,82.867919,15,open,False,True,False
-1.15,15,82.872601,15,open,False,True,False
-1.17,17,82.87774,17,open,False,True,False
-1.17,17,82.882939,17,closed,False,True,False
-1.15,15,82.887563,15,closed,False,True,False
-1.17,17,82.892788,17,closed,False,True,False
-1.19,19,82.898528,19,closed,False,True,False
-1.17,17,82.903748,17,open,False,True,False
-1.17,17,82.908987,17,closed,False,True,False
-1.17,17,82.914133,17,open,False,True,False
-1.17,17,82.919333,17,closed,False,True,False
-1.17,17,82.92448,17,closed,False,True,False
-1.17,17,82.929586,17,open,False,True,False
-1.15,15,82.934207,15,closed,False,True,False
-1.15,15,82.939172,15,closed,False,True,False
-1.19,19,82.945,19,closed,False,True,False
-1.19,19,82.95072,19,open,False,True,False
-1.19,19,82.956496,19,open,False,True,False
-1.17,17,82.961697,17,open,False,True,False
-1.19,19,82.967399,19,closed,False,True,False
-1.15,15,82.972114,15,open,False,True,False
-1.19,19,82.977798,19,closed,False,True,False
-1.17,17,82.982852,17,closed,False,True,False
-1.17,17,82.987993,17,open,False,True,False
-1.17,17,82.993224,17,closed,False,True,False
-1.17,17,82.998454,17,closed,False,True,False
-1.19,19,83.004075,19,closed,False,True,False
-1.15,15,83.008672,15,closed,False,True,False
-1.17,17,83.013731,17,open,False,True,False
-1.17,17,83.01875,17,closed,False,True,False
-1.17,17,83.023952,17,open,False,True,False
-1.19,19,83.029613,19,open,False,True,False
-1.19,19,83.035284,19,open,False,True,False
-1.19,19,83.041044,19,open,False,True,False
-1.19,19,83.046797,19,open,False,True,False
-1.15,15,83.05126,15,open,False,True,False
-1.15,15,83.055798,15,open,False,True,False
-1.17,17,83.061059,17,closed,False,True,False
-1.17,17,83.066199,17,closed,False,True,False
-1.19,19,83.07199,19,closed,False,True,False
-1.19,19,83.077791,19,closed,False,True,False
-1.15,15,83.082362,15,closed,False,True,False
-1.17,17,83.087551,17,closed,False,True,False
-1.19,19,83.09342,19,closed,False,True,False
-1.19,19,83.099086,19,open,False,True,False
-1.15,15,83.103592,15,open,False,True,False
-1.19,19,83.109274,19,open,False,True,False
-1.17,17,83.114467,17,closed,False,True,False
-1.15,15,83.119096,15,closed,False,True,False
-1.17,17,83.124419,17,open,False,True,False
-1.19,19,83.130181,19,open,False,True,False
-1.19,19,83.136161,19,open,False,True,False
-1.19,19,83.142135,19,closed,False,True,False
-1.17,17,83.147312,17,open,False,True,False
-1.19,19,83.153131,19,open,False,True,False
-1.15,15,83.157721,15,open,False,True,False
-1.17,17,83.162986,17,open,False,True,False
-1.15,15,83.167507,15,open,False,True,False
-1.17,17,83.172795,17,closed,False,True,False
-1.19,19,83.178624,19,closed,False,True,False
-1.15,15,83.183186,15,open,False,True,False
-1.17,17,83.18843,17,open,False,True,False
-1.19,19,83.194135,19,closed,False,True,False
-1.19,19,83.199755,19,closed,False,True,False
-1.15,15,83.204294,15,open,False,True,False
-1.19,19,83.209977,19,closed,False,True,False
-1.15,15,83.214489,15,closed,False,True,False
-1.19,19,83.220154,19,closed,False,True,False
-1.17,17,83.225321,17,closed,False,True,False
-1.19,19,83.231131,19,closed,False,True,False
-1.17,17,83.236314,17,closed,False,True,False
-1.17,17,83.241544,17,closed,False,True,False
-1.15,15,83.246129,15,open,False,True,False
-1.15,15,83.25088,15,closed,False,True,False
-1.15,15,83.255837,15,open,False,True,False
-1.19,19,83.261706,19,closed,False,True,False
-1.15,15,83.26634,15,closed,False,True,False
-1.15,15,83.270953,15,open,False,True,False
-1.19,19,83.276817,19,closed,False,True,False
-1.19,19,83.435902,19,closed,False,True,False
-1.19,19,83.443066,19,closed,False,True,False
-1.17,17,83.448572,17,closed,False,True,False
-1.19,19,83.454389,19,closed,False,True,False
-1.17,17,83.459668,17,open,False,True,False
-1.17,17,83.464802,17,open,False,True,False
-1.15,15,83.469379,15,closed,False,True,False
-1.19,19,83.475329,19,open,False,True,False
-1.17,17,83.48054,17,open,False,True,False
-1.17,17,83.485808,17,open,False,True,False
-1.17,17,83.491055,17,open,False,True,False
-1.15,15,83.495692,15,closed,False,True,False
-1.15,15,83.500226,15,closed,False,True,False
-1.19,19,83.505871,19,closed,False,True,False
-1.17,17,83.511116,17,open,False,True,False
-1.15,15,83.515797,15,closed,False,True,False
-1.17,17,83.521018,17,open,False,True,False
-1.19,19,83.52685,19,open,False,True,False
-1.19,19,83.532606,19,closed,False,True,False
-1.15,15,83.537377,15,closed,False,True,False
-1.15,15,83.54202,15,closed,False,True,False
-1.17,17,83.547254,17,closed,False,True,False
-1.19,19,83.553181,19,closed,False,True,False
-1.15,15,83.557796,15,open,False,True,False
-1.15,15,83.562376,15,open,False,True,False
-1.17,17,83.567457,17,closed,False,True,False
-1.19,19,83.573457,19,closed,False,True,False
-1.19,19,83.579159,19,closed,False,True,False
-1.17,17,83.584273,17,closed,False,True,False
-1.19,19,83.590128,19,open,False,True,False
-1.17,17,83.595363,17,closed,False,True,False
-1.15,15,83.599985,15,open,False,True,False
-1.17,17,83.605169,17,open,False,True,False
-1.15,15,83.609854,15,closed,False,True,False
-1.19,19,83.615558,19,open,False,True,False
-1.15,15,83.620212,15,closed,False,True,False
-1.17,17,83.62548,17,closed,False,True,False
-1.17,17,83.63065,17,open,False,True,False
-1.15,15,83.635262,15,closed,False,True,False
-1.19,19,83.641126,19,closed,False,True,False
-1.19,19,83.646838,19,closed,False,True,False
-1.17,17,83.652097,17,closed,False,True,False
-1.15,15,83.656942,15,open,False,True,False
-1.15,15,83.66152,15,closed,False,True,False
-1.19,19,83.667259,19,open,False,True,False
-1.19,19,83.673093,19,closed,False,True,False
-1.17,17,83.678279,17,open,False,True,False
-1.15,15,83.682852,15,closed,False,True,False
-1.17,17,83.688051,17,closed,False,True,False
-1.15,15,83.69282,15,open,False,True,False
-1.15,15,83.697333,15,open,False,True,False
-1.17,17,83.702572,17,closed,False,True,False
-1.15,15,83.707266,15,open,False,True,False
-1.17,17,83.712459,17,closed,False,True,False
-1.17,17,83.717672,17,open,False,True,False
-1.15,15,83.722268,15,closed,False,True,False
-1.19,19,83.727972,19,closed,False,True,False
-1.17,17,83.733066,17,open,False,True,False
-1.19,19,83.738994,19,closed,False,True,False
-1.19,19,83.744785,19,open,False,True,False
-1.19,19,83.750376,19,open,False,True,False
-1.15,15,83.755117,15,closed,False,True,False
-1.15,15,83.75975,15,open,False,True,False
-1.19,19,83.765454,19,closed,False,True,False
-1.19,19,83.7711,19,closed,False,True,False
-1.15,15,83.775944,15,open,False,True,False
-1.15,15,83.780558,15,closed,False,True,False
-1.19,19,83.786316,19,open,False,True,False
-1.15,15,83.791013,15,closed,False,True,False
-1.15,15,83.795737,15,open,False,True,False
-1.19,19,83.801415,19,closed,False,True,False
-1.15,15,83.806081,15,open,False,True,False
-1.15,15,83.8107,15,open,False,True,False
-1.17,17,83.815946,17,closed,False,True,False
-1.15,15,83.820619,15,open,False,True,False
-1.15,15,83.82521,15,open,False,True,False
-1.19,19,83.831035,19,closed,False,True,False
-1.17,17,83.836205,17,closed,False,True,False
-1.19,19,83.841911,19,open,False,True,False
-1.17,17,83.847101,17,closed,False,True,False
-1.15,15,83.851766,15,closed,False,True,False
-1.17,17,83.857,17,closed,False,True,False
-1.17,17,83.862177,17,open,False,True,False
-1.19,19,83.867924,19,open,False,True,False
-1.19,19,83.873755,19,open,False,True,False
-1.19,19,83.879474,19,open,False,True,False
-1.19,19,83.885112,19,open,False,True,False
-1.17,17,83.89037,17,closed,False,True,False
-1.17,17,83.895659,17,open,False,True,False
-1.17,17,83.900822,17,closed,False,True,False
-1.17,17,83.906006,17,open,False,True,False
-1.17,17,83.911411,17,closed,False,True,False
-1.17,17,83.916709,17,open,False,True,False
-1.19,19,83.922528,19,closed,False,True,False
-1.17,17,83.92778,17,closed,False,True,False
-1.17,17,83.932862,17,closed,False,True,False
-1.19,19,83.938937,19,closed,False,True,False
-1.19,19,83.944782,19,closed,False,True,False
-1.19,19,83.950525,19,closed,False,True,False
-1.15,15,83.955169,15,closed,False,True,False
-1.19,19,83.960925,19,closed,False,True,False
-1.15,15,83.965519,15,closed,False,True,False
-1.19,19,83.971252,19,closed,False,True,False
-1.15,15,83.975929,15,open,False,True,False
-1.17,17,83.981242,17,closed,False,True,False
-1.17,17,83.986459,17,open,False,True,False
-1.17,17,83.991695,17,open,False,True,False
-1.19,19,83.997565,19,open,False,True,False
-1.17,17,84.002674,17,closed,False,True,False
-1.15,15,84.007292,15,closed,False,True,False
-1.15,15,84.011969,15,closed,False,True,False
-1.19,19,84.017818,19,open,False,True,False
-1.15,15,84.022462,15,open,False,True,False
-1.17,17,84.027648,17,open,False,True,False
-1.17,17,84.03282,17,closed,False,True,False
-1.17,17,84.03818,17,closed,False,True,False
-1.19,19,84.044011,19,open,False,True,False
-1.19,19,84.049777,19,open,False,True,False
-1.19,19,84.05558,19,open,False,True,False
-1.15,15,84.060391,15,closed,False,True,False
-1.15,15,84.217628,15,open,False,True,False
-1.17,17,84.222997,17,closed,False,True,False
-1.17,17,84.228286,17,closed,False,True,False
-1.17,17,84.234129,17,closed,False,True,False
-1.17,17,84.239396,17,closed,False,True,False
-1.19,19,84.245174,19,open,False,True,False
-1.19,19,84.250927,19,open,False,True,False
-1.15,15,84.255512,15,closed,False,True,False
-1.17,17,84.260808,17,open,False,True,False
-1.15,15,84.265294,15,open,False,True,False
-1.15,15,84.269805,15,closed,False,True,False
-1.17,17,84.275125,17,closed,False,True,False
-1.15,15,84.279885,15,open,False,True,False
-1.19,19,84.285573,19,closed,False,True,False
-1.15,15,84.290224,15,open,False,True,False
-1.17,17,84.295513,17,open,False,True,False
-1.17,17,84.300793,17,open,False,True,False
-1.17,17,84.30598,17,open,False,True,False
-1.19,19,84.311718,19,open,False,True,False
-1.17,17,84.316791,17,closed,False,True,False
-1.19,19,84.322722,19,closed,False,True,False
-1.19,19,84.328431,19,closed,False,True,False
-1.19,19,84.334037,19,closed,False,True,False
-1.15,15,84.338851,15,open,False,True,False
-1.17,17,84.344138,17,closed,False,True,False
-1.15,15,84.348856,15,open,False,True,False
-1.17,17,84.354012,17,open,False,True,False
-1.17,17,84.359297,17,closed,False,True,False
-1.15,15,84.36396,15,closed,False,True,False
-1.17,17,84.369112,17,open,False,True,False
-1.15,15,84.373801,15,open,False,True,False
-1.17,17,84.378957,17,closed,False,True,False
-1.15,15,84.383621,15,open,False,True,False
-1.19,19,84.389396,19,closed,False,True,False
-1.17,17,84.394577,17,open,False,True,False
-1.19,19,84.400419,19,closed,False,True,False
-1.19,19,84.406078,19,closed,False,True,False
-1.19,19,84.411938,19,closed,False,True,False
-1.17,17,84.417057,17,open,False,True,False
-1.19,19,84.422979,19,open,False,True,False
-1.17,17,84.428155,17,open,False,True,False
-1.17,17,84.433398,17,closed,False,True,False
-1.15,15,84.438186,15,closed,False,True,False
-1.19,19,84.443984,19,open,False,True,False
-1.17,17,84.449192,17,open,False,True,False
-1.19,19,84.454916,19,closed,False,True,False
-1.15,15,84.459522,15,closed,False,True,False
-1.15,15,84.464203,15,closed,False,True,False
-1.17,17,84.469417,17,open,False,True,False
-1.17,17,84.474651,17,open,False,True,False
-1.15,15,84.479308,15,closed,False,True,False
-1.15,15,84.483897,15,closed,False,True,False
-1.15,15,84.488546,15,closed,False,True,False
-1.15,15,84.493176,15,closed,False,True,False
-1.19,19,84.498972,19,closed,False,True,False
-1.19,19,84.504859,19,closed,False,True,False
-1.15,15,84.509493,15,open,False,True,False
-1.19,19,84.515163,19,closed,False,True,False
-1.15,15,84.519803,15,closed,False,True,False
-1.15,15,84.524445,15,open,False,True,False
-1.17,17,84.529585,17,open,False,True,False
-1.19,19,84.535399,19,closed,False,True,False
-1.17,17,84.54087,17,closed,False,True,False
-1.17,17,84.546006,17,closed,False,True,False
-1.15,15,84.550518,15,open,False,True,False
-1.15,15,84.555097,15,open,False,True,False
-1.15,15,84.559719,15,closed,False,True,False
-1.19,19,84.565563,19,closed,False,True,False
-1.19,19,84.571189,19,closed,False,True,False
-1.19,19,84.576914,19,closed,False,True,False
-1.19,19,84.582757,19,closed,False,True,False
-1.15,15,84.587278,15,closed,False,True,False
-1.17,17,84.592465,17,closed,False,True,False
-1.17,17,84.597739,17,closed,False,True,False
-1.19,19,84.603524,19,open,False,True,False
-1.15,15,84.608096,15,closed,False,True,False
-1.15,15,84.612655,15,open,False,True,False
-1.15,15,84.617223,15,open,False,True,False
-1.15,15,84.621889,15,closed,False,True,False
-1.19,19,84.627654,19,open,False,True,False
-1.17,17,84.632872,17,open,False,True,False
-1.19,19,84.638587,19,closed,False,True,False
-1.15,15,84.643228,15,closed,False,True,False
-1.17,17,84.648314,17,closed,False,True,False
-1.19,19,84.654021,19,open,False,True,False
-1.17,17,84.65908,17,closed,False,True,False
-1.19,19,84.664692,19,open,False,True,False
-1.19,19,84.67028,19,open,False,True,False
-1.15,15,84.674822,15,open,False,True,False
-1.15,15,84.679285,15,closed,False,True,False
-1.15,15,84.683898,15,open,False,True,False
-1.15,15,84.688322,15,closed,False,True,False
-1.19,19,84.694142,19,closed,False,True,False
-1.15,15,84.698934,15,closed,False,True,False
-1.17,17,84.704151,17,open,False,True,False
-1.19,19,84.709843,19,closed,False,True,False
-1.19,19,84.715617,19,open,False,True,False
-1.15,15,84.720247,15,open,False,True,False
-1.17,17,84.725452,17,open,False,True,False
-1.17,17,84.730601,17,closed,False,True,False
-1.17,17,84.735633,17,open,False,True,False
-1.15,15,84.740388,15,open,False,True,False
-1.19,19,84.746177,19,open,False,True,False
-1.17,17,84.751155,17,closed,False,True,False
-1.17,17,84.756368,17,open,False,True,False
-1.17,17,84.761675,17,open,False,True,False
-1.15,15,84.766308,15,open,False,True,False
-1.15,15,84.770801,15,open,False,True,False
-1.17,17,84.775997,17,open,False,True,False
-1.15,15,84.780674,15,closed,False,True,False
-1.19,19,84.786515,19,closed,False,True,False
-1.17,17,84.791636,17,open,False,True,False
-1.15,15,84.796226,15,open,False,True,False
-1.17,17,84.801312,17,closed,False,True,False
-1.19,19,84.8071,19,open,False,True,False
-1.15,15,84.811589,15,open,False,True,False
-1.17,17,84.816703,17,closed,False,True,False
-1.17,17,84.821805,17,open,False,True,False
-1.15,15,84.826398,15,open,False,True,False
-1.17,17,84.831592,17,open,False,True,False
-1.15,15,84.836255,15,open,False,True,False
-1.17,17,84.84152,17,closed,False,True,False
-1.19,19,85.029197,19,closed,False,True,False
-1.19,19,85.035043,19,open,False,True,False
-1.15,15,85.042984,15,open,False,True,False
-1.17,17,85.048256,17,closed,False,True,False
-1.17,17,85.05375,17,closed,False,True,False
-1.19,19,85.05976,19,closed,False,True,False
-1.17,17,85.065025,17,closed,False,True,False
-1.15,15,85.06969,15,open,False,True,False
-1.17,17,85.074924,17,open,False,True,False
-1.15,15,85.079629,15,open,False,True,False
-1.19,19,85.08537,19,closed,False,True,False
-1.17,17,85.090616,17,closed,False,True,False
-1.15,15,85.095292,15,closed,False,True,False
-1.17,17,85.100549,17,closed,False,True,False
-1.19,19,85.106401,19,closed,False,True,False
-1.15,15,85.111094,15,open,False,True,False
-1.17,17,85.116223,17,open,False,True,False
-1.19,19,85.122092,19,closed,False,True,False
-1.17,17,85.127234,17,closed,False,True,False
-1.19,19,85.132977,19,open,False,True,False
-1.19,19,85.138779,19,open,False,True,False
-1.15,15,85.143508,15,open,False,True,False
-1.17,17,85.148751,17,closed,False,True,False
-1.15,15,85.15356,15,closed,False,True,False
-1.19,19,85.159388,19,open,False,True,False
-1.17,17,85.164579,17,closed,False,True,False
-1.15,15,85.169218,15,closed,False,True,False
-1.19,19,85.175071,19,closed,False,True,False
-1.19,19,85.180959,19,closed,False,True,False
-1.19,19,85.186789,19,open,False,True,False
-1.17,17,85.191994,17,open,False,True,False
-1.17,17,85.197196,17,open,False,True,False
-1.15,15,85.201901,15,open,False,True,False
-1.15,15,85.206662,15,closed,False,True,False
-1.17,17,85.211848,17,open,False,True,False
-1.17,17,85.217123,17,closed,False,True,False
-1.15,15,85.221749,15,closed,False,True,False
-1.15,15,85.226421,15,open,False,True,False
-1.17,17,85.23164,17,closed,False,True,False
-1.15,15,85.236456,15,open,False,True,False
-1.19,19,85.242328,19,closed,False,True,False
-1.19,19,85.248053,19,closed,False,True,False
-1.15,15,85.2527,15,closed,False,True,False
-1.19,19,85.258539,19,open,False,True,False
-1.19,19,85.264341,19,closed,False,True,False
-1.17,17,85.269555,17,closed,False,True,False
-1.19,19,85.275377,19,open,False,True,False
-1.19,19,85.281222,19,closed,False,True,False
-1.17,17,85.286573,17,open,False,True,False
-1.17,17,85.291899,17,open,False,True,False
-1.17,17,85.297185,17,closed,False,True,False
-1.15,15,85.301878,15,closed,False,True,False
-1.15,15,85.30662,15,open,False,True,False
-1.19,19,85.312397,19,open,False,True,False
-1.17,17,85.317708,17,open,False,True,False
-1.15,15,85.322327,15,closed,False,True,False
-1.15,15,85.327021,15,open,False,True,False
-1.15,15,85.331635,15,closed,False,True,False
-1.19,19,85.337414,19,closed,False,True,False
-1.19,19,85.343325,19,closed,False,True,False
-1.17,17,85.348666,17,open,False,True,False
-1.15,15,85.353427,15,open,False,True,False
-1.15,15,85.358141,15,open,False,True,False
-1.19,19,85.36393,19,closed,False,True,False
-1.17,17,85.369111,17,closed,False,True,False
-1.19,19,85.374995,19,closed,False,True,False
-1.19,19,85.380833,19,closed,False,True,False
-1.15,15,85.385541,15,closed,False,True,False
-1.17,17,85.390739,17,open,False,True,False
-1.17,17,85.395939,17,open,False,True,False
-1.15,15,85.400613,15,closed,False,True,False
-1.15,15,85.405209,15,open,False,True,False
-1.19,19,85.411068,19,closed,False,True,False
-1.15,15,85.415703,15,open,False,True,False
-1.17,17,85.420958,17,open,False,True,False
-1.19,19,85.426861,19,open,False,True,False
-1.17,17,85.432081,17,open,False,True,False
-1.19,19,85.437924,19,open,False,True,False
-1.19,19,85.44374,19,open,False,True,False
-1.17,17,85.449072,17,open,False,True,False
-1.17,17,85.454286,17,open,False,True,False
-1.15,15,85.458996,15,open,False,True,False
-1.19,19,85.46473,19,closed,False,True,False
-1.15,15,85.469362,15,closed,False,True,False
-1.19,19,85.475337,19,closed,False,True,False
-1.19,19,85.481081,19,open,False,True,False
-1.19,19,85.486993,19,open,False,True,False
-1.15,15,85.491677,15,open,False,True,False
-1.15,15,85.496355,15,open,False,True,False
-1.15,15,85.501027,15,open,False,True,False
-1.19,19,85.506855,19,open,False,True,False
-1.19,19,85.512592,19,open,False,True,False
-1.17,17,85.517713,17,closed,False,True,False
-1.19,19,85.523418,19,closed,False,True,False
-1.15,15,85.52812,15,closed,False,True,False
-1.17,17,85.53325,17,open,False,True,False
-1.19,19,85.539067,19,closed,False,True,False
-1.15,15,85.543678,15,open,False,True,False
-1.15,15,85.548252,15,closed,False,True,False
-1.19,19,85.554067,19,open,False,True,False
-1.17,17,85.559283,17,open,False,True,False
-1.17,17,85.564563,17,open,False,True,False
-1.17,17,85.569918,17,closed,False,True,False
-1.17,17,85.575042,17,closed,False,True,False
-1.19,19,85.580737,19,closed,False,True,False
-1.15,15,85.585422,15,closed,False,True,False
-1.17,17,85.590714,17,open,False,True,False
-1.19,19,85.596464,19,open,False,True,False
-1.19,19,85.602194,19,open,False,True,False
-1.19,19,85.607977,19,open,False,True,False
-1.15,15,85.612665,15,closed,False,True,False
-1.15,15,85.617174,15,closed,False,True,False
-1.15,15,85.621913,15,closed,False,True,False
-1.17,17,85.627095,17,closed,False,True,False
-1.17,17,85.632374,17,closed,False,True,False
-1.15,15,85.637055,15,closed,False,True,False
-1.19,19,85.642814,19,closed,False,True,False
-1.15,15,85.647407,15,closed,False,True,False
-1.15,15,85.65201,15,open,False,True,False
-1.15,15,85.656729,15,closed,False,True,False
-1.17,17,85.85312,17,closed,False,True,False
-1.15,15,85.857935,15,closed,False,True,False
-1.15,15,85.86267,15,closed,False,True,False
-1.17,17,85.86797,17,closed,False,True,False
-1.15,15,85.872724,15,open,False,True,False
-1.15,15,85.877386,15,open,False,True,False
-1.19,19,85.883121,19,closed,False,True,False
-1.17,17,85.888434,17,open,False,True,False
-1.15,15,85.893123,15,open,False,True,False
-1.19,19,85.899003,19,closed,False,True,False
-1.15,15,85.903691,15,closed,False,True,False
-1.15,15,85.90837,15,closed,False,True,False
-1.15,15,85.913047,15,open,False,True,False
-1.15,15,85.917754,15,open,False,True,False
-1.15,15,85.922436,15,open,False,True,False
-1.15,15,85.927122,15,open,False,True,False
-1.19,19,85.932867,19,open,False,True,False
-1.19,19,85.938672,19,open,False,True,False
-1.19,19,85.944568,19,open,False,True,False
-1.19,19,85.950418,19,closed,False,True,False
-1.17,17,85.955694,17,closed,False,True,False
-1.15,15,85.960412,15,open,False,True,False
-1.15,15,85.965039,15,closed,False,True,False
-1.17,17,85.970188,17,closed,False,True,False
-1.19,19,85.976071,19,closed,False,True,False
-1.19,19,85.981848,19,closed,False,True,False
-1.15,15,85.986554,15,open,False,True,False
-1.17,17,85.99185,17,open,False,True,False
-1.17,17,85.997126,17,closed,False,True,False
-1.19,19,86.003066,19,closed,False,True,False
-1.15,15,86.007742,15,open,False,True,False
-1.19,19,86.013616,19,open,False,True,False
-1.19,19,86.019424,19,closed,False,True,False
-1.15,15,86.024169,15,closed,False,True,False
-1.19,19,86.029975,19,closed,False,True,False
-1.19,19,86.035879,19,open,False,True,False
-1.17,17,86.041094,17,closed,False,True,False
-1.15,15,86.045808,15,open,False,True,False
-1.17,17,86.051116,17,closed,False,True,False
-1.15,15,86.055838,15,open,False,True,False
-1.17,17,86.061093,17,open,False,True,False
-1.19,19,86.06689,19,open,False,True,False
-1.15,15,86.071561,15,closed,False,True,False
-1.19,19,86.077486,19,open,False,True,False
-1.15,15,86.082212,15,open,False,True,False
-1.17,17,86.087485,17,open,False,True,False
-1.15,15,86.092257,15,open,False,True,False
-1.19,19,86.098094,19,open,False,True,False
-1.15,15,86.102773,15,open,False,True,False
-1.17,17,86.108137,17,closed,False,True,False
-1.17,17,86.113461,17,open,False,True,False
-1.15,15,86.118042,15,open,False,True,False
-1.17,17,86.123363,17,closed,False,True,False
-1.17,17,86.12864,17,open,False,True,False
-1.19,19,86.134588,19,open,False,True,False
-1.19,19,86.14045,19,open,False,True,False
-1.17,17,86.145838,17,closed,False,True,False
-1.15,15,86.150441,15,open,False,True,False
-1.17,17,86.155713,17,open,False,True,False
-1.19,19,86.161502,19,closed,False,True,False
-1.19,19,86.167408,19,open,False,True,False
-1.15,15,86.172166,15,closed,False,True,False
-1.15,15,86.176809,15,closed,False,True,False
-1.17,17,86.182127,17,open,False,True,False
-1.17,17,86.187465,17,open,False,True,False
-1.19,19,86.193351,19,closed,False,True,False
-1.17,17,86.198655,17,open,False,True,False
-1.19,19,86.204538,19,open,False,True,False
-1.17,17,86.209819,17,closed,False,True,False
-1.15,15,86.214502,15,open,False,True,False
-1.15,15,86.219341,15,open,False,True,False
-1.17,17,86.22465,17,closed,False,True,False
-1.19,19,86.230441,19,open,False,True,False
-1.17,17,86.235767,17,closed,False,True,False
-1.19,19,86.241764,19,open,False,True,False
-1.17,17,86.246963,17,closed,False,True,False
-1.19,19,86.2529,19,open,False,True,False
-1.17,17,86.25817,17,open,False,True,False
-1.15,15,86.263046,15,open,False,True,False
-1.15,15,86.267672,15,closed,False,True,False
-1.17,17,86.272934,17,open,False,True,False
-1.19,19,86.278746,19,open,False,True,False
-1.17,17,86.283915,17,open,False,True,False
-1.19,19,86.289843,19,closed,False,True,False
-1.15,15,86.294606,15,closed,False,True,False
-1.15,15,86.299243,15,open,False,True,False
-1.15,15,86.303966,15,open,False,True,False
-1.17,17,86.309216,17,closed,False,True,False
-1.15,15,86.313927,15,open,False,True,False
-1.19,19,86.319854,19,open,False,True,False
-1.19,19,86.325781,19,open,False,True,False
-1.15,15,86.330406,15,open,False,True,False
-1.15,15,86.335086,15,closed,False,True,False
-1.17,17,86.340418,17,closed,False,True,False
-1.17,17,86.345676,17,open,False,True,False
-1.19,19,86.35146,19,open,False,True,False
-1.17,17,86.35677,17,closed,False,True,False
-1.19,19,86.362586,19,open,False,True,False
-1.17,17,86.367772,17,open,False,True,False
-1.17,17,86.373106,17,open,False,True,False
-1.17,17,86.378424,17,closed,False,True,False
-1.17,17,86.383685,17,closed,False,True,False
-1.19,19,86.389603,19,closed,False,True,False
-1.15,15,86.394238,15,open,False,True,False
-1.19,19,86.400131,19,open,False,True,False
-1.17,17,86.405447,17,closed,False,True,False
-1.19,19,86.411324,19,closed,False,True,False
-1.19,19,86.417202,19,closed,False,True,False
-1.15,15,86.421834,15,open,False,True,False
-1.17,17,86.42716,17,open,False,True,False
-1.17,17,86.432456,17,closed,False,True,False
-1.19,19,86.43837,19,closed,False,True,False
-1.15,15,86.44306,15,closed,False,True,False
-1.17,17,86.448382,17,open,False,True,False
-1.17,17,86.453834,17,open,False,True,False
-1.19,19,86.459804,19,closed,False,True,False
-1.17,17,86.465049,17,closed,False,True,False
-1.15,15,86.469797,15,closed,False,True,False
-1.17,17,86.475037,17,closed,False,True,False
-1.19,19,86.480781,19,closed,False,True,False
-1.15,15,86.485552,15,open,False,True,False
-1.19,19,86.667638,19,closed,False,True,False
-1.19,19,86.673631,19,closed,False,True,False
-1.19,19,86.679517,19,open,False,True,False
-1.15,15,86.684156,15,closed,False,True,False
-1.19,19,86.689994,19,closed,False,True,False
-1.17,17,86.695214,17,closed,False,True,False
-1.19,19,86.701068,19,closed,False,True,False
-1.17,17,86.706349,17,open,False,True,False
-1.15,15,86.711042,15,open,False,True,False
-1.17,17,86.716323,17,closed,False,True,False
-1.19,19,86.722244,19,closed,False,True,False
-1.15,15,86.726896,15,closed,False,True,False
-1.19,19,86.732622,19,open,False,True,False
-1.19,19,86.738372,19,open,False,True,False
-1.17,17,86.743662,17,closed,False,True,False
-1.17,17,86.748914,17,open,False,True,False
-1.19,19,86.754776,19,closed,False,True,False
-1.17,17,86.760026,17,closed,False,True,False
-1.15,15,86.764711,15,closed,False,True,False
-1.15,15,86.769301,15,open,False,True,False
-1.17,17,86.774613,17,closed,False,True,False
-1.19,19,86.780497,19,open,False,True,False
-1.17,17,86.785643,17,open,False,True,False
-1.17,17,86.79084,17,open,False,True,False
-1.19,19,86.79671,19,closed,False,True,False
-1.19,19,86.802624,19,closed,False,True,False
-1.15,15,86.807199,15,open,False,True,False
-1.17,17,86.812539,17,open,False,True,False
-1.15,15,86.817233,15,closed,False,True,False
-1.15,15,86.821969,15,closed,False,True,False
-1.15,15,86.826631,15,open,False,True,False
-1.19,19,86.832394,19,open,False,True,False
-1.17,17,86.837704,17,open,False,True,False
-1.17,17,86.842986,17,open,False,True,False
-1.17,17,86.848255,17,open,False,True,False
-1.17,17,86.853559,17,open,False,True,False
-1.19,19,86.859413,19,closed,False,True,False
-1.15,15,86.864025,15,closed,False,True,False
-1.19,19,86.869804,19,open,False,True,False
-1.17,17,86.875122,17,closed,False,True,False
-1.15,15,86.879775,15,open,False,True,False
-1.15,15,86.884441,15,closed,False,True,False
-1.19,19,86.890243,19,open,False,True,False
-1.19,19,86.896065,19,closed,False,True,False
-1.19,19,86.901935,19,open,False,True,False
-1.15,15,86.906631,15,closed,False,True,False
-1.19,19,86.912418,19,open,False,True,False
-1.15,15,86.917135,15,open,False,True,False
-1.17,17,86.922286,17,closed,False,True,False
-1.17,17,86.927516,17,open,False,True,False
-1.19,19,86.933343,19,closed,False,True,False
-1.15,15,86.937961,15,closed,False,True,False
-1.15,15,86.942613,15,open,False,True,False
-1.17,17,86.947867,17,closed,False,True,False
-1.19,19,86.953823,19,closed,False,True,False
-1.19,19,86.959624,19,open,False,True,False
-1.15,15,86.964251,15,open,False,True,False
-1.19,19,86.970046,19,open,False,True,False
-1.19,19,86.975845,19,open,False,True,False
-1.17,17,86.981091,17,closed,False,True,False
-1.17,17,86.986376,17,open,False,True,False
-1.17,17,86.991514,17,closed,False,True,False
-1.19,19,86.99729,19,closed,False,True,False
-1.17,17,87.002569,17,closed,False,True,False
-1.15,15,87.007147,15,closed,False,True,False
-1.19,19,87.012982,19,open,False,True,False
-1.17,17,87.018126,17,closed,False,True,False
-1.17,17,87.023344,17,open,False,True,False
-1.15,15,87.02802,15,closed,False,True,False
-1.17,17,87.033194,17,closed,False,True,False
-1.19,19,87.039127,19,open,False,True,False
-1.15,15,87.043766,15,open,False,True,False
-1.17,17,87.048898,17,closed,False,True,False
-1.17,17,87.054185,17,closed,False,True,False
-1.19,19,87.059951,19,closed,False,True,False
-1.15,15,87.064556,15,open,False,True,False
-1.15,15,87.069256,15,open,False,True,False
-1.17,17,87.07454,17,closed,False,True,False
-1.19,19,87.080313,19,open,False,True,False
-1.15,15,87.084989,15,closed,False,True,False
-1.19,19,87.090755,19,closed,False,True,False
-1.17,17,87.095902,17,closed,False,True,False
-1.17,17,87.101131,17,open,False,True,False
-1.15,15,87.105831,15,closed,False,True,False
-1.17,17,87.110957,17,closed,False,True,False
-1.15,15,87.115526,15,open,False,True,False
-1.19,19,87.121448,19,open,False,True,False
-1.15,15,87.126187,15,open,False,True,False
-1.19,19,87.131898,19,open,False,True,False
-1.15,15,87.13663,15,closed,False,True,False
-1.15,15,87.141275,15,closed,False,True,False
-1.17,17,87.146575,17,open,False,True,False
-1.15,15,87.151145,15,open,False,True,False
-1.15,15,87.155774,15,closed,False,True,False
-1.19,19,87.161711,19,closed,False,True,False
-1.15,15,87.166284,15,open,False,True,False
-1.15,15,87.170939,15,open,False,True,False
-1.15,15,87.175583,15,open,False,True,False
-1.19,19,87.181395,19,closed,False,True,False
-1.17,17,87.186601,17,closed,False,True,False
-1.17,17,87.191796,17,closed,False,True,False
-1.15,15,87.196409,15,closed,False,True,False
-1.19,19,87.202076,19,open,False,True,False
-1.15,15,87.206842,15,open,False,True,False
-1.15,15,87.211435,15,open,False,True,False
-1.15,15,87.21612,15,closed,False,True,False
-1.17,17,87.221632,17,closed,False,True,False
-1.15,15,87.22627,15,closed,False,True,False
-1.17,17,87.231412,17,closed,False,True,False
-1.19,19,87.237626,19,open,False,True,False
-1.17,17,87.242867,17,open,False,True,False
-1.17,17,87.248036,17,closed,False,True,False
-1.17,17,87.253472,17,closed,False,True,False
-1.15,15,87.258086,15,closed,False,True,False
-1.17,17,87.263298,17,open,False,True,False
-1.15,15,87.267869,15,closed,False,True,False
-1.17,17,87.272991,17,open,False,True,False
-1.15,15,87.277646,15,open,False,True,False
-1.19,19,87.283338,19,open,False,True,False
-1.19,19,87.289184,19,open,False,True,False
-1.17,17,87.294352,17,open,False,True,False
-1.15,15,87.451733,15,open,False,True,False
-1.15,15,87.456494,15,open,False,True,False
-1.15,15,87.461274,15,open,False,True,False
-1.15,15,87.465854,15,open,False,True,False
-1.19,19,87.471709,19,open,False,True,False
-1.17,17,87.476828,17,open,False,True,False
-1.15,15,87.48149,15,closed,False,True,False
-1.17,17,87.486896,17,closed,False,True,False
-1.19,19,87.492762,19,open,False,True,False
-1.19,19,87.498462,19,open,False,True,False
-1.17,17,87.503781,17,open,False,True,False
-1.17,17,87.509125,17,closed,False,True,False
-1.19,19,87.514866,19,open,False,True,False
-1.15,15,87.519455,15,open,False,True,False
-1.15,15,87.524063,15,closed,False,True,False
-1.17,17,87.529425,17,open,False,True,False
-1.17,17,87.534743,17,open,False,True,False
-1.17,17,87.539983,17,closed,False,True,False
-1.17,17,87.545137,17,closed,False,True,False
-1.19,19,87.550968,19,closed,False,True,False
-1.17,17,87.556367,17,open,False,True,False
-1.15,15,87.560968,15,open,False,True,False
-1.17,17,87.566134,17,closed,False,True,False
-1.15,15,87.570791,15,open,False,True,False
-1.19,19,87.576573,19,closed,False,True,False
-1.19,19,87.582211,19,closed,False,True,False
-1.17,17,87.587574,17,closed,False,True,False
-1.19,19,87.593413,19,closed,False,True,False
-1.17,17,87.598519,17,open,False,True,False
-1.19,19,87.604374,19,closed,False,True,False
-1.17,17,87.609632,17,closed,False,True,False
-1.17,17,87.61486,17,closed,False,True,False
-1.19,19,87.620662,19,closed,False,True,False
-1.17,17,87.625944,17,closed,False,True,False
-1.15,15,87.630459,15,closed,False,True,False
-1.19,19,87.636222,19,closed,False,True,False
-1.15,15,87.640839,15,closed,False,True,False
-1.17,17,87.646164,17,open,False,True,False
-1.17,17,87.651349,17,open,False,True,False
-1.15,15,87.65596,15,closed,False,True,False
-1.19,19,87.661721,19,open,False,True,False
-1.19,19,87.667432,19,open,False,True,False
-1.19,19,87.673196,19,closed,False,True,False
-1.17,17,87.678502,17,closed,False,True,False
-1.17,17,87.68393,17,open,False,True,False
-1.15,15,87.688711,15,closed,False,True,False
-1.17,17,87.693869,17,closed,False,True,False
-1.17,17,87.699074,17,open,False,True,False
-1.17,17,87.704233,17,closed,False,True,False
-1.15,15,87.709009,15,open,False,True,False
-1.17,17,87.714151,17,open,False,True,False
-1.17,17,87.719397,17,open,False,True,False
-1.17,17,87.724643,17,closed,False,True,False
-1.17,17,87.729972,17,closed,False,True,False
-1.15,15,87.734495,15,closed,False,True,False
-1.15,15,87.739189,15,open,False,True,False
-1.15,15,87.743801,15,closed,False,True,False
-1.19,19,87.749661,19,closed,False,True,False
-1.17,17,87.75475,17,open,False,True,False
-1.19,19,87.760557,19,closed,False,True,False
-1.17,17,87.76566,17,closed,False,True,False
-1.19,19,87.771494,19,open,False,True,False
-1.17,17,87.776766,17,closed,False,True,False
-1.19,19,87.782542,19,open,False,True,False
-1.17,17,87.787808,17,closed,False,True,False
-1.19,19,87.7936,19,closed,False,True,False
-1.19,19,87.799305,19,closed,False,True,False
-1.19,19,87.804979,19,closed,False,True,False
-1.15,15,87.809638,15,open,False,True,False
-1.19,19,87.815573,19,closed,False,True,False
-1.15,15,87.820091,15,open,False,True,False
-1.15,15,87.824651,15,open,False,True,False
-1.15,15,87.829325,15,closed,False,True,False
-1.19,19,87.835098,19,closed,False,True,False
-1.15,15,87.839657,15,open,False,True,False
-1.15,15,87.844194,15,closed,False,True,False
-1.19,19,87.850085,19,open,False,True,False
-1.17,17,87.855185,17,closed,False,True,False
-1.15,15,87.859813,15,open,False,True,False
-1.19,19,87.865449,19,open,False,True,False
-1.19,19,87.871273,19,open,False,True,False
-1.15,15,87.875893,15,closed,False,True,False
-1.15,15,87.880548,15,open,False,True,False
-1.19,19,87.886144,19,closed,False,True,False
-1.19,19,87.891914,19,closed,False,True,False
-1.17,17,87.896956,17,open,False,True,False
-1.19,19,87.902722,19,closed,False,True,False
-1.17,17,87.907845,17,open,False,True,False
-1.17,17,87.913049,17,open,False,True,False
-1.17,17,87.918169,17,open,False,True,False
-1.15,15,87.922894,15,open,False,True,False
-1.19,19,87.928766,19,open,False,True,False
-1.17,17,87.933964,17,closed,False,True,False
-1.17,17,87.939288,17,open,False,True,False
-1.15,15,87.944008,15,closed,False,True,False
-1.15,15,87.948692,15,closed,False,True,False
-1.19,19,87.954371,19,closed,False,True,False
-1.15,15,87.959035,15,closed,False,True,False
-1.17,17,87.964146,17,open,False,True,False
-1.17,17,87.969401,17,open,False,True,False
-1.19,19,87.97522,19,open,False,True,False
-1.17,17,87.980371,17,open,False,True,False
-1.15,15,87.984973,15,closed,False,True,False
-1.19,19,87.990759,19,open,False,True,False
-1.17,17,87.995842,17,open,False,True,False
-1.19,19,88.001517,19,closed,False,True,False
-1.19,19,88.007256,19,closed,False,True,False
-1.17,17,88.012341,17,closed,False,True,False
-1.19,19,88.018029,19,closed,False,True,False
-1.17,17,88.023244,17,open,False,True,False
-1.19,19,88.029098,19,closed,False,True,False
-1.17,17,88.034215,17,open,False,True,False
-1.15,15,88.038853,15,closed,False,True,False
-1.15,15,88.04361,15,closed,False,True,False
-1.17,17,88.048774,17,closed,False,True,False
-1.15,15,88.053303,15,open,False,True,False
-1.17,17,88.058401,17,closed,False,True,False
-1.19,19,88.064089,19,closed,False,True,False
-1.19,19,88.069951,19,closed,False,True,False
-1.17,17,88.075099,17,open,False,True,False
-1.15,15,88.232653,15,open,False,True,False
-1.17,17,88.238681,17,open,False,True,False
-1.15,15,88.243565,15,open,False,True,False
-1.19,19,88.249248,19,open,False,True,False
-1.15,15,88.254343,15,open,False,True,False
-1.17,17,88.259877,17,open,False,True,False
-1.19,19,88.265618,19,open,False,True,False
-1.15,15,88.270817,15,open,False,True,False
-1.17,17,88.276053,17,open,False,True,False
-1.17,17,88.281174,17,closed,False,True,False
-1.17,17,88.286464,17,closed,False,True,False
-1.17,17,88.291719,17,closed,False,True,False
-1.19,19,88.297549,19,closed,False,True,False
-1.15,15,88.302104,15,closed,False,True,False
-1.15,15,88.306772,15,closed,False,True,False
-1.17,17,88.312059,17,closed,False,True,False
-1.15,15,88.316664,15,open,False,True,False
-1.15,15,88.32127,15,open,False,True,False
-1.19,19,88.327148,19,open,False,True,False
-1.17,17,88.332339,17,closed,False,True,False
-1.17,17,88.337626,17,open,False,True,False
-1.17,17,88.342809,17,open,False,True,False
-1.15,15,88.347315,15,open,False,True,False
-1.15,15,88.351946,15,open,False,True,False
-1.17,17,88.357242,17,open,False,True,False
-1.19,19,88.363179,19,open,False,True,False
-1.17,17,88.368402,17,closed,False,True,False
-1.19,19,88.374298,19,closed,False,True,False
-1.19,19,88.380002,19,open,False,True,False
-1.19,19,88.385815,19,open,False,True,False
-1.15,15,88.390354,15,open,False,True,False
-1.15,15,88.394926,15,open,False,True,False
-1.15,15,88.399535,15,open,False,True,False
-1.15,15,88.404076,15,open,False,True,False
-1.17,17,88.409573,17,closed,False,True,False
-1.17,17,88.414796,17,open,False,True,False
-1.19,19,88.420616,19,open,False,True,False
-1.19,19,88.426327,19,open,False,True,False
-1.15,15,88.431059,15,open,False,True,False
-1.17,17,88.436192,17,open,False,True,False
-1.19,19,88.441983,19,closed,False,True,False
-1.15,15,88.446756,15,open,False,True,False
-1.17,17,88.45214,17,open,False,True,False
-1.17,17,88.457506,17,open,False,True,False
-1.19,19,88.463238,19,open,False,True,False
-1.17,17,88.468425,17,closed,False,True,False
-1.17,17,88.473712,17,open,False,True,False
-1.17,17,88.47894,17,open,False,True,False
-1.17,17,88.484142,17,open,False,True,False
-1.17,17,88.489331,17,closed,False,True,False
-1.17,17,88.494482,17,closed,False,True,False
-1.17,17,88.499656,17,closed,False,True,False
-1.19,19,88.505444,19,closed,False,True,False
-1.17,17,88.510649,17,open,False,True,False
-1.17,17,88.515645,17,closed,False,True,False
-1.17,17,88.520681,17,open,False,True,False
-1.17,17,88.525959,17,closed,False,True,False
-1.15,15,88.530539,15,open,False,True,False
-1.17,17,88.535768,17,closed,False,True,False
-1.15,15,88.540432,15,closed,False,True,False
-1.15,15,88.545016,15,open,False,True,False
-1.19,19,88.550597,19,closed,False,True,False
-1.15,15,88.555253,15,open,False,True,False
-1.19,19,88.561058,19,closed,False,True,False
-1.17,17,88.566216,17,open,False,True,False
-1.17,17,88.571497,17,open,False,True,False
-1.19,19,88.577336,19,closed,False,True,False
-1.19,19,88.58309,19,open,False,True,False
-1.19,19,88.588773,19,closed,False,True,False
-1.19,19,88.594577,19,closed,False,True,False
-1.17,17,88.599646,17,open,False,True,False
-1.17,17,88.604861,17,closed,False,True,False
-1.17,17,88.610092,17,closed,False,True,False
-1.17,17,88.615186,17,open,False,True,False
-1.19,19,88.6211,19,open,False,True,False
-1.19,19,88.62677,19,closed,False,True,False
-1.19,19,88.6325,19,open,False,True,False
-1.19,19,88.638369,19,closed,False,True,False
-1.17,17,88.643599,17,closed,False,True,False
-1.19,19,88.649311,19,closed,False,True,False
-1.19,19,88.655149,19,closed,False,True,False
-1.17,17,88.660366,17,open,False,True,False
-1.19,19,88.66617,19,open,False,True,False
-1.19,19,88.671935,19,closed,False,True,False
-1.19,19,88.677609,19,closed,False,True,False
-1.15,15,88.682146,15,open,False,True,False
-1.15,15,88.686767,15,open,False,True,False
-1.17,17,88.692058,17,closed,False,True,False
-1.17,17,88.697235,17,open,False,True,False
-1.19,19,88.702981,19,open,False,True,False
-1.19,19,88.708817,19,open,False,True,False
-1.15,15,88.713564,15,closed,False,True,False
-1.17,17,88.71884,17,closed,False,True,False
-1.17,17,88.724192,17,closed,False,True,False
-1.17,17,88.729442,17,closed,False,True,False
-1.17,17,88.73463,17,open,False,True,False
-1.15,15,88.739246,15,open,False,True,False
-1.15,15,88.743873,15,closed,False,True,False
-1.15,15,88.748516,15,closed,False,True,False
-1.17,17,88.753737,17,closed,False,True,False
-1.19,19,88.759604,19,closed,False,True,False
-1.19,19,88.765302,19,open,False,True,False
-1.15,15,88.770006,15,open,False,True,False
-1.17,17,88.77518,17,closed,False,True,False
-1.17,17,88.780347,17,closed,False,True,False
-1.17,17,88.785619,17,closed,False,True,False
-1.17,17,88.790852,17,open,False,True,False
-1.19,19,88.79651,19,closed,False,True,False
-1.15,15,88.800975,15,open,False,True,False
-1.15,15,88.80553,15,closed,False,True,False
-1.15,15,88.810069,15,open,False,True,False
-1.17,17,88.815138,17,open,False,True,False
-1.15,15,88.819771,15,closed,False,True,False
-1.19,19,88.825616,19,open,False,True,False
-1.17,17,88.830714,17,open,False,True,False
-1.15,15,88.835306,15,open,False,True,False
-1.19,19,88.841095,19,open,False,True,False
-1.17,17,88.846199,17,closed,False,True,False
-1.17,17,88.851303,17,open,False,True,False
-1.19,19,88.857057,19,open,False,True,False
-1.19,19,89.015624,19,open,False,True,False
-1.19,19,89.021624,19,closed,False,True,False
-1.15,15,89.026281,15,closed,False,True,False
-1.19,19,89.032065,19,open,False,True,False
-1.15,15,89.036713,15,open,False,True,False
-1.15,15,89.041369,15,closed,False,True,False
-1.15,15,89.045991,15,open,False,True,False
-1.19,19,89.051836,19,closed,False,True,False
-1.15,15,89.056446,15,closed,False,True,False
-1.15,15,89.061209,15,closed,False,True,False
-1.19,19,89.066936,19,open,False,True,False
-1.19,19,89.072891,19,open,False,True,False
-1.17,17,89.078063,17,closed,False,True,False
-1.17,17,89.083262,17,closed,False,True,False
-1.15,15,89.087934,15,closed,False,True,False
-1.17,17,89.093174,17,closed,False,True,False
-1.15,15,89.097854,15,open,False,True,False
-1.17,17,89.103173,17,open,False,True,False
-1.15,15,89.107925,15,open,False,True,False
-1.15,15,89.112622,15,closed,False,True,False
-1.15,15,89.117155,15,open,False,True,False
-1.15,15,89.121943,15,closed,False,True,False
-1.17,17,89.127134,17,closed,False,True,False
-1.17,17,89.132436,17,open,False,True,False
-1.17,17,89.137717,17,open,False,True,False
-1.19,19,89.143595,19,open,False,True,False
-1.15,15,89.148326,15,open,False,True,False
-1.17,17,89.153768,17,closed,False,True,False
-1.17,17,89.159113,17,closed,False,True,False
-1.17,17,89.164478,17,open,False,True,False
-1.15,15,89.169181,15,open,False,True,False
-1.17,17,89.174466,17,closed,False,True,False
-1.19,19,89.180262,19,closed,False,True,False
-1.17,17,89.185581,17,closed,False,True,False
-1.15,15,89.190292,15,open,False,True,False
-1.15,15,89.195108,15,closed,False,True,False
-1.19,19,89.200873,19,closed,False,True,False
-1.15,15,89.205625,15,closed,False,True,False
-1.15,15,89.210373,15,open,False,True,False
-1.15,15,89.215056,15,closed,False,True,False
-1.17,17,89.220223,17,open,False,True,False
-1.17,17,89.225476,17,open,False,True,False
-1.17,17,89.230746,17,closed,False,True,False
-1.19,19,89.236598,19,open,False,True,False
-1.15,15,89.24134,15,open,False,True,False
-1.17,17,89.246548,17,open,False,True,False
-1.17,17,89.251757,17,closed,False,True,False
-1.19,19,89.257618,19,open,False,True,False
-1.15,15,89.262228,15,closed,False,True,False
-1.19,19,89.268254,19,open,False,True,False
-1.19,19,89.274151,19,open,False,True,False
-1.19,19,89.280015,19,closed,False,True,False
-1.17,17,89.285258,17,closed,False,True,False
-1.19,19,89.291031,19,closed,False,True,False
-1.15,15,89.29569,15,open,False,True,False
-1.17,17,89.300925,17,closed,False,True,False
-1.15,15,89.305679,15,open,False,True,False
-1.19,19,89.311464,19,open,False,True,False
-1.15,15,89.316157,15,closed,False,True,False
-1.19,19,89.321946,19,open,False,True,False
-1.19,19,89.327708,19,closed,False,True,False
-1.15,15,89.332451,15,open,False,True,False
-1.17,17,89.337763,17,closed,False,True,False
-1.17,17,89.343086,17,open,False,True,False
-1.15,15,89.347654,15,open,False,True,False
-1.15,15,89.352422,15,closed,False,True,False
-1.15,15,89.357139,15,open,False,True,False
-1.17,17,89.362333,17,closed,False,True,False
-1.17,17,89.367581,17,closed,False,True,False
-1.19,19,89.373485,19,open,False,True,False
-1.17,17,89.378785,17,open,False,True,False
-1.17,17,89.384055,17,closed,False,True,False
-1.19,19,89.389863,19,open,False,True,False
-1.15,15,89.394571,15,closed,False,True,False
-1.15,15,89.399137,15,open,False,True,False
-1.17,17,89.404521,17,closed,False,True,False
-1.15,15,89.409228,15,open,False,True,False
-1.17,17,89.414425,17,closed,False,True,False
-1.19,19,89.420182,19,closed,False,True,False
-1.15,15,89.424896,15,open,False,True,False
-1.15,15,89.429649,15,closed,False,True,False
-1.19,19,89.435374,19,closed,False,True,False
-1.15,15,89.440111,15,closed,False,True,False
-1.15,15,89.444728,15,closed,False,True,False
-1.15,15,89.449497,15,open,False,True,False
-1.15,15,89.454128,15,closed,False,True,False
-1.19,19,89.460132,19,closed,False,True,False
-1.17,17,89.465468,17,open,False,True,False
-1.19,19,89.471265,19,open,False,True,False
-1.17,17,89.476485,17,closed,False,True,False
-1.19,19,89.482316,19,open,False,True,False
-1.19,19,89.488225,19,open,False,True,False
-1.17,17,89.493473,17,open,False,True,False
-1.15,15,89.498229,15,closed,False,True,False
-1.17,17,89.503589,17,closed,False,True,False
-1.17,17,89.508926,17,closed,False,True,False
-1.19,19,89.514827,19,closed,False,True,False
-1.17,17,89.520025,17,closed,False,True,False
-1.19,19,89.525798,19,closed,False,True,False
-1.15,15,89.530412,15,closed,False,True,False
-1.17,17,89.535712,17,open,False,True,False
-1.17,17,89.540881,17,closed,False,True,False
-1.15,15,89.54556,15,open,False,True,False
-1.15,15,89.550288,15,open,False,True,False
-1.19,19,89.556141,19,open,False,True,False
-1.15,15,89.560811,15,closed,False,True,False
-1.15,15,89.565399,15,closed,False,True,False
-1.19,19,89.571157,19,open,False,True,False
-1.17,17,89.576451,17,open,False,True,False
-1.17,17,89.5817,17,open,False,True,False
-1.17,17,89.586977,17,open,False,True,False
-1.17,17,89.592188,17,closed,False,True,False
-1.15,15,89.596826,15,open,False,True,False
-1.15,15,89.601439,15,open,False,True,False
-1.19,19,89.607202,19,closed,False,True,False
-1.19,19,89.613115,19,open,False,True,False
-1.15,15,89.617795,15,closed,False,True,False
-1.15,15,89.622569,15,open,False,True,False
-1.15,15,89.627223,15,open,False,True,False
-1.15,15,89.63182,15,open,False,True,False
-1.19,19,89.637649,19,closed,False,True,False
-1.17,17,89.642826,17,open,False,True,False
-1.19,19,89.803531,19,closed,False,True,False
-1.19,19,89.80964,19,closed,False,True,False
-1.17,17,89.815046,17,closed,False,True,False
-1.19,19,89.821186,19,closed,False,True,False
-1.15,15,89.826129,15,open,False,True,False
-1.15,15,89.831045,15,closed,False,True,False
-1.15,15,89.835897,15,open,False,True,False
-1.19,19,89.842079,19,closed,False,True,False
-1.15,15,89.846943,15,open,False,True,False
-1.17,17,89.852345,17,closed,False,True,False
-1.19,19,89.858338,19,open,False,True,False
-1.19,19,89.864418,19,open,False,True,False
-1.17,17,89.86981,17,closed,False,True,False
-1.15,15,89.874547,15,closed,False,True,False
-1.19,19,89.880486,19,open,False,True,False
-1.17,17,89.885995,17,open,False,True,False
-1.17,17,89.89149,17,closed,False,True,False
-1.19,19,89.897428,19,open,False,True,False
-1.15,15,89.902226,15,open,False,True,False
-1.19,19,89.908321,19,closed,False,True,False
-1.19,19,89.914309,19,closed,False,True,False
-1.15,15,89.919148,15,open,False,True,False
-1.17,17,89.924744,17,open,False,True,False
-1.19,19,89.930865,19,closed,False,True,False
-1.17,17,89.93619,17,open,False,True,False
-1.15,15,89.941002,15,open,False,True,False
-1.19,19,89.947031,19,open,False,True,False
-1.15,15,89.95201,15,closed,False,True,False
-1.15,15,89.956912,15,open,False,True,False
-1.19,19,89.962794,19,closed,False,True,False
-1.15,15,89.967707,15,closed,False,True,False
-1.15,15,89.97257,15,closed,False,True,False
-1.15,15,89.97742,15,closed,False,True,False
-1.15,15,89.982142,15,closed,False,True,False
-1.19,19,89.988219,19,open,False,True,False
-1.17,17,89.993612,17,open,False,True,False
-1.17,17,89.99892,17,open,False,True,False
-1.17,17,90.004431,17,closed,False,True,False
-1.17,17,90.009895,17,open,False,True,False
-1.19,19,90.015895,19,closed,False,True,False
-1.19,19,90.022035,19,closed,False,True,False
-1.17,17,90.027596,17,open,False,True,False
-1.17,17,90.033091,17,open,False,True,False
-1.17,17,90.038454,17,closed,False,True,False
-1.19,19,90.044625,19,closed,False,True,False
-1.15,15,90.052364,15,open,False,True,False
-1.17,17,90.0577,17,open,False,True,False
-1.17,17,90.063085,17,closed,False,True,False
-1.15,15,90.067903,15,closed,False,True,False
-1.15,15,90.072721,15,open,False,True,False
-1.15,15,90.077598,15,closed,False,True,False
-1.19,19,90.08358,19,closed,False,True,False
-1.15,15,90.088509,15,open,False,True,False
-1.15,15,90.093388,15,closed,False,True,False
-1.17,17,90.098838,17,open,False,True,False
-1.15,15,90.103696,15,open,False,True,False
-1.17,17,90.109238,17,open,False,True,False
-1.17,17,90.11468,17,closed,False,True,False
-1.15,15,90.119514,15,open,False,True,False
-1.15,15,90.12424,15,closed,False,True,False
-1.15,15,90.12915,15,open,False,True,False
-1.15,15,90.134013,15,closed,False,True,False
-1.15,15,90.138887,15,open,False,True,False
-1.15,15,90.143642,15,closed,False,True,False
-1.19,19,90.149698,19,closed,False,True,False
-1.15,15,90.154584,15,open,False,True,False
-1.17,17,90.160059,17,open,False,True,False
-1.19,19,90.166276,19,closed,False,True,False
-1.17,17,90.171787,17,closed,False,True,False
-1.15,15,90.176653,15,open,False,True,False
-1.17,17,90.181964,17,open,False,True,False
-1.19,19,90.187967,19,open,False,True,False
-1.19,19,90.194038,19,closed,False,True,False
-1.15,15,90.198832,15,open,False,True,False
-1.19,19,90.204884,19,open,False,True,False
-1.19,19,90.210937,19,closed,False,True,False
-1.15,15,90.215733,15,open,False,True,False
-1.17,17,90.221142,17,open,False,True,False
-1.17,17,90.22676,17,closed,False,True,False
-1.15,15,90.23161,15,closed,False,True,False
-1.15,15,90.236531,15,open,False,True,False
-1.15,15,90.241328,15,closed,False,True,False
-1.19,19,90.247437,19,open,False,True,False
-1.17,17,90.252858,17,closed,False,True,False
-1.15,15,90.257574,15,closed,False,True,False
-1.17,17,90.262901,17,closed,False,True,False
-1.19,19,90.268986,19,closed,False,True,False
-1.17,17,90.274609,17,closed,False,True,False
-1.17,17,90.280045,17,open,False,True,False
-1.15,15,90.28485,15,open,False,True,False
-1.15,15,90.289901,15,open,False,True,False
-1.19,19,90.295852,19,closed,False,True,False
-1.15,15,90.300688,15,open,False,True,False
-1.17,17,90.306152,17,closed,False,True,False
-1.19,19,90.312235,19,open,False,True,False
-1.17,17,90.317661,17,closed,False,True,False
-1.19,19,90.323582,19,closed,False,True,False
-1.15,15,90.328523,15,open,False,True,False
-1.17,17,90.333947,17,open,False,True,False
-1.15,15,90.338892,15,open,False,True,False
-1.19,19,90.344808,19,open,False,True,False
-1.15,15,90.349636,15,closed,False,True,False
-1.15,15,90.354566,15,open,False,True,False
-1.17,17,90.359887,17,closed,False,True,False
-1.17,17,90.365231,17,open,False,True,False
-1.17,17,90.370712,17,open,False,True,False
-1.19,19,90.376744,19,open,False,True,False
-1.19,19,90.382637,19,open,False,True,False
-1.19,19,90.388777,19,closed,False,True,False
-1.17,17,90.394282,17,closed,False,True,False
-1.17,17,90.399696,17,open,False,True,False
-1.15,15,90.404376,15,open,False,True,False
-1.19,19,90.410439,19,open,False,True,False
-1.15,15,90.415274,15,closed,False,True,False
-1.17,17,90.420518,17,open,False,True,False
-1.19,19,90.426296,19,open,False,True,False
-1.19,19,90.43235,19,closed,False,True,False
-1.19,19,90.438175,19,open,False,True,False
-1.17,17,90.443573,17,closed,False,True,False
-1.17,17,90.448846,17,open,False,True,False
-1.15,15,90.453629,15,closed,False,True,False
-1.17,17,90.613248,17,closed,False,True,False
-1.17,17,90.618578,17,closed,False,True,False
-1.17,17,90.623918,17,closed,False,True,False
-1.19,19,90.62967,19,closed,False,True,False
-1.17,17,90.634745,17,open,False,True,False
-1.15,15,90.639346,15,closed,False,True,False
-1.15,15,90.644044,15,closed,False,True,False
-1.17,17,90.649203,17,closed,False,True,False
-1.19,19,90.655011,19,open,False,True,False
-1.17,17,90.660244,17,closed,False,True,False
-1.19,19,90.665936,19,open,False,True,False
-1.15,15,90.670516,15,open,False,True,False
-1.15,15,90.675107,15,closed,False,True,False
-1.15,15,90.67979,15,open,False,True,False
-1.19,19,90.685556,19,open,False,True,False
-1.19,19,90.691365,19,closed,False,True,False
-1.19,19,90.697052,19,open,False,True,False
-1.15,15,90.701542,15,closed,False,True,False
-1.15,15,90.706278,15,open,False,True,False
-1.19,19,90.712065,19,closed,False,True,False
-1.15,15,90.716692,15,closed,False,True,False
-1.17,17,90.721864,17,open,False,True,False
-1.19,19,90.727674,19,open,False,True,False
-1.17,17,90.73281,17,closed,False,True,False
-1.15,15,90.737415,15,open,False,True,False
-1.19,19,90.743335,19,open,False,True,False
-1.15,15,90.747881,15,open,False,True,False
-1.17,17,90.753114,17,open,False,True,False
-1.15,15,90.757737,15,open,False,True,False
-1.17,17,90.762848,17,closed,False,True,False
-1.17,17,90.76791,17,open,False,True,False
-1.15,15,90.772553,15,closed,False,True,False
-1.15,15,90.777095,15,open,False,True,False
-1.19,19,90.782851,19,open,False,True,False
-1.15,15,90.787478,15,closed,False,True,False
-1.15,15,90.792034,15,open,False,True,False
-1.17,17,90.797235,17,open,False,True,False
-1.15,15,90.801879,15,closed,False,True,False
-1.17,17,90.807026,17,closed,False,True,False
-1.19,19,90.812786,19,closed,False,True,False
-1.19,19,90.818485,19,open,False,True,False
-1.15,15,90.823025,15,open,False,True,False
-1.19,19,90.82864,19,open,False,True,False
-1.15,15,90.833134,15,open,False,True,False
-1.17,17,90.83834,17,closed,False,True,False
-1.17,17,90.843492,17,open,False,True,False
-1.19,19,90.849108,19,open,False,True,False
-1.17,17,90.85431,17,closed,False,True,False
-1.17,17,90.859555,17,closed,False,True,False
-1.19,19,90.865276,19,open,False,True,False
-1.19,19,90.87127,19,open,False,True,False
-1.15,15,90.875938,15,closed,False,True,False
-1.19,19,90.881661,19,open,False,True,False
-1.17,17,90.886929,17,open,False,True,False
-1.19,19,90.892568,19,open,False,True,False
-1.17,17,90.897782,17,open,False,True,False
-1.17,17,90.902979,17,open,False,True,False
-1.17,17,90.90814,17,open,False,True,False
-1.19,19,90.913751,19,closed,False,True,False
-1.15,15,90.918373,15,closed,False,True,False
-1.19,19,90.924083,19,closed,False,True,False
-1.19,19,90.929878,19,closed,False,True,False
-1.17,17,90.934955,17,closed,False,True,False
-1.17,17,90.940161,17,closed,False,True,False
-1.17,17,90.945265,17,open,False,True,False
-1.19,19,90.950934,19,closed,False,True,False
-1.17,17,90.955982,17,open,False,True,False
-1.15,15,90.960607,15,open,False,True,False
-1.19,19,90.966229,19,open,False,True,False
-1.19,19,90.971931,19,closed,False,True,False
-1.15,15,90.976577,15,closed,False,True,False
-1.17,17,90.981605,17,closed,False,True,False
-1.19,19,90.987365,19,closed,False,True,False
-1.17,17,90.992573,17,closed,False,True,False
-1.15,15,90.997073,15,open,False,True,False
-1.19,19,91.002824,19,closed,False,True,False
-1.15,15,91.00743,15,closed,False,True,False
-1.17,17,91.012491,17,open,False,True,False
-1.15,15,91.016991,15,closed,False,True,False
-1.15,15,91.021601,15,open,False,True,False
-1.17,17,91.026795,17,open,False,True,False
-1.19,19,91.032582,19,open,False,True,False
-1.17,17,91.037724,17,open,False,True,False
-1.19,19,91.043426,19,open,False,True,False
-1.19,19,91.049031,19,closed,False,True,False
-1.17,17,91.054099,17,open,False,True,False
-1.19,19,91.059839,19,closed,False,True,False
-1.19,19,91.065594,19,closed,False,True,False
-1.17,17,91.070723,17,open,False,True,False
-1.17,17,91.075961,17,closed,False,True,False
-1.19,19,91.08165,19,open,False,True,False
-1.19,19,91.08755,19,closed,False,True,False
-1.19,19,91.093251,19,open,False,True,False
-1.19,19,91.098891,19,closed,False,True,False
-1.15,15,91.103552,15,open,False,True,False
-1.19,19,91.109319,19,open,False,True,False
-1.17,17,91.114532,17,open,False,True,False
-1.15,15,91.119119,15,closed,False,True,False
-1.19,19,91.12478,19,open,False,True,False
-1.19,19,91.130549,19,open,False,True,False
-1.17,17,91.135701,17,open,False,True,False
-1.17,17,91.140925,17,closed,False,True,False
-1.15,15,91.145454,15,closed,False,True,False
-1.17,17,91.150668,17,open,False,True,False
-1.15,15,91.155315,15,open,False,True,False
-1.19,19,91.161009,19,closed,False,True,False
-1.17,17,91.166167,17,closed,False,True,False
-1.15,15,91.170821,15,open,False,True,False
-1.17,17,91.175948,17,open,False,True,False
-1.19,19,91.181678,19,open,False,True,False
-1.17,17,91.186872,17,closed,False,True,False
-1.15,15,91.191399,15,open,False,True,False
-1.17,17,91.196615,17,open,False,True,False
-1.15,15,91.201098,15,closed,False,True,False
-1.15,15,91.205753,15,open,False,True,False
-1.17,17,91.210913,17,open,False,True,False
-1.19,19,91.216629,19,open,False,True,False
-1.19,19,91.222382,19,open,False,True,False
-1.15,15,91.22692,15,open,False,True,False
-1.19,19,91.232514,19,open,False,True,False
-1.17,17,91.393011,17,open,False,True,False
-1.17,17,91.398326,17,open,False,True,False
-1.17,17,91.403701,17,open,False,True,False
-1.17,17,91.40896,17,open,False,True,False
-1.19,19,91.414669,19,closed,False,True,False
-1.17,17,91.419988,17,open,False,True,False
-1.17,17,91.425095,17,closed,False,True,False
-1.17,17,91.430209,17,closed,False,True,False
-1.17,17,91.435512,17,closed,False,True,False
-1.17,17,91.440884,17,open,False,True,False
-1.17,17,91.446087,17,closed,False,True,False
-1.19,19,91.451969,19,closed,False,True,False
-1.17,17,91.457168,17,closed,False,True,False
-1.17,17,91.462368,17,open,False,True,False
-1.19,19,91.468162,19,open,False,True,False
-1.17,17,91.473438,17,closed,False,True,False
-1.17,17,91.478544,17,open,False,True,False
-1.19,19,91.484461,19,closed,False,True,False
-1.17,17,91.489704,17,open,False,True,False
-1.19,19,91.495384,19,open,False,True,False
-1.19,19,91.50131,19,closed,False,True,False
-1.19,19,91.507802,19,closed,False,True,False
-1.19,19,91.513564,19,open,False,True,False
-1.17,17,91.519587,17,open,False,True,False
-1.19,19,91.525501,19,open,False,True,False
-1.19,19,91.531173,19,closed,False,True,False
-1.15,15,91.536016,15,open,False,True,False
-1.19,19,91.541717,19,open,False,True,False
-1.17,17,91.546875,17,open,False,True,False
-1.15,15,91.551534,15,open,False,True,False
-1.19,19,91.557244,19,open,False,True,False
-1.17,17,91.562469,17,open,False,True,False
-1.15,15,91.566964,15,open,False,True,False
-1.17,17,91.572085,17,open,False,True,False
-1.19,19,91.577782,19,open,False,True,False
-1.17,17,91.582906,17,closed,False,True,False
-1.17,17,91.588182,17,closed,False,True,False
-1.17,17,91.593389,17,closed,False,True,False
-1.19,19,91.599143,19,open,False,True,False
-1.15,15,91.60377,15,open,False,True,False
-1.15,15,91.608388,15,closed,False,True,False
-1.17,17,91.613637,17,open,False,True,False
-1.17,17,91.618784,17,closed,False,True,False
-1.19,19,91.624562,19,open,False,True,False
-1.17,17,91.629648,17,closed,False,True,False
-1.19,19,91.635343,19,closed,False,True,False
-1.17,17,91.640584,17,closed,False,True,False
-1.15,15,91.645131,15,closed,False,True,False
-1.19,19,91.65078,19,open,False,True,False
-1.15,15,91.65537,15,open,False,True,False
-1.15,15,91.660017,15,closed,False,True,False
-1.19,19,91.665653,19,closed,False,True,False
-1.17,17,91.670893,17,closed,False,True,False
-1.17,17,91.676034,17,open,False,True,False
-1.15,15,91.680516,15,closed,False,True,False
-1.15,15,91.685217,15,open,False,True,False
-1.17,17,91.690365,17,closed,False,True,False
-1.19,19,91.696176,19,open,False,True,False
-1.15,15,91.700715,15,closed,False,True,False
-1.17,17,91.705811,17,open,False,True,False
-1.19,19,91.711452,19,open,False,True,False
-1.15,15,91.71605,15,open,False,True,False
-1.17,17,91.721176,17,closed,False,True,False
-1.17,17,91.726228,17,closed,False,True,False
-1.19,19,91.731991,19,open,False,True,False
-1.15,15,91.736535,15,closed,False,True,False
-1.15,15,91.741013,15,open,False,True,False
-1.19,19,91.74676,19,closed,False,True,False
-1.15,15,91.75137,15,closed,False,True,False
-1.19,19,91.757141,19,closed,False,True,False
-1.15,15,91.761784,15,closed,False,True,False
-1.17,17,91.76685,17,open,False,True,False
-1.19,19,91.772525,19,closed,False,True,False
-1.15,15,91.77711,15,open,False,True,False
-1.19,19,91.782863,19,open,False,True,False
-1.15,15,91.787645,15,open,False,True,False
-1.19,19,91.79338,19,closed,False,True,False
-1.15,15,91.797998,15,open,False,True,False
-1.17,17,91.803113,17,closed,False,True,False
-1.17,17,91.808188,17,open,False,True,False
-1.19,19,91.813956,19,open,False,True,False
-1.19,19,91.819732,19,closed,False,True,False
-1.15,15,91.824286,15,closed,False,True,False
-1.15,15,91.828918,15,closed,False,True,False
-1.15,15,91.833447,15,closed,False,True,False
-1.19,19,91.839255,19,open,False,True,False
-1.19,19,91.845014,19,closed,False,True,False
-1.15,15,91.84959,15,closed,False,True,False
-1.19,19,91.855251,19,open,False,True,False
-1.17,17,91.860556,17,closed,False,True,False
-1.19,19,91.866321,19,open,False,True,False
-1.17,17,91.871591,17,closed,False,True,False
-1.17,17,91.876672,17,open,False,True,False
-1.19,19,91.882502,19,open,False,True,False
-1.15,15,91.887208,15,closed,False,True,False
-1.19,19,91.892907,19,closed,False,True,False
-1.19,19,91.89851,19,closed,False,True,False
-1.17,17,91.903775,17,closed,False,True,False
-1.19,19,91.909555,19,closed,False,True,False
-1.15,15,91.914091,15,open,False,True,False
-1.19,19,91.919853,19,closed,False,True,False
-1.15,15,91.924472,15,closed,False,True,False
-1.15,15,91.92906,15,closed,False,True,False
-1.15,15,91.933549,15,closed,False,True,False
-1.19,19,91.939267,19,open,False,True,False
-1.17,17,91.944599,17,open,False,True,False
-1.15,15,91.949236,15,closed,False,True,False
-1.17,17,91.954475,17,open,False,True,False
-1.15,15,91.959007,15,open,False,True,False
-1.17,17,91.964219,17,open,False,True,False
-1.15,15,91.968861,15,closed,False,True,False
-1.15,15,91.973387,15,closed,False,True,False
-1.15,15,91.977926,15,closed,False,True,False
-1.17,17,91.983095,17,open,False,True,False
-1.15,15,91.987834,15,open,False,True,False
-1.19,19,91.993658,19,open,False,True,False
-1.19,19,91.999346,19,closed,False,True,False
-1.17,17,92.004673,17,closed,False,True,False
-1.19,19,92.010412,19,open,False,True,False
-1.17,17,92.015562,17,closed,False,True,False
-1.19,19,92.177578,19,open,False,True,False
-1.19,19,92.183538,19,open,False,True,False
-1.17,17,92.188758,17,open,False,True,False
-1.19,19,92.194475,19,closed,False,True,False
-1.15,15,92.199047,15,closed,False,True,False
-1.19,19,92.204821,19,open,False,True,False
-1.17,17,92.21009,17,open,False,True,False
-1.19,19,92.215922,19,closed,False,True,False
-1.17,17,92.221116,17,open,False,True,False
-1.15,15,92.225846,15,closed,False,True,False
-1.19,19,92.231653,19,closed,False,True,False
-1.15,15,92.236225,15,open,False,True,False
-1.19,19,92.242044,19,closed,False,True,False
-1.15,15,92.246777,15,closed,False,True,False
-1.19,19,92.252517,19,closed,False,True,False
-1.17,17,92.257767,17,closed,False,True,False
-1.17,17,92.263004,17,open,False,True,False
-1.19,19,92.268807,19,open,False,True,False
-1.17,17,92.274089,17,closed,False,True,False
-1.15,15,92.278787,15,closed,False,True,False
-1.17,17,92.284063,17,closed,False,True,False
-1.19,19,92.289982,19,open,False,True,False
-1.17,17,92.295104,17,closed,False,True,False
-1.15,15,92.299685,15,open,False,True,False
-1.17,17,92.304922,17,open,False,True,False
-1.17,17,92.310145,17,closed,False,True,False
-1.19,19,92.315966,19,closed,False,True,False
-1.17,17,92.321164,17,open,False,True,False
-1.19,19,92.327013,19,open,False,True,False
-1.15,15,92.331646,15,open,False,True,False
-1.19,19,92.337441,19,open,False,True,False
-1.19,19,92.343267,19,open,False,True,False
-1.15,15,92.347974,15,open,False,True,False
-1.19,19,92.353644,19,open,False,True,False
-1.17,17,92.358874,17,closed,False,True,False
-1.19,19,92.364824,19,open,False,True,False
-1.15,15,92.369473,15,open,False,True,False
-1.15,15,92.374201,15,open,False,True,False
-1.19,19,92.380017,19,open,False,True,False
-1.19,19,92.385817,19,open,False,True,False
-1.15,15,92.390555,15,closed,False,True,False
-1.19,19,92.396486,19,open,False,True,False
-1.15,15,92.40113,15,open,False,True,False
-1.19,19,92.406938,19,closed,False,True,False
-1.17,17,92.412364,17,open,False,True,False
-1.17,17,92.417562,17,open,False,True,False
-1.19,19,92.423381,19,closed,False,True,False
-1.19,19,92.429227,19,closed,False,True,False
-1.19,19,92.434899,19,closed,False,True,False
-1.19,19,92.440715,19,closed,False,True,False
-1.19,19,92.446581,19,closed,False,True,False
-1.17,17,92.45187,17,closed,False,True,False
-1.17,17,92.457144,17,closed,False,True,False
-1.17,17,92.462238,17,closed,False,True,False
-1.19,19,92.468142,19,closed,False,True,False
-1.19,19,92.473951,19,closed,False,True,False
-1.15,15,92.478589,15,open,False,True,False
-1.17,17,92.483769,17,open,False,True,False
-1.17,17,92.488976,17,open,False,True,False
-1.15,15,92.493589,15,open,False,True,False
-1.15,15,92.498214,15,open,False,True,False
-1.17,17,92.503291,17,open,False,True,False
-1.15,15,92.508007,15,open,False,True,False
-1.19,19,92.513707,19,open,False,True,False
-1.19,19,92.519503,19,closed,False,True,False
-1.19,19,92.525319,19,closed,False,True,False
-1.17,17,92.530433,17,closed,False,True,False
-1.15,15,92.53494,15,open,False,True,False
-1.19,19,92.54066,19,open,False,True,False
-1.15,15,92.545266,15,closed,False,True,False
-1.17,17,92.550354,17,closed,False,True,False
-1.19,19,92.556123,19,closed,False,True,False
-1.17,17,92.561214,17,open,False,True,False
-1.17,17,92.566479,17,closed,False,True,False
-1.15,15,92.571044,15,open,False,True,False
-1.15,15,92.575624,15,open,False,True,False
-1.17,17,92.580825,17,closed,False,True,False
-1.19,19,92.586682,19,closed,False,True,False
-1.17,17,92.591922,17,closed,False,True,False
-1.19,19,92.597682,19,open,False,True,False
-1.19,19,92.603511,19,closed,False,True,False
-1.17,17,92.60879,17,open,False,True,False
-1.15,15,92.613419,15,closed,False,True,False
-1.15,15,92.617955,15,open,False,True,False
-1.17,17,92.623073,17,closed,False,True,False
-1.15,15,92.627734,15,closed,False,True,False
-1.19,19,92.633362,19,closed,False,True,False
-1.17,17,92.638579,17,open,False,True,False
-1.17,17,92.643976,17,closed,False,True,False
-1.15,15,92.648669,15,closed,False,True,False
-1.19,19,92.65452,19,open,False,True,False
-1.17,17,92.659671,17,open,False,True,False
-1.17,17,92.664744,17,open,False,True,False
-1.17,17,92.669915,17,closed,False,True,False
-1.17,17,92.675039,17,open,False,True,False
-1.15,15,92.679647,15,closed,False,True,False
-1.19,19,92.685316,19,closed,False,True,False
-1.15,15,92.690095,15,open,False,True,False
-1.19,19,92.695768,19,open,False,True,False
-1.19,19,92.701434,19,closed,False,True,False
-1.19,19,92.707285,19,open,False,True,False
-1.19,19,92.712983,19,closed,False,True,False
-1.17,17,92.718111,17,closed,False,True,False
-1.15,15,92.722655,15,open,False,True,False
-1.17,17,92.727839,17,open,False,True,False
-1.17,17,92.732892,17,closed,False,True,False
-1.15,15,92.737543,15,closed,False,True,False
-1.17,17,92.742683,17,open,False,True,False
-1.17,17,92.747846,17,closed,False,True,False
-1.19,19,92.753554,19,open,False,True,False
-1.15,15,92.758209,15,open,False,True,False
-1.17,17,92.763341,17,open,False,True,False
-1.17,17,92.768617,17,open,False,True,False
-1.17,17,92.773854,17,open,False,True,False
-1.19,19,92.779496,19,open,False,True,False
-1.17,17,92.78462,17,closed,False,True,False
-1.17,17,92.789862,17,closed,False,True,False
-1.19,19,92.795675,19,open,False,True,False
-1.19,19,92.954632,19,open,False,True,False
-1.15,15,92.959283,15,closed,False,True,False
-1.19,19,92.965105,19,open,False,True,False
-1.17,17,92.970351,17,open,False,True,False
-1.15,15,92.975033,15,open,False,True,False
-1.19,19,92.980696,19,open,False,True,False
-1.15,15,92.985326,15,closed,False,True,False
-1.15,15,92.989983,15,open,False,True,False
-1.19,19,92.995704,19,closed,False,True,False
-1.17,17,93.000756,17,closed,False,True,False
-1.17,17,93.005924,17,closed,False,True,False
-1.19,19,93.011639,19,open,False,True,False
-1.19,19,93.017353,19,closed,False,True,False
-1.17,17,93.022584,17,closed,False,True,False
-1.19,19,93.028262,19,open,False,True,False
-1.19,19,93.03391,19,closed,False,True,False
-1.19,19,93.039671,19,closed,False,True,False
-1.17,17,93.04475,17,closed,False,True,False
-1.19,19,93.050416,19,closed,False,True,False
-1.19,19,93.056192,19,open,False,True,False
-1.19,19,93.061798,19,open,False,True,False
-1.15,15,93.066388,15,closed,False,True,False
-1.19,19,93.072091,19,open,False,True,False
-1.17,17,93.077194,17,closed,False,True,False
-1.17,17,93.082391,17,closed,False,True,False
-1.15,15,93.087023,15,open,False,True,False
-1.19,19,93.092691,19,open,False,True,False
-1.17,17,93.097748,17,open,False,True,False
-1.17,17,93.102909,17,closed,False,True,False
-1.17,17,93.10806,17,open,False,True,False
-1.17,17,93.113146,17,closed,False,True,False
-1.19,19,93.118807,19,closed,False,True,False
-1.17,17,93.123926,17,open,False,True,False
-1.19,19,93.129678,19,open,False,True,False
-1.19,19,93.135341,19,open,False,True,False
-1.17,17,93.140507,17,open,False,True,False
-1.19,19,93.146225,19,open,False,True,False
-1.17,17,93.15149,17,closed,False,True,False
-1.15,15,93.156036,15,closed,False,True,False
-1.15,15,93.16065,15,open,False,True,False
-1.19,19,93.166342,19,open,False,True,False
-1.19,19,93.172094,19,open,False,True,False
-1.15,15,93.17674,15,closed,False,True,False
-1.17,17,93.181842,17,closed,False,True,False
-1.15,15,93.186344,15,closed,False,True,False
-1.19,19,93.192093,19,closed,False,True,False
-1.19,19,93.197754,19,open,False,True,False
-1.17,17,93.202949,17,closed,False,True,False
-1.15,15,93.207462,15,open,False,True,False
-1.17,17,93.21259,17,open,False,True,False
-1.19,19,93.218251,19,closed,False,True,False
-1.17,17,93.223314,17,open,False,True,False
-1.15,15,93.227911,15,closed,False,True,False
-1.17,17,93.23298,17,closed,False,True,False
-1.17,17,93.238255,17,closed,False,True,False
-1.15,15,93.24291,15,closed,False,True,False
-1.17,17,93.247966,17,open,False,True,False
-1.17,17,93.253052,17,closed,False,True,False
-1.15,15,93.257688,15,open,False,True,False
-1.19,19,93.263353,19,open,False,True,False
-1.17,17,93.268597,17,open,False,True,False
-1.15,15,93.273251,15,open,False,True,False
-1.17,17,93.278325,17,closed,False,True,False
-1.19,19,93.284044,19,closed,False,True,False
-1.17,17,93.289238,17,open,False,True,False
-1.17,17,93.294283,17,open,False,True,False
-1.15,15,93.29877,15,closed,False,True,False
-1.17,17,93.303813,17,open,False,True,False
-1.17,17,93.308877,17,closed,False,True,False
-1.15,15,93.31343,15,open,False,True,False
-1.19,19,93.319192,19,closed,False,True,False
-1.19,19,93.324842,19,open,False,True,False
-1.15,15,93.329339,15,open,False,True,False
-1.15,15,93.333895,15,closed,False,True,False
-1.15,15,93.338536,15,open,False,True,False
-1.15,15,93.343131,15,closed,False,True,False
-1.15,15,93.34768,15,closed,False,True,False
-1.17,17,93.352896,17,closed,False,True,False
-1.19,19,93.358618,19,closed,False,True,False
-1.17,17,93.363804,17,open,False,True,False
-1.19,19,93.369521,19,open,False,True,False
-1.15,15,93.37412,15,closed,False,True,False
-1.15,15,93.378742,15,open,False,True,False
-1.17,17,93.383927,17,closed,False,True,False
-1.19,19,93.389613,19,closed,False,True,False
-1.15,15,93.394145,15,closed,False,True,False
-1.19,19,93.399755,19,open,False,True,False
-1.17,17,93.404895,17,closed,False,True,False
-1.15,15,93.409476,15,closed,False,True,False
-1.17,17,93.414521,17,closed,False,True,False
-1.17,17,93.419627,17,open,False,True,False
-1.17,17,93.42482,17,closed,False,True,False
-1.19,19,93.430704,19,open,False,True,False
-1.17,17,93.435838,17,closed,False,True,False
-1.19,19,93.441519,19,closed,False,True,False
-1.15,15,93.446125,15,open,False,True,False
-1.17,17,93.451197,17,open,False,True,False
-1.19,19,93.456812,19,open,False,True,False
-1.17,17,93.461993,17,open,False,True,False
-1.17,17,93.467077,17,open,False,True,False
-1.19,19,93.472747,19,closed,False,True,False
-1.17,17,93.477807,17,closed,False,True,False
-1.19,19,93.483509,19,open,False,True,False
-1.17,17,93.488714,17,closed,False,True,False
-1.17,17,93.493772,17,closed,False,True,False
-1.19,19,93.499431,19,open,False,True,False
-1.15,15,93.504056,15,open,False,True,False
-1.19,19,93.509803,19,closed,False,True,False
-1.19,19,93.515598,19,closed,False,True,False
-1.17,17,93.520697,17,closed,False,True,False
-1.19,19,93.526397,19,closed,False,True,False
-1.17,17,93.531568,17,closed,False,True,False
-1.17,17,93.536743,17,open,False,True,False
-1.17,17,93.541928,17,closed,False,True,False
-1.15,15,93.546563,15,open,False,True,False
-1.19,19,93.552233,19,open,False,True,False
-1.19,19,93.558001,19,open,False,True,False
-1.19,19,93.563695,19,open,False,True,False
-1.17,17,93.568731,17,closed,False,True,False
-1.17,17,93.757715,17,closed,False,True,False
-1.19,19,93.763749,19,closed,False,True,False
-1.19,19,93.769618,19,closed,False,True,False
-1.19,19,93.775343,19,open,False,True,False
-1.17,17,93.780638,17,closed,False,True,False
-1.15,15,93.78541,15,open,False,True,False
-1.19,19,93.79122,19,open,False,True,False
-1.17,17,93.796418,17,open,False,True,False
-1.19,19,93.802307,19,open,False,True,False
-1.15,15,93.807005,15,closed,False,True,False
-1.17,17,93.812193,17,closed,False,True,False
-1.17,17,93.817458,17,open,False,True,False
-1.19,19,93.823313,19,open,False,True,False
-1.17,17,93.828497,17,closed,False,True,False
-1.19,19,93.834234,19,closed,False,True,False
-1.19,19,93.840078,19,open,False,True,False
-1.17,17,93.845436,17,open,False,True,False
-1.17,17,93.850738,17,open,False,True,False
-1.15,15,93.855524,15,open,False,True,False
-1.15,15,93.860159,15,closed,False,True,False
-1.19,19,93.865961,19,open,False,True,False
-1.19,19,93.871774,19,closed,False,True,False
-1.17,17,93.876965,17,closed,False,True,False
-1.17,17,93.882223,17,open,False,True,False
-1.19,19,93.887975,19,closed,False,True,False
-1.19,19,93.89388,19,open,False,True,False
-1.15,15,93.898608,15,closed,False,True,False
-1.17,17,93.903919,17,open,False,True,False
-1.19,19,93.909732,19,closed,False,True,False
-1.17,17,93.914914,17,open,False,True,False
-1.17,17,93.920213,17,closed,False,True,False
-1.15,15,93.924939,15,closed,False,True,False
-1.17,17,93.930123,17,open,False,True,False
-1.19,19,93.935939,19,closed,False,True,False
-1.17,17,93.94116,17,closed,False,True,False
-1.19,19,93.946941,19,closed,False,True,False
-1.19,19,93.95277,19,closed,False,True,False
-1.17,17,93.958016,17,closed,False,True,False
-1.19,19,93.963954,19,closed,False,True,False
-1.19,19,93.96973,19,open,False,True,False
-1.19,19,93.975502,19,closed,False,True,False
-1.15,15,93.980186,15,open,False,True,False
-1.17,17,93.985477,17,closed,False,True,False
-1.15,15,93.990216,15,open,False,True,False
-1.17,17,93.995409,17,closed,False,True,False
-1.19,19,94.001246,19,closed,False,True,False
-1.19,19,94.007082,19,open,False,True,False
-1.15,15,94.011777,15,closed,False,True,False
-1.17,17,94.016925,17,closed,False,True,False
-1.15,15,94.021519,15,closed,False,True,False
-1.19,19,94.027386,19,open,False,True,False
-1.17,17,94.032528,17,open,False,True,False
-1.15,15,94.03724,15,open,False,True,False
-1.15,15,94.041892,15,closed,False,True,False
-1.19,19,94.047666,19,closed,False,True,False
-1.17,17,94.052853,17,closed,False,True,False
-1.19,19,94.058727,19,closed,False,True,False
-1.17,17,94.063885,17,closed,False,True,False
-1.15,15,94.068658,15,closed,False,True,False
-1.17,17,94.073907,17,closed,False,True,False
-1.17,17,94.079076,17,closed,False,True,False
-1.17,17,94.084213,17,closed,False,True,False
-1.17,17,94.089458,17,open,False,True,False
-1.15,15,94.094148,15,closed,False,True,False
-1.19,19,94.099876,19,closed,False,True,False
-1.15,15,94.104627,15,closed,False,True,False
-1.15,15,94.109236,15,closed,False,True,False
-1.15,15,94.113925,15,closed,False,True,False
-1.19,19,94.119697,19,closed,False,True,False
-1.19,19,94.12548,19,closed,False,True,False
-1.17,17,94.130863,17,closed,False,True,False
-1.19,19,94.136653,19,open,False,True,False
-1.19,19,94.142444,19,open,False,True,False
-1.15,15,94.147173,15,open,False,True,False
-1.19,19,94.153059,19,closed,False,True,False
-1.15,15,94.157743,15,open,False,True,False
-1.17,17,94.16293,17,closed,False,True,False
-1.15,15,94.167639,15,closed,False,True,False
-1.19,19,94.17343,19,open,False,True,False
-1.19,19,94.179256,19,open,False,True,False
-1.19,19,94.185015,19,closed,False,True,False
-1.15,15,94.189808,15,open,False,True,False
-1.15,15,94.194447,15,closed,False,True,False
-1.19,19,94.200345,19,closed,False,True,False
-1.17,17,94.205575,17,closed,False,True,False
-1.19,19,94.211465,19,open,False,True,False
-1.15,15,94.216129,15,open,False,True,False
-1.15,15,94.220773,15,closed,False,True,False
-1.17,17,94.226059,17,open,False,True,False
-1.19,19,94.231918,19,open,False,True,False
-1.19,19,94.237756,19,closed,False,True,False
-1.19,19,94.243561,19,closed,False,True,False
-1.15,15,94.248163,15,closed,False,True,False
-1.15,15,94.252967,15,closed,False,True,False
-1.19,19,94.258912,19,open,False,True,False
-1.19,19,94.264677,19,open,False,True,False
-1.19,19,94.270427,19,closed,False,True,False
-1.17,17,94.27569,17,open,False,True,False
-1.17,17,94.28097,17,open,False,True,False
-1.19,19,94.286878,19,open,False,True,False
-1.17,17,94.292079,17,closed,False,True,False
-1.17,17,94.297363,17,open,False,True,False
-1.15,15,94.302099,15,closed,False,True,False
-1.17,17,94.307405,17,closed,False,True,False
-1.17,17,94.312716,17,open,False,True,False
-1.15,15,94.317293,15,closed,False,True,False
-1.15,15,94.321912,15,open,False,True,False
-1.17,17,94.327174,17,closed,False,True,False
-1.17,17,94.33234,17,open,False,True,False
-1.19,19,94.338151,19,open,False,True,False
-1.15,15,94.342916,15,open,False,True,False
-1.19,19,94.348787,19,closed,False,True,False
-1.17,17,94.354079,17,closed,False,True,False
-1.17,17,94.359404,17,closed,False,True,False
-1.17,17,94.364724,17,closed,False,True,False
-1.15,15,94.369416,15,closed,False,True,False
-1.19,19,94.375118,19,open,False,True,False
-1.19,19,94.381077,19,closed,False,True,False
-1.19,19,94.386993,19,closed,False,True,False
-1.19,19,94.547214,19,closed,False,True,False
-1.15,15,94.551923,15,closed,False,True,False
-1.15,15,94.556473,15,open,False,True,False
-1.17,17,94.56172,17,open,False,True,False
-1.15,15,94.566332,15,closed,False,True,False
-1.17,17,94.571506,17,open,False,True,False
-1.15,15,94.576076,15,closed,False,True,False
-1.15,15,94.580687,15,open,False,True,False
-1.19,19,94.586312,19,closed,False,True,False
-1.17,17,94.591538,17,open,False,True,False
-1.19,19,94.597154,19,closed,False,True,False
-1.17,17,94.602336,17,open,False,True,False
-1.19,19,94.607997,19,closed,False,True,False
-1.15,15,94.612519,15,open,False,True,False
-1.19,19,94.618317,19,closed,False,True,False
-1.15,15,94.622957,15,closed,False,True,False
-1.17,17,94.628162,17,closed,False,True,False
-1.15,15,94.632734,15,open,False,True,False
-1.19,19,94.638431,19,closed,False,True,False
-1.15,15,94.642969,15,open,False,True,False
-1.15,15,94.647536,15,open,False,True,False
-1.17,17,94.652709,17,open,False,True,False
-1.19,19,94.658412,19,closed,False,True,False
-1.15,15,94.662944,15,closed,False,True,False
-1.15,15,94.667448,15,closed,False,True,False
-1.17,17,94.672669,17,open,False,True,False
-1.17,17,94.677879,17,closed,False,True,False
-1.19,19,94.683613,19,open,False,True,False
-1.19,19,94.689368,19,open,False,True,False
-1.17,17,94.694473,17,closed,False,True,False
-1.15,15,94.698959,15,closed,False,True,False
-1.19,19,94.704799,19,closed,False,True,False
-1.15,15,94.709354,15,closed,False,True,False
-1.17,17,94.714508,17,open,False,True,False
-1.19,19,94.720259,19,open,False,True,False
-1.19,19,94.725953,19,closed,False,True,False
-1.17,17,94.731178,17,closed,False,True,False
-1.15,15,94.735864,15,closed,False,True,False
-1.15,15,94.740448,15,closed,False,True,False
-1.17,17,94.745541,17,open,False,True,False
-1.17,17,94.750623,17,closed,False,True,False
-1.19,19,94.756479,19,open,False,True,False
-1.15,15,94.76099,15,open,False,True,False
-1.19,19,94.766754,19,closed,False,True,False
-1.19,19,94.772432,19,closed,False,True,False
-1.15,15,94.777068,15,closed,False,True,False
-1.15,15,94.781619,15,open,False,True,False
-1.15,15,94.786279,15,open,False,True,False
-1.19,19,94.791971,19,closed,False,True,False
-1.15,15,94.796556,15,open,False,True,False
-1.19,19,94.802305,19,open,False,True,False
-1.19,19,94.808059,19,open,False,True,False
-1.17,17,94.81329,17,closed,False,True,False
-1.15,15,94.8178,15,open,False,True,False
-1.19,19,94.823524,19,closed,False,True,False
-1.17,17,94.828661,17,open,False,True,False
-1.15,15,94.833171,15,open,False,True,False
-1.17,17,94.838372,17,closed,False,True,False
-1.15,15,94.842938,15,open,False,True,False
-1.19,19,94.848711,19,open,False,True,False
-1.15,15,94.853369,15,open,False,True,False
-1.19,19,94.858993,19,closed,False,True,False
-1.17,17,94.864106,17,closed,False,True,False
-1.15,15,94.86878,15,open,False,True,False
-1.15,15,94.873414,15,open,False,True,False
-1.17,17,94.87852,17,closed,False,True,False
-1.17,17,94.883604,17,closed,False,True,False
-1.17,17,94.888786,17,open,False,True,False
-1.19,19,94.89439,19,open,False,True,False
-1.17,17,94.899519,17,open,False,True,False
-1.17,17,94.904755,17,closed,False,True,False
-1.17,17,94.909909,17,closed,False,True,False
-1.15,15,94.914546,15,open,False,True,False
-1.19,19,94.920233,19,closed,False,True,False
-1.17,17,94.925376,17,open,False,True,False
-1.19,19,94.931133,19,closed,False,True,False
-1.17,17,94.936317,17,open,False,True,False
-1.19,19,94.941928,19,closed,False,True,False
-1.17,17,94.947123,17,closed,False,True,False
-1.15,15,94.951678,15,open,False,True,False
-1.15,15,94.956179,15,closed,False,True,False
-1.19,19,94.961796,19,open,False,True,False
-1.17,17,94.966934,17,open,False,True,False
-1.19,19,94.972648,19,closed,False,True,False
-1.17,17,94.977842,17,open,False,True,False
-1.17,17,94.983049,17,closed,False,True,False
-1.17,17,94.988258,17,closed,False,True,False
-1.19,19,94.993984,19,closed,False,True,False
-1.15,15,94.998477,15,open,False,True,False
-1.17,17,95.003628,17,open,False,True,False
-1.19,19,95.009398,19,open,False,True,False
-1.19,19,95.015109,19,closed,False,True,False
-1.15,15,95.019866,15,open,False,True,False
-1.15,15,95.024402,15,closed,False,True,False
-1.15,15,95.028955,15,open,False,True,False
-1.17,17,95.034117,17,open,False,True,False
-1.17,17,95.039353,17,open,False,True,False
-1.19,19,95.045032,19,closed,False,True,False
-1.19,19,95.050672,19,closed,False,True,False
-1.15,15,95.055206,15,open,False,True,False
-1.17,17,95.060318,17,open,False,True,False
-1.17,17,95.065485,17,open,False,True,False
-1.17,17,95.070704,17,open,False,True,False
-1.19,19,95.076476,19,closed,False,True,False
-1.17,17,95.081496,17,open,False,True,False
-1.19,19,95.087134,19,closed,False,True,False
-1.19,19,95.092873,19,open,False,True,False
-1.17,17,95.098047,17,closed,False,True,False
-1.17,17,95.103268,17,open,False,True,False
-1.17,17,95.108336,17,open,False,True,False
-1.15,15,95.112883,15,open,False,True,False
-1.17,17,95.117941,17,open,False,True,False
-1.19,19,95.123581,19,closed,False,True,False
-1.19,19,95.129161,19,closed,False,True,False
-1.17,17,95.134378,17,closed,False,True,False
-1.19,19,95.14009,19,open,False,True,False
-1.15,15,95.144648,15,closed,False,True,False
-1.19,19,95.150365,19,closed,False,True,False
-1.19,19,95.156008,19,closed,False,True,False
-1.19,19,95.161812,19,closed,False,True,False
-1.15,15,95.322406,15,closed,False,True,False
-1.15,15,95.327207,15,closed,False,True,False
-1.15,15,95.331828,15,closed,False,True,False
-1.19,19,95.337749,19,open,False,True,False
-1.17,17,95.343557,17,closed,False,True,False
-1.17,17,95.348978,17,open,False,True,False
-1.19,19,95.355269,19,closed,False,True,False
-1.15,15,95.360077,15,open,False,True,False
-1.17,17,95.36527,17,closed,False,True,False
-1.19,19,95.371722,19,closed,False,True,False
-1.17,17,95.377135,17,open,False,True,False
-1.19,19,95.382905,19,open,False,True,False
-1.15,15,95.388108,15,open,False,True,False
-1.17,17,95.3934,17,open,False,True,False
-1.15,15,95.398089,15,open,False,True,False
-1.15,15,95.40328,15,open,False,True,False
-1.19,19,95.409153,19,open,False,True,False
-1.15,15,95.413867,15,open,False,True,False
-1.15,15,95.418931,15,open,False,True,False
-1.15,15,95.423688,15,closed,False,True,False
-1.17,17,95.428981,17,open,False,True,False
-1.17,17,95.43413,17,open,False,True,False
-1.19,19,95.440345,19,open,False,True,False
-1.19,19,95.446227,19,open,False,True,False
-1.19,19,95.45241,19,open,False,True,False
-1.19,19,95.458374,19,closed,False,True,False
-1.15,15,95.46306,15,closed,False,True,False
-1.17,17,95.468526,17,open,False,True,False
-1.15,15,95.473328,15,open,False,True,False
-1.17,17,95.478723,17,closed,False,True,False
-1.17,17,95.484001,17,closed,False,True,False
-1.15,15,95.489141,15,closed,False,True,False
-1.17,17,95.494505,17,open,False,True,False
-1.17,17,95.499732,17,closed,False,True,False
-1.19,19,95.506058,19,open,False,True,False
-1.15,15,95.51088,15,open,False,True,False
-1.15,15,95.5155,15,closed,False,True,False
-1.17,17,95.521851,17,closed,False,True,False
-1.19,19,95.527625,19,open,False,True,False
-1.19,19,95.533271,19,closed,False,True,False
-1.17,17,95.538937,17,closed,False,True,False
-1.17,17,95.544236,17,closed,False,True,False
-1.17,17,95.54931,17,open,False,True,False
-1.19,19,95.555597,19,open,False,True,False
-1.17,17,95.560882,17,closed,False,True,False
-1.17,17,95.566009,17,closed,False,True,False
-1.19,19,95.572229,19,closed,False,True,False
-1.15,15,95.577028,15,open,False,True,False
-1.19,19,95.582735,19,open,False,True,False
-1.15,15,95.588485,15,closed,False,True,False
-1.17,17,95.593877,17,open,False,True,False
-1.15,15,95.598634,15,open,False,True,False
-1.15,15,95.603436,15,closed,False,True,False
-1.17,17,95.60923,17,open,False,True,False
-1.19,19,95.615028,19,open,False,True,False
-1.15,15,95.619698,15,open,False,True,False
-1.15,15,95.624419,15,closed,False,True,False
-1.15,15,95.629091,15,open,False,True,False
-1.19,19,95.634954,19,closed,False,True,False
-1.17,17,95.640155,17,open,False,True,False
-1.15,15,95.644789,15,open,False,True,False
-1.17,17,95.65001,17,closed,False,True,False
-1.17,17,95.65528,17,open,False,True,False
-1.19,19,95.661114,19,open,False,True,False
-1.17,17,95.666289,17,closed,False,True,False
-1.15,15,95.67091,15,open,False,True,False
-1.15,15,95.675464,15,open,False,True,False
-1.19,19,95.681245,19,closed,False,True,False
-1.15,15,95.685919,15,closed,False,True,False
-1.15,15,95.690505,15,closed,False,True,False
-1.19,19,95.696349,19,closed,False,True,False
-1.19,19,95.70224,19,closed,False,True,False
-1.15,15,95.706828,15,closed,False,True,False
-1.19,19,95.712728,19,closed,False,True,False
-1.19,19,95.718617,19,closed,False,True,False
-1.17,17,95.723833,17,open,False,True,False
-1.15,15,95.728412,15,open,False,True,False
-1.19,19,95.734263,19,closed,False,True,False
-1.19,19,95.740152,19,closed,False,True,False
-1.19,19,95.745998,19,open,False,True,False
-1.17,17,95.751273,17,open,False,True,False
-1.15,15,95.755952,15,closed,False,True,False
-1.19,19,95.761693,19,open,False,True,False
-1.17,17,95.766834,17,closed,False,True,False
-1.19,19,95.772589,19,closed,False,True,False
-1.15,15,95.777254,15,open,False,True,False
-1.19,19,95.783,19,open,False,True,False
-1.15,15,95.787637,15,open,False,True,False
-1.19,19,95.793409,19,closed,False,True,False
-1.17,17,95.798738,17,closed,False,True,False
-1.15,15,95.809502,15,open,False,True,False
-1.15,15,95.814161,15,open,False,True,False
-1.15,15,95.818701,15,open,False,True,False
-1.17,17,95.823774,17,open,False,True,False
-1.17,17,95.828949,17,closed,False,True,False
-1.19,19,95.834721,19,open,False,True,False
-1.19,19,95.840518,19,closed,False,True,False
-1.17,17,95.845624,17,closed,False,True,False
-1.15,15,95.850208,15,open,False,True,False
-1.19,19,95.855915,19,open,False,True,False
-1.19,19,95.861629,19,closed,False,True,False
-1.17,17,95.866729,17,closed,False,True,False
-1.19,19,95.872492,19,open,False,True,False
-1.17,17,95.87765,17,closed,False,True,False
-1.17,17,95.882752,17,open,False,True,False
-1.15,15,95.887386,15,closed,False,True,False
-1.19,19,95.89308,19,open,False,True,False
-1.15,15,95.897671,15,open,False,True,False
-1.15,15,95.902342,15,open,False,True,False
-1.19,19,95.908118,19,closed,False,True,False
-1.17,17,95.913323,17,closed,False,True,False
-1.15,15,95.917965,15,open,False,True,False
-1.19,19,95.92369,19,open,False,True,False
-1.19,19,95.929464,19,open,False,True,False
-1.17,17,95.934547,17,open,False,True,False
-1.19,19,95.940387,19,closed,False,True,False
-1.19,19,95.946092,19,closed,False,True,False
-1.19,19,95.951836,19,closed,False,True,False
-1.17,17,95.957061,17,open,False,True,False
-1.15,15,95.961633,15,closed,False,True,False
-1.19,19,96.122561,19,closed,False,True,False
-1.15,15,96.12724,15,open,False,True,False
-1.17,17,96.132549,17,open,False,True,False
-1.17,17,96.13786,17,open,False,True,False
-1.19,19,96.143669,19,closed,False,True,False
-1.19,19,96.149447,19,open,False,True,False
-1.17,17,96.154811,17,open,False,True,False
-1.17,17,96.160098,17,closed,False,True,False
-1.17,17,96.165296,17,open,False,True,False
-1.15,15,96.171112,15,open,False,True,False
-1.19,19,96.177062,19,closed,False,True,False
-1.17,17,96.182299,17,open,False,True,False
-1.17,17,96.18808,17,open,False,True,False
-1.17,17,96.193346,17,open,False,True,False
-1.19,19,96.199216,19,closed,False,True,False
-1.17,17,96.20506,17,closed,False,True,False
-1.19,19,96.210929,19,closed,False,True,False
-1.19,19,96.216795,19,open,False,True,False
-1.17,17,96.222606,17,open,False,True,False
-1.15,15,96.227329,15,open,False,True,False
-1.19,19,96.233043,19,closed,False,True,False
-1.17,17,96.238862,17,open,False,True,False
-1.17,17,96.244167,17,open,False,True,False
-1.19,19,96.249972,19,closed,False,True,False
-1.17,17,96.25589,17,open,False,True,False
-1.17,17,96.261201,17,open,False,True,False
-1.19,19,96.267055,19,closed,False,True,False
-1.17,17,96.272897,17,closed,False,True,False
-1.15,15,96.277552,15,open,False,True,False
-1.19,19,96.28339,19,closed,False,True,False
-1.17,17,96.28919,17,closed,False,True,False
-1.17,17,96.294586,17,closed,False,True,False
-1.19,19,96.300309,19,open,False,True,False
-1.15,15,96.306024,15,open,False,True,False
-1.15,15,96.310687,15,closed,False,True,False
-1.17,17,96.31577,17,open,False,True,False
-1.15,15,96.320903,15,closed,False,True,False
-1.17,17,96.326058,17,open,False,True,False
-1.15,15,96.330698,15,open,False,True,False
-1.19,19,96.336879,19,open,False,True,False
-1.15,15,96.341449,15,closed,False,True,False
-1.17,17,96.346635,17,open,False,True,False
-1.17,17,96.352114,17,open,False,True,False
-1.15,15,96.356813,15,open,False,True,False
-1.15,15,96.361311,15,closed,False,True,False
-1.17,17,96.366562,17,closed,False,True,False
-1.17,17,96.37224,17,closed,False,True,False
-1.15,15,96.376751,15,open,False,True,False
-1.19,19,96.38247,19,closed,False,True,False
-1.19,19,96.38877,19,closed,False,True,False
-1.19,19,96.394504,19,closed,False,True,False
-1.19,19,96.400067,19,closed,False,True,False
-1.15,15,96.406202,15,open,False,True,False
-1.17,17,96.411273,17,open,False,True,False
-1.17,17,96.416367,17,open,False,True,False
-1.17,17,96.422039,17,open,False,True,False
-1.17,17,96.42719,17,open,False,True,False
-1.17,17,96.432343,17,open,False,True,False
-1.15,15,96.437443,15,closed,False,True,False
-1.19,19,96.443213,19,open,False,True,False
-1.17,17,96.448263,17,open,False,True,False
-1.19,19,96.45459,19,open,False,True,False
-1.15,15,96.459198,15,closed,False,True,False
-1.19,19,96.464908,19,closed,False,True,False
-1.15,15,96.470016,15,open,False,True,False
-1.17,17,96.475182,17,open,False,True,False
-1.19,19,96.480865,19,open,False,True,False
-1.19,19,96.487148,19,closed,False,True,False
-1.17,17,96.492228,17,open,False,True,False
-1.15,15,96.496758,15,open,False,True,False
-1.17,17,96.50223,17,closed,False,True,False
-1.15,15,96.506853,15,open,False,True,False
-1.17,17,96.512016,17,open,False,True,False
-1.17,17,96.517182,17,open,False,True,False
-1.17,17,96.526257,17,open,False,True,False
-1.15,15,96.530732,15,closed,False,True,False
-1.19,19,96.536905,19,closed,False,True,False
-1.15,15,96.54148,15,closed,False,True,False
-1.19,19,96.547167,19,open,False,True,False
-1.19,19,96.553502,19,closed,False,True,False
-1.17,17,96.558705,17,open,False,True,False
-1.19,19,96.56437,19,open,False,True,False
-1.19,19,96.571082,19,closed,False,True,False
-1.15,15,96.575881,15,open,False,True,False
-1.19,19,96.581544,19,open,False,True,False
-1.17,17,96.586741,17,open,False,True,False
-1.17,17,96.591845,17,open,False,True,False
-1.19,19,96.597582,19,open,False,True,False
-1.19,19,96.603326,19,open,False,True,False
-1.15,15,96.607824,15,closed,False,True,False
-1.17,17,96.612969,17,closed,False,True,False
-1.17,17,96.6181,17,closed,False,True,False
-1.17,17,96.623275,17,open,False,True,False
-1.15,15,96.627963,15,open,False,True,False
-1.17,17,96.633086,17,closed,False,True,False
-1.17,17,96.638214,17,open,False,True,False
-1.17,17,96.643342,17,closed,False,True,False
-1.15,15,96.648022,15,closed,False,True,False
-1.19,19,96.65365,19,closed,False,True,False
-1.19,19,96.659384,19,closed,False,True,False
-1.17,17,96.664563,17,open,False,True,False
-1.15,15,96.669208,15,open,False,True,False
-1.17,17,96.674428,17,open,False,True,False
-1.17,17,96.679595,17,open,False,True,False
-1.17,17,96.684804,17,open,False,True,False
-1.15,15,96.689462,15,open,False,True,False
-1.17,17,96.694692,17,closed,False,True,False
-1.15,15,96.699319,15,closed,False,True,False
-1.17,17,96.704505,17,closed,False,True,False
-1.15,15,96.709112,15,open,False,True,False
-1.15,15,96.713698,15,open,False,True,False
-1.19,19,96.719341,19,closed,False,True,False
-1.17,17,96.724559,17,open,False,True,False
-1.15,15,96.729145,15,open,False,True,False
-1.19,19,96.734896,19,open,False,True,False
-1.15,15,96.739542,15,open,False,True,False
-1.19,19,96.745229,19,closed,False,True,False
-1.15,15,96.749778,15,open,False,True,False
-1.15,15,96.75447,15,open,False,True,False
-1.15,15,96.758964,15,open,False,True,False
-1.19,19,96.929371,19,closed,False,True,False
-1.19,19,96.935353,19,closed,False,True,False
-1.17,17,96.940718,17,open,False,True,False
-1.19,19,96.946614,19,open,False,True,False
-1.15,15,96.951213,15,closed,False,True,False
-1.19,19,96.957129,19,open,False,True,False
-1.17,17,96.962319,17,closed,False,True,False
-1.19,19,96.968131,19,open,False,True,False
-1.19,19,96.976917,19,closed,False,True,False
-1.17,17,96.98223,17,closed,False,True,False
-1.17,17,96.987441,17,closed,False,True,False
-1.19,19,96.993275,19,open,False,True,False
-1.15,15,96.997954,15,closed,False,True,False
-1.15,15,97.002551,15,open,False,True,False
-1.17,17,97.007737,17,closed,False,True,False
-1.15,15,97.012326,15,closed,False,True,False
-1.19,19,97.018186,19,closed,False,True,False
-1.17,17,97.023462,17,open,False,True,False
-1.15,15,97.028122,15,open,False,True,False
-1.15,15,97.032726,15,closed,False,True,False
-1.15,15,97.03745,15,open,False,True,False
-1.19,19,97.043219,19,closed,False,True,False
-1.17,17,97.048528,17,open,False,True,False
-1.15,15,97.053269,15,open,False,True,False
-1.15,15,97.05798,15,closed,False,True,False
-1.15,15,97.062672,15,open,False,True,False
-1.19,19,97.068593,19,open,False,True,False
-1.19,19,97.074426,19,open,False,True,False
-1.19,19,97.080324,19,open,False,True,False
-1.17,17,97.085498,17,open,False,True,False
-1.15,15,97.090249,15,open,False,True,False
-1.17,17,97.095471,17,closed,False,True,False
-1.15,15,97.100194,15,open,False,True,False
-1.15,15,97.10494,15,closed,False,True,False
-1.19,19,97.110816,19,open,False,True,False
-1.19,19,97.116697,19,open,False,True,False
-1.17,17,97.121924,17,open,False,True,False
-1.19,19,97.127674,19,closed,False,True,False
-1.19,19,97.133434,19,open,False,True,False
-1.17,17,97.138709,17,open,False,True,False
-1.17,17,97.143885,17,closed,False,True,False
-1.17,17,97.149119,17,closed,False,True,False
-1.17,17,97.154409,17,closed,False,True,False
-1.17,17,97.159737,17,closed,False,True,False
-1.19,19,97.165489,19,closed,False,True,False
-1.15,15,97.170036,15,open,False,True,False
-1.19,19,97.175855,19,closed,False,True,False
-1.15,15,97.180555,15,open,False,True,False
-1.19,19,97.186381,19,open,False,True,False
-1.19,19,97.192114,19,closed,False,True,False
-1.17,17,97.197411,17,closed,False,True,False
-1.19,19,97.20337,19,closed,False,True,False
-1.19,19,97.209132,19,closed,False,True,False
-1.19,19,97.214847,19,open,False,True,False
-1.17,17,97.220135,17,open,False,True,False
-1.17,17,97.225438,17,open,False,True,False
-1.17,17,97.230773,17,closed,False,True,False
-1.15,15,97.23542,15,open,False,True,False
-1.15,15,97.240115,15,closed,False,True,False
-1.19,19,97.24595,19,open,False,True,False
-1.17,17,97.251124,17,open,False,True,False
-1.19,19,97.256983,19,closed,False,True,False
-1.17,17,97.262142,17,open,False,True,False
-1.19,19,97.267895,19,closed,False,True,False
-1.17,17,97.273142,17,closed,False,True,False
-1.17,17,97.278388,17,closed,False,True,False
-1.15,15,97.28305,15,closed,False,True,False
-1.17,17,97.28826,17,closed,False,True,False
-1.19,19,97.294015,19,open,False,True,False
-1.17,17,97.299261,17,open,False,True,False
-1.17,17,97.30451,17,open,False,True,False
-1.19,19,97.31039,19,closed,False,True,False
-1.17,17,97.3155,17,open,False,True,False
-1.17,17,97.320728,17,open,False,True,False
-1.15,15,97.325468,15,open,False,True,False
-1.17,17,97.330745,17,open,False,True,False
-1.19,19,97.336619,19,open,False,True,False
-1.19,19,97.342496,19,closed,False,True,False
-1.17,17,97.347787,17,closed,False,True,False
-1.19,19,97.353667,19,closed,False,True,False
-1.17,17,97.358947,17,open,False,True,False
-1.15,15,97.363672,15,open,False,True,False
-1.19,19,97.369481,19,closed,False,True,False
-1.15,15,97.374201,15,open,False,True,False
-1.17,17,97.379402,17,open,False,True,False
-1.19,19,97.385182,19,open,False,True,False
-1.15,15,97.389789,15,closed,False,True,False
-1.15,15,97.394521,15,closed,False,True,False
-1.15,15,97.399162,15,open,False,True,False
-1.19,19,97.404998,19,open,False,True,False
-1.19,19,97.410881,19,closed,False,True,False
-1.19,19,97.416658,19,open,False,True,False
-1.19,19,97.422524,19,open,False,True,False
-1.15,15,97.427126,15,closed,False,True,False
-1.19,19,97.432924,19,closed,False,True,False
-1.15,15,97.437658,15,closed,False,True,False
-1.19,19,97.443501,19,open,False,True,False
-1.17,17,97.448836,17,closed,False,True,False
-1.15,15,97.453502,15,open,False,True,False
-1.15,15,97.458231,15,open,False,True,False
-1.17,17,97.463477,17,open,False,True,False
-1.17,17,97.468682,17,open,False,True,False
-1.19,19,97.47456,19,closed,False,True,False
-1.15,15,97.479156,15,open,False,True,False
-1.15,15,97.483904,15,open,False,True,False
-1.17,17,97.48915,17,open,False,True,False
-1.19,19,97.494986,19,open,False,True,False
-1.19,19,97.500787,19,closed,False,True,False
-1.17,17,97.506076,17,open,False,True,False
-1.15,15,97.510668,15,closed,False,True,False
-1.19,19,97.516545,19,open,False,True,False
-1.17,17,97.521806,17,closed,False,True,False
-1.15,15,97.526445,15,open,False,True,False
-1.15,15,97.531151,15,open,False,True,False
-1.15,15,97.535855,15,open,False,True,False
-1.15,15,97.540483,15,closed,False,True,False
-1.15,15,97.545042,15,closed,False,True,False
-1.15,15,97.549619,15,open,False,True,False
-1.15,15,97.554167,15,open,False,True,False
-1.15,15,97.558893,15,closed,False,True,False
-1.19,19,97.727232,19,closed,False,True,False
-1.17,17,97.732539,17,closed,False,True,False
-1.17,17,97.738179,17,open,False,True,False
-1.15,15,97.742727,15,open,False,True,False
-1.19,19,97.74869,19,closed,False,True,False
-1.19,19,97.754432,19,closed,False,True,False
-1.19,19,97.760149,19,open,False,True,False
-1.17,17,97.765318,17,closed,False,True,False
-1.15,15,97.770043,15,closed,False,True,False
-1.17,17,97.775183,17,closed,False,True,False
-1.15,15,97.779834,15,open,False,True,False
-1.17,17,97.785079,17,open,False,True,False
-1.17,17,97.790239,17,open,False,True,False
-1.17,17,97.795371,17,closed,False,True,False
-1.15,15,97.80009,15,closed,False,True,False
-1.15,15,97.804733,15,open,False,True,False
-1.15,15,97.809418,15,open,False,True,False
-1.17,17,97.814672,17,open,False,True,False
-1.15,15,97.819386,15,open,False,True,False
-1.19,19,97.825053,19,open,False,True,False
-1.17,17,97.830239,17,closed,False,True,False
-1.17,17,97.835533,17,closed,False,True,False
-1.17,17,97.840754,17,closed,False,True,False
-1.19,19,97.846591,19,closed,False,True,False
-1.15,15,97.851172,15,open,False,True,False
-1.15,15,97.855843,15,open,False,True,False
-1.19,19,97.861566,19,open,False,True,False
-1.17,17,97.866692,17,closed,False,True,False
-1.17,17,97.87186,17,open,False,True,False
-1.15,15,97.876427,15,open,False,True,False
-1.15,15,97.880994,15,closed,False,True,False
-1.15,15,97.885698,15,closed,False,True,False
-1.15,15,97.89035,15,open,False,True,False
-1.15,15,97.894979,15,closed,False,True,False
-1.19,19,97.900807,19,open,False,True,False
-1.15,15,97.905439,15,open,False,True,False
-1.17,17,97.910585,17,closed,False,True,False
-1.19,19,97.916378,19,open,False,True,False
-1.17,17,97.921574,17,closed,False,True,False
-1.17,17,97.926846,17,closed,False,True,False
-1.15,15,97.931521,15,open,False,True,False
-1.17,17,97.936673,17,open,False,True,False
-1.17,17,97.941844,17,open,False,True,False
-1.17,17,97.946995,17,closed,False,True,False
-1.19,19,97.95285,19,closed,False,True,False
-1.19,19,97.958586,19,closed,False,True,False
-1.17,17,97.96383,17,closed,False,True,False
-1.17,17,97.969031,17,open,False,True,False
-1.15,15,97.973707,15,closed,False,True,False
-1.19,19,97.979437,19,closed,False,True,False
-1.19,19,97.985183,19,open,False,True,False
-1.19,19,97.990924,19,open,False,True,False
-1.17,17,97.996166,17,open,False,True,False
-1.15,15,98.000837,15,closed,False,True,False
-1.17,17,98.006014,17,open,False,True,False
-1.19,19,98.011688,19,closed,False,True,False
-1.19,19,98.017518,19,open,False,True,False
-1.17,17,98.022804,17,closed,False,True,False
-1.19,19,98.028485,19,open,False,True,False
-1.17,17,98.033713,17,closed,False,True,False
-1.17,17,98.038981,17,open,False,True,False
-1.15,15,98.043544,15,closed,False,True,False
-1.19,19,98.049369,19,closed,False,True,False
-1.19,19,98.055138,19,closed,False,True,False
-1.17,17,98.06039,17,closed,False,True,False
-1.15,15,98.065032,15,closed,False,True,False
-1.15,15,98.069779,15,open,False,True,False
-1.15,15,98.07432,15,closed,False,True,False
-1.17,17,98.079599,17,open,False,True,False
-1.15,15,98.08425,15,open,False,True,False
-1.19,19,98.09003,19,closed,False,True,False
-1.17,17,98.095146,17,closed,False,True,False
-1.17,17,98.100326,17,open,False,True,False
-1.19,19,98.106153,19,open,False,True,False
-1.17,17,98.111264,17,open,False,True,False
-1.15,15,98.115885,15,open,False,True,False
-1.17,17,98.121094,17,open,False,True,False
-1.19,19,98.126834,19,open,False,True,False
-1.19,19,98.132508,19,open,False,True,False
-1.17,17,98.137761,17,open,False,True,False
-1.17,17,98.14304,17,closed,False,True,False
-1.19,19,98.148761,19,open,False,True,False
-1.15,15,98.153496,15,open,False,True,False
-1.17,17,98.158673,17,closed,False,True,False
-1.19,19,98.164517,19,open,False,True,False
-1.19,19,98.170321,19,closed,False,True,False
-1.15,15,98.174998,15,closed,False,True,False
-1.15,15,98.179593,15,closed,False,True,False
-1.19,19,98.185464,19,closed,False,True,False
-1.15,15,98.190086,15,open,False,True,False
-1.17,17,98.19525,17,open,False,True,False
-1.17,17,98.200393,17,open,False,True,False
-1.17,17,98.205676,17,open,False,True,False
-1.17,17,98.210892,17,closed,False,True,False
-1.15,15,98.215598,15,closed,False,True,False
-1.15,15,98.220231,15,closed,False,True,False
-1.17,17,98.225347,17,open,False,True,False
-1.19,19,98.231232,19,closed,False,True,False
-1.17,17,98.236426,17,open,False,True,False
-1.17,17,98.241663,17,open,False,True,False
-1.15,15,98.246253,15,open,False,True,False
-1.17,17,98.251551,17,closed,False,True,False
-1.19,19,98.257319,19,open,False,True,False
-1.19,19,98.263155,19,open,False,True,False
-1.19,19,98.268996,19,open,False,True,False
-1.19,19,98.274798,19,open,False,True,False
-1.17,17,98.280043,17,closed,False,True,False
-1.19,19,98.285867,19,closed,False,True,False
-1.19,19,98.29163,19,open,False,True,False
-1.17,17,98.29684,17,closed,False,True,False
-1.17,17,98.302064,17,open,False,True,False
-1.19,19,98.30776,19,open,False,True,False
-1.17,17,98.31298,17,open,False,True,False
-1.17,17,98.318133,17,closed,False,True,False
-1.19,19,98.323829,19,open,False,True,False
-1.15,15,98.328367,15,open,False,True,False
-1.19,19,98.334088,19,closed,False,True,False
-1.15,15,98.338657,15,open,False,True,False
-1.15,15,98.343235,15,open,False,True,False
-1.19,19,98.349055,19,closed,False,True,False
-1.15,15,98.519035,15,closed,False,True,False
-1.15,15,98.523777,15,open,False,True,False
-1.17,17,98.529512,17,closed,False,True,False
-1.19,19,98.535473,19,closed,False,True,False
-1.19,19,98.541258,19,closed,False,True,False
-1.15,15,98.545801,15,open,False,True,False
-1.17,17,98.551032,17,open,False,True,False
-1.15,15,98.555693,15,closed,False,True,False
-1.17,17,98.560915,17,closed,False,True,False
-1.15,15,98.565566,15,closed,False,True,False
-1.19,19,98.571232,19,closed,False,True,False
-1.17,17,98.576518,17,closed,False,True,False
-1.19,19,98.582218,19,open,False,True,False
-1.17,17,98.587468,17,open,False,True,False
-1.15,15,98.592121,15,open,False,True,False
-1.17,17,98.597249,17,closed,False,True,False
-1.19,19,98.602988,19,closed,False,True,False
-1.15,15,98.607651,15,closed,False,True,False
-1.19,19,98.613462,19,open,False,True,False
-1.15,15,98.618124,15,closed,False,True,False
-1.15,15,98.622821,15,closed,False,True,False
-1.19,19,98.628492,19,closed,False,True,False
-1.19,19,98.634253,19,open,False,True,False
-1.15,15,98.638957,15,open,False,True,False
-1.17,17,98.644109,17,closed,False,True,False
-1.15,15,98.648757,15,open,False,True,False
-1.17,17,98.65389,17,open,False,True,False
-1.15,15,98.658396,15,closed,False,True,False
-1.19,19,98.664156,19,open,False,True,False
-1.17,17,98.669333,17,closed,False,True,False
-1.17,17,98.674447,17,open,False,True,False
-1.19,19,98.680273,19,closed,False,True,False
-1.15,15,98.68489,15,open,False,True,False
-1.15,15,98.689562,15,open,False,True,False
-1.17,17,98.694789,17,open,False,True,False
-1.17,17,98.699996,17,closed,False,True,False
-1.17,17,98.705146,17,closed,False,True,False
-1.15,15,98.709751,15,closed,False,True,False
-1.15,15,98.714319,15,closed,False,True,False
-1.19,19,98.720182,19,closed,False,True,False
-1.15,15,98.724885,15,closed,False,True,False
-1.17,17,98.730027,17,closed,False,True,False
-1.15,15,98.734641,15,closed,False,True,False
-1.19,19,98.740445,19,closed,False,True,False
-1.15,15,98.744987,15,open,False,True,False
-1.15,15,98.749597,15,open,False,True,False
-1.17,17,98.754737,17,closed,False,True,False
-1.17,17,98.759971,17,closed,False,True,False
-1.17,17,98.765188,17,closed,False,True,False
-1.15,15,98.769873,15,open,False,True,False
-1.19,19,98.775697,19,closed,False,True,False
-1.17,17,98.780921,17,open,False,True,False
-1.15,15,98.785444,15,closed,False,True,False
-1.17,17,98.790691,17,open,False,True,False
-1.19,19,98.796507,19,open,False,True,False
-1.17,17,98.801635,17,open,False,True,False
-1.19,19,98.807491,19,closed,False,True,False
-1.17,17,98.812735,17,open,False,True,False
-1.17,17,98.817941,17,closed,False,True,False
-1.19,19,98.823672,19,closed,False,True,False
-1.17,17,98.828865,17,closed,False,True,False
-1.15,15,98.833561,15,open,False,True,False
-1.19,19,98.839428,19,closed,False,True,False
-1.19,19,98.845117,19,open,False,True,False
-1.19,19,98.850901,19,open,False,True,False
-1.17,17,98.856175,17,closed,False,True,False
-1.17,17,98.861444,17,closed,False,True,False
-1.15,15,98.866083,15,closed,False,True,False
-1.19,19,98.871866,19,closed,False,True,False
-1.19,19,98.877674,19,closed,False,True,False
-1.15,15,98.882232,15,open,False,True,False
-1.15,15,98.887002,15,closed,False,True,False
-1.19,19,98.892807,19,open,False,True,False
-1.15,15,98.897487,15,open,False,True,False
-1.17,17,98.902768,17,closed,False,True,False
-1.15,15,98.907332,15,closed,False,True,False
-1.19,19,98.913178,19,closed,False,True,False
-1.15,15,98.917844,15,open,False,True,False
-1.15,15,98.92251,15,open,False,True,False
-1.15,15,98.927109,15,closed,False,True,False
-1.15,15,98.93176,15,open,False,True,False
-1.19,19,98.937463,19,open,False,True,False
-1.19,19,98.943146,19,closed,False,True,False
-1.15,15,98.947699,15,open,False,True,False
-1.19,19,98.953538,19,closed,False,True,False
-1.19,19,98.959276,19,open,False,True,False
-1.17,17,98.964412,17,closed,False,True,False
-1.15,15,98.969032,15,closed,False,True,False
-1.17,17,98.974194,17,closed,False,True,False
-1.19,19,98.98005,19,closed,False,True,False
-1.15,15,98.984733,15,open,False,True,False
-1.19,19,98.990533,19,closed,False,True,False
-1.17,17,98.995809,17,open,False,True,False
-1.19,19,99.001597,19,open,False,True,False
-1.19,19,99.007355,19,closed,False,True,False
-1.19,19,99.013217,19,open,False,True,False
-1.19,19,99.019071,19,closed,False,True,False
-1.17,17,99.024347,17,closed,False,True,False
-1.19,19,99.030141,19,closed,False,True,False
-1.15,15,99.034821,15,open,False,True,False
-1.15,15,99.039325,15,open,False,True,False
-1.19,19,99.045042,19,closed,False,True,False
-1.15,15,99.04961,15,closed,False,True,False
-1.19,19,99.055299,19,closed,False,True,False
-1.17,17,99.060572,17,open,False,True,False
-1.19,19,99.066373,19,open,False,True,False
-1.17,17,99.071561,17,closed,False,True,False
-1.15,15,99.076258,15,open,False,True,False
-1.17,17,99.08151,17,closed,False,True,False
-1.17,17,99.086799,17,open,False,True,False
-1.19,19,99.092521,19,open,False,True,False
-1.17,17,99.097664,17,closed,False,True,False
-1.17,17,99.102884,17,closed,False,True,False
-1.17,17,99.108117,17,closed,False,True,False
-1.17,17,99.113338,17,open,False,True,False
-1.19,19,99.119052,19,closed,False,True,False
-1.19,19,99.124869,19,open,False,True,False
-1.17,17,99.1301,17,open,False,True,False
-1.15,15,99.134683,15,open,False,True,False
-1.17,17,99.139898,17,open,False,True,False
-1.19,19,99.145662,19,closed,False,True,False
-1.19,19,99.324994,19,closed,False,True,False
-1.17,17,99.330294,17,open,False,True,False
-1.17,17,99.335674,17,closed,False,True,False
-1.17,17,99.340985,17,open,False,True,False
-1.15,15,99.345717,15,closed,False,True,False
-1.19,19,99.351498,19,closed,False,True,False
-1.17,17,99.356853,17,closed,False,True,False
-1.15,15,99.361642,15,closed,False,True,False
-1.17,17,99.366886,17,closed,False,True,False
-1.19,19,99.372908,19,closed,False,True,False
-1.15,15,99.3776,15,closed,False,True,False
-1.19,19,99.383442,19,open,False,True,False
-1.19,19,99.389255,19,closed,False,True,False
-1.19,19,99.395076,19,open,False,True,False
-1.19,19,99.400885,19,closed,False,True,False
-1.19,19,99.406768,19,open,False,True,False
-1.15,15,99.411345,15,open,False,True,False
-1.15,15,99.41596,15,closed,False,True,False
-1.17,17,99.421227,17,open,False,True,False
-1.15,15,99.425963,15,closed,False,True,False
-1.15,15,99.430654,15,open,False,True,False
-1.19,19,99.436418,19,open,False,True,False
-1.19,19,99.442286,19,open,False,True,False
-1.17,17,99.447573,17,closed,False,True,False
-1.17,17,99.452892,17,open,False,True,False
-1.17,17,99.458041,17,closed,False,True,False
-1.15,15,99.462771,15,closed,False,True,False
-1.17,17,99.467939,17,closed,False,True,False
-1.17,17,99.473111,17,open,False,True,False
-1.19,19,99.47888,19,closed,False,True,False
-1.17,17,99.484062,17,open,False,True,False
-1.15,15,99.488704,15,open,False,True,False
-1.15,15,99.493294,15,open,False,True,False
-1.19,19,99.499073,19,open,False,True,False
-1.17,17,99.504255,17,open,False,True,False
-1.15,15,99.508971,15,closed,False,True,False
-1.19,19,99.514799,19,open,False,True,False
-1.15,15,99.519454,15,closed,False,True,False
-1.15,15,99.524101,15,open,False,True,False
-1.19,19,99.529992,19,open,False,True,False
-1.17,17,99.535203,17,closed,False,True,False
-1.17,17,99.540478,17,closed,False,True,False
-1.15,15,99.545101,15,closed,False,True,False
-1.15,15,99.549679,15,open,False,True,False
-1.17,17,99.554989,17,closed,False,True,False
-1.15,15,99.559749,15,closed,False,True,False
-1.15,15,99.564329,15,open,False,True,False
-1.22,17,99.569619,17,closed,False,True,False
-1.15,15,99.574322,15,open,False,True,False
-1.15,15,99.579017,15,open,False,True,False
-1.17,17,99.584288,17,closed,False,True,False
-1.17,17,99.589627,17,open,False,True,False
-1.15,15,99.594196,15,open,False,True,False
-1.17,17,99.599435,17,closed,False,True,False
-1.19,19,99.60528,19,closed,False,True,False
-1.15,15,99.609953,15,closed,False,True,False
-1.19,19,99.615653,19,open,False,True,False
-1.15,15,99.620324,15,open,False,True,False
-1.17,17,99.625586,17,open,False,True,False
-1.19,19,99.631441,19,open,False,True,False
-1.17,17,99.636678,17,closed,False,True,False
-1.19,19,99.642537,19,open,False,True,False
-1.19,19,99.648375,19,open,False,True,False
-1.15,15,99.653126,15,closed,False,True,False
-1.15,15,99.657769,15,closed,False,True,False
-1.19,19,99.663659,19,open,False,True,False
-1.19,19,99.669431,19,open,False,True,False
-1.15,15,99.674165,15,open,False,True,False
-1.17,17,99.67939,17,open,False,True,False
-1.17,17,99.684669,17,open,False,True,False
-1.19,19,99.690542,19,closed,False,True,False
-1.17,17,99.695704,17,open,False,True,False
-1.15,15,99.700411,15,closed,False,True,False
-1.15,15,99.705148,15,closed,False,True,False
-1.15,15,99.709747,15,open,False,True,False
-1.19,19,99.715565,19,closed,False,True,False
-1.19,19,99.721435,19,open,False,True,False
-1.17,17,99.726731,17,closed,False,True,False
-1.19,19,99.732543,19,closed,False,True,False
-1.17,17,99.737769,17,closed,False,True,False
-1.19,19,99.743529,19,open,False,True,False
-1.17,17,99.748684,17,closed,False,True,False
-1.17,17,99.753881,17,open,False,True,False
-1.15,15,99.758666,15,closed,False,True,False
-1.15,15,99.763283,15,closed,False,True,False
-1.19,19,99.76905,19,open,False,True,False
-1.17,17,99.774406,17,open,False,True,False
-1.17,17,99.779716,17,open,False,True,False
-1.17,17,99.785028,17,closed,False,True,False
-1.17,17,99.790291,17,closed,False,True,False
-1.19,19,99.796056,19,closed,False,True,False
-1.19,19,99.801918,19,closed,False,True,False
-1.17,17,99.807108,17,open,False,True,False
-1.17,17,99.812401,17,closed,False,True,False
-1.19,19,99.818223,19,closed,False,True,False
-1.15,15,99.822859,15,open,False,True,False
-1.15,15,99.827559,15,open,False,True,False
-1.19,19,99.833279,19,closed,False,True,False
-1.17,17,99.838494,17,closed,False,True,False
-1.15,15,99.843211,15,closed,False,True,False
-1.19,19,99.848945,19,closed,False,True,False
-1.19,19,99.854773,19,open,False,True,False
-1.17,17,99.859953,17,open,False,True,False
-1.15,15,99.864563,15,closed,False,True,False
-1.17,17,99.869757,17,closed,False,True,False
-1.19,19,99.875534,19,open,False,True,False
-1.19,19,99.881245,19,closed,False,True,False
-1.17,17,99.886514,17,open,False,True,False
-1.17,17,99.891746,17,closed,False,True,False
-1.17,17,99.896884,17,open,False,True,False
-1.17,17,99.90207,17,closed,False,True,False
-1.19,19,99.907917,19,closed,False,True,False
-1.15,15,99.91259,15,closed,False,True,False
-1.17,17,99.917741,17,closed,False,True,False
-1.17,17,99.922906,17,open,False,True,False
-1.15,15,99.927621,15,closed,False,True,False
-1.17,17,99.932808,17,closed,False,True,False
-1.17,17,99.938088,17,open,False,True,False
-1.15,15,99.94273,15,open,False,True,False
-1.15,15,99.947433,15,open,False,True,False
-1.19,19,100.106427,19,open,False,True,False
-1.17,17,100.111672,17,open,False,True,False
-1.15,15,100.116257,15,closed,False,True,False
-1.15,15,100.120826,15,closed,False,True,False
-1.17,17,100.12604,17,open,False,True,False
-1.15,15,100.130589,15,open,False,True,False
-1.15,15,100.135154,15,open,False,True,False
-1.19,19,100.140864,19,open,False,True,False
-1.17,17,100.146034,17,closed,False,True,False
-1.15,15,100.150658,15,open,False,True,False
-1.17,17,100.155793,17,open,False,True,False
-1.15,15,100.160493,15,open,False,True,False
-1.15,15,100.165017,15,closed,False,True,False
-1.15,15,100.169647,15,open,False,True,False
-1.19,19,100.175289,19,open,False,True,False
-1.17,17,100.180438,17,open,False,True,False
-1.17,17,100.185537,17,open,False,True,False
-1.17,17,100.190653,17,closed,False,True,False
-1.17,17,100.195819,17,open,False,True,False
-1.19,19,100.201472,19,open,False,True,False
-1.19,19,100.20726,19,closed,False,True,False
-1.15,15,100.211882,15,closed,False,True,False
-1.15,15,100.216493,15,closed,False,True,False
-1.17,17,100.221684,17,closed,False,True,False
-1.17,17,100.226763,17,open,False,True,False
-1.17,17,100.231983,17,closed,False,True,False
-1.19,19,100.237817,19,closed,False,True,False
-1.15,15,100.242383,15,open,False,True,False
-1.17,17,100.24755,17,open,False,True,False
-1.19,19,100.253301,19,closed,False,True,False
-1.15,15,100.257937,15,closed,False,True,False
-1.17,17,100.263136,17,open,False,True,False
-1.17,17,100.268224,17,closed,False,True,False
-1.15,15,100.273051,15,open,False,True,False
-1.15,15,100.277733,15,open,False,True,False
-1.19,19,100.283456,19,open,False,True,False
-1.17,17,100.2885,17,open,False,True,False
-1.15,15,100.293088,15,closed,False,True,False
-1.15,15,100.29764,15,open,False,True,False
-1.19,19,100.303246,19,open,False,True,False
-1.17,17,100.308472,17,open,False,True,False
-1.15,15,100.313219,15,open,False,True,False
-1.15,15,100.317858,15,open,False,True,False
-1.15,15,100.322538,15,open,False,True,False
-1.19,19,100.328186,19,open,False,True,False
-1.17,17,100.333487,17,closed,False,True,False
-1.15,15,100.33819,15,open,False,True,False
-1.17,17,100.343263,17,closed,False,True,False
-1.15,15,100.347936,15,closed,False,True,False
-1.15,15,100.352617,15,open,False,True,False
-1.19,19,100.358295,19,open,False,True,False
-1.15,15,100.362968,15,closed,False,True,False
-1.19,19,100.368733,19,open,False,True,False
-1.17,17,100.373855,17,closed,False,True,False
-1.19,19,100.379623,19,open,False,True,False
-1.19,19,100.385317,19,open,False,True,False
-1.19,19,100.391085,19,open,False,True,False
-1.19,19,100.396863,19,closed,False,True,False
-1.19,19,100.402633,19,open,False,True,False
-1.15,15,100.407183,15,open,False,True,False
-1.19,19,100.412962,19,open,False,True,False
-1.19,19,100.418729,19,closed,False,True,False
-1.15,15,100.423251,15,closed,False,True,False
-1.19,19,100.428874,19,closed,False,True,False
-1.17,17,100.434056,17,closed,False,True,False
-1.15,15,100.438708,15,open,False,True,False
-1.17,17,100.443816,17,open,False,True,False
-1.19,19,100.449486,19,open,False,True,False
-1.19,19,100.455287,19,open,False,True,False
-1.19,19,100.461077,19,closed,False,True,False
-1.19,19,100.466775,19,closed,False,True,False
-1.19,19,100.472522,19,open,False,True,False
-1.15,15,100.477155,15,open,False,True,False
-1.19,19,100.482881,19,closed,False,True,False
-1.19,19,100.488683,19,closed,False,True,False
-1.19,19,100.4944,19,open,False,True,False
-1.15,15,100.499023,15,closed,False,True,False
-1.19,19,100.504658,19,open,False,True,False
-1.19,19,100.510423,19,closed,False,True,False
-1.15,15,100.514894,15,open,False,True,False
-1.19,19,100.520656,19,closed,False,True,False
-1.19,19,100.526401,19,closed,False,True,False
-1.15,15,100.530877,15,open,False,True,False
-1.17,17,100.535952,17,open,False,True,False
-1.19,19,100.541699,19,closed,False,True,False
-1.15,15,100.546318,15,open,False,True,False
-1.17,17,100.551382,17,open,False,True,False
-1.15,15,100.555887,15,open,False,True,False
-1.19,19,100.561624,19,open,False,True,False
-1.15,15,100.566135,15,open,False,True,False
-1.19,19,100.571901,19,open,False,True,False
-1.17,17,100.577631,17,closed,False,True,False
-1.19,19,100.583902,19,open,False,True,False
-1.17,17,100.589529,17,open,False,True,False
-1.17,17,100.594922,17,open,False,True,False
-1.15,15,100.599876,15,closed,False,True,False
-1.17,17,100.60546,17,closed,False,True,False
-1.15,15,100.610225,15,open,False,True,False
-1.19,19,100.616308,19,closed,False,True,False
-1.17,17,100.62198,17,closed,False,True,False
-1.17,17,100.627473,17,closed,False,True,False
-1.15,15,100.632341,15,closed,False,True,False
-1.17,17,100.637911,17,closed,False,True,False
-1.17,17,100.643852,17,closed,False,True,False
-1.15,15,100.648566,15,closed,False,True,False
-1.17,17,100.653755,17,closed,False,True,False
-1.19,19,100.659459,19,closed,False,True,False
-1.19,19,100.665132,19,open,False,True,False
-1.15,15,100.669657,15,closed,False,True,False
-1.15,15,100.674042,15,open,False,True,False
-1.15,15,100.678596,15,open,False,True,False
-1.17,17,100.683667,17,open,False,True,False
-1.15,15,100.688195,15,closed,False,True,False
-1.19,19,100.693852,19,closed,False,True,False
-1.19,19,100.699491,19,closed,False,True,False
-1.17,17,100.70449,17,closed,False,True,False
-1.17,17,100.709834,17,closed,False,True,False
-1.15,15,100.71433,15,open,False,True,False
-1.17,17,100.719469,17,open,False,True,False
-1.19,19,100.725219,19,open,False,True,False
-1.17,17,100.730306,17,closed,False,True,False
-1.15,15,100.896429,15,open,False,True,False
-1.17,17,100.90184,17,open,False,True,False
-1.15,15,100.906539,15,open,False,True,False
-1.17,17,100.911755,17,open,False,True,False
-1.19,19,100.917519,19,open,False,True,False
-1.19,19,100.923328,19,closed,False,True,False
-1.15,15,100.928157,15,open,False,True,False
-1.19,19,100.933913,19,closed,False,True,False
-1.15,15,100.938535,15,closed,False,True,False
-1.17,17,100.943817,17,open,False,True,False
-1.15,15,100.94854,15,open,False,True,False
-1.17,17,100.953848,17,closed,False,True,False
-1.15,15,100.958504,15,open,False,True,False
-1.19,19,100.96435,19,open,False,True,False
-1.17,17,100.969584,17,open,False,True,False
-1.19,19,100.975372,19,open,False,True,False
-1.19,19,100.981203,19,open,False,True,False
-1.17,17,100.986352,17,closed,False,True,False
-1.19,19,100.992301,19,closed,False,True,False
-1.19,19,100.998077,19,open,False,True,False
-1.19,19,101.003878,19,closed,False,True,False
-1.17,17,101.009206,17,closed,False,True,False
-1.17,17,101.014433,17,closed,False,True,False
-1.15,15,101.019136,15,open,False,True,False
-1.17,17,101.024297,17,closed,False,True,False
-1.15,15,101.028964,15,open,False,True,False
-1.19,19,101.034854,19,open,False,True,False
-1.17,17,101.040146,17,open,False,True,False
-1.15,15,101.044858,15,closed,False,True,False
-1.17,17,101.050128,17,open,False,True,False
-1.17,17,101.055408,17,open,False,True,False
-1.19,19,101.061258,19,closed,False,True,False
-1.15,15,101.065951,15,closed,False,True,False
-1.17,17,101.071268,17,open,False,True,False
-1.15,15,101.076,15,open,False,True,False
-1.15,15,101.080629,15,open,False,True,False
-1.19,19,101.08669,19,closed,False,True,False
-1.15,15,101.09146,15,open,False,True,False
-1.17,17,101.096625,17,closed,False,True,False
-1.17,17,101.102105,17,closed,False,True,False
-1.15,15,101.106871,15,closed,False,True,False
-1.15,15,101.111513,15,open,False,True,False
-1.17,17,101.116775,17,open,False,True,False
-1.15,15,101.121468,15,open,False,True,False
-1.17,17,101.126604,17,open,False,True,False
-1.15,15,101.131308,15,open,False,True,False
-1.17,17,101.136492,17,open,False,True,False
-1.15,15,101.141175,15,open,False,True,False
-1.15,15,101.145849,15,open,False,True,False
-1.15,15,101.150594,15,closed,False,True,False
-1.15,15,101.155312,15,closed,False,True,False
-1.19,19,101.161101,19,open,False,True,False
-1.17,17,101.166335,17,closed,False,True,False
-1.15,15,101.171007,15,open,False,True,False
-1.17,17,101.176229,17,closed,False,True,False
-1.19,19,101.182019,19,open,False,True,False
-1.19,19,101.187717,19,closed,False,True,False
-1.19,19,101.193477,19,closed,False,True,False
-1.17,17,101.198724,17,open,False,True,False
-1.19,19,101.204539,19,closed,False,True,False
-1.19,19,101.210267,19,closed,False,True,False
-1.17,17,101.215478,17,open,False,True,False
-1.17,17,101.220766,17,open,False,True,False
-1.15,15,101.225392,15,closed,False,True,False
-1.17,17,101.230691,17,closed,False,True,False
-1.19,19,101.236403,19,closed,False,True,False
-1.19,19,101.24224,19,open,False,True,False
-1.17,17,101.247547,17,closed,False,True,False
-1.17,17,101.252834,17,closed,False,True,False
-1.15,15,101.257446,15,open,False,True,False
-1.15,15,101.262149,15,closed,False,True,False
-1.15,15,101.266775,15,open,False,True,False
-1.15,15,101.27146,15,closed,False,True,False
-1.17,17,101.276697,17,closed,False,True,False
-1.15,15,101.281238,15,closed,False,True,False
-1.17,17,101.286511,17,open,False,True,False
-1.17,17,101.29179,17,closed,False,True,False
-1.19,19,101.297563,19,closed,False,True,False
-1.17,17,101.302854,17,closed,False,True,False
-1.17,17,101.308087,17,closed,False,True,False
-1.19,19,101.313875,19,closed,False,True,False
-1.17,17,101.319014,17,closed,False,True,False
-1.15,15,101.323646,15,open,False,True,False
-1.15,15,101.328349,15,open,False,True,False
-1.19,19,101.334074,19,open,False,True,False
-1.15,15,101.338826,15,closed,False,True,False
-1.19,19,101.344655,19,open,False,True,False
-1.15,15,101.349222,15,closed,False,True,False
-1.19,19,101.355004,19,closed,False,True,False
-1.17,17,101.360372,17,closed,False,True,False
-1.19,19,101.366208,19,open,False,True,False
-1.15,15,101.371025,15,closed,False,True,False
-1.19,19,101.376806,19,open,False,True,False
-1.19,19,101.382512,19,open,False,True,False
-1.19,19,101.388325,19,open,False,True,False
-1.17,17,101.393679,17,closed,False,True,False
-1.17,17,101.398814,17,closed,False,True,False
-1.19,19,101.404868,19,closed,False,True,False
-1.15,15,101.409829,15,open,False,True,False
-1.15,15,101.414603,15,open,False,True,False
-1.17,17,101.419968,17,open,False,True,False
-1.17,17,101.425274,17,closed,False,True,False
-1.15,15,101.430036,15,open,False,True,False
-1.17,17,101.435338,17,open,False,True,False
-1.17,17,101.440631,17,open,False,True,False
-1.15,15,101.44538,15,closed,False,True,False
-1.19,19,101.451188,19,closed,False,True,False
-1.19,19,101.457015,19,open,False,True,False
-1.15,15,101.461737,15,open,False,True,False
-1.15,15,101.46638,15,open,False,True,False
-1.19,19,101.4723,19,closed,False,True,False
-1.17,17,101.477627,17,closed,False,True,False
-1.17,17,101.482893,17,open,False,True,False
-1.15,15,101.487567,15,open,False,True,False
-1.17,17,101.49284,17,open,False,True,False
-1.15,15,101.497408,15,closed,False,True,False
-1.19,19,101.503245,19,open,False,True,False
-1.19,19,101.508979,19,open,False,True,False
-1.19,19,101.514865,19,open,False,True,False
-1.19,19,101.520685,19,closed,False,True,False
-1.15,15,101.525271,15,open,False,True,False
-1.17,17,101.682708,17,open,False,True,False
-1.17,17,101.68817,17,open,False,True,False
-1.19,19,101.694196,19,closed,False,True,False
-1.19,19,101.700098,19,open,False,True,False
-1.19,19,101.706042,19,open,False,True,False
-1.17,17,101.711249,17,open,False,True,False
-1.17,17,101.716538,17,closed,False,True,False
-1.15,15,101.721145,15,open,False,True,False
-1.19,19,101.727043,19,open,False,True,False
-1.19,19,101.732985,19,open,False,True,False
-1.17,17,101.738228,17,open,False,True,False
-1.15,15,101.742967,15,closed,False,True,False
-1.19,19,101.748702,19,closed,False,True,False
-1.19,19,101.754711,19,closed,False,True,False
-1.15,15,101.759328,15,closed,False,True,False
-1.19,19,101.765322,19,closed,False,True,False
-1.17,17,101.77527,17,open,False,True,False
-1.15,15,101.780601,15,open,False,True,False
-1.17,17,101.785737,17,closed,False,True,False
-1.15,15,101.790314,15,open,False,True,False
-1.19,19,101.796116,19,open,False,True,False
-1.17,17,101.801326,17,closed,False,True,False
-1.17,17,101.806464,17,closed,False,True,False
-1.19,19,101.812223,19,open,False,True,False
-1.15,15,101.816762,15,closed,False,True,False
-1.19,19,101.822415,19,open,False,True,False
-1.19,19,101.828135,19,open,False,True,False
-1.17,17,101.833344,17,closed,False,True,False
-1.17,17,101.838602,17,open,False,True,False
-1.17,17,101.843751,17,closed,False,True,False
-1.15,15,101.848379,15,open,False,True,False
-1.19,19,101.854012,19,open,False,True,False
-1.17,17,101.85923,17,open,False,True,False
-1.19,19,101.865006,19,closed,False,True,False
-1.19,19,101.870713,19,open,False,True,False
-1.17,17,101.875859,17,closed,False,True,False
-1.19,19,101.881633,19,open,False,True,False
-1.17,17,101.886741,17,open,False,True,False
-1.17,17,101.891836,17,open,False,True,False
-1.19,19,101.897514,19,open,False,True,False
-1.17,17,101.902781,17,closed,False,True,False
-1.17,17,101.90802,17,open,False,True,False
-1.15,15,101.912593,15,closed,False,True,False
-1.19,19,101.918347,19,closed,False,True,False
-1.19,19,101.924084,19,closed,False,True,False
-1.19,19,101.929859,19,closed,False,True,False
-1.19,19,101.935523,19,closed,False,True,False
-1.19,19,101.94139,19,closed,False,True,False
-1.17,17,101.946513,17,closed,False,True,False
-1.19,19,101.952369,19,open,False,True,False
-1.15,15,101.957036,15,closed,False,True,False
-1.17,17,101.962117,17,open,False,True,False
-1.19,19,101.967803,19,closed,False,True,False
-1.15,15,101.972459,15,open,False,True,False
-1.17,17,101.977571,17,closed,False,True,False
-1.17,17,101.982762,17,open,False,True,False
-1.15,15,101.9873,15,open,False,True,False
-1.19,19,101.992941,19,open,False,True,False
-1.19,19,101.998683,19,open,False,True,False
-1.15,15,102.003227,15,open,False,True,False
-1.17,17,102.008461,17,closed,False,True,False
-1.15,15,102.013022,15,open,False,True,False
-1.17,17,102.018095,17,closed,False,True,False
-1.17,17,102.023206,17,open,False,True,False
-1.19,19,102.028999,19,closed,False,True,False
-1.19,19,102.034716,19,closed,False,True,False
-1.17,17,102.039969,17,open,False,True,False
-1.17,17,102.045032,17,open,False,True,False
-1.15,15,102.049663,15,open,False,True,False
-1.17,17,102.05487,17,open,False,True,False
-1.15,15,102.059479,15,closed,False,True,False
-1.17,17,102.064625,17,open,False,True,False
-1.15,15,102.069278,15,open,False,True,False
-1.17,17,102.074533,17,closed,False,True,False
-1.17,17,102.079831,17,open,False,True,False
-1.17,17,102.085104,17,open,False,True,False
-1.15,15,102.089725,15,closed,False,True,False
-1.19,19,102.095565,19,closed,False,True,False
-1.19,19,102.101239,19,open,False,True,False
-1.19,19,102.107098,19,open,False,True,False
-1.15,15,102.11177,15,closed,False,True,False
-1.19,19,102.117563,19,closed,False,True,False
-1.15,15,102.122204,15,open,False,True,False
-1.17,17,102.127507,17,closed,False,True,False
-1.17,17,102.132715,17,open,False,True,False
-1.17,17,102.137989,17,closed,False,True,False
-1.19,19,102.143846,19,closed,False,True,False
-1.19,19,102.149674,19,closed,False,True,False
-1.17,17,102.155033,17,open,False,True,False
-1.19,19,102.160976,19,closed,False,True,False
-1.19,19,102.166854,19,closed,False,True,False
-1.19,19,102.172584,19,open,False,True,False
-1.17,17,102.177898,17,open,False,True,False
-1.17,17,102.183078,17,open,False,True,False
-1.17,17,102.188364,17,closed,False,True,False
-1.15,15,102.193084,15,closed,False,True,False
-1.19,19,102.198845,19,closed,False,True,False
-1.15,15,102.203599,15,closed,False,True,False
-1.19,19,102.209406,19,open,False,True,False
-1.17,17,102.214641,17,open,False,True,False
-1.19,19,102.220551,19,open,False,True,False
-1.17,17,102.22581,17,closed,False,True,False
-1.17,17,102.230951,17,closed,False,True,False
-1.19,19,102.236756,19,closed,False,True,False
-1.19,19,102.242477,19,open,False,True,False
-1.19,19,102.248321,19,closed,False,True,False
-1.19,19,102.254092,19,open,False,True,False
-1.19,19,102.26003,19,closed,False,True,False
-1.15,15,102.264691,15,closed,False,True,False
-1.19,19,102.270507,19,closed,False,True,False
-1.19,19,102.276373,19,closed,False,True,False
-1.19,19,102.282123,19,open,False,True,False
-1.19,19,102.28787,19,closed,False,True,False
-1.19,19,102.293769,19,open,False,True,False
-1.17,17,102.298997,17,closed,False,True,False
-1.19,19,102.304846,19,open,False,True,False
-1.17,17,102.309988,17,closed,False,True,False
-1.17,17,102.490735,17,open,False,True,False
-1.17,17,102.496043,17,closed,False,True,False
-1.19,19,102.501842,19,closed,False,True,False
-1.17,17,102.507025,17,closed,False,True,False
-1.17,17,102.512225,17,closed,False,True,False
-1.19,19,102.517901,19,open,False,True,False
-1.19,19,102.523594,19,closed,False,True,False
-1.15,15,102.528178,15,open,False,True,False
-1.17,17,102.533284,17,closed,False,True,False
-1.15,15,102.538052,15,closed,False,True,False
-1.19,19,102.543782,19,closed,False,True,False
-1.15,15,102.548363,15,open,False,True,False
-1.15,15,102.553525,15,open,False,True,False
-1.15,15,102.558101,15,closed,False,True,False
-1.19,19,102.563797,19,open,False,True,False
-1.15,15,102.568476,15,open,False,True,False
-1.15,15,102.57307,15,closed,False,True,False
-1.19,19,102.578839,19,open,False,True,False
-1.15,15,102.583425,15,open,False,True,False
-1.15,15,102.58812,15,closed,False,True,False
-1.17,17,102.593307,17,open,False,True,False
-1.19,19,102.599052,19,open,False,True,False
-1.17,17,102.604304,17,closed,False,True,False
-1.15,15,102.608876,15,open,False,True,False
-1.17,17,102.613874,17,closed,False,True,False
-1.17,17,102.619,17,closed,False,True,False
-1.19,19,102.624766,19,closed,False,True,False
-1.17,17,102.629905,17,closed,False,True,False
-1.15,15,102.634519,15,open,False,True,False
-1.15,15,102.63908,15,closed,False,True,False
-1.17,17,102.644288,17,open,False,True,False
-1.15,15,102.648885,15,closed,False,True,False
-1.15,15,102.65364,15,closed,False,True,False
-1.17,17,102.658786,17,open,False,True,False
-1.17,17,102.663849,17,open,False,True,False
-1.19,19,102.66958,19,open,False,True,False
-1.17,17,102.674726,17,open,False,True,False
-1.15,15,102.679334,15,closed,False,True,False
-1.17,17,102.684613,17,closed,False,True,False
-1.17,17,102.689781,17,closed,False,True,False
-1.17,17,102.694901,17,closed,False,True,False
-1.17,17,102.70001,17,closed,False,True,False
-1.19,19,102.70575,19,open,False,True,False
-1.15,15,102.710338,15,closed,False,True,False
-1.17,17,102.71554,17,open,False,True,False
-1.19,19,102.721326,19,closed,False,True,False
-1.19,19,102.726939,19,closed,False,True,False
-1.19,19,102.732631,19,closed,False,True,False
-1.15,15,102.737163,15,closed,False,True,False
-1.15,15,102.741685,15,open,False,True,False
-1.19,19,102.747334,19,open,False,True,False
-1.19,19,102.753121,19,closed,False,True,False
-1.15,15,102.757652,15,open,False,True,False
-1.17,17,102.762761,17,open,False,True,False
-1.17,17,102.767903,17,open,False,True,False
-1.17,17,102.773053,17,open,False,True,False
-1.19,19,102.778778,19,closed,False,True,False
-1.19,19,102.784404,19,open,False,True,False
-1.15,15,102.789074,15,closed,False,True,False
-1.17,17,102.794255,17,open,False,True,False
-1.15,15,102.798808,15,open,False,True,False
-1.17,17,102.804051,17,closed,False,True,False
-1.17,17,102.809271,17,closed,False,True,False
-1.15,15,102.81394,15,open,False,True,False
-1.15,15,102.818473,15,closed,False,True,False
-1.17,17,102.823551,17,open,False,True,False
-1.17,17,102.828559,17,open,False,True,False
-1.17,17,102.833693,17,closed,False,True,False
-1.17,17,102.839008,17,closed,False,True,False
-1.15,15,102.843656,15,closed,False,True,False
-1.17,17,102.848886,17,open,False,True,False
-1.19,19,102.854628,19,closed,False,True,False
-1.15,15,102.85921,15,closed,False,True,False
-1.15,15,102.863823,15,closed,False,True,False
-1.15,15,102.868431,15,open,False,True,False
-1.19,19,102.873981,19,open,False,True,False
-1.15,15,102.878578,15,open,False,True,False
-1.17,17,102.883701,17,closed,False,True,False
-1.19,19,102.889375,19,open,False,True,False
-1.15,15,102.893939,15,open,False,True,False
-1.19,19,102.899509,19,open,False,True,False
-1.15,15,102.904141,15,open,False,True,False
-1.19,19,102.909781,19,closed,False,True,False
-1.15,15,102.914416,15,open,False,True,False
-1.17,17,102.919557,17,open,False,True,False
-1.15,15,102.924048,15,closed,False,True,False
-1.19,19,102.929752,19,open,False,True,False
-1.15,15,102.934427,15,closed,False,True,False
-1.17,17,102.939635,17,closed,False,True,False
-1.17,17,102.94474,17,closed,False,True,False
-1.19,19,102.950469,19,open,False,True,False
-1.15,15,102.955083,15,open,False,True,False
-1.15,15,102.959614,15,closed,False,True,False
-1.17,17,102.964741,17,open,False,True,False
-1.19,19,102.970528,19,open,False,True,False
-1.17,17,102.975725,17,open,False,True,False
-1.15,15,102.980349,15,closed,False,True,False
-1.17,17,102.985574,17,open,False,True,False
-1.15,15,102.990244,15,closed,False,True,False
-1.15,15,102.994889,15,open,False,True,False
-1.19,19,103.000514,19,closed,False,True,False
-1.17,17,103.005786,17,open,False,True,False
-1.19,19,103.011478,19,closed,False,True,False
-1.15,15,103.015947,15,open,False,True,False
-1.17,17,103.021225,17,closed,False,True,False
-1.19,19,103.026957,19,open,False,True,False
-1.15,15,103.031558,15,open,False,True,False
-1.17,17,103.036788,17,open,False,True,False
-1.19,19,103.042396,19,open,False,True,False
-1.15,15,103.046908,15,open,False,True,False
-1.15,15,103.051461,15,closed,False,True,False
-1.15,15,103.056104,15,closed,False,True,False
-1.19,19,103.061719,19,closed,False,True,False
-1.15,15,103.06629,15,open,False,True,False
-1.17,17,103.071454,17,closed,False,True,False
-1.15,15,103.075976,15,closed,False,True,False
-1.15,15,103.080626,15,closed,False,True,False
-1.17,17,103.085699,17,closed,False,True,False
-1.17,17,103.090877,17,closed,False,True,False
-1.15,15,103.095532,15,closed,False,True,False
-1.17,17,103.100621,17,closed,False,True,False
-1.15,15,103.105224,15,closed,False,True,False
-1.19,19,103.264807,19,open,False,True,False
-1.17,17,103.270057,17,open,False,True,False
-1.17,17,103.275335,17,open,False,True,False
-1.15,15,103.279984,15,closed,False,True,False
-1.19,19,103.285718,19,closed,False,True,False
-1.15,15,103.29035,15,open,False,True,False
-1.15,15,103.294939,15,closed,False,True,False
-1.19,19,103.300607,19,open,False,True,False
-1.17,17,103.305808,17,closed,False,True,False
-1.15,15,103.310432,15,closed,False,True,False
-1.15,15,103.314914,15,closed,False,True,False
-1.19,19,103.32066,19,closed,False,True,False
-1.15,15,103.325226,15,open,False,True,False
-1.19,19,103.3309,19,open,False,True,False
-1.15,15,103.335508,15,open,False,True,False
-1.15,15,103.340028,15,closed,False,True,False
-1.19,19,103.345699,19,closed,False,True,False
-1.17,17,103.350717,17,closed,False,True,False
-1.17,17,103.355898,17,open,False,True,False
-1.19,19,103.361593,19,open,False,True,False
-1.15,15,103.366189,15,closed,False,True,False
-1.15,15,103.370869,15,closed,False,True,False
-1.17,17,103.376057,17,open,False,True,False
-1.19,19,103.381778,19,open,False,True,False
-1.15,15,103.386332,15,closed,False,True,False
-1.15,15,103.390994,15,open,False,True,False
-1.17,17,103.396152,17,closed,False,True,False
-1.19,19,103.401929,19,open,False,True,False
-1.19,19,103.407606,19,open,False,True,False
-1.19,19,103.41321,19,closed,False,True,False
-1.19,19,103.418879,19,open,False,True,False
-1.17,17,103.424049,17,open,False,True,False
-1.15,15,103.42863,15,open,False,True,False
-1.17,17,103.433771,17,open,False,True,False
-1.17,17,103.438974,17,open,False,True,False
-1.15,15,103.443526,15,open,False,True,False
-1.15,15,103.448014,15,closed,False,True,False
-1.15,15,103.452657,15,open,False,True,False
-1.15,15,103.457228,15,closed,False,True,False
-1.19,19,103.462909,19,closed,False,True,False
-1.15,15,103.467569,15,closed,False,True,False
-1.19,19,103.473158,19,closed,False,True,False
-1.17,17,103.478266,17,closed,False,True,False
-1.17,17,103.483422,17,open,False,True,False
-1.17,17,103.488562,17,open,False,True,False
-1.19,19,103.494403,19,open,False,True,False
-1.15,15,103.498872,15,open,False,True,False
-1.17,17,103.504035,17,open,False,True,False
-1.17,17,103.509261,17,open,False,True,False
-1.19,19,103.514959,19,open,False,True,False
-1.19,19,103.520708,19,open,False,True,False
-1.17,17,103.525819,17,closed,False,True,False
-1.15,15,103.530391,15,open,False,True,False
-1.15,15,103.534958,15,open,False,True,False
-1.19,19,103.540609,19,closed,False,True,False
-1.17,17,103.545801,17,open,False,True,False
-1.15,15,103.550316,15,open,False,True,False
-1.19,19,103.556072,19,closed,False,True,False
-1.15,15,103.560651,15,open,False,True,False
-1.17,17,103.565773,17,closed,False,True,False
-1.15,15,103.570371,15,closed,False,True,False
-1.15,15,103.574985,15,open,False,True,False
-1.17,17,103.580055,17,open,False,True,False
-1.19,19,103.585692,19,open,False,True,False
-1.19,19,103.591439,19,open,False,True,False
-1.19,19,103.597165,19,closed,False,True,False
-1.17,17,103.602347,17,closed,False,True,False
-1.15,15,103.606989,15,open,False,True,False
-1.19,19,103.61258,19,closed,False,True,False
-1.19,19,103.61818,19,open,False,True,False
-1.17,17,103.623247,17,open,False,True,False
-1.15,15,103.627914,15,closed,False,True,False
-1.17,17,103.632982,17,closed,False,True,False
-1.15,15,103.637671,15,closed,False,True,False
-1.15,15,103.642288,15,closed,False,True,False
-1.17,17,103.647401,17,closed,False,True,False
-1.19,19,103.653077,19,open,False,True,False
-1.17,17,103.658223,17,open,False,True,False
-1.17,17,103.663391,17,open,False,True,False
-1.19,19,103.669,19,open,False,True,False
-1.17,17,103.674015,17,open,False,True,False
-1.19,19,103.679742,19,closed,False,True,False
-1.19,19,103.685424,19,open,False,True,False
-1.19,19,103.691216,19,open,False,True,False
-1.19,19,103.696968,19,open,False,True,False
-1.17,17,103.702044,17,open,False,True,False
-1.15,15,103.706505,15,closed,False,True,False
-1.19,19,103.712251,19,closed,False,True,False
-1.15,15,103.71671,15,closed,False,True,False
-1.19,19,103.722463,19,open,False,True,False
-1.19,19,103.72819,19,open,False,True,False
-1.17,17,103.733281,17,open,False,True,False
-1.15,15,103.737986,15,open,False,True,False
-1.19,19,103.7437,19,open,False,True,False
-1.19,19,103.74947,19,closed,False,True,False
-1.15,15,103.754079,15,closed,False,True,False
-1.15,15,103.758719,15,closed,False,True,False
-1.17,17,103.763927,17,closed,False,True,False
-1.15,15,103.768513,15,closed,False,True,False
-1.19,19,103.774183,19,open,False,True,False
-1.15,15,103.778783,15,open,False,True,False
-1.17,17,103.783825,17,closed,False,True,False
-1.17,17,103.788882,17,open,False,True,False
-1.19,19,103.794661,19,open,False,True,False
-1.19,19,103.800251,19,closed,False,True,False
-1.19,19,103.805968,19,open,False,True,False
-1.17,17,103.811141,17,closed,False,True,False
-1.17,17,103.816319,17,closed,False,True,False
-1.19,19,103.822071,19,open,False,True,False
-1.19,19,103.827758,19,closed,False,True,False
-1.17,17,103.832819,17,closed,False,True,False
-1.17,17,103.837991,17,closed,False,True,False
-1.15,15,103.842604,15,open,False,True,False
-1.17,17,103.847726,17,open,False,True,False
-1.15,15,103.852267,15,closed,False,True,False
-1.19,19,103.857897,19,closed,False,True,False
-1.17,17,103.863051,17,closed,False,True,False
-1.19,19,103.868755,19,closed,False,True,False
-1.17,17,103.873819,17,open,False,True,False
-1.15,15,103.878445,15,closed,False,True,False
-1.15,15,103.882949,15,closed,False,True,False
-1.15,15,104.040152,15,closed,False,True,False
-1.17,17,104.045527,17,open,False,True,False
-1.17,17,104.050644,17,closed,False,True,False
-1.15,15,104.055267,15,closed,False,True,False
-1.17,17,104.060555,17,closed,False,True,False
-1.15,15,104.065196,15,closed,False,True,False
-1.17,17,104.07046,17,closed,False,True,False
-1.17,17,104.075681,17,open,False,True,False
-1.19,19,104.081483,19,open,False,True,False
-1.19,19,104.087226,19,closed,False,True,False
-1.15,15,104.091931,15,open,False,True,False
-1.15,15,104.096547,15,open,False,True,False
-1.15,15,104.101191,15,closed,False,True,False
-1.19,19,104.106997,19,closed,False,True,False
-1.19,19,104.112738,19,open,False,True,False
-1.19,19,104.118783,19,open,False,True,False
-1.15,15,104.123455,15,open,False,True,False
-1.17,17,104.128526,17,open,False,True,False
-1.19,19,104.134144,19,open,False,True,False
-1.19,19,104.13999,19,open,False,True,False
-1.15,15,104.144548,15,open,False,True,False
-1.19,19,104.15022,19,open,False,True,False
-1.15,15,104.154935,15,open,False,True,False
-1.19,19,104.160757,19,closed,False,True,False
-1.19,19,104.16641,19,open,False,True,False
-1.19,19,104.172137,19,open,False,True,False
-1.19,19,104.177919,19,closed,False,True,False
-1.17,17,104.183104,17,closed,False,True,False
-1.17,17,104.188366,17,closed,False,True,False
-1.17,17,104.193583,17,closed,False,True,False
-1.17,17,104.198629,17,open,False,True,False
-1.19,19,104.204485,19,open,False,True,False
-1.19,19,104.21026,19,open,False,True,False
-1.19,19,104.216141,19,closed,False,True,False
-1.15,15,104.220818,15,closed,False,True,False
-1.17,17,104.225943,17,closed,False,True,False
-1.19,19,104.231745,19,open,False,True,False
-1.17,17,104.236982,17,open,False,True,False
-1.17,17,104.242209,17,open,False,True,False
-1.17,17,104.24742,17,open,False,True,False
-1.19,19,104.253435,19,open,False,True,False
-1.15,15,104.257972,15,closed,False,True,False
-1.15,15,104.262661,15,closed,False,True,False
-1.15,15,104.26726,15,closed,False,True,False
-1.17,17,104.272542,17,closed,False,True,False
-1.19,19,104.278294,19,closed,False,True,False
-1.17,17,104.283422,17,open,False,True,False
-1.15,15,104.288176,15,open,False,True,False
-1.15,15,104.292672,15,closed,False,True,False
-1.15,15,104.297355,15,open,False,True,False
-1.17,17,104.302443,17,closed,False,True,False
-1.17,17,104.307679,17,open,False,True,False
-1.15,15,104.312294,15,closed,False,True,False
-1.15,15,104.316912,15,closed,False,True,False
-1.17,17,104.322057,17,open,False,True,False
-1.15,15,104.32665,15,closed,False,True,False
-1.15,15,104.331238,15,closed,False,True,False
-1.15,15,104.335794,15,closed,False,True,False
-1.17,17,104.340919,17,closed,False,True,False
-1.17,17,104.346148,17,open,False,True,False
-1.17,17,104.351386,17,closed,False,True,False
-1.15,15,104.356076,15,open,False,True,False
-1.19,19,104.361795,19,open,False,True,False
-1.19,19,104.367456,19,closed,False,True,False
-1.17,17,104.37275,17,closed,False,True,False
-1.15,15,104.377263,15,closed,False,True,False
-1.19,19,104.382892,19,closed,False,True,False
-1.15,15,104.387528,15,open,False,True,False
-1.17,17,104.392788,17,closed,False,True,False
-1.15,15,104.397386,15,closed,False,True,False
-1.19,19,104.403132,19,closed,False,True,False
-1.17,17,104.408375,17,open,False,True,False
-1.17,17,104.413856,17,closed,False,True,False
-1.19,19,104.419499,19,open,False,True,False
-1.17,17,104.424644,17,open,False,True,False
-1.17,17,104.429866,17,open,False,True,False
-1.17,17,104.435136,17,open,False,True,False
-1.19,19,104.440923,19,closed,False,True,False
-1.19,19,104.446865,19,open,False,True,False
-1.17,17,104.452162,17,open,False,True,False
-1.19,19,104.457953,19,closed,False,True,False
-1.17,17,104.463072,17,open,False,True,False
-1.17,17,104.468161,17,open,False,True,False
-1.15,15,104.472748,15,closed,False,True,False
-1.19,19,104.478516,19,open,False,True,False
-1.15,15,104.483134,15,open,False,True,False
-1.17,17,104.488343,17,closed,False,True,False
-1.17,17,104.49358,17,closed,False,True,False
-1.19,19,104.499324,19,closed,False,True,False
-1.19,19,104.50502,19,open,False,True,False
-1.15,15,104.509758,15,closed,False,True,False
-1.15,15,104.514352,15,open,False,True,False
-1.17,17,104.519577,17,closed,False,True,False
-1.15,15,104.524178,15,open,False,True,False
-1.17,17,104.529316,17,closed,False,True,False
-1.15,15,104.533899,15,open,False,True,False
-1.17,17,104.539204,17,open,False,True,False
-1.17,17,104.544394,17,closed,False,True,False
-1.15,15,104.549022,15,closed,False,True,False
-1.17,17,104.554165,17,open,False,True,False
-1.19,19,104.559896,19,closed,False,True,False
-1.15,15,104.56449,15,open,False,True,False
-1.19,19,104.570329,19,open,False,True,False
-1.19,19,104.576218,19,closed,False,True,False
-1.17,17,104.581334,17,closed,False,True,False
-1.15,15,104.585861,15,closed,False,True,False
-1.19,19,104.591523,19,open,False,True,False
-1.15,15,104.596143,15,open,False,True,False
-1.19,19,104.601745,19,open,False,True,False
-1.15,15,104.606461,15,open,False,True,False
-1.19,19,104.612213,19,open,False,True,False
-1.17,17,104.617316,17,open,False,True,False
-1.15,15,104.622039,15,open,False,True,False
-1.19,19,104.627733,19,closed,False,True,False
-1.17,17,104.632794,17,closed,False,True,False
-1.19,19,104.638564,19,closed,False,True,False
-1.15,15,104.643057,15,closed,False,True,False
-1.19,19,104.648807,19,open,False,True,False
-1.19,19,104.65461,19,closed,False,True,False
-1.19,19,104.660404,19,closed,False,True,False
-1.17,17,104.818458,17,closed,False,True,False
-1.17,17,104.823807,17,open,False,True,False
-1.15,15,104.828494,15,open,False,True,False
-1.15,15,104.833036,15,open,False,True,False
-1.19,19,104.8388,19,closed,False,True,False
-1.19,19,104.844523,19,closed,False,True,False
-1.15,15,104.849072,15,open,False,True,False
-1.15,15,104.853675,15,closed,False,True,False
-1.17,17,104.858848,17,open,False,True,False
-1.15,15,104.863492,15,open,False,True,False
-1.19,19,104.869291,19,open,False,True,False
-1.15,15,104.873963,15,open,False,True,False
-1.19,19,104.879756,19,open,False,True,False
-1.19,19,104.885423,19,open,False,True,False
-1.17,17,104.890533,17,closed,False,True,False
-1.17,17,104.895715,17,closed,False,True,False
-1.15,15,104.90024,15,closed,False,True,False
-1.19,19,104.90606,19,open,False,True,False
-1.15,15,104.910579,15,open,False,True,False
-1.15,15,104.915104,15,closed,False,True,False
-1.15,15,104.919602,15,closed,False,True,False
-1.17,17,104.924686,17,closed,False,True,False
-1.17,17,104.929786,17,open,False,True,False
-1.19,19,104.935576,19,closed,False,True,False
-1.19,19,104.941252,19,open,False,True,False
-1.19,19,104.946923,19,open,False,True,False
-1.17,17,104.952246,17,open,False,True,False
-1.15,15,104.95684,15,closed,False,True,False
-1.19,19,104.962631,19,closed,False,True,False
-1.19,19,104.968332,19,open,False,True,False
-1.17,17,104.973532,17,open,False,True,False
-1.19,19,104.979211,19,closed,False,True,False
-1.15,15,104.983715,15,closed,False,True,False
-1.19,19,104.989313,19,open,False,True,False
-1.19,19,104.995124,19,closed,False,True,False
-1.15,15,104.999763,15,open,False,True,False
-1.19,19,105.005511,19,open,False,True,False
-1.19,19,105.011187,19,open,False,True,False
-1.17,17,105.016331,17,closed,False,True,False
-1.15,15,105.02101,15,open,False,True,False
-1.19,19,105.026687,19,closed,False,True,False
-1.17,17,105.031908,17,open,False,True,False
-1.17,17,105.036979,17,open,False,True,False
-1.15,15,105.04143,15,closed,False,True,False
-1.15,15,105.046021,15,open,False,True,False
-1.19,19,105.051809,19,closed,False,True,False
-1.19,19,105.05756,19,open,False,True,False
-1.19,19,105.063237,19,open,False,True,False
-1.19,19,105.068958,19,open,False,True,False
-1.19,19,105.074758,19,open,False,True,False
-1.15,15,105.079307,15,closed,False,True,False
-1.15,15,105.083903,15,closed,False,True,False
-1.19,19,105.089725,19,open,False,True,False
-1.15,15,105.094299,15,closed,False,True,False
-1.17,17,105.099515,17,closed,False,True,False
-1.19,19,105.105229,19,open,False,True,False
-1.15,15,105.109879,15,closed,False,True,False
-1.17,17,105.114996,17,closed,False,True,False
-1.15,15,105.119542,15,closed,False,True,False
-1.17,17,105.124616,17,closed,False,True,False
-1.15,15,105.129168,15,closed,False,True,False
-1.15,15,105.133656,15,closed,False,True,False
-1.19,19,105.139514,19,closed,False,True,False
-1.19,19,105.145247,19,closed,False,True,False
-1.17,17,105.150303,17,open,False,True,False
-1.15,15,105.155051,15,open,False,True,False
-1.19,19,105.160732,19,closed,False,True,False
-1.15,15,105.165407,15,open,False,True,False
-1.15,15,105.170083,15,open,False,True,False
-1.19,19,105.175868,19,closed,False,True,False
-1.17,17,105.18108,17,closed,False,True,False
-1.19,19,105.186847,19,open,False,True,False
-1.15,15,105.191434,15,closed,False,True,False
-1.17,17,105.19663,17,closed,False,True,False
-1.15,15,105.201257,15,closed,False,True,False
-1.15,15,105.205797,15,closed,False,True,False
-1.19,19,105.211433,19,open,False,True,False
-1.17,17,105.216495,17,closed,False,True,False
-1.19,19,105.222153,19,open,False,True,False
-1.17,17,105.227249,17,closed,False,True,False
-1.17,17,105.232459,17,open,False,True,False
-1.15,15,105.236993,15,open,False,True,False
-1.15,15,105.241579,15,closed,False,True,False
-1.15,15,105.246167,15,closed,False,True,False
-1.15,15,105.250681,15,open,False,True,False
-1.19,19,105.256519,19,open,False,True,False
-1.17,17,105.26167,17,closed,False,True,False
-1.17,17,105.266863,17,open,False,True,False
-1.19,19,105.272648,19,open,False,True,False
-1.17,17,105.277804,17,closed,False,True,False
-1.15,15,105.282279,15,closed,False,True,False
-1.19,19,105.28792,19,open,False,True,False
-1.17,17,105.293168,17,open,False,True,False
-1.19,19,105.299132,19,open,False,True,False
-1.17,17,105.304291,17,closed,False,True,False
-1.17,17,105.309577,17,closed,False,True,False
-1.19,19,105.315303,19,closed,False,True,False
-1.19,19,105.321118,19,closed,False,True,False
-1.19,19,105.32688,19,closed,False,True,False
-1.15,15,105.33147,15,open,False,True,False
-1.17,17,105.336555,17,open,False,True,False
-1.19,19,105.342327,19,open,False,True,False
-1.17,17,105.347519,17,closed,False,True,False
-1.15,15,105.352022,15,closed,False,True,False
-1.15,15,105.356595,15,closed,False,True,False
-1.17,17,105.361649,17,open,False,True,False
-1.19,19,105.36728,19,open,False,True,False
-1.17,17,105.372378,17,open,False,True,False
-1.15,15,105.376979,15,closed,False,True,False
-1.17,17,105.382051,17,closed,False,True,False
-1.15,15,105.386665,15,closed,False,True,False
-1.15,15,105.39124,15,open,False,True,False
-1.19,19,105.396909,19,open,False,True,False
-1.17,17,105.402099,17,closed,False,True,False
-1.15,15,105.40671,15,closed,False,True,False
-1.17,17,105.411752,17,open,False,True,False
-1.15,15,105.41637,15,open,False,True,False
-1.15,15,105.420947,15,open,False,True,False
-1.17,17,105.426071,17,open,False,True,False
-1.19,19,105.431759,19,closed,False,True,False
-1.19,19,105.590378,19,open,False,True,False
-1.19,19,105.596383,19,closed,False,True,False
-1.15,15,105.601057,15,open,False,True,False
-1.15,15,105.605733,15,open,False,True,False
-1.15,15,105.610386,15,closed,False,True,False
-1.15,15,105.614956,15,closed,False,True,False
-1.19,19,105.620611,19,closed,False,True,False
-1.15,15,105.625244,15,closed,False,True,False
-1.17,17,105.630337,17,open,False,True,False
-1.19,19,105.636118,19,closed,False,True,False
-1.17,17,105.641243,17,closed,False,True,False
-1.15,15,105.645796,15,closed,False,True,False
-1.15,15,105.650348,15,closed,False,True,False
-1.19,19,105.656116,19,closed,False,True,False
-1.17,17,105.661305,17,open,False,True,False
-1.17,17,105.666473,17,closed,False,True,False
-1.17,17,105.671679,17,open,False,True,False
-1.17,17,105.676867,17,open,False,True,False
-1.19,19,105.68258,19,open,False,True,False
-1.19,19,105.688319,19,closed,False,True,False
-1.17,17,105.693465,17,closed,False,True,False
-1.15,15,105.698038,15,closed,False,True,False
-1.15,15,105.702572,15,closed,False,True,False
-1.19,19,105.708199,19,closed,False,True,False
-1.15,15,105.712943,15,closed,False,True,False
-1.15,15,105.71753,15,open,False,True,False
-1.17,17,105.722723,17,open,False,True,False
-1.19,19,105.728488,19,open,False,True,False
-1.17,17,105.733645,17,closed,False,True,False
-1.19,19,105.739496,19,closed,False,True,False
-1.19,19,105.745164,19,open,False,True,False
-1.17,17,105.750309,17,closed,False,True,False
-1.15,15,105.754914,15,open,False,True,False
-1.19,19,105.760598,19,open,False,True,False
-1.19,19,105.766303,19,open,False,True,False
-1.15,15,105.771018,15,closed,False,True,False
-1.17,17,105.776101,17,closed,False,True,False
-1.15,15,105.780723,15,open,False,True,False
-1.17,17,105.785755,17,open,False,True,False
-1.17,17,105.790963,17,closed,False,True,False
-1.19,19,105.796793,19,closed,False,True,False
-1.19,19,105.802455,19,open,False,True,False
-1.19,19,105.808275,19,closed,False,True,False
-1.15,15,105.812886,15,closed,False,True,False
-1.19,19,105.818728,19,open,False,True,False
-1.17,17,105.823847,17,closed,False,True,False
-1.15,15,105.828343,15,closed,False,True,False
-1.19,19,105.834015,19,open,False,True,False
-1.15,15,105.838499,15,closed,False,True,False
-1.17,17,105.843733,17,open,False,True,False
-1.19,19,105.849331,19,open,False,True,False
-1.15,15,105.85393,15,open,False,True,False
-1.15,15,105.858554,15,open,False,True,False
-1.15,15,105.863059,15,open,False,True,False
-1.19,19,105.868677,19,closed,False,True,False
-1.15,15,105.87319,15,closed,False,True,False
-1.15,15,105.877811,15,open,False,True,False
-1.19,19,105.883492,19,open,False,True,False
-1.19,19,105.88918,19,closed,False,True,False
-1.17,17,105.894391,17,open,False,True,False
-1.17,17,105.89945,17,open,False,True,False
-1.19,19,105.90514,19,closed,False,True,False
-1.19,19,105.910973,19,open,False,True,False
-1.17,17,105.916035,17,open,False,True,False
-1.19,19,105.921796,19,closed,False,True,False
-1.19,19,105.927507,19,open,False,True,False
-1.19,19,105.933163,19,open,False,True,False
-1.15,15,105.937785,15,open,False,True,False
-1.19,19,105.943499,19,closed,False,True,False
-1.17,17,105.948469,17,closed,False,True,False
-1.15,15,105.952949,15,open,False,True,False
-1.15,15,105.957607,15,open,False,True,False
-1.15,15,105.962054,15,closed,False,True,False
-1.15,15,105.966535,15,closed,False,True,False
-1.19,19,105.972253,19,closed,False,True,False
-1.15,15,105.976835,15,open,False,True,False
-1.17,17,105.981839,17,closed,False,True,False
-1.17,17,105.986954,17,open,False,True,False
-1.15,15,105.991615,15,open,False,True,False
-1.17,17,105.996755,17,open,False,True,False
-1.15,15,106.001363,15,open,False,True,False
-1.19,19,106.007104,19,open,False,True,False
-1.15,15,106.011634,15,open,False,True,False
-1.15,15,106.016102,15,open,False,True,False
-1.17,17,106.021311,17,closed,False,True,False
-1.19,19,106.027028,19,open,False,True,False
-1.19,19,106.032676,19,open,False,True,False
-1.19,19,106.038488,19,closed,False,True,False
-1.15,15,106.043074,15,open,False,True,False
-1.19,19,106.04877,19,closed,False,True,False
-1.19,19,106.054445,19,open,False,True,False
-1.19,19,106.060163,19,open,False,True,False
-1.17,17,106.065326,17,closed,False,True,False
-1.15,15,106.070034,15,closed,False,True,False
-1.19,19,106.075733,19,open,False,True,False
-1.17,17,106.080739,17,open,False,True,False
-1.17,17,106.085875,17,open,False,True,False
-1.15,15,106.090517,15,open,False,True,False
-1.15,15,106.095087,15,open,False,True,False
-1.19,19,106.100732,19,open,False,True,False
-1.17,17,106.106033,17,open,False,True,False
-1.17,17,106.111154,17,open,False,True,False
-1.17,17,106.116334,17,closed,False,True,False
-1.17,17,106.12158,17,closed,False,True,False
-1.19,19,106.127328,19,open,False,True,False
-1.19,19,106.133082,19,closed,False,True,False
-1.15,15,106.137719,15,open,False,True,False
-1.17,17,106.142833,17,open,False,True,False
-1.15,15,106.147297,15,closed,False,True,False
-1.19,19,106.152989,19,open,False,True,False
-1.15,15,106.157562,15,open,False,True,False
-1.15,15,106.162064,15,closed,False,True,False
-1.15,15,106.166632,15,open,False,True,False
-1.17,17,106.171891,17,open,False,True,False
-1.19,19,106.17756,19,closed,False,True,False
-1.19,19,106.183148,19,open,False,True,False
-1.17,17,106.188234,17,closed,False,True,False
-1.17,17,106.193287,17,open,False,True,False
-1.17,17,106.198419,17,open,False,True,False
-1.15,15,106.202993,15,closed,False,True,False
-1.19,19,106.208606,19,open,False,True,False
-1.19,19,106.367066,19,closed,False,True,False
-1.17,17,106.372335,17,open,False,True,False
-1.15,15,106.377018,15,open,False,True,False
-1.15,15,106.38153,15,open,False,True,False
-1.19,19,106.387189,19,closed,False,True,False
-1.15,15,106.391776,15,closed,False,True,False
-1.17,17,106.396999,17,closed,False,True,False
-1.19,19,106.402738,19,open,False,True,False
-1.17,17,106.407989,17,open,False,True,False
-1.17,17,106.413099,17,open,False,True,False
-1.17,17,106.418199,17,open,False,True,False
-1.17,17,106.423332,17,closed,False,True,False
-1.17,17,106.42839,17,open,False,True,False
-1.15,15,106.433003,15,closed,False,True,False
-1.17,17,106.438172,17,closed,False,True,False
-1.17,17,106.443431,17,open,False,True,False
-1.19,19,106.449219,19,open,False,True,False
-1.17,17,106.454379,17,closed,False,True,False
-1.19,19,106.460065,19,closed,False,True,False
-1.15,15,106.464693,15,closed,False,True,False
-1.17,17,106.469798,17,closed,False,True,False
-1.17,17,106.47497,17,open,False,True,False
-1.19,19,106.480767,19,open,False,True,False
-1.15,15,106.485347,15,open,False,True,False
-1.17,17,106.490415,17,open,False,True,False
-1.19,19,106.496038,19,closed,False,True,False
-1.15,15,106.500568,15,open,False,True,False
-1.15,15,106.505215,15,open,False,True,False
-1.17,17,106.510287,17,closed,False,True,False
-1.17,17,106.515459,17,closed,False,True,False
-1.19,19,106.521194,19,closed,False,True,False
-1.17,17,106.526405,17,closed,False,True,False
-1.17,17,106.53163,17,open,False,True,False
-1.17,17,106.536703,17,open,False,True,False
-1.19,19,106.542494,19,closed,False,True,False
-1.17,17,106.547615,17,open,False,True,False
-1.19,19,106.553329,19,closed,False,True,False
-1.15,15,106.557864,15,open,False,True,False
-1.17,17,106.562901,17,open,False,True,False
-1.17,17,106.568015,17,closed,False,True,False
-1.17,17,106.573273,17,open,False,True,False
-1.17,17,106.578441,17,closed,False,True,False
-1.15,15,106.583014,15,closed,False,True,False
-1.17,17,106.588093,17,closed,False,True,False
-1.15,15,106.592765,15,open,False,True,False
-1.17,17,106.597958,17,open,False,True,False
-1.17,17,106.603196,17,closed,False,True,False
-1.15,15,106.607875,15,open,False,True,False
-1.15,15,106.612516,15,closed,False,True,False
-1.17,17,106.617699,17,open,False,True,False
-1.19,19,106.623469,19,closed,False,True,False
-1.17,17,106.628563,17,open,False,True,False
-1.17,17,106.633625,17,open,False,True,False
-1.19,19,106.639364,19,closed,False,True,False
-1.15,15,106.643837,15,closed,False,True,False
-1.15,15,106.64827,15,open,False,True,False
-1.17,17,106.653391,17,open,False,True,False
-1.15,15,106.657969,15,closed,False,True,False
-1.15,15,106.66245,15,open,False,True,False
-1.15,15,106.667039,15,open,False,True,False
-1.15,15,106.671607,15,open,False,True,False
-1.15,15,106.676183,15,closed,False,True,False
-1.15,15,106.68064,15,open,False,True,False
-1.17,17,106.6858,17,open,False,True,False
-1.15,15,106.690425,15,closed,False,True,False
-1.17,17,106.695533,17,open,False,True,False
-1.17,17,106.700649,17,closed,False,True,False
-1.17,17,106.705798,17,closed,False,True,False
-1.17,17,106.710936,17,closed,False,True,False
-1.19,19,106.716714,19,closed,False,True,False
-1.17,17,106.721882,17,open,False,True,False
-1.17,17,106.727016,17,closed,False,True,False
-1.15,15,106.7316,15,closed,False,True,False
-1.15,15,106.736223,15,open,False,True,False
-1.15,15,106.740813,15,open,False,True,False
-1.15,15,106.745343,15,closed,False,True,False
-1.19,19,106.750949,19,closed,False,True,False
-1.17,17,106.755934,17,closed,False,True,False
-1.15,15,106.760469,15,closed,False,True,False
-1.15,15,106.7651,15,closed,False,True,False
-1.17,17,106.770282,17,closed,False,True,False
-1.15,15,106.774912,15,open,False,True,False
-1.17,17,106.779963,17,open,False,True,False
-1.15,15,106.784471,15,open,False,True,False
-1.15,15,106.789142,15,closed,False,True,False
-1.15,15,106.793642,15,closed,False,True,False
-1.19,19,106.799232,19,open,False,True,False
-1.19,19,106.805023,19,closed,False,True,False
-1.19,19,106.810687,19,open,False,True,False
-1.17,17,106.815812,17,closed,False,True,False
-1.15,15,106.820349,15,closed,False,True,False
-1.19,19,106.826235,19,open,False,True,False
-1.19,19,106.832035,19,closed,False,True,False
-1.19,19,106.837672,19,open,False,True,False
-1.19,19,106.843439,19,closed,False,True,False
-1.17,17,106.848702,17,closed,False,True,False
-1.15,15,106.853318,15,closed,False,True,False
-1.19,19,106.859093,19,closed,False,True,False
-1.15,15,106.863621,15,closed,False,True,False
-1.15,15,106.868091,15,closed,False,True,False
-1.17,17,106.873198,17,closed,False,True,False
-1.19,19,106.878815,19,closed,False,True,False
-1.15,15,106.883225,15,closed,False,True,False
-1.17,17,106.888435,17,closed,False,True,False
-1.15,15,106.892935,15,closed,False,True,False
-1.19,19,106.89864,19,closed,False,True,False
-1.17,17,106.903829,17,open,False,True,False
-1.17,17,106.908934,17,open,False,True,False
-1.17,17,106.914003,17,open,False,True,False
-1.17,17,106.919164,17,open,False,True,False
-1.19,19,106.924879,19,open,False,True,False
-1.17,17,106.929965,17,closed,False,True,False
-1.19,19,106.935672,19,closed,False,True,False
-1.17,17,106.940884,17,closed,False,True,False
-1.17,17,106.946033,17,open,False,True,False
-1.19,19,106.95173,19,closed,False,True,False
-1.17,17,106.956912,17,closed,False,True,False
-1.17,17,106.961957,17,closed,False,True,False
-1.17,17,106.967007,17,closed,False,True,False
-1.19,19,106.972629,19,closed,False,True,False
-1.19,19,106.978333,19,open,False,True,False
-1.15,15,107.135266,15,closed,False,True,False
-1.15,15,107.13993,15,closed,False,True,False
-1.17,17,107.145169,17,closed,False,True,False
-1.17,17,107.150369,17,closed,False,True,False
-1.19,19,107.156013,19,open,False,True,False
-1.19,19,107.161662,19,closed,False,True,False
-1.19,19,107.167434,19,closed,False,True,False
-1.19,19,107.173191,19,closed,False,True,False
-1.17,17,107.178333,17,closed,False,True,False
-1.19,19,107.18405,19,closed,False,True,False
-1.17,17,107.189173,17,open,False,True,False
-1.19,19,107.194955,19,closed,False,True,False
-1.15,15,107.199509,15,open,False,True,False
-1.17,17,107.204594,17,closed,False,True,False
-1.19,19,107.210364,19,open,False,True,False
-1.17,17,107.215587,17,closed,False,True,False
-1.19,19,107.221293,19,open,False,True,False
-1.17,17,107.226461,17,closed,False,True,False
-1.17,17,107.231654,17,closed,False,True,False
-1.15,15,107.23622,15,closed,False,True,False
-1.17,17,107.24131,17,open,False,True,False
-1.17,17,107.246537,17,open,False,True,False
-1.19,19,107.252248,19,open,False,True,False
-1.15,15,107.256915,15,closed,False,True,False
-1.15,15,107.261454,15,open,False,True,False
-1.19,19,107.267235,19,closed,False,True,False
-1.19,19,107.273053,19,open,False,True,False
-1.17,17,107.278225,17,closed,False,True,False
-1.19,19,107.283886,19,open,False,True,False
-1.15,15,107.28843,15,closed,False,True,False
-1.19,19,107.294127,19,closed,False,True,False
-1.15,15,107.298763,15,closed,False,True,False
-1.19,19,107.304415,19,closed,False,True,False
-1.15,15,107.309041,15,closed,False,True,False
-1.15,15,107.313692,15,open,False,True,False
-1.17,17,107.31875,17,closed,False,True,False
-1.17,17,107.32384,17,open,False,True,False
-1.19,19,107.329549,19,open,False,True,False
-1.15,15,107.334089,15,closed,False,True,False
-1.17,17,107.339262,17,open,False,True,False
-1.15,15,107.343886,15,closed,False,True,False
-1.17,17,107.348883,17,open,False,True,False
-1.17,17,107.354076,17,open,False,True,False
-1.15,15,107.358719,15,open,False,True,False
-1.19,19,107.364351,19,closed,False,True,False
-1.15,15,107.369083,15,open,False,True,False
-1.19,19,107.374784,19,closed,False,True,False
-1.15,15,107.379314,15,closed,False,True,False
-1.17,17,107.384562,17,closed,False,True,False
-1.15,15,107.389246,15,open,False,True,False
-1.17,17,107.39438,17,closed,False,True,False
-1.17,17,107.399488,17,closed,False,True,False
-1.19,19,107.405272,19,closed,False,True,False
-1.17,17,107.410488,17,open,False,True,False
-1.19,19,107.416184,19,closed,False,True,False
-1.19,19,107.421899,19,closed,False,True,False
-1.17,17,107.426964,17,closed,False,True,False
-1.19,19,107.432652,19,closed,False,True,False
-1.15,15,107.437213,15,closed,False,True,False
-1.15,15,107.442,15,open,False,True,False
-1.17,17,107.447226,17,open,False,True,False
-1.15,15,107.451764,15,open,False,True,False
-1.19,19,107.457495,19,closed,False,True,False
-1.19,19,107.463259,19,open,False,True,False
-1.15,15,107.467778,15,open,False,True,False
-1.19,19,107.473516,19,open,False,True,False
-1.17,17,107.47867,17,open,False,True,False
-1.19,19,107.48434,19,closed,False,True,False
-1.15,15,107.488857,15,open,False,True,False
-1.19,19,107.494606,19,closed,False,True,False
-1.17,17,107.499613,17,closed,False,True,False
-1.15,15,107.504191,15,open,False,True,False
-1.19,19,107.50985,19,closed,False,True,False
-1.19,19,107.515453,19,open,False,True,False
-1.15,15,107.520035,15,closed,False,True,False
-1.15,15,107.524616,15,closed,False,True,False
-1.17,17,107.529675,17,closed,False,True,False
-1.17,17,107.534735,17,closed,False,True,False
-1.15,15,107.539362,15,closed,False,True,False
-1.17,17,107.544553,17,closed,False,True,False
-1.15,15,107.549083,15,closed,False,True,False
-1.19,19,107.554834,19,open,False,True,False
-1.19,19,107.560492,19,closed,False,True,False
-1.15,15,107.564971,15,closed,False,True,False
-1.17,17,107.57018,17,closed,False,True,False
-1.15,15,107.574839,15,open,False,True,False
-1.17,17,107.579978,17,closed,False,True,False
-1.19,19,107.585566,19,closed,False,True,False
-1.15,15,107.590112,15,closed,False,True,False
-1.17,17,107.595326,17,closed,False,True,False
-1.17,17,107.600335,17,closed,False,True,False
-1.15,15,107.604906,15,open,False,True,False
-1.17,17,107.61006,17,open,False,True,False
-1.19,19,107.615677,19,open,False,True,False
-1.19,19,107.621458,19,closed,False,True,False
-1.17,17,107.626646,17,closed,False,True,False
-1.15,15,107.631254,15,open,False,True,False
-1.19,19,107.636962,19,closed,False,True,False
-1.19,19,107.642629,19,closed,False,True,False
-1.17,17,107.647778,17,closed,False,True,False
-1.19,19,107.653538,19,closed,False,True,False
-1.15,15,107.658139,15,closed,False,True,False
-1.17,17,107.663262,17,open,False,True,False
-1.17,17,107.668418,17,closed,False,True,False
-1.19,19,107.674221,19,closed,False,True,False
-1.19,19,107.679964,19,open,False,True,False
-1.19,19,107.68557,19,open,False,True,False
-1.17,17,107.690652,17,open,False,True,False
-1.15,15,107.69524,15,open,False,True,False
-1.17,17,107.700374,17,open,False,True,False
-1.15,15,107.705009,15,open,False,True,False
-1.19,19,107.710624,19,open,False,True,False
-1.15,15,107.715202,15,open,False,True,False
-1.15,15,107.719739,15,open,False,True,False
-1.15,15,107.724373,15,closed,False,True,False
-1.17,17,107.729422,17,closed,False,True,False
-1.19,19,107.735042,19,closed,False,True,False
-1.19,19,107.74077,19,open,False,True,False
-1.15,15,107.745273,15,closed,False,True,False
-1.17,17,107.750432,17,open,False,True,False
-1.15,15,107.906158,15,open,False,True,False
-1.15,15,107.910967,15,closed,False,True,False
-1.17,17,107.916132,17,closed,False,True,False
-1.15,15,107.920768,15,open,False,True,False
-1.17,17,107.925875,17,closed,False,True,False
-1.15,15,107.930395,15,closed,False,True,False
-1.17,17,107.935603,17,closed,False,True,False
-1.19,19,107.941445,19,open,False,True,False
-1.17,17,107.946653,17,open,False,True,False
-1.17,17,107.951834,17,closed,False,True,False
-1.15,15,107.956417,15,closed,False,True,False
-1.17,17,107.961542,17,open,False,True,False
-1.15,15,107.966154,15,closed,False,True,False
-1.19,19,107.971996,19,open,False,True,False
-1.15,15,107.976659,15,open,False,True,False
-1.15,15,107.981149,15,open,False,True,False
-1.17,17,107.986276,17,closed,False,True,False
-1.17,17,107.991447,17,open,False,True,False
-1.19,19,107.997241,19,closed,False,True,False
-1.17,17,108.002452,17,open,False,True,False
-1.17,17,108.007692,17,open,False,True,False
-1.15,15,108.012277,15,closed,False,True,False
-1.15,15,108.016857,15,open,False,True,False
-1.17,17,108.022105,17,closed,False,True,False
-1.17,17,108.027308,17,open,False,True,False
-1.19,19,108.033016,19,open,False,True,False
-1.19,19,108.038706,19,closed,False,True,False
-1.19,19,108.044304,19,open,False,True,False
-1.19,19,108.049958,19,open,False,True,False
-1.19,19,108.055543,19,closed,False,True,False
-1.19,19,108.061294,19,open,False,True,False
-1.19,19,108.066974,19,open,False,True,False
-1.15,15,108.071578,15,open,False,True,False
-1.15,15,108.076092,15,closed,False,True,False
-1.15,15,108.080532,15,closed,False,True,False
-1.19,19,108.086264,19,open,False,True,False
-1.19,19,108.092106,19,closed,False,True,False
-1.17,17,108.0972,17,closed,False,True,False
-1.17,17,108.102301,17,closed,False,True,False
-1.15,15,108.106997,15,closed,False,True,False
-1.19,19,108.11265,19,closed,False,True,False
-1.15,15,108.117454,15,open,False,True,False
-1.17,17,108.122766,17,open,False,True,False
-1.17,17,108.127864,17,open,False,True,False
-1.15,15,108.132435,15,closed,False,True,False
-1.19,19,108.138122,19,open,False,True,False
-1.17,17,108.143376,17,open,False,True,False
-1.19,19,108.149104,19,closed,False,True,False
-1.15,15,108.153817,15,closed,False,True,False
-1.15,15,108.158433,15,closed,False,True,False
-1.17,17,108.163506,17,open,False,True,False
-1.17,17,108.168626,17,open,False,True,False
-1.19,19,108.174385,19,closed,False,True,False
-1.17,17,108.179472,17,open,False,True,False
-1.19,19,108.185285,19,open,False,True,False
-1.19,19,108.191072,19,open,False,True,False
-1.15,15,108.19559,15,closed,False,True,False
-1.17,17,108.200798,17,closed,False,True,False
-1.17,17,108.205996,17,open,False,True,False
-1.17,17,108.211122,17,open,False,True,False
-1.15,15,108.215607,15,closed,False,True,False
-1.19,19,108.22127,19,open,False,True,False
-1.19,19,108.227062,19,closed,False,True,False
-1.19,19,108.232755,19,closed,False,True,False
-1.19,19,108.238495,19,closed,False,True,False
-1.15,15,108.243121,15,open,False,True,False
-1.15,15,108.24771,15,closed,False,True,False
-1.15,15,108.252355,15,closed,False,True,False
-1.19,19,108.258315,19,closed,False,True,False
-1.19,19,108.264081,19,open,False,True,False
-1.17,17,108.269165,17,open,False,True,False
-1.19,19,108.274999,19,open,False,True,False
-1.17,17,108.280174,17,open,False,True,False
-1.17,17,108.285364,17,closed,False,True,False
-1.15,15,108.289957,15,closed,False,True,False
-1.19,19,108.295546,19,closed,False,True,False
-1.19,19,108.301318,19,closed,False,True,False
-1.19,19,108.307024,19,open,False,True,False
-1.19,19,108.312847,19,closed,False,True,False
-1.19,19,108.31863,19,closed,False,True,False
-1.17,17,108.323764,17,open,False,True,False
-1.19,19,108.329501,19,open,False,True,False
-1.15,15,108.33409,15,open,False,True,False
-1.19,19,108.340118,19,closed,False,True,False
-1.19,19,108.346125,19,closed,False,True,False
-1.17,17,108.351352,17,open,False,True,False
-1.15,15,108.35593,15,closed,False,True,False
-1.19,19,108.361775,19,closed,False,True,False
-1.17,17,108.367003,17,open,False,True,False
-1.19,19,108.37292,19,closed,False,True,False
-1.15,15,108.377554,15,closed,False,True,False
-1.17,17,108.382887,17,closed,False,True,False
-1.19,19,108.388869,19,closed,False,True,False
-1.17,17,108.394009,17,open,False,True,False
-1.19,19,108.399695,19,open,False,True,False
-1.19,19,108.405849,19,open,False,True,False
-1.19,19,108.411844,19,open,False,True,False
-1.17,17,108.416991,17,closed,False,True,False
-1.19,19,108.422766,19,open,False,True,False
-1.15,15,108.427352,15,open,False,True,False
-1.15,15,108.431863,15,closed,False,True,False
-1.17,17,108.436976,17,closed,False,True,False
-1.19,19,108.442875,19,open,False,True,False
-1.19,19,108.448759,19,closed,False,True,False
-1.19,19,108.454706,19,open,False,True,False
-1.15,15,108.4594,15,open,False,True,False
-1.19,19,108.46503,19,closed,False,True,False
-1.19,19,108.470859,19,open,False,True,False
-1.15,15,108.475393,15,closed,False,True,False
-1.19,19,108.481153,19,closed,False,True,False
-1.15,15,108.48572,15,open,False,True,False
-1.15,15,108.490263,15,open,False,True,False
-1.17,17,108.495459,17,open,False,True,False
-1.15,15,108.50003,15,open,False,True,False
-1.19,19,108.505772,19,closed,False,True,False
-1.17,17,108.510834,17,closed,False,True,False
-1.15,15,108.515308,15,closed,False,True,False
-1.19,19,108.520975,19,closed,False,True,False
-1.17,17,108.526164,17,open,False,True,False
-1.19,19,108.682942,19,open,False,True,False
-1.15,15,108.687605,15,closed,False,True,False
-1.19,19,108.693381,19,open,False,True,False
-1.19,19,108.699164,19,closed,False,True,False
-1.17,17,108.704282,17,closed,False,True,False
-1.19,19,108.710055,19,open,False,True,False
-1.19,19,108.715814,19,open,False,True,False
-1.15,15,108.720389,15,open,False,True,False
-1.17,17,108.725653,17,closed,False,True,False
-1.15,15,108.730287,15,open,False,True,False
-1.19,19,108.736027,19,closed,False,True,False
-1.19,19,108.741744,19,closed,False,True,False
-1.19,19,108.747417,19,open,False,True,False
-1.19,19,108.753214,19,open,False,True,False
-1.19,19,108.758952,19,open,False,True,False
-1.19,19,108.764634,19,closed,False,True,False
-1.19,19,108.770414,19,open,False,True,False
-1.19,19,108.776212,19,closed,False,True,False
-1.17,17,108.7813,17,closed,False,True,False
-1.15,15,108.785852,15,open,False,True,False
-1.19,19,108.791634,19,open,False,True,False
-1.19,19,108.797352,19,open,False,True,False
-1.15,15,108.80201,15,open,False,True,False
-1.19,19,108.807712,19,closed,False,True,False
-1.19,19,108.813461,19,closed,False,True,False
-1.17,17,108.818556,17,closed,False,True,False
-1.19,19,108.824331,19,closed,False,True,False
-1.15,15,108.828964,15,closed,False,True,False
-1.17,17,108.834173,17,closed,False,True,False
-1.15,15,108.838875,15,closed,False,True,False
-1.19,19,108.84467,19,open,False,True,False
-1.19,19,108.850268,19,open,False,True,False
-1.19,19,108.856011,19,open,False,True,False
-1.19,19,108.861651,19,closed,False,True,False
-1.19,19,108.867437,19,open,False,True,False
-1.15,15,108.872126,15,open,False,True,False
-1.17,17,108.877345,17,open,False,True,False
-1.19,19,108.88311,19,closed,False,True,False
-1.19,19,108.888877,19,closed,False,True,False
-1.17,17,108.894045,17,open,False,True,False
-1.19,19,108.899869,19,closed,False,True,False
-1.15,15,108.904446,15,closed,False,True,False
-1.19,19,108.91024,19,closed,False,True,False
-1.15,15,108.914859,15,open,False,True,False
-1.15,15,108.919385,15,closed,False,True,False
-1.19,19,108.92521,19,closed,False,True,False
-1.17,17,108.930269,17,open,False,True,False
-1.17,17,108.935388,17,closed,False,True,False
-1.19,19,108.941071,19,open,False,True,False
-1.15,15,108.945692,15,closed,False,True,False
-1.19,19,108.951447,19,open,False,True,False
-1.17,17,108.956559,17,closed,False,True,False
-1.19,19,108.962343,19,open,False,True,False
-1.17,17,108.967418,17,closed,False,True,False
-1.19,19,108.973235,19,open,False,True,False
-1.15,15,108.977713,15,open,False,True,False
-1.19,19,108.983418,19,open,False,True,False
-1.19,19,108.989136,19,open,False,True,False
-1.19,19,108.99485,19,open,False,True,False
-1.17,17,109.000032,17,open,False,True,False
-1.17,17,109.005116,17,closed,False,True,False
-1.17,17,109.010264,17,open,False,True,False
-1.19,19,109.016009,19,closed,False,True,False
-1.15,15,109.020723,15,open,False,True,False
-1.17,17,109.025948,17,closed,False,True,False
-1.15,15,109.030574,15,open,False,True,False
-1.17,17,109.035702,17,closed,False,True,False
-1.17,17,109.040854,17,open,False,True,False
-1.17,17,109.04595,17,closed,False,True,False
-1.19,19,109.05164,19,open,False,True,False
-1.15,15,109.0563,15,open,False,True,False
-1.19,19,109.061995,19,open,False,True,False
-1.15,15,109.066655,15,closed,False,True,False
-1.15,15,109.071207,15,open,False,True,False
-1.19,19,109.077026,19,closed,False,True,False
-1.17,17,109.082109,17,open,False,True,False
-1.17,17,109.087318,17,closed,False,True,False
-1.17,17,109.092583,17,closed,False,True,False
-1.19,19,109.098336,19,closed,False,True,False
-1.17,17,109.103459,17,open,False,True,False
-1.15,15,109.108189,15,open,False,True,False
-1.15,15,109.112799,15,open,False,True,False
-1.17,17,109.117893,17,closed,False,True,False
-1.17,17,109.123114,17,closed,False,True,False
-1.15,15,109.12773,15,closed,False,True,False
-1.19,19,109.133396,19,closed,False,True,False
-1.15,15,109.138083,15,closed,False,True,False
-1.19,19,109.143759,19,closed,False,True,False
-1.19,19,109.149444,19,closed,False,True,False
-1.17,17,109.154654,17,closed,False,True,False
-1.15,15,109.159253,15,closed,False,True,False
-1.19,19,109.165066,19,open,False,True,False
-1.17,17,109.170324,17,open,False,True,False
-1.19,19,109.176155,19,closed,False,True,False
-1.15,15,109.180783,15,open,False,True,False
-1.15,15,109.185313,15,open,False,True,False
-1.17,17,109.190551,17,closed,False,True,False
-1.19,19,109.196288,19,closed,False,True,False
-1.19,19,109.202061,19,open,False,True,False
-1.17,17,109.207249,17,closed,False,True,False
-1.17,17,109.212461,17,open,False,True,False
-1.19,19,109.218226,19,open,False,True,False
-1.15,15,109.222809,15,closed,False,True,False
-1.19,19,109.228497,19,open,False,True,False
-1.17,17,109.233668,17,open,False,True,False
-1.15,15,109.238296,15,open,False,True,False
-1.17,17,109.2439,17,closed,False,True,False
-1.15,15,109.248611,15,closed,False,True,False
-1.15,15,109.253149,15,closed,False,True,False
-1.17,17,109.258386,17,closed,False,True,False
-1.19,19,109.264146,19,open,False,True,False
-1.19,19,109.269852,19,open,False,True,False
-1.17,17,109.275015,17,open,False,True,False
-1.17,17,109.280177,17,open,False,True,False
-1.17,17,109.285266,17,open,False,True,False
-1.17,17,109.290482,17,open,False,True,False
-1.17,17,109.295667,17,closed,False,True,False
-1.17,17,109.300917,17,closed,False,True,False
-1.17,17,109.469739,17,closed,False,True,False
-1.15,15,109.474638,15,closed,False,True,False
-1.17,17,109.479915,17,closed,False,True,False
-1.19,19,109.485678,19,closed,False,True,False
-1.17,17,109.490837,17,closed,False,True,False
-1.19,19,109.496507,19,closed,False,True,False
-1.19,19,109.502287,19,open,False,True,False
-1.15,15,109.50741,15,open,False,True,False
-1.19,19,109.51314,19,closed,False,True,False
-1.17,17,109.518279,17,closed,False,True,False
-1.15,15,109.522931,15,open,False,True,False
-1.19,19,109.528669,19,closed,False,True,False
-1.19,19,109.534454,19,closed,False,True,False
-1.15,15,109.539053,15,open,False,True,False
-1.15,15,109.543903,15,closed,False,True,False
-1.15,15,109.548514,15,closed,False,True,False
-1.19,19,109.554252,19,closed,False,True,False
-1.17,17,109.55939,17,open,False,True,False
-1.15,15,109.563988,15,closed,False,True,False
-1.17,17,109.569094,17,open,False,True,False
-1.15,15,109.573646,15,closed,False,True,False
-1.17,17,109.578819,17,closed,False,True,False
-1.17,17,109.583991,17,closed,False,True,False
-1.15,15,109.58855,15,closed,False,True,False
-1.15,15,109.593122,15,open,False,True,False
-1.17,17,109.598272,17,closed,False,True,False
-1.19,19,109.605628,19,open,False,True,False
-1.15,15,109.610466,15,closed,False,True,False
-1.17,17,109.615776,17,open,False,True,False
-1.19,19,109.622326,19,open,False,True,False
-1.15,15,109.627007,15,open,False,True,False
-1.15,15,109.631665,15,open,False,True,False
-1.15,15,109.636906,15,open,False,True,False
-1.19,19,109.644074,19,open,False,True,False
-1.17,17,109.649352,17,open,False,True,False
-1.15,15,109.654673,15,open,False,True,False
-1.19,19,109.660444,19,closed,False,True,False
-1.17,17,109.665614,17,closed,False,True,False
-1.17,17,109.671456,17,closed,False,True,False
-1.15,15,109.676101,15,open,False,True,False
-1.15,15,109.680691,15,open,False,True,False
-1.19,19,109.687121,19,open,False,True,False
-1.17,17,109.692217,17,closed,False,True,False
-1.15,15,109.696832,15,open,False,True,False
-1.15,15,109.70169,15,open,False,True,False
-1.19,19,109.707434,19,closed,False,True,False
-1.17,17,109.712526,17,open,False,True,False
-1.15,15,109.717041,15,closed,False,True,False
-1.15,15,109.721616,15,closed,False,True,False
-1.17,17,109.726644,17,closed,False,True,False
-1.19,19,109.732296,19,closed,False,True,False
-1.17,17,109.737537,17,closed,False,True,False
-1.19,19,109.743157,19,closed,False,True,False
-1.19,19,109.748943,19,closed,False,True,False
-1.19,19,109.754785,19,open,False,True,False
-1.17,17,109.759927,17,open,False,True,False
-1.17,17,109.765087,17,closed,False,True,False
-1.19,19,109.770671,19,closed,False,True,False
-1.15,15,109.775182,15,closed,False,True,False
-1.15,15,109.779685,15,closed,False,True,False
-1.17,17,109.784749,17,open,False,True,False
-1.19,19,109.790445,19,open,False,True,False
-1.17,17,109.795508,17,closed,False,True,False
-1.15,15,109.800076,15,closed,False,True,False
-1.17,17,109.805254,17,closed,False,True,False
-1.15,15,109.809834,15,open,False,True,False
-1.15,15,109.814339,15,open,False,True,False
-1.19,19,109.820117,19,closed,False,True,False
-1.19,19,109.825901,19,closed,False,True,False
-1.17,17,109.831047,17,closed,False,True,False
-1.17,17,109.836276,17,closed,False,True,False
-1.17,17,109.841369,17,open,False,True,False
-1.19,19,109.84719,19,closed,False,True,False
-1.17,17,109.85237,17,closed,False,True,False
-1.19,19,109.858119,19,closed,False,True,False
-1.17,17,109.863209,17,open,False,True,False
-1.19,19,109.86894,19,closed,False,True,False
-1.17,17,109.874175,17,closed,False,True,False
-1.17,17,109.879346,17,closed,False,True,False
-1.17,17,109.884479,17,open,False,True,False
-1.15,15,109.888997,15,open,False,True,False
-1.19,19,109.894773,19,closed,False,True,False
-1.17,17,109.899864,17,open,False,True,False
-1.17,17,109.904977,17,closed,False,True,False
-1.15,15,109.909472,15,open,False,True,False
-1.15,15,109.914018,15,open,False,True,False
-1.15,15,109.918613,15,open,False,True,False
-1.15,15,109.923147,15,open,False,True,False
-1.17,17,109.928302,17,open,False,True,False
-1.17,17,109.933494,17,open,False,True,False
-1.17,17,109.938795,17,closed,False,True,False
-1.17,17,109.943934,17,closed,False,True,False
-1.15,15,109.948706,15,open,False,True,False
-1.19,19,109.954401,19,closed,False,True,False
-1.15,15,109.959044,15,closed,False,True,False
-1.17,17,109.964259,17,open,False,True,False
-1.17,17,109.969511,17,open,False,True,False
-1.19,19,109.975208,19,open,False,True,False
-1.15,15,109.979733,15,closed,False,True,False
-1.15,15,109.984366,15,open,False,True,False
-1.19,19,109.990029,19,closed,False,True,False
-1.15,15,109.994565,15,closed,False,True,False
-1.19,19,110.000298,19,open,False,True,False
-1.17,17,110.005406,17,closed,False,True,False
-1.17,17,110.010592,17,closed,False,True,False
-1.17,17,110.015736,17,closed,False,True,False
-1.19,19,110.02149,19,open,False,True,False
-1.17,17,110.026595,17,closed,False,True,False
-1.15,15,110.031153,15,open,False,True,False
-1.17,17,110.036334,17,closed,False,True,False
-1.17,17,110.041571,17,open,False,True,False
-1.19,19,110.047263,19,closed,False,True,False
-1.15,15,110.051888,15,open,False,True,False
-1.15,15,110.056507,15,open,False,True,False
-1.17,17,110.061593,17,closed,False,True,False
-1.17,17,110.066804,17,closed,False,True,False
-1.17,17,110.071961,17,closed,False,True,False
-1.19,19,110.077742,19,closed,False,True,False
-1.17,17,110.082829,17,closed,False,True,False
-1.17,17,110.088098,17,open,False,True,False
-1.17,17,110.093167,17,open,False,True,False
-1.19,19,110.253042,19,closed,False,True,False
-1.15,15,110.257812,15,closed,False,True,False
-1.19,19,110.263669,19,closed,False,True,False
-1.15,15,110.268223,15,closed,False,True,False
-1.15,15,110.272925,15,closed,False,True,False
-1.15,15,110.277575,15,closed,False,True,False
-1.19,19,110.283309,19,open,False,True,False
-1.15,15,110.288022,15,open,False,True,False
-1.17,17,110.293109,17,open,False,True,False
-1.19,19,110.298778,19,open,False,True,False
-1.15,15,110.303352,15,closed,False,True,False
-1.19,19,110.309065,19,open,False,True,False
-1.15,15,110.313693,15,closed,False,True,False
-1.17,17,110.318875,17,closed,False,True,False
-1.19,19,110.324743,19,closed,False,True,False
-1.19,19,110.330485,19,open,False,True,False
-1.19,19,110.336252,19,closed,False,True,False
-1.15,15,110.340825,15,open,False,True,False
-1.19,19,110.346601,19,closed,False,True,False
-1.15,15,110.35116,15,closed,False,True,False
-1.17,17,110.356224,17,open,False,True,False
-1.15,15,110.360789,15,open,False,True,False
-1.19,19,110.36643,19,open,False,True,False
-1.19,19,110.372291,19,open,False,True,False
-1.15,15,110.376924,15,open,False,True,False
-1.17,17,110.382093,17,open,False,True,False
-1.17,17,110.387282,17,open,False,True,False
-1.17,17,110.392524,17,open,False,True,False
-1.15,15,110.39706,15,open,False,True,False
-1.15,15,110.401662,15,closed,False,True,False
-1.15,15,110.406218,15,open,False,True,False
-1.19,19,110.41197,19,open,False,True,False
-1.15,15,110.4165,15,open,False,True,False
-1.15,15,110.42111,15,open,False,True,False
-1.15,15,110.425689,15,open,False,True,False
-1.15,15,110.430167,15,closed,False,True,False
-1.15,15,110.434721,15,open,False,True,False
-1.17,17,110.439996,17,open,False,True,False
-1.15,15,110.444721,15,closed,False,True,False
-1.19,19,110.450479,19,open,False,True,False
-1.19,19,110.456321,19,open,False,True,False
-1.17,17,110.461514,17,closed,False,True,False
-1.15,15,110.46601,15,closed,False,True,False
-1.15,15,110.470573,15,closed,False,True,False
-1.17,17,110.475696,17,closed,False,True,False
-1.17,17,110.480914,17,closed,False,True,False
-1.19,19,110.486687,19,open,False,True,False
-1.19,19,110.492499,19,open,False,True,False
-1.17,17,110.497572,17,closed,False,True,False
-1.19,19,110.503394,19,closed,False,True,False
-1.19,19,110.509207,19,open,False,True,False
-1.17,17,110.514319,17,closed,False,True,False
-1.19,19,110.519914,19,open,False,True,False
-1.17,17,110.525115,17,open,False,True,False
-1.15,15,110.529752,15,closed,False,True,False
-1.19,19,110.535355,19,closed,False,True,False
-1.17,17,110.540532,17,closed,False,True,False
-1.19,19,110.546136,19,closed,False,True,False
-1.17,17,110.551228,17,open,False,True,False
-1.17,17,110.556393,17,closed,False,True,False
-1.19,19,110.562118,19,open,False,True,False
-1.15,15,110.566722,15,open,False,True,False
-1.19,19,110.572346,19,open,False,True,False
-1.15,15,110.576938,15,open,False,True,False
-1.17,17,110.581977,17,closed,False,True,False
-1.15,15,110.586548,15,closed,False,True,False
-1.19,19,110.592281,19,open,False,True,False
-1.19,19,110.598089,19,open,False,True,False
-1.17,17,110.603258,17,closed,False,True,False
-1.19,19,110.609063,19,open,False,True,False
-1.19,19,110.614792,19,open,False,True,False
-1.19,19,110.62045,19,open,False,True,False
-1.15,15,110.624928,15,open,False,True,False
-1.19,19,110.630738,19,closed,False,True,False
-1.19,19,110.636549,19,closed,False,True,False
-1.19,19,110.642392,19,closed,False,True,False
-1.15,15,110.646947,15,open,False,True,False
-1.19,19,110.652591,19,open,False,True,False
-1.17,17,110.657688,17,closed,False,True,False
-1.19,19,110.663331,19,open,False,True,False
-1.19,19,110.669052,19,closed,False,True,False
-1.19,19,110.674889,19,open,False,True,False
-1.15,15,110.679467,15,closed,False,True,False
-1.17,17,110.68449,17,closed,False,True,False
-1.17,17,110.689623,17,open,False,True,False
-1.17,17,110.694793,17,closed,False,True,False
-1.15,15,110.69943,15,closed,False,True,False
-1.17,17,110.704479,17,open,False,True,False
-1.17,17,110.70969,17,open,False,True,False
-1.17,17,110.714873,17,open,False,True,False
-1.19,19,110.720658,19,closed,False,True,False
-1.19,19,110.726373,19,open,False,True,False
-1.17,17,110.731655,17,open,False,True,False
-1.15,15,110.736363,15,closed,False,True,False
-1.17,17,110.74149,17,open,False,True,False
-1.19,19,110.747248,19,open,False,True,False
-1.15,15,110.75185,15,open,False,True,False
-1.17,17,110.757107,17,open,False,True,False
-1.19,19,110.762941,19,open,False,True,False
-1.15,15,110.767498,15,open,False,True,False
-1.19,19,110.773318,19,open,False,True,False
-1.17,17,110.778535,17,closed,False,True,False
-1.19,19,110.784229,19,closed,False,True,False
-1.19,19,110.790008,19,closed,False,True,False
-1.19,19,110.795802,19,open,False,True,False
-1.17,17,110.800996,17,closed,False,True,False
-1.17,17,110.806186,17,closed,False,True,False
-1.19,19,110.812015,19,open,False,True,False
-1.19,19,110.817696,19,open,False,True,False
-1.15,15,110.822275,15,closed,False,True,False
-1.19,19,110.828081,19,closed,False,True,False
-1.19,19,110.833853,19,open,False,True,False
-1.17,17,110.839026,17,open,False,True,False
-1.17,17,110.844206,17,closed,False,True,False
-1.15,15,110.848881,15,closed,False,True,False
-1.15,15,110.853534,15,open,False,True,False
-1.17,17,110.85869,17,open,False,True,False
-1.17,17,110.863757,17,closed,False,True,False
-1.19,19,110.869374,19,closed,False,True,False
-1.15,15,111.026447,15,closed,False,True,False
-1.19,19,111.032512,19,open,False,True,False
-1.15,15,111.037117,15,closed,False,True,False
-1.19,19,111.043048,19,closed,False,True,False
-1.19,19,111.048668,19,open,False,True,False
-1.15,15,111.053191,15,open,False,True,False
-1.17,17,111.058416,17,closed,False,True,False
-1.15,15,111.063065,15,open,False,True,False
-1.17,17,111.068163,17,open,False,True,False
-1.19,19,111.073794,19,open,False,True,False
-1.17,17,111.078984,17,closed,False,True,False
-1.19,19,111.084748,19,closed,False,True,False
-1.17,17,111.089879,17,closed,False,True,False
-1.19,19,111.095524,19,closed,False,True,False
-1.15,15,111.100126,15,open,False,True,False
-1.17,17,111.105367,17,open,False,True,False
-1.17,17,111.110557,17,open,False,True,False
-1.19,19,111.120287,19,open,False,True,False
-1.19,19,111.125987,19,open,False,True,False
-1.19,19,111.131768,19,open,False,True,False
-1.17,17,111.136949,17,closed,False,True,False
-1.19,19,111.142713,19,closed,False,True,False
-1.15,15,111.147261,15,open,False,True,False
-1.17,17,111.152548,17,closed,False,True,False
-1.15,15,111.157201,15,open,False,True,False
-1.19,19,111.162932,19,closed,False,True,False
-1.15,15,111.167547,15,open,False,True,False
-1.15,15,111.172278,15,open,False,True,False
-1.17,17,111.177524,17,open,False,True,False
-1.19,19,111.183149,19,open,False,True,False
-1.17,17,111.188453,17,open,False,True,False
-1.15,15,111.193146,15,closed,False,True,False
-1.17,17,111.19824,17,open,False,True,False
-1.19,19,111.203989,19,open,False,True,False
-1.17,17,111.209221,17,open,False,True,False
-1.17,17,111.214291,17,open,False,True,False
-1.15,15,111.218928,15,open,False,True,False
-1.15,15,111.223535,15,open,False,True,False
-1.15,15,111.228152,15,closed,False,True,False
-1.17,17,111.233249,17,closed,False,True,False
-1.15,15,111.237821,15,open,False,True,False
-1.15,15,111.24245,15,closed,False,True,False
-1.19,19,111.248116,19,closed,False,True,False
-1.17,17,111.253218,17,open,False,True,False
-1.15,15,111.257843,15,closed,False,True,False
-1.15,15,111.26238,15,closed,False,True,False
-1.17,17,111.267606,17,open,False,True,False
-1.17,17,111.2729,17,open,False,True,False
-1.15,15,111.27749,15,open,False,True,False
-1.15,15,111.282029,15,closed,False,True,False
-1.17,17,111.287252,17,closed,False,True,False
-1.15,15,111.291958,15,open,False,True,False
-1.17,17,111.297046,17,open,False,True,False
-1.17,17,111.302201,17,open,False,True,False
-1.17,17,111.307446,17,closed,False,True,False
-1.19,19,111.31321,19,open,False,True,False
-1.17,17,111.318256,17,open,False,True,False
-1.19,19,111.324052,19,closed,False,True,False
-1.15,15,111.328512,15,open,False,True,False
-1.17,17,111.333707,17,open,False,True,False
-1.19,19,111.339553,19,open,False,True,False
-1.15,15,111.344059,15,closed,False,True,False
-1.15,15,111.348685,15,open,False,True,False
-1.15,15,111.353428,15,open,False,True,False
-1.17,17,111.358542,17,closed,False,True,False
-1.17,17,111.363657,17,open,False,True,False
-1.17,17,111.368763,17,closed,False,True,False
-1.15,15,111.373369,15,open,False,True,False
-1.17,17,111.378627,17,closed,False,True,False
-1.15,15,111.383196,15,open,False,True,False
-1.19,19,111.389026,19,closed,False,True,False
-1.19,19,111.394831,19,closed,False,True,False
-1.15,15,111.399477,15,closed,False,True,False
-1.15,15,111.40418,15,closed,False,True,False
-1.17,17,111.409366,17,open,False,True,False
-1.15,15,111.413955,15,open,False,True,False
-1.17,17,111.419079,17,closed,False,True,False
-1.15,15,111.423649,15,open,False,True,False
-1.17,17,111.428865,17,open,False,True,False
-1.15,15,111.433452,15,open,False,True,False
-1.17,17,111.438527,17,open,False,True,False
-1.19,19,111.444375,19,open,False,True,False
-1.17,17,111.449561,17,open,False,True,False
-1.17,17,111.454826,17,closed,False,True,False
-1.15,15,111.459465,15,open,False,True,False
-1.17,17,111.46462,17,closed,False,True,False
-1.17,17,111.469784,17,open,False,True,False
-1.15,15,111.474433,15,closed,False,True,False
-1.17,17,111.479537,17,closed,False,True,False
-1.15,15,111.484063,15,open,False,True,False
-1.17,17,111.489271,17,closed,False,True,False
-1.15,15,111.493913,15,open,False,True,False
-1.15,15,111.498515,15,open,False,True,False
-1.19,19,111.504179,19,closed,False,True,False
-1.17,17,111.509465,17,closed,False,True,False
-1.17,17,111.514616,17,closed,False,True,False
-1.17,17,111.519804,17,open,False,True,False
-1.17,17,111.524998,17,closed,False,True,False
-1.17,17,111.530167,17,open,False,True,False
-1.15,15,111.534669,15,open,False,True,False
-1.15,15,111.539249,15,open,False,True,False
-1.17,17,111.544454,17,open,False,True,False
-1.19,19,111.550196,19,open,False,True,False
-1.15,15,111.554772,15,open,False,True,False
-1.15,15,111.559351,15,closed,False,True,False
-1.15,15,111.563983,15,open,False,True,False
-1.17,17,111.569105,17,open,False,True,False
-1.15,15,111.573801,15,open,False,True,False
-1.15,15,111.578434,15,closed,False,True,False
-1.15,15,111.583019,15,closed,False,True,False
-1.15,15,111.587531,15,closed,False,True,False
-1.19,19,111.593235,19,closed,False,True,False
-1.15,15,111.597805,15,closed,False,True,False
-1.19,19,111.603515,19,closed,False,True,False
-1.19,19,111.609318,19,open,False,True,False
-1.15,15,111.613842,15,open,False,True,False
-1.17,17,111.619013,17,closed,False,True,False
-1.17,17,111.624221,17,open,False,True,False
-1.17,17,111.62938,17,closed,False,True,False
-1.15,15,111.633983,15,closed,False,True,False
-1.19,19,111.639688,19,closed,False,True,False
-1.19,19,111.645423,19,open,False,True,False
-1.19,19,111.651202,19,open,False,True,False
-1.17,17,111.805947,17,closed,False,True,False
-1.17,17,111.811233,17,closed,False,True,False
-1.19,19,111.817073,19,open,False,True,False
-1.17,17,111.822346,17,open,False,True,False
-1.17,17,111.827567,17,open,False,True,False
-1.17,17,111.832636,17,open,False,True,False
-1.19,19,111.83837,19,closed,False,True,False
-1.15,15,111.842918,15,closed,False,True,False
-1.17,17,111.848057,17,open,False,True,False
-1.15,15,111.852697,15,closed,False,True,False
-1.15,15,111.857282,15,open,False,True,False
-1.19,19,111.863007,19,open,False,True,False
-1.19,19,111.868717,19,open,False,True,False
-1.17,17,111.873816,17,closed,False,True,False
-1.17,17,111.879026,17,open,False,True,False
-1.15,15,111.883625,15,closed,False,True,False
-1.17,17,111.888728,17,open,False,True,False
-1.15,15,111.893352,15,closed,False,True,False
-1.17,17,111.898561,17,open,False,True,False
-1.17,17,111.903763,17,closed,False,True,False
-1.15,15,111.908382,15,open,False,True,False
-1.15,15,111.912981,15,open,False,True,False
-1.17,17,111.91804,17,closed,False,True,False
-1.15,15,111.922606,15,closed,False,True,False
-1.19,19,111.928255,19,open,False,True,False
-1.19,19,111.934028,19,closed,False,True,False
-1.19,19,111.939708,19,closed,False,True,False
-1.19,19,111.945301,19,closed,False,True,False
-1.17,17,111.950454,17,closed,False,True,False
-1.15,15,111.954927,15,closed,False,True,False
-1.15,15,111.959595,15,open,False,True,False
-1.17,17,111.96473,17,open,False,True,False
-1.15,15,111.969307,15,open,False,True,False
-1.17,17,111.974481,17,closed,False,True,False
-1.15,15,111.97908,15,open,False,True,False
-1.17,17,111.984279,17,closed,False,True,False
-1.17,17,111.989575,17,open,False,True,False
-1.19,19,111.995266,19,closed,False,True,False
-1.19,19,112.000957,19,open,False,True,False
-1.17,17,112.006094,17,open,False,True,False
-1.15,15,112.010736,15,open,False,True,False
-1.19,19,112.016537,19,closed,False,True,False
-1.17,17,112.021677,17,closed,False,True,False
-1.19,19,112.027452,19,closed,False,True,False
-1.19,19,112.033123,19,open,False,True,False
-1.17,17,112.038329,17,open,False,True,False
-1.15,15,112.043037,15,open,False,True,False
-1.17,17,112.048226,17,open,False,True,False
-1.15,15,112.052847,15,open,False,True,False
-1.17,17,112.057995,17,closed,False,True,False
-1.15,15,112.062646,15,open,False,True,False
-1.19,19,112.068295,19,open,False,True,False
-1.19,19,112.073972,19,open,False,True,False
-1.15,15,112.078616,15,closed,False,True,False
-1.17,17,112.083622,17,open,False,True,False
-1.15,15,112.088304,15,closed,False,True,False
-1.15,15,112.092907,15,closed,False,True,False
-1.19,19,112.09847,19,closed,False,True,False
-1.17,17,112.103657,17,closed,False,True,False
-1.17,17,112.108796,17,closed,False,True,False
-1.17,17,112.113982,17,open,False,True,False
-1.15,15,112.118666,15,open,False,True,False
-1.17,17,112.123794,17,open,False,True,False
-1.15,15,112.128342,15,closed,False,True,False
-1.17,17,112.133402,17,closed,False,True,False
-1.19,19,112.139153,19,open,False,True,False
-1.19,19,112.144936,19,open,False,True,False
-1.17,17,112.149976,17,open,False,True,False
-1.19,19,112.15576,19,open,False,True,False
-1.15,15,112.160314,15,open,False,True,False
-1.15,15,112.164873,15,open,False,True,False
-1.15,15,112.169518,15,open,False,True,False
-1.15,15,112.174157,15,open,False,True,False
-1.17,17,112.179315,17,closed,False,True,False
-1.15,15,112.183906,15,closed,False,True,False
-1.15,15,112.18854,15,open,False,True,False
-1.19,19,112.194299,19,closed,False,True,False
-1.19,19,112.199893,19,open,False,True,False
-1.19,19,112.205667,19,closed,False,True,False
-1.17,17,112.210821,17,closed,False,True,False
-1.19,19,112.2166,19,closed,False,True,False
-1.19,19,112.222409,19,closed,False,True,False
-1.15,15,112.227,15,closed,False,True,False
-1.17,17,112.232147,17,open,False,True,False
-1.17,17,112.237293,17,closed,False,True,False
-1.17,17,112.242599,17,closed,False,True,False
-1.19,19,112.248375,19,closed,False,True,False
-1.19,19,112.254092,19,closed,False,True,False
-1.15,15,112.258622,15,closed,False,True,False
-1.19,19,112.264609,19,open,False,True,False
-1.19,19,112.270306,19,open,False,True,False
-1.17,17,112.275526,17,closed,False,True,False
-1.15,15,112.280154,15,open,False,True,False
-1.15,15,112.284781,15,open,False,True,False
-1.17,17,112.289891,17,open,False,True,False
-1.17,17,112.294978,17,closed,False,True,False
-1.15,15,112.299602,15,closed,False,True,False
-1.15,15,112.304233,15,open,False,True,False
-1.17,17,112.309414,17,closed,False,True,False
-1.17,17,112.314602,17,closed,False,True,False
-1.15,15,112.319265,15,open,False,True,False
-1.19,19,112.324972,19,open,False,True,False
-1.17,17,112.330162,17,open,False,True,False
-1.19,19,112.335962,19,open,False,True,False
-1.15,15,112.340631,15,open,False,True,False
-1.17,17,112.34577,17,open,False,True,False
-1.15,15,112.350308,15,closed,False,True,False
-1.17,17,112.355502,17,open,False,True,False
-1.15,15,112.360116,15,open,False,True,False
-1.19,19,112.365912,19,open,False,True,False
-1.17,17,112.371068,17,open,False,True,False
-1.15,15,112.375611,15,open,False,True,False
-1.17,17,112.38065,17,open,False,True,False
-1.17,17,112.385755,17,closed,False,True,False
-1.19,19,112.391383,19,closed,False,True,False
-1.15,15,112.396043,15,closed,False,True,False
-1.17,17,112.401238,17,open,False,True,False
-1.15,15,112.405882,15,open,False,True,False
-1.17,17,112.411057,17,open,False,True,False
-1.15,15,112.415575,15,closed,False,True,False
-1.15,15,112.420177,15,open,False,True,False
-1.15,15,112.424751,15,closed,False,True,False
-1.19,19,112.581485,19,open,False,True,False
-1.17,17,112.586797,17,closed,False,True,False
-1.15,15,112.591483,15,closed,False,True,False
-1.15,15,112.596043,15,closed,False,True,False
-1.19,19,112.601859,19,open,False,True,False
-1.17,17,112.607005,17,open,False,True,False
-1.17,17,112.612211,17,closed,False,True,False
-1.15,15,112.616831,15,closed,False,True,False
-1.17,17,112.621956,17,open,False,True,False
-1.19,19,112.627645,19,closed,False,True,False
-1.19,19,112.633352,19,open,False,True,False
-1.17,17,112.638619,17,closed,False,True,False
-1.15,15,112.643263,15,closed,False,True,False
-1.15,15,112.647717,15,open,False,True,False
-1.19,19,112.653397,19,open,False,True,False
-1.15,15,112.65792,15,open,False,True,False
-1.15,15,112.6626,15,closed,False,True,False
-1.19,19,112.668243,19,closed,False,True,False
-1.17,17,112.673532,17,closed,False,True,False
-1.17,17,112.678695,17,closed,False,True,False
-1.17,17,112.683852,17,closed,False,True,False
-1.17,17,112.689096,17,closed,False,True,False
-1.19,19,112.694784,19,open,False,True,False
-1.19,19,112.700521,19,closed,False,True,False
-1.15,15,112.705142,15,open,False,True,False
-1.17,17,112.710215,17,closed,False,True,False
-1.19,19,112.715858,19,open,False,True,False
-1.19,19,112.721566,19,closed,False,True,False
-1.17,17,112.726639,17,closed,False,True,False
-1.15,15,112.731115,15,closed,False,True,False
-1.19,19,112.736755,19,open,False,True,False
-1.19,19,112.742525,19,open,False,True,False
-1.15,15,112.747093,15,closed,False,True,False
-1.19,19,112.75276,19,closed,False,True,False
-1.15,15,112.75747,15,closed,False,True,False
-1.17,17,112.762571,17,closed,False,True,False
-1.17,17,112.767745,17,open,False,True,False
-1.17,17,112.77293,17,closed,False,True,False
-1.19,19,112.778682,19,open,False,True,False
-1.17,17,112.783747,17,open,False,True,False
-1.19,19,112.789526,19,open,False,True,False
-1.15,15,112.794122,15,closed,False,True,False
-1.15,15,112.798603,15,closed,False,True,False
-1.17,17,112.803677,17,open,False,True,False
-1.19,19,112.809395,19,closed,False,True,False
-1.15,15,112.813907,15,closed,False,True,False
-1.19,19,112.81953,19,closed,False,True,False
-1.15,15,112.824068,15,closed,False,True,False
-1.15,15,112.828539,15,open,False,True,False
-1.17,17,112.833621,17,closed,False,True,False
-1.15,15,112.838226,15,open,False,True,False
-1.19,19,112.843875,19,closed,False,True,False
-1.15,15,112.848442,15,open,False,True,False
-1.15,15,112.852996,15,closed,False,True,False
-1.19,19,112.858654,19,closed,False,True,False
-1.15,15,112.863252,15,open,False,True,False
-1.19,19,112.868845,19,closed,False,True,False
-1.15,15,112.873366,15,open,False,True,False
-1.19,19,112.879146,19,open,False,True,False
-1.15,15,112.883748,15,open,False,True,False
-1.15,15,112.888348,15,open,False,True,False
-1.15,15,112.89299,15,open,False,True,False
-1.19,19,112.898642,19,open,False,True,False
-1.15,15,112.903276,15,closed,False,True,False
-1.15,15,112.907865,15,open,False,True,False
-1.15,15,112.912341,15,open,False,True,False
-1.17,17,112.917535,17,closed,False,True,False
-1.15,15,112.92213,15,closed,False,True,False
-1.19,19,112.927925,19,open,False,True,False
-1.15,15,112.932554,15,closed,False,True,False
-1.17,17,112.937704,17,open,False,True,False
-1.17,17,112.942829,17,open,False,True,False
-1.17,17,112.947986,17,closed,False,True,False
-1.17,17,112.95314,17,closed,False,True,False
-1.15,15,112.957839,15,open,False,True,False
-1.15,15,112.962538,15,open,False,True,False
-1.19,19,112.96827,19,open,False,True,False
-1.19,19,112.974005,19,open,False,True,False
-1.19,19,112.979705,19,closed,False,True,False
-1.17,17,112.984908,17,closed,False,True,False
-1.17,17,112.990076,17,closed,False,True,False
-1.19,19,112.995802,19,closed,False,True,False
-1.19,19,113.001444,19,open,False,True,False
-1.19,19,113.007195,19,closed,False,True,False
-1.17,17,113.012378,17,closed,False,True,False
-1.19,19,113.018058,19,open,False,True,False
-1.15,15,113.022597,15,closed,False,True,False
-1.17,17,113.027705,17,closed,False,True,False
-1.17,17,113.032749,17,open,False,True,False
-1.19,19,113.038487,19,open,False,True,False
-1.17,17,113.043714,17,open,False,True,False
-1.17,17,113.04873,17,open,False,True,False
-1.17,17,113.053783,17,open,False,True,False
-1.15,15,113.058274,15,open,False,True,False
-1.15,15,113.06289,15,open,False,True,False
-1.15,15,113.067446,15,closed,False,True,False
-1.19,19,113.073326,19,closed,False,True,False
-1.17,17,113.078389,17,open,False,True,False
-1.19,19,113.084121,19,open,False,True,False
-1.15,15,113.088697,15,closed,False,True,False
-1.15,15,113.09321,15,closed,False,True,False
-1.15,15,113.097788,15,open,False,True,False
-1.17,17,113.102932,17,open,False,True,False
-1.19,19,113.108773,19,open,False,True,False
-1.15,15,113.113311,15,open,False,True,False
-1.15,15,113.117912,15,open,False,True,False
-1.19,19,113.123582,19,open,False,True,False
-1.15,15,113.128075,15,closed,False,True,False
-1.17,17,113.133104,17,open,False,True,False
-1.15,15,113.137781,15,open,False,True,False
-1.17,17,113.142889,17,open,False,True,False
-1.19,19,113.14846,19,open,False,True,False
-1.15,15,113.153114,15,closed,False,True,False
-1.19,19,113.158744,19,closed,False,True,False
-1.17,17,113.163954,17,open,False,True,False
-1.19,19,113.169724,19,closed,False,True,False
-1.19,19,113.175496,19,closed,False,True,False
-1.17,17,113.180661,17,closed,False,True,False
-1.15,15,113.185139,15,open,False,True,False
-1.15,15,113.189782,15,closed,False,True,False
-1.19,19,113.195426,19,open,False,True,False
-1.17,17,113.351611,17,open,False,True,False
-1.17,17,113.357095,17,open,False,True,False
-1.17,17,113.362302,17,open,False,True,False
-1.15,15,113.366921,15,open,False,True,False
-1.19,19,113.372651,19,closed,False,True,False
-1.15,15,113.377274,15,open,False,True,False
-1.19,19,113.382886,19,open,False,True,False
-1.15,15,113.387485,15,closed,False,True,False
-1.15,15,113.392092,15,closed,False,True,False
-1.19,19,113.397742,19,open,False,True,False
-1.17,17,113.402939,17,closed,False,True,False
-1.17,17,113.408041,17,open,False,True,False
-1.17,17,113.413248,17,open,False,True,False
-1.17,17,113.418378,17,closed,False,True,False
-1.15,15,113.422879,15,closed,False,True,False
-1.19,19,113.428606,19,closed,False,True,False
-1.15,15,113.433174,15,closed,False,True,False
-1.15,15,113.437912,15,open,False,True,False
-1.17,17,113.443034,17,closed,False,True,False
-1.17,17,113.448153,17,closed,False,True,False
-1.17,17,113.453326,17,open,False,True,False
-1.17,17,113.458586,17,open,False,True,False
-1.17,17,113.463797,17,closed,False,True,False
-1.19,19,113.469605,19,open,False,True,False
-1.17,17,113.474876,17,closed,False,True,False
-1.19,19,113.480593,19,open,False,True,False
-1.15,15,113.485191,15,open,False,True,False
-1.17,17,113.4904,17,closed,False,True,False
-1.17,17,113.495482,17,closed,False,True,False
-1.15,15,113.500023,15,closed,False,True,False
-1.17,17,113.505187,17,closed,False,True,False
-1.19,19,113.510903,19,closed,False,True,False
-1.17,17,113.516068,17,closed,False,True,False
-1.17,17,113.521202,17,open,False,True,False
-1.17,17,113.526273,17,open,False,True,False
-1.15,15,113.530775,15,open,False,True,False
-1.15,15,113.535285,15,open,False,True,False
-1.17,17,113.540495,17,closed,False,True,False
-1.17,17,113.545667,17,closed,False,True,False
-1.19,19,113.551411,19,open,False,True,False
-1.15,15,113.555938,15,closed,False,True,False
-1.15,15,113.560615,15,open,False,True,False
-1.19,19,113.566334,19,closed,False,True,False
-1.17,17,113.571531,17,open,False,True,False
-1.19,19,113.577292,19,open,False,True,False
-1.15,15,113.581846,15,open,False,True,False
-1.15,15,113.586327,15,open,False,True,False
-1.19,19,113.592033,19,closed,False,True,False
-1.15,15,113.596679,15,open,False,True,False
-1.19,19,113.602451,19,closed,False,True,False
-1.19,19,113.608294,19,open,False,True,False
-1.19,19,113.614067,19,open,False,True,False
-1.17,17,113.619193,17,open,False,True,False
-1.17,17,113.624299,17,closed,False,True,False
-1.19,19,113.630005,19,closed,False,True,False
-1.15,15,113.634467,15,closed,False,True,False
-1.19,19,113.640216,19,closed,False,True,False
-1.19,19,113.645994,19,closed,False,True,False
-1.17,17,113.651049,17,open,False,True,False
-1.19,19,113.656785,19,closed,False,True,False
-1.15,15,113.661325,15,open,False,True,False
-1.15,15,113.665859,15,closed,False,True,False
-1.15,15,113.670507,15,open,False,True,False
-1.19,19,113.676268,19,closed,False,True,False
-1.15,15,113.680859,15,open,False,True,False
-1.15,15,113.685385,15,closed,False,True,False
-1.15,15,113.690022,15,closed,False,True,False
-1.19,19,113.695774,19,open,False,True,False
-1.19,19,113.701529,19,open,False,True,False
-1.17,17,113.706771,17,open,False,True,False
-1.15,15,113.711371,15,open,False,True,False
-1.17,17,113.716537,17,open,False,True,False
-1.19,19,113.722249,19,closed,False,True,False
-1.19,19,113.727981,19,open,False,True,False
-1.15,15,113.732457,15,closed,False,True,False
-1.19,19,113.738127,19,open,False,True,False
-1.17,17,113.743307,17,closed,False,True,False
-1.19,19,113.749054,19,closed,False,True,False
-1.15,15,113.753607,15,closed,False,True,False
-1.17,17,113.758737,17,closed,False,True,False
-1.19,19,113.764522,19,open,False,True,False
-1.17,17,113.769623,17,closed,False,True,False
-1.15,15,113.774207,15,open,False,True,False
-1.15,15,113.778841,15,closed,False,True,False
-1.17,17,113.783922,17,closed,False,True,False
-1.17,17,113.789037,17,closed,False,True,False
-1.19,19,113.794712,19,open,False,True,False
-1.19,19,113.800424,19,closed,False,True,False
-1.19,19,113.806131,19,open,False,True,False
-1.17,17,113.811215,17,closed,False,True,False
-1.17,17,113.816351,17,closed,False,True,False
-1.19,19,113.822161,19,open,False,True,False
-1.17,17,113.827336,17,open,False,True,False
-1.15,15,113.831869,15,closed,False,True,False
-1.17,17,113.83715,17,closed,False,True,False
-1.15,15,113.841697,15,open,False,True,False
-1.19,19,113.847355,19,closed,False,True,False
-1.17,17,113.852536,17,open,False,True,False
-1.17,17,113.857785,17,closed,False,True,False
-1.19,19,113.863479,19,open,False,True,False
-1.15,15,113.868104,15,open,False,True,False
-1.19,19,113.873737,19,closed,False,True,False
-1.15,15,113.878304,15,open,False,True,False
-1.17,17,113.883468,17,open,False,True,False
-1.17,17,113.888602,17,open,False,True,False
-1.17,17,113.893786,17,open,False,True,False
-1.17,17,113.898844,17,open,False,True,False
-1.19,19,113.904557,19,closed,False,True,False
-1.15,15,113.909081,15,open,False,True,False
-1.17,17,113.914152,17,open,False,True,False
-1.19,19,113.919958,19,open,False,True,False
-1.19,19,113.925762,19,closed,False,True,False
-1.19,19,113.931381,19,closed,False,True,False
-1.17,17,113.936576,17,open,False,True,False
-1.15,15,113.941173,15,open,False,True,False
-1.15,15,113.945665,15,closed,False,True,False
-1.19,19,113.951513,19,open,False,True,False
-1.17,17,113.956763,17,closed,False,True,False
-1.17,17,113.961938,17,open,False,True,False
-1.15,15,113.96647,15,open,False,True,False
-1.19,19,114.126014,19,open,False,True,False
-1.15,15,114.130773,15,closed,False,True,False
-1.15,15,114.135494,15,closed,False,True,False
-1.19,19,114.141236,19,closed,False,True,False
-1.19,19,114.147101,19,closed,False,True,False
-1.15,15,114.151666,15,open,False,True,False
-1.19,19,114.157432,19,open,False,True,False
-1.19,19,114.163192,19,open,False,True,False
-1.17,17,114.168374,17,open,False,True,False
-1.15,15,114.172917,15,closed,False,True,False
-1.19,19,114.178632,19,closed,False,True,False
-1.17,17,114.183699,17,open,False,True,False
-1.19,19,114.189506,19,closed,False,True,False
-1.17,17,114.194705,17,open,False,True,False
-1.17,17,114.199854,17,open,False,True,False
-1.17,17,114.205087,17,closed,False,True,False
-1.17,17,114.210238,17,closed,False,True,False
-1.19,19,114.215908,19,open,False,True,False
-1.17,17,114.22108,17,closed,False,True,False
-1.19,19,114.226928,19,closed,False,True,False
-1.15,15,114.231535,15,open,False,True,False
-1.17,17,114.236703,17,closed,False,True,False
-1.15,15,114.24138,15,open,False,True,False
-1.15,15,114.246031,15,open,False,True,False
-1.17,17,114.251101,17,open,False,True,False
-1.19,19,114.256783,19,closed,False,True,False
-1.19,19,114.262472,19,closed,False,True,False
-1.15,15,114.267182,15,open,False,True,False
-1.17,17,114.2724,17,closed,False,True,False
-1.17,17,114.277643,17,open,False,True,False
-1.17,17,114.28282,17,open,False,True,False
-1.17,17,114.288098,17,open,False,True,False
-1.15,15,114.292693,15,closed,False,True,False
-1.17,17,114.297874,17,open,False,True,False
-1.17,17,114.303057,17,closed,False,True,False
-1.17,17,114.308297,17,closed,False,True,False
-1.15,15,114.312849,15,open,False,True,False
-1.15,15,114.317311,15,open,False,True,False
-1.15,15,114.321886,15,open,False,True,False
-1.19,19,114.32768,19,closed,False,True,False
-1.15,15,114.332142,15,open,False,True,False
-1.22,17,114.337392,17,open,False,True,False
-1.15,15,114.342028,15,closed,False,True,False
-1.17,17,114.347265,17,open,False,True,False
-1.15,15,114.351952,15,open,False,True,False
-1.19,19,114.357756,19,open,False,True,False
-1.17,17,114.363022,17,closed,False,True,False
-1.15,15,114.367512,15,open,False,True,False
-1.17,17,114.372745,17,closed,False,True,False
-1.15,15,114.377208,15,open,False,True,False
-1.15,15,114.381799,15,open,False,True,False
-1.17,17,114.387027,17,closed,False,True,False
-1.19,19,114.392839,19,closed,False,True,False
-1.15,15,114.397405,15,open,False,True,False
-1.15,15,114.401981,15,closed,False,True,False
-1.19,19,114.407696,19,open,False,True,False
-1.19,19,114.413378,19,open,False,True,False
-1.15,15,114.417976,15,closed,False,True,False
-1.19,19,114.423634,19,open,False,True,False
-1.19,19,114.429268,19,closed,False,True,False
-1.19,19,114.434875,19,open,False,True,False
-1.15,15,114.439502,15,open,False,True,False
-1.15,15,114.444155,15,open,False,True,False
-1.17,17,114.449348,17,open,False,True,False
-1.17,17,114.45469,17,open,False,True,False
-1.17,17,114.459906,17,open,False,True,False
-1.15,15,114.464446,15,open,False,True,False
-1.15,15,114.469111,15,open,False,True,False
-1.17,17,114.474229,17,closed,False,True,False
-1.19,19,114.48001,19,closed,False,True,False
-1.19,19,114.485758,19,open,False,True,False
-1.19,19,114.491513,19,closed,False,True,False
-1.15,15,114.49603,15,closed,False,True,False
-1.19,19,114.501771,19,closed,False,True,False
-1.19,19,114.507534,19,closed,False,True,False
-1.15,15,114.512187,15,open,False,True,False
-1.15,15,114.51671,15,closed,False,True,False
-1.15,15,114.521254,15,closed,False,True,False
-1.19,19,114.527006,19,closed,False,True,False
-1.15,15,114.531477,15,closed,False,True,False
-1.15,15,114.536078,15,closed,False,True,False
-1.15,15,114.54075,15,open,False,True,False
-1.15,15,114.545351,15,open,False,True,False
-1.15,15,114.549955,15,closed,False,True,False
-1.19,19,114.55577,19,open,False,True,False
-1.17,17,114.560836,17,closed,False,True,False
-1.15,15,114.565331,15,closed,False,True,False
-1.19,19,114.57099,19,closed,False,True,False
-1.15,15,114.57567,15,open,False,True,False
-1.15,15,114.580289,15,open,False,True,False
-1.19,19,114.585936,19,open,False,True,False
-1.15,15,114.590584,15,closed,False,True,False
-1.17,17,114.595754,17,closed,False,True,False
-1.19,19,114.601462,19,open,False,True,False
-1.17,17,114.606558,17,closed,False,True,False
-1.15,15,114.611214,15,closed,False,True,False
-1.19,19,114.616955,19,closed,False,True,False
-1.17,17,114.622172,17,closed,False,True,False
-1.17,17,114.627387,17,open,False,True,False
-1.15,15,114.631962,15,closed,False,True,False
-1.15,15,114.636621,15,open,False,True,False
-1.17,17,114.641637,17,open,False,True,False
-1.19,19,114.647297,19,open,False,True,False
-1.19,19,114.652841,19,open,False,True,False
-1.19,19,114.658533,19,open,False,True,False
-1.15,15,114.66307,15,closed,False,True,False
-1.17,17,114.668064,17,open,False,True,False
-1.17,17,114.673153,17,closed,False,True,False
-1.15,15,114.677671,15,closed,False,True,False
-1.19,19,114.683194,19,closed,False,True,False
-1.17,17,114.688411,17,open,False,True,False
-1.15,15,114.692935,15,open,False,True,False
-1.15,15,114.697477,15,closed,False,True,False
-1.15,15,114.702055,15,open,False,True,False
-1.19,19,114.707847,19,closed,False,True,False
-1.17,17,114.712959,17,closed,False,True,False
-1.15,15,114.717546,15,open,False,True,False
-1.17,17,114.722723,17,closed,False,True,False
-1.19,19,114.728471,19,open,False,True,False
-1.17,17,114.733571,17,open,False,True,False
-1.17,17,114.738814,17,open,False,True,False
-1.15,15,114.743431,15,open,False,True,False
-1.17,17,114.902654,17,open,False,True,False
-1.19,19,114.908518,19,closed,False,True,False
-1.17,17,114.913785,17,open,False,True,False
-1.19,19,114.919538,19,open,False,True,False
-1.15,15,114.924094,15,closed,False,True,False
-1.19,19,114.929719,19,closed,False,True,False
-1.15,15,114.934312,15,closed,False,True,False
-1.19,19,114.940059,19,closed,False,True,False
-1.19,19,114.945688,19,open,False,True,False
-1.19,19,114.951344,19,open,False,True,False
-1.15,15,114.955975,15,closed,False,True,False
-1.19,19,114.961697,19,open,False,True,False
-1.19,19,114.967337,19,closed,False,True,False
-1.15,15,114.972008,15,open,False,True,False
-1.17,17,114.97711,17,open,False,True,False
-1.15,15,114.981693,15,open,False,True,False
-1.17,17,114.98689,17,open,False,True,False
-1.17,17,114.992042,17,closed,False,True,False
-1.17,17,114.997208,17,open,False,True,False
-1.19,19,115.00296,19,closed,False,True,False
-1.19,19,115.0087,19,open,False,True,False
-1.17,17,115.013929,17,closed,False,True,False
-1.19,19,115.019645,19,open,False,True,False
-1.15,15,115.024298,15,open,False,True,False
-1.15,15,115.028953,15,open,False,True,False
-1.17,17,115.034063,17,open,False,True,False
-1.19,19,115.039834,19,open,False,True,False
-1.15,15,115.044332,15,closed,False,True,False
-1.19,19,115.050037,19,closed,False,True,False
-1.19,19,115.055802,19,open,False,True,False
-1.19,19,115.061547,19,open,False,True,False
-1.15,15,115.066116,15,closed,False,True,False
-1.15,15,115.070673,15,closed,False,True,False
-1.17,17,115.075984,17,closed,False,True,False
-1.19,19,115.081771,19,open,False,True,False
-1.15,15,115.086328,15,open,False,True,False
-1.17,17,115.091484,17,closed,False,True,False
-1.15,15,115.096068,15,closed,False,True,False
-1.15,15,115.100675,15,closed,False,True,False
-1.17,17,115.105829,17,open,False,True,False
-1.19,19,115.111563,19,open,False,True,False
-1.15,15,115.116099,15,open,False,True,False
-1.15,15,115.120823,15,closed,False,True,False
-1.2,15,115.12546,15,open,False,True,False
-1.17,17,115.130538,17,closed,False,True,False
-1.15,15,115.135025,15,closed,False,True,False
-1.17,17,115.140238,17,open,False,True,False
-1.17,17,115.145449,17,closed,False,True,False
-1.15,15,115.150044,15,closed,False,True,False
-1.19,19,115.155715,19,open,False,True,False
-1.17,17,115.160945,17,closed,False,True,False
-1.17,17,115.166037,17,open,False,True,False
-1.17,17,115.171236,17,closed,False,True,False
-1.19,19,115.177018,19,closed,False,True,False
-1.15,15,115.181636,15,closed,False,True,False
-1.19,19,115.187322,19,closed,False,True,False
-1.15,15,115.191982,15,closed,False,True,False
-1.19,19,115.19771,19,closed,False,True,False
-1.17,17,115.202847,17,closed,False,True,False
-1.15,15,115.207512,15,open,False,True,False
-1.19,19,115.213266,19,open,False,True,False
-1.15,15,115.217878,15,closed,False,True,False
-1.17,17,115.222954,17,open,False,True,False
-1.17,17,115.228029,17,closed,False,True,False
-1.15,15,115.232598,15,closed,False,True,False
-1.17,17,115.237749,17,closed,False,True,False
-1.19,19,115.24337,19,closed,False,True,False
-1.19,19,115.249115,19,closed,False,True,False
-1.22,17,115.254391,17,open,False,True,False
-1.19,19,115.260056,19,closed,False,True,False
-1.15,15,115.264792,15,open,False,True,False
-1.19,19,115.27047,19,closed,False,True,False
-1.17,17,115.275662,17,open,False,True,False
-1.15,15,115.280253,15,closed,False,True,False
-1.15,15,115.284871,15,open,False,True,False
-1.17,17,115.290028,17,open,False,True,False
-1.19,19,115.295771,19,closed,False,True,False
-1.15,15,115.300371,15,open,False,True,False
-1.15,15,115.304965,15,closed,False,True,False
-1.19,19,115.310809,19,closed,False,True,False
-1.15,15,115.315289,15,closed,False,True,False
-1.15,15,115.319883,15,closed,False,True,False
-1.17,17,115.325129,17,open,False,True,False
-1.17,17,115.330318,17,closed,False,True,False
-1.17,17,115.335514,17,open,False,True,False
-1.15,15,115.340073,15,open,False,True,False
-1.17,17,115.345283,17,closed,False,True,False
-1.17,17,115.350448,17,open,False,True,False
-1.17,17,115.355695,17,open,False,True,False
-1.17,17,115.360932,17,open,False,True,False
-1.17,17,115.366022,17,open,False,True,False
-1.17,17,115.371336,17,open,False,True,False
-1.17,17,115.376719,17,closed,False,True,False
-1.15,15,115.381351,15,open,False,True,False
-1.19,19,115.387044,19,closed,False,True,False
-1.15,15,115.391801,15,closed,False,True,False
-1.19,19,115.397566,19,open,False,True,False
-1.19,19,115.403289,19,open,False,True,False
-1.19,19,115.409073,19,closed,False,True,False
-1.15,15,115.413672,15,open,False,True,False
-1.17,17,115.41888,17,open,False,True,False
-1.15,15,115.423497,15,open,False,True,False
-1.17,17,115.428618,17,closed,False,True,False
-1.17,17,115.433678,17,closed,False,True,False
-1.15,15,115.438299,15,open,False,True,False
-1.17,17,115.443559,17,open,False,True,False
-1.15,15,115.448133,15,closed,False,True,False
-1.15,15,115.452824,15,open,False,True,False
-1.19,19,115.458704,19,closed,False,True,False
-1.15,15,115.463238,15,closed,False,True,False
-1.19,19,115.468908,19,open,False,True,False
-1.19,19,115.474648,19,closed,False,True,False
-1.15,15,115.479308,15,closed,False,True,False
-1.19,19,115.48497,19,closed,False,True,False
-1.15,15,115.489598,15,closed,False,True,False
-1.15,15,115.494059,15,open,False,True,False
-1.19,19,115.499787,19,closed,False,True,False
-1.15,15,115.504261,15,open,False,True,False
-1.19,19,115.510053,19,open,False,True,False
-1.19,19,115.515722,19,open,False,True,False
-1.15,15,115.520292,15,closed,False,True,False
-1.15,15,115.674933,15,closed,False,True,False
-1.17,17,115.680289,17,closed,False,True,False
-1.15,15,115.685063,15,open,False,True,False
-1.15,15,115.689622,15,closed,False,True,False
-1.19,19,115.695412,19,closed,False,True,False
-1.17,17,115.700552,17,closed,False,True,False
-1.15,15,115.705102,15,closed,False,True,False
-1.15,15,115.709829,15,closed,False,True,False
-1.17,17,115.715042,17,open,False,True,False
-1.19,19,115.72091,19,closed,False,True,False
-1.19,19,115.726708,19,closed,False,True,False
-1.15,15,115.731247,15,closed,False,True,False
-1.17,17,115.736434,17,open,False,True,False
-1.19,19,115.742215,19,open,False,True,False
-1.17,17,115.747455,17,open,False,True,False
-1.17,17,115.752671,17,closed,False,True,False
-1.15,15,115.757277,15,open,False,True,False
-1.15,15,115.761871,15,closed,False,True,False
-1.19,19,115.767945,19,open,False,True,False
-1.17,17,115.773065,17,closed,False,True,False
-1.17,17,115.778241,17,closed,False,True,False
-1.17,17,115.783394,17,closed,False,True,False
-1.17,17,115.788523,17,closed,False,True,False
-1.17,17,115.793626,17,open,False,True,False
-1.15,15,115.798134,15,closed,False,True,False
-1.15,15,115.802632,15,open,False,True,False
-1.19,19,115.808322,19,open,False,True,False
-1.19,19,115.814062,19,closed,False,True,False
-1.19,19,115.819709,19,closed,False,True,False
-1.17,17,115.824893,17,open,False,True,False
-1.15,15,115.829573,15,closed,False,True,False
-1.17,17,115.834749,17,closed,False,True,False
-1.17,17,115.839876,17,closed,False,True,False
-1.2,15,115.844521,15,closed,False,True,False
-1.17,17,115.849685,17,open,False,True,False
-1.19,19,115.855477,19,open,False,True,False
-1.15,15,115.860013,15,closed,False,True,False
-1.15,15,115.86464,15,open,False,True,False
-1.19,19,115.870238,19,open,False,True,False
-1.15,15,115.874926,15,closed,False,True,False
-1.19,19,115.880699,19,open,False,True,False
-1.15,15,115.885363,15,closed,False,True,False
-1.17,17,115.890542,17,closed,False,True,False
-1.15,15,115.895172,15,closed,False,True,False
-1.19,19,115.9009,19,open,False,True,False
-1.15,15,115.905525,15,open,False,True,False
-1.19,19,115.911232,19,open,False,True,False
-1.19,19,115.916869,19,open,False,True,False
-1.15,15,115.921395,15,closed,False,True,False
-1.17,17,115.926563,17,open,False,True,False
-1.17,17,115.931605,17,open,False,True,False
-1.19,19,115.937166,19,open,False,True,False
-1.17,17,115.94226,17,closed,False,True,False
-1.19,19,115.948086,19,closed,False,True,False
-1.15,15,115.952739,15,closed,False,True,False
-1.15,15,115.957254,15,closed,False,True,False
-1.19,19,115.962937,19,closed,False,True,False
-1.15,15,115.967412,15,open,False,True,False
-1.19,19,115.973135,19,closed,False,True,False
-1.19,19,115.981839,19,open,False,True,False
-1.17,17,115.987184,17,open,False,True,False
-1.15,15,115.991817,15,closed,False,True,False
-1.15,15,115.996348,15,open,False,True,False
-1.19,19,116.002168,19,open,False,True,False
-1.19,19,116.007957,19,open,False,True,False
-1.15,15,116.012597,15,open,False,True,False
-1.17,17,116.017785,17,closed,False,True,False
-1.15,15,116.022368,15,open,False,True,False
-1.19,19,116.028122,19,open,False,True,False
-1.15,15,116.032713,15,closed,False,True,False
-1.19,19,116.038487,19,closed,False,True,False
-1.15,15,116.042967,15,open,False,True,False
-1.19,19,116.048747,19,closed,False,True,False
-1.17,17,116.053828,17,closed,False,True,False
-1.15,15,116.058505,15,closed,False,True,False
-1.15,15,116.063077,15,closed,False,True,False
-1.19,19,116.068801,19,closed,False,True,False
-1.15,15,116.073501,15,open,False,True,False
-1.17,17,116.078594,17,open,False,True,False
-1.19,19,116.084196,19,open,False,True,False
-1.15,15,116.088884,15,open,False,True,False
-1.19,19,116.094549,19,closed,False,True,False
-1.15,15,116.099147,15,closed,False,True,False
-1.19,19,116.104845,19,open,False,True,False
-1.19,19,116.110573,19,open,False,True,False
-1.17,17,116.115716,17,closed,False,True,False
-1.19,19,116.125955,19,closed,False,True,False
-1.19,19,116.13165,19,closed,False,True,False
-1.15,15,116.136352,15,closed,False,True,False
-1.17,17,116.141617,17,open,False,True,False
-1.19,19,116.147266,19,open,False,True,False
-1.17,17,116.152656,17,closed,False,True,False
-1.19,19,116.15854,19,closed,False,True,False
-1.17,17,116.16374,17,open,False,True,False
-1.17,17,116.16883,17,closed,False,True,False
-1.19,19,116.174559,19,open,False,True,False
-1.19,19,116.180314,19,closed,False,True,False
-1.15,15,116.184992,15,open,False,True,False
-1.19,19,116.190768,19,closed,False,True,False
-1.22,17,116.195877,17,open,False,True,False
-1.19,19,116.201584,19,open,False,True,False
-1.19,19,116.207291,19,open,False,True,False
-1.15,15,116.212046,15,open,False,True,False
-1.15,15,116.216528,15,open,False,True,False
-1.17,17,116.221718,17,closed,False,True,False
-1.17,17,116.22684,17,closed,False,True,False
-1.15,15,116.231458,15,closed,False,True,False
-1.19,19,116.237249,19,closed,False,True,False
-1.15,15,116.241893,15,closed,False,True,False
-1.17,17,116.246956,17,open,False,True,False
-1.19,19,116.252847,19,open,False,True,False
-1.15,15,116.257445,15,open,False,True,False
-1.17,17,116.262982,17,open,False,True,False
-1.24,19,116.268689,19,open,False,True,False
-1.15,15,116.273415,15,closed,False,True,False
-1.17,17,116.278682,17,closed,False,True,False
-1.17,17,116.283929,17,open,False,True,False
-1.17,17,116.289178,17,closed,False,True,False
-1.15,15,116.29378,15,open,False,True,False
-1.17,17,116.298868,17,open,False,True,False
-1.15,15,116.303521,15,open,False,True,False
