#{"t_start": 1790146043.6614163, "env_id": "None"}
r,l,t,deadline,gate_state,belief_open,trial_return
-0.33,3,0.522795,19,closed,0.0,-0.3300000000000004
-3.51,3,0.52969,17,open,1.0,-3.51
0.57,3,0.535697,15,open,1.0,0.5700000000000001
-4.05,3,0.541727,15,open,1.0,-4.050000000000001
-4.25,3,0.547939,15,closed,0.0,-4.25
-3.51,3,0.554634,17,closed,0.0,-3.51
-4.01,3,0.561366,17,closed,0.0,-4.01
-2.76,3,0.569302,19,closed,0.0,-2.7600000000000007
-4.51,3,0.575996,17,closed,0.0,-4.51
-4.01,3,0.582673,17,closed,0.0,-4.01
-3.85,3,0.588742,15,closed,0.0,-3.85
2.1,3,0.595285,19,open,1.0,2.0999999999999996
-4.01,3,0.602112,17,closed,0.0,-4.01
0.33,3,0.608382,17,open,1.0,0.32999999999999996
-0.15,3,0.615556,19,closed,0.0,-0.15000000000000036
2.36,3,0.621509,19,open,1.0,2.36
-4.25,3,0.627636,15,closed,0.0,-4.25
-3.45,3,0.633725,15,closed,0.0,-3.4499999999999997
-1.64,3,0.639606,15,open,1.0,-1.6400000000000001
-1.7,3,0.646093,17,open,1.0,-1.7
2.36,3,0.651967,17,open,1.0,2.36
0.57,3,0.657728,15,open,1.0,0.5700000000000001
-3.85,3,0.663751,15,closed,0.0,-3.8499999999999996
-1.7,3,0.670361,17,closed,0.0,-1.7
-3.45,3,0.676338,15,closed,0.0,-3.4499999999999997
2.36,3,0.682396,19,open,1.0,2.36
0.11,3,0.688802,17,closed,0.0,0.10999999999999988
-0.15,3,0.695804,19,closed,0.0,-0.15000000000000036
1.92,3,0.702242,17,closed,0.0,1.9199999999999997
-0.51,3,0.708899,19,closed,0.0,-0.5100000000000005
-0.51,3,0.715639,19,closed,0.0,-0.5100000000000005
2.54,3,0.721758,19,open,1.0,2.54
2.5,3,0.728195,19,open,1.0,2.5
-0.39,3,0.734652,17,closed,0.0,-0.39000000000000035
-2.76,3,0.74181,19,closed,0.0,-2.7600000000000007
2.36,3,0.747736,17,open,1.0,2.36
0.11,3,0.754095,17,open,1.0,0.10999999999999988
-0.33,3,0.760942,19,closed,0.0,-0.3300000000000003
-4.25,3,0.766964,15,closed,0.0,-4.25
1.92,3,0.773218,17,open,1.0,1.9199999999999997
2.1,3,0.779723,19,closed,0.0,2.0999999999999996
-1.84,3,0.785675,15,open,1.0,-1.8400000000000003
-0.51,3,0.792335,19,closed,0.0,-0.5100000000000005
2.14,3,0.798445,17,open,1.0,2.1399999999999997
2.32,3,0.804737,19,open,1.0,2.32
-4.25,3,0.81081,15,closed,0.0,-4.25
-1.84,3,0.816838,15,open,1.0,-1.8400000000000003
-2.94,3,0.823761,19,closed,0.0,-2.9400000000000004
-1.64,3,0.829696,15,open,1.0,-1.6400000000000001
-2.2,3,0.836366,17,closed,0.0,-2.2
1.92,3,0.842725,17,closed,0.0,1.9199999999999997
-1.64,3,0.848749,15,open,1.0,-1.6400000000000001
-0.33,3,0.855719,19,closed,0.0,-0.3300000000000004
-4.05,3,0.861726,15,open,1.0,-4.050000000000001
2.36,3,0.867749,19,open,1.0,2.36
0.33,3,0.873939,17,open,1.0,0.32999999999999996
2.1,3,0.880415,19,open,1.0,2.0999999999999996
-0.51,3,0.88712,19,closed,0.0,-0.5100000000000005
2.1,3,0.89358,19,open,1.0,2.0999999999999996
2.36,3,0.899558,19,open,1.0,2.36
0.33,3,0.905727,17,open,1.0,0.32999999999999996
2.5,3,0.912214,19,open,1.0,2.5
2.5,3,0.918793,19,open,1.0,2.5
-2.2,3,0.925339,17,closed,0.0,-2.2
2.32,3,0.93167,19,open,1.0,2.32
2.1,3,0.938213,19,closed,0.0,2.0999999999999996
2.54,3,0.944331,19,open,1.0,2.54
-0.33,3,0.951319,19,closed,0.0,-0.3300000000000004
0.57,3,0.957137,15,open,1.0,0.5700000000000001
2.14,3,0.963269,17,open,1.0,2.1399999999999997
0.11,3,0.96978,17,closed,0.0,0.10999999999999988
-0.51,3,0.976437,19,closed,0.0,-0.5100000000000005
0.55,3,0.982556,17,open,1.0,0.55
-2.2,3,0.989134,17,closed,0.0,-2.2
-3.65,3,0.995157,15,open,1.0,-3.65
-3.65,3,1.001231,15,open,1.0,-3.65
-0.15,3,1.008239,19,closed,0.0,-0.15000000000000036
-1.7,3,1.014871,17,closed,0.0,-1.7
-2.2,3,1.021407,17,closed,0.0,-2.2
-3.45,3,1.027368,15,open,1.0,-3.4499999999999997
2.46,3,1.034264,19,closed,0.0,2.46
0.33,3,1.040431,17,open,1.0,0.32999999999999996
-1.7,3,1.046916,17,closed,0.0,-1.7
-3.65,3,1.053068,15,closed,0.0,-3.65
0.57,3,1.058922,15,open,1.0,0.5700000000000001
-4.05,3,1.065056,15,closed,0.0,-4.050000000000001
2.28,3,1.071787,19,closed,0.0,2.28
-2.76,3,1.079036,19,closed,0.0,-2.7600000000000007
0.37,3,1.084971,15,open,1.0,0.3699999999999999
-3.85,3,1.091038,15,closed,0.0,-3.85
-5.37,3,1.098399,19,closed,0.0,-5.370000000000001
2.1,3,1.105007,19,closed,0.0,2.0999999999999996
2.28,3,1.111716,19,open,1.0,2.28
-4.25,3,1.117872,15,closed,0.0,-4.25
-3.85,3,1.123884,15,closed,0.0,-3.8499999999999996
-0.33,3,1.130779,19,closed,0.0,-0.3300000000000004
-1.48,3,1.137136,17,open,1.0,-1.48
-4.01,3,1.143773,17,closed,0.0,-4.01
-2.7,3,1.150452,17,closed,0.0,-2.7
-2.7,3,1.157031,17,closed,0.0,-2.7
-3.45,3,1.163043,15,open,1.0,-3.4499999999999997
-3.65,3,1.169134,15,open,1.0,-3.65
2.28,3,1.175835,19,closed,0.0,2.28
-3.85,3,1.181982,15,closed,0.0,-3.85
2.5,3,1.188424,19,open,1.0,2.5
-2.2,3,1.19497,17,closed,0.0,-2.2
2.14,3,1.201173,17,open,1.0,2.1399999999999997
-3.85,3,1.207198,15,closed,0.0,-3.85
2.1,3,1.213713,19,open,1.0,2.0999999999999996
2.1,3,1.220357,19,closed,0.0,2.0999999999999996
-4.25,3,1.226448,15,closed,0.0,-4.25
0.55,3,1.232452,17,open,1.0,0.55
2.28,3,1.239238,19,closed,0.0,2.28
-3.45,3,1.245199,15,open,1.0,-3.4499999999999997
-4.25,3,1.251387,15,closed,0.0,-4.25
-4.05,3,1.257399,15,closed,0.0,-4.050000000000001
-2.94,3,1.264456,19,closed,0.0,-2.9400000000000004
-3.65,3,1.270443,15,open,1.0,-3.65
-2.7,3,1.277002,17,closed,0.0,-2.7
-3.51,3,1.283645,17,open,1.0,-3.51
1.92,3,1.289912,17,open,1.0,1.9199999999999997
2.58,3,1.295696,15,open,1.0,2.58
-0.51,3,1.302409,19,closed,0.0,-0.5100000000000005
-3.85,3,1.308434,15,closed,0.0,-3.85
2.5,3,1.314964,19,open,1.0,2.5
-3.65,3,1.320947,15,open,1.0,-3.65
-4.25,3,1.326972,15,closed,0.0,-4.25
-1.64,3,1.332931,15,open,1.0,-1.6400000000000001
-1.84,3,1.338873,15,open,1.0,-1.8400000000000003
2.5,3,1.345385,19,open,1.0,2.5
-2.94,3,1.352463,19,closed,0.0,-2.9400000000000004
2.28,3,1.359169,19,closed,0.0,2.28
2.1,3,1.365711,19,closed,0.0,2.0999999999999996
-4.25,3,1.371898,15,closed,0.0,-4.25
2.36,3,1.377896,17,open,1.0,2.36
2.36,3,1.383914,17,open,1.0,2.36
-4.51,3,1.390575,17,closed,0.0,-4.51
-0.33,3,1.397446,19,closed,0.0,-0.3300000000000004
-2.94,3,1.404607,19,closed,0.0,-2.9400000000000004
0.33,3,1.410856,17,open,1.0,0.33000000000000007
-4.05,3,1.417015,15,closed,0.0,-4.050000000000001
-3.85,3,1.423049,15,closed,0.0,-3.85
-4.45,3,1.429119,15,closed,0.0,-4.45
2.28,3,1.435881,19,open,1.0,2.28
2.28,3,1.442571,19,open,1.0,2.28
-3.45,3,1.448705,15,closed,0.0,-3.4499999999999997
2.54,3,1.454764,19,open,1.0,2.54
-2.2,3,1.461285,17,closed,0.0,-2.2
2.14,3,1.467537,19,open,1.0,2.1399999999999997
-0.33,3,1.47438,19,closed,0.0,-0.3300000000000004
0.57,3,1.480173,15,open,1.0,0.5700000000000001
-1.64,3,1.486174,15,open,1.0,-1.6400000000000001
-1.64,3,1.492089,15,open,1.0,-1.6400000000000001
-4.45,3,1.498203,15,closed,0.0,-4.45
-1.7,3,1.504621,17,open,1.0,-1.7
-0.33,3,1.511456,19,closed,0.0,-0.3300000000000004
-4.01,3,1.518095,17,closed,0.0,-4.01
2.54,3,1.524194,19,open,1.0,2.54
-3.65,3,1.530202,15,closed,0.0,-3.65
-1.48,3,1.536623,17,open,1.0,-1.48
0.55,3,1.542653,17,open,1.0,0.55
2.58,3,1.548472,17,open,1.0,2.58
-1.44,3,1.554393,15,open,1.0,-1.44
0.11,3,1.56085,17,closed,0.0,0.10999999999999988
-0.15,3,1.567946,19,closed,0.0,-0.15000000000000036
0.57,3,1.573751,15,open,1.0,0.5700000000000001
2.14,3,1.579838,19,open,1.0,2.1399999999999997
-2.2,3,1.586491,17,closed,0.0,-2.2
-3.51,3,1.593205,17,closed,0.0,-3.51
-3.85,3,1.599307,15,closed,0.0,-3.85
2.14,3,1.605461,17,open,1.0,2.1399999999999997
-2.2,3,1.612019,17,closed,0.0,-2.2
2.32,3,1.618331,19,open,1.0,2.32
-1.84,3,1.624218,15,open,1.0,-1.8400000000000003
-4.65,3,1.630267,15,closed,0.0,-4.65
-4.45,3,1.63641,15,closed,0.0,-4.45
-4.05,3,1.64242,15,closed,0.0,-4.05
-0.39,3,1.648886,17,closed,0.0,-0.39000000000000035
-2.2,3,1.655384,17,closed,0.0,-2.2
-0.51,3,1.662088,19,closed,0.0,-0.5100000000000005
-1.7,3,1.668681,17,closed,0.0,-1.7
2.5,3,1.675181,19,open,1.0,2.5
0.33,3,1.681479,17,open,1.0,0.32999999999999996
-4.05,3,1.687542,15,closed,0.0,-4.050000000000001
-3.65,3,1.693579,15,closed,0.0,-3.65
2.58,3,1.699449,19,open,1.0,2.58
2.14,3,1.705576,19,open,1.0,2.1399999999999997
-0.15,3,1.712606,19,closed,0.0,-0.15000000000000036
0.11,3,1.719147,17,closed,0.0,0.10999999999999988
-0.33,3,1.726005,19,closed,0.0,-0.3300000000000004
2.54,3,1.732227,19,open,1.0,2.54
-0.51,3,1.738929,19,closed,0.0,-0.5100000000000005
2.1,3,1.745479,19,closed,0.0,2.0999999999999996
0.57,3,1.751264,15,open,1.0,0.5700000000000001
-4.51,3,1.75787,17,closed,0.0,-4.51
-4.25,3,1.763925,15,closed,0.0,-4.25
0.33,3,1.770264,17,open,1.0,0.32999999999999996
-2.7,3,1.776874,17,closed,0.0,-2.7
2.28,3,1.783629,19,closed,0.0,2.28
-2.7,3,1.790221,17,closed,0.0,-2.7
2.46,3,1.797091,19,open,1.0,2.46
2.36,3,1.803112,19,open,1.0,2.36
-2.2,3,1.80959,17,closed,0.0,-2.2
-1.48,3,1.81601,17,open,1.0,-1.48
-4.01,3,1.822649,17,closed,0.0,-4.01
-0.15,3,1.829706,19,closed,0.0,-0.15000000000000036
2.1,3,1.836365,19,closed,0.0,2.0999999999999996
-3.85,3,1.842332,15,open,1.0,-3.85
0.33,3,1.848624,17,open,1.0,0.32999999999999996
-0.39,3,1.855109,17,closed,0.0,-0.39000000000000035
-3.85,3,1.861074,15,open,1.0,-3.85
2.14,3,1.867204,19,open,1.0,2.1399999999999997
2.58,3,1.872943,19,open,1.0,2.58
-0.33,3,1.879749,19,closed,0.0,-0.3300000000000003
-1.84,3,1.885744,15,open,1.0,-1.8400000000000003
0.37,3,1.891595,15,open,1.0,0.3699999999999999
-2.94,3,1.898592,19,closed,0.0,-2.9400000000000004
-1.64,3,1.904518,15,open,1.0,-1.6400000000000001
0.11,3,1.910959,17,closed,0.0,0.10999999999999988
-4.05,3,1.917142,15,closed,0.0,-4.050000000000001
-0.33,3,1.92395,19,closed,0.0,-0.3300000000000004
-1.64,3,1.929861,15,open,1.0,-1.6400000000000001
-1.48,3,1.93617,17,open,1.0,-1.48
-3.45,3,1.942145,15,open,1.0,-3.4499999999999997
-3.85,3,1.948292,15,closed,0.0,-3.85
-2.94,3,1.955262,19,closed,0.0,-2.9400000000000004
2.36,3,1.96118,19,open,1.0,2.36
-1.64,3,1.967124,15,open,1.0,-1.6400000000000001
-4.05,3,1.973146,15,closed,0.0,-4.05
0.11,3,1.979547,17,open,1.0,0.10999999999999988
-3.65,3,1.985537,15,closed,0.0,-3.65
-4.05,3,1.991523,15,open,1.0,-4.050000000000001
-0.51,3,1.998177,19,closed,0.0,-0.5100000000000005
-0.33,3,2.004941,19,closed,0.0,-0.3300000000000004
0.57,3,2.010753,15,open,1.0,0.5700000000000001
-3.85,3,2.016896,15,closed,0.0,-3.85
-1.44,3,2.022805,15,open,1.0,-1.44
2.1,3,2.029323,19,closed,0.0,2.0999999999999996
2.32,3,2.03572,19,open,1.0,2.32
-4.51,3,2.04233,17,closed,0.0,-4.51
-1.7,3,2.048884,17,open,1.0,-1.7
-4.05,3,2.054955,15,closed,0.0,-4.05
-4.05,3,2.061015,15,closed,0.0,-4.050000000000001
0.11,3,2.067441,17,open,1.0,0.10999999999999988
-2.76,3,2.074631,19,closed,0.0,-2.7600000000000007
-4.01,3,2.081413,17,closed,0.0,-4.01
-2.76,3,2.088582,19,closed,0.0,-2.7600000000000007
0.11,3,2.09498,17,closed,0.0,0.10999999999999988
2.32,3,2.101403,19,open,1.0,2.32
-2.2,3,2.107979,17,closed,0.0,-2.2
0.37,3,2.113811,15,open,1.0,0.3699999999999999
1.92,3,2.120208,17,open,1.0,1.9199999999999997
-0.15,3,2.127225,19,closed,0.0,-0.15000000000000036
-2.7,3,2.133838,17,closed,0.0,-2.7
0.57,3,2.139669,15,open,1.0,0.5700000000000001
-3.85,3,2.145671,15,open,1.0,-3.85
-3.85,3,2.151778,15,closed,0.0,-3.85
2.54,3,2.158019,19,open,1.0,2.54
-2.94,3,2.165053,19,closed,0.0,-2.9400000000000004
-3.65,3,2.171102,15,closed,0.0,-3.65
-0.33,3,2.177926,19,closed,0.0,-0.3300000000000004
2.14,3,2.184002,19,open,1.0,2.1399999999999997
1.92,3,2.190299,17,closed,0.0,1.9199999999999997
2.28,3,2.196956,19,open,1.0,2.28
2.36,3,2.203,17,open,1.0,2.36
2.54,3,2.209063,19,open,1.0,2.54
-4.51,3,2.215806,17,closed,0.0,-4.51
0.33,3,2.222004,17,open,1.0,0.32999999999999996
2.5,3,2.228474,19,open,1.0,2.5
-4.05,3,2.234605,15,open,1.0,-4.050000000000001
-4.01,3,2.241243,17,closed,0.0,-4.01
-3.65,3,2.247307,15,closed,0.0,-3.65
-1.44,3,2.253172,15,open,1.0,-1.44
-4.51,3,2.2598,17,closed,0.0,-4.51
-3.65,3,2.265951,15,closed,0.0,-3.65
-4.45,3,2.272025,15,closed,0.0,-4.45
-4.05,3,2.278029,15,closed,0.0,-4.050000000000001
-3.65,3,2.284096,15,open,1.0,-3.65
-3.65,3,2.290133,15,closed,0.0,-3.65
-4.01,3,2.2967,17,closed,0.0,-4.01
-2.2,3,2.303344,17,closed,0.0,-2.2
-5.01,3,2.310007,17,closed,0.0,-5.010000000000001
-4.01,3,2.316785,17,closed,0.0,-4.01
-1.64,3,2.32273,15,open,1.0,-1.6400000000000001
-3.45,3,2.328821,15,closed,0.0,-3.4499999999999997
-4.05,3,2.334929,15,closed,0.0,-4.050000000000001
2.28,3,2.341593,19,open,1.0,2.28
-4.25,3,2.347675,15,closed,0.0,-4.25
-0.39,3,2.354133,17,closed,0.0,-0.39000000000000035
2.32,3,2.360457,19,open,1.0,2.32
0.57,3,2.366331,15,open,1.0,0.5700000000000001
2.32,3,2.372627,19,open,1.0,2.32
0.11,3,2.379113,17,open,1.0,0.10999999999999988
-1.64,3,2.385093,15,open,1.0,-1.6400000000000001
0.33,3,2.3913,17,open,1.0,0.32999999999999996
-3.65,3,2.397363,15,closed,0.0,-3.65
2.54,3,2.40353,19,open,1.0,2.54
-3.65,3,2.409518,15,closed,0.0,-3.65
-4.45,3,2.415636,15,closed,0.0,-4.45
-4.01,3,2.422281,17,closed,0.0,-4.01
-3.51,3,2.428873,17,closed,0.0,-3.51
-0.39,3,2.435443,17,closed,0.0,-0.39000000000000035
0.55,3,2.44149,17,open,1.0,0.55
-3.65,3,2.447473,15,closed,0.0,-3.65
-1.7,3,2.454104,17,closed,0.0,-1.7
-4.05,3,2.460129,15,closed,0.0,-4.050000000000001
-2.94,3,2.467205,19,closed,0.0,-2.9400000000000004
-4.65,3,2.47327,15,closed,0.0,-4.65
-4.51,3,2.479954,17,closed,0.0,-4.51
-1.64,3,2.485976,15,open,1.0,-1.6400000000000001
2.32,3,2.492245,19,open,1.0,2.32
-1.64,3,2.498262,15,open,1.0,-1.6400000000000001
-2.94,3,2.505265,19,closed,0.0,-2.9400000000000004
2.5,3,2.511772,19,open,1.0,2.5
-2.2,3,2.518406,17,closed,0.0,-2.2
1.92,3,2.524712,19,open,1.0,1.9199999999999997
-3.65,3,2.530839,15,closed,0.0,-3.65
-1.64,3,2.536798,15,open,1.0,-1.6400000000000001
2.32,3,2.543052,19,open,1.0,2.32
-0.15,3,2.550215,19,closed,0.0,-0.15000000000000036
-4.25,3,2.556348,15,closed,0.0,-4.25
-1.64,3,2.562253,15,open,1.0,-1.6400000000000001
-2.7,3,2.568898,17,closed,0.0,-2.7
2.36,3,2.574867,19,open,1.0,2.36
-4.45,3,2.580991,15,closed,0.0,-4.45
-3.85,3,2.587009,15,open,1.0,-3.85
-1.7,3,2.593537,17,open,1.0,-1.7
-2.94,3,2.60061,19,closed,0.0,-2.9400000000000004
-3.65,3,2.606611,15,open,1.0,-3.65
0.55,3,2.612599,17,open,1.0,0.55
-0.39,3,2.619215,17,closed,0.0,-0.39000000000000035
2.36,3,2.625146,17,open,1.0,2.36
-4.25,3,2.63128,15,closed,0.0,-4.25
2.58,3,2.637028,17,open,1.0,2.58
0.55,3,2.643078,17,open,1.0,0.55
-4.01,3,2.649812,17,closed,0.0,-4.01
-3.85,3,2.655842,15,closed,0.0,-3.85
-4.05,3,2.661911,15,closed,0.0,-4.050000000000001
2.28,3,2.668704,19,open,1.0,2.28
1.92,3,2.67508,19,closed,0.0,1.9199999999999997
-1.48,3,2.681453,17,open,1.0,-1.48
-4.05,3,2.766618,15,closed,0.0,-4.050000000000001
-2.7,3,2.773433,17,closed,0.0,-2.7
-2.76,3,2.78063,19,closed,0.0,-2.7600000000000007
2.1,3,2.787283,19,closed,0.0,2.0999999999999996
-3.85,3,2.793312,15,open,1.0,-3.85
-1.7,3,2.799903,17,open,1.0,-1.7
-4.45,3,2.805951,15,closed,0.0,-4.45
2.14,3,2.812101,17,open,1.0,2.1399999999999997
-2.2,3,2.818739,17,closed,0.0,-2.2
2.1,3,2.825307,19,closed,0.0,2.0999999999999996
-3.65,3,2.831425,15,open,1.0,-3.65
1.92,3,2.837836,17,closed,0.0,1.9199999999999997
2.28,3,2.844574,19,closed,0.0,2.28
2.32,3,2.850991,19,open,1.0,2.32
2.58,3,2.856752,15,open,1.0,2.58
-4.05,3,2.862824,15,closed,0.0,-4.050000000000001
-2.2,3,2.869446,17,closed,0.0,-2.2
-1.84,3,2.875361,15,open,1.0,-1.8400000000000003
-4.05,3,2.881435,15,open,1.0,-4.050000000000001
-2.76,3,2.888599,19,closed,0.0,-2.7600000000000007
-3.65,3,2.894663,15,closed,0.0,-3.65
2.28,3,2.901454,19,open,1.0,2.28
2.1,3,2.907973,19,open,1.0,2.0999999999999996
0.37,3,2.913873,15,open,1.0,0.3699999999999999
2.14,3,2.920012,17,open,1.0,2.1399999999999997
-4.65,3,2.926086,15,closed,0.0,-4.65
0.55,3,2.932237,17,open,1.0,0.55
-2.2,3,2.938834,17,closed,0.0,-2.2
2.28,3,2.945533,19,open,1.0,2.28
2.14,3,2.951682,19,open,1.0,2.1399999999999997
0.55,3,2.957731,17,open,1.0,0.55
2.14,3,2.963825,19,open,1.0,2.1399999999999997
-1.7,3,2.97034,17,closed,0.0,-1.7
-1.7,3,2.976855,17,closed,0.0,-1.7
-4.25,3,2.983023,15,closed,0.0,-4.25
0.57,3,2.988879,15,open,1.0,0.5700000000000001
0.37,3,2.9947,15,open,1.0,0.3699999999999999
-2.2,3,3.001391,17,closed,0.0,-2.2
2.54,3,3.00755,19,open,1.0,2.54
2.1,3,3.014036,19,open,1.0,2.0999999999999996
-1.64,3,3.020043,15,open,1.0,-1.6400000000000001
0.11,3,3.02656,17,closed,0.0,0.10999999999999988
-1.64,3,3.032537,15,open,1.0,-1.6400000000000001
-5.01,3,3.039322,17,closed,0.0,-5.010000000000001
-3.85,3,3.045416,15,closed,0.0,-3.8499999999999996
1.92,3,3.051783,19,open,1.0,1.9199999999999997
-3.85,3,3.057815,15,open,1.0,-3.85
2.28,3,3.064634,19,closed,0.0,2.28
-4.45,3,3.070667,15,closed,0.0,-4.45
0.11,3,3.077098,17,closed,0.0,0.10999999999999988
-2.94,3,3.084159,19,closed,0.0,-2.9400000000000004
2.1,3,3.090717,19,closed,0.0,2.0999999999999996
-0.39,3,3.09724,17,closed,0.0,-0.39000000000000035
0.11,3,3.103642,17,closed,0.0,0.10999999999999988
-1.44,3,3.109533,15,open,1.0,-1.44
-5.01,3,3.116297,17,closed,0.0,-5.010000000000001
2.28,3,3.122963,19,open,1.0,2.28
2.32,3,3.129356,19,open,1.0,2.32
2.36,3,3.135367,19,open,1.0,2.36
2.1,3,3.141819,19,open,1.0,2.0999999999999996
-0.39,3,3.148371,17,closed,0.0,-0.39000000000000035
2.5,3,3.15483,19,open,1.0,2.5
-1.64,3,3.160743,15,open,1.0,-1.6400000000000001
2.36,3,3.166757,19,open,1.0,2.36
-0.39,3,3.173246,17,closed,0.0,-0.39000000000000035
2.46,3,3.18011,19,open,1.0,2.46
-1.7,3,3.186739,17,closed,0.0,-1.7
0.11,3,3.193094,17,open,1.0,0.10999999999999988
-0.51,3,3.199883,19,closed,0.0,-0.5100000000000005
-0.33,3,3.206795,19,closed,0.0,-0.3300000000000004
-1.7,3,3.213366,17,closed,0.0,-1.7
-0.33,3,3.220328,19,closed,0.0,-0.3300000000000004
-4.51,3,3.229107,17,closed,0.0,-4.51
2.1,3,3.235792,19,closed,0.0,2.0999999999999996
-2.2,3,3.242361,17,closed,0.0,-2.2
-3.85,3,3.248498,15,closed,0.0,-3.85
-3.85,3,3.254555,15,closed,0.0,-3.85
-1.7,3,3.261096,17,closed,0.0,-1.7
-1.64,3,3.267083,15,open,1.0,-1.6400000000000001
-4.05,3,3.273134,15,closed,0.0,-4.050000000000001
2.32,3,3.279473,19,open,1.0,2.32
-4.65,3,3.285708,15,closed,0.0,-4.65
0.57,3,3.291539,15,open,1.0,0.5700000000000001
-4.25,3,3.297565,15,closed,0.0,-4.25
-2.2,3,3.304202,17,closed,0.0,-2.2
-4.05,3,3.310247,15,closed,0.0,-4.05
-3.65,3,3.316305,15,closed,0.0,-3.65
2.58,3,3.322082,19,open,1.0,2.58
-4.05,3,3.328119,15,closed,0.0,-4.050000000000001
0.57,3,3.334096,15,open,1.0,0.5700000000000001
-0.39,3,3.3406,17,closed,0.0,-0.39000000000000035
-2.76,3,3.347763,19,closed,0.0,-2.7600000000000007
-4.05,3,3.353891,15,closed,0.0,-4.050000000000001
2.1,3,3.360445,19,closed,0.0,2.0999999999999996
-0.51,3,3.367206,19,closed,0.0,-0.5100000000000005
2.36,3,3.373146,17,open,1.0,2.36
-1.7,3,3.379628,17,open,1.0,-1.7
0.33,3,3.385971,17,open,1.0,0.33000000000000007
-2.2,3,3.392602,17,closed,0.0,-2.2
-0.51,3,3.39941,19,closed,0.0,-0.5100000000000005
-1.64,3,3.405331,15,open,1.0,-1.6400000000000001
0.11,3,3.411752,17,closed,0.0,0.10999999999999988
-4.45,3,3.417915,15,closed,0.0,-4.45
-3.65,3,3.423943,15,closed,0.0,-3.65
-3.85,3,3.429981,15,closed,0.0,-3.85
2.5,3,3.436645,19,open,1.0,2.5
2.54,3,3.442759,19,open,1.0,2.54
2.36,3,3.448701,19,open,1.0,2.36
-1.64,3,3.454643,15,open,1.0,-1.6400000000000001
-0.39,3,3.461097,17,closed,0.0,-0.39000000000000035
-0.33,3,3.468015,19,closed,0.0,-0.3300000000000004
-4.05,3,3.474052,15,closed,0.0,-4.050000000000001
-1.84,3,3.479926,15,open,1.0,-1.8400000000000003
-0.39,3,3.486485,17,closed,0.0,-0.39000000000000035
-2.2,3,3.493076,17,closed,0.0,-2.2
-4.05,3,3.499204,15,closed,0.0,-4.050000000000001
2.32,3,3.505586,19,open,1.0,2.32
0.11,3,3.511976,17,open,1.0,0.10999999999999988
-4.51,3,3.518728,17,closed,0.0,-4.51
-0.33,3,3.525589,19,closed,0.0,-0.3300000000000004
-1.44,3,3.531644,15,open,1.0,-1.44
2.14,3,3.537893,19,open,1.0,2.1399999999999997
-4.25,3,3.543988,15,closed,0.0,-4.25
-3.85,3,3.550165,15,closed,0.0,-3.85
-4.25,3,3.556238,15,closed,0.0,-4.25
2.58,3,3.562004,17,open,1.0,2.58
2.14,3,3.568203,17,open,1.0,2.1399999999999997
-0.33,3,3.57507,19,closed,0.0,-0.3300000000000004
-3.65,3,3.581229,15,closed,0.0,-3.65
2.28,3,3.587901,19,open,1.0,2.28
0.55,3,3.594279,17,open,1.0,0.55
-2.7,3,3.600979,17,closed,0.0,-2.7
-3.85,3,3.606996,15,open,1.0,-3.85
2.14,3,3.613092,17,open,1.0,2.1399999999999997
-2.94,3,3.620229,19,closed,0.0,-2.9400000000000004
-0.51,3,3.626893,19,closed,0.0,-0.5100000000000005
2.14,3,3.633043,19,open,1.0,2.1399999999999997
0.33,3,3.63932,17,open,1.0,0.33000000000000007
-1.64,3,3.645275,15,open,1.0,-1.6400000000000001
2.14,3,3.651452,19,open,1.0,2.1399999999999997
-0.51,3,3.658088,19,closed,0.0,-0.5100000000000005
-1.7,3,3.664714,17,closed,0.0,-1.7
2.1,3,3.671209,19,open,1.0,2.0999999999999996
-2.7,3,3.677829,17,closed,0.0,-2.7
-5.37,3,3.685174,19,closed,0.0,-5.370000000000001
-1.7,3,3.691736,17,closed,0.0,-1.7
-1.44,3,3.697651,15,open,1.0,-1.44
-4.25,3,3.703794,15,closed,0.0,-4.25
-3.85,3,3.70985,15,closed,0.0,-3.85
2.14,3,3.716048,17,open,1.0,2.1399999999999997
2.14,3,3.722228,17,open,1.0,2.1399999999999997
-4.25,3,3.728309,15,closed,0.0,-4.25
-0.33,3,3.735157,19,closed,0.0,-0.3300000000000004
-3.51,3,3.741768,17,closed,0.0,-3.51
2.32,3,3.74821,19,open,1.0,2.32
-5.01,3,3.7549,17,closed,0.0,-5.010000000000001
1.92,3,3.761246,17,closed,0.0,1.9199999999999997
-3.45,3,3.767248,15,open,1.0,-3.4499999999999997
-4.25,3,3.773306,15,closed,0.0,-4.25
0.11,3,3.779684,17,open,1.0,0.10999999999999988
-3.45,3,3.785812,15,closed,0.0,-3.4499999999999997
-2.7,3,3.792348,17,closed,0.0,-2.7
-1.64,3,3.798402,15,open,1.0,-1.6400000000000001
-1.7,3,3.804863,17,open,1.0,-1.7
2.58,3,3.810616,17,open,1.0,2.58
-1.64,3,3.816624,15,open,1.0,-1.6400000000000001
-0.33,3,3.823458,19,closed,0.0,-0.3300000000000003
0.11,3,3.829939,17,closed,0.0,0.10999999999999988
-2.2,3,3.836684,17,closed,0.0,-2.2
-4.25,3,3.842753,15,closed,0.0,-4.25
-3.45,3,3.848889,15,closed,0.0,-3.4499999999999997
-0.15,3,3.856007,19,closed,0.0,-0.15000000000000036
-3.65,3,3.862035,15,closed,0.0,-3.65
-1.64,3,3.868029,15,open,1.0,-1.6400000000000001
-0.39,3,3.874502,17,closed,0.0,-0.39000000000000035
2.14,3,3.880619,19,open,1.0,2.1399999999999997
-4.25,3,3.886793,15,closed,0.0,-4.25
-2.2,3,3.893342,17,closed,0.0,-2.2
0.33,3,3.899561,17,open,1.0,0.33000000000000007
2.32,3,3.90583,19,open,1.0,2.32
-1.7,3,3.912368,17,closed,0.0,-1.7
0.57,3,3.918187,15,open,1.0,0.5700000000000001
-1.7,3,3.924644,17,open,1.0,-1.7
2.14,3,3.930768,17,open,1.0,2.1399999999999997
-4.25,3,3.936961,15,closed,0.0,-4.25
-4.45,3,3.943092,15,closed,0.0,-4.45
-1.84,3,3.949023,15,open,1.0,-1.8400000000000003
-2.7,3,3.95561,17,closed,0.0,-2.7
0.11,3,3.962032,17,open,1.0,0.10999999999999988
-3.65,3,3.968191,15,closed,0.0,-3.65
-0.33,3,3.97501,19,closed,0.0,-0.3300000000000004
-4.05,3,3.98114,15,closed,0.0,-4.050000000000001
0.33,3,3.987398,17,open,1.0,0.33000000000000007
2.36,3,3.993298,19,open,1.0,2.36
0.55,3,3.999419,17,open,1.0,0.55
-1.64,3,4.005367,15,open,1.0,-1.6400000000000001
0.11,3,4.011867,17,closed,0.0,0.10999999999999988
-4.05,3,4.017981,15,open,1.0,-4.050000000000001
-4.65,3,4.024041,15,closed,0.0,-4.65
-3.85,3,4.03013,15,closed,0.0,-3.85
-3.85,3,4.036321,15,open,1.0,-3.85
-4.51,3,4.043035,17,closed,0.0,-4.51
1.92,3,4.04957,17,closed,0.0,1.9199999999999997
-1.7,3,4.056172,17,closed,0.0,-1.7
2.28,3,4.062846,19,open,1.0,2.28
-1.84,3,4.068846,15,open,1.0,-1.8400000000000003
-4.25,3,4.074879,15,closed,0.0,-4.25
-0.33,3,4.081801,19,closed,0.0,-0.3300000000000004
-2.76,3,4.088976,19,closed,0.0,-2.7600000000000007
2.14,3,4.095138,19,open,1.0,2.1399999999999997
2.36,3,4.101099,17,open,1.0,2.36
-1.64,3,4.106992,15,open,1.0,-1.6400000000000001
2.54,3,4.113121,19,open,1.0,2.54
-4.45,3,4.119316,15,closed,0.0,-4.45
1.92,3,4.125618,17,open,1.0,1.9199999999999997
-3.85,3,4.131795,15,closed,0.0,-3.85
0.37,3,4.137673,15,open,1.0,0.3699999999999999
-2.2,3,4.144225,17,closed,0.0,-2.2
0.11,3,4.150764,17,closed,0.0,0.10999999999999988
2.1,3,4.15729,19,closed,0.0,2.0999999999999996
-1.7,3,4.163788,17,closed,0.0,-1.7
2.14,3,4.169996,19,open,1.0,2.1399999999999997
2.14,3,4.176073,19,open,1.0,2.1399999999999997
2.28,3,4.182848,19,open,1.0,2.28
2.36,3,4.188827,19,open,1.0,2.36
-0.33,3,4.195665,19,closed,0.0,-0.3300000000000004
2.36,3,4.20162,17,open,1.0,2.36
-4.45,3,4.207728,15,closed,0.0,-4.45
-1.64,3,4.213635,15,open,1.0,-1.6400000000000001
0.33,3,4.219859,17,open,1.0,0.33000000000000007
0.11,3,4.22628,17,open,1.0,0.10999999999999988
-1.44,3,4.232158,15,open,1.0,-1.44
0.37,3,4.238006,15,open,1.0,0.3699999999999999
2.58,3,4.24374,17,open,1.0,2.58
2.5,3,4.250243,19,open,1.0,2.5
0.11,3,4.256661,17,closed,0.0,0.10999999999999988
2.1,3,4.263136,19,open,1.0,2.0999999999999996
1.92,3,4.269491,17,open,1.0,1.9199999999999997
-4.01,3,4.276113,17,closed,0.0,-4.01
-1.7,3,4.282735,17,closed,0.0,-1.7
2.1,3,4.289306,19,closed,0.0,2.0999999999999996
0.57,3,4.295193,15,open,1.0,0.5700000000000001
-2.2,3,4.301857,17,closed,0.0,-2.2
-0.15,3,4.308956,19,closed,0.0,-0.15000000000000036
-3.85,3,4.315022,15,closed,0.0,-3.85
-2.7,3,4.321735,17,closed,0.0,-2.7
2.14,3,4.327854,19,open,1.0,2.1399999999999997
0.55,3,4.333996,17,open,1.0,0.55
2.14,3,4.340189,19,open,1.0,2.1399999999999997
2.1,3,4.346735,19,closed,0.0,2.0999999999999996
2.36,3,4.352641,19,open,1.0,2.36
-2.7,3,4.359356,17,closed,0.0,-2.7
-1.64,3,4.365354,15,open,1.0,-1.6400000000000001
-3.85,3,4.371418,15,closed,0.0,-3.85
2.32,3,4.377761,19,open,1.0,2.32
-0.39,3,4.384378,17,closed,0.0,-0.39000000000000035
-3.65,3,4.390389,15,open,1.0,-3.65
-3.85,3,4.396429,15,closed,0.0,-3.85
0.11,3,4.402887,17,open,1.0,0.10999999999999988
0.55,3,4.408849,17,open,1.0,0.55
-2.2,3,4.41553,17,closed,0.0,-2.2
-0.51,3,4.422176,19,closed,0.0,-0.5100000000000005
-4.05,3,4.428277,15,closed,0.0,-4.050000000000001
-2.94,3,4.435352,19,closed,0.0,-2.9400000000000004
-3.45,3,4.4415,15,closed,0.0,-3.4499999999999997
2.14,3,4.447624,17,open,1.0,2.1399999999999997
2.1,3,4.454126,19,closed,0.0,2.0999999999999996
2.32,3,4.46039,19,open,1.0,2.32
0.33,3,4.466643,17,open,1.0,0.32999999999999996
2.32,3,4.472986,19,open,1.0,2.32
2.14,3,4.479136,17,open,1.0,2.1399999999999997
2.28,3,4.485902,19,open,1.0,2.28
-3.65,3,4.49187,15,open,1.0,-3.65
-2.2,3,4.498547,17,closed,0.0,-2.2
2.1,3,4.50505,19,open,1.0,2.0999999999999996
-2.94,3,4.512066,19,closed,0.0,-2.9400000000000004
2.58,3,4.51779,17,open,1.0,2.58
2.1,3,4.524276,19,open,1.0,2.0999999999999996
-3.65,3,4.530285,15,closed,0.0,-3.65
-3.45,3,4.536484,15,closed,0.0,-3.4499999999999997
0.55,3,4.542561,17,open,1.0,0.55
1.92,3,4.548972,17,open,1.0,1.9199999999999997
-4.25,3,4.555018,15,closed,0.0,-4.25
-0.39,3,4.561512,17,closed,0.0,-0.39000000000000035
2.58,3,4.56736,19,open,1.0,2.58
-4.25,3,4.573419,15,closed,0.0,-4.25
0.37,3,4.57924,15,open,1.0,0.3699999999999999
2.1,3,4.585882,19,closed,0.0,2.0999999999999996
2.1,3,4.592727,19,closed,0.0,2.0999999999999996
-1.64,3,4.598758,15,open,1.0,-1.6400000000000001
1.92,3,4.605239,17,closed,0.0,1.9199999999999997
-1.44,3,4.611084,15,open,1.0,-1.44
2.46,3,4.618005,19,open,1.0,2.46
1.92,3,4.624335,19,open,1.0,1.9199999999999997
-4.05,3,4.63043,15,closed,0.0,-4.050000000000001
-3.85,3,4.63652,15,closed,0.0,-3.85
2.58,3,4.642304,19,open,1.0,2.58
-1.64,3,4.648272,15,open,1.0,-1.6400000000000001
-2.7,3,4.654841,17,closed,0.0,-2.7
2.54,3,4.660932,19,open,1.0,2.54
0.11,3,4.667459,17,open,1.0,0.10999999999999988
-2.2,3,4.674033,17,closed,0.0,-2.2
2.32,3,4.680303,19,open,1.0,2.32
-3.85,3,4.686436,15,closed,0.0,-3.85
-2.76,3,4.693721,19,closed,0.0,-2.7600000000000007
-1.7,3,4.700377,17,closed,0.0,-1.7
2.36,3,4.706309,17,open,1.0,2.36
2.1,3,4.712792,19,open,1.0,2.0999999999999996
2.1,3,4.719392,19,open,1.0,2.0999999999999996
2.54,3,4.725466,19,open,1.0,2.54
0.55,3,4.73155,17,open,1.0,0.55
2.28,3,4.738352,19,closed,0.0,2.28
0.55,3,4.744384,17,open,1.0,0.55
-2.2,3,4.750953,17,closed,0.0,-2.2
-0.51,3,4.757627,19,closed,0.0,-0.5100000000000005
2.32,3,4.763946,19,open,1.0,2.32
0.33,3,4.770125,17,open,1.0,0.32999999999999996
-4.05,3,4.776106,15,open,1.0,-4.050000000000001
0.33,3,4.78228,17,open,1.0,0.33000000000000007
-4.51,3,4.788878,17,closed,0.0,-4.51
2.28,3,4.795566,19,open,1.0,2.28
-1.7,3,4.802234,17,closed,0.0,-1.7
-3.51,3,4.808787,17,open,1.0,-3.51
0.33,3,4.814995,17,open,1.0,0.33000000000000007
1.92,3,4.821249,17,open,1.0,1.9199999999999997
-1.7,3,4.827717,17,open,1.0,-1.7
-1.64,3,4.83374,15,open,1.0,-1.6400000000000001
2.54,3,4.839907,19,open,1.0,2.54
2.36,3,4.845891,19,open,1.0,2.36
-2.2,3,4.852477,17,closed,0.0,-2.2
-1.64,3,4.858361,15,open,1.0,-1.6400000000000001
-0.15,3,4.865499,19,closed,0.0,-0.15000000000000036
1.92,3,4.871827,19,open,1.0,1.9199999999999997
0.55,3,4.877799,17,open,1.0,0.55
0.33,3,4.884088,17,open,1.0,0.32999999999999996
-3.85,3,4.89013,15,closed,0.0,-3.85
2.14,3,4.896255,19,open,1.0,2.1399999999999997
-2.2,3,4.902808,17,closed,0.0,-2.2
-0.15,3,4.909794,19,closed,0.0,-0.15000000000000036
2.32,3,4.916094,19,open,1.0,2.32
0.33,3,4.922299,17,open,1.0,0.32999999999999996
-3.85,3,5.007302,15,closed,0.0,-3.85
2.14,3,5.013681,17,open,1.0,2.1399999999999997
0.33,3,5.020077,17,open,1.0,0.32999999999999996
2.1,3,5.026604,19,open,1.0,2.0999999999999996
-4.05,3,5.032827,15,closed,0.0,-4.050000000000001
-2.2,3,5.039376,17,closed,0.0,-2.2
-0.33,3,5.046232,19,closed,0.0,-0.3300000000000003
-4.05,3,5.052428,15,closed,0.0,-4.050000000000001
2.32,3,5.05871,19,open,1.0,2.32
2.14,3,5.064943,19,open,1.0,2.1399999999999997
-1.64,3,5.070863,15,open,1.0,-1.6400000000000001
-2.2,3,5.077432,17,closed,0.0,-2.2
-0.33,3,5.084424,19,closed,0.0,-0.3300000000000004
2.14,3,5.090639,17,open,1.0,2.1399999999999997
-4.25,3,5.09672,15,closed,0.0,-4.25
0.11,3,5.10321,17,open,1.0,0.10999999999999988
-4.25,3,5.109277,15,closed,0.0,-4.25
2.14,3,5.115487,17,open,1.0,2.1399999999999997
2.1,3,5.122005,19,closed,0.0,2.0999999999999996
-1.84,3,5.127965,15,open,1.0,-1.8400000000000003
2.28,3,5.134787,19,closed,0.0,2.28
2.32,3,5.141121,19,open,1.0,2.32
-1.84,3,5.14717,15,open,1.0,-1.8400000000000003
0.57,3,5.153,15,open,1.0,0.5700000000000001
2.1,3,5.159557,19,closed,0.0,2.0999999999999996
-1.64,3,5.16556,15,open,1.0,-1.6400000000000001
1.92,3,5.171928,19,closed,0.0,1.9199999999999997
-0.33,3,5.17882,19,closed,0.0,-0.3300000000000004
-2.76,3,5.186006,19,closed,0.0,-2.7600000000000007
0.57,3,5.191804,15,open,1.0,0.5700000000000001
-0.15,3,5.198947,19,closed,0.0,-0.15000000000000036
2.1,3,5.20547,19,closed,0.0,2.0999999999999996
-4.45,3,5.211548,15,closed,0.0,-4.45
-0.51,3,5.218314,19,closed,0.0,-0.5100000000000005
-3.51,3,5.224948,17,closed,0.0,-3.51
-4.25,3,5.231105,15,closed,0.0,-4.25
-2.94,3,5.238155,19,closed,0.0,-2.9400000000000004
1.92,3,5.244469,19,open,1.0,1.9199999999999997
-1.44,3,5.250476,15,open,1.0,-1.44
2.1,3,5.256985,19,closed,0.0,2.0999999999999996
2.32,3,5.263313,19,open,1.0,2.32
2.14,3,5.269494,17,open,1.0,2.1399999999999997
2.5,3,5.275997,19,open,1.0,2.5
-0.51,3,5.282789,19,closed,0.0,-0.5100000000000005
-0.39,3,5.289259,17,closed,0.0,-0.39000000000000035
2.14,3,5.295428,19,open,1.0,2.1399999999999997
2.1,3,5.302053,19,closed,0.0,2.0999999999999996
2.5,3,5.308564,19,open,1.0,2.5
-4.05,3,5.31461,15,closed,0.0,-4.050000000000001
2.58,3,5.320475,15,open,1.0,2.58
1.92,3,5.326828,19,closed,0.0,1.9199999999999997
-4.25,3,5.33301,15,closed,0.0,-4.25
-4.05,3,5.339066,15,closed,0.0,-4.050000000000001
2.14,3,5.345232,17,open,1.0,2.1399999999999997
-2.2,3,5.3519,17,closed,0.0,-2.2
2.28,3,5.358595,19,open,1.0,2.28
2.32,3,5.364971,19,open,1.0,2.32
1.92,3,5.371472,17,closed,0.0,1.9199999999999997
2.14,3,5.37761,19,open,1.0,2.1399999999999997
-0.39,3,5.384159,17,closed,0.0,-0.39000000000000035
-0.15,3,5.391256,19,closed,0.0,-0.15000000000000036
0.11,3,5.39773,17,open,1.0,0.10999999999999988
2.14,3,5.4039,17,open,1.0,2.1399999999999997
1.92,3,5.410238,17,closed,0.0,1.9199999999999997
0.11,3,5.416727,17,closed,0.0,0.10999999999999988
1.92,3,5.423075,17,open,1.0,1.9199999999999997
0.11,3,5.42955,17,closed,0.0,0.10999999999999988
1.92,3,5.436038,17,open,1.0,1.9199999999999997
1.92,3,5.44232,19,open,1.0,1.9199999999999997
-4.25,3,5.44844,15,closed,0.0,-4.25
-3.85,3,5.454461,15,closed,0.0,-3.85
-0.33,3,5.461288,19,closed,0.0,-0.3300000000000004
2.36,3,5.467212,19,open,1.0,2.36
-0.39,3,5.47364,17,closed,0.0,-0.39000000000000035
2.5,3,5.480113,19,open,1.0,2.5
-1.64,3,5.486131,15,open,1.0,-1.6400000000000001
0.11,3,5.492573,17,closed,0.0,0.10999999999999988
-4.05,3,5.499745,15,closed,0.0,-4.050000000000001
2.32,3,5.506709,19,open,1.0,2.32
2.32,3,5.51303,19,open,1.0,2.32
-4.25,3,5.519045,15,closed,0.0,-4.25
0.11,3,5.525414,17,closed,0.0,0.10999999999999988
0.33,3,5.531617,17,open,1.0,0.32999999999999996
-3.65,3,5.537641,15,closed,0.0,-3.65
0.57,3,5.543445,15,open,1.0,0.5700000000000001
-2.7,3,5.550031,17,closed,0.0,-2.7
-4.45,3,5.556061,15,closed,0.0,-4.45
2.1,3,5.56251,19,open,1.0,2.0999999999999996
2.5,3,5.568959,19,open,1.0,2.5
-1.7,3,5.575452,17,closed,0.0,-1.7
-1.44,3,5.581337,15,open,1.0,-1.44
-0.51,3,5.587982,19,closed,0.0,-0.5100000000000005
-4.45,3,5.594073,15,closed,0.0,-4.45
-1.64,3,5.599969,15,open,1.0,-1.6400000000000001
-2.76,3,5.607115,19,closed,0.0,-2.7600000000000007
2.54,3,5.613263,19,open,1.0,2.54
-1.84,3,5.619137,15,open,1.0,-1.8400000000000003
0.57,3,5.624953,15,open,1.0,0.5700000000000001
1.92,3,5.631216,17,open,1.0,1.9199999999999997
2.32,3,5.637472,19,open,1.0,2.32
-2.2,3,5.64404,17,closed,0.0,-2.2
2.28,3,5.650695,19,open,1.0,2.28
0.37,3,5.656524,15,open,1.0,0.3699999999999999
2.32,3,5.662817,19,open,1.0,2.32
-4.05,3,5.668845,15,closed,0.0,-4.05
2.28,3,5.675535,19,open,1.0,2.28
0.55,3,5.681519,17,open,1.0,0.55
0.37,3,5.6873,15,open,1.0,0.3699999999999999
-4.01,3,5.693956,17,closed,0.0,-4.01
0.33,3,5.700173,17,open,1.0,0.32999999999999996
-3.65,3,5.706137,15,open,1.0,-3.65
-0.39,3,5.712613,17,closed,0.0,-0.39000000000000035
0.11,3,5.719046,17,closed,0.0,0.10999999999999988
0.37,3,5.72487,15,open,1.0,0.3699999999999999
2.36,3,5.730807,17,open,1.0,2.36
2.5,3,5.73725,19,open,1.0,2.5
2.36,3,5.743132,19,open,1.0,2.36
-4.45,3,5.749214,15,closed,0.0,-4.45
-0.51,3,5.755847,19,closed,0.0,-0.5100000000000005
-1.7,3,5.762355,17,closed,0.0,-1.7
0.37,3,5.768141,15,open,1.0,0.3699999999999999
-0.51,3,5.774713,19,closed,0.0,-0.5100000000000005
-1.7,3,5.781226,17,closed,0.0,-1.7
0.37,3,5.787036,15,open,1.0,0.3699999999999999
0.11,3,5.793409,17,open,1.0,0.10999999999999988
-1.64,3,5.79929,15,open,1.0,-1.6400000000000001
-4.05,3,5.805341,15,closed,0.0,-4.050000000000001
-2.2,3,5.811859,17,closed,0.0,-2.2
-4.05,3,5.817882,15,open,1.0,-4.050000000000001
0.33,3,5.824095,17,open,1.0,0.32999999999999996
1.92,3,5.830444,19,closed,0.0,1.9199999999999997
2.58,3,5.836182,15,open,1.0,2.58
2.32,3,5.842451,19,open,1.0,2.32
2.32,3,5.848744,19,open,1.0,2.32
2.5,3,5.855221,19,open,1.0,2.5
-4.25,3,5.861263,15,closed,0.0,-4.25
-1.84,3,5.867171,15,open,1.0,-1.8400000000000003
-4.25,3,5.873241,15,closed,0.0,-4.25
-1.7,3,5.879795,17,closed,0.0,-1.7
0.57,3,5.885677,15,open,1.0,0.5700000000000001
-1.64,3,5.891579,15,open,1.0,-1.6400000000000001
-4.25,3,5.897644,15,closed,0.0,-4.25
-0.51,3,5.904305,19,closed,0.0,-0.5100000000000005
0.11,3,5.910669,17,open,1.0,0.10999999999999988
2.36,3,5.91658,17,open,1.0,2.36
0.33,3,5.922723,17,open,1.0,0.32999999999999996
-3.85,3,5.92877,15,closed,0.0,-3.85
2.14,3,5.934904,17,open,1.0,2.1399999999999997
-2.2,3,5.941417,17,closed,0.0,-2.2
1.92,3,5.9478,17,closed,0.0,1.9199999999999997
0.37,3,5.95364,15,open,1.0,0.3699999999999999
-1.84,3,5.959518,15,open,1.0,-1.8400000000000003
-1.84,3,5.965408,15,open,1.0,-1.8400000000000003
-4.05,3,5.971409,15,closed,0.0,-4.050000000000001
-1.7,3,5.977927,17,open,1.0,-1.7
-0.39,3,5.984361,17,closed,0.0,-0.39000000000000035
2.58,3,5.990063,15,open,1.0,2.58
-0.15,3,5.997082,19,closed,0.0,-0.15000000000000036
2.14,3,6.003259,17,open,1.0,2.1399999999999997
-4.45,3,6.009341,15,closed,0.0,-4.45
2.54,3,6.015491,19,open,1.0,2.54
2.14,3,6.021562,17,open,1.0,2.1399999999999997
2.54,3,6.027678,19,open,1.0,2.54
-2.2,3,6.034238,17,closed,0.0,-2.2
-4.45,3,6.040234,15,closed,0.0,-4.45
-0.39,3,6.046679,17,closed,0.0,-0.39000000000000035
0.37,3,6.052546,15,open,1.0,0.3699999999999999
2.1,3,6.059076,19,closed,0.0,2.0999999999999996
2.14,3,6.065218,17,open,1.0,2.1399999999999997
-0.39,3,6.071694,17,closed,0.0,-0.39000000000000035
-3.85,3,6.077728,15,closed,0.0,-3.8499999999999996
2.32,3,6.084035,19,open,1.0,2.32
-3.65,3,6.090061,15,closed,0.0,-3.65
2.32,3,6.09631,19,open,1.0,2.32
-3.85,3,6.102291,15,closed,0.0,-3.85
0.33,3,6.108427,17,open,1.0,0.32999999999999996
2.28,3,6.115189,19,closed,0.0,2.28
2.36,3,6.121127,17,open,1.0,2.36
2.36,3,6.126984,17,open,1.0,2.36
0.11,3,6.133436,17,closed,0.0,0.10999999999999988
2.1,3,6.139858,19,open,1.0,2.0999999999999996
1.92,3,6.146181,17,open,1.0,1.9199999999999997
1.92,3,6.152502,17,closed,0.0,1.9199999999999997
-4.01,3,6.159161,17,closed,0.0,-4.01
1.92,3,6.165472,17,closed,0.0,1.9199999999999997
-4.05,3,6.171513,15,closed,0.0,-4.05
2.28,3,6.178166,19,open,1.0,2.28
0.11,3,6.184615,17,closed,0.0,0.10999999999999988
1.92,3,6.190958,17,closed,0.0,1.9199999999999997
-0.39,3,6.197397,17,closed,0.0,-0.39000000000000035
2.32,3,6.203762,19,open,1.0,2.32
2.5,3,6.210313,19,open,1.0,2.5
-0.15,3,6.217364,19,closed,0.0,-0.15000000000000036
-1.64,3,6.223301,15,open,1.0,-1.6400000000000001
2.28,3,6.230026,19,closed,0.0,2.28
0.11,3,6.23643,17,closed,0.0,0.10999999999999988
1.92,3,6.242794,19,closed,0.0,1.9199999999999997
0.37,3,6.248625,15,open,1.0,0.3699999999999999
-2.2,3,6.255157,17,closed,0.0,-2.2
-2.94,3,6.2621,19,closed,0.0,-2.9400000000000004
0.11,3,6.268554,17,closed,0.0,0.10999999999999988
1.92,3,6.274856,19,closed,0.0,1.9199999999999997
2.28,3,6.281621,19,closed,0.0,2.28
-4.05,3,6.287701,15,closed,0.0,-4.050000000000001
2.1,3,6.29427,19,closed,0.0,2.0999999999999996
-0.51,3,6.300923,19,closed,0.0,-0.5100000000000005
2.32,3,6.307196,19,open,1.0,2.32
2.28,3,6.313873,19,closed,0.0,2.28
-0.39,3,6.320328,17,closed,0.0,-0.39000000000000035
0.11,3,6.326677,17,open,1.0,0.10999999999999988
-1.84,3,6.332614,15,open,1.0,-1.8400000000000003
0.33,3,6.338838,17,open,1.0,0.32999999999999996
-2.76,3,6.345955,19,closed,0.0,-2.7600000000000007
-4.45,3,6.352036,15,closed,0.0,-4.45
2.36,3,6.357924,17,open,1.0,2.36
2.36,3,6.363817,17,open,1.0,2.36
-3.85,3,6.369908,15,closed,0.0,-3.8499999999999996
-0.33,3,6.37672,19,closed,0.0,-0.3300000000000003
-4.05,3,6.382753,15,closed,0.0,-4.05
-2.76,3,6.389971,19,closed,0.0,-2.7600000000000007
-4.51,3,6.39666,17,closed,0.0,-4.51
2.14,3,6.402749,17,open,1.0,2.1399999999999997
-4.51,3,6.409406,17,closed,0.0,-4.51
-2.2,3,6.415928,17,closed,0.0,-2.2
0.11,3,6.422361,17,closed,0.0,0.10999999999999988
0.11,3,6.428723,17,open,1.0,0.10999999999999988
2.36,3,6.434639,17,open,1.0,2.36
2.5,3,6.441103,19,open,1.0,2.5
-0.33,3,6.447949,19,closed,0.0,-0.3300000000000004
-4.45,3,6.454021,15,closed,0.0,-4.45
2.1,3,6.460554,19,closed,0.0,2.0999999999999996
2.36,3,6.466476,19,open,1.0,2.36
2.36,3,6.47234,17,open,1.0,2.36
-0.39,3,6.478755,17,closed,0.0,-0.39000000000000035
2.58,3,6.484491,17,open,1.0,2.58
0.37,3,6.490281,15,open,1.0,0.3699999999999999
2.28,3,6.497,19,closed,0.0,2.28
2.14,3,6.503103,19,open,1.0,2.1399999999999997
-1.84,3,6.509018,15,open,1.0,-1.8400000000000003
-3.85,3,6.515022,15,open,1.0,-3.85
2.14,3,6.52113,17,open,1.0,2.1399999999999997
-1.7,3,6.527661,17,closed,0.0,-1.7
2.32,3,6.533986,19,open,1.0,2.32
2.1,3,6.540445,19,open,1.0,2.0999999999999996
2.28,3,6.547217,19,closed,0.0,2.28
-0.15,3,6.554271,19,closed,0.0,-0.15000000000000036
2.36,3,6.560219,17,open,1.0,2.36
-4.05,3,6.566246,15,closed,0.0,-4.05
0.37,3,6.572027,15,open,1.0,0.3699999999999999
-4.45,3,6.578104,15,closed,0.0,-4.45
2.1,3,6.584637,19,closed,0.0,2.0999999999999996
2.32,3,6.590914,19,open,1.0,2.32
-0.15,3,6.597974,19,closed,0.0,-0.15000000000000036
2.1,3,6.604542,19,open,1.0,2.0999999999999996
2.32,3,6.610873,19,open,1.0,2.32
-1.7,3,6.617368,17,open,1.0,-1.7
2.28,3,6.624079,19,closed,0.0,2.28
-4.25,3,6.630115,15,closed,0.0,-4.25
-4.05,3,6.636164,15,closed,0.0,-4.050000000000001
-2.7,3,6.642732,17,closed,0.0,-2.7
1.92,3,6.649057,19,open,1.0,1.9199999999999997
0.55,3,6.655106,17,open,1.0,0.55
1.92,3,6.661452,19,closed,0.0,1.9199999999999997
2.14,3,6.667529,19,open,1.0,2.1399999999999997
0.11,3,6.673955,17,closed,0.0,0.10999999999999988
-4.25,3,6.680066,15,closed,0.0,-4.25
-2.7,3,6.686647,17,closed,0.0,-2.7
-1.44,3,6.692588,15,open,1.0,-1.44
-4.25,3,6.698607,15,closed,0.0,-4.25
2.5,3,6.70511,19,open,1.0,2.5
-0.33,3,6.711932,19,closed,0.0,-0.3300000000000004
-1.64,3,6.717893,15,open,1.0,-1.6400000000000001
2.14,3,6.723946,19,open,1.0,2.1399999999999997
-4.05,3,6.73,15,closed,0.0,-4.05
1.92,3,6.736245,19,open,1.0,1.9199999999999997
2.58,3,6.741997,19,open,1.0,2.58
-4.05,3,6.748025,15,closed,0.0,-4.050000000000001
-4.25,3,6.754029,15,closed,0.0,-4.25
-4.65,3,6.760103,15,closed,0.0,-4.65
1.92,3,6.766446,17,closed,0.0,1.9199999999999997
1.92,3,6.772787,19,closed,0.0,1.9199999999999997
-0.15,3,6.779746,19,closed,0.0,-0.15000000000000036
0.57,3,6.785538,15,open,1.0,0.5700000000000001
-4.65,3,6.791626,15,closed,0.0,-4.65
2.32,3,6.797891,19,open,1.0,2.32
-4.25,3,6.803979,15,closed,0.0,-4.25
1.92,3,6.810321,17,closed,0.0,1.9199999999999997
-3.65,3,6.816404,15,closed,0.0,-3.65
-2.7,3,6.823015,17,closed,0.0,-2.7
2.32,3,6.829328,19,open,1.0,2.32
-0.33,3,6.836162,19,closed,0.0,-0.3300000000000004
-2.2,3,6.842736,17,closed,0.0,-2.2
-4.25,3,6.84884,15,closed,0.0,-4.25
1.92,3,6.855147,19,open,1.0,1.9199999999999997
-4.65,3,6.861235,15,closed,0.0,-4.65
-3.65,3,6.86729,15,closed,0.0,-3.65
-4.05,3,6.873309,15,closed,0.0,-4.050000000000001
0.33,3,6.87948,17,open,1.0,0.32999999999999996
0.11,3,6.885874,17,closed,0.0,0.10999999999999988
-4.05,3,6.891916,15,closed,0.0,-4.05
-2.2,3,6.898506,17,closed,0.0,-2.2
2.58,3,6.904186,19,open,1.0,2.58
-3.45,3,6.910145,15,open,1.0,-3.4499999999999997
-3.85,3,6.91616,15,closed,0.0,-3.85
2.14,3,6.922259,17,open,1.0,2.1399999999999997
2.5,3,6.92873,19,open,1.0,2.5
-4.65,3,6.934807,15,closed,0.0,-4.65
2.1,3,6.94135,19,closed,0.0,2.0999999999999996
0.11,3,6.947771,17,closed,0.0,0.10999999999999988
0.37,3,6.953575,15,open,1.0,0.3699999999999999
-3.85,3,6.959579,15,closed,0.0,-3.85
2.54,3,6.965657,19,open,1.0,2.54
-4.25,3,6.971728,15,closed,0.0,-4.25
-2.7,3,6.97827,17,closed,0.0,-2.7
2.1,3,6.984781,19,open,1.0,2.0999999999999996
0.37,3,6.990657,15,open,1.0,0.3699999999999999
2.58,3,6.996359,15,open,1.0,2.58
0.37,3,7.002159,15,open,1.0,0.3699999999999999
2.14,3,7.008248,19,open,1.0,2.1399999999999997
1.92,3,7.014584,17,closed,0.0,1.9199999999999997
2.32,3,7.020866,19,open,1.0,2.32
0.57,3,7.026702,15,open,1.0,0.5700000000000001
-0.39,3,7.033228,17,closed,0.0,-0.39000000000000035
-0.33,3,7.04013,19,closed,0.0,-0.3300000000000003
2.36,3,7.04608,19,open,1.0,2.36
0.33,3,7.052298,17,open,1.0,0.32999999999999996
2.14,3,7.058434,17,open,1.0,2.1399999999999997
-1.64,3,7.064365,15,open,1.0,-1.6400000000000001
0.33,3,7.070555,17,open,1.0,0.32999999999999996
-1.84,3,7.07645,15,open,1.0,-1.8400000000000003
-3.85,3,7.082496,15,closed,0.0,-3.85
-1.84,3,7.088415,15,open,1.0,-1.8400000000000003
2.36,3,7.094293,19,open,1.0,2.36
-4.05,3,7.100435,15,closed,0.0,-4.05
2.1,3,7.106888,19,open,1.0,2.0999999999999996
2.14,3,7.113019,19,open,1.0,2.1399999999999997
-2.2,3,7.119559,17,closed,0.0,-2.2
1.92,3,7.125886,17,closed,0.0,1.9199999999999997
2.1,3,7.132385,19,closed,0.0,2.0999999999999996
-4.65,3,7.138447,15,closed,0.0,-4.65
0.37,3,7.144246,15,open,1.0,0.3699999999999999
-0.33,3,7.151052,19,closed,0.0,-0.3300000000000004
2.36,3,7.236141,19,open,1.0,2.36
1.92,3,7.24246,17,open,1.0,1.9199999999999997
2.32,3,7.248822,19,open,1.0,2.32
2.1,3,7.255325,19,open,1.0,2.0999999999999996
-4.25,3,7.261652,15,closed,0.0,-4.25
-4.25,3,7.267694,15,closed,0.0,-4.25
-4.25,3,7.273749,15,closed,0.0,-4.25
-4.45,3,7.279815,15,closed,0.0,-4.45
-2.7,3,7.286362,17,closed,0.0,-2.7
-0.39,3,7.292773,17,closed,0.0,-0.39000000000000035
0.11,3,7.299188,17,open,1.0,0.10999999999999988
-1.48,3,7.305468,17,open,1.0,-1.48
2.58,3,7.311185,15,open,1.0,2.58
-4.51,3,7.31781,17,closed,0.0,-4.51
-0.39,3,7.324207,17,closed,0.0,-0.39000000000000035
-1.84,3,7.330086,15,open,1.0,-1.8400000000000003
2.14,3,7.336167,19,open,1.0,2.1399999999999997
0.57,3,7.341993,15,open,1.0,0.5700000000000001
2.1,3,7.348529,19,open,1.0,2.0999999999999996
2.14,3,7.354651,17,open,1.0,2.1399999999999997
1.92,3,7.36096,17,closed,0.0,1.9199999999999997
2.1,3,7.367434,19,closed,0.0,2.0999999999999996
-2.7,3,7.37401,17,closed,0.0,-2.7
2.58,3,7.379876,15,open,1.0,2.58
2.32,3,7.386175,19,open,1.0,2.32
0.37,3,7.391988,15,open,1.0,0.3699999999999999
1.92,3,7.398342,17,closed,0.0,1.9199999999999997
1.92,3,7.404636,19,open,1.0,1.9199999999999997
0.37,3,7.410477,15,open,1.0,0.3699999999999999
1.92,3,7.416829,17,closed,0.0,1.9199999999999997
2.14,3,7.422919,19,open,1.0,2.1399999999999997
-0.33,3,7.429716,19,closed,0.0,-0.3300000000000004
2.14,3,7.435833,17,open,1.0,2.1399999999999997
-4.25,3,7.441917,15,closed,0.0,-4.25
2.14,3,7.448,17,open,1.0,2.1399999999999997
-0.39,3,7.454462,17,closed,0.0,-0.39000000000000035
2.14,3,7.46053,17,open,1.0,2.1399999999999997
-1.84,3,7.466449,15,open,1.0,-1.8400000000000003
0.11,3,7.472862,17,closed,0.0,0.10999999999999988
2.36,3,7.478755,17,open,1.0,2.36
2.28,3,7.485482,19,closed,0.0,2.28
-4.25,3,7.491549,15,closed,0.0,-4.25
-4.25,3,7.497608,15,closed,0.0,-4.25
0.57,3,7.503392,15,open,1.0,0.5700000000000001
-0.39,3,7.509837,17,closed,0.0,-0.39000000000000035
2.28,3,7.516537,19,open,1.0,2.28
1.92,3,7.522767,17,open,1.0,1.9199999999999997
-4.45,3,7.528908,15,closed,0.0,-4.45
-0.33,3,7.535734,19,closed,0.0,-0.3300000000000003
-1.64,3,7.541618,15,open,1.0,-1.6400000000000001
0.11,3,7.548108,17,closed,0.0,0.10999999999999988
1.92,3,7.554463,19,closed,0.0,1.9199999999999997
-2.7,3,7.561011,17,closed,0.0,-2.7
2.32,3,7.567329,19,open,1.0,2.32
2.14,3,7.573414,17,open,1.0,2.1399999999999997
-0.51,3,7.580099,19,closed,0.0,-0.5100000000000005
-3.65,3,7.586133,15,closed,0.0,-3.65
-1.64,3,7.591978,15,open,1.0,-1.6400000000000001
-3.45,3,7.597957,15,open,1.0,-3.4499999999999997
-2.2,3,7.604502,17,closed,0.0,-2.2
2.1,3,7.610981,19,open,1.0,2.0999999999999996
0.57,3,7.616815,15,open,1.0,0.5700000000000001
0.37,3,7.622655,15,open,1.0,0.3699999999999999
-2.7,3,7.62928,17,closed,0.0,-2.7
2.14,3,7.63536,19,open,1.0,2.1399999999999997
-4.45,3,7.641416,15,closed,0.0,-4.45
2.58,3,7.647105,19,open,1.0,2.58
2.1,3,7.65362,19,closed,0.0,2.0999999999999996
2.14,3,7.659712,17,open,1.0,2.1399999999999997
-4.25,3,7.665783,15,closed,0.0,-4.25
0.33,3,7.672007,17,open,1.0,0.32999999999999996
0.37,3,7.677832,15,open,1.0,0.3699999999999999
2.14,3,7.683921,19,open,1.0,2.1399999999999997
-2.7,3,7.690459,17,closed,0.0,-2.7
2.58,3,7.696166,17,open,1.0,2.58
0.57,3,7.701999,15,open,1.0,0.5700000000000001
2.58,3,7.707706,19,open,1.0,2.58
1.92,3,7.714065,19,closed,0.0,1.9199999999999997
2.28,3,7.720741,19,open,1.0,2.28
2.28,3,7.727399,19,open,1.0,2.28
-0.39,3,7.733835,17,closed,0.0,-0.39000000000000035
0.55,3,7.739875,17,open,1.0,0.55
2.14,3,7.745944,19,open,1.0,2.1399999999999997
-2.7,3,7.752493,17,closed,0.0,-2.7
2.28,3,7.759093,19,open,1.0,2.28
0.37,3,7.764905,15,open,1.0,0.3699999999999999
-4.25,3,7.770922,15,closed,0.0,-4.25
2.14,3,7.776995,17,open,1.0,2.1399999999999997
-4.45,3,7.783038,15,closed,0.0,-4.45
-2.7,3,7.78957,17,closed,0.0,-2.7
1.92,3,7.795856,17,open,1.0,1.9199999999999997
-1.44,3,7.801795,15,open,1.0,-1.44
-1.44,3,7.80767,15,open,1.0,-1.44
2.14,3,7.813758,17,open,1.0,2.1399999999999997
2.28,3,7.820439,19,open,1.0,2.28
-4.65,3,7.826451,15,closed,0.0,-4.65
2.28,3,7.833115,19,open,1.0,2.28
-0.51,3,7.839738,19,closed,0.0,-0.5100000000000005
2.1,3,7.846208,19,open,1.0,2.0999999999999996
-4.05,3,7.852266,15,closed,0.0,-4.050000000000001
1.92,3,7.858546,17,closed,0.0,1.9199999999999997
1.92,3,7.864858,17,closed,0.0,1.9199999999999997
-0.33,3,7.87168,19,closed,0.0,-0.3300000000000004
2.1,3,7.878173,19,open,1.0,2.0999999999999996
0.11,3,7.884531,17,open,1.0,0.10999999999999988
-0.51,3,7.891186,19,closed,0.0,-0.5100000000000005
1.92,3,7.897501,17,open,1.0,1.9199999999999997
-2.7,3,7.904046,17,closed,0.0,-2.7
-2.94,3,7.911015,19,closed,0.0,-2.9400000000000004
-4.45,3,7.917073,15,closed,0.0,-4.45
2.1,3,7.923537,19,closed,0.0,2.0999999999999996
2.14,3,7.929636,17,open,1.0,2.1399999999999997
-4.25,3,7.935702,15,closed,0.0,-4.25
0.37,3,7.941506,15,open,1.0,0.3699999999999999
2.28,3,7.948225,19,closed,0.0,2.28
-4.25,3,7.954268,15,closed,0.0,-4.25
1.92,3,7.960506,17,open,1.0,1.9199999999999997
2.14,3,7.966635,17,open,1.0,2.1399999999999997
0.11,3,7.973085,17,closed,0.0,0.10999999999999988
2.46,3,7.979952,19,closed,0.0,2.46
-3.85,3,7.985979,15,closed,0.0,-3.85
-4.05,3,7.992049,15,closed,0.0,-4.050000000000001
-0.33,3,7.998909,19,closed,0.0,-0.3300000000000004
-4.05,3,8.004971,15,closed,0.0,-4.050000000000001
-1.84,3,8.01089,15,open,1.0,-1.8400000000000003
-0.51,3,8.017532,19,closed,0.0,-0.5100000000000005
0.37,3,8.023316,15,open,1.0,0.3699999999999999
2.14,3,8.029428,19,open,1.0,2.1399999999999997
-0.51,3,8.036049,19,closed,0.0,-0.5100000000000005
1.92,3,8.042369,17,open,1.0,1.9199999999999997
-0.39,3,8.04884,17,closed,0.0,-0.39000000000000035
0.37,3,8.054636,15,open,1.0,0.3699999999999999
2.36,3,8.060544,19,open,1.0,2.36
2.1,3,8.067092,19,closed,0.0,2.0999999999999996
-4.25,3,8.073141,15,closed,0.0,-4.25
2.58,3,8.078837,17,open,1.0,2.58
-2.76,3,8.085995,19,closed,0.0,-2.7600000000000007
2.1,3,8.092534,19,closed,0.0,2.0999999999999996
0.57,3,8.09833,15,open,1.0,0.5700000000000001
-0.39,3,8.104721,17,closed,0.0,-0.39000000000000035
-3.85,3,8.110762,15,closed,0.0,-3.85
0.11,3,8.11718,17,closed,0.0,0.10999999999999988
2.14,3,8.123243,19,open,1.0,2.1399999999999997
1.92,3,8.129577,19,closed,0.0,1.9199999999999997
0.33,3,8.135794,17,open,1.0,0.32999999999999996
-4.51,3,8.142447,17,closed,0.0,-4.51
0.37,3,8.148281,15,open,1.0,0.3699999999999999
-4.25,3,8.154332,15,closed,0.0,-4.25
0.11,3,8.160768,17,closed,0.0,0.10999999999999988
1.92,3,8.167136,17,closed,0.0,1.9199999999999997
-0.51,3,8.173731,19,closed,0.0,-0.5100000000000005
2.32,3,8.180034,19,open,1.0,2.32
-4.25,3,8.18606,15,closed,0.0,-4.25
2.54,3,8.192173,19,open,1.0,2.54
2.58,3,8.197856,15,open,1.0,2.58
-4.65,3,8.203943,15,closed,0.0,-4.65
-0.51,3,8.210559,19,closed,0.0,-0.5100000000000005
-1.64,3,8.216465,15,open,1.0,-1.6400000000000001
2.1,3,8.222959,19,open,1.0,2.0999999999999996
2.14,3,8.229114,19,open,1.0,2.1399999999999997
-0.51,3,8.238894,19,closed,0.0,-0.5100000000000005
2.14,3,8.244998,19,open,1.0,2.1399999999999997
-4.45,3,8.251131,15,closed,0.0,-4.45
2.14,3,8.257226,17,open,1.0,2.1399999999999997
-0.33,3,8.264114,19,closed,0.0,-0.3300000000000004
-4.45,3,8.270181,15,closed,0.0,-4.45
2.32,3,8.276442,19,open,1.0,2.32
2.1,3,8.282903,19,closed,0.0,2.0999999999999996
2.32,3,8.289221,19,open,1.0,2.32
-4.05,3,8.295232,15,closed,0.0,-4.05
-4.45,3,8.301331,15,closed,0.0,-4.45
0.57,3,8.307187,15,open,1.0,0.5700000000000001
-5.01,3,8.313862,17,closed,0.0,-5.010000000000001
1.92,3,8.320168,19,open,1.0,1.9199999999999997
2.36,3,8.326071,19,open,1.0,2.36
0.33,3,8.332248,17,open,1.0,0.32999999999999996
0.33,3,8.338413,17,open,1.0,0.32999999999999996
-1.84,3,8.344326,15,open,1.0,-1.8400000000000003
-3.65,3,8.350347,15,closed,0.0,-3.65
2.14,3,8.356457,19,open,1.0,2.1399999999999997
-1.7,3,8.362908,17,closed,0.0,-1.7
1.92,3,8.369332,17,closed,0.0,1.9199999999999997
-0.33,3,8.376242,19,closed,0.0,-0.3300000000000004
2.14,3,8.3824,17,open,1.0,2.1399999999999997
2.32,3,8.388709,19,open,1.0,2.32
0.33,3,8.394934,17,open,1.0,0.32999999999999996
-4.65,3,8.401046,15,closed,0.0,-4.65
0.11,3,8.407452,17,closed,0.0,0.10999999999999988
-2.7,3,8.414026,17,closed,0.0,-2.7
1.92,3,8.420359,17,closed,0.0,1.9199999999999997
2.14,3,8.426466,17,open,1.0,2.1399999999999997
2.14,3,8.432542,17,open,1.0,2.1399999999999997
2.32,3,8.438838,19,open,1.0,2.32
2.14,3,8.444958,17,open,1.0,2.1399999999999997
-2.7,3,8.451553,17,closed,0.0,-2.7
0.37,3,8.457352,15,open,1.0,0.3699999999999999
2.1,3,8.463836,19,open,1.0,2.0999999999999996
0.11,3,8.470146,17,open,1.0,0.10999999999999988
-4.25,3,8.476206,15,closed,0.0,-4.25
2.36,3,8.482119,17,open,1.0,2.36
-0.39,3,8.488548,17,closed,0.0,-0.39000000000000035
-0.39,3,8.495045,17,closed,0.0,-0.39000000000000035
1.92,3,8.501419,19,open,1.0,1.9199999999999997
-2.2,3,8.507934,17,closed,0.0,-2.2
2.14,3,8.514078,17,open,1.0,2.1399999999999997
0.11,3,8.520508,17,closed,0.0,0.10999999999999988
-0.39,3,8.527004,17,closed,0.0,-0.39000000000000035
2.58,3,8.532825,15,open,1.0,2.58
2.14,3,8.538926,17,open,1.0,2.1399999999999997
-3.45,3,8.544961,15,closed,0.0,-3.4499999999999997
-4.05,3,8.551026,15,closed,0.0,-4.05
2.46,3,8.557898,19,closed,0.0,2.46
2.28,3,8.564604,19,open,1.0,2.28
2.58,3,8.570327,15,open,1.0,2.58
-4.05,3,8.576298,15,open,1.0,-4.050000000000001
2.14,3,8.582382,19,open,1.0,2.1399999999999997
2.1,3,8.588866,19,closed,0.0,2.0999999999999996
0.33,3,8.595126,17,open,1.0,0.33000000000000007
1.92,3,8.601478,17,closed,0.0,1.9199999999999997
2.1,3,8.608049,19,closed,0.0,2.0999999999999996
0.57,3,8.613933,15,open,1.0,0.5700000000000001
2.32,3,8.620199,19,open,1.0,2.32
2.58,3,8.625913,15,open,1.0,2.58
-4.25,3,8.632018,15,closed,0.0,-4.25
2.32,3,8.638313,19,open,1.0,2.32
2.32,3,8.64462,19,open,1.0,2.32
0.55,3,8.65062,17,open,1.0,0.55
2.14,3,8.656739,17,open,1.0,2.1399999999999997
-4.25,3,8.6628,15,closed,0.0,-4.25
2.14,3,8.668938,19,open,1.0,2.1399999999999997
2.36,3,8.674825,19,open,1.0,2.36
-1.44,3,8.680774,15,open,1.0,-1.44
-0.39,3,8.68722,17,closed,0.0,-0.39000000000000035
2.36,3,8.693103,17,open,1.0,2.36
-3.45,3,8.699143,15,closed,0.0,-3.4499999999999997
-2.7,3,8.705672,17,closed,0.0,-2.7
2.1,3,8.712226,19,closed,0.0,2.0999999999999996
2.1,3,8.718763,19,open,1.0,2.0999999999999996
2.32,3,8.725057,19,open,1.0,2.32
-4.45,3,8.731079,15,closed,0.0,-4.45
-4.45,3,8.737219,15,closed,0.0,-4.45
2.1,3,8.743779,19,closed,0.0,2.0999999999999996
2.1,3,8.750353,19,closed,0.0,2.0999999999999996
-3.65,3,8.756366,15,closed,0.0,-3.65
0.33,3,8.762539,17,open,1.0,0.33000000000000007
2.1,3,8.769043,19,open,1.0,2.0999999999999996
-0.51,3,8.775713,19,closed,0.0,-0.5100000000000005
-3.51,3,8.782314,17,open,1.0,-3.51
2.1,3,8.788825,19,closed,0.0,2.0999999999999996
0.57,3,8.794616,15,open,1.0,0.5700000000000001
-4.65,3,8.800692,15,closed,0.0,-4.65
-2.7,3,8.807238,17,closed,0.0,-2.7
2.14,3,8.813341,17,open,1.0,2.1399999999999997
2.1,3,8.819842,19,closed,0.0,2.0999999999999996
-4.25,3,8.825833,15,closed,0.0,-4.25
1.92,3,8.832175,17,closed,0.0,1.9199999999999997
-2.94,3,8.839134,19,closed,0.0,-2.9400000000000004
-0.51,3,8.845806,19,closed,0.0,-0.5100000000000005
2.36,3,8.851714,19,open,1.0,2.36
2.28,3,8.858364,19,closed,0.0,2.28
2.32,3,8.864717,19,open,1.0,2.32
-4.25,3,8.870777,15,closed,0.0,-4.25
2.32,3,8.877076,19,open,1.0,2.32
-0.33,3,8.883925,19,closed,0.0,-0.3300000000000004
-4.25,3,8.890014,15,closed,0.0,-4.25
2.14,3,8.896147,17,open,1.0,2.1399999999999997
2.28,3,8.902869,19,closed,0.0,2.28
0.37,3,8.908723,15,open,1.0,0.3699999999999999
-1.44,3,8.9146,15,open,1.0,-1.44
2.1,3,8.921116,19,closed,0.0,2.0999999999999996
2.36,3,8.927027,17,open,1.0,2.36
2.32,3,8.933275,19,open,1.0,2.32
2.1,3,8.939721,19,closed,0.0,2.0999999999999996
1.92,3,8.946043,17,closed,0.0,1.9199999999999997
-4.65,3,8.952074,15,closed,0.0,-4.65
-4.05,3,8.958061,15,closed,0.0,-4.05
-0.39,3,8.964516,17,closed,0.0,-0.39000000000000035
0.37,3,8.970315,15,open,1.0,0.3699999999999999
1.92,3,8.976636,19,closed,0.0,1.9199999999999997
-4.25,3,8.982713,15,closed,0.0,-4.25
0.11,3,8.989024,17,open,1.0,0.10999999999999988
2.36,3,8.99496,19,open,1.0,2.36
0.11,3,9.001344,17,open,1.0,0.10999999999999988
0.33,3,9.00753,17,open,1.0,0.32999999999999996
2.58,3,9.013219,15,open,1.0,2.58
-0.15,3,9.020292,19,closed,0.0,-0.15000000000000036
2.58,3,9.026063,19,open,1.0,2.58
2.1,3,9.032597,19,closed,0.0,2.0999999999999996
1.92,3,9.038842,17,open,1.0,1.9199999999999997
-4.25,3,9.044858,15,closed,0.0,-4.25
-0.39,3,9.051317,17,closed,0.0,-0.39000000000000035
-1.84,3,9.057209,15,open,1.0,-1.8400000000000003
1.92,3,9.063483,17,open,1.0,1.9199999999999997
2.14,3,9.069535,17,open,1.0,2.1399999999999997
2.14,3,9.075587,17,open,1.0,2.1399999999999997
2.58,3,9.081374,17,open,1.0,2.58
2.32,3,9.087692,19,open,1.0,2.32
0.37,3,9.093564,15,open,1.0,0.3699999999999999
2.54,3,9.099691,19,open,1.0,2.54
2.14,3,9.105797,19,open,1.0,2.1399999999999997
2.1,3,9.112271,19,open,1.0,2.0999999999999996
-1.64,3,9.118222,15,open,1.0,-1.6400000000000001
2.36,3,9.124077,19,open,1.0,2.36
2.14,3,9.13021,19,open,1.0,2.1399999999999997
2.58,3,9.135948,15,open,1.0,2.58
-4.05,3,9.141996,15,closed,0.0,-4.050000000000001
2.14,3,9.148095,17,open,1.0,2.1399999999999997
2.32,3,9.154367,19,open,1.0,2.32
-3.85,3,9.160359,15,closed,0.0,-3.85
2.28,3,9.167135,19,closed,0.0,2.28
2.58,3,9.172868,15,open,1.0,2.58
2.1,3,9.179413,19,closed,0.0,2.0999999999999996
-4.25,3,9.185452,15,closed,0.0,-4.25
1.92,3,9.191736,17,open,1.0,1.9199999999999997
2.1,3,9.198249,19,open,1.0,2.0999999999999996
-2.2,3,9.204764,17,closed,0.0,-2.2
0.57,3,9.210632,15,open,1.0,0.5700000000000001
0.33,3,9.216857,17,open,1.0,0.32999999999999996
1.92,3,9.223162,19,open,1.0,1.9199999999999997
-2.2,3,9.229709,17,closed,0.0,-2.2
0.37,3,9.23554,15,open,1.0,0.3699999999999999
2.32,3,9.241799,19,open,1.0,2.32
-2.94,3,9.248794,19,closed,0.0,-2.9400000000000004
0.37,3,9.254627,15,open,1.0,0.3699999999999999
-0.33,3,9.261473,19,closed,0.0,-0.3300000000000003
-1.64,3,9.267336,15,open,1.0,-1.6400000000000001
-3.85,3,9.273359,15,closed,0.0,-3.85
2.14,3,9.279459,19,open,1.0,2.1399999999999997
1.92,3,9.285707,17,open,1.0,1.9199999999999997
2.1,3,9.292162,19,open,1.0,2.0999999999999996
-4.05,3,9.298198,15,closed,0.0,-4.050000000000001
2.14,3,9.30435,19,open,1.0,2.1399999999999997
0.57,3,9.310202,15,open,1.0,0.5700000000000001
-4.65,3,9.316267,15,closed,0.0,-4.65
-4.51,3,9.322896,17,closed,0.0,-4.51
2.14,3,9.329009,17,open,1.0,2.1399999999999997
0.57,3,9.334837,15,open,1.0,0.5700000000000001
1.92,3,9.341154,17,closed,0.0,1.9199999999999997
2.36,3,9.34709,19,open,1.0,2.36
2.14,3,9.353165,19,open,1.0,2.1399999999999997
1.92,3,9.359483,17,closed,0.0,1.9199999999999997
1.92,3,9.452274,17,closed,0.0,1.9199999999999997
0.11,3,9.458811,17,closed,0.0,0.10999999999999988
2.58,3,9.464593,17,open,1.0,2.58
2.36,3,9.470463,17,open,1.0,2.36
-4.25,3,9.476532,15,closed,0.0,-4.25
2.28,3,9.483232,19,closed,0.0,2.28
1.92,3,9.489522,17,closed,0.0,1.9199999999999997
-1.64,3,9.495418,15,open,1.0,-1.6400000000000001
-4.45,3,9.501525,15,closed,0.0,-4.45
0.37,3,9.507374,15,open,1.0,0.3699999999999999
1.92,3,9.513777,17,closed,0.0,1.9199999999999997
-2.2,3,9.520356,17,closed,0.0,-2.2
2.1,3,9.526879,19,open,1.0,2.0999999999999996
-4.25,3,9.533028,15,closed,0.0,-4.25
2.36,3,9.538962,19,open,1.0,2.36
2.58,3,9.544753,15,open,1.0,2.58
0.37,3,9.550561,15,open,1.0,0.3699999999999999
1.92,3,9.556928,17,closed,0.0,1.9199999999999997
-4.65,3,9.563008,15,closed,0.0,-4.65
-4.05,3,9.569056,15,closed,0.0,-4.050000000000001
1.92,3,9.575414,17,closed,0.0,1.9199999999999997
2.58,3,9.581151,15,open,1.0,2.58
1.92,3,9.587422,17,open,1.0,1.9199999999999997
-4.05,3,9.59354,15,closed,0.0,-4.050000000000001
1.92,3,9.599883,19,closed,0.0,1.9199999999999997
-2.2,3,9.606449,17,closed,0.0,-2.2
-4.45,3,9.61256,15,closed,0.0,-4.45
2.28,3,9.619289,19,closed,0.0,2.28
2.14,3,9.625402,19,open,1.0,2.1399999999999997
-4.25,3,9.631444,15,closed,0.0,-4.25
-0.33,3,9.638283,19,closed,0.0,-0.3300000000000003
2.1,3,9.644783,19,open,1.0,2.0999999999999996
1.92,3,9.651125,19,closed,0.0,1.9199999999999997
2.28,3,9.657813,19,closed,0.0,2.28
2.1,3,9.66436,19,closed,0.0,2.0999999999999996
1.92,3,9.670693,17,closed,0.0,1.9199999999999997
2.28,3,9.677379,19,open,1.0,2.28
1.92,3,9.683637,17,open,1.0,1.9199999999999997
-4.45,3,9.689701,15,closed,0.0,-4.45
2.28,3,9.696462,19,closed,0.0,2.28
0.37,3,9.702327,15,open,1.0,0.3699999999999999
-4.05,3,9.708301,15,closed,0.0,-4.05
-0.33,3,9.715157,19,closed,0.0,-0.3300000000000004
1.92,3,9.721419,19,open,1.0,1.9199999999999997
0.11,3,9.72787,17,closed,0.0,0.10999999999999988
-4.25,3,9.733891,15,closed,0.0,-4.25
2.1,3,9.740402,19,closed,0.0,2.0999999999999996
-4.45,3,9.746506,15,closed,0.0,-4.45
-4.65,3,9.752547,15,closed,0.0,-4.65
0.37,3,9.758363,15,open,1.0,0.3699999999999999
-4.25,3,9.764426,15,closed,0.0,-4.25
-0.39,3,9.770853,17,closed,0.0,-0.39000000000000035
-4.65,3,9.776969,15,closed,0.0,-4.65
-0.51,3,9.783707,19,closed,0.0,-0.5100000000000005
2.36,3,9.789618,17,open,1.0,2.36
-0.39,3,9.796066,17,closed,0.0,-0.39000000000000035
2.28,3,9.802796,19,open,1.0,2.28
-0.51,3,9.80945,19,closed,0.0,-0.5100000000000005
-0.33,3,9.816339,19,closed,0.0,-0.3300000000000004
2.1,3,9.82284,19,open,1.0,2.0999999999999996
0.11,3,9.829257,17,closed,0.0,0.10999999999999988
-4.25,3,9.835286,15,closed,0.0,-4.25
2.36,3,9.841199,19,open,1.0,2.36
-0.39,3,9.847711,17,closed,0.0,-0.39000000000000035
0.37,3,9.853516,15,open,1.0,0.3699999999999999
2.14,3,9.859637,19,open,1.0,2.1399999999999997
2.36,3,9.865556,19,open,1.0,2.36
0.11,3,9.871962,17,closed,0.0,0.10999999999999988
2.1,3,9.878436,19,open,1.0,2.0999999999999996
2.36,3,9.8844,17,open,1.0,2.36
-4.65,3,9.890503,15,closed,0.0,-4.65
1.92,3,9.896853,17,closed,0.0,1.9199999999999997
2.5,3,9.903357,19,open,1.0,2.5
2.28,3,9.910074,19,closed,0.0,2.28
2.58,3,9.9159,15,open,1.0,2.58
-0.15,3,9.922917,19,closed,0.0,-0.15000000000000036
0.37,3,9.928752,15,open,1.0,0.3699999999999999
0.57,3,9.934612,15,open,1.0,0.5700000000000001
2.28,3,9.941341,19,closed,0.0,2.28
2.28,3,9.948098,19,closed,0.0,2.28
2.36,3,9.954003,17,open,1.0,2.36
1.92,3,9.960308,17,open,1.0,1.9199999999999997
1.92,3,9.966622,19,open,1.0,1.9199999999999997
0.11,3,9.973,17,open,1.0,0.10999999999999988
1.92,3,9.979325,19,closed,0.0,1.9199999999999997
-2.76,3,9.986552,19,closed,0.0,-2.7600000000000007
2.14,3,9.99265,19,open,1.0,2.1399999999999997
1.92,3,9.999014,17,open,1.0,1.9199999999999997
0.37,3,10.004836,15,open,1.0,0.3699999999999999
-2.7,3,10.011432,17,closed,0.0,-2.7
1.92,3,10.01775,19,open,1.0,1.9199999999999997
1.92,3,10.024076,19,closed,0.0,1.9199999999999997
0.57,3,10.029935,15,open,1.0,0.5700000000000001
1.92,3,10.036217,17,open,1.0,1.9199999999999997
0.33,3,10.042431,17,open,1.0,0.32999999999999996
2.58,3,10.048247,15,open,1.0,2.58
-0.39,3,10.054607,17,closed,0.0,-0.39000000000000035
-0.39,3,10.061097,17,closed,0.0,-0.39000000000000035
0.37,3,10.066962,15,open,1.0,0.3699999999999999
0.37,3,10.072748,15,open,1.0,0.3699999999999999
1.92,3,10.079113,17,closed,0.0,1.9199999999999997
1.92,3,10.085458,17,closed,0.0,1.9199999999999997
-4.25,3,10.091484,15,closed,0.0,-4.25
2.14,3,10.09763,19,open,1.0,2.1399999999999997
0.33,3,10.103771,17,open,1.0,0.33000000000000007
2.58,3,10.109475,15,open,1.0,2.58
-0.51,3,10.116147,19,closed,0.0,-0.5100000000000005
2.1,3,10.122638,19,open,1.0,2.0999999999999996
0.55,3,10.128638,17,open,1.0,0.55
2.1,3,10.135203,19,closed,0.0,2.0999999999999996
2.28,3,10.14193,19,closed,0.0,2.28
-4.45,3,10.148077,15,closed,0.0,-4.45
2.14,3,10.154126,17,open,1.0,2.1399999999999997
-0.15,3,10.1612,19,closed,0.0,-0.15000000000000036
2.46,3,10.168094,19,closed,0.0,2.46
1.92,3,10.174369,17,open,1.0,1.9199999999999997
-0.51,3,10.181051,19,closed,0.0,-0.5100000000000005
2.1,3,10.187523,19,open,1.0,2.0999999999999996
2.58,3,10.193287,15,open,1.0,2.58
1.92,3,10.19955,19,open,1.0,1.9199999999999997
-4.65,3,10.205588,15,closed,0.0,-4.65
-2.2,3,10.212165,17,closed,0.0,-2.2
2.1,3,10.218693,19,open,1.0,2.0999999999999996
2.28,3,10.225392,19,closed,0.0,2.28
-2.7,3,10.231994,17,closed,0.0,-2.7
1.92,3,10.238318,17,closed,0.0,1.9199999999999997
2.1,3,10.244855,19,closed,0.0,2.0999999999999996
0.37,3,10.250726,15,open,1.0,0.3699999999999999
-1.7,3,10.25726,17,closed,0.0,-1.7
-1.64,3,10.263122,15,open,1.0,-1.6400000000000001
-4.45,3,10.269247,15,closed,0.0,-4.45
-0.51,3,10.27589,19,closed,0.0,-0.5100000000000005
2.1,3,10.282496,19,closed,0.0,2.0999999999999996
-0.39,3,10.288964,17,closed,0.0,-0.39000000000000035
0.57,3,10.294798,15,open,1.0,0.5700000000000001
2.58,3,10.300561,15,open,1.0,2.58
1.92,3,10.30692,17,closed,0.0,1.9199999999999997
2.32,3,10.313239,19,open,1.0,2.32
2.58,3,10.31903,15,open,1.0,2.58
0.33,3,10.3252,17,open,1.0,0.33000000000000007
2.1,3,10.331785,19,closed,0.0,2.0999999999999996
-4.45,3,10.337809,15,closed,0.0,-4.45
2.14,3,10.343904,17,open,1.0,2.1399999999999997
2.32,3,10.350229,19,open,1.0,2.32
2.58,3,10.355895,15,open,1.0,2.58
-4.25,3,10.361962,15,closed,0.0,-4.25
-4.25,3,10.367997,15,closed,0.0,-4.25
2.14,3,10.374093,19,open,1.0,2.1399999999999997
0.11,3,10.380546,17,closed,0.0,0.10999999999999988
1.92,3,10.386984,19,closed,0.0,1.9199999999999997
-0.39,3,10.393475,17,closed,0.0,-0.39000000000000035
-4.45,3,10.399585,15,closed,0.0,-4.45
-4.65,3,10.405676,15,closed,0.0,-4.65
2.14,3,10.411831,17,open,1.0,2.1399999999999997
-2.7,3,10.41844,17,closed,0.0,-2.7
-0.33,3,10.425291,19,closed,0.0,-0.3300000000000004
2.14,3,10.431476,17,open,1.0,2.1399999999999997
2.14,3,10.437656,19,open,1.0,2.1399999999999997
2.5,3,10.444119,19,open,1.0,2.5
-0.39,3,10.450582,17,closed,0.0,-0.39000000000000035
-0.15,3,10.457603,19,closed,0.0,-0.15000000000000036
2.36,3,10.463547,17,open,1.0,2.36
2.14,3,10.469651,17,open,1.0,2.1399999999999997
-4.25,3,10.475709,15,closed,0.0,-4.25
2.32,3,10.482022,19,open,1.0,2.32
1.92,3,10.488352,19,closed,0.0,1.9199999999999997
0.55,3,10.494396,17,open,1.0,0.55
2.5,3,10.500857,19,open,1.0,2.5
2.14,3,10.507007,17,open,1.0,2.1399999999999997
2.36,3,10.512938,19,open,1.0,2.36
-4.65,3,10.519032,15,closed,0.0,-4.65
1.92,3,10.525316,19,open,1.0,1.9199999999999997
1.92,3,10.53165,17,closed,0.0,1.9199999999999997
0.37,3,10.537436,15,open,1.0,0.3699999999999999
-0.39,3,10.543881,17,closed,0.0,-0.39000000000000035
2.58,3,10.54968,15,open,1.0,2.58
2.58,3,10.555374,15,open,1.0,2.58
-4.45,3,10.56145,15,closed,0.0,-4.45
1.92,3,10.567742,17,open,1.0,1.9199999999999997
-4.25,3,10.573765,15,closed,0.0,-4.25
2.32,3,10.580101,19,open,1.0,2.32
2.28,3,10.58684,19,closed,0.0,2.28
-0.51,3,10.593578,19,closed,0.0,-0.5100000000000005
1.92,3,10.59996,17,open,1.0,1.9199999999999997
2.14,3,10.606093,19,open,1.0,2.1399999999999997
-2.7,3,10.612657,17,closed,0.0,-2.7
-0.39,3,10.619131,17,closed,0.0,-0.39000000000000035
0.33,3,10.625382,17,open,1.0,0.32999999999999996
2.58,3,10.631161,15,open,1.0,2.58
-4.65,3,10.637288,15,closed,0.0,-4.65
2.58,3,10.643016,17,open,1.0,2.58
-4.05,3,10.649073,15,closed,0.0,-4.05
2.1,3,10.65555,19,open,1.0,2.0999999999999996
2.1,3,10.662,19,open,1.0,2.0999999999999996
1.92,3,10.66839,19,closed,0.0,1.9199999999999997
-4.65,3,10.674441,15,closed,0.0,-4.65
1.92,3,10.680793,19,closed,0.0,1.9199999999999997
2.32,3,10.687092,19,open,1.0,2.32
2.36,3,10.692989,19,open,1.0,2.36
1.92,3,10.699332,17,open,1.0,1.9199999999999997
2.46,3,10.706231,19,closed,0.0,2.46
-1.44,3,10.712101,15,open,1.0,-1.44
-4.25,3,10.718204,15,closed,0.0,-4.25
1.92,3,10.724509,19,closed,0.0,1.9199999999999997
2.36,3,10.730421,17,open,1.0,2.36
1.92,3,10.736742,19,closed,0.0,1.9199999999999997
1.92,3,10.743088,19,closed,0.0,1.9199999999999997
-4.01,3,10.74971,17,closed,0.0,-4.01
2.14,3,10.755825,17,open,1.0,2.1399999999999997
1.92,3,10.762076,17,open,1.0,1.9199999999999997
2.58,3,10.767793,15,open,1.0,2.58
2.58,3,10.773499,15,open,1.0,2.58
2.36,3,10.779394,17,open,1.0,2.36
2.58,3,10.785113,15,open,1.0,2.58
0.11,3,10.791486,17,open,1.0,0.10999999999999988
2.36,3,10.797437,19,open,1.0,2.36
-4.65,3,10.803449,15,closed,0.0,-4.65
-0.39,3,10.809908,17,closed,0.0,-0.39000000000000035
1.92,3,10.816276,17,open,1.0,1.9199999999999997
-4.25,3,10.822343,15,closed,0.0,-4.25
2.14,3,10.828424,17,open,1.0,2.1399999999999997
2.1,3,10.835007,19,closed,0.0,2.0999999999999996
0.57,3,10.840832,15,open,1.0,0.5700000000000001
2.14,3,10.846979,19,open,1.0,2.1399999999999997
2.58,3,10.852685,17,open,1.0,2.58
2.28,3,10.859423,19,closed,0.0,2.28
2.1,3,10.866006,19,closed,0.0,2.0999999999999996
1.92,3,10.872274,17,open,1.0,1.9199999999999997
-3.65,3,10.878305,15,closed,0.0,-3.65
-0.39,3,10.884724,17,closed,0.0,-0.39000000000000035
1.92,3,10.891021,17,open,1.0,1.9199999999999997
-4.45,3,10.897105,15,closed,0.0,-4.45
-0.39,3,10.903568,17,closed,0.0,-0.39000000000000035
1.92,3,10.909851,17,closed,0.0,1.9199999999999997
-1.84,3,10.915827,15,open,1.0,-1.8400000000000003
1.92,3,10.922179,17,closed,0.0,1.9199999999999997
2.28,3,10.928894,19,closed,0.0,2.28
0.11,3,10.935368,17,closed,0.0,0.10999999999999988
0.11,3,10.941716,17,open,1.0,0.10999999999999988
-4.25,3,10.947822,15,closed,0.0,-4.25
1.92,3,10.95411,19,open,1.0,1.9199999999999997
-1.7,3,10.960634,17,closed,0.0,-1.7
0.11,3,10.967054,17,open,1.0,0.10999999999999988
1.92,3,10.973397,17,closed,0.0,1.9199999999999997
-4.25,3,10.979407,15,closed,0.0,-4.25
1.92,3,10.985788,17,closed,0.0,1.9199999999999997
1.92,3,10.992148,19,closed,0.0,1.9199999999999997
1.92,3,10.998461,17,open,1.0,1.9199999999999997
-2.7,3,11.005006,17,closed,0.0,-2.7
2.36,3,11.010928,19,open,1.0,2.36
2.54,3,11.017075,19,open,1.0,2.54
-1.44,3,11.022933,15,open,1.0,-1.44
0.55,3,11.028989,17,open,1.0,0.55
-2.76,3,11.036154,19,closed,0.0,-2.7600000000000007
0.37,3,11.041994,15,open,1.0,0.3699999999999999
2.1,3,11.048522,19,open,1.0,2.0999999999999996
2.36,3,11.054469,17,open,1.0,2.36
-3.65,3,11.060557,15,closed,0.0,-3.65
2.54,3,11.066735,19,open,1.0,2.54
-2.7,3,11.073326,17,closed,0.0,-2.7
2.1,3,11.079799,19,open,1.0,2.0999999999999996
0.11,3,11.086241,17,open,1.0,0.10999999999999988
2.14,3,11.092339,17,open,1.0,2.1399999999999997
0.37,3,11.09822,15,open,1.0,0.3699999999999999
-4.05,3,11.104241,15,closed,0.0,-4.050000000000001
1.92,3,11.110561,17,closed,0.0,1.9199999999999997
0.37,3,11.116376,15,open,1.0,0.3699999999999999
-4.25,3,11.122431,15,closed,0.0,-4.25
-4.65,3,11.128509,15,closed,0.0,-4.65
2.28,3,11.135157,19,open,1.0,2.28
1.92,3,11.141432,19,open,1.0,1.9199999999999997
0.57,3,11.14732,15,open,1.0,0.5700000000000001
-1.44,3,11.153218,15,open,1.0,-1.44
2.58,3,11.158941,15,open,1.0,2.58
2.14,3,11.165092,17,open,1.0,2.1399999999999997
-4.45,3,11.171153,15,closed,0.0,-4.45
1.92,3,11.177441,17,open,1.0,1.9199999999999997
0.37,3,11.183272,15,open,1.0,0.3699999999999999
1.92,3,11.189592,17,closed,0.0,1.9199999999999997
1.92,3,11.195934,17,open,1.0,1.9199999999999997
0.37,3,11.201794,15,open,1.0,0.3699999999999999
1.92,3,11.208146,17,closed,0.0,1.9199999999999997
-4.45,3,11.214309,15,closed,0.0,-4.45
1.92,3,11.220558,17,open,1.0,1.9199999999999997
0.11,3,11.226991,17,closed,0.0,0.10999999999999988
0.11,3,11.233428,17,open,1.0,0.10999999999999988
-2.2,3,11.239937,17,closed,0.0,-2.2
0.37,3,11.245803,15,open,1.0,0.3699999999999999
2.1,3,11.252325,19,open,1.0,2.0999999999999996
2.14,3,11.258386,17,open,1.0,2.1399999999999997
1.92,3,11.264791,19,closed,0.0,1.9199999999999997
2.1,3,11.271311,19,open,1.0,2.0999999999999996
-4.65,3,11.277426,15,closed,0.0,-4.65
-0.15,3,11.28447,19,closed,0.0,-0.15000000000000036
-4.25,3,11.290551,15,closed,0.0,-4.25
-4.05,3,11.296617,15,closed,0.0,-4.05
2.1,3,11.30316,19,open,1.0,2.0999999999999996
2.14,3,11.309224,17,open,1.0,2.1399999999999997
-0.39,3,11.315736,17,closed,0.0,-0.39000000000000035
1.92,3,11.322121,17,closed,0.0,1.9199999999999997
2.36,3,11.328043,19,open,1.0,2.36
-0.39,3,11.334481,17,closed,0.0,-0.39000000000000035
2.14,3,11.340606,17,open,1.0,2.1399999999999997
1.92,3,11.347042,17,closed,0.0,1.9199999999999997
2.1,3,11.353587,19,closed,0.0,2.0999999999999996
-4.65,3,11.359714,15,closed,0.0,-4.65
2.28,3,11.366534,19,closed,0.0,2.28
0.11,3,11.372916,17,open,1.0,0.10999999999999988
2.58,3,11.378705,15,open,1.0,2.58
2.1,3,11.385312,19,closed,0.0,2.0999999999999996
-4.25,3,11.391377,15,closed,0.0,-4.25
2.28,3,11.398057,19,open,1.0,2.28
0.37,3,11.403934,15,open,1.0,0.3699999999999999
1.92,3,11.410278,19,open,1.0,1.9199999999999997
-1.84,3,11.416245,15,open,1.0,-1.8400000000000003
2.36,3,11.422175,19,open,1.0,2.36
-3.85,3,11.428164,15,open,1.0,-3.85
-0.39,3,11.434664,17,closed,0.0,-0.39000000000000035
2.58,3,11.440426,15,open,1.0,2.58
2.28,3,11.447104,19,closed,0.0,2.28
2.14,3,11.453269,19,open,1.0,2.1399999999999997
2.58,3,11.459005,15,open,1.0,2.58
1.92,3,11.465377,19,closed,0.0,1.9199999999999997
0.11,3,11.471813,17,closed,0.0,0.10999999999999988
-1.7,3,11.478294,17,open,1.0,-1.7
-4.45,3,11.48439,15,closed,0.0,-4.45
1.92,3,11.490657,17,open,1.0,1.9199999999999997
2.1,3,11.497175,19,open,1.0,2.0999999999999996
2.1,3,11.503721,19,closed,0.0,2.0999999999999996
2.58,3,11.509475,15,open,1.0,2.58
-4.25,3,11.515511,15,closed,0.0,-4.25
2.1,3,11.521997,19,closed,0.0,2.0999999999999996
0.55,3,11.528014,17,open,1.0,0.55
-2.7,3,11.534698,17,closed,0.0,-2.7
2.58,3,11.540416,15,open,1.0,2.58
2.58,3,11.546191,15,open,1.0,2.58
0.37,3,11.552043,15,open,1.0,0.3699999999999999
2.14,3,11.558129,17,open,1.0,2.1399999999999997
1.92,3,11.564446,17,closed,0.0,1.9199999999999997
2.28,3,11.57114,19,closed,0.0,2.28
2.14,3,11.577258,19,open,1.0,2.1399999999999997
2.58,3,11.660761,17,open,1.0,2.58
2.32,3,11.66734,19,open,1.0,2.32
0.57,3,11.67327,15,open,1.0,0.5700000000000001
-4.65,3,11.67994,15,closed,0.0,-4.65
1.92,3,11.686468,17,closed,0.0,1.9199999999999997
1.92,3,11.693327,17,closed,0.0,1.9199999999999997
0.11,3,11.699957,17,closed,0.0,0.10999999999999988
2.32,3,11.706353,19,open,1.0,2.32
2.58,3,11.712372,15,open,1.0,2.58
1.92,3,11.718838,17,closed,0.0,1.9199999999999997
2.28,3,11.725616,19,closed,0.0,2.28
2.58,3,11.731403,15,open,1.0,2.58
-0.39,3,11.737829,17,closed,0.0,-0.39000000000000035
-0.39,3,11.744279,17,closed,0.0,-0.39000000000000035
2.1,3,11.750861,19,closed,0.0,2.0999999999999996
-0.33,3,11.757679,19,closed,0.0,-0.3300000000000004
-0.51,3,11.764403,19,closed,0.0,-0.5100000000000005
0.11,3,11.770856,17,open,1.0,0.10999999999999988
0.33,3,11.77708,17,open,1.0,0.32999999999999996
-4.25,3,11.783249,15,closed,0.0,-4.25
0.33,3,11.78946,17,open,1.0,0.32999999999999996
-4.25,3,11.795547,15,closed,0.0,-4.25
1.92,3,11.801838,19,open,1.0,1.9199999999999997
0.33,3,11.808031,17,open,1.0,0.33000000000000007
2.28,3,11.814791,19,closed,0.0,2.28
2.58,3,11.820561,15,open,1.0,2.58
2.54,3,11.826701,19,open,1.0,2.54
-4.25,3,11.832827,15,closed,0.0,-4.25
1.92,3,11.839199,19,open,1.0,1.9199999999999997
2.1,3,11.845724,19,closed,0.0,2.0999999999999996
2.36,3,11.8517,19,open,1.0,2.36
2.1,3,11.858275,19,closed,0.0,2.0999999999999996
2.58,3,11.864067,15,open,1.0,2.58
2.36,3,11.869983,19,open,1.0,2.36
2.36,3,11.875964,17,open,1.0,2.36
-4.05,3,11.882041,15,closed,0.0,-4.050000000000001
2.58,3,11.887796,15,open,1.0,2.58
2.14,3,11.893888,17,open,1.0,2.1399999999999997
-4.05,3,11.900038,15,closed,0.0,-4.050000000000001
2.28,3,11.906827,19,closed,0.0,2.28
1.92,3,11.913234,17,closed,0.0,1.9199999999999997
2.5,3,11.919743,19,open,1.0,2.5
2.36,3,11.925715,19,open,1.0,2.36
1.92,3,11.93219,19,closed,0.0,1.9199999999999997
0.57,3,11.937998,15,open,1.0,0.5700000000000001
1.92,3,11.94439,17,closed,0.0,1.9199999999999997
2.36,3,11.950325,19,open,1.0,2.36
-4.05,3,11.956322,15,closed,0.0,-4.050000000000001
2.28,3,11.963145,19,closed,0.0,2.28
2.14,3,11.969326,17,open,1.0,2.1399999999999997
2.46,3,11.976576,19,closed,0.0,2.46
2.1,3,11.983346,19,closed,0.0,2.0999999999999996
2.5,3,11.989862,19,open,1.0,2.5
2.28,3,11.997089,19,open,1.0,2.28
2.58,3,12.002867,19,open,1.0,2.58
1.92,3,12.009526,17,open,1.0,1.9199999999999997
1.92,3,12.015941,17,closed,0.0,1.9199999999999997
-4.05,3,12.021988,15,closed,0.0,-4.050000000000001
-4.45,3,12.028094,15,closed,0.0,-4.45
-0.51,3,12.034814,19,closed,0.0,-0.5100000000000005
1.92,3,12.041115,17,open,1.0,1.9199999999999997
2.46,3,12.0481,19,closed,0.0,2.46
2.14,3,12.0543,19,open,1.0,2.1399999999999997
-2.2,3,12.060879,17,closed,0.0,-2.2
1.92,3,12.067252,17,open,1.0,1.9199999999999997
2.1,3,12.073747,19,open,1.0,2.0999999999999996
0.55,3,12.079838,17,open,1.0,0.55
2.14,3,12.086045,17,open,1.0,2.1399999999999997
2.46,3,12.092944,19,closed,0.0,2.46
-0.33,3,12.099865,19,closed,0.0,-0.3300000000000004
2.58,3,12.105658,15,open,1.0,2.58
-0.33,3,12.112575,19,closed,0.0,-0.3300000000000004
1.92,3,12.118988,17,closed,0.0,1.9199999999999997
0.11,3,12.125465,17,closed,0.0,0.10999999999999988
1.92,3,12.1319,17,closed,0.0,1.9199999999999997
2.14,3,12.137968,17,open,1.0,2.1399999999999997
1.92,3,12.144313,17,open,1.0,1.9199999999999997
2.14,3,12.150509,17,open,1.0,2.1399999999999997
2.36,3,12.156498,17,open,1.0,2.36
1.92,3,12.162849,17,closed,0.0,1.9199999999999997
2.5,3,12.169458,19,open,1.0,2.5
2.1,3,12.17602,19,open,1.0,2.0999999999999996
2.58,3,12.181787,15,open,1.0,2.58
2.1,3,12.18841,19,closed,0.0,2.0999999999999996
2.1,3,12.194886,19,open,1.0,2.0999999999999996
-4.25,3,12.201039,15,closed,0.0,-4.25
0.11,3,12.20739,17,open,1.0,0.10999999999999988
1.92,3,12.213839,17,closed,0.0,1.9199999999999997
2.58,3,12.219666,15,open,1.0,2.58
2.28,3,12.22634,19,open,1.0,2.28
-4.25,3,12.232442,15,closed,0.0,-4.25
2.28,3,12.239101,19,open,1.0,2.28
2.14,3,12.245196,17,open,1.0,2.1399999999999997
2.1,3,12.251785,19,closed,0.0,2.0999999999999996
2.32,3,12.258033,19,open,1.0,2.32
1.92,3,12.264424,17,closed,0.0,1.9199999999999997
0.57,3,12.270269,15,open,1.0,0.5700000000000001
2.32,3,12.276563,19,open,1.0,2.32
2.32,3,12.282958,19,open,1.0,2.32
2.36,3,12.288866,19,open,1.0,2.36
2.1,3,12.295365,19,open,1.0,2.0999999999999996
-4.65,3,12.301514,15,closed,0.0,-4.65
2.14,3,12.307656,17,open,1.0,2.1399999999999997
2.1,3,12.314276,19,closed,0.0,2.0999999999999996
2.58,3,12.319997,15,open,1.0,2.58
2.58,3,12.325748,15,open,1.0,2.58
-2.2,3,12.332344,17,closed,0.0,-2.2
2.5,3,12.338793,19,open,1.0,2.5
0.11,3,12.345243,17,closed,0.0,0.10999999999999988
2.58,3,12.35094,15,open,1.0,2.58
2.32,3,12.357213,19,open,1.0,2.32
2.58,3,12.362926,15,open,1.0,2.58
1.92,3,12.369305,17,open,1.0,1.9199999999999997
1.92,3,12.375636,17,closed,0.0,1.9199999999999997
-2.2,3,12.382334,17,closed,0.0,-2.2
2.14,3,12.388463,17,open,1.0,2.1399999999999997
-3.85,3,12.394469,15,closed,0.0,-3.85
2.58,3,12.400288,15,open,1.0,2.58
0.33,3,12.406458,17,open,1.0,0.32999999999999996
2.14,3,12.412604,17,open,1.0,2.1399999999999997
2.36,3,12.418565,17,open,1.0,2.36
2.58,3,12.42434,19,open,1.0,2.58
1.92,3,12.430741,19,closed,0.0,1.9199999999999997
-4.45,3,12.436946,15,closed,0.0,-4.45
0.37,3,12.442801,15,open,1.0,0.3699999999999999
2.58,3,12.44859,17,open,1.0,2.58
2.1,3,12.455062,19,open,1.0,2.0999999999999996
1.92,3,12.461321,17,open,1.0,1.9199999999999997
2.58,3,12.467153,15,open,1.0,2.58
2.58,3,12.472929,15,open,1.0,2.58
0.11,3,12.479381,17,closed,0.0,0.10999999999999988
0.57,3,12.485194,15,open,1.0,0.5700000000000001
2.1,3,12.491621,19,open,1.0,2.0999999999999996
2.58,3,12.497416,15,open,1.0,2.58
-0.33,3,12.504304,19,closed,0.0,-0.3300000000000004
2.1,3,12.510856,19,closed,0.0,2.0999999999999996
2.36,3,12.516879,17,open,1.0,2.36
-4.45,3,12.522956,15,closed,0.0,-4.45
2.54,3,12.529159,19,open,1.0,2.54
2.1,3,12.535686,19,closed,0.0,2.0999999999999996
2.54,3,12.541781,19,open,1.0,2.54
-1.64,3,12.547825,15,open,1.0,-1.6400000000000001
-0.39,3,12.554366,17,closed,0.0,-0.39000000000000035
2.54,3,12.560494,19,open,1.0,2.54
2.1,3,12.567045,19,open,1.0,2.0999999999999996
2.54,3,12.573341,19,open,1.0,2.54
1.92,3,12.579626,19,open,1.0,1.9199999999999997
0.33,3,12.585901,17,open,1.0,0.32999999999999996
-0.33,3,12.592818,19,closed,0.0,-0.3300000000000004
-0.39,3,12.59939,17,closed,0.0,-0.39000000000000035
-4.65,3,12.605481,15,closed,0.0,-4.65
2.1,3,12.612043,19,closed,0.0,2.0999999999999996
1.92,3,12.618455,17,closed,0.0,1.9199999999999997
2.58,3,12.624149,15,open,1.0,2.58
2.58,3,12.629977,15,open,1.0,2.58
2.36,3,12.635909,17,open,1.0,2.36
2.58,3,12.641666,15,open,1.0,2.58
1.92,3,12.647997,17,open,1.0,1.9199999999999997
2.14,3,12.654126,19,open,1.0,2.1399999999999997
2.5,3,12.660641,19,open,1.0,2.5
2.14,3,12.666824,17,open,1.0,2.1399999999999997
2.1,3,12.673374,19,closed,0.0,2.0999999999999996
1.92,3,12.679721,17,closed,0.0,1.9199999999999997
-4.45,3,12.685801,15,closed,0.0,-4.45
-1.64,3,12.691687,15,open,1.0,-1.6400000000000001
2.58,3,12.697474,15,open,1.0,2.58
-4.45,3,12.703541,15,closed,0.0,-4.45
0.55,3,12.709558,17,open,1.0,0.55
0.11,3,12.716022,17,closed,0.0,0.10999999999999988
2.36,3,12.721958,17,open,1.0,2.36
2.58,3,12.727697,15,open,1.0,2.58
-1.64,3,12.733665,15,open,1.0,-1.6400000000000001
-4.65,3,12.739736,15,closed,0.0,-4.65
1.92,3,12.746112,17,closed,0.0,1.9199999999999997
2.58,3,12.75183,15,open,1.0,2.58
-4.05,3,12.757856,15,closed,0.0,-4.050000000000001
2.28,3,12.764482,19,open,1.0,2.28
2.1,3,12.771099,19,closed,0.0,2.0999999999999996
1.92,3,12.777422,17,open,1.0,1.9199999999999997
2.58,3,12.783159,15,open,1.0,2.58
2.58,3,12.788878,15,open,1.0,2.58
2.58,3,12.794631,15,open,1.0,2.58
1.92,3,12.801076,17,closed,0.0,1.9199999999999997
2.1,3,12.807497,19,open,1.0,2.0999999999999996
2.58,3,12.813275,15,open,1.0,2.58
2.58,3,12.818992,15,open,1.0,2.58
2.1,3,12.825459,19,open,1.0,2.0999999999999996
2.14,3,12.831654,17,open,1.0,2.1399999999999997
2.28,3,12.838385,19,open,1.0,2.28
2.14,3,12.844502,17,open,1.0,2.1399999999999997
2.58,3,12.850226,15,open,1.0,2.58
-4.65,3,12.856309,15,closed,0.0,-4.65
2.32,3,12.862621,19,open,1.0,2.32
0.57,3,12.868474,15,open,1.0,0.5700000000000001
2.14,3,12.874546,17,open,1.0,2.1399999999999997
2.36,3,12.880532,19,open,1.0,2.36
0.57,3,12.886371,15,open,1.0,0.5700000000000001
1.92,3,12.892694,19,open,1.0,1.9199999999999997
-2.2,3,12.899308,17,closed,0.0,-2.2
1.92,3,12.905624,17,open,1.0,1.9199999999999997
-3.85,3,12.911639,15,closed,0.0,-3.85
1.92,3,12.918032,17,closed,0.0,1.9199999999999997
-4.25,3,12.924042,15,closed,0.0,-4.25
-4.45,3,12.930112,15,closed,0.0,-4.45
1.92,3,12.936451,17,open,1.0,1.9199999999999997
1.92,3,12.942773,17,closed,0.0,1.9199999999999997
1.92,3,12.949157,17,closed,0.0,1.9199999999999997
2.5,3,12.955602,19,open,1.0,2.5
2.58,3,12.961381,15,open,1.0,2.58
2.58,3,12.967156,15,open,1.0,2.58
2.1,3,12.9736,19,open,1.0,2.0999999999999996
2.1,3,12.980134,19,closed,0.0,2.0999999999999996
1.92,3,12.986421,19,open,1.0,1.9199999999999997
-4.25,3,12.992434,15,closed,0.0,-4.25
2.14,3,12.998608,17,open,1.0,2.1399999999999997
-4.65,3,13.004637,15,closed,0.0,-4.65
-1.84,3,13.01056,15,open,1.0,-1.8400000000000003
2.58,3,13.016354,15,open,1.0,2.58
-0.39,3,13.022726,17,closed,0.0,-0.39000000000000035
2.32,3,13.029041,19,open,1.0,2.32
2.58,3,13.034847,15,open,1.0,2.58
1.92,3,13.041123,19,open,1.0,1.9199999999999997
1.92,3,13.047424,17,closed,0.0,1.9199999999999997
-4.05,3,13.053576,15,closed,0.0,-4.050000000000001
2.14,3,13.059726,19,open,1.0,2.1399999999999997
1.92,3,13.066149,17,closed,0.0,1.9199999999999997
1.92,3,13.072493,19,closed,0.0,1.9199999999999997
-0.15,3,13.079473,19,closed,0.0,-0.15000000000000036
2.14,3,13.085645,17,open,1.0,2.1399999999999997
1.92,3,13.09189,17,open,1.0,1.9199999999999997
-4.65,3,13.098015,15,closed,0.0,-4.65
0.11,3,13.104334,17,closed,0.0,0.10999999999999988
1.92,3,13.110697,17,closed,0.0,1.9199999999999997
1.92,3,13.117066,17,open,1.0,1.9199999999999997
2.28,3,13.12375,19,closed,0.0,2.28
2.58,3,13.129543,15,open,1.0,2.58
-4.45,3,13.135573,15,closed,0.0,-4.45
0.11,3,13.141986,17,closed,0.0,0.10999999999999988
1.92,3,13.148266,17,open,1.0,1.9199999999999997
2.58,3,13.154004,15,open,1.0,2.58
2.36,3,13.159921,17,open,1.0,2.36
1.92,3,13.166324,17,closed,0.0,1.9199999999999997
2.28,3,13.173067,19,closed,0.0,2.28
-4.25,3,13.179188,15,closed,0.0,-4.25
0.33,3,13.185337,17,open,1.0,0.32999999999999996
2.1,3,13.191892,19,closed,0.0,2.0999999999999996
2.58,3,13.197641,15,open,1.0,2.58
-2.2,3,13.204226,17,closed,0.0,-2.2
1.92,3,13.210559,17,closed,0.0,1.9199999999999997
0.33,3,13.216763,17,open,1.0,0.32999999999999996
0.37,3,13.22256,15,open,1.0,0.3699999999999999
-4.05,3,13.228577,15,closed,0.0,-4.050000000000001
-1.7,3,13.235124,17,open,1.0,-1.7
0.57,3,13.240942,15,open,1.0,0.5700000000000001
1.92,3,13.247315,17,closed,0.0,1.9199999999999997
-4.25,3,13.253399,15,closed,0.0,-4.25
2.58,3,13.259089,15,open,1.0,2.58
2.14,3,13.265276,19,open,1.0,2.1399999999999997
2.14,3,13.271378,19,open,1.0,2.1399999999999997
2.28,3,13.278098,19,closed,0.0,2.28
2.58,3,13.283876,15,open,1.0,2.58
2.54,3,13.289983,19,open,1.0,2.54
2.58,3,13.295724,15,open,1.0,2.58
0.37,3,13.301619,15,open,1.0,0.3699999999999999
1.92,3,13.307959,19,closed,0.0,1.9199999999999997
-4.65,3,13.314102,15,closed,0.0,-4.65
2.32,3,13.320365,19,open,1.0,2.32
2.36,3,13.326281,17,open,1.0,2.36
2.1,3,13.332822,19,closed,0.0,2.0999999999999996
-0.39,3,13.33922,17,closed,0.0,-0.39000000000000035
-4.45,3,13.345306,15,closed,0.0,-4.45
2.36,3,13.351308,19,open,1.0,2.36
2.14,3,13.357419,17,open,1.0,2.1399999999999997
2.14,3,13.363523,17,open,1.0,2.1399999999999997
-1.84,3,13.369543,15,open,1.0,-1.8400000000000003
-4.45,3,13.375674,15,closed,0.0,-4.45
2.28,3,13.382518,19,closed,0.0,2.28
1.92,3,13.388905,17,closed,0.0,1.9199999999999997
-0.39,3,13.395373,17,closed,0.0,-0.39000000000000035
0.57,3,13.401228,15,open,1.0,0.5700000000000001
2.58,3,13.406916,15,open,1.0,2.58
-4.45,3,13.412996,15,closed,0.0,-4.45
2.58,3,13.418769,15,open,1.0,2.58
1.92,3,13.425115,19,closed,0.0,1.9199999999999997
-4.05,3,13.431171,15,closed,0.0,-4.050000000000001
2.14,3,13.43734,17,open,1.0,2.1399999999999997
2.1,3,13.443933,19,closed,0.0,2.0999999999999996
2.14,3,13.450161,17,open,1.0,2.1399999999999997
1.92,3,13.456462,17,open,1.0,1.9199999999999997
0.57,3,13.462343,15,open,1.0,0.5700000000000001
-0.33,3,13.469149,19,closed,0.0,-0.3300000000000003
1.92,3,13.475477,17,closed,0.0,1.9199999999999997
1.92,3,13.481872,17,open,1.0,1.9199999999999997
0.57,3,13.487707,15,open,1.0,0.5700000000000001
-2.2,3,13.494287,17,closed,0.0,-2.2
1.92,3,13.500648,17,open,1.0,1.9199999999999997
2.28,3,13.507377,19,closed,0.0,2.28
2.14,3,13.513528,17,open,1.0,2.1399999999999997
2.58,3,13.519312,15,open,1.0,2.58
1.92,3,13.525612,17,closed,0.0,1.9199999999999997
-4.25,3,13.531769,15,closed,0.0,-4.25
2.28,3,13.5384,19,open,1.0,2.28
2.14,3,13.5445,17,open,1.0,2.1399999999999997
2.58,3,13.55031,15,open,1.0,2.58
2.14,3,13.556399,17,open,1.0,2.1399999999999997
1.92,3,13.562676,17,open,1.0,1.9199999999999997
-0.33,3,13.569538,19,closed,0.0,-0.3300000000000004
2.5,3,13.576003,19,open,1.0,2.5
2.14,3,13.582232,17,open,1.0,2.1399999999999997
2.1,3,13.588784,19,closed,0.0,2.0999999999999996
1.92,3,13.595129,19,closed,0.0,1.9199999999999997
-4.45,3,13.601234,15,closed,0.0,-4.45
0.37,3,13.607054,15,open,1.0,0.3699999999999999
-0.39,3,13.613516,17,closed,0.0,-0.39000000000000035
2.36,3,13.619419,19,open,1.0,2.36
-0.15,3,13.626465,19,closed,0.0,-0.15000000000000036
2.1,3,13.633034,19,open,1.0,2.0999999999999996
-4.65,3,13.639102,15,closed,0.0,-4.65
2.14,3,13.645238,19,open,1.0,2.1399999999999997
-4.45,3,13.651318,15,closed,0.0,-4.45
1.92,3,13.657608,17,closed,0.0,1.9199999999999997
1.92,3,13.663983,19,closed,0.0,1.9199999999999997
2.36,3,13.669971,17,open,1.0,2.36
2.28,3,13.676697,19,closed,0.0,2.28
-0.39,3,13.683152,17,closed,0.0,-0.39000000000000035
2.58,3,13.68891,15,open,1.0,2.58
2.36,3,13.694853,17,open,1.0,2.36
2.14,3,13.700954,19,open,1.0,2.1399999999999997
2.1,3,13.707454,19,closed,0.0,2.0999999999999996
0.37,3,13.713315,15,open,1.0,0.3699999999999999
2.32,3,13.719591,19,open,1.0,2.32
1.92,3,13.725897,19,closed,0.0,1.9199999999999997
0.37,3,13.731754,15,open,1.0,0.3699999999999999
0.57,3,13.737543,15,open,1.0,0.5700000000000001
2.14,3,13.743684,19,open,1.0,2.1399999999999997
2.14,3,13.74986,17,open,1.0,2.1399999999999997
2.5,3,13.756272,19,open,1.0,2.5
-4.65,3,13.762345,15,closed,0.0,-4.65
2.58,3,13.768116,15,open,1.0,2.58
0.57,3,13.773884,15,open,1.0,0.5700000000000001
2.36,3,13.779884,17,open,1.0,2.36
0.57,3,13.785738,15,open,1.0,0.5700000000000001
2.14,3,13.869595,17,open,1.0,2.1399999999999997
-4.45,3,13.875716,15,closed,0.0,-4.45
2.36,3,13.881681,19,open,1.0,2.36
-4.65,3,13.887755,15,closed,0.0,-4.65
2.46,3,13.895267,19,closed,0.0,2.46
1.92,3,13.901721,19,closed,0.0,1.9199999999999997
2.14,3,13.907955,17,open,1.0,2.1399999999999997
2.58,3,13.913725,15,open,1.0,2.58
2.58,3,13.91941,15,open,1.0,2.58
2.58,3,13.925134,15,open,1.0,2.58
-4.65,3,13.931138,15,closed,0.0,-4.65
1.92,3,13.9374,17,open,1.0,1.9199999999999997
1.92,3,13.943678,19,open,1.0,1.9199999999999997
0.37,3,13.949438,15,open,1.0,0.3699999999999999
2.14,3,13.955505,19,open,1.0,2.1399999999999997
1.92,3,13.961864,17,closed,0.0,1.9199999999999997
2.58,3,13.967591,15,open,1.0,2.58
-0.39,3,13.973955,17,closed,0.0,-0.39000000000000035
2.36,3,13.979836,17,open,1.0,2.36
-0.39,3,13.986246,17,closed,0.0,-0.39000000000000035
2.54,3,13.992353,19,open,1.0,2.54
2.58,3,13.998039,15,open,1.0,2.58
-4.25,3,14.004029,15,closed,0.0,-4.25
2.1,3,14.010504,19,open,1.0,2.0999999999999996
2.14,3,14.016642,17,open,1.0,2.1399999999999997
2.28,3,14.02333,19,closed,0.0,2.28
1.92,3,14.029638,17,closed,0.0,1.9199999999999997
0.37,3,14.035435,15,open,1.0,0.3699999999999999
1.92,3,14.041643,17,open,1.0,1.9199999999999997
2.1,3,14.048096,19,open,1.0,2.0999999999999996
2.58,3,14.053814,15,open,1.0,2.58
2.46,3,14.060683,19,closed,0.0,2.46
-0.39,3,14.067131,17,closed,0.0,-0.39000000000000035
-0.39,3,14.073509,17,closed,0.0,-0.39000000000000035
2.54,3,14.079643,19,open,1.0,2.54
1.92,3,14.085999,19,closed,0.0,1.9199999999999997
1.92,3,14.092268,17,open,1.0,1.9199999999999997
-0.51,3,14.098861,19,closed,0.0,-0.5100000000000005
2.58,3,14.104587,15,open,1.0,2.58
0.37,3,14.11033,15,open,1.0,0.3699999999999999
1.92,3,14.116632,17,closed,0.0,1.9199999999999997
2.28,3,14.123308,19,open,1.0,2.28
1.92,3,14.129624,17,closed,0.0,1.9199999999999997
2.32,3,14.13584,19,open,1.0,2.32
1.92,3,14.142129,17,open,1.0,1.9199999999999997
2.1,3,14.148628,19,closed,0.0,2.0999999999999996
2.14,3,14.154702,17,open,1.0,2.1399999999999997
1.92,3,14.160962,17,open,1.0,1.9199999999999997
1.92,3,14.1673,17,closed,0.0,1.9199999999999997
2.36,3,14.173204,17,open,1.0,2.36
-4.45,3,14.17921,15,closed,0.0,-4.45
2.58,3,14.184928,15,open,1.0,2.58
2.1,3,14.191405,19,open,1.0,2.0999999999999996
0.55,3,14.197318,17,open,1.0,0.55
1.92,3,14.203703,17,closed,0.0,1.9199999999999997
2.32,3,14.20998,19,open,1.0,2.32
2.14,3,14.21605,17,open,1.0,2.1399999999999997
0.37,3,14.221835,15,open,1.0,0.3699999999999999
1.92,3,14.228122,17,open,1.0,1.9199999999999997
1.92,3,14.234368,17,open,1.0,1.9199999999999997
0.57,3,14.24014,15,open,1.0,0.5700000000000001
-4.65,3,14.246159,15,closed,0.0,-4.65
2.28,3,14.252882,19,closed,0.0,2.28
2.14,3,14.258958,17,open,1.0,2.1399999999999997
-3.65,3,14.264975,15,closed,0.0,-3.65
-4.65,3,14.270986,15,closed,0.0,-4.65
1.92,3,14.277245,17,open,1.0,1.9199999999999997
-4.05,3,14.283236,15,closed,0.0,-4.050000000000001
2.32,3,14.289488,19,open,1.0,2.32
2.1,3,14.295985,19,closed,0.0,2.0999999999999996
2.58,3,14.301711,15,open,1.0,2.58
2.46,3,14.308563,19,closed,0.0,2.46
1.92,3,14.314863,17,open,1.0,1.9199999999999997
1.92,3,14.321165,19,closed,0.0,1.9199999999999997
2.36,3,14.32703,17,open,1.0,2.36
1.92,3,14.33336,17,closed,0.0,1.9199999999999997
2.58,3,14.338998,15,open,1.0,2.58
-4.25,3,14.345019,15,closed,0.0,-4.25
2.36,3,14.350927,17,open,1.0,2.36
2.58,3,14.356596,17,open,1.0,2.58
2.1,3,14.363127,19,closed,0.0,2.0999999999999996
1.92,3,14.369418,17,closed,0.0,1.9199999999999997
2.58,3,14.375088,15,open,1.0,2.58
2.1,3,14.381607,19,closed,0.0,2.0999999999999996
2.14,3,14.387705,19,open,1.0,2.1399999999999997
2.36,3,14.393695,17,open,1.0,2.36
0.33,3,14.399847,17,open,1.0,0.32999999999999996
2.58,3,14.405529,15,open,1.0,2.58
2.1,3,14.412063,19,closed,0.0,2.0999999999999996
2.58,3,14.417734,15,open,1.0,2.58
2.28,3,14.424388,19,closed,0.0,2.28
1.92,3,14.430691,17,closed,0.0,1.9199999999999997
-4.25,3,14.436712,15,closed,0.0,-4.25
2.46,3,14.443613,19,closed,0.0,2.46
2.58,3,14.44939,15,open,1.0,2.58
-4.25,3,14.455413,15,closed,0.0,-4.25
2.28,3,14.462136,19,closed,0.0,2.28
2.14,3,14.468251,19,open,1.0,2.1399999999999997
2.14,3,14.474313,19,open,1.0,2.1399999999999997
1.92,3,14.480606,17,closed,0.0,1.9199999999999997
1.92,3,14.486931,19,closed,0.0,1.9199999999999997
2.54,3,14.492987,19,open,1.0,2.54
0.11,3,14.499398,17,closed,0.0,0.10999999999999988
2.14,3,14.505478,17,open,1.0,2.1399999999999997
1.92,3,14.511704,17,open,1.0,1.9199999999999997
1.92,3,14.517963,17,open,1.0,1.9199999999999997
2.28,3,14.524672,19,closed,0.0,2.28
2.28,3,14.531359,19,closed,0.0,2.28
1.92,3,14.537688,17,closed,0.0,1.9199999999999997
2.58,3,14.543441,15,open,1.0,2.58
-0.39,3,14.549864,17,closed,0.0,-0.39000000000000035
0.57,3,14.555629,15,open,1.0,0.5700000000000001
1.92,3,14.561977,17,closed,0.0,1.9199999999999997
2.58,3,14.567693,15,open,1.0,2.58
-4.25,3,14.573677,15,closed,0.0,-4.25
0.55,3,14.579689,17,open,1.0,0.55
2.46,3,14.586583,19,open,1.0,2.46
2.14,3,14.592649,17,open,1.0,2.1399999999999997
2.58,3,14.598396,17,open,1.0,2.58
2.14,3,14.60454,17,open,1.0,2.1399999999999997
-4.45,3,14.610567,15,closed,0.0,-4.45
2.1,3,14.617041,19,open,1.0,2.0999999999999996
-4.45,3,14.623064,15,closed,0.0,-4.45
1.92,3,14.629386,19,closed,0.0,1.9199999999999997
2.58,3,14.635141,15,open,1.0,2.58
2.36,3,14.641048,17,open,1.0,2.36
-4.65,3,14.647148,15,closed,0.0,-4.65
-4.25,3,14.653149,15,closed,0.0,-4.25
-4.25,3,14.659188,15,closed,0.0,-4.25
1.92,3,14.665433,19,open,1.0,1.9199999999999997
-4.45,3,14.671448,15,closed,0.0,-4.45
-0.33,3,14.678305,19,closed,0.0,-0.3300000000000004
0.57,3,14.684097,15,open,1.0,0.5700000000000001
2.1,3,14.690567,19,closed,0.0,2.0999999999999996
2.14,3,14.696663,17,open,1.0,2.1399999999999997
-4.65,3,14.702721,15,closed,0.0,-4.65
2.36,3,14.708657,17,open,1.0,2.36
-4.65,3,14.714711,15,closed,0.0,-4.65
-4.25,3,14.72077,15,closed,0.0,-4.25
1.92,3,14.727099,17,closed,0.0,1.9199999999999997
2.14,3,14.733229,19,open,1.0,2.1399999999999997
2.36,3,14.739119,19,open,1.0,2.36
-3.85,3,14.745095,15,closed,0.0,-3.85
1.92,3,14.751402,17,open,1.0,1.9199999999999997
-4.65,3,14.757421,15,closed,0.0,-4.65
-4.45,3,14.763501,15,closed,0.0,-4.45
2.58,3,14.769233,15,open,1.0,2.58
-4.65,3,14.775274,15,closed,0.0,-4.65
2.32,3,14.781574,19,open,1.0,2.32
2.36,3,14.787458,19,open,1.0,2.36
1.92,3,14.79376,17,closed,0.0,1.9199999999999997
-4.25,3,14.7998,15,closed,0.0,-4.25
2.58,3,14.805522,15,open,1.0,2.58
1.92,3,14.81179,17,open,1.0,1.9199999999999997
1.92,3,14.818133,17,closed,0.0,1.9199999999999997
2.58,3,14.823849,15,open,1.0,2.58
2.36,3,14.829737,17,open,1.0,2.36
-4.65,3,14.835795,15,closed,0.0,-4.65
1.92,3,14.842104,17,closed,0.0,1.9199999999999997
1.92,3,14.848449,17,closed,0.0,1.9199999999999997
2.58,3,14.854144,15,open,1.0,2.58
-4.25,3,14.860152,15,closed,0.0,-4.25
2.32,3,14.866422,19,open,1.0,2.32
-0.15,3,14.873408,19,closed,0.0,-0.15000000000000036
1.92,3,14.879772,17,closed,0.0,1.9199999999999997
2.58,3,14.885513,15,open,1.0,2.58
-4.05,3,14.891556,15,closed,0.0,-4.050000000000001
-4.45,3,14.897612,15,closed,0.0,-4.45
-0.33,3,14.904495,19,closed,0.0,-0.3300000000000004
2.14,3,14.910595,17,open,1.0,2.1399999999999997
2.36,3,14.916501,17,open,1.0,2.36
0.57,3,14.922262,15,open,1.0,0.5700000000000001
2.1,3,14.928761,19,closed,0.0,2.0999999999999996
2.14,3,14.934848,19,open,1.0,2.1399999999999997
2.58,3,14.940566,15,open,1.0,2.58
1.92,3,14.946914,17,closed,0.0,1.9199999999999997
-2.94,3,14.953848,19,closed,0.0,-2.9400000000000004
2.58,3,14.959499,17,open,1.0,2.58
0.57,3,14.965302,15,open,1.0,0.5700000000000001
2.58,3,14.971014,19,open,1.0,2.58
2.36,3,14.976917,17,open,1.0,2.36
-4.65,3,14.982994,15,closed,0.0,-4.65
2.58,3,14.988703,15,open,1.0,2.58
2.58,3,14.994408,15,open,1.0,2.58
2.14,3,15.000485,19,open,1.0,2.1399999999999997
2.14,3,15.006555,17,open,1.0,2.1399999999999997
1.92,3,15.012818,17,open,1.0,1.9199999999999997
2.36,3,15.018737,17,open,1.0,2.36
-4.65,3,15.024758,15,closed,0.0,-4.65
2.1,3,15.031324,19,closed,0.0,2.0999999999999996
2.14,3,15.037465,17,open,1.0,2.1399999999999997
2.32,3,15.043777,19,open,1.0,2.32
0.57,3,15.049636,15,open,1.0,0.5700000000000001
2.28,3,15.056311,19,closed,0.0,2.28
2.1,3,15.06285,19,closed,0.0,2.0999999999999996
-4.65,3,15.068854,15,closed,0.0,-4.65
2.58,3,15.074598,15,open,1.0,2.58
2.1,3,15.081125,19,closed,0.0,2.0999999999999996
2.14,3,15.08723,17,open,1.0,2.1399999999999997
2.58,3,15.092964,15,open,1.0,2.58
2.32,3,15.099287,19,open,1.0,2.32
-4.25,3,15.105325,15,closed,0.0,-4.25
2.32,3,15.111622,19,open,1.0,2.32
1.92,3,15.117948,19,open,1.0,1.9199999999999997
-4.65,3,15.123969,15,closed,0.0,-4.65
1.92,3,15.13026,17,open,1.0,1.9199999999999997
2.58,3,15.135989,15,open,1.0,2.58
2.1,3,15.142462,19,closed,0.0,2.0999999999999996
1.92,3,15.148744,17,open,1.0,1.9199999999999997
2.28,3,15.155465,19,closed,0.0,2.28
2.14,3,15.161564,19,open,1.0,2.1399999999999997
2.54,3,15.167674,19,open,1.0,2.54
2.28,3,15.174422,19,closed,0.0,2.28
-4.65,3,15.180505,15,closed,0.0,-4.65
2.32,3,15.186809,19,open,1.0,2.32
2.28,3,15.193547,19,closed,0.0,2.28
2.1,3,15.200043,19,open,1.0,2.0999999999999996
-4.65,3,15.206084,15,closed,0.0,-4.65
2.58,3,15.211818,15,open,1.0,2.58
2.36,3,15.217812,19,open,1.0,2.36
-4.65,3,15.223873,15,closed,0.0,-4.65
2.28,3,15.230586,19,closed,0.0,2.28
1.92,3,15.23689,17,open,1.0,1.9199999999999997
-0.15,3,15.243903,19,closed,0.0,-0.15000000000000036
0.57,3,15.249774,15,open,1.0,0.5700000000000001
-4.65,3,15.255759,15,closed,0.0,-4.65
2.58,3,15.26147,15,open,1.0,2.58
2.58,3,15.267168,15,open,1.0,2.58
1.92,3,15.273483,17,closed,0.0,1.9199999999999997
2.54,3,15.27962,19,open,1.0,2.54
0.11,3,15.286038,17,closed,0.0,0.10999999999999988
0.37,3,15.291857,15,open,1.0,0.3699999999999999
-0.39,3,15.298354,17,closed,0.0,-0.39000000000000035
-4.65,3,15.304403,15,closed,0.0,-4.65
-4.45,3,15.310472,15,closed,0.0,-4.45
1.92,3,15.316827,17,closed,0.0,1.9199999999999997
-4.45,3,15.322905,15,closed,0.0,-4.45
2.58,3,15.328625,15,open,1.0,2.58
2.28,3,15.335283,19,open,1.0,2.28
2.28,3,15.34201,19,closed,0.0,2.28
1.92,3,15.34841,17,closed,0.0,1.9199999999999997
2.14,3,15.354515,19,open,1.0,2.1399999999999997
1.92,3,15.360838,17,closed,0.0,1.9199999999999997
0.11,3,15.367346,17,closed,0.0,0.10999999999999988
1.92,3,15.37368,17,closed,0.0,1.9199999999999997
2.58,3,15.379472,15,open,1.0,2.58
2.28,3,15.386263,19,closed,0.0,2.28
2.36,3,15.392155,17,open,1.0,2.36
2.14,3,15.398265,17,open,1.0,2.1399999999999997
2.36,3,15.404159,17,open,1.0,2.36
2.58,3,15.40989,15,open,1.0,2.58
2.14,3,15.415976,17,open,1.0,2.1399999999999997
2.28,3,15.422925,19,closed,0.0,2.28
-4.65,3,15.428999,15,closed,0.0,-4.65
2.32,3,15.435276,19,open,1.0,2.32
2.14,3,15.441344,19,open,1.0,2.1399999999999997
2.32,3,15.44764,19,open,1.0,2.32
-0.51,3,15.454276,19,closed,0.0,-0.5100000000000005
-4.45,3,15.460314,15,closed,0.0,-4.45
-4.25,3,15.466377,15,closed,0.0,-4.25
2.36,3,15.47231,17,open,1.0,2.36
2.1,3,15.478871,19,closed,0.0,2.0999999999999996
2.36,3,15.484997,17,open,1.0,2.36
2.28,3,15.491713,19,closed,0.0,2.28
1.92,3,15.49811,17,closed,0.0,1.9199999999999997
2.32,3,15.504368,19,open,1.0,2.32
2.58,3,15.510118,17,open,1.0,2.58
2.5,3,15.516621,19,open,1.0,2.5
2.58,3,15.52236,15,open,1.0,2.58
2.46,3,15.529296,19,closed,0.0,2.46
2.58,3,15.535058,15,open,1.0,2.58
1.92,3,15.541328,17,open,1.0,1.9199999999999997
-4.65,3,15.547449,15,closed,0.0,-4.65
1.92,3,15.553714,19,open,1.0,1.9199999999999997
2.14,3,15.559798,17,open,1.0,2.1399999999999997
2.1,3,15.566307,19,open,1.0,2.0999999999999996
-4.25,3,15.572318,15,closed,0.0,-4.25
-4.25,3,15.578353,15,closed,0.0,-4.25
2.32,3,15.584687,19,open,1.0,2.32
-4.65,3,15.59071,15,closed,0.0,-4.65
1.92,3,15.597126,17,closed,0.0,1.9199999999999997
-0.39,3,15.603626,17,closed,0.0,-0.39000000000000035
2.14,3,15.609781,19,open,1.0,2.1399999999999997
2.14,3,15.615924,17,open,1.0,2.1399999999999997
0.57,3,15.621732,15,open,1.0,0.5700000000000001
-0.39,3,15.628178,17,closed,0.0,-0.39000000000000035
2.32,3,15.634526,19,open,1.0,2.32
1.92,3,15.640845,17,closed,0.0,1.9199999999999997
-4.45,3,15.646926,15,closed,0.0,-4.45
2.32,3,15.653217,19,open,1.0,2.32
2.36,3,15.65912,19,open,1.0,2.36
-4.45,3,15.665133,15,closed,0.0,-4.45
2.58,3,15.670879,15,open,1.0,2.58
2.58,3,15.676617,15,open,1.0,2.58
2.58,3,15.682369,15,open,1.0,2.58
2.14,3,15.688496,17,open,1.0,2.1399999999999997
2.58,3,15.694232,15,open,1.0,2.58
2.58,3,15.700006,15,open,1.0,2.58
-0.39,3,15.706411,17,closed,0.0,-0.39000000000000035
-0.51,3,15.713295,19,closed,0.0,-0.5100000000000005
0.11,3,15.719756,17,closed,0.0,0.10999999999999988
-0.33,3,15.726625,19,closed,0.0,-0.3300000000000004
2.58,3,15.732475,15,open,1.0,2.58
-2.7,3,15.739049,17,closed,0.0,-2.7
2.36,3,15.744986,19,open,1.0,2.36
1.92,3,15.751311,17,closed,0.0,1.9199999999999997
2.14,3,15.757446,17,open,1.0,2.1399999999999997
1.92,3,15.763837,17,closed,0.0,1.9199999999999997
2.1,3,15.770358,19,closed,0.0,2.0999999999999996
1.92,3,15.776734,17,closed,0.0,1.9199999999999997
0.57,3,15.782565,15,open,1.0,0.5700000000000001
2.58,3,15.788285,15,open,1.0,2.58
2.28,3,15.795002,19,closed,0.0,2.28
2.1,3,15.801588,19,closed,0.0,2.0999999999999996
-4.25,3,15.80763,15,closed,0.0,-4.25
-0.39,3,15.814145,17,closed,0.0,-0.39000000000000035
2.32,3,15.820468,19,open,1.0,2.32
2.54,3,15.826576,19,open,1.0,2.54
2.28,3,15.833298,19,closed,0.0,2.28
2.58,3,15.839037,15,open,1.0,2.58
2.28,3,15.845677,19,open,1.0,2.28
2.1,3,15.852266,19,closed,0.0,2.0999999999999996
2.58,3,15.857985,15,open,1.0,2.58
1.92,3,15.864349,17,closed,0.0,1.9199999999999997
2.58,3,15.870084,15,open,1.0,2.58
2.58,3,15.875827,15,open,1.0,2.58
0.57,3,15.88169,15,open,1.0,0.5700000000000001
2.28,3,15.888408,19,closed,0.0,2.28
1.92,3,15.89475,17,closed,0.0,1.9199999999999997
1.92,3,15.901154,17,closed,0.0,1.9199999999999997
2.28,3,15.907827,19,closed,0.0,2.28
2.54,3,15.913996,19,open,1.0,2.54
-4.25,3,15.920047,15,closed,0.0,-4.25
-4.65,3,15.926086,15,closed,0.0,-4.65
1.92,3,15.932451,17,closed,0.0,1.9199999999999997
2.58,3,15.938188,15,open,1.0,2.58
-4.45,3,15.944268,15,closed,0.0,-4.45
-4.25,3,15.950346,15,closed,0.0,-4.25
2.58,3,15.956113,15,open,1.0,2.58
2.54,3,15.962211,19,open,1.0,2.54
0.55,3,15.96826,17,open,1.0,0.55
2.58,3,16.04965,17,open,1.0,2.58
2.14,3,16.055941,17,open,1.0,2.1399999999999997
2.58,3,16.061727,15,open,1.0,2.58
-0.39,3,16.068254,17,closed,0.0,-0.39000000000000035
1.92,3,16.074598,17,closed,0.0,1.9199999999999997
2.58,3,16.080379,15,open,1.0,2.58
2.46,3,16.087248,19,open,1.0,2.46
1.92,3,16.093594,17,closed,0.0,1.9199999999999997
2.54,3,16.099735,19,open,1.0,2.54
-4.25,3,16.105779,15,closed,0.0,-4.25
2.46,3,16.112655,19,closed,0.0,2.46
2.14,3,16.118747,17,open,1.0,2.1399999999999997
2.14,3,16.124851,17,open,1.0,2.1399999999999997
2.28,3,16.131545,19,closed,0.0,2.28
-3.85,3,16.137579,15,closed,0.0,-3.85
2.32,3,16.143921,19,open,1.0,2.32
1.92,3,16.150272,17,closed,0.0,1.9199999999999997
-4.25,3,16.156296,15,closed,0.0,-4.25
-4.25,3,16.162352,15,closed,0.0,-4.25
1.92,3,16.168697,17,closed,0.0,1.9199999999999997
0.55,3,16.174725,17,open,1.0,0.55
2.54,3,16.180866,19,open,1.0,2.54
2.58,3,16.186583,15,open,1.0,2.58
2.58,3,16.192284,15,open,1.0,2.58
2.36,3,16.198252,17,open,1.0,2.36
2.58,3,16.203972,15,open,1.0,2.58
1.92,3,16.210278,17,closed,0.0,1.9199999999999997
0.33,3,16.216549,17,open,1.0,0.32999999999999996
2.58,3,16.222259,15,open,1.0,2.58
2.14,3,16.228361,17,open,1.0,2.1399999999999997
-4.25,3,16.234469,15,closed,0.0,-4.25
2.58,3,16.240193,15,open,1.0,2.58
1.92,3,16.24651,17,closed,0.0,1.9199999999999997
1.92,3,16.252932,17,closed,0.0,1.9199999999999997
2.1,3,16.259466,19,closed,0.0,2.0999999999999996
2.58,3,16.265229,15,open,1.0,2.58
1.92,3,16.271547,17,closed,0.0,1.9199999999999997
-4.65,3,16.277603,15,closed,0.0,-4.65
1.92,3,16.283916,19,closed,0.0,1.9199999999999997
1.92,3,16.290211,17,closed,0.0,1.9199999999999997
2.32,3,16.296512,19,open,1.0,2.32
-4.45,3,16.302573,15,closed,0.0,-4.45
-0.51,3,16.309222,19,closed,0.0,-0.5100000000000005
1.92,3,16.315572,17,closed,0.0,1.9199999999999997
-4.05,3,16.321606,15,closed,0.0,-4.050000000000001
2.1,3,16.328076,19,closed,0.0,2.0999999999999996
2.36,3,16.333997,17,open,1.0,2.36
1.92,3,16.340305,17,closed,0.0,1.9199999999999997
2.1,3,16.34685,19,closed,0.0,2.0999999999999996
1.92,3,16.353099,17,open,1.0,1.9199999999999997
2.14,3,16.359155,17,open,1.0,2.1399999999999997
2.58,3,16.364922,15,open,1.0,2.58
2.36,3,16.370805,17,open,1.0,2.36
-4.65,3,16.376865,15,closed,0.0,-4.65
2.1,3,16.383442,19,closed,0.0,2.0999999999999996
-3.85,3,16.389517,15,closed,0.0,-3.85
-2.7,3,16.39604,17,closed,0.0,-2.7
2.14,3,16.402192,17,open,1.0,2.1399999999999997
1.92,3,16.408469,19,closed,0.0,1.9199999999999997
-4.25,3,16.414583,15,closed,0.0,-4.25
-4.45,3,16.420641,15,closed,0.0,-4.45
1.92,3,16.426943,17,closed,0.0,1.9199999999999997
1.92,3,16.433341,17,closed,0.0,1.9199999999999997
2.14,3,16.439384,17,open,1.0,2.1399999999999997
2.14,3,16.445536,17,open,1.0,2.1399999999999997
2.46,3,16.452448,19,open,1.0,2.46
1.92,3,16.458746,17,closed,0.0,1.9199999999999997
-4.25,3,16.464834,15,closed,0.0,-4.25
2.58,3,16.470546,15,open,1.0,2.58
-4.25,3,16.476579,15,closed,0.0,-4.25
-4.05,3,16.482641,15,closed,0.0,-4.050000000000001
-3.85,3,16.488676,15,closed,0.0,-3.85
2.14,3,16.494796,19,open,1.0,2.1399999999999997
2.46,3,16.501796,19,closed,0.0,2.46
-3.85,3,16.507812,15,closed,0.0,-3.85
2.46,3,16.51479,19,closed,0.0,2.46
2.58,3,16.520544,15,open,1.0,2.58
-0.39,3,16.526923,17,closed,0.0,-0.39000000000000035
2.58,3,16.532716,15,open,1.0,2.58
2.5,3,16.539159,19,open,1.0,2.5
2.14,3,16.545274,17,open,1.0,2.1399999999999997
1.92,3,16.551654,17,closed,0.0,1.9199999999999997
2.32,3,16.557886,19,open,1.0,2.32
1.92,3,16.564246,17,closed,0.0,1.9199999999999997
2.1,3,16.570692,19,open,1.0,2.0999999999999996
-4.05,3,16.576713,15,closed,0.0,-4.050000000000001
1.92,3,16.583067,17,open,1.0,1.9199999999999997
2.1,3,16.589556,19,closed,0.0,2.0999999999999996
1.92,3,16.595866,19,open,1.0,1.9199999999999997
2.36,3,16.601827,19,open,1.0,2.36
1.92,3,16.608168,17,closed,0.0,1.9199999999999997
-0.39,3,16.614637,17,closed,0.0,-0.39000000000000035
2.28,3,16.621333,19,open,1.0,2.28
2.36,3,16.627187,17,open,1.0,2.36
2.36,3,16.633099,19,open,1.0,2.36
1.92,3,16.639344,19,open,1.0,1.9199999999999997
0.57,3,16.645137,15,open,1.0,0.5700000000000001
-4.65,3,16.651218,15,closed,0.0,-4.65
-0.33,3,16.657997,19,closed,0.0,-0.3300000000000003
-3.85,3,16.664087,15,closed,0.0,-3.8499999999999996
2.28,3,16.670791,19,closed,0.0,2.28
2.58,3,16.676597,15,open,1.0,2.58
2.32,3,16.682898,19,open,1.0,2.32
0.11,3,16.689256,17,open,1.0,0.10999999999999988
2.28,3,16.695934,19,closed,0.0,2.28
2.58,3,16.701703,15,open,1.0,2.58
1.92,3,16.708044,17,closed,0.0,1.9199999999999997
2.1,3,16.714533,19,open,1.0,2.0999999999999996
2.28,3,16.721232,19,closed,0.0,2.28
-0.51,3,16.72789,19,closed,0.0,-0.5100000000000005
2.58,3,16.733651,15,open,1.0,2.58
2.46,3,16.740484,19,closed,0.0,2.46
2.32,3,16.746736,19,open,1.0,2.32
1.92,3,16.75315,17,closed,0.0,1.9199999999999997
-4.45,3,16.759226,15,closed,0.0,-4.45
-4.25,3,16.765251,15,closed,0.0,-4.25
2.32,3,16.771514,19,open,1.0,2.32
0.33,3,16.777672,17,open,1.0,0.33000000000000007
2.28,3,16.784356,19,closed,0.0,2.28
2.36,3,16.79026,19,open,1.0,2.36
2.5,3,16.796715,19,open,1.0,2.5
2.32,3,16.803002,19,open,1.0,2.32
2.14,3,16.80904,17,open,1.0,2.1399999999999997
-4.65,3,16.815109,15,closed,0.0,-4.65
-4.65,3,16.821166,15,closed,0.0,-4.65
2.28,3,16.827897,19,closed,0.0,2.28
1.92,3,16.834285,17,closed,0.0,1.9199999999999997
2.5,3,16.840719,19,open,1.0,2.5
2.58,3,16.846448,15,open,1.0,2.58
1.92,3,16.852825,19,closed,0.0,1.9199999999999997
-4.65,3,16.85889,15,closed,0.0,-4.65
1.92,3,16.86528,17,closed,0.0,1.9199999999999997
1.92,3,16.871607,17,closed,0.0,1.9199999999999997
-0.39,3,16.878075,17,closed,0.0,-0.39000000000000035
-4.65,3,16.884173,15,closed,0.0,-4.65
2.14,3,16.890294,17,open,1.0,2.1399999999999997
2.1,3,16.896772,19,closed,0.0,2.0999999999999996
2.58,3,16.902523,15,open,1.0,2.58
0.37,3,16.908295,15,open,1.0,0.3699999999999999
1.92,3,16.914645,17,closed,0.0,1.9199999999999997
2.58,3,16.92036,15,open,1.0,2.58
2.58,3,16.926054,15,open,1.0,2.58
2.36,3,16.932006,17,open,1.0,2.36
2.28,3,16.938666,19,open,1.0,2.28
2.46,3,16.945553,19,closed,0.0,2.46
2.14,3,16.951707,17,open,1.0,2.1399999999999997
2.58,3,16.957434,15,open,1.0,2.58
-4.25,3,16.96353,15,closed,0.0,-4.25
1.92,3,16.969856,17,closed,0.0,1.9199999999999997
2.58,3,16.975568,15,open,1.0,2.58
2.28,3,16.9823,19,closed,0.0,2.28
1.92,3,16.988584,17,open,1.0,1.9199999999999997
0.33,3,16.994771,17,open,1.0,0.32999999999999996
1.92,3,17.001058,19,open,1.0,1.9199999999999997
2.36,3,17.006958,17,open,1.0,2.36
2.36,3,17.01289,17,open,1.0,2.36
2.5,3,17.019404,19,open,1.0,2.5
2.14,3,17.025468,17,open,1.0,2.1399999999999997
-4.05,3,17.031523,15,closed,0.0,-4.050000000000001
-2.2,3,17.037995,17,closed,0.0,-2.2
2.5,3,17.044424,19,open,1.0,2.5
2.58,3,17.050125,15,open,1.0,2.58
2.36,3,17.05599,17,open,1.0,2.36
2.14,3,17.062078,19,open,1.0,2.1399999999999997
1.92,3,17.06848,19,closed,0.0,1.9199999999999997
2.36,3,17.074439,19,open,1.0,2.36
2.1,3,17.080993,19,closed,0.0,2.0999999999999996
2.36,3,17.086888,17,open,1.0,2.36
0.57,3,17.092718,15,open,1.0,0.5700000000000001
2.58,3,17.098479,15,open,1.0,2.58
-4.65,3,17.104556,15,closed,0.0,-4.65
1.92,3,17.110883,17,closed,0.0,1.9199999999999997
2.14,3,17.117044,17,open,1.0,2.1399999999999997
2.32,3,17.12327,19,open,1.0,2.32
1.92,3,17.129664,17,closed,0.0,1.9199999999999997
2.36,3,17.135558,17,open,1.0,2.36
2.32,3,17.141827,19,open,1.0,2.32
-4.05,3,17.147948,15,closed,0.0,-4.050000000000001
2.36,3,17.153863,19,open,1.0,2.36
-4.65,3,17.159904,15,closed,0.0,-4.65
1.92,3,17.166261,17,closed,0.0,1.9199999999999997
2.1,3,17.172808,19,closed,0.0,2.0999999999999996
2.32,3,17.179128,19,open,1.0,2.32
2.58,3,17.184813,15,open,1.0,2.58
2.1,3,17.191302,19,closed,0.0,2.0999999999999996
-4.65,3,17.197419,15,closed,0.0,-4.65
2.14,3,17.203525,17,open,1.0,2.1399999999999997
-4.65,3,17.209569,15,closed,0.0,-4.65
2.14,3,17.215706,19,open,1.0,2.1399999999999997
2.14,3,17.221835,17,open,1.0,2.1399999999999997
2.58,3,17.227564,15,open,1.0,2.58
-4.25,3,17.233596,15,closed,0.0,-4.25
2.58,3,17.239342,15,open,1.0,2.58
2.58,3,17.245081,15,open,1.0,2.58
1.92,3,17.251451,17,closed,0.0,1.9199999999999997
2.14,3,17.257517,17,open,1.0,2.1399999999999997
2.58,3,17.263303,15,open,1.0,2.58
2.1,3,17.269784,19,open,1.0,2.0999999999999996
2.54,3,17.27589,19,open,1.0,2.54
2.28,3,17.282606,19,closed,0.0,2.28
0.11,3,17.289011,17,closed,0.0,0.10999999999999988
2.58,3,17.294729,15,open,1.0,2.58
2.58,3,17.3005,15,open,1.0,2.58
0.57,3,17.306247,15,open,1.0,0.5700000000000001
2.58,3,17.31199,15,open,1.0,2.58
-0.39,3,17.318403,17,closed,0.0,-0.39000000000000035
1.92,3,17.324721,17,closed,0.0,1.9199999999999997
1.92,3,17.331044,17,open,1.0,1.9199999999999997
2.28,3,17.337685,19,open,1.0,2.28
-4.25,3,17.343718,15,closed,0.0,-4.25
1.92,3,17.350093,17,closed,0.0,1.9199999999999997
1.92,3,17.356436,17,closed,0.0,1.9199999999999997
2.1,3,17.362946,19,closed,0.0,2.0999999999999996
2.14,3,17.369104,17,open,1.0,2.1399999999999997
2.14,3,17.375185,17,open,1.0,2.1399999999999997
2.1,3,17.381793,19,closed,0.0,2.0999999999999996
2.46,3,17.388711,19,closed,0.0,2.46
2.58,3,17.394434,15,open,1.0,2.58
2.28,3,17.401343,19,closed,0.0,2.28
-4.65,3,17.408058,15,closed,0.0,-4.65
1.92,3,17.414651,17,closed,0.0,1.9199999999999997
1.92,3,17.421106,17,closed,0.0,1.9199999999999997
2.28,3,17.427967,19,closed,0.0,2.28
-4.45,3,17.434041,15,closed,0.0,-4.45
-4.45,3,17.440763,15,closed,0.0,-4.45
2.36,3,17.447061,17,open,1.0,2.36
0.11,3,17.453457,17,closed,0.0,0.10999999999999988
-4.25,3,17.459868,15,closed,0.0,-4.25
2.58,3,17.465715,15,open,1.0,2.58
0.11,3,17.472181,17,closed,0.0,0.10999999999999988
-1.7,3,17.478729,17,open,1.0,-1.7
2.14,3,17.484857,17,open,1.0,2.1399999999999997
2.1,3,17.491585,19,closed,0.0,2.0999999999999996
-4.65,3,17.497678,15,closed,0.0,-4.65
2.1,3,17.504176,19,closed,0.0,2.0999999999999996
1.92,3,17.510491,17,closed,0.0,1.9199999999999997
2.14,3,17.516622,17,open,1.0,2.1399999999999997
-4.65,3,17.522656,15,closed,0.0,-4.65
-1.44,3,17.528571,15,open,1.0,-1.44
-4.25,3,17.534595,15,closed,0.0,-4.25
2.58,3,17.540313,15,open,1.0,2.58
-4.65,3,17.546329,15,closed,0.0,-4.65
1.92,3,17.552669,17,closed,0.0,1.9199999999999997
2.58,3,17.558412,15,open,1.0,2.58
-2.7,3,17.564957,17,closed,0.0,-2.7
2.1,3,17.571394,19,open,1.0,2.0999999999999996
-0.39,3,17.577812,17,closed,0.0,-0.39000000000000035
2.1,3,17.584314,19,closed,0.0,2.0999999999999996
2.58,3,17.589991,15,open,1.0,2.58
-4.65,3,17.596049,15,closed,0.0,-4.65
1.92,3,17.602376,17,closed,0.0,1.9199999999999997
-4.25,3,17.608434,15,closed,0.0,-4.25
2.36,3,17.614348,17,open,1.0,2.36
1.92,3,17.620627,19,closed,0.0,1.9199999999999997
2.32,3,17.626891,19,open,1.0,2.32
2.32,3,17.633158,19,open,1.0,2.32
0.57,3,17.638952,15,open,1.0,0.5700000000000001
2.58,3,17.644693,15,open,1.0,2.58
2.28,3,17.651412,19,closed,0.0,2.28
2.28,3,17.658085,19,closed,0.0,2.28
2.36,3,17.663988,17,open,1.0,2.36
1.92,3,17.670292,17,closed,0.0,1.9199999999999997
2.54,3,17.676368,19,open,1.0,2.54
-4.25,3,17.682404,15,closed,0.0,-4.25
2.58,3,17.688083,15,open,1.0,2.58
-4.25,3,17.694107,15,closed,0.0,-4.25
2.14,3,17.700173,17,open,1.0,2.1399999999999997
-4.65,3,17.706188,15,closed,0.0,-4.65
2.1,3,17.712682,19,open,1.0,2.0999999999999996
1.92,3,17.718949,17,open,1.0,1.9199999999999997
2.58,3,17.724641,15,open,1.0,2.58
2.1,3,17.731141,19,closed,0.0,2.0999999999999996
2.46,3,17.737992,19,closed,0.0,2.46
0.57,3,17.743807,15,open,1.0,0.5700000000000001
1.92,3,17.750094,17,closed,0.0,1.9199999999999997
-0.39,3,17.756491,17,closed,0.0,-0.39000000000000035
-4.05,3,17.762518,15,closed,0.0,-4.050000000000001
2.54,3,17.768605,19,open,1.0,2.54
1.92,3,17.77489,17,closed,0.0,1.9199999999999997
2.14,3,17.781021,17,open,1.0,2.1399999999999997
1.92,3,17.78733,17,closed,0.0,1.9199999999999997
2.46,3,17.794221,19,closed,0.0,2.46
0.57,3,17.800005,15,open,1.0,0.5700000000000001
2.1,3,17.806547,19,closed,0.0,2.0999999999999996
2.14,3,17.812635,17,open,1.0,2.1399999999999997
1.92,3,17.819016,17,closed,0.0,1.9199999999999997
1.92,3,17.82534,17,closed,0.0,1.9199999999999997
2.28,3,17.832071,19,closed,0.0,2.28
2.58,3,17.837845,15,open,1.0,2.58
2.14,3,17.843973,19,open,1.0,2.1399999999999997
2.36,3,17.849878,19,open,1.0,2.36
-4.65,3,17.855943,15,closed,0.0,-4.65
2.58,3,17.861659,15,open,1.0,2.58
-4.45,3,17.867713,15,closed,0.0,-4.45
2.1,3,17.874236,19,closed,0.0,2.0999999999999996
2.36,3,17.880164,17,open,1.0,2.36
2.58,3,17.885917,15,open,1.0,2.58
2.14,3,17.891995,19,open,1.0,2.1399999999999997
1.92,3,17.898279,17,open,1.0,1.9199999999999997
2.32,3,17.904532,19,open,1.0,2.32
2.28,3,17.911239,19,open,1.0,2.28
2.58,3,17.916997,15,open,1.0,2.58
1.92,3,17.923288,19,closed,0.0,1.9199999999999997
2.58,3,17.929021,15,open,1.0,2.58
2.36,3,17.934935,17,open,1.0,2.36
2.14,3,17.941014,17,open,1.0,2.1399999999999997
2.14,3,17.947142,17,open,1.0,2.1399999999999997
0.57,3,17.952927,15,open,1.0,0.5700000000000001
2.58,3,17.958631,15,open,1.0,2.58
2.14,3,17.964754,17,open,1.0,2.1399999999999997
-4.25,3,17.970796,15,closed,0.0,-4.25
2.58,3,17.976531,15,open,1.0,2.58
2.14,3,17.982642,17,open,1.0,2.1399999999999997
2.32,3,17.988955,19,open,1.0,2.32
2.14,3,17.995027,17,open,1.0,2.1399999999999997
1.92,3,18.001341,17,closed,0.0,1.9199999999999997
2.1,3,18.007747,19,open,1.0,2.0999999999999996
0.33,3,18.013976,17,open,1.0,0.32999999999999996
-4.25,3,18.020007,15,closed,0.0,-4.25
2.14,3,18.026121,17,open,1.0,2.1399999999999997
2.1,3,18.032653,19,closed,0.0,2.0999999999999996
1.92,3,18.038908,17,open,1.0,1.9199999999999997
2.28,3,18.045607,19,open,1.0,2.28
-4.25,3,18.051625,15,closed,0.0,-4.25
2.28,3,18.058321,19,open,1.0,2.28
2.28,3,18.065073,19,closed,0.0,2.28
-4.05,3,18.071051,15,closed,0.0,-4.050000000000001
1.92,3,18.077403,17,closed,0.0,1.9199999999999997
1.92,3,18.083679,17,closed,0.0,1.9199999999999997
2.36,3,18.089637,19,open,1.0,2.36
1.92,3,18.095993,17,closed,0.0,1.9199999999999997
-4.05,3,18.102058,15,closed,0.0,-4.050000000000001
-4.25,3,18.108069,15,closed,0.0,-4.25
2.58,3,18.113837,15,open,1.0,2.58
-4.65,3,18.119844,15,closed,0.0,-4.65
2.28,3,18.126576,19,closed,0.0,2.28
-4.65,3,18.132649,15,closed,0.0,-4.65
2.28,3,18.139378,19,closed,0.0,2.28
2.58,3,18.1451,15,open,1.0,2.58
2.58,3,18.150775,17,open,1.0,2.58
1.92,3,18.157051,17,closed,0.0,1.9199999999999997
2.58,3,18.251154,17,open,1.0,2.58
2.14,3,18.257917,17,open,1.0,2.1399999999999997
2.58,3,18.263839,15,open,1.0,2.58
1.92,3,18.270209,17,closed,0.0,1.9199999999999997
2.28,3,18.277012,19,open,1.0,2.28
2.14,3,18.283201,17,open,1.0,2.1399999999999997
2.5,3,18.289703,19,open,1.0,2.5
-4.25,3,18.295895,15,closed,0.0,-4.25
2.36,3,18.301872,17,open,1.0,2.36
2.46,3,18.308858,19,closed,0.0,2.46
2.28,3,18.31564,19,closed,0.0,2.28
2.58,3,18.321403,15,open,1.0,2.58
2.1,3,18.32806,19,closed,0.0,2.0999999999999996
2.54,3,18.334199,19,open,1.0,2.54
-4.25,3,18.340313,15,closed,0.0,-4.25
2.36,3,18.346349,17,open,1.0,2.36
2.14,3,18.352487,17,open,1.0,2.1399999999999997
-4.05,3,18.358623,15,closed,0.0,-4.05
2.36,3,18.364672,17,open,1.0,2.36
2.1,3,18.371174,19,closed,0.0,2.0999999999999996
-4.25,3,18.377348,15,closed,0.0,-4.25
2.5,3,18.383956,19,open,1.0,2.5
2.1,3,18.390527,19,open,1.0,2.0999999999999996
2.1,3,18.397186,19,closed,0.0,2.0999999999999996
2.5,3,18.403697,19,open,1.0,2.5
2.28,3,18.410562,19,closed,0.0,2.28
-4.25,3,18.416708,15,closed,0.0,-4.25
2.14,3,18.422855,17,open,1.0,2.1399999999999997
2.28,3,18.429813,19,closed,0.0,2.28
2.32,3,18.436142,19,open,1.0,2.32
1.92,3,18.442457,17,open,1.0,1.9199999999999997
2.46,3,18.449315,19,open,1.0,2.46
0.57,3,18.455127,15,open,1.0,0.5700000000000001
-4.45,3,18.461257,15,closed,0.0,-4.45
2.36,3,18.467199,17,open,1.0,2.36
-3.85,3,18.473197,15,closed,0.0,-3.85
2.36,3,18.479125,17,open,1.0,2.36
2.32,3,18.485435,19,open,1.0,2.32
2.14,3,18.491536,17,open,1.0,2.1399999999999997
2.28,3,18.498304,19,closed,0.0,2.28
2.58,3,18.504018,15,open,1.0,2.58
1.92,3,18.510372,17,closed,0.0,1.9199999999999997
2.28,3,18.517059,19,closed,0.0,2.28
1.92,3,18.523377,17,open,1.0,1.9199999999999997
-4.65,3,18.529514,15,closed,0.0,-4.65
1.92,3,18.53587,17,closed,0.0,1.9199999999999997
-4.45,3,18.541945,15,closed,0.0,-4.45
2.28,3,18.548624,19,open,1.0,2.28
2.58,3,18.554405,15,open,1.0,2.58
2.58,3,18.560173,15,open,1.0,2.58
2.58,3,18.565872,15,open,1.0,2.58
1.92,3,18.572161,19,open,1.0,1.9199999999999997
0.57,3,18.577973,15,open,1.0,0.5700000000000001
2.32,3,18.584296,19,open,1.0,2.32
-3.85,3,18.590329,15,closed,0.0,-3.85
2.58,3,18.596088,15,open,1.0,2.58
2.1,3,18.602604,19,closed,0.0,2.0999999999999996
-4.65,3,18.608703,15,closed,0.0,-4.65
-4.05,3,18.614793,15,closed,0.0,-4.050000000000001
2.28,3,18.621496,19,closed,0.0,2.28
1.92,3,18.627857,17,closed,0.0,1.9199999999999997
2.1,3,18.634402,19,closed,0.0,2.0999999999999996
2.14,3,18.640536,17,open,1.0,2.1399999999999997
2.58,3,18.646245,15,open,1.0,2.58
2.36,3,18.652155,19,open,1.0,2.36
2.58,3,18.657898,15,open,1.0,2.58
-4.65,3,18.664029,15,closed,0.0,-4.65
1.92,3,18.670354,17,closed,0.0,1.9199999999999997
1.92,3,18.676668,17,closed,0.0,1.9199999999999997
2.58,3,18.682443,15,open,1.0,2.58
0.57,3,18.688268,15,open,1.0,0.5700000000000001
2.36,3,18.69416,17,open,1.0,2.36
2.14,3,18.700324,17,open,1.0,2.1399999999999997
2.28,3,18.706989,19,open,1.0,2.28
1.92,3,18.713348,17,closed,0.0,1.9199999999999997
2.58,3,18.719095,15,open,1.0,2.58
2.14,3,18.725187,17,open,1.0,2.1399999999999997
-4.65,3,18.731244,15,closed,0.0,-4.65
-4.65,3,18.737312,15,closed,0.0,-4.65
0.37,3,18.743192,15,open,1.0,0.3699999999999999
2.1,3,18.749701,19,closed,0.0,2.0999999999999996
-4.25,3,18.755754,15,closed,0.0,-4.25
1.92,3,18.762076,17,closed,0.0,1.9199999999999997
-0.39,3,18.768532,17,closed,0.0,-0.39000000000000035
2.46,3,18.775431,19,closed,0.0,2.46
2.58,3,18.78118,15,open,1.0,2.58
2.36,3,18.787035,17,open,1.0,2.36
-4.65,3,18.793116,15,closed,0.0,-4.65
0.57,3,18.79898,15,open,1.0,0.5700000000000001
2.46,3,18.805865,19,closed,0.0,2.46
-4.05,3,18.811979,15,closed,0.0,-4.050000000000001
2.32,3,18.818285,19,open,1.0,2.32
2.58,3,18.823994,15,open,1.0,2.58
2.58,3,18.829762,15,open,1.0,2.58
1.92,3,18.836128,17,closed,0.0,1.9199999999999997
-4.05,3,18.842177,15,closed,0.0,-4.050000000000001
2.28,3,18.848901,19,closed,0.0,2.28
1.92,3,18.855218,17,closed,0.0,1.9199999999999997
2.46,3,18.862149,19,closed,0.0,2.46
0.33,3,18.868301,17,open,1.0,0.32999999999999996
-3.85,3,18.87434,15,closed,0.0,-3.8499999999999996
-4.05,3,18.880371,15,closed,0.0,-4.050000000000001
2.28,3,18.887064,19,open,1.0,2.28
0.57,3,18.892896,15,open,1.0,0.5700000000000001
2.14,3,18.899047,17,open,1.0,2.1399999999999997
2.58,3,18.904766,15,open,1.0,2.58
2.1,3,18.911277,19,closed,0.0,2.0999999999999996
-4.65,3,18.91736,15,closed,0.0,-4.65
1.92,3,18.923697,17,closed,0.0,1.9199999999999997
2.58,3,18.929457,15,open,1.0,2.58
-4.05,3,18.935472,15,closed,0.0,-4.050000000000001
2.28,3,18.942144,19,open,1.0,2.28
1.92,3,18.948458,17,open,1.0,1.9199999999999997
0.55,3,18.954472,17,open,1.0,0.55
1.92,3,18.960784,17,closed,0.0,1.9199999999999997
2.46,3,18.967654,19,open,1.0,2.46
2.28,3,18.97438,19,closed,0.0,2.28
-0.15,3,18.981424,19,closed,0.0,-0.15000000000000036
-4.45,3,18.987495,15,closed,0.0,-4.45
2.46,3,18.99442,19,closed,0.0,2.46
1.92,3,19.000885,17,closed,0.0,1.9199999999999997
1.92,3,19.007346,17,closed,0.0,1.9199999999999997
2.58,3,19.013068,15,open,1.0,2.58
2.58,3,19.018792,17,open,1.0,2.58
-4.25,3,19.024805,15,closed,0.0,-4.25
2.58,3,19.030595,17,open,1.0,2.58
1.92,3,19.036919,17,closed,0.0,1.9199999999999997
-4.25,3,19.043032,15,closed,0.0,-4.25
-3.85,3,19.049066,15,closed,0.0,-3.85
0.37,3,19.054869,15,open,1.0,0.3699999999999999
-4.65,3,19.06093,15,closed,0.0,-4.65
-4.25,3,19.067038,15,closed,0.0,-4.25
2.36,3,19.072958,17,open,1.0,2.36
2.46,3,19.079848,19,closed,0.0,2.46
2.1,3,19.086415,19,closed,0.0,2.0999999999999996
-4.25,3,19.092499,15,closed,0.0,-4.25
1.92,3,19.09888,17,closed,0.0,1.9199999999999997
-4.25,3,19.104929,15,closed,0.0,-4.25
2.58,3,19.110693,15,open,1.0,2.58
2.32,3,19.117014,19,open,1.0,2.32
2.36,3,19.122946,17,open,1.0,2.36
1.92,3,19.129262,17,closed,0.0,1.9199999999999997
-3.85,3,19.135318,15,closed,0.0,-3.85
2.46,3,19.142206,19,open,1.0,2.46
2.32,3,19.148469,19,open,1.0,2.32
2.28,3,19.155104,19,open,1.0,2.28
-4.45,3,19.161155,15,closed,0.0,-4.45
2.14,3,19.167252,17,open,1.0,2.1399999999999997
1.92,3,19.173557,17,closed,0.0,1.9199999999999997
-4.65,3,19.179616,15,closed,0.0,-4.65
2.58,3,19.185397,15,open,1.0,2.58
2.32,3,19.191653,19,open,1.0,2.32
2.1,3,19.198219,19,closed,0.0,2.0999999999999996
2.1,3,19.204684,19,open,1.0,2.0999999999999996
2.32,3,19.211024,19,open,1.0,2.32
-4.05,3,19.217097,15,closed,0.0,-4.050000000000001
-4.05,3,19.223134,15,closed,0.0,-4.050000000000001
2.14,3,19.229259,17,open,1.0,2.1399999999999997
-4.25,3,19.235344,15,closed,0.0,-4.25
2.36,3,19.241237,17,open,1.0,2.36
2.58,3,19.247009,15,open,1.0,2.58
-4.25,3,19.253057,15,closed,0.0,-4.25
2.14,3,19.259176,17,open,1.0,2.1399999999999997
1.92,3,19.2655,17,closed,0.0,1.9199999999999997
-4.25,3,19.271532,15,closed,0.0,-4.25
2.28,3,19.278256,19,open,1.0,2.28
2.28,3,19.284971,19,closed,0.0,2.28
2.32,3,19.291276,19,open,1.0,2.32
-4.65,3,19.297351,15,closed,0.0,-4.65
0.11,3,19.303767,17,closed,0.0,0.10999999999999988
2.54,3,19.309879,19,open,1.0,2.54
1.92,3,19.316234,17,closed,0.0,1.9199999999999997
2.46,3,19.323141,19,closed,0.0,2.46
2.54,3,19.329205,19,open,1.0,2.54
2.36,3,19.335141,17,open,1.0,2.36
-4.25,3,19.341167,15,closed,0.0,-4.25
-3.85,3,19.347232,15,closed,0.0,-3.85
2.54,3,19.353361,19,open,1.0,2.54
2.46,3,19.360253,19,closed,0.0,2.46
-4.25,3,19.36637,15,closed,0.0,-4.25
0.33,3,19.372567,17,open,1.0,0.32999999999999996
1.92,3,19.378962,17,closed,0.0,1.9199999999999997
0.11,3,19.385477,17,closed,0.0,0.10999999999999988
-4.45,3,19.391583,15,closed,0.0,-4.45
2.58,3,19.397384,15,open,1.0,2.58
2.32,3,19.403625,19,open,1.0,2.32
2.32,3,19.409947,19,open,1.0,2.32
-4.25,3,19.416048,15,closed,0.0,-4.25
2.5,3,19.422583,19,open,1.0,2.5
2.46,3,19.429493,19,closed,0.0,2.46
0.11,3,19.435962,17,closed,0.0,0.10999999999999988
1.92,3,19.442289,17,open,1.0,1.9199999999999997
2.14,3,19.448477,19,open,1.0,2.1399999999999997
-4.25,3,19.454517,15,closed,0.0,-4.25
2.1,3,19.461035,19,closed,0.0,2.0999999999999996
2.14,3,19.467204,17,open,1.0,2.1399999999999997
1.92,3,19.473551,17,closed,0.0,1.9199999999999997
2.32,3,19.479863,19,open,1.0,2.32
2.28,3,19.486555,19,closed,0.0,2.28
1.92,3,19.492851,19,open,1.0,1.9199999999999997
2.28,3,19.49961,19,closed,0.0,2.28
-0.51,3,19.506339,19,closed,0.0,-0.5100000000000005
2.14,3,19.512511,17,open,1.0,2.1399999999999997
-0.15,3,19.519505,19,closed,0.0,-0.15000000000000036
1.92,3,19.52581,17,open,1.0,1.9199999999999997
2.14,3,19.531932,17,open,1.0,2.1399999999999997
2.5,3,19.538398,19,open,1.0,2.5
1.92,3,19.544786,17,closed,0.0,1.9199999999999997
2.58,3,19.550524,15,open,1.0,2.58
-3.85,3,19.556534,15,closed,0.0,-3.85
2.14,3,19.562587,19,open,1.0,2.1399999999999997
-4.25,3,19.568667,15,closed,0.0,-4.25
2.32,3,19.574913,19,open,1.0,2.32
-3.85,3,19.580968,15,closed,0.0,-3.85
1.92,3,19.587333,17,closed,0.0,1.9199999999999997
2.28,3,19.594062,19,closed,0.0,2.28
2.58,3,19.599827,15,open,1.0,2.58
0.37,3,19.605647,15,open,1.0,0.3699999999999999
2.58,3,19.611346,15,open,1.0,2.58
2.36,3,19.617258,17,open,1.0,2.36
2.58,3,19.623013,15,open,1.0,2.58
0.11,3,19.629392,17,closed,0.0,0.10999999999999988
2.58,3,19.635164,15,open,1.0,2.58
2.14,3,19.641312,17,open,1.0,2.1399999999999997
2.46,3,19.648219,19,closed,0.0,2.46
2.28,3,19.654971,19,closed,0.0,2.28
0.57,3,19.66077,15,open,1.0,0.5700000000000001
-4.05,3,19.666868,15,closed,0.0,-4.050000000000001
2.58,3,19.672532,15,open,1.0,2.58
-4.65,3,19.678617,15,closed,0.0,-4.65
-4.05,3,19.684726,15,closed,0.0,-4.050000000000001
-0.39,3,19.691192,17,closed,0.0,-0.39000000000000035
-0.33,3,19.698079,19,closed,0.0,-0.3300000000000004
2.32,3,19.704401,19,open,1.0,2.32
-3.85,3,19.710471,15,closed,0.0,-3.8499999999999996
-0.39,3,19.716929,17,closed,0.0,-0.39000000000000035
0.57,3,19.722749,15,open,1.0,0.5700000000000001
1.92,3,19.729056,17,closed,0.0,1.9199999999999997
0.57,3,19.734914,15,open,1.0,0.5700000000000001
2.28,3,19.741673,19,closed,0.0,2.28
2.14,3,19.747842,17,open,1.0,2.1399999999999997
2.28,3,19.754527,19,open,1.0,2.28
-4.25,3,19.76058,15,closed,0.0,-4.25
1.92,3,19.76693,17,closed,0.0,1.9199999999999997
-3.85,3,19.772972,15,closed,0.0,-3.85
2.32,3,19.779282,19,open,1.0,2.32
1.92,3,19.785569,17,closed,0.0,1.9199999999999997
2.5,3,19.792094,19,open,1.0,2.5
2.28,3,19.798743,19,open,1.0,2.28
2.58,3,19.804507,17,open,1.0,2.58
2.58,3,19.810224,19,open,1.0,2.58
2.14,3,19.816334,17,open,1.0,2.1399999999999997
2.46,3,19.823153,19,open,1.0,2.46
2.28,3,19.829829,19,open,1.0,2.28
2.36,3,19.835787,17,open,1.0,2.36
1.92,3,19.842117,19,closed,0.0,1.9199999999999997
2.14,3,19.848208,17,open,1.0,2.1399999999999997
2.58,3,19.853958,15,open,1.0,2.58
2.46,3,19.860872,19,closed,0.0,2.46
-4.25,3,19.866971,15,closed,0.0,-4.25
2.1,3,19.873473,19,open,1.0,2.0999999999999996
2.14,3,19.879552,17,open,1.0,2.1399999999999997
2.28,3,19.886224,19,closed,0.0,2.28
2.1,3,19.892694,19,open,1.0,2.0999999999999996
2.28,3,19.899338,19,closed,0.0,2.28
2.5,3,19.905801,19,open,1.0,2.5
-4.05,3,19.91183,15,closed,0.0,-4.050000000000001
2.58,3,19.917536,15,open,1.0,2.58
0.37,3,19.923285,15,open,1.0,0.3699999999999999
2.58,3,19.929123,15,open,1.0,2.58
2.32,3,19.935445,19,open,1.0,2.32
0.11,3,19.94191,17,closed,0.0,0.10999999999999988
2.54,3,19.948072,19,open,1.0,2.54
2.14,3,19.954132,19,open,1.0,2.1399999999999997
2.58,3,19.959858,15,open,1.0,2.58
-4.25,3,19.965906,15,closed,0.0,-4.25
0.11,3,19.972368,17,closed,0.0,0.10999999999999988
2.58,3,19.978132,15,open,1.0,2.58
2.28,3,19.984827,19,open,1.0,2.28
-4.65,3,19.990934,15,closed,0.0,-4.65
2.58,3,19.996758,15,open,1.0,2.58
2.58,3,20.002498,15,open,1.0,2.58
1.92,3,20.008819,17,closed,0.0,1.9199999999999997
-4.25,3,20.014907,15,closed,0.0,-4.25
2.54,3,20.020997,19,open,1.0,2.54
2.58,3,20.026734,15,open,1.0,2.58
1.92,3,20.033069,17,closed,0.0,1.9199999999999997
-4.05,3,20.039116,15,closed,0.0,-4.050000000000001
2.14,3,20.045271,17,open,1.0,2.1399999999999997
2.1,3,20.051836,19,closed,0.0,2.0999999999999996
1.92,3,20.058138,17,closed,0.0,1.9199999999999997
-0.51,3,20.064875,19,closed,0.0,-0.5100000000000005
2.58,3,20.070623,15,open,1.0,2.58
2.14,3,20.076707,17,open,1.0,2.1399999999999997
2.36,3,20.08268,19,open,1.0,2.36
-3.45,3,20.088705,15,closed,0.0,-3.4499999999999997
2.58,3,20.094441,15,open,1.0,2.58
2.58,3,20.100203,15,open,1.0,2.58
2.14,3,20.106297,17,open,1.0,2.1399999999999997
-4.25,3,20.112338,15,closed,0.0,-4.25
-4.25,3,20.11837,15,closed,0.0,-4.25
2.5,3,20.124872,19,open,1.0,2.5
2.28,3,20.131564,19,closed,0.0,2.28
2.36,3,20.137472,17,open,1.0,2.36
2.5,3,20.143895,19,open,1.0,2.5
1.92,3,20.150257,17,closed,0.0,1.9199999999999997
1.92,3,20.156554,17,closed,0.0,1.9199999999999997
1.92,3,20.162925,17,closed,0.0,1.9199999999999997
2.58,3,20.168676,15,open,1.0,2.58
2.58,3,20.174417,15,open,1.0,2.58
2.14,3,20.180542,17,open,1.0,2.1399999999999997
2.58,3,20.18627,15,open,1.0,2.58
2.36,3,20.192174,17,open,1.0,2.36
2.28,3,20.198897,19,closed,0.0,2.28
1.92,3,20.205231,17,open,1.0,1.9199999999999997
1.92,3,20.211596,17,closed,0.0,1.9199999999999997
1.92,3,20.218009,17,closed,0.0,1.9199999999999997
-4.25,3,20.22405,15,closed,0.0,-4.25
-4.25,3,20.230098,15,closed,0.0,-4.25
-4.65,3,20.236165,15,closed,0.0,-4.65
1.92,3,20.242472,17,closed,0.0,1.9199999999999997
2.46,3,20.249362,19,open,1.0,2.46
2.58,3,20.255062,15,open,1.0,2.58
2.1,3,20.261563,19,closed,0.0,2.0999999999999996
2.36,3,20.267534,17,open,1.0,2.36
1.92,3,20.273837,17,closed,0.0,1.9199999999999997
0.33,3,20.280052,17,open,1.0,0.32999999999999996
1.92,3,20.286382,17,closed,0.0,1.9199999999999997
2.1,3,20.292892,19,closed,0.0,2.0999999999999996
-4.45,3,20.29901,15,closed,0.0,-4.45
2.46,3,20.305901,19,closed,0.0,2.46
2.36,3,20.311828,17,open,1.0,2.36
2.58,3,20.317574,15,open,1.0,2.58
-4.65,3,20.323598,15,closed,0.0,-4.65
2.32,3,20.329951,19,open,1.0,2.32
2.58,3,20.33568,15,open,1.0,2.58
2.36,3,20.341576,17,open,1.0,2.36
1.92,3,20.347929,17,closed,0.0,1.9199999999999997
2.14,3,20.354068,17,open,1.0,2.1399999999999997
2.14,3,20.360171,17,open,1.0,2.1399999999999997
-4.05,3,20.366308,15,closed,0.0,-4.050000000000001
2.54,3,20.372399,19,open,1.0,2.54
-4.45,3,20.469694,15,closed,0.0,-4.45
2.5,3,20.476227,19,open,1.0,2.5
2.28,3,20.48291,19,open,1.0,2.28
-4.05,3,20.488969,15,closed,0.0,-4.050000000000001
2.28,3,20.495692,19,closed,0.0,2.28
2.1,3,20.502202,19,closed,0.0,2.0999999999999996
2.58,3,20.507905,15,open,1.0,2.58
2.5,3,20.514465,19,open,1.0,2.5
1.92,3,20.520773,17,closed,0.0,1.9199999999999997
2.58,3,20.526536,15,open,1.0,2.58
1.92,3,20.532877,17,closed,0.0,1.9199999999999997
2.14,3,20.538985,17,open,1.0,2.1399999999999997
0.11,3,20.545483,17,closed,0.0,0.10999999999999988
2.14,3,20.551703,17,open,1.0,2.1399999999999997
2.36,3,20.557618,17,open,1.0,2.36
2.58,3,20.56338,15,open,1.0,2.58
2.36,3,20.569313,17,open,1.0,2.36
2.14,3,20.57537,17,open,1.0,2.1399999999999997
2.58,3,20.581148,15,open,1.0,2.58
2.58,3,20.586891,15,open,1.0,2.58
-4.25,3,20.592895,15,closed,0.0,-4.25
-4.65,3,20.598981,15,closed,0.0,-4.65
2.14,3,20.605138,17,open,1.0,2.1399999999999997
2.28,3,20.611885,19,closed,0.0,2.28
1.92,3,20.618244,17,open,1.0,1.9199999999999997
2.58,3,20.623961,15,open,1.0,2.58
0.57,3,20.629791,15,open,1.0,0.5700000000000001
-3.85,3,20.635828,15,closed,0.0,-3.85
2.36,3,20.641756,19,open,1.0,2.36
2.58,3,20.647509,15,open,1.0,2.58
2.1,3,20.654057,19,closed,0.0,2.0999999999999996
2.58,3,20.65984,15,open,1.0,2.58
2.58,3,20.665604,15,open,1.0,2.58
1.92,3,20.671888,17,closed,0.0,1.9199999999999997
2.1,3,20.678456,19,closed,0.0,2.0999999999999996
2.1,3,20.68499,19,closed,0.0,2.0999999999999996
2.58,3,20.690755,15,open,1.0,2.58
1.92,3,20.697095,17,closed,0.0,1.9199999999999997
-0.39,3,20.703519,17,closed,0.0,-0.39000000000000035
2.36,3,20.709465,19,open,1.0,2.36
2.58,3,20.715204,15,open,1.0,2.58
2.54,3,20.721241,19,open,1.0,2.54
1.92,3,20.7276,17,closed,0.0,1.9199999999999997
1.92,3,20.733988,17,closed,0.0,1.9199999999999997
2.28,3,20.740724,19,closed,0.0,2.28
2.54,3,20.746864,19,open,1.0,2.54
1.92,3,20.753219,17,closed,0.0,1.9199999999999997
1.92,3,20.759539,17,closed,0.0,1.9199999999999997
2.58,3,20.76524,15,open,1.0,2.58
2.36,3,20.771181,17,open,1.0,2.36
2.14,3,20.77729,17,open,1.0,2.1399999999999997
2.28,3,20.783984,19,closed,0.0,2.28
0.11,3,20.790415,17,closed,0.0,0.10999999999999988
2.46,3,20.797328,19,open,1.0,2.46
-3.85,3,20.803364,15,closed,0.0,-3.85
2.58,3,20.809146,15,open,1.0,2.58
2.14,3,20.815261,17,open,1.0,2.1399999999999997
2.14,3,20.821366,19,open,1.0,2.1399999999999997
1.92,3,20.827704,17,closed,0.0,1.9199999999999997
2.36,3,20.833613,19,open,1.0,2.36
2.28,3,20.840364,19,closed,0.0,2.28
2.46,3,20.847344,19,closed,0.0,2.46
-3.85,3,20.853347,15,closed,0.0,-3.85
-4.05,3,20.859401,15,closed,0.0,-4.050000000000001
2.58,3,20.865205,15,open,1.0,2.58
2.58,3,20.870887,15,open,1.0,2.58
2.58,3,20.876645,15,open,1.0,2.58
2.5,3,20.88318,19,open,1.0,2.5
2.54,3,20.889301,19,open,1.0,2.54
0.11,3,20.895704,17,closed,0.0,0.10999999999999988
2.58,3,20.901448,15,open,1.0,2.58
-0.39,3,20.907867,17,closed,0.0,-0.39000000000000035
2.28,3,20.914567,19,open,1.0,2.28
2.1,3,20.921034,19,closed,0.0,2.0999999999999996
1.92,3,20.927308,17,closed,0.0,1.9199999999999997
1.92,3,20.933645,19,closed,0.0,1.9199999999999997
2.58,3,20.939407,15,open,1.0,2.58
2.46,3,20.946309,19,open,1.0,2.46
0.33,3,20.952577,17,open,1.0,0.33000000000000007
1.92,3,20.95892,17,closed,0.0,1.9199999999999997
2.46,3,20.96589,19,closed,0.0,2.46
2.36,3,20.97181,19,open,1.0,2.36
2.32,3,20.97806,19,open,1.0,2.32
2.14,3,20.98419,17,open,1.0,2.1399999999999997
2.5,3,20.990628,19,open,1.0,2.5
-4.65,3,20.996734,15,closed,0.0,-4.65
2.58,3,21.002478,15,open,1.0,2.58
-4.05,3,21.008536,15,closed,0.0,-4.050000000000001
1.92,3,21.014886,17,closed,0.0,1.9199999999999997
2.14,3,21.020966,17,open,1.0,2.1399999999999997
1.92,3,21.027304,17,closed,0.0,1.9199999999999997
2.58,3,21.033088,15,open,1.0,2.58
2.1,3,21.039621,19,closed,0.0,2.0999999999999996
-4.45,3,21.045707,15,closed,0.0,-4.45
2.1,3,21.052199,19,closed,0.0,2.0999999999999996
2.54,3,21.058313,19,open,1.0,2.54
2.14,3,21.064443,17,open,1.0,2.1399999999999997
2.28,3,21.071158,19,closed,0.0,2.28
1.92,3,21.077492,17,closed,0.0,1.9199999999999997
2.28,3,21.084208,19,closed,0.0,2.28
0.37,3,21.09005,15,open,1.0,0.3699999999999999
2.5,3,21.096545,19,open,1.0,2.5
2.14,3,21.102657,17,open,1.0,2.1399999999999997
2.46,3,21.109571,19,open,1.0,2.46
2.14,3,21.115727,17,open,1.0,2.1399999999999997
2.36,3,21.121607,17,open,1.0,2.36
2.36,3,21.127558,17,open,1.0,2.36
1.92,3,21.133894,17,closed,0.0,1.9199999999999997
2.46,3,21.140736,19,closed,0.0,2.46
1.92,3,21.147127,17,closed,0.0,1.9199999999999997
-3.85,3,21.153123,15,closed,0.0,-3.85
1.92,3,21.159464,17,closed,0.0,1.9199999999999997
2.5,3,21.165967,19,open,1.0,2.5
1.92,3,21.172326,17,closed,0.0,1.9199999999999997
2.58,3,21.178071,15,open,1.0,2.58
-4.25,3,21.184131,15,closed,0.0,-4.25
2.36,3,21.190026,17,open,1.0,2.36
-4.25,3,21.196093,15,closed,0.0,-4.25
2.58,3,21.201838,15,open,1.0,2.58
2.28,3,21.208534,19,closed,0.0,2.28
1.92,3,21.21489,17,open,1.0,1.9199999999999997
2.58,3,21.220619,15,open,1.0,2.58
-4.65,3,21.226722,15,closed,0.0,-4.65
1.92,3,21.233125,17,closed,0.0,1.9199999999999997
2.14,3,21.23926,17,open,1.0,2.1399999999999997
2.36,3,21.245196,17,open,1.0,2.36
-4.25,3,21.251275,15,closed,0.0,-4.25
2.14,3,21.257336,17,open,1.0,2.1399999999999997
-4.25,3,21.263441,15,closed,0.0,-4.25
0.11,3,21.269848,17,closed,0.0,0.10999999999999988
1.92,3,21.276185,17,closed,0.0,1.9199999999999997
-4.05,3,21.282277,15,closed,0.0,-4.050000000000001
2.58,3,21.288034,15,open,1.0,2.58
-4.25,3,21.294084,15,closed,0.0,-4.25
0.33,3,21.300271,17,open,1.0,0.33000000000000007
2.1,3,21.30685,19,closed,0.0,2.0999999999999996
-4.25,3,21.312982,15,closed,0.0,-4.25
2.58,3,21.318712,15,open,1.0,2.58
2.58,3,21.324426,15,open,1.0,2.58
2.1,3,21.330974,19,closed,0.0,2.0999999999999996
1.92,3,21.337254,17,open,1.0,1.9199999999999997
2.14,3,21.343369,17,open,1.0,2.1399999999999997
-4.25,3,21.349462,15,closed,0.0,-4.25
2.58,3,21.355153,15,open,1.0,2.58
-3.85,3,21.361217,15,closed,0.0,-3.85
-4.25,3,21.367235,15,closed,0.0,-4.25
2.58,3,21.37299,15,open,1.0,2.58
2.46,3,21.379893,19,open,1.0,2.46
2.5,3,21.386457,19,open,1.0,2.5
-4.25,3,21.392517,15,closed,0.0,-4.25
-0.39,3,21.399004,17,closed,0.0,-0.39000000000000035
2.46,3,21.405902,19,closed,0.0,2.46
1.92,3,21.412253,19,closed,0.0,1.9199999999999997
2.54,3,21.418375,19,open,1.0,2.54
-4.45,3,21.424477,15,closed,0.0,-4.45
2.36,3,21.430414,17,open,1.0,2.36
2.14,3,21.43654,17,open,1.0,2.1399999999999997
1.92,3,21.442832,17,closed,0.0,1.9199999999999997
2.14,3,21.449003,19,open,1.0,2.1399999999999997
-4.25,3,21.455067,15,closed,0.0,-4.25
-4.25,3,21.461156,15,closed,0.0,-4.25
2.36,3,21.467061,17,open,1.0,2.36
-4.25,3,21.473099,15,closed,0.0,-4.25
2.32,3,21.479458,19,open,1.0,2.32
2.14,3,21.48555,17,open,1.0,2.1399999999999997
-4.45,3,21.491633,15,closed,0.0,-4.45
2.46,3,21.498518,19,open,1.0,2.46
2.1,3,21.505085,19,closed,0.0,2.0999999999999996
-0.15,3,21.512126,19,closed,0.0,-0.15000000000000036
-3.65,3,21.518188,15,closed,0.0,-3.65
2.36,3,21.524124,19,open,1.0,2.36
2.14,3,21.530255,17,open,1.0,2.1399999999999997
2.46,3,21.537175,19,closed,0.0,2.46
2.58,3,21.542934,15,open,1.0,2.58
1.92,3,21.549288,17,closed,0.0,1.9199999999999997
2.32,3,21.555586,19,open,1.0,2.32
1.92,3,21.561921,17,closed,0.0,1.9199999999999997
-4.65,3,21.567995,15,closed,0.0,-4.65
2.58,3,21.5737,15,open,1.0,2.58
2.32,3,21.579997,19,open,1.0,2.32
-4.05,3,21.586091,15,closed,0.0,-4.050000000000001
2.5,3,21.592558,19,open,1.0,2.5
-4.65,3,21.598586,15,closed,0.0,-4.65
2.58,3,21.604361,15,open,1.0,2.58
2.54,3,21.61044,19,open,1.0,2.54
0.11,3,21.616865,17,closed,0.0,0.10999999999999988
1.92,3,21.6232,17,closed,0.0,1.9199999999999997
-4.65,3,21.629316,15,closed,0.0,-4.65
2.58,3,21.635049,15,open,1.0,2.58
-3.85,3,21.641028,15,closed,0.0,-3.85
2.36,3,21.646991,17,open,1.0,2.36
2.58,3,21.652715,15,open,1.0,2.58
1.92,3,21.659054,17,closed,0.0,1.9199999999999997
1.92,3,21.665414,17,closed,0.0,1.9199999999999997
2.58,3,21.671113,15,open,1.0,2.58
2.58,3,21.676821,15,open,1.0,2.58
2.58,3,21.682601,15,open,1.0,2.58
-4.25,3,21.688652,15,closed,0.0,-4.25
0.33,3,21.694833,17,open,1.0,0.32999999999999996
2.28,3,21.701559,19,closed,0.0,2.28
2.1,3,21.708079,19,closed,0.0,2.0999999999999996
2.1,3,21.714565,19,closed,0.0,2.0999999999999996
2.14,3,21.72067,17,open,1.0,2.1399999999999997
1.92,3,21.72698,17,closed,0.0,1.9199999999999997
2.36,3,21.732933,17,open,1.0,2.36
2.58,3,21.738711,15,open,1.0,2.58
1.92,3,21.745032,19,closed,0.0,1.9199999999999997
2.1,3,21.751595,19,closed,0.0,2.0999999999999996
2.58,3,21.757295,15,open,1.0,2.58
2.28,3,21.764057,19,closed,0.0,2.28
2.14,3,21.77014,17,open,1.0,2.1399999999999997
2.58,3,21.77589,15,open,1.0,2.58
2.46,3,21.782797,19,closed,0.0,2.46
2.1,3,21.789331,19,closed,0.0,2.0999999999999996
2.1,3,21.795846,19,closed,0.0,2.0999999999999996
2.46,3,21.802791,19,closed,0.0,2.46
1.92,3,21.809126,17,closed,0.0,1.9199999999999997
0.37,3,21.815024,15,open,1.0,0.3699999999999999
2.46,3,21.821913,19,open,1.0,2.46
2.58,3,21.827703,15,open,1.0,2.58
2.58,3,21.833429,15,open,1.0,2.58
-4.05,3,21.839471,15,closed,0.0,-4.05
1.92,3,21.845782,17,closed,0.0,1.9199999999999997
2.46,3,21.852685,19,closed,0.0,2.46
2.58,3,21.858454,15,open,1.0,2.58
2.36,3,21.864391,17,open,1.0,2.36
2.58,3,21.870133,15,open,1.0,2.58
1.92,3,21.87648,17,closed,0.0,1.9199999999999997
-4.45,3,21.882537,15,closed,0.0,-4.45
2.28,3,21.889322,19,closed,0.0,2.28
2.58,3,21.895072,15,open,1.0,2.58
2.58,3,21.900822,15,open,1.0,2.58
2.58,3,21.906565,15,open,1.0,2.58
1.92,3,21.91292,17,closed,0.0,1.9199999999999997
2.46,3,21.919881,19,closed,0.0,2.46
2.58,3,21.925638,15,open,1.0,2.58
1.92,3,21.931972,19,closed,0.0,1.9199999999999997
2.14,3,21.93811,17,open,1.0,2.1399999999999997
-4.65,3,21.944166,15,closed,0.0,-4.65
2.46,3,21.951182,19,closed,0.0,2.46
2.14,3,21.957304,17,open,1.0,2.1399999999999997
-4.45,3,21.963459,15,closed,0.0,-4.45
-0.39,3,21.969872,17,closed,0.0,-0.39000000000000035
1.92,3,21.976249,17,closed,0.0,1.9199999999999997
-3.65,3,21.982283,15,closed,0.0,-3.65
1.92,3,21.988615,17,closed,0.0,1.9199999999999997
-4.25,3,21.994672,15,closed,0.0,-4.25
2.58,3,22.000419,15,open,1.0,2.58
2.32,3,22.006733,19,open,1.0,2.32
2.36,3,22.01266,17,open,1.0,2.36
2.58,3,22.018432,15,open,1.0,2.58
2.14,3,22.02447,19,open,1.0,2.1399999999999997
2.14,3,22.030594,17,open,1.0,2.1399999999999997
2.32,3,22.036975,19,open,1.0,2.32
1.92,3,22.043293,17,closed,0.0,1.9199999999999997
2.36,3,22.049248,17,open,1.0,2.36
1.92,3,22.055542,17,closed,0.0,1.9199999999999997
2.58,3,22.061287,15,open,1.0,2.58
-4.45,3,22.067406,15,closed,0.0,-4.45
0.11,3,22.073851,17,closed,0.0,0.10999999999999988
2.58,3,22.079636,15,open,1.0,2.58
2.14,3,22.085756,17,open,1.0,2.1399999999999997
2.58,3,22.091531,15,open,1.0,2.58
-4.25,3,22.097637,15,closed,0.0,-4.25
2.5,3,22.104159,19,open,1.0,2.5
-4.25,3,22.110233,15,closed,0.0,-4.25
-0.39,3,22.116705,17,closed,0.0,-0.39000000000000035
2.14,3,22.122852,17,open,1.0,2.1399999999999997
1.92,3,22.129224,17,closed,0.0,1.9199999999999997
1.92,3,22.135508,17,closed,0.0,1.9199999999999997
-4.65,3,22.141545,15,closed,0.0,-4.65
1.92,3,22.147923,17,closed,0.0,1.9199999999999997
-4.45,3,22.154001,15,closed,0.0,-4.45
2.46,3,22.160866,19,closed,0.0,2.46
2.58,3,22.166621,15,open,1.0,2.58
1.92,3,22.172971,17,closed,0.0,1.9199999999999997
0.37,3,22.17882,15,open,1.0,0.3699999999999999
2.36,3,22.184761,17,open,1.0,2.36
2.58,3,22.190494,15,open,1.0,2.58
1.92,3,22.196741,17,closed,0.0,1.9199999999999997
-3.85,3,22.20282,15,closed,0.0,-3.85
1.92,3,22.20914,17,closed,0.0,1.9199999999999997
2.54,3,22.215333,19,open,1.0,2.54
2.36,3,22.221246,17,open,1.0,2.36
2.28,3,22.227954,19,closed,0.0,2.28
2.36,3,22.233915,17,open,1.0,2.36
2.28,3,22.240561,19,open,1.0,2.28
2.46,3,22.247477,19,open,1.0,2.46
1.92,3,22.253784,17,open,1.0,1.9199999999999997
2.54,3,22.25989,19,open,1.0,2.54
1.92,3,22.266283,17,closed,0.0,1.9199999999999997
-4.65,3,22.272298,15,closed,0.0,-4.65
2.14,3,22.278425,17,open,1.0,2.1399999999999997
2.28,3,22.285156,19,closed,0.0,2.28
2.36,3,22.291099,17,open,1.0,2.36
2.28,3,22.297819,19,closed,0.0,2.28
2.14,3,22.303964,19,open,1.0,2.1399999999999997
2.46,3,22.310914,19,closed,0.0,2.46
-4.45,3,22.317033,15,closed,0.0,-4.45
-4.65,3,22.323069,15,closed,0.0,-4.65
2.1,3,22.329595,19,open,1.0,2.0999999999999996
2.36,3,22.335508,17,open,1.0,2.36
0.11,3,22.34192,17,closed,0.0,0.10999999999999988
-4.65,3,22.348036,15,closed,0.0,-4.65
1.92,3,22.354368,17,closed,0.0,1.9199999999999997
1.92,3,22.360633,17,open,1.0,1.9199999999999997
2.58,3,22.366444,15,open,1.0,2.58
2.58,3,22.372164,15,open,1.0,2.58
2.32,3,22.378561,19,open,1.0,2.32
2.14,3,22.384787,17,open,1.0,2.1399999999999997
2.14,3,22.390861,19,open,1.0,2.1399999999999997
2.28,3,22.397648,19,closed,0.0,2.28
-4.25,3,22.403658,15,closed,0.0,-4.25
0.57,3,22.409451,15,open,1.0,0.5700000000000001
2.32,3,22.415767,19,open,1.0,2.32
2.1,3,22.422283,19,closed,0.0,2.0999999999999996
2.32,3,22.428553,19,open,1.0,2.32
2.28,3,22.435232,19,open,1.0,2.28
-4.25,3,22.44126,15,closed,0.0,-4.25
-4.25,3,22.447343,15,closed,0.0,-4.25
2.32,3,22.453605,19,open,1.0,2.32
2.5,3,22.460193,19,open,1.0,2.5
2.36,3,22.466175,17,open,1.0,2.36
2.32,3,22.472462,19,open,1.0,2.32
2.36,3,22.478391,17,open,1.0,2.36
2.36,3,22.484365,17,open,1.0,2.36
2.1,3,22.490839,19,closed,0.0,2.0999999999999996
0.11,3,22.497372,17,closed,0.0,0.10999999999999988
2.46,3,22.504328,19,closed,0.0,2.46
2.58,3,22.510041,15,open,1.0,2.58
1.92,3,22.516418,17,closed,0.0,1.9199999999999997
2.36,3,22.522378,17,open,1.0,2.36
-4.45,3,22.528406,15,closed,0.0,-4.45
-4.25,3,22.534474,15,closed,0.0,-4.25
-4.45,3,22.540488,15,closed,0.0,-4.45
2.58,3,22.546234,15,open,1.0,2.58
2.58,3,22.551946,15,open,1.0,2.58
2.58,3,22.557675,15,open,1.0,2.58
2.58,3,22.563405,15,open,1.0,2.58
1.92,3,22.569745,17,closed,0.0,1.9199999999999997
2.58,3,22.575475,15,open,1.0,2.58
-4.05,3,22.673567,15,closed,0.0,-4.05
2.58,3,22.679497,15,open,1.0,2.58
2.46,3,22.686401,19,open,1.0,2.46
-4.65,3,22.692515,15,closed,0.0,-4.65
2.14,3,22.698675,17,open,1.0,2.1399999999999997
1.92,3,22.705049,17,closed,0.0,1.9199999999999997
2.14,3,22.711177,17,open,1.0,2.1399999999999997
1.92,3,22.717536,17,closed,0.0,1.9199999999999997
-4.25,3,22.723602,15,closed,0.0,-4.25
2.14,3,22.729766,17,open,1.0,2.1399999999999997
2.14,3,22.735844,17,open,1.0,2.1399999999999997
-0.15,3,22.742862,19,closed,0.0,-0.15000000000000036
-4.25,3,22.748937,15,closed,0.0,-4.25
2.14,3,22.755089,17,open,1.0,2.1399999999999997
2.28,3,22.761738,19,open,1.0,2.28
1.92,3,22.768112,17,closed,0.0,1.9199999999999997
-4.65,3,22.77421,15,closed,0.0,-4.65
2.58,3,22.779947,15,open,1.0,2.58
-3.85,3,22.786029,15,closed,0.0,-3.85
1.92,3,22.792389,17,closed,0.0,1.9199999999999997
-0.15,3,22.799463,19,closed,0.0,-0.15000000000000036
2.36,3,22.805413,17,open,1.0,2.36
-3.85,3,22.811509,15,closed,0.0,-3.8499999999999996
2.5,3,22.818004,19,open,1.0,2.5
2.46,3,22.824912,19,open,1.0,2.46
1.92,3,22.831255,17,open,1.0,1.9199999999999997
-4.25,3,22.837331,15,closed,0.0,-4.25
2.32,3,22.843591,19,open,1.0,2.32
2.58,3,22.849334,15,open,1.0,2.58
2.46,3,22.856218,19,closed,0.0,2.46
2.58,3,22.861981,15,open,1.0,2.58
-4.25,3,22.868058,15,closed,0.0,-4.25
2.5,3,22.87456,19,open,1.0,2.5
2.14,3,22.880711,17,open,1.0,2.1399999999999997
-3.85,3,22.886754,15,closed,0.0,-3.85
2.46,3,22.893699,19,closed,0.0,2.46
2.58,3,22.899461,15,open,1.0,2.58
0.37,3,22.905293,15,open,1.0,0.3699999999999999
2.58,3,22.911098,15,open,1.0,2.58
2.36,3,22.917022,17,open,1.0,2.36
2.46,3,22.923903,19,open,1.0,2.46
2.28,3,22.930684,19,closed,0.0,2.28
-0.15,3,22.937695,19,closed,0.0,-0.15000000000000036
2.46,3,22.944593,19,open,1.0,2.46
2.14,3,22.950739,17,open,1.0,2.1399999999999997
2.28,3,22.957407,19,open,1.0,2.28
1.92,3,22.963783,17,closed,0.0,1.9199999999999997
2.1,3,22.970356,19,closed,0.0,2.0999999999999996
2.58,3,22.976112,15,open,1.0,2.58
2.5,3,22.982617,19,open,1.0,2.5
-4.25,3,22.98868,15,closed,0.0,-4.25
2.14,3,22.9948,17,open,1.0,2.1399999999999997
1.92,3,23.00121,17,closed,0.0,1.9199999999999997
-3.85,3,23.007251,15,closed,0.0,-3.85
1.92,3,23.013672,17,closed,0.0,1.9199999999999997
0.11,3,23.020128,17,closed,0.0,0.10999999999999988
2.28,3,23.026903,19,closed,0.0,2.28
2.58,3,23.032722,15,open,1.0,2.58
2.14,3,23.038968,17,open,1.0,2.1399999999999997
2.46,3,23.045911,19,closed,0.0,2.46
2.36,3,23.051904,17,open,1.0,2.36
-4.65,3,23.057954,15,closed,0.0,-4.65
2.46,3,23.064939,19,closed,0.0,2.46
-3.85,3,23.070985,15,closed,0.0,-3.85
0.33,3,23.077171,17,open,1.0,0.32999999999999996
2.32,3,23.083513,19,open,1.0,2.32
1.92,3,23.089889,17,closed,0.0,1.9199999999999997
1.92,3,23.096242,17,open,1.0,1.9199999999999997
2.1,3,23.102774,19,closed,0.0,2.0999999999999996
2.46,3,23.1097,19,closed,0.0,2.46
2.58,3,23.115474,15,open,1.0,2.58
1.92,3,23.121793,17,closed,0.0,1.9199999999999997
2.28,3,23.128545,19,closed,0.0,2.28
-3.85,3,23.134622,15,closed,0.0,-3.85
1.92,3,23.140944,17,closed,0.0,1.9199999999999997
-0.39,3,23.14741,17,closed,0.0,-0.39000000000000035
1.92,3,23.15373,17,closed,0.0,1.9199999999999997
1.92,3,23.160093,17,closed,0.0,1.9199999999999997
2.5,3,23.166615,19,open,1.0,2.5
2.58,3,23.172352,15,open,1.0,2.58
1.92,3,23.178723,17,closed,0.0,1.9199999999999997
2.28,3,23.185459,19,closed,0.0,2.28
-4.05,3,23.191502,15,closed,0.0,-4.050000000000001
2.28,3,23.198282,19,closed,0.0,2.28
-3.85,3,23.204305,15,closed,0.0,-3.85
1.92,3,23.210689,17,closed,0.0,1.9199999999999997
2.54,3,23.21684,19,open,1.0,2.54
2.58,3,23.222601,15,open,1.0,2.58
2.28,3,23.229326,19,closed,0.0,2.28
2.54,3,23.235455,19,open,1.0,2.54
2.46,3,23.242371,19,closed,0.0,2.46
0.57,3,23.248227,15,open,1.0,0.5700000000000001
-4.25,3,23.254301,15,closed,0.0,-4.25
2.58,3,23.26006,15,open,1.0,2.58
0.57,3,23.265867,15,open,1.0,0.5700000000000001
2.5,3,23.272323,19,open,1.0,2.5
1.92,3,23.278627,17,open,1.0,1.9199999999999997
-3.85,3,23.284674,15,closed,0.0,-3.85
2.58,3,23.290362,15,open,1.0,2.58
2.28,3,23.297095,19,closed,0.0,2.28
2.36,3,23.302992,17,open,1.0,2.36
2.36,3,23.308903,17,open,1.0,2.36
-0.39,3,23.315439,17,closed,0.0,-0.39000000000000035
1.92,3,23.321788,17,closed,0.0,1.9199999999999997
2.36,3,23.327721,17,open,1.0,2.36
2.28,3,23.33444,19,closed,0.0,2.28
-3.85,3,23.340448,15,closed,0.0,-3.85
2.58,3,23.346199,15,open,1.0,2.58
2.46,3,23.353165,19,closed,0.0,2.46
2.58,3,23.358932,15,open,1.0,2.58
2.58,3,23.364698,15,open,1.0,2.58
2.28,3,23.371422,19,closed,0.0,2.28
2.14,3,23.377601,17,open,1.0,2.1399999999999997
2.58,3,23.383374,15,open,1.0,2.58
-0.15,3,23.390415,19,closed,0.0,-0.15000000000000036
2.58,3,23.396253,15,open,1.0,2.58
2.58,3,23.401992,15,open,1.0,2.58
2.14,3,23.408109,17,open,1.0,2.1399999999999997
2.58,3,23.413866,15,open,1.0,2.58
-4.45,3,23.419993,15,closed,0.0,-4.45
2.58,3,23.425771,15,open,1.0,2.58
2.14,3,23.431895,17,open,1.0,2.1399999999999997
2.58,3,23.437679,15,open,1.0,2.58
1.92,3,23.443968,17,open,1.0,1.9199999999999997
2.28,3,23.450726,19,closed,0.0,2.28
2.58,3,23.456432,15,open,1.0,2.58
1.92,3,23.462755,17,closed,0.0,1.9199999999999997
2.28,3,23.469514,19,closed,0.0,2.28
2.36,3,23.475456,17,open,1.0,2.36
2.46,3,23.482311,19,open,1.0,2.46
2.54,3,23.488409,19,open,1.0,2.54
0.57,3,23.494195,15,open,1.0,0.5700000000000001
2.58,3,23.499932,15,open,1.0,2.58
1.92,3,23.506235,17,open,1.0,1.9199999999999997
1.92,3,23.512518,19,open,1.0,1.9199999999999997
-3.85,3,23.518607,15,closed,0.0,-3.85
2.28,3,23.525309,19,closed,0.0,2.28
2.58,3,23.531087,15,open,1.0,2.58
2.28,3,23.537736,19,open,1.0,2.28
-3.85,3,23.543838,15,closed,0.0,-3.8499999999999996
2.36,3,23.549834,17,open,1.0,2.36
2.28,3,23.556519,19,closed,0.0,2.28
-4.25,3,23.5626,15,closed,0.0,-4.25
2.46,3,23.569578,19,closed,0.0,2.46
2.46,3,23.576496,19,closed,0.0,2.46
-4.25,3,23.582604,15,closed,0.0,-4.25
1.92,3,23.58894,17,closed,0.0,1.9199999999999997
2.14,3,23.595077,17,open,1.0,2.1399999999999997
-4.05,3,23.601186,15,closed,0.0,-4.050000000000001
2.14,3,23.60734,17,open,1.0,2.1399999999999997
2.36,3,23.613356,17,open,1.0,2.36
1.92,3,23.619747,17,closed,0.0,1.9199999999999997
2.1,3,23.626237,19,open,1.0,2.0999999999999996
1.92,3,23.632616,17,closed,0.0,1.9199999999999997
1.92,3,23.638934,17,open,1.0,1.9199999999999997
2.14,3,23.64505,19,open,1.0,2.1399999999999997
-4.25,3,23.651136,15,closed,0.0,-4.25
2.36,3,23.657176,19,open,1.0,2.36
1.92,3,23.66359,17,closed,0.0,1.9199999999999997
2.58,3,23.669345,15,open,1.0,2.58
2.1,3,23.675931,19,closed,0.0,2.0999999999999996
1.92,3,23.682348,17,closed,0.0,1.9199999999999997
2.28,3,23.689063,19,closed,0.0,2.28
-4.25,3,23.695117,15,closed,0.0,-4.25
2.36,3,23.701087,17,open,1.0,2.36
2.1,3,23.707593,19,closed,0.0,2.0999999999999996
2.58,3,23.713659,15,open,1.0,2.58
1.92,3,23.72,17,closed,0.0,1.9199999999999997
1.92,3,23.726369,17,closed,0.0,1.9199999999999997
1.92,3,23.732767,17,closed,0.0,1.9199999999999997
-3.85,3,23.738827,15,closed,0.0,-3.85
-4.25,3,23.744861,15,closed,0.0,-4.25
2.28,3,23.751568,19,open,1.0,2.28
2.1,3,23.758094,19,closed,0.0,2.0999999999999996
2.28,3,23.764847,19,closed,0.0,2.28
2.32,3,23.771165,19,open,1.0,2.32
2.14,3,23.777252,17,open,1.0,2.1399999999999997
1.92,3,23.783638,17,closed,0.0,1.9199999999999997
2.28,3,23.790367,19,closed,0.0,2.28
2.14,3,23.796516,17,open,1.0,2.1399999999999997
2.46,3,23.80338,19,closed,0.0,2.46
2.28,3,23.810128,19,closed,0.0,2.28
2.46,3,23.81705,19,closed,0.0,2.46
1.92,3,23.823376,17,closed,0.0,1.9199999999999997
1.92,3,23.829793,17,closed,0.0,1.9199999999999997
2.28,3,23.836491,19,closed,0.0,2.28
2.32,3,23.842788,19,open,1.0,2.32
2.58,3,23.848571,19,open,1.0,2.58
0.57,3,23.854373,15,open,1.0,0.5700000000000001
2.14,3,23.860485,17,open,1.0,2.1399999999999997
2.28,3,23.867236,19,open,1.0,2.28
2.14,3,23.87333,17,open,1.0,2.1399999999999997
-4.25,3,23.879404,15,closed,0.0,-4.25
2.54,3,23.885565,19,open,1.0,2.54
2.28,3,23.892232,19,open,1.0,2.28
2.5,3,23.898754,19,open,1.0,2.5
2.36,3,23.904701,17,open,1.0,2.36
2.58,3,23.910485,15,open,1.0,2.58
2.58,3,23.91623,15,open,1.0,2.58
2.58,3,23.921971,15,open,1.0,2.58
-4.25,3,23.92806,15,closed,0.0,-4.25
2.32,3,23.934394,19,open,1.0,2.32
1.92,3,23.940693,17,closed,0.0,1.9199999999999997
1.92,3,23.947161,17,closed,0.0,1.9199999999999997
2.46,3,23.954013,19,open,1.0,2.46
2.36,3,23.959949,17,open,1.0,2.36
1.92,3,23.966336,17,closed,0.0,1.9199999999999997
2.46,3,23.973219,19,closed,0.0,2.46
2.14,3,23.979349,17,open,1.0,2.1399999999999997
2.46,3,23.986294,19,closed,0.0,2.46
2.36,3,23.992462,17,open,1.0,2.36
2.46,3,23.999511,19,closed,0.0,2.46
1.92,3,24.005881,17,closed,0.0,1.9199999999999997
2.58,3,24.011622,15,open,1.0,2.58
2.46,3,24.01858,19,closed,0.0,2.46
2.32,3,24.024863,19,open,1.0,2.32
2.46,3,24.031831,19,closed,0.0,2.46
1.92,3,24.038173,17,closed,0.0,1.9199999999999997
2.36,3,24.044151,17,open,1.0,2.36
2.14,3,24.050276,19,open,1.0,2.1399999999999997
2.36,3,24.056171,19,open,1.0,2.36
2.36,3,24.06206,17,open,1.0,2.36
2.46,3,24.069065,19,closed,0.0,2.46
2.5,3,24.075549,19,open,1.0,2.5
2.46,3,24.082539,19,closed,0.0,2.46
0.57,3,24.088367,15,open,1.0,0.5700000000000001
2.58,3,24.094092,15,open,1.0,2.58
2.28,3,24.100808,19,closed,0.0,2.28
2.58,3,24.106515,15,open,1.0,2.58
2.28,3,24.113262,19,closed,0.0,2.28
2.28,3,24.120051,19,closed,0.0,2.28
2.14,3,24.126172,17,open,1.0,2.1399999999999997
2.58,3,24.131891,15,open,1.0,2.58
2.28,3,24.138535,19,open,1.0,2.28
2.28,3,24.145187,19,open,1.0,2.28
2.58,3,24.150975,15,open,1.0,2.58
2.58,3,24.156692,15,open,1.0,2.58
2.54,3,24.162774,19,open,1.0,2.54
2.58,3,24.168543,15,open,1.0,2.58
-3.85,3,24.174544,15,closed,0.0,-3.85
-0.15,3,24.181652,19,closed,0.0,-0.15000000000000036
2.58,3,24.187404,15,open,1.0,2.58
-4.65,3,24.193509,15,closed,0.0,-4.65
2.46,3,24.200422,19,closed,0.0,2.46
-4.25,3,24.206477,15,closed,0.0,-4.25
2.58,3,24.212271,17,open,1.0,2.58
2.46,3,24.219276,19,closed,0.0,2.46
2.14,3,24.225418,17,open,1.0,2.1399999999999997
2.1,3,24.23194,19,closed,0.0,2.0999999999999996
-4.05,3,24.237979,15,closed,0.0,-4.050000000000001
2.58,3,24.2437,17,open,1.0,2.58
2.58,3,24.249456,15,open,1.0,2.58
2.32,3,24.25578,19,open,1.0,2.32
2.36,3,24.261703,17,open,1.0,2.36
2.14,3,24.267828,17,open,1.0,2.1399999999999997
2.28,3,24.274515,19,open,1.0,2.28
2.32,3,24.280806,19,open,1.0,2.32
2.1,3,24.287307,19,closed,0.0,2.0999999999999996
2.14,3,24.296227,17,open,1.0,2.1399999999999997
2.36,3,24.302137,17,open,1.0,2.36
2.28,3,24.30883,19,open,1.0,2.28
2.5,3,24.315375,19,open,1.0,2.5
2.36,3,24.321311,17,open,1.0,2.36
2.28,3,24.328009,19,open,1.0,2.28
2.32,3,24.334265,19,open,1.0,2.32
2.28,3,24.34094,19,open,1.0,2.28
2.36,3,24.346978,17,open,1.0,2.36
2.5,3,24.353438,19,open,1.0,2.5
2.32,3,24.359733,19,open,1.0,2.32
2.14,3,24.365896,17,open,1.0,2.1399999999999997
-3.85,3,24.371934,15,closed,0.0,-3.85
2.14,3,24.37811,17,open,1.0,2.1399999999999997
-3.85,3,24.384253,15,closed,0.0,-3.85
2.1,3,24.390779,19,closed,0.0,2.0999999999999996
2.28,3,24.397564,19,closed,0.0,2.28
2.58,3,24.403352,15,open,1.0,2.58
2.46,3,24.410313,19,closed,0.0,2.46
2.36,3,24.416273,19,open,1.0,2.36
2.28,3,24.422919,19,open,1.0,2.28
2.58,3,24.428694,15,open,1.0,2.58
2.32,3,24.435029,19,open,1.0,2.32
-3.85,3,24.441061,15,closed,0.0,-3.85
2.14,3,24.447236,17,open,1.0,2.1399999999999997
2.32,3,24.453521,19,open,1.0,2.32
2.5,3,24.460021,19,open,1.0,2.5
2.5,3,24.466633,19,open,1.0,2.5
2.14,3,24.472764,17,open,1.0,2.1399999999999997
1.92,3,24.47913,17,closed,0.0,1.9199999999999997
2.58,3,24.48491,15,open,1.0,2.58
2.1,3,24.49142,19,closed,0.0,2.0999999999999996
2.1,3,24.498095,19,closed,0.0,2.0999999999999996
2.1,3,24.504611,19,closed,0.0,2.0999999999999996
2.5,3,24.511167,19,open,1.0,2.5
2.14,3,24.517323,17,open,1.0,2.1399999999999997
2.28,3,24.523998,19,open,1.0,2.28
1.92,3,24.530352,17,closed,0.0,1.9199999999999997
2.58,3,24.536099,15,open,1.0,2.58
-4.05,3,24.542132,15,closed,0.0,-4.050000000000001
2.1,3,24.548651,19,open,1.0,2.0999999999999996
1.92,3,24.554931,17,closed,0.0,1.9199999999999997
2.46,3,24.561882,19,closed,0.0,2.46
2.36,3,24.567866,19,open,1.0,2.36
-3.85,3,24.573927,15,closed,0.0,-3.85
-3.85,3,24.580011,15,closed,0.0,-3.85
-4.05,3,24.586073,15,closed,0.0,-4.050000000000001
2.58,3,24.591782,15,open,1.0,2.58
2.14,3,24.59795,17,open,1.0,2.1399999999999997
2.14,3,24.604111,17,open,1.0,2.1399999999999997
2.28,3,24.610842,19,closed,0.0,2.28
2.46,3,24.617777,19,closed,0.0,2.46
2.58,3,24.623517,15,open,1.0,2.58
2.32,3,24.629878,19,open,1.0,2.32
2.58,3,24.635649,15,open,1.0,2.58
-3.85,3,24.641716,15,closed,0.0,-3.85
0.57,3,24.647581,15,open,1.0,0.5700000000000001
2.28,3,24.654292,19,closed,0.0,2.28
1.92,3,24.66064,17,closed,0.0,1.9199999999999997
1.92,3,24.666998,17,closed,0.0,1.9199999999999997
2.5,3,24.673476,19,open,1.0,2.5
2.46,3,24.680399,19,closed,0.0,2.46
1.92,3,24.686743,17,closed,0.0,1.9199999999999997
2.14,3,24.692847,17,open,1.0,2.1399999999999997
2.58,3,24.698624,15,open,1.0,2.58
2.46,3,24.705513,19,closed,0.0,2.46
2.36,3,24.711532,17,open,1.0,2.36
2.58,3,24.717237,15,open,1.0,2.58
2.58,3,24.722955,15,open,1.0,2.58
1.92,3,24.729291,17,closed,0.0,1.9199999999999997
2.46,3,24.736148,19,closed,0.0,2.46
2.54,3,24.742271,19,open,1.0,2.54
2.5,3,24.748791,19,open,1.0,2.5
2.1,3,24.755287,19,open,1.0,2.0999999999999996
2.36,3,24.761203,17,open,1.0,2.36
2.46,3,24.768147,19,closed,0.0,2.46
2.5,3,24.77466,19,open,1.0,2.5
2.46,3,24.7816,19,open,1.0,2.46
1.92,3,24.787949,17,closed,0.0,1.9199999999999997
1.92,3,24.794267,17,closed,0.0,1.9199999999999997
1.92,3,24.800676,17,closed,0.0,1.9199999999999997
-4.65,3,24.806749,15,closed,0.0,-4.65
2.5,3,24.813285,19,open,1.0,2.5
2.46,3,24.896099,19,open,1.0,2.46
1.92,3,24.902663,17,closed,0.0,1.9199999999999997
1.92,3,24.909036,17,closed,0.0,1.9199999999999997
1.92,3,24.915504,17,closed,0.0,1.9199999999999997
2.28,3,24.922425,19,closed,0.0,2.28
2.32,3,24.92877,19,open,1.0,2.32
-4.25,3,24.934844,15,closed,0.0,-4.25
-4.05,3,24.940905,15,closed,0.0,-4.050000000000001
2.36,3,24.946842,17,open,1.0,2.36
-3.85,3,24.952846,15,closed,0.0,-3.85
2.14,3,24.958937,17,open,1.0,2.1399999999999997
2.14,3,24.965073,17,open,1.0,2.1399999999999997
-3.85,3,24.971137,15,closed,0.0,-3.85
-4.25,3,24.977198,15,closed,0.0,-4.25
0.57,3,24.983058,15,open,1.0,0.5700000000000001
-3.85,3,24.989119,15,closed,0.0,-3.85
2.58,3,24.994866,15,open,1.0,2.58
1.92,3,25.001222,17,closed,0.0,1.9199999999999997
1.92,3,25.007507,17,closed,0.0,1.9199999999999997
1.92,3,25.01384,17,open,1.0,1.9199999999999997
2.28,3,25.020558,19,closed,0.0,2.28
-4.25,3,25.02666,15,closed,0.0,-4.25
2.58,3,25.032454,15,open,1.0,2.58
-4.05,3,25.038465,15,closed,0.0,-4.050000000000001
1.92,3,25.044811,17,closed,0.0,1.9199999999999997
-3.85,3,25.050847,15,closed,0.0,-3.85
2.28,3,25.057553,19,closed,0.0,2.28
0.57,3,25.063426,15,open,1.0,0.5700000000000001
2.32,3,25.069739,19,open,1.0,2.32
2.58,3,25.075504,15,open,1.0,2.58
-3.85,3,25.081569,15,closed,0.0,-3.85
-4.05,3,25.087661,15,closed,0.0,-4.050000000000001
2.58,3,25.093418,15,open,1.0,2.58
2.14,3,25.099612,17,open,1.0,2.1399999999999997
2.46,3,25.106527,19,closed,0.0,2.46
1.92,3,25.112891,17,closed,0.0,1.9199999999999997
2.14,3,25.119072,17,open,1.0,2.1399999999999997
2.46,3,25.125919,19,open,1.0,2.46
2.58,3,25.131734,15,open,1.0,2.58
-3.85,3,25.137775,15,closed,0.0,-3.85
-0.39,3,25.144234,17,closed,0.0,-0.39000000000000035
1.92,3,25.150587,17,closed,0.0,1.9199999999999997
-4.05,3,25.156635,15,closed,0.0,-4.050000000000001
2.58,3,25.162491,15,open,1.0,2.58
0.11,3,25.16905,17,closed,0.0,0.10999999999999988
2.46,3,25.175917,19,open,1.0,2.46
-3.85,3,25.182031,15,closed,0.0,-3.85
2.46,3,25.188995,19,closed,0.0,2.46
-4.25,3,25.195056,15,closed,0.0,-4.25
2.46,3,25.202009,19,closed,0.0,2.46
1.92,3,25.208347,17,closed,0.0,1.9199999999999997
2.36,3,25.2143,17,open,1.0,2.36
-4.25,3,25.220382,15,closed,0.0,-4.25
-4.25,3,25.226479,15,closed,0.0,-4.25
2.46,3,25.233452,19,closed,0.0,2.46
-3.85,3,25.239502,15,closed,0.0,-3.85
-4.25,3,25.245583,15,closed,0.0,-4.25
2.58,3,25.251325,15,open,1.0,2.58
2.32,3,25.257573,19,open,1.0,2.32
1.92,3,25.263925,17,closed,0.0,1.9199999999999997
2.58,3,25.269683,15,open,1.0,2.58
2.46,3,25.276564,19,closed,0.0,2.46
2.58,3,25.282355,15,open,1.0,2.58
1.92,3,25.288693,17,closed,0.0,1.9199999999999997
2.14,3,25.29481,17,open,1.0,2.1399999999999997
-0.39,3,25.30124,17,closed,0.0,-0.39000000000000035
2.58,3,25.306998,15,open,1.0,2.58
2.46,3,25.313945,19,closed,0.0,2.46
2.36,3,25.319851,17,open,1.0,2.36
2.46,3,25.326753,19,closed,0.0,2.46
1.92,3,25.333064,17,open,1.0,1.9199999999999997
2.14,3,25.339199,17,open,1.0,2.1399999999999997
2.46,3,25.346196,19,closed,0.0,2.46
-3.45,3,25.352235,15,closed,0.0,-3.4499999999999997
2.1,3,25.358749,19,closed,0.0,2.0999999999999996
-3.85,3,25.364919,15,closed,0.0,-3.85
-3.85,3,25.370967,15,closed,0.0,-3.85
1.92,3,25.377398,17,closed,0.0,1.9199999999999997
1.92,3,25.38378,17,closed,0.0,1.9199999999999997
2.46,3,25.390707,19,closed,0.0,2.46
-0.39,3,25.397231,17,closed,0.0,-0.39000000000000035
2.1,3,25.403738,19,open,1.0,2.0999999999999996
-4.65,3,25.40987,15,closed,0.0,-4.65
2.58,3,25.415641,15,open,1.0,2.58
-3.85,3,25.421722,15,closed,0.0,-3.85
2.14,3,25.427809,17,open,1.0,2.1399999999999997
2.58,3,25.433605,15,open,1.0,2.58
1.92,3,25.439946,17,closed,0.0,1.9199999999999997
-3.45,3,25.446016,15,closed,0.0,-3.4499999999999997
-0.39,3,25.452505,17,closed,0.0,-0.39000000000000035
2.58,3,25.45823,15,open,1.0,2.58
2.14,3,25.464361,17,open,1.0,2.1399999999999997
2.58,3,25.47011,15,open,1.0,2.58
2.28,3,25.476787,19,open,1.0,2.28
2.32,3,25.48319,19,open,1.0,2.32
1.92,3,25.489496,17,closed,0.0,1.9199999999999997
2.36,3,25.495442,17,open,1.0,2.36
1.92,3,25.501852,17,closed,0.0,1.9199999999999997
-3.85,3,25.507866,15,closed,0.0,-3.85
2.36,3,25.513914,17,open,1.0,2.36
-3.85,3,25.519925,15,closed,0.0,-3.85
2.28,3,25.526612,19,open,1.0,2.28
2.58,3,25.5324,15,open,1.0,2.58
1.92,3,25.538726,17,closed,0.0,1.9199999999999997
-4.25,3,25.544807,15,closed,0.0,-4.25
2.5,3,25.551326,19,open,1.0,2.5
1.92,3,25.557632,17,closed,0.0,1.9199999999999997
1.92,3,25.564042,17,closed,0.0,1.9199999999999997
1.92,3,25.570359,17,closed,0.0,1.9199999999999997
2.46,3,25.577286,19,closed,0.0,2.46
2.46,3,25.584202,19,open,1.0,2.46
2.46,3,25.591025,19,open,1.0,2.46
2.58,3,25.596758,15,open,1.0,2.58
2.14,3,25.602903,17,open,1.0,2.1399999999999997
1.92,3,25.609186,17,closed,0.0,1.9199999999999997
1.92,3,25.615543,17,closed,0.0,1.9199999999999997
0.37,3,25.62133,15,open,1.0,0.3699999999999999
0.57,3,25.627172,15,open,1.0,0.5700000000000001
2.46,3,25.634114,19,closed,0.0,2.46
1.92,3,25.640429,17,closed,0.0,1.9199999999999997
2.36,3,25.646463,17,open,1.0,2.36
-3.85,3,25.652545,15,closed,0.0,-3.85
-4.25,3,25.658673,15,closed,0.0,-4.25
-3.85,3,25.664799,15,closed,0.0,-3.85
-3.85,3,25.670865,15,closed,0.0,-3.85
-4.25,3,25.676916,15,closed,0.0,-4.25
2.46,3,25.683887,19,closed,0.0,2.46
2.14,3,25.690029,17,open,1.0,2.1399999999999997
2.5,3,25.69659,19,open,1.0,2.5
2.58,3,25.702417,15,open,1.0,2.58
2.46,3,25.70934,19,closed,0.0,2.46
1.92,3,25.715725,17,closed,0.0,1.9199999999999997
2.14,3,25.721811,17,open,1.0,2.1399999999999997
2.36,3,25.727869,17,open,1.0,2.36
2.46,3,25.734702,19,open,1.0,2.46
2.1,3,25.741199,19,closed,0.0,2.0999999999999996
2.36,3,25.74723,17,open,1.0,2.36
2.46,3,25.754068,19,open,1.0,2.46
2.58,3,25.759835,15,open,1.0,2.58
1.92,3,25.766262,17,closed,0.0,1.9199999999999997
1.92,3,25.772608,17,closed,0.0,1.9199999999999997
2.46,3,25.779494,19,open,1.0,2.46
2.28,3,25.786244,19,open,1.0,2.28
-4.05,3,25.792269,15,closed,0.0,-4.050000000000001
2.36,3,25.798232,17,open,1.0,2.36
2.14,3,25.804295,17,open,1.0,2.1399999999999997
1.92,3,25.810615,17,closed,0.0,1.9199999999999997
2.58,3,25.81638,15,open,1.0,2.58
2.36,3,25.822243,17,open,1.0,2.36
1.92,3,25.82852,17,open,1.0,1.9199999999999997
2.46,3,25.835451,19,closed,0.0,2.46
2.14,3,25.841549,19,open,1.0,2.1399999999999997
2.46,3,25.848517,19,closed,0.0,2.46
2.1,3,25.854998,19,closed,0.0,2.0999999999999996
2.32,3,25.861304,19,open,1.0,2.32
2.58,3,25.866995,15,open,1.0,2.58
1.92,3,25.873335,17,closed,0.0,1.9199999999999997
2.58,3,25.87906,15,open,1.0,2.58
1.92,3,25.885401,17,closed,0.0,1.9199999999999997
2.1,3,25.891921,19,closed,0.0,2.0999999999999996
2.14,3,25.898094,17,open,1.0,2.1399999999999997
2.5,3,25.904568,19,open,1.0,2.5
-3.65,3,25.910639,15,closed,0.0,-3.65
2.46,3,25.917528,19,open,1.0,2.46
2.46,3,25.924415,19,closed,0.0,2.46
2.58,3,25.93024,15,open,1.0,2.58
-3.85,3,25.936248,15,closed,0.0,-3.85
2.28,3,25.942891,19,open,1.0,2.28
2.5,3,25.949441,19,open,1.0,2.5
2.28,3,25.956128,19,closed,0.0,2.28
-3.85,3,25.962147,15,closed,0.0,-3.85
2.58,3,25.967966,17,open,1.0,2.58
2.5,3,25.974421,19,open,1.0,2.5
2.28,3,25.981204,19,closed,0.0,2.28
1.92,3,25.987478,17,closed,0.0,1.9199999999999997
2.14,3,25.993571,17,open,1.0,2.1399999999999997
2.1,3,26.000139,19,closed,0.0,2.0999999999999996
2.46,3,26.006989,19,open,1.0,2.46
2.58,3,26.012802,15,open,1.0,2.58
2.46,3,26.019739,19,closed,0.0,2.46
-4.25,3,26.025798,15,closed,0.0,-4.25
2.54,3,26.032001,19,open,1.0,2.54
-3.65,3,26.038076,15,closed,0.0,-3.65
2.46,3,26.044948,19,closed,0.0,2.46
1.92,3,26.051373,17,closed,0.0,1.9199999999999997
-4.25,3,26.057464,15,closed,0.0,-4.25
2.28,3,26.064229,19,closed,0.0,2.28
2.14,3,26.070334,17,open,1.0,2.1399999999999997
2.46,3,26.077238,19,closed,0.0,2.46
1.92,3,26.083571,17,closed,0.0,1.9199999999999997
2.58,3,26.089304,15,open,1.0,2.58
2.58,3,26.095028,15,open,1.0,2.58
1.92,3,26.101321,17,closed,0.0,1.9199999999999997
2.28,3,26.107944,19,open,1.0,2.28
-4.25,3,26.114067,15,closed,0.0,-4.25
1.92,3,26.120372,17,closed,0.0,1.9199999999999997
-0.39,3,26.126816,17,closed,0.0,-0.39000000000000035
2.5,3,26.13339,19,open,1.0,2.5
2.58,3,26.139127,15,open,1.0,2.58
-4.25,3,26.14517,15,closed,0.0,-4.25
2.58,3,26.150855,15,open,1.0,2.58
2.36,3,26.15683,17,open,1.0,2.36
-3.65,3,26.162918,15,closed,0.0,-3.65
-0.39,3,26.169353,17,closed,0.0,-0.39000000000000035
2.28,3,26.176048,19,closed,0.0,2.28
1.92,3,26.182434,17,closed,0.0,1.9199999999999997
1.92,3,26.188737,17,closed,0.0,1.9199999999999997
1.92,3,26.195098,17,closed,0.0,1.9199999999999997
2.46,3,26.202055,19,closed,0.0,2.46
1.92,3,26.208368,17,open,1.0,1.9199999999999997
-0.39,3,26.214936,17,closed,0.0,-0.39000000000000035
2.46,3,26.221856,19,open,1.0,2.46
2.1,3,26.22834,19,closed,0.0,2.0999999999999996
2.46,3,26.235318,19,closed,0.0,2.46
2.36,3,26.241251,17,open,1.0,2.36
2.28,3,26.248008,19,closed,0.0,2.28
2.58,3,26.253734,15,open,1.0,2.58
2.36,3,26.259672,17,open,1.0,2.36
1.92,3,26.266038,17,closed,0.0,1.9199999999999997
1.92,3,26.272364,17,closed,0.0,1.9199999999999997
-3.85,3,26.278388,15,closed,0.0,-3.85
-3.85,3,26.284456,15,closed,0.0,-3.85
1.92,3,26.29071,17,closed,0.0,1.9199999999999997
2.28,3,26.297444,19,open,1.0,2.28
2.46,3,26.304351,19,closed,0.0,2.46
-3.85,3,26.31037,15,closed,0.0,-3.85
2.58,3,26.316163,15,open,1.0,2.58
2.14,3,26.32224,17,open,1.0,2.1399999999999997
2.14,3,26.328377,17,open,1.0,2.1399999999999997
1.92,3,26.334702,17,open,1.0,1.9199999999999997
2.1,3,26.341181,19,closed,0.0,2.0999999999999996
2.46,3,26.348063,19,open,1.0,2.46
-4.65,3,26.354187,15,closed,0.0,-4.65
2.46,3,26.361075,19,closed,0.0,2.46
0.57,3,26.366937,15,open,1.0,0.5700000000000001
2.46,3,26.373913,19,closed,0.0,2.46
2.28,3,26.380642,19,open,1.0,2.28
0.11,3,26.387172,17,closed,0.0,0.10999999999999988
0.57,3,26.392989,15,open,1.0,0.5700000000000001
2.36,3,26.399004,17,open,1.0,2.36
2.46,3,26.405851,19,open,1.0,2.46
2.46,3,26.412756,19,closed,0.0,2.46
2.46,3,26.419724,19,closed,0.0,2.46
2.28,3,26.426455,19,closed,0.0,2.28
2.36,3,26.432431,17,open,1.0,2.36
2.58,3,26.43816,15,open,1.0,2.58
1.92,3,26.444455,17,closed,0.0,1.9199999999999997
1.92,3,26.450867,17,closed,0.0,1.9199999999999997
2.54,3,26.456954,19,open,1.0,2.54
2.46,3,26.463883,19,closed,0.0,2.46
-0.39,3,26.470322,17,closed,0.0,-0.39000000000000035
2.58,3,26.476039,15,open,1.0,2.58
2.46,3,26.482932,19,open,1.0,2.46
2.36,3,26.488848,17,open,1.0,2.36
2.5,3,26.495346,19,open,1.0,2.5
-4.65,3,26.501503,15,closed,0.0,-4.65
2.14,3,26.507564,17,open,1.0,2.1399999999999997
-4.45,3,26.513699,15,closed,0.0,-4.45
2.46,3,26.520546,19,open,1.0,2.46
2.28,3,26.527308,19,closed,0.0,2.28
2.58,3,26.533128,15,open,1.0,2.58
2.58,3,26.538879,15,open,1.0,2.58
2.58,3,26.544608,15,open,1.0,2.58
2.1,3,26.551165,19,closed,0.0,2.0999999999999996
2.28,3,26.55787,19,open,1.0,2.28
-3.85,3,26.563946,15,closed,0.0,-3.85
2.58,3,26.569671,15,open,1.0,2.58
2.46,3,26.576491,19,open,1.0,2.46
-3.85,3,26.582586,15,closed,0.0,-3.85
-4.25,3,26.588597,15,closed,0.0,-4.25
2.14,3,26.594844,17,open,1.0,2.1399999999999997
2.36,3,26.600827,17,open,1.0,2.36
-4.25,3,26.606935,15,closed,0.0,-4.25
2.46,3,26.613901,19,closed,0.0,2.46
2.28,3,26.620635,19,open,1.0,2.28
2.28,3,26.627365,19,open,1.0,2.28
2.28,3,26.634154,19,closed,0.0,2.28
2.36,3,26.640069,17,open,1.0,2.36
2.14,3,26.646206,17,open,1.0,2.1399999999999997
-3.85,3,26.652281,15,closed,0.0,-3.85
2.58,3,26.658019,15,open,1.0,2.58
-4.25,3,26.664166,15,closed,0.0,-4.25
2.36,3,26.67004,17,open,1.0,2.36
2.46,3,26.676903,19,closed,0.0,2.46
2.46,3,26.683836,19,closed,0.0,2.46
2.28,3,26.690552,19,closed,0.0,2.28
2.14,3,26.69669,17,open,1.0,2.1399999999999997
2.28,3,26.703383,19,open,1.0,2.28
2.36,3,26.709389,17,open,1.0,2.36
2.5,3,26.715939,19,open,1.0,2.5
2.58,3,26.721751,15,open,1.0,2.58
-4.25,3,26.72783,15,closed,0.0,-4.25
1.92,3,26.734263,17,closed,0.0,1.9199999999999997
2.46,3,26.74115,19,closed,0.0,2.46
2.58,3,26.746942,15,open,1.0,2.58
-3.85,3,26.752968,15,closed,0.0,-3.85
2.14,3,26.759082,17,open,1.0,2.1399999999999997
2.14,3,26.765331,17,open,1.0,2.1399999999999997
2.36,3,26.771292,17,open,1.0,2.36
2.46,3,26.778209,19,closed,0.0,2.46
2.46,3,26.785101,19,closed,0.0,2.46
2.46,3,26.791959,19,closed,0.0,2.46
-4.25,3,26.798044,15,closed,0.0,-4.25
2.46,3,26.804888,19,open,1.0,2.46
-3.85,3,26.810944,15,closed,0.0,-3.85
-4.05,3,26.817001,15,closed,0.0,-4.050000000000001
1.92,3,26.82323,17,open,1.0,1.9199999999999997
0.57,3,26.829058,15,open,1.0,0.5700000000000001
2.58,3,26.834866,15,open,1.0,2.58
1.92,3,26.841176,17,closed,0.0,1.9199999999999997
1.92,3,26.847611,17,closed,0.0,1.9199999999999997
2.46,3,26.854491,19,closed,0.0,2.46
-4.05,3,26.860565,15,closed,0.0,-4.050000000000001
2.58,3,26.866316,15,open,1.0,2.58
2.28,3,26.872972,19,open,1.0,2.28
2.46,3,26.879898,19,closed,0.0,2.46
2.58,3,26.885648,15,open,1.0,2.58
2.14,3,26.89176,17,open,1.0,2.1399999999999997
-4.25,3,26.897871,15,closed,0.0,-4.25
2.14,3,26.904015,17,open,1.0,2.1399999999999997
2.36,3,26.909948,17,open,1.0,2.36
2.14,3,26.916143,17,open,1.0,2.1399999999999997
2.46,3,26.923035,19,closed,0.0,2.46
2.36,3,26.929009,17,open,1.0,2.36
2.5,3,26.935573,19,open,1.0,2.5
1.92,3,26.941933,17,closed,0.0,1.9199999999999997
2.46,3,26.948813,19,open,1.0,2.46
2.5,3,26.95532,19,open,1.0,2.5
1.92,3,26.961652,17,closed,0.0,1.9199999999999997
2.28,3,26.968388,19,closed,0.0,2.28
2.14,3,26.974448,17,open,1.0,2.1399999999999997
2.58,3,26.980249,15,open,1.0,2.58
2.14,3,26.986338,17,open,1.0,2.1399999999999997
1.92,3,26.992711,17,closed,0.0,1.9199999999999997
2.14,3,26.998852,17,open,1.0,2.1399999999999997
2.46,3,27.005771,19,closed,0.0,2.46
2.14,3,27.011901,17,open,1.0,2.1399999999999997
2.36,3,27.017887,17,open,1.0,2.36
2.28,3,27.024662,19,closed,0.0,2.28
2.58,3,27.03043,15,open,1.0,2.58
2.28,3,27.037238,19,closed,0.0,2.28
2.36,3,27.043243,17,open,1.0,2.36
2.46,3,27.125352,19,open,1.0,2.46
1.92,3,27.131821,17,closed,0.0,1.9199999999999997
2.36,3,27.137766,17,open,1.0,2.36
1.92,3,27.144114,17,closed,0.0,1.9199999999999997
-4.65,3,27.150281,15,closed,0.0,-4.65
2.28,3,27.157004,19,closed,0.0,2.28
2.58,3,27.162791,15,open,1.0,2.58
0.57,3,27.168606,15,open,1.0,0.5700000000000001
2.46,3,27.175451,19,open,1.0,2.46
2.58,3,27.181286,15,open,1.0,2.58
1.92,3,27.187611,17,closed,0.0,1.9199999999999997
0.11,3,27.194022,17,open,1.0,0.10999999999999988
2.46,3,27.201024,19,closed,0.0,2.46
2.46,3,27.207904,19,open,1.0,2.46
2.36,3,27.213892,19,open,1.0,2.36
2.46,3,27.220822,19,closed,0.0,2.46
-4.05,3,27.226955,15,closed,0.0,-4.050000000000001
2.58,3,27.232766,15,open,1.0,2.58
2.36,3,27.238707,17,open,1.0,2.36
2.36,3,27.244658,17,open,1.0,2.36
2.5,3,27.25125,19,open,1.0,2.5
1.92,3,27.257575,17,closed,0.0,1.9199999999999997
2.46,3,27.264538,19,closed,0.0,2.46
2.46,3,27.271465,19,closed,0.0,2.46
1.92,3,27.277864,17,closed,0.0,1.9199999999999997
1.92,3,27.284267,17,closed,0.0,1.9199999999999997
-4.05,3,27.290369,15,closed,0.0,-4.050000000000001
2.28,3,27.297153,19,closed,0.0,2.28
-4.25,3,27.303239,15,closed,0.0,-4.25
2.58,3,27.308998,15,open,1.0,2.58
-4.25,3,27.31508,15,closed,0.0,-4.25
1.92,3,27.321428,17,closed,0.0,1.9199999999999997
-0.39,3,27.327895,17,closed,0.0,-0.39000000000000035
1.92,3,27.334273,17,closed,0.0,1.9199999999999997
1.92,3,27.340634,17,closed,0.0,1.9199999999999997
1.92,3,27.347092,17,closed,0.0,1.9199999999999997
2.36,3,27.353043,17,open,1.0,2.36
-4.25,3,27.359113,15,closed,0.0,-4.25
2.36,3,27.365127,17,open,1.0,2.36
2.46,3,27.372005,19,closed,0.0,2.46
-3.85,3,27.378076,15,closed,0.0,-3.85
2.58,3,27.383922,15,open,1.0,2.58
2.5,3,27.390457,19,open,1.0,2.5
2.58,3,27.396287,15,open,1.0,2.58
2.32,3,27.402627,19,open,1.0,2.32
2.36,3,27.408569,17,open,1.0,2.36
-0.39,3,27.415066,17,closed,0.0,-0.39000000000000035
2.46,3,27.421998,19,closed,0.0,2.46
1.92,3,27.428414,17,closed,0.0,1.9199999999999997
-3.85,3,27.4345,15,closed,0.0,-3.85
2.46,3,27.441395,19,closed,0.0,2.46
1.92,3,27.447814,17,closed,0.0,1.9199999999999997
2.58,3,27.453585,15,open,1.0,2.58
2.36,3,27.45952,17,open,1.0,2.36
2.58,3,27.465429,15,open,1.0,2.58
-4.25,3,27.471486,15,closed,0.0,-4.25
1.92,3,27.477814,17,closed,0.0,1.9199999999999997
-4.05,3,27.483944,15,closed,0.0,-4.050000000000001
-4.25,3,27.489978,15,closed,0.0,-4.25
2.5,3,27.496421,19,open,1.0,2.5
2.28,3,27.50323,19,closed,0.0,2.28
2.28,3,27.510025,19,closed,0.0,2.28
2.14,3,27.516204,17,open,1.0,2.1399999999999997
-4.25,3,27.522292,15,closed,0.0,-4.25
2.58,3,27.528102,15,open,1.0,2.58
2.32,3,27.534445,19,open,1.0,2.32
-3.85,3,27.5405,15,closed,0.0,-3.85
0.57,3,27.546412,15,open,1.0,0.5700000000000001
2.58,3,27.55211,15,open,1.0,2.58
-4.25,3,27.558144,15,closed,0.0,-4.25
2.36,3,27.564116,17,open,1.0,2.36
2.36,3,27.570015,17,open,1.0,2.36
2.58,3,27.57571,15,open,1.0,2.58
2.46,3,27.582692,19,closed,0.0,2.46
2.46,3,27.589634,19,closed,0.0,2.46
2.46,3,27.596554,19,closed,0.0,2.46
-3.85,3,27.60271,15,closed,0.0,-3.85
0.57,3,27.608534,15,open,1.0,0.5700000000000001
2.32,3,27.614897,19,open,1.0,2.32
-3.85,3,27.620967,15,closed,0.0,-3.85
-4.25,3,27.62702,15,closed,0.0,-4.25
2.5,3,27.633502,19,open,1.0,2.5
2.54,3,27.639605,19,open,1.0,2.54
2.36,3,27.645536,17,open,1.0,2.36
2.46,3,27.652515,19,closed,0.0,2.46
2.58,3,27.658298,15,open,1.0,2.58
2.58,3,27.664124,15,open,1.0,2.58
2.5,3,27.670635,19,open,1.0,2.5
-4.05,3,27.676674,15,closed,0.0,-4.050000000000001
2.1,3,27.683202,19,open,1.0,2.0999999999999996
1.92,3,27.689539,17,closed,0.0,1.9199999999999997
-4.25,3,27.695628,15,closed,0.0,-4.25
2.58,3,27.701372,15,open,1.0,2.58
2.46,3,27.708328,19,closed,0.0,2.46
2.36,3,27.714491,17,open,1.0,2.36
0.57,3,27.720297,15,open,1.0,0.5700000000000001
1.92,3,27.726713,17,closed,0.0,1.9199999999999997
2.54,3,27.732941,19,open,1.0,2.54
2.46,3,27.739869,19,closed,0.0,2.46
2.58,3,27.745609,15,open,1.0,2.58
2.46,3,27.752537,19,closed,0.0,2.46
-4.65,3,27.758636,15,closed,0.0,-4.65
2.46,3,27.765612,19,closed,0.0,2.46
2.46,3,27.772528,19,closed,0.0,2.46
-4.25,3,27.778607,15,closed,0.0,-4.25
2.36,3,27.784588,17,open,1.0,2.36
2.36,3,27.790478,19,open,1.0,2.36
2.58,3,27.796273,15,open,1.0,2.58
2.14,3,27.802328,17,open,1.0,2.1399999999999997
2.5,3,27.808805,19,open,1.0,2.5
1.92,3,27.815176,17,open,1.0,1.9199999999999997
2.46,3,27.822034,19,open,1.0,2.46
2.46,3,27.829006,19,closed,0.0,2.46
2.14,3,27.835189,17,open,1.0,2.1399999999999997
2.32,3,27.841493,19,open,1.0,2.32
2.58,3,27.847286,15,open,1.0,2.58
2.58,3,27.852984,15,open,1.0,2.58
1.92,3,27.859295,17,open,1.0,1.9199999999999997
2.46,3,27.866255,19,closed,0.0,2.46
1.92,3,27.872615,17,closed,0.0,1.9199999999999997
2.28,3,27.879296,19,open,1.0,2.28
1.92,3,27.885668,17,closed,0.0,1.9199999999999997
2.5,3,27.892161,19,open,1.0,2.5
-3.85,3,27.898253,15,closed,0.0,-3.8499999999999996
2.58,3,27.904041,15,open,1.0,2.58
-4.25,3,27.910076,15,closed,0.0,-4.25
2.46,3,27.917031,19,closed,0.0,2.46
-3.85,3,27.923072,15,closed,0.0,-3.85
2.28,3,27.929799,19,open,1.0,2.28
-3.85,3,27.935924,15,closed,0.0,-3.85
2.58,3,27.941681,15,open,1.0,2.58
2.58,3,27.947469,15,open,1.0,2.58
2.28,3,27.954176,19,closed,0.0,2.28
2.46,3,27.961101,19,closed,0.0,2.46
1.92,3,27.967588,17,closed,0.0,1.9199999999999997
2.5,3,27.974117,19,open,1.0,2.5
2.36,3,27.980064,17,open,1.0,2.36
-3.85,3,27.986117,15,closed,0.0,-3.85
-3.85,3,27.992177,15,closed,0.0,-3.85
2.58,3,27.998019,15,open,1.0,2.58
-3.85,3,28.00407,15,closed,0.0,-3.85
2.58,3,28.009833,15,open,1.0,2.58
2.5,3,28.016423,19,open,1.0,2.5
2.46,3,28.023377,19,closed,0.0,2.46
2.46,3,28.030362,19,open,1.0,2.46
-4.05,3,28.036559,15,closed,0.0,-4.050000000000001
2.5,3,28.043094,19,open,1.0,2.5
2.46,3,28.050118,19,closed,0.0,2.46
2.46,3,28.057046,19,closed,0.0,2.46
-4.05,3,28.063124,15,closed,0.0,-4.050000000000001
2.28,3,28.069902,19,closed,0.0,2.28
2.58,3,28.075644,15,open,1.0,2.58
-3.85,3,28.081796,15,closed,0.0,-3.85
2.58,3,28.087539,15,open,1.0,2.58
2.58,3,28.093234,15,open,1.0,2.58
0.11,3,28.099729,17,closed,0.0,0.10999999999999988
2.1,3,28.106293,19,closed,0.0,2.0999999999999996
-3.85,3,28.112382,15,closed,0.0,-3.85
2.46,3,28.119325,19,closed,0.0,2.46
2.54,3,28.125448,19,open,1.0,2.54
2.46,3,28.132437,19,closed,0.0,2.46
2.46,3,28.139344,19,closed,0.0,2.46
1.92,3,28.14564,17,open,1.0,1.9199999999999997
2.46,3,28.152562,19,open,1.0,2.46
2.14,3,28.158689,17,open,1.0,2.1399999999999997
2.54,3,28.164849,19,open,1.0,2.54
-3.85,3,28.170883,15,closed,0.0,-3.85
2.46,3,28.177784,19,closed,0.0,2.46
2.5,3,28.184315,19,open,1.0,2.5
2.32,3,28.1906,19,open,1.0,2.32
-4.25,3,28.196693,15,closed,0.0,-4.25
-4.05,3,28.202766,15,closed,0.0,-4.050000000000001
2.58,3,28.208438,15,open,1.0,2.58
-3.85,3,28.214548,15,closed,0.0,-3.85
2.36,3,28.220519,17,open,1.0,2.36
2.58,3,28.226218,15,open,1.0,2.58
2.58,3,28.232103,15,open,1.0,2.58
2.58,3,28.237876,15,open,1.0,2.58
-4.05,3,28.243913,15,closed,0.0,-4.050000000000001
2.1,3,28.250499,19,closed,0.0,2.0999999999999996
2.46,3,28.257373,19,closed,0.0,2.46
-3.85,3,28.263477,15,closed,0.0,-3.85
-4.25,3,28.26948,15,closed,0.0,-4.25
-4.25,3,28.275525,15,closed,0.0,-4.25
-3.85,3,28.281632,15,closed,0.0,-3.85
1.92,3,28.287956,17,closed,0.0,1.9199999999999997
2.46,3,28.294874,19,closed,0.0,2.46
2.46,3,28.301746,19,closed,0.0,2.46
1.92,3,28.308072,17,closed,0.0,1.9199999999999997
2.14,3,28.314313,17,open,1.0,2.1399999999999997
-4.25,3,28.320412,15,closed,0.0,-4.25
-4.25,3,28.326524,15,closed,0.0,-4.25
2.5,3,28.333112,19,open,1.0,2.5
2.5,3,28.339584,19,open,1.0,2.5
-3.85,3,28.345601,15,closed,0.0,-3.85
2.14,3,28.3518,17,open,1.0,2.1399999999999997
2.28,3,28.358455,19,open,1.0,2.28
-3.85,3,28.36455,15,closed,0.0,-3.85
1.92,3,28.370965,17,closed,0.0,1.9199999999999997
-3.45,3,28.377074,15,closed,0.0,-3.4499999999999997
-3.85,3,28.383209,15,closed,0.0,-3.85
2.5,3,28.38971,19,open,1.0,2.5
-4.05,3,28.395817,15,closed,0.0,-4.050000000000001
-3.85,3,28.401871,15,closed,0.0,-3.85
2.28,3,28.408895,19,closed,0.0,2.28
-3.85,3,28.414954,15,closed,0.0,-3.85
2.46,3,28.42193,19,closed,0.0,2.46
2.58,3,28.427711,15,open,1.0,2.58
1.92,3,28.434208,17,closed,0.0,1.9199999999999997
2.58,3,28.439969,15,open,1.0,2.58
2.28,3,28.446758,19,closed,0.0,2.28
-4.25,3,28.452907,15,closed,0.0,-4.25
1.92,3,28.459252,17,closed,0.0,1.9199999999999997
0.11,3,28.465708,17,closed,0.0,0.10999999999999988
2.46,3,28.472622,19,closed,0.0,2.46
2.14,3,28.47873,17,open,1.0,2.1399999999999997
2.58,3,28.48452,15,open,1.0,2.58
2.46,3,28.49132,19,open,1.0,2.46
-3.85,3,28.497412,15,closed,0.0,-3.85
2.58,3,28.503103,15,open,1.0,2.58
1.92,3,28.509429,17,closed,0.0,1.9199999999999997
-3.85,3,28.515559,15,closed,0.0,-3.85
2.46,3,28.522438,19,closed,0.0,2.46
2.58,3,28.528208,15,open,1.0,2.58
2.36,3,28.53418,17,open,1.0,2.36
2.58,3,28.539897,15,open,1.0,2.58
2.14,3,28.546049,17,open,1.0,2.1399999999999997
2.14,3,28.552155,17,open,1.0,2.1399999999999997
2.14,3,28.558226,17,open,1.0,2.1399999999999997
2.14,3,28.564405,17,open,1.0,2.1399999999999997
2.5,3,28.570919,19,open,1.0,2.5
2.46,3,28.577828,19,closed,0.0,2.46
-4.25,3,28.583984,15,closed,0.0,-4.25
2.46,3,28.590845,19,open,1.0,2.46
2.36,3,28.59687,17,open,1.0,2.36
2.46,3,28.603854,19,closed,0.0,2.46
2.32,3,28.610185,19,open,1.0,2.32
2.58,3,28.616029,15,open,1.0,2.58
2.46,3,28.622965,19,closed,0.0,2.46
-3.85,3,28.629042,15,closed,0.0,-3.85
2.46,3,28.635984,19,open,1.0,2.46
2.46,3,28.642893,19,closed,0.0,2.46
1.92,3,28.649354,17,closed,0.0,1.9199999999999997
2.14,3,28.655519,17,open,1.0,2.1399999999999997
-4.25,3,28.661609,15,closed,0.0,-4.25
2.58,3,28.667424,15,open,1.0,2.58
0.37,3,28.673266,15,open,1.0,0.3699999999999999
1.92,3,28.679709,17,closed,0.0,1.9199999999999997
1.92,3,28.686037,17,closed,0.0,1.9199999999999997
2.46,3,28.692956,19,closed,0.0,2.46
1.92,3,28.699321,17,closed,0.0,1.9199999999999997
2.58,3,28.705137,15,open,1.0,2.58
2.46,3,28.712008,19,open,1.0,2.46
2.58,3,28.717924,15,open,1.0,2.58
2.46,3,28.724869,19,closed,0.0,2.46
-4.25,3,28.731039,15,closed,0.0,-4.25
1.92,3,28.737416,17,closed,0.0,1.9199999999999997
2.28,3,28.744138,19,closed,0.0,2.28
-3.45,3,28.750239,15,closed,0.0,-3.4499999999999997
-2.7,3,28.756819,17,closed,0.0,-2.7
2.46,3,28.763842,19,closed,0.0,2.46
2.28,3,28.77053,19,open,1.0,2.28
2.58,3,28.776274,15,open,1.0,2.58
2.46,3,28.783253,19,closed,0.0,2.46
0.11,3,28.78975,17,closed,0.0,0.10999999999999988
2.58,3,28.795573,15,open,1.0,2.58
2.46,3,28.802562,19,closed,0.0,2.46
2.54,3,28.808687,19,open,1.0,2.54
2.58,3,28.814438,15,open,1.0,2.58
1.92,3,28.820752,17,closed,0.0,1.9199999999999997
2.36,3,28.826649,17,open,1.0,2.36
1.92,3,28.833082,17,closed,0.0,1.9199999999999997
2.28,3,28.839819,19,closed,0.0,2.28
-3.85,3,28.845903,15,closed,0.0,-3.85
2.32,3,28.852205,19,open,1.0,2.32
1.92,3,28.858526,17,closed,0.0,1.9199999999999997
2.36,3,28.864496,17,open,1.0,2.36
2.58,3,28.870231,15,open,1.0,2.58
2.46,3,28.87711,19,closed,0.0,2.46
2.46,3,28.884059,19,closed,0.0,2.46
2.58,3,28.88979,15,open,1.0,2.58
2.46,3,28.896652,19,open,1.0,2.46
-3.85,3,28.902781,15,closed,0.0,-3.85
2.58,3,28.908492,15,open,1.0,2.58
2.14,3,28.914645,17,open,1.0,2.1399999999999997
2.36,3,28.920554,17,open,1.0,2.36
2.14,3,28.926689,17,open,1.0,2.1399999999999997
-4.25,3,28.932803,15,closed,0.0,-4.25
-3.85,3,28.938806,15,closed,0.0,-3.85
2.58,3,28.944567,15,open,1.0,2.58
-4.45,3,28.950724,15,closed,0.0,-4.45
-4.25,3,28.956766,15,closed,0.0,-4.25
1.92,3,28.963191,17,closed,0.0,1.9199999999999997
2.28,3,28.969972,19,closed,0.0,2.28
2.36,3,28.97591,17,open,1.0,2.36
2.32,3,28.982327,19,open,1.0,2.32
-4.25,3,28.988367,15,closed,0.0,-4.25
-3.85,3,28.994439,15,closed,0.0,-3.85
2.58,3,29.000215,15,open,1.0,2.58
-4.05,3,29.006213,15,closed,0.0,-4.050000000000001
2.54,3,29.012372,19,open,1.0,2.54
-3.85,3,29.018438,15,closed,0.0,-3.85
2.54,3,29.024572,19,open,1.0,2.54
2.5,3,29.031226,19,open,1.0,2.5
-3.85,3,29.037228,15,closed,0.0,-3.85
2.5,3,29.043739,19,open,1.0,2.5
2.36,3,29.049793,17,open,1.0,2.36
2.36,3,29.055712,17,open,1.0,2.36
2.46,3,29.062577,19,open,1.0,2.46
2.36,3,29.06863,17,open,1.0,2.36
-4.25,3,29.07464,15,closed,0.0,-4.25
2.28,3,29.081428,19,closed,0.0,2.28
2.28,3,29.088107,19,closed,0.0,2.28
1.92,3,29.094458,17,closed,0.0,1.9199999999999997
2.54,3,29.100646,19,open,1.0,2.54
-4.25,3,29.106711,15,closed,0.0,-4.25
-0.39,3,29.113254,17,closed,0.0,-0.39000000000000035
2.14,3,29.119405,17,open,1.0,2.1399999999999997
2.46,3,29.126336,19,closed,0.0,2.46
2.46,3,29.133369,19,closed,0.0,2.46
2.46,3,29.140252,19,closed,0.0,2.46
0.57,3,29.146147,15,open,1.0,0.5700000000000001
1.92,3,29.1525,17,closed,0.0,1.9199999999999997
2.58,3,29.158245,15,open,1.0,2.58
2.32,3,29.164565,19,open,1.0,2.32
2.58,3,29.170337,15,open,1.0,2.58
-4.45,3,29.176427,15,closed,0.0,-4.45
1.92,3,29.182846,17,closed,0.0,1.9199999999999997
0.57,3,29.188663,15,open,1.0,0.5700000000000001
2.58,3,29.194384,15,open,1.0,2.58
2.58,3,29.200171,15,open,1.0,2.58
-4.25,3,29.206266,15,closed,0.0,-4.25
1.92,3,29.212622,17,closed,0.0,1.9199999999999997
-4.25,3,29.218763,15,closed,0.0,-4.25
2.14,3,29.224899,17,open,1.0,2.1399999999999997
2.36,3,29.2309,17,open,1.0,2.36
2.32,3,29.237156,19,open,1.0,2.32
-4.25,3,29.243204,15,closed,0.0,-4.25
-3.85,3,29.249307,15,closed,0.0,-3.85
-3.85,3,29.255348,15,closed,0.0,-3.85
1.92,3,29.261714,17,closed,0.0,1.9199999999999997
2.28,3,29.34343,19,closed,0.0,2.28
2.28,3,29.350322,19,closed,0.0,2.28
2.14,3,29.358578,17,open,1.0,2.1399999999999997
1.92,3,29.365018,17,closed,0.0,1.9199999999999997
2.58,3,29.370842,15,open,1.0,2.58
1.92,3,29.37726,17,closed,0.0,1.9199999999999997
0.11,3,29.383831,17,closed,0.0,0.10999999999999988
2.36,3,29.3898,17,open,1.0,2.36
2.36,3,29.395778,17,open,1.0,2.36
2.46,3,29.402736,19,closed,0.0,2.46
1.92,3,29.409107,17,closed,0.0,1.9199999999999997
2.58,3,29.414909,15,open,1.0,2.58
2.28,3,29.42163,19,closed,0.0,2.28
1.92,3,29.427978,17,closed,0.0,1.9199999999999997
2.58,3,29.433847,15,open,1.0,2.58
2.46,3,29.440715,19,open,1.0,2.46
2.5,3,29.447355,19,open,1.0,2.5
-3.85,3,29.45344,15,closed,0.0,-3.85
2.14,3,29.459551,17,open,1.0,2.1399999999999997
2.46,3,29.466566,19,closed,0.0,2.46
1.92,3,29.472922,17,closed,0.0,1.9199999999999997
2.58,3,29.478664,15,open,1.0,2.58
1.92,3,29.485056,17,closed,0.0,1.9199999999999997
2.54,3,29.491162,19,open,1.0,2.54
-4.25,3,29.497329,15,closed,0.0,-4.25
2.46,3,29.504232,19,closed,0.0,2.46
2.54,3,29.510358,19,open,1.0,2.54
1.92,3,29.516721,17,open,1.0,1.9199999999999997
2.28,3,29.523497,19,closed,0.0,2.28
-3.85,3,29.529599,15,closed,0.0,-3.85
-3.85,3,29.53565,15,closed,0.0,-3.85
2.54,3,29.541758,19,open,1.0,2.54
2.58,3,29.547596,15,open,1.0,2.58
-4.05,3,29.553603,15,closed,0.0,-4.050000000000001
-4.25,3,29.559666,15,closed,0.0,-4.25
1.92,3,29.5661,17,closed,0.0,1.9199999999999997
2.58,3,29.571851,15,open,1.0,2.58
2.5,3,29.578361,19,open,1.0,2.5
-3.85,3,29.584443,15,closed,0.0,-3.85
2.32,3,29.590717,19,open,1.0,2.32
-3.85,3,29.596817,15,closed,0.0,-3.85
2.28,3,29.603573,19,closed,0.0,2.28
2.58,3,29.609363,15,open,1.0,2.58
-3.85,3,29.615505,15,closed,0.0,-3.85
-3.85,3,29.621569,15,closed,0.0,-3.85
2.46,3,29.628511,19,closed,0.0,2.46
2.5,3,29.635119,19,open,1.0,2.5
2.5,3,29.641607,19,open,1.0,2.5
2.58,3,29.647429,15,open,1.0,2.58
2.36,3,29.65336,17,open,1.0,2.36
-3.85,3,29.659427,15,closed,0.0,-3.85
-4.25,3,29.665541,15,closed,0.0,-4.25
2.46,3,29.672424,19,closed,0.0,2.46
2.36,3,29.67838,17,open,1.0,2.36
2.28,3,29.68517,19,closed,0.0,2.28
-4.25,3,29.691237,15,closed,0.0,-4.25
2.58,3,29.69703,15,open,1.0,2.58
2.58,3,29.702772,15,open,1.0,2.58
2.46,3,29.709691,19,closed,0.0,2.46
2.36,3,29.715663,17,open,1.0,2.36
2.58,3,29.721414,15,open,1.0,2.58
1.92,3,29.727755,17,closed,0.0,1.9199999999999997
1.92,3,29.734238,17,closed,0.0,1.9199999999999997
2.58,3,29.740068,15,open,1.0,2.58
2.46,3,29.747069,19,closed,0.0,2.46
2.46,3,29.753977,19,closed,0.0,2.46
2.28,3,29.76069,19,closed,0.0,2.28
-3.85,3,29.766818,15,closed,0.0,-3.85
2.46,3,29.773717,19,closed,0.0,2.46
2.46,3,29.780744,19,closed,0.0,2.46
2.46,3,29.787686,19,closed,0.0,2.46
2.46,3,29.794595,19,closed,0.0,2.46
1.92,3,29.801057,17,closed,0.0,1.9199999999999997
2.5,3,29.807514,19,open,1.0,2.5
2.58,3,29.813322,15,open,1.0,2.58
0.11,3,29.819772,17,closed,0.0,0.10999999999999988
-0.39,3,29.826271,17,closed,0.0,-0.39000000000000035
1.92,3,29.832763,17,closed,0.0,1.9199999999999997
1.92,3,29.839141,17,closed,0.0,1.9199999999999997
2.36,3,29.845087,17,open,1.0,2.36
1.92,3,29.851478,17,closed,0.0,1.9199999999999997
2.14,3,29.857584,17,open,1.0,2.1399999999999997
1.92,3,29.863993,17,closed,0.0,1.9199999999999997
-4.25,3,29.870055,15,closed,0.0,-4.25
-4.25,3,29.876104,15,closed,0.0,-4.25
2.46,3,29.883085,19,closed,0.0,2.46
2.58,3,29.888866,17,open,1.0,2.58
2.36,3,29.894829,17,open,1.0,2.36
1.92,3,29.901208,17,closed,0.0,1.9199999999999997
2.58,3,29.906955,15,open,1.0,2.58
1.92,3,29.91331,17,closed,0.0,1.9199999999999997
2.14,3,29.919477,17,open,1.0,2.1399999999999997
2.58,3,29.925218,15,open,1.0,2.58
1.92,3,29.931607,17,closed,0.0,1.9199999999999997
2.58,3,29.937351,15,open,1.0,2.58
-3.85,3,29.943332,15,closed,0.0,-3.85
-4.25,3,29.94947,15,closed,0.0,-4.25
-3.85,3,29.95553,15,closed,0.0,-3.85
0.11,3,29.961969,17,closed,0.0,0.10999999999999988
2.46,3,29.968941,19,closed,0.0,2.46
-3.85,3,29.974995,15,closed,0.0,-3.85
-3.85,3,29.981034,15,closed,0.0,-3.85
2.36,3,29.986912,17,open,1.0,2.36
2.58,3,29.992619,15,open,1.0,2.58
2.28,3,29.999388,19,closed,0.0,2.28
1.92,3,30.00571,17,closed,0.0,1.9199999999999997
1.92,3,30.012107,17,closed,0.0,1.9199999999999997
2.46,3,30.019117,19,closed,0.0,2.46
2.58,3,30.024841,15,open,1.0,2.58
2.5,3,30.031421,19,open,1.0,2.5
2.46,3,30.038329,19,closed,0.0,2.46
-0.15,3,30.045383,19,closed,0.0,-0.15000000000000036
0.57,3,30.051332,15,open,1.0,0.5700000000000001
2.58,3,30.057031,15,open,1.0,2.58
2.5,3,30.063591,19,open,1.0,2.5
2.54,3,30.06977,19,open,1.0,2.54
-3.85,3,30.075806,15,closed,0.0,-3.85
2.5,3,30.082316,19,open,1.0,2.5
2.36,3,30.088628,17,open,1.0,2.36
2.5,3,30.095204,19,open,1.0,2.5
-3.85,3,30.101409,15,closed,0.0,-3.85
2.36,3,30.107352,17,open,1.0,2.36
1.92,3,30.113735,17,closed,0.0,1.9199999999999997
2.46,3,30.120677,19,closed,0.0,2.46
2.36,3,30.126611,17,open,1.0,2.36
-3.85,3,30.13277,15,closed,0.0,-3.85
1.92,3,30.139115,17,closed,0.0,1.9199999999999997
-3.85,3,30.145188,15,closed,0.0,-3.85
2.28,3,30.151929,19,closed,0.0,2.28
2.46,3,30.158925,19,open,1.0,2.46
-3.85,3,30.165066,15,closed,0.0,-3.85
2.58,3,30.170826,15,open,1.0,2.58
2.46,3,30.177762,19,closed,0.0,2.46
1.92,3,30.184111,17,closed,0.0,1.9199999999999997
2.5,3,30.190533,19,open,1.0,2.5
-4.25,3,30.196559,15,closed,0.0,-4.25
2.58,3,30.202378,15,open,1.0,2.58
1.92,3,30.208712,17,closed,0.0,1.9199999999999997
2.54,3,30.214888,19,open,1.0,2.54
2.46,3,30.221781,19,closed,0.0,2.46
2.14,3,30.227882,17,open,1.0,2.1399999999999997
1.92,3,30.234368,17,closed,0.0,1.9199999999999997
2.58,3,30.240076,15,open,1.0,2.58
2.5,3,30.24665,19,open,1.0,2.5
2.46,3,30.253547,19,open,1.0,2.46
2.36,3,30.259467,17,open,1.0,2.36
2.58,3,30.265305,15,open,1.0,2.58
2.32,3,30.271584,19,open,1.0,2.32
2.28,3,30.278332,19,open,1.0,2.28
1.92,3,30.284742,17,closed,0.0,1.9199999999999997
2.46,3,30.291611,19,closed,0.0,2.46
2.58,3,30.297432,15,open,1.0,2.58
2.46,3,30.304343,19,closed,0.0,2.46
2.58,3,30.310054,15,open,1.0,2.58
2.36,3,30.316016,19,open,1.0,2.36
-4.05,3,30.322079,15,closed,0.0,-4.050000000000001
1.92,3,30.328439,17,closed,0.0,1.9199999999999997
-3.85,3,30.334605,15,closed,0.0,-3.85
2.5,3,30.341037,19,open,1.0,2.5
2.28,3,30.347809,19,closed,0.0,2.28
1.92,3,30.354151,17,closed,0.0,1.9199999999999997
2.36,3,30.360105,17,open,1.0,2.36
2.36,3,30.36613,17,open,1.0,2.36
2.1,3,30.372638,19,closed,0.0,2.0999999999999996
1.92,3,30.379111,17,closed,0.0,1.9199999999999997
2.54,3,30.385487,19,open,1.0,2.54
2.58,3,30.391796,17,open,1.0,2.58
1.92,3,30.398278,17,closed,0.0,1.9199999999999997
1.92,3,30.404748,17,closed,0.0,1.9199999999999997
2.46,3,30.411635,19,closed,0.0,2.46
2.46,3,30.418583,19,closed,0.0,2.46
2.54,3,30.424771,19,open,1.0,2.54
2.58,3,30.430454,15,open,1.0,2.58
-4.05,3,30.436559,15,closed,0.0,-4.050000000000001
-4.25,3,30.442599,15,closed,0.0,-4.25
-3.85,3,30.448685,15,closed,0.0,-3.85
2.54,3,30.454741,19,open,1.0,2.54
2.46,3,30.461538,19,open,1.0,2.46
2.36,3,30.467506,17,open,1.0,2.36
1.92,3,30.473985,17,closed,0.0,1.9199999999999997
2.36,3,30.479995,17,open,1.0,2.36
2.5,3,30.486393,19,open,1.0,2.5
2.5,3,30.493094,19,open,1.0,2.5
2.36,3,30.499102,17,open,1.0,2.36
2.46,3,30.506019,19,closed,0.0,2.46
2.58,3,30.511873,15,open,1.0,2.58
1.92,3,30.518302,17,closed,0.0,1.9199999999999997
-3.85,3,30.524427,15,closed,0.0,-3.85
2.46,3,30.53139,19,open,1.0,2.46
-4.25,3,30.537519,15,closed,0.0,-4.25
2.58,3,30.543354,15,open,1.0,2.58
2.46,3,30.55037,19,closed,0.0,2.46
1.92,3,30.556733,17,closed,0.0,1.9199999999999997
-4.05,3,30.562836,15,closed,0.0,-4.050000000000001
-3.85,3,30.568893,15,closed,0.0,-3.85
2.5,3,30.575501,19,open,1.0,2.5
2.36,3,30.58163,17,open,1.0,2.36
-3.85,3,30.587734,15,closed,0.0,-3.85
2.36,3,30.593678,17,open,1.0,2.36
1.92,3,30.600076,17,closed,0.0,1.9199999999999997
2.28,3,30.606977,19,closed,0.0,2.28
2.36,3,30.612985,17,open,1.0,2.36
2.36,3,30.618915,17,open,1.0,2.36
2.36,3,30.625,17,open,1.0,2.36
2.46,3,30.632006,19,closed,0.0,2.46
-3.85,3,30.638117,15,closed,0.0,-3.85
1.92,3,30.64455,17,closed,0.0,1.9199999999999997
2.46,3,30.651439,19,closed,0.0,2.46
2.36,3,30.657513,17,open,1.0,2.36
2.58,3,30.663301,15,open,1.0,2.58
1.92,3,30.669734,17,closed,0.0,1.9199999999999997
2.58,3,30.675537,15,open,1.0,2.58
2.14,3,30.681688,17,open,1.0,2.1399999999999997
-3.85,3,30.687712,15,closed,0.0,-3.85
2.54,3,30.693843,19,open,1.0,2.54
1.92,3,30.70033,17,closed,0.0,1.9199999999999997
1.92,3,30.706678,17,closed,0.0,1.9199999999999997
2.54,3,30.712828,19,open,1.0,2.54
1.92,3,30.719219,17,closed,0.0,1.9199999999999997
0.57,3,30.725046,15,open,1.0,0.5700000000000001
2.5,3,30.731645,19,open,1.0,2.5
1.92,3,30.737997,17,closed,0.0,1.9199999999999997
2.46,3,30.744816,19,open,1.0,2.46
2.5,3,30.751343,19,open,1.0,2.5
2.46,3,30.758198,19,open,1.0,2.46
2.58,3,30.764054,15,open,1.0,2.58
1.92,3,30.770414,17,closed,0.0,1.9199999999999997
2.46,3,30.777332,19,closed,0.0,2.46
-4.25,3,30.783527,15,closed,0.0,-4.25
2.5,3,30.789988,19,open,1.0,2.5
2.46,3,30.796867,19,open,1.0,2.46
2.32,3,30.803248,19,open,1.0,2.32
2.36,3,30.809229,17,open,1.0,2.36
0.37,3,30.815125,15,open,1.0,0.3699999999999999
2.14,3,30.821218,17,open,1.0,2.1399999999999997
-3.85,3,30.82722,15,closed,0.0,-3.85
2.14,3,30.833441,17,open,1.0,2.1399999999999997
1.92,3,30.839795,17,closed,0.0,1.9199999999999997
2.36,3,30.845757,17,open,1.0,2.36
2.54,3,30.851956,19,open,1.0,2.54
2.58,3,30.857688,15,open,1.0,2.58
1.92,3,30.864082,17,open,1.0,1.9199999999999997
-4.05,3,30.870106,15,closed,0.0,-4.050000000000001
1.92,3,30.876463,17,closed,0.0,1.9199999999999997
2.28,3,30.883205,19,open,1.0,2.28
2.58,3,30.888995,15,open,1.0,2.58
2.46,3,30.895808,19,open,1.0,2.46
2.58,3,30.901704,15,open,1.0,2.58
-3.85,3,30.907709,15,closed,0.0,-3.85
2.5,3,30.914295,19,open,1.0,2.5
1.92,3,30.920668,17,closed,0.0,1.9199999999999997
2.36,3,30.926704,17,open,1.0,2.36
2.58,3,30.932538,15,open,1.0,2.58
-3.85,3,30.938611,15,closed,0.0,-3.85
1.92,3,30.944965,17,closed,0.0,1.9199999999999997
1.92,3,30.951365,17,closed,0.0,1.9199999999999997
2.5,3,30.957862,19,open,1.0,2.5
2.58,3,30.963646,15,open,1.0,2.58
2.58,3,30.969407,15,open,1.0,2.58
0.37,3,30.975223,15,open,1.0,0.3699999999999999
-3.45,3,30.981308,15,closed,0.0,-3.4499999999999997
1.92,3,30.987691,17,closed,0.0,1.9199999999999997
2.58,3,30.993485,15,open,1.0,2.58
2.28,3,31.000268,19,closed,0.0,2.28
2.28,3,31.006998,19,closed,0.0,2.28
2.14,3,31.013119,17,open,1.0,2.1399999999999997
-4.25,3,31.019302,15,closed,0.0,-4.25
0.11,3,31.025717,17,closed,0.0,0.10999999999999988
2.36,3,31.031653,17,open,1.0,2.36
2.28,3,31.038567,19,closed,0.0,2.28
-4.25,3,31.044606,15,closed,0.0,-4.25
1.92,3,31.051052,17,closed,0.0,1.9199999999999997
2.5,3,31.057563,19,open,1.0,2.5
2.58,3,31.063389,15,open,1.0,2.58
2.36,3,31.069342,17,open,1.0,2.36
2.5,3,31.075835,19,open,1.0,2.5
2.14,3,31.082033,17,open,1.0,2.1399999999999997
2.58,3,31.087734,15,open,1.0,2.58
-3.85,3,31.093819,15,closed,0.0,-3.85
2.46,3,31.10069,19,closed,0.0,2.46
2.46,3,31.107611,19,closed,0.0,2.46
1.92,3,31.114063,17,closed,0.0,1.9199999999999997
-4.05,3,31.120136,15,closed,0.0,-4.050000000000001
1.92,3,31.12647,17,closed,0.0,1.9199999999999997
1.92,3,31.132824,17,closed,0.0,1.9199999999999997
1.92,3,31.139189,17,closed,0.0,1.9199999999999997
2.32,3,31.145457,19,open,1.0,2.32
-3.45,3,31.15154,15,closed,0.0,-3.4499999999999997
2.54,3,31.157646,19,open,1.0,2.54
2.46,3,31.164643,19,closed,0.0,2.46
2.54,3,31.170795,19,open,1.0,2.54
1.92,3,31.177156,17,closed,0.0,1.9199999999999997
2.36,3,31.183178,17,open,1.0,2.36
2.36,3,31.189091,17,open,1.0,2.36
2.5,3,31.195572,19,open,1.0,2.5
-4.05,3,31.201689,15,closed,0.0,-4.050000000000001
1.92,3,31.208038,17,closed,0.0,1.9199999999999997
1.92,3,31.214489,17,closed,0.0,1.9199999999999997
1.92,3,31.220783,17,open,1.0,1.9199999999999997
2.28,3,31.227512,19,closed,0.0,2.28
2.46,3,31.234578,19,closed,0.0,2.46
1.92,3,31.240926,17,closed,0.0,1.9199999999999997
2.36,3,31.246891,17,open,1.0,2.36
1.92,3,31.253361,17,closed,0.0,1.9199999999999997
2.58,3,31.259124,15,open,1.0,2.58
-3.85,3,31.265275,15,closed,0.0,-3.85
2.5,3,31.271737,19,open,1.0,2.5
1.92,3,31.278117,17,closed,0.0,1.9199999999999997
1.92,3,31.284548,17,closed,0.0,1.9199999999999997
2.46,3,31.291402,19,closed,0.0,2.46
-3.85,3,31.297588,15,closed,0.0,-3.85
2.46,3,31.304461,19,closed,0.0,2.46
2.14,3,31.310562,17,open,1.0,2.1399999999999997
2.46,3,31.317511,19,closed,0.0,2.46
2.5,3,31.324025,19,open,1.0,2.5
2.58,3,31.329878,15,open,1.0,2.58
0.11,3,31.336419,17,closed,0.0,0.10999999999999988
1.92,3,31.342761,17,closed,0.0,1.9199999999999997
1.92,3,31.349206,17,closed,0.0,1.9199999999999997
2.14,3,31.355391,17,open,1.0,2.1399999999999997
-0.39,3,31.361874,17,closed,0.0,-0.39000000000000035
2.28,3,31.368777,19,closed,0.0,2.28
2.54,3,31.374903,19,open,1.0,2.54
-4.05,3,31.380983,15,closed,0.0,-4.050000000000001
2.58,3,31.386841,15,open,1.0,2.58
2.5,3,31.393419,19,open,1.0,2.5
2.5,3,31.400064,19,open,1.0,2.5
-4.25,3,31.406387,15,closed,0.0,-4.25
1.92,3,31.412879,17,closed,0.0,1.9199999999999997
-4.25,3,31.418949,15,closed,0.0,-4.25
2.46,3,31.425939,19,closed,0.0,2.46
1.92,3,31.432363,17,closed,0.0,1.9199999999999997
2.5,3,31.439026,19,open,1.0,2.5
2.32,3,31.445414,19,open,1.0,2.32
-4.25,3,31.451597,15,closed,0.0,-4.25
2.58,3,31.45734,15,open,1.0,2.58
1.92,3,31.463714,17,closed,0.0,1.9199999999999997
1.92,3,31.47011,17,closed,0.0,1.9199999999999997
2.5,3,31.47684,19,open,1.0,2.5
2.36,3,31.482766,17,open,1.0,2.36
2.46,3,31.489789,19,closed,0.0,2.46
2.46,3,31.572422,19,closed,0.0,2.46
2.28,3,31.579346,19,closed,0.0,2.28
2.36,3,31.585236,17,open,1.0,2.36
2.46,3,31.592352,19,closed,0.0,2.46
2.46,3,31.599331,19,closed,0.0,2.46
1.92,3,31.605809,17,closed,0.0,1.9199999999999997
2.46,3,31.612876,19,closed,0.0,2.46
2.46,3,31.619826,19,closed,0.0,2.46
2.58,3,31.625865,15,open,1.0,2.58
2.54,3,31.632036,19,open,1.0,2.54
2.14,3,31.638279,17,open,1.0,2.1399999999999997
0.57,3,31.644432,15,open,1.0,0.5700000000000001
2.54,3,31.650727,19,open,1.0,2.54
1.92,3,31.657265,17,closed,0.0,1.9199999999999997
-3.85,3,31.663906,15,closed,0.0,-3.85
2.36,3,31.669831,17,open,1.0,2.36
2.58,3,31.675873,15,open,1.0,2.58
2.36,3,31.681768,17,open,1.0,2.36
2.58,3,31.687559,15,open,1.0,2.58
2.46,3,31.694618,19,closed,0.0,2.46
2.36,3,31.700649,17,open,1.0,2.36
-3.85,3,31.706827,15,closed,0.0,-3.85
2.46,3,31.713962,19,closed,0.0,2.46
2.36,3,31.719888,17,open,1.0,2.36
2.46,3,31.72701,19,closed,0.0,2.46
2.5,3,31.733568,19,open,1.0,2.5
2.46,3,31.740858,19,closed,0.0,2.46
-3.65,3,31.746988,15,closed,0.0,-3.65
2.32,3,31.753354,19,open,1.0,2.32
2.5,3,31.759992,19,open,1.0,2.5
2.54,3,31.766077,19,open,1.0,2.54
2.58,3,31.771839,15,open,1.0,2.58
1.92,3,31.778296,17,closed,0.0,1.9199999999999997
2.5,3,31.784796,19,open,1.0,2.5
-3.85,3,31.790876,15,closed,0.0,-3.85
-4.05,3,31.797043,15,closed,0.0,-4.050000000000001
2.58,3,31.802866,15,open,1.0,2.58
1.92,3,31.809213,17,closed,0.0,1.9199999999999997
1.92,3,31.815517,17,closed,0.0,1.9199999999999997
2.54,3,31.82168,19,open,1.0,2.54
2.5,3,31.828145,19,open,1.0,2.5
1.92,3,31.834467,17,closed,0.0,1.9199999999999997
2.46,3,31.841316,19,closed,0.0,2.46
2.46,3,31.848256,19,closed,0.0,2.46
2.58,3,31.853941,15,open,1.0,2.58
2.46,3,31.860798,19,closed,0.0,2.46
2.46,3,31.867667,19,closed,0.0,2.46
1.92,3,31.874012,17,closed,0.0,1.9199999999999997
-3.85,3,31.880056,15,closed,0.0,-3.85
2.58,3,31.885772,15,open,1.0,2.58
2.46,3,31.892822,19,open,1.0,2.46
1.92,3,31.899159,17,closed,0.0,1.9199999999999997
2.36,3,31.904994,17,open,1.0,2.36
2.54,3,31.911252,19,open,1.0,2.54
2.28,3,31.918261,19,closed,0.0,2.28
2.54,3,31.924495,19,open,1.0,2.54
1.92,3,31.93078,17,open,1.0,1.9199999999999997
1.92,3,31.937136,17,closed,0.0,1.9199999999999997
2.46,3,31.944242,19,closed,0.0,2.46
2.46,3,31.951224,19,closed,0.0,2.46
2.14,3,31.957449,17,open,1.0,2.1399999999999997
2.46,3,31.964363,19,closed,0.0,2.46
2.46,3,31.971238,19,closed,0.0,2.46
1.92,3,31.977772,17,closed,0.0,1.9199999999999997
2.36,3,31.98373,17,open,1.0,2.36
2.54,3,31.989852,19,open,1.0,2.54
2.46,3,31.9968,19,open,1.0,2.46
-3.85,3,32.003134,15,closed,0.0,-3.85
1.92,3,32.009633,17,closed,0.0,1.9199999999999997
2.36,3,32.01562,17,open,1.0,2.36
1.92,3,32.02199,17,closed,0.0,1.9199999999999997
-3.85,3,32.028254,15,closed,0.0,-3.85
1.92,3,32.034834,17,closed,0.0,1.9199999999999997
-4.65,3,32.041174,15,closed,0.0,-4.65
2.58,3,32.046934,15,open,1.0,2.58
1.92,3,32.053231,17,closed,0.0,1.9199999999999997
0.11,3,32.05993,17,closed,0.0,0.10999999999999988
2.36,3,32.065996,17,open,1.0,2.36
2.46,3,32.073065,19,closed,0.0,2.46
1.92,3,32.079411,17,closed,0.0,1.9199999999999997
2.46,3,32.08636,19,closed,0.0,2.46
-0.39,3,32.092855,17,closed,0.0,-0.39000000000000035
2.5,3,32.099285,19,open,1.0,2.5
1.92,3,32.10565,17,closed,0.0,1.9199999999999997
2.5,3,32.112126,19,open,1.0,2.5
2.14,3,32.118149,17,open,1.0,2.1399999999999997
1.92,3,32.12445,17,closed,0.0,1.9199999999999997
2.36,3,32.130505,17,open,1.0,2.36
-4.25,3,32.136873,15,closed,0.0,-4.25
1.92,3,32.143264,17,closed,0.0,1.9199999999999997
2.14,3,32.149385,17,open,1.0,2.1399999999999997
1.92,3,32.15568,17,closed,0.0,1.9199999999999997
1.92,3,32.162038,17,closed,0.0,1.9199999999999997
2.58,3,32.167737,15,open,1.0,2.58
2.14,3,32.17377,17,open,1.0,2.1399999999999997
2.58,3,32.180002,15,open,1.0,2.58
1.92,3,32.18682,17,closed,0.0,1.9199999999999997
0.57,3,32.193326,15,open,1.0,0.5700000000000001
2.46,3,32.200846,19,closed,0.0,2.46
2.58,3,32.20663,15,open,1.0,2.58
-0.39,3,32.213048,17,closed,0.0,-0.39000000000000035
2.58,3,32.218738,15,open,1.0,2.58
1.92,3,32.225057,17,closed,0.0,1.9199999999999997
2.28,3,32.23174,19,closed,0.0,2.28
2.46,3,32.238735,19,closed,0.0,2.46
2.46,3,32.245699,19,closed,0.0,2.46
2.54,3,32.251902,19,open,1.0,2.54
2.58,3,32.257706,15,open,1.0,2.58
1.92,3,32.26403,17,closed,0.0,1.9199999999999997
-4.25,3,32.270033,15,closed,0.0,-4.25
2.58,3,32.275795,15,open,1.0,2.58
2.58,3,32.28163,15,open,1.0,2.58
2.58,3,32.287358,15,open,1.0,2.58
2.36,3,32.293315,17,open,1.0,2.36
2.46,3,32.300282,19,closed,0.0,2.46
1.92,3,32.30664,17,closed,0.0,1.9199999999999997
0.57,3,32.312453,15,open,1.0,0.5700000000000001
2.36,3,32.318331,17,open,1.0,2.36
2.46,3,32.325288,19,closed,0.0,2.46
0.37,3,32.331038,15,open,1.0,0.3699999999999999
-3.85,3,32.337306,15,closed,0.0,-3.85
1.92,3,32.34383,17,closed,0.0,1.9199999999999997
2.36,3,32.349903,17,open,1.0,2.36
2.46,3,32.357018,19,closed,0.0,2.46
1.92,3,32.363505,17,closed,0.0,1.9199999999999997
2.14,3,32.369603,17,open,1.0,2.1399999999999997
1.92,3,32.376215,17,closed,0.0,1.9199999999999997
2.46,3,32.383283,19,closed,0.0,2.46
2.58,3,32.389171,15,open,1.0,2.58
1.92,3,32.395708,17,closed,0.0,1.9199999999999997
1.92,3,32.402035,17,closed,0.0,1.9199999999999997
1.92,3,32.408576,17,closed,0.0,1.9199999999999997
-3.85,3,32.414747,15,closed,0.0,-3.85
-3.85,3,32.420875,15,closed,0.0,-3.85
1.92,3,32.427213,17,closed,0.0,1.9199999999999997
0.11,3,32.433805,17,closed,0.0,0.10999999999999988
2.46,3,32.440837,19,closed,0.0,2.46
2.58,3,32.446529,15,open,1.0,2.58
2.36,3,32.452752,17,open,1.0,2.36
2.58,3,32.458466,15,open,1.0,2.58
2.14,3,32.464561,17,open,1.0,2.1399999999999997
2.58,3,32.470308,15,open,1.0,2.58
2.14,3,32.476585,17,open,1.0,2.1399999999999997
2.46,3,32.483646,19,closed,0.0,2.46
0.37,3,32.489554,15,open,1.0,0.3699999999999999
2.46,3,32.49655,19,closed,0.0,2.46
2.46,3,32.503547,19,open,1.0,2.46
2.58,3,32.509457,15,open,1.0,2.58
2.54,3,32.515539,19,open,1.0,2.54
1.92,3,32.521976,17,closed,0.0,1.9199999999999997
2.36,3,32.528059,17,open,1.0,2.36
2.58,3,32.533757,15,open,1.0,2.58
-3.85,3,32.539984,15,closed,0.0,-3.85
2.14,3,32.546164,17,open,1.0,2.1399999999999997
2.36,3,32.552226,17,open,1.0,2.36
-4.05,3,32.558249,15,closed,0.0,-4.050000000000001
2.58,3,32.564049,15,open,1.0,2.58
2.58,3,32.569735,15,open,1.0,2.58
2.46,3,32.576899,19,closed,0.0,2.46
-3.45,3,32.582878,15,closed,0.0,-3.4499999999999997
2.46,3,32.589919,19,closed,0.0,2.46
2.36,3,32.596026,17,open,1.0,2.36
2.36,3,32.601898,17,open,1.0,2.36
2.5,3,32.608602,19,open,1.0,2.5
1.92,3,32.615059,17,closed,0.0,1.9199999999999997
2.58,3,32.620952,15,open,1.0,2.58
0.57,3,32.626798,15,open,1.0,0.5700000000000001
2.46,3,32.633692,19,closed,0.0,2.46
2.58,3,32.639638,15,open,1.0,2.58
2.36,3,32.64564,17,open,1.0,2.36
2.14,3,32.651871,17,open,1.0,2.1399999999999997
-4.25,3,32.657983,15,closed,0.0,-4.25
2.46,3,32.664962,19,closed,0.0,2.46
2.58,3,32.671029,15,open,1.0,2.58
2.58,3,32.676831,15,open,1.0,2.58
-3.85,3,32.683001,15,closed,0.0,-3.85
2.32,3,32.689326,19,open,1.0,2.32
1.92,3,32.695746,17,closed,0.0,1.9199999999999997
0.55,3,32.701822,17,open,1.0,0.55
2.58,3,32.707525,15,open,1.0,2.58
1.92,3,32.713892,17,closed,0.0,1.9199999999999997
2.5,3,32.720484,19,open,1.0,2.5
2.5,3,32.727043,19,open,1.0,2.5
2.28,3,32.733842,19,open,1.0,2.28
2.46,3,32.740743,19,open,1.0,2.46
1.92,3,32.747197,17,closed,0.0,1.9199999999999997
1.92,3,32.753614,17,closed,0.0,1.9199999999999997
-3.85,3,32.75967,15,closed,0.0,-3.85
1.92,3,32.76614,17,closed,0.0,1.9199999999999997
1.92,3,32.772512,17,closed,0.0,1.9199999999999997
2.36,3,32.778451,17,open,1.0,2.36
1.92,3,32.785035,17,closed,0.0,1.9199999999999997
-3.85,3,32.791154,15,closed,0.0,-3.85
2.5,3,32.797813,19,open,1.0,2.5
2.58,3,32.803624,15,open,1.0,2.58
1.92,3,32.810016,17,closed,0.0,1.9199999999999997
2.36,3,32.816034,17,open,1.0,2.36
1.92,3,32.822448,17,closed,0.0,1.9199999999999997
2.58,3,32.828194,15,open,1.0,2.58
2.58,3,32.833986,15,open,1.0,2.58
2.58,3,32.839771,15,open,1.0,2.58
2.36,3,32.845697,17,open,1.0,2.36
2.46,3,32.852571,19,closed,0.0,2.46
2.54,3,32.858702,19,open,1.0,2.54
2.46,3,32.86551,19,open,1.0,2.46
-3.45,3,32.871681,15,closed,0.0,-3.4499999999999997
2.54,3,32.877854,19,open,1.0,2.54
2.46,3,32.884856,19,closed,0.0,2.46
2.54,3,32.890951,19,open,1.0,2.54
2.14,3,32.897019,17,open,1.0,2.1399999999999997
2.58,3,32.902899,15,open,1.0,2.58
1.92,3,32.909235,17,closed,0.0,1.9199999999999997
1.92,3,32.915685,17,closed,0.0,1.9199999999999997
-3.85,3,32.921702,15,closed,0.0,-3.85
2.14,3,32.927854,17,open,1.0,2.1399999999999997
-3.85,3,32.934027,15,closed,0.0,-3.85
2.5,3,32.940528,19,open,1.0,2.5
1.92,3,32.946843,17,closed,0.0,1.9199999999999997
2.58,3,32.952553,15,open,1.0,2.58
2.28,3,32.959227,19,closed,0.0,2.28
2.32,3,32.96558,19,open,1.0,2.32
2.46,3,32.972503,19,closed,0.0,2.46
2.46,3,32.979447,19,closed,0.0,2.46
1.92,3,32.985785,17,closed,0.0,1.9199999999999997
2.5,3,32.99226,19,open,1.0,2.5
-3.85,3,32.998351,15,closed,0.0,-3.85
-4.25,3,33.004427,15,closed,0.0,-4.25
2.5,3,33.010885,19,open,1.0,2.5
-3.85,3,33.017069,15,closed,0.0,-3.85
1.92,3,33.023389,17,closed,0.0,1.9199999999999997
1.92,3,33.029688,17,closed,0.0,1.9199999999999997
2.46,3,33.036682,19,open,1.0,2.46
2.46,3,33.043632,19,closed,0.0,2.46
1.92,3,33.049965,17,closed,0.0,1.9199999999999997
1.92,3,33.056257,17,closed,0.0,1.9199999999999997
-4.25,3,33.062261,15,closed,0.0,-4.25
2.58,3,33.068066,15,open,1.0,2.58
2.5,3,33.074572,19,open,1.0,2.5
2.46,3,33.081533,19,closed,0.0,2.46
2.5,3,33.08803,19,open,1.0,2.5
2.5,3,33.094449,19,open,1.0,2.5
1.92,3,33.100897,17,closed,0.0,1.9199999999999997
1.92,3,33.10728,17,closed,0.0,1.9199999999999997
2.46,3,33.11421,19,closed,0.0,2.46
-3.85,3,33.120456,15,closed,0.0,-3.85
-3.85,3,33.126592,15,closed,0.0,-3.85
2.14,3,33.132778,17,open,1.0,2.1399999999999997
2.36,3,33.138807,17,open,1.0,2.36
2.28,3,33.145623,19,closed,0.0,2.28
-3.85,3,33.151746,15,closed,0.0,-3.85
2.28,3,33.158415,19,closed,0.0,2.28
1.92,3,33.164782,17,closed,0.0,1.9199999999999997
2.36,3,33.170743,17,open,1.0,2.36
-3.85,3,33.176774,15,closed,0.0,-3.85
2.54,3,33.18298,19,open,1.0,2.54
-4.05,3,33.18901,15,closed,0.0,-4.050000000000001
1.92,3,33.195413,17,closed,0.0,1.9199999999999997
2.58,3,33.201298,15,open,1.0,2.58
2.46,3,33.208125,19,closed,0.0,2.46
1.92,3,33.214395,17,closed,0.0,1.9199999999999997
-3.85,3,33.220542,15,closed,0.0,-3.85
-3.85,3,33.226553,15,closed,0.0,-3.85
2.58,3,33.232343,15,open,1.0,2.58
1.92,3,33.23883,17,closed,0.0,1.9199999999999997
2.28,3,33.245677,19,closed,0.0,2.28
2.36,3,33.251594,17,open,1.0,2.36
2.5,3,33.258064,19,open,1.0,2.5
2.36,3,33.264056,17,open,1.0,2.36
1.92,3,33.270433,17,closed,0.0,1.9199999999999997
1.92,3,33.276744,17,closed,0.0,1.9199999999999997
2.54,3,33.282971,19,open,1.0,2.54
2.14,3,33.289147,17,open,1.0,2.1399999999999997
2.46,3,33.296058,19,closed,0.0,2.46
1.92,3,33.302516,17,closed,0.0,1.9199999999999997
2.14,3,33.308564,17,open,1.0,2.1399999999999997
2.46,3,33.31547,19,closed,0.0,2.46
2.58,3,33.321191,15,open,1.0,2.58
1.92,3,33.327564,17,closed,0.0,1.9199999999999997
2.28,3,33.33426,19,closed,0.0,2.28
2.46,3,33.341208,19,open,1.0,2.46
2.1,3,33.347748,19,closed,0.0,2.0999999999999996
-3.85,3,33.353885,15,closed,0.0,-3.85
2.46,3,33.360786,19,closed,0.0,2.46
2.46,3,33.367761,19,closed,0.0,2.46
1.92,3,33.374115,17,closed,0.0,1.9199999999999997
-4.25,3,33.38027,15,closed,0.0,-4.25
1.92,3,33.386619,17,open,1.0,1.9199999999999997
2.36,3,33.392483,17,open,1.0,2.36
2.46,3,33.399273,19,open,1.0,2.46
2.36,3,33.405156,19,open,1.0,2.36
2.5,3,33.411591,19,open,1.0,2.5
2.46,3,33.418563,19,open,1.0,2.46
-3.85,3,33.424748,15,closed,0.0,-3.85
2.46,3,33.431776,19,open,1.0,2.46
2.5,3,33.438427,19,open,1.0,2.5
-3.85,3,33.444608,15,closed,0.0,-3.85
1.92,3,33.451039,17,closed,0.0,1.9199999999999997
1.92,3,33.457374,17,closed,0.0,1.9199999999999997
-0.39,3,33.463905,17,closed,0.0,-0.39000000000000035
2.5,3,33.470462,19,open,1.0,2.5
1.92,3,33.476767,17,closed,0.0,1.9199999999999997
-4.25,3,33.482876,15,closed,0.0,-4.25
2.36,3,33.488792,17,open,1.0,2.36
2.46,3,33.495684,19,closed,0.0,2.46
2.58,3,33.501546,15,open,1.0,2.58
2.28,3,33.508204,19,closed,0.0,2.28
2.46,3,33.515175,19,open,1.0,2.46
1.92,3,33.521551,17,closed,0.0,1.9199999999999997
2.36,3,33.52749,17,open,1.0,2.36
2.54,3,33.533699,19,open,1.0,2.54
-3.85,3,33.539816,15,closed,0.0,-3.85
1.92,3,33.546196,17,closed,0.0,1.9199999999999997
2.58,3,33.552076,15,open,1.0,2.58
2.58,3,33.557769,15,open,1.0,2.58
2.14,3,33.563932,17,open,1.0,2.1399999999999997
2.36,3,33.569908,17,open,1.0,2.36
2.36,3,33.575777,17,open,1.0,2.36
2.58,3,33.581601,15,open,1.0,2.58
0.37,3,33.587426,15,open,1.0,0.3699999999999999
2.54,3,33.593615,19,open,1.0,2.54
0.57,3,33.599394,15,open,1.0,0.5700000000000001
2.28,3,33.606181,19,closed,0.0,2.28
2.36,3,33.612188,17,open,1.0,2.36
2.58,3,33.618053,15,open,1.0,2.58
1.92,3,33.624349,17,closed,0.0,1.9199999999999997
2.36,3,33.630361,17,open,1.0,2.36
2.28,3,33.63712,19,closed,0.0,2.28
2.5,3,33.643616,19,open,1.0,2.5
2.5,3,33.650036,19,open,1.0,2.5
2.46,3,33.656881,19,open,1.0,2.46
2.46,3,33.663741,19,closed,0.0,2.46
2.54,3,33.669947,19,open,1.0,2.54
2.1,3,33.676583,19,closed,0.0,2.0999999999999996
1.92,3,33.683066,17,closed,0.0,1.9199999999999997
2.36,3,33.689032,17,open,1.0,2.36
2.46,3,33.695981,19,closed,0.0,2.46
2.58,3,33.701682,15,open,1.0,2.58
2.14,3,33.707855,17,open,1.0,2.1399999999999997
2.58,3,33.713596,15,open,1.0,2.58
2.58,3,33.719439,15,open,1.0,2.58
1.92,3,33.725765,17,closed,0.0,1.9199999999999997
2.46,3,33.732774,19,closed,0.0,2.46
2.36,3,33.813762,17,open,1.0,2.36
-4.25,3,33.819963,15,closed,0.0,-4.25
2.58,3,33.825727,15,open,1.0,2.58
1.92,3,33.832148,17,closed,0.0,1.9199999999999997
2.36,3,33.838147,17,open,1.0,2.36
-4.25,3,33.844259,15,closed,0.0,-4.25
2.5,3,33.850842,19,open,1.0,2.5
2.36,3,33.856803,17,open,1.0,2.36
2.5,3,33.863429,19,open,1.0,2.5
2.58,3,33.86924,15,open,1.0,2.58
-3.85,3,33.875319,15,closed,0.0,-3.85
2.46,3,33.882342,19,closed,0.0,2.46
1.92,3,33.88869,17,closed,0.0,1.9199999999999997
2.36,3,33.89466,17,open,1.0,2.36
2.58,3,33.900503,15,open,1.0,2.58
1.92,3,33.906822,17,closed,0.0,1.9199999999999997
2.54,3,33.912994,19,open,1.0,2.54
1.92,3,33.919474,17,closed,0.0,1.9199999999999997
2.36,3,33.9254,17,open,1.0,2.36
2.36,3,33.931358,17,open,1.0,2.36
-4.05,3,33.937399,15,closed,0.0,-4.050000000000001
2.28,3,33.944105,19,closed,0.0,2.28
2.46,3,33.951139,19,closed,0.0,2.46
2.54,3,33.957277,19,open,1.0,2.54
2.14,3,33.963449,17,open,1.0,2.1399999999999997
1.92,3,33.969834,17,closed,0.0,1.9199999999999997
2.5,3,33.976354,19,open,1.0,2.5
-3.85,3,33.982509,15,closed,0.0,-3.85
2.58,3,33.98828,15,open,1.0,2.58
0.57,3,33.994081,15,open,1.0,0.5700000000000001
2.28,3,34.000843,19,closed,0.0,2.28
1.92,3,34.007201,17,closed,0.0,1.9199999999999997
2.36,3,34.013218,17,open,1.0,2.36
2.46,3,34.020185,19,closed,0.0,2.46
1.92,3,34.026523,17,closed,0.0,1.9199999999999997
-4.05,3,34.032672,15,closed,0.0,-4.050000000000001
2.36,3,34.038636,17,open,1.0,2.36
-3.85,3,34.044745,15,closed,0.0,-3.85
2.5,3,34.051327,19,open,1.0,2.5
2.5,3,34.057847,19,open,1.0,2.5
2.36,3,34.063899,17,open,1.0,2.36
2.58,3,34.069643,15,open,1.0,2.58
2.54,3,34.075827,19,open,1.0,2.54
2.46,3,34.082803,19,closed,0.0,2.46
2.58,3,34.088588,15,open,1.0,2.58
2.58,3,34.094322,15,open,1.0,2.58
1.92,3,34.100803,17,closed,0.0,1.9199999999999997
-3.85,3,34.10691,15,closed,0.0,-3.85
2.36,3,34.112945,17,open,1.0,2.36
2.36,3,34.118917,17,open,1.0,2.36
0.57,3,34.124755,15,open,1.0,0.5700000000000001
2.46,3,34.131635,19,closed,0.0,2.46
1.92,3,34.137945,17,open,1.0,1.9199999999999997
2.5,3,34.144471,19,open,1.0,2.5
-4.25,3,34.150561,15,closed,0.0,-4.25
2.14,3,34.156757,17,open,1.0,2.1399999999999997
2.36,3,34.162798,17,open,1.0,2.36
2.46,3,34.169713,19,closed,0.0,2.46
2.58,3,34.175471,15,open,1.0,2.58
2.36,3,34.181504,19,open,1.0,2.36
2.58,3,34.187266,15,open,1.0,2.58
2.5,3,34.19371,19,open,1.0,2.5
-3.85,3,34.199868,15,closed,0.0,-3.85
1.92,3,34.206245,17,closed,0.0,1.9199999999999997
1.92,3,34.21261,17,closed,0.0,1.9199999999999997
-3.85,3,34.218682,15,closed,0.0,-3.85
2.46,3,34.225595,19,closed,0.0,2.46
2.54,3,34.2317,19,open,1.0,2.54
2.36,3,34.237661,17,open,1.0,2.36
2.58,3,34.243444,15,open,1.0,2.58
1.92,3,34.249816,17,closed,0.0,1.9199999999999997
2.5,3,34.256325,19,open,1.0,2.5
2.36,3,34.262254,17,open,1.0,2.36
-4.25,3,34.268392,15,closed,0.0,-4.25
2.58,3,34.274127,15,open,1.0,2.58
2.36,3,34.280056,17,open,1.0,2.36
2.58,3,34.285923,15,open,1.0,2.58
-3.85,3,34.291987,15,closed,0.0,-3.85
2.46,3,34.298996,19,closed,0.0,2.46
2.58,3,34.304712,15,open,1.0,2.58
2.36,3,34.310661,17,open,1.0,2.36
2.46,3,34.317688,19,closed,0.0,2.46
2.5,3,34.324205,19,open,1.0,2.5
2.46,3,34.331079,19,closed,0.0,2.46
1.92,3,34.337403,17,closed,0.0,1.9199999999999997
0.37,3,34.343242,15,open,1.0,0.3699999999999999
1.92,3,34.34956,17,closed,0.0,1.9199999999999997
1.92,3,34.355873,17,closed,0.0,1.9199999999999997
2.36,3,34.361829,17,open,1.0,2.36
2.46,3,34.368904,19,closed,0.0,2.46
2.54,3,34.375057,19,open,1.0,2.54
2.54,3,34.381304,19,open,1.0,2.54
2.14,3,34.387478,17,open,1.0,2.1399999999999997
2.36,3,34.393398,17,open,1.0,2.36
-0.39,3,34.400032,17,closed,0.0,-0.39000000000000035
-3.85,3,34.406218,15,closed,0.0,-3.85
2.5,3,34.412675,19,open,1.0,2.5
2.36,3,34.418798,17,open,1.0,2.36
-3.85,3,34.424853,15,closed,0.0,-3.85
0.57,3,34.430757,15,open,1.0,0.5700000000000001
2.14,3,34.436896,17,open,1.0,2.1399999999999997
2.46,3,34.443868,19,closed,0.0,2.46
2.36,3,34.449926,17,open,1.0,2.36
-4.05,3,34.455995,15,closed,0.0,-4.050000000000001
2.5,3,34.462482,19,open,1.0,2.5
1.92,3,34.468947,17,closed,0.0,1.9199999999999997
2.14,3,34.475005,17,open,1.0,2.1399999999999997
-4.25,3,34.481178,15,closed,0.0,-4.25
2.46,3,34.488104,19,closed,0.0,2.46
-3.85,3,34.494237,15,closed,0.0,-3.85
2.46,3,34.501198,19,open,1.0,2.46
2.58,3,34.506934,15,open,1.0,2.58
1.92,3,34.513249,17,open,1.0,1.9199999999999997
1.92,3,34.519673,17,closed,0.0,1.9199999999999997
1.92,3,34.526037,17,closed,0.0,1.9199999999999997
-3.85,3,34.532042,15,closed,0.0,-3.85
2.58,3,34.537779,15,open,1.0,2.58
2.46,3,34.544678,19,closed,0.0,2.46
2.28,3,34.551367,19,closed,0.0,2.28
2.36,3,34.557421,17,open,1.0,2.36
2.58,3,34.563207,15,open,1.0,2.58
2.46,3,34.570221,19,closed,0.0,2.46
2.46,3,34.577213,19,closed,0.0,2.46
-3.85,3,34.583431,15,closed,0.0,-3.85
-3.85,3,34.589474,15,closed,0.0,-3.85
2.58,3,34.595248,15,open,1.0,2.58
-4.25,3,34.601407,15,closed,0.0,-4.25
2.46,3,34.608318,19,closed,0.0,2.46
2.58,3,34.614083,15,open,1.0,2.58
-3.85,3,34.62027,15,closed,0.0,-3.85
2.32,3,34.626551,19,open,1.0,2.32
1.92,3,34.632993,17,closed,0.0,1.9199999999999997
2.46,3,34.639884,19,open,1.0,2.46
2.46,3,34.646896,19,closed,0.0,2.46
2.54,3,34.653043,19,open,1.0,2.54
2.46,3,34.659884,19,open,1.0,2.46
2.36,3,34.665908,17,open,1.0,2.36
2.5,3,34.672421,19,open,1.0,2.5
2.46,3,34.679409,19,closed,0.0,2.46
2.58,3,34.685192,15,open,1.0,2.58
-3.85,3,34.69116,15,closed,0.0,-3.85
1.92,3,34.697517,17,closed,0.0,1.9199999999999997
-3.85,3,34.703658,15,closed,0.0,-3.85
2.46,3,34.710608,19,closed,0.0,2.46
2.46,3,34.717634,19,closed,0.0,2.46
2.46,3,34.72456,19,closed,0.0,2.46
-4.25,3,34.730678,15,closed,0.0,-4.25
2.54,3,34.73683,19,open,1.0,2.54
2.46,3,34.74374,19,closed,0.0,2.46
2.46,3,34.750716,19,closed,0.0,2.46
2.14,3,34.756856,17,open,1.0,2.1399999999999997
-3.85,3,34.762951,15,closed,0.0,-3.85
-3.85,3,34.769052,15,closed,0.0,-3.85
2.54,3,34.775165,19,open,1.0,2.54
1.92,3,34.78161,17,closed,0.0,1.9199999999999997
2.36,3,34.787581,19,open,1.0,2.36
2.5,3,34.794027,19,open,1.0,2.5
2.58,3,34.799847,15,open,1.0,2.58
1.92,3,34.806146,17,closed,0.0,1.9199999999999997
2.58,3,34.811918,15,open,1.0,2.58
1.92,3,34.818256,17,closed,0.0,1.9199999999999997
2.54,3,34.824326,19,open,1.0,2.54
2.28,3,34.831107,19,closed,0.0,2.28
2.54,3,34.837213,19,open,1.0,2.54
2.46,3,34.844129,19,closed,0.0,2.46
1.92,3,34.850593,17,closed,0.0,1.9199999999999997
2.36,3,34.856488,17,open,1.0,2.36
1.92,3,34.862905,17,closed,0.0,1.9199999999999997
1.92,3,34.869275,17,closed,0.0,1.9199999999999997
2.14,3,34.875366,17,open,1.0,2.1399999999999997
2.54,3,34.881641,19,open,1.0,2.54
-3.85,3,34.887669,15,closed,0.0,-3.85
1.92,3,34.894031,17,closed,0.0,1.9199999999999997
2.46,3,34.901006,19,open,1.0,2.46
2.36,3,34.90694,17,open,1.0,2.36
2.58,3,34.912742,15,open,1.0,2.58
1.92,3,34.919092,17,closed,0.0,1.9199999999999997
2.1,3,34.925574,19,closed,0.0,2.0999999999999996
2.46,3,34.932569,19,closed,0.0,2.46
2.36,3,34.938491,17,open,1.0,2.36
-3.85,3,34.944529,15,closed,0.0,-3.85
-3.85,3,34.950624,15,closed,0.0,-3.85
-3.85,3,34.956642,15,closed,0.0,-3.85
2.5,3,34.963097,19,open,1.0,2.5
1.92,3,34.969571,17,closed,0.0,1.9199999999999997
-3.85,3,34.975608,15,closed,0.0,-3.85
1.92,3,34.981993,17,closed,0.0,1.9199999999999997
2.36,3,34.987912,17,open,1.0,2.36
2.58,3,34.993614,15,open,1.0,2.58
1.92,3,35.000069,17,closed,0.0,1.9199999999999997
2.46,3,35.006927,19,closed,0.0,2.46
-3.85,3,35.01296,15,closed,0.0,-3.85
2.46,3,35.019863,19,closed,0.0,2.46
1.92,3,35.026283,17,closed,0.0,1.9199999999999997
-3.85,3,35.03238,15,closed,0.0,-3.85
2.5,3,35.038937,19,open,1.0,2.5
2.58,3,35.044697,15,open,1.0,2.58
1.92,3,35.051176,17,closed,0.0,1.9199999999999997
1.92,3,35.057532,17,closed,0.0,1.9199999999999997
2.36,3,35.063552,17,open,1.0,2.36
2.5,3,35.070069,19,open,1.0,2.5
2.54,3,35.076172,19,open,1.0,2.54
2.36,3,35.082163,17,open,1.0,2.36
-4.65,3,35.088297,15,closed,0.0,-4.65
2.46,3,35.095218,19,closed,0.0,2.46
2.36,3,35.101213,17,open,1.0,2.36
2.5,3,35.107666,19,open,1.0,2.5
2.28,3,35.114479,19,closed,0.0,2.28
2.5,3,35.12095,19,open,1.0,2.5
2.58,3,35.12671,15,open,1.0,2.58
2.36,3,35.132724,17,open,1.0,2.36
-3.85,3,35.138785,15,closed,0.0,-3.85
2.46,3,35.145716,19,closed,0.0,2.46
2.46,3,35.152692,19,open,1.0,2.46
-3.85,3,35.158738,15,closed,0.0,-3.85
-3.85,3,35.164817,15,closed,0.0,-3.85
-3.85,3,35.170806,15,closed,0.0,-3.85
2.36,3,35.176708,19,open,1.0,2.36
1.92,3,35.183144,17,closed,0.0,1.9199999999999997
1.92,3,35.189469,17,closed,0.0,1.9199999999999997
2.14,3,35.195558,17,open,1.0,2.1399999999999997
2.36,3,35.201634,17,open,1.0,2.36
-3.85,3,35.207664,15,closed,0.0,-3.85
1.92,3,35.214115,17,closed,0.0,1.9199999999999997
-3.85,3,35.220263,15,closed,0.0,-3.85
2.36,3,35.226225,17,open,1.0,2.36
-3.85,3,35.23234,15,closed,0.0,-3.85
2.58,3,35.238127,15,open,1.0,2.58
2.46,3,35.245044,19,closed,0.0,2.46
1.92,3,35.25144,17,closed,0.0,1.9199999999999997
-3.85,3,35.257457,15,closed,0.0,-3.85
-3.85,3,35.263501,15,closed,0.0,-3.85
2.58,3,35.269189,15,open,1.0,2.58
-3.85,3,35.275205,15,closed,0.0,-3.85
1.92,3,35.281607,17,closed,0.0,1.9199999999999997
-3.85,3,35.28769,15,closed,0.0,-3.85
-3.85,3,35.293707,15,closed,0.0,-3.85
2.46,3,35.300695,19,closed,0.0,2.46
2.58,3,35.30647,15,open,1.0,2.58
-3.85,3,35.312516,15,closed,0.0,-3.85
2.58,3,35.318393,15,open,1.0,2.58
-3.85,3,35.324436,15,closed,0.0,-3.85
2.54,3,35.330603,19,open,1.0,2.54
2.58,3,35.336337,15,open,1.0,2.58
2.46,3,35.343309,19,closed,0.0,2.46
2.46,3,35.350283,19,closed,0.0,2.46
2.58,3,35.35605,15,open,1.0,2.58
2.58,3,35.36177,15,open,1.0,2.58
0.11,3,35.368348,17,closed,0.0,0.10999999999999988
2.14,3,35.374512,17,open,1.0,2.1399999999999997
2.14,3,35.380703,17,open,1.0,2.1399999999999997
-4.25,3,35.386826,15,closed,0.0,-4.25
2.58,3,35.392571,15,open,1.0,2.58
-0.39,3,35.399009,17,closed,0.0,-0.39000000000000035
0.57,3,35.404883,15,open,1.0,0.5700000000000001
2.36,3,35.410797,17,open,1.0,2.36
-4.25,3,35.416837,15,closed,0.0,-4.25
2.58,3,35.422672,15,open,1.0,2.58
2.36,3,35.428718,17,open,1.0,2.36
1.92,3,35.435217,17,closed,0.0,1.9199999999999997
1.92,3,35.44171,17,closed,0.0,1.9199999999999997
2.36,3,35.4477,17,open,1.0,2.36
2.32,3,35.454139,19,open,1.0,2.32
-4.25,3,35.460432,15,closed,0.0,-4.25
2.46,3,35.467448,19,closed,0.0,2.46
2.5,3,35.474031,19,open,1.0,2.5
2.46,3,35.480965,19,closed,0.0,2.46
-3.85,3,35.487127,15,closed,0.0,-3.85
-0.33,3,35.494061,19,closed,0.0,-0.3300000000000003
-3.85,3,35.500221,15,closed,0.0,-3.85
2.58,3,35.505997,15,open,1.0,2.58
2.5,3,35.5126,19,open,1.0,2.5
2.36,3,35.518712,17,open,1.0,2.36
2.36,3,35.524767,17,open,1.0,2.36
1.92,3,35.53119,17,closed,0.0,1.9199999999999997
1.92,3,35.537702,17,closed,0.0,1.9199999999999997
1.92,3,35.544088,17,closed,0.0,1.9199999999999997
2.36,3,35.5501,17,open,1.0,2.36
2.58,3,35.555865,15,open,1.0,2.58
1.92,3,35.562167,17,closed,0.0,1.9199999999999997
2.36,3,35.5683,17,open,1.0,2.36
-3.85,3,35.574485,15,closed,0.0,-3.85
2.46,3,35.581448,19,closed,0.0,2.46
2.46,3,35.588359,19,closed,0.0,2.46
2.14,3,35.594508,17,open,1.0,2.1399999999999997
2.5,3,35.60094,19,open,1.0,2.5
-4.25,3,35.607144,15,closed,0.0,-4.25
2.46,3,35.614109,19,closed,0.0,2.46
2.5,3,35.620823,19,open,1.0,2.5
2.58,3,35.626575,15,open,1.0,2.58
2.14,3,35.632772,17,open,1.0,2.1399999999999997
1.92,3,35.6391,17,closed,0.0,1.9199999999999997
-4.05,3,35.645414,15,closed,0.0,-4.050000000000001
2.46,3,35.652493,19,closed,0.0,2.46
2.36,3,35.65845,17,open,1.0,2.36
2.46,3,35.665417,19,closed,0.0,2.46
2.46,3,35.672333,19,closed,0.0,2.46
-3.85,3,35.678316,15,closed,0.0,-3.85
2.58,3,35.684025,15,open,1.0,2.58
2.58,3,35.689682,15,open,1.0,2.58
2.36,3,35.695565,17,open,1.0,2.36
0.57,3,35.701582,15,open,1.0,0.5700000000000001
2.46,3,35.708548,19,closed,0.0,2.46
1.92,3,35.715099,17,closed,0.0,1.9199999999999997
2.58,3,35.720878,15,open,1.0,2.58
2.58,3,35.726668,15,open,1.0,2.58
2.46,3,35.733561,19,closed,0.0,2.46
2.46,3,35.740353,19,open,1.0,2.46
1.92,3,35.746929,17,closed,0.0,1.9199999999999997
2.5,3,35.753655,19,open,1.0,2.5
1.92,3,35.75999,17,closed,0.0,1.9199999999999997
2.58,3,35.765881,15,open,1.0,2.58
2.28,3,35.772664,19,closed,0.0,2.28
1.92,3,35.778971,17,closed,0.0,1.9199999999999997
2.36,3,35.78499,17,open,1.0,2.36
1.92,3,35.791379,17,closed,0.0,1.9199999999999997
-4.25,3,35.797523,15,closed,0.0,-4.25
1.92,3,35.803838,17,closed,0.0,1.9199999999999997
2.28,3,35.810735,19,closed,0.0,2.28
-3.45,3,35.816876,15,closed,0.0,-3.4499999999999997
1.92,3,35.82328,17,closed,0.0,1.9199999999999997
-4.05,3,35.829354,15,closed,0.0,-4.050000000000001
2.5,3,35.835999,19,open,1.0,2.5
2.36,3,35.841935,19,open,1.0,2.36
-4.65,3,35.848087,15,closed,0.0,-4.65
2.46,3,35.855146,19,closed,0.0,2.46
2.5,3,35.861697,19,open,1.0,2.5
-3.85,3,35.867732,15,closed,0.0,-3.85
2.46,3,35.874621,19,closed,0.0,2.46
2.36,3,35.880596,17,open,1.0,2.36
2.58,3,35.886343,15,open,1.0,2.58
2.58,3,35.892191,15,open,1.0,2.58
2.46,3,35.899173,19,open,1.0,2.46
2.46,3,35.906179,19,closed,0.0,2.46
2.58,3,35.911996,15,open,1.0,2.58
2.46,3,35.918955,19,closed,0.0,2.46
2.36,3,35.925001,19,open,1.0,2.36
2.46,3,35.932033,19,closed,0.0,2.46
-3.85,3,35.938173,15,closed,0.0,-3.85
-3.85,3,35.944243,15,closed,0.0,-3.85
-3.45,3,35.95036,15,closed,0.0,-3.4499999999999997
1.92,3,36.038581,17,closed,0.0,1.9199999999999997
2.58,3,36.044631,15,open,1.0,2.58
-3.85,3,36.050768,15,closed,0.0,-3.85
2.46,3,36.057738,19,closed,0.0,2.46
2.36,3,36.063718,17,open,1.0,2.36
2.36,3,36.069804,17,open,1.0,2.36
1.92,3,36.076177,17,closed,0.0,1.9199999999999997
2.58,3,36.082045,15,open,1.0,2.58
2.36,3,36.087996,17,open,1.0,2.36
2.46,3,36.094877,19,closed,0.0,2.46
-3.85,3,36.101091,15,closed,0.0,-3.85
1.92,3,36.107472,17,closed,0.0,1.9199999999999997
2.46,3,36.114453,19,closed,0.0,2.46
-4.25,3,36.120594,15,closed,0.0,-4.25
2.58,3,36.126288,15,open,1.0,2.58
-3.85,3,36.132448,15,closed,0.0,-3.85
2.46,3,36.139401,19,closed,0.0,2.46
2.36,3,36.145449,17,open,1.0,2.36
1.92,3,36.151863,17,closed,0.0,1.9199999999999997
2.14,3,36.157951,17,open,1.0,2.1399999999999997
2.54,3,36.164136,19,open,1.0,2.54
2.58,3,36.169927,15,open,1.0,2.58
1.92,3,36.176451,17,closed,0.0,1.9199999999999997
2.28,3,36.183244,19,open,1.0,2.28
2.58,3,36.189024,15,open,1.0,2.58
2.58,3,36.194795,15,open,1.0,2.58
2.58,3,36.200649,15,open,1.0,2.58
2.58,3,36.206419,15,open,1.0,2.58
-3.85,3,36.212502,15,closed,0.0,-3.85
2.46,3,36.219586,19,closed,0.0,2.46
2.28,3,36.226458,19,closed,0.0,2.28
-3.85,3,36.232625,15,closed,0.0,-3.85
2.54,3,36.238773,19,open,1.0,2.54
2.36,3,36.244741,17,open,1.0,2.36
2.58,3,36.250545,15,open,1.0,2.58
1.92,3,36.256928,17,closed,0.0,1.9199999999999997
2.58,3,36.262743,15,open,1.0,2.58
2.58,3,36.268622,15,open,1.0,2.58
2.46,3,36.275581,19,closed,0.0,2.46
1.92,3,36.282027,17,closed,0.0,1.9199999999999997
2.58,3,36.287706,15,open,1.0,2.58
2.46,3,36.294583,19,closed,0.0,2.46
1.92,3,36.300988,17,closed,0.0,1.9199999999999997
2.58,3,36.3067,15,open,1.0,2.58
2.14,3,36.312859,17,open,1.0,2.1399999999999997
2.36,3,36.31876,17,open,1.0,2.36
2.46,3,36.325619,19,open,1.0,2.46
2.58,3,36.331353,15,open,1.0,2.58
0.37,3,36.33716,15,open,1.0,0.3699999999999999
2.36,3,36.343106,17,open,1.0,2.36
2.5,3,36.349679,19,open,1.0,2.5
2.36,3,36.355649,17,open,1.0,2.36
2.54,3,36.361813,19,open,1.0,2.54
1.92,3,36.368167,17,closed,0.0,1.9199999999999997
2.54,3,36.374445,19,open,1.0,2.54
2.46,3,36.381278,19,closed,0.0,2.46
1.92,3,36.387826,17,closed,0.0,1.9199999999999997
-4.25,3,36.393942,15,closed,0.0,-4.25
1.92,3,36.400452,17,closed,0.0,1.9199999999999997
-3.85,3,36.406552,15,closed,0.0,-3.85
2.36,3,36.412532,17,open,1.0,2.36
2.54,3,36.418752,19,open,1.0,2.54
1.92,3,36.42512,17,closed,0.0,1.9199999999999997
1.92,3,36.431525,17,closed,0.0,1.9199999999999997
2.46,3,36.438481,19,closed,0.0,2.46
2.36,3,36.444442,17,open,1.0,2.36
2.36,3,36.450443,17,open,1.0,2.36
2.5,3,36.456929,19,open,1.0,2.5
2.14,3,36.463099,17,open,1.0,2.1399999999999997
1.92,3,36.469505,17,closed,0.0,1.9199999999999997
1.92,3,36.475816,17,open,1.0,1.9199999999999997
1.92,3,36.482235,17,closed,0.0,1.9199999999999997
2.46,3,36.489242,19,closed,0.0,2.46
2.46,3,36.49615,19,closed,0.0,2.46
2.46,3,36.503133,19,closed,0.0,2.46
2.54,3,36.509441,19,open,1.0,2.54
2.28,3,36.516268,19,closed,0.0,2.28
1.92,3,36.522732,17,closed,0.0,1.9199999999999997
2.58,3,36.528528,15,open,1.0,2.58
2.58,3,36.534389,15,open,1.0,2.58
2.46,3,36.541322,19,closed,0.0,2.46
-4.25,3,36.547336,15,closed,0.0,-4.25
2.58,3,36.553217,15,open,1.0,2.58
2.58,3,36.55901,15,open,1.0,2.58
1.92,3,36.56545,17,closed,0.0,1.9199999999999997
2.58,3,36.571214,15,open,1.0,2.58
-3.85,3,36.577276,15,closed,0.0,-3.85
2.46,3,36.584273,19,open,1.0,2.46
2.58,3,36.590025,15,open,1.0,2.58
-3.85,3,36.596305,15,closed,0.0,-3.85
2.58,3,36.602129,15,open,1.0,2.58
2.54,3,36.608233,19,open,1.0,2.54
2.58,3,36.613964,19,open,1.0,2.58
2.36,3,36.620006,17,open,1.0,2.36
2.36,3,36.625983,17,open,1.0,2.36
-0.39,3,36.632553,17,closed,0.0,-0.39000000000000035
2.46,3,36.639454,19,open,1.0,2.46
2.36,3,36.64538,17,open,1.0,2.36
2.58,3,36.651139,15,open,1.0,2.58
2.58,3,36.65687,15,open,1.0,2.58
2.58,3,36.662684,15,open,1.0,2.58
-4.05,3,36.668748,15,closed,0.0,-4.050000000000001
2.46,3,36.675673,19,closed,0.0,2.46
2.5,3,36.682204,19,open,1.0,2.5
1.92,3,36.688498,17,closed,0.0,1.9199999999999997
2.5,3,36.694964,19,open,1.0,2.5
2.58,3,36.700749,15,open,1.0,2.58
2.46,3,36.7077,19,closed,0.0,2.46
-4.25,3,36.713849,15,closed,0.0,-4.25
1.92,3,36.720252,17,closed,0.0,1.9199999999999997
2.58,3,36.72603,15,open,1.0,2.58
2.36,3,36.731977,17,open,1.0,2.36
2.54,3,36.738098,19,open,1.0,2.54
2.54,3,36.744225,19,open,1.0,2.54
2.46,3,36.751242,19,closed,0.0,2.46
2.58,3,36.756989,15,open,1.0,2.58
-3.85,3,36.763111,15,closed,0.0,-3.85
-3.85,3,36.769227,15,closed,0.0,-3.85
2.5,3,36.775739,19,open,1.0,2.5
1.92,3,36.782237,17,closed,0.0,1.9199999999999997
-4.25,3,36.788307,15,closed,0.0,-4.25
2.14,3,36.794402,17,open,1.0,2.1399999999999997
1.92,3,36.800853,17,closed,0.0,1.9199999999999997
1.92,3,36.807316,17,closed,0.0,1.9199999999999997
2.46,3,36.814223,19,closed,0.0,2.46
-3.85,3,36.820372,15,closed,0.0,-3.85
-3.85,3,36.826471,15,closed,0.0,-3.85
2.46,3,36.833506,19,closed,0.0,2.46
2.58,3,36.839268,15,open,1.0,2.58
-3.85,3,36.845268,15,closed,0.0,-3.85
2.46,3,36.85226,19,closed,0.0,2.46
1.92,3,36.858607,17,closed,0.0,1.9199999999999997
1.92,3,36.864953,17,closed,0.0,1.9199999999999997
0.37,3,36.870778,15,open,1.0,0.3699999999999999
-3.85,3,36.876767,15,closed,0.0,-3.85
2.58,3,36.882608,15,open,1.0,2.58
2.46,3,36.889524,19,closed,0.0,2.46
2.36,3,36.895506,17,open,1.0,2.36
2.58,3,36.901323,15,open,1.0,2.58
-3.85,3,36.907328,15,closed,0.0,-3.85
2.58,3,36.913104,15,open,1.0,2.58
2.46,3,36.920048,19,closed,0.0,2.46
2.14,3,36.926126,17,open,1.0,2.1399999999999997
-3.85,3,36.932331,15,closed,0.0,-3.85
2.46,3,36.939135,19,open,1.0,2.46
1.92,3,36.945485,17,closed,0.0,1.9199999999999997
2.46,3,36.952452,19,open,1.0,2.46
2.46,3,36.959302,19,open,1.0,2.46
-3.85,3,36.965452,15,closed,0.0,-3.85
2.58,3,36.971228,15,open,1.0,2.58
2.14,3,36.977344,17,open,1.0,2.1399999999999997
1.92,3,36.983776,17,closed,0.0,1.9199999999999997
2.46,3,36.990629,19,closed,0.0,2.46
-3.85,3,36.996767,15,closed,0.0,-3.85
2.5,3,37.003248,19,open,1.0,2.5
2.5,3,37.00973,19,open,1.0,2.5
-3.85,3,37.015849,15,closed,0.0,-3.85
2.58,3,37.021659,15,open,1.0,2.58
1.92,3,37.028011,17,closed,0.0,1.9199999999999997
1.92,3,37.034342,17,closed,0.0,1.9199999999999997
2.36,3,37.040227,17,open,1.0,2.36
-3.85,3,37.046359,15,closed,0.0,-3.85
2.46,3,37.053269,19,closed,0.0,2.46
1.92,3,37.059628,17,closed,0.0,1.9199999999999997
2.58,3,37.065382,15,open,1.0,2.58
1.92,3,37.071743,17,closed,0.0,1.9199999999999997
-3.85,3,37.077812,15,closed,0.0,-3.85
2.46,3,37.08479,19,closed,0.0,2.46
1.92,3,37.091104,17,closed,0.0,1.9199999999999997
1.92,3,37.097599,17,closed,0.0,1.9199999999999997
1.92,3,37.103965,17,closed,0.0,1.9199999999999997
-3.85,3,37.110037,15,closed,0.0,-3.85
2.28,3,37.11688,19,closed,0.0,2.28
-3.85,3,37.122924,15,closed,0.0,-3.85
2.36,3,37.128841,17,open,1.0,2.36
2.32,3,37.135229,19,open,1.0,2.32
2.5,3,37.141657,19,open,1.0,2.5
2.58,3,37.147471,15,open,1.0,2.58
2.36,3,37.153415,19,open,1.0,2.36
2.5,3,37.159895,19,open,1.0,2.5
2.36,3,37.165951,17,open,1.0,2.36
2.46,3,37.172817,19,closed,0.0,2.46
-3.85,3,37.178988,15,closed,0.0,-3.85
2.36,3,37.184924,17,open,1.0,2.36
2.36,3,37.190799,17,open,1.0,2.36
2.36,3,37.196719,17,open,1.0,2.36
2.36,3,37.202753,17,open,1.0,2.36
1.92,3,37.209119,17,closed,0.0,1.9199999999999997
2.14,3,37.21533,17,open,1.0,2.1399999999999997
2.54,3,37.221477,19,open,1.0,2.54
1.92,3,37.227806,17,closed,0.0,1.9199999999999997
1.92,3,37.234237,17,closed,0.0,1.9199999999999997
2.36,3,37.240155,17,open,1.0,2.36
2.46,3,37.247171,19,closed,0.0,2.46
2.1,3,37.25376,19,closed,0.0,2.0999999999999996
2.54,3,37.259892,19,open,1.0,2.54
2.46,3,37.266917,19,closed,0.0,2.46
2.14,3,37.273029,17,open,1.0,2.1399999999999997
2.46,3,37.280005,19,closed,0.0,2.46
2.46,3,37.289501,19,closed,0.0,2.46
2.58,3,37.295254,15,open,1.0,2.58
2.58,3,37.300965,15,open,1.0,2.58
2.58,3,37.306711,15,open,1.0,2.58
2.5,3,37.313211,19,open,1.0,2.5
2.54,3,37.319401,19,open,1.0,2.54
2.28,3,37.326065,19,closed,0.0,2.28
2.58,3,37.331883,15,open,1.0,2.58
0.57,3,37.337768,15,open,1.0,0.5700000000000001
2.46,3,37.344732,19,closed,0.0,2.46
1.92,3,37.351195,17,closed,0.0,1.9199999999999997
2.58,3,37.356908,15,open,1.0,2.58
-3.85,3,37.363,15,closed,0.0,-3.85
2.36,3,37.3691,17,open,1.0,2.36
2.36,3,37.375059,17,open,1.0,2.36
2.58,3,37.380832,15,open,1.0,2.58
2.36,3,37.386904,17,open,1.0,2.36
2.46,3,37.393905,19,closed,0.0,2.46
2.36,3,37.399967,17,open,1.0,2.36
-3.85,3,37.406058,15,closed,0.0,-3.85
2.5,3,37.412745,19,open,1.0,2.5
2.58,3,37.418517,15,open,1.0,2.58
1.92,3,37.424772,17,closed,0.0,1.9199999999999997
2.36,3,37.4308,17,open,1.0,2.36
2.58,3,37.43671,15,open,1.0,2.58
1.92,3,37.443085,17,closed,0.0,1.9199999999999997
-3.85,3,37.449306,15,closed,0.0,-3.85
2.58,3,37.455083,15,open,1.0,2.58
-3.85,3,37.461133,15,closed,0.0,-3.85
2.54,3,37.467271,19,open,1.0,2.54
-4.05,3,37.473354,15,closed,0.0,-4.050000000000001
1.92,3,37.47973,17,closed,0.0,1.9199999999999997
1.92,3,37.48607,17,closed,0.0,1.9199999999999997
2.5,3,37.492553,19,open,1.0,2.5
-3.85,3,37.498718,15,closed,0.0,-3.85
2.46,3,37.505641,19,closed,0.0,2.46
2.46,3,37.512614,19,closed,0.0,2.46
2.28,3,37.519383,19,closed,0.0,2.28
2.54,3,37.525497,19,open,1.0,2.54
-3.85,3,37.53167,15,closed,0.0,-3.85
2.58,3,37.537435,15,open,1.0,2.58
-3.85,3,37.543471,15,closed,0.0,-3.85
2.36,3,37.549478,17,open,1.0,2.36
2.46,3,37.55638,19,closed,0.0,2.46
0.57,3,37.562214,15,open,1.0,0.5700000000000001
1.92,3,37.568637,17,closed,0.0,1.9199999999999997
2.5,3,37.575105,19,open,1.0,2.5
2.14,3,37.581297,17,open,1.0,2.1399999999999997
-3.85,3,37.587373,15,closed,0.0,-3.85
2.46,3,37.594377,19,closed,0.0,2.46
2.58,3,37.600257,15,open,1.0,2.58
1.92,3,37.606652,17,closed,0.0,1.9199999999999997
2.46,3,37.613569,19,open,1.0,2.46
0.37,3,37.619472,15,open,1.0,0.3699999999999999
-3.45,3,37.625537,15,closed,0.0,-3.4499999999999997
1.92,3,37.631955,17,closed,0.0,1.9199999999999997
0.57,3,37.637779,15,open,1.0,0.5700000000000001
1.92,3,37.644149,17,closed,0.0,1.9199999999999997
-4.05,3,37.650253,15,closed,0.0,-4.050000000000001
2.5,3,37.656734,19,open,1.0,2.5
2.58,3,37.662641,15,open,1.0,2.58
1.92,3,37.668976,17,closed,0.0,1.9199999999999997
2.36,3,37.674928,17,open,1.0,2.36
2.58,3,37.680749,15,open,1.0,2.58
2.36,3,37.6867,17,open,1.0,2.36
2.36,3,37.692663,17,open,1.0,2.36
1.92,3,37.699088,17,closed,0.0,1.9199999999999997
-4.25,3,37.705189,15,closed,0.0,-4.25
2.14,3,37.711287,17,open,1.0,2.1399999999999997
-3.85,3,37.717434,15,closed,0.0,-3.85
1.92,3,37.723778,17,closed,0.0,1.9199999999999997
-3.85,3,37.729968,15,closed,0.0,-3.85
2.46,3,37.736979,19,closed,0.0,2.46
2.36,3,37.742929,17,open,1.0,2.36
2.58,3,37.748752,15,open,1.0,2.58
2.36,3,37.754698,17,open,1.0,2.36
2.46,3,37.761535,19,closed,0.0,2.46
-3.85,3,37.76758,15,closed,0.0,-3.85
2.58,3,37.773289,15,open,1.0,2.58
1.92,3,37.779618,17,closed,0.0,1.9199999999999997
2.54,3,37.785735,19,open,1.0,2.54
2.58,3,37.791472,15,open,1.0,2.58
2.5,3,37.798057,19,open,1.0,2.5
2.58,3,37.803767,15,open,1.0,2.58
2.46,3,37.810742,19,closed,0.0,2.46
2.46,3,37.817738,19,closed,0.0,2.46
1.92,3,37.824081,17,closed,0.0,1.9199999999999997
-4.25,3,37.830153,15,closed,0.0,-4.25
2.46,3,37.837323,19,closed,0.0,2.46
-3.85,3,37.843455,15,closed,0.0,-3.85
-3.85,3,37.849546,15,closed,0.0,-3.85
2.58,3,37.855296,15,open,1.0,2.58
2.46,3,37.862238,19,closed,0.0,2.46
2.5,3,37.868817,19,open,1.0,2.5
-0.15,3,37.875856,19,closed,0.0,-0.15000000000000036
2.36,3,37.881867,17,open,1.0,2.36
2.36,3,37.887905,17,open,1.0,2.36
2.5,3,37.894472,19,open,1.0,2.5
-3.45,3,37.900525,15,closed,0.0,-3.4499999999999997
2.46,3,37.907458,19,closed,0.0,2.46
2.54,3,37.913694,19,open,1.0,2.54
2.58,3,37.919484,15,open,1.0,2.58
2.36,3,37.925396,17,open,1.0,2.36
2.54,3,37.931608,19,open,1.0,2.54
2.46,3,37.938489,19,closed,0.0,2.46
1.92,3,37.944853,17,closed,0.0,1.9199999999999997
-3.85,3,37.951044,15,closed,0.0,-3.85
2.46,3,37.957922,19,open,1.0,2.46
2.58,3,37.963797,15,open,1.0,2.58
2.46,3,37.970721,19,closed,0.0,2.46
2.58,3,37.976484,15,open,1.0,2.58
1.92,3,37.982896,17,closed,0.0,1.9199999999999997
2.5,3,37.989379,19,open,1.0,2.5
2.58,3,37.995171,15,open,1.0,2.58
1.92,3,38.001483,17,closed,0.0,1.9199999999999997
-3.85,3,38.007521,15,closed,0.0,-3.85
1.92,3,38.013867,17,closed,0.0,1.9199999999999997
2.58,3,38.01958,15,open,1.0,2.58
2.5,3,38.025981,19,open,1.0,2.5
2.5,3,38.032481,19,open,1.0,2.5
1.92,3,38.038782,17,closed,0.0,1.9199999999999997
2.36,3,38.044933,17,open,1.0,2.36
2.58,3,38.050827,15,open,1.0,2.58
2.36,3,38.056913,17,open,1.0,2.36
2.54,3,38.063239,19,open,1.0,2.54
1.92,3,38.069556,17,closed,0.0,1.9199999999999997
2.58,3,38.075552,15,open,1.0,2.58
2.54,3,38.081793,19,open,1.0,2.54
-3.45,3,38.087849,15,closed,0.0,-3.4499999999999997
2.46,3,38.094668,19,open,1.0,2.46
2.54,3,38.100912,19,open,1.0,2.54
2.58,3,38.106612,15,open,1.0,2.58
2.36,3,38.112545,17,open,1.0,2.36
1.92,3,38.118998,17,closed,0.0,1.9199999999999997
2.36,3,38.124926,17,open,1.0,2.36
2.36,3,38.130929,17,open,1.0,2.36
-3.85,3,38.136985,15,closed,0.0,-3.85
2.54,3,38.143061,19,open,1.0,2.54
2.46,3,38.150057,19,closed,0.0,2.46
-3.85,3,38.156165,15,closed,0.0,-3.85
2.36,3,38.162414,17,open,1.0,2.36
2.58,3,38.16831,15,open,1.0,2.58
2.14,3,38.250509,17,open,1.0,2.1399999999999997
2.5,3,38.257235,19,open,1.0,2.5
-3.85,3,38.263458,15,closed,0.0,-3.85
-3.85,3,38.269607,15,closed,0.0,-3.85
-3.85,3,38.27565,15,closed,0.0,-3.85
2.54,3,38.281856,19,open,1.0,2.54
2.46,3,38.288785,19,closed,0.0,2.46
-4.25,3,38.294912,15,closed,0.0,-4.25
2.36,3,38.300856,17,open,1.0,2.36
2.46,3,38.307792,19,closed,0.0,2.46
2.58,3,38.313586,15,open,1.0,2.58
1.92,3,38.319939,17,closed,0.0,1.9199999999999997
2.5,3,38.326416,19,open,1.0,2.5
2.36,3,38.332442,17,open,1.0,2.36
2.5,3,38.338968,19,open,1.0,2.5
1.92,3,38.345342,17,closed,0.0,1.9199999999999997
0.57,3,38.351287,15,open,1.0,0.5700000000000001
2.46,3,38.358172,19,closed,0.0,2.46
1.92,3,38.364717,17,closed,0.0,1.9199999999999997
2.54,3,38.370918,19,open,1.0,2.54
2.54,3,38.37708,19,open,1.0,2.54
2.28,3,38.383874,19,closed,0.0,2.28
2.46,3,38.390897,19,open,1.0,2.46
2.5,3,38.397555,19,open,1.0,2.5
2.36,3,38.403522,17,open,1.0,2.36
-3.85,3,38.409626,15,closed,0.0,-3.85
2.58,3,38.415424,15,open,1.0,2.58
2.54,3,38.421559,19,open,1.0,2.54
2.54,3,38.427711,19,open,1.0,2.54
2.54,3,38.433893,19,open,1.0,2.54
1.92,3,38.440214,17,closed,0.0,1.9199999999999997
2.36,3,38.446202,17,open,1.0,2.36
1.92,3,38.452568,17,closed,0.0,1.9199999999999997
2.46,3,38.45946,19,closed,0.0,2.46
2.58,3,38.46529,15,open,1.0,2.58
2.58,3,38.47103,15,open,1.0,2.58
2.54,3,38.477085,19,open,1.0,2.54
1.92,3,38.483408,17,closed,0.0,1.9199999999999997
2.58,3,38.489143,15,open,1.0,2.58
2.54,3,38.495245,19,open,1.0,2.54
-0.15,3,38.502246,19,closed,0.0,-0.15000000000000036
2.36,3,38.508168,17,open,1.0,2.36
2.32,3,38.514546,19,open,1.0,2.32
0.11,3,38.521014,17,closed,0.0,0.10999999999999988
2.5,3,38.527495,19,open,1.0,2.5
2.36,3,38.533491,17,open,1.0,2.36
-4.25,3,38.539573,15,closed,0.0,-4.25
1.92,3,38.545945,17,closed,0.0,1.9199999999999997
2.58,3,38.55167,15,open,1.0,2.58
1.92,3,38.557991,17,closed,0.0,1.9199999999999997
2.46,3,38.564936,19,closed,0.0,2.46
2.58,3,38.570742,15,open,1.0,2.58
1.92,3,38.577084,17,closed,0.0,1.9199999999999997
-3.85,3,38.583222,15,closed,0.0,-3.85
2.58,3,38.588954,15,open,1.0,2.58
2.46,3,38.595826,19,open,1.0,2.46
2.54,3,38.602108,19,open,1.0,2.54
2.54,3,38.608187,19,open,1.0,2.54
-3.85,3,38.614259,15,closed,0.0,-3.85
2.46,3,38.621105,19,closed,0.0,2.46
1.92,3,38.627422,17,closed,0.0,1.9199999999999997
2.58,3,38.633276,15,open,1.0,2.58
2.46,3,38.640164,19,closed,0.0,2.46
2.36,3,38.646172,17,open,1.0,2.36
1.92,3,38.652544,17,closed,0.0,1.9199999999999997
2.36,3,38.658457,17,open,1.0,2.36
1.92,3,38.664915,17,closed,0.0,1.9199999999999997
1.92,3,38.671278,17,closed,0.0,1.9199999999999997
2.36,3,38.677166,17,open,1.0,2.36
2.58,3,38.683042,15,open,1.0,2.58
2.36,3,38.689027,17,open,1.0,2.36
2.28,3,38.69573,19,open,1.0,2.28
1.92,3,38.702219,17,closed,0.0,1.9199999999999997
2.54,3,38.708383,19,open,1.0,2.54
2.5,3,38.714994,19,open,1.0,2.5
-3.85,3,38.72123,15,closed,0.0,-3.85
-0.39,3,38.727787,17,closed,0.0,-0.39000000000000035
2.36,3,38.733839,17,open,1.0,2.36
2.46,3,38.740832,19,closed,0.0,2.46
2.36,3,38.746871,17,open,1.0,2.36
2.5,3,38.753512,19,open,1.0,2.5
-3.85,3,38.759584,15,closed,0.0,-3.85
1.92,3,38.765934,17,closed,0.0,1.9199999999999997
2.14,3,38.772056,17,open,1.0,2.1399999999999997
2.14,3,38.778116,17,open,1.0,2.1399999999999997
2.58,3,38.783977,15,open,1.0,2.58
1.92,3,38.790363,17,closed,0.0,1.9199999999999997
-3.85,3,38.796448,15,closed,0.0,-3.85
-3.85,3,38.802597,15,closed,0.0,-3.85
2.36,3,38.808481,17,open,1.0,2.36
2.5,3,38.815014,19,open,1.0,2.5
2.46,3,38.821901,19,closed,0.0,2.46
1.92,3,38.828205,17,closed,0.0,1.9199999999999997
2.46,3,38.835263,19,closed,0.0,2.46
-4.05,3,38.841352,15,closed,0.0,-4.050000000000001
2.36,3,38.847248,17,open,1.0,2.36
1.92,3,38.853711,17,closed,0.0,1.9199999999999997
2.46,3,38.860694,19,closed,0.0,2.46
1.92,3,38.867131,17,closed,0.0,1.9199999999999997
2.36,3,38.87316,17,open,1.0,2.36
1.92,3,38.879558,17,closed,0.0,1.9199999999999997
2.46,3,38.886601,19,closed,0.0,2.46
2.14,3,38.892766,17,open,1.0,2.1399999999999997
1.92,3,38.899213,17,closed,0.0,1.9199999999999997
2.5,3,38.905716,19,open,1.0,2.5
-3.85,3,38.911836,15,closed,0.0,-3.85
2.54,3,38.918078,19,open,1.0,2.54
1.92,3,38.924424,17,closed,0.0,1.9199999999999997
2.58,3,38.930231,15,open,1.0,2.58
2.46,3,38.937189,19,closed,0.0,2.46
2.54,3,38.943373,19,open,1.0,2.54
2.36,3,38.949414,17,open,1.0,2.36
2.58,3,38.955163,15,open,1.0,2.58
-3.85,3,38.961227,15,closed,0.0,-3.85
2.46,3,38.968214,19,closed,0.0,2.46
1.92,3,38.974623,17,closed,0.0,1.9199999999999997
2.54,3,38.980936,19,open,1.0,2.54
2.5,3,38.987499,19,open,1.0,2.5
-3.85,3,38.993573,15,closed,0.0,-3.85
2.36,3,38.999561,17,open,1.0,2.36
2.36,3,39.005512,17,open,1.0,2.36
2.58,3,39.011295,15,open,1.0,2.58
2.5,3,39.017897,19,open,1.0,2.5
-3.85,3,39.023943,15,closed,0.0,-3.85
-4.25,3,39.030055,15,closed,0.0,-4.25
2.58,3,39.035919,15,open,1.0,2.58
2.58,3,39.041694,15,open,1.0,2.58
2.46,3,39.048653,19,closed,0.0,2.46
1.92,3,39.055226,17,closed,0.0,1.9199999999999997
2.46,3,39.062162,19,closed,0.0,2.46
2.46,3,39.06922,19,closed,0.0,2.46
-4.45,3,39.075355,15,closed,0.0,-4.45
2.46,3,39.082213,19,open,1.0,2.46
-3.85,3,39.088405,15,closed,0.0,-3.85
-4.25,3,39.094503,15,closed,0.0,-4.25
2.36,3,39.10055,17,open,1.0,2.36
2.46,3,39.107449,19,closed,0.0,2.46
-3.85,3,39.113508,15,closed,0.0,-3.85
2.46,3,39.120502,19,closed,0.0,2.46
-3.85,3,39.126603,15,closed,0.0,-3.85
2.54,3,39.132695,19,open,1.0,2.54
-3.85,3,39.138755,15,closed,0.0,-3.85
2.54,3,39.144894,19,open,1.0,2.54
2.36,3,39.150895,17,open,1.0,2.36
2.14,3,39.156985,17,open,1.0,2.1399999999999997
2.46,3,39.164001,19,closed,0.0,2.46
2.14,3,39.17015,17,open,1.0,2.1399999999999997
2.46,3,39.177099,19,closed,0.0,2.46
2.36,3,39.183138,17,open,1.0,2.36
2.58,3,39.188886,15,open,1.0,2.58
2.36,3,39.194792,19,open,1.0,2.36
2.36,3,39.200827,17,open,1.0,2.36
1.92,3,39.20716,17,closed,0.0,1.9199999999999997
2.54,3,39.213346,19,open,1.0,2.54
2.46,3,39.220258,19,closed,0.0,2.46
1.92,3,39.226581,17,closed,0.0,1.9199999999999997
1.92,3,39.233048,17,closed,0.0,1.9199999999999997
1.92,3,39.239448,17,closed,0.0,1.9199999999999997
-3.85,3,39.245485,15,closed,0.0,-3.85
0.11,3,39.25193,17,closed,0.0,0.10999999999999988
2.36,3,39.257845,17,open,1.0,2.36
2.5,3,39.264441,19,open,1.0,2.5
2.46,3,39.271392,19,closed,0.0,2.46
2.58,3,39.277113,15,open,1.0,2.58
2.36,3,39.283145,17,open,1.0,2.36
2.58,3,39.288839,15,open,1.0,2.58
2.54,3,39.294977,19,open,1.0,2.54
2.54,3,39.301084,19,open,1.0,2.54
2.36,3,39.306997,17,open,1.0,2.36
2.46,3,39.313983,19,closed,0.0,2.46
2.46,3,39.320921,19,closed,0.0,2.46
2.54,3,39.32705,19,open,1.0,2.54
2.58,3,39.332917,15,open,1.0,2.58
2.36,3,39.338834,17,open,1.0,2.36
2.36,3,39.344799,17,open,1.0,2.36
2.36,3,39.350906,17,open,1.0,2.36
1.92,3,39.357273,17,closed,0.0,1.9199999999999997
2.54,3,39.363503,19,open,1.0,2.54
1.92,3,39.36988,17,closed,0.0,1.9199999999999997
2.36,3,39.375858,17,open,1.0,2.36
2.46,3,39.382868,19,closed,0.0,2.46
2.5,3,39.389505,19,open,1.0,2.5
2.36,3,39.395509,17,open,1.0,2.36
2.5,3,39.402085,19,open,1.0,2.5
1.92,3,39.408422,17,closed,0.0,1.9199999999999997
2.5,3,39.414937,19,open,1.0,2.5
2.58,3,39.420663,15,open,1.0,2.58
2.36,3,39.426586,17,open,1.0,2.36
2.36,3,39.432511,17,open,1.0,2.36
1.92,3,39.438813,17,closed,0.0,1.9199999999999997
1.92,3,39.445147,17,closed,0.0,1.9199999999999997
2.46,3,39.45218,19,closed,0.0,2.46
2.46,3,39.459093,19,closed,0.0,2.46
2.58,3,39.464857,15,open,1.0,2.58
2.46,3,39.47174,19,closed,0.0,2.46
2.58,3,39.477492,15,open,1.0,2.58
2.54,3,39.483701,19,open,1.0,2.54
1.92,3,39.490035,17,closed,0.0,1.9199999999999997
-4.05,3,39.496117,15,closed,0.0,-4.050000000000001
2.46,3,39.503002,19,closed,0.0,2.46
2.36,3,39.50892,17,open,1.0,2.36
2.46,3,39.515843,19,open,1.0,2.46
-3.85,3,39.521948,15,closed,0.0,-3.85
2.46,3,39.528968,19,closed,0.0,2.46
2.54,3,39.535114,19,open,1.0,2.54
2.46,3,39.54202,19,closed,0.0,2.46
2.5,3,39.548528,19,open,1.0,2.5
-3.45,3,39.554506,15,closed,0.0,-3.4499999999999997
2.5,3,39.560976,19,open,1.0,2.5
2.5,3,39.567559,19,open,1.0,2.5
0.57,3,39.573361,15,open,1.0,0.5700000000000001
2.46,3,39.580356,19,closed,0.0,2.46
2.36,3,39.586282,17,open,1.0,2.36
1.92,3,39.592654,17,closed,0.0,1.9199999999999997
2.36,3,39.598715,17,open,1.0,2.36
2.46,3,39.605663,19,closed,0.0,2.46
2.58,3,39.611468,15,open,1.0,2.58
2.46,3,39.618438,19,closed,0.0,2.46
1.92,3,39.62479,17,closed,0.0,1.9199999999999997
2.28,3,39.631555,19,closed,0.0,2.28
2.36,3,39.637504,17,open,1.0,2.36
1.92,3,39.643805,17,closed,0.0,1.9199999999999997
2.58,3,39.649654,15,open,1.0,2.58
1.92,3,39.656008,17,closed,0.0,1.9199999999999997
-3.85,3,39.662133,15,closed,0.0,-3.85
2.5,3,39.668719,19,open,1.0,2.5
-3.85,3,39.674834,15,closed,0.0,-3.85
1.92,3,39.681275,17,closed,0.0,1.9199999999999997
2.46,3,39.688227,19,closed,0.0,2.46
2.54,3,39.694397,19,open,1.0,2.54
2.36,3,39.700435,17,open,1.0,2.36
-3.85,3,39.706475,15,closed,0.0,-3.85
2.36,3,39.712375,17,open,1.0,2.36
2.5,3,39.719237,19,open,1.0,2.5
2.46,3,39.726167,19,closed,0.0,2.46
2.5,3,39.732817,19,open,1.0,2.5
2.54,3,39.738938,19,open,1.0,2.54
2.36,3,39.744813,17,open,1.0,2.36
1.92,3,39.751241,17,closed,0.0,1.9199999999999997
2.14,3,39.757344,17,open,1.0,2.1399999999999997
-3.85,3,39.763418,15,closed,0.0,-3.85
1.92,3,39.769725,17,closed,0.0,1.9199999999999997
-3.85,3,39.775902,15,closed,0.0,-3.85
2.36,3,39.78192,17,open,1.0,2.36
2.54,3,39.788029,19,open,1.0,2.54
2.36,3,39.793929,17,open,1.0,2.36
2.46,3,39.800952,19,closed,0.0,2.46
-3.85,3,39.807027,15,closed,0.0,-3.85
2.36,3,39.813018,17,open,1.0,2.36
2.46,3,39.819984,19,open,1.0,2.46
2.58,3,39.825729,15,open,1.0,2.58
1.92,3,39.832175,17,closed,0.0,1.9199999999999997
-3.85,3,39.838248,15,closed,0.0,-3.85
-3.85,3,39.844253,15,closed,0.0,-3.85
-3.85,3,39.850406,15,closed,0.0,-3.85
2.46,3,39.857246,19,closed,0.0,2.46
2.36,3,39.863191,17,open,1.0,2.36
2.58,3,39.869006,15,open,1.0,2.58
-3.85,3,39.875158,15,closed,0.0,-3.85
2.36,3,39.881181,17,open,1.0,2.36
-3.85,3,39.887259,15,closed,0.0,-3.85
1.92,3,39.893605,17,closed,0.0,1.9199999999999997
1.92,3,39.900031,17,closed,0.0,1.9199999999999997
2.58,3,39.905825,15,open,1.0,2.58
2.14,3,39.911937,17,open,1.0,2.1399999999999997
2.54,3,39.918061,19,open,1.0,2.54
2.36,3,39.923953,17,open,1.0,2.36
2.58,3,39.929779,15,open,1.0,2.58
1.92,3,39.93613,17,closed,0.0,1.9199999999999997
2.5,3,39.942673,19,open,1.0,2.5
2.32,3,39.949045,19,open,1.0,2.32
2.58,3,39.954795,15,open,1.0,2.58
2.36,3,39.960713,17,open,1.0,2.36
1.92,3,39.967141,17,closed,0.0,1.9199999999999997
2.54,3,39.973227,19,open,1.0,2.54
-3.85,3,39.979356,15,closed,0.0,-3.85
2.58,3,39.985102,15,open,1.0,2.58
2.54,3,39.9912,19,open,1.0,2.54
2.5,3,39.997742,19,open,1.0,2.5
2.58,3,40.003511,15,open,1.0,2.58
1.92,3,40.009929,17,closed,0.0,1.9199999999999997
1.92,3,40.016368,17,closed,0.0,1.9199999999999997
2.5,3,40.022826,19,open,1.0,2.5
2.14,3,40.02895,17,open,1.0,2.1399999999999997
2.36,3,40.035018,17,open,1.0,2.36
2.58,3,40.040723,15,open,1.0,2.58
0.37,3,40.046666,15,open,1.0,0.3699999999999999
-3.85,3,40.052748,15,closed,0.0,-3.85
2.36,3,40.058647,17,open,1.0,2.36
2.36,3,40.064673,17,open,1.0,2.36
-3.85,3,40.07072,15,closed,0.0,-3.85
-3.85,3,40.076787,15,closed,0.0,-3.85
2.54,3,40.083007,19,open,1.0,2.54
1.92,3,40.089351,17,closed,0.0,1.9199999999999997
1.92,3,40.095716,17,closed,0.0,1.9199999999999997
-3.85,3,40.101742,15,closed,0.0,-3.85
2.46,3,40.108604,19,closed,0.0,2.46
2.36,3,40.114599,19,open,1.0,2.36
1.92,3,40.120971,17,closed,0.0,1.9199999999999997
1.92,3,40.127327,17,closed,0.0,1.9199999999999997
2.46,3,40.134315,19,closed,0.0,2.46
2.46,3,40.141249,19,closed,0.0,2.46
2.58,3,40.147087,15,open,1.0,2.58
2.36,3,40.153033,17,open,1.0,2.36
1.92,3,40.159369,17,closed,0.0,1.9199999999999997
2.58,3,40.165335,15,open,1.0,2.58
1.92,3,40.171703,17,closed,0.0,1.9199999999999997
2.46,3,40.178595,19,closed,0.0,2.46
-3.85,3,40.184724,15,closed,0.0,-3.85
2.46,3,40.19165,19,closed,0.0,2.46
2.5,3,40.198249,19,open,1.0,2.5
1.92,3,40.204583,17,closed,0.0,1.9199999999999997
2.46,3,40.211546,19,closed,0.0,2.46
2.58,3,40.217413,17,open,1.0,2.58
2.46,3,40.224244,19,open,1.0,2.46
2.58,3,40.23009,15,open,1.0,2.58
2.58,3,40.235939,15,open,1.0,2.58
2.46,3,40.242897,19,closed,0.0,2.46
-3.85,3,40.249114,15,closed,0.0,-3.85
2.36,3,40.255196,17,open,1.0,2.36
2.46,3,40.262104,19,closed,0.0,2.46
2.58,3,40.267931,15,open,1.0,2.58
1.92,3,40.274267,17,closed,0.0,1.9199999999999997
-3.85,3,40.280477,15,closed,0.0,-3.85
2.46,3,40.287384,19,closed,0.0,2.46
2.36,3,40.293353,17,open,1.0,2.36
2.5,3,40.299979,19,open,1.0,2.5
-4.25,3,40.306168,15,closed,0.0,-4.25
1.92,3,40.312463,17,closed,0.0,1.9199999999999997
2.46,3,40.319536,19,closed,0.0,2.46
2.5,3,40.325999,19,open,1.0,2.5
2.5,3,40.332502,19,open,1.0,2.5
1.92,3,40.338959,17,closed,0.0,1.9199999999999997
2.36,3,40.344852,17,open,1.0,2.36
2.5,3,40.351422,19,open,1.0,2.5
2.54,3,40.357494,19,open,1.0,2.54
-3.45,3,40.363518,15,closed,0.0,-3.4499999999999997
2.5,3,40.37014,19,open,1.0,2.5
1.92,3,40.376628,17,closed,0.0,1.9199999999999997
-3.85,3,40.382813,15,closed,0.0,-3.85
2.46,3,40.389761,19,closed,0.0,2.46
2.46,3,40.396626,19,closed,0.0,2.46
2.46,3,40.521383,19,closed,0.0,2.46
2.28,3,40.528398,19,closed,0.0,2.28
2.46,3,40.535453,19,closed,0.0,2.46
1.92,3,40.54175,17,open,1.0,1.9199999999999997
2.36,3,40.547701,17,open,1.0,2.36
2.58,3,40.553444,15,open,1.0,2.58
2.54,3,40.559528,19,open,1.0,2.54
-3.85,3,40.565585,15,closed,0.0,-3.85
1.92,3,40.571903,17,closed,0.0,1.9199999999999997
2.58,3,40.577645,15,open,1.0,2.58
1.92,3,40.584039,17,closed,0.0,1.9199999999999997
2.54,3,40.590189,19,open,1.0,2.54
-3.85,3,40.596285,15,closed,0.0,-3.85
2.5,3,40.602758,19,open,1.0,2.5
2.58,3,40.608496,15,open,1.0,2.58
-3.85,3,40.614577,15,closed,0.0,-3.85
1.92,3,40.620888,17,closed,0.0,1.9199999999999997
2.46,3,40.627811,19,closed,0.0,2.46
2.54,3,40.633957,19,open,1.0,2.54
1.92,3,40.640277,17,closed,0.0,1.9199999999999997
-3.85,3,40.64635,15,closed,0.0,-3.85
2.36,3,40.652271,17,open,1.0,2.36
2.54,3,40.658374,19,open,1.0,2.54
-3.85,3,40.664454,15,closed,0.0,-3.85
2.36,3,40.670349,17,open,1.0,2.36
1.92,3,40.676698,17,closed,0.0,1.9199999999999997
-3.85,3,40.68281,15,closed,0.0,-3.85
-3.85,3,40.688825,15,closed,0.0,-3.85
2.58,3,40.694597,15,open,1.0,2.58
2.58,3,40.700341,15,open,1.0,2.58
2.46,3,40.707152,19,open,1.0,2.46
1.92,3,40.713539,17,closed,0.0,1.9199999999999997
-3.85,3,40.719552,15,closed,0.0,-3.85
2.46,3,40.726475,19,closed,0.0,2.46
2.46,3,40.733428,19,closed,0.0,2.46
2.5,3,40.739937,19,open,1.0,2.5
2.36,3,40.745875,17,open,1.0,2.36
2.58,3,40.751631,15,open,1.0,2.58
2.5,3,40.758094,19,open,1.0,2.5
2.46,3,40.765013,19,closed,0.0,2.46
1.92,3,40.771395,17,closed,0.0,1.9199999999999997
2.58,3,40.777153,15,open,1.0,2.58
0.37,3,40.78299,15,open,1.0,0.3699999999999999
-3.85,3,40.789069,15,closed,0.0,-3.85
2.58,3,40.794814,15,open,1.0,2.58
2.58,3,40.800558,15,open,1.0,2.58
2.54,3,40.806609,19,open,1.0,2.54
2.46,3,40.813627,19,closed,0.0,2.46
1.92,3,40.820038,17,closed,0.0,1.9199999999999997
2.36,3,40.82599,17,open,1.0,2.36
2.5,3,40.832474,19,open,1.0,2.5
2.46,3,40.839388,19,closed,0.0,2.46
2.28,3,40.846118,19,open,1.0,2.28
2.5,3,40.852675,19,open,1.0,2.5
1.92,3,40.859081,17,closed,0.0,1.9199999999999997
1.92,3,40.865416,17,closed,0.0,1.9199999999999997
2.46,3,40.872331,19,closed,0.0,2.46
2.36,3,40.878225,17,open,1.0,2.36
2.58,3,40.883963,15,open,1.0,2.58
1.92,3,40.890239,17,closed,0.0,1.9199999999999997
2.46,3,40.897343,19,closed,0.0,2.46
1.92,3,40.903825,17,closed,0.0,1.9199999999999997
2.28,3,40.910593,19,closed,0.0,2.28
1.92,3,40.917024,17,closed,0.0,1.9199999999999997
2.58,3,40.92287,15,open,1.0,2.58
2.46,3,40.929753,19,closed,0.0,2.46
2.36,3,40.935803,17,open,1.0,2.36
2.58,3,40.941547,15,open,1.0,2.58
1.92,3,40.947942,17,closed,0.0,1.9199999999999997
2.36,3,40.953892,17,open,1.0,2.36
-3.85,3,40.959967,15,closed,0.0,-3.85
2.14,3,40.9661,17,open,1.0,2.1399999999999997
2.5,3,40.972599,19,open,1.0,2.5
1.92,3,40.979016,17,closed,0.0,1.9199999999999997
2.46,3,40.985991,19,closed,0.0,2.46
2.58,3,40.991778,15,open,1.0,2.58
2.14,3,40.997911,17,open,1.0,2.1399999999999997
2.5,3,41.004421,19,open,1.0,2.5
2.46,3,41.011343,19,closed,0.0,2.46
2.58,3,41.017091,15,open,1.0,2.58
2.5,3,41.023594,19,open,1.0,2.5
2.46,3,41.030484,19,closed,0.0,2.46
1.92,3,41.036919,17,closed,0.0,1.9199999999999997
2.46,3,41.043765,19,closed,0.0,2.46
2.46,3,41.050776,19,closed,0.0,2.46
1.92,3,41.057099,17,closed,0.0,1.9199999999999997
2.58,3,41.062931,15,open,1.0,2.58
1.92,3,41.069303,17,closed,0.0,1.9199999999999997
2.46,3,41.076166,19,closed,0.0,2.46
2.46,3,41.083114,19,open,1.0,2.46
-3.85,3,41.089155,15,closed,0.0,-3.85
2.32,3,41.095454,19,open,1.0,2.32
2.58,3,41.101237,15,open,1.0,2.58
2.46,3,41.108119,19,closed,0.0,2.46
2.36,3,41.114098,17,open,1.0,2.36
1.92,3,41.120411,17,closed,0.0,1.9199999999999997
2.46,3,41.127314,19,closed,0.0,2.46
1.92,3,41.133703,17,closed,0.0,1.9199999999999997
2.58,3,41.13951,15,open,1.0,2.58
2.46,3,41.146433,19,closed,0.0,2.46
2.58,3,41.1522,15,open,1.0,2.58
2.58,3,41.157911,17,open,1.0,2.58
2.36,3,41.163897,17,open,1.0,2.36
2.5,3,41.170367,19,open,1.0,2.5
2.58,3,41.176091,15,open,1.0,2.58
2.36,3,41.182038,17,open,1.0,2.36
1.92,3,41.188387,17,closed,0.0,1.9199999999999997
2.14,3,41.194502,17,open,1.0,2.1399999999999997
2.46,3,41.201504,19,closed,0.0,2.46
2.58,3,41.207247,15,open,1.0,2.58
2.46,3,41.214219,19,closed,0.0,2.46
1.92,3,41.220609,17,closed,0.0,1.9199999999999997
2.46,3,41.227497,19,closed,0.0,2.46
-3.85,3,41.233605,15,closed,0.0,-3.85
2.46,3,41.240535,19,closed,0.0,2.46
1.92,3,41.24689,17,closed,0.0,1.9199999999999997
2.58,3,41.252596,15,open,1.0,2.58
2.58,3,41.25825,15,open,1.0,2.58
2.54,3,41.264361,19,open,1.0,2.54
2.54,3,41.270446,19,open,1.0,2.54
1.92,3,41.276715,17,closed,0.0,1.9199999999999997
-3.85,3,41.282832,15,closed,0.0,-3.85
-3.85,3,41.288847,15,closed,0.0,-3.85
2.46,3,41.295721,19,closed,0.0,2.46
1.92,3,41.3021,17,closed,0.0,1.9199999999999997
1.92,3,41.30843,17,closed,0.0,1.9199999999999997
2.46,3,41.315389,19,closed,0.0,2.46
2.58,3,41.321175,15,open,1.0,2.58
2.58,3,41.326908,15,open,1.0,2.58
2.58,3,41.332724,15,open,1.0,2.58
2.36,3,41.338638,17,open,1.0,2.36
2.46,3,41.345587,19,closed,0.0,2.46
2.54,3,41.351755,19,open,1.0,2.54
-3.85,3,41.357775,15,closed,0.0,-3.85
2.5,3,41.364346,19,open,1.0,2.5
2.58,3,41.370153,15,open,1.0,2.58
-3.85,3,41.376266,15,closed,0.0,-3.85
-3.85,3,41.382345,15,closed,0.0,-3.85
2.36,3,41.388336,19,open,1.0,2.36
1.92,3,41.394706,17,closed,0.0,1.9199999999999997
-4.25,3,41.400863,15,closed,0.0,-4.25
2.46,3,41.407788,19,closed,0.0,2.46
2.58,3,41.413602,15,open,1.0,2.58
2.36,3,41.419567,17,open,1.0,2.36
2.58,3,41.425314,15,open,1.0,2.58
2.54,3,41.431494,19,open,1.0,2.54
1.92,3,41.437836,17,closed,0.0,1.9199999999999997
-3.85,3,41.443945,15,closed,0.0,-3.85
2.46,3,41.450881,19,closed,0.0,2.46
2.58,3,41.456632,15,open,1.0,2.58
1.92,3,41.463003,17,closed,0.0,1.9199999999999997
-3.85,3,41.46914,15,closed,0.0,-3.85
2.5,3,41.475607,19,open,1.0,2.5
2.28,3,41.482333,19,closed,0.0,2.28
2.36,3,41.488319,17,open,1.0,2.36
2.46,3,41.495328,19,closed,0.0,2.46
2.58,3,41.501143,15,open,1.0,2.58
2.36,3,41.507054,17,open,1.0,2.36
2.58,3,41.512832,15,open,1.0,2.58
2.5,3,41.519381,19,open,1.0,2.5
-3.85,3,41.525438,15,closed,0.0,-3.85
2.36,3,41.531491,17,open,1.0,2.36
0.57,3,41.537335,15,open,1.0,0.5700000000000001
2.46,3,41.544247,19,closed,0.0,2.46
2.36,3,41.55025,17,open,1.0,2.36
2.46,3,41.55715,19,closed,0.0,2.46
2.36,3,41.563148,17,open,1.0,2.36
2.54,3,41.569256,19,open,1.0,2.54
1.92,3,41.575597,17,closed,0.0,1.9199999999999997
2.5,3,41.582197,19,open,1.0,2.5
2.58,3,41.587936,15,open,1.0,2.58
-3.85,3,41.594022,15,closed,0.0,-3.85
2.54,3,41.600204,19,open,1.0,2.54
0.37,3,41.606026,15,open,1.0,0.3699999999999999
2.54,3,41.612114,19,open,1.0,2.54
2.36,3,41.618019,17,open,1.0,2.36
2.14,3,41.624068,17,open,1.0,2.1399999999999997
2.54,3,41.630203,19,open,1.0,2.54
2.36,3,41.636163,17,open,1.0,2.36
2.58,3,41.641933,15,open,1.0,2.58
1.92,3,41.648342,17,closed,0.0,1.9199999999999997
-3.85,3,41.654404,15,closed,0.0,-3.85
2.54,3,41.660553,19,open,1.0,2.54
2.46,3,41.667478,19,closed,0.0,2.46
2.46,3,41.674427,19,closed,0.0,2.46
1.92,3,41.680829,17,closed,0.0,1.9199999999999997
-3.85,3,41.687023,15,closed,0.0,-3.85
2.36,3,41.693031,17,open,1.0,2.36
2.54,3,41.699273,19,open,1.0,2.54
-4.25,3,41.705323,15,closed,0.0,-4.25
2.46,3,41.712233,19,closed,0.0,2.46
2.58,3,41.718059,17,open,1.0,2.58
-3.85,3,41.72406,15,closed,0.0,-3.85
-3.85,3,41.73013,15,closed,0.0,-3.85
2.46,3,41.737026,19,closed,0.0,2.46
2.54,3,41.74309,19,open,1.0,2.54
2.58,3,41.748888,15,open,1.0,2.58
2.36,3,41.754803,17,open,1.0,2.36
2.5,3,41.761307,19,open,1.0,2.5
2.58,3,41.767155,15,open,1.0,2.58
2.46,3,41.774029,19,closed,0.0,2.46
2.36,3,41.780061,17,open,1.0,2.36
2.36,3,41.785986,19,open,1.0,2.36
2.36,3,41.791899,17,open,1.0,2.36
2.36,3,41.797859,17,open,1.0,2.36
2.46,3,41.804725,19,open,1.0,2.46
2.5,3,41.811207,19,open,1.0,2.5
2.54,3,41.817359,19,open,1.0,2.54
2.14,3,41.823447,17,open,1.0,2.1399999999999997
2.58,3,41.829212,15,open,1.0,2.58
2.36,3,41.835198,17,open,1.0,2.36
-4.05,3,41.841213,15,closed,0.0,-4.050000000000001
2.36,3,41.847226,17,open,1.0,2.36
2.58,3,41.853032,15,open,1.0,2.58
-3.85,3,41.859028,15,closed,0.0,-3.85
2.36,3,41.865034,17,open,1.0,2.36
2.5,3,41.871544,19,open,1.0,2.5
2.58,3,41.877294,15,open,1.0,2.58
2.58,3,41.883092,15,open,1.0,2.58
2.46,3,41.889986,19,closed,0.0,2.46
-3.85,3,41.89603,15,closed,0.0,-3.85
2.36,3,41.901959,17,open,1.0,2.36
2.54,3,41.908036,19,open,1.0,2.54
2.46,3,41.915017,19,closed,0.0,2.46
2.5,3,41.921515,19,open,1.0,2.5
2.46,3,41.928407,19,closed,0.0,2.46
-3.85,3,41.934483,15,closed,0.0,-3.85
-3.85,3,41.940493,15,closed,0.0,-3.85
2.54,3,41.946609,19,open,1.0,2.54
2.5,3,41.953124,19,open,1.0,2.5
2.58,3,41.958868,15,open,1.0,2.58
2.58,3,41.964611,15,open,1.0,2.58
2.46,3,41.971543,19,closed,0.0,2.46
2.36,3,41.977465,17,open,1.0,2.36
2.36,3,41.983452,17,open,1.0,2.36
2.46,3,41.990337,19,closed,0.0,2.46
2.54,3,41.996428,19,open,1.0,2.54
2.58,3,42.002109,15,open,1.0,2.58
2.36,3,42.008036,19,open,1.0,2.36
1.92,3,42.014415,17,closed,0.0,1.9199999999999997
-3.85,3,42.02048,15,closed,0.0,-3.85
-3.85,3,42.026538,15,closed,0.0,-3.85
2.58,3,42.032234,15,open,1.0,2.58
-3.85,3,42.038256,15,closed,0.0,-3.85
1.92,3,42.044573,17,closed,0.0,1.9199999999999997
2.58,3,42.05036,15,open,1.0,2.58
2.5,3,42.056876,19,open,1.0,2.5
1.92,3,42.063261,17,closed,0.0,1.9199999999999997
2.54,3,42.069379,19,open,1.0,2.54
2.46,3,42.076258,19,closed,0.0,2.46
-4.25,3,42.082395,15,closed,0.0,-4.25
0.37,3,42.088195,15,open,1.0,0.3699999999999999
2.54,3,42.094352,19,open,1.0,2.54
1.92,3,42.100715,17,closed,0.0,1.9199999999999997
2.54,3,42.106832,19,open,1.0,2.54
2.58,3,42.11263,15,open,1.0,2.58
-3.85,3,42.118657,15,closed,0.0,-3.85
2.36,3,42.124597,17,open,1.0,2.36
2.46,3,42.131516,19,closed,0.0,2.46
2.46,3,42.138396,19,closed,0.0,2.46
1.92,3,42.144755,17,closed,0.0,1.9199999999999997
2.46,3,42.151748,19,closed,0.0,2.46
-4.05,3,42.157804,15,closed,0.0,-4.050000000000001
1.92,3,42.164178,17,closed,0.0,1.9199999999999997
2.46,3,42.171123,19,closed,0.0,2.46
1.92,3,42.177469,17,closed,0.0,1.9199999999999997
2.46,3,42.1844,19,closed,0.0,2.46
2.46,3,42.191385,19,closed,0.0,2.46
2.36,3,42.197446,17,open,1.0,2.36
2.58,3,42.203205,15,open,1.0,2.58
2.58,3,42.209087,15,open,1.0,2.58
2.36,3,42.215095,17,open,1.0,2.36
-3.85,3,42.221165,15,closed,0.0,-3.85
2.36,3,42.227078,17,open,1.0,2.36
2.36,3,42.233096,17,open,1.0,2.36
2.46,3,42.240081,19,closed,0.0,2.46
2.14,3,42.246192,17,open,1.0,2.1399999999999997
1.92,3,42.252604,17,closed,0.0,1.9199999999999997
2.46,3,42.259513,19,closed,0.0,2.46
2.36,3,42.265535,17,open,1.0,2.36
2.58,3,42.271252,15,open,1.0,2.58
2.58,3,42.276968,15,open,1.0,2.58
2.46,3,42.283839,19,closed,0.0,2.46
2.36,3,42.289796,17,open,1.0,2.36
1.92,3,42.296175,17,closed,0.0,1.9199999999999997
2.36,3,42.302114,17,open,1.0,2.36
2.54,3,42.308283,19,open,1.0,2.54
2.36,3,42.314256,17,open,1.0,2.36
2.36,3,42.320219,17,open,1.0,2.36
2.36,3,42.326099,19,open,1.0,2.36
2.36,3,42.332114,17,open,1.0,2.36
-3.85,3,42.338169,15,closed,0.0,-3.85
2.58,3,42.343911,15,open,1.0,2.58
2.46,3,42.350893,19,closed,0.0,2.46
2.58,3,42.356627,15,open,1.0,2.58
2.58,3,42.362407,15,open,1.0,2.58
2.58,3,42.368227,15,open,1.0,2.58
2.36,3,42.374135,17,open,1.0,2.36
2.58,3,42.379931,15,open,1.0,2.58
2.54,3,42.386062,19,open,1.0,2.54
2.54,3,42.392141,19,open,1.0,2.54
2.58,3,42.397951,15,open,1.0,2.58
2.46,3,42.404861,19,closed,0.0,2.46
2.58,3,42.410623,15,open,1.0,2.58
2.58,3,42.416415,15,open,1.0,2.58
2.46,3,42.423308,19,closed,0.0,2.46
2.36,3,42.429304,17,open,1.0,2.36
2.58,3,42.435103,15,open,1.0,2.58
-0.39,3,42.441504,17,closed,0.0,-0.39000000000000035
-3.85,3,42.447646,15,closed,0.0,-3.85
2.36,3,42.453645,17,open,1.0,2.36
-3.85,3,42.459712,15,closed,0.0,-3.85
2.36,3,42.465723,17,open,1.0,2.36
-3.85,3,42.471763,15,closed,0.0,-3.85
2.58,3,42.477483,15,open,1.0,2.58
2.58,3,42.483296,15,open,1.0,2.58
1.92,3,42.48963,17,closed,0.0,1.9199999999999997
2.36,3,42.495672,17,open,1.0,2.36
-2.2,3,42.502222,17,closed,0.0,-2.2
2.36,3,42.508157,19,open,1.0,2.36
2.36,3,42.514154,17,open,1.0,2.36
2.58,3,42.519886,15,open,1.0,2.58
2.5,3,42.5264,19,open,1.0,2.5
2.58,3,42.532202,15,open,1.0,2.58
2.36,3,42.538141,17,open,1.0,2.36
2.36,3,42.544094,17,open,1.0,2.36
2.58,3,42.54987,15,open,1.0,2.58
-3.85,3,42.555975,15,closed,0.0,-3.85
2.46,3,42.562829,19,closed,0.0,2.46
2.46,3,42.569829,19,closed,0.0,2.46
2.54,3,42.575914,19,open,1.0,2.54
2.46,3,42.582898,19,closed,0.0,2.46
2.58,3,42.588669,15,open,1.0,2.58
-3.85,3,42.594784,15,closed,0.0,-3.85
2.54,3,42.600905,19,open,1.0,2.54
-3.45,3,42.606937,15,closed,0.0,-3.4499999999999997
-3.85,3,42.612993,15,closed,0.0,-3.85
2.46,3,42.619912,19,closed,0.0,2.46
2.54,3,42.626065,19,open,1.0,2.54
2.36,3,42.632052,17,open,1.0,2.36
2.32,3,42.638346,19,open,1.0,2.32
2.46,3,42.740446,19,closed,0.0,2.46
1.92,3,42.746931,17,closed,0.0,1.9199999999999997
2.58,3,42.752705,15,open,1.0,2.58
1.92,3,42.759053,17,closed,0.0,1.9199999999999997
2.36,3,42.764991,17,open,1.0,2.36
2.36,3,42.770893,17,open,1.0,2.36
2.36,3,42.776865,17,open,1.0,2.36
2.5,3,42.783376,19,open,1.0,2.5
-3.85,3,42.789375,15,closed,0.0,-3.85
2.46,3,42.79634,19,closed,0.0,2.46
2.46,3,42.803282,19,closed,0.0,2.46
-3.85,3,42.80937,15,closed,0.0,-3.85
2.36,3,42.815296,17,open,1.0,2.36
1.92,3,42.821574,17,closed,0.0,1.9199999999999997
2.46,3,42.828442,19,closed,0.0,2.46
2.58,3,42.834143,15,open,1.0,2.58
2.54,3,42.840242,19,open,1.0,2.54
2.28,3,42.847012,19,closed,0.0,2.28
2.58,3,42.852754,15,open,1.0,2.58
2.5,3,42.859241,19,open,1.0,2.5
2.46,3,42.86614,19,closed,0.0,2.46
2.36,3,42.872041,17,open,1.0,2.36
2.46,3,42.878891,19,open,1.0,2.46
-3.85,3,42.884901,15,closed,0.0,-3.85
-4.05,3,42.890957,15,closed,0.0,-4.050000000000001
2.28,3,42.897653,19,closed,0.0,2.28
1.92,3,42.904027,17,closed,0.0,1.9199999999999997
2.58,3,42.90975,15,open,1.0,2.58
2.46,3,42.916664,19,closed,0.0,2.46
2.46,3,42.923602,19,open,1.0,2.46
1.92,3,42.929959,17,closed,0.0,1.9199999999999997
2.58,3,42.935719,15,open,1.0,2.58
2.36,3,42.941629,17,open,1.0,2.36
-3.85,3,42.947662,15,closed,0.0,-3.85
1.92,3,42.954001,17,closed,0.0,1.9199999999999997
2.14,3,42.960101,17,open,1.0,2.1399999999999997
2.46,3,42.967017,19,closed,0.0,2.46
-3.85,3,42.973069,15,closed,0.0,-3.85
2.36,3,42.978959,17,open,1.0,2.36
2.58,3,42.984698,15,open,1.0,2.58
2.58,3,42.990433,15,open,1.0,2.58
2.54,3,42.996572,19,open,1.0,2.54
2.54,3,43.002656,19,open,1.0,2.54
1.92,3,43.008996,17,closed,0.0,1.9199999999999997
1.92,3,43.015298,17,open,1.0,1.9199999999999997
2.36,3,43.021222,17,open,1.0,2.36
2.46,3,43.028177,19,closed,0.0,2.46
1.92,3,43.034534,17,closed,0.0,1.9199999999999997
2.14,3,43.040626,17,open,1.0,2.1399999999999997
-3.85,3,43.046715,15,closed,0.0,-3.85
2.36,3,43.052624,17,open,1.0,2.36
2.36,3,43.058549,17,open,1.0,2.36
1.92,3,43.064899,17,closed,0.0,1.9199999999999997
2.5,3,43.071406,19,open,1.0,2.5
1.92,3,43.077749,17,closed,0.0,1.9199999999999997
-3.85,3,43.08381,15,closed,0.0,-3.85
-3.85,3,43.089815,15,closed,0.0,-3.85
-3.85,3,43.09586,15,closed,0.0,-3.85
1.92,3,43.102196,17,closed,0.0,1.9199999999999997
2.28,3,43.10889,19,open,1.0,2.28
2.5,3,43.115406,19,open,1.0,2.5
-3.85,3,43.121443,15,closed,0.0,-3.85
2.58,3,43.12719,15,open,1.0,2.58
-4.05,3,43.133277,15,closed,0.0,-4.050000000000001
2.58,3,43.138959,15,open,1.0,2.58
2.54,3,43.145095,19,open,1.0,2.54
2.46,3,43.152007,19,closed,0.0,2.46
-4.05,3,43.158014,15,closed,0.0,-4.050000000000001
2.54,3,43.164087,19,open,1.0,2.54
-3.85,3,43.170111,15,closed,0.0,-3.85
2.58,3,43.175831,15,open,1.0,2.58
2.58,3,43.181563,15,open,1.0,2.58
2.58,3,43.187304,15,open,1.0,2.58
-3.85,3,43.193305,15,closed,0.0,-3.85
2.36,3,43.199246,17,open,1.0,2.36
1.92,3,43.205574,17,closed,0.0,1.9199999999999997
2.46,3,43.212507,19,closed,0.0,2.46
1.92,3,43.218845,17,closed,0.0,1.9199999999999997
0.37,3,43.224673,15,open,1.0,0.3699999999999999
2.36,3,43.23062,19,open,1.0,2.36
1.92,3,43.236955,17,open,1.0,1.9199999999999997
2.46,3,43.243871,19,closed,0.0,2.46
2.36,3,43.249853,17,open,1.0,2.36
2.54,3,43.255937,19,open,1.0,2.54
-3.85,3,43.261982,15,closed,0.0,-3.85
2.14,3,43.268037,17,open,1.0,2.1399999999999997
2.36,3,43.273906,19,open,1.0,2.36
1.92,3,43.280246,17,closed,0.0,1.9199999999999997
2.54,3,43.286281,19,open,1.0,2.54
2.36,3,43.292165,17,open,1.0,2.36
2.58,3,43.297875,15,open,1.0,2.58
2.36,3,43.303786,17,open,1.0,2.36
-3.85,3,43.309773,15,closed,0.0,-3.85
2.14,3,43.315891,17,open,1.0,2.1399999999999997
2.54,3,43.321979,19,open,1.0,2.54
2.58,3,43.327716,15,open,1.0,2.58
2.46,3,43.334584,19,closed,0.0,2.46
2.36,3,43.340473,17,open,1.0,2.36
2.58,3,43.346234,15,open,1.0,2.58
2.54,3,43.352302,19,open,1.0,2.54
2.36,3,43.358178,17,open,1.0,2.36
2.46,3,43.365113,19,closed,0.0,2.46
2.36,3,43.371006,19,open,1.0,2.36
2.46,3,43.377917,19,closed,0.0,2.46
-4.25,3,43.384134,15,closed,0.0,-4.25
1.92,3,43.390546,17,closed,0.0,1.9199999999999997
2.58,3,43.396406,15,open,1.0,2.58
2.58,3,43.402164,15,open,1.0,2.58
1.92,3,43.408467,17,closed,0.0,1.9199999999999997
1.92,3,43.414829,17,closed,0.0,1.9199999999999997
2.36,3,43.42073,17,open,1.0,2.36
2.54,3,43.426796,19,open,1.0,2.54
2.54,3,43.432903,19,open,1.0,2.54
2.58,3,43.438639,15,open,1.0,2.58
2.58,3,43.444347,15,open,1.0,2.58
-3.85,3,43.450435,15,closed,0.0,-3.85
2.58,3,43.456147,15,open,1.0,2.58
2.46,3,43.463023,19,closed,0.0,2.46
2.54,3,43.469149,19,open,1.0,2.54
2.46,3,43.476038,19,closed,0.0,2.46
2.46,3,43.48291,19,closed,0.0,2.46
2.14,3,43.489096,17,open,1.0,2.1399999999999997
2.58,3,43.494828,15,open,1.0,2.58
2.36,3,43.500798,17,open,1.0,2.36
2.32,3,43.507021,19,open,1.0,2.32
1.92,3,43.513418,17,closed,0.0,1.9199999999999997
2.46,3,43.520258,19,closed,0.0,2.46
2.36,3,43.526203,17,open,1.0,2.36
2.54,3,43.532345,19,open,1.0,2.54
2.46,3,43.539224,19,closed,0.0,2.46
1.92,3,43.545556,17,closed,0.0,1.9199999999999997
2.5,3,43.552092,19,open,1.0,2.5
0.57,3,43.557871,15,open,1.0,0.5700000000000001
-3.85,3,43.563889,15,closed,0.0,-3.85
1.92,3,43.570229,17,closed,0.0,1.9199999999999997
2.36,3,43.576124,17,open,1.0,2.36
2.36,3,43.582066,17,open,1.0,2.36
2.54,3,43.588145,19,open,1.0,2.54
-3.85,3,43.594262,15,closed,0.0,-3.85
2.36,3,43.60019,17,open,1.0,2.36
2.32,3,43.606495,19,open,1.0,2.32
2.36,3,43.612519,19,open,1.0,2.36
-3.85,3,43.618563,15,closed,0.0,-3.85
2.58,3,43.624302,15,open,1.0,2.58
-3.85,3,43.630405,15,closed,0.0,-3.85
1.92,3,43.63673,17,closed,0.0,1.9199999999999997
2.36,3,43.642736,17,open,1.0,2.36
1.92,3,43.649071,17,closed,0.0,1.9199999999999997
2.46,3,43.656002,19,closed,0.0,2.46
1.92,3,43.662392,17,closed,0.0,1.9199999999999997
2.58,3,43.668094,15,open,1.0,2.58
1.92,3,43.674405,17,closed,0.0,1.9199999999999997
-3.85,3,43.680516,15,closed,0.0,-3.85
1.92,3,43.686863,17,closed,0.0,1.9199999999999997
2.46,3,43.69375,19,closed,0.0,2.46
2.54,3,43.699907,19,open,1.0,2.54
2.58,3,43.705678,15,open,1.0,2.58
2.5,3,43.712194,19,open,1.0,2.5
1.92,3,43.718593,17,closed,0.0,1.9199999999999997
-3.85,3,43.724738,15,closed,0.0,-3.85
2.36,3,43.730648,17,open,1.0,2.36
2.14,3,43.736773,17,open,1.0,2.1399999999999997
2.36,3,43.742716,17,open,1.0,2.36
2.54,3,43.74888,19,open,1.0,2.54
1.92,3,43.755218,17,closed,0.0,1.9199999999999997
2.14,3,43.761371,17,open,1.0,2.1399999999999997
2.58,3,43.767081,15,open,1.0,2.58
1.92,3,43.773387,17,closed,0.0,1.9199999999999997
2.46,3,43.78035,19,closed,0.0,2.46
1.92,3,43.786683,17,closed,0.0,1.9199999999999997
2.46,3,43.79361,19,closed,0.0,2.46
-3.85,3,43.79971,15,closed,0.0,-3.85
-3.45,3,43.805768,15,closed,0.0,-3.4499999999999997
-3.85,3,43.811775,15,closed,0.0,-3.85
2.28,3,43.818531,19,closed,0.0,2.28
2.36,3,43.824471,17,open,1.0,2.36
2.46,3,43.831388,19,closed,0.0,2.46
-3.85,3,43.837526,15,closed,0.0,-3.85
1.92,3,43.843839,17,closed,0.0,1.9199999999999997
-3.85,3,43.84994,15,closed,0.0,-3.85
2.46,3,43.856794,19,closed,0.0,2.46
2.58,3,43.862593,15,open,1.0,2.58
2.36,3,43.86855,17,open,1.0,2.36
2.46,3,43.875402,19,closed,0.0,2.46
2.46,3,43.882379,19,closed,0.0,2.46
-3.85,3,43.888401,15,closed,0.0,-3.85
2.46,3,43.895317,19,closed,0.0,2.46
2.46,3,43.90217,19,closed,0.0,2.46
2.46,3,43.909072,19,closed,0.0,2.46
1.92,3,43.915374,17,closed,0.0,1.9199999999999997
2.36,3,43.921302,17,open,1.0,2.36
1.92,3,43.927604,17,closed,0.0,1.9199999999999997
2.54,3,43.933775,19,open,1.0,2.54
-3.85,3,43.939811,15,closed,0.0,-3.85
2.46,3,43.946818,19,closed,0.0,2.46
-3.45,3,43.9529,15,closed,0.0,-3.4499999999999997
2.36,3,43.958819,17,open,1.0,2.36
2.36,3,43.964756,17,open,1.0,2.36
-3.85,3,43.970837,15,closed,0.0,-3.85
2.36,3,43.976759,19,open,1.0,2.36
2.36,3,43.98273,17,open,1.0,2.36
2.5,3,43.989204,19,open,1.0,2.5
-3.85,3,43.995316,15,closed,0.0,-3.85
2.46,3,44.00224,19,closed,0.0,2.46
-3.85,3,44.008267,15,closed,0.0,-3.85
2.58,3,44.014006,15,open,1.0,2.58
2.54,3,44.020162,19,open,1.0,2.54
2.54,3,44.026311,19,open,1.0,2.54
1.92,3,44.032664,17,closed,0.0,1.9199999999999997
2.54,3,44.038828,19,open,1.0,2.54
2.32,3,44.045113,19,open,1.0,2.32
1.92,3,44.05153,17,closed,0.0,1.9199999999999997
2.36,3,44.057435,17,open,1.0,2.36
1.92,3,44.06384,17,closed,0.0,1.9199999999999997
1.92,3,44.070168,17,closed,0.0,1.9199999999999997
2.5,3,44.076671,19,open,1.0,2.5
1.92,3,44.083025,17,closed,0.0,1.9199999999999997
1.92,3,44.08938,17,closed,0.0,1.9199999999999997
-3.85,3,44.095403,15,closed,0.0,-3.85
2.58,3,44.101197,15,open,1.0,2.58
1.92,3,44.107505,17,closed,0.0,1.9199999999999997
-3.85,3,44.113529,15,closed,0.0,-3.85
2.36,3,44.119453,17,open,1.0,2.36
2.36,3,44.125367,17,open,1.0,2.36
2.46,3,44.132331,19,closed,0.0,2.46
-3.45,3,44.138362,15,closed,0.0,-3.4499999999999997
2.58,3,44.144112,15,open,1.0,2.58
2.46,3,44.151077,19,closed,0.0,2.46
2.58,3,44.156755,15,open,1.0,2.58
-3.85,3,44.162786,15,closed,0.0,-3.85
2.58,3,44.168498,15,open,1.0,2.58
-3.65,3,44.174497,15,closed,0.0,-3.65
2.36,3,44.180418,17,open,1.0,2.36
2.36,3,44.186336,17,open,1.0,2.36
2.58,3,44.192096,15,open,1.0,2.58
2.5,3,44.198664,19,open,1.0,2.5
2.36,3,44.204606,17,open,1.0,2.36
2.54,3,44.210711,19,open,1.0,2.54
2.54,3,44.216873,19,open,1.0,2.54
1.92,3,44.223201,17,closed,0.0,1.9199999999999997
2.14,3,44.229359,17,open,1.0,2.1399999999999997
1.92,3,44.23565,17,closed,0.0,1.9199999999999997
2.36,3,44.241543,17,open,1.0,2.36
-3.85,3,44.247545,15,closed,0.0,-3.85
2.54,3,44.253723,19,open,1.0,2.54
2.54,3,44.259784,19,open,1.0,2.54
2.54,3,44.265973,19,open,1.0,2.54
2.36,3,44.271925,17,open,1.0,2.36
-3.85,3,44.277997,15,closed,0.0,-3.85
-3.85,3,44.284087,15,closed,0.0,-3.85
1.92,3,44.29037,17,closed,0.0,1.9199999999999997
2.36,3,44.29632,17,open,1.0,2.36
2.5,3,44.302792,19,open,1.0,2.5
2.58,3,44.308521,15,open,1.0,2.58
2.58,3,44.31427,15,open,1.0,2.58
2.46,3,44.321167,19,closed,0.0,2.46
2.46,3,44.32803,19,closed,0.0,2.46
2.46,3,44.33506,19,closed,0.0,2.46
2.5,3,44.34156,19,open,1.0,2.5
2.14,3,44.347664,17,open,1.0,2.1399999999999997
1.92,3,44.353971,17,closed,0.0,1.9199999999999997
2.46,3,44.360846,19,closed,0.0,2.46
2.5,3,44.367437,19,open,1.0,2.5
2.54,3,44.373576,19,open,1.0,2.54
1.92,3,44.380034,17,closed,0.0,1.9199999999999997
2.46,3,44.386919,19,closed,0.0,2.46
-4.25,3,44.393026,15,closed,0.0,-4.25
2.58,3,44.398713,15,open,1.0,2.58
-3.85,3,44.404669,15,closed,0.0,-3.85
2.36,3,44.410602,17,open,1.0,2.36
2.54,3,44.416615,19,open,1.0,2.54
1.92,3,44.42295,17,closed,0.0,1.9199999999999997
2.54,3,44.429161,19,open,1.0,2.54
-3.85,3,44.435145,15,closed,0.0,-3.85
2.36,3,44.44108,17,open,1.0,2.36
1.92,3,44.447342,17,closed,0.0,1.9199999999999997
-3.85,3,44.45347,15,closed,0.0,-3.85
2.46,3,44.460389,19,closed,0.0,2.46
1.92,3,44.466818,17,closed,0.0,1.9199999999999997
2.36,3,44.47286,17,open,1.0,2.36
2.58,3,44.478616,15,open,1.0,2.58
-4.25,3,44.484797,15,closed,0.0,-4.25
2.5,3,44.491247,19,open,1.0,2.5
-3.85,3,44.497341,15,closed,0.0,-3.85
2.36,3,44.5033,17,open,1.0,2.36
2.36,3,44.509202,17,open,1.0,2.36
2.54,3,44.515374,19,open,1.0,2.54
-4.25,3,44.521462,15,closed,0.0,-4.25
-3.85,3,44.527456,15,closed,0.0,-3.85
2.46,3,44.534439,19,closed,0.0,2.46
0.57,3,44.540274,15,open,1.0,0.5700000000000001
-4.25,3,44.546369,15,closed,0.0,-4.25
2.58,3,44.552088,15,open,1.0,2.58
-4.25,3,44.558116,15,closed,0.0,-4.25
-3.85,3,44.564187,15,closed,0.0,-3.85
-3.85,3,44.570217,15,closed,0.0,-3.85
1.92,3,44.576537,17,closed,0.0,1.9199999999999997
2.46,3,44.583406,19,closed,0.0,2.46
-3.85,3,44.589397,15,closed,0.0,-3.85
2.58,3,44.595193,15,open,1.0,2.58
-3.85,3,44.601287,15,closed,0.0,-3.85
2.46,3,44.608212,19,closed,0.0,2.46
2.46,3,44.615094,19,closed,0.0,2.46
2.36,3,44.621007,19,open,1.0,2.36
2.14,3,44.627143,17,open,1.0,2.1399999999999997
1.92,3,44.633414,17,closed,0.0,1.9199999999999997
-3.85,3,44.639427,15,closed,0.0,-3.85
2.54,3,44.645542,19,open,1.0,2.54
2.36,3,44.651546,17,open,1.0,2.36
-3.45,3,44.657679,15,closed,0.0,-3.4499999999999997
2.36,3,44.66367,17,open,1.0,2.36
2.54,3,44.669803,19,open,1.0,2.54
2.36,3,44.675778,19,open,1.0,2.36
2.36,3,44.681793,17,open,1.0,2.36
2.46,3,44.688708,19,closed,0.0,2.46
2.36,3,44.694665,17,open,1.0,2.36
2.28,3,44.701367,19,closed,0.0,2.28
2.36,3,44.707295,17,open,1.0,2.36
-3.85,3,44.713348,15,closed,0.0,-3.85
1.92,3,44.719725,17,closed,0.0,1.9199999999999997
-3.85,3,44.725745,15,closed,0.0,-3.85
2.36,3,44.731701,17,open,1.0,2.36
2.5,3,44.738158,19,open,1.0,2.5
2.5,3,44.744603,19,open,1.0,2.5
2.36,3,44.750509,17,open,1.0,2.36
1.92,3,44.756825,17,closed,0.0,1.9199999999999997
2.46,3,44.763748,19,closed,0.0,2.46
1.92,3,44.770143,17,closed,0.0,1.9199999999999997
2.36,3,44.776046,17,open,1.0,2.36
2.46,3,44.782944,19,open,1.0,2.46
1.92,3,44.78932,17,closed,0.0,1.9199999999999997
2.58,3,44.795086,15,open,1.0,2.58
-3.85,3,44.801156,15,closed,0.0,-3.85
2.5,3,44.807667,19,open,1.0,2.5
-4.05,3,44.813713,15,closed,0.0,-4.050000000000001
2.58,3,44.819406,15,open,1.0,2.58
-4.05,3,44.82543,15,closed,0.0,-4.050000000000001
2.46,3,44.832399,19,closed,0.0,2.46
-3.85,3,44.838437,15,closed,0.0,-3.85
1.92,3,44.844739,17,closed,0.0,1.9199999999999997
2.36,3,44.85069,17,open,1.0,2.36
-3.45,3,44.952105,15,closed,0.0,-3.4499999999999997
-3.85,3,44.958289,15,closed,0.0,-3.85
2.54,3,44.964483,19,open,1.0,2.54
2.36,3,44.970399,17,open,1.0,2.36
2.36,3,44.976373,17,open,1.0,2.36
2.58,3,44.982129,15,open,1.0,2.58
1.92,3,44.988469,17,closed,0.0,1.9199999999999997
2.58,3,44.994225,15,open,1.0,2.58
2.54,3,45.000414,19,open,1.0,2.54
2.46,3,45.007317,19,open,1.0,2.46
1.92,3,45.013693,17,closed,0.0,1.9199999999999997
-3.85,3,45.019802,15,closed,0.0,-3.85
2.36,3,45.025747,17,open,1.0,2.36
1.92,3,45.032139,17,closed,0.0,1.9199999999999997
2.5,3,45.038632,19,open,1.0,2.5
2.54,3,45.044747,19,open,1.0,2.54
2.46,3,45.05167,19,closed,0.0,2.46
2.58,3,45.057456,15,open,1.0,2.58
2.46,3,45.064408,19,closed,0.0,2.46
2.54,3,45.070559,19,open,1.0,2.54
2.36,3,45.076518,17,open,1.0,2.36
-3.85,3,45.082602,15,closed,0.0,-3.85
2.46,3,45.08956,19,closed,0.0,2.46
2.58,3,45.095329,15,open,1.0,2.58
1.92,3,45.101717,17,closed,0.0,1.9199999999999997
1.92,3,45.108112,17,closed,0.0,1.9199999999999997
2.46,3,45.115031,19,closed,0.0,2.46
1.92,3,45.121405,17,closed,0.0,1.9199999999999997
2.5,3,45.127903,19,open,1.0,2.5
1.92,3,45.134267,17,closed,0.0,1.9199999999999997
1.92,3,45.140604,17,closed,0.0,1.9199999999999997
2.36,3,45.146602,17,open,1.0,2.36
2.36,3,45.152574,17,open,1.0,2.36
2.58,3,45.158305,15,open,1.0,2.58
2.54,3,45.164474,19,open,1.0,2.54
1.92,3,45.170799,17,closed,0.0,1.9199999999999997
2.54,3,45.176929,19,open,1.0,2.54
1.92,3,45.18334,17,closed,0.0,1.9199999999999997
-3.85,3,45.189441,15,closed,0.0,-3.85
2.58,3,45.195162,15,open,1.0,2.58
-3.85,3,45.201288,15,closed,0.0,-3.85
2.58,3,45.207086,15,open,1.0,2.58
2.58,3,45.212878,15,open,1.0,2.58
2.58,3,45.218623,15,open,1.0,2.58
-3.85,3,45.224677,15,closed,0.0,-3.85
2.36,3,45.230613,17,open,1.0,2.36
2.5,3,45.237138,19,open,1.0,2.5
1.92,3,45.243523,17,closed,0.0,1.9199999999999997
-3.85,3,45.249554,15,closed,0.0,-3.85
2.54,3,45.255683,19,open,1.0,2.54
1.92,3,45.262004,17,closed,0.0,1.9199999999999997
2.58,3,45.267801,15,open,1.0,2.58
2.5,3,45.274268,19,open,1.0,2.5
2.14,3,45.280435,17,open,1.0,2.1399999999999997
2.58,3,45.286156,15,open,1.0,2.58
1.92,3,45.292498,17,closed,0.0,1.9199999999999997
2.54,3,45.298639,19,open,1.0,2.54
2.58,3,45.304408,15,open,1.0,2.58
2.46,3,45.311343,19,closed,0.0,2.46
2.36,3,45.317271,17,open,1.0,2.36
2.5,3,45.323749,19,open,1.0,2.5
-3.85,3,45.329828,15,closed,0.0,-3.85
0.57,3,45.335651,15,open,1.0,0.5700000000000001
1.92,3,45.341997,17,closed,0.0,1.9199999999999997
2.36,3,45.347965,19,open,1.0,2.36
2.58,3,45.353773,15,open,1.0,2.58
0.37,3,45.359624,15,open,1.0,0.3699999999999999
2.46,3,45.366577,19,closed,0.0,2.46
2.46,3,45.373574,19,closed,0.0,2.46
-3.85,3,45.379709,15,closed,0.0,-3.85
2.58,3,45.38556,15,open,1.0,2.58
2.36,3,45.391516,17,open,1.0,2.36
2.58,3,45.397283,15,open,1.0,2.58
2.46,3,45.404186,19,closed,0.0,2.46
-3.85,3,45.410233,15,closed,0.0,-3.85
2.28,3,45.417029,19,closed,0.0,2.28
2.36,3,45.422955,17,open,1.0,2.36
2.46,3,45.42985,19,closed,0.0,2.46
2.5,3,45.436363,19,open,1.0,2.5
-3.85,3,45.442502,15,closed,0.0,-3.85
1.92,3,45.448819,17,closed,0.0,1.9199999999999997
2.58,3,45.454609,15,open,1.0,2.58
1.92,3,45.460965,17,closed,0.0,1.9199999999999997
-3.85,3,45.467062,15,closed,0.0,-3.85
0.55,3,45.47304,17,open,1.0,0.55
2.5,3,45.47958,19,open,1.0,2.5
2.14,3,45.48567,17,open,1.0,2.1399999999999997
2.58,3,45.49139,15,open,1.0,2.58
0.37,3,45.497232,15,open,1.0,0.3699999999999999
2.36,3,45.503182,17,open,1.0,2.36
1.92,3,45.509495,17,closed,0.0,1.9199999999999997
-3.85,3,45.515587,15,closed,0.0,-3.85
2.46,3,45.522521,19,closed,0.0,2.46
2.36,3,45.528496,17,open,1.0,2.36
1.92,3,45.534894,17,closed,0.0,1.9199999999999997
2.54,3,45.541024,19,open,1.0,2.54
2.54,3,45.547143,19,open,1.0,2.54
1.92,3,45.553438,17,closed,0.0,1.9199999999999997
2.54,3,45.559548,19,open,1.0,2.54
1.92,3,45.56593,17,closed,0.0,1.9199999999999997
1.92,3,45.572227,17,closed,0.0,1.9199999999999997
2.36,3,45.578128,17,open,1.0,2.36
2.36,3,45.584067,17,open,1.0,2.36
2.5,3,45.590582,19,open,1.0,2.5
-3.85,3,45.596973,15,closed,0.0,-3.85
2.36,3,45.603006,17,open,1.0,2.36
2.36,3,45.609037,17,open,1.0,2.36
2.36,3,45.614993,17,open,1.0,2.36
2.14,3,45.621157,17,open,1.0,2.1399999999999997
2.46,3,45.628106,19,closed,0.0,2.46
2.54,3,45.634258,19,open,1.0,2.54
1.92,3,45.64063,17,closed,0.0,1.9199999999999997
-4.25,3,45.646683,15,closed,0.0,-4.25
1.92,3,45.653173,17,closed,0.0,1.9199999999999997
-3.85,3,45.659269,15,closed,0.0,-3.85
1.92,3,45.665645,17,closed,0.0,1.9199999999999997
2.32,3,45.672019,19,open,1.0,2.32
-3.85,3,45.678226,15,closed,0.0,-3.85
2.28,3,45.685077,19,closed,0.0,2.28
-3.85,3,45.69114,15,closed,0.0,-3.85
-4.05,3,45.697256,15,closed,0.0,-4.050000000000001
2.14,3,45.703397,17,open,1.0,2.1399999999999997
-3.85,3,45.709408,15,closed,0.0,-3.85
2.46,3,45.716382,19,closed,0.0,2.46
2.46,3,45.72332,19,closed,0.0,2.46
-3.85,3,45.729502,15,closed,0.0,-3.85
2.5,3,45.736036,19,open,1.0,2.5
2.58,3,45.741903,15,open,1.0,2.58
2.58,3,45.747672,15,open,1.0,2.58
2.58,3,45.753546,15,open,1.0,2.58
-3.85,3,45.759655,15,closed,0.0,-3.85
2.36,3,45.765661,17,open,1.0,2.36
-4.05,3,45.771779,15,closed,0.0,-4.050000000000001
2.36,3,45.77773,17,open,1.0,2.36
2.58,3,45.783558,15,open,1.0,2.58
2.46,3,45.790501,19,closed,0.0,2.46
2.46,3,45.797398,19,open,1.0,2.46
2.36,3,45.803348,17,open,1.0,2.36
2.5,3,45.809808,19,open,1.0,2.5
1.92,3,45.816241,17,closed,0.0,1.9199999999999997
2.46,3,45.823205,19,closed,0.0,2.46
2.14,3,45.829389,17,open,1.0,2.1399999999999997
2.54,3,45.835533,19,open,1.0,2.54
1.92,3,45.841907,17,closed,0.0,1.9199999999999997
1.92,3,45.848286,17,closed,0.0,1.9199999999999997
2.58,3,45.854039,15,open,1.0,2.58
2.58,3,45.859772,15,open,1.0,2.58
-4.25,3,45.865922,15,closed,0.0,-4.25
-3.85,3,45.871947,15,closed,0.0,-3.85
2.46,3,45.878895,19,closed,0.0,2.46
2.36,3,45.884847,17,open,1.0,2.36
2.46,3,45.891719,19,closed,0.0,2.46
2.58,3,45.897573,15,open,1.0,2.58
-3.85,3,45.903664,15,closed,0.0,-3.85
2.36,3,45.909643,19,open,1.0,2.36
2.46,3,45.91663,19,closed,0.0,2.46
2.58,3,45.922408,15,open,1.0,2.58
1.92,3,45.928756,17,closed,0.0,1.9199999999999997
2.36,3,45.934796,17,open,1.0,2.36
2.58,3,45.940544,15,open,1.0,2.58
-3.85,3,45.946634,15,closed,0.0,-3.85
1.92,3,45.952999,17,closed,0.0,1.9199999999999997
2.36,3,45.958924,17,open,1.0,2.36
2.54,3,45.965092,19,open,1.0,2.54
-0.39,3,45.971538,17,closed,0.0,-0.39000000000000035
2.46,3,45.978487,19,closed,0.0,2.46
2.36,3,45.984442,17,open,1.0,2.36
2.36,3,45.990345,17,open,1.0,2.36
2.46,3,45.99733,19,closed,0.0,2.46
2.46,3,46.004239,19,closed,0.0,2.46
2.28,3,46.011021,19,closed,0.0,2.28
2.58,3,46.016799,15,open,1.0,2.58
2.58,3,46.022532,15,open,1.0,2.58
1.92,3,46.02881,17,closed,0.0,1.9199999999999997
0.37,3,46.034709,15,open,1.0,0.3699999999999999
2.46,3,46.041694,19,closed,0.0,2.46
2.46,3,46.048635,19,closed,0.0,2.46
-3.85,3,46.05482,15,closed,0.0,-3.85
2.54,3,46.060997,19,open,1.0,2.54
2.54,3,46.067153,19,open,1.0,2.54
1.92,3,46.07347,17,closed,0.0,1.9199999999999997
2.58,3,46.079209,15,open,1.0,2.58
2.46,3,46.086168,19,closed,0.0,2.46
2.54,3,46.092254,19,open,1.0,2.54
-3.65,3,46.098312,15,closed,0.0,-3.65
-3.85,3,46.104472,15,closed,0.0,-3.85
2.46,3,46.111384,19,closed,0.0,2.46
2.54,3,46.117612,19,open,1.0,2.54
-4.25,3,46.123698,15,closed,0.0,-4.25
2.46,3,46.130675,19,closed,0.0,2.46
2.54,3,46.136796,19,open,1.0,2.54
1.92,3,46.143143,17,closed,0.0,1.9199999999999997
2.58,3,46.148944,15,open,1.0,2.58
2.36,3,46.15489,17,open,1.0,2.36
-3.85,3,46.160947,15,closed,0.0,-3.8499999999999996
-3.85,3,46.167068,15,closed,0.0,-3.85
1.92,3,46.173414,17,closed,0.0,1.9199999999999997
-3.85,3,46.179498,15,closed,0.0,-3.85
2.36,3,46.185448,17,open,1.0,2.36
-3.85,3,46.191591,15,closed,0.0,-3.85
2.36,3,46.197648,17,open,1.0,2.36
2.58,3,46.203349,15,open,1.0,2.58
-3.85,3,46.209409,15,closed,0.0,-3.85
1.92,3,46.215785,17,closed,0.0,1.9199999999999997
2.58,3,46.221528,15,open,1.0,2.58
2.36,3,46.227418,17,open,1.0,2.36
2.58,3,46.233274,15,open,1.0,2.58
0.57,3,46.239201,15,open,1.0,0.5700000000000001
-3.85,3,46.24527,15,closed,0.0,-3.85
2.46,3,46.252208,19,closed,0.0,2.46
2.46,3,46.259112,19,closed,0.0,2.46
2.46,3,46.266125,19,closed,0.0,2.46
2.5,3,46.272631,19,open,1.0,2.5
2.54,3,46.278816,19,open,1.0,2.54
2.54,3,46.284942,19,open,1.0,2.54
2.58,3,46.290745,15,open,1.0,2.58
2.54,3,46.296897,19,open,1.0,2.54
2.36,3,46.302779,17,open,1.0,2.36
-3.65,3,46.308815,15,closed,0.0,-3.65
2.58,3,46.314636,15,open,1.0,2.58
-3.85,3,46.320661,15,closed,0.0,-3.85
2.14,3,46.32679,17,open,1.0,2.1399999999999997
-3.85,3,46.332881,15,closed,0.0,-3.85
-4.05,3,46.338963,15,closed,0.0,-4.05
2.36,3,46.344898,17,open,1.0,2.36
2.36,3,46.350904,17,open,1.0,2.36
1.92,3,46.357238,17,closed,0.0,1.9199999999999997
2.14,3,46.363429,19,open,1.0,2.1399999999999997
2.46,3,46.370391,19,closed,0.0,2.46
1.92,3,46.376815,17,closed,0.0,1.9199999999999997
2.36,3,46.382853,17,open,1.0,2.36
2.5,3,46.389362,19,open,1.0,2.5
-3.85,3,46.395449,15,closed,0.0,-3.85
2.46,3,46.402467,19,closed,0.0,2.46
-3.85,3,46.408512,15,closed,0.0,-3.85
2.36,3,46.41451,19,open,1.0,2.36
2.5,3,46.421033,19,open,1.0,2.5
2.28,3,46.427748,19,closed,0.0,2.28
1.92,3,46.434148,17,closed,0.0,1.9199999999999997
2.46,3,46.441041,19,closed,0.0,2.46
2.54,3,46.447185,19,open,1.0,2.54
-3.85,3,46.453224,15,closed,0.0,-3.85
2.58,3,46.45895,15,open,1.0,2.58
1.92,3,46.465355,17,closed,0.0,1.9199999999999997
2.36,3,46.471304,17,open,1.0,2.36
2.36,3,46.477202,17,open,1.0,2.36
2.46,3,46.484112,19,closed,0.0,2.46
-3.85,3,46.49021,15,closed,0.0,-3.85
1.92,3,46.496581,17,closed,0.0,1.9199999999999997
2.46,3,46.503503,19,closed,0.0,2.46
-3.85,3,46.509597,15,closed,0.0,-3.85
-3.85,3,46.515714,15,closed,0.0,-3.85
2.58,3,46.521496,15,open,1.0,2.58
2.46,3,46.528406,19,closed,0.0,2.46
2.28,3,46.535109,19,closed,0.0,2.28
-4.05,3,46.541149,15,closed,0.0,-4.050000000000001
2.28,3,46.547847,19,closed,0.0,2.28
1.92,3,46.554154,17,closed,0.0,1.9199999999999997
-3.85,3,46.560205,15,closed,0.0,-3.85
2.58,3,46.566,15,open,1.0,2.58
2.58,3,46.571715,15,open,1.0,2.58
2.58,3,46.577438,15,open,1.0,2.58
-4.05,3,46.583541,15,closed,0.0,-4.050000000000001
1.92,3,46.589894,17,closed,0.0,1.9199999999999997
2.58,3,46.59566,15,open,1.0,2.58
2.46,3,46.602665,19,closed,0.0,2.46
-3.85,3,46.608765,15,closed,0.0,-3.85
2.54,3,46.614936,19,open,1.0,2.54
-4.25,3,46.621028,15,closed,0.0,-4.25
1.92,3,46.627375,17,closed,0.0,1.9199999999999997
2.46,3,46.634377,19,closed,0.0,2.46
1.92,3,46.640662,17,closed,0.0,1.9199999999999997
2.36,3,46.646677,17,open,1.0,2.36
-4.25,3,46.652758,15,closed,0.0,-4.25
-3.85,3,46.658803,15,closed,0.0,-3.85
2.58,3,46.664606,15,open,1.0,2.58
2.5,3,46.67108,19,open,1.0,2.5
-4.25,3,46.677156,15,closed,0.0,-4.25
2.36,3,46.683144,17,open,1.0,2.36
-3.85,3,46.689178,15,closed,0.0,-3.85
-4.25,3,46.695225,15,closed,0.0,-4.25
2.46,3,46.702272,19,closed,0.0,2.46
2.36,3,46.708172,17,open,1.0,2.36
2.36,3,46.714199,17,open,1.0,2.36
-3.85,3,46.720262,15,closed,0.0,-3.85
2.5,3,46.726781,19,open,1.0,2.5
2.54,3,46.732965,19,open,1.0,2.54
-3.85,3,46.739034,15,closed,0.0,-3.85
2.58,3,46.744768,15,open,1.0,2.58
2.46,3,46.751771,19,closed,0.0,2.46
-3.85,3,46.75781,15,closed,0.0,-3.85
2.36,3,46.763834,17,open,1.0,2.36
2.58,3,46.769566,15,open,1.0,2.58
2.54,3,46.775693,19,open,1.0,2.54
2.36,3,46.781659,17,open,1.0,2.36
2.58,3,46.787412,15,open,1.0,2.58
-3.85,3,46.79343,15,closed,0.0,-3.85
2.54,3,46.799572,19,open,1.0,2.54
1.92,3,46.805904,17,closed,0.0,1.9199999999999997
2.36,3,46.811993,17,open,1.0,2.36
2.46,3,46.81893,19,closed,0.0,2.46
2.36,3,46.824876,17,open,1.0,2.36
2.5,3,46.831431,19,open,1.0,2.5
2.54,3,46.837546,19,open,1.0,2.54
2.28,3,46.844261,19,closed,0.0,2.28
2.36,3,46.850234,17,open,1.0,2.36
-3.85,3,46.856284,15,closed,0.0,-3.85
2.54,3,46.862344,19,open,1.0,2.54
1.92,3,46.868775,17,closed,0.0,1.9199999999999997
2.46,3,46.875657,19,closed,0.0,2.46
1.92,3,46.882037,17,closed,0.0,1.9199999999999997
1.92,3,46.888338,17,closed,0.0,1.9199999999999997
-3.85,3,46.894406,15,closed,0.0,-3.85
2.58,3,46.900215,15,open,1.0,2.58
2.54,3,46.906311,19,open,1.0,2.54
2.46,3,46.913264,19,closed,0.0,2.46
-3.85,3,46.919343,15,closed,0.0,-3.85
2.36,3,46.925241,17,open,1.0,2.36
2.46,3,46.932244,19,closed,0.0,2.46
2.46,3,46.93913,19,closed,0.0,2.46
-3.85,3,46.945155,15,closed,0.0,-3.85
2.46,3,46.952204,19,closed,0.0,2.46
2.54,3,46.958312,19,open,1.0,2.54
1.92,3,46.964713,17,closed,0.0,1.9199999999999997
2.58,3,46.970515,15,open,1.0,2.58
2.36,3,46.976441,17,open,1.0,2.36
-4.25,3,46.98252,15,closed,0.0,-4.25
1.92,3,46.988873,17,closed,0.0,1.9199999999999997
-3.85,3,46.994965,15,closed,0.0,-3.85
1.92,3,47.001357,17,closed,0.0,1.9199999999999997
2.58,3,47.007135,15,open,1.0,2.58
-3.85,3,47.013211,15,closed,0.0,-3.85
1.92,3,47.019579,17,closed,0.0,1.9199999999999997
2.46,3,47.026497,19,closed,0.0,2.46
2.58,3,47.032301,15,open,1.0,2.58
2.58,3,47.038055,15,open,1.0,2.58
-3.85,3,47.044151,15,closed,0.0,-3.85
2.58,3,47.049921,15,open,1.0,2.58
1.92,3,47.056281,17,closed,0.0,1.9199999999999997
2.54,3,47.062521,19,open,1.0,2.54
2.46,3,47.069418,19,closed,0.0,2.46
2.46,3,47.076318,19,closed,0.0,2.46
2.36,3,47.168931,17,open,1.0,2.36
-3.85,3,47.175038,15,closed,0.0,-3.85
1.92,3,47.181388,17,closed,0.0,1.9199999999999997
2.58,3,47.187158,15,open,1.0,2.58
2.58,3,47.192879,15,open,1.0,2.58
1.92,3,47.19923,17,closed,0.0,1.9199999999999997
2.46,3,47.206116,19,closed,0.0,2.46
1.92,3,47.212465,17,closed,0.0,1.9199999999999997
-3.85,3,47.218474,15,closed,0.0,-3.85
1.92,3,47.224802,17,closed,0.0,1.9199999999999997
2.46,3,47.231719,19,closed,0.0,2.46
2.5,3,47.238189,19,open,1.0,2.5
2.46,3,47.245043,19,closed,0.0,2.46
-3.85,3,47.251137,15,closed,0.0,-3.85
-3.85,3,47.257175,15,closed,0.0,-3.85
2.46,3,47.264122,19,closed,0.0,2.46
2.58,3,47.269884,15,open,1.0,2.58
2.58,3,47.275654,15,open,1.0,2.58
2.46,3,47.282546,19,closed,0.0,2.46
2.36,3,47.288482,17,open,1.0,2.36
2.46,3,47.295363,19,closed,0.0,2.46
-3.85,3,47.301378,15,closed,0.0,-3.85
1.92,3,47.307668,17,closed,0.0,1.9199999999999997
2.54,3,47.313799,19,open,1.0,2.54
2.46,3,47.320714,19,closed,0.0,2.46
2.46,3,47.327631,19,closed,0.0,2.46
2.58,3,47.333405,15,open,1.0,2.58
1.92,3,47.339697,17,closed,0.0,1.9199999999999997
2.36,3,47.345674,17,open,1.0,2.36
1.92,3,47.351988,17,closed,0.0,1.9199999999999997
2.36,3,47.35794,17,open,1.0,2.36
2.46,3,47.364898,19,closed,0.0,2.46
2.5,3,47.371343,19,open,1.0,2.5
-3.85,3,47.377438,15,closed,0.0,-3.85
2.58,3,47.38318,15,open,1.0,2.58
1.92,3,47.389533,17,closed,0.0,1.9199999999999997
2.58,3,47.395328,15,open,1.0,2.58
2.36,3,47.401274,17,open,1.0,2.36
2.58,3,47.406966,15,open,1.0,2.58
2.5,3,47.41347,19,open,1.0,2.5
2.54,3,47.419607,19,open,1.0,2.54
2.58,3,47.425374,15,open,1.0,2.58
-3.85,3,47.431406,15,closed,0.0,-3.85
2.58,3,47.437128,15,open,1.0,2.58
2.58,3,47.442866,15,open,1.0,2.58
2.36,3,47.448796,17,open,1.0,2.36
2.36,3,47.45472,17,open,1.0,2.36
2.36,3,47.460598,17,open,1.0,2.36
-3.85,3,47.466725,15,closed,0.0,-3.85
-3.85,3,47.472768,15,closed,0.0,-3.85
2.54,3,47.47888,19,open,1.0,2.54
2.58,3,47.484622,15,open,1.0,2.58
-3.85,3,47.490667,15,closed,0.0,-3.85
-3.85,3,47.496765,15,closed,0.0,-3.85
2.58,3,47.502499,15,open,1.0,2.58
1.92,3,47.508815,17,closed,0.0,1.9199999999999997
2.46,3,47.515774,19,closed,0.0,2.46
2.5,3,47.522308,19,open,1.0,2.5
2.46,3,47.529254,19,closed,0.0,2.46
2.58,3,47.535013,15,open,1.0,2.58
0.57,3,47.540772,15,open,1.0,0.5700000000000001
2.28,3,47.547529,19,closed,0.0,2.28
2.36,3,47.553444,17,open,1.0,2.36
2.46,3,47.560313,19,closed,0.0,2.46
2.54,3,47.566416,19,open,1.0,2.54
2.58,3,47.572103,15,open,1.0,2.58
2.58,3,47.577792,15,open,1.0,2.58
1.92,3,47.584142,17,closed,0.0,1.9199999999999997
-3.45,3,47.590207,15,closed,0.0,-3.4499999999999997
2.36,3,47.596137,17,open,1.0,2.36
2.36,3,47.602084,17,open,1.0,2.36
2.58,3,47.607846,15,open,1.0,2.58
2.5,3,47.614356,19,open,1.0,2.5
2.54,3,47.62044,19,open,1.0,2.54
1.92,3,47.626768,17,closed,0.0,1.9199999999999997
-3.85,3,47.632823,15,closed,0.0,-3.85
2.54,3,47.638926,19,open,1.0,2.54
2.46,3,47.645762,19,closed,0.0,2.46
-3.85,3,47.651862,15,closed,0.0,-3.85
2.58,3,47.657533,15,open,1.0,2.58
1.92,3,47.663915,17,closed,0.0,1.9199999999999997
2.58,3,47.669661,15,open,1.0,2.58
2.58,3,47.675395,15,open,1.0,2.58
2.58,3,47.681212,15,open,1.0,2.58
-3.85,3,47.687258,15,closed,0.0,-3.85
2.5,3,47.693711,19,open,1.0,2.5
-3.65,3,47.699742,15,closed,0.0,-3.65
2.36,3,47.705655,17,open,1.0,2.36
2.46,3,47.71258,19,closed,0.0,2.46
2.36,3,47.718515,17,open,1.0,2.36
2.54,3,47.724577,19,open,1.0,2.54
2.58,3,47.730317,15,open,1.0,2.58
2.58,3,47.736037,15,open,1.0,2.58
2.58,3,47.741811,15,open,1.0,2.58
-3.85,3,47.747846,15,closed,0.0,-3.85
2.36,3,47.753763,17,open,1.0,2.36
2.5,3,47.760222,19,open,1.0,2.5
2.5,3,47.766731,19,open,1.0,2.5
1.92,3,47.773045,17,closed,0.0,1.9199999999999997
-3.65,3,47.779094,15,closed,0.0,-3.65
1.92,3,47.785423,17,closed,0.0,1.9199999999999997
2.46,3,47.792275,19,closed,0.0,2.46
2.46,3,47.799174,19,closed,0.0,2.46
2.36,3,47.805143,17,open,1.0,2.36
2.46,3,47.812077,19,closed,0.0,2.46
2.36,3,47.817985,17,open,1.0,2.36
2.46,3,47.824875,19,closed,0.0,2.46
2.36,3,47.830832,17,open,1.0,2.36
-3.85,3,47.836894,15,closed,0.0,-3.85
2.36,3,47.842794,17,open,1.0,2.36
1.92,3,47.849169,17,closed,0.0,1.9199999999999997
2.46,3,47.85606,19,closed,0.0,2.46
2.54,3,47.862159,19,open,1.0,2.54
2.58,3,47.867883,15,open,1.0,2.58
-3.85,3,47.873926,15,closed,0.0,-3.85
1.92,3,47.880285,17,closed,0.0,1.9199999999999997
2.46,3,47.887156,19,closed,0.0,2.46
-4.05,3,47.893224,15,closed,0.0,-4.050000000000001
2.58,3,47.898978,15,open,1.0,2.58
-3.85,3,47.90503,15,closed,0.0,-3.85
2.5,3,47.911478,19,open,1.0,2.5
2.58,3,47.917214,15,open,1.0,2.58
-3.85,3,47.923208,15,closed,0.0,-3.85
2.54,3,47.929354,19,open,1.0,2.54
2.58,3,47.935088,15,open,1.0,2.58
2.36,3,47.944593,17,open,1.0,2.36
2.58,3,47.950379,15,open,1.0,2.58
-3.85,3,47.956405,15,closed,0.0,-3.85
2.46,3,47.963247,19,closed,0.0,2.46
2.58,3,47.968997,15,open,1.0,2.58
2.46,3,47.975875,19,closed,0.0,2.46
1.92,3,47.982259,17,closed,0.0,1.9199999999999997
2.58,3,47.98802,15,open,1.0,2.58
2.46,3,47.994955,19,closed,0.0,2.46
2.36,3,48.000905,17,open,1.0,2.36
2.46,3,48.007803,19,closed,0.0,2.46
2.58,3,48.013566,15,open,1.0,2.58
-3.85,3,48.019557,15,closed,0.0,-3.85
-3.65,3,48.025604,15,closed,0.0,-3.65
2.36,3,48.031556,17,open,1.0,2.36
2.36,3,48.037499,17,open,1.0,2.36
-3.85,3,48.043512,15,closed,0.0,-3.85
2.54,3,48.049664,19,open,1.0,2.54
1.92,3,48.055975,17,closed,0.0,1.9199999999999997
-4.05,3,48.062036,15,closed,0.0,-4.050000000000001
1.92,3,48.068362,17,closed,0.0,1.9199999999999997
1.92,3,48.074709,17,closed,0.0,1.9199999999999997
-3.85,3,48.080749,15,closed,0.0,-3.85
1.92,3,48.08707,17,closed,0.0,1.9199999999999997
2.46,3,48.093935,19,closed,0.0,2.46
2.36,3,48.099846,17,open,1.0,2.36
2.58,3,48.105557,15,open,1.0,2.58
-3.85,3,48.111556,15,closed,0.0,-3.85
2.58,3,48.117329,15,open,1.0,2.58
-3.85,3,48.123307,15,closed,0.0,-3.85
2.58,3,48.129056,15,open,1.0,2.58
1.92,3,48.135385,17,closed,0.0,1.9199999999999997
2.46,3,48.142236,19,closed,0.0,2.46
2.36,3,48.148175,17,open,1.0,2.36
2.32,3,48.154467,19,open,1.0,2.32
2.54,3,48.160544,19,open,1.0,2.54
-4.25,3,48.166601,15,closed,0.0,-4.25
2.54,3,48.172691,19,open,1.0,2.54
2.58,3,48.178399,15,open,1.0,2.58
2.36,3,48.18434,17,open,1.0,2.36
-3.85,3,48.190358,15,closed,0.0,-3.85
2.36,3,48.196264,17,open,1.0,2.36
2.46,3,48.203109,19,closed,0.0,2.46
1.92,3,48.209432,17,closed,0.0,1.9199999999999997
1.92,3,48.215811,17,closed,0.0,1.9199999999999997
2.58,3,48.221556,15,open,1.0,2.58
2.36,3,48.227451,17,open,1.0,2.36
2.46,3,48.234357,19,closed,0.0,2.46
2.58,3,48.240067,15,open,1.0,2.58
2.46,3,48.246945,19,closed,0.0,2.46
2.46,3,48.253861,19,closed,0.0,2.46
-3.85,3,48.259941,15,closed,0.0,-3.85
1.92,3,48.266279,17,closed,0.0,1.9199999999999997
2.54,3,48.272372,19,open,1.0,2.54
2.58,3,48.278063,15,open,1.0,2.58
2.36,3,48.28401,19,open,1.0,2.36
2.58,3,48.28974,15,open,1.0,2.58
-3.85,3,48.295842,15,closed,0.0,-3.85
0.37,3,48.301676,15,open,1.0,0.3699999999999999
1.92,3,48.30798,17,closed,0.0,1.9199999999999997
1.92,3,48.314333,17,closed,0.0,1.9199999999999997
-3.45,3,48.320376,15,closed,0.0,-3.4499999999999997
2.58,3,48.326082,17,open,1.0,2.58
-3.65,3,48.332119,15,closed,0.0,-3.65
2.36,3,48.338066,17,open,1.0,2.36
2.36,3,48.343973,17,open,1.0,2.36
1.92,3,48.350343,17,closed,0.0,1.9199999999999997
2.58,3,48.356069,15,open,1.0,2.58
2.46,3,48.363036,19,closed,0.0,2.46
2.46,3,48.369988,19,closed,0.0,2.46
2.54,3,48.376258,19,open,1.0,2.54
-3.85,3,48.382372,15,closed,0.0,-3.85
2.36,3,48.388324,17,open,1.0,2.36
-3.85,3,48.394337,15,closed,0.0,-3.85
2.58,3,48.400124,15,open,1.0,2.58
2.46,3,48.407004,19,closed,0.0,2.46
2.5,3,48.413495,19,open,1.0,2.5
2.54,3,48.419634,19,open,1.0,2.54
-3.85,3,48.425626,15,closed,0.0,-3.85
2.46,3,48.4326,19,closed,0.0,2.46
2.46,3,48.439523,19,closed,0.0,2.46
-3.85,3,48.445705,15,closed,0.0,-3.85
2.46,3,48.452541,19,closed,0.0,2.46
0.57,3,48.458364,15,open,1.0,0.5700000000000001
2.58,3,48.464116,15,open,1.0,2.58
2.58,3,48.469911,15,open,1.0,2.58
2.46,3,48.476767,19,closed,0.0,2.46
-4.25,3,48.482914,15,closed,0.0,-4.25
2.5,3,48.489406,19,open,1.0,2.5
1.92,3,48.495838,17,closed,0.0,1.9199999999999997
2.36,3,48.50175,17,open,1.0,2.36
2.58,3,48.507478,15,open,1.0,2.58
1.92,3,48.513829,17,closed,0.0,1.9199999999999997
1.92,3,48.520156,17,closed,0.0,1.9199999999999997
2.58,3,48.525934,15,open,1.0,2.58
2.36,3,48.531901,17,open,1.0,2.36
2.36,3,48.537858,17,open,1.0,2.36
1.92,3,48.544234,17,closed,0.0,1.9199999999999997
1.92,3,48.550597,17,closed,0.0,1.9199999999999997
2.46,3,48.557482,19,closed,0.0,2.46
2.58,3,48.563282,15,open,1.0,2.58
2.58,3,48.569022,15,open,1.0,2.58
2.58,3,48.574738,15,open,1.0,2.58
1.92,3,48.581146,17,closed,0.0,1.9199999999999997
2.58,3,48.586905,15,open,1.0,2.58
1.92,3,48.593224,17,closed,0.0,1.9199999999999997
1.92,3,48.599601,17,closed,0.0,1.9199999999999997
2.46,3,48.606526,19,closed,0.0,2.46
-3.85,3,48.61262,15,closed,0.0,-3.85
2.54,3,48.618759,19,open,1.0,2.54
2.54,3,48.624904,19,open,1.0,2.54
-3.85,3,48.630998,15,closed,0.0,-3.85
2.36,3,48.636907,17,open,1.0,2.36
2.58,3,48.642714,15,open,1.0,2.58
2.36,3,48.648705,17,open,1.0,2.36
2.46,3,48.655631,19,closed,0.0,2.46
2.58,3,48.661356,15,open,1.0,2.58
2.14,3,48.667474,17,open,1.0,2.1399999999999997
2.36,3,48.673422,17,open,1.0,2.36
2.36,3,48.679405,17,open,1.0,2.36
2.46,3,48.686275,19,closed,0.0,2.46
2.58,3,48.692034,15,open,1.0,2.58
2.54,3,48.698165,19,open,1.0,2.54
1.92,3,48.7045,17,closed,0.0,1.9199999999999997
2.46,3,48.71144,19,closed,0.0,2.46
1.92,3,48.717796,17,closed,0.0,1.9199999999999997
1.92,3,48.724211,17,closed,0.0,1.9199999999999997
-3.85,3,48.730289,15,closed,0.0,-3.85
2.54,3,48.736453,19,open,1.0,2.54
2.54,3,48.742615,19,open,1.0,2.54
2.5,3,48.749171,19,open,1.0,2.5
2.46,3,48.756035,19,closed,0.0,2.46
2.58,3,48.761811,15,open,1.0,2.58
2.46,3,48.768726,19,closed,0.0,2.46
2.36,3,48.774614,17,open,1.0,2.36
2.46,3,48.781538,19,closed,0.0,2.46
2.46,3,48.788476,19,closed,0.0,2.46
2.5,3,48.794935,19,open,1.0,2.5
-4.05,3,48.801034,15,closed,0.0,-4.050000000000001
1.92,3,48.807347,17,closed,0.0,1.9199999999999997
2.54,3,48.813477,19,open,1.0,2.54
2.54,3,48.819563,19,open,1.0,2.54
2.46,3,48.82645,19,closed,0.0,2.46
2.54,3,48.832613,19,open,1.0,2.54
-3.85,3,48.838659,15,closed,0.0,-3.85
1.92,3,48.844984,17,closed,0.0,1.9199999999999997
2.46,3,48.851934,19,closed,0.0,2.46
1.92,3,48.858241,17,closed,0.0,1.9199999999999997
2.54,3,48.86447,19,open,1.0,2.54
2.36,3,48.870355,17,open,1.0,2.36
2.14,3,48.876477,17,open,1.0,2.1399999999999997
1.92,3,48.882856,17,closed,0.0,1.9199999999999997
2.46,3,48.889746,19,closed,0.0,2.46
2.46,3,48.89668,19,closed,0.0,2.46
2.36,3,48.902586,17,open,1.0,2.36
1.92,3,48.908945,17,closed,0.0,1.9199999999999997
2.36,3,48.914911,17,open,1.0,2.36
1.92,3,48.921243,17,closed,0.0,1.9199999999999997
2.58,3,48.926981,15,open,1.0,2.58
-3.85,3,48.93311,15,closed,0.0,-3.85
2.58,3,48.938852,15,open,1.0,2.58
2.46,3,48.945798,19,closed,0.0,2.46
2.36,3,48.951751,17,open,1.0,2.36
2.54,3,48.957833,19,open,1.0,2.54
1.92,3,48.964239,17,closed,0.0,1.9199999999999997
1.92,3,48.970561,17,closed,0.0,1.9199999999999997
2.36,3,48.976478,17,open,1.0,2.36
2.32,3,48.982784,19,open,1.0,2.32
2.54,3,48.988918,19,open,1.0,2.54
2.58,3,48.994603,15,open,1.0,2.58
-3.85,3,49.00072,15,closed,0.0,-3.85
2.36,3,49.006586,17,open,1.0,2.36
-4.05,3,49.01265,15,closed,0.0,-4.050000000000001
1.92,3,49.019067,17,closed,0.0,1.9199999999999997
2.36,3,49.025,17,open,1.0,2.36
1.92,3,49.031446,17,closed,0.0,1.9199999999999997
1.92,3,49.037749,17,closed,0.0,1.9199999999999997
-3.85,3,49.043769,15,closed,0.0,-3.85
1.92,3,49.050173,17,closed,0.0,1.9199999999999997
-3.65,3,49.056206,15,closed,0.0,-3.65
1.92,3,49.062563,17,closed,0.0,1.9199999999999997
2.5,3,49.069097,19,open,1.0,2.5
2.58,3,49.074816,15,open,1.0,2.58
2.46,3,49.081788,19,closed,0.0,2.46
2.54,3,49.087927,19,open,1.0,2.54
2.46,3,49.094832,19,closed,0.0,2.46
2.58,3,49.100547,15,open,1.0,2.58
2.36,3,49.106437,17,open,1.0,2.36
2.28,3,49.113109,19,closed,0.0,2.28
2.54,3,49.119194,19,open,1.0,2.54
2.54,3,49.125271,19,open,1.0,2.54
1.92,3,49.131544,17,closed,0.0,1.9199999999999997
2.54,3,49.137751,19,open,1.0,2.54
0.37,3,49.143567,15,open,1.0,0.3699999999999999
2.36,3,49.149622,17,open,1.0,2.36
2.36,3,49.156035,17,open,1.0,2.36
2.36,3,49.162054,17,open,1.0,2.36
2.58,3,49.167735,15,open,1.0,2.58
1.92,3,49.174159,17,closed,0.0,1.9199999999999997
2.36,3,49.180115,17,open,1.0,2.36
-3.85,3,49.186285,15,closed,0.0,-3.85
2.36,3,49.192326,17,open,1.0,2.36
2.46,3,49.199316,19,closed,0.0,2.46
2.58,3,49.205173,15,open,1.0,2.58
1.92,3,49.211891,17,closed,0.0,1.9199999999999997
2.54,3,49.218059,19,open,1.0,2.54
2.5,3,49.224531,19,open,1.0,2.5
-3.85,3,49.230676,15,closed,0.0,-3.85
2.36,3,49.236667,17,open,1.0,2.36
2.46,3,49.243499,19,open,1.0,2.46
1.92,3,49.24992,17,closed,0.0,1.9199999999999997
1.92,3,49.256243,17,closed,0.0,1.9199999999999997
2.46,3,49.263255,19,closed,0.0,2.46
2.32,3,49.269569,19,open,1.0,2.32
2.58,3,49.275323,15,open,1.0,2.58
2.54,3,49.281425,19,open,1.0,2.54
2.36,3,49.36681,17,open,1.0,2.36
2.46,3,49.374545,19,closed,0.0,2.46
2.32,3,49.381427,19,open,1.0,2.32
2.58,3,49.387313,15,open,1.0,2.58
1.92,3,49.393969,17,open,1.0,1.9199999999999997
2.46,3,49.400951,19,closed,0.0,2.46
1.92,3,49.407403,17,closed,0.0,1.9199999999999997
2.46,3,49.414401,19,closed,0.0,2.46
2.58,3,49.420189,17,open,1.0,2.58
2.46,3,49.427161,19,closed,0.0,2.46
1.92,3,49.433512,17,closed,0.0,1.9199999999999997
2.28,3,49.440237,19,closed,0.0,2.28
2.36,3,49.446226,17,open,1.0,2.36
2.36,3,49.452135,17,open,1.0,2.36
-3.45,3,49.458154,15,closed,0.0,-3.4499999999999997
-4.25,3,49.464283,15,closed,0.0,-4.25
2.46,3,49.471212,19,closed,0.0,2.46
1.92,3,49.477606,17,closed,0.0,1.9199999999999997
2.54,3,49.483765,19,open,1.0,2.54
2.5,3,49.490427,19,open,1.0,2.5
-3.85,3,49.496584,15,closed,0.0,-3.85
-3.85,3,49.502614,15,closed,0.0,-3.85
0.57,3,49.508378,15,open,1.0,0.5700000000000001
1.92,3,49.514776,17,closed,0.0,1.9199999999999997
2.58,3,49.520523,15,open,1.0,2.58
-3.85,3,49.52653,15,closed,0.0,-3.85
2.58,3,49.532345,15,open,1.0,2.58
2.36,3,49.538266,17,open,1.0,2.36
2.58,3,49.544077,15,open,1.0,2.58
2.36,3,49.549959,17,open,1.0,2.36
2.5,3,49.556453,19,open,1.0,2.5
2.46,3,49.563426,19,closed,0.0,2.46
-3.85,3,49.5695,15,closed,0.0,-3.85
2.36,3,49.575791,17,open,1.0,2.36
2.36,3,49.581836,17,open,1.0,2.36
-3.85,3,49.587949,15,closed,0.0,-3.85
1.92,3,49.594496,17,closed,0.0,1.9199999999999997
-3.85,3,49.600569,15,closed,0.0,-3.85
-3.85,3,49.606672,15,closed,0.0,-3.85
1.92,3,49.613101,17,closed,0.0,1.9199999999999997
-3.45,3,49.619158,15,closed,0.0,-3.4499999999999997
-3.85,3,49.625251,15,closed,0.0,-3.85
2.58,3,49.631107,15,open,1.0,2.58
2.36,3,49.637064,17,open,1.0,2.36
1.92,3,49.643436,17,closed,0.0,1.9199999999999997
2.5,3,49.650418,19,open,1.0,2.5
1.92,3,49.656799,17,closed,0.0,1.9199999999999997
-3.85,3,49.662912,15,closed,0.0,-3.85
2.5,3,49.669404,19,open,1.0,2.5
2.58,3,49.675143,15,open,1.0,2.58
2.36,3,49.681096,19,open,1.0,2.36
1.92,3,49.68745,17,closed,0.0,1.9199999999999997
2.58,3,49.693218,15,open,1.0,2.58
2.58,3,49.699019,15,open,1.0,2.58
-3.85,3,49.705055,15,closed,0.0,-3.85
2.46,3,49.711987,19,closed,0.0,2.46
2.46,3,49.718963,19,closed,0.0,2.46
2.58,3,49.724698,15,open,1.0,2.58
2.54,3,49.730868,19,open,1.0,2.54
2.54,3,49.73701,19,open,1.0,2.54
2.36,3,49.742978,17,open,1.0,2.36
2.46,3,49.749871,19,closed,0.0,2.46
-3.85,3,49.755952,15,closed,0.0,-3.85
2.46,3,49.76284,19,closed,0.0,2.46
2.46,3,49.769783,19,closed,0.0,2.46
2.54,3,49.775916,19,open,1.0,2.54
-3.85,3,49.781939,15,closed,0.0,-3.85
2.5,3,49.788444,19,open,1.0,2.5
2.58,3,49.794121,15,open,1.0,2.58
-3.85,3,49.800224,15,closed,0.0,-3.85
1.92,3,49.80655,17,closed,0.0,1.9199999999999997
1.92,3,49.812972,17,closed,0.0,1.9199999999999997
2.58,3,49.818782,15,open,1.0,2.58
1.92,3,49.825108,17,closed,0.0,1.9199999999999997
2.36,3,49.831074,17,open,1.0,2.36
2.5,3,49.837589,19,open,1.0,2.5
-3.85,3,49.843605,15,closed,0.0,-3.85
1.92,3,49.850002,17,closed,0.0,1.9199999999999997
1.92,3,49.856361,17,closed,0.0,1.9199999999999997
2.54,3,49.862517,19,open,1.0,2.54
2.5,3,49.868935,19,open,1.0,2.5
2.46,3,49.875808,19,closed,0.0,2.46
-3.85,3,49.881891,15,closed,0.0,-3.85
2.36,3,49.887807,19,open,1.0,2.36
-3.85,3,49.893826,15,closed,0.0,-3.85
2.58,3,49.899513,15,open,1.0,2.58
2.36,3,49.90539,17,open,1.0,2.36
2.36,3,49.911293,19,open,1.0,2.36
1.92,3,49.917592,17,closed,0.0,1.9199999999999997
-3.85,3,49.923537,15,closed,0.0,-3.85
-3.85,3,49.929562,15,closed,0.0,-3.85
2.36,3,49.935561,17,open,1.0,2.36
-3.85,3,49.941601,15,closed,0.0,-3.85
1.92,3,49.947953,17,closed,0.0,1.9199999999999997
2.46,3,49.954888,19,closed,0.0,2.46
-3.85,3,49.96098,15,closed,0.0,-3.85
2.58,3,49.966788,15,open,1.0,2.58
-3.85,3,49.972831,15,closed,0.0,-3.85
-3.85,3,49.978934,15,closed,0.0,-3.85
-3.85,3,49.984972,15,closed,0.0,-3.85
2.58,3,49.99072,15,open,1.0,2.58
1.92,3,49.99705,17,closed,0.0,1.9199999999999997
2.58,3,50.002863,15,open,1.0,2.58
2.54,3,50.009002,19,open,1.0,2.54
2.46,3,50.015952,19,closed,0.0,2.46
2.46,3,50.022881,19,closed,0.0,2.46
-3.85,3,50.02894,15,closed,0.0,-3.85
2.36,3,50.034881,17,open,1.0,2.36
2.36,3,50.040729,17,open,1.0,2.36
-3.85,3,50.046813,15,closed,0.0,-3.85
2.58,3,50.052563,15,open,1.0,2.58
-3.85,3,50.058574,15,closed,0.0,-3.85
2.46,3,50.065545,19,closed,0.0,2.46
2.14,3,50.071603,17,open,1.0,2.1399999999999997
2.5,3,50.078083,19,open,1.0,2.5
2.58,3,50.083827,15,open,1.0,2.58
2.36,3,50.089752,17,open,1.0,2.36
2.46,3,50.096633,19,closed,0.0,2.46
-3.85,3,50.10272,15,closed,0.0,-3.85
1.92,3,50.109061,17,closed,0.0,1.9199999999999997
2.54,3,50.115231,19,open,1.0,2.54
2.36,3,50.121146,17,open,1.0,2.36
2.36,3,50.127046,17,open,1.0,2.36
2.46,3,50.133994,19,closed,0.0,2.46
2.58,3,50.139791,15,open,1.0,2.58
1.92,3,50.146159,17,closed,0.0,1.9199999999999997
1.92,3,50.152514,17,closed,0.0,1.9199999999999997
2.36,3,50.158407,17,open,1.0,2.36
2.36,3,50.164361,17,open,1.0,2.36
2.46,3,50.171289,19,closed,0.0,2.46
2.58,3,50.17702,15,open,1.0,2.58
2.5,3,50.183547,19,open,1.0,2.5
2.36,3,50.189713,17,open,1.0,2.36
2.58,3,50.195536,15,open,1.0,2.58
2.46,3,50.202526,19,closed,0.0,2.46
2.54,3,50.208704,19,open,1.0,2.54
2.58,3,50.214488,15,open,1.0,2.58
1.92,3,50.220842,17,closed,0.0,1.9199999999999997
2.5,3,50.227336,19,open,1.0,2.5
1.92,3,50.233732,17,closed,0.0,1.9199999999999997
2.46,3,50.240661,19,closed,0.0,2.46
2.36,3,50.246602,17,open,1.0,2.36
1.92,3,50.252923,17,closed,0.0,1.9199999999999997
-3.85,3,50.258952,15,closed,0.0,-3.85
2.5,3,50.265442,19,open,1.0,2.5
1.92,3,50.271782,17,closed,0.0,1.9199999999999997
2.46,3,50.278665,19,closed,0.0,2.46
1.92,3,50.285042,17,closed,0.0,1.9199999999999997
1.92,3,50.29138,17,closed,0.0,1.9199999999999997
2.5,3,50.297905,19,open,1.0,2.5
2.46,3,50.304853,19,closed,0.0,2.46
2.46,3,50.311719,19,closed,0.0,2.46
-3.85,3,50.317819,15,closed,0.0,-3.85
2.36,3,50.323734,17,open,1.0,2.36
2.54,3,50.329947,19,open,1.0,2.54
2.36,3,50.335915,17,open,1.0,2.36
2.58,3,50.341656,15,open,1.0,2.58
-3.85,3,50.347716,15,closed,0.0,-3.85
2.36,3,50.353623,17,open,1.0,2.36
2.46,3,50.360563,19,closed,0.0,2.46
2.36,3,50.366596,17,open,1.0,2.36
2.54,3,50.372748,19,open,1.0,2.54
2.5,3,50.379314,19,open,1.0,2.5
-3.85,3,50.385438,15,closed,0.0,-3.85
-3.85,3,50.391503,15,closed,0.0,-3.85
-3.85,3,50.397576,15,closed,0.0,-3.85
2.46,3,50.404453,19,open,1.0,2.46
-3.85,3,50.410525,15,closed,0.0,-3.85
2.58,3,50.41632,15,open,1.0,2.58
-3.85,3,50.422364,15,closed,0.0,-3.85
1.92,3,50.428688,17,closed,0.0,1.9199999999999997
2.36,3,50.434641,17,open,1.0,2.36
2.46,3,50.441599,19,closed,0.0,2.46
2.36,3,50.447559,17,open,1.0,2.36
1.92,3,50.453933,17,closed,0.0,1.9199999999999997
2.54,3,50.460065,19,open,1.0,2.54
2.46,3,50.467019,19,closed,0.0,2.46
2.46,3,50.473892,19,closed,0.0,2.46
1.92,3,50.48031,17,closed,0.0,1.9199999999999997
2.58,3,50.486118,15,open,1.0,2.58
2.5,3,50.492636,19,open,1.0,2.5
-3.85,3,50.498731,15,closed,0.0,-3.85
2.54,3,50.504848,19,open,1.0,2.54
2.54,3,50.510989,19,open,1.0,2.54
1.92,3,50.517315,17,closed,0.0,1.9199999999999997
-3.85,3,50.523319,15,closed,0.0,-3.85
-3.85,3,50.529414,15,closed,0.0,-3.85
2.54,3,50.535506,19,open,1.0,2.54
-3.85,3,50.541547,15,closed,0.0,-3.85
2.54,3,50.547665,19,open,1.0,2.54
-4.05,3,50.553734,15,closed,0.0,-4.050000000000001
1.92,3,50.560036,17,closed,0.0,1.9199999999999997
2.58,3,50.565764,15,open,1.0,2.58
-4.25,3,50.571788,15,closed,0.0,-4.25
2.36,3,50.577695,17,open,1.0,2.36
1.92,3,50.584066,17,closed,0.0,1.9199999999999997
2.36,3,50.589947,17,open,1.0,2.36
2.54,3,50.59606,19,open,1.0,2.54
2.36,3,50.602038,17,open,1.0,2.36
2.36,3,50.607997,17,open,1.0,2.36
2.46,3,50.614971,19,closed,0.0,2.46
2.46,3,50.621933,19,closed,0.0,2.46
2.58,3,50.62769,15,open,1.0,2.58
2.54,3,50.633826,19,open,1.0,2.54
2.58,3,50.63956,15,open,1.0,2.58
2.54,3,50.645673,19,open,1.0,2.54
0.57,3,50.651509,15,open,1.0,0.5700000000000001
2.54,3,50.657593,19,open,1.0,2.54
2.5,3,50.664131,19,open,1.0,2.5
1.92,3,50.670501,17,closed,0.0,1.9199999999999997
-3.85,3,50.67654,15,closed,0.0,-3.85
2.46,3,50.683419,19,closed,0.0,2.46
2.58,3,50.689131,15,open,1.0,2.58
-3.85,3,50.695119,15,closed,0.0,-3.85
2.58,3,50.700919,15,open,1.0,2.58
2.5,3,50.707346,19,open,1.0,2.5
2.5,3,50.713895,19,open,1.0,2.5
2.46,3,50.720812,19,closed,0.0,2.46
2.46,3,50.727725,19,closed,0.0,2.46
2.54,3,50.733877,19,open,1.0,2.54
2.46,3,50.740799,19,closed,0.0,2.46
2.36,3,50.746791,17,open,1.0,2.36
2.46,3,50.753673,19,closed,0.0,2.46
2.58,3,50.759425,15,open,1.0,2.58
2.36,3,50.765316,17,open,1.0,2.36
-3.85,3,50.771399,15,closed,0.0,-3.85
2.5,3,50.777886,19,open,1.0,2.5
2.54,3,50.784096,19,open,1.0,2.54
2.54,3,50.790147,19,open,1.0,2.54
2.46,3,50.797108,19,closed,0.0,2.46
1.92,3,50.80347,17,closed,0.0,1.9199999999999997
-3.85,3,50.809506,15,closed,0.0,-3.85
2.58,3,50.815242,15,open,1.0,2.58
2.58,3,50.820965,15,open,1.0,2.58
1.92,3,50.827228,17,closed,0.0,1.9199999999999997
2.5,3,50.833749,19,open,1.0,2.5
2.54,3,50.839844,19,open,1.0,2.54
-3.85,3,50.845879,15,closed,0.0,-3.85
2.36,3,50.85177,17,open,1.0,2.36
2.58,3,50.857506,15,open,1.0,2.58
2.54,3,50.863651,19,open,1.0,2.54
2.36,3,50.869586,17,open,1.0,2.36
-4.25,3,50.875924,15,closed,0.0,-4.25
2.46,3,50.882917,19,closed,0.0,2.46
1.92,3,50.889278,17,closed,0.0,1.9199999999999997
2.36,3,50.895276,17,open,1.0,2.36
-3.85,3,50.901366,15,closed,0.0,-3.85
2.58,3,50.907068,15,open,1.0,2.58
2.46,3,50.913952,19,closed,0.0,2.46
-3.85,3,50.919986,15,closed,0.0,-3.85
2.36,3,50.925895,17,open,1.0,2.36
2.58,3,50.931711,17,open,1.0,2.58
2.5,3,50.938212,19,open,1.0,2.5
2.46,3,50.945153,19,closed,0.0,2.46
2.54,3,50.951304,19,open,1.0,2.54
2.46,3,50.958211,19,closed,0.0,2.46
2.46,3,50.965161,19,closed,0.0,2.46
2.46,3,50.972025,19,closed,0.0,2.46
2.36,3,50.97796,17,open,1.0,2.36
1.92,3,50.984346,17,closed,0.0,1.9199999999999997
2.36,3,50.990252,17,open,1.0,2.36
2.36,3,50.99623,17,open,1.0,2.36
1.92,3,51.002612,17,closed,0.0,1.9199999999999997
2.46,3,51.009608,19,closed,0.0,2.46
-3.85,3,51.015754,15,closed,0.0,-3.85
2.46,3,51.022664,19,closed,0.0,2.46
1.92,3,51.02904,17,closed,0.0,1.9199999999999997
-3.85,3,51.035148,15,closed,0.0,-3.85
2.58,3,51.040931,15,open,1.0,2.58
2.58,3,51.046781,15,open,1.0,2.58
2.58,3,51.052464,15,open,1.0,2.58
-3.85,3,51.058537,15,closed,0.0,-3.85
1.92,3,51.064958,17,closed,0.0,1.9199999999999997
2.5,3,51.071469,19,open,1.0,2.5
2.46,3,51.078392,19,closed,0.0,2.46
-3.85,3,51.084455,15,closed,0.0,-3.85
2.46,3,51.091319,19,open,1.0,2.46
2.58,3,51.097099,15,open,1.0,2.58
2.46,3,51.104037,19,closed,0.0,2.46
-3.85,3,51.110072,15,closed,0.0,-3.85
2.36,3,51.116074,17,open,1.0,2.36
2.36,3,51.122007,17,open,1.0,2.36
2.36,3,51.127919,17,open,1.0,2.36
-3.85,3,51.134056,15,closed,0.0,-3.85
2.36,3,51.139987,17,open,1.0,2.36
-3.85,3,51.146034,15,closed,0.0,-3.85
-3.85,3,51.15205,15,closed,0.0,-3.85
2.36,3,51.157917,17,open,1.0,2.36
1.92,3,51.164304,17,closed,0.0,1.9199999999999997
2.46,3,51.171199,19,closed,0.0,2.46
2.58,3,51.176955,15,open,1.0,2.58
2.36,3,51.182908,17,open,1.0,2.36
2.58,3,51.188642,15,open,1.0,2.58
2.54,3,51.194771,19,open,1.0,2.54
2.36,3,51.200784,17,open,1.0,2.36
2.36,3,51.206716,17,open,1.0,2.36
2.36,3,51.212673,17,open,1.0,2.36
1.92,3,51.219077,17,closed,0.0,1.9199999999999997
2.36,3,51.224995,17,open,1.0,2.36
-3.85,3,51.231093,15,closed,0.0,-3.85
2.58,3,51.236854,15,open,1.0,2.58
2.14,3,51.242924,17,open,1.0,2.1399999999999997
2.58,3,51.248753,15,open,1.0,2.58
2.46,3,51.255653,19,closed,0.0,2.46
1.92,3,51.262056,17,closed,0.0,1.9199999999999997
2.14,3,51.268234,17,open,1.0,2.1399999999999997
1.92,3,51.274523,17,closed,0.0,1.9199999999999997
-3.85,3,51.280642,15,closed,0.0,-3.85
2.36,3,51.286566,17,open,1.0,2.36
2.46,3,51.293426,19,closed,0.0,2.46
-3.85,3,51.299558,15,closed,0.0,-3.85
1.92,3,51.305893,17,closed,0.0,1.9199999999999997
-3.45,3,51.311975,15,closed,0.0,-3.4499999999999997
1.92,3,51.318267,17,closed,0.0,1.9199999999999997
-3.85,3,51.324285,15,closed,0.0,-3.85
2.58,3,51.33002,15,open,1.0,2.58
0.57,3,51.335863,15,open,1.0,0.5700000000000001
1.92,3,51.342267,17,closed,0.0,1.9199999999999997
1.92,3,51.348715,17,closed,0.0,1.9199999999999997
1.92,3,51.355064,17,closed,0.0,1.9199999999999997
1.92,3,51.361453,17,closed,0.0,1.9199999999999997
-3.85,3,51.367605,15,closed,0.0,-3.85
2.5,3,51.374114,19,open,1.0,2.5
-3.85,3,51.380257,15,closed,0.0,-3.85
1.92,3,51.386703,17,closed,0.0,1.9199999999999997
-3.85,3,51.392759,15,closed,0.0,-3.85
2.54,3,51.39897,19,open,1.0,2.54
-3.85,3,51.405027,15,closed,0.0,-3.85
2.36,3,51.410948,17,open,1.0,2.36
2.36,3,51.416926,17,open,1.0,2.36
1.92,3,51.423289,17,closed,0.0,1.9199999999999997
-3.85,3,51.429424,15,closed,0.0,-3.85
2.14,3,51.435541,17,open,1.0,2.1399999999999997
2.46,3,51.442423,19,closed,0.0,2.46
2.36,3,51.448467,17,open,1.0,2.36
1.92,3,51.45484,17,closed,0.0,1.9199999999999997
2.14,3,51.460968,17,open,1.0,2.1399999999999997
2.28,3,51.46778,19,closed,0.0,2.28
2.58,3,51.473522,15,open,1.0,2.58
-3.85,3,51.479623,15,closed,0.0,-3.85
1.92,3,51.486007,17,closed,0.0,1.9199999999999997
-3.85,3,51.570036,15,closed,0.0,-3.85
2.36,3,51.57623,17,open,1.0,2.36
2.46,3,51.583219,19,open,1.0,2.46
1.92,3,51.589662,17,closed,0.0,1.9199999999999997
2.36,3,51.595685,17,open,1.0,2.36
2.46,3,51.602713,19,closed,0.0,2.46
1.92,3,51.609136,17,closed,0.0,1.9199999999999997
2.58,3,51.614983,15,open,1.0,2.58
2.58,3,51.620801,15,open,1.0,2.58
2.46,3,51.627734,19,closed,0.0,2.46
2.36,3,51.633781,17,open,1.0,2.36
2.46,3,51.640746,19,closed,0.0,2.46
2.54,3,51.646955,19,open,1.0,2.54
2.5,3,51.653478,19,open,1.0,2.5
-3.85,3,51.659529,15,closed,0.0,-3.85
-3.85,3,51.665643,15,closed,0.0,-3.85
2.46,3,51.672605,19,closed,0.0,2.46
1.92,3,51.678959,17,closed,0.0,1.9199999999999997
2.58,3,51.684795,15,open,1.0,2.58
-3.85,3,51.690826,15,closed,0.0,-3.85
-3.85,3,51.696915,15,closed,0.0,-3.85
2.36,3,51.702918,17,open,1.0,2.36
2.46,3,51.709919,19,closed,0.0,2.46
2.58,3,51.715775,15,open,1.0,2.58
2.36,3,51.721806,17,open,1.0,2.36
1.92,3,51.728189,17,closed,0.0,1.9199999999999997
2.36,3,51.734222,17,open,1.0,2.36
2.36,3,51.740128,17,open,1.0,2.36
1.92,3,51.746497,17,closed,0.0,1.9199999999999997
1.92,3,51.752922,17,closed,0.0,1.9199999999999997
2.36,3,51.758893,17,open,1.0,2.36
2.58,3,51.764748,15,open,1.0,2.58
2.58,3,51.77051,15,open,1.0,2.58
2.36,3,51.776463,17,open,1.0,2.36
2.46,3,51.783437,19,closed,0.0,2.46
1.92,3,51.789769,17,closed,0.0,1.9199999999999997
1.92,3,51.796169,17,closed,0.0,1.9199999999999997
2.58,3,51.80192,15,open,1.0,2.58
2.54,3,51.808073,19,open,1.0,2.54
1.92,3,51.814525,17,closed,0.0,1.9199999999999997
2.36,3,51.820556,17,open,1.0,2.36
1.92,3,51.826946,17,closed,0.0,1.9199999999999997
2.58,3,51.83281,15,open,1.0,2.58
1.92,3,51.839211,17,closed,0.0,1.9199999999999997
2.5,3,51.845721,19,open,1.0,2.5
2.54,3,51.851843,19,open,1.0,2.54
1.92,3,51.8582,17,closed,0.0,1.9199999999999997
2.46,3,51.865136,19,closed,0.0,2.46
0.37,3,51.871022,15,open,1.0,0.3699999999999999
1.92,3,51.877357,17,closed,0.0,1.9199999999999997
-3.85,3,51.88348,15,closed,0.0,-3.85
-3.85,3,51.889525,15,closed,0.0,-3.85
2.36,3,51.895545,17,open,1.0,2.36
2.5,3,51.902061,19,open,1.0,2.5
2.58,3,51.907813,15,open,1.0,2.58
2.5,3,51.91433,19,open,1.0,2.5
-3.85,3,51.920414,15,closed,0.0,-3.85
2.58,3,51.926141,15,open,1.0,2.58
2.36,3,51.932093,17,open,1.0,2.36
1.92,3,51.938486,17,closed,0.0,1.9199999999999997
2.46,3,51.945424,19,closed,0.0,2.46
2.46,3,51.952359,19,closed,0.0,2.46
2.46,3,51.95927,19,closed,0.0,2.46
2.5,3,51.965811,19,open,1.0,2.5
2.46,3,51.972818,19,closed,0.0,2.46
-3.85,3,51.978923,15,closed,0.0,-3.85
2.46,3,51.98588,19,closed,0.0,2.46
2.58,3,51.991645,15,open,1.0,2.58
2.32,3,51.998051,19,open,1.0,2.32
2.46,3,52.005012,19,closed,0.0,2.46
2.46,3,52.012019,19,closed,0.0,2.46
2.36,3,52.017991,17,open,1.0,2.36
-4.05,3,52.024067,15,closed,0.0,-4.050000000000001
-4.25,3,52.030188,15,closed,0.0,-4.25
2.5,3,52.036802,19,open,1.0,2.5
1.92,3,52.043215,17,closed,0.0,1.9199999999999997
2.46,3,52.050171,19,closed,0.0,2.46
2.58,3,52.055964,15,open,1.0,2.58
2.54,3,52.062138,19,open,1.0,2.54
2.46,3,52.069126,19,closed,0.0,2.46
2.58,3,52.07492,15,open,1.0,2.58
1.92,3,52.081404,17,closed,0.0,1.9199999999999997
2.36,3,52.087333,17,open,1.0,2.36
1.92,3,52.093733,17,closed,0.0,1.9199999999999997
2.36,3,52.099748,17,open,1.0,2.36
1.92,3,52.106122,17,closed,0.0,1.9199999999999997
-3.85,3,52.11224,15,closed,0.0,-3.85
2.5,3,52.118689,19,open,1.0,2.5
-0.39,3,52.125199,17,closed,0.0,-0.39000000000000035
2.54,3,52.131388,19,open,1.0,2.54
2.58,3,52.137165,15,open,1.0,2.58
2.36,3,52.143117,17,open,1.0,2.36
1.92,3,52.149566,17,closed,0.0,1.9199999999999997
2.36,3,52.155537,17,open,1.0,2.36
2.36,3,52.16151,17,open,1.0,2.36
-3.85,3,52.167546,15,closed,0.0,-3.85
2.36,3,52.173477,17,open,1.0,2.36
-0.15,3,52.180609,19,closed,0.0,-0.15000000000000036
-3.85,3,52.186674,15,closed,0.0,-3.85
-3.85,3,52.192754,15,closed,0.0,-3.85
2.36,3,52.198787,17,open,1.0,2.36
2.54,3,52.204945,19,open,1.0,2.54
2.5,3,52.211435,19,open,1.0,2.5
1.92,3,52.217947,17,closed,0.0,1.9199999999999997
2.36,3,52.223912,17,open,1.0,2.36
2.36,3,52.229966,17,open,1.0,2.36
1.92,3,52.236297,17,closed,0.0,1.9199999999999997
2.5,3,52.242837,19,open,1.0,2.5
2.5,3,52.24941,19,open,1.0,2.5
-3.85,3,52.255468,15,closed,0.0,-3.85
2.36,3,52.261445,17,open,1.0,2.36
-3.85,3,52.267604,15,closed,0.0,-3.85
-0.39,3,52.274128,17,closed,0.0,-0.39000000000000035
2.46,3,52.281203,19,closed,0.0,2.46
1.92,3,52.28758,17,closed,0.0,1.9199999999999997
2.36,3,52.293525,17,open,1.0,2.36
2.58,3,52.299334,15,open,1.0,2.58
1.92,3,52.305718,17,closed,0.0,1.9199999999999997
2.46,3,52.312669,19,closed,0.0,2.46
2.46,3,52.319552,19,closed,0.0,2.46
2.36,3,52.325512,17,open,1.0,2.36
1.92,3,52.331912,17,closed,0.0,1.9199999999999997
2.58,3,52.337666,15,open,1.0,2.58
2.58,3,52.343407,15,open,1.0,2.58
2.46,3,52.350375,19,closed,0.0,2.46
2.36,3,52.356351,17,open,1.0,2.36
1.92,3,52.362766,17,closed,0.0,1.9199999999999997
1.92,3,52.369197,17,closed,0.0,1.9199999999999997
-3.85,3,52.375387,15,closed,0.0,-3.85
2.46,3,52.382404,19,closed,0.0,2.46
2.54,3,52.388615,19,open,1.0,2.54
-3.85,3,52.39476,15,closed,0.0,-3.85
-3.85,3,52.400811,15,closed,0.0,-3.85
2.5,3,52.407315,19,open,1.0,2.5
1.92,3,52.41375,17,closed,0.0,1.9199999999999997
1.92,3,52.420158,17,closed,0.0,1.9199999999999997
2.36,3,52.426095,17,open,1.0,2.36
2.54,3,52.432274,19,open,1.0,2.54
1.92,3,52.438655,17,closed,0.0,1.9199999999999997
2.36,3,52.444644,17,open,1.0,2.36
2.36,3,52.450591,17,open,1.0,2.36
2.36,3,52.456471,17,open,1.0,2.36
2.5,3,52.463024,19,open,1.0,2.5
2.54,3,52.469165,19,open,1.0,2.54
2.46,3,52.47612,19,closed,0.0,2.46
-3.85,3,52.482161,15,closed,0.0,-3.85
1.92,3,52.488504,17,closed,0.0,1.9199999999999997
2.58,3,52.494291,15,open,1.0,2.58
2.5,3,52.500803,19,open,1.0,2.5
1.92,3,52.50717,17,closed,0.0,1.9199999999999997
1.92,3,52.513674,17,closed,0.0,1.9199999999999997
2.46,3,52.52065,19,closed,0.0,2.46
1.92,3,52.527044,17,closed,0.0,1.9199999999999997
2.36,3,52.533038,17,open,1.0,2.36
-4.25,3,52.539152,15,closed,0.0,-4.25
2.58,3,52.54493,15,open,1.0,2.58
1.92,3,52.551399,17,closed,0.0,1.9199999999999997
-3.85,3,52.557452,15,closed,0.0,-3.85
2.46,3,52.564445,19,closed,0.0,2.46
-4.05,3,52.570558,15,closed,0.0,-4.050000000000001
2.46,3,52.577445,19,closed,0.0,2.46
2.36,3,52.583452,17,open,1.0,2.36
2.58,3,52.589254,15,open,1.0,2.58
1.92,3,52.595602,17,closed,0.0,1.9199999999999997
2.54,3,52.601853,19,open,1.0,2.54
2.58,3,52.607639,15,open,1.0,2.58
1.92,3,52.61401,17,closed,0.0,1.9199999999999997
2.58,3,52.619777,15,open,1.0,2.58
-3.85,3,52.625826,15,closed,0.0,-3.85
2.58,3,52.631645,15,open,1.0,2.58
2.58,3,52.63745,15,open,1.0,2.58
-3.85,3,52.643502,15,closed,0.0,-3.85
-3.85,3,52.649532,15,closed,0.0,-3.85
2.36,3,52.655459,17,open,1.0,2.36
0.57,3,52.661265,15,open,1.0,0.5700000000000001
-4.05,3,52.667433,15,closed,0.0,-4.050000000000001
2.58,3,52.673235,15,open,1.0,2.58
-3.85,3,52.679377,15,closed,0.0,-3.85
2.54,3,52.685515,19,open,1.0,2.54
2.36,3,52.691476,17,open,1.0,2.36
2.54,3,52.697677,19,open,1.0,2.54
2.58,3,52.703443,15,open,1.0,2.58
2.54,3,52.709596,19,open,1.0,2.54
1.92,3,52.716027,17,closed,0.0,1.9199999999999997
2.5,3,52.722519,19,open,1.0,2.5
-3.85,3,52.728631,15,closed,0.0,-3.85
2.36,3,52.734599,17,open,1.0,2.36
1.92,3,52.740959,17,closed,0.0,1.9199999999999997
-3.85,3,52.747038,15,closed,0.0,-3.85
2.36,3,52.753009,17,open,1.0,2.36
-0.39,3,52.759498,17,closed,0.0,-0.39000000000000035
2.46,3,52.766482,19,closed,0.0,2.46
1.92,3,52.77285,17,closed,0.0,1.9199999999999997
2.36,3,52.778813,17,open,1.0,2.36
1.92,3,52.785258,17,closed,0.0,1.9199999999999997
2.58,3,52.791039,15,open,1.0,2.58
-3.85,3,52.797171,15,closed,0.0,-3.85
2.54,3,52.803318,19,open,1.0,2.54
1.92,3,52.809704,17,closed,0.0,1.9199999999999997
2.5,3,52.816297,19,open,1.0,2.5
2.58,3,52.822046,15,open,1.0,2.58
2.58,3,52.827847,15,open,1.0,2.58
2.54,3,52.834036,19,open,1.0,2.54
2.54,3,52.840157,19,open,1.0,2.54
-3.85,3,52.846269,15,closed,0.0,-3.85
-3.85,3,52.852337,15,closed,0.0,-3.85
-3.85,3,52.85837,15,closed,0.0,-3.85
2.54,3,52.864572,19,open,1.0,2.54
2.46,3,52.871495,19,closed,0.0,2.46
-4.25,3,52.87761,15,closed,0.0,-4.25
2.46,3,52.884596,19,closed,0.0,2.46
2.36,3,52.890541,17,open,1.0,2.36
2.36,3,52.89654,17,open,1.0,2.36
1.92,3,52.902942,17,closed,0.0,1.9199999999999997
2.36,3,52.908915,17,open,1.0,2.36
2.58,3,52.914773,15,open,1.0,2.58
2.54,3,52.920917,19,open,1.0,2.54
2.58,3,52.926689,15,open,1.0,2.58
2.58,3,52.932493,15,open,1.0,2.58
2.46,3,52.939423,19,closed,0.0,2.46
2.36,3,52.945423,17,open,1.0,2.36
-3.85,3,52.951508,15,closed,0.0,-3.85
0.37,3,52.957324,15,open,1.0,0.3699999999999999
2.58,3,52.963132,15,open,1.0,2.58
2.5,3,52.969625,19,open,1.0,2.5
2.58,3,52.975384,15,open,1.0,2.58
2.5,3,52.981919,19,open,1.0,2.5
2.36,3,52.987847,17,open,1.0,2.36
2.5,3,52.994371,19,open,1.0,2.5
2.5,3,53.000874,19,open,1.0,2.5
2.46,3,53.007846,19,closed,0.0,2.46
2.46,3,53.014852,19,closed,0.0,2.46
2.58,3,53.020638,15,open,1.0,2.58
2.36,3,53.026566,17,open,1.0,2.36
2.46,3,53.033539,19,closed,0.0,2.46
1.92,3,53.039932,17,closed,0.0,1.9199999999999997
2.58,3,53.045726,15,open,1.0,2.58
-3.85,3,53.051811,15,closed,0.0,-3.85
1.92,3,53.058202,17,closed,0.0,1.9199999999999997
2.46,3,53.065225,19,closed,0.0,2.46
2.46,3,53.072189,19,closed,0.0,2.46
-3.85,3,53.078261,15,closed,0.0,-3.85
2.54,3,53.084501,19,open,1.0,2.54
2.46,3,53.091397,19,closed,0.0,2.46
-3.85,3,53.09756,15,closed,0.0,-3.85
2.46,3,53.104475,19,closed,0.0,2.46
2.58,3,53.110262,15,open,1.0,2.58
2.5,3,53.116847,19,open,1.0,2.5
2.36,3,53.122789,17,open,1.0,2.36
2.36,3,53.128731,17,open,1.0,2.36
2.54,3,53.134959,19,open,1.0,2.54
-0.39,3,53.141434,17,closed,0.0,-0.39000000000000035
2.36,3,53.147492,17,open,1.0,2.36
1.92,3,53.153864,17,closed,0.0,1.9199999999999997
2.58,3,53.159596,15,open,1.0,2.58
2.54,3,53.165687,19,open,1.0,2.54
2.46,3,53.172621,19,closed,0.0,2.46
2.5,3,53.179194,19,open,1.0,2.5
2.54,3,53.185414,19,open,1.0,2.54
2.36,3,53.191347,17,open,1.0,2.36
0.57,3,53.197274,15,open,1.0,0.5700000000000001
1.92,3,53.203667,17,closed,0.0,1.9199999999999997
2.5,3,53.210173,19,open,1.0,2.5
2.36,3,53.216166,17,open,1.0,2.36
2.54,3,53.222328,19,open,1.0,2.54
2.36,3,53.228248,17,open,1.0,2.36
2.46,3,53.235251,19,closed,0.0,2.46
1.92,3,53.241633,17,closed,0.0,1.9199999999999997
2.36,3,53.247577,17,open,1.0,2.36
-3.85,3,53.253662,15,closed,0.0,-3.85
2.58,3,53.259381,15,open,1.0,2.58
1.92,3,53.265797,17,closed,0.0,1.9199999999999997
-3.85,3,53.271923,15,closed,0.0,-3.85
2.36,3,53.277834,17,open,1.0,2.36
-3.85,3,53.283995,15,closed,0.0,-3.85
2.58,3,53.289739,17,open,1.0,2.58
2.58,3,53.295481,15,open,1.0,2.58
2.36,3,53.3014,17,open,1.0,2.36
2.36,3,53.307377,17,open,1.0,2.36
-3.85,3,53.313504,15,closed,0.0,-3.85
2.36,3,53.319422,17,open,1.0,2.36
-3.85,3,53.325524,15,closed,0.0,-3.85
2.5,3,53.332074,19,open,1.0,2.5
2.5,3,53.338608,19,open,1.0,2.5
2.54,3,53.344797,19,open,1.0,2.54
2.36,3,53.350845,17,open,1.0,2.36
2.58,3,53.356585,15,open,1.0,2.58
2.5,3,53.363195,19,open,1.0,2.5
2.46,3,53.370173,19,closed,0.0,2.46
2.28,3,53.376941,19,closed,0.0,2.28
-3.85,3,53.383111,15,closed,0.0,-3.85
2.36,3,53.389094,17,open,1.0,2.36
2.58,3,53.394868,15,open,1.0,2.58
2.36,3,53.400841,17,open,1.0,2.36
1.92,3,53.407193,17,closed,0.0,1.9199999999999997
2.46,3,53.414201,19,closed,0.0,2.46
2.36,3,53.420155,17,open,1.0,2.36
1.92,3,53.426469,17,closed,0.0,1.9199999999999997
2.36,3,53.43248,17,open,1.0,2.36
2.36,3,53.438478,17,open,1.0,2.36
-3.85,3,53.444557,15,closed,0.0,-3.85
2.46,3,53.451573,19,closed,0.0,2.46
1.92,3,53.457921,17,closed,0.0,1.9199999999999997
2.36,3,53.463903,17,open,1.0,2.36
-3.85,3,53.46999,15,closed,0.0,-3.85
1.92,3,53.476396,17,closed,0.0,1.9199999999999997
2.46,3,53.483328,19,closed,0.0,2.46
1.92,3,53.489686,17,closed,0.0,1.9199999999999997
-3.85,3,53.495749,15,closed,0.0,-3.85
1.92,3,53.502141,17,closed,0.0,1.9199999999999997
-3.85,3,53.508203,15,closed,0.0,-3.85
2.14,3,53.514391,17,open,1.0,2.1399999999999997
2.58,3,53.52019,15,open,1.0,2.58
2.58,3,53.525967,15,open,1.0,2.58
2.58,3,53.531804,15,open,1.0,2.58
-3.85,3,53.537901,15,closed,0.0,-3.85
2.46,3,53.54484,19,closed,0.0,2.46
2.5,3,53.551428,19,open,1.0,2.5
0.57,3,53.557289,15,open,1.0,0.5700000000000001
2.58,3,53.563149,15,open,1.0,2.58
0.57,3,53.568982,15,open,1.0,0.5700000000000001
2.46,3,53.575865,19,closed,0.0,2.46
2.54,3,53.582055,19,open,1.0,2.54
-3.85,3,53.588145,15,closed,0.0,-3.85
2.54,3,53.594302,19,open,1.0,2.54
-3.85,3,53.600478,15,closed,0.0,-3.85
2.54,3,53.606629,19,open,1.0,2.54
-3.85,3,53.61272,15,closed,0.0,-3.85
-3.85,3,53.618808,15,closed,0.0,-3.85
2.36,3,53.624782,17,open,1.0,2.36
1.92,3,53.631185,17,closed,0.0,1.9199999999999997
2.58,3,53.636957,15,open,1.0,2.58
2.36,3,53.642878,17,open,1.0,2.36
2.36,3,53.648802,17,open,1.0,2.36
2.5,3,53.655329,19,open,1.0,2.5
2.46,3,53.662336,19,closed,0.0,2.46
2.36,3,53.668314,17,open,1.0,2.36
2.5,3,53.674801,19,open,1.0,2.5
2.36,3,53.680842,17,open,1.0,2.36
2.46,3,53.68776,19,closed,0.0,2.46
-3.85,3,53.693803,15,closed,0.0,-3.85
2.46,3,53.700798,19,closed,0.0,2.46
2.54,3,53.783799,19,open,1.0,2.54
-3.85,3,53.789948,15,closed,0.0,-3.85
2.36,3,53.796385,17,open,1.0,2.36
2.58,3,53.802122,15,open,1.0,2.58
-3.65,3,53.808583,15,closed,0.0,-3.65
1.92,3,53.814973,17,closed,0.0,1.9199999999999997
2.46,3,53.821889,19,closed,0.0,2.46
1.92,3,53.828803,17,closed,0.0,1.9199999999999997
1.92,3,53.835266,17,closed,0.0,1.9199999999999997
2.46,3,53.842654,19,closed,0.0,2.46
-3.85,3,53.848837,15,closed,0.0,-3.85
2.46,3,53.855765,19,closed,0.0,2.46
2.58,3,53.862096,15,open,1.0,2.58
-3.85,3,53.868135,15,closed,0.0,-3.85
1.92,3,53.87491,17,closed,0.0,1.9199999999999997
2.58,3,53.880834,15,open,1.0,2.58
-3.85,3,53.886944,15,closed,0.0,-3.85
2.54,3,53.893574,19,open,1.0,2.54
2.5,3,53.900139,19,open,1.0,2.5
2.46,3,53.907238,19,closed,0.0,2.46
-3.85,3,53.913338,15,closed,0.0,-3.85
-3.45,3,53.919489,15,closed,0.0,-3.4499999999999997
2.46,3,53.926408,19,closed,0.0,2.46
2.46,3,53.933353,19,closed,0.0,2.46
2.46,3,53.940356,19,closed,0.0,2.46
2.5,3,53.946874,19,open,1.0,2.5
2.46,3,53.95384,19,closed,0.0,2.46
1.92,3,53.96021,17,closed,0.0,1.9199999999999997
2.5,3,53.966784,19,open,1.0,2.5
2.58,3,53.972539,15,open,1.0,2.58
2.58,3,53.978303,15,open,1.0,2.58
2.54,3,53.984493,19,open,1.0,2.54
2.36,3,53.990395,17,open,1.0,2.36
2.54,3,53.996561,19,open,1.0,2.54
-3.85,3,54.002533,15,closed,0.0,-3.85
-3.85,3,54.008578,15,closed,0.0,-3.85
2.36,3,54.014432,17,open,1.0,2.36
2.46,3,54.021307,19,closed,0.0,2.46
2.46,3,54.028196,19,closed,0.0,2.46
2.36,3,54.034106,17,open,1.0,2.36
2.46,3,54.041133,19,closed,0.0,2.46
2.58,3,54.046898,15,open,1.0,2.58
2.54,3,54.053091,19,open,1.0,2.54
2.54,3,54.059248,19,open,1.0,2.54
-3.85,3,54.065373,15,closed,0.0,-3.85
2.36,3,54.071347,17,open,1.0,2.36
2.36,3,54.077251,17,open,1.0,2.36
1.92,3,54.083686,17,closed,0.0,1.9199999999999997
2.46,3,54.090613,19,closed,0.0,2.46
2.36,3,54.096593,17,open,1.0,2.36
2.36,3,54.102469,17,open,1.0,2.36
1.92,3,54.108774,17,closed,0.0,1.9199999999999997
-3.85,3,54.11484,15,closed,0.0,-3.85
-3.85,3,54.120872,15,closed,0.0,-3.85
2.58,3,54.126601,15,open,1.0,2.58
2.54,3,54.132759,19,open,1.0,2.54
2.46,3,54.139641,19,closed,0.0,2.46
2.58,3,54.145308,15,open,1.0,2.58
-3.85,3,54.151419,15,closed,0.0,-3.85
2.46,3,54.158379,19,closed,0.0,2.46
2.46,3,54.165372,19,closed,0.0,2.46
-3.85,3,54.171397,15,closed,0.0,-3.85
2.36,3,54.177295,17,open,1.0,2.36
2.54,3,54.183451,19,open,1.0,2.54
1.92,3,54.189783,17,closed,0.0,1.9199999999999997
-3.85,3,54.195837,15,closed,0.0,-3.85
1.92,3,54.202305,17,closed,0.0,1.9199999999999997
2.28,3,54.209034,19,closed,0.0,2.28
2.54,3,54.215242,19,open,1.0,2.54
-3.85,3,54.221267,15,closed,0.0,-3.85
1.92,3,54.227606,17,closed,0.0,1.9199999999999997
2.58,3,54.233347,15,open,1.0,2.58
1.92,3,54.239657,17,closed,0.0,1.9199999999999997
2.58,3,54.245401,15,open,1.0,2.58
2.54,3,54.251529,19,open,1.0,2.54
2.58,3,54.257273,15,open,1.0,2.58
1.92,3,54.263633,17,closed,0.0,1.9199999999999997
2.5,3,54.270137,19,open,1.0,2.5
2.58,3,54.275901,15,open,1.0,2.58
1.92,3,54.28233,17,closed,0.0,1.9199999999999997
1.92,3,54.288685,17,closed,0.0,1.9199999999999997
-3.85,3,54.294755,15,closed,0.0,-3.85
-3.85,3,54.300857,15,closed,0.0,-3.85
2.54,3,54.306998,19,open,1.0,2.54
2.46,3,54.313893,19,closed,0.0,2.46
2.58,3,54.319625,15,open,1.0,2.58
2.58,3,54.325349,15,open,1.0,2.58
2.58,3,54.33111,15,open,1.0,2.58
1.92,3,54.337464,17,closed,0.0,1.9199999999999997
2.14,3,54.343576,17,open,1.0,2.1399999999999997
2.46,3,54.350555,19,closed,0.0,2.46
-3.85,3,54.356576,15,closed,0.0,-3.85
2.58,3,54.362359,15,open,1.0,2.58
2.46,3,54.369357,19,closed,0.0,2.46
2.5,3,54.375939,19,open,1.0,2.5
-3.85,3,54.382055,15,closed,0.0,-3.85
2.54,3,54.388176,19,open,1.0,2.54
1.92,3,54.394553,17,closed,0.0,1.9199999999999997
2.54,3,54.400711,19,open,1.0,2.54
-4.05,3,54.406712,15,closed,0.0,-4.050000000000001
2.36,3,54.412709,17,open,1.0,2.36
2.54,3,54.418858,19,open,1.0,2.54
2.58,3,54.424568,15,open,1.0,2.58
2.46,3,54.431465,19,closed,0.0,2.46
2.54,3,54.437572,19,open,1.0,2.54
-3.85,3,54.443559,15,closed,0.0,-3.85
2.14,3,54.449712,17,open,1.0,2.1399999999999997
-4.25,3,54.455789,15,closed,0.0,-4.25
2.58,3,54.461607,15,open,1.0,2.58
-3.85,3,54.467713,15,closed,0.0,-3.85
2.36,3,54.473637,17,open,1.0,2.36
1.92,3,54.480037,17,closed,0.0,1.9199999999999997
-3.85,3,54.486071,15,closed,0.0,-3.85
2.36,3,54.492003,17,open,1.0,2.36
1.92,3,54.498406,17,closed,0.0,1.9199999999999997
2.58,3,54.50414,15,open,1.0,2.58
2.46,3,54.511034,19,closed,0.0,2.46
2.46,3,54.517943,19,closed,0.0,2.46
2.58,3,54.523633,15,open,1.0,2.58
2.46,3,54.530587,19,closed,0.0,2.46
1.92,3,54.536929,17,closed,0.0,1.9199999999999997
2.36,3,54.542847,17,open,1.0,2.36
2.46,3,54.54975,19,closed,0.0,2.46
0.57,3,54.55558,15,open,1.0,0.5700000000000001
-3.85,3,54.561621,15,closed,0.0,-3.85
2.58,3,54.567346,15,open,1.0,2.58
2.5,3,54.573792,19,open,1.0,2.5
2.36,3,54.579802,17,open,1.0,2.36
2.5,3,54.586315,19,open,1.0,2.5
2.36,3,54.592288,17,open,1.0,2.36
-3.85,3,54.598315,15,closed,0.0,-3.85
2.46,3,54.605124,19,closed,0.0,2.46
2.46,3,54.612153,19,closed,0.0,2.46
1.92,3,54.618549,17,closed,0.0,1.9199999999999997
1.92,3,54.624902,17,closed,0.0,1.9199999999999997
1.92,3,54.631303,17,closed,0.0,1.9199999999999997
2.46,3,54.638206,19,closed,0.0,2.46
2.54,3,54.644377,19,open,1.0,2.54
-4.25,3,54.650472,15,closed,0.0,-4.25
1.92,3,54.65679,17,closed,0.0,1.9199999999999997
2.36,3,54.662807,17,open,1.0,2.36
-3.85,3,54.675228,15,closed,0.0,-3.85
2.58,3,54.681128,15,open,1.0,2.58
1.92,3,54.687685,17,closed,0.0,1.9199999999999997
2.58,3,54.6936,15,open,1.0,2.58
2.54,3,54.699744,19,open,1.0,2.54
2.46,3,54.706673,19,closed,0.0,2.46
1.92,3,54.713091,17,closed,0.0,1.9199999999999997
-3.85,3,54.719188,15,closed,0.0,-3.85
1.92,3,54.725604,17,closed,0.0,1.9199999999999997
2.5,3,54.732119,19,open,1.0,2.5
-3.85,3,54.738153,15,closed,0.0,-3.85
2.58,3,54.743889,15,open,1.0,2.58
2.46,3,54.750768,19,closed,0.0,2.46
2.14,3,54.756862,17,open,1.0,2.1399999999999997
1.92,3,54.763257,17,closed,0.0,1.9199999999999997
-3.85,3,54.769277,15,closed,0.0,-3.85
1.92,3,54.775666,17,closed,0.0,1.9199999999999997
-3.85,3,54.781755,15,closed,0.0,-3.85
-3.85,3,54.787774,15,closed,0.0,-3.85
-3.85,3,54.793811,15,closed,0.0,-3.85
2.36,3,54.799751,17,open,1.0,2.36
2.5,3,54.806252,19,open,1.0,2.5
2.46,3,54.813195,19,closed,0.0,2.46
-3.85,3,54.819262,15,closed,0.0,-3.85
2.54,3,54.825364,19,open,1.0,2.54
-3.85,3,54.831371,15,closed,0.0,-3.85
2.58,3,54.837102,15,open,1.0,2.58
2.58,3,54.842864,15,open,1.0,2.58
2.36,3,54.848799,17,open,1.0,2.36
2.54,3,54.854862,19,open,1.0,2.54
2.36,3,54.860836,17,open,1.0,2.36
0.57,3,54.866652,15,open,1.0,0.5700000000000001
2.14,3,54.872774,17,open,1.0,2.1399999999999997
2.36,3,54.878716,17,open,1.0,2.36
-3.85,3,54.884756,15,closed,0.0,-3.85
2.54,3,54.89086,19,open,1.0,2.54
2.58,3,54.896604,15,open,1.0,2.58
2.46,3,54.903522,19,closed,0.0,2.46
2.58,3,54.909237,15,open,1.0,2.58
2.36,3,54.915202,17,open,1.0,2.36
2.46,3,54.922068,19,closed,0.0,2.46
2.58,3,54.92783,15,open,1.0,2.58
2.46,3,54.934758,19,closed,0.0,2.46
2.46,3,54.941658,19,closed,0.0,2.46
2.58,3,54.947397,15,open,1.0,2.58
2.54,3,54.953529,19,open,1.0,2.54
2.36,3,54.959468,17,open,1.0,2.36
2.46,3,54.966403,19,closed,0.0,2.46
2.58,3,54.972077,15,open,1.0,2.58
2.46,3,54.978925,19,closed,0.0,2.46
2.58,3,54.984668,15,open,1.0,2.58
2.58,3,54.9904,15,open,1.0,2.58
-3.85,3,54.996443,15,closed,0.0,-3.85
2.54,3,55.002542,19,open,1.0,2.54
2.36,3,55.0085,17,open,1.0,2.36
-3.85,3,55.014505,15,closed,0.0,-3.85
2.46,3,55.021402,19,closed,0.0,2.46
1.92,3,55.027775,17,closed,0.0,1.9199999999999997
2.46,3,55.034714,19,closed,0.0,2.46
2.58,3,55.040477,15,open,1.0,2.58
1.92,3,55.046826,17,closed,0.0,1.9199999999999997
2.58,3,55.052619,15,open,1.0,2.58
2.36,3,55.0586,17,open,1.0,2.36
2.58,3,55.064353,15,open,1.0,2.58
2.58,3,55.070095,15,open,1.0,2.58
2.36,3,55.075998,19,open,1.0,2.36
2.36,3,55.082024,17,open,1.0,2.36
2.58,3,55.087773,15,open,1.0,2.58
2.58,3,55.093512,15,open,1.0,2.58
2.46,3,55.100424,19,closed,0.0,2.46
2.5,3,55.106868,19,open,1.0,2.5
2.58,3,55.112644,15,open,1.0,2.58
-3.85,3,55.118723,15,closed,0.0,-3.85
2.54,3,55.124838,19,open,1.0,2.54
0.11,3,55.131308,17,closed,0.0,0.10999999999999988
2.46,3,55.138197,19,closed,0.0,2.46
2.5,3,55.144652,19,open,1.0,2.5
-3.85,3,55.15071,15,closed,0.0,-3.85
2.46,3,55.157566,19,closed,0.0,2.46
2.58,3,55.163279,15,open,1.0,2.58
-3.85,3,55.169372,15,closed,0.0,-3.85
-3.85,3,55.175421,15,closed,0.0,-3.85
2.46,3,55.182394,19,closed,0.0,2.46
1.92,3,55.18874,17,closed,0.0,1.9199999999999997
2.5,3,55.195246,19,open,1.0,2.5
2.36,3,55.20124,17,open,1.0,2.36
1.92,3,55.207582,17,closed,0.0,1.9199999999999997
1.92,3,55.213998,17,closed,0.0,1.9199999999999997
-3.85,3,55.220075,15,closed,0.0,-3.85
2.46,3,55.226929,19,closed,0.0,2.46
1.92,3,55.233298,17,closed,0.0,1.9199999999999997
2.54,3,55.239387,19,open,1.0,2.54
2.46,3,55.246318,19,closed,0.0,2.46
1.92,3,55.252677,17,closed,0.0,1.9199999999999997
2.5,3,55.25917,19,open,1.0,2.5
2.54,3,55.265312,19,open,1.0,2.54
2.36,3,55.271206,17,open,1.0,2.36
-3.85,3,55.27724,15,closed,0.0,-3.85
2.36,3,55.283194,17,open,1.0,2.36
2.5,3,55.289665,19,open,1.0,2.5
2.36,3,55.295591,17,open,1.0,2.36
2.46,3,55.302525,19,closed,0.0,2.46
-3.65,3,55.308545,15,closed,0.0,-3.65
2.36,3,55.314457,17,open,1.0,2.36
-3.85,3,55.320501,15,closed,0.0,-3.85
2.46,3,55.327385,19,closed,0.0,2.46
-3.85,3,55.333432,15,closed,0.0,-3.85
2.58,3,55.339135,15,open,1.0,2.58
2.46,3,55.34605,19,closed,0.0,2.46
-3.85,3,55.352159,15,closed,0.0,-3.85
2.58,3,55.358083,15,open,1.0,2.58
1.92,3,55.364512,17,closed,0.0,1.9199999999999997
2.54,3,55.370612,19,open,1.0,2.54
2.46,3,55.377538,19,open,1.0,2.46
2.5,3,55.384106,19,open,1.0,2.5
2.46,3,55.391046,19,closed,0.0,2.46
2.46,3,55.397944,19,closed,0.0,2.46
2.58,3,55.403752,15,open,1.0,2.58
2.36,3,55.409699,17,open,1.0,2.36
2.46,3,55.416599,19,closed,0.0,2.46
2.58,3,55.422408,15,open,1.0,2.58
2.54,3,55.428527,19,open,1.0,2.54
2.28,3,55.435247,19,open,1.0,2.28
-3.85,3,55.441278,15,closed,0.0,-3.85
2.46,3,55.448171,19,closed,0.0,2.46
2.36,3,55.454201,17,open,1.0,2.36
1.92,3,55.460552,17,closed,0.0,1.9199999999999997
2.36,3,55.466456,17,open,1.0,2.36
2.54,3,55.472559,19,open,1.0,2.54
-3.85,3,55.478528,15,closed,0.0,-3.85
2.36,3,55.484434,17,open,1.0,2.36
-4.05,3,55.490466,15,closed,0.0,-4.050000000000001
2.46,3,55.497302,19,closed,0.0,2.46
-3.85,3,55.503371,15,closed,0.0,-3.85
-4.25,3,55.509513,15,closed,0.0,-4.25
2.36,3,55.515526,17,open,1.0,2.36
-4.25,3,55.52164,15,closed,0.0,-4.25
2.54,3,55.527829,19,open,1.0,2.54
1.92,3,55.534262,17,closed,0.0,1.9199999999999997
1.92,3,55.540615,17,closed,0.0,1.9199999999999997
2.46,3,55.547622,19,closed,0.0,2.46
2.36,3,55.553561,17,open,1.0,2.36
2.36,3,55.559511,17,open,1.0,2.36
2.54,3,55.565601,19,open,1.0,2.54
2.46,3,55.572469,19,closed,0.0,2.46
2.54,3,55.57866,19,open,1.0,2.54
2.5,3,55.585238,19,open,1.0,2.5
2.36,3,55.591226,17,open,1.0,2.36
2.36,3,55.597223,17,open,1.0,2.36
-3.85,3,55.603378,15,closed,0.0,-3.85
2.36,3,55.609307,17,open,1.0,2.36
-3.85,3,55.615435,15,closed,0.0,-3.85
-3.85,3,55.621526,15,closed,0.0,-3.85
2.36,3,55.627475,17,open,1.0,2.36
2.58,3,55.633262,15,open,1.0,2.58
2.36,3,55.6392,17,open,1.0,2.36
2.46,3,55.646177,19,closed,0.0,2.46
2.46,3,55.65308,19,closed,0.0,2.46
-3.65,3,55.659124,15,closed,0.0,-3.65
2.58,3,55.664869,15,open,1.0,2.58
2.46,3,55.671782,19,closed,0.0,2.46
2.5,3,55.678287,19,open,1.0,2.5
2.46,3,55.685207,19,closed,0.0,2.46
2.46,3,55.692162,19,closed,0.0,2.46
2.46,3,55.699135,19,closed,0.0,2.46
2.58,3,55.704924,15,open,1.0,2.58
2.5,3,55.711401,19,open,1.0,2.5
2.46,3,55.718374,19,closed,0.0,2.46
2.36,3,55.724338,17,open,1.0,2.36
1.92,3,55.730721,17,closed,0.0,1.9199999999999997
2.36,3,55.736657,17,open,1.0,2.36
2.36,3,55.742547,17,open,1.0,2.36
-3.85,3,55.748597,15,closed,0.0,-3.85
2.46,3,55.755544,19,closed,0.0,2.46
2.58,3,55.761241,15,open,1.0,2.58
2.36,3,55.767234,17,open,1.0,2.36
-3.65,3,55.773284,15,closed,0.0,-3.65
2.36,3,55.779229,17,open,1.0,2.36
-3.85,3,55.785322,15,closed,0.0,-3.85
1.92,3,55.79163,17,closed,0.0,1.9199999999999997
2.46,3,55.798586,19,closed,0.0,2.46
1.92,3,55.804947,17,closed,0.0,1.9199999999999997
1.92,3,55.81133,17,closed,0.0,1.9199999999999997
1.92,3,55.817748,17,closed,0.0,1.9199999999999997
2.46,3,55.824648,19,closed,0.0,2.46
2.54,3,55.830801,19,open,1.0,2.54
2.36,3,55.836747,17,open,1.0,2.36
-3.85,3,55.842802,15,closed,0.0,-3.85
2.46,3,55.849714,19,closed,0.0,2.46
2.36,3,55.85567,19,open,1.0,2.36
2.46,3,55.862598,19,closed,0.0,2.46
2.46,3,55.869521,19,closed,0.0,2.46
2.46,3,55.876412,19,closed,0.0,2.46
2.54,3,55.882566,19,open,1.0,2.54
1.92,3,55.888896,17,closed,0.0,1.9199999999999997
2.36,3,55.894865,17,open,1.0,2.36
1.92,3,55.901211,17,closed,0.0,1.9199999999999997
-3.85,3,55.907272,15,closed,0.0,-3.85
-4.05,3,55.913324,15,closed,0.0,-4.050000000000001
2.36,3,55.919279,17,open,1.0,2.36
2.36,3,56.003027,17,open,1.0,2.36
2.36,3,56.009161,17,open,1.0,2.36
2.58,3,56.015027,15,open,1.0,2.58
2.58,3,56.020872,15,open,1.0,2.58
-3.85,3,56.026928,15,closed,0.0,-3.85
2.58,3,56.032768,15,open,1.0,2.58
2.36,3,56.038734,17,open,1.0,2.36
2.58,3,56.044538,15,open,1.0,2.58
2.58,3,56.05028,15,open,1.0,2.58
2.54,3,56.056352,19,open,1.0,2.54
2.58,3,56.06215,15,open,1.0,2.58
2.36,3,56.068119,17,open,1.0,2.36
2.54,3,56.0743,19,open,1.0,2.54
2.36,3,56.080342,17,open,1.0,2.36
1.92,3,56.086729,17,closed,0.0,1.9199999999999997
-3.85,3,56.092832,15,closed,0.0,-3.85
2.58,3,56.098684,15,open,1.0,2.58
2.54,3,56.104836,19,open,1.0,2.54
1.92,3,56.11119,17,closed,0.0,1.9199999999999997
2.36,3,56.117189,17,open,1.0,2.36
2.36,3,56.123129,17,open,1.0,2.36
2.54,3,56.129235,19,open,1.0,2.54
2.28,3,56.135928,19,closed,0.0,2.28
-4.25,3,56.142017,15,closed,0.0,-4.25
1.92,3,56.148447,17,closed,0.0,1.9199999999999997
2.46,3,56.155358,19,closed,0.0,2.46
2.58,3,56.161062,15,open,1.0,2.58
2.54,3,56.167216,19,open,1.0,2.54
1.92,3,56.173528,17,closed,0.0,1.9199999999999997
1.92,3,56.179944,17,closed,0.0,1.9199999999999997
2.58,3,56.185745,15,open,1.0,2.58
2.46,3,56.19263,19,closed,0.0,2.46
2.54,3,56.198757,19,open,1.0,2.54
1.92,3,56.205118,17,closed,0.0,1.9199999999999997
2.46,3,56.212,19,closed,0.0,2.46
2.36,3,56.218048,17,open,1.0,2.36
2.54,3,56.224178,19,open,1.0,2.54
2.58,3,56.229954,15,open,1.0,2.58
1.92,3,56.236277,17,closed,0.0,1.9199999999999997
1.92,3,56.242622,17,closed,0.0,1.9199999999999997
2.58,3,56.248442,15,open,1.0,2.58
2.54,3,56.254597,19,open,1.0,2.54
2.46,3,56.261559,19,closed,0.0,2.46
2.46,3,56.268503,19,closed,0.0,2.46
2.54,3,56.274605,19,open,1.0,2.54
1.92,3,56.280944,17,closed,0.0,1.9199999999999997
2.54,3,56.287051,19,open,1.0,2.54
2.54,3,56.293137,19,open,1.0,2.54
1.92,3,56.299591,17,closed,0.0,1.9199999999999997
1.92,3,56.306033,17,closed,0.0,1.9199999999999997
2.46,3,56.312999,19,closed,0.0,2.46
0.57,3,56.318888,15,open,1.0,0.5700000000000001
1.92,3,56.325238,17,closed,0.0,1.9199999999999997
2.54,3,56.331407,19,open,1.0,2.54
2.36,3,56.337338,17,open,1.0,2.36
1.92,3,56.343695,17,closed,0.0,1.9199999999999997
2.46,3,56.350709,19,closed,0.0,2.46
2.58,3,56.356449,15,open,1.0,2.58
1.92,3,56.362834,17,closed,0.0,1.9199999999999997
2.36,3,56.368838,17,open,1.0,2.36
2.36,3,56.374765,17,open,1.0,2.36
2.54,3,56.381021,19,open,1.0,2.54
1.92,3,56.387375,17,closed,0.0,1.9199999999999997
2.54,3,56.393499,19,open,1.0,2.54
-3.45,3,56.399601,15,closed,0.0,-3.4499999999999997
2.36,3,56.405475,17,open,1.0,2.36
1.92,3,56.411852,17,closed,0.0,1.9199999999999997
2.46,3,56.418797,19,closed,0.0,2.46
2.54,3,56.424908,19,open,1.0,2.54
2.36,3,56.430897,17,open,1.0,2.36
2.46,3,56.437822,19,closed,0.0,2.46
1.92,3,56.444189,17,closed,0.0,1.9199999999999997
-3.85,3,56.450266,15,closed,0.0,-3.85
2.14,3,56.45639,17,open,1.0,2.1399999999999997
2.46,3,56.463336,19,closed,0.0,2.46
2.36,3,56.469296,17,open,1.0,2.36
2.54,3,56.475377,19,open,1.0,2.54
1.92,3,56.481782,17,closed,0.0,1.9199999999999997
2.46,3,56.488792,19,closed,0.0,2.46
-3.85,3,56.494982,15,closed,0.0,-3.85
2.58,3,56.500754,15,open,1.0,2.58
-3.85,3,56.506805,15,closed,0.0,-3.85
2.5,3,56.513346,19,open,1.0,2.5
1.92,3,56.519753,17,closed,0.0,1.9199999999999997
2.46,3,56.526684,19,closed,0.0,2.46
2.54,3,56.532797,19,open,1.0,2.54
2.46,3,56.53968,19,closed,0.0,2.46
2.46,3,56.546643,19,closed,0.0,2.46
2.36,3,56.552554,17,open,1.0,2.36
1.92,3,56.558911,17,closed,0.0,1.9199999999999997
2.36,3,56.564861,17,open,1.0,2.36
1.92,3,56.571269,17,closed,0.0,1.9199999999999997
1.92,3,56.577609,17,closed,0.0,1.9199999999999997
1.92,3,56.583972,17,closed,0.0,1.9199999999999997
2.58,3,56.589735,15,open,1.0,2.58
2.58,3,56.595498,15,open,1.0,2.58
2.58,3,56.601289,15,open,1.0,2.58
2.46,3,56.60823,19,closed,0.0,2.46
2.36,3,56.614239,17,open,1.0,2.36
2.46,3,56.621151,19,closed,0.0,2.46
-3.85,3,56.627261,15,closed,0.0,-3.85
1.92,3,56.633574,17,closed,0.0,1.9199999999999997
1.92,3,56.639923,17,closed,0.0,1.9199999999999997
-3.85,3,56.646027,15,closed,0.0,-3.85
-3.85,3,56.652052,15,closed,0.0,-3.85
-3.85,3,56.658095,15,closed,0.0,-3.85
2.36,3,56.664032,17,open,1.0,2.36
-3.45,3,56.67005,15,closed,0.0,-3.4499999999999997
2.58,3,56.675768,15,open,1.0,2.58
2.46,3,56.68275,19,closed,0.0,2.46
-3.85,3,56.688807,15,closed,0.0,-3.85
2.46,3,56.695666,19,closed,0.0,2.46
-3.85,3,56.701826,15,closed,0.0,-3.85
2.58,3,56.707549,15,open,1.0,2.58
2.54,3,56.713686,19,open,1.0,2.54
-3.85,3,56.719819,15,closed,0.0,-3.85
2.58,3,56.725598,15,open,1.0,2.58
2.58,3,56.731382,15,open,1.0,2.58
2.46,3,56.738296,19,closed,0.0,2.46
-3.85,3,56.74432,15,closed,0.0,-3.85
2.46,3,56.751252,19,open,1.0,2.46
-3.85,3,56.757281,15,closed,0.0,-3.85
2.36,3,56.763165,17,open,1.0,2.36
-3.85,3,56.769188,15,closed,0.0,-3.85
2.54,3,56.775264,19,open,1.0,2.54
2.5,3,56.781842,19,open,1.0,2.5
2.46,3,56.788734,19,closed,0.0,2.46
1.92,3,56.795088,17,closed,0.0,1.9199999999999997
2.54,3,56.801271,19,open,1.0,2.54
1.92,3,56.807617,17,closed,0.0,1.9199999999999997
2.46,3,56.814586,19,closed,0.0,2.46
2.54,3,56.820773,19,open,1.0,2.54
1.92,3,56.827095,17,closed,0.0,1.9199999999999997
2.46,3,56.834038,19,closed,0.0,2.46
2.46,3,56.840905,19,closed,0.0,2.46
2.54,3,56.84704,19,open,1.0,2.54
2.36,3,56.85297,17,open,1.0,2.36
2.46,3,56.859871,19,closed,0.0,2.46
2.36,3,56.86576,17,open,1.0,2.36
2.36,3,56.87164,17,open,1.0,2.36
-3.85,3,56.877662,15,closed,0.0,-3.85
2.36,3,56.88366,17,open,1.0,2.36
2.58,3,56.889379,15,open,1.0,2.58
2.54,3,56.895571,19,open,1.0,2.54
2.36,3,56.901487,17,open,1.0,2.36
-3.85,3,56.907535,15,closed,0.0,-3.85
-3.65,3,56.913612,15,closed,0.0,-3.65
2.46,3,56.920536,19,closed,0.0,2.46
-3.85,3,56.926606,15,closed,0.0,-3.85
2.36,3,56.932555,17,open,1.0,2.36
2.36,3,56.9385,17,open,1.0,2.36
-3.85,3,56.944547,15,closed,0.0,-3.85
2.46,3,56.951542,19,closed,0.0,2.46
2.58,3,56.957269,15,open,1.0,2.58
1.92,3,56.96368,17,closed,0.0,1.9199999999999997
-3.85,3,56.969752,15,closed,0.0,-3.85
2.54,3,56.975853,19,open,1.0,2.54
-3.85,3,56.98187,15,closed,0.0,-3.85
1.92,3,56.988199,17,closed,0.0,1.9199999999999997
2.58,3,56.993963,15,open,1.0,2.58
2.32,3,57.000318,19,open,1.0,2.32
2.5,3,57.006781,19,open,1.0,2.5
2.36,3,57.012856,17,open,1.0,2.36
1.92,3,57.019248,17,closed,0.0,1.9199999999999997
2.5,3,57.025741,19,open,1.0,2.5
1.92,3,57.032284,17,closed,0.0,1.9199999999999997
2.54,3,57.038473,19,open,1.0,2.54
2.54,3,57.044535,19,open,1.0,2.54
2.36,3,57.050544,17,open,1.0,2.36
2.5,3,57.057001,19,open,1.0,2.5
2.36,3,57.062964,17,open,1.0,2.36
2.36,3,57.068902,17,open,1.0,2.36
1.92,3,57.075272,17,closed,0.0,1.9199999999999997
2.36,3,57.081264,17,open,1.0,2.36
-3.85,3,57.087336,15,closed,0.0,-3.85
-3.85,3,57.093363,15,closed,0.0,-3.85
1.92,3,57.099706,17,closed,0.0,1.9199999999999997
2.46,3,57.106606,19,closed,0.0,2.46
-3.85,3,57.112739,15,closed,0.0,-3.85
2.36,3,57.118669,17,open,1.0,2.36
2.5,3,57.125173,19,open,1.0,2.5
2.46,3,57.132174,19,closed,0.0,2.46
2.58,3,57.137928,15,open,1.0,2.58
2.36,3,57.143831,17,open,1.0,2.36
1.92,3,57.150245,17,closed,0.0,1.9199999999999997
1.92,3,57.156637,17,closed,0.0,1.9199999999999997
2.46,3,57.163639,19,closed,0.0,2.46
-3.85,3,57.169729,15,closed,0.0,-3.85
2.36,3,57.175662,17,open,1.0,2.36
2.58,3,57.181452,15,open,1.0,2.58
-3.85,3,57.187487,15,closed,0.0,-3.85
2.36,3,57.193396,17,open,1.0,2.36
2.58,3,57.199191,15,open,1.0,2.58
2.46,3,57.206059,19,closed,0.0,2.46
2.58,3,57.211853,15,open,1.0,2.58
2.58,3,57.217647,15,open,1.0,2.58
2.36,3,57.223568,17,open,1.0,2.36
2.46,3,57.230531,19,closed,0.0,2.46
-3.85,3,57.236618,15,closed,0.0,-3.85
2.58,3,57.242327,15,open,1.0,2.58
2.36,3,57.248303,17,open,1.0,2.36
2.54,3,57.254406,19,open,1.0,2.54
0.11,3,57.260832,17,closed,0.0,0.10999999999999988
-3.85,3,57.26694,15,closed,0.0,-3.85
2.46,3,57.273833,19,closed,0.0,2.46
2.58,3,57.279676,15,open,1.0,2.58
-3.85,3,57.28576,15,closed,0.0,-3.85
1.92,3,57.292076,17,closed,0.0,1.9199999999999997
2.58,3,57.297886,15,open,1.0,2.58
1.92,3,57.304236,17,closed,0.0,1.9199999999999997
-4.25,3,57.310278,15,closed,0.0,-4.25
2.54,3,57.316474,19,open,1.0,2.54
2.46,3,57.323397,19,closed,0.0,2.46
2.46,3,57.33029,19,closed,0.0,2.46
2.36,3,57.336303,17,open,1.0,2.36
2.14,3,57.3425,17,open,1.0,2.1399999999999997
2.54,3,57.348697,19,open,1.0,2.54
1.92,3,57.355073,17,closed,0.0,1.9199999999999997
2.46,3,57.361937,19,closed,0.0,2.46
2.58,3,57.367825,15,open,1.0,2.58
2.54,3,57.37389,19,open,1.0,2.54
-4.05,3,57.380011,15,closed,0.0,-4.050000000000001
2.36,3,57.386069,17,open,1.0,2.36
2.58,3,57.391819,15,open,1.0,2.58
-3.85,3,57.397955,15,closed,0.0,-3.85
2.46,3,57.40508,19,closed,0.0,2.46
2.54,3,57.411219,19,open,1.0,2.54
2.36,3,57.417227,17,open,1.0,2.36
2.36,3,57.423139,17,open,1.0,2.36
2.54,3,57.429331,19,open,1.0,2.54
-3.85,3,57.435384,15,closed,0.0,-3.85
1.92,3,57.441701,17,closed,0.0,1.9199999999999997
2.54,3,57.447854,19,open,1.0,2.54
2.36,3,57.453764,17,open,1.0,2.36
2.58,3,57.459535,15,open,1.0,2.58
2.36,3,57.465501,17,open,1.0,2.36
2.54,3,57.471612,19,open,1.0,2.54
0.37,3,57.47736,15,open,1.0,0.3699999999999999
2.14,3,57.483544,17,open,1.0,2.1399999999999997
2.54,3,57.489674,19,open,1.0,2.54
2.14,3,57.495856,17,open,1.0,2.1399999999999997
1.92,3,57.502213,17,closed,0.0,1.9199999999999997
-3.85,3,57.508293,15,closed,0.0,-3.85
1.92,3,57.514655,17,closed,0.0,1.9199999999999997
2.5,3,57.521202,19,open,1.0,2.5
2.46,3,57.528138,19,closed,0.0,2.46
2.36,3,57.534207,17,open,1.0,2.36
-3.85,3,57.540198,15,closed,0.0,-3.85
-4.25,3,57.546285,15,closed,0.0,-4.25
2.46,3,57.553237,19,closed,0.0,2.46
2.36,3,57.559165,17,open,1.0,2.36
2.58,3,57.564936,15,open,1.0,2.58
2.54,3,57.571054,19,open,1.0,2.54
2.5,3,57.577502,19,open,1.0,2.5
2.36,3,57.583497,17,open,1.0,2.36
1.92,3,57.589825,17,closed,0.0,1.9199999999999997
2.58,3,57.595592,15,open,1.0,2.58
2.54,3,57.601808,19,open,1.0,2.54
2.5,3,57.608355,19,open,1.0,2.5
2.58,3,57.614206,15,open,1.0,2.58
2.46,3,57.621139,19,closed,0.0,2.46
2.54,3,57.627291,19,open,1.0,2.54
-3.85,3,57.633367,15,closed,0.0,-3.85
2.46,3,57.64024,19,closed,0.0,2.46
2.36,3,57.646187,17,open,1.0,2.36
2.46,3,57.653033,19,closed,0.0,2.46
2.58,3,57.658819,15,open,1.0,2.58
2.58,3,57.664603,15,open,1.0,2.58
2.14,3,57.670691,17,open,1.0,2.1399999999999997
2.46,3,57.677531,19,closed,0.0,2.46
0.57,3,57.683412,15,open,1.0,0.5700000000000001
2.58,3,57.689109,15,open,1.0,2.58
-0.39,3,57.695557,17,closed,0.0,-0.39000000000000035
2.36,3,57.701561,17,open,1.0,2.36
1.92,3,57.707817,17,closed,0.0,1.9199999999999997
2.46,3,57.714757,19,closed,0.0,2.46
2.58,3,57.72052,15,open,1.0,2.58
-3.85,3,57.726581,15,closed,0.0,-3.85
1.92,3,57.732894,17,closed,0.0,1.9199999999999997
2.36,3,57.738791,17,open,1.0,2.36
2.36,3,57.744753,17,open,1.0,2.36
1.92,3,57.751096,17,closed,0.0,1.9199999999999997
2.36,3,57.75701,17,open,1.0,2.36
2.58,3,57.762797,15,open,1.0,2.58
1.92,3,57.769176,17,closed,0.0,1.9199999999999997
1.92,3,57.775525,17,closed,0.0,1.9199999999999997
2.36,3,57.781395,17,open,1.0,2.36
-0.39,3,57.78783,17,closed,0.0,-0.39000000000000035
2.46,3,57.794714,19,closed,0.0,2.46
2.58,3,57.800437,15,open,1.0,2.58
2.58,3,57.806175,15,open,1.0,2.58
2.5,3,57.812694,19,open,1.0,2.5
-3.85,3,57.818716,15,closed,0.0,-3.85
2.36,3,57.82468,17,open,1.0,2.36
-3.85,3,57.830749,15,closed,0.0,-3.85
1.92,3,57.83714,17,closed,0.0,1.9199999999999997
2.46,3,57.844034,19,closed,0.0,2.46
2.46,3,57.851026,19,closed,0.0,2.46
2.46,3,57.857934,19,closed,0.0,2.46
1.92,3,57.864325,17,closed,0.0,1.9199999999999997
2.58,3,57.870104,15,open,1.0,2.58
1.92,3,57.876455,17,closed,0.0,1.9199999999999997
1.92,3,57.882794,17,closed,0.0,1.9199999999999997
2.36,3,57.88867,17,open,1.0,2.36
-3.85,3,57.894702,15,closed,0.0,-3.85
2.54,3,57.900851,19,open,1.0,2.54
2.58,3,57.906569,15,open,1.0,2.58
1.92,3,57.912982,17,closed,0.0,1.9199999999999997
-3.85,3,57.919012,15,closed,0.0,-3.85
-3.85,3,57.925026,15,closed,0.0,-3.85
2.46,3,57.932007,19,closed,0.0,2.46
1.92,3,57.938391,17,closed,0.0,1.9199999999999997
1.92,3,57.944751,17,closed,0.0,1.9199999999999997
-3.85,3,57.950767,15,closed,0.0,-3.85
1.92,3,57.957103,17,closed,0.0,1.9199999999999997
-3.85,3,57.9632,15,closed,0.0,-3.85
-3.85,3,57.969266,15,closed,0.0,-3.85
2.58,3,57.974962,15,open,1.0,2.58
2.46,3,57.981913,19,closed,0.0,2.46
-3.85,3,57.987996,15,closed,0.0,-3.85
2.46,3,57.994885,19,closed,0.0,2.46
2.46,3,58.001872,19,closed,0.0,2.46
2.46,3,58.008766,19,closed,0.0,2.46
2.5,3,58.015397,19,open,1.0,2.5
2.46,3,58.022311,19,closed,0.0,2.46
1.92,3,58.028729,17,closed,0.0,1.9199999999999997
2.36,3,58.034694,17,open,1.0,2.36
-3.85,3,58.040696,15,closed,0.0,-3.85
2.5,3,58.047284,19,open,1.0,2.5
2.36,3,58.053197,17,open,1.0,2.36
2.36,3,58.05912,17,open,1.0,2.36
-4.05,3,58.06523,15,closed,0.0,-4.050000000000001
2.36,3,58.071203,17,open,1.0,2.36
2.5,3,58.07769,19,open,1.0,2.5
2.58,3,58.083451,15,open,1.0,2.58
2.46,3,58.090315,19,closed,0.0,2.46
-3.85,3,58.096433,15,closed,0.0,-3.85
-3.85,3,58.102527,15,closed,0.0,-3.85
2.58,3,58.108216,15,open,1.0,2.58
2.46,3,58.115191,19,closed,0.0,2.46
1.92,3,58.121505,17,closed,0.0,1.9199999999999997
2.36,3,58.204699,17,open,1.0,2.36
2.36,3,58.210898,17,open,1.0,2.36
2.36,3,58.216966,17,open,1.0,2.36
2.36,3,58.222896,17,open,1.0,2.36
1.92,3,58.229284,17,closed,0.0,1.9199999999999997
-3.85,3,58.235348,15,closed,0.0,-3.85
2.36,3,58.241246,17,open,1.0,2.36
1.92,3,58.247645,17,closed,0.0,1.9199999999999997
1.92,3,58.254057,17,closed,0.0,1.9199999999999997
-3.85,3,58.260137,15,closed,0.0,-3.85
2.46,3,58.267053,19,closed,0.0,2.46
-3.85,3,58.273091,15,closed,0.0,-3.85
-3.85,3,58.279196,15,closed,0.0,-3.85
1.92,3,58.285517,17,closed,0.0,1.9199999999999997
-3.85,3,58.291574,15,closed,0.0,-3.85
2.46,3,58.298532,19,closed,0.0,2.46
2.46,3,58.30544,19,open,1.0,2.46
1.92,3,58.311782,17,closed,0.0,1.9199999999999997
1.92,3,58.318117,17,closed,0.0,1.9199999999999997
2.58,3,58.323857,15,open,1.0,2.58
2.58,3,58.329651,15,open,1.0,2.58
2.46,3,58.336566,19,closed,0.0,2.46
2.46,3,58.343513,19,closed,0.0,2.46
2.36,3,58.349468,17,open,1.0,2.36
1.92,3,58.355783,17,closed,0.0,1.9199999999999997
2.54,3,58.361905,19,open,1.0,2.54
2.58,3,58.367756,15,open,1.0,2.58
2.46,3,58.374635,19,closed,0.0,2.46
2.54,3,58.38091,19,open,1.0,2.54
2.58,3,58.386713,15,open,1.0,2.58
2.58,3,58.392468,15,open,1.0,2.58
2.58,3,58.398332,15,open,1.0,2.58
2.58,3,58.404048,15,open,1.0,2.58
2.58,3,58.409802,15,open,1.0,2.58
2.58,3,58.415617,15,open,1.0,2.58
0.11,3,58.422081,17,closed,0.0,0.10999999999999988
2.36,3,58.428061,17,open,1.0,2.36
1.92,3,58.434401,17,closed,0.0,1.9199999999999997
2.36,3,58.440346,17,open,1.0,2.36
1.92,3,58.446688,17,closed,0.0,1.9199999999999997
-3.85,3,58.452779,15,closed,0.0,-3.85
-3.85,3,58.45883,15,closed,0.0,-3.85
1.92,3,58.465254,17,closed,0.0,1.9199999999999997
2.54,3,58.471384,19,open,1.0,2.54
1.92,3,58.477707,17,closed,0.0,1.9199999999999997
1.92,3,58.48411,17,closed,0.0,1.9199999999999997
2.58,3,58.489848,15,open,1.0,2.58
2.58,3,58.495701,15,open,1.0,2.58
2.46,3,58.502605,19,closed,0.0,2.46
2.54,3,58.508745,19,open,1.0,2.54
2.36,3,58.514745,17,open,1.0,2.36
2.46,3,58.521699,19,closed,0.0,2.46
2.36,3,58.527681,17,open,1.0,2.36
2.54,3,58.533888,19,open,1.0,2.54
2.58,3,58.539633,15,open,1.0,2.58
2.5,3,58.546138,19,open,1.0,2.5
1.92,3,58.55248,17,closed,0.0,1.9199999999999997
2.58,3,58.558228,15,open,1.0,2.58
2.36,3,58.564187,17,open,1.0,2.36
2.54,3,58.570283,19,open,1.0,2.54
2.46,3,58.577146,19,closed,0.0,2.46
1.92,3,58.583545,17,closed,0.0,1.9199999999999997
1.92,3,58.589893,17,closed,0.0,1.9199999999999997
1.92,3,58.596303,17,closed,0.0,1.9199999999999997
2.54,3,58.602477,19,open,1.0,2.54
2.46,3,58.609405,19,closed,0.0,2.46
2.54,3,58.615487,19,open,1.0,2.54
2.58,3,58.621213,15,open,1.0,2.58
2.36,3,58.627072,17,open,1.0,2.36
-3.85,3,58.63324,15,closed,0.0,-3.85
1.92,3,58.639555,17,closed,0.0,1.9199999999999997
2.36,3,58.645465,17,open,1.0,2.36
2.58,3,58.651156,15,open,1.0,2.58
1.92,3,58.657469,17,closed,0.0,1.9199999999999997
-3.85,3,58.663529,15,closed,0.0,-3.85
1.92,3,58.669822,17,closed,0.0,1.9199999999999997
2.54,3,58.675899,19,open,1.0,2.54
2.46,3,58.682869,19,closed,0.0,2.46
-3.85,3,58.68891,15,closed,0.0,-3.85
1.92,3,58.695284,17,closed,0.0,1.9199999999999997
2.54,3,58.701462,19,open,1.0,2.54
2.5,3,58.707924,19,open,1.0,2.5
2.46,3,58.714917,19,closed,0.0,2.46
-3.65,3,58.720953,15,closed,0.0,-3.65
2.54,3,58.727032,19,open,1.0,2.54
2.58,3,58.732731,15,open,1.0,2.58
2.54,3,58.73882,19,open,1.0,2.54
1.92,3,58.745137,17,closed,0.0,1.9199999999999997
-3.85,3,58.751294,15,closed,0.0,-3.85
2.5,3,58.75772,19,open,1.0,2.5
-3.85,3,58.763815,15,closed,0.0,-3.85
2.58,3,58.769605,15,open,1.0,2.58
-3.85,3,58.775639,15,closed,0.0,-3.85
2.36,3,58.781624,17,open,1.0,2.36
2.36,3,58.787572,17,open,1.0,2.36
2.58,3,58.793247,15,open,1.0,2.58
2.36,3,58.799222,17,open,1.0,2.36
1.92,3,58.805569,17,closed,0.0,1.9199999999999997
2.58,3,58.811403,15,open,1.0,2.58
2.46,3,58.8183,19,closed,0.0,2.46
1.92,3,58.824619,17,closed,0.0,1.9199999999999997
2.58,3,58.830415,15,open,1.0,2.58
2.46,3,58.83732,19,closed,0.0,2.46
2.46,3,58.844211,19,closed,0.0,2.46
2.32,3,58.850604,19,open,1.0,2.32
2.54,3,58.856674,19,open,1.0,2.54
1.92,3,58.863082,17,closed,0.0,1.9199999999999997
1.92,3,58.869462,17,closed,0.0,1.9199999999999997
2.58,3,58.875237,15,open,1.0,2.58
-3.85,3,58.881329,15,closed,0.0,-3.85
2.46,3,58.88826,19,closed,0.0,2.46
-3.85,3,58.89432,15,closed,0.0,-3.85
-3.85,3,58.900389,15,closed,0.0,-3.85
2.36,3,58.906293,17,open,1.0,2.36
2.54,3,58.912491,19,open,1.0,2.54
2.36,3,58.918476,17,open,1.0,2.36
2.54,3,58.924637,19,open,1.0,2.54
1.92,3,58.931046,17,closed,0.0,1.9199999999999997
-3.85,3,58.937048,15,closed,0.0,-3.85
2.28,3,58.943768,19,closed,0.0,2.28
2.46,3,58.950631,19,closed,0.0,2.46
2.58,3,58.95637,15,open,1.0,2.58
1.92,3,58.962725,17,closed,0.0,1.9199999999999997
2.54,3,58.968865,19,open,1.0,2.54
2.46,3,58.975766,19,closed,0.0,2.46
2.54,3,58.981896,19,open,1.0,2.54
2.36,3,58.987838,17,open,1.0,2.36
1.92,3,58.994141,17,closed,0.0,1.9199999999999997
2.46,3,59.001119,19,closed,0.0,2.46
-4.05,3,59.007139,15,closed,0.0,-4.050000000000001
2.58,3,59.012945,15,open,1.0,2.58
2.46,3,59.019874,19,closed,0.0,2.46
-3.85,3,59.025949,15,closed,0.0,-3.85
2.46,3,59.032919,19,closed,0.0,2.46
0.57,3,59.038772,15,open,1.0,0.5700000000000001
2.36,3,59.044673,17,open,1.0,2.36
-3.85,3,59.050783,15,closed,0.0,-3.85
-3.85,3,59.056863,15,closed,0.0,-3.85
2.58,3,59.062562,15,open,1.0,2.58
2.58,3,59.068402,15,open,1.0,2.58
-3.85,3,59.074411,15,closed,0.0,-3.85
2.36,3,59.080409,17,open,1.0,2.36
-3.85,3,59.086471,15,closed,0.0,-3.85
2.54,3,59.092528,19,open,1.0,2.54
2.58,3,59.098338,15,open,1.0,2.58
2.58,3,59.104075,15,open,1.0,2.58
2.46,3,59.11099,19,closed,0.0,2.46
1.92,3,59.11744,17,closed,0.0,1.9199999999999997
-3.85,3,59.123443,15,closed,0.0,-3.85
-3.85,3,59.129592,15,closed,0.0,-3.85
1.92,3,59.135933,17,closed,0.0,1.9199999999999997
2.58,3,59.141642,15,open,1.0,2.58
1.92,3,59.148036,17,closed,0.0,1.9199999999999997
2.46,3,59.154934,19,closed,0.0,2.46
1.92,3,59.161268,17,closed,0.0,1.9199999999999997
-3.85,3,59.167359,15,closed,0.0,-3.85
-3.85,3,59.173401,15,closed,0.0,-3.85
1.92,3,59.179793,17,closed,0.0,1.9199999999999997
2.36,3,59.185731,17,open,1.0,2.36
1.92,3,59.19211,17,closed,0.0,1.9199999999999997
2.54,3,59.198307,19,open,1.0,2.54
-3.85,3,59.204344,15,closed,0.0,-3.85
2.36,3,59.210257,17,open,1.0,2.36
1.92,3,59.216608,17,closed,0.0,1.9199999999999997
2.36,3,59.222536,17,open,1.0,2.36
-3.85,3,59.228549,15,closed,0.0,-3.85
-3.85,3,59.234643,15,closed,0.0,-3.85
2.58,3,59.240375,15,open,1.0,2.58
2.46,3,59.247371,19,closed,0.0,2.46
-3.85,3,59.253459,15,closed,0.0,-3.85
-3.85,3,59.25949,15,closed,0.0,-3.85
-3.85,3,59.265533,15,closed,0.0,-3.85
-3.85,3,59.271575,15,closed,0.0,-3.85
2.36,3,59.277488,17,open,1.0,2.36
1.92,3,59.283849,17,closed,0.0,1.9199999999999997
2.46,3,59.290745,19,closed,0.0,2.46
-3.85,3,59.296829,15,closed,0.0,-3.85
-3.85,3,59.302908,15,closed,0.0,-3.85
2.46,3,59.309788,19,closed,0.0,2.46
2.36,3,59.315806,17,open,1.0,2.36
2.46,3,59.322692,19,closed,0.0,2.46
2.36,3,59.328702,17,open,1.0,2.36
2.46,3,59.335593,19,closed,0.0,2.46
1.92,3,59.341958,17,closed,0.0,1.9199999999999997
-3.85,3,59.348055,15,closed,0.0,-3.85
2.46,3,59.354998,19,closed,0.0,2.46
2.46,3,59.361933,19,closed,0.0,2.46
2.14,3,59.368047,17,open,1.0,2.1399999999999997
1.92,3,59.374368,17,closed,0.0,1.9199999999999997
-3.85,3,59.380465,15,closed,0.0,-3.85
2.54,3,59.386699,19,open,1.0,2.54
2.54,3,59.392848,19,open,1.0,2.54
-3.85,3,59.398947,15,closed,0.0,-3.85
2.54,3,59.405088,19,open,1.0,2.54
2.46,3,59.411969,19,closed,0.0,2.46
-3.85,3,59.418119,15,closed,0.0,-3.85
-3.85,3,59.424172,15,closed,0.0,-3.85
2.58,3,59.429952,15,open,1.0,2.58
2.58,3,59.435721,15,open,1.0,2.58
1.92,3,59.441998,17,closed,0.0,1.9199999999999997
-3.85,3,59.448099,15,closed,0.0,-3.85
2.54,3,59.454207,19,open,1.0,2.54
-3.85,3,59.460262,15,closed,0.0,-3.85
2.46,3,59.467222,19,closed,0.0,2.46
-3.85,3,59.473254,15,closed,0.0,-3.85
2.58,3,59.47906,15,open,1.0,2.58
-4.25,3,59.485069,15,closed,0.0,-4.25
2.36,3,59.490986,17,open,1.0,2.36
1.92,3,59.497443,17,closed,0.0,1.9199999999999997
2.58,3,59.503188,15,open,1.0,2.58
1.92,3,59.509496,17,closed,0.0,1.9199999999999997
2.46,3,59.51647,19,closed,0.0,2.46
1.92,3,59.52279,17,closed,0.0,1.9199999999999997
1.92,3,59.529238,17,closed,0.0,1.9199999999999997
-3.85,3,59.535257,15,closed,0.0,-3.85
1.92,3,59.541593,17,closed,0.0,1.9199999999999997
1.92,3,59.548006,17,closed,0.0,1.9199999999999997
2.46,3,59.554938,19,closed,0.0,2.46
2.46,3,59.561844,19,closed,0.0,2.46
2.36,3,59.567852,17,open,1.0,2.36
-3.85,3,59.573863,15,closed,0.0,-3.85
2.46,3,59.580756,19,closed,0.0,2.46
2.58,3,59.586447,17,open,1.0,2.58
1.92,3,59.592826,17,closed,0.0,1.9199999999999997
-3.85,3,59.598953,15,closed,0.0,-3.85
2.58,3,59.604714,15,open,1.0,2.58
-3.85,3,59.610742,15,closed,0.0,-3.85
-3.85,3,59.616826,15,closed,0.0,-3.85
2.5,3,59.623281,19,open,1.0,2.5
2.36,3,59.62923,17,open,1.0,2.36
2.36,3,59.635189,17,open,1.0,2.36
-4.25,3,59.641226,15,closed,0.0,-4.25
2.36,3,59.647238,17,open,1.0,2.36
2.36,3,59.653139,17,open,1.0,2.36
-3.85,3,59.659222,15,closed,0.0,-3.85
2.46,3,59.666102,19,closed,0.0,2.46
1.92,3,59.672434,17,closed,0.0,1.9199999999999997
2.58,3,59.678217,15,open,1.0,2.58
2.58,3,59.683918,15,open,1.0,2.58
2.58,3,59.689609,15,open,1.0,2.58
-3.85,3,59.695688,15,closed,0.0,-3.85
2.54,3,59.70192,19,open,1.0,2.54
2.58,3,59.707642,15,open,1.0,2.58
2.46,3,59.714606,19,closed,0.0,2.46
2.58,3,59.720371,15,open,1.0,2.58
-3.85,3,59.726475,15,closed,0.0,-3.85
2.14,3,59.732641,17,open,1.0,2.1399999999999997
2.54,3,59.738774,19,open,1.0,2.54
2.58,3,59.744543,15,open,1.0,2.58
-3.85,3,59.750647,15,closed,0.0,-3.85
2.36,3,59.756579,17,open,1.0,2.36
1.92,3,59.762973,17,closed,0.0,1.9199999999999997
-3.85,3,59.769007,15,closed,0.0,-3.85
2.36,3,59.774904,17,open,1.0,2.36
2.46,3,59.781858,19,closed,0.0,2.46
-3.85,3,59.787912,15,closed,0.0,-3.85
2.54,3,59.794023,19,open,1.0,2.54
2.14,3,59.800195,17,open,1.0,2.1399999999999997
2.5,3,59.806627,19,open,1.0,2.5
1.92,3,59.813019,17,closed,0.0,1.9199999999999997
2.58,3,59.8188,15,open,1.0,2.58
2.36,3,59.824756,17,open,1.0,2.36
2.46,3,59.831721,19,closed,0.0,2.46
2.36,3,59.837605,17,open,1.0,2.36
1.92,3,59.84394,17,closed,0.0,1.9199999999999997
2.54,3,59.850165,19,open,1.0,2.54
2.46,3,59.857038,19,closed,0.0,2.46
2.46,3,59.863924,19,closed,0.0,2.46
1.92,3,59.870342,17,closed,0.0,1.9199999999999997
2.36,3,59.876226,17,open,1.0,2.36
-3.85,3,59.882361,15,closed,0.0,-3.85
2.46,3,59.889283,19,closed,0.0,2.46
-3.85,3,59.895295,15,closed,0.0,-3.85
1.92,3,59.901707,17,closed,0.0,1.9199999999999997
1.92,3,59.908041,17,closed,0.0,1.9199999999999997
1.92,3,59.914471,17,closed,0.0,1.9199999999999997
2.36,3,59.920437,17,open,1.0,2.36
1.92,3,59.926746,17,closed,0.0,1.9199999999999997
2.46,3,59.933767,19,closed,0.0,2.46
2.54,3,59.939922,19,open,1.0,2.54
2.36,3,59.945865,17,open,1.0,2.36
2.46,3,59.95275,19,closed,0.0,2.46
2.36,3,59.95866,17,open,1.0,2.36
1.92,3,59.96511,17,closed,0.0,1.9199999999999997
2.5,3,59.97164,19,open,1.0,2.5
2.58,3,59.97738,15,open,1.0,2.58
2.54,3,59.983444,19,open,1.0,2.54
2.36,3,59.989302,17,open,1.0,2.36
2.58,3,59.99505,15,open,1.0,2.58
2.58,3,60.000872,15,open,1.0,2.58
1.92,3,60.007191,17,closed,0.0,1.9199999999999997
0.11,3,60.013711,17,closed,0.0,0.10999999999999988
2.36,3,60.019625,17,open,1.0,2.36
2.46,3,60.026591,19,closed,0.0,2.46
1.92,3,60.03306,17,closed,0.0,1.9199999999999997
2.54,3,60.039188,19,open,1.0,2.54
-4.25,3,60.045341,15,closed,0.0,-4.25
-3.85,3,60.051431,15,closed,0.0,-3.85
1.92,3,60.057737,17,closed,0.0,1.9199999999999997
2.58,3,60.063525,15,open,1.0,2.58
2.46,3,60.070425,19,closed,0.0,2.46
2.58,3,60.076197,15,open,1.0,2.58
2.36,3,60.08211,17,open,1.0,2.36
2.54,3,60.088214,19,open,1.0,2.54
2.36,3,60.09414,17,open,1.0,2.36
1.92,3,60.100524,17,closed,0.0,1.9199999999999997
1.92,3,60.106868,17,closed,0.0,1.9199999999999997
2.58,3,60.112699,15,open,1.0,2.58
-3.85,3,60.11879,15,closed,0.0,-3.85
-3.85,3,60.124874,15,closed,0.0,-3.85
1.92,3,60.131275,17,closed,0.0,1.9199999999999997
2.36,3,60.137209,17,open,1.0,2.36
2.36,3,60.143064,17,open,1.0,2.36
2.5,3,60.149596,19,open,1.0,2.5
2.58,3,60.155354,15,open,1.0,2.58
2.46,3,60.162277,19,closed,0.0,2.46
2.46,3,60.169216,19,closed,0.0,2.46
-3.85,3,60.175246,15,closed,0.0,-3.85
2.36,3,60.181234,17,open,1.0,2.36
-3.85,3,60.187271,15,closed,0.0,-3.85
-3.85,3,60.193262,15,closed,0.0,-3.85
2.54,3,60.199406,19,open,1.0,2.54
2.58,3,60.205162,15,open,1.0,2.58
2.14,3,60.211287,17,open,1.0,2.1399999999999997
2.5,3,60.217919,19,open,1.0,2.5
-3.85,3,60.223948,15,closed,0.0,-3.85
2.54,3,60.230135,19,open,1.0,2.54
2.58,3,60.235869,15,open,1.0,2.58
1.92,3,60.242188,17,closed,0.0,1.9199999999999997
-3.85,3,60.248314,15,closed,0.0,-3.85
2.36,3,60.254259,17,open,1.0,2.36
-3.85,3,60.260252,15,closed,0.0,-3.85
1.92,3,60.266617,17,closed,0.0,1.9199999999999997
-3.85,3,60.272663,15,closed,0.0,-3.85
2.46,3,60.279567,19,open,1.0,2.46
2.36,3,60.285547,17,open,1.0,2.36
2.58,3,60.291268,15,open,1.0,2.58
-3.85,3,60.297403,15,closed,0.0,-3.85
2.36,3,60.303333,17,open,1.0,2.36
-3.85,3,60.309372,15,closed,0.0,-3.85
2.36,3,60.315325,17,open,1.0,2.36
1.92,3,60.321607,17,closed,0.0,1.9199999999999997
-0.39,3,60.403932,17,closed,0.0,-0.39000000000000035
1.92,3,60.410346,17,closed,0.0,1.9199999999999997
1.92,3,60.416759,17,closed,0.0,1.9199999999999997
1.92,3,60.423147,17,closed,0.0,1.9199999999999997
-3.85,3,60.429214,15,closed,0.0,-3.85
2.46,3,60.436249,19,closed,0.0,2.46
2.32,3,60.442521,19,open,1.0,2.32
2.54,3,60.448724,19,open,1.0,2.54
2.46,3,60.455643,19,closed,0.0,2.46
2.58,3,60.461378,15,open,1.0,2.58
2.58,3,60.467124,15,open,1.0,2.58
-4.05,3,60.473192,15,closed,0.0,-4.050000000000001
-3.85,3,60.479316,15,closed,0.0,-3.85
-3.85,3,60.485356,15,closed,0.0,-3.85
2.46,3,60.492373,19,closed,0.0,2.46
2.36,3,60.498422,17,open,1.0,2.36
2.58,3,60.504186,15,open,1.0,2.58
2.46,3,60.511096,19,closed,0.0,2.46
1.92,3,60.517577,17,closed,0.0,1.9199999999999997
2.46,3,60.524535,19,closed,0.0,2.46
2.58,3,60.530384,15,open,1.0,2.58
2.36,3,60.53635,17,open,1.0,2.36
2.58,3,60.54209,15,open,1.0,2.58
2.36,3,60.548071,17,open,1.0,2.36
1.92,3,60.554408,17,closed,0.0,1.9199999999999997
2.58,3,60.560146,15,open,1.0,2.58
-3.85,3,60.56627,15,closed,0.0,-3.85
1.92,3,60.572571,17,closed,0.0,1.9199999999999997
2.58,3,60.57839,15,open,1.0,2.58
1.92,3,60.58478,17,closed,0.0,1.9199999999999997
1.92,3,60.591149,17,closed,0.0,1.9199999999999997
2.46,3,60.598181,19,closed,0.0,2.46
2.36,3,60.604106,17,open,1.0,2.36
1.92,3,60.610468,17,closed,0.0,1.9199999999999997
2.5,3,60.617036,19,open,1.0,2.5
2.54,3,60.623144,19,open,1.0,2.54
-3.85,3,60.629272,15,closed,0.0,-3.85
2.58,3,60.635051,15,open,1.0,2.58
2.54,3,60.641166,19,open,1.0,2.54
1.92,3,60.647581,17,closed,0.0,1.9199999999999997
2.36,3,60.653502,17,open,1.0,2.36
2.36,3,60.659417,17,open,1.0,2.36
-3.85,3,60.665553,15,closed,0.0,-3.85
2.5,3,60.672098,19,open,1.0,2.5
2.54,3,60.67833,19,open,1.0,2.54
1.92,3,60.684666,17,closed,0.0,1.9199999999999997
2.5,3,60.691216,19,open,1.0,2.5
-3.85,3,60.699894,15,closed,0.0,-3.85
2.36,3,60.705811,17,open,1.0,2.36
2.54,3,60.711927,19,open,1.0,2.54
2.54,3,60.718153,19,open,1.0,2.54
2.58,3,60.723884,15,open,1.0,2.58
-3.85,3,60.730031,15,closed,0.0,-3.85
2.54,3,60.736133,19,open,1.0,2.54
1.92,3,60.742485,17,closed,0.0,1.9199999999999997
2.5,3,60.749042,19,open,1.0,2.5
2.58,3,60.754799,15,open,1.0,2.58
2.5,3,60.761307,19,open,1.0,2.5
2.5,3,60.767868,19,open,1.0,2.5
-3.85,3,60.773947,15,closed,0.0,-3.85
2.54,3,60.780134,19,open,1.0,2.54
2.5,3,60.786666,19,open,1.0,2.5
1.92,3,60.792982,17,closed,0.0,1.9199999999999997
2.36,3,60.798954,17,open,1.0,2.36
2.46,3,60.805885,19,closed,0.0,2.46
2.36,3,60.81186,17,open,1.0,2.36
2.5,3,60.818399,19,open,1.0,2.5
2.58,3,60.824097,15,open,1.0,2.58
-3.85,3,60.830222,15,closed,0.0,-3.85
2.36,3,60.836176,17,open,1.0,2.36
2.36,3,60.842059,17,open,1.0,2.36
2.46,3,60.849016,19,closed,0.0,2.46
-3.85,3,60.855073,15,closed,0.0,-3.85
2.5,3,60.861568,19,open,1.0,2.5
2.5,3,60.868146,19,open,1.0,2.5
-3.85,3,60.874213,15,closed,0.0,-3.85
2.54,3,60.880362,19,open,1.0,2.54
2.54,3,60.886478,19,open,1.0,2.54
-3.85,3,60.89251,15,closed,0.0,-3.85
-3.85,3,60.898609,15,closed,0.0,-3.85
2.46,3,60.905497,19,closed,0.0,2.46
1.92,3,60.911892,17,closed,0.0,1.9199999999999997
1.92,3,60.918253,17,closed,0.0,1.9199999999999997
2.58,3,60.924018,15,open,1.0,2.58
2.46,3,60.930963,19,closed,0.0,2.46
2.54,3,60.937099,19,open,1.0,2.54
-3.85,3,60.943104,15,closed,0.0,-3.85
2.54,3,60.949282,19,open,1.0,2.54
1.92,3,60.955619,17,closed,0.0,1.9199999999999997
1.92,3,60.962043,17,closed,0.0,1.9199999999999997
2.46,3,60.969014,19,closed,0.0,2.46
1.92,3,60.975417,17,closed,0.0,1.9199999999999997
-3.45,3,60.981546,15,closed,0.0,-3.4499999999999997
-3.85,3,60.987556,15,closed,0.0,-3.85
2.36,3,60.993509,17,open,1.0,2.36
2.28,3,61.000282,19,closed,0.0,2.28
2.58,3,61.006011,15,open,1.0,2.58
2.46,3,61.012895,19,closed,0.0,2.46
1.92,3,61.019211,17,closed,0.0,1.9199999999999997
2.58,3,61.024953,15,open,1.0,2.58
2.54,3,61.03111,19,open,1.0,2.54
2.58,3,61.036871,15,open,1.0,2.58
2.58,3,61.04264,15,open,1.0,2.58
2.46,3,61.0496,19,closed,0.0,2.46
2.54,3,61.055748,19,open,1.0,2.54
2.36,3,61.061665,17,open,1.0,2.36
1.92,3,61.068129,17,closed,0.0,1.9199999999999997
2.58,3,61.073863,15,open,1.0,2.58
2.46,3,61.080733,19,closed,0.0,2.46
1.92,3,61.087192,17,closed,0.0,1.9199999999999997
2.36,3,61.093178,17,open,1.0,2.36
2.58,3,61.098898,15,open,1.0,2.58
2.36,3,61.104846,17,open,1.0,2.36
2.58,3,61.110546,15,open,1.0,2.58
2.36,3,61.11654,17,open,1.0,2.36
1.92,3,61.122827,17,closed,0.0,1.9199999999999997
1.92,3,61.129217,17,closed,0.0,1.9199999999999997
2.54,3,61.135382,19,open,1.0,2.54
2.58,3,61.141117,15,open,1.0,2.58
2.54,3,61.147296,19,open,1.0,2.54
1.92,3,61.153929,17,closed,0.0,1.9199999999999997
1.92,3,61.160326,17,closed,0.0,1.9199999999999997
2.54,3,61.166493,19,open,1.0,2.54
1.92,3,61.172837,17,closed,0.0,1.9199999999999997
2.36,3,61.17879,17,open,1.0,2.36
-3.85,3,61.184889,15,closed,0.0,-3.85
1.92,3,61.191215,17,closed,0.0,1.9199999999999997
-3.85,3,61.197376,15,closed,0.0,-3.85
2.46,3,61.204313,19,closed,0.0,2.46
-3.85,3,61.210338,15,closed,0.0,-3.85
2.46,3,61.217325,19,closed,0.0,2.46
2.54,3,61.223472,19,open,1.0,2.54
2.5,3,61.230052,19,open,1.0,2.5
1.92,3,61.23645,17,closed,0.0,1.9199999999999997
1.92,3,61.242821,17,closed,0.0,1.9199999999999997
1.92,3,61.249246,17,closed,0.0,1.9199999999999997
2.5,3,61.255742,19,open,1.0,2.5
2.54,3,61.261882,19,open,1.0,2.54
2.54,3,61.267955,19,open,1.0,2.54
2.58,3,61.273695,15,open,1.0,2.58
2.36,3,61.279691,17,open,1.0,2.36
2.58,3,61.285396,15,open,1.0,2.58
2.58,3,61.291104,15,open,1.0,2.58
-3.85,3,61.297129,15,closed,0.0,-3.85
-3.85,3,61.303147,15,closed,0.0,-3.85
2.36,3,61.309036,17,open,1.0,2.36
2.58,3,61.314836,15,open,1.0,2.58
2.46,3,61.321723,19,closed,0.0,2.46
-3.85,3,61.327871,15,closed,0.0,-3.85
2.58,3,61.333637,15,open,1.0,2.58
2.58,3,61.339337,15,open,1.0,2.58
2.46,3,61.346347,19,closed,0.0,2.46
2.36,3,61.35233,17,open,1.0,2.36
1.92,3,61.358667,17,closed,0.0,1.9199999999999997
2.58,3,61.36449,15,open,1.0,2.58
1.92,3,61.370978,17,closed,0.0,1.9199999999999997
2.58,3,61.376826,15,open,1.0,2.58
-3.85,3,61.383003,15,closed,0.0,-3.85
-3.85,3,61.389069,15,closed,0.0,-3.85
2.46,3,61.39608,19,closed,0.0,2.46
2.36,3,61.402005,17,open,1.0,2.36
2.58,3,61.407722,15,open,1.0,2.58
2.58,3,61.413496,15,open,1.0,2.58
2.58,3,61.419274,15,open,1.0,2.58
2.58,3,61.425006,15,open,1.0,2.58
2.54,3,61.431204,19,open,1.0,2.54
-3.85,3,61.437311,15,closed,0.0,-3.85
2.54,3,61.443387,19,open,1.0,2.54
1.92,3,61.449818,17,closed,0.0,1.9199999999999997
2.46,3,61.456703,19,closed,0.0,2.46
-3.85,3,61.462739,15,closed,0.0,-3.85
2.36,3,61.468775,17,open,1.0,2.36
2.36,3,61.474658,17,open,1.0,2.36
-3.85,3,61.480772,15,closed,0.0,-3.85
2.46,3,61.487685,19,closed,0.0,2.46
-3.85,3,61.493777,15,closed,0.0,-3.85
2.46,3,61.500774,19,closed,0.0,2.46
2.36,3,61.506718,17,open,1.0,2.36
2.46,3,61.51369,19,closed,0.0,2.46
2.36,3,61.519616,17,open,1.0,2.36
-3.85,3,61.525647,15,closed,0.0,-3.85
1.92,3,61.5321,17,closed,0.0,1.9199999999999997
-3.85,3,61.538153,15,closed,0.0,-3.85
-3.85,3,61.54425,15,closed,0.0,-3.85
-3.85,3,61.550397,15,closed,0.0,-3.85
2.36,3,61.556275,17,open,1.0,2.36
2.5,3,61.562827,19,open,1.0,2.5
1.92,3,61.569152,17,closed,0.0,1.9199999999999997
-3.85,3,61.575212,15,closed,0.0,-3.85
2.36,3,61.581202,19,open,1.0,2.36
2.46,3,61.588102,19,closed,0.0,2.46
-3.85,3,61.59422,15,closed,0.0,-3.85
1.92,3,61.600713,17,closed,0.0,1.9199999999999997
1.92,3,61.60705,17,closed,0.0,1.9199999999999997
2.58,3,61.612887,15,open,1.0,2.58
2.54,3,61.618987,19,open,1.0,2.54
1.92,3,61.625386,17,closed,0.0,1.9199999999999997
2.36,3,61.63129,17,open,1.0,2.36
2.58,3,61.636997,15,open,1.0,2.58
2.36,3,61.642893,17,open,1.0,2.36
-3.85,3,61.649045,15,closed,0.0,-3.85
2.46,3,61.655992,19,closed,0.0,2.46
1.92,3,61.662405,17,closed,0.0,1.9199999999999997
1.92,3,61.668794,17,closed,0.0,1.9199999999999997
-3.85,3,61.674822,15,closed,0.0,-3.85
2.58,3,61.680686,15,open,1.0,2.58
2.54,3,61.68679,19,open,1.0,2.54
2.36,3,61.692823,17,open,1.0,2.36
2.36,3,61.698823,17,open,1.0,2.36
2.46,3,61.705715,19,closed,0.0,2.46
2.46,3,61.712735,19,closed,0.0,2.46
-3.85,3,61.718847,15,closed,0.0,-3.85
2.58,3,61.72457,15,open,1.0,2.58
2.46,3,61.731438,19,closed,0.0,2.46
1.92,3,61.737746,17,closed,0.0,1.9199999999999997
2.36,3,61.743643,17,open,1.0,2.36
2.54,3,61.749844,19,open,1.0,2.54
2.5,3,61.75634,19,open,1.0,2.5
2.36,3,61.762371,17,open,1.0,2.36
2.36,3,61.768296,17,open,1.0,2.36
-3.85,3,61.774339,15,closed,0.0,-3.85
2.58,3,61.780109,15,open,1.0,2.58
1.92,3,61.786402,17,closed,0.0,1.9199999999999997
2.54,3,61.79253,19,open,1.0,2.54
1.92,3,61.798881,17,closed,0.0,1.9199999999999997
2.58,3,61.804729,15,open,1.0,2.58
2.46,3,61.811642,19,closed,0.0,2.46
2.46,3,61.818776,19,closed,0.0,2.46
-0.39,3,61.825238,17,closed,0.0,-0.39000000000000035
1.92,3,61.832362,17,closed,0.0,1.9199999999999997
2.58,3,61.838329,15,open,1.0,2.58
2.36,3,61.844362,17,open,1.0,2.36
2.46,3,61.851316,19,closed,0.0,2.46
2.58,3,61.857149,19,open,1.0,2.58
2.14,3,61.863361,17,open,1.0,2.1399999999999997
2.58,3,61.869145,15,open,1.0,2.58
1.92,3,61.875489,17,closed,0.0,1.9199999999999997
2.5,3,61.882146,19,open,1.0,2.5
-3.85,3,61.888233,15,closed,0.0,-3.85
2.54,3,61.894359,19,open,1.0,2.54
2.46,3,61.901262,19,open,1.0,2.46
2.58,3,61.907004,15,open,1.0,2.58
-3.85,3,61.913091,15,closed,0.0,-3.85
-3.85,3,61.919081,15,closed,0.0,-3.85
2.5,3,61.925526,19,open,1.0,2.5
2.36,3,61.931579,19,open,1.0,2.36
2.36,3,61.937498,17,open,1.0,2.36
2.54,3,61.943619,19,open,1.0,2.54
2.46,3,61.950719,19,closed,0.0,2.46
2.58,3,61.956591,15,open,1.0,2.58
-3.85,3,61.962825,15,closed,0.0,-3.85
2.54,3,61.969008,19,open,1.0,2.54
-3.85,3,61.97508,15,closed,0.0,-3.85
-3.85,3,61.98125,15,closed,0.0,-3.85
2.5,3,61.987706,19,open,1.0,2.5
1.92,3,61.994048,17,closed,0.0,1.9199999999999997
2.46,3,62.001014,19,closed,0.0,2.46
1.92,3,62.007401,17,closed,0.0,1.9199999999999997
2.58,3,62.01316,15,open,1.0,2.58
2.46,3,62.020179,19,closed,0.0,2.46
2.5,3,62.026658,19,open,1.0,2.5
2.54,3,62.032832,19,open,1.0,2.54
1.92,3,62.039138,17,closed,0.0,1.9199999999999997
2.54,3,62.045358,19,open,1.0,2.54
2.36,3,62.05125,17,open,1.0,2.36
-3.85,3,62.057294,15,closed,0.0,-3.85
2.46,3,62.06424,19,open,1.0,2.46
2.58,3,62.070023,15,open,1.0,2.58
1.92,3,62.07638,17,closed,0.0,1.9199999999999997
2.46,3,62.083324,19,closed,0.0,2.46
2.54,3,62.089481,19,open,1.0,2.54
2.46,3,62.096464,19,closed,0.0,2.46
2.58,3,62.102187,15,open,1.0,2.58
2.58,3,62.107985,15,open,1.0,2.58
2.58,3,62.113791,15,open,1.0,2.58
2.5,3,62.120315,19,open,1.0,2.5
2.36,3,62.126233,17,open,1.0,2.36
2.58,3,62.132159,15,open,1.0,2.58
2.36,3,62.138118,17,open,1.0,2.36
-4.05,3,62.144197,15,closed,0.0,-4.050000000000001
1.92,3,62.151049,17,closed,0.0,1.9199999999999997
2.5,3,62.158156,19,open,1.0,2.5
1.92,3,62.164621,17,closed,0.0,1.9199999999999997
1.92,3,62.171014,17,closed,0.0,1.9199999999999997
-3.85,3,62.177464,15,closed,0.0,-3.85
1.92,3,62.184142,17,closed,0.0,1.9199999999999997
1.92,3,62.191048,17,closed,0.0,1.9199999999999997
-3.85,3,62.197108,15,closed,0.0,-3.85
-0.39,3,62.20356,17,closed,0.0,-0.39000000000000035
-3.85,3,62.209575,15,closed,0.0,-3.85
2.46,3,62.216487,19,closed,0.0,2.46
2.54,3,62.222557,19,open,1.0,2.54
2.58,3,62.22881,15,open,1.0,2.58
2.54,3,62.235428,19,open,1.0,2.54
2.36,3,62.241417,17,open,1.0,2.36
2.54,3,62.247578,19,open,1.0,2.54
2.54,3,62.253728,19,open,1.0,2.54
2.46,3,62.260664,19,closed,0.0,2.46
-3.85,3,62.266742,15,closed,0.0,-3.85
2.36,3,62.272641,17,open,1.0,2.36
2.58,3,62.278351,15,open,1.0,2.58
2.58,3,62.284163,15,open,1.0,2.58
2.36,3,62.291471,17,open,1.0,2.36
2.36,3,62.297664,17,open,1.0,2.36
1.92,3,62.304055,17,closed,0.0,1.9199999999999997
2.28,3,62.310796,19,closed,0.0,2.28
2.46,3,62.317691,19,closed,0.0,2.46
2.46,3,62.324523,19,closed,0.0,2.46
2.36,3,62.330464,17,open,1.0,2.36
2.36,3,62.336364,17,open,1.0,2.36
1.92,3,62.342642,17,closed,0.0,1.9199999999999997
2.58,3,62.348361,15,open,1.0,2.58
2.58,3,62.354058,15,open,1.0,2.58
2.54,3,62.360132,19,open,1.0,2.54
-3.85,3,62.366134,15,closed,0.0,-3.85
2.5,3,62.37255,19,open,1.0,2.5
2.54,3,62.378652,19,open,1.0,2.54
2.54,3,62.384744,19,open,1.0,2.54
1.92,3,62.391039,17,closed,0.0,1.9199999999999997
2.46,3,62.39791,19,closed,0.0,2.46
-3.85,3,62.403957,15,closed,0.0,-3.85
2.46,3,62.410825,19,closed,0.0,2.46
-3.85,3,62.416852,15,closed,0.0,-3.85
-3.85,3,62.422829,15,closed,0.0,-3.85
2.58,3,62.428535,15,open,1.0,2.58
2.58,3,62.434191,15,open,1.0,2.58
2.58,3,62.44006,15,open,1.0,2.58
2.36,3,62.446005,17,open,1.0,2.36
-3.85,3,62.452044,15,closed,0.0,-3.85
1.92,3,62.45844,17,closed,0.0,1.9199999999999997
-3.85,3,62.464559,15,closed,0.0,-3.85
1.92,3,62.470884,17,closed,0.0,1.9199999999999997
2.54,3,62.477001,19,open,1.0,2.54
2.58,3,62.482704,15,open,1.0,2.58
2.36,3,62.488659,17,open,1.0,2.36
1.92,3,62.494978,17,closed,0.0,1.9199999999999997
2.54,3,62.501073,19,open,1.0,2.54
2.58,3,62.506829,15,open,1.0,2.58
2.5,3,62.513326,19,open,1.0,2.5
2.36,3,62.519276,17,open,1.0,2.36
1.92,3,62.525619,17,closed,0.0,1.9199999999999997
-3.85,3,62.612634,15,closed,0.0,-3.85
2.46,3,62.61959,19,closed,0.0,2.46
2.58,3,62.62546,15,open,1.0,2.58
-3.85,3,62.631655,15,closed,0.0,-3.85
1.92,3,62.638046,17,closed,0.0,1.9199999999999997
-3.85,3,62.644051,15,closed,0.0,-3.85
2.5,3,62.650649,19,open,1.0,2.5
2.36,3,62.656539,17,open,1.0,2.36
-3.85,3,62.662635,15,closed,0.0,-3.85
2.36,3,62.668556,17,open,1.0,2.36
1.92,3,62.674924,17,closed,0.0,1.9199999999999997
1.92,3,62.681366,17,closed,0.0,1.9199999999999997
-3.85,3,62.687411,15,closed,0.0,-3.85
2.58,3,62.693259,15,open,1.0,2.58
2.36,3,62.699325,17,open,1.0,2.36
2.58,3,62.705046,15,open,1.0,2.58
-3.85,3,62.711103,15,closed,0.0,-3.85
2.46,3,62.717999,19,closed,0.0,2.46
2.54,3,62.7242,19,open,1.0,2.54
-3.85,3,62.730333,15,closed,0.0,-3.85
2.46,3,62.737332,19,closed,0.0,2.46
2.58,3,62.743087,15,open,1.0,2.58
2.54,3,62.749268,19,open,1.0,2.54
1.92,3,62.755659,17,closed,0.0,1.9199999999999997
2.46,3,62.762633,19,closed,0.0,2.46
2.54,3,62.768766,19,open,1.0,2.54
2.46,3,62.775621,19,closed,0.0,2.46
2.54,3,62.781798,19,open,1.0,2.54
1.92,3,62.788189,17,closed,0.0,1.9199999999999997
-3.85,3,62.794239,15,closed,0.0,-3.85
2.36,3,62.800233,17,open,1.0,2.36
2.46,3,62.807118,19,closed,0.0,2.46
-3.85,3,62.813298,15,closed,0.0,-3.85
1.92,3,62.819703,17,closed,0.0,1.9199999999999997
2.54,3,62.825825,19,open,1.0,2.54
2.46,3,62.83273,19,closed,0.0,2.46
2.5,3,62.839212,19,open,1.0,2.5
2.54,3,62.845391,19,open,1.0,2.54
2.46,3,62.852325,19,closed,0.0,2.46
2.58,3,62.858038,15,open,1.0,2.58
2.46,3,62.865068,19,closed,0.0,2.46
1.92,3,62.871443,17,closed,0.0,1.9199999999999997
2.58,3,62.877157,15,open,1.0,2.58
2.36,3,62.883173,17,open,1.0,2.36
2.58,3,62.888901,15,open,1.0,2.58
1.92,3,62.895254,17,closed,0.0,1.9199999999999997
-3.85,3,62.901287,15,closed,0.0,-3.85
2.46,3,62.908206,19,closed,0.0,2.46
2.36,3,62.914266,17,open,1.0,2.36
2.5,3,62.92076,19,open,1.0,2.5
1.92,3,62.927146,17,closed,0.0,1.9199999999999997
2.36,3,62.933167,17,open,1.0,2.36
-3.85,3,62.939154,15,closed,0.0,-3.85
-3.85,3,62.945177,15,closed,0.0,-3.85
2.54,3,62.951412,19,open,1.0,2.54
2.58,3,62.957122,15,open,1.0,2.58
2.58,3,62.962932,15,open,1.0,2.58
-3.85,3,62.969018,15,closed,0.0,-3.85
2.46,3,62.97594,19,closed,0.0,2.46
2.46,3,62.982788,19,closed,0.0,2.46
2.46,3,62.989713,19,closed,0.0,2.46
-3.85,3,62.995766,15,closed,0.0,-3.85
2.32,3,63.002073,19,open,1.0,2.32
-3.85,3,63.008115,15,closed,0.0,-3.85
2.46,3,63.015103,19,closed,0.0,2.46
-3.85,3,63.021153,15,closed,0.0,-3.85
1.92,3,63.027502,17,closed,0.0,1.9199999999999997
2.58,3,63.033373,15,open,1.0,2.58
2.36,3,63.039326,17,open,1.0,2.36
-3.45,3,63.0455,15,closed,0.0,-3.4499999999999997
2.54,3,63.051767,19,open,1.0,2.54
1.92,3,63.058167,17,closed,0.0,1.9199999999999997
2.36,3,63.064217,17,open,1.0,2.36
2.58,3,63.06995,15,open,1.0,2.58
2.46,3,63.076866,19,closed,0.0,2.46
2.36,3,63.082851,17,open,1.0,2.36
1.92,3,63.089207,17,closed,0.0,1.9199999999999997
-3.85,3,63.095356,15,closed,0.0,-3.85
2.58,3,63.101111,15,open,1.0,2.58
-0.15,3,63.108148,19,closed,0.0,-0.15000000000000036
2.46,3,63.11508,19,closed,0.0,2.46
2.14,3,63.121171,17,open,1.0,2.1399999999999997
2.58,3,63.126911,15,open,1.0,2.58
2.46,3,63.133933,19,closed,0.0,2.46
2.46,3,63.140852,19,closed,0.0,2.46
2.46,3,63.147824,19,closed,0.0,2.46
2.46,3,63.154801,19,closed,0.0,2.46
2.58,3,63.160527,15,open,1.0,2.58
2.54,3,63.166739,19,open,1.0,2.54
2.46,3,63.173614,19,closed,0.0,2.46
2.58,3,63.179358,15,open,1.0,2.58
2.5,3,63.18578,19,open,1.0,2.5
2.54,3,63.191874,19,open,1.0,2.54
2.46,3,63.198872,19,closed,0.0,2.46
1.92,3,63.205276,17,closed,0.0,1.9199999999999997
2.28,3,63.212044,19,closed,0.0,2.28
2.36,3,63.218046,17,open,1.0,2.36
2.54,3,63.224246,19,open,1.0,2.54
2.54,3,63.230457,19,open,1.0,2.54
2.46,3,63.237352,19,closed,0.0,2.46
2.5,3,63.243841,19,open,1.0,2.5
2.54,3,63.250039,19,open,1.0,2.54
2.58,3,63.255778,15,open,1.0,2.58
2.5,3,63.262417,19,open,1.0,2.5
-3.85,3,63.268448,15,closed,0.0,-3.85
-3.85,3,63.274472,15,closed,0.0,-3.85
-3.85,3,63.280616,15,closed,0.0,-3.85
-3.85,3,63.28667,15,closed,0.0,-3.85
2.46,3,63.293535,19,closed,0.0,2.46
2.46,3,63.300493,19,closed,0.0,2.46
1.92,3,63.306852,17,closed,0.0,1.9199999999999997
1.92,3,63.313177,17,closed,0.0,1.9199999999999997
2.54,3,63.319249,19,open,1.0,2.54
-3.85,3,63.325229,15,closed,0.0,-3.85
2.36,3,63.331115,17,open,1.0,2.36
2.54,3,63.337234,19,open,1.0,2.54
2.5,3,63.343729,19,open,1.0,2.5
2.58,3,63.349579,15,open,1.0,2.58
2.36,3,63.355521,17,open,1.0,2.36
2.46,3,63.362378,19,closed,0.0,2.46
2.58,3,63.368103,15,open,1.0,2.58
2.54,3,63.374122,19,open,1.0,2.54
2.58,3,63.37993,15,open,1.0,2.58
2.36,3,63.38589,17,open,1.0,2.36
2.36,3,63.391812,17,open,1.0,2.36
2.36,3,63.397797,17,open,1.0,2.36
2.36,3,63.403755,17,open,1.0,2.36
-3.85,3,63.409772,15,closed,0.0,-3.85
2.46,3,63.416781,19,closed,0.0,2.46
2.54,3,63.422997,19,open,1.0,2.54
-3.85,3,63.429125,15,closed,0.0,-3.85
2.58,3,63.434959,15,open,1.0,2.58
2.46,3,63.441868,19,closed,0.0,2.46
2.36,3,63.447912,17,open,1.0,2.36
1.92,3,63.45421,17,closed,0.0,1.9199999999999997
2.58,3,63.459914,15,open,1.0,2.58
2.36,3,63.465932,17,open,1.0,2.36
1.92,3,63.472232,17,closed,0.0,1.9199999999999997
2.58,3,63.478088,15,open,1.0,2.58
2.58,3,63.4838,15,open,1.0,2.58
-4.05,3,63.489878,15,closed,0.0,-4.050000000000001
1.92,3,63.496257,17,closed,0.0,1.9199999999999997
2.58,3,63.501984,15,open,1.0,2.58
2.5,3,63.50845,19,open,1.0,2.5
2.58,3,63.514148,15,open,1.0,2.58
2.46,3,63.521017,19,closed,0.0,2.46
2.58,3,63.526751,15,open,1.0,2.58
2.58,3,63.532578,15,open,1.0,2.58
2.46,3,63.539496,19,closed,0.0,2.46
2.46,3,63.546499,19,closed,0.0,2.46
2.58,3,63.552249,15,open,1.0,2.58
1.92,3,63.558587,17,closed,0.0,1.9199999999999997
1.92,3,63.564971,17,closed,0.0,1.9199999999999997
2.5,3,63.571496,19,open,1.0,2.5
2.58,3,63.577248,15,open,1.0,2.58
2.36,3,63.583233,17,open,1.0,2.36
2.46,3,63.590107,19,closed,0.0,2.46
2.46,3,63.597158,19,closed,0.0,2.46
2.36,3,63.603229,17,open,1.0,2.36
1.92,3,63.609578,17,closed,0.0,1.9199999999999997
2.54,3,63.61579,19,open,1.0,2.54
2.54,3,63.621937,19,open,1.0,2.54
2.58,3,63.627779,15,open,1.0,2.58
-3.85,3,63.633815,15,closed,0.0,-3.85
1.92,3,63.64014,17,closed,0.0,1.9199999999999997
2.5,3,63.646614,19,open,1.0,2.5
2.46,3,63.653504,19,closed,0.0,2.46
2.46,3,63.660389,19,closed,0.0,2.46
2.46,3,63.667368,19,closed,0.0,2.46
1.92,3,63.673723,17,closed,0.0,1.9199999999999997
2.36,3,63.679769,17,open,1.0,2.36
2.58,3,63.68554,15,open,1.0,2.58
2.36,3,63.691458,17,open,1.0,2.36
2.58,3,63.697277,15,open,1.0,2.58
2.46,3,63.704215,19,closed,0.0,2.46
2.36,3,63.710165,17,open,1.0,2.36
2.36,3,63.716094,17,open,1.0,2.36
1.92,3,63.72248,17,closed,0.0,1.9199999999999997
2.58,3,63.728341,15,open,1.0,2.58
-3.85,3,63.734382,15,closed,0.0,-3.85
2.54,3,63.740484,19,open,1.0,2.54
2.58,3,63.746287,15,open,1.0,2.58
2.5,3,63.752804,19,open,1.0,2.5
2.54,3,63.758938,19,open,1.0,2.54
2.54,3,63.765095,19,open,1.0,2.54
2.54,3,63.771233,19,open,1.0,2.54
2.46,3,63.778217,19,closed,0.0,2.46
-3.85,3,63.78427,15,closed,0.0,-3.85
-3.85,3,63.790259,15,closed,0.0,-3.85
1.92,3,63.796665,17,closed,0.0,1.9199999999999997
-4.25,3,63.802701,15,closed,0.0,-4.25
-3.85,3,63.808735,15,closed,0.0,-3.85
2.58,3,63.814404,15,open,1.0,2.58
2.46,3,63.821256,19,closed,0.0,2.46
2.58,3,63.826982,15,open,1.0,2.58
2.36,3,63.832996,17,open,1.0,2.36
1.92,3,63.839259,17,closed,0.0,1.9199999999999997
-3.85,3,63.845396,15,closed,0.0,-3.85
2.36,3,63.851302,17,open,1.0,2.36
1.92,3,63.85762,17,closed,0.0,1.9199999999999997
-3.85,3,63.863742,15,closed,0.0,-3.85
2.46,3,63.870663,19,closed,0.0,2.46
2.46,3,63.877525,19,closed,0.0,2.46
2.46,3,63.884486,19,closed,0.0,2.46
1.92,3,63.890813,17,closed,0.0,1.9199999999999997
2.46,3,63.897718,19,closed,0.0,2.46
2.46,3,63.904562,19,closed,0.0,2.46
2.58,3,63.910259,15,open,1.0,2.58
-3.85,3,63.916377,15,closed,0.0,-3.85
2.46,3,63.923232,19,closed,0.0,2.46
2.36,3,63.929304,17,open,1.0,2.36
2.58,3,63.935066,15,open,1.0,2.58
1.92,3,63.941386,17,closed,0.0,1.9199999999999997
2.54,3,63.947616,19,open,1.0,2.54
1.92,3,63.953928,17,closed,0.0,1.9199999999999997
2.36,3,63.95987,17,open,1.0,2.36
2.46,3,63.966785,19,closed,0.0,2.46
1.92,3,63.973134,17,closed,0.0,1.9199999999999997
-3.85,3,63.979172,15,closed,0.0,-3.85
2.36,3,63.985207,17,open,1.0,2.36
-3.85,3,63.991318,15,closed,0.0,-3.85
1.92,3,63.997719,17,closed,0.0,1.9199999999999997
1.92,3,64.004026,17,closed,0.0,1.9199999999999997
2.54,3,64.010113,19,open,1.0,2.54
-3.45,3,64.016225,15,closed,0.0,-3.4499999999999997
2.58,3,64.021893,15,open,1.0,2.58
2.46,3,64.028795,19,closed,0.0,2.46
2.58,3,64.034648,15,open,1.0,2.58
-3.85,3,64.040677,15,closed,0.0,-3.85
-3.85,3,64.046827,15,closed,0.0,-3.85
2.36,3,64.052834,17,open,1.0,2.36
-3.85,3,64.058842,15,closed,0.0,-3.85
1.92,3,64.065305,17,closed,0.0,1.9199999999999997
2.58,3,64.071025,15,open,1.0,2.58
1.92,3,64.077404,17,closed,0.0,1.9199999999999997
2.58,3,64.083213,15,open,1.0,2.58
2.58,3,64.088946,15,open,1.0,2.58
2.46,3,64.095928,19,closed,0.0,2.46
2.36,3,64.101875,17,open,1.0,2.36
2.36,3,64.107832,17,open,1.0,2.36
2.36,3,64.113843,17,open,1.0,2.36
1.92,3,64.120218,17,closed,0.0,1.9199999999999997
2.14,3,64.126342,17,open,1.0,2.1399999999999997
-3.85,3,64.132434,15,closed,0.0,-3.85
2.58,3,64.138152,15,open,1.0,2.58
2.36,3,64.144014,17,open,1.0,2.36
2.5,3,64.150552,19,open,1.0,2.5
-3.85,3,64.156604,15,closed,0.0,-3.85
2.54,3,64.162799,19,open,1.0,2.54
2.58,3,64.168583,15,open,1.0,2.58
2.46,3,64.175464,19,closed,0.0,2.46
2.36,3,64.181358,17,open,1.0,2.36
-3.85,3,64.187336,15,closed,0.0,-3.85
2.46,3,64.194207,19,closed,0.0,2.46
1.92,3,64.200654,17,closed,0.0,1.9199999999999997
2.36,3,64.206532,17,open,1.0,2.36
2.58,3,64.212359,15,open,1.0,2.58
1.92,3,64.218716,17,closed,0.0,1.9199999999999997
2.46,3,64.225661,19,closed,0.0,2.46
-3.85,3,64.231819,15,closed,0.0,-3.85
2.58,3,64.237545,15,open,1.0,2.58
2.58,3,64.243289,15,open,1.0,2.58
2.36,3,64.249198,17,open,1.0,2.36
2.58,3,64.254928,15,open,1.0,2.58
2.58,3,64.260625,15,open,1.0,2.58
2.36,3,64.266636,17,open,1.0,2.36
2.46,3,64.273518,19,closed,0.0,2.46
2.36,3,64.279577,17,open,1.0,2.36
2.36,3,64.285524,17,open,1.0,2.36
2.58,3,64.291229,15,open,1.0,2.58
2.58,3,64.297036,15,open,1.0,2.58
2.46,3,64.303939,19,closed,0.0,2.46
-3.85,3,64.309989,15,closed,0.0,-3.85
2.36,3,64.316002,17,open,1.0,2.36
2.54,3,64.322087,19,open,1.0,2.54
2.58,3,64.327935,15,open,1.0,2.58
2.58,3,64.333661,15,open,1.0,2.58
1.92,3,64.340018,17,closed,0.0,1.9199999999999997
1.92,3,64.346419,17,closed,0.0,1.9199999999999997
2.5,3,64.353089,19,open,1.0,2.5
2.54,3,64.359221,19,open,1.0,2.54
1.92,3,64.365609,17,closed,0.0,1.9199999999999997
1.92,3,64.371938,17,closed,0.0,1.9199999999999997
2.46,3,64.378882,19,closed,0.0,2.46
1.92,3,64.385339,17,closed,0.0,1.9199999999999997
1.92,3,64.391661,17,closed,0.0,1.9199999999999997
2.36,3,64.397702,17,open,1.0,2.36
2.54,3,64.403818,19,open,1.0,2.54
1.92,3,64.410236,17,closed,0.0,1.9199999999999997
2.58,3,64.416099,15,open,1.0,2.58
2.36,3,64.421957,17,open,1.0,2.36
1.92,3,64.428263,17,closed,0.0,1.9199999999999997
1.92,3,64.434756,17,closed,0.0,1.9199999999999997
2.58,3,64.440628,15,open,1.0,2.58
1.92,3,64.447104,17,closed,0.0,1.9199999999999997
2.46,3,64.454047,19,closed,0.0,2.46
-3.85,3,64.460109,15,closed,0.0,-3.85
1.92,3,64.46648,17,closed,0.0,1.9199999999999997
-3.85,3,64.47253,15,closed,0.0,-3.85
2.58,3,64.478257,15,open,1.0,2.58
2.46,3,64.485126,19,closed,0.0,2.46
2.5,3,64.491612,19,open,1.0,2.5
2.46,3,64.498598,19,closed,0.0,2.46
2.46,3,64.505516,19,closed,0.0,2.46
2.54,3,64.511651,19,open,1.0,2.54
1.92,3,64.518116,17,closed,0.0,1.9199999999999997
-3.85,3,64.524122,15,closed,0.0,-3.85
2.58,3,64.529986,15,open,1.0,2.58
2.46,3,64.536865,19,closed,0.0,2.46
2.58,3,64.542597,15,open,1.0,2.58
2.54,3,64.548719,19,open,1.0,2.54
-3.85,3,64.554769,15,closed,0.0,-3.85
2.54,3,64.56083,19,open,1.0,2.54
-3.85,3,64.566968,15,closed,0.0,-3.85
2.5,3,64.573498,19,open,1.0,2.5
1.92,3,64.579934,17,closed,0.0,1.9199999999999997
2.14,3,64.586057,17,open,1.0,2.1399999999999997
-3.85,3,64.592127,15,closed,0.0,-3.85
2.36,3,64.598122,17,open,1.0,2.36
2.5,3,64.604628,19,open,1.0,2.5
2.58,3,64.610378,15,open,1.0,2.58
2.36,3,64.616244,17,open,1.0,2.36
2.36,3,64.622132,17,open,1.0,2.36
2.58,3,64.62797,15,open,1.0,2.58
2.58,3,64.633713,15,open,1.0,2.58
2.32,3,64.639951,19,open,1.0,2.32
-3.85,3,64.646104,15,closed,0.0,-3.85
1.92,3,64.652447,17,closed,0.0,1.9199999999999997
2.36,3,64.658347,17,open,1.0,2.36
2.54,3,64.664495,19,open,1.0,2.54
1.92,3,64.670832,17,closed,0.0,1.9199999999999997
2.54,3,64.676988,19,open,1.0,2.54
2.36,3,64.682947,17,open,1.0,2.36
1.92,3,64.689271,17,closed,0.0,1.9199999999999997
2.5,3,64.695807,19,open,1.0,2.5
2.36,3,64.701708,17,open,1.0,2.36
2.5,3,64.708245,19,open,1.0,2.5
2.46,3,64.715219,19,closed,0.0,2.46
2.58,3,64.720988,15,open,1.0,2.58
-3.85,3,64.727031,15,closed,0.0,-3.85
1.92,3,64.733436,17,closed,0.0,1.9199999999999997
2.36,3,64.814686,17,open,1.0,2.36
1.92,3,64.821278,17,closed,0.0,1.9199999999999997
1.92,3,64.827732,17,closed,0.0,1.9199999999999997
2.58,3,64.833513,15,open,1.0,2.58
2.36,3,64.839505,17,open,1.0,2.36
2.36,3,64.845503,17,open,1.0,2.36
2.36,3,64.851416,17,open,1.0,2.36
2.46,3,64.858329,19,closed,0.0,2.46
-3.85,3,64.864506,15,closed,0.0,-3.85
2.14,3,64.870635,17,open,1.0,2.1399999999999997
2.36,3,64.876543,17,open,1.0,2.36
1.92,3,64.883039,17,closed,0.0,1.9199999999999997
2.54,3,64.889126,19,open,1.0,2.54
-3.85,3,64.895279,15,closed,0.0,-3.85
2.54,3,64.901417,19,open,1.0,2.54
2.46,3,64.908344,19,closed,0.0,2.46
2.54,3,64.914531,19,open,1.0,2.54
2.36,3,64.920496,17,open,1.0,2.36
2.36,3,64.92646,17,open,1.0,2.36
1.92,3,64.932885,17,closed,0.0,1.9199999999999997
1.92,3,64.939242,17,closed,0.0,1.9199999999999997
2.58,3,64.944991,15,open,1.0,2.58
2.36,3,64.951039,17,open,1.0,2.36
-3.85,3,64.957066,15,closed,0.0,-3.85
2.58,3,64.962834,15,open,1.0,2.58
1.92,3,64.969189,17,closed,0.0,1.9199999999999997
2.36,3,64.975094,17,open,1.0,2.36
1.92,3,64.981539,17,closed,0.0,1.9199999999999997
1.92,3,64.987907,17,closed,0.0,1.9199999999999997
2.46,3,64.994792,19,closed,0.0,2.46
1.92,3,65.001284,17,closed,0.0,1.9199999999999997
-3.85,3,65.007323,15,closed,0.0,-3.85
2.46,3,65.014326,19,closed,0.0,2.46
1.92,3,65.020676,17,closed,0.0,1.9199999999999997
2.58,3,65.026419,15,open,1.0,2.58
2.36,3,65.032382,17,open,1.0,2.36
2.46,3,65.039288,19,closed,0.0,2.46
-3.85,3,65.045411,15,closed,0.0,-3.85
2.58,3,65.051201,15,open,1.0,2.58
-3.85,3,65.0572,15,closed,0.0,-3.85
1.92,3,65.063647,17,closed,0.0,1.9199999999999997
2.46,3,65.070633,19,closed,0.0,2.46
2.46,3,65.077598,19,closed,0.0,2.46
2.58,3,65.083365,15,open,1.0,2.58
2.58,3,65.089086,15,open,1.0,2.58
1.92,3,65.095484,17,closed,0.0,1.9199999999999997
-4.25,3,65.101544,15,closed,0.0,-4.25
-3.85,3,65.107554,15,closed,0.0,-3.85
2.5,3,65.11415,19,open,1.0,2.5
2.58,3,65.119839,15,open,1.0,2.58
2.54,3,65.125975,19,open,1.0,2.54
2.58,3,65.131844,15,open,1.0,2.58
1.92,3,65.138179,17,closed,0.0,1.9199999999999997
2.36,3,65.144148,17,open,1.0,2.36
2.58,3,65.149825,15,open,1.0,2.58
2.54,3,65.155928,19,open,1.0,2.54
-3.85,3,65.161923,15,closed,0.0,-3.85
2.58,3,65.167769,15,open,1.0,2.58
2.46,3,65.174646,19,closed,0.0,2.46
2.54,3,65.180827,19,open,1.0,2.54
2.36,3,65.186736,17,open,1.0,2.36
2.36,3,65.192665,17,open,1.0,2.36
-3.85,3,65.198752,15,closed,0.0,-3.85
-3.85,3,65.20481,15,closed,0.0,-3.85
2.36,3,65.210694,17,open,1.0,2.36
2.58,3,65.216537,15,open,1.0,2.58
1.92,3,65.222862,17,closed,0.0,1.9199999999999997
-3.85,3,65.228981,15,closed,0.0,-3.85
1.92,3,65.235357,17,closed,0.0,1.9199999999999997
2.54,3,65.241461,19,open,1.0,2.54
2.36,3,65.247479,17,open,1.0,2.36
2.46,3,65.254339,19,closed,0.0,2.46
2.46,3,65.26132,19,closed,0.0,2.46
2.58,3,65.267085,15,open,1.0,2.58
2.54,3,65.273187,19,open,1.0,2.54
1.92,3,65.279694,17,closed,0.0,1.9199999999999997
2.58,3,65.285428,15,open,1.0,2.58
2.46,3,65.292319,19,closed,0.0,2.46
2.46,3,65.299286,19,closed,0.0,2.46
-3.85,3,65.305373,15,closed,0.0,-3.85
2.54,3,65.311576,19,open,1.0,2.54
2.58,3,65.317394,15,open,1.0,2.58
-3.85,3,65.32345,15,closed,0.0,-3.85
1.92,3,65.329827,17,closed,0.0,1.9199999999999997
-3.85,3,65.335877,15,closed,0.0,-3.85
2.58,3,65.341624,15,open,1.0,2.58
1.92,3,65.348083,17,closed,0.0,1.9199999999999997
2.58,3,65.353809,15,open,1.0,2.58
2.54,3,65.359892,19,open,1.0,2.54
2.54,3,65.366065,19,open,1.0,2.54
2.46,3,65.37298,19,closed,0.0,2.46
-3.85,3,65.379112,15,closed,0.0,-3.85
2.46,3,65.386134,19,closed,0.0,2.46
1.92,3,65.392609,17,closed,0.0,1.9199999999999997
-3.85,3,65.398772,15,closed,0.0,-3.85
2.46,3,65.405867,19,closed,0.0,2.46
2.58,3,65.41171,15,open,1.0,2.58
2.5,3,65.418233,19,open,1.0,2.5
2.46,3,65.425124,19,closed,0.0,2.46
2.36,3,65.431123,17,open,1.0,2.36
2.46,3,65.438061,19,closed,0.0,2.46
2.54,3,65.444176,19,open,1.0,2.54
-3.85,3,65.45028,15,closed,0.0,-3.85
1.92,3,65.456631,17,closed,0.0,1.9199999999999997
1.92,3,65.46306,17,closed,0.0,1.9199999999999997
1.92,3,65.469449,17,closed,0.0,1.9199999999999997
2.46,3,65.476342,19,closed,0.0,2.46
-3.85,3,65.482501,15,closed,0.0,-3.85
1.92,3,65.48884,17,closed,0.0,1.9199999999999997
2.36,3,65.494849,17,open,1.0,2.36
-3.85,3,65.500857,15,closed,0.0,-3.85
2.46,3,65.507757,19,closed,0.0,2.46
-3.85,3,65.513783,15,closed,0.0,-3.85
2.58,3,65.519487,15,open,1.0,2.58
2.46,3,65.526331,19,closed,0.0,2.46
2.58,3,65.53219,15,open,1.0,2.58
1.92,3,65.53851,17,closed,0.0,1.9199999999999997
2.5,3,65.544987,19,open,1.0,2.5
2.46,3,65.552042,19,closed,0.0,2.46
2.46,3,65.558982,19,closed,0.0,2.46
2.58,3,65.564805,15,open,1.0,2.58
2.46,3,65.571701,19,closed,0.0,2.46
2.36,3,65.577622,17,open,1.0,2.36
1.92,3,65.584093,17,closed,0.0,1.9199999999999997
2.5,3,65.590612,19,open,1.0,2.5
2.58,3,65.5964,15,open,1.0,2.58
2.58,3,65.602252,15,open,1.0,2.58
2.36,3,65.608224,17,open,1.0,2.36
2.46,3,65.615274,19,closed,0.0,2.46
-4.05,3,65.621488,15,closed,0.0,-4.050000000000001
2.58,3,65.627243,15,open,1.0,2.58
2.46,3,65.63424,19,closed,0.0,2.46
1.92,3,65.640607,17,closed,0.0,1.9199999999999997
2.58,3,65.646383,15,open,1.0,2.58
1.92,3,65.652762,17,closed,0.0,1.9199999999999997
-3.85,3,65.658892,15,closed,0.0,-3.85
2.54,3,65.664963,19,open,1.0,2.54
1.92,3,65.671264,17,closed,0.0,1.9199999999999997
-3.85,3,65.677263,15,closed,0.0,-3.85
-3.85,3,65.683375,15,closed,0.0,-3.85
1.92,3,65.689677,17,closed,0.0,1.9199999999999997
2.54,3,65.695823,19,open,1.0,2.54
1.92,3,65.702157,17,closed,0.0,1.9199999999999997
2.58,3,65.707867,15,open,1.0,2.58
2.54,3,65.71405,19,open,1.0,2.54
2.5,3,65.720552,19,open,1.0,2.5
2.58,3,65.726302,15,open,1.0,2.58
2.58,3,65.731983,15,open,1.0,2.58
-3.85,3,65.737995,15,closed,0.0,-3.85
2.36,3,65.743912,17,open,1.0,2.36
2.36,3,65.749937,17,open,1.0,2.36
2.46,3,65.756873,19,closed,0.0,2.46
2.58,3,65.762654,15,open,1.0,2.58
2.36,3,65.768502,17,open,1.0,2.36
2.36,3,65.77441,17,open,1.0,2.36
-3.85,3,65.780486,15,closed,0.0,-3.85
2.58,3,65.786212,15,open,1.0,2.58
-3.85,3,65.792233,15,closed,0.0,-3.85
-3.85,3,65.798414,15,closed,0.0,-3.85
2.5,3,65.804887,19,open,1.0,2.5
2.54,3,65.810992,19,open,1.0,2.54
2.36,3,65.816984,17,open,1.0,2.36
1.92,3,65.823329,17,closed,0.0,1.9199999999999997
-3.85,3,65.829443,15,closed,0.0,-3.85
2.58,3,65.835145,15,open,1.0,2.58
2.58,3,65.840843,15,open,1.0,2.58
2.58,3,65.846701,15,open,1.0,2.58
2.5,3,65.853229,19,open,1.0,2.5
2.46,3,65.860114,19,closed,0.0,2.46
1.92,3,65.866439,17,closed,0.0,1.9199999999999997
2.58,3,65.872153,15,open,1.0,2.58
2.36,3,65.87815,17,open,1.0,2.36
2.5,3,65.884791,19,open,1.0,2.5
2.36,3,65.890714,17,open,1.0,2.36
-3.85,3,65.89684,15,closed,0.0,-3.85
2.36,3,65.902808,17,open,1.0,2.36
-3.85,3,65.908875,15,closed,0.0,-3.85
2.58,3,65.914597,15,open,1.0,2.58
2.36,3,65.920488,17,open,1.0,2.36
2.58,3,65.926216,15,open,1.0,2.58
1.92,3,65.932644,17,closed,0.0,1.9199999999999997
1.92,3,65.938994,17,closed,0.0,1.9199999999999997
2.46,3,65.945876,19,closed,0.0,2.46
-3.85,3,65.951878,15,closed,0.0,-3.85
2.58,3,65.957525,15,open,1.0,2.58
2.58,3,65.963355,15,open,1.0,2.58
2.14,3,65.96945,17,open,1.0,2.1399999999999997
2.36,3,65.975347,17,open,1.0,2.36
2.58,3,65.981146,15,open,1.0,2.58
-3.85,3,65.987181,15,closed,0.0,-3.85
2.58,3,65.992893,15,open,1.0,2.58
1.92,3,65.999387,17,closed,0.0,1.9199999999999997
-0.39,3,66.00587,17,closed,0.0,-0.39000000000000035
2.36,3,66.011982,17,open,1.0,2.36
2.46,3,66.018848,19,closed,0.0,2.46
2.58,3,66.024613,15,open,1.0,2.58
1.92,3,66.031039,17,closed,0.0,1.9199999999999997
2.46,3,66.037932,19,closed,0.0,2.46
1.92,3,66.044276,17,closed,0.0,1.9199999999999997
2.46,3,66.051265,19,closed,0.0,2.46
1.92,3,66.057567,17,closed,0.0,1.9199999999999997
2.54,3,66.063765,19,open,1.0,2.54
2.58,3,66.069493,15,open,1.0,2.58
2.58,3,66.07524,15,open,1.0,2.58
2.46,3,66.082213,19,closed,0.0,2.46
2.54,3,66.088399,19,open,1.0,2.54
2.36,3,66.094294,17,open,1.0,2.36
2.46,3,66.101318,19,closed,0.0,2.46
-3.85,3,66.107339,15,closed,0.0,-3.85
-3.85,3,66.113478,15,closed,0.0,-3.85
2.58,3,66.119214,15,open,1.0,2.58
2.58,3,66.12496,15,open,1.0,2.58
-3.85,3,66.131075,15,closed,0.0,-3.85
1.92,3,66.137416,17,closed,0.0,1.9199999999999997
2.5,3,66.14391,19,open,1.0,2.5
2.5,3,66.150511,19,open,1.0,2.5
2.46,3,66.157399,19,closed,0.0,2.46
2.14,3,66.16366,17,open,1.0,2.1399999999999997
2.54,3,66.169757,19,open,1.0,2.54
2.36,3,66.175693,17,open,1.0,2.36
-4.65,3,66.181837,15,closed,0.0,-4.65
2.58,3,66.187611,17,open,1.0,2.58
-3.85,3,66.193639,15,closed,0.0,-3.85
-3.85,3,66.199779,15,closed,0.0,-3.85
2.36,3,66.205685,17,open,1.0,2.36
2.54,3,66.211872,19,open,1.0,2.54
2.58,3,66.217676,15,open,1.0,2.58
2.36,3,66.223542,17,open,1.0,2.36
2.46,3,66.230449,19,closed,0.0,2.46
2.5,3,66.236855,19,open,1.0,2.5
2.36,3,66.24276,17,open,1.0,2.36
-3.85,3,66.24884,15,closed,0.0,-3.85
1.92,3,66.25516,17,closed,0.0,1.9199999999999997
2.36,3,66.261077,17,open,1.0,2.36
-0.39,3,66.2676,17,closed,0.0,-0.39000000000000035
1.92,3,66.27397,17,closed,0.0,1.9199999999999997
2.46,3,66.280965,19,closed,0.0,2.46
2.54,3,66.287107,19,open,1.0,2.54
2.46,3,66.294048,19,closed,0.0,2.46
2.58,3,66.299852,15,open,1.0,2.58
-3.85,3,66.305875,15,closed,0.0,-3.85
2.46,3,66.312943,19,closed,0.0,2.46
2.14,3,66.319094,17,open,1.0,2.1399999999999997
2.36,3,66.325027,17,open,1.0,2.36
2.46,3,66.332007,19,closed,0.0,2.46
1.92,3,66.338358,17,closed,0.0,1.9199999999999997
2.36,3,66.344277,17,open,1.0,2.36
2.5,3,66.350887,19,open,1.0,2.5
2.58,3,66.356614,15,open,1.0,2.58
2.58,3,66.362367,15,open,1.0,2.58
2.58,3,66.368278,15,open,1.0,2.58
2.54,3,66.374401,19,open,1.0,2.54
2.36,3,66.380291,17,open,1.0,2.36
-3.85,3,66.386316,15,closed,0.0,-3.85
2.46,3,66.393429,19,closed,0.0,2.46
2.58,3,66.399124,15,open,1.0,2.58
2.58,3,66.405028,15,open,1.0,2.58
2.58,3,66.410798,15,open,1.0,2.58
2.54,3,66.417083,19,open,1.0,2.54
1.92,3,66.423436,17,closed,0.0,1.9199999999999997
2.58,3,66.429209,15,open,1.0,2.58
1.92,3,66.43549,17,closed,0.0,1.9199999999999997
2.58,3,66.441214,15,open,1.0,2.58
1.92,3,66.447607,17,closed,0.0,1.9199999999999997
2.58,3,66.453337,15,open,1.0,2.58
-3.85,3,66.459358,15,closed,0.0,-3.85
1.92,3,66.465713,17,closed,0.0,1.9199999999999997
2.46,3,66.4726,19,closed,0.0,2.46
1.92,3,66.479048,17,closed,0.0,1.9199999999999997
2.36,3,66.48501,17,open,1.0,2.36
1.92,3,66.491355,17,closed,0.0,1.9199999999999997
2.5,3,66.497903,19,open,1.0,2.5
2.32,3,66.50416,19,open,1.0,2.32
2.58,3,66.509895,15,open,1.0,2.58
2.54,3,66.515991,19,open,1.0,2.54
2.58,3,66.521701,15,open,1.0,2.58
2.58,3,66.527455,15,open,1.0,2.58
2.54,3,66.533502,19,open,1.0,2.54
2.36,3,66.539399,17,open,1.0,2.36
2.5,3,66.545871,19,open,1.0,2.5
2.54,3,66.552115,19,open,1.0,2.54
2.54,3,66.558221,19,open,1.0,2.54
2.54,3,66.564448,19,open,1.0,2.54
2.54,3,66.570547,19,open,1.0,2.54
2.46,3,66.577416,19,open,1.0,2.46
-3.85,3,66.583567,15,closed,0.0,-3.85
1.92,3,66.589858,17,closed,0.0,1.9199999999999997
2.54,3,66.596152,19,open,1.0,2.54
2.46,3,66.603065,19,closed,0.0,2.46
2.36,3,66.608978,17,open,1.0,2.36
2.54,3,66.615196,19,open,1.0,2.54
2.28,3,66.621905,19,closed,0.0,2.28
2.14,3,66.628179,17,open,1.0,2.1399999999999997
2.54,3,66.634304,19,open,1.0,2.54
-3.85,3,66.64045,15,closed,0.0,-3.85
1.92,3,66.646816,17,closed,0.0,1.9199999999999997
1.92,3,66.653136,17,closed,0.0,1.9199999999999997
2.36,3,66.659055,17,open,1.0,2.36
1.92,3,66.665484,17,closed,0.0,1.9199999999999997
2.36,3,66.671437,17,open,1.0,2.36
2.46,3,66.678339,19,closed,0.0,2.46
2.36,3,66.684303,17,open,1.0,2.36
-3.85,3,66.690272,15,closed,0.0,-3.85
1.92,3,66.696704,17,closed,0.0,1.9199999999999997
2.58,3,66.70243,15,open,1.0,2.58
2.58,3,66.708174,15,open,1.0,2.58
1.92,3,66.714652,17,closed,0.0,1.9199999999999997
2.36,3,66.720572,17,open,1.0,2.36
2.36,3,66.726492,17,open,1.0,2.36
-3.85,3,66.732608,15,closed,0.0,-3.85
2.36,3,66.73851,17,open,1.0,2.36
2.36,3,66.744446,17,open,1.0,2.36
2.54,3,66.750553,19,open,1.0,2.54
-3.85,3,66.756585,15,closed,0.0,-3.85
2.58,3,66.76253,15,open,1.0,2.58
1.92,3,66.768888,17,closed,0.0,1.9199999999999997
2.36,3,66.774804,17,open,1.0,2.36
2.14,3,66.781054,17,open,1.0,2.1399999999999997
2.5,3,66.787525,19,open,1.0,2.5
2.46,3,66.794441,19,closed,0.0,2.46
2.5,3,66.801069,19,open,1.0,2.5
-3.85,3,66.807099,15,closed,0.0,-3.85
2.54,3,66.813236,19,open,1.0,2.54
2.46,3,66.820124,19,closed,0.0,2.46
2.46,3,66.827097,19,closed,0.0,2.46
0.11,3,66.833629,17,closed,0.0,0.10999999999999988
2.58,3,66.839375,15,open,1.0,2.58
2.36,3,66.845365,17,open,1.0,2.36
1.92,3,66.851661,17,closed,0.0,1.9199999999999997
2.54,3,66.857803,19,open,1.0,2.54
2.58,3,66.863615,15,open,1.0,2.58
-3.85,3,66.86968,15,closed,0.0,-3.85
1.92,3,66.876,17,closed,0.0,1.9199999999999997
2.54,3,66.882253,19,open,1.0,2.54
-3.85,3,66.888294,15,closed,0.0,-3.85
2.36,3,66.894258,17,open,1.0,2.36
2.54,3,66.900516,19,open,1.0,2.54
1.92,3,66.906892,17,closed,0.0,1.9199999999999997
2.14,3,66.913098,17,open,1.0,2.1399999999999997
2.54,3,66.919212,19,open,1.0,2.54
2.58,3,66.924896,15,open,1.0,2.58
2.58,3,66.930714,15,open,1.0,2.58
1.92,3,67.01301,17,closed,0.0,1.9199999999999997
2.58,3,67.018871,15,open,1.0,2.58
2.5,3,67.025338,19,open,1.0,2.5
2.58,3,67.031207,15,open,1.0,2.58
2.58,3,67.03701,15,open,1.0,2.58
2.54,3,67.043139,19,open,1.0,2.54
2.58,3,67.04897,15,open,1.0,2.58
2.54,3,67.055058,19,open,1.0,2.54
1.92,3,67.061516,17,closed,0.0,1.9199999999999997
1.92,3,67.067921,17,closed,0.0,1.9199999999999997
-3.85,3,67.07409,15,closed,0.0,-3.85
2.46,3,67.08109,19,closed,0.0,2.46
2.36,3,67.087055,17,open,1.0,2.36
2.58,3,67.092774,15,open,1.0,2.58
2.36,3,67.098826,17,open,1.0,2.36
-4.25,3,67.104914,15,closed,0.0,-4.25
2.36,3,67.110905,17,open,1.0,2.36
2.58,3,67.116659,15,open,1.0,2.58
2.36,3,67.122561,17,open,1.0,2.36
2.28,3,67.129402,19,closed,0.0,2.28
-3.85,3,67.135473,15,closed,0.0,-3.85
2.58,3,67.141188,15,open,1.0,2.58
-3.85,3,67.147339,15,closed,0.0,-3.85
1.92,3,67.153693,17,closed,0.0,1.9199999999999997
2.46,3,67.160578,19,closed,0.0,2.46
2.36,3,67.166577,17,open,1.0,2.36
2.46,3,67.173504,19,closed,0.0,2.46
2.58,3,67.179332,15,open,1.0,2.58
2.58,3,67.185087,15,open,1.0,2.58
2.58,3,67.190833,15,open,1.0,2.58
2.54,3,67.197065,19,open,1.0,2.54
2.36,3,67.203046,17,open,1.0,2.36
2.36,3,67.209039,17,open,1.0,2.36
2.46,3,67.216053,19,closed,0.0,2.46
2.58,3,67.221837,15,open,1.0,2.58
2.46,3,67.228786,19,closed,0.0,2.46
1.92,3,67.235248,17,closed,0.0,1.9199999999999997
-4.25,3,67.241292,15,closed,0.0,-4.25
2.58,3,67.24712,15,open,1.0,2.58
2.36,3,67.253064,17,open,1.0,2.36
-3.85,3,67.259058,15,closed,0.0,-3.85
2.58,3,67.264899,15,open,1.0,2.58
1.92,3,67.271265,17,closed,0.0,1.9199999999999997
1.92,3,67.277658,17,closed,0.0,1.9199999999999997
-3.85,3,67.283711,15,closed,0.0,-3.85
2.46,3,67.290594,19,closed,0.0,2.46
-3.85,3,67.29666,15,closed,0.0,-3.85
-3.85,3,67.302723,15,closed,0.0,-3.85
2.46,3,67.309594,19,closed,0.0,2.46
2.54,3,67.315815,19,open,1.0,2.54
2.36,3,67.321788,17,open,1.0,2.36
1.92,3,67.328113,17,closed,0.0,1.9199999999999997
-3.85,3,67.334279,15,closed,0.0,-3.85
2.54,3,67.340366,19,open,1.0,2.54
2.46,3,67.347414,19,closed,0.0,2.46
2.36,3,67.353452,17,open,1.0,2.36
-3.85,3,67.359482,15,closed,0.0,-3.85
2.46,3,67.366529,19,closed,0.0,2.46
2.54,3,67.37279,19,open,1.0,2.54
2.36,3,67.378894,17,open,1.0,2.36
2.46,3,67.385795,19,closed,0.0,2.46
-3.85,3,67.391952,15,closed,0.0,-3.85
2.54,3,67.398113,19,open,1.0,2.54
1.92,3,67.40455,17,closed,0.0,1.9199999999999997
2.46,3,67.411578,19,closed,0.0,2.46
-3.85,3,67.417675,15,closed,0.0,-3.85
1.92,3,67.424,17,closed,0.0,1.9199999999999997
2.54,3,67.43025,19,open,1.0,2.54
-3.85,3,67.436353,15,closed,0.0,-3.85
1.92,3,67.442729,17,closed,0.0,1.9199999999999997
1.92,3,67.449192,17,closed,0.0,1.9199999999999997
1.92,3,67.45562,17,closed,0.0,1.9199999999999997
2.54,3,67.461808,19,open,1.0,2.54
2.36,3,67.467806,17,open,1.0,2.36
2.58,3,67.47353,15,open,1.0,2.58
2.58,3,67.479347,15,open,1.0,2.58
2.58,3,67.485179,15,open,1.0,2.58
2.58,3,67.490872,15,open,1.0,2.58
2.36,3,67.496948,17,open,1.0,2.36
2.36,3,67.502926,17,open,1.0,2.36
2.36,3,67.509029,17,open,1.0,2.36
2.58,3,67.514919,15,open,1.0,2.58
2.58,3,67.520687,15,open,1.0,2.58
1.92,3,67.527047,17,closed,0.0,1.9199999999999997
2.46,3,67.534076,19,closed,0.0,2.46
-3.85,3,67.540165,15,closed,0.0,-3.85
2.46,3,67.547232,19,closed,0.0,2.46
2.5,3,67.553812,19,open,1.0,2.5
2.58,3,67.559562,15,open,1.0,2.58
2.36,3,67.565571,17,open,1.0,2.36
2.58,3,67.571332,15,open,1.0,2.58
2.58,3,67.577061,15,open,1.0,2.58
2.46,3,67.584104,19,closed,0.0,2.46
-3.85,3,67.590093,15,closed,0.0,-3.85
1.92,3,67.596491,17,closed,0.0,1.9199999999999997
2.36,3,67.60255,17,open,1.0,2.36
1.92,3,67.608973,17,closed,0.0,1.9199999999999997
2.36,3,67.61497,17,open,1.0,2.36
2.36,3,67.620916,19,open,1.0,2.36
2.54,3,67.627023,19,open,1.0,2.54
-3.85,3,67.633188,15,closed,0.0,-3.85
2.36,3,67.639128,17,open,1.0,2.36
-3.85,3,67.645324,15,closed,0.0,-3.85
1.92,3,67.651713,17,closed,0.0,1.9199999999999997
2.54,3,67.657821,19,open,1.0,2.54
2.58,3,67.663699,15,open,1.0,2.58
2.58,3,67.669442,15,open,1.0,2.58
2.58,3,67.675324,15,open,1.0,2.58
2.46,3,67.682315,19,closed,0.0,2.46
2.54,3,67.688494,19,open,1.0,2.54
2.46,3,67.6954,19,closed,0.0,2.46
2.36,3,67.70149,17,open,1.0,2.36
2.54,3,67.707626,19,open,1.0,2.54
2.46,3,67.714654,19,closed,0.0,2.46
-3.85,3,67.720781,15,closed,0.0,-3.85
-3.85,3,67.726878,15,closed,0.0,-3.85
1.92,3,67.733344,17,closed,0.0,1.9199999999999997
-3.85,3,67.739377,15,closed,0.0,-3.85
1.92,3,67.745792,17,closed,0.0,1.9199999999999997
-3.85,3,67.751868,15,closed,0.0,-3.85
2.28,3,67.758609,19,closed,0.0,2.28
-3.85,3,67.764758,15,closed,0.0,-3.85
2.54,3,67.770888,19,open,1.0,2.54
-0.39,3,67.77736,17,closed,0.0,-0.39000000000000035
2.58,3,67.783225,15,open,1.0,2.58
2.46,3,67.790173,19,closed,0.0,2.46
-3.85,3,67.796335,15,closed,0.0,-3.85
2.58,3,67.802085,15,open,1.0,2.58
-3.85,3,67.808203,15,closed,0.0,-3.85
2.46,3,67.815174,19,closed,0.0,2.46
2.54,3,67.821285,19,open,1.0,2.54
2.58,3,67.827064,15,open,1.0,2.58
-3.85,3,67.833178,15,closed,0.0,-3.85
2.36,3,67.839116,17,open,1.0,2.36
2.46,3,67.846156,19,closed,0.0,2.46
2.58,3,67.851902,15,open,1.0,2.58
2.46,3,67.85883,19,closed,0.0,2.46
1.92,3,67.86527,17,closed,0.0,1.9199999999999997
-3.85,3,67.871349,15,closed,0.0,-3.85
2.46,3,67.878311,19,closed,0.0,2.46
-3.85,3,67.884415,15,closed,0.0,-3.85
-3.85,3,67.890479,15,closed,0.0,-3.85
1.92,3,67.896925,17,closed,0.0,1.9199999999999997
2.46,3,67.903853,19,closed,0.0,2.46
2.36,3,67.909799,17,open,1.0,2.36
-3.85,3,67.915928,15,closed,0.0,-3.85
2.58,3,67.921687,15,open,1.0,2.58
-3.85,3,67.927739,15,closed,0.0,-3.85
2.36,3,67.933817,17,open,1.0,2.36
2.36,3,67.939757,17,open,1.0,2.36
2.54,3,67.946074,19,open,1.0,2.54
2.46,3,67.953024,19,closed,0.0,2.46
-3.85,3,67.959085,15,closed,0.0,-3.85
-3.85,3,67.965261,15,closed,0.0,-3.85
2.58,3,67.971052,15,open,1.0,2.58
2.36,3,67.976971,17,open,1.0,2.36
2.54,3,67.983155,19,open,1.0,2.54
2.46,3,67.990015,19,closed,0.0,2.46
-3.85,3,67.996217,15,closed,0.0,-3.85
1.92,3,68.002675,17,closed,0.0,1.9199999999999997
0.37,3,68.008528,15,open,1.0,0.3699999999999999
-3.85,3,68.014723,15,closed,0.0,-3.85
2.46,3,68.021656,19,closed,0.0,2.46
2.46,3,68.028607,19,closed,0.0,2.46
-3.85,3,68.034801,15,closed,0.0,-3.85
2.46,3,68.041731,19,closed,0.0,2.46
2.46,3,68.04878,19,closed,0.0,2.46
-3.85,3,68.054854,15,closed,0.0,-3.85
2.54,3,68.061049,19,open,1.0,2.54
2.36,3,68.067,17,open,1.0,2.36
1.92,3,68.073339,17,closed,0.0,1.9199999999999997
2.36,3,68.079319,17,open,1.0,2.36
2.58,3,68.085108,15,open,1.0,2.58
1.92,3,68.091468,17,closed,0.0,1.9199999999999997
-3.85,3,68.097602,15,closed,0.0,-3.85
2.46,3,68.104502,19,closed,0.0,2.46
2.36,3,68.110456,17,open,1.0,2.36
1.92,3,68.116878,17,closed,0.0,1.9199999999999997
2.54,3,68.122965,19,open,1.0,2.54
1.92,3,68.129346,17,closed,0.0,1.9199999999999997
-3.85,3,68.135362,15,closed,0.0,-3.85
-3.85,3,68.141372,15,closed,0.0,-3.85
1.92,3,68.147679,17,closed,0.0,1.9199999999999997
1.92,3,68.154043,17,closed,0.0,1.9199999999999997
-3.85,3,68.160138,15,closed,0.0,-3.85
2.58,3,68.165931,15,open,1.0,2.58
2.46,3,68.172808,19,closed,0.0,2.46
2.58,3,68.17863,15,open,1.0,2.58
2.54,3,68.184767,19,open,1.0,2.54
1.92,3,68.191092,17,closed,0.0,1.9199999999999997
-3.85,3,68.197244,15,closed,0.0,-3.85
2.58,3,68.203016,15,open,1.0,2.58
2.58,3,68.208748,15,open,1.0,2.58
-3.85,3,68.21478,15,closed,0.0,-3.85
-3.85,3,68.220825,15,closed,0.0,-3.85
2.36,3,68.226782,17,open,1.0,2.36
2.58,3,68.232549,17,open,1.0,2.58
-3.85,3,68.238577,15,closed,0.0,-3.85
2.58,3,68.244248,15,open,1.0,2.58
2.54,3,68.25047,19,open,1.0,2.54
2.58,3,68.25616,15,open,1.0,2.58
2.5,3,68.262788,19,open,1.0,2.5
2.58,3,68.268608,15,open,1.0,2.58
1.92,3,68.274996,17,closed,0.0,1.9199999999999997
1.92,3,68.281496,17,closed,0.0,1.9199999999999997
2.36,3,68.287474,17,open,1.0,2.36
-3.85,3,68.293516,15,closed,0.0,-3.85
2.46,3,68.300528,19,closed,0.0,2.46
2.36,3,68.306584,17,open,1.0,2.36
2.54,3,68.312868,19,open,1.0,2.54
2.36,3,68.318848,17,open,1.0,2.36
1.92,3,68.325225,17,closed,0.0,1.9199999999999997
2.58,3,68.331032,15,open,1.0,2.58
2.36,3,68.336997,17,open,1.0,2.36
2.46,3,68.343995,19,closed,0.0,2.46
2.46,3,68.351145,19,closed,0.0,2.46
1.92,3,68.357638,17,closed,0.0,1.9199999999999997
2.58,3,68.363434,15,open,1.0,2.58
2.36,3,68.36954,17,open,1.0,2.36
2.36,3,68.375516,17,open,1.0,2.36
2.54,3,68.381746,19,open,1.0,2.54
2.58,3,68.387549,15,open,1.0,2.58
-3.85,3,68.393656,15,closed,0.0,-3.85
-3.85,3,68.399722,15,closed,0.0,-3.85
2.46,3,68.40664,19,closed,0.0,2.46
2.58,3,68.412475,15,open,1.0,2.58
2.36,3,68.418426,17,open,1.0,2.36
2.54,3,68.424531,19,open,1.0,2.54
-3.85,3,68.43071,15,closed,0.0,-3.85
-3.85,3,68.436787,15,closed,0.0,-3.85
2.46,3,68.443654,19,closed,0.0,2.46
2.36,3,68.449698,17,open,1.0,2.36
2.36,3,68.455595,17,open,1.0,2.36
1.92,3,68.461945,17,closed,0.0,1.9199999999999997
2.54,3,68.468029,19,open,1.0,2.54
2.36,3,68.474008,17,open,1.0,2.36
1.92,3,68.480309,17,closed,0.0,1.9199999999999997
2.58,3,68.486026,15,open,1.0,2.58
2.58,3,68.491895,15,open,1.0,2.58
2.36,3,68.497972,17,open,1.0,2.36
2.58,3,68.503736,15,open,1.0,2.58
2.58,3,68.509591,15,open,1.0,2.58
2.46,3,68.516591,19,closed,0.0,2.46
2.54,3,68.52274,19,open,1.0,2.54
2.36,3,68.528795,17,open,1.0,2.36
2.14,3,68.534992,17,open,1.0,2.1399999999999997
-3.85,3,68.541061,15,closed,0.0,-3.85
1.92,3,68.547494,17,closed,0.0,1.9199999999999997
-3.85,3,68.55355,15,closed,0.0,-3.85
2.36,3,68.559458,17,open,1.0,2.36
2.46,3,68.566426,19,closed,0.0,2.46
2.54,3,68.572528,19,open,1.0,2.54
-3.85,3,68.578656,15,closed,0.0,-3.85
2.46,3,68.58561,19,closed,0.0,2.46
-3.85,3,68.591685,15,closed,0.0,-3.85
2.36,3,68.597732,17,open,1.0,2.36
2.58,3,68.603481,15,open,1.0,2.58
-3.85,3,68.609538,15,closed,0.0,-3.85
2.58,3,68.615263,15,open,1.0,2.58
-3.85,3,68.621315,15,closed,0.0,-3.85
-3.85,3,68.627325,15,closed,0.0,-3.85
2.36,3,68.633374,17,open,1.0,2.36
2.36,3,68.639325,17,open,1.0,2.36
2.54,3,68.645516,19,open,1.0,2.54
2.46,3,68.652409,19,closed,0.0,2.46
-3.85,3,68.658478,15,closed,0.0,-3.85
2.54,3,68.664716,19,open,1.0,2.54
-3.85,3,68.67082,15,closed,0.0,-3.85
2.58,3,68.676579,15,open,1.0,2.58
2.46,3,68.683544,19,closed,0.0,2.46
2.54,3,68.689749,19,open,1.0,2.54
1.92,3,68.696205,17,closed,0.0,1.9199999999999997
-3.85,3,68.702348,15,closed,0.0,-3.85
-3.85,3,68.708428,15,closed,0.0,-3.85
2.54,3,68.714567,19,open,1.0,2.54
-0.15,3,68.721568,19,closed,0.0,-0.15000000000000036
2.5,3,68.728062,19,open,1.0,2.5
2.46,3,68.735031,19,closed,0.0,2.46
1.92,3,68.741385,17,closed,0.0,1.9199999999999997
2.54,3,68.747612,19,open,1.0,2.54
-3.85,3,68.753709,15,closed,0.0,-3.85
1.92,3,68.760103,17,closed,0.0,1.9199999999999997
2.58,3,68.765876,15,open,1.0,2.58
2.36,3,68.771833,17,open,1.0,2.36
1.92,3,68.778192,17,closed,0.0,1.9199999999999997
2.58,3,68.784075,15,open,1.0,2.58
2.46,3,68.791113,19,closed,0.0,2.46
2.46,3,68.798323,19,closed,0.0,2.46
-3.85,3,68.804361,15,closed,0.0,-3.85
2.36,3,68.810305,17,open,1.0,2.36
2.36,3,68.816328,17,open,1.0,2.36
2.36,3,68.822258,17,open,1.0,2.36
2.46,3,68.829257,19,closed,0.0,2.46
1.92,3,68.835604,17,closed,0.0,1.9199999999999997
2.46,3,68.842547,19,closed,0.0,2.46
2.36,3,68.848533,17,open,1.0,2.36
-3.85,3,68.854533,15,closed,0.0,-3.85
2.54,3,68.860641,19,open,1.0,2.54
-3.85,3,68.86677,15,closed,0.0,-3.85
2.58,3,68.872489,15,open,1.0,2.58
1.92,3,68.878964,17,closed,0.0,1.9199999999999997
2.46,3,68.885893,19,closed,0.0,2.46
2.54,3,68.892139,19,open,1.0,2.54
1.92,3,68.898607,17,closed,0.0,1.9199999999999997
2.46,3,68.905611,19,closed,0.0,2.46
1.92,3,68.911953,17,closed,0.0,1.9199999999999997
1.92,3,68.918201,17,closed,0.0,1.9199999999999997
2.54,3,68.924262,19,open,1.0,2.54
2.58,3,68.930056,15,open,1.0,2.58
2.36,3,68.936094,17,open,1.0,2.36
-3.85,3,68.942246,15,closed,0.0,-3.85
1.92,3,68.948692,17,closed,0.0,1.9199999999999997
-3.85,3,68.954836,15,closed,0.0,-3.85
-3.85,3,68.960925,15,closed,0.0,-3.85
2.54,3,68.966989,19,open,1.0,2.54
1.92,3,68.973306,17,closed,0.0,1.9199999999999997
2.36,3,68.979197,17,open,1.0,2.36
2.54,3,68.985436,19,open,1.0,2.54
2.36,3,68.991351,17,open,1.0,2.36
2.46,3,68.998155,19,open,1.0,2.46
2.36,3,69.004246,17,open,1.0,2.36
2.46,3,69.011323,19,closed,0.0,2.46
2.14,3,69.01744,17,open,1.0,2.1399999999999997
2.58,3,69.023155,15,open,1.0,2.58
1.92,3,69.029483,17,closed,0.0,1.9199999999999997
2.36,3,69.035481,17,open,1.0,2.36
2.36,3,69.04142,17,open,1.0,2.36
2.36,3,69.047399,17,open,1.0,2.36
-3.85,3,69.053422,15,closed,0.0,-3.85
2.58,3,69.059268,15,open,1.0,2.58
2.46,3,69.066233,19,closed,0.0,2.46
-3.85,3,69.072368,15,closed,0.0,-3.85
2.46,3,69.079534,19,closed,0.0,2.46
1.92,3,69.085921,17,closed,0.0,1.9199999999999997
1.92,3,69.092291,17,closed,0.0,1.9199999999999997
2.46,3,69.099314,19,closed,0.0,2.46
1.92,3,69.105682,17,closed,0.0,1.9199999999999997
2.5,3,69.112229,19,open,1.0,2.5
2.58,3,69.118098,15,open,1.0,2.58
-3.85,3,69.124147,15,closed,0.0,-3.85
1.92,3,69.130569,17,closed,0.0,1.9199999999999997
1.92,3,69.220367,17,closed,0.0,1.9199999999999997
2.58,3,69.226251,15,open,1.0,2.58
2.54,3,69.232378,19,open,1.0,2.54
2.58,3,69.238154,15,open,1.0,2.58
2.36,3,69.244168,17,open,1.0,2.36
1.92,3,69.250521,17,closed,0.0,1.9199999999999997
2.58,3,69.256258,15,open,1.0,2.58
-3.85,3,69.262374,15,closed,0.0,-3.85
-4.25,3,69.268478,15,closed,0.0,-4.25
2.54,3,69.27462,19,open,1.0,2.54
2.46,3,69.281569,19,closed,0.0,2.46
1.92,3,69.287938,17,closed,0.0,1.9199999999999997
2.46,3,69.294853,19,closed,0.0,2.46
-3.85,3,69.300959,15,closed,0.0,-3.85
-3.85,3,69.307049,15,closed,0.0,-3.85
2.5,3,69.313579,19,open,1.0,2.5
2.36,3,69.319492,17,open,1.0,2.36
2.58,3,69.325245,15,open,1.0,2.58
2.46,3,69.332092,19,closed,0.0,2.46
2.58,3,69.33784,15,open,1.0,2.58
1.92,3,69.344214,17,closed,0.0,1.9199999999999997
2.46,3,69.35116,19,closed,0.0,2.46
2.58,3,69.356918,15,open,1.0,2.58
0.57,3,69.362795,15,open,1.0,0.5700000000000001
-3.85,3,69.368879,15,closed,0.0,-3.85
2.46,3,69.375843,19,closed,0.0,2.46
2.58,3,69.381685,15,open,1.0,2.58
2.46,3,69.388671,19,closed,0.0,2.46
1.92,3,69.395048,17,closed,0.0,1.9199999999999997
2.46,3,69.401998,19,closed,0.0,2.46
2.58,3,69.407741,15,open,1.0,2.58
2.36,3,69.41373,17,open,1.0,2.36
2.36,3,69.419653,17,open,1.0,2.36
1.92,3,69.426044,17,closed,0.0,1.9199999999999997
2.36,3,69.43199,17,open,1.0,2.36
1.92,3,69.43844,17,closed,0.0,1.9199999999999997
2.58,3,69.444207,15,open,1.0,2.58
2.36,3,69.450186,17,open,1.0,2.36
2.5,3,69.456668,19,open,1.0,2.5
2.36,3,69.462661,17,open,1.0,2.36
2.58,3,69.468395,15,open,1.0,2.58
2.54,3,69.474499,19,open,1.0,2.54
2.54,3,69.480671,19,open,1.0,2.54
2.54,3,69.486836,19,open,1.0,2.54
-3.85,3,69.492958,15,closed,0.0,-3.85
2.36,3,69.498948,17,open,1.0,2.36
2.54,3,69.505095,19,open,1.0,2.54
2.36,3,69.511004,17,open,1.0,2.36
1.92,3,69.517349,17,closed,0.0,1.9199999999999997
2.58,3,69.523097,15,open,1.0,2.58
2.54,3,69.529187,19,open,1.0,2.54
-3.85,3,69.535252,15,closed,0.0,-3.85
2.46,3,69.542228,19,closed,0.0,2.46
2.58,3,69.548006,15,open,1.0,2.58
2.36,3,69.553924,17,open,1.0,2.36
1.92,3,69.560307,17,closed,0.0,1.9199999999999997
2.36,3,69.566251,17,open,1.0,2.36
-3.85,3,69.572284,15,closed,0.0,-3.85
2.36,3,69.578259,17,open,1.0,2.36
2.36,3,69.584239,17,open,1.0,2.36
2.58,3,69.590165,15,open,1.0,2.58
1.92,3,69.596541,17,closed,0.0,1.9199999999999997
2.58,3,69.602232,15,open,1.0,2.58
2.58,3,69.608043,15,open,1.0,2.58
1.92,3,69.614483,17,closed,0.0,1.9199999999999997
1.92,3,69.62086,17,closed,0.0,1.9199999999999997
1.92,3,69.627269,17,closed,0.0,1.9199999999999997
2.58,3,69.633064,15,open,1.0,2.58
1.92,3,69.639508,17,closed,0.0,1.9199999999999997
2.46,3,69.646409,19,closed,0.0,2.46
2.58,3,69.652146,15,open,1.0,2.58
2.36,3,69.658073,17,open,1.0,2.36
1.92,3,69.664352,17,closed,0.0,1.9199999999999997
-3.85,3,69.670411,15,closed,0.0,-3.85
-3.85,3,69.676439,15,closed,0.0,-3.85
2.58,3,69.682194,15,open,1.0,2.58
2.54,3,69.68834,19,open,1.0,2.54
2.36,3,69.694364,17,open,1.0,2.36
-3.85,3,69.700382,15,closed,0.0,-3.85
2.54,3,69.706692,19,open,1.0,2.54
1.92,3,69.712998,17,closed,0.0,1.9199999999999997
2.58,3,69.718864,15,open,1.0,2.58
2.36,3,69.724807,17,open,1.0,2.36
1.92,3,69.731232,17,closed,0.0,1.9199999999999997
-3.85,3,69.737317,15,closed,0.0,-3.85
2.36,3,69.743213,17,open,1.0,2.36
1.92,3,69.749605,17,closed,0.0,1.9199999999999997
2.46,3,69.756479,19,closed,0.0,2.46
2.36,3,69.762501,17,open,1.0,2.36
2.58,3,69.768264,15,open,1.0,2.58
1.92,3,69.774628,17,closed,0.0,1.9199999999999997
2.58,3,69.780407,15,open,1.0,2.58
2.5,3,69.786934,19,open,1.0,2.5
2.54,3,69.793043,19,open,1.0,2.54
2.58,3,69.79883,15,open,1.0,2.58
2.36,3,69.804694,17,open,1.0,2.36
2.58,3,69.810424,15,open,1.0,2.58
1.92,3,69.81672,17,closed,0.0,1.9199999999999997
2.58,3,69.822411,15,open,1.0,2.58
2.46,3,69.829342,19,closed,0.0,2.46
2.46,3,69.836374,19,closed,0.0,2.46
2.46,3,69.843384,19,closed,0.0,2.46
2.5,3,69.849925,19,open,1.0,2.5
2.5,3,69.85649,19,open,1.0,2.5
2.58,3,69.862291,15,open,1.0,2.58
2.54,3,69.868507,19,open,1.0,2.54
2.46,3,69.875476,19,closed,0.0,2.46
-3.85,3,69.881534,15,closed,0.0,-3.85
2.46,3,69.888597,19,closed,0.0,2.46
1.92,3,69.895002,17,closed,0.0,1.9199999999999997
2.54,3,69.901306,19,open,1.0,2.54
2.46,3,69.908226,19,closed,0.0,2.46
-3.85,3,69.91422,15,closed,0.0,-3.85
2.46,3,69.921281,19,closed,0.0,2.46
2.54,3,69.92745,19,open,1.0,2.54
2.46,3,69.934333,19,closed,0.0,2.46
2.46,3,69.941258,19,closed,0.0,2.46
-3.85,3,69.947373,15,closed,0.0,-3.85
2.36,3,69.953313,17,open,1.0,2.36
2.58,3,69.959033,15,open,1.0,2.58
-3.85,3,69.965177,15,closed,0.0,-3.85
2.58,3,69.970957,15,open,1.0,2.58
1.92,3,69.977334,17,closed,0.0,1.9199999999999997
2.46,3,69.984272,19,closed,0.0,2.46
2.54,3,69.990365,19,open,1.0,2.54
2.46,3,69.997295,19,closed,0.0,2.46
2.36,3,70.003205,17,open,1.0,2.36
2.36,3,70.009125,17,open,1.0,2.36
1.92,3,70.015548,17,closed,0.0,1.9199999999999997
-3.85,3,70.021638,15,closed,0.0,-3.85
2.36,3,70.027528,17,open,1.0,2.36
2.36,3,70.033478,17,open,1.0,2.36
2.36,3,70.039343,17,open,1.0,2.36
2.28,3,70.046071,19,closed,0.0,2.28
2.46,3,70.053009,19,open,1.0,2.46
2.36,3,70.058935,17,open,1.0,2.36
-3.85,3,70.06504,15,closed,0.0,-3.85
2.36,3,70.070974,17,open,1.0,2.36
1.92,3,70.077377,17,closed,0.0,1.9199999999999997
2.58,3,70.083053,15,open,1.0,2.58
2.5,3,70.089548,19,open,1.0,2.5
2.54,3,70.095613,19,open,1.0,2.54
-3.85,3,70.101743,15,closed,0.0,-3.85
-3.85,3,70.107891,15,closed,0.0,-3.85
2.54,3,70.113995,19,open,1.0,2.54
1.92,3,70.120475,17,closed,0.0,1.9199999999999997
2.46,3,70.127392,19,closed,0.0,2.46
1.92,3,70.133759,17,closed,0.0,1.9199999999999997
2.46,3,70.140695,19,closed,0.0,2.46
2.58,3,70.146448,15,open,1.0,2.58
2.46,3,70.153333,19,closed,0.0,2.46
-3.85,3,70.159405,15,closed,0.0,-3.85
2.54,3,70.165623,19,open,1.0,2.54
2.58,3,70.171399,15,open,1.0,2.58
2.5,3,70.177998,19,open,1.0,2.5
2.46,3,70.184903,19,closed,0.0,2.46
2.58,3,70.19063,15,open,1.0,2.58
1.92,3,70.196959,17,closed,0.0,1.9199999999999997
2.46,3,70.203863,19,closed,0.0,2.46
2.46,3,70.210762,19,closed,0.0,2.46
1.92,3,70.217189,17,closed,0.0,1.9199999999999997
2.54,3,70.2233,19,open,1.0,2.54
2.36,3,70.229261,17,open,1.0,2.36
2.54,3,70.235395,19,open,1.0,2.54
2.46,3,70.242315,19,closed,0.0,2.46
2.46,3,70.249239,19,closed,0.0,2.46
-3.85,3,70.25533,15,closed,0.0,-3.85
2.54,3,70.261437,19,open,1.0,2.54
1.92,3,70.267788,17,closed,0.0,1.9199999999999997
2.54,3,70.273896,19,open,1.0,2.54
2.54,3,70.279972,19,open,1.0,2.54
-3.85,3,70.285965,15,closed,0.0,-3.85
1.92,3,70.292319,17,closed,0.0,1.9199999999999997
2.58,3,70.298082,15,open,1.0,2.58
2.5,3,70.304548,19,open,1.0,2.5
2.46,3,70.311461,19,closed,0.0,2.46
2.58,3,70.317209,15,open,1.0,2.58
2.36,3,70.323097,17,open,1.0,2.36
-3.85,3,70.329182,15,closed,0.0,-3.85
-3.85,3,70.335269,15,closed,0.0,-3.85
2.54,3,70.341406,19,open,1.0,2.54
-3.85,3,70.347541,15,closed,0.0,-3.85
2.46,3,70.354456,19,closed,0.0,2.46
2.46,3,70.361422,19,closed,0.0,2.46
-3.85,3,70.367615,15,closed,0.0,-3.85
2.54,3,70.373772,19,open,1.0,2.54
2.58,3,70.379637,15,open,1.0,2.58
1.92,3,70.38598,17,closed,0.0,1.9199999999999997
2.54,3,70.392061,19,open,1.0,2.54
2.14,3,70.398505,17,open,1.0,2.1399999999999997
-3.85,3,70.404573,15,closed,0.0,-3.85
2.58,3,70.410309,15,open,1.0,2.58
2.58,3,70.416128,15,open,1.0,2.58
-4.25,3,70.42222,15,closed,0.0,-4.25
-3.85,3,70.428304,15,closed,0.0,-3.85
1.92,3,70.434614,17,closed,0.0,1.9199999999999997
2.58,3,70.440356,15,open,1.0,2.58
2.54,3,70.446524,19,open,1.0,2.54
2.46,3,70.453393,19,closed,0.0,2.46
2.36,3,70.459445,17,open,1.0,2.36
2.46,3,70.466381,19,closed,0.0,2.46
2.36,3,70.47231,17,open,1.0,2.36
-3.85,3,70.478376,15,closed,0.0,-3.85
2.36,3,70.484351,17,open,1.0,2.36
2.54,3,70.490463,19,open,1.0,2.54
1.92,3,70.496914,17,closed,0.0,1.9199999999999997
-3.85,3,70.50297,15,closed,0.0,-3.85
2.5,3,70.509449,19,open,1.0,2.5
2.58,3,70.515267,15,open,1.0,2.58
2.46,3,70.522143,19,closed,0.0,2.46
2.36,3,70.528162,17,open,1.0,2.36
-3.85,3,70.534188,15,closed,0.0,-3.85
2.54,3,70.540431,19,open,1.0,2.54
2.46,3,70.547539,19,closed,0.0,2.46
-3.85,3,70.553652,15,closed,0.0,-3.85
2.58,3,70.559418,15,open,1.0,2.58
2.46,3,70.566292,19,closed,0.0,2.46
1.92,3,70.572598,17,closed,0.0,1.9199999999999997
2.54,3,70.578702,19,open,1.0,2.54
1.92,3,70.585034,17,closed,0.0,1.9199999999999997
2.28,3,70.596265,19,closed,0.0,2.28
2.36,3,70.604071,17,open,1.0,2.36
2.5,3,70.611126,19,open,1.0,2.5
2.46,3,70.618461,19,closed,0.0,2.46
-3.85,3,70.624861,15,closed,0.0,-3.85
2.36,3,70.630925,17,open,1.0,2.36
2.58,3,70.636889,15,open,1.0,2.58
2.46,3,70.644728,19,closed,0.0,2.46
2.58,3,70.651081,15,open,1.0,2.58
2.36,3,70.657188,17,open,1.0,2.36
2.58,3,70.663039,15,open,1.0,2.58
2.36,3,70.669061,17,open,1.0,2.36
2.58,3,70.674724,15,open,1.0,2.58
2.58,3,70.6804,15,open,1.0,2.58
2.54,3,70.686463,19,open,1.0,2.54
2.58,3,70.6921,15,open,1.0,2.58
2.36,3,70.697937,17,open,1.0,2.36
1.92,3,70.704241,17,closed,0.0,1.9199999999999997
2.46,3,70.71107,19,closed,0.0,2.46
1.92,3,70.717493,17,closed,0.0,1.9199999999999997
2.14,3,70.723703,17,open,1.0,2.1399999999999997
-3.85,3,70.729741,15,closed,0.0,-3.85
2.5,3,70.736203,19,open,1.0,2.5
1.92,3,70.742492,17,closed,0.0,1.9199999999999997
2.36,3,70.748341,17,open,1.0,2.36
-3.85,3,70.754353,15,closed,0.0,-3.85
2.54,3,70.760358,19,open,1.0,2.54
2.54,3,70.766464,19,open,1.0,2.54
-3.85,3,70.772458,15,closed,0.0,-3.85
2.36,3,70.778301,17,open,1.0,2.36
-3.85,3,70.784327,15,closed,0.0,-3.85
1.92,3,70.79059,17,closed,0.0,1.9199999999999997
2.36,3,70.796519,17,open,1.0,2.36
2.46,3,70.803329,19,closed,0.0,2.46
2.36,3,70.809158,17,open,1.0,2.36
1.92,3,70.815413,17,closed,0.0,1.9199999999999997
2.36,3,70.821253,17,open,1.0,2.36
2.14,3,70.827306,17,open,1.0,2.1399999999999997
2.46,3,70.834154,19,closed,0.0,2.46
1.92,3,70.840478,17,closed,0.0,1.9199999999999997
2.54,3,70.846505,19,open,1.0,2.54
2.58,3,70.852207,15,open,1.0,2.58
1.92,3,70.858573,17,closed,0.0,1.9199999999999997
-3.85,3,70.86464,15,closed,0.0,-3.85
2.58,3,70.870345,15,open,1.0,2.58
-3.85,3,70.876348,15,closed,0.0,-3.85
2.58,3,70.882129,15,open,1.0,2.58
2.58,3,70.887866,15,open,1.0,2.58
1.92,3,70.894223,17,closed,0.0,1.9199999999999997
2.36,3,70.900259,17,open,1.0,2.36
2.58,3,70.905987,15,open,1.0,2.58
2.54,3,70.912175,19,open,1.0,2.54
2.54,3,70.918247,19,open,1.0,2.54
2.58,3,70.923998,15,open,1.0,2.58
2.58,3,70.929761,17,open,1.0,2.58
2.46,3,70.936653,19,closed,0.0,2.46
2.36,3,70.9426,17,open,1.0,2.36
2.46,3,70.949458,19,closed,0.0,2.46
-3.85,3,70.955502,15,closed,0.0,-3.85
2.36,3,70.961426,17,open,1.0,2.36
2.36,3,70.967363,17,open,1.0,2.36
2.58,3,70.973062,15,open,1.0,2.58
2.5,3,70.979545,19,open,1.0,2.5
1.92,3,70.985883,17,closed,0.0,1.9199999999999997
2.46,3,70.99279,19,closed,0.0,2.46
2.46,3,70.99974,19,closed,0.0,2.46
2.46,3,71.006617,19,closed,0.0,2.46
2.58,3,71.012405,15,open,1.0,2.58
2.36,3,71.018261,17,open,1.0,2.36
2.36,3,71.024176,17,open,1.0,2.36
2.5,3,71.030706,19,open,1.0,2.5
2.36,3,71.036694,17,open,1.0,2.36
2.36,3,71.042558,17,open,1.0,2.36
2.36,3,71.048508,17,open,1.0,2.36
2.5,3,71.05495,19,open,1.0,2.5
2.36,3,71.060883,17,open,1.0,2.36
-3.85,3,71.06697,15,closed,0.0,-3.85
2.14,3,71.073054,17,open,1.0,2.1399999999999997
2.46,3,71.079971,19,closed,0.0,2.46
2.54,3,71.086084,19,open,1.0,2.54
-3.85,3,71.092136,15,closed,0.0,-3.85
2.54,3,71.098251,19,open,1.0,2.54
2.58,3,71.104005,17,open,1.0,2.58
-3.85,3,71.11003,15,closed,0.0,-3.85
-3.85,3,71.116122,15,closed,0.0,-3.85
2.36,3,71.121995,17,open,1.0,2.36
-4.05,3,71.128059,15,closed,0.0,-4.050000000000001
2.54,3,71.13413,19,open,1.0,2.54
-4.05,3,71.140159,15,closed,0.0,-4.050000000000001
2.46,3,71.147129,19,closed,0.0,2.46
2.54,3,71.153263,19,open,1.0,2.54
2.58,3,71.159004,15,open,1.0,2.58
2.54,3,71.165377,19,open,1.0,2.54
1.92,3,71.171725,17,closed,0.0,1.9199999999999997
2.58,3,71.177476,15,open,1.0,2.58
2.54,3,71.183624,19,open,1.0,2.54
2.46,3,71.190507,19,closed,0.0,2.46
1.92,3,71.196958,17,closed,0.0,1.9199999999999997
2.54,3,71.203093,19,open,1.0,2.54
2.46,3,71.209999,19,closed,0.0,2.46
2.5,3,71.216595,19,open,1.0,2.5
2.54,3,71.222682,19,open,1.0,2.54
1.92,3,71.229037,17,closed,0.0,1.9199999999999997
1.92,3,71.235446,17,closed,0.0,1.9199999999999997
-3.85,3,71.24151,15,closed,0.0,-3.85
2.46,3,71.248414,19,closed,0.0,2.46
2.54,3,71.254489,19,open,1.0,2.54
2.36,3,71.260407,17,open,1.0,2.36
2.46,3,71.267351,19,closed,0.0,2.46
2.54,3,71.273477,19,open,1.0,2.54
1.92,3,71.279818,17,closed,0.0,1.9199999999999997
2.36,3,71.285723,17,open,1.0,2.36
1.92,3,71.292041,17,closed,0.0,1.9199999999999997
-3.85,3,71.298099,15,closed,0.0,-3.85
1.92,3,71.304431,17,closed,0.0,1.9199999999999997
2.46,3,71.3114,19,closed,0.0,2.46
2.58,3,71.31721,15,open,1.0,2.58
-3.85,3,71.323229,15,closed,0.0,-3.85
2.58,3,71.328995,15,open,1.0,2.58
1.92,3,71.335444,17,closed,0.0,1.9199999999999997
2.54,3,71.341601,19,open,1.0,2.54
2.14,3,71.426767,17,open,1.0,2.1399999999999997
2.54,3,71.433095,19,open,1.0,2.54
2.46,3,71.440074,19,closed,0.0,2.46
2.54,3,71.446266,19,open,1.0,2.54
2.54,3,71.452413,19,open,1.0,2.54
2.36,3,71.458388,17,open,1.0,2.36
2.5,3,71.4649,19,open,1.0,2.5
2.32,3,71.471265,19,open,1.0,2.32
1.92,3,71.477692,17,closed,0.0,1.9199999999999997
2.58,3,71.483508,15,open,1.0,2.58
2.36,3,71.489446,17,open,1.0,2.36
-3.85,3,71.495637,15,closed,0.0,-3.85
2.58,3,71.501449,15,open,1.0,2.58
2.36,3,71.507455,17,open,1.0,2.36
2.36,3,71.513429,17,open,1.0,2.36
-3.85,3,71.519581,15,closed,0.0,-3.85
-3.85,3,71.525664,15,closed,0.0,-3.85
2.54,3,71.531838,19,open,1.0,2.54
-3.85,3,71.538016,15,closed,0.0,-3.85
2.36,3,71.54411,17,open,1.0,2.36
2.36,3,71.550123,17,open,1.0,2.36
1.92,3,71.556508,17,closed,0.0,1.9199999999999997
1.92,3,71.562952,17,closed,0.0,1.9199999999999997
1.92,3,71.569428,17,closed,0.0,1.9199999999999997
2.5,3,71.575987,19,open,1.0,2.5
2.54,3,71.582129,19,open,1.0,2.54
1.92,3,71.588509,17,closed,0.0,1.9199999999999997
2.46,3,71.595474,19,closed,0.0,2.46
2.58,3,71.601382,15,open,1.0,2.58
2.54,3,71.607551,19,open,1.0,2.54
1.92,3,71.613965,17,closed,0.0,1.9199999999999997
2.36,3,71.619966,17,open,1.0,2.36
2.46,3,71.626933,19,closed,0.0,2.46
2.36,3,71.632944,17,open,1.0,2.36
2.58,3,71.638723,15,open,1.0,2.58
1.92,3,71.645131,17,closed,0.0,1.9199999999999997
-3.85,3,71.651322,15,closed,0.0,-3.85
1.92,3,71.657713,17,closed,0.0,1.9199999999999997
-3.85,3,71.663888,15,closed,0.0,-3.85
2.46,3,71.670889,19,closed,0.0,2.46
2.58,3,71.67678,15,open,1.0,2.58
-3.85,3,71.682887,15,closed,0.0,-3.85
-3.85,3,71.688982,15,closed,0.0,-3.85
2.58,3,71.694823,15,open,1.0,2.58
2.54,3,71.701003,19,open,1.0,2.54
2.36,3,71.706988,17,open,1.0,2.36
-3.85,3,71.713176,15,closed,0.0,-3.85
2.36,3,71.719226,17,open,1.0,2.36
2.36,3,71.725181,17,open,1.0,2.36
2.46,3,71.73211,19,closed,0.0,2.46
2.58,3,71.737965,15,open,1.0,2.58
2.54,3,71.744116,19,open,1.0,2.54
1.92,3,71.750536,17,closed,0.0,1.9199999999999997
-3.85,3,71.756668,15,closed,0.0,-3.85
1.92,3,71.763099,17,closed,0.0,1.9199999999999997
2.54,3,71.769319,19,open,1.0,2.54
2.54,3,71.775521,19,open,1.0,2.54
2.36,3,71.781476,17,open,1.0,2.36
1.92,3,71.787857,17,closed,0.0,1.9199999999999997
-3.85,3,71.793985,15,closed,0.0,-3.85
2.36,3,71.799978,17,open,1.0,2.36
0.57,3,71.80584,15,open,1.0,0.5700000000000001
2.58,3,71.811703,15,open,1.0,2.58
2.46,3,71.818633,19,closed,0.0,2.46
-3.85,3,71.824711,15,closed,0.0,-3.85
2.54,3,71.830894,19,open,1.0,2.54
2.58,3,71.836704,15,open,1.0,2.58
2.54,3,71.8429,19,open,1.0,2.54
2.58,3,71.848705,15,open,1.0,2.58
2.14,3,71.854882,17,open,1.0,2.1399999999999997
-3.85,3,71.860979,15,closed,0.0,-3.85
2.5,3,71.867583,19,open,1.0,2.5
2.46,3,71.874605,19,closed,0.0,2.46
2.54,3,71.880798,19,open,1.0,2.54
2.46,3,71.887794,19,closed,0.0,2.46
1.92,3,71.894216,17,closed,0.0,1.9199999999999997
2.54,3,71.900403,19,open,1.0,2.54
2.36,3,71.906386,17,open,1.0,2.36
2.5,3,71.912942,19,open,1.0,2.5
2.5,3,71.91952,19,open,1.0,2.5
2.54,3,71.925667,19,open,1.0,2.54
2.46,3,71.932657,19,closed,0.0,2.46
2.36,3,71.938604,17,open,1.0,2.36
2.5,3,71.945205,19,open,1.0,2.5
2.46,3,71.952181,19,closed,0.0,2.46
-3.85,3,71.958295,15,closed,0.0,-3.85
-3.85,3,71.964361,15,closed,0.0,-3.85
2.54,3,71.970555,19,open,1.0,2.54
2.36,3,71.976539,17,open,1.0,2.36
2.46,3,71.983609,19,closed,0.0,2.46
2.54,3,71.989776,19,open,1.0,2.54
-4.25,3,71.995948,15,closed,0.0,-4.25
2.36,3,72.00199,17,open,1.0,2.36
-3.85,3,72.008065,15,closed,0.0,-3.85
2.58,3,72.013886,15,open,1.0,2.58
2.36,3,72.019906,17,open,1.0,2.36
2.58,3,72.025751,15,open,1.0,2.58
2.46,3,72.032736,19,closed,0.0,2.46
1.92,3,72.039154,17,closed,0.0,1.9199999999999997
2.5,3,72.045726,19,open,1.0,2.5
-3.85,3,72.051885,15,closed,0.0,-3.85
2.46,3,72.058858,19,closed,0.0,2.46
2.46,3,72.065783,19,closed,0.0,2.46
2.54,3,72.071975,19,open,1.0,2.54
2.46,3,72.078977,19,closed,0.0,2.46
2.36,3,72.084994,17,open,1.0,2.36
2.5,3,72.091529,19,open,1.0,2.5
1.92,3,72.097944,17,closed,0.0,1.9199999999999997
2.54,3,72.104109,19,open,1.0,2.54
2.58,3,72.109943,15,open,1.0,2.58
-3.85,3,72.116056,15,closed,0.0,-3.85
2.54,3,72.122174,19,open,1.0,2.54
2.46,3,72.129151,19,open,1.0,2.46
2.36,3,72.135166,17,open,1.0,2.36
2.5,3,72.141688,19,open,1.0,2.5
1.92,3,72.148133,17,closed,0.0,1.9199999999999997
2.54,3,72.154362,19,open,1.0,2.54
1.92,3,72.160765,17,closed,0.0,1.9199999999999997
2.58,3,72.166606,15,open,1.0,2.58
1.92,3,72.172938,17,closed,0.0,1.9199999999999997
2.54,3,72.179218,19,open,1.0,2.54
-3.85,3,72.185367,15,closed,0.0,-3.85
2.58,3,72.191129,15,open,1.0,2.58
2.46,3,72.19807,19,open,1.0,2.46
2.54,3,72.204262,19,open,1.0,2.54
1.92,3,72.210707,17,closed,0.0,1.9199999999999997
2.36,3,72.216702,17,open,1.0,2.36
-3.85,3,72.222738,15,closed,0.0,-3.85
2.58,3,72.2286,15,open,1.0,2.58
-0.15,3,72.235716,19,closed,0.0,-0.15000000000000036
-3.85,3,72.241831,15,closed,0.0,-3.85
2.58,3,72.247637,15,open,1.0,2.58
-3.85,3,72.253756,15,closed,0.0,-3.85
1.92,3,72.260101,17,closed,0.0,1.9199999999999997
1.92,3,72.266551,17,closed,0.0,1.9199999999999997
2.36,3,72.272517,17,open,1.0,2.36
2.36,3,72.278519,17,open,1.0,2.36
2.46,3,72.285522,19,closed,0.0,2.46
2.58,3,72.291275,15,open,1.0,2.58
1.92,3,72.29772,17,closed,0.0,1.9199999999999997
2.58,3,72.303537,15,open,1.0,2.58
-3.85,3,72.309601,15,closed,0.0,-3.85
-3.85,3,72.31575,15,closed,0.0,-3.85
2.54,3,72.321963,19,open,1.0,2.54
2.46,3,72.328957,19,closed,0.0,2.46
-3.85,3,72.335078,15,closed,0.0,-3.85
2.58,3,72.340827,15,open,1.0,2.58
1.92,3,72.347265,17,closed,0.0,1.9199999999999997
2.58,3,72.353127,15,open,1.0,2.58
2.58,3,72.358873,15,open,1.0,2.58
-3.45,3,72.365003,15,closed,0.0,-3.4499999999999997
-3.85,3,72.371125,15,closed,0.0,-3.85
2.58,3,72.376961,15,open,1.0,2.58
2.58,3,72.382755,15,open,1.0,2.58
2.58,3,72.388599,15,open,1.0,2.58
1.92,3,72.395046,17,closed,0.0,1.9199999999999997
2.54,3,72.401194,19,open,1.0,2.54
-3.85,3,72.407287,15,closed,0.0,-3.85
2.5,3,72.413766,19,open,1.0,2.5
2.54,3,72.419901,19,open,1.0,2.54
2.58,3,72.425648,15,open,1.0,2.58
-3.85,3,72.431736,15,closed,0.0,-3.85
1.92,3,72.438035,17,closed,0.0,1.9199999999999997
1.92,3,72.444402,17,closed,0.0,1.9199999999999997
2.36,3,72.450315,17,open,1.0,2.36
2.46,3,72.457208,19,closed,0.0,2.46
2.46,3,72.464185,19,closed,0.0,2.46
-3.85,3,72.470221,15,closed,0.0,-3.85
-3.85,3,72.476199,15,closed,0.0,-3.85
2.46,3,72.483144,19,closed,0.0,2.46
2.54,3,72.489219,19,open,1.0,2.54
2.36,3,72.4952,17,open,1.0,2.36
2.58,3,72.500892,15,open,1.0,2.58
1.92,3,72.5073,17,closed,0.0,1.9199999999999997
2.46,3,72.514211,19,closed,0.0,2.46
1.92,3,72.520578,17,closed,0.0,1.9199999999999997
2.36,3,72.526507,17,open,1.0,2.36
2.58,3,72.532241,15,open,1.0,2.58
-3.85,3,72.53826,15,closed,0.0,-3.85
2.36,3,72.544208,17,open,1.0,2.36
2.58,3,72.549984,15,open,1.0,2.58
1.92,3,72.556313,17,closed,0.0,1.9199999999999997
1.92,3,72.562684,17,closed,0.0,1.9199999999999997
2.54,3,72.568807,19,open,1.0,2.54
2.5,3,72.575304,19,open,1.0,2.5
1.92,3,72.581692,17,closed,0.0,1.9199999999999997
2.36,3,72.587626,17,open,1.0,2.36
1.92,3,72.594086,17,closed,0.0,1.9199999999999997
2.5,3,72.600747,19,open,1.0,2.5
1.92,3,72.607173,17,closed,0.0,1.9199999999999997
2.58,3,72.612993,15,open,1.0,2.58
1.92,3,72.619377,17,closed,0.0,1.9199999999999997
2.5,3,72.62587,19,open,1.0,2.5
2.5,3,72.632321,19,open,1.0,2.5
-3.85,3,72.638576,15,closed,0.0,-3.85
2.54,3,72.644896,19,open,1.0,2.54
2.58,3,72.650731,15,open,1.0,2.58
2.46,3,72.657754,19,closed,0.0,2.46
0.57,3,72.663774,15,open,1.0,0.5700000000000001
2.46,3,72.670893,19,closed,0.0,2.46
2.58,3,72.67678,15,open,1.0,2.58
-3.85,3,72.682932,15,closed,0.0,-3.85
2.58,3,72.688805,15,open,1.0,2.58
2.46,3,72.695827,19,closed,0.0,2.46
1.92,3,72.702309,17,closed,0.0,1.9199999999999997
2.54,3,72.708351,19,open,1.0,2.54
2.58,3,72.714043,15,open,1.0,2.58
-3.85,3,72.720109,15,closed,0.0,-3.85
-3.85,3,72.726216,15,closed,0.0,-3.85
2.46,3,72.733225,19,closed,0.0,2.46
-3.85,3,72.739296,15,closed,0.0,-3.85
2.58,3,72.74497,15,open,1.0,2.58
2.46,3,72.751798,19,closed,0.0,2.46
2.36,3,72.757719,17,open,1.0,2.36
2.46,3,72.764555,19,closed,0.0,2.46
2.46,3,72.771478,19,closed,0.0,2.46
2.36,3,72.777599,17,open,1.0,2.36
2.46,3,72.784605,19,closed,0.0,2.46
2.46,3,72.791511,19,closed,0.0,2.46
2.5,3,72.798141,19,open,1.0,2.5
1.92,3,72.804639,17,closed,0.0,1.9199999999999997
2.58,3,72.810354,15,open,1.0,2.58
2.58,3,72.816182,15,open,1.0,2.58
2.46,3,72.823134,19,closed,0.0,2.46
2.58,3,72.829041,15,open,1.0,2.58
2.36,3,72.835007,17,open,1.0,2.36
2.36,3,72.840911,17,open,1.0,2.36
-3.85,3,72.846965,15,closed,0.0,-3.85
2.58,3,72.852696,15,open,1.0,2.58
1.92,3,72.859136,17,closed,0.0,1.9199999999999997
2.46,3,72.866222,19,closed,0.0,2.46
2.46,3,72.873283,19,closed,0.0,2.46
2.58,3,72.879094,15,open,1.0,2.58
2.36,3,72.885144,19,open,1.0,2.36
2.46,3,72.892043,19,closed,0.0,2.46
2.46,3,72.898937,19,closed,0.0,2.46
-3.85,3,72.904961,15,closed,0.0,-3.85
-3.85,3,72.910993,15,closed,0.0,-3.85
-3.85,3,72.917095,15,closed,0.0,-3.85
2.46,3,72.924005,19,closed,0.0,2.46
2.58,3,72.929845,15,open,1.0,2.58
2.46,3,72.936755,19,closed,0.0,2.46
2.54,3,72.94283,19,open,1.0,2.54
1.92,3,72.949295,17,closed,0.0,1.9199999999999997
-3.65,3,72.955337,15,closed,0.0,-3.65
2.54,3,72.961441,19,open,1.0,2.54
2.54,3,72.967657,19,open,1.0,2.54
2.36,3,72.97362,17,open,1.0,2.36
2.36,3,72.97951,17,open,1.0,2.36
-3.85,3,72.985708,15,closed,0.0,-3.85
2.46,3,72.992605,19,closed,0.0,2.46
2.36,3,72.998612,17,open,1.0,2.36
2.36,3,73.004573,17,open,1.0,2.36
2.58,3,73.010303,15,open,1.0,2.58
2.58,3,73.01615,15,open,1.0,2.58
1.92,3,73.022467,17,closed,0.0,1.9199999999999997
2.36,3,73.028402,17,open,1.0,2.36
-3.85,3,73.03437,15,closed,0.0,-3.85
-3.85,3,73.04038,15,closed,0.0,-3.85
2.14,3,73.046569,17,open,1.0,2.1399999999999997
2.54,3,73.052655,19,open,1.0,2.54
-3.85,3,73.05866,15,closed,0.0,-3.85
2.46,3,73.065611,19,closed,0.0,2.46
-3.85,3,73.071636,15,closed,0.0,-3.85
-3.85,3,73.077664,15,closed,0.0,-3.85
1.92,3,73.084116,17,closed,0.0,1.9199999999999997
1.92,3,73.090477,17,closed,0.0,1.9199999999999997
2.46,3,73.097392,19,closed,0.0,2.46
2.46,3,73.104277,19,closed,0.0,2.46
2.54,3,73.110377,19,open,1.0,2.54
-3.85,3,73.116469,15,closed,0.0,-3.85
1.92,3,73.122792,17,closed,0.0,1.9199999999999997
2.54,3,73.128889,19,open,1.0,2.54
1.92,3,73.135318,17,closed,0.0,1.9199999999999997
2.36,3,73.141296,17,open,1.0,2.36
2.54,3,73.14752,19,open,1.0,2.54
2.58,3,73.153272,15,open,1.0,2.58
2.58,3,73.159002,15,open,1.0,2.58
2.46,3,73.166042,19,closed,0.0,2.46
2.46,3,73.173056,19,closed,0.0,2.46
1.92,3,73.179558,17,closed,0.0,1.9199999999999997
2.5,3,73.186058,19,open,1.0,2.5
2.5,3,73.192563,19,open,1.0,2.5
2.36,3,73.198575,17,open,1.0,2.36
-3.85,3,73.204609,15,closed,0.0,-3.85
2.46,3,73.211611,19,closed,0.0,2.46
2.36,3,73.217532,17,open,1.0,2.36
2.36,3,73.223454,17,open,1.0,2.36
2.36,3,73.229425,17,open,1.0,2.36
-3.85,3,73.2355,15,closed,0.0,-3.85
-4.25,3,73.241535,15,closed,0.0,-4.25
1.92,3,73.247969,17,closed,0.0,1.9199999999999997
2.36,3,73.253891,17,open,1.0,2.36
-3.85,3,73.259962,15,closed,0.0,-3.85
1.92,3,73.266377,17,closed,0.0,1.9199999999999997
2.58,3,73.272093,15,open,1.0,2.58
2.5,3,73.278634,19,open,1.0,2.5
2.46,3,73.285558,19,closed,0.0,2.46
1.92,3,73.291928,17,closed,0.0,1.9199999999999997
-3.85,3,73.297907,15,closed,0.0,-3.85
1.92,3,73.304249,17,closed,0.0,1.9199999999999997
2.46,3,73.311118,19,closed,0.0,2.46
1.92,3,73.317457,17,closed,0.0,1.9199999999999997
2.36,3,73.323368,17,open,1.0,2.36
2.46,3,73.330345,19,closed,0.0,2.46
2.36,3,73.336316,17,open,1.0,2.36
2.46,3,73.343209,19,closed,0.0,2.46
1.92,3,73.349673,17,closed,0.0,1.9199999999999997
2.54,3,73.355781,19,open,1.0,2.54
2.58,3,73.36162,15,open,1.0,2.58
1.92,3,73.368079,17,closed,0.0,1.9199999999999997
1.92,3,73.374461,17,closed,0.0,1.9199999999999997
2.36,3,73.380381,17,open,1.0,2.36
2.58,3,73.38629,15,open,1.0,2.58
2.36,3,73.392189,17,open,1.0,2.36
2.54,3,73.39841,19,open,1.0,2.54
2.46,3,73.405328,19,closed,0.0,2.46
2.54,3,73.41155,19,open,1.0,2.54
2.58,3,73.417354,15,open,1.0,2.58
2.54,3,73.424121,19,open,1.0,2.54
2.5,3,73.43096,19,open,1.0,2.5
2.46,3,73.437852,19,closed,0.0,2.46
2.46,3,73.444733,19,closed,0.0,2.46
2.36,3,73.450741,17,open,1.0,2.36
1.92,3,73.457113,17,closed,0.0,1.9199999999999997
-3.85,3,73.463221,15,closed,0.0,-3.85
2.36,3,73.46923,17,open,1.0,2.36
-3.85,3,73.475285,15,closed,0.0,-3.85
-3.85,3,73.481483,15,closed,0.0,-3.85
2.46,3,73.488425,19,closed,0.0,2.46
1.92,3,73.494857,17,closed,0.0,1.9199999999999997
2.46,3,73.501785,19,closed,0.0,2.46
2.36,3,73.507792,17,open,1.0,2.36
2.58,3,73.513603,15,open,1.0,2.58
1.92,3,73.519951,17,closed,0.0,1.9199999999999997
1.92,3,73.526309,17,closed,0.0,1.9199999999999997
2.58,3,73.53207,15,open,1.0,2.58
2.46,3,73.538986,19,closed,0.0,2.46
2.58,3,73.544815,15,open,1.0,2.58
2.36,3,73.550744,17,open,1.0,2.36
2.46,3,73.557615,19,closed,0.0,2.46
2.5,3,73.564196,19,open,1.0,2.5
2.54,3,73.64711,19,open,1.0,2.54
2.58,3,73.652958,15,open,1.0,2.58
2.46,3,73.659901,19,closed,0.0,2.46
2.54,3,73.666121,19,open,1.0,2.54
1.92,3,73.672476,17,closed,0.0,1.9199999999999997
-3.85,3,73.678631,15,closed,0.0,-3.85
1.92,3,73.68499,17,closed,0.0,1.9199999999999997
1.92,3,73.69133,17,closed,0.0,1.9199999999999997
2.46,3,73.698358,19,closed,0.0,2.46
2.58,3,73.70415,15,open,1.0,2.58
-3.85,3,73.710204,15,closed,0.0,-3.85
2.46,3,73.717283,19,closed,0.0,2.46
2.46,3,73.724202,19,closed,0.0,2.46
2.58,3,73.730078,15,open,1.0,2.58
-3.65,3,73.736092,15,closed,0.0,-3.65
2.5,3,73.742562,19,open,1.0,2.5
2.46,3,73.749576,19,closed,0.0,2.46
2.5,3,73.75606,19,open,1.0,2.5
2.36,3,73.762121,17,open,1.0,2.36
0.57,3,73.76794,15,open,1.0,0.5700000000000001
2.54,3,73.774055,19,open,1.0,2.54
1.92,3,73.780474,17,closed,0.0,1.9199999999999997
1.92,3,73.78681,17,closed,0.0,1.9199999999999997
2.5,3,73.793314,19,open,1.0,2.5
2.36,3,73.799344,17,open,1.0,2.36
2.46,3,73.806278,19,closed,0.0,2.46
2.58,3,73.812127,15,open,1.0,2.58
2.36,3,73.818047,17,open,1.0,2.36
2.46,3,73.824965,19,closed,0.0,2.46
-3.85,3,73.83099,15,closed,0.0,-3.85
-3.85,3,73.837031,15,closed,0.0,-3.85
2.58,3,73.842713,15,open,1.0,2.58
2.46,3,73.849718,19,closed,0.0,2.46
2.58,3,73.855474,15,open,1.0,2.58
-3.85,3,73.861568,15,closed,0.0,-3.85
2.36,3,73.867521,17,open,1.0,2.36
2.5,3,73.873944,19,open,1.0,2.5
2.58,3,73.879797,15,open,1.0,2.58
2.36,3,73.885776,17,open,1.0,2.36
-0.15,3,73.892785,19,closed,0.0,-0.15000000000000036
-3.85,3,73.898833,15,closed,0.0,-3.85
2.46,3,73.905734,19,closed,0.0,2.46
2.54,3,73.91195,19,open,1.0,2.54
-3.85,3,73.918025,15,closed,0.0,-3.85
2.54,3,73.924151,19,open,1.0,2.54
2.58,3,73.929969,15,open,1.0,2.58
-3.85,3,73.936033,15,closed,0.0,-3.85
2.46,3,73.942963,19,closed,0.0,2.46
2.36,3,73.948987,17,open,1.0,2.36
2.46,3,73.955835,19,closed,0.0,2.46
2.46,3,73.962847,19,closed,0.0,2.46
1.92,3,73.969177,17,closed,0.0,1.9199999999999997
2.46,3,73.976044,19,closed,0.0,2.46
2.46,3,73.983052,19,closed,0.0,2.46
1.92,3,73.989398,17,closed,0.0,1.9199999999999997
2.58,3,73.995236,15,open,1.0,2.58
2.36,3,74.001169,17,open,1.0,2.36
1.92,3,74.007508,17,closed,0.0,1.9199999999999997
1.92,3,74.013928,17,closed,0.0,1.9199999999999997
2.36,3,74.019846,17,open,1.0,2.36
-3.85,3,74.025904,15,closed,0.0,-3.85
2.36,3,74.031914,17,open,1.0,2.36
2.54,3,74.037967,19,open,1.0,2.54
2.36,3,74.043928,17,open,1.0,2.36
2.58,3,74.049653,15,open,1.0,2.58
2.36,3,74.05556,17,open,1.0,2.36
-3.85,3,74.061567,15,closed,0.0,-3.85
-3.85,3,74.067588,15,closed,0.0,-3.85
2.58,3,74.073324,15,open,1.0,2.58
2.36,3,74.07927,17,open,1.0,2.36
2.54,3,74.085496,19,open,1.0,2.54
1.92,3,74.092046,17,closed,0.0,1.9199999999999997
2.32,3,74.098431,19,open,1.0,2.32
2.46,3,74.105361,19,closed,0.0,2.46
2.58,3,74.111088,15,open,1.0,2.58
2.14,3,74.117298,17,open,1.0,2.1399999999999997
2.36,3,74.123258,17,open,1.0,2.36
-3.85,3,74.129403,15,closed,0.0,-3.85
2.36,3,74.135351,17,open,1.0,2.36
2.36,3,74.141336,17,open,1.0,2.36
2.58,3,74.147198,15,open,1.0,2.58
2.36,3,74.153197,17,open,1.0,2.36
1.92,3,74.159482,17,closed,0.0,1.9199999999999997
-3.85,3,74.165544,15,closed,0.0,-3.85
2.58,3,74.171248,15,open,1.0,2.58
-3.85,3,74.177305,15,closed,0.0,-3.85
1.92,3,74.183763,17,closed,0.0,1.9199999999999997
2.58,3,74.189507,15,open,1.0,2.58
2.5,3,74.196099,19,open,1.0,2.5
2.54,3,74.202245,19,open,1.0,2.54
2.54,3,74.208362,19,open,1.0,2.54
2.58,3,74.214187,15,open,1.0,2.58
2.36,3,74.220139,17,open,1.0,2.36
-3.85,3,74.226163,15,closed,0.0,-3.85
-3.85,3,74.232325,15,closed,0.0,-3.85
2.58,3,74.238099,15,open,1.0,2.58
2.46,3,74.245056,19,closed,0.0,2.46
2.36,3,74.250992,17,open,1.0,2.36
-3.85,3,74.257009,15,closed,0.0,-3.85
-3.85,3,74.263044,15,closed,0.0,-3.85
2.46,3,74.269906,19,closed,0.0,2.46
1.92,3,74.276232,17,closed,0.0,1.9199999999999997
2.58,3,74.281937,15,open,1.0,2.58
2.58,3,74.287621,15,open,1.0,2.58
2.46,3,74.294504,19,closed,0.0,2.46
2.36,3,74.300434,17,open,1.0,2.36
1.92,3,74.306736,17,closed,0.0,1.9199999999999997
2.46,3,74.3137,19,closed,0.0,2.46
1.92,3,74.32005,17,closed,0.0,1.9199999999999997
2.5,3,74.326519,19,open,1.0,2.5
2.58,3,74.332339,15,open,1.0,2.58
2.5,3,74.338799,19,open,1.0,2.5
-3.85,3,74.344855,15,closed,0.0,-3.85
2.58,3,74.350652,15,open,1.0,2.58
2.46,3,74.357544,19,closed,0.0,2.46
2.46,3,74.364614,19,closed,0.0,2.46
2.54,3,74.370852,19,open,1.0,2.54
2.58,3,74.376613,15,open,1.0,2.58
-3.85,3,74.382801,15,closed,0.0,-3.85
2.5,3,74.389346,19,open,1.0,2.5
1.92,3,74.395839,17,closed,0.0,1.9199999999999997
2.54,3,74.401977,19,open,1.0,2.54
1.92,3,74.408305,17,closed,0.0,1.9199999999999997
-3.85,3,74.414359,15,closed,0.0,-3.85
2.36,3,74.420284,17,open,1.0,2.36
1.92,3,74.426694,17,closed,0.0,1.9199999999999997
2.58,3,74.432503,15,open,1.0,2.58
-3.85,3,74.438558,15,closed,0.0,-3.85
2.58,3,74.444377,15,open,1.0,2.58
2.46,3,74.451375,19,closed,0.0,2.46
-3.85,3,74.457811,15,closed,0.0,-3.85
1.92,3,74.464339,17,closed,0.0,1.9199999999999997
-3.85,3,74.470412,15,closed,0.0,-3.85
2.46,3,74.477298,19,closed,0.0,2.46
2.58,3,74.483157,15,open,1.0,2.58
2.46,3,74.490108,19,closed,0.0,2.46
2.46,3,74.497093,19,closed,0.0,2.46
2.54,3,74.503309,19,open,1.0,2.54
-3.85,3,74.509542,15,closed,0.0,-3.85
1.92,3,74.516202,17,closed,0.0,1.9199999999999997
1.92,3,74.522535,17,closed,0.0,1.9199999999999997
2.36,3,74.528465,17,open,1.0,2.36
2.58,3,74.534351,15,open,1.0,2.58
-3.85,3,74.54057,15,closed,0.0,-3.85
2.58,3,74.546467,15,open,1.0,2.58
2.46,3,74.553455,19,closed,0.0,2.46
2.46,3,74.56036,19,closed,0.0,2.46
2.46,3,74.567337,19,closed,0.0,2.46
2.58,3,74.573106,15,open,1.0,2.58
-3.85,3,74.579293,15,closed,0.0,-3.85
-3.85,3,74.58535,15,closed,0.0,-3.85
1.92,3,74.591703,17,closed,0.0,1.9199999999999997
2.54,3,74.597977,19,open,1.0,2.54
-3.85,3,74.60406,15,closed,0.0,-3.85
2.58,3,74.609816,15,open,1.0,2.58
2.58,3,74.61565,15,open,1.0,2.58
2.54,3,74.621783,19,open,1.0,2.54
2.46,3,74.62868,19,closed,0.0,2.46
2.58,3,74.634408,15,open,1.0,2.58
-3.85,3,74.640411,15,closed,0.0,-3.85
1.92,3,74.64683,17,closed,0.0,1.9199999999999997
-3.85,3,74.65293,15,closed,0.0,-3.85
2.54,3,74.658999,19,open,1.0,2.54
2.36,3,74.664994,17,open,1.0,2.36
2.58,3,74.670694,15,open,1.0,2.58
2.58,3,74.676429,15,open,1.0,2.58
2.36,3,74.682365,17,open,1.0,2.36
-3.85,3,74.688385,15,closed,0.0,-3.85
2.36,3,74.694294,17,open,1.0,2.36
2.36,3,74.700227,17,open,1.0,2.36
-3.85,3,74.706282,15,closed,0.0,-3.85
1.92,3,74.712698,17,closed,0.0,1.9199999999999997
2.5,3,74.719215,19,open,1.0,2.5
1.92,3,74.725552,17,closed,0.0,1.9199999999999997
1.92,3,74.732011,17,closed,0.0,1.9199999999999997
-3.85,3,74.738036,15,closed,0.0,-3.85
2.58,3,74.743753,15,open,1.0,2.58
2.36,3,74.749647,17,open,1.0,2.36
2.36,3,74.755607,17,open,1.0,2.36
-3.85,3,74.761817,15,closed,0.0,-3.85
2.36,3,74.767779,17,open,1.0,2.36
2.46,3,74.774658,19,closed,0.0,2.46
2.46,3,74.781644,19,closed,0.0,2.46
2.46,3,74.78867,19,closed,0.0,2.46
-3.85,3,74.794714,15,closed,0.0,-3.85
2.58,3,74.800431,15,open,1.0,2.58
2.58,3,74.806305,15,open,1.0,2.58
-3.85,3,74.812487,15,closed,0.0,-3.85
2.46,3,74.819454,19,closed,0.0,2.46
-4.05,3,74.825518,15,closed,0.0,-4.050000000000001
1.92,3,74.831877,17,closed,0.0,1.9199999999999997
2.46,3,74.838778,19,closed,0.0,2.46
2.36,3,74.8448,17,open,1.0,2.36
2.36,3,74.850711,17,open,1.0,2.36
2.46,3,74.857591,19,closed,0.0,2.46
2.36,3,74.863639,17,open,1.0,2.36
-3.85,3,74.869696,15,closed,0.0,-3.85
2.5,3,74.876226,19,open,1.0,2.5
2.54,3,74.882384,19,open,1.0,2.54
1.92,3,74.888727,17,closed,0.0,1.9199999999999997
2.58,3,74.894577,15,open,1.0,2.58
2.36,3,74.900509,17,open,1.0,2.36
2.46,3,74.907402,19,closed,0.0,2.46
-3.85,3,74.913559,15,closed,0.0,-3.85
-3.85,3,74.919626,15,closed,0.0,-3.85
2.5,3,74.926119,19,open,1.0,2.5
2.58,3,74.931977,15,open,1.0,2.58
2.58,3,74.937729,15,open,1.0,2.58
2.36,3,74.943619,17,open,1.0,2.36
2.54,3,74.949861,19,open,1.0,2.54
-3.85,3,74.955915,15,closed,0.0,-3.85
2.36,3,74.961938,17,open,1.0,2.36
1.92,3,74.968323,17,closed,0.0,1.9199999999999997
-3.85,3,74.974383,15,closed,0.0,-3.85
1.92,3,74.980796,17,closed,0.0,1.9199999999999997
-3.85,3,74.986875,15,closed,0.0,-3.85
2.58,3,74.992618,15,open,1.0,2.58
2.36,3,74.998603,17,open,1.0,2.36
2.54,3,75.004692,19,open,1.0,2.54
2.46,3,75.0116,19,open,1.0,2.46
2.58,3,75.017471,15,open,1.0,2.58
2.54,3,75.023542,19,open,1.0,2.54
2.46,3,75.030564,19,closed,0.0,2.46
-3.85,3,75.036665,15,closed,0.0,-3.85
2.5,3,75.043204,19,open,1.0,2.5
2.36,3,75.049208,17,open,1.0,2.36
2.14,3,75.05529,17,open,1.0,2.1399999999999997
1.92,3,75.061707,17,closed,0.0,1.9199999999999997
2.58,3,75.067423,15,open,1.0,2.58
2.54,3,75.073518,19,open,1.0,2.54
1.92,3,75.079956,17,closed,0.0,1.9199999999999997
2.54,3,75.086078,19,open,1.0,2.54
2.36,3,75.09204,17,open,1.0,2.36
1.92,3,75.098499,17,closed,0.0,1.9199999999999997
2.54,3,75.104616,19,open,1.0,2.54
2.46,3,75.111632,19,closed,0.0,2.46
1.92,3,75.117972,17,closed,0.0,1.9199999999999997
2.58,3,75.123702,15,open,1.0,2.58
2.46,3,75.130726,19,closed,0.0,2.46
-3.85,3,75.136833,15,closed,0.0,-3.85
1.92,3,75.143159,17,closed,0.0,1.9199999999999997
2.46,3,75.150138,19,closed,0.0,2.46
-3.85,3,75.156146,15,closed,0.0,-3.85
-3.85,3,75.162327,15,closed,0.0,-3.85
2.54,3,75.168453,19,open,1.0,2.54
-3.85,3,75.17453,15,closed,0.0,-3.85
2.54,3,75.18066,19,open,1.0,2.54
1.92,3,75.187,17,closed,0.0,1.9199999999999997
2.46,3,75.193819,19,open,1.0,2.46
-3.85,3,75.199943,15,closed,0.0,-3.85
1.92,3,75.206301,17,closed,0.0,1.9199999999999997
2.46,3,75.213272,19,closed,0.0,2.46
2.46,3,75.220216,19,closed,0.0,2.46
2.46,3,75.227092,19,closed,0.0,2.46
2.58,3,75.232963,15,open,1.0,2.58
2.46,3,75.239856,19,closed,0.0,2.46
-3.85,3,75.24605,15,closed,0.0,-3.85
-3.85,3,75.252114,15,closed,0.0,-3.85
-3.85,3,75.258099,15,closed,0.0,-3.85
2.58,3,75.263791,15,open,1.0,2.58
2.5,3,75.270203,19,open,1.0,2.5
-4.05,3,75.276286,15,closed,0.0,-4.050000000000001
2.54,3,75.282487,19,open,1.0,2.54
2.36,3,75.288419,17,open,1.0,2.36
2.58,3,75.294248,15,open,1.0,2.58
-3.85,3,75.300272,15,closed,0.0,-3.85
2.54,3,75.306323,19,open,1.0,2.54
-3.85,3,75.312343,15,closed,0.0,-3.85
2.54,3,75.318445,19,open,1.0,2.54
-3.85,3,75.324502,15,closed,0.0,-3.85
2.58,3,75.330352,15,open,1.0,2.58
2.46,3,75.33722,19,closed,0.0,2.46
2.36,3,75.343219,17,open,1.0,2.36
2.36,3,75.349131,17,open,1.0,2.36
1.92,3,75.355438,17,closed,0.0,1.9199999999999997
2.46,3,75.362473,19,closed,0.0,2.46
1.92,3,75.368827,17,closed,0.0,1.9199999999999997
-3.85,3,75.37488,15,closed,0.0,-3.85
2.54,3,75.381125,19,open,1.0,2.54
1.92,3,75.387572,17,closed,0.0,1.9199999999999997
2.58,3,75.393351,15,open,1.0,2.58
1.92,3,75.399666,17,closed,0.0,1.9199999999999997
2.46,3,75.40655,19,closed,0.0,2.46
-3.85,3,75.412651,15,closed,0.0,-3.85
1.92,3,75.419031,17,closed,0.0,1.9199999999999997
0.37,3,75.424864,15,open,1.0,0.3699999999999999
2.58,3,75.430713,15,open,1.0,2.58
1.92,3,75.437045,17,closed,0.0,1.9199999999999997
-3.85,3,75.443124,15,closed,0.0,-3.85
1.92,3,75.449533,17,closed,0.0,1.9199999999999997
2.58,3,75.4553,15,open,1.0,2.58
2.5,3,75.461918,19,open,1.0,2.5
-3.85,3,75.468036,15,closed,0.0,-3.85
2.58,3,75.473773,15,open,1.0,2.58
2.58,3,75.479525,15,open,1.0,2.58
-3.85,3,75.48555,15,closed,0.0,-3.85
-3.85,3,75.491596,15,closed,0.0,-3.85
-3.85,3,75.497711,15,closed,0.0,-3.85
2.46,3,75.504636,19,closed,0.0,2.46
1.92,3,75.511188,17,closed,0.0,1.9199999999999997
2.46,3,75.518146,19,closed,0.0,2.46
2.58,3,75.523896,17,open,1.0,2.58
2.58,3,75.529677,15,open,1.0,2.58
1.92,3,75.536143,17,closed,0.0,1.9199999999999997
-3.85,3,75.542341,15,closed,0.0,-3.85
2.58,3,75.548092,15,open,1.0,2.58
2.36,3,75.553985,17,open,1.0,2.36
2.58,3,75.559734,15,open,1.0,2.58
2.36,3,75.5656,17,open,1.0,2.36
2.54,3,75.571756,19,open,1.0,2.54
2.46,3,75.578649,19,closed,0.0,2.46
2.58,3,75.584503,15,open,1.0,2.58
2.58,3,75.590239,15,open,1.0,2.58
2.58,3,75.595953,15,open,1.0,2.58
-3.85,3,75.602123,15,closed,0.0,-3.85
2.36,3,75.608057,17,open,1.0,2.36
-3.85,3,75.614225,15,closed,0.0,-3.85
2.36,3,75.620155,17,open,1.0,2.36
1.92,3,75.626509,17,closed,0.0,1.9199999999999997
2.36,3,75.632544,17,open,1.0,2.36
2.36,3,75.63845,17,open,1.0,2.36
-3.85,3,75.644617,15,closed,0.0,-3.85
1.92,3,75.650987,17,closed,0.0,1.9199999999999997
2.36,3,75.656898,17,open,1.0,2.36
0.57,3,75.662843,15,open,1.0,0.5700000000000001
2.36,3,75.668799,17,open,1.0,2.36
2.5,3,75.675315,19,open,1.0,2.5
2.54,3,75.681532,19,open,1.0,2.54
1.92,3,75.687905,17,closed,0.0,1.9199999999999997
-3.85,3,75.694058,15,closed,0.0,-3.85
-3.85,3,75.70011,15,closed,0.0,-3.85
1.92,3,75.706432,17,closed,0.0,1.9199999999999997
2.54,3,75.712589,19,open,1.0,2.54
-3.85,3,75.71858,15,closed,0.0,-3.85
2.36,3,75.724528,17,open,1.0,2.36
1.92,3,75.730936,17,closed,0.0,1.9199999999999997
-3.85,3,75.737015,15,closed,0.0,-3.85
-3.85,3,75.743017,15,closed,0.0,-3.85
2.58,3,75.748857,15,open,1.0,2.58
-3.45,3,75.754812,15,closed,0.0,-3.4499999999999997
2.36,3,75.760744,17,open,1.0,2.36
-3.85,3,75.844388,15,closed,0.0,-3.85
2.54,3,75.850654,19,open,1.0,2.54
2.36,3,75.856615,17,open,1.0,2.36
-3.85,3,75.862659,15,closed,0.0,-3.85
2.58,3,75.868425,15,open,1.0,2.58
-3.85,3,75.874418,15,closed,0.0,-3.85
2.46,3,75.881427,19,closed,0.0,2.46
2.46,3,75.8884,19,closed,0.0,2.46
1.92,3,75.894836,17,closed,0.0,1.9199999999999997
1.92,3,75.901222,17,closed,0.0,1.9199999999999997
1.92,3,75.907557,17,closed,0.0,1.9199999999999997
2.58,3,75.913417,15,open,1.0,2.58
2.46,3,75.920346,19,closed,0.0,2.46
2.36,3,75.92631,17,open,1.0,2.36
2.58,3,75.932139,15,open,1.0,2.58
-3.85,3,75.938162,15,closed,0.0,-3.85
2.58,3,75.943939,15,open,1.0,2.58
0.57,3,75.949734,15,open,1.0,0.5700000000000001
1.92,3,75.956081,17,closed,0.0,1.9199999999999997
2.5,3,75.962603,19,open,1.0,2.5
2.5,3,75.969062,19,open,1.0,2.5
-3.85,3,75.975056,15,closed,0.0,-3.85
2.58,3,75.980901,15,open,1.0,2.58
2.58,3,75.986645,15,open,1.0,2.58
2.36,3,75.992631,17,open,1.0,2.36
2.46,3,75.999618,19,closed,0.0,2.46
-0.39,3,76.006091,17,closed,0.0,-0.39000000000000035
2.36,3,76.012128,17,open,1.0,2.36
2.58,3,76.017914,15,open,1.0,2.58
2.58,3,76.023706,15,open,1.0,2.58
-3.85,3,76.029875,15,closed,0.0,-3.85
2.46,3,76.036862,19,closed,0.0,2.46
2.58,3,76.042687,15,open,1.0,2.58
-3.85,3,76.048855,15,closed,0.0,-3.85
2.58,3,76.054569,17,open,1.0,2.58
2.58,3,76.060284,15,open,1.0,2.58
2.54,3,76.066388,19,open,1.0,2.54
2.58,3,76.072155,15,open,1.0,2.58
2.36,3,76.078121,17,open,1.0,2.36
2.5,3,76.084622,19,open,1.0,2.5
2.58,3,76.090363,15,open,1.0,2.58
-3.85,3,76.096505,15,closed,0.0,-3.85
2.46,3,76.103445,19,closed,0.0,2.46
2.46,3,76.110368,19,closed,0.0,2.46
2.58,3,76.116179,15,open,1.0,2.58
2.36,3,76.12209,17,open,1.0,2.36
2.5,3,76.128658,19,open,1.0,2.5
2.36,3,76.134628,17,open,1.0,2.36
2.54,3,76.140772,19,open,1.0,2.54
2.36,3,76.14681,17,open,1.0,2.36
1.92,3,76.15318,17,closed,0.0,1.9199999999999997
2.46,3,76.160096,19,closed,0.0,2.46
2.5,3,76.166717,19,open,1.0,2.5
1.92,3,76.173064,17,closed,0.0,1.9199999999999997
1.92,3,76.179541,17,closed,0.0,1.9199999999999997
2.46,3,76.186461,19,closed,0.0,2.46
-3.85,3,76.192558,15,closed,0.0,-3.85
2.28,3,76.199327,19,closed,0.0,2.28
2.36,3,76.205248,17,open,1.0,2.36
2.58,3,76.210996,15,open,1.0,2.58
1.92,3,76.217519,17,closed,0.0,1.9199999999999997
2.58,3,76.223275,15,open,1.0,2.58
-3.85,3,76.229339,15,closed,0.0,-3.85
2.36,3,76.235264,17,open,1.0,2.36
2.58,3,76.24099,15,open,1.0,2.58
2.36,3,76.246989,17,open,1.0,2.36
1.92,3,76.253382,17,closed,0.0,1.9199999999999997
1.92,3,76.259758,17,closed,0.0,1.9199999999999997
1.92,3,76.266167,17,closed,0.0,1.9199999999999997
2.36,3,76.272108,19,open,1.0,2.36
2.36,3,76.2781,17,open,1.0,2.36
2.36,3,76.284079,17,open,1.0,2.36
1.92,3,76.290392,17,closed,0.0,1.9199999999999997
2.58,3,76.29626,15,open,1.0,2.58
2.54,3,76.302359,19,open,1.0,2.54
2.54,3,76.308498,19,open,1.0,2.54
2.36,3,76.314506,17,open,1.0,2.36
2.54,3,76.32064,19,open,1.0,2.54
2.58,3,76.326395,15,open,1.0,2.58
-3.85,3,76.332517,15,closed,0.0,-3.85
2.46,3,76.339429,19,closed,0.0,2.46
2.36,3,76.345396,17,open,1.0,2.36
2.58,3,76.351117,15,open,1.0,2.58
2.54,3,76.357211,19,open,1.0,2.54
2.58,3,76.363051,15,open,1.0,2.58
2.5,3,76.369695,19,open,1.0,2.5
2.46,3,76.376636,19,closed,0.0,2.46
2.36,3,76.38267,17,open,1.0,2.36
2.46,3,76.389637,19,closed,0.0,2.46
1.92,3,76.396039,17,closed,0.0,1.9199999999999997
1.92,3,76.402507,17,closed,0.0,1.9199999999999997
2.58,3,76.408277,15,open,1.0,2.58
2.46,3,76.415309,19,closed,0.0,2.46
2.58,3,76.4211,15,open,1.0,2.58
2.58,3,76.426882,15,open,1.0,2.58
2.58,3,76.432664,15,open,1.0,2.58
1.92,3,76.438999,17,closed,0.0,1.9199999999999997
2.46,3,76.446007,19,closed,0.0,2.46
2.58,3,76.451823,15,open,1.0,2.58
2.46,3,76.458707,19,closed,0.0,2.46
2.5,3,76.465237,19,open,1.0,2.5
2.54,3,76.471272,19,open,1.0,2.54
2.46,3,76.478235,19,closed,0.0,2.46
2.58,3,76.484046,15,open,1.0,2.58
-3.85,3,76.490084,15,closed,0.0,-3.85
2.54,3,76.496318,19,open,1.0,2.54
2.58,3,76.502071,15,open,1.0,2.58
2.58,3,76.507838,15,open,1.0,2.58
2.36,3,76.513904,17,open,1.0,2.36
2.46,3,76.520872,19,closed,0.0,2.46
-3.85,3,76.526936,15,closed,0.0,-3.85
2.36,3,76.532938,17,open,1.0,2.36
1.92,3,76.539332,17,closed,0.0,1.9199999999999997
2.5,3,76.545941,19,open,1.0,2.5
-3.85,3,76.552005,15,closed,0.0,-3.85
2.46,3,76.558868,19,closed,0.0,2.46
2.46,3,76.565896,19,closed,0.0,2.46
2.54,3,76.572026,19,open,1.0,2.54
-3.85,3,76.578113,15,closed,0.0,-3.85
1.92,3,76.584529,17,closed,0.0,1.9199999999999997
-3.85,3,76.590578,15,closed,0.0,-3.85
1.92,3,76.597008,17,closed,0.0,1.9199999999999997
2.5,3,76.603513,19,open,1.0,2.5
2.46,3,76.610486,19,closed,0.0,2.46
1.92,3,76.616906,17,closed,0.0,1.9199999999999997
1.92,3,76.623289,17,closed,0.0,1.9199999999999997
2.58,3,76.629127,15,open,1.0,2.58
2.46,3,76.636055,19,closed,0.0,2.46
2.58,3,76.641745,15,open,1.0,2.58
2.46,3,76.648733,19,closed,0.0,2.46
2.54,3,76.654828,19,open,1.0,2.54
2.58,3,76.660558,15,open,1.0,2.58
2.46,3,76.667621,19,closed,0.0,2.46
2.28,3,76.674334,19,closed,0.0,2.28
2.54,3,76.68052,19,open,1.0,2.54
2.46,3,76.687445,19,closed,0.0,2.46
-3.85,3,76.693507,15,closed,0.0,-3.85
2.54,3,76.69972,19,open,1.0,2.54
2.46,3,76.706614,19,closed,0.0,2.46
2.58,3,76.712451,15,open,1.0,2.58
2.58,3,76.718231,15,open,1.0,2.58
2.46,3,76.725125,19,closed,0.0,2.46
1.92,3,76.731576,17,closed,0.0,1.9199999999999997
2.46,3,76.738467,19,closed,0.0,2.46
2.58,3,76.744314,15,open,1.0,2.58
2.36,3,76.750216,17,open,1.0,2.36
2.58,3,76.755906,15,open,1.0,2.58
2.54,3,76.762079,19,open,1.0,2.54
2.58,3,76.767806,15,open,1.0,2.58
2.36,3,76.773711,17,open,1.0,2.36
2.36,3,76.779655,17,open,1.0,2.36
2.46,3,76.786549,19,closed,0.0,2.46
2.36,3,76.792456,17,open,1.0,2.36
-3.85,3,76.798662,15,closed,0.0,-3.85
-3.85,3,76.804704,15,closed,0.0,-3.85
2.58,3,76.810387,15,open,1.0,2.58
1.92,3,76.816825,17,closed,0.0,1.9199999999999997
2.46,3,76.823742,19,closed,0.0,2.46
-3.85,3,76.829794,15,closed,0.0,-3.85
-3.85,3,76.836036,15,closed,0.0,-3.85
2.58,3,76.84185,15,open,1.0,2.58
2.46,3,76.848853,19,closed,0.0,2.46
2.36,3,76.854825,17,open,1.0,2.36
2.36,3,76.860813,17,open,1.0,2.36
2.58,3,76.866619,15,open,1.0,2.58
2.46,3,76.873552,19,closed,0.0,2.46
1.92,3,76.880022,17,closed,0.0,1.9199999999999997
2.46,3,76.88695,19,closed,0.0,2.46
-4.05,3,76.892994,15,closed,0.0,-4.050000000000001
2.5,3,76.899582,19,open,1.0,2.5
-3.85,3,76.905627,15,closed,0.0,-3.85
1.92,3,76.911996,17,closed,0.0,1.9199999999999997
1.92,3,76.918503,17,closed,0.0,1.9199999999999997
-3.85,3,76.924618,15,closed,0.0,-3.85
1.92,3,76.93107,17,closed,0.0,1.9199999999999997
2.46,3,76.937988,19,closed,0.0,2.46
2.46,3,76.944922,19,closed,0.0,2.46
1.92,3,76.951372,17,closed,0.0,1.9199999999999997
0.11,3,76.957799,17,closed,0.0,0.10999999999999988
2.46,3,76.964788,19,closed,0.0,2.46
2.58,3,76.970537,15,open,1.0,2.58
0.57,3,76.9764,15,open,1.0,0.5700000000000001
1.92,3,76.982799,17,closed,0.0,1.9199999999999997
-3.85,3,76.988857,15,closed,0.0,-3.85
2.5,3,76.995466,19,open,1.0,2.5
2.46,3,77.002377,19,closed,0.0,2.46
2.46,3,77.009324,19,closed,0.0,2.46
2.46,3,77.016254,19,closed,0.0,2.46
2.36,3,77.022233,17,open,1.0,2.36
2.58,3,77.02806,15,open,1.0,2.58
1.92,3,77.034371,17,closed,0.0,1.9199999999999997
2.54,3,77.040431,19,open,1.0,2.54
2.46,3,77.047409,19,closed,0.0,2.46
-3.85,3,77.053459,15,closed,0.0,-3.85
2.58,3,77.059199,15,open,1.0,2.58
2.54,3,77.065332,19,open,1.0,2.54
-3.85,3,77.071406,15,closed,0.0,-3.85
2.36,3,77.077352,17,open,1.0,2.36
2.36,3,77.083284,17,open,1.0,2.36
2.58,3,77.088976,15,open,1.0,2.58
2.36,3,77.095066,17,open,1.0,2.36
2.54,3,77.1013,19,open,1.0,2.54
2.58,3,77.107038,15,open,1.0,2.58
1.92,3,77.113447,17,closed,0.0,1.9199999999999997
2.58,3,77.119232,15,open,1.0,2.58
2.5,3,77.125705,19,open,1.0,2.5
2.46,3,77.132665,19,closed,0.0,2.46
1.92,3,77.139013,17,closed,0.0,1.9199999999999997
-3.85,3,77.145148,15,closed,0.0,-3.85
-3.85,3,77.151222,15,closed,0.0,-3.85
2.46,3,77.15811,19,closed,0.0,2.46
2.46,3,77.164999,19,closed,0.0,2.46
2.54,3,77.171146,19,open,1.0,2.54
-3.85,3,77.177343,15,closed,0.0,-3.85
2.54,3,77.183458,19,open,1.0,2.54
1.92,3,77.189786,17,closed,0.0,1.9199999999999997
2.58,3,77.195596,15,open,1.0,2.58
2.36,3,77.20147,17,open,1.0,2.36
2.36,3,77.207389,17,open,1.0,2.36
1.92,3,77.213773,17,closed,0.0,1.9199999999999997
1.92,3,77.220102,17,closed,0.0,1.9199999999999997
2.46,3,77.226966,19,closed,0.0,2.46
2.54,3,77.233076,19,open,1.0,2.54
2.36,3,77.238991,17,open,1.0,2.36
2.58,3,77.244819,15,open,1.0,2.58
2.36,3,77.250723,17,open,1.0,2.36
-3.85,3,77.256778,15,closed,0.0,-3.85
1.92,3,77.263259,17,closed,0.0,1.9199999999999997
1.92,3,77.269629,17,closed,0.0,1.9199999999999997
2.58,3,77.275353,15,open,1.0,2.58
1.92,3,77.281751,17,closed,0.0,1.9199999999999997
2.32,3,77.288098,19,open,1.0,2.32
2.36,3,77.294002,17,open,1.0,2.36
1.92,3,77.300417,17,closed,0.0,1.9199999999999997
2.5,3,77.306918,19,open,1.0,2.5
2.46,3,77.313821,19,closed,0.0,2.46
2.54,3,77.319898,19,open,1.0,2.54
2.36,3,77.325776,17,open,1.0,2.36
2.54,3,77.331958,19,open,1.0,2.54
1.92,3,77.338274,17,closed,0.0,1.9199999999999997
1.92,3,77.344683,17,closed,0.0,1.9199999999999997
2.36,3,77.350764,17,open,1.0,2.36
-3.85,3,77.356783,15,closed,0.0,-3.85
2.5,3,77.363379,19,open,1.0,2.5
2.58,3,77.369243,15,open,1.0,2.58
2.36,3,77.375238,17,open,1.0,2.36
2.5,3,77.381834,19,open,1.0,2.5
1.92,3,77.388198,17,closed,0.0,1.9199999999999997
2.36,3,77.394189,17,open,1.0,2.36
2.58,3,77.400055,15,open,1.0,2.58
-3.85,3,77.406075,15,closed,0.0,-3.85
2.36,3,77.41213,17,open,1.0,2.36
2.36,3,77.418127,17,open,1.0,2.36
2.58,3,77.423871,15,open,1.0,2.58
2.5,3,77.430456,19,open,1.0,2.5
1.92,3,77.436848,17,closed,0.0,1.9199999999999997
2.36,3,77.442806,17,open,1.0,2.36
2.46,3,77.449784,19,closed,0.0,2.46
2.36,3,77.455758,17,open,1.0,2.36
1.92,3,77.462147,17,closed,0.0,1.9199999999999997
1.92,3,77.468431,17,closed,0.0,1.9199999999999997
1.92,3,77.474757,17,closed,0.0,1.9199999999999997
2.36,3,77.480809,17,open,1.0,2.36
-3.85,3,77.486878,15,closed,0.0,-3.85
1.92,3,77.493324,17,closed,0.0,1.9199999999999997
1.92,3,77.499778,17,closed,0.0,1.9199999999999997
1.92,3,77.506147,17,closed,0.0,1.9199999999999997
-3.85,3,77.512331,15,closed,0.0,-3.85
2.54,3,77.518522,19,open,1.0,2.54
-3.85,3,77.524614,15,closed,0.0,-3.85
-3.85,3,77.530742,15,closed,0.0,-3.85
2.46,3,77.537688,19,closed,0.0,2.46
2.54,3,77.543914,19,open,1.0,2.54
2.58,3,77.549706,15,open,1.0,2.58
2.5,3,77.556188,19,open,1.0,2.5
2.36,3,77.562197,17,open,1.0,2.36
2.46,3,77.569096,19,closed,0.0,2.46
1.92,3,77.575449,17,closed,0.0,1.9199999999999997
2.36,3,77.581381,17,open,1.0,2.36
-0.39,3,77.587814,17,closed,0.0,-0.39000000000000035
2.36,3,77.593893,17,open,1.0,2.36
2.5,3,77.600492,19,open,1.0,2.5
-3.85,3,77.606564,15,closed,0.0,-3.85
0.11,3,77.61312,17,closed,0.0,0.10999999999999988
1.92,3,77.61946,17,closed,0.0,1.9199999999999997
2.58,3,77.625198,15,open,1.0,2.58
2.36,3,77.631132,17,open,1.0,2.36
2.46,3,77.638064,19,closed,0.0,2.46
2.54,3,77.644278,19,open,1.0,2.54
2.36,3,77.650159,17,open,1.0,2.36
2.46,3,77.657114,19,closed,0.0,2.46
2.54,3,77.663295,19,open,1.0,2.54
1.92,3,77.669653,17,closed,0.0,1.9199999999999997
2.58,3,77.675364,15,open,1.0,2.58
2.36,3,77.681433,17,open,1.0,2.36
2.46,3,77.688362,19,closed,0.0,2.46
2.46,3,77.695365,19,open,1.0,2.46
2.46,3,77.702259,19,closed,0.0,2.46
2.58,3,77.707984,15,open,1.0,2.58
1.92,3,77.714418,17,closed,0.0,1.9199999999999997
2.58,3,77.720206,15,open,1.0,2.58
1.92,3,77.726522,17,closed,0.0,1.9199999999999997
2.58,3,77.732344,15,open,1.0,2.58
2.36,3,77.73823,17,open,1.0,2.36
2.54,3,77.744436,19,open,1.0,2.54
2.58,3,77.750199,15,open,1.0,2.58
1.92,3,77.75652,17,closed,0.0,1.9199999999999997
2.58,3,77.762413,17,open,1.0,2.58
2.36,3,77.76832,17,open,1.0,2.36
2.58,3,77.774068,15,open,1.0,2.58
2.36,3,77.780101,17,open,1.0,2.36
2.36,3,77.786047,17,open,1.0,2.36
-3.85,3,77.792037,15,closed,0.0,-3.85
1.92,3,77.798476,17,closed,0.0,1.9199999999999997
-3.85,3,77.804531,15,closed,0.0,-3.85
2.46,3,77.811447,19,closed,0.0,2.46
2.58,3,77.817307,15,open,1.0,2.58
2.58,3,77.823098,15,open,1.0,2.58
1.92,3,77.829532,17,closed,0.0,1.9199999999999997
2.58,3,77.83532,15,open,1.0,2.58
2.46,3,77.842207,19,closed,0.0,2.46
2.58,3,77.848002,15,open,1.0,2.58
2.54,3,77.854105,19,open,1.0,2.54
2.58,3,77.859906,15,open,1.0,2.58
2.46,3,77.86694,19,closed,0.0,2.46
2.54,3,77.873031,19,open,1.0,2.54
1.92,3,77.879385,17,closed,0.0,1.9199999999999997
2.54,3,77.885473,19,open,1.0,2.54
2.36,3,77.891407,17,open,1.0,2.36
2.5,3,77.897959,19,open,1.0,2.5
1.92,3,77.904316,17,closed,0.0,1.9199999999999997
2.36,3,77.910279,17,open,1.0,2.36
1.92,3,77.916603,17,closed,0.0,1.9199999999999997
1.92,3,77.922942,17,closed,0.0,1.9199999999999997
2.46,3,77.929906,19,closed,0.0,2.46
1.92,3,77.936304,17,closed,0.0,1.9199999999999997
2.54,3,77.942477,19,open,1.0,2.54
2.58,3,77.948306,15,open,1.0,2.58
2.58,3,77.95403,15,open,1.0,2.58
2.46,3,77.960895,19,closed,0.0,2.46
1.92,3,77.967338,17,closed,0.0,1.9199999999999997
-3.85,3,78.049617,15,closed,0.0,-3.85
-3.85,3,78.05592,15,closed,0.0,-3.85
2.5,3,78.062403,19,open,1.0,2.5
-3.85,3,78.068604,15,closed,0.0,-3.85
2.58,3,78.074357,15,open,1.0,2.58
2.54,3,78.080565,19,open,1.0,2.54
-3.85,3,78.086661,15,closed,0.0,-3.85
2.58,3,78.092646,15,open,1.0,2.58
2.5,3,78.099228,19,open,1.0,2.5
1.92,3,78.105606,17,closed,0.0,1.9199999999999997
-3.85,3,78.11176,15,closed,0.0,-3.85
2.46,3,78.118649,19,closed,0.0,2.46
-3.85,3,78.124754,15,closed,0.0,-3.85
2.36,3,78.130807,17,open,1.0,2.36
2.5,3,78.137306,19,open,1.0,2.5
2.5,3,78.143819,19,open,1.0,2.5
2.54,3,78.149928,19,open,1.0,2.54
2.58,3,78.155678,15,open,1.0,2.58
-3.85,3,78.161817,15,closed,0.0,-3.85
-3.85,3,78.167908,15,closed,0.0,-3.85
-3.85,3,78.173971,15,closed,0.0,-3.85
1.92,3,78.180439,17,closed,0.0,1.9199999999999997
2.58,3,78.186199,15,open,1.0,2.58
1.92,3,78.192536,17,closed,0.0,1.9199999999999997
-3.85,3,78.198706,15,closed,0.0,-3.85
2.36,3,78.204654,17,open,1.0,2.36
-3.85,3,78.210674,15,closed,0.0,-3.85
-3.85,3,78.216853,15,closed,0.0,-3.85
-3.85,3,78.222886,15,closed,0.0,-3.85
-3.85,3,78.229033,15,closed,0.0,-3.85
1.92,3,78.23542,17,closed,0.0,1.9199999999999997
2.58,3,78.241177,15,open,1.0,2.58
2.58,3,78.24694,15,open,1.0,2.58
2.5,3,78.253427,19,open,1.0,2.5
2.58,3,78.259145,15,open,1.0,2.58
2.36,3,78.265126,17,open,1.0,2.36
1.92,3,78.271477,17,closed,0.0,1.9199999999999997
-3.85,3,78.277606,15,closed,0.0,-3.85
2.36,3,78.28359,17,open,1.0,2.36
2.46,3,78.290493,19,closed,0.0,2.46
2.58,3,78.296252,15,open,1.0,2.58
2.46,3,78.303135,19,closed,0.0,2.46
1.92,3,78.309486,17,closed,0.0,1.9199999999999997
-3.85,3,78.315601,15,closed,0.0,-3.85
1.92,3,78.321986,17,closed,0.0,1.9199999999999997
-3.85,3,78.328099,15,closed,0.0,-3.85
2.5,3,78.33464,19,open,1.0,2.5
2.58,3,78.340399,15,open,1.0,2.58
2.5,3,78.34696,19,open,1.0,2.5
2.46,3,78.353884,19,closed,0.0,2.46
-3.85,3,78.359987,15,closed,0.0,-3.85
2.54,3,78.366279,19,open,1.0,2.54
2.58,3,78.372057,15,open,1.0,2.58
2.5,3,78.378715,19,open,1.0,2.5
2.58,3,78.384453,15,open,1.0,2.58
2.46,3,78.391359,19,closed,0.0,2.46
2.58,3,78.397242,15,open,1.0,2.58
1.92,3,78.403608,17,closed,0.0,1.9199999999999997
1.92,3,78.409961,17,closed,0.0,1.9199999999999997
1.92,3,78.416411,17,closed,0.0,1.9199999999999997
2.36,3,78.422344,17,open,1.0,2.36
-3.85,3,78.428477,15,closed,0.0,-3.85
-3.85,3,78.434569,15,closed,0.0,-3.85
2.5,3,78.44111,19,open,1.0,2.5
2.58,3,78.446918,15,open,1.0,2.58
-3.85,3,78.452971,15,closed,0.0,-3.85
1.92,3,78.459275,17,closed,0.0,1.9199999999999997
-3.85,3,78.465439,15,closed,0.0,-3.85
-3.85,3,78.471493,15,closed,0.0,-3.85
2.36,3,78.477504,17,open,1.0,2.36
2.58,3,78.483279,15,open,1.0,2.58
2.46,3,78.490225,19,closed,0.0,2.46
1.92,3,78.496687,17,closed,0.0,1.9199999999999997
2.54,3,78.502857,19,open,1.0,2.54
2.36,3,78.508791,17,open,1.0,2.36
2.58,3,78.514647,15,open,1.0,2.58
1.92,3,78.520986,17,closed,0.0,1.9199999999999997
1.92,3,78.527409,17,closed,0.0,1.9199999999999997
2.54,3,78.533569,19,open,1.0,2.54
-3.85,3,78.539623,15,closed,0.0,-3.85
1.92,3,78.546091,17,closed,0.0,1.9199999999999997
0.57,3,78.551915,15,open,1.0,0.5700000000000001
2.58,3,78.557659,15,open,1.0,2.58
1.92,3,78.564096,17,closed,0.0,1.9199999999999997
-3.85,3,78.570137,15,closed,0.0,-3.85
2.58,3,78.575883,15,open,1.0,2.58
-3.85,3,78.582028,15,closed,0.0,-3.85
2.36,3,78.587974,17,open,1.0,2.36
2.5,3,78.594407,19,open,1.0,2.5
2.58,3,78.600271,15,open,1.0,2.58
2.36,3,78.606218,17,open,1.0,2.36
1.92,3,78.612651,17,closed,0.0,1.9199999999999997
2.46,3,78.619625,19,closed,0.0,2.46
2.36,3,78.625509,17,open,1.0,2.36
-3.85,3,78.631674,15,closed,0.0,-3.85
2.36,3,78.637584,17,open,1.0,2.36
-3.85,3,78.64369,15,closed,0.0,-3.85
2.54,3,78.649896,19,open,1.0,2.54
2.46,3,78.656764,19,closed,0.0,2.46
2.58,3,78.662595,15,open,1.0,2.58
2.5,3,78.669079,19,open,1.0,2.5
2.58,3,78.674849,15,open,1.0,2.58
2.58,3,78.680694,15,open,1.0,2.58
2.54,3,78.686817,19,open,1.0,2.54
2.46,3,78.693719,19,closed,0.0,2.46
-3.85,3,78.699858,15,closed,0.0,-3.85
2.36,3,78.705752,17,open,1.0,2.36
2.36,3,78.711807,17,open,1.0,2.36
1.92,3,78.718245,17,closed,0.0,1.9199999999999997
2.58,3,78.724017,15,open,1.0,2.58
2.54,3,78.730269,19,open,1.0,2.54
-3.85,3,78.736345,15,closed,0.0,-3.85
2.46,3,78.743277,19,closed,0.0,2.46
2.46,3,78.750258,19,closed,0.0,2.46
-4.25,3,78.756335,15,closed,0.0,-4.25
2.36,3,78.762296,17,open,1.0,2.36
2.36,3,78.768196,17,open,1.0,2.36
2.5,3,78.774697,19,open,1.0,2.5
-3.85,3,78.780826,15,closed,0.0,-3.85
-3.85,3,78.78689,15,closed,0.0,-3.85
2.36,3,78.792866,17,open,1.0,2.36
2.36,3,78.7989,17,open,1.0,2.36
2.36,3,78.804852,17,open,1.0,2.36
2.58,3,78.810604,15,open,1.0,2.58
2.54,3,78.816776,19,open,1.0,2.54
2.36,3,78.822716,17,open,1.0,2.36
-3.85,3,78.828854,15,closed,0.0,-3.85
2.46,3,78.835774,19,closed,0.0,2.46
2.58,3,78.841527,15,open,1.0,2.58
-3.85,3,78.847695,15,closed,0.0,-3.85
-3.45,3,78.853723,15,closed,0.0,-3.4499999999999997
-0.39,3,78.860198,17,closed,0.0,-0.39000000000000035
0.11,3,78.86671,17,closed,0.0,0.10999999999999988
2.46,3,78.873625,19,closed,0.0,2.46
2.46,3,78.880642,19,closed,0.0,2.46
1.92,3,78.887006,17,closed,0.0,1.9199999999999997
2.46,3,78.89391,19,closed,0.0,2.46
2.54,3,78.900121,19,open,1.0,2.54
2.58,3,78.905864,15,open,1.0,2.58
1.92,3,78.912318,17,closed,0.0,1.9199999999999997
2.58,3,78.918114,15,open,1.0,2.58
2.54,3,78.924244,19,open,1.0,2.54
-3.85,3,78.930353,15,closed,0.0,-3.85
2.36,3,78.93628,17,open,1.0,2.36
2.54,3,78.942419,19,open,1.0,2.54
-3.85,3,78.94856,15,closed,0.0,-3.85
2.36,3,78.954472,17,open,1.0,2.36
-3.85,3,78.960562,15,closed,0.0,-3.85
2.54,3,78.966697,19,open,1.0,2.54
2.54,3,78.972781,19,open,1.0,2.54
2.58,3,78.978592,15,open,1.0,2.58
1.92,3,78.984962,17,closed,0.0,1.9199999999999997
2.58,3,78.990676,15,open,1.0,2.58
2.46,3,78.997662,19,closed,0.0,2.46
2.36,3,79.003644,17,open,1.0,2.36
-3.85,3,79.00973,15,closed,0.0,-3.85
-3.85,3,79.015874,15,closed,0.0,-3.85
-3.85,3,79.021967,15,closed,0.0,-3.85
-3.85,3,79.028127,15,closed,0.0,-3.85
2.46,3,79.035191,19,closed,0.0,2.46
2.46,3,79.042109,19,closed,0.0,2.46
1.92,3,79.048578,17,closed,0.0,1.9199999999999997
2.5,3,79.055078,19,open,1.0,2.5
2.58,3,79.060958,15,open,1.0,2.58
1.92,3,79.067303,17,closed,0.0,1.9199999999999997
2.54,3,79.073432,19,open,1.0,2.54
1.92,3,79.079828,17,closed,0.0,1.9199999999999997
2.46,3,79.086768,19,closed,0.0,2.46
1.92,3,79.093339,17,closed,0.0,1.9199999999999997
2.58,3,79.099197,15,open,1.0,2.58
2.58,3,79.104944,15,open,1.0,2.58
2.5,3,79.111393,19,open,1.0,2.5
2.58,3,79.117239,15,open,1.0,2.58
2.46,3,79.124165,19,closed,0.0,2.46
2.36,3,79.130212,17,open,1.0,2.36
2.46,3,79.137055,19,open,1.0,2.46
2.46,3,79.144008,19,closed,0.0,2.46
2.58,3,79.149724,15,open,1.0,2.58
2.36,3,79.15562,17,open,1.0,2.36
2.46,3,79.162517,19,open,1.0,2.46
2.58,3,79.168285,15,open,1.0,2.58
2.36,3,79.174161,17,open,1.0,2.36
2.36,3,79.180163,17,open,1.0,2.36
2.36,3,79.186147,17,open,1.0,2.36
-3.85,3,79.192255,15,closed,0.0,-3.85
2.36,3,79.198132,17,open,1.0,2.36
2.5,3,79.204592,19,open,1.0,2.5
-3.85,3,79.210719,15,closed,0.0,-3.85
2.54,3,79.216894,19,open,1.0,2.54
2.58,3,79.222615,15,open,1.0,2.58
2.46,3,79.229563,19,closed,0.0,2.46
-3.85,3,79.235639,15,closed,0.0,-3.85
2.46,3,79.24251,19,closed,0.0,2.46
1.92,3,79.248946,17,closed,0.0,1.9199999999999997
2.46,3,79.255903,19,closed,0.0,2.46
2.36,3,79.261968,17,open,1.0,2.36
-3.85,3,79.268042,15,closed,0.0,-3.85
-3.85,3,79.274069,15,closed,0.0,-3.85
2.54,3,79.280262,19,open,1.0,2.54
2.46,3,79.287186,19,closed,0.0,2.46
1.92,3,79.293534,17,closed,0.0,1.9199999999999997
2.36,3,79.299549,17,open,1.0,2.36
-3.85,3,79.305557,15,closed,0.0,-3.85
-3.85,3,79.311707,15,closed,0.0,-3.85
2.58,3,79.31747,15,open,1.0,2.58
2.58,3,79.323193,15,open,1.0,2.58
2.36,3,79.329236,17,open,1.0,2.36
2.36,3,79.335179,17,open,1.0,2.36
2.46,3,79.342178,19,closed,0.0,2.46
2.58,3,79.347901,15,open,1.0,2.58
1.92,3,79.354253,17,closed,0.0,1.9199999999999997
1.92,3,79.360626,17,closed,0.0,1.9199999999999997
2.46,3,79.367685,19,closed,0.0,2.46
2.46,3,79.374641,19,closed,0.0,2.46
-3.85,3,79.380799,15,closed,0.0,-3.85
-3.85,3,79.386879,15,closed,0.0,-3.85
1.92,3,79.393262,17,closed,0.0,1.9199999999999997
2.54,3,79.399493,19,open,1.0,2.54
1.92,3,79.405836,17,closed,0.0,1.9199999999999997
-3.85,3,79.411942,15,closed,0.0,-3.85
-3.85,3,79.418075,15,closed,0.0,-3.85
2.58,3,79.423797,19,open,1.0,2.58
2.54,3,79.430003,19,open,1.0,2.54
2.58,3,79.435752,15,open,1.0,2.58
2.46,3,79.442668,19,closed,0.0,2.46
2.36,3,79.448695,17,open,1.0,2.36
1.92,3,79.455037,17,closed,0.0,1.9199999999999997
1.92,3,79.461488,17,closed,0.0,1.9199999999999997
2.5,3,79.467995,19,open,1.0,2.5
2.58,3,79.473795,15,open,1.0,2.58
1.92,3,79.480245,17,closed,0.0,1.9199999999999997
-3.85,3,79.48634,15,closed,0.0,-3.85
2.54,3,79.492477,19,open,1.0,2.54
1.92,3,79.498991,17,closed,0.0,1.9199999999999997
2.58,3,79.507695,15,open,1.0,2.58
2.54,3,79.517717,19,open,1.0,2.54
2.36,3,79.524005,17,open,1.0,2.36
2.54,3,79.530086,19,open,1.0,2.54
2.46,3,79.536928,19,closed,0.0,2.46
-3.85,3,79.542952,15,closed,0.0,-3.85
2.46,3,79.549763,19,closed,0.0,2.46
2.36,3,79.557083,17,open,1.0,2.36
1.92,3,79.564297,17,closed,0.0,1.9199999999999997
2.54,3,79.570617,19,open,1.0,2.54
2.46,3,79.57755,19,closed,0.0,2.46
2.54,3,79.583616,19,open,1.0,2.54
2.58,3,79.589317,15,open,1.0,2.58
2.46,3,79.596463,19,closed,0.0,2.46
2.36,3,79.602382,17,open,1.0,2.36
-3.85,3,79.608392,15,closed,0.0,-3.85
-3.85,3,79.614358,15,closed,0.0,-3.85
2.54,3,79.620412,19,open,1.0,2.54
-3.85,3,79.626367,15,closed,0.0,-3.85
2.58,3,79.632057,15,open,1.0,2.58
-3.85,3,79.638024,15,closed,0.0,-3.85
2.36,3,79.643916,17,open,1.0,2.36
-3.85,3,79.649919,15,closed,0.0,-3.85
-3.85,3,79.655957,15,closed,0.0,-3.85
2.46,3,79.662829,19,closed,0.0,2.46
2.46,3,79.669781,19,closed,0.0,2.46
2.46,3,79.678422,19,closed,0.0,2.46
2.46,3,79.685381,19,closed,0.0,2.46
2.46,3,79.692266,19,closed,0.0,2.46
2.54,3,79.698335,19,open,1.0,2.54
2.58,3,79.704063,15,open,1.0,2.58
2.36,3,79.709955,17,open,1.0,2.36
2.5,3,79.716352,19,open,1.0,2.5
2.46,3,79.723499,19,closed,0.0,2.46
2.46,3,79.730416,19,closed,0.0,2.46
2.46,3,79.737307,19,closed,0.0,2.46
1.92,3,79.743831,17,closed,0.0,1.9199999999999997
-3.85,3,79.74996,15,closed,0.0,-3.85
2.46,3,79.756909,19,closed,0.0,2.46
2.58,3,79.762702,15,open,1.0,2.58
1.92,3,79.769081,17,closed,0.0,1.9199999999999997
2.5,3,79.775526,19,open,1.0,2.5
2.54,3,79.781729,19,open,1.0,2.54
2.54,3,79.787896,19,open,1.0,2.54
2.36,3,79.793807,17,open,1.0,2.36
2.58,3,79.799655,15,open,1.0,2.58
2.36,3,79.805605,17,open,1.0,2.36
2.46,3,79.812605,19,closed,0.0,2.46
1.92,3,79.81902,17,closed,0.0,1.9199999999999997
2.46,3,79.825874,19,open,1.0,2.46
-3.85,3,79.831918,15,closed,0.0,-3.85
1.92,3,79.838266,17,closed,0.0,1.9199999999999997
-3.85,3,79.844291,15,closed,0.0,-3.85
2.5,3,79.850787,19,open,1.0,2.5
2.36,3,79.856673,17,open,1.0,2.36
2.54,3,79.862926,19,open,1.0,2.54
-3.85,3,79.868942,15,closed,0.0,-3.85
-3.85,3,79.874989,15,closed,0.0,-3.85
2.58,3,79.880735,15,open,1.0,2.58
1.92,3,79.887004,17,closed,0.0,1.9199999999999997
2.5,3,79.893494,19,open,1.0,2.5
2.46,3,79.900337,19,closed,0.0,2.46
1.92,3,79.906675,17,closed,0.0,1.9199999999999997
2.54,3,79.912699,19,open,1.0,2.54
2.36,3,79.918615,17,open,1.0,2.36
2.58,3,79.924231,15,open,1.0,2.58
-3.85,3,79.930355,15,closed,0.0,-3.85
-3.85,3,79.936503,15,closed,0.0,-3.85
1.92,3,79.942898,17,closed,0.0,1.9199999999999997
1.92,3,79.949341,17,closed,0.0,1.9199999999999997
2.46,3,79.956257,19,closed,0.0,2.46
-3.85,3,79.962339,15,closed,0.0,-3.85
1.92,3,79.968671,17,closed,0.0,1.9199999999999997
2.36,3,79.974556,17,open,1.0,2.36
2.36,3,79.980438,17,open,1.0,2.36
2.36,3,79.98633,17,open,1.0,2.36
-3.85,3,79.992339,15,closed,0.0,-3.85
1.92,3,79.998786,17,closed,0.0,1.9199999999999997
2.46,3,80.005743,19,closed,0.0,2.46
2.46,3,80.012751,19,closed,0.0,2.46
2.58,3,80.018501,15,open,1.0,2.58
2.36,3,80.024435,17,open,1.0,2.36
2.36,3,80.030457,17,open,1.0,2.36
2.46,3,80.03743,19,closed,0.0,2.46
-3.85,3,80.043474,15,closed,0.0,-3.85
1.92,3,80.049918,17,closed,0.0,1.9199999999999997
2.54,3,80.056023,19,open,1.0,2.54
2.36,3,80.06196,17,open,1.0,2.36
2.58,3,80.067646,15,open,1.0,2.58
2.58,3,80.073369,15,open,1.0,2.58
2.46,3,80.080335,19,closed,0.0,2.46
2.58,3,80.086125,15,open,1.0,2.58
2.58,3,80.092036,15,open,1.0,2.58
2.58,3,80.097939,15,open,1.0,2.58
1.92,3,80.104286,17,closed,0.0,1.9199999999999997
-3.85,3,80.110363,15,closed,0.0,-3.85
2.36,3,80.116295,17,open,1.0,2.36
-3.85,3,80.122332,15,closed,0.0,-3.85
-3.85,3,80.128424,15,closed,0.0,-3.85
1.92,3,80.134777,17,closed,0.0,1.9199999999999997
2.36,3,80.140659,17,open,1.0,2.36
-3.85,3,80.146761,15,closed,0.0,-3.85
-3.85,3,80.152831,15,closed,0.0,-3.85
-3.85,3,80.158861,15,closed,0.0,-3.85
-3.85,3,80.165042,15,closed,0.0,-3.85
-3.85,3,80.171059,15,closed,0.0,-3.85
1.92,3,80.177414,17,closed,0.0,1.9199999999999997
2.5,3,80.183884,19,open,1.0,2.5
2.36,3,80.267359,17,open,1.0,2.36
2.46,3,80.274386,19,closed,0.0,2.46
2.58,3,80.280276,15,open,1.0,2.58
-3.85,3,80.286361,15,closed,0.0,-3.85
2.46,3,80.293269,19,closed,0.0,2.46
2.46,3,80.300274,19,closed,0.0,2.46
1.92,3,80.306602,17,closed,0.0,1.9199999999999997
1.92,3,80.313048,17,closed,0.0,1.9199999999999997
2.58,3,80.318799,15,open,1.0,2.58
-3.85,3,80.324844,15,closed,0.0,-3.85
-3.85,3,80.331011,15,closed,0.0,-3.85
2.54,3,80.337177,19,open,1.0,2.54
-3.85,3,80.34324,15,closed,0.0,-3.85
2.36,3,80.349257,17,open,1.0,2.36
2.36,3,80.355195,17,open,1.0,2.36
-3.85,3,80.361346,15,closed,0.0,-3.85
2.36,3,80.367258,17,open,1.0,2.36
-3.85,3,80.373463,15,closed,0.0,-3.85
-3.85,3,80.379567,15,closed,0.0,-3.85
1.92,3,80.386055,17,closed,0.0,1.9199999999999997
2.46,3,80.39304,19,closed,0.0,2.46
1.92,3,80.399408,17,closed,0.0,1.9199999999999997
2.58,3,80.405167,15,open,1.0,2.58
2.58,3,80.410914,15,open,1.0,2.58
2.46,3,80.417889,19,closed,0.0,2.46
2.54,3,80.424019,19,open,1.0,2.54
2.58,3,80.429873,17,open,1.0,2.58
-3.85,3,80.435923,15,closed,0.0,-3.85
2.54,3,80.442004,19,open,1.0,2.54
1.92,3,80.448576,17,closed,0.0,1.9199999999999997
2.5,3,80.455088,19,open,1.0,2.5
1.92,3,80.461565,17,closed,0.0,1.9199999999999997
2.36,3,80.467507,17,open,1.0,2.36
-3.85,3,80.473531,15,closed,0.0,-3.85
2.36,3,80.479548,17,open,1.0,2.36
2.46,3,80.486478,19,closed,0.0,2.46
2.46,3,80.493423,19,closed,0.0,2.46
2.36,3,80.499333,17,open,1.0,2.36
2.54,3,80.505442,19,open,1.0,2.54
1.92,3,80.511867,17,closed,0.0,1.9199999999999997
1.92,3,80.518214,17,closed,0.0,1.9199999999999997
2.46,3,80.525156,19,closed,0.0,2.46
2.46,3,80.532067,19,closed,0.0,2.46
2.36,3,80.53798,17,open,1.0,2.36
1.92,3,80.544408,17,closed,0.0,1.9199999999999997
1.92,3,80.550751,17,closed,0.0,1.9199999999999997
2.46,3,80.557634,19,closed,0.0,2.46
-3.85,3,80.563808,15,closed,0.0,-3.85
2.5,3,80.570304,19,open,1.0,2.5
2.28,3,80.576985,19,closed,0.0,2.28
1.92,3,80.583457,17,closed,0.0,1.9199999999999997
2.46,3,80.590358,19,closed,0.0,2.46
2.36,3,80.596281,17,open,1.0,2.36
-3.85,3,80.602498,15,closed,0.0,-3.85
2.5,3,80.608981,19,open,1.0,2.5
2.46,3,80.61601,19,closed,0.0,2.46
2.36,3,80.621964,17,open,1.0,2.36
-3.85,3,80.628025,15,closed,0.0,-3.85
2.54,3,80.634139,19,open,1.0,2.54
2.5,3,80.640616,19,open,1.0,2.5
2.46,3,80.647634,19,closed,0.0,2.46
2.58,3,80.653356,15,open,1.0,2.58
-3.85,3,80.659398,15,closed,0.0,-3.85
2.36,3,80.665398,17,open,1.0,2.36
-3.85,3,80.671461,15,closed,0.0,-3.85
2.54,3,80.677644,19,open,1.0,2.54
2.54,3,80.68373,19,open,1.0,2.54
2.36,3,80.689666,17,open,1.0,2.36
2.46,3,80.696689,19,closed,0.0,2.46
2.46,3,80.703631,19,closed,0.0,2.46
2.36,3,80.709584,17,open,1.0,2.36
2.58,3,80.715427,15,open,1.0,2.58
2.46,3,80.72236,19,closed,0.0,2.46
-3.85,3,80.728477,15,closed,0.0,-3.85
2.58,3,80.734205,15,open,1.0,2.58
-3.85,3,80.740247,15,closed,0.0,-3.85
-3.85,3,80.74633,15,closed,0.0,-3.85
-3.85,3,80.752412,15,closed,0.0,-3.85
1.92,3,80.758769,17,closed,0.0,1.9199999999999997
2.46,3,80.76569,19,closed,0.0,2.46
2.36,3,80.771613,17,open,1.0,2.36
-3.85,3,80.777619,15,closed,0.0,-3.85
2.54,3,80.783804,19,open,1.0,2.54
2.28,3,80.790591,19,closed,0.0,2.28
2.58,3,80.796488,15,open,1.0,2.58
2.36,3,80.802448,17,open,1.0,2.36
2.58,3,80.808318,15,open,1.0,2.58
2.58,3,80.814152,15,open,1.0,2.58
2.46,3,80.821112,19,closed,0.0,2.46
-3.85,3,80.827214,15,closed,0.0,-3.85
1.92,3,80.833488,17,closed,0.0,1.9199999999999997
2.46,3,80.840375,19,closed,0.0,2.46
2.54,3,80.846533,19,open,1.0,2.54
-3.85,3,80.852572,15,closed,0.0,-3.85
2.36,3,80.862207,17,open,1.0,2.36
1.92,3,80.868723,17,closed,0.0,1.9199999999999997
1.92,3,80.875196,17,closed,0.0,1.9199999999999997
2.58,3,80.881046,15,open,1.0,2.58
1.92,3,80.887425,17,closed,0.0,1.9199999999999997
1.92,3,80.893767,17,closed,0.0,1.9199999999999997
2.46,3,80.900735,19,closed,0.0,2.46
2.36,3,80.906683,17,open,1.0,2.36
2.58,3,80.912546,15,open,1.0,2.58
2.5,3,80.919013,19,open,1.0,2.5
2.54,3,80.925155,19,open,1.0,2.54
2.14,3,80.931396,17,open,1.0,2.1399999999999997
2.54,3,80.937501,19,open,1.0,2.54
2.46,3,80.944454,19,closed,0.0,2.46
2.28,3,80.951129,19,closed,0.0,2.28
1.92,3,80.957473,17,closed,0.0,1.9199999999999997
-3.45,3,80.96359,15,closed,0.0,-3.4499999999999997
2.58,3,80.96931,15,open,1.0,2.58
1.92,3,80.975643,17,closed,0.0,1.9199999999999997
2.36,3,80.981627,17,open,1.0,2.36
2.36,3,80.98755,17,open,1.0,2.36
-3.85,3,80.993595,15,closed,0.0,-3.85
2.46,3,81.000447,19,closed,0.0,2.46
2.54,3,81.006549,19,open,1.0,2.54
2.54,3,81.012727,19,open,1.0,2.54
-3.85,3,81.018775,15,closed,0.0,-3.85
1.92,3,81.025129,17,closed,0.0,1.9199999999999997
2.54,3,81.031264,19,open,1.0,2.54
-3.85,3,81.037311,15,closed,0.0,-3.85
-0.39,3,81.04382,17,closed,0.0,-0.39000000000000035
2.54,3,81.049869,19,open,1.0,2.54
2.58,3,81.055628,15,open,1.0,2.58
2.36,3,81.061552,17,open,1.0,2.36
2.36,3,81.067471,17,open,1.0,2.36
2.5,3,81.073962,19,open,1.0,2.5
2.58,3,81.079849,15,open,1.0,2.58
2.54,3,81.085957,19,open,1.0,2.54
-3.85,3,81.092258,15,closed,0.0,-3.85
1.92,3,81.098768,17,closed,0.0,1.9199999999999997
-3.85,3,81.104808,15,closed,0.0,-3.85
2.54,3,81.111006,19,open,1.0,2.54
-3.85,3,81.117079,15,closed,0.0,-3.85
2.5,3,81.123595,19,open,1.0,2.5
2.54,3,81.129832,19,open,1.0,2.54
2.46,3,81.136685,19,closed,0.0,2.46
2.58,3,81.142432,15,open,1.0,2.58
2.46,3,81.149389,19,closed,0.0,2.46
2.58,3,81.155108,15,open,1.0,2.58
-3.85,3,81.161226,15,closed,0.0,-3.85
2.58,3,81.166946,17,open,1.0,2.58
1.92,3,81.173297,17,closed,0.0,1.9199999999999997
1.92,3,81.179659,17,closed,0.0,1.9199999999999997
2.46,3,81.186686,19,closed,0.0,2.46
2.36,3,81.192652,17,open,1.0,2.36
2.58,3,81.198476,15,open,1.0,2.58
2.36,3,81.204415,17,open,1.0,2.36
-3.85,3,81.210439,15,closed,0.0,-3.85
1.92,3,81.216896,17,closed,0.0,1.9199999999999997
2.46,3,81.223835,19,closed,0.0,2.46
2.54,3,81.230019,19,open,1.0,2.54
2.5,3,81.23651,19,open,1.0,2.5
2.58,3,81.242252,15,open,1.0,2.58
2.46,3,81.2492,19,closed,0.0,2.46
2.58,3,81.254913,15,open,1.0,2.58
2.54,3,81.261047,19,open,1.0,2.54
2.46,3,81.267909,19,closed,0.0,2.46
-3.85,3,81.273963,15,closed,0.0,-3.85
1.92,3,81.280376,17,closed,0.0,1.9199999999999997
2.46,3,81.28725,19,closed,0.0,2.46
2.46,3,81.294219,19,closed,0.0,2.46
2.54,3,81.30038,19,open,1.0,2.54
2.46,3,81.307284,19,closed,0.0,2.46
-3.85,3,81.313444,15,closed,0.0,-3.85
1.92,3,81.319795,17,closed,0.0,1.9199999999999997
-3.85,3,81.325878,15,closed,0.0,-3.85
1.92,3,81.332196,17,closed,0.0,1.9199999999999997
2.36,3,81.338114,17,open,1.0,2.36
1.92,3,81.344475,17,closed,0.0,1.9199999999999997
2.54,3,81.350573,19,open,1.0,2.54
2.46,3,81.357462,19,closed,0.0,2.46
2.36,3,81.363439,17,open,1.0,2.36
2.36,3,81.369453,17,open,1.0,2.36
1.92,3,81.375834,17,closed,0.0,1.9199999999999997
2.5,3,81.382458,19,open,1.0,2.5
2.46,3,81.38942,19,closed,0.0,2.46
2.36,3,81.395463,17,open,1.0,2.36
2.36,3,81.401406,17,open,1.0,2.36
-3.85,3,81.407474,15,closed,0.0,-3.85
2.58,3,81.413323,15,open,1.0,2.58
2.36,3,81.419254,17,open,1.0,2.36
1.92,3,81.42556,17,closed,0.0,1.9199999999999997
2.58,3,81.431394,15,open,1.0,2.58
-3.85,3,81.437457,15,closed,0.0,-3.85
-3.85,3,81.443578,15,closed,0.0,-3.85
2.46,3,81.450497,19,closed,0.0,2.46
1.92,3,81.456822,17,closed,0.0,1.9199999999999997
2.36,3,81.46289,17,open,1.0,2.36
2.36,3,81.468928,17,open,1.0,2.36
2.58,3,81.474677,15,open,1.0,2.58
1.92,3,81.481151,17,closed,0.0,1.9199999999999997
2.46,3,81.488026,19,closed,0.0,2.46
2.58,3,81.493811,15,open,1.0,2.58
2.5,3,81.500403,19,open,1.0,2.5
2.46,3,81.507371,19,closed,0.0,2.46
-3.85,3,81.513519,15,closed,0.0,-3.85
2.36,3,81.519449,17,open,1.0,2.36
2.58,3,81.525235,15,open,1.0,2.58
2.36,3,81.531278,17,open,1.0,2.36
1.92,3,81.537661,17,closed,0.0,1.9199999999999997
1.92,3,81.544047,17,closed,0.0,1.9199999999999997
2.58,3,81.549929,15,open,1.0,2.58
2.46,3,81.556823,19,closed,0.0,2.46
-3.85,3,81.563038,15,closed,0.0,-3.85
2.54,3,81.569236,19,open,1.0,2.54
2.5,3,81.575729,19,open,1.0,2.5
2.54,3,81.581926,19,open,1.0,2.54
-3.85,3,81.58799,15,closed,0.0,-3.85
2.58,3,81.593901,15,open,1.0,2.58
2.46,3,81.600935,19,closed,0.0,2.46
2.36,3,81.606959,17,open,1.0,2.36
-3.85,3,81.61313,15,closed,0.0,-3.85
2.36,3,81.619091,17,open,1.0,2.36
1.92,3,81.625459,17,closed,0.0,1.9199999999999997
2.58,3,81.631171,15,open,1.0,2.58
2.54,3,81.637278,19,open,1.0,2.54
2.46,3,81.644141,19,closed,0.0,2.46
1.92,3,81.650488,17,closed,0.0,1.9199999999999997
2.54,3,81.656657,19,open,1.0,2.54
-3.85,3,81.662786,15,closed,0.0,-3.85
2.36,3,81.66872,17,open,1.0,2.36
2.46,3,81.675633,19,closed,0.0,2.46
2.58,3,81.681458,15,open,1.0,2.58
2.58,3,81.687161,15,open,1.0,2.58
2.58,3,81.692894,15,open,1.0,2.58
-3.85,3,81.699032,15,closed,0.0,-3.85
2.46,3,81.705945,19,closed,0.0,2.46
2.5,3,81.712562,19,open,1.0,2.5
2.5,3,81.719091,19,open,1.0,2.5
1.92,3,81.725462,17,closed,0.0,1.9199999999999997
2.58,3,81.731322,15,open,1.0,2.58
2.46,3,81.738172,19,closed,0.0,2.46
2.58,3,81.744031,15,open,1.0,2.58
1.92,3,81.750354,17,closed,0.0,1.9199999999999997
2.46,3,81.757208,19,closed,0.0,2.46
1.92,3,81.763688,17,closed,0.0,1.9199999999999997
1.92,3,81.770034,17,closed,0.0,1.9199999999999997
2.36,3,81.775936,17,open,1.0,2.36
1.92,3,81.782377,17,closed,0.0,1.9199999999999997
1.92,3,81.788767,17,closed,0.0,1.9199999999999997
2.36,3,81.794797,17,open,1.0,2.36
-3.85,3,81.800839,15,closed,0.0,-3.85
1.92,3,81.807142,17,closed,0.0,1.9199999999999997
-3.85,3,81.813288,15,closed,0.0,-3.85
-3.85,3,81.81934,15,closed,0.0,-3.85
2.54,3,81.825434,19,open,1.0,2.54
-3.85,3,81.831556,15,closed,0.0,-3.85
2.54,3,81.837629,19,open,1.0,2.54
-3.85,3,81.843708,15,closed,0.0,-3.85
2.46,3,81.850712,19,closed,0.0,2.46
2.58,3,81.856428,15,open,1.0,2.58
-3.85,3,81.862571,15,closed,0.0,-3.85
2.54,3,81.868692,19,open,1.0,2.54
2.5,3,81.875177,19,open,1.0,2.5
2.36,3,81.881253,17,open,1.0,2.36
2.46,3,81.888164,19,closed,0.0,2.46
2.36,3,81.894209,17,open,1.0,2.36
2.54,3,81.900342,19,open,1.0,2.54
1.92,3,81.906672,17,closed,0.0,1.9199999999999997
-3.85,3,81.912834,15,closed,0.0,-3.85
1.92,3,81.919243,17,closed,0.0,1.9199999999999997
-3.85,3,81.925316,15,closed,0.0,-3.85
2.58,3,81.931155,15,open,1.0,2.58
2.46,3,81.938039,19,closed,0.0,2.46
2.46,3,81.945032,19,closed,0.0,2.46
2.46,3,81.951935,19,closed,0.0,2.46
2.46,3,81.958824,19,closed,0.0,2.46
2.58,3,81.964673,15,open,1.0,2.58
2.58,3,81.970413,15,open,1.0,2.58
2.58,3,81.976179,15,open,1.0,2.58
2.58,3,81.982049,15,open,1.0,2.58
2.58,3,81.987763,15,open,1.0,2.58
2.46,3,81.994705,19,open,1.0,2.46
2.46,3,82.001634,19,closed,0.0,2.46
2.46,3,82.008531,19,closed,0.0,2.46
2.46,3,82.015533,19,closed,0.0,2.46
2.36,3,82.021482,17,open,1.0,2.36
1.92,3,82.027945,17,closed,0.0,1.9199999999999997
-3.85,3,82.033983,15,closed,0.0,-3.85
2.36,3,82.039896,17,open,1.0,2.36
2.36,3,82.04595,17,open,1.0,2.36
2.58,3,82.051668,15,open,1.0,2.58
2.36,3,82.057658,17,open,1.0,2.36
2.46,3,82.064769,19,closed,0.0,2.46
2.46,3,82.071662,19,closed,0.0,2.46
-3.85,3,82.077816,15,closed,0.0,-3.85
0.57,3,82.083636,15,open,1.0,0.5700000000000001
-3.85,3,82.089789,15,closed,0.0,-3.85
2.36,3,82.096049,17,open,1.0,2.36
-3.85,3,82.102132,15,closed,0.0,-3.85
1.92,3,82.108474,17,closed,0.0,1.9199999999999997
2.46,3,82.115462,19,closed,0.0,2.46
1.92,3,82.12178,17,closed,0.0,1.9199999999999997
2.46,3,82.128815,19,closed,0.0,2.46
-0.39,3,82.135313,17,closed,0.0,-0.39000000000000035
2.5,3,82.141794,19,open,1.0,2.5
2.54,3,82.14799,19,open,1.0,2.54
-3.85,3,82.154013,15,closed,0.0,-3.85
2.46,3,82.160949,19,closed,0.0,2.46
1.92,3,82.167397,17,closed,0.0,1.9199999999999997
-3.85,3,82.173442,15,closed,0.0,-3.85
-3.85,3,82.179565,15,closed,0.0,-3.85
1.92,3,82.185895,17,closed,0.0,1.9199999999999997
2.58,3,82.191654,15,open,1.0,2.58
2.58,3,82.19747,15,open,1.0,2.58
2.58,3,82.203223,15,open,1.0,2.58
2.46,3,82.210165,19,closed,0.0,2.46
2.46,3,82.217102,19,closed,0.0,2.46
2.46,3,82.223973,19,closed,0.0,2.46
2.36,3,82.230079,17,open,1.0,2.36
2.46,3,82.237,19,closed,0.0,2.46
1.92,3,82.243389,17,closed,0.0,1.9199999999999997
2.46,3,82.250417,19,closed,0.0,2.46
2.58,3,82.25615,15,open,1.0,2.58
-3.85,3,82.262315,15,closed,0.0,-3.85
-3.85,3,82.268319,15,closed,0.0,-3.85
2.5,3,82.274825,19,open,1.0,2.5
1.92,3,82.281272,17,closed,0.0,1.9199999999999997
1.92,3,82.287606,17,closed,0.0,1.9199999999999997
1.92,3,82.294075,17,closed,0.0,1.9199999999999997
1.92,3,82.300494,17,closed,0.0,1.9199999999999997
1.92,3,82.306913,17,closed,0.0,1.9199999999999997
-3.85,3,82.313109,15,closed,0.0,-3.85
2.58,3,82.318894,15,open,1.0,2.58
-3.85,3,82.324933,15,closed,0.0,-3.85
2.36,3,82.330995,17,open,1.0,2.36
2.36,3,82.336899,17,open,1.0,2.36
2.46,3,82.343801,19,closed,0.0,2.46
2.54,3,82.350009,19,open,1.0,2.54
2.58,3,82.355721,15,open,1.0,2.58
-3.85,3,82.361845,15,closed,0.0,-3.85
2.46,3,82.368726,19,closed,0.0,2.46
2.54,3,82.374872,19,open,1.0,2.54
1.92,3,82.381302,17,closed,0.0,1.9199999999999997
2.54,3,82.387445,19,open,1.0,2.54
2.46,3,82.394404,19,closed,0.0,2.46
2.46,3,82.401271,19,closed,0.0,2.46
2.46,3,82.408175,19,closed,0.0,2.46
2.36,3,82.491861,17,open,1.0,2.36
2.36,3,82.497989,17,open,1.0,2.36
2.46,3,82.504922,19,open,1.0,2.46
2.58,3,82.510815,15,open,1.0,2.58
2.36,3,82.516768,17,open,1.0,2.36
-3.85,3,82.52283,15,closed,0.0,-3.85
2.54,3,82.528997,19,open,1.0,2.54
2.36,3,82.534893,17,open,1.0,2.36
1.92,3,82.541219,17,closed,0.0,1.9199999999999997
2.46,3,82.548245,19,closed,0.0,2.46
1.92,3,82.554605,17,closed,0.0,1.9199999999999997
2.54,3,82.56073,19,open,1.0,2.54
2.46,3,82.567741,19,closed,0.0,2.46
2.46,3,82.574706,19,closed,0.0,2.46
2.58,3,82.580475,15,open,1.0,2.58
2.36,3,82.586564,17,open,1.0,2.36
2.46,3,82.593514,19,closed,0.0,2.46
-3.85,3,82.599673,15,closed,0.0,-3.85
-3.85,3,82.605721,15,closed,0.0,-3.85
1.92,3,82.612181,17,closed,0.0,1.9199999999999997
2.58,3,82.617916,15,open,1.0,2.58
2.54,3,82.624027,19,open,1.0,2.54
2.46,3,82.631059,19,closed,0.0,2.46
2.46,3,82.637995,19,closed,0.0,2.46
2.36,3,82.643951,17,open,1.0,2.36
2.46,3,82.65092,19,closed,0.0,2.46
1.92,3,82.657285,17,closed,0.0,1.9199999999999997
-3.85,3,82.663426,15,closed,0.0,-3.85
2.54,3,82.66955,19,open,1.0,2.54
2.36,3,82.675447,17,open,1.0,2.36
2.46,3,82.682406,19,closed,0.0,2.46
1.92,3,82.688777,17,closed,0.0,1.9199999999999997
2.54,3,82.694996,19,open,1.0,2.54
2.58,3,82.700783,15,open,1.0,2.58
2.58,3,82.706499,15,open,1.0,2.58
1.92,3,82.712938,17,closed,0.0,1.9199999999999997
2.46,3,82.719867,19,closed,0.0,2.46
2.36,3,82.725844,17,open,1.0,2.36
1.92,3,82.732169,17,closed,0.0,1.9199999999999997
-3.85,3,82.738164,15,closed,0.0,-3.85
2.54,3,82.744376,19,open,1.0,2.54
2.58,3,82.750118,15,open,1.0,2.58
2.58,3,82.755864,15,open,1.0,2.58
1.92,3,82.762355,17,closed,0.0,1.9199999999999997
2.58,3,82.768128,15,open,1.0,2.58
2.36,3,82.774081,17,open,1.0,2.36
2.46,3,82.781078,19,closed,0.0,2.46
2.58,3,82.786827,15,open,1.0,2.58
1.92,3,82.793175,17,closed,0.0,1.9199999999999997
1.92,3,82.799629,17,closed,0.0,1.9199999999999997
2.46,3,82.806504,19,closed,0.0,2.46
2.54,3,82.812737,19,open,1.0,2.54
2.36,3,82.818639,17,open,1.0,2.36
2.46,3,82.825527,19,closed,0.0,2.46
-3.85,3,82.831657,15,closed,0.0,-3.85
1.92,3,82.838001,17,closed,0.0,1.9199999999999997
2.36,3,82.843864,17,open,1.0,2.36
2.46,3,82.850809,19,closed,0.0,2.46
2.36,3,82.856746,17,open,1.0,2.36
2.36,3,82.862821,17,open,1.0,2.36
2.58,3,82.868555,15,open,1.0,2.58
2.36,3,82.874463,17,open,1.0,2.36
2.58,3,82.880276,15,open,1.0,2.58
2.36,3,82.886193,17,open,1.0,2.36
2.58,3,82.891947,15,open,1.0,2.58
1.92,3,82.898386,17,closed,0.0,1.9199999999999997
1.92,3,82.90472,17,closed,0.0,1.9199999999999997
-3.85,3,82.910918,15,closed,0.0,-3.85
2.46,3,82.917838,19,closed,0.0,2.46
-3.85,3,82.923888,15,closed,0.0,-3.85
2.36,3,82.929867,17,open,1.0,2.36
2.36,3,82.935832,17,open,1.0,2.36
-3.85,3,82.941851,15,closed,0.0,-3.85
1.92,3,82.948196,17,closed,0.0,1.9199999999999997
2.36,3,82.95409,17,open,1.0,2.36
2.58,3,82.959814,15,open,1.0,2.58
2.46,3,82.96683,19,closed,0.0,2.46
2.36,3,82.972781,17,open,1.0,2.36
2.36,3,82.97874,17,open,1.0,2.36
1.92,3,82.98508,17,closed,0.0,1.9199999999999997
2.36,3,82.990978,17,open,1.0,2.36
2.58,3,82.996796,15,open,1.0,2.58
1.92,3,83.003116,17,closed,0.0,1.9199999999999997
2.54,3,83.009205,19,open,1.0,2.54
2.58,3,83.015032,15,open,1.0,2.58
1.92,3,83.021333,17,closed,0.0,1.9199999999999997
2.36,3,83.027312,17,open,1.0,2.36
1.92,3,83.03373,17,closed,0.0,1.9199999999999997
2.58,3,83.039488,15,open,1.0,2.58
2.36,3,83.045569,17,open,1.0,2.36
2.46,3,83.052444,19,closed,0.0,2.46
2.46,3,83.059378,19,closed,0.0,2.46
1.92,3,83.065842,17,closed,0.0,1.9199999999999997
-3.85,3,83.071854,15,closed,0.0,-3.85
1.92,3,83.078282,17,closed,0.0,1.9199999999999997
1.92,3,83.084621,17,closed,0.0,1.9199999999999997
2.58,3,83.09038,15,open,1.0,2.58
1.92,3,83.096956,17,closed,0.0,1.9199999999999997
-3.85,3,83.102979,15,closed,0.0,-3.85
2.46,3,83.109835,19,closed,0.0,2.46
2.58,3,83.115658,15,open,1.0,2.58
2.54,3,83.12175,19,open,1.0,2.54
-3.85,3,83.127722,15,closed,0.0,-3.85
2.54,3,83.13393,19,open,1.0,2.54
2.46,3,83.140803,19,closed,0.0,2.46
1.92,3,83.147248,17,closed,0.0,1.9199999999999997
2.46,3,83.154137,19,closed,0.0,2.46
2.46,3,83.161025,19,closed,0.0,2.46
2.54,3,83.167197,19,open,1.0,2.54
1.92,3,83.173523,17,closed,0.0,1.9199999999999997
2.54,3,83.179715,19,open,1.0,2.54
2.46,3,83.1866,19,closed,0.0,2.46
2.36,3,83.192515,17,open,1.0,2.36
-3.85,3,83.198656,15,closed,0.0,-3.85
2.54,3,83.20476,19,open,1.0,2.54
-3.85,3,83.210884,15,closed,0.0,-3.85
1.92,3,83.217221,17,closed,0.0,1.9199999999999997
1.92,3,83.223546,17,closed,0.0,1.9199999999999997
2.36,3,83.229544,17,open,1.0,2.36
2.5,3,83.236023,19,open,1.0,2.5
1.92,3,83.242323,17,closed,0.0,1.9199999999999997
2.58,3,83.248143,15,open,1.0,2.58
-3.85,3,83.254199,15,closed,0.0,-3.85
2.58,3,83.259938,15,open,1.0,2.58
2.54,3,83.266062,19,open,1.0,2.54
2.46,3,83.272935,19,closed,0.0,2.46
1.92,3,83.279395,17,closed,0.0,1.9199999999999997
-3.85,3,83.285426,15,closed,0.0,-3.85
2.58,3,83.291322,15,open,1.0,2.58
2.54,3,83.297526,19,open,1.0,2.54
2.58,3,83.303236,15,open,1.0,2.58
2.54,3,83.309369,19,open,1.0,2.54
2.36,3,83.315338,17,open,1.0,2.36
2.46,3,83.322205,19,closed,0.0,2.46
2.46,3,83.329216,19,closed,0.0,2.46
1.92,3,83.335563,17,closed,0.0,1.9199999999999997
2.58,3,83.341384,15,open,1.0,2.58
2.54,3,83.347592,19,open,1.0,2.54
2.58,3,83.353348,15,open,1.0,2.58
2.36,3,83.35924,17,open,1.0,2.36
2.46,3,83.366287,19,closed,0.0,2.46
2.54,3,83.372433,19,open,1.0,2.54
-3.85,3,83.378499,15,closed,0.0,-3.85
2.36,3,83.384586,17,open,1.0,2.36
-3.85,3,83.390715,15,closed,0.0,-3.85
1.92,3,83.39718,17,closed,0.0,1.9199999999999997
-3.85,3,83.403333,15,closed,0.0,-3.85
-3.85,3,83.409409,15,closed,0.0,-3.85
-3.85,3,83.415548,15,closed,0.0,-3.85
1.92,3,83.421838,17,closed,0.0,1.9199999999999997
2.46,3,83.428807,19,closed,0.0,2.46
2.46,3,83.435787,19,closed,0.0,2.46
2.5,3,83.442289,19,open,1.0,2.5
1.92,3,83.448743,17,closed,0.0,1.9199999999999997
2.54,3,83.454898,19,open,1.0,2.54
2.58,3,83.460695,15,open,1.0,2.58
2.36,3,83.466639,17,open,1.0,2.36
2.54,3,83.472707,19,open,1.0,2.54
2.54,3,83.478926,19,open,1.0,2.54
2.36,3,83.484859,17,open,1.0,2.36
1.92,3,83.491238,17,closed,0.0,1.9199999999999997
2.54,3,83.497503,19,open,1.0,2.54
-3.45,3,83.503578,15,closed,0.0,-3.4499999999999997
2.36,3,83.509485,17,open,1.0,2.36
1.92,3,83.515938,17,closed,0.0,1.9199999999999997
2.46,3,83.522801,19,closed,0.0,2.46
2.46,3,83.529832,19,closed,0.0,2.46
2.5,3,83.536311,19,open,1.0,2.5
1.92,3,83.54268,17,closed,0.0,1.9199999999999997
2.36,3,83.548737,17,open,1.0,2.36
-3.85,3,83.554747,15,closed,0.0,-3.85
2.36,3,83.560692,17,open,1.0,2.36
1.92,3,83.567132,17,closed,0.0,1.9199999999999997
2.58,3,83.572865,15,open,1.0,2.58
-3.85,3,83.578948,15,closed,0.0,-3.85
2.36,3,83.584861,17,open,1.0,2.36
2.36,3,83.590818,17,open,1.0,2.36
2.54,3,83.596991,19,open,1.0,2.54
-3.85,3,83.60316,15,closed,0.0,-3.85
2.58,3,83.608902,15,open,1.0,2.58
2.54,3,83.615094,19,open,1.0,2.54
2.54,3,83.621197,19,open,1.0,2.54
2.54,3,83.627377,19,open,1.0,2.54
1.92,3,83.633771,17,closed,0.0,1.9199999999999997
1.92,3,83.640103,17,closed,0.0,1.9199999999999997
2.36,3,83.646153,17,open,1.0,2.36
1.92,3,83.652517,17,closed,0.0,1.9199999999999997
2.5,3,83.659043,19,open,1.0,2.5
2.36,3,83.66521,17,open,1.0,2.36
-3.85,3,83.671275,15,closed,0.0,-3.85
1.92,3,83.677597,17,closed,0.0,1.9199999999999997
2.36,3,83.68363,17,open,1.0,2.36
2.46,3,83.690557,19,closed,0.0,2.46
2.36,3,83.696657,17,open,1.0,2.36
2.36,3,83.702571,17,open,1.0,2.36
2.58,3,83.708327,15,open,1.0,2.58
2.46,3,83.715326,19,closed,0.0,2.46
2.46,3,83.722415,19,closed,0.0,2.46
1.92,3,83.728913,17,closed,0.0,1.9199999999999997
2.46,3,83.735838,19,closed,0.0,2.46
2.54,3,83.741953,19,open,1.0,2.54
2.54,3,83.748129,19,open,1.0,2.54
2.54,3,83.75423,19,open,1.0,2.54
1.92,3,83.760576,17,closed,0.0,1.9199999999999997
2.58,3,83.766306,15,open,1.0,2.58
2.36,3,83.772251,17,open,1.0,2.36
2.58,3,83.778094,15,open,1.0,2.58
2.58,3,83.783834,15,open,1.0,2.58
2.46,3,83.790767,19,closed,0.0,2.46
-3.85,3,83.796894,15,closed,0.0,-3.85
1.92,3,83.803274,17,closed,0.0,1.9199999999999997
2.5,3,83.809785,19,open,1.0,2.5
2.36,3,83.815694,17,open,1.0,2.36
1.92,3,83.821984,17,closed,0.0,1.9199999999999997
2.58,3,83.82777,15,open,1.0,2.58
2.46,3,83.834688,19,closed,0.0,2.46
-3.85,3,83.840711,15,closed,0.0,-3.85
2.58,3,83.846574,15,open,1.0,2.58
2.36,3,83.852507,17,open,1.0,2.36
2.54,3,83.858565,19,open,1.0,2.54
2.36,3,83.864575,17,open,1.0,2.36
1.92,3,83.870935,17,closed,0.0,1.9199999999999997
2.54,3,83.877042,19,open,1.0,2.54
2.46,3,83.884014,19,open,1.0,2.46
-0.39,3,83.890507,17,closed,0.0,-0.39000000000000035
2.46,3,83.897529,19,closed,0.0,2.46
2.58,3,83.903274,15,open,1.0,2.58
2.36,3,83.909214,17,open,1.0,2.36
2.58,3,83.915065,15,open,1.0,2.58
2.36,3,83.920946,17,open,1.0,2.36
2.58,3,83.926725,15,open,1.0,2.58
-3.85,3,83.93273,15,closed,0.0,-3.85
-4.25,3,83.938772,15,closed,0.0,-4.25
2.36,3,83.944731,17,open,1.0,2.36
2.36,3,83.950697,17,open,1.0,2.36
2.58,3,83.956415,15,open,1.0,2.58
2.58,3,83.962226,15,open,1.0,2.58
2.36,3,83.968168,17,open,1.0,2.36
2.58,3,83.973925,15,open,1.0,2.58
2.46,3,83.980931,19,closed,0.0,2.46
2.46,3,83.987856,19,closed,0.0,2.46
2.58,3,83.993685,15,open,1.0,2.58
-3.85,3,83.999894,15,closed,0.0,-3.85
2.46,3,84.006789,19,closed,0.0,2.46
2.58,3,84.012693,15,open,1.0,2.58
-3.85,3,84.018775,15,closed,0.0,-3.85
1.92,3,84.025214,17,closed,0.0,1.9199999999999997
2.36,3,84.031257,17,open,1.0,2.36
-3.85,3,84.037313,15,closed,0.0,-3.85
2.58,3,84.043063,15,open,1.0,2.58
2.58,3,84.048888,15,open,1.0,2.58
2.46,3,84.055804,19,closed,0.0,2.46
2.46,3,84.062787,19,closed,0.0,2.46
2.58,3,84.068522,15,open,1.0,2.58
2.36,3,84.07447,17,open,1.0,2.36
2.46,3,84.08146,19,open,1.0,2.46
2.46,3,84.088341,19,closed,0.0,2.46
2.54,3,84.09483,19,open,1.0,2.54
2.54,3,84.100928,19,open,1.0,2.54
-3.85,3,84.106979,15,closed,0.0,-3.85
2.36,3,84.113003,17,open,1.0,2.36
1.92,3,84.119361,17,closed,0.0,1.9199999999999997
2.54,3,84.125451,19,open,1.0,2.54
2.5,3,84.132051,19,open,1.0,2.5
2.46,3,84.138999,19,closed,0.0,2.46
2.46,3,84.145999,19,closed,0.0,2.46
2.5,3,84.152536,19,open,1.0,2.5
2.58,3,84.158267,15,open,1.0,2.58
-3.65,3,84.164391,15,closed,0.0,-3.65
2.54,3,84.170503,19,open,1.0,2.54
1.92,3,84.176871,17,closed,0.0,1.9199999999999997
-3.85,3,84.183047,15,closed,0.0,-3.85
2.36,3,84.188934,17,open,1.0,2.36
-3.85,3,84.195095,15,closed,0.0,-3.85
2.5,3,84.201626,19,open,1.0,2.5
1.92,3,84.207979,17,closed,0.0,1.9199999999999997
2.58,3,84.213878,15,open,1.0,2.58
2.36,3,84.219828,17,open,1.0,2.36
1.92,3,84.226227,17,closed,0.0,1.9199999999999997
2.46,3,84.233212,19,closed,0.0,2.46
1.92,3,84.239545,17,closed,0.0,1.9199999999999997
2.36,3,84.245543,17,open,1.0,2.36
2.36,3,84.251465,17,open,1.0,2.36
2.58,3,84.257177,15,open,1.0,2.58
2.58,3,84.262985,15,open,1.0,2.58
2.54,3,84.269126,19,open,1.0,2.54
-3.85,3,84.275162,15,closed,0.0,-3.85
2.36,3,84.281181,17,open,1.0,2.36
2.36,3,84.287062,17,open,1.0,2.36
2.58,3,84.292833,15,open,1.0,2.58
2.36,3,84.298746,17,open,1.0,2.36
-3.45,3,84.30471,15,closed,0.0,-3.4499999999999997
2.46,3,84.311748,19,closed,0.0,2.46
2.54,3,84.31783,19,open,1.0,2.54
2.46,3,84.324702,19,closed,0.0,2.46
-3.85,3,84.330805,15,closed,0.0,-3.85
2.5,3,84.337265,19,open,1.0,2.5
2.46,3,84.344124,19,closed,0.0,2.46
-3.85,3,84.35028,15,closed,0.0,-3.85
2.54,3,84.356364,19,open,1.0,2.54
2.36,3,84.362408,17,open,1.0,2.36
1.92,3,84.368814,17,closed,0.0,1.9199999999999997
2.54,3,84.374984,19,open,1.0,2.54
2.54,3,84.38118,19,open,1.0,2.54
-3.85,3,84.38722,15,closed,0.0,-3.85
-3.85,3,84.393242,15,closed,0.0,-3.85
2.36,3,84.399232,17,open,1.0,2.36
2.54,3,84.405339,19,open,1.0,2.54
2.36,3,84.411388,17,open,1.0,2.36
1.92,3,84.417756,17,closed,0.0,1.9199999999999997
1.92,3,84.424178,17,closed,0.0,1.9199999999999997
2.54,3,84.430433,19,open,1.0,2.54
2.36,3,84.436367,17,open,1.0,2.36
2.36,3,84.442343,17,open,1.0,2.36
-3.85,3,84.448449,15,closed,0.0,-3.85
2.36,3,84.454336,17,open,1.0,2.36
2.46,3,84.461254,19,closed,0.0,2.46
1.92,3,84.467678,17,closed,0.0,1.9199999999999997
2.36,3,84.473602,17,open,1.0,2.36
2.5,3,84.4802,19,open,1.0,2.5
2.36,3,84.486129,17,open,1.0,2.36
2.58,3,84.491873,15,open,1.0,2.58
2.54,3,84.498111,19,open,1.0,2.54
-3.85,3,84.504126,15,closed,0.0,-3.85
2.54,3,84.510234,19,open,1.0,2.54
2.36,3,84.516298,17,open,1.0,2.36
-3.85,3,84.522365,15,closed,0.0,-3.85
2.58,3,84.528246,15,open,1.0,2.58
1.92,3,84.534579,17,closed,0.0,1.9199999999999997
-3.85,3,84.540633,15,closed,0.0,-3.85
-3.85,3,84.546788,15,closed,0.0,-3.85
2.58,3,84.552531,15,open,1.0,2.58
2.58,3,84.558312,15,open,1.0,2.58
-3.85,3,84.564457,15,closed,0.0,-3.85
2.46,3,84.571332,19,open,1.0,2.46
2.46,3,84.578314,19,closed,0.0,2.46
1.92,3,84.584675,17,closed,0.0,1.9199999999999997
1.92,3,84.59102,17,closed,0.0,1.9199999999999997
2.58,3,84.596868,15,open,1.0,2.58
2.58,3,84.602606,15,open,1.0,2.58
2.58,3,84.608412,15,open,1.0,2.58
1.92,3,84.691881,17,closed,0.0,1.9199999999999997
-3.85,3,84.698171,15,closed,0.0,-3.85
1.92,3,84.704591,17,closed,0.0,1.9199999999999997
2.46,3,84.711689,19,closed,0.0,2.46
2.14,3,84.717851,17,open,1.0,2.1399999999999997
2.46,3,84.724788,19,closed,0.0,2.46
-3.85,3,84.730944,15,closed,0.0,-3.85
2.36,3,84.736899,17,open,1.0,2.36
2.58,3,84.742679,15,open,1.0,2.58
2.46,3,84.749671,19,closed,0.0,2.46
2.58,3,84.755443,15,open,1.0,2.58
2.58,3,84.761264,15,open,1.0,2.58
1.92,3,84.76761,17,closed,0.0,1.9199999999999997
2.5,3,84.77413,19,open,1.0,2.5
2.46,3,84.781135,19,closed,0.0,2.46
2.54,3,84.787325,19,open,1.0,2.54
2.54,3,84.793456,19,open,1.0,2.54
-3.85,3,84.799485,15,closed,0.0,-3.85
1.92,3,84.805836,17,closed,0.0,1.9199999999999997
-3.85,3,84.81199,15,closed,0.0,-3.85
2.58,3,84.817783,15,open,1.0,2.58
2.54,3,84.823902,19,open,1.0,2.54
2.36,3,84.829968,17,open,1.0,2.36
2.54,3,84.83615,19,open,1.0,2.54
1.92,3,84.842608,17,closed,0.0,1.9199999999999997
2.36,3,84.848669,17,open,1.0,2.36
2.46,3,84.855632,19,closed,0.0,2.46
2.36,3,84.861725,17,open,1.0,2.36
2.14,3,84.867853,17,open,1.0,2.1399999999999997
2.58,3,84.873601,15,open,1.0,2.58
2.46,3,84.880563,19,closed,0.0,2.46
2.5,3,84.887055,19,open,1.0,2.5
2.5,3,84.893527,19,open,1.0,2.5
2.46,3,84.900521,19,closed,0.0,2.46
2.36,3,84.906438,17,open,1.0,2.36
2.58,3,84.912319,15,open,1.0,2.58
1.92,3,84.918701,17,closed,0.0,1.9199999999999997
2.54,3,84.924809,19,open,1.0,2.54
2.58,3,84.930625,15,open,1.0,2.58
-3.85,3,84.936681,15,closed,0.0,-3.85
2.54,3,84.942867,19,open,1.0,2.54
2.54,3,84.949109,19,open,1.0,2.54
2.5,3,84.955625,19,open,1.0,2.5
2.58,3,84.961455,15,open,1.0,2.58
2.58,3,84.967227,15,open,1.0,2.58
2.58,3,84.972991,15,open,1.0,2.58
1.92,3,84.979313,17,closed,0.0,1.9199999999999997
-3.85,3,84.985338,15,closed,0.0,-3.85
-3.85,3,84.991355,15,closed,0.0,-3.85
1.92,3,84.997823,17,closed,0.0,1.9199999999999997
2.54,3,85.003967,19,open,1.0,2.54
2.32,3,85.010332,19,open,1.0,2.32
2.36,3,85.016269,17,open,1.0,2.36
2.36,3,85.022198,17,open,1.0,2.36
2.46,3,85.029192,19,closed,0.0,2.46
1.92,3,85.035588,17,closed,0.0,1.9199999999999997
2.54,3,85.041705,19,open,1.0,2.54
-3.85,3,85.047869,15,closed,0.0,-3.85
2.58,3,85.053613,15,open,1.0,2.58
1.92,3,85.059969,17,closed,0.0,1.9199999999999997
2.54,3,85.066194,19,open,1.0,2.54
-3.85,3,85.072213,15,closed,0.0,-3.85
-4.25,3,85.078363,15,closed,0.0,-4.25
2.36,3,85.084268,17,open,1.0,2.36
1.92,3,85.090586,17,closed,0.0,1.9199999999999997
2.46,3,85.097826,19,closed,0.0,2.46
-3.85,3,85.10388,15,closed,0.0,-3.85
2.54,3,85.10999,19,open,1.0,2.54
-3.85,3,85.116012,15,closed,0.0,-3.85
2.54,3,85.122064,19,open,1.0,2.54
-3.85,3,85.128143,15,closed,0.0,-3.85
1.92,3,85.134503,17,closed,0.0,1.9199999999999997
2.58,3,85.1402,15,open,1.0,2.58
2.46,3,85.147176,19,closed,0.0,2.46
2.58,3,85.152928,15,open,1.0,2.58
-3.85,3,85.158918,15,closed,0.0,-3.85
2.36,3,85.16497,17,open,1.0,2.36
-3.85,3,85.171039,15,closed,0.0,-3.85
2.36,3,85.177005,17,open,1.0,2.36
-3.85,3,85.183075,15,closed,0.0,-3.85
2.46,3,85.1901,19,closed,0.0,2.46
2.58,3,85.195935,15,open,1.0,2.58
-3.85,3,85.201981,15,closed,0.0,-3.85
2.46,3,85.208913,19,closed,0.0,2.46
-3.85,3,85.215077,15,closed,0.0,-3.85
-3.85,3,85.221124,15,closed,0.0,-3.85
-3.85,3,85.227274,15,closed,0.0,-3.85
2.36,3,85.233229,17,open,1.0,2.36
1.92,3,85.239524,17,closed,0.0,1.9199999999999997
-3.85,3,85.24568,15,closed,0.0,-3.85
1.92,3,85.252084,17,closed,0.0,1.9199999999999997
2.58,3,85.257852,15,open,1.0,2.58
2.54,3,85.264092,19,open,1.0,2.54
2.46,3,85.271037,19,closed,0.0,2.46
-3.85,3,85.277148,15,closed,0.0,-3.85
1.92,3,85.28351,17,closed,0.0,1.9199999999999997
2.46,3,85.290432,19,closed,0.0,2.46
-3.85,3,85.296603,15,closed,0.0,-3.85
2.58,3,85.302372,15,open,1.0,2.58
2.54,3,85.308491,19,open,1.0,2.54
2.36,3,85.314469,17,open,1.0,2.36
1.92,3,85.320805,17,closed,0.0,1.9199999999999997
1.92,3,85.327108,17,closed,0.0,1.9199999999999997
-3.85,3,85.333276,15,closed,0.0,-3.85
2.46,3,85.340156,19,closed,0.0,2.46
2.58,3,85.346043,15,open,1.0,2.58
2.46,3,85.352914,19,closed,0.0,2.46
-3.85,3,85.358985,15,closed,0.0,-3.85
2.14,3,85.365189,17,open,1.0,2.1399999999999997
2.58,3,85.371032,15,open,1.0,2.58
2.54,3,85.377212,19,open,1.0,2.54
-3.85,3,85.383386,15,closed,0.0,-3.85
2.58,3,85.389266,15,open,1.0,2.58
-3.85,3,85.395529,15,closed,0.0,-3.85
2.36,3,85.401512,17,open,1.0,2.36
2.54,3,85.40764,19,open,1.0,2.54
2.36,3,85.413704,17,open,1.0,2.36
2.58,3,85.419447,15,open,1.0,2.58
2.36,3,85.425334,17,open,1.0,2.36
-3.85,3,85.431463,15,closed,0.0,-3.85
1.92,3,85.437809,17,closed,0.0,1.9199999999999997
2.36,3,85.443769,17,open,1.0,2.36
2.36,3,85.449893,17,open,1.0,2.36
2.46,3,85.456855,19,closed,0.0,2.46
2.46,3,85.463905,19,closed,0.0,2.46
-3.85,3,85.469944,15,closed,0.0,-3.85
-3.85,3,85.476007,15,closed,0.0,-3.85
1.92,3,85.482461,17,closed,0.0,1.9199999999999997
2.36,3,85.488412,17,open,1.0,2.36
-3.85,3,85.494607,15,closed,0.0,-3.85
2.36,3,85.500582,17,open,1.0,2.36
2.5,3,85.507077,19,open,1.0,2.5
1.92,3,85.51352,17,closed,0.0,1.9199999999999997
2.36,3,85.51949,17,open,1.0,2.36
1.92,3,85.525898,17,closed,0.0,1.9199999999999997
-3.85,3,85.532046,15,closed,0.0,-3.85
2.46,3,85.538935,19,closed,0.0,2.46
2.46,3,85.545962,19,closed,0.0,2.46
2.54,3,85.552089,19,open,1.0,2.54
2.58,3,85.557843,15,open,1.0,2.58
-3.85,3,85.563967,15,closed,0.0,-3.85
2.46,3,85.570859,19,closed,0.0,2.46
2.54,3,85.576966,19,open,1.0,2.54
2.46,3,85.583818,19,closed,0.0,2.46
1.92,3,85.59022,17,closed,0.0,1.9199999999999997
-3.85,3,85.596387,15,closed,0.0,-3.85
1.92,3,85.60292,17,closed,0.0,1.9199999999999997
2.54,3,85.609067,19,open,1.0,2.54
2.14,3,85.615274,17,open,1.0,2.1399999999999997
1.92,3,85.621658,17,closed,0.0,1.9199999999999997
2.54,3,85.627845,19,open,1.0,2.54
1.92,3,85.634282,17,closed,0.0,1.9199999999999997
1.92,3,85.640686,17,closed,0.0,1.9199999999999997
1.92,3,85.647181,17,closed,0.0,1.9199999999999997
0.57,3,85.652996,15,open,1.0,0.5700000000000001
1.92,3,85.659428,17,closed,0.0,1.9199999999999997
2.54,3,85.665668,19,open,1.0,2.54
2.46,3,85.672512,19,closed,0.0,2.46
2.54,3,85.678709,19,open,1.0,2.54
2.58,3,85.684413,15,open,1.0,2.58
2.36,3,85.690336,17,open,1.0,2.36
2.46,3,85.697378,19,closed,0.0,2.46
2.54,3,85.703511,19,open,1.0,2.54
2.46,3,85.710415,19,closed,0.0,2.46
-3.85,3,85.716442,15,closed,0.0,-3.85
2.36,3,85.722342,17,open,1.0,2.36
2.46,3,85.729245,19,closed,0.0,2.46
1.92,3,85.735558,17,closed,0.0,1.9199999999999997
2.5,3,85.742058,19,open,1.0,2.5
2.36,3,85.748069,17,open,1.0,2.36
2.36,3,85.754024,17,open,1.0,2.36
2.58,3,85.75976,15,open,1.0,2.58
2.46,3,85.7667,19,closed,0.0,2.46
-3.85,3,85.772706,15,closed,0.0,-3.85
2.58,3,85.778517,15,open,1.0,2.58
-3.85,3,85.784514,15,closed,0.0,-3.85
2.46,3,85.791391,19,closed,0.0,2.46
2.54,3,85.797568,19,open,1.0,2.54
2.58,3,85.803331,15,open,1.0,2.58
2.36,3,85.809302,17,open,1.0,2.36
2.36,3,85.81533,17,open,1.0,2.36
2.54,3,85.821411,19,open,1.0,2.54
1.92,3,85.82784,17,closed,0.0,1.9199999999999997
-3.85,3,85.833894,15,closed,0.0,-3.85
2.58,3,85.83965,15,open,1.0,2.58
2.58,3,85.845507,15,open,1.0,2.58
-3.85,3,85.851571,15,closed,0.0,-3.85
1.92,3,85.85795,17,closed,0.0,1.9199999999999997
2.5,3,85.86444,19,open,1.0,2.5
2.46,3,85.871317,19,closed,0.0,2.46
2.36,3,85.877304,17,open,1.0,2.36
2.5,3,85.883747,19,open,1.0,2.5
2.36,3,85.889682,17,open,1.0,2.36
2.46,3,85.896597,19,closed,0.0,2.46
-3.85,3,85.902611,15,closed,0.0,-3.85
1.92,3,85.908974,17,closed,0.0,1.9199999999999997
2.58,3,85.91479,15,open,1.0,2.58
2.46,3,85.921736,19,closed,0.0,2.46
2.36,3,85.927794,17,open,1.0,2.36
2.58,3,85.933525,15,open,1.0,2.58
2.5,3,85.93999,19,open,1.0,2.5
-4.25,3,85.946204,15,closed,0.0,-4.25
2.54,3,85.952306,19,open,1.0,2.54
2.54,3,85.958434,19,open,1.0,2.54
-3.85,3,85.964477,15,closed,0.0,-3.85
2.46,3,85.971315,19,closed,0.0,2.46
2.46,3,85.97821,19,closed,0.0,2.46
2.58,3,85.98409,15,open,1.0,2.58
-3.85,3,85.990138,15,closed,0.0,-3.85
1.92,3,85.996496,17,closed,0.0,1.9199999999999997
2.36,3,86.002412,17,open,1.0,2.36
1.92,3,86.008727,17,closed,0.0,1.9199999999999997
-3.85,3,86.014745,15,closed,0.0,-3.85
1.92,3,86.021036,17,closed,0.0,1.9199999999999997
2.54,3,86.027137,19,open,1.0,2.54
2.54,3,86.0333,19,open,1.0,2.54
2.46,3,86.040163,19,closed,0.0,2.46
2.58,3,86.045979,15,open,1.0,2.58
2.54,3,86.052097,19,open,1.0,2.54
2.58,3,86.057853,15,open,1.0,2.58
2.46,3,86.064836,19,closed,0.0,2.46
2.46,3,86.071769,19,closed,0.0,2.46
2.58,3,86.077613,15,open,1.0,2.58
-3.85,3,86.083667,15,closed,0.0,-3.85
2.14,3,86.08981,17,open,1.0,2.1399999999999997
1.92,3,86.096505,17,closed,0.0,1.9199999999999997
2.36,3,86.102428,17,open,1.0,2.36
2.58,3,86.108178,15,open,1.0,2.58
2.36,3,86.114227,17,open,1.0,2.36
2.46,3,86.121129,19,closed,0.0,2.46
2.36,3,86.127092,17,open,1.0,2.36
2.46,3,86.134063,19,closed,0.0,2.46
2.36,3,86.13999,17,open,1.0,2.36
2.36,3,86.145996,17,open,1.0,2.36
2.36,3,86.151967,17,open,1.0,2.36
2.14,3,86.158032,17,open,1.0,2.1399999999999997
2.5,3,86.164563,19,open,1.0,2.5
-3.65,3,86.170634,15,closed,0.0,-3.65
2.36,3,86.176576,17,open,1.0,2.36
-3.85,3,86.182606,15,closed,0.0,-3.85
2.58,3,86.188291,15,open,1.0,2.58
2.36,3,86.194241,17,open,1.0,2.36
1.92,3,86.20057,17,closed,0.0,1.9199999999999997
2.58,3,86.206315,15,open,1.0,2.58
2.58,3,86.212054,15,open,1.0,2.58
1.92,3,86.218378,17,closed,0.0,1.9199999999999997
2.5,3,86.224828,19,open,1.0,2.5
2.36,3,86.230808,17,open,1.0,2.36
2.58,3,86.236519,15,open,1.0,2.58
-3.85,3,86.242541,15,closed,0.0,-3.85
2.46,3,86.249482,19,closed,0.0,2.46
1.92,3,86.255815,17,closed,0.0,1.9199999999999997
2.54,3,86.261999,19,open,1.0,2.54
1.92,3,86.268348,17,closed,0.0,1.9199999999999997
2.58,3,86.274096,15,open,1.0,2.58
2.36,3,86.280139,17,open,1.0,2.36
2.58,3,86.285913,15,open,1.0,2.58
2.36,3,86.291808,17,open,1.0,2.36
2.54,3,86.298036,19,open,1.0,2.54
2.46,3,86.304862,19,closed,0.0,2.46
2.46,3,86.311841,19,closed,0.0,2.46
2.58,3,86.317644,15,open,1.0,2.58
2.58,3,86.323369,15,open,1.0,2.58
2.46,3,86.330317,19,closed,0.0,2.46
2.36,3,86.336249,17,open,1.0,2.36
2.36,3,86.342136,17,open,1.0,2.36
2.58,3,86.347971,15,open,1.0,2.58
2.54,3,86.354092,19,open,1.0,2.54
2.36,3,86.359991,17,open,1.0,2.36
-3.85,3,86.366189,15,closed,0.0,-3.85
-3.85,3,86.372265,15,closed,0.0,-3.85
-3.85,3,86.378457,15,closed,0.0,-3.85
2.36,3,86.384401,17,open,1.0,2.36
2.36,3,86.390348,17,open,1.0,2.36
2.58,3,86.396257,15,open,1.0,2.58
2.58,3,86.401992,15,open,1.0,2.58
1.92,3,86.40832,17,closed,0.0,1.9199999999999997
2.58,3,86.414164,15,open,1.0,2.58
2.58,3,86.419903,15,open,1.0,2.58
2.54,3,86.426042,19,open,1.0,2.54
1.92,3,86.432465,17,closed,0.0,1.9199999999999997
1.92,3,86.438772,17,closed,0.0,1.9199999999999997
2.36,3,86.444835,17,open,1.0,2.36
-3.85,3,86.450874,15,closed,0.0,-3.85
2.46,3,86.457796,19,closed,0.0,2.46
2.58,3,86.463656,15,open,1.0,2.58
2.36,3,86.469608,17,open,1.0,2.36
2.36,3,86.47554,17,open,1.0,2.36
2.36,3,86.481526,17,open,1.0,2.36
-3.85,3,86.487682,15,closed,0.0,-3.85
2.54,3,86.493923,19,open,1.0,2.54
1.92,3,86.500266,17,closed,0.0,1.9199999999999997
2.54,3,86.506351,19,open,1.0,2.54
2.58,3,86.512235,15,open,1.0,2.58
-3.85,3,86.518386,15,closed,0.0,-3.85
2.36,3,86.524348,17,open,1.0,2.36
-3.85,3,86.530471,15,closed,0.0,-3.85
1.92,3,86.536861,17,closed,0.0,1.9199999999999997
1.92,3,86.543198,17,closed,0.0,1.9199999999999997
2.46,3,86.550176,19,closed,0.0,2.46
1.92,3,86.556515,17,closed,0.0,1.9199999999999997
-3.85,3,86.562647,15,closed,0.0,-3.85
2.46,3,86.569592,19,closed,0.0,2.46
2.46,3,86.576562,19,closed,0.0,2.46
2.46,3,86.58357,19,closed,0.0,2.46
1.92,3,86.589905,17,closed,0.0,1.9199999999999997
2.54,3,86.596036,19,open,1.0,2.54
2.46,3,86.603102,19,closed,0.0,2.46
2.14,3,86.609243,17,open,1.0,2.1399999999999997
1.92,3,86.615642,17,closed,0.0,1.9199999999999997
-3.85,3,86.621708,15,closed,0.0,-3.85
2.58,3,86.627541,15,open,1.0,2.58
1.92,3,86.6339,17,closed,0.0,1.9199999999999997
-3.85,3,86.639954,15,closed,0.0,-3.85
-3.85,3,86.646162,15,closed,0.0,-3.85
2.46,3,86.653149,19,closed,0.0,2.46
2.46,3,86.660126,19,closed,0.0,2.46
2.58,3,86.665884,15,open,1.0,2.58
2.46,3,86.672729,19,closed,0.0,2.46
2.46,3,86.679628,19,closed,0.0,2.46
2.58,3,86.685381,15,open,1.0,2.58
2.54,3,86.691454,19,open,1.0,2.54
1.92,3,86.697792,17,closed,0.0,1.9199999999999997
2.58,3,86.703489,15,open,1.0,2.58
-3.85,3,86.709516,15,closed,0.0,-3.85
2.54,3,86.71561,19,open,1.0,2.54
2.36,3,86.721523,17,open,1.0,2.36
2.36,3,86.727496,17,open,1.0,2.36
2.58,3,86.733258,15,open,1.0,2.58
1.92,3,86.739552,17,closed,0.0,1.9199999999999997
2.46,3,86.746598,19,closed,0.0,2.46
-3.85,3,86.752655,15,closed,0.0,-3.85
1.92,3,86.759058,17,closed,0.0,1.9199999999999997
2.46,3,86.76607,19,closed,0.0,2.46
2.58,3,86.771844,15,open,1.0,2.58
1.92,3,86.778349,17,closed,0.0,1.9199999999999997
-3.85,3,86.784364,15,closed,0.0,-3.85
2.46,3,86.791289,19,closed,0.0,2.46
2.46,3,86.798168,19,closed,0.0,2.46
1.92,3,86.804501,17,closed,0.0,1.9199999999999997
2.54,3,86.810611,19,open,1.0,2.54
1.92,3,86.817047,17,closed,0.0,1.9199999999999997
2.54,3,86.900475,19,open,1.0,2.54
2.58,3,86.906262,15,open,1.0,2.58
2.58,3,86.912004,15,open,1.0,2.58
2.46,3,86.918988,19,closed,0.0,2.46
2.36,3,86.924918,17,open,1.0,2.36
2.36,3,86.930892,17,open,1.0,2.36
2.28,3,86.937636,19,closed,0.0,2.28
-3.85,3,86.943739,15,closed,0.0,-3.85
2.54,3,86.949842,19,open,1.0,2.54
-3.85,3,86.955892,15,closed,0.0,-3.85
-3.85,3,86.96194,15,closed,0.0,-3.85
2.58,3,86.967656,15,open,1.0,2.58
2.54,3,86.973731,19,open,1.0,2.54
-3.85,3,86.979779,15,closed,0.0,-3.85
1.92,3,86.986107,17,closed,0.0,1.9199999999999997
2.5,3,86.992622,19,open,1.0,2.5
-3.85,3,86.998693,15,closed,0.0,-3.85
2.36,3,87.004593,17,open,1.0,2.36
1.92,3,87.011033,17,closed,0.0,1.9199999999999997
-3.85,3,87.01712,15,closed,0.0,-3.85
2.58,3,87.022863,15,open,1.0,2.58
-3.85,3,87.028931,15,closed,0.0,-3.85
2.58,3,87.034693,15,open,1.0,2.58
2.36,3,87.040673,17,open,1.0,2.36
2.58,3,87.046474,15,open,1.0,2.58
2.36,3,87.052384,17,open,1.0,2.36
1.92,3,87.05873,17,closed,0.0,1.9199999999999997
2.36,3,87.064718,17,open,1.0,2.36
2.46,3,87.071621,19,closed,0.0,2.46
-3.85,3,87.077708,15,closed,0.0,-3.85
-3.85,3,87.083794,15,closed,0.0,-3.85
-3.85,3,87.089819,15,closed,0.0,-3.85
2.36,3,87.096014,17,open,1.0,2.36
2.46,3,87.102931,19,closed,0.0,2.46
2.58,3,87.108907,15,open,1.0,2.58
1.92,3,87.115343,17,closed,0.0,1.9199999999999997
2.46,3,87.122322,19,closed,0.0,2.46
2.46,3,87.129387,19,closed,0.0,2.46
1.92,3,87.135822,17,closed,0.0,1.9199999999999997
2.46,3,87.142723,19,closed,0.0,2.46
-3.85,3,87.148849,15,closed,0.0,-3.85
2.54,3,87.154997,19,open,1.0,2.54
2.58,3,87.160753,15,open,1.0,2.58
2.5,3,87.167285,19,open,1.0,2.5
2.54,3,87.173412,19,open,1.0,2.54
2.36,3,87.179386,17,open,1.0,2.36
2.36,3,87.185304,17,open,1.0,2.36
2.46,3,87.192206,19,closed,0.0,2.46
2.28,3,87.199009,19,closed,0.0,2.28
2.5,3,87.205572,19,open,1.0,2.5
2.58,3,87.211379,15,open,1.0,2.58
-3.85,3,87.21744,15,closed,0.0,-3.85
2.36,3,87.223403,17,open,1.0,2.36
-3.85,3,87.229533,15,closed,0.0,-3.85
2.36,3,87.235472,17,open,1.0,2.36
-3.85,3,87.241575,15,closed,0.0,-3.85
-3.85,3,87.24766,15,closed,0.0,-3.85
2.58,3,87.253371,15,open,1.0,2.58
-3.85,3,87.259433,15,closed,0.0,-3.85
2.58,3,87.265202,15,open,1.0,2.58
1.92,3,87.271509,17,closed,0.0,1.9199999999999997
2.36,3,87.277447,17,open,1.0,2.36
1.92,3,87.283787,17,closed,0.0,1.9199999999999997
2.54,3,87.289935,19,open,1.0,2.54
2.5,3,87.296408,19,open,1.0,2.5
2.46,3,87.303319,19,closed,0.0,2.46
2.54,3,87.309467,19,open,1.0,2.54
2.58,3,87.315301,15,open,1.0,2.58
-3.85,3,87.321352,15,closed,0.0,-3.85
2.58,3,87.327131,15,open,1.0,2.58
2.46,3,87.334058,19,closed,0.0,2.46
2.58,3,87.339815,15,open,1.0,2.58
2.36,3,87.345859,17,open,1.0,2.36
2.36,3,87.351794,17,open,1.0,2.36
-3.85,3,87.357862,15,closed,0.0,-3.85
1.92,3,87.364276,17,closed,0.0,1.9199999999999997
1.92,3,87.370625,17,closed,0.0,1.9199999999999997
2.46,3,87.377578,19,closed,0.0,2.46
2.46,3,87.384552,19,closed,0.0,2.46
-3.85,3,87.390691,15,closed,0.0,-3.85
2.36,3,87.396681,17,open,1.0,2.36
2.58,3,87.40244,15,open,1.0,2.58
2.58,3,87.408191,15,open,1.0,2.58
2.58,3,87.413944,15,open,1.0,2.58
2.36,3,87.419947,17,open,1.0,2.36
2.5,3,87.426508,19,open,1.0,2.5
1.92,3,87.4329,17,closed,0.0,1.9199999999999997
1.92,3,87.439311,17,closed,0.0,1.9199999999999997
2.58,3,87.445134,15,open,1.0,2.58
2.58,3,87.450893,15,open,1.0,2.58
-3.85,3,87.457017,15,closed,0.0,-3.85
2.32,3,87.463408,19,open,1.0,2.32
1.92,3,87.469758,17,closed,0.0,1.9199999999999997
2.36,3,87.4757,17,open,1.0,2.36
-3.85,3,87.481796,15,closed,0.0,-3.85
2.58,3,87.487511,15,open,1.0,2.58
2.46,3,87.494466,19,closed,0.0,2.46
2.58,3,87.500317,15,open,1.0,2.58
1.92,3,87.506683,17,closed,0.0,1.9199999999999997
2.58,3,87.512514,15,open,1.0,2.58
2.54,3,87.518628,19,open,1.0,2.54
1.92,3,87.525056,17,closed,0.0,1.9199999999999997
2.46,3,87.531919,19,closed,0.0,2.46
2.36,3,87.53786,17,open,1.0,2.36
2.58,3,87.543586,15,open,1.0,2.58
1.92,3,87.549964,17,closed,0.0,1.9199999999999997
2.36,3,87.555899,17,open,1.0,2.36
2.54,3,87.562013,19,open,1.0,2.54
2.58,3,87.567779,15,open,1.0,2.58
2.46,3,87.574597,19,open,1.0,2.46
2.36,3,87.580576,17,open,1.0,2.36
1.92,3,87.58692,17,closed,0.0,1.9199999999999997
2.36,3,87.592967,17,open,1.0,2.36
-3.85,3,87.599092,15,closed,0.0,-3.85
2.54,3,87.605246,19,open,1.0,2.54
2.36,3,87.611271,17,open,1.0,2.36
1.92,3,87.617641,17,closed,0.0,1.9199999999999997
1.92,3,87.623977,17,closed,0.0,1.9199999999999997
1.92,3,87.630371,17,closed,0.0,1.9199999999999997
1.92,3,87.636734,17,closed,0.0,1.9199999999999997
2.46,3,87.643659,19,closed,0.0,2.46
-3.85,3,87.649805,15,closed,0.0,-3.85
2.5,3,87.656275,19,open,1.0,2.5
1.92,3,87.662694,17,closed,0.0,1.9199999999999997
1.92,3,87.669168,17,closed,0.0,1.9199999999999997
-3.85,3,87.675292,15,closed,0.0,-3.85
2.46,3,87.68226,19,closed,0.0,2.46
-3.85,3,87.688284,15,closed,0.0,-3.85
2.28,3,87.69505,19,closed,0.0,2.28
2.46,3,87.701969,19,closed,0.0,2.46
2.46,3,87.708866,19,closed,0.0,2.46
1.92,3,87.715255,17,closed,0.0,1.9199999999999997
1.92,3,87.72169,17,closed,0.0,1.9199999999999997
-3.85,3,87.727897,15,closed,0.0,-3.85
2.46,3,87.734832,19,closed,0.0,2.46
2.5,3,87.741381,19,open,1.0,2.5
2.58,3,87.747172,15,open,1.0,2.58
2.58,3,87.752905,15,open,1.0,2.58
2.46,3,87.759809,19,closed,0.0,2.46
-3.85,3,87.765883,15,closed,0.0,-3.85
-3.85,3,87.771885,15,closed,0.0,-3.85
2.36,3,87.777842,17,open,1.0,2.36
2.54,3,87.783898,19,open,1.0,2.54
1.92,3,87.790274,17,closed,0.0,1.9199999999999997
2.5,3,87.796742,19,open,1.0,2.5
2.28,3,87.803446,19,closed,0.0,2.28
2.58,3,87.809197,15,open,1.0,2.58
2.36,3,87.815126,17,open,1.0,2.36
2.54,3,87.82123,19,open,1.0,2.54
2.54,3,87.827417,19,open,1.0,2.54
2.46,3,87.834277,19,closed,0.0,2.46
1.92,3,87.840647,17,closed,0.0,1.9199999999999997
2.36,3,87.846627,17,open,1.0,2.36
2.36,3,87.852576,17,open,1.0,2.36
2.5,3,87.859095,19,open,1.0,2.5
1.92,3,87.865506,17,closed,0.0,1.9199999999999997
2.46,3,87.872442,19,closed,0.0,2.46
1.92,3,87.878832,17,closed,0.0,1.9199999999999997
2.36,3,87.884731,17,open,1.0,2.36
2.58,3,87.890435,15,open,1.0,2.58
2.36,3,87.896398,17,open,1.0,2.36
2.58,3,87.902104,15,open,1.0,2.58
2.58,3,87.907858,15,open,1.0,2.58
2.46,3,87.91481,19,closed,0.0,2.46
2.58,3,87.920594,15,open,1.0,2.58
2.58,3,87.926355,15,open,1.0,2.58
-3.85,3,87.932469,15,closed,0.0,-3.85
2.58,3,87.938189,15,open,1.0,2.58
2.36,3,87.944132,17,open,1.0,2.36
-3.85,3,87.950206,15,closed,0.0,-3.85
-3.85,3,87.956257,15,closed,0.0,-3.85
-3.85,3,87.962314,15,closed,0.0,-3.85
2.5,3,87.968786,19,open,1.0,2.5
2.46,3,87.975651,19,closed,0.0,2.46
2.58,3,87.981452,15,open,1.0,2.58
2.58,3,87.987137,15,open,1.0,2.58
2.5,3,87.993642,19,open,1.0,2.5
-3.85,3,87.999799,15,closed,0.0,-3.85
2.36,3,88.005749,17,open,1.0,2.36
2.54,3,88.011944,19,open,1.0,2.54
2.46,3,88.018825,19,closed,0.0,2.46
1.92,3,88.025239,17,closed,0.0,1.9199999999999997
1.92,3,88.031643,17,closed,0.0,1.9199999999999997
2.5,3,88.038135,19,open,1.0,2.5
2.36,3,88.044066,17,open,1.0,2.36
2.46,3,88.051056,19,closed,0.0,2.46
2.36,3,88.056997,17,open,1.0,2.36
2.36,3,88.062959,17,open,1.0,2.36
2.58,3,88.068727,15,open,1.0,2.58
2.58,3,88.074523,15,open,1.0,2.58
2.54,3,88.080675,19,open,1.0,2.54
2.58,3,88.086461,15,open,1.0,2.58
2.54,3,88.092602,19,open,1.0,2.54
2.54,3,88.098949,19,open,1.0,2.54
-3.85,3,88.104998,15,closed,0.0,-3.85
-3.85,3,88.111073,15,closed,0.0,-3.85
0.57,3,88.11695,15,open,1.0,0.5700000000000001
1.92,3,88.123268,17,closed,0.0,1.9199999999999997
2.54,3,88.129399,19,open,1.0,2.54
2.46,3,88.136314,19,closed,0.0,2.46
2.36,3,88.142285,17,open,1.0,2.36
2.36,3,88.148313,17,open,1.0,2.36
1.92,3,88.154658,17,closed,0.0,1.9199999999999997
2.54,3,88.160803,19,open,1.0,2.54
2.54,3,88.166908,19,open,1.0,2.54
2.36,3,88.172835,17,open,1.0,2.36
1.92,3,88.179242,17,closed,0.0,1.9199999999999997
2.36,3,88.185232,17,open,1.0,2.36
2.36,3,88.191196,17,open,1.0,2.36
2.58,3,88.196999,15,open,1.0,2.58
2.46,3,88.203895,19,closed,0.0,2.46
2.36,3,88.209853,17,open,1.0,2.36
2.58,3,88.215683,15,open,1.0,2.58
2.46,3,88.222582,19,closed,0.0,2.46
2.36,3,88.228619,17,open,1.0,2.36
-3.85,3,88.234689,15,closed,0.0,-3.85
2.36,3,88.240623,17,open,1.0,2.36
2.46,3,88.247534,19,closed,0.0,2.46
2.58,3,88.253298,15,open,1.0,2.58
1.92,3,88.259656,17,closed,0.0,1.9199999999999997
-3.85,3,88.265762,15,closed,0.0,-3.85
1.92,3,88.272121,17,closed,0.0,1.9199999999999997
2.36,3,88.278143,17,open,1.0,2.36
2.46,3,88.28504,19,closed,0.0,2.46
2.36,3,88.290949,17,open,1.0,2.36
-3.85,3,88.29707,15,closed,0.0,-3.85
2.36,3,88.302957,17,open,1.0,2.36
-3.85,3,88.309,15,closed,0.0,-3.85
2.36,3,88.314979,17,open,1.0,2.36
2.46,3,88.321858,19,closed,0.0,2.46
-3.85,3,88.327982,15,closed,0.0,-3.85
2.5,3,88.334552,19,open,1.0,2.5
1.92,3,88.340924,17,closed,0.0,1.9199999999999997
2.46,3,88.347906,19,closed,0.0,2.46
2.36,3,88.353804,17,open,1.0,2.36
2.58,3,88.359538,15,open,1.0,2.58
2.36,3,88.365488,17,open,1.0,2.36
-3.85,3,88.371554,15,closed,0.0,-3.85
2.36,3,88.377511,17,open,1.0,2.36
2.46,3,88.384487,19,closed,0.0,2.46
1.92,3,88.39095,17,closed,0.0,1.9199999999999997
2.36,3,88.396964,17,open,1.0,2.36
2.46,3,88.403905,19,closed,0.0,2.46
2.58,3,88.409647,15,open,1.0,2.58
2.5,3,88.416228,19,open,1.0,2.5
2.58,3,88.421928,15,open,1.0,2.58
2.14,3,88.42816,17,open,1.0,2.1399999999999997
-3.85,3,88.434171,15,closed,0.0,-3.85
2.28,3,88.440948,19,closed,0.0,2.28
2.36,3,88.446955,17,open,1.0,2.36
2.58,3,88.452688,15,open,1.0,2.58
1.92,3,88.459028,17,closed,0.0,1.9199999999999997
2.54,3,88.465167,19,open,1.0,2.54
2.36,3,88.471058,17,open,1.0,2.36
2.5,3,88.477575,19,open,1.0,2.5
2.58,3,88.483265,15,open,1.0,2.58
1.92,3,88.489598,17,closed,0.0,1.9199999999999997
2.36,3,88.495564,17,open,1.0,2.36
1.92,3,88.501883,17,closed,0.0,1.9199999999999997
-3.85,3,88.507932,15,closed,0.0,-3.85
1.92,3,88.51434,17,closed,0.0,1.9199999999999997
1.92,3,88.520721,17,closed,0.0,1.9199999999999997
-3.85,3,88.526827,15,closed,0.0,-3.85
2.36,3,88.532829,17,open,1.0,2.36
1.92,3,88.539139,17,closed,0.0,1.9199999999999997
2.36,3,88.545169,17,open,1.0,2.36
2.46,3,88.552096,19,closed,0.0,2.46
1.92,3,88.558453,17,closed,0.0,1.9199999999999997
1.92,3,88.564863,17,closed,0.0,1.9199999999999997
2.54,3,88.571006,19,open,1.0,2.54
2.46,3,88.577952,19,closed,0.0,2.46
-3.85,3,88.584003,15,closed,0.0,-3.85
2.54,3,88.590108,19,open,1.0,2.54
2.58,3,88.595887,15,open,1.0,2.58
-3.85,3,88.60201,15,closed,0.0,-3.85
2.58,3,88.607742,15,open,1.0,2.58
2.54,3,88.613894,19,open,1.0,2.54
1.92,3,88.620256,17,closed,0.0,1.9199999999999997
2.58,3,88.626046,15,open,1.0,2.58
2.58,3,88.631832,15,open,1.0,2.58
2.58,3,88.637571,15,open,1.0,2.58
-3.85,3,88.64364,15,closed,0.0,-3.85
2.36,3,88.649648,17,open,1.0,2.36
2.58,3,88.655353,15,open,1.0,2.58
1.92,3,88.661774,17,closed,0.0,1.9199999999999997
1.92,3,88.668093,17,closed,0.0,1.9199999999999997
2.36,3,88.674066,17,open,1.0,2.36
2.14,3,88.68026,17,open,1.0,2.1399999999999997
2.36,3,88.686203,17,open,1.0,2.36
2.58,3,88.691926,15,open,1.0,2.58
-3.85,3,88.698027,15,closed,0.0,-3.85
2.46,3,88.704932,19,closed,0.0,2.46
-3.85,3,88.710983,15,closed,0.0,-3.85
2.46,3,88.717862,19,closed,0.0,2.46
2.5,3,88.724355,19,open,1.0,2.5
1.92,3,88.730712,17,closed,0.0,1.9199999999999997
2.58,3,88.736497,17,open,1.0,2.58
2.58,3,88.742228,15,open,1.0,2.58
2.54,3,88.748363,19,open,1.0,2.54
-3.85,3,88.754405,15,closed,0.0,-3.85
2.54,3,88.760586,19,open,1.0,2.54
2.58,3,88.766339,15,open,1.0,2.58
2.46,3,88.773261,19,closed,0.0,2.46
-3.85,3,88.779392,15,closed,0.0,-3.85
2.58,3,88.785142,15,open,1.0,2.58
2.54,3,88.791236,19,open,1.0,2.54
1.92,3,88.797646,17,closed,0.0,1.9199999999999997
2.58,3,88.803394,15,open,1.0,2.58
-3.85,3,88.809508,15,closed,0.0,-3.85
2.46,3,88.816432,19,closed,0.0,2.46
2.36,3,88.822374,17,open,1.0,2.36
1.92,3,88.828778,17,closed,0.0,1.9199999999999997
2.46,3,88.83566,19,closed,0.0,2.46
2.36,3,88.841617,17,open,1.0,2.36
-3.85,3,88.847687,15,closed,0.0,-3.85
-3.85,3,88.853752,15,closed,0.0,-3.85
1.92,3,88.86006,17,closed,0.0,1.9199999999999997
2.58,3,88.865846,15,open,1.0,2.58
-3.85,3,88.871912,15,closed,0.0,-3.85
2.58,3,88.877698,15,open,1.0,2.58
2.54,3,88.883794,19,open,1.0,2.54
-3.85,3,88.889858,15,closed,0.0,-3.85
2.54,3,88.896038,19,open,1.0,2.54
2.54,3,88.902167,19,open,1.0,2.54
2.54,3,88.908297,19,open,1.0,2.54
2.36,3,88.914318,17,open,1.0,2.36
2.46,3,88.92123,19,closed,0.0,2.46
2.58,3,88.926987,15,open,1.0,2.58
1.92,3,88.933378,17,closed,0.0,1.9199999999999997
2.58,3,88.939128,15,open,1.0,2.58
2.46,3,88.946042,19,closed,0.0,2.46
1.92,3,88.952422,17,closed,0.0,1.9199999999999997
2.46,3,88.959333,19,closed,0.0,2.46
2.36,3,88.965287,17,open,1.0,2.36
2.58,3,88.971028,15,open,1.0,2.58
1.92,3,88.977369,17,closed,0.0,1.9199999999999997
1.92,3,88.983712,17,closed,0.0,1.9199999999999997
2.5,3,88.990173,19,open,1.0,2.5
2.58,3,88.995998,15,open,1.0,2.58
2.58,3,89.001702,15,open,1.0,2.58
2.54,3,89.007836,19,open,1.0,2.54
2.5,3,89.09278,19,open,1.0,2.5
2.58,3,89.098945,15,open,1.0,2.58
1.92,3,89.105301,17,closed,0.0,1.9199999999999997
2.5,3,89.111793,19,open,1.0,2.5
2.58,3,89.117507,15,open,1.0,2.58
2.5,3,89.123993,19,open,1.0,2.5
2.36,3,89.12996,17,open,1.0,2.36
2.36,3,89.135923,17,open,1.0,2.36
2.36,3,89.141861,17,open,1.0,2.36
2.54,3,89.148081,19,open,1.0,2.54
2.58,3,89.153849,15,open,1.0,2.58
2.54,3,89.160027,19,open,1.0,2.54
2.58,3,89.165768,15,open,1.0,2.58
2.36,3,89.171732,17,open,1.0,2.36
2.58,3,89.177523,15,open,1.0,2.58
2.46,3,89.184477,19,closed,0.0,2.46
2.54,3,89.190714,19,open,1.0,2.54
1.92,3,89.197107,17,closed,0.0,1.9199999999999997
-3.85,3,89.203217,15,closed,0.0,-3.85
2.46,3,89.210181,19,closed,0.0,2.46
2.54,3,89.216366,19,open,1.0,2.54
1.92,3,89.222693,17,closed,0.0,1.9199999999999997
1.92,3,89.229106,17,closed,0.0,1.9199999999999997
-3.85,3,89.235189,15,closed,0.0,-3.85
2.54,3,89.241279,19,open,1.0,2.54
-3.85,3,89.247396,15,closed,0.0,-3.85
-3.85,3,89.253485,15,closed,0.0,-3.85
2.54,3,89.259569,19,open,1.0,2.54
2.36,3,89.26555,17,open,1.0,2.36
-3.85,3,89.271604,15,closed,0.0,-3.85
2.54,3,89.277804,19,open,1.0,2.54
2.36,3,89.283744,17,open,1.0,2.36
2.58,3,89.289476,15,open,1.0,2.58
2.46,3,89.296342,19,closed,0.0,2.46
2.36,3,89.302274,17,open,1.0,2.36
2.54,3,89.308384,19,open,1.0,2.54
2.46,3,89.315375,19,closed,0.0,2.46
2.46,3,89.322285,19,closed,0.0,2.46
2.46,3,89.329282,19,closed,0.0,2.46
2.36,3,89.335263,17,open,1.0,2.36
2.58,3,89.341046,15,open,1.0,2.58
2.58,3,89.346898,15,open,1.0,2.58
1.92,3,89.353239,17,closed,0.0,1.9199999999999997
2.54,3,89.35936,19,open,1.0,2.54
-3.85,3,89.365515,15,closed,0.0,-3.85
1.92,3,89.371853,17,closed,0.0,1.9199999999999997
2.58,3,89.377594,15,open,1.0,2.58
2.46,3,89.384568,19,closed,0.0,2.46
2.54,3,89.390761,19,open,1.0,2.54
1.92,3,89.397171,17,closed,0.0,1.9199999999999997
2.58,3,89.402982,15,open,1.0,2.58
-3.85,3,89.409022,15,closed,0.0,-3.85
2.36,3,89.415028,17,open,1.0,2.36
2.5,3,89.421502,19,open,1.0,2.5
2.36,3,89.427529,17,open,1.0,2.36
2.54,3,89.433682,19,open,1.0,2.54
1.92,3,89.440045,17,closed,0.0,1.9199999999999997
1.92,3,89.446442,17,closed,0.0,1.9199999999999997
-3.45,3,89.452444,15,closed,0.0,-3.4499999999999997
-3.85,3,89.45846,15,closed,0.0,-3.85
2.54,3,89.464703,19,open,1.0,2.54
2.36,3,89.470639,17,open,1.0,2.36
2.36,3,89.476558,17,open,1.0,2.36
1.92,3,89.48299,17,closed,0.0,1.9199999999999997
2.58,3,89.488779,15,open,1.0,2.58
2.54,3,89.494939,19,open,1.0,2.54
-3.85,3,89.50098,15,closed,0.0,-3.85
-3.85,3,89.507068,15,closed,0.0,-3.85
1.92,3,89.513499,17,closed,0.0,1.9199999999999997
2.58,3,89.519243,15,open,1.0,2.58
1.92,3,89.525568,17,closed,0.0,1.9199999999999997
2.36,3,89.531617,17,open,1.0,2.36
2.46,3,89.538497,19,closed,0.0,2.46
2.54,3,89.544738,19,open,1.0,2.54
2.46,3,89.551691,19,closed,0.0,2.46
2.46,3,89.558568,19,closed,0.0,2.46
2.46,3,89.565587,19,closed,0.0,2.46
2.58,3,89.571356,15,open,1.0,2.58
2.36,3,89.577309,17,open,1.0,2.36
2.54,3,89.583459,19,open,1.0,2.54
2.46,3,89.590461,19,closed,0.0,2.46
-3.85,3,89.596585,15,closed,0.0,-3.85
2.46,3,89.603642,19,closed,0.0,2.46
2.36,3,89.609675,17,open,1.0,2.36
2.58,3,89.615428,15,open,1.0,2.58
2.54,3,89.621496,19,open,1.0,2.54
-3.85,3,89.627613,15,closed,0.0,-3.85
-3.85,3,89.63366,15,closed,0.0,-3.85
2.46,3,89.640574,19,closed,0.0,2.46
2.58,3,89.646397,15,open,1.0,2.58
2.36,3,89.652329,17,open,1.0,2.36
1.92,3,89.658685,17,closed,0.0,1.9199999999999997
2.36,3,89.664723,17,open,1.0,2.36
2.36,3,89.670588,17,open,1.0,2.36
1.92,3,89.676942,17,closed,0.0,1.9199999999999997
2.36,3,89.682867,17,open,1.0,2.36
2.36,3,89.688772,19,open,1.0,2.36
-3.85,3,89.694796,15,closed,0.0,-3.85
2.58,3,89.700634,15,open,1.0,2.58
1.92,3,89.706968,17,closed,0.0,1.9199999999999997
2.58,3,89.712802,15,open,1.0,2.58
2.58,3,89.718537,15,open,1.0,2.58
2.36,3,89.724473,17,open,1.0,2.36
2.36,3,89.730465,17,open,1.0,2.36
2.54,3,89.73658,19,open,1.0,2.54
-3.85,3,89.742585,15,closed,0.0,-3.85
2.36,3,89.748605,17,open,1.0,2.36
2.36,3,89.754493,17,open,1.0,2.36
0.57,3,89.760291,15,open,1.0,0.5700000000000001
2.36,3,89.766255,17,open,1.0,2.36
2.46,3,89.773141,19,closed,0.0,2.46
2.46,3,89.780159,19,closed,0.0,2.46
2.46,3,89.787075,19,closed,0.0,2.46
2.58,3,89.792819,15,open,1.0,2.58
-3.85,3,89.798941,15,closed,0.0,-3.85
2.58,3,89.804673,15,open,1.0,2.58
0.57,3,89.810531,15,open,1.0,0.5700000000000001
2.46,3,89.81744,19,closed,0.0,2.46
-3.85,3,89.823496,15,closed,0.0,-3.85
-3.85,3,89.829545,15,closed,0.0,-3.85
2.54,3,89.835601,19,open,1.0,2.54
2.46,3,89.842505,19,closed,0.0,2.46
-3.85,3,89.850847,15,closed,0.0,-3.85
2.58,3,89.856536,15,open,1.0,2.58
2.46,3,89.863516,19,closed,0.0,2.46
-3.85,3,89.869592,15,closed,0.0,-3.85
-3.45,3,89.875585,15,closed,0.0,-3.4499999999999997
-3.85,3,89.881679,15,closed,0.0,-3.85
2.36,3,89.887615,17,open,1.0,2.36
2.36,3,89.893505,17,open,1.0,2.36
-3.85,3,89.899662,15,closed,0.0,-3.85
2.5,3,89.906163,19,open,1.0,2.5
1.92,3,89.912595,17,closed,0.0,1.9199999999999997
2.46,3,89.919524,19,closed,0.0,2.46
2.46,3,89.926414,19,closed,0.0,2.46
1.92,3,89.932796,17,closed,0.0,1.9199999999999997
2.54,3,89.938889,19,open,1.0,2.54
1.92,3,89.9453,17,closed,0.0,1.9199999999999997
1.92,3,89.951621,17,closed,0.0,1.9199999999999997
2.58,3,89.957361,15,open,1.0,2.58
1.92,3,89.963745,17,closed,0.0,1.9199999999999997
1.92,3,89.970097,17,closed,0.0,1.9199999999999997
2.54,3,89.976227,19,open,1.0,2.54
2.54,3,89.982351,19,open,1.0,2.54
2.46,3,89.989219,19,closed,0.0,2.46
2.54,3,89.995366,19,open,1.0,2.54
2.54,3,90.001545,19,open,1.0,2.54
-4.05,3,90.007607,15,closed,0.0,-4.050000000000001
2.14,3,90.01375,17,open,1.0,2.1399999999999997
2.46,3,90.020647,19,closed,0.0,2.46
2.58,3,90.026381,15,open,1.0,2.58
2.54,3,90.03257,19,open,1.0,2.54
2.58,3,90.038255,15,open,1.0,2.58
-3.85,3,90.044349,15,closed,0.0,-3.85
2.36,3,90.050327,17,open,1.0,2.36
1.92,3,90.056614,17,closed,0.0,1.9199999999999997
-3.85,3,90.062767,15,closed,0.0,-3.85
2.46,3,90.069661,19,closed,0.0,2.46
-3.85,3,90.075716,15,closed,0.0,-3.85
2.46,3,90.082621,19,closed,0.0,2.46
2.5,3,90.089092,19,open,1.0,2.5
-3.85,3,90.095345,15,closed,0.0,-3.85
2.46,3,90.102354,19,closed,0.0,2.46
1.92,3,90.108682,17,closed,0.0,1.9199999999999997
2.46,3,90.115644,19,closed,0.0,2.46
-3.85,3,90.121724,15,closed,0.0,-3.85
2.54,3,90.128033,19,open,1.0,2.54
-3.85,3,90.134142,15,closed,0.0,-3.85
-3.85,3,90.140193,15,closed,0.0,-3.85
2.58,3,90.14602,15,open,1.0,2.58
1.92,3,90.152401,17,closed,0.0,1.9199999999999997
-3.85,3,90.158431,15,closed,0.0,-3.85
-3.85,3,90.164485,15,closed,0.0,-3.85
-3.85,3,90.170529,15,closed,0.0,-3.85
2.54,3,90.176701,19,open,1.0,2.54
2.14,3,90.182836,17,open,1.0,2.1399999999999997
2.36,3,90.188749,17,open,1.0,2.36
1.92,3,90.195175,17,closed,0.0,1.9199999999999997
2.46,3,90.20211,19,closed,0.0,2.46
2.54,3,90.208248,19,open,1.0,2.54
-3.85,3,90.214327,15,closed,0.0,-3.85
-3.85,3,90.220376,15,closed,0.0,-3.85
2.36,3,90.22628,17,open,1.0,2.36
2.54,3,90.232486,19,open,1.0,2.54
2.58,3,90.238223,15,open,1.0,2.58
2.58,3,90.243924,15,open,1.0,2.58
2.54,3,90.250115,19,open,1.0,2.54
-3.65,3,90.25611,15,closed,0.0,-3.65
1.92,3,90.262505,17,closed,0.0,1.9199999999999997
-3.85,3,90.268524,15,closed,0.0,-3.85
2.58,3,90.274262,15,open,1.0,2.58
1.92,3,90.28063,17,closed,0.0,1.9199999999999997
-3.85,3,90.286711,15,closed,0.0,-3.85
2.58,3,90.292417,15,open,1.0,2.58
1.92,3,90.298817,17,closed,0.0,1.9199999999999997
2.36,3,90.304704,17,open,1.0,2.36
-3.85,3,90.310732,15,closed,0.0,-3.85
1.92,3,90.317061,17,closed,0.0,1.9199999999999997
-3.85,3,90.323071,15,closed,0.0,-3.85
2.46,3,90.329962,19,closed,0.0,2.46
2.54,3,90.336102,19,open,1.0,2.54
2.5,3,90.342552,19,open,1.0,2.5
-3.85,3,90.348611,15,closed,0.0,-3.85
1.92,3,90.354884,17,closed,0.0,1.9199999999999997
2.36,3,90.360861,17,open,1.0,2.36
2.54,3,90.36704,19,open,1.0,2.54
1.92,3,90.373399,17,closed,0.0,1.9199999999999997
-3.85,3,90.37954,15,closed,0.0,-3.85
2.46,3,90.386468,19,closed,0.0,2.46
-3.85,3,90.392544,15,closed,0.0,-3.85
2.46,3,90.39938,19,closed,0.0,2.46
-3.85,3,90.405403,15,closed,0.0,-3.85
-3.85,3,90.411443,15,closed,0.0,-3.85
2.46,3,90.418333,19,closed,0.0,2.46
1.92,3,90.424667,17,closed,0.0,1.9199999999999997
1.92,3,90.431082,17,closed,0.0,1.9199999999999997
-3.85,3,90.437149,15,closed,0.0,-3.85
-3.85,3,90.443201,15,closed,0.0,-3.85
2.5,3,90.449796,19,open,1.0,2.5
-3.85,3,90.455811,15,closed,0.0,-3.85
2.36,3,90.461832,17,open,1.0,2.36
2.36,3,90.467744,17,open,1.0,2.36
-3.85,3,90.473763,15,closed,0.0,-3.85
2.58,3,90.479573,15,open,1.0,2.58
2.58,3,90.485286,15,open,1.0,2.58
1.92,3,90.491656,17,closed,0.0,1.9199999999999997
1.92,3,90.498016,17,closed,0.0,1.9199999999999997
2.58,3,90.503779,15,open,1.0,2.58
2.46,3,90.510675,19,closed,0.0,2.46
2.5,3,90.517141,19,open,1.0,2.5
2.46,3,90.524004,19,closed,0.0,2.46
2.58,3,90.529738,15,open,1.0,2.58
2.58,3,90.535447,15,open,1.0,2.58
2.46,3,90.542343,19,closed,0.0,2.46
2.58,3,90.548119,15,open,1.0,2.58
2.28,3,90.554829,19,closed,0.0,2.28
2.58,3,90.560576,15,open,1.0,2.58
2.46,3,90.567435,19,closed,0.0,2.46
2.5,3,90.573984,19,open,1.0,2.5
2.36,3,90.579903,17,open,1.0,2.36
2.46,3,90.586791,19,closed,0.0,2.46
2.58,3,90.592491,15,open,1.0,2.58
2.36,3,90.598492,17,open,1.0,2.36
2.46,3,90.605409,19,closed,0.0,2.46
2.5,3,90.611945,19,open,1.0,2.5
2.46,3,90.618947,19,closed,0.0,2.46
2.58,3,90.624694,15,open,1.0,2.58
2.54,3,90.630898,19,open,1.0,2.54
1.92,3,90.63723,17,closed,0.0,1.9199999999999997
2.46,3,90.644151,19,closed,0.0,2.46
2.58,3,90.649997,15,open,1.0,2.58
2.46,3,90.65689,19,closed,0.0,2.46
1.92,3,90.663327,17,closed,0.0,1.9199999999999997
2.58,3,90.669074,15,open,1.0,2.58
2.58,3,90.67478,15,open,1.0,2.58
2.54,3,90.680982,19,open,1.0,2.54
2.46,3,90.687891,19,closed,0.0,2.46
2.36,3,90.693869,17,open,1.0,2.36
2.54,3,90.70002,19,open,1.0,2.54
-3.85,3,90.706061,15,closed,0.0,-3.85
2.54,3,90.712253,19,open,1.0,2.54
2.46,3,90.719207,19,closed,0.0,2.46
2.54,3,90.725322,19,open,1.0,2.54
1.92,3,90.731722,17,closed,0.0,1.9199999999999997
-3.85,3,90.737763,15,closed,0.0,-3.85
2.5,3,90.744295,19,open,1.0,2.5
1.92,3,90.750631,17,closed,0.0,1.9199999999999997
2.58,3,90.756367,15,open,1.0,2.58
1.92,3,90.762808,17,closed,0.0,1.9199999999999997
2.5,3,90.769307,19,open,1.0,2.5
1.92,3,90.775689,17,closed,0.0,1.9199999999999997
2.54,3,90.781902,19,open,1.0,2.54
1.92,3,90.788262,17,closed,0.0,1.9199999999999997
-3.85,3,90.794392,15,closed,0.0,-3.85
2.5,3,90.800864,19,open,1.0,2.5
2.36,3,90.80677,17,open,1.0,2.36
2.36,3,90.81294,17,open,1.0,2.36
2.46,3,90.819799,19,closed,0.0,2.46
-3.85,3,90.825845,15,closed,0.0,-3.85
2.36,3,90.83187,17,open,1.0,2.36
2.46,3,90.838727,19,closed,0.0,2.46
2.58,3,90.844515,15,open,1.0,2.58
2.46,3,90.851356,19,closed,0.0,2.46
2.58,3,90.857115,15,open,1.0,2.58
2.36,3,90.863086,17,open,1.0,2.36
1.92,3,90.869449,17,closed,0.0,1.9199999999999997
2.58,3,90.875177,15,open,1.0,2.58
1.92,3,90.881562,17,closed,0.0,1.9199999999999997
2.46,3,90.888446,19,closed,0.0,2.46
2.46,3,90.895368,19,closed,0.0,2.46
2.46,3,90.902287,19,closed,0.0,2.46
2.54,3,90.908384,19,open,1.0,2.54
1.92,3,90.914808,17,closed,0.0,1.9199999999999997
2.54,3,90.920932,19,open,1.0,2.54
2.54,3,90.927076,19,open,1.0,2.54
2.36,3,90.933015,17,open,1.0,2.36
2.46,3,90.939867,19,closed,0.0,2.46
2.58,3,90.94565,15,open,1.0,2.58
2.36,3,90.951584,17,open,1.0,2.36
2.46,3,90.958503,19,closed,0.0,2.46
2.58,3,90.96432,15,open,1.0,2.58
2.58,3,90.970058,15,open,1.0,2.58
2.58,3,90.9758,15,open,1.0,2.58
2.54,3,90.981939,19,open,1.0,2.54
2.54,3,90.988038,19,open,1.0,2.54
2.46,3,90.995024,19,closed,0.0,2.46
2.36,3,91.000956,17,open,1.0,2.36
-3.85,3,91.007035,15,closed,0.0,-3.85
1.92,3,91.013454,17,closed,0.0,1.9199999999999997
2.54,3,91.019621,19,open,1.0,2.54
1.92,3,91.025968,17,closed,0.0,1.9199999999999997
-3.85,3,91.032063,15,closed,0.0,-3.85
2.46,3,91.039,19,closed,0.0,2.46
-3.85,3,91.045126,15,closed,0.0,-3.85
1.92,3,91.051517,17,closed,0.0,1.9199999999999997
1.92,3,91.057861,17,closed,0.0,1.9199999999999997
2.36,3,91.063871,17,open,1.0,2.36
2.46,3,91.070786,19,closed,0.0,2.46
2.36,3,91.076738,17,open,1.0,2.36
-3.85,3,91.082784,15,closed,0.0,-3.85
2.36,3,91.088649,17,open,1.0,2.36
2.36,3,91.094653,17,open,1.0,2.36
1.92,3,91.100999,17,closed,0.0,1.9199999999999997
2.54,3,91.107112,19,open,1.0,2.54
1.92,3,91.113487,17,closed,0.0,1.9199999999999997
2.36,3,91.119403,17,open,1.0,2.36
2.46,3,91.126327,19,closed,0.0,2.46
2.36,3,91.132244,17,open,1.0,2.36
1.92,3,91.138547,17,closed,0.0,1.9199999999999997
1.92,3,91.144873,17,closed,0.0,1.9199999999999997
2.36,3,91.150856,17,open,1.0,2.36
2.54,3,91.157007,19,open,1.0,2.54
1.92,3,91.163369,17,closed,0.0,1.9199999999999997
2.46,3,91.170268,19,closed,0.0,2.46
-3.85,3,91.176332,15,closed,0.0,-3.85
2.36,3,91.182246,17,open,1.0,2.36
1.92,3,91.188576,17,closed,0.0,1.9199999999999997
1.92,3,91.195002,17,closed,0.0,1.9199999999999997
2.46,3,91.201905,19,closed,0.0,2.46
2.46,3,91.20881,19,closed,0.0,2.46
1.92,3,91.215228,17,closed,0.0,1.9199999999999997
2.58,3,91.316872,15,open,1.0,2.58
1.92,3,91.323319,17,closed,0.0,1.9199999999999997
-3.85,3,91.329393,15,closed,0.0,-3.85
2.58,3,91.335108,15,open,1.0,2.58
-3.85,3,91.341225,15,closed,0.0,-3.85
1.92,3,91.347594,17,closed,0.0,1.9199999999999997
2.46,3,91.354548,19,closed,0.0,2.46
2.36,3,91.360526,17,open,1.0,2.36
2.36,3,91.366478,17,open,1.0,2.36
-3.85,3,91.372528,15,closed,0.0,-3.85
-3.85,3,91.378562,15,closed,0.0,-3.85
2.58,3,91.384346,15,open,1.0,2.58
1.92,3,91.390696,17,closed,0.0,1.9199999999999997
2.58,3,91.396501,15,open,1.0,2.58
-3.85,3,91.402558,15,closed,0.0,-3.85
2.46,3,91.409467,19,closed,0.0,2.46
-3.85,3,91.41555,15,closed,0.0,-3.85
-3.85,3,91.421643,15,closed,0.0,-3.85
1.92,3,91.428039,17,closed,0.0,1.9199999999999997
1.92,3,91.434376,17,closed,0.0,1.9199999999999997
2.46,3,91.441283,19,closed,0.0,2.46
2.46,3,91.448213,19,closed,0.0,2.46
2.5,3,91.45476,19,open,1.0,2.5
2.54,3,91.460901,19,open,1.0,2.54
2.46,3,91.467865,19,closed,0.0,2.46
2.46,3,91.474764,19,closed,0.0,2.46
2.46,3,91.48167,19,closed,0.0,2.46
2.36,3,91.487616,17,open,1.0,2.36
-3.85,3,91.493707,15,closed,0.0,-3.85
-3.85,3,91.499745,15,closed,0.0,-3.85
2.58,3,91.505493,15,open,1.0,2.58
2.58,3,91.511228,15,open,1.0,2.58
-3.85,3,91.517277,15,closed,0.0,-3.85
2.58,3,91.52312,15,open,1.0,2.58
1.92,3,91.529533,17,closed,0.0,1.9199999999999997
-3.85,3,91.535583,15,closed,0.0,-3.85
2.46,3,91.54251,19,closed,0.0,2.46
2.36,3,91.548466,17,open,1.0,2.36
2.36,3,91.554417,17,open,1.0,2.36
1.92,3,91.560728,17,closed,0.0,1.9199999999999997
2.58,3,91.566501,15,open,1.0,2.58
1.92,3,91.572843,17,closed,0.0,1.9199999999999997
1.92,3,91.579237,17,closed,0.0,1.9199999999999997
2.36,3,91.585177,17,open,1.0,2.36
-3.85,3,91.59124,15,closed,0.0,-3.85
2.36,3,91.597179,17,open,1.0,2.36
2.58,3,91.602993,15,open,1.0,2.58
2.58,3,91.608748,15,open,1.0,2.58
1.92,3,91.615127,17,closed,0.0,1.9199999999999997
2.54,3,91.621203,19,open,1.0,2.54
2.46,3,91.628159,19,closed,0.0,2.46
1.92,3,91.634493,17,closed,0.0,1.9199999999999997
2.5,3,91.641,19,open,1.0,2.5
2.58,3,91.646799,15,open,1.0,2.58
2.54,3,91.652912,19,open,1.0,2.54
1.92,3,91.659261,17,closed,0.0,1.9199999999999997
2.5,3,91.66578,19,open,1.0,2.5
1.92,3,91.67218,17,closed,0.0,1.9199999999999997
2.54,3,91.678313,19,open,1.0,2.54
2.36,3,91.684218,17,open,1.0,2.36
2.36,3,91.690163,17,open,1.0,2.36
1.92,3,91.696545,17,closed,0.0,1.9199999999999997
2.36,3,91.702497,17,open,1.0,2.36
-3.85,3,91.708548,15,closed,0.0,-3.85
2.58,3,91.714305,15,open,1.0,2.58
2.54,3,91.720409,19,open,1.0,2.54
2.58,3,91.726188,15,open,1.0,2.58
2.46,3,91.733162,19,closed,0.0,2.46
2.36,3,91.739091,17,open,1.0,2.36
-3.85,3,91.745193,15,closed,0.0,-3.85
-3.85,3,91.751263,15,closed,0.0,-3.85
2.46,3,91.758152,19,closed,0.0,2.46
-3.85,3,91.764177,15,closed,0.0,-3.85
1.92,3,91.770507,17,closed,0.0,1.9199999999999997
2.36,3,91.776425,17,open,1.0,2.36
-3.85,3,91.782468,15,closed,0.0,-3.85
2.58,3,91.788146,15,open,1.0,2.58
2.54,3,91.794302,19,open,1.0,2.54
1.92,3,91.800643,17,closed,0.0,1.9199999999999997
2.58,3,91.806358,15,open,1.0,2.58
2.46,3,91.813321,19,closed,0.0,2.46
2.36,3,91.819261,17,open,1.0,2.36
2.58,3,91.825001,15,open,1.0,2.58
-3.85,3,91.831046,15,closed,0.0,-3.85
-3.85,3,91.837076,15,closed,0.0,-3.85
-3.85,3,91.843125,15,closed,0.0,-3.85
2.58,3,91.84884,15,open,1.0,2.58
2.46,3,91.855714,19,closed,0.0,2.46
2.46,3,91.862682,19,closed,0.0,2.46
1.92,3,91.869061,17,closed,0.0,1.9199999999999997
2.58,3,91.874812,15,open,1.0,2.58
2.46,3,91.881727,19,closed,0.0,2.46
-3.85,3,91.887772,15,closed,0.0,-3.85
2.58,3,91.893578,15,open,1.0,2.58
1.92,3,91.899878,17,closed,0.0,1.9199999999999997
2.58,3,91.90563,15,open,1.0,2.58
2.36,3,91.911588,17,open,1.0,2.36
1.92,3,91.917961,17,closed,0.0,1.9199999999999997
2.54,3,91.92408,19,open,1.0,2.54
2.46,3,91.931026,19,closed,0.0,2.46
2.46,3,91.937928,19,closed,0.0,2.46
-3.85,3,91.944012,15,closed,0.0,-3.85
2.46,3,91.950921,19,closed,0.0,2.46
1.92,3,91.957278,17,closed,0.0,1.9199999999999997
1.92,3,91.963641,17,closed,0.0,1.9199999999999997
2.46,3,91.970556,19,closed,0.0,2.46
2.5,3,91.977084,19,open,1.0,2.5
2.46,3,91.984028,19,closed,0.0,2.46
2.46,3,91.991005,19,closed,0.0,2.46
-3.85,3,91.997072,15,closed,0.0,-3.85
2.36,3,92.00299,17,open,1.0,2.36
-0.39,3,92.009447,17,closed,0.0,-0.39000000000000035
2.58,3,92.015265,15,open,1.0,2.58
2.46,3,92.02216,19,closed,0.0,2.46
2.54,3,92.028334,19,open,1.0,2.54
1.92,3,92.034717,17,closed,0.0,1.9199999999999997
2.58,3,92.040479,15,open,1.0,2.58
-3.85,3,92.046549,15,closed,0.0,-3.85
2.54,3,92.05267,19,open,1.0,2.54
2.36,3,92.058618,17,open,1.0,2.36
1.92,3,92.064952,17,closed,0.0,1.9199999999999997
2.36,3,92.070894,17,open,1.0,2.36
1.92,3,92.077302,17,closed,0.0,1.9199999999999997
-3.85,3,92.083307,15,closed,0.0,-3.85
2.58,3,92.089051,15,open,1.0,2.58
-4.05,3,92.095125,15,closed,0.0,-4.050000000000001
-3.85,3,92.101199,15,closed,0.0,-3.85
2.54,3,92.107303,19,open,1.0,2.54
2.36,3,92.113272,17,open,1.0,2.36
1.92,3,92.119629,17,closed,0.0,1.9199999999999997
-3.85,3,92.125641,15,closed,0.0,-3.85
2.36,3,92.131664,17,open,1.0,2.36
2.5,3,92.138192,19,open,1.0,2.5
2.5,3,92.144689,19,open,1.0,2.5
2.46,3,92.151608,19,closed,0.0,2.46
1.92,3,92.157949,17,closed,0.0,1.9199999999999997
1.92,3,92.164319,17,closed,0.0,1.9199999999999997
2.54,3,92.170434,19,open,1.0,2.54
1.92,3,92.176752,17,closed,0.0,1.9199999999999997
1.92,3,92.183158,17,closed,0.0,1.9199999999999997
2.46,3,92.190017,19,closed,0.0,2.46
2.36,3,92.196017,17,open,1.0,2.36
2.54,3,92.202177,19,open,1.0,2.54
2.54,3,92.208327,19,open,1.0,2.54
2.54,3,92.214457,19,open,1.0,2.54
2.36,3,92.220417,17,open,1.0,2.36
1.92,3,92.226763,17,closed,0.0,1.9199999999999997
2.54,3,92.232895,19,open,1.0,2.54
-3.85,3,92.238947,15,closed,0.0,-3.85
2.58,3,92.244681,15,open,1.0,2.58
2.58,3,92.250419,15,open,1.0,2.58
-3.85,3,92.256506,15,closed,0.0,-3.85
2.46,3,92.263467,19,closed,0.0,2.46
2.36,3,92.269401,17,open,1.0,2.36
-3.85,3,92.275418,15,closed,0.0,-3.85
2.58,3,92.281167,15,open,1.0,2.58
2.36,3,92.287102,17,open,1.0,2.36
-3.85,3,92.293142,15,closed,0.0,-3.85
2.36,3,92.299114,17,open,1.0,2.36
-3.85,3,92.305179,15,closed,0.0,-3.85
1.92,3,92.311555,17,closed,0.0,1.9199999999999997
2.58,3,92.317311,15,open,1.0,2.58
2.36,3,92.323212,17,open,1.0,2.36
2.36,3,92.329192,17,open,1.0,2.36
2.58,3,92.334917,15,open,1.0,2.58
2.36,3,92.340883,17,open,1.0,2.36
2.46,3,92.347828,19,closed,0.0,2.46
2.46,3,92.35476,19,closed,0.0,2.46
2.36,3,92.36077,17,open,1.0,2.36
-3.85,3,92.366879,15,closed,0.0,-3.85
2.36,3,92.372796,17,open,1.0,2.36
2.54,3,92.378967,19,open,1.0,2.54
2.36,3,92.384932,17,open,1.0,2.36
2.46,3,92.391892,19,closed,0.0,2.46
2.54,3,92.39803,19,open,1.0,2.54
2.46,3,92.404902,19,closed,0.0,2.46
2.58,3,92.410721,15,open,1.0,2.58
2.36,3,92.416675,17,open,1.0,2.36
2.5,3,92.423186,19,open,1.0,2.5
2.46,3,92.430139,19,closed,0.0,2.46
2.36,3,92.436075,17,open,1.0,2.36
1.92,3,92.442428,17,closed,0.0,1.9199999999999997
2.58,3,92.448168,15,open,1.0,2.58
2.46,3,92.455071,19,closed,0.0,2.46
2.5,3,92.461636,19,open,1.0,2.5
-3.85,3,92.467736,15,closed,0.0,-3.85
1.92,3,92.474078,17,closed,0.0,1.9199999999999997
-0.39,3,92.480579,17,closed,0.0,-0.39000000000000035
2.58,3,92.486315,15,open,1.0,2.58
1.92,3,92.492649,17,closed,0.0,1.9199999999999997
1.92,3,92.499031,17,closed,0.0,1.9199999999999997
1.92,3,92.505369,17,closed,0.0,1.9199999999999997
-3.85,3,92.511417,15,closed,0.0,-3.85
2.46,3,92.518399,19,closed,0.0,2.46
2.46,3,92.525325,19,closed,0.0,2.46
2.58,3,92.531088,15,open,1.0,2.58
-3.85,3,92.537191,15,closed,0.0,-3.85
2.46,3,92.544167,19,closed,0.0,2.46
2.46,3,92.551044,19,closed,0.0,2.46
1.92,3,92.557418,17,closed,0.0,1.9199999999999997
2.54,3,92.563541,19,open,1.0,2.54
2.54,3,92.569703,19,open,1.0,2.54
-3.85,3,92.575839,15,closed,0.0,-3.85
2.5,3,92.582309,19,open,1.0,2.5
1.92,3,92.588631,17,closed,0.0,1.9199999999999997
-3.85,3,92.594744,15,closed,0.0,-3.85
-3.85,3,92.600815,15,closed,0.0,-3.85
-3.85,3,92.60689,15,closed,0.0,-3.85
2.46,3,92.613824,19,closed,0.0,2.46
1.92,3,92.620203,17,closed,0.0,1.9199999999999997
1.92,3,92.626592,17,closed,0.0,1.9199999999999997
1.92,3,92.633012,17,closed,0.0,1.9199999999999997
2.58,3,92.63873,15,open,1.0,2.58
2.36,3,92.644683,17,open,1.0,2.36
-3.85,3,92.650671,15,closed,0.0,-3.85
2.58,3,92.656398,15,open,1.0,2.58
1.92,3,92.662758,17,closed,0.0,1.9199999999999997
2.36,3,92.668687,17,open,1.0,2.36
2.36,3,92.674619,17,open,1.0,2.36
2.46,3,92.681565,19,closed,0.0,2.46
1.92,3,92.687957,17,closed,0.0,1.9199999999999997
2.58,3,92.693738,15,open,1.0,2.58
1.92,3,92.700141,17,closed,0.0,1.9199999999999997
2.46,3,92.707115,19,closed,0.0,2.46
2.58,3,92.712919,15,open,1.0,2.58
-3.85,3,92.719015,15,closed,0.0,-3.85
2.36,3,92.724998,17,open,1.0,2.36
2.58,3,92.730749,15,open,1.0,2.58
2.46,3,92.737616,19,closed,0.0,2.46
-3.85,3,92.743751,15,closed,0.0,-3.85
2.46,3,92.750675,19,closed,0.0,2.46
2.5,3,92.757218,19,open,1.0,2.5
-3.85,3,92.763314,15,closed,0.0,-3.85
2.46,3,92.770202,19,closed,0.0,2.46
2.58,3,92.77594,15,open,1.0,2.58
1.92,3,92.7824,17,closed,0.0,1.9199999999999997
-3.85,3,92.788509,15,closed,0.0,-3.85
2.54,3,92.794652,19,open,1.0,2.54
-3.85,3,92.80076,15,closed,0.0,-3.85
2.54,3,92.806915,19,open,1.0,2.54
2.5,3,92.813498,19,open,1.0,2.5
-3.85,3,92.819624,15,closed,0.0,-3.85
2.36,3,92.825527,17,open,1.0,2.36
2.46,3,92.832479,19,closed,0.0,2.46
2.46,3,92.839368,19,closed,0.0,2.46
2.36,3,92.845343,17,open,1.0,2.36
1.92,3,92.851704,17,closed,0.0,1.9199999999999997
2.46,3,92.858625,19,closed,0.0,2.46
-3.85,3,92.864717,15,closed,0.0,-3.85
2.36,3,92.870633,17,open,1.0,2.36
2.58,3,92.876385,15,open,1.0,2.58
2.36,3,92.882326,17,open,1.0,2.36
2.58,3,92.888034,15,open,1.0,2.58
2.46,3,92.894963,19,closed,0.0,2.46
2.46,3,92.901872,19,closed,0.0,2.46
2.58,3,92.90767,15,open,1.0,2.58
2.36,3,92.913633,17,open,1.0,2.36
2.54,3,92.919807,19,open,1.0,2.54
1.92,3,92.926166,17,closed,0.0,1.9199999999999997
-3.85,3,92.932186,15,closed,0.0,-3.85
2.58,3,92.937929,15,open,1.0,2.58
2.58,3,92.943676,15,open,1.0,2.58
2.46,3,92.950563,19,closed,0.0,2.46
2.36,3,92.956512,17,open,1.0,2.36
1.92,3,92.962888,17,closed,0.0,1.9199999999999997
2.54,3,92.968986,19,open,1.0,2.54
2.36,3,92.97493,17,open,1.0,2.36
1.92,3,92.981276,17,closed,0.0,1.9199999999999997
2.54,3,92.987388,19,open,1.0,2.54
2.46,3,92.994334,19,closed,0.0,2.46
2.46,3,93.001247,19,closed,0.0,2.46
2.58,3,93.007013,15,open,1.0,2.58
2.46,3,93.013935,19,closed,0.0,2.46
2.36,3,93.019889,17,open,1.0,2.36
2.36,3,93.025795,17,open,1.0,2.36
2.5,3,93.032317,19,open,1.0,2.5
2.46,3,93.039237,19,closed,0.0,2.46
2.46,3,93.046132,19,closed,0.0,2.46
1.92,3,93.052534,17,closed,0.0,1.9199999999999997
2.46,3,93.059446,19,closed,0.0,2.46
-3.85,3,93.06553,15,closed,0.0,-3.85
2.58,3,93.071276,15,open,1.0,2.58
-3.85,3,93.077338,15,closed,0.0,-3.85
2.36,3,93.083299,17,open,1.0,2.36
2.58,3,93.089078,15,open,1.0,2.58
2.36,3,93.095004,17,open,1.0,2.36
1.92,3,93.101353,17,closed,0.0,1.9199999999999997
-3.85,3,93.107374,15,closed,0.0,-3.85
1.92,3,93.113772,17,closed,0.0,1.9199999999999997
2.54,3,93.119899,19,open,1.0,2.54
2.36,3,93.125824,17,open,1.0,2.36
1.92,3,93.132219,17,closed,0.0,1.9199999999999997
2.54,3,93.138283,19,open,1.0,2.54
2.46,3,93.145274,19,closed,0.0,2.46
2.58,3,93.15099,15,open,1.0,2.58
2.36,3,93.156928,17,open,1.0,2.36
1.92,3,93.163301,17,closed,0.0,1.9199999999999997
-3.85,3,93.16937,15,closed,0.0,-3.85
1.92,3,93.17568,17,closed,0.0,1.9199999999999997
2.46,3,93.182631,19,closed,0.0,2.46
2.36,3,93.188536,17,open,1.0,2.36
2.54,3,93.194697,19,open,1.0,2.54
2.46,3,93.201695,19,closed,0.0,2.46
-3.85,3,93.207772,15,closed,0.0,-3.85
-3.85,3,93.213864,15,closed,0.0,-3.85
2.54,3,93.219976,19,open,1.0,2.54
2.58,3,93.225709,15,open,1.0,2.58
-3.85,3,93.231833,15,closed,0.0,-3.85
1.92,3,93.23816,17,closed,0.0,1.9199999999999997
2.54,3,93.244342,19,open,1.0,2.54
2.58,3,93.250078,15,open,1.0,2.58
1.92,3,93.256406,17,closed,0.0,1.9199999999999997
2.46,3,93.263389,19,closed,0.0,2.46
2.36,3,93.269359,17,open,1.0,2.36
2.54,3,93.275436,19,open,1.0,2.54
2.58,3,93.281208,15,open,1.0,2.58
2.36,3,93.287097,17,open,1.0,2.36
-3.85,3,93.293127,15,closed,0.0,-3.85
2.58,3,93.298901,15,open,1.0,2.58
1.92,3,93.305224,17,closed,0.0,1.9199999999999997
2.46,3,93.312139,19,closed,0.0,2.46
2.54,3,93.318277,19,open,1.0,2.54
1.92,3,93.32465,17,closed,0.0,1.9199999999999997
2.54,3,93.330851,19,open,1.0,2.54
1.92,3,93.337185,17,closed,0.0,1.9199999999999997
-3.85,3,93.343281,15,closed,0.0,-3.85
2.46,3,93.350138,19,closed,0.0,2.46
2.46,3,93.357077,19,closed,0.0,2.46
2.54,3,93.363197,19,open,1.0,2.54
2.54,3,93.369328,19,open,1.0,2.54
-3.85,3,93.37537,15,closed,0.0,-3.85
2.58,3,93.381161,15,open,1.0,2.58
2.54,3,93.387263,19,open,1.0,2.54
2.58,3,93.393061,15,open,1.0,2.58
2.54,3,93.399226,19,open,1.0,2.54
1.92,3,93.405586,17,closed,0.0,1.9199999999999997
2.54,3,93.411736,19,open,1.0,2.54
-4.25,3,93.417784,15,closed,0.0,-4.25
2.46,3,93.424731,19,closed,0.0,2.46
-3.85,3,93.430836,15,closed,0.0,-3.85
2.54,3,93.436986,19,open,1.0,2.54
1.92,3,93.443365,17,closed,0.0,1.9199999999999997
2.54,3,93.527377,19,open,1.0,2.54
2.46,3,93.534358,19,closed,0.0,2.46
2.36,3,93.540316,17,open,1.0,2.36
1.92,3,93.54671,17,closed,0.0,1.9199999999999997
2.54,3,93.552856,19,open,1.0,2.54
2.36,3,93.558768,17,open,1.0,2.36
-3.85,3,93.564894,15,closed,0.0,-3.85
-3.85,3,93.570974,15,closed,0.0,-3.85
2.54,3,93.577091,19,open,1.0,2.54
2.46,3,93.58394,19,open,1.0,2.46
2.36,3,93.589831,17,open,1.0,2.36
-3.85,3,93.595868,15,closed,0.0,-3.85
2.46,3,93.602877,19,closed,0.0,2.46
-3.85,3,93.60894,15,closed,0.0,-3.85
2.58,3,93.614759,15,open,1.0,2.58
2.54,3,93.620888,19,open,1.0,2.54
2.46,3,93.627788,19,closed,0.0,2.46
2.54,3,93.633922,19,open,1.0,2.54
2.46,3,93.640824,19,closed,0.0,2.46
-3.85,3,93.646927,15,closed,0.0,-3.85
1.92,3,93.653262,17,closed,0.0,1.9199999999999997
2.54,3,93.659367,19,open,1.0,2.54
2.36,3,93.665308,17,open,1.0,2.36
2.5,3,93.671807,19,open,1.0,2.5
2.46,3,93.67874,19,closed,0.0,2.46
2.58,3,93.684441,15,open,1.0,2.58
1.92,3,93.690815,17,closed,0.0,1.9199999999999997
2.36,3,93.696794,17,open,1.0,2.36
-0.39,3,93.70322,17,closed,0.0,-0.39000000000000035
2.46,3,93.710119,19,closed,0.0,2.46
2.36,3,93.716084,17,open,1.0,2.36
2.5,3,93.72252,19,open,1.0,2.5
2.58,3,93.728271,15,open,1.0,2.58
-3.85,3,93.73434,15,closed,0.0,-3.85
2.54,3,93.740433,19,open,1.0,2.54
1.92,3,93.746761,17,closed,0.0,1.9199999999999997
-3.45,3,93.752803,15,closed,0.0,-3.4499999999999997
-3.85,3,93.758885,15,closed,0.0,-3.85
2.5,3,93.765397,19,open,1.0,2.5
-3.85,3,93.771433,15,closed,0.0,-3.85
2.54,3,93.777515,19,open,1.0,2.54
2.36,3,93.783515,17,open,1.0,2.36
-3.85,3,93.7895,15,closed,0.0,-3.85
2.54,3,93.795622,19,open,1.0,2.54
1.92,3,93.80198,17,closed,0.0,1.9199999999999997
2.58,3,93.807731,15,open,1.0,2.58
-3.85,3,93.813784,15,closed,0.0,-3.85
2.46,3,93.820723,19,closed,0.0,2.46
2.5,3,93.827199,19,open,1.0,2.5
2.36,3,93.833126,17,open,1.0,2.36
1.92,3,93.839456,17,closed,0.0,1.9199999999999997
2.46,3,93.846368,19,closed,0.0,2.46
2.46,3,93.853265,19,closed,0.0,2.46
-3.85,3,93.859273,15,closed,0.0,-3.85
2.36,3,93.865241,17,open,1.0,2.36
-4.25,3,93.871279,15,closed,0.0,-4.25
2.46,3,93.878211,19,closed,0.0,2.46
2.54,3,93.884325,19,open,1.0,2.54
-3.85,3,93.890319,15,closed,0.0,-3.85
2.54,3,93.896465,19,open,1.0,2.54
1.92,3,93.902714,17,closed,0.0,1.9199999999999997
2.46,3,93.90964,19,closed,0.0,2.46
-3.85,3,93.915737,15,closed,0.0,-3.85
2.46,3,93.922609,19,closed,0.0,2.46
2.54,3,93.928803,19,open,1.0,2.54
2.58,3,93.934558,15,open,1.0,2.58
1.92,3,93.940911,17,closed,0.0,1.9199999999999997
2.58,3,93.946696,15,open,1.0,2.58
-3.85,3,93.95275,15,closed,0.0,-3.85
2.36,3,93.958644,17,open,1.0,2.36
-3.85,3,93.964755,15,closed,0.0,-3.85
2.46,3,93.971614,19,closed,0.0,2.46
1.92,3,93.977977,17,closed,0.0,1.9199999999999997
2.54,3,93.984042,19,open,1.0,2.54
-3.85,3,93.990065,15,closed,0.0,-3.85
1.92,3,93.996383,17,closed,0.0,1.9199999999999997
-3.85,3,94.002404,15,closed,0.0,-3.85
2.36,3,94.008333,17,open,1.0,2.36
2.58,3,94.01403,15,open,1.0,2.58
2.36,3,94.019923,17,open,1.0,2.36
2.58,3,94.025621,15,open,1.0,2.58
2.36,3,94.03159,17,open,1.0,2.36
-0.39,3,94.038016,17,closed,0.0,-0.39000000000000035
1.92,3,94.04437,17,closed,0.0,1.9199999999999997
2.54,3,94.05051,19,open,1.0,2.54
2.36,3,94.056393,17,open,1.0,2.36
2.58,3,94.062186,15,open,1.0,2.58
-3.85,3,94.068209,15,closed,0.0,-3.85
-3.85,3,94.074291,15,closed,0.0,-3.85
2.36,3,94.080221,17,open,1.0,2.36
1.92,3,94.086582,17,closed,0.0,1.9199999999999997
2.46,3,94.093472,19,closed,0.0,2.46
-3.85,3,94.099527,15,closed,0.0,-3.85
2.46,3,94.106411,19,closed,0.0,2.46
2.58,3,94.112155,15,open,1.0,2.58
2.36,3,94.118077,17,open,1.0,2.36
1.92,3,94.124365,17,closed,0.0,1.9199999999999997
1.92,3,94.130727,17,closed,0.0,1.9199999999999997
1.92,3,94.137036,17,closed,0.0,1.9199999999999997
2.46,3,94.143986,19,closed,0.0,2.46
1.92,3,94.150365,17,closed,0.0,1.9199999999999997
2.58,3,94.156119,15,open,1.0,2.58
2.46,3,94.163031,19,closed,0.0,2.46
1.92,3,94.169308,17,closed,0.0,1.9199999999999997
2.46,3,94.176152,19,closed,0.0,2.46
2.36,3,94.182115,19,open,1.0,2.36
2.5,3,94.188534,19,open,1.0,2.5
2.36,3,94.194559,17,open,1.0,2.36
1.92,3,94.200859,17,closed,0.0,1.9199999999999997
-3.85,3,94.206956,15,closed,0.0,-3.85
2.54,3,94.213121,19,open,1.0,2.54
-3.85,3,94.219161,15,closed,0.0,-3.85
2.5,3,94.22566,19,open,1.0,2.5
2.58,3,94.231407,15,open,1.0,2.58
2.46,3,94.238302,19,closed,0.0,2.46
2.54,3,94.244478,19,open,1.0,2.54
-3.85,3,94.250495,15,closed,0.0,-3.85
2.36,3,94.256355,17,open,1.0,2.36
2.58,3,94.262134,15,open,1.0,2.58
2.58,3,94.267909,15,open,1.0,2.58
2.58,3,94.273644,15,open,1.0,2.58
-3.85,3,94.279719,15,closed,0.0,-3.85
2.58,3,94.285448,15,open,1.0,2.58
2.58,3,94.291162,15,open,1.0,2.58
2.36,3,94.297106,17,open,1.0,2.36
2.36,3,94.303052,17,open,1.0,2.36
2.36,3,94.308986,17,open,1.0,2.36
-3.85,3,94.315032,15,closed,0.0,-3.85
-3.85,3,94.321038,15,closed,0.0,-3.85
-3.85,3,94.327045,15,closed,0.0,-3.85
-3.85,3,94.333108,15,closed,0.0,-3.85
2.36,3,94.338954,17,open,1.0,2.36
2.36,3,94.344866,17,open,1.0,2.36
2.58,3,94.350678,15,open,1.0,2.58
2.58,3,94.356386,15,open,1.0,2.58
2.5,3,94.362904,19,open,1.0,2.5
2.5,3,94.369366,19,open,1.0,2.5
1.92,3,94.375726,17,closed,0.0,1.9199999999999997
2.36,3,94.38169,17,open,1.0,2.36
2.46,3,94.388603,19,closed,0.0,2.46
2.58,3,94.394372,15,open,1.0,2.58
2.58,3,94.40005,15,open,1.0,2.58
2.54,3,94.406103,19,open,1.0,2.54
2.46,3,94.413047,19,closed,0.0,2.46
1.92,3,94.419383,17,closed,0.0,1.9199999999999997
2.54,3,94.42549,19,open,1.0,2.54
2.46,3,94.43242,19,closed,0.0,2.46
1.92,3,94.438726,17,closed,0.0,1.9199999999999997
-3.85,3,94.444811,15,closed,0.0,-3.85
2.58,3,94.450559,15,open,1.0,2.58
2.54,3,94.456669,19,open,1.0,2.54
2.46,3,94.463593,19,closed,0.0,2.46
2.36,3,94.469523,17,open,1.0,2.36
-3.85,3,94.475547,15,closed,0.0,-3.85
2.36,3,94.481506,17,open,1.0,2.36
2.54,3,94.487558,19,open,1.0,2.54
2.36,3,94.493496,17,open,1.0,2.36
2.58,3,94.499319,15,open,1.0,2.58
2.36,3,94.505216,17,open,1.0,2.36
1.92,3,94.511578,17,closed,0.0,1.9199999999999997
2.36,3,94.51745,17,open,1.0,2.36
2.36,3,94.523428,17,open,1.0,2.36
2.46,3,94.530274,19,open,1.0,2.46
-3.85,3,94.536328,15,closed,0.0,-3.85
2.46,3,94.543243,19,closed,0.0,2.46
2.58,3,94.54899,15,open,1.0,2.58
2.58,3,94.554647,15,open,1.0,2.58
2.36,3,94.560556,17,open,1.0,2.36
-3.85,3,94.566611,15,closed,0.0,-3.85
1.92,3,94.572974,17,closed,0.0,1.9199999999999997
2.5,3,94.579459,19,open,1.0,2.5
2.36,3,94.585385,17,open,1.0,2.36
1.92,3,94.591635,17,closed,0.0,1.9199999999999997
2.54,3,94.597816,19,open,1.0,2.54
2.36,3,94.603741,17,open,1.0,2.36
1.92,3,94.610092,17,closed,0.0,1.9199999999999997
2.46,3,94.616941,19,closed,0.0,2.46
2.54,3,94.623065,19,open,1.0,2.54
2.46,3,94.630028,19,closed,0.0,2.46
1.92,3,94.63636,17,closed,0.0,1.9199999999999997
2.54,3,94.64245,19,open,1.0,2.54
2.36,3,94.648429,17,open,1.0,2.36
-3.85,3,94.654478,15,closed,0.0,-3.85
1.92,3,94.660792,17,closed,0.0,1.9199999999999997
2.46,3,94.66768,19,closed,0.0,2.46
2.58,3,94.673429,15,open,1.0,2.58
2.58,3,94.679197,15,open,1.0,2.58
2.46,3,94.686062,19,closed,0.0,2.46
-3.85,3,94.692052,15,closed,0.0,-3.85
2.46,3,94.698938,19,closed,0.0,2.46
2.36,3,94.704827,17,open,1.0,2.36
-3.85,3,94.710915,15,closed,0.0,-3.85
2.36,3,94.716839,17,open,1.0,2.36
1.92,3,94.723189,17,closed,0.0,1.9199999999999997
1.92,3,94.729583,17,closed,0.0,1.9199999999999997
2.5,3,94.736073,19,open,1.0,2.5
2.58,3,94.741804,15,open,1.0,2.58
2.58,3,94.747535,15,open,1.0,2.58
2.36,3,94.753444,17,open,1.0,2.36
0.57,3,94.7592,15,open,1.0,0.5700000000000001
2.46,3,94.766078,19,closed,0.0,2.46
-3.85,3,94.772085,15,closed,0.0,-3.85
2.54,3,94.778202,19,open,1.0,2.54
2.5,3,94.784707,19,open,1.0,2.5
1.92,3,94.791053,17,closed,0.0,1.9199999999999997
1.92,3,94.797397,17,closed,0.0,1.9199999999999997
2.46,3,94.804318,19,closed,0.0,2.46
1.92,3,94.810633,17,closed,0.0,1.9199999999999997
-3.85,3,94.816707,15,closed,0.0,-3.85
2.54,3,94.82282,19,open,1.0,2.54
2.58,3,94.828592,15,open,1.0,2.58
2.46,3,94.835497,19,closed,0.0,2.46
2.58,3,94.841188,15,open,1.0,2.58
2.36,3,94.8472,17,open,1.0,2.36
-3.85,3,94.853202,15,closed,0.0,-3.85
2.54,3,94.859306,19,open,1.0,2.54
2.36,3,94.865245,17,open,1.0,2.36
1.92,3,94.871583,17,closed,0.0,1.9199999999999997
-3.85,3,94.877651,15,closed,0.0,-3.85
2.36,3,94.883616,17,open,1.0,2.36
-3.85,3,94.88962,15,closed,0.0,-3.85
2.46,3,94.896582,19,closed,0.0,2.46
1.92,3,94.902967,17,closed,0.0,1.9199999999999997
2.54,3,94.909065,19,open,1.0,2.54
2.58,3,94.914851,15,open,1.0,2.58
1.92,3,94.921176,17,closed,0.0,1.9199999999999997
2.54,3,94.927361,19,open,1.0,2.54
2.58,3,94.93309,15,open,1.0,2.58
-3.85,3,94.93907,15,closed,0.0,-3.85
-3.85,3,94.945166,15,closed,0.0,-3.85
1.92,3,94.951472,17,closed,0.0,1.9199999999999997
2.36,3,94.957371,17,open,1.0,2.36
2.36,3,94.963313,17,open,1.0,2.36
2.54,3,94.969408,19,open,1.0,2.54
2.58,3,94.975115,15,open,1.0,2.58
-3.85,3,94.981152,15,closed,0.0,-3.85
2.46,3,94.988034,19,closed,0.0,2.46
-3.85,3,94.994083,15,closed,0.0,-3.85
-3.85,3,95.000125,15,closed,0.0,-3.85
-3.85,3,95.006144,15,closed,0.0,-3.85
1.92,3,95.012521,17,closed,0.0,1.9199999999999997
2.46,3,95.019319,19,closed,0.0,2.46
2.46,3,95.026188,19,closed,0.0,2.46
2.58,3,95.031981,15,open,1.0,2.58
2.36,3,95.037929,17,open,1.0,2.36
-3.85,3,95.044024,15,closed,0.0,-3.85
2.5,3,95.050488,19,open,1.0,2.5
2.58,3,95.056202,15,open,1.0,2.58
-3.85,3,95.062301,15,closed,0.0,-3.85
2.36,3,95.068261,17,open,1.0,2.36
2.36,3,95.074136,17,open,1.0,2.36
1.92,3,95.080496,17,closed,0.0,1.9199999999999997
2.54,3,95.086598,19,open,1.0,2.54
2.36,3,95.092557,17,open,1.0,2.36
-3.85,3,95.098684,15,closed,0.0,-3.85
2.46,3,95.105608,19,closed,0.0,2.46
2.36,3,95.111608,17,open,1.0,2.36
2.46,3,95.118497,19,closed,0.0,2.46
2.58,3,95.124208,15,open,1.0,2.58
2.58,3,95.129992,15,open,1.0,2.58
2.46,3,95.136814,19,closed,0.0,2.46
2.58,3,95.142548,15,open,1.0,2.58
2.54,3,95.148698,19,open,1.0,2.54
2.36,3,95.154618,17,open,1.0,2.36
1.92,3,95.160988,17,closed,0.0,1.9199999999999997
2.36,3,95.166987,17,open,1.0,2.36
1.92,3,95.173352,17,closed,0.0,1.9199999999999997
2.58,3,95.179094,15,open,1.0,2.58
2.36,3,95.185017,17,open,1.0,2.36
2.58,3,95.190725,15,open,1.0,2.58
2.14,3,95.196901,17,open,1.0,2.1399999999999997
2.46,3,95.203769,19,closed,0.0,2.46
2.54,3,95.209868,19,open,1.0,2.54
-3.85,3,95.216003,15,closed,0.0,-3.85
2.46,3,95.222853,19,closed,0.0,2.46
1.92,3,95.229294,17,closed,0.0,1.9199999999999997
1.92,3,95.235623,17,closed,0.0,1.9199999999999997
2.36,3,95.241541,17,open,1.0,2.36
2.36,3,95.247496,17,open,1.0,2.36
2.36,3,95.253378,17,open,1.0,2.36
2.58,3,95.259055,15,open,1.0,2.58
-3.85,3,95.265092,15,closed,0.0,-3.85
2.58,3,95.270785,15,open,1.0,2.58
2.58,3,95.276553,15,open,1.0,2.58
1.92,3,95.282878,17,closed,0.0,1.9199999999999997
2.58,3,95.288565,15,open,1.0,2.58
1.92,3,95.295009,17,closed,0.0,1.9199999999999997
2.58,3,95.300696,15,open,1.0,2.58
1.92,3,95.307047,17,closed,0.0,1.9199999999999997
2.36,3,95.312992,17,open,1.0,2.36
2.58,3,95.318732,15,open,1.0,2.58
-3.85,3,95.324745,15,closed,0.0,-3.85
1.92,3,95.331115,17,closed,0.0,1.9199999999999997
2.46,3,95.338025,19,closed,0.0,2.46
2.36,3,95.344035,17,open,1.0,2.36
2.36,3,95.349961,17,open,1.0,2.36
2.54,3,95.356066,19,open,1.0,2.54
-3.85,3,95.362094,15,closed,0.0,-3.85
2.58,3,95.367812,15,open,1.0,2.58
-3.85,3,95.373868,15,closed,0.0,-3.85
2.58,3,95.379659,15,open,1.0,2.58
2.46,3,95.386607,19,closed,0.0,2.46
2.54,3,95.392784,19,open,1.0,2.54
-0.39,3,95.399256,17,closed,0.0,-0.39000000000000035
-3.85,3,95.405266,15,closed,0.0,-3.85
2.46,3,95.412261,19,closed,0.0,2.46
-3.85,3,95.418337,15,closed,0.0,-3.85
1.92,3,95.424725,17,closed,0.0,1.9199999999999997
2.54,3,95.430913,19,open,1.0,2.54
-0.39,3,95.437374,17,closed,0.0,-0.39000000000000035
-3.85,3,95.44341,15,closed,0.0,-3.85
-3.85,3,95.449536,15,closed,0.0,-3.85
-3.85,3,95.455506,15,closed,0.0,-3.85
-3.85,3,95.461576,15,closed,0.0,-3.85
2.36,3,95.467498,17,open,1.0,2.36
1.92,3,95.473826,17,closed,0.0,1.9199999999999997
2.54,3,95.479987,19,open,1.0,2.54
2.46,3,95.486931,19,closed,0.0,2.46
2.58,3,95.492702,15,open,1.0,2.58
2.58,3,95.498477,15,open,1.0,2.58
2.54,3,95.504519,19,open,1.0,2.54
2.58,3,95.510314,15,open,1.0,2.58
2.5,3,95.516765,19,open,1.0,2.5
1.92,3,95.523122,17,closed,0.0,1.9199999999999997
2.46,3,95.530062,19,closed,0.0,2.46
2.54,3,95.536163,19,open,1.0,2.54
2.58,3,95.541942,15,open,1.0,2.58
1.92,3,95.548401,17,closed,0.0,1.9199999999999997
1.92,3,95.554702,17,closed,0.0,1.9199999999999997
2.36,3,95.56066,17,open,1.0,2.36
2.58,3,95.566504,15,open,1.0,2.58
-3.85,3,95.572524,15,closed,0.0,-3.85
2.36,3,95.578462,17,open,1.0,2.36
2.54,3,95.584554,19,open,1.0,2.54
2.5,3,95.591095,19,open,1.0,2.5
2.58,3,95.596873,15,open,1.0,2.58
-3.85,3,95.602929,15,closed,0.0,-3.85
2.46,3,95.609741,19,open,1.0,2.46
2.36,3,95.615764,17,open,1.0,2.36
-3.85,3,95.621805,15,closed,0.0,-3.85
2.36,3,95.627814,17,open,1.0,2.36
-3.85,3,95.711208,15,closed,0.0,-3.85
2.54,3,95.717432,19,open,1.0,2.54
2.58,3,95.723105,15,open,1.0,2.58
2.58,3,95.728853,15,open,1.0,2.58
1.92,3,95.735253,17,closed,0.0,1.9199999999999997
1.92,3,95.741559,17,closed,0.0,1.9199999999999997
2.36,3,95.747459,17,open,1.0,2.36
1.92,3,95.753787,17,closed,0.0,1.9199999999999997
2.58,3,95.759538,15,open,1.0,2.58
2.46,3,95.766458,19,closed,0.0,2.46
2.14,3,95.772519,17,open,1.0,2.1399999999999997
1.92,3,95.778918,17,closed,0.0,1.9199999999999997
-3.85,3,95.784941,15,closed,0.0,-3.85
1.92,3,95.791324,17,closed,0.0,1.9199999999999997
2.36,3,95.797313,17,open,1.0,2.36
2.46,3,95.804209,19,closed,0.0,2.46
2.58,3,95.809985,15,open,1.0,2.58
2.54,3,95.816111,19,open,1.0,2.54
-3.85,3,95.82215,15,closed,0.0,-3.85
2.54,3,95.828251,19,open,1.0,2.54
2.46,3,95.83512,19,closed,0.0,2.46
2.36,3,95.84102,17,open,1.0,2.36
2.58,3,95.846758,15,open,1.0,2.58
2.58,3,95.852453,15,open,1.0,2.58
2.54,3,95.858483,19,open,1.0,2.54
-3.85,3,95.864558,15,closed,0.0,-3.85
2.36,3,95.870453,17,open,1.0,2.36
2.36,3,95.876352,17,open,1.0,2.36
2.58,3,95.882099,15,open,1.0,2.58
2.54,3,95.888181,19,open,1.0,2.54
1.92,3,95.894566,17,closed,0.0,1.9199999999999997
-3.85,3,95.900604,15,closed,0.0,-3.85
1.92,3,95.906963,17,closed,0.0,1.9199999999999997
-3.85,3,95.913071,15,closed,0.0,-3.85
2.36,3,95.918984,17,open,1.0,2.36
-3.85,3,95.924989,15,closed,0.0,-3.85
2.54,3,95.931107,19,open,1.0,2.54
2.36,3,95.936963,17,open,1.0,2.36
1.92,3,95.943308,17,closed,0.0,1.9199999999999997
1.92,3,95.949617,17,closed,0.0,1.9199999999999997
1.92,3,95.95598,17,closed,0.0,1.9199999999999997
1.92,3,95.962354,17,closed,0.0,1.9199999999999997
2.46,3,95.969247,19,closed,0.0,2.46
2.36,3,95.975181,17,open,1.0,2.36
-3.85,3,95.981223,15,closed,0.0,-3.85
2.14,3,95.987327,17,open,1.0,2.1399999999999997
2.5,3,95.994002,19,open,1.0,2.5
2.54,3,96.000096,19,open,1.0,2.54
2.46,3,96.007034,19,closed,0.0,2.46
2.36,3,96.012996,17,open,1.0,2.36
-3.85,3,96.019033,15,closed,0.0,-3.85
2.54,3,96.025105,19,open,1.0,2.54
-4.25,3,96.03116,15,closed,0.0,-4.25
-3.85,3,96.037279,15,closed,0.0,-3.85
1.92,3,96.043583,17,closed,0.0,1.9199999999999997
2.46,3,96.050507,19,closed,0.0,2.46
2.46,3,96.057376,19,closed,0.0,2.46
2.46,3,96.064319,19,closed,0.0,2.46
2.36,3,96.070253,17,open,1.0,2.36
2.58,3,96.075944,15,open,1.0,2.58
2.58,3,96.081698,15,open,1.0,2.58
2.54,3,96.087794,19,open,1.0,2.54
2.58,3,96.093524,15,open,1.0,2.58
1.92,3,96.099973,17,closed,0.0,1.9199999999999997
2.58,3,96.105731,15,open,1.0,2.58
-3.85,3,96.111807,15,closed,0.0,-3.85
2.5,3,96.118309,19,open,1.0,2.5
1.92,3,96.124671,17,closed,0.0,1.9199999999999997
2.46,3,96.131576,19,closed,0.0,2.46
2.36,3,96.137526,17,open,1.0,2.36
2.14,3,96.143642,17,open,1.0,2.1399999999999997
2.5,3,96.150095,19,open,1.0,2.5
2.46,3,96.156967,19,closed,0.0,2.46
1.92,3,96.163344,17,closed,0.0,1.9199999999999997
1.92,3,96.169646,17,closed,0.0,1.9199999999999997
-3.85,3,96.175692,15,closed,0.0,-3.85
1.92,3,96.18209,17,closed,0.0,1.9199999999999997
-3.85,3,96.188125,15,closed,0.0,-3.85
2.36,3,96.1941,17,open,1.0,2.36
-3.85,3,96.200093,15,closed,0.0,-3.85
-3.85,3,96.206136,15,closed,0.0,-3.85
-3.85,3,96.21223,15,closed,0.0,-3.85
1.92,3,96.218556,17,closed,0.0,1.9199999999999997
2.46,3,96.225427,19,closed,0.0,2.46
2.5,3,96.231892,19,open,1.0,2.5
2.58,3,96.237626,15,open,1.0,2.58
-3.85,3,96.243679,15,closed,0.0,-3.85
2.54,3,96.249848,19,open,1.0,2.54
-3.85,3,96.255909,15,closed,0.0,-3.85
-3.85,3,96.262036,15,closed,0.0,-3.85
2.58,3,96.267762,15,open,1.0,2.58
2.54,3,96.273809,19,open,1.0,2.54
2.54,3,96.279969,19,open,1.0,2.54
1.92,3,96.286323,17,closed,0.0,1.9199999999999997
-3.85,3,96.292366,15,closed,0.0,-3.85
1.92,3,96.298716,17,closed,0.0,1.9199999999999997
1.92,3,96.305068,17,closed,0.0,1.9199999999999997
2.58,3,96.310872,15,open,1.0,2.58
2.28,3,96.317583,19,closed,0.0,2.28
2.54,3,96.323673,19,open,1.0,2.54
2.46,3,96.330595,19,closed,0.0,2.46
-3.85,3,96.336611,15,closed,0.0,-3.85
2.54,3,96.34273,19,open,1.0,2.54
2.36,3,96.348695,17,open,1.0,2.36
2.58,3,96.354433,15,open,1.0,2.58
1.92,3,96.360812,17,closed,0.0,1.9199999999999997
-3.85,3,96.366903,15,closed,0.0,-3.85
2.54,3,96.372978,19,open,1.0,2.54
2.58,3,96.378766,15,open,1.0,2.58
-3.85,3,96.384861,15,closed,0.0,-3.85
-3.45,3,96.390882,15,closed,0.0,-3.4499999999999997
-3.85,3,96.397003,15,closed,0.0,-3.85
2.46,3,96.403888,19,closed,0.0,2.46
2.36,3,96.409848,17,open,1.0,2.36
1.92,3,96.416249,17,closed,0.0,1.9199999999999997
2.36,3,96.422161,17,open,1.0,2.36
2.54,3,96.428237,19,open,1.0,2.54
2.58,3,96.43398,15,open,1.0,2.58
2.58,3,96.439702,15,open,1.0,2.58
2.58,3,96.445492,15,open,1.0,2.58
2.36,3,96.451421,17,open,1.0,2.36
2.54,3,96.457511,19,open,1.0,2.54
2.14,3,96.463675,17,open,1.0,2.1399999999999997
2.36,3,96.469569,17,open,1.0,2.36
2.46,3,96.476476,19,closed,0.0,2.46
2.54,3,96.482611,19,open,1.0,2.54
2.5,3,96.489101,19,open,1.0,2.5
2.36,3,96.495003,17,open,1.0,2.36
-3.85,3,96.501036,15,closed,0.0,-3.85
1.92,3,96.507434,17,closed,0.0,1.9199999999999997
2.46,3,96.514381,19,closed,0.0,2.46
2.36,3,96.520328,17,open,1.0,2.36
2.54,3,96.526481,19,open,1.0,2.54
2.54,3,96.532633,19,open,1.0,2.54
2.36,3,96.538514,17,open,1.0,2.36
1.92,3,96.544853,17,closed,0.0,1.9199999999999997
-3.85,3,96.550827,15,closed,0.0,-3.85
2.58,3,96.556553,15,open,1.0,2.58
2.54,3,96.562629,19,open,1.0,2.54
2.36,3,96.568531,17,open,1.0,2.36
2.58,3,96.574203,15,open,1.0,2.58
2.36,3,96.580111,17,open,1.0,2.36
2.58,3,96.585798,15,open,1.0,2.58
1.92,3,96.592112,17,closed,0.0,1.9199999999999997
1.92,3,96.598506,17,closed,0.0,1.9199999999999997
2.46,3,96.605407,19,closed,0.0,2.46
1.92,3,96.611772,17,closed,0.0,1.9199999999999997
1.92,3,96.618135,17,closed,0.0,1.9199999999999997
2.36,3,96.624052,17,open,1.0,2.36
2.36,3,96.629997,17,open,1.0,2.36
-3.85,3,96.636087,15,closed,0.0,-3.85
2.58,3,96.641755,15,open,1.0,2.58
2.36,3,96.647753,17,open,1.0,2.36
2.36,3,96.653631,17,open,1.0,2.36
2.36,3,96.659537,17,open,1.0,2.36
2.54,3,96.665698,19,open,1.0,2.54
2.36,3,96.671632,17,open,1.0,2.36
2.36,3,96.677599,17,open,1.0,2.36
2.46,3,96.684493,19,closed,0.0,2.46
2.58,3,96.690233,15,open,1.0,2.58
-3.85,3,96.696298,15,closed,0.0,-3.85
2.46,3,96.703265,19,closed,0.0,2.46
-3.85,3,96.70931,15,closed,0.0,-3.85
2.54,3,96.715427,19,open,1.0,2.54
2.54,3,96.721526,19,open,1.0,2.54
1.92,3,96.727917,17,closed,0.0,1.9199999999999997
2.58,3,96.733664,15,open,1.0,2.58
2.58,3,96.739384,15,open,1.0,2.58
2.46,3,96.746335,19,closed,0.0,2.46
2.46,3,96.753218,19,closed,0.0,2.46
2.46,3,96.760123,19,closed,0.0,2.46
2.54,3,96.766159,19,open,1.0,2.54
2.58,3,96.771866,15,open,1.0,2.58
2.46,3,96.778759,19,closed,0.0,2.46
2.46,3,96.785633,19,closed,0.0,2.46
-3.85,3,96.791632,15,closed,0.0,-3.85
2.58,3,96.797405,15,open,1.0,2.58
2.36,3,96.803312,17,open,1.0,2.36
2.36,3,96.809231,17,open,1.0,2.36
-3.85,3,96.815331,15,closed,0.0,-3.85
1.92,3,96.821653,17,closed,0.0,1.9199999999999997
1.92,3,96.827977,17,closed,0.0,1.9199999999999997
1.92,3,96.834365,17,closed,0.0,1.9199999999999997
1.92,3,96.840735,17,closed,0.0,1.9199999999999997
2.54,3,96.846898,19,open,1.0,2.54
2.58,3,96.852655,15,open,1.0,2.58
2.46,3,96.859507,19,closed,0.0,2.46
2.46,3,96.866472,19,closed,0.0,2.46
2.36,3,96.872372,17,open,1.0,2.36
2.54,3,96.878499,19,open,1.0,2.54
2.54,3,96.884622,19,open,1.0,2.54
2.36,3,96.890539,17,open,1.0,2.36
2.54,3,96.896641,19,open,1.0,2.54
2.58,3,96.9023,15,open,1.0,2.58
-3.85,3,96.908285,15,closed,0.0,-3.85
2.46,3,96.915167,19,closed,0.0,2.46
2.46,3,96.92206,19,closed,0.0,2.46
-3.85,3,96.928079,15,closed,0.0,-3.85
2.58,3,96.933809,15,open,1.0,2.58
2.58,3,96.939477,15,open,1.0,2.58
1.92,3,96.945857,17,closed,0.0,1.9199999999999997
-3.85,3,96.951923,15,closed,0.0,-3.85
-3.85,3,96.957959,15,closed,0.0,-3.85
-4.25,3,96.964037,15,closed,0.0,-4.25
2.36,3,96.969987,17,open,1.0,2.36
2.46,3,96.9769,19,closed,0.0,2.46
0.57,3,96.982715,15,open,1.0,0.5700000000000001
2.58,3,96.988438,15,open,1.0,2.58
2.46,3,96.995377,19,closed,0.0,2.46
1.92,3,97.001713,17,closed,0.0,1.9199999999999997
2.36,3,97.011047,19,open,1.0,2.36
2.54,3,97.017285,19,open,1.0,2.54
2.46,3,97.024355,19,closed,0.0,2.46
2.54,3,97.030524,19,open,1.0,2.54
2.36,3,97.036435,17,open,1.0,2.36
2.36,3,97.042296,17,open,1.0,2.36
2.36,3,97.048234,17,open,1.0,2.36
-3.85,3,97.054261,15,closed,0.0,-3.85
2.54,3,97.060357,19,open,1.0,2.54
2.36,3,97.06625,17,open,1.0,2.36
1.92,3,97.072548,17,closed,0.0,1.9199999999999997
-3.85,3,97.078563,15,closed,0.0,-3.85
2.36,3,97.084453,17,open,1.0,2.36
1.92,3,97.090753,17,closed,0.0,1.9199999999999997
2.36,3,97.096697,17,open,1.0,2.36
2.58,3,97.102468,15,open,1.0,2.58
2.46,3,97.109333,19,closed,0.0,2.46
-3.85,3,97.11543,15,closed,0.0,-3.85
1.92,3,97.121722,17,closed,0.0,1.9199999999999997
1.92,3,97.128092,17,closed,0.0,1.9199999999999997
2.36,3,97.133944,17,open,1.0,2.36
2.46,3,97.140857,19,closed,0.0,2.46
1.92,3,97.147248,17,closed,0.0,1.9199999999999997
2.58,3,97.152966,15,open,1.0,2.58
2.36,3,97.158937,19,open,1.0,2.36
-4.25,3,97.165038,15,closed,0.0,-4.25
2.58,3,97.170744,15,open,1.0,2.58
2.58,3,97.176445,15,open,1.0,2.58
2.46,3,97.183339,19,closed,0.0,2.46
2.58,3,97.189035,15,open,1.0,2.58
-3.85,3,97.195138,15,closed,0.0,-3.85
2.36,3,97.201086,17,open,1.0,2.36
2.58,3,97.20685,15,open,1.0,2.58
-3.85,3,97.212948,15,closed,0.0,-3.85
2.5,3,97.219433,19,open,1.0,2.5
2.54,3,97.225531,19,open,1.0,2.54
-3.45,3,97.231604,15,closed,0.0,-3.4499999999999997
2.46,3,97.238463,19,closed,0.0,2.46
1.92,3,97.244853,17,closed,0.0,1.9199999999999997
2.54,3,97.250972,19,open,1.0,2.54
2.58,3,97.256672,15,open,1.0,2.58
2.58,3,97.262409,15,open,1.0,2.58
2.36,3,97.268319,17,open,1.0,2.36
2.36,3,97.27424,17,open,1.0,2.36
2.46,3,97.281121,19,closed,0.0,2.46
1.92,3,97.287492,17,closed,0.0,1.9199999999999997
1.92,3,97.293881,17,closed,0.0,1.9199999999999997
-3.85,3,97.299922,15,closed,0.0,-3.85
2.58,3,97.305641,15,open,1.0,2.58
2.58,3,97.311335,15,open,1.0,2.58
2.46,3,97.318163,19,closed,0.0,2.46
2.54,3,97.324243,19,open,1.0,2.54
2.46,3,97.33115,19,closed,0.0,2.46
2.36,3,97.337033,17,open,1.0,2.36
2.54,3,97.3432,19,open,1.0,2.54
2.46,3,97.35008,19,closed,0.0,2.46
1.92,3,97.356427,17,closed,0.0,1.9199999999999997
2.58,3,97.362213,15,open,1.0,2.58
2.58,3,97.367979,15,open,1.0,2.58
2.36,3,97.373876,17,open,1.0,2.36
-3.85,3,97.379988,15,closed,0.0,-3.85
2.36,3,97.385897,17,open,1.0,2.36
1.92,3,97.392256,17,closed,0.0,1.9199999999999997
1.92,3,97.398624,17,closed,0.0,1.9199999999999997
1.92,3,97.405008,17,closed,0.0,1.9199999999999997
-3.85,3,97.411062,15,closed,0.0,-3.85
2.36,3,97.416993,17,open,1.0,2.36
2.58,3,97.422746,15,open,1.0,2.58
1.92,3,97.429137,17,closed,0.0,1.9199999999999997
2.58,3,97.434846,15,open,1.0,2.58
1.92,3,97.441134,17,closed,0.0,1.9199999999999997
2.54,3,97.447252,19,open,1.0,2.54
2.54,3,97.453397,19,open,1.0,2.54
2.46,3,97.460268,19,closed,0.0,2.46
2.36,3,97.466305,17,open,1.0,2.36
1.92,3,97.472667,17,closed,0.0,1.9199999999999997
2.5,3,97.479195,19,open,1.0,2.5
2.46,3,97.486115,19,closed,0.0,2.46
2.54,3,97.492241,19,open,1.0,2.54
2.36,3,97.498165,17,open,1.0,2.36
2.58,3,97.503904,15,open,1.0,2.58
2.46,3,97.510864,19,closed,0.0,2.46
2.46,3,97.517791,19,closed,0.0,2.46
2.54,3,97.523894,19,open,1.0,2.54
-3.85,3,97.530038,15,closed,0.0,-3.85
2.36,3,97.535949,17,open,1.0,2.36
2.58,3,97.541667,15,open,1.0,2.58
2.54,3,97.54781,19,open,1.0,2.54
-3.85,3,97.553819,15,closed,0.0,-3.85
2.58,3,97.559551,15,open,1.0,2.58
-3.85,3,97.565593,15,closed,0.0,-3.85
2.5,3,97.572092,19,open,1.0,2.5
1.92,3,97.578473,17,closed,0.0,1.9199999999999997
1.92,3,97.584812,17,closed,0.0,1.9199999999999997
2.46,3,97.591697,19,closed,0.0,2.46
2.36,3,97.597718,17,open,1.0,2.36
-3.85,3,97.603792,15,closed,0.0,-3.85
1.92,3,97.610136,17,closed,0.0,1.9199999999999997
-3.85,3,97.616134,15,closed,0.0,-3.85
2.36,3,97.622034,17,open,1.0,2.36
2.36,3,97.627966,17,open,1.0,2.36
2.54,3,97.634056,19,open,1.0,2.54
1.92,3,97.640395,17,closed,0.0,1.9199999999999997
2.46,3,97.647248,19,closed,0.0,2.46
2.36,3,97.653144,17,open,1.0,2.36
2.58,3,97.658865,15,open,1.0,2.58
2.46,3,97.665775,19,closed,0.0,2.46
2.58,3,97.671504,15,open,1.0,2.58
2.58,3,97.677284,15,open,1.0,2.58
2.5,3,97.683711,19,open,1.0,2.5
2.46,3,97.690633,19,closed,0.0,2.46
2.46,3,97.697545,19,open,1.0,2.46
2.58,3,97.703253,15,open,1.0,2.58
2.58,3,97.708991,15,open,1.0,2.58
2.36,3,97.71491,17,open,1.0,2.36
-3.85,3,97.72098,15,closed,0.0,-3.85
1.92,3,97.727288,17,closed,0.0,1.9199999999999997
2.36,3,97.73319,17,open,1.0,2.36
-3.85,3,97.73921,15,closed,0.0,-3.85
2.46,3,97.746132,19,closed,0.0,2.46
2.36,3,97.752037,17,open,1.0,2.36
2.54,3,97.758162,19,open,1.0,2.54
2.54,3,97.764263,19,open,1.0,2.54
1.92,3,97.770625,17,closed,0.0,1.9199999999999997
2.54,3,97.776764,19,open,1.0,2.54
-3.85,3,97.782809,15,closed,0.0,-3.85
2.46,3,97.789674,19,closed,0.0,2.46
-3.85,3,97.7957,15,closed,0.0,-3.85
1.92,3,97.802024,17,closed,0.0,1.9199999999999997
2.46,3,97.80892,19,closed,0.0,2.46
-3.85,3,97.815041,15,closed,0.0,-3.85
2.36,3,97.897361,17,open,1.0,2.36
2.46,3,97.904455,19,closed,0.0,2.46
2.36,3,97.910444,17,open,1.0,2.36
2.58,3,97.916214,15,open,1.0,2.58
1.92,3,97.922507,17,closed,0.0,1.9199999999999997
2.54,3,97.928653,19,open,1.0,2.54
1.92,3,97.934934,17,closed,0.0,1.9199999999999997
2.46,3,97.94182,19,closed,0.0,2.46
-3.85,3,97.947864,15,closed,0.0,-3.85
2.36,3,97.953754,17,open,1.0,2.36
2.54,3,97.959807,19,open,1.0,2.54
2.58,3,97.965629,15,open,1.0,2.58
2.36,3,97.971539,17,open,1.0,2.36
-3.85,3,97.977583,15,closed,0.0,-3.85
2.36,3,97.98351,17,open,1.0,2.36
1.92,3,97.989823,17,closed,0.0,1.9199999999999997
1.92,3,97.996235,17,closed,0.0,1.9199999999999997
1.92,3,98.002606,17,closed,0.0,1.9199999999999997
1.92,3,98.008926,17,closed,0.0,1.9199999999999997
1.92,3,98.015296,17,closed,0.0,1.9199999999999997
-3.85,3,98.021311,15,closed,0.0,-3.85
2.58,3,98.027008,15,open,1.0,2.58
-3.45,3,98.033058,15,closed,0.0,-3.4499999999999997
-3.85,3,98.039103,15,closed,0.0,-3.85
2.46,3,98.046068,19,closed,0.0,2.46
2.54,3,98.052166,19,open,1.0,2.54
-3.85,3,98.058163,15,closed,0.0,-3.85
-0.39,3,98.06461,17,closed,0.0,-0.39000000000000035
2.36,3,98.070486,17,open,1.0,2.36
2.46,3,98.077449,19,closed,0.0,2.46
2.46,3,98.084389,19,closed,0.0,2.46
2.5,3,98.090898,19,open,1.0,2.5
2.36,3,98.096852,17,open,1.0,2.36
1.92,3,98.103199,17,closed,0.0,1.9199999999999997
2.54,3,98.10932,19,open,1.0,2.54
2.46,3,98.116274,19,closed,0.0,2.46
-3.85,3,98.122262,15,closed,0.0,-3.85
2.46,3,98.129195,19,closed,0.0,2.46
1.92,3,98.135572,17,closed,0.0,1.9199999999999997
1.92,3,98.141858,17,closed,0.0,1.9199999999999997
2.58,3,98.147573,15,open,1.0,2.58
2.58,3,98.153237,15,open,1.0,2.58
2.46,3,98.160093,19,closed,0.0,2.46
2.58,3,98.165897,15,open,1.0,2.58
2.54,3,98.171989,19,open,1.0,2.54
-3.85,3,98.178046,15,closed,0.0,-3.85
1.92,3,98.184352,17,closed,0.0,1.9199999999999997
-3.85,3,98.190422,15,closed,0.0,-3.85
1.92,3,98.196795,17,closed,0.0,1.9199999999999997
2.36,3,98.202749,17,open,1.0,2.36
2.54,3,98.208827,19,open,1.0,2.54
2.36,3,98.214799,17,open,1.0,2.36
2.5,3,98.221247,19,open,1.0,2.5
1.92,3,98.22763,17,closed,0.0,1.9199999999999997
2.36,3,98.233541,17,open,1.0,2.36
2.58,3,98.239261,15,open,1.0,2.58
2.58,3,98.245003,15,open,1.0,2.58
-3.85,3,98.250988,15,closed,0.0,-3.85
-3.85,3,98.257024,15,closed,0.0,-3.85
2.58,3,98.262804,15,open,1.0,2.58
2.46,3,98.269677,19,closed,0.0,2.46
2.58,3,98.275437,15,open,1.0,2.58
2.5,3,98.281929,19,open,1.0,2.5
-3.85,3,98.287976,15,closed,0.0,-3.85
2.36,3,98.2939,17,open,1.0,2.36
2.46,3,98.300788,19,closed,0.0,2.46
2.5,3,98.307241,19,open,1.0,2.5
2.54,3,98.313428,19,open,1.0,2.54
-3.85,3,98.319436,15,closed,0.0,-3.85
2.54,3,98.325503,19,open,1.0,2.54
2.36,3,98.331434,17,open,1.0,2.36
0.57,3,98.337181,15,open,1.0,0.5700000000000001
2.36,3,98.343108,17,open,1.0,2.36
2.36,3,98.349026,17,open,1.0,2.36
-3.85,3,98.355039,15,closed,0.0,-3.85
2.36,3,98.360989,17,open,1.0,2.36
2.58,3,98.366756,15,open,1.0,2.58
2.36,3,98.37275,17,open,1.0,2.36
1.92,3,98.379175,17,closed,0.0,1.9199999999999997
2.36,3,98.385126,17,open,1.0,2.36
1.92,3,98.391413,17,closed,0.0,1.9199999999999997
2.58,3,98.397203,15,open,1.0,2.58
2.58,3,98.402926,15,open,1.0,2.58
1.92,3,98.409247,17,closed,0.0,1.9199999999999997
2.36,3,98.415232,17,open,1.0,2.36
1.92,3,98.421541,17,closed,0.0,1.9199999999999997
-3.85,3,98.427734,15,closed,0.0,-3.85
2.58,3,98.433442,15,open,1.0,2.58
2.36,3,98.439364,17,open,1.0,2.36
1.92,3,98.445723,17,closed,0.0,1.9199999999999997
-3.85,3,98.451754,15,closed,0.0,-3.85
2.58,3,98.457496,15,open,1.0,2.58
-3.85,3,98.463569,15,closed,0.0,-3.85
2.58,3,98.469266,15,open,1.0,2.58
-3.85,3,98.475299,15,closed,0.0,-3.85
1.92,3,98.481633,17,closed,0.0,1.9199999999999997
2.58,3,98.487341,15,open,1.0,2.58
2.54,3,98.493519,19,open,1.0,2.54
2.36,3,98.499436,17,open,1.0,2.36
1.92,3,98.505744,17,closed,0.0,1.9199999999999997
2.46,3,98.512657,19,closed,0.0,2.46
2.36,3,98.518596,17,open,1.0,2.36
1.92,3,98.52493,17,closed,0.0,1.9199999999999997
2.36,3,98.530904,17,open,1.0,2.36
2.46,3,98.537816,19,closed,0.0,2.46
-3.85,3,98.543885,15,closed,0.0,-3.85
2.54,3,98.549899,19,open,1.0,2.54
2.58,3,98.555608,15,open,1.0,2.58
2.54,3,98.561742,19,open,1.0,2.54
1.92,3,98.568065,17,closed,0.0,1.9199999999999997
-3.85,3,98.574053,15,closed,0.0,-3.85
1.92,3,98.580417,17,closed,0.0,1.9199999999999997
2.58,3,98.586167,15,open,1.0,2.58
2.54,3,98.592302,19,open,1.0,2.54
1.92,3,98.598706,17,closed,0.0,1.9199999999999997
2.46,3,98.605616,19,closed,0.0,2.46
2.54,3,98.611804,19,open,1.0,2.54
2.58,3,98.617602,15,open,1.0,2.58
1.92,3,98.623984,17,closed,0.0,1.9199999999999997
2.5,3,98.630546,19,open,1.0,2.5
2.58,3,98.636274,15,open,1.0,2.58
-3.85,3,98.642324,15,closed,0.0,-3.85
2.54,3,98.648468,19,open,1.0,2.54
2.36,3,98.654337,17,open,1.0,2.36
2.46,3,98.661267,19,closed,0.0,2.46
2.46,3,98.668144,19,closed,0.0,2.46
2.36,3,98.674099,17,open,1.0,2.36
2.36,3,98.680022,17,open,1.0,2.36
2.46,3,98.686914,19,open,1.0,2.46
2.46,3,98.693839,19,closed,0.0,2.46
-3.85,3,98.699985,15,closed,0.0,-3.85
1.92,3,98.706324,17,closed,0.0,1.9199999999999997
2.58,3,98.712088,15,open,1.0,2.58
1.92,3,98.718411,17,closed,0.0,1.9199999999999997
2.58,3,98.724134,15,open,1.0,2.58
1.92,3,98.730442,17,closed,0.0,1.9199999999999997
2.5,3,98.736897,19,open,1.0,2.5
2.54,3,98.742994,19,open,1.0,2.54
2.54,3,98.749133,19,open,1.0,2.54
2.58,3,98.754861,15,open,1.0,2.58
2.36,3,98.760843,17,open,1.0,2.36
2.46,3,98.767775,19,closed,0.0,2.46
2.58,3,98.77351,15,open,1.0,2.58
2.58,3,98.779307,15,open,1.0,2.58
-3.85,3,98.785321,15,closed,0.0,-3.85
-3.85,3,98.791363,15,closed,0.0,-3.85
2.58,3,98.797059,15,open,1.0,2.58
2.36,3,98.803092,17,open,1.0,2.36
2.54,3,98.8092,19,open,1.0,2.54
2.58,3,98.814985,15,open,1.0,2.58
2.58,3,98.820747,15,open,1.0,2.58
-3.85,3,98.826763,15,closed,0.0,-3.85
2.58,3,98.832552,15,open,1.0,2.58
2.36,3,98.838431,17,open,1.0,2.36
-3.85,3,98.844523,15,closed,0.0,-3.85
2.36,3,98.850475,17,open,1.0,2.36
2.36,3,98.856333,17,open,1.0,2.36
2.54,3,98.862426,19,open,1.0,2.54
-3.85,3,98.868409,15,closed,0.0,-3.85
-3.85,3,98.874417,15,closed,0.0,-3.85
-3.85,3,98.880472,15,closed,0.0,-3.85
2.58,3,98.886187,15,open,1.0,2.58
1.92,3,98.892498,17,closed,0.0,1.9199999999999997
-3.85,3,98.898587,15,closed,0.0,-3.85
-3.85,3,98.904629,15,closed,0.0,-3.85
2.36,3,98.910563,17,open,1.0,2.36
2.5,3,98.91699,19,open,1.0,2.5
1.92,3,98.923295,17,closed,0.0,1.9199999999999997
2.46,3,98.930249,19,closed,0.0,2.46
2.58,3,98.935969,15,open,1.0,2.58
2.46,3,98.942825,19,closed,0.0,2.46
2.54,3,98.948906,19,open,1.0,2.54
2.58,3,98.954655,15,open,1.0,2.58
1.92,3,98.961014,17,closed,0.0,1.9199999999999997
2.54,3,98.967171,19,open,1.0,2.54
2.54,3,98.973312,19,open,1.0,2.54
2.36,3,98.979313,17,open,1.0,2.36
2.54,3,98.985364,19,open,1.0,2.54
2.36,3,98.991258,17,open,1.0,2.36
1.92,3,98.99761,17,closed,0.0,1.9199999999999997
1.92,3,99.003964,17,closed,0.0,1.9199999999999997
2.58,3,99.009774,15,open,1.0,2.58
2.54,3,99.015903,19,open,1.0,2.54
-3.85,3,99.021948,15,closed,0.0,-3.85
2.36,3,99.027889,17,open,1.0,2.36
2.58,3,99.033707,15,open,1.0,2.58
2.58,3,99.039464,15,open,1.0,2.58
2.58,3,99.045196,15,open,1.0,2.58
1.92,3,99.051561,17,closed,0.0,1.9199999999999997
2.36,3,99.057486,17,open,1.0,2.36
2.54,3,99.063563,19,open,1.0,2.54
2.36,3,99.069527,17,open,1.0,2.36
2.54,3,99.075607,19,open,1.0,2.54
2.54,3,99.081789,19,open,1.0,2.54
-3.85,3,99.087814,15,closed,0.0,-3.85
2.58,3,99.093558,15,open,1.0,2.58
1.92,3,99.099918,17,closed,0.0,1.9199999999999997
-3.85,3,99.10595,15,closed,0.0,-3.85
1.92,3,99.112361,17,closed,0.0,1.9199999999999997
-3.85,3,99.118428,15,closed,0.0,-3.85
1.92,3,99.124754,17,closed,0.0,1.9199999999999997
-3.85,3,99.130843,15,closed,0.0,-3.85
2.46,3,99.137764,19,closed,0.0,2.46
2.36,3,99.143773,17,open,1.0,2.36
-3.85,3,99.149807,15,closed,0.0,-3.85
-3.85,3,99.155809,15,closed,0.0,-3.85
2.36,3,99.161805,17,open,1.0,2.36
1.92,3,99.168128,17,closed,0.0,1.9199999999999997
2.5,3,99.174611,19,open,1.0,2.5
2.36,3,99.180626,17,open,1.0,2.36
1.92,3,99.186949,17,closed,0.0,1.9199999999999997
-3.85,3,99.19305,15,closed,0.0,-3.85
-3.85,3,99.199079,15,closed,0.0,-3.85
1.92,3,99.20536,17,closed,0.0,1.9199999999999997
1.92,3,99.211736,17,closed,0.0,1.9199999999999997
2.46,3,99.218645,19,closed,0.0,2.46
2.36,3,99.224586,17,open,1.0,2.36
-3.85,3,99.230714,15,closed,0.0,-3.85
2.46,3,99.23755,19,closed,0.0,2.46
2.46,3,99.244494,19,closed,0.0,2.46
2.58,3,99.250254,15,open,1.0,2.58
2.46,3,99.2571,19,closed,0.0,2.46
-3.85,3,99.263225,15,closed,0.0,-3.85
2.54,3,99.269306,19,open,1.0,2.54
-3.85,3,99.275302,15,closed,0.0,-3.85
1.92,3,99.281667,17,closed,0.0,1.9199999999999997
2.36,3,99.287573,17,open,1.0,2.36
2.58,3,99.293294,15,open,1.0,2.58
1.92,3,99.299592,17,closed,0.0,1.9199999999999997
2.54,3,99.30568,19,open,1.0,2.54
1.92,3,99.312055,17,closed,0.0,1.9199999999999997
2.58,3,99.317765,15,open,1.0,2.58
1.92,3,99.324123,17,closed,0.0,1.9199999999999997
2.58,3,99.329907,15,open,1.0,2.58
-3.85,3,99.335962,15,closed,0.0,-3.85
1.92,3,99.342326,17,closed,0.0,1.9199999999999997
2.46,3,99.349262,19,closed,0.0,2.46
-3.85,3,99.35532,15,closed,0.0,-3.85
-3.85,3,99.361446,15,closed,0.0,-3.85
2.58,3,99.3672,15,open,1.0,2.58
1.92,3,99.373522,17,closed,0.0,1.9199999999999997
2.5,3,99.380077,19,open,1.0,2.5
1.92,3,99.386576,17,closed,0.0,1.9199999999999997
2.54,3,99.392721,19,open,1.0,2.54
2.46,3,99.399697,19,closed,0.0,2.46
2.36,3,99.405613,17,open,1.0,2.36
1.92,3,99.411961,17,closed,0.0,1.9199999999999997
1.92,3,99.418357,17,closed,0.0,1.9199999999999997
2.54,3,99.424502,19,open,1.0,2.54
2.5,3,99.430932,19,open,1.0,2.5
2.46,3,99.437856,19,closed,0.0,2.46
2.46,3,99.444749,19,closed,0.0,2.46
2.36,3,99.4507,17,open,1.0,2.36
2.46,3,99.457572,19,open,1.0,2.46
2.36,3,99.463567,17,open,1.0,2.36
-3.85,3,99.469563,15,closed,0.0,-3.85
2.58,3,99.475245,15,open,1.0,2.58
1.92,3,99.481595,17,closed,0.0,1.9199999999999997
2.46,3,99.488529,19,closed,0.0,2.46
2.54,3,99.49473,19,open,1.0,2.54
2.46,3,99.501591,19,closed,0.0,2.46
2.5,3,99.508058,19,open,1.0,2.5
2.36,3,99.514069,17,open,1.0,2.36
-3.85,3,99.520101,15,closed,0.0,-3.85
-3.85,3,99.526149,15,closed,0.0,-3.85
2.5,3,99.532655,19,open,1.0,2.5
1.92,3,99.538997,17,closed,0.0,1.9199999999999997
2.58,3,99.54475,15,open,1.0,2.58
-3.85,3,99.550739,15,closed,0.0,-3.85
-3.85,3,99.556723,15,closed,0.0,-3.85
-3.85,3,99.562812,15,closed,0.0,-3.85
2.54,3,99.568921,19,open,1.0,2.54
-3.85,3,99.574983,15,closed,0.0,-3.85
2.36,3,99.580946,17,open,1.0,2.36
1.92,3,99.58727,17,closed,0.0,1.9199999999999997
2.58,3,99.592963,15,open,1.0,2.58
-3.85,3,99.599008,15,closed,0.0,-3.85
2.5,3,99.605549,19,open,1.0,2.5
-4.05,3,99.611648,15,closed,0.0,-4.050000000000001
2.58,3,99.617502,15,open,1.0,2.58
-3.85,3,99.623516,15,closed,0.0,-3.85
-3.85,3,99.629562,15,closed,0.0,-3.85
2.36,3,99.635435,17,open,1.0,2.36
2.46,3,99.642322,19,closed,0.0,2.46
2.46,3,99.649262,19,closed,0.0,2.46
-3.85,3,99.655313,15,closed,0.0,-3.85
2.5,3,99.661806,19,open,1.0,2.5
2.54,3,99.667938,19,open,1.0,2.54
2.5,3,99.674412,19,open,1.0,2.5
1.92,3,99.680816,17,closed,0.0,1.9199999999999997
2.54,3,99.686951,19,open,1.0,2.54
-3.85,3,99.693004,15,closed,0.0,-3.85
-3.85,3,99.699069,15,closed,0.0,-3.85
2.58,3,99.704827,15,open,1.0,2.58
2.46,3,99.711795,19,closed,0.0,2.46
-3.85,3,99.717867,15,closed,0.0,-3.85
-3.85,3,99.723927,15,closed,0.0,-3.85
2.54,3,99.730096,19,open,1.0,2.54
2.54,3,99.736196,19,open,1.0,2.54
2.58,3,99.741896,15,open,1.0,2.58
2.58,3,99.747669,15,open,1.0,2.58
-3.85,3,99.753716,15,closed,0.0,-3.85
2.36,3,99.759606,17,open,1.0,2.36
2.58,3,99.765301,15,open,1.0,2.58
2.46,3,99.772142,19,closed,0.0,2.46
2.36,3,99.778059,17,open,1.0,2.36
2.54,3,99.784123,19,open,1.0,2.54
-3.85,3,99.790135,15,closed,0.0,-3.85
2.58,3,99.795974,15,open,1.0,2.58
2.36,3,99.801893,17,open,1.0,2.36
2.58,3,99.807631,15,open,1.0,2.58
1.92,3,99.813987,17,closed,0.0,1.9199999999999997
2.58,3,99.819707,15,open,1.0,2.58
2.36,3,99.825612,17,open,1.0,2.36
2.58,3,99.831408,15,open,1.0,2.58
2.5,3,99.837905,19,open,1.0,2.5
2.46,3,99.844853,19,closed,0.0,2.46
-3.85,3,99.850899,15,closed,0.0,-3.85
2.36,3,99.856883,17,open,1.0,2.36
-3.85,3,99.862964,15,closed,0.0,-3.85
2.46,3,99.869854,19,closed,0.0,2.46
1.92,3,99.87621,17,closed,0.0,1.9199999999999997
2.46,3,99.883103,19,closed,0.0,2.46
1.92,3,99.889387,17,closed,0.0,1.9199999999999997
-3.85,3,99.895493,15,closed,0.0,-3.85
1.92,3,99.901815,17,closed,0.0,1.9199999999999997
2.54,3,99.907917,19,open,1.0,2.54
-3.85,3,99.914034,15,closed,0.0,-3.85
2.58,3,99.919768,15,open,1.0,2.58
1.92,3,99.926123,17,closed,0.0,1.9199999999999997
1.92,3,99.932436,17,closed,0.0,1.9199999999999997
1.92,3,99.93871,17,closed,0.0,1.9199999999999997
2.36,3,99.944654,17,open,1.0,2.36
2.46,3,99.951553,19,closed,0.0,2.46
2.36,3,99.957474,17,open,1.0,2.36
2.36,3,99.963412,17,open,1.0,2.36
2.36,3,99.969301,17,open,1.0,2.36
2.58,3,99.975025,15,open,1.0,2.58
1.92,3,99.981403,17,closed,0.0,1.9199999999999997
2.36,3,99.987354,17,open,1.0,2.36
1.92,3,99.993724,17,closed,0.0,1.9199999999999997
-3.85,3,99.999836,15,closed,0.0,-3.85
2.46,3,100.089146,19,closed,0.0,2.46
2.46,3,100.096219,19,closed,0.0,2.46
2.36,3,100.102253,17,open,1.0,2.36
2.46,3,100.109741,19,closed,0.0,2.46
2.36,3,100.115885,17,open,1.0,2.36
2.54,3,100.122121,19,open,1.0,2.54
2.58,3,100.127985,15,open,1.0,2.58
-3.85,3,100.134027,15,closed,0.0,-3.85
2.36,3,100.139945,17,open,1.0,2.36
2.46,3,100.146852,19,closed,0.0,2.46
2.58,3,100.152611,15,open,1.0,2.58
2.46,3,100.159577,19,closed,0.0,2.46
2.36,3,100.165459,17,open,1.0,2.36
2.46,3,100.172421,19,closed,0.0,2.46
2.36,3,100.178372,17,open,1.0,2.36
1.92,3,100.184658,17,closed,0.0,1.9199999999999997
-3.85,3,100.190711,15,closed,0.0,-3.85
-3.85,3,100.196687,15,closed,0.0,-3.85
-3.85,3,100.202757,15,closed,0.0,-3.85
-0.39,3,100.20924,17,closed,0.0,-0.39000000000000035
1.92,3,100.215603,17,closed,0.0,1.9199999999999997
2.36,3,100.221542,17,open,1.0,2.36
2.36,3,100.227521,17,open,1.0,2.36
1.92,3,100.233817,17,closed,0.0,1.9199999999999997
2.58,3,100.239544,15,open,1.0,2.58
2.54,3,100.245601,19,open,1.0,2.54
-3.85,3,100.251663,15,closed,0.0,-3.85
1.92,3,100.258035,17,closed,0.0,1.9199999999999997
2.58,3,100.26375,15,open,1.0,2.58
2.46,3,100.270644,19,closed,0.0,2.46
2.46,3,100.277543,19,closed,0.0,2.46
2.36,3,100.283449,17,open,1.0,2.36
2.36,3,100.289413,17,open,1.0,2.36
-3.85,3,100.295408,15,closed,0.0,-3.85
2.36,3,100.301298,17,open,1.0,2.36
1.92,3,100.307645,17,closed,0.0,1.9199999999999997
2.58,3,100.313362,15,open,1.0,2.58
2.36,3,100.31927,17,open,1.0,2.36
2.58,3,100.324974,15,open,1.0,2.58
2.46,3,100.331898,19,closed,0.0,2.46
1.92,3,100.338278,17,closed,0.0,1.9199999999999997
-3.45,3,100.344259,15,closed,0.0,-3.4499999999999997
-3.85,3,100.350294,15,closed,0.0,-3.85
2.54,3,100.356368,19,open,1.0,2.54
-4.05,3,100.362399,15,closed,0.0,-4.050000000000001
2.58,3,100.368156,15,open,1.0,2.58
1.92,3,100.374529,17,closed,0.0,1.9199999999999997
2.46,3,100.381497,19,closed,0.0,2.46
1.92,3,100.387869,17,closed,0.0,1.9199999999999997
2.36,3,100.393851,17,open,1.0,2.36
-3.85,3,100.399933,15,closed,0.0,-3.85
2.54,3,100.406073,19,open,1.0,2.54
1.92,3,100.4125,17,closed,0.0,1.9199999999999997
1.92,3,100.418802,17,closed,0.0,1.9199999999999997
-3.85,3,100.424865,15,closed,0.0,-3.85
2.36,3,100.430794,17,open,1.0,2.36
2.46,3,100.437686,19,closed,0.0,2.46
2.46,3,100.444602,19,closed,0.0,2.46
2.36,3,100.450498,17,open,1.0,2.36
1.92,3,100.456803,17,closed,0.0,1.9199999999999997
2.54,3,100.462928,19,open,1.0,2.54
2.58,3,100.468665,15,open,1.0,2.58
-3.85,3,100.474765,15,closed,0.0,-3.85
2.36,3,100.480654,17,open,1.0,2.36
1.92,3,100.486983,17,closed,0.0,1.9199999999999997
-3.85,3,100.493027,15,closed,0.0,-3.85
2.36,3,100.498953,17,open,1.0,2.36
1.92,3,100.505329,17,closed,0.0,1.9199999999999997
2.36,3,100.51127,17,open,1.0,2.36
2.46,3,100.518208,19,closed,0.0,2.46
1.92,3,100.524503,17,closed,0.0,1.9199999999999997
2.58,3,100.53021,15,open,1.0,2.58
2.5,3,100.536619,19,open,1.0,2.5
2.36,3,100.542606,17,open,1.0,2.36
2.5,3,100.549115,19,open,1.0,2.5
-3.85,3,100.555123,15,closed,0.0,-3.85
2.14,3,100.56123,17,open,1.0,2.1399999999999997
1.92,3,100.567561,17,closed,0.0,1.9199999999999997
2.46,3,100.574472,19,closed,0.0,2.46
2.58,3,100.580212,15,open,1.0,2.58
1.92,3,100.586512,17,closed,0.0,1.9199999999999997
2.36,3,100.592493,17,open,1.0,2.36
-3.85,3,100.598511,15,closed,0.0,-3.85
1.92,3,100.604865,17,closed,0.0,1.9199999999999997
-3.85,3,100.610946,15,closed,0.0,-3.85
2.46,3,100.617836,19,closed,0.0,2.46
2.58,3,100.623603,15,open,1.0,2.58
1.92,3,100.629924,17,closed,0.0,1.9199999999999997
1.92,3,100.636249,17,closed,0.0,1.9199999999999997
2.46,3,100.64313,19,closed,0.0,2.46
1.92,3,100.64948,17,closed,0.0,1.9199999999999997
2.46,3,100.656437,19,closed,0.0,2.46
2.36,3,100.662349,17,open,1.0,2.36
2.28,3,100.669106,19,closed,0.0,2.28
2.58,3,100.674849,15,open,1.0,2.58
2.14,3,100.680991,17,open,1.0,2.1399999999999997
-3.45,3,100.687012,15,closed,0.0,-3.4499999999999997
2.54,3,100.693149,19,open,1.0,2.54
-3.85,3,100.699139,15,closed,0.0,-3.85
2.5,3,100.705613,19,open,1.0,2.5
2.58,3,100.711337,15,open,1.0,2.58
-4.25,3,100.717382,15,closed,0.0,-4.25
1.92,3,100.7237,17,closed,0.0,1.9199999999999997
2.58,3,100.72947,15,open,1.0,2.58
2.36,3,100.735376,17,open,1.0,2.36
2.54,3,100.741488,19,open,1.0,2.54
2.58,3,100.747239,15,open,1.0,2.58
2.54,3,100.753342,19,open,1.0,2.54
-3.85,3,100.759404,15,closed,0.0,-3.85
2.46,3,100.766313,19,closed,0.0,2.46
2.46,3,100.773256,19,closed,0.0,2.46
-3.85,3,100.779383,15,closed,0.0,-3.85
2.58,3,100.785088,15,open,1.0,2.58
2.58,3,100.790799,15,open,1.0,2.58
2.58,3,100.796528,15,open,1.0,2.58
2.5,3,100.802981,19,open,1.0,2.5
2.36,3,100.808929,17,open,1.0,2.36
-3.85,3,100.814982,15,closed,0.0,-3.85
1.92,3,100.821331,17,closed,0.0,1.9199999999999997
-3.85,3,100.827414,15,closed,0.0,-3.85
2.58,3,100.833097,15,open,1.0,2.58
2.46,3,100.840019,19,closed,0.0,2.46
1.92,3,100.846372,17,closed,0.0,1.9199999999999997
-3.85,3,100.852408,15,closed,0.0,-3.85
2.58,3,100.858107,15,open,1.0,2.58
1.92,3,100.864491,17,closed,0.0,1.9199999999999997
2.54,3,100.870643,19,open,1.0,2.54
2.58,3,100.876467,15,open,1.0,2.58
2.46,3,100.883323,19,closed,0.0,2.46
2.58,3,100.88907,15,open,1.0,2.58
2.46,3,100.895967,19,closed,0.0,2.46
2.46,3,100.90283,19,closed,0.0,2.46
2.46,3,100.909734,19,closed,0.0,2.46
-3.85,3,100.915828,15,closed,0.0,-3.85
2.46,3,100.92273,19,closed,0.0,2.46
2.46,3,100.929631,19,closed,0.0,2.46
2.58,3,100.935375,15,open,1.0,2.58
1.92,3,100.941707,17,closed,0.0,1.9199999999999997
-3.85,3,100.94773,15,closed,0.0,-3.85
2.5,3,100.954173,19,open,1.0,2.5
2.46,3,100.961046,19,closed,0.0,2.46
2.36,3,100.966959,17,open,1.0,2.36
1.92,3,100.9733,17,closed,0.0,1.9199999999999997
1.92,3,100.979645,17,closed,0.0,1.9199999999999997
-3.85,3,100.985721,15,closed,0.0,-3.85
2.58,3,100.991422,15,open,1.0,2.58
1.92,3,100.997752,17,closed,0.0,1.9199999999999997
2.46,3,101.004641,19,closed,0.0,2.46
2.46,3,101.011562,19,closed,0.0,2.46
-3.85,3,101.017591,15,closed,0.0,-3.85
2.46,3,101.024513,19,closed,0.0,2.46
-3.45,3,101.030487,15,closed,0.0,-3.4499999999999997
2.36,3,101.036414,17,open,1.0,2.36
2.46,3,101.043279,19,closed,0.0,2.46
1.92,3,101.049614,17,closed,0.0,1.9199999999999997
1.92,3,101.056006,17,closed,0.0,1.9199999999999997
-3.85,3,101.062027,15,closed,0.0,-3.85
2.46,3,101.068926,19,closed,0.0,2.46
2.58,3,101.074641,15,open,1.0,2.58
2.46,3,101.081624,19,closed,0.0,2.46
1.92,3,101.087998,17,closed,0.0,1.9199999999999997
2.54,3,101.094119,19,open,1.0,2.54
2.58,3,101.099875,15,open,1.0,2.58
1.92,3,101.106236,17,closed,0.0,1.9199999999999997
2.5,3,101.112695,19,open,1.0,2.5
2.36,3,101.118558,17,open,1.0,2.36
2.46,3,101.125456,19,closed,0.0,2.46
-3.85,3,101.131506,15,closed,0.0,-3.85
2.36,3,101.137396,17,open,1.0,2.36
-3.85,3,101.143459,15,closed,0.0,-3.85
2.54,3,101.149559,19,open,1.0,2.54
2.46,3,101.156445,19,closed,0.0,2.46
2.54,3,101.16256,19,open,1.0,2.54
2.36,3,101.168489,17,open,1.0,2.36
2.58,3,101.174207,15,open,1.0,2.58
2.46,3,101.181149,19,closed,0.0,2.46
2.36,3,101.187096,17,open,1.0,2.36
2.36,3,101.193025,17,open,1.0,2.36
2.46,3,101.199929,19,closed,0.0,2.46
2.58,3,101.205691,15,open,1.0,2.58
2.36,3,101.211618,17,open,1.0,2.36
2.5,3,101.21815,19,open,1.0,2.5
-3.85,3,101.224223,15,closed,0.0,-3.85
2.58,3,101.230035,15,open,1.0,2.58
2.36,3,101.235934,17,open,1.0,2.36
2.58,3,101.2417,15,open,1.0,2.58
2.36,3,101.247653,17,open,1.0,2.36
2.46,3,101.25454,19,closed,0.0,2.46
2.46,3,101.261458,19,closed,0.0,2.46
2.54,3,101.267588,19,open,1.0,2.54
2.58,3,101.273382,15,open,1.0,2.58
2.46,3,101.280265,19,open,1.0,2.46
2.58,3,101.285989,15,open,1.0,2.58
2.36,3,101.291914,17,open,1.0,2.36
2.54,3,101.298006,19,open,1.0,2.54
2.36,3,101.303954,17,open,1.0,2.36
1.92,3,101.310286,17,closed,0.0,1.9199999999999997
-3.85,3,101.316368,15,closed,0.0,-3.85
2.58,3,101.322094,15,open,1.0,2.58
2.46,3,101.329027,19,closed,0.0,2.46
2.46,3,101.335914,19,closed,0.0,2.46
2.46,3,101.342915,19,closed,0.0,2.46
2.46,3,101.349848,19,closed,0.0,2.46
1.92,3,101.356184,17,closed,0.0,1.9199999999999997
2.36,3,101.362138,17,open,1.0,2.36
2.36,3,101.368086,17,open,1.0,2.36
-3.85,3,101.374243,15,closed,0.0,-3.85
1.92,3,101.380604,17,closed,0.0,1.9199999999999997
2.46,3,101.387554,19,closed,0.0,2.46
2.54,3,101.393662,19,open,1.0,2.54
2.36,3,101.399564,17,open,1.0,2.36
-3.85,3,101.405629,15,closed,0.0,-3.85
-3.85,3,101.411712,15,closed,0.0,-3.85
2.54,3,101.417823,19,open,1.0,2.54
-3.85,3,101.423853,15,closed,0.0,-3.85
-3.85,3,101.429941,15,closed,0.0,-3.85
2.36,3,101.436052,17,open,1.0,2.36
-3.85,3,101.4421,15,closed,0.0,-3.85
2.46,3,101.449041,19,closed,0.0,2.46
2.58,3,101.454755,15,open,1.0,2.58
2.36,3,101.46073,17,open,1.0,2.36
2.58,3,101.466464,15,open,1.0,2.58
2.58,3,101.472205,15,open,1.0,2.58
2.54,3,101.478324,19,open,1.0,2.54
2.54,3,101.4844,19,open,1.0,2.54
2.58,3,101.490151,15,open,1.0,2.58
2.46,3,101.497085,19,closed,0.0,2.46
1.92,3,101.503434,17,closed,0.0,1.9199999999999997
-3.85,3,101.509471,15,closed,0.0,-3.85
2.5,3,101.515998,19,open,1.0,2.5
2.5,3,101.52248,19,open,1.0,2.5
2.5,3,101.52902,19,open,1.0,2.5
1.92,3,101.535341,17,closed,0.0,1.9199999999999997
2.54,3,101.541424,19,open,1.0,2.54
2.36,3,101.547377,17,open,1.0,2.36
2.54,3,101.553476,19,open,1.0,2.54
-3.85,3,101.559499,15,closed,0.0,-3.85
2.58,3,101.565297,15,open,1.0,2.58
-3.85,3,101.571304,15,closed,0.0,-3.85
1.92,3,101.577682,17,closed,0.0,1.9199999999999997
2.36,3,101.583625,17,open,1.0,2.36
-3.85,3,101.589676,15,closed,0.0,-3.85
2.58,3,101.595348,15,open,1.0,2.58
-3.85,3,101.601436,15,closed,0.0,-3.85
2.14,3,101.607542,17,open,1.0,2.1399999999999997
1.92,3,101.613959,17,closed,0.0,1.9199999999999997
2.58,3,101.619714,15,open,1.0,2.58
2.46,3,101.626606,19,closed,0.0,2.46
2.58,3,101.632375,15,open,1.0,2.58
1.92,3,101.63867,17,closed,0.0,1.9199999999999997
2.46,3,101.645638,19,closed,0.0,2.46
2.46,3,101.652504,19,closed,0.0,2.46
2.58,3,101.658242,15,open,1.0,2.58
2.58,3,101.663966,15,open,1.0,2.58
2.54,3,101.670081,19,open,1.0,2.54
-3.85,3,101.676077,15,closed,0.0,-3.85
2.58,3,101.68184,15,open,1.0,2.58
2.36,3,101.68789,17,open,1.0,2.36
2.54,3,101.694242,19,open,1.0,2.54
2.58,3,101.700007,15,open,1.0,2.58
2.54,3,101.706142,19,open,1.0,2.54
-3.85,3,101.712148,15,closed,0.0,-3.85
2.46,3,101.719147,19,closed,0.0,2.46
-3.85,3,101.72522,15,closed,0.0,-3.85
2.36,3,101.731156,17,open,1.0,2.36
-3.85,3,101.737244,15,closed,0.0,-3.85
2.46,3,101.744186,19,closed,0.0,2.46
2.58,3,101.749946,15,open,1.0,2.58
-3.85,3,101.756006,15,closed,0.0,-3.85
1.92,3,101.762356,17,closed,0.0,1.9199999999999997
2.58,3,101.768081,15,open,1.0,2.58
2.36,3,101.773958,17,open,1.0,2.36
2.36,3,101.779932,17,open,1.0,2.36
1.92,3,101.786222,17,closed,0.0,1.9199999999999997
2.54,3,101.792354,19,open,1.0,2.54
2.58,3,101.798163,15,open,1.0,2.58
2.54,3,101.804242,19,open,1.0,2.54
2.54,3,101.810389,19,open,1.0,2.54
2.36,3,101.816331,17,open,1.0,2.36
2.46,3,101.823257,19,closed,0.0,2.46
2.36,3,101.829252,17,open,1.0,2.36
2.36,3,101.835194,17,open,1.0,2.36
2.36,3,101.841103,17,open,1.0,2.36
2.46,3,101.848045,19,closed,0.0,2.46
2.58,3,101.853806,15,open,1.0,2.58
2.58,3,101.859545,15,open,1.0,2.58
2.58,3,101.865405,15,open,1.0,2.58
1.92,3,101.871849,17,closed,0.0,1.9199999999999997
2.36,3,101.877835,17,open,1.0,2.36
2.58,3,101.883544,15,open,1.0,2.58
1.92,3,101.889921,17,closed,0.0,1.9199999999999997
-3.85,3,101.895987,15,closed,0.0,-3.85
2.36,3,101.901907,17,open,1.0,2.36
2.36,3,101.907874,17,open,1.0,2.36
2.46,3,101.914788,19,closed,0.0,2.46
2.54,3,101.920922,19,open,1.0,2.54
-3.85,3,101.927021,15,closed,0.0,-3.85
2.36,3,101.932914,17,open,1.0,2.36
2.58,3,101.938606,15,open,1.0,2.58
1.92,3,101.945013,17,closed,0.0,1.9199999999999997
1.92,3,101.951404,17,closed,0.0,1.9199999999999997
2.46,3,101.95827,19,closed,0.0,2.46
-3.85,3,101.964383,15,closed,0.0,-3.85
2.58,3,101.97006,15,open,1.0,2.58
2.54,3,101.976134,19,open,1.0,2.54
2.46,3,101.983034,19,closed,0.0,2.46
-3.85,3,101.989059,15,closed,0.0,-3.85
2.36,3,101.994992,17,open,1.0,2.36
2.54,3,102.001075,19,open,1.0,2.54
1.92,3,102.007446,17,closed,0.0,1.9199999999999997
2.46,3,102.014399,19,closed,0.0,2.46
-3.85,3,102.02294,15,closed,0.0,-3.85
-3.85,3,102.02901,15,closed,0.0,-3.85
1.92,3,102.035394,17,closed,0.0,1.9199999999999997
-3.85,3,102.04143,15,closed,0.0,-3.85
2.58,3,102.047192,15,open,1.0,2.58
1.92,3,102.05351,17,closed,0.0,1.9199999999999997
-3.85,3,102.059564,15,closed,0.0,-3.85
2.58,3,102.065362,15,open,1.0,2.58
2.58,3,102.071071,15,open,1.0,2.58
2.54,3,102.07717,19,open,1.0,2.54
2.58,3,102.08291,15,open,1.0,2.58
2.46,3,102.089748,19,closed,0.0,2.46
2.36,3,102.09572,17,open,1.0,2.36
1.92,3,102.102284,17,closed,0.0,1.9199999999999997
2.36,3,102.10821,17,open,1.0,2.36
2.46,3,102.115177,19,closed,0.0,2.46
1.92,3,102.121502,17,closed,0.0,1.9199999999999997
-3.85,3,102.127588,15,closed,0.0,-3.85
2.36,3,102.1335,17,open,1.0,2.36
2.36,3,102.139401,17,open,1.0,2.36
2.58,3,102.145136,15,open,1.0,2.58
-3.85,3,102.151173,15,closed,0.0,-3.85
1.92,3,102.157506,17,closed,0.0,1.9199999999999997
2.36,3,102.163409,17,open,1.0,2.36
2.36,3,102.169401,17,open,1.0,2.36
2.36,3,102.175331,17,open,1.0,2.36
-3.85,3,102.18142,15,closed,0.0,-3.85
2.36,3,102.187352,17,open,1.0,2.36
2.36,3,102.193305,17,open,1.0,2.36
1.92,3,102.199671,17,closed,0.0,1.9199999999999997
2.54,3,102.284033,19,open,1.0,2.54
2.58,3,102.289907,15,open,1.0,2.58
2.54,3,102.296059,19,open,1.0,2.54
2.54,3,102.302164,19,open,1.0,2.54
2.36,3,102.308101,17,open,1.0,2.36
1.92,3,102.314509,17,closed,0.0,1.9199999999999997
-3.85,3,102.320602,15,closed,0.0,-3.85
-3.85,3,102.326709,15,closed,0.0,-3.85
2.5,3,102.333239,19,open,1.0,2.5
2.54,3,102.339336,19,open,1.0,2.54
-3.85,3,102.345416,15,closed,0.0,-3.85
2.46,3,102.352345,19,closed,0.0,2.46
1.92,3,102.35873,17,closed,0.0,1.9199999999999997
2.58,3,102.364527,15,open,1.0,2.58
2.46,3,102.371464,19,closed,0.0,2.46
2.36,3,102.377451,17,open,1.0,2.36
2.54,3,102.383618,19,open,1.0,2.54
2.46,3,102.390553,19,closed,0.0,2.46
1.92,3,102.397117,17,closed,0.0,1.9199999999999997
-3.85,3,102.403159,15,closed,0.0,-3.85
1.92,3,102.409463,17,closed,0.0,1.9199999999999997
-3.85,3,102.415561,15,closed,0.0,-3.85
-3.85,3,102.421591,15,closed,0.0,-3.85
-3.85,3,102.427667,15,closed,0.0,-3.85
2.46,3,102.434626,19,closed,0.0,2.46
-3.85,3,102.440685,15,closed,0.0,-3.85
-3.85,3,102.446765,15,closed,0.0,-3.85
2.58,3,102.452499,15,open,1.0,2.58
2.36,3,102.458376,17,open,1.0,2.36
2.46,3,102.465319,19,closed,0.0,2.46
2.36,3,102.471239,17,open,1.0,2.36
1.92,3,102.477587,17,closed,0.0,1.9199999999999997
-3.85,3,102.483677,15,closed,0.0,-3.85
2.58,3,102.489417,15,open,1.0,2.58
2.58,3,102.495201,15,open,1.0,2.58
-3.85,3,102.501255,15,closed,0.0,-3.85
-3.85,3,102.507284,15,closed,0.0,-3.85
2.54,3,102.513401,19,open,1.0,2.54
2.36,3,102.519359,17,open,1.0,2.36
2.54,3,102.525559,19,open,1.0,2.54
2.36,3,102.53147,17,open,1.0,2.36
2.46,3,102.538375,19,closed,0.0,2.46
2.58,3,102.544123,15,open,1.0,2.58
1.92,3,102.550465,17,closed,0.0,1.9199999999999997
2.54,3,102.556592,19,open,1.0,2.54
1.92,3,102.562929,17,closed,0.0,1.9199999999999997
-3.85,3,102.569006,15,closed,0.0,-3.85
1.92,3,102.575305,17,closed,0.0,1.9199999999999997
-3.85,3,102.581365,15,closed,0.0,-3.85
2.46,3,102.588284,19,closed,0.0,2.46
1.92,3,102.594652,17,closed,0.0,1.9199999999999997
-3.85,3,102.600725,15,closed,0.0,-3.85
2.54,3,102.606894,19,open,1.0,2.54
2.54,3,102.613053,19,open,1.0,2.54
2.54,3,102.619136,19,open,1.0,2.54
-3.85,3,102.625169,15,closed,0.0,-3.85
2.58,3,102.630964,15,open,1.0,2.58
2.46,3,102.637866,19,closed,0.0,2.46
2.5,3,102.64436,19,open,1.0,2.5
1.92,3,102.650714,17,closed,0.0,1.9199999999999997
2.5,3,102.657216,19,open,1.0,2.5
2.58,3,102.662999,15,open,1.0,2.58
2.5,3,102.669494,19,open,1.0,2.5
2.54,3,102.675568,19,open,1.0,2.54
2.54,3,102.68169,19,open,1.0,2.54
1.92,3,102.688003,17,closed,0.0,1.9199999999999997
2.54,3,102.694133,19,open,1.0,2.54
2.5,3,102.700647,19,open,1.0,2.5
2.36,3,102.706532,17,open,1.0,2.36
2.36,3,102.712524,17,open,1.0,2.36
2.46,3,102.719453,19,closed,0.0,2.46
1.92,3,102.725765,17,closed,0.0,1.9199999999999997
1.92,3,102.732151,17,closed,0.0,1.9199999999999997
2.36,3,102.738061,17,open,1.0,2.36
2.58,3,102.743805,15,open,1.0,2.58
2.58,3,102.749558,15,open,1.0,2.58
1.92,3,102.755885,17,closed,0.0,1.9199999999999997
2.46,3,102.762834,19,closed,0.0,2.46
-3.85,3,102.768875,15,closed,0.0,-3.85
2.58,3,102.774607,15,open,1.0,2.58
-3.85,3,102.780704,15,closed,0.0,-3.85
1.92,3,102.787058,17,closed,0.0,1.9199999999999997
-3.85,3,102.793071,15,closed,0.0,-3.85
2.58,3,102.798791,15,open,1.0,2.58
1.92,3,102.805132,17,closed,0.0,1.9199999999999997
2.58,3,102.810897,15,open,1.0,2.58
1.92,3,102.817243,17,closed,0.0,1.9199999999999997
2.46,3,102.824112,19,closed,0.0,2.46
-3.85,3,102.830211,15,closed,0.0,-3.85
-3.85,3,102.836188,15,closed,0.0,-3.85
1.92,3,102.842512,17,closed,0.0,1.9199999999999997
2.54,3,102.848675,19,open,1.0,2.54
2.46,3,102.855513,19,closed,0.0,2.46
2.36,3,102.861421,17,open,1.0,2.36
1.92,3,102.86775,17,closed,0.0,1.9199999999999997
1.92,3,102.874087,17,closed,0.0,1.9199999999999997
1.92,3,102.880404,17,closed,0.0,1.9199999999999997
2.36,3,102.886286,17,open,1.0,2.36
2.46,3,102.893219,19,closed,0.0,2.46
2.46,3,102.900146,19,closed,0.0,2.46
-3.85,3,102.90621,15,closed,0.0,-3.85
2.36,3,102.91215,17,open,1.0,2.36
2.58,3,102.917888,15,open,1.0,2.58
-3.85,3,102.923926,15,closed,0.0,-3.85
2.58,3,102.929619,15,open,1.0,2.58
2.54,3,102.935709,19,open,1.0,2.54
2.36,3,102.941579,17,open,1.0,2.36
2.46,3,102.948452,19,closed,0.0,2.46
1.92,3,102.954811,17,closed,0.0,1.9199999999999997
2.46,3,102.961692,19,closed,0.0,2.46
2.36,3,102.967638,17,open,1.0,2.36
2.58,3,102.973364,15,open,1.0,2.58
2.54,3,102.979466,19,open,1.0,2.54
1.92,3,102.985764,17,closed,0.0,1.9199999999999997
2.36,3,102.991717,17,open,1.0,2.36
2.36,3,102.997655,17,open,1.0,2.36
2.54,3,103.003747,19,open,1.0,2.54
2.46,3,103.010697,19,closed,0.0,2.46
2.58,3,103.016428,15,open,1.0,2.58
2.54,3,103.022542,19,open,1.0,2.54
2.5,3,103.029044,19,open,1.0,2.5
2.36,3,103.035053,17,open,1.0,2.36
2.54,3,103.04116,19,open,1.0,2.54
2.58,3,103.046941,15,open,1.0,2.58
2.54,3,103.053076,19,open,1.0,2.54
-3.85,3,103.059198,15,closed,0.0,-3.85
-3.85,3,103.065253,15,closed,0.0,-3.85
2.46,3,103.072121,19,closed,0.0,2.46
2.54,3,103.078296,19,open,1.0,2.54
1.92,3,103.084676,17,closed,0.0,1.9199999999999997
2.54,3,103.090756,19,open,1.0,2.54
1.92,3,103.097105,17,closed,0.0,1.9199999999999997
2.36,3,103.103027,17,open,1.0,2.36
2.46,3,103.10993,19,closed,0.0,2.46
2.46,3,103.116822,19,closed,0.0,2.46
2.58,3,103.122584,15,open,1.0,2.58
2.46,3,103.129546,19,closed,0.0,2.46
1.92,3,103.135923,17,closed,0.0,1.9199999999999997
-3.85,3,103.141996,15,closed,0.0,-3.85
2.36,3,103.147882,17,open,1.0,2.36
-3.85,3,103.153927,15,closed,0.0,-3.85
2.46,3,103.160849,19,closed,0.0,2.46
2.58,3,103.166615,15,open,1.0,2.58
-3.85,3,103.172684,15,closed,0.0,-3.85
2.54,3,103.178827,19,open,1.0,2.54
2.58,3,103.184548,15,open,1.0,2.58
2.58,3,103.190236,15,open,1.0,2.58
2.46,3,103.197213,19,closed,0.0,2.46
2.36,3,103.203163,17,open,1.0,2.36
2.58,3,103.208892,15,open,1.0,2.58
2.54,3,103.215058,19,open,1.0,2.54
2.46,3,103.221995,19,closed,0.0,2.46
2.46,3,103.228895,19,closed,0.0,2.46
2.58,3,103.234699,15,open,1.0,2.58
2.54,3,103.240799,19,open,1.0,2.54
-3.85,3,103.246889,15,closed,0.0,-3.85
2.54,3,103.253015,19,open,1.0,2.54
2.58,3,103.258718,15,open,1.0,2.58
2.54,3,103.264895,19,open,1.0,2.54
-4.25,3,103.270948,15,closed,0.0,-4.25
-3.85,3,103.277041,15,closed,0.0,-3.85
2.5,3,103.283535,19,open,1.0,2.5
2.54,3,103.289608,19,open,1.0,2.54
-3.85,3,103.29572,15,closed,0.0,-3.85
2.36,3,103.301663,17,open,1.0,2.36
1.92,3,103.307999,17,closed,0.0,1.9199999999999997
1.92,3,103.314366,17,closed,0.0,1.9199999999999997
2.46,3,103.321239,19,closed,0.0,2.46
2.54,3,103.327332,19,open,1.0,2.54
2.46,3,103.334264,19,closed,0.0,2.46
2.58,3,103.340026,15,open,1.0,2.58
-3.85,3,103.346121,15,closed,0.0,-3.85
2.36,3,103.352013,17,open,1.0,2.36
-3.85,3,103.358091,15,closed,0.0,-3.85
2.58,3,103.363921,15,open,1.0,2.58
2.58,3,103.369735,15,open,1.0,2.58
-3.85,3,103.375806,15,closed,0.0,-3.85
2.54,3,103.381998,19,open,1.0,2.54
1.92,3,103.38833,17,closed,0.0,1.9199999999999997
2.46,3,103.395234,19,open,1.0,2.46
2.46,3,103.402121,19,closed,0.0,2.46
1.92,3,103.408435,17,closed,0.0,1.9199999999999997
1.92,3,103.414795,17,closed,0.0,1.9199999999999997
2.46,3,103.421919,19,closed,0.0,2.46
2.54,3,103.428106,19,open,1.0,2.54
2.58,3,103.433887,15,open,1.0,2.58
2.58,3,103.439605,15,open,1.0,2.58
-3.85,3,103.445666,15,closed,0.0,-3.85
1.92,3,103.452013,17,closed,0.0,1.9199999999999997
2.5,3,103.458482,19,open,1.0,2.5
2.58,3,103.464271,15,open,1.0,2.58
2.36,3,103.470157,17,open,1.0,2.36
2.58,3,103.475901,15,open,1.0,2.58
-3.85,3,103.482016,15,closed,0.0,-3.85
2.58,3,103.487742,15,open,1.0,2.58
1.92,3,103.494218,17,closed,0.0,1.9199999999999997
1.92,3,103.500574,17,closed,0.0,1.9199999999999997
2.36,3,103.506503,17,open,1.0,2.36
2.54,3,103.512659,19,open,1.0,2.54
2.36,3,103.518614,17,open,1.0,2.36
2.46,3,103.52551,19,closed,0.0,2.46
2.58,3,103.531393,15,open,1.0,2.58
2.58,3,103.537118,15,open,1.0,2.58
2.54,3,103.543312,19,open,1.0,2.54
2.54,3,103.549389,19,open,1.0,2.54
2.46,3,103.556311,19,closed,0.0,2.46
1.92,3,103.562723,17,closed,0.0,1.9199999999999997
2.46,3,103.569608,19,closed,0.0,2.46
-3.85,3,103.575678,15,closed,0.0,-3.85
2.36,3,103.581628,17,open,1.0,2.36
2.36,3,103.587593,17,open,1.0,2.36
2.46,3,103.594668,19,closed,0.0,2.46
1.92,3,103.600969,17,closed,0.0,1.9199999999999997
-3.85,3,103.607141,15,closed,0.0,-3.85
-3.85,3,103.613257,15,closed,0.0,-3.85
2.36,3,103.619246,17,open,1.0,2.36
1.92,3,103.62552,17,closed,0.0,1.9199999999999997
1.92,3,103.631839,17,closed,0.0,1.9199999999999997
2.54,3,103.637906,19,open,1.0,2.54
-3.85,3,103.644098,15,closed,0.0,-3.85
1.92,3,103.650428,17,closed,0.0,1.9199999999999997
2.36,3,103.656365,17,open,1.0,2.36
2.54,3,103.662458,19,open,1.0,2.54
1.92,3,103.668826,17,closed,0.0,1.9199999999999997
2.46,3,103.675732,19,closed,0.0,2.46
2.58,3,103.681542,15,open,1.0,2.58
2.58,3,103.687279,15,open,1.0,2.58
2.54,3,103.693433,19,open,1.0,2.54
-3.85,3,103.699505,15,closed,0.0,-3.85
2.46,3,103.706362,19,closed,0.0,2.46
-3.85,3,103.712512,15,closed,0.0,-3.85
-3.85,3,103.718557,15,closed,0.0,-3.85
-3.85,3,103.724583,15,closed,0.0,-3.85
2.58,3,103.730359,15,open,1.0,2.58
2.54,3,103.736466,19,open,1.0,2.54
2.46,3,103.743421,19,closed,0.0,2.46
2.36,3,103.749321,17,open,1.0,2.36
2.36,3,103.755241,17,open,1.0,2.36
2.46,3,103.762118,19,closed,0.0,2.46
2.58,3,103.767843,15,open,1.0,2.58
2.36,3,103.773799,17,open,1.0,2.36
2.36,3,103.779794,17,open,1.0,2.36
2.54,3,103.785903,19,open,1.0,2.54
2.54,3,103.792034,19,open,1.0,2.54
2.54,3,103.798205,19,open,1.0,2.54
1.92,3,103.80458,17,closed,0.0,1.9199999999999997
2.46,3,103.811596,19,closed,0.0,2.46
2.46,3,103.818497,19,closed,0.0,2.46
2.36,3,103.824421,17,open,1.0,2.36
1.92,3,103.830815,17,closed,0.0,1.9199999999999997
2.36,3,103.836799,17,open,1.0,2.36
2.36,3,103.842737,17,open,1.0,2.36
1.92,3,103.849124,17,closed,0.0,1.9199999999999997
2.46,3,103.855982,19,closed,0.0,2.46
2.46,3,103.862939,19,closed,0.0,2.46
2.58,3,103.868728,15,open,1.0,2.58
2.46,3,103.875601,19,closed,0.0,2.46
2.5,3,103.882098,19,open,1.0,2.5
2.36,3,103.888013,17,open,1.0,2.36
1.92,3,103.894353,17,closed,0.0,1.9199999999999997
1.92,3,103.900681,17,closed,0.0,1.9199999999999997
1.92,3,103.907037,17,closed,0.0,1.9199999999999997
-3.85,3,103.913122,15,closed,0.0,-3.85
2.54,3,103.919262,19,open,1.0,2.54
2.36,3,103.925265,17,open,1.0,2.36
2.36,3,103.93127,17,open,1.0,2.36
2.36,3,103.937208,17,open,1.0,2.36
2.54,3,103.943391,19,open,1.0,2.54
-3.85,3,103.949399,15,closed,0.0,-3.85
-3.85,3,103.955417,15,closed,0.0,-3.85
2.36,3,103.961396,17,open,1.0,2.36
-3.85,3,103.967463,15,closed,0.0,-3.85
1.92,3,103.973754,17,closed,0.0,1.9199999999999997
2.14,3,103.979952,17,open,1.0,2.1399999999999997
1.92,3,103.986305,17,closed,0.0,1.9199999999999997
-3.85,3,103.992367,15,closed,0.0,-3.85
-3.85,3,103.998505,15,closed,0.0,-3.85
2.58,3,104.004267,15,open,1.0,2.58
2.46,3,104.011275,19,closed,0.0,2.46
2.46,3,104.01823,19,closed,0.0,2.46
2.46,3,104.025117,19,closed,0.0,2.46
2.46,3,104.032104,19,closed,0.0,2.46
2.54,3,104.038228,19,open,1.0,2.54
2.58,3,104.043996,15,open,1.0,2.58
-3.85,3,104.050034,15,closed,0.0,-3.85
2.58,3,104.055777,15,open,1.0,2.58
2.54,3,104.0619,19,open,1.0,2.54
2.54,3,104.067945,19,open,1.0,2.54
1.92,3,104.074275,17,closed,0.0,1.9199999999999997
1.92,3,104.080681,17,closed,0.0,1.9199999999999997
2.58,3,104.086476,15,open,1.0,2.58
2.58,3,104.09223,15,open,1.0,2.58
2.46,3,104.099148,19,closed,0.0,2.46
2.54,3,104.10529,19,open,1.0,2.54
2.36,3,104.111194,17,open,1.0,2.36
-3.85,3,104.117235,15,closed,0.0,-3.85
-3.85,3,104.12331,15,closed,0.0,-3.85
2.54,3,104.129498,19,open,1.0,2.54
2.46,3,104.136396,19,closed,0.0,2.46
2.58,3,104.142129,15,open,1.0,2.58
2.58,3,104.147931,15,open,1.0,2.58
2.58,3,104.153656,15,open,1.0,2.58
-3.85,3,104.15975,15,closed,0.0,-3.85
2.46,3,104.166687,19,closed,0.0,2.46
-3.85,3,104.17271,15,closed,0.0,-3.85
2.54,3,104.178875,19,open,1.0,2.54
2.58,3,104.184598,15,open,1.0,2.58
2.58,3,104.190305,15,open,1.0,2.58
2.54,3,104.196476,19,open,1.0,2.54
1.92,3,104.202848,17,closed,0.0,1.9199999999999997
2.36,3,104.208827,17,open,1.0,2.36
1.92,3,104.215261,17,closed,0.0,1.9199999999999997
1.92,3,104.221613,17,closed,0.0,1.9199999999999997
2.46,3,104.228571,19,closed,0.0,2.46
2.54,3,104.234731,19,open,1.0,2.54
2.5,3,104.241204,19,open,1.0,2.5
2.46,3,104.248131,19,closed,0.0,2.46
2.46,3,104.255111,19,closed,0.0,2.46
2.36,3,104.261034,17,open,1.0,2.36
2.46,3,104.267927,19,closed,0.0,2.46
-3.85,3,104.273942,15,closed,0.0,-3.85
-3.85,3,104.279967,15,closed,0.0,-3.85
-3.85,3,104.285984,15,closed,0.0,-3.85
2.46,3,104.292899,19,closed,0.0,2.46
2.54,3,104.298972,19,open,1.0,2.54
2.36,3,104.304867,17,open,1.0,2.36
2.46,3,104.311842,19,closed,0.0,2.46
2.54,3,104.317966,19,open,1.0,2.54
2.36,3,104.32389,17,open,1.0,2.36
-3.85,3,104.330002,15,closed,0.0,-3.85
-3.85,3,104.336045,15,closed,0.0,-3.85
2.58,3,104.34182,15,open,1.0,2.58
1.92,3,104.348214,17,closed,0.0,1.9199999999999997
2.46,3,104.355074,19,closed,0.0,2.46
2.58,3,104.360895,15,open,1.0,2.58
2.5,3,104.367434,19,open,1.0,2.5
1.92,3,104.373835,17,closed,0.0,1.9199999999999997
-3.85,3,104.380022,15,closed,0.0,-3.85
2.36,3,104.38596,17,open,1.0,2.36
1.92,3,104.392351,17,closed,0.0,1.9199999999999997
2.36,3,104.398396,17,open,1.0,2.36
-3.85,3,104.480647,15,closed,0.0,-3.85
1.92,3,104.487228,17,closed,0.0,1.9199999999999997
2.46,3,104.494222,19,closed,0.0,2.46
2.46,3,104.501199,19,closed,0.0,2.46
-3.85,3,104.507327,15,closed,0.0,-3.85
2.5,3,104.51386,19,open,1.0,2.5
2.46,3,104.520761,19,closed,0.0,2.46
-3.85,3,104.526911,15,closed,0.0,-3.85
2.36,3,104.532804,17,open,1.0,2.36
1.92,3,104.539166,17,closed,0.0,1.9199999999999997
2.36,3,104.545158,17,open,1.0,2.36
2.5,3,104.551661,19,open,1.0,2.5
-3.85,3,104.557694,15,closed,0.0,-3.85
2.36,3,104.563696,17,open,1.0,2.36
2.58,3,104.569418,15,open,1.0,2.58
2.58,3,104.575171,15,open,1.0,2.58
-3.85,3,104.581271,15,closed,0.0,-3.85
2.36,3,104.587123,17,open,1.0,2.36
2.54,3,104.59325,19,open,1.0,2.54
1.92,3,104.599662,17,closed,0.0,1.9199999999999997
-3.85,3,104.605735,15,closed,0.0,-3.85
2.46,3,104.612693,19,closed,0.0,2.46
2.58,3,104.618394,15,open,1.0,2.58
-3.85,3,104.624413,15,closed,0.0,-3.85
2.46,3,104.631375,19,closed,0.0,2.46
2.58,3,104.637165,15,open,1.0,2.58
-3.85,3,104.643248,15,closed,0.0,-3.85
2.46,3,104.65024,19,closed,0.0,2.46
-3.85,3,104.65631,15,closed,0.0,-3.85
2.58,3,104.662094,15,open,1.0,2.58
-3.85,3,104.668148,15,closed,0.0,-3.85
1.92,3,104.674512,17,closed,0.0,1.9199999999999997
2.54,3,104.680705,19,open,1.0,2.54
2.58,3,104.686471,15,open,1.0,2.58
2.36,3,104.692426,17,open,1.0,2.36
2.54,3,104.698593,19,open,1.0,2.54
2.46,3,104.705507,19,closed,0.0,2.46
2.36,3,104.711468,17,open,1.0,2.36
1.92,3,104.717801,17,closed,0.0,1.9199999999999997
2.46,3,104.724691,19,closed,0.0,2.46
2.58,3,104.73043,15,open,1.0,2.58
-3.85,3,104.736468,15,closed,0.0,-3.85
2.14,3,104.742591,17,open,1.0,2.1399999999999997
-3.85,3,104.7487,15,closed,0.0,-3.85
2.58,3,104.754438,15,open,1.0,2.58
2.58,3,104.760235,15,open,1.0,2.58
1.92,3,104.76658,17,closed,0.0,1.9199999999999997
2.46,3,104.77347,19,closed,0.0,2.46
-3.85,3,104.77961,15,closed,0.0,-3.85
-3.85,3,104.785676,15,closed,0.0,-3.85
2.54,3,104.791804,19,open,1.0,2.54
-3.85,3,104.797978,15,closed,0.0,-3.85
1.92,3,104.804298,17,closed,0.0,1.9199999999999997
-3.85,3,104.810416,15,closed,0.0,-3.85
-3.85,3,104.816476,15,closed,0.0,-3.85
2.36,3,104.822439,17,open,1.0,2.36
1.92,3,104.828843,17,closed,0.0,1.9199999999999997
2.58,3,104.834629,15,open,1.0,2.58
2.58,3,104.840348,15,open,1.0,2.58
2.58,3,104.8461,15,open,1.0,2.58
2.36,3,104.85202,17,open,1.0,2.36
1.92,3,104.858366,17,closed,0.0,1.9199999999999997
1.92,3,104.864739,17,closed,0.0,1.9199999999999997
1.92,3,104.871054,17,closed,0.0,1.9199999999999997
2.58,3,104.876855,15,open,1.0,2.58
2.36,3,104.882776,17,open,1.0,2.36
1.92,3,104.889097,17,closed,0.0,1.9199999999999997
-3.85,3,104.89521,15,closed,0.0,-3.85
2.54,3,104.901306,19,open,1.0,2.54
1.92,3,104.907685,17,closed,0.0,1.9199999999999997
2.58,3,104.913489,15,open,1.0,2.58
1.92,3,104.919831,17,closed,0.0,1.9199999999999997
2.36,3,104.925769,17,open,1.0,2.36
2.58,3,104.931561,15,open,1.0,2.58
2.54,3,104.937698,19,open,1.0,2.54
2.36,3,104.943694,17,open,1.0,2.36
-3.85,3,104.949764,15,closed,0.0,-3.85
1.92,3,104.956163,17,closed,0.0,1.9199999999999997
2.58,3,104.962004,15,open,1.0,2.58
2.46,3,104.968975,19,closed,0.0,2.46
1.92,3,104.975335,17,closed,0.0,1.9199999999999997
2.36,3,104.981355,17,open,1.0,2.36
2.46,3,104.988245,19,closed,0.0,2.46
1.92,3,104.994615,17,closed,0.0,1.9199999999999997
2.36,3,105.000555,17,open,1.0,2.36
2.58,3,105.006283,15,open,1.0,2.58
2.36,3,105.012225,17,open,1.0,2.36
-3.85,3,105.018249,15,closed,0.0,-3.85
2.54,3,105.024376,19,open,1.0,2.54
2.5,3,105.030888,19,open,1.0,2.5
2.46,3,105.037794,19,closed,0.0,2.46
-3.85,3,105.04393,15,closed,0.0,-3.85
-3.85,3,105.049987,15,closed,0.0,-3.85
-3.85,3,105.055991,15,closed,0.0,-3.85
1.92,3,105.062372,17,closed,0.0,1.9199999999999997
1.92,3,105.068683,17,closed,0.0,1.9199999999999997
2.58,3,105.074363,15,open,1.0,2.58
1.92,3,105.080729,17,closed,0.0,1.9199999999999997
2.46,3,105.087596,19,closed,0.0,2.46
-3.85,3,105.093713,15,closed,0.0,-3.85
-3.85,3,105.099789,15,closed,0.0,-3.85
1.92,3,105.106127,17,closed,0.0,1.9199999999999997
2.54,3,105.112317,19,open,1.0,2.54
2.46,3,105.119241,19,closed,0.0,2.46
2.54,3,105.12533,19,open,1.0,2.54
-3.85,3,105.131443,15,closed,0.0,-3.85
2.58,3,105.137132,15,open,1.0,2.58
2.58,3,105.142898,15,open,1.0,2.58
1.92,3,105.149276,17,closed,0.0,1.9199999999999997
2.36,3,105.155174,17,open,1.0,2.36
2.36,3,105.161195,17,open,1.0,2.36
-3.85,3,105.167273,15,closed,0.0,-3.85
2.46,3,105.174144,19,closed,0.0,2.46
2.46,3,105.181124,19,closed,0.0,2.46
1.92,3,105.187466,17,closed,0.0,1.9199999999999997
2.54,3,105.193669,19,open,1.0,2.54
1.92,3,105.200003,17,closed,0.0,1.9199999999999997
-3.85,3,105.206157,15,closed,0.0,-3.85
2.54,3,105.212318,19,open,1.0,2.54
-3.85,3,105.21835,15,closed,0.0,-3.85
2.36,3,105.22431,17,open,1.0,2.36
2.58,3,105.230046,15,open,1.0,2.58
2.58,3,105.235776,15,open,1.0,2.58
2.5,3,105.242213,19,open,1.0,2.5
2.58,3,105.248,15,open,1.0,2.58
2.36,3,105.253874,17,open,1.0,2.36
2.54,3,105.259947,19,open,1.0,2.54
2.54,3,105.266058,19,open,1.0,2.54
-3.85,3,105.272145,15,closed,0.0,-3.85
-3.85,3,105.278237,15,closed,0.0,-3.85
2.54,3,105.284386,19,open,1.0,2.54
2.58,3,105.290145,15,open,1.0,2.58
2.36,3,105.296109,17,open,1.0,2.36
1.92,3,105.302449,17,closed,0.0,1.9199999999999997
1.92,3,105.308772,17,closed,0.0,1.9199999999999997
-3.85,3,105.314847,15,closed,0.0,-3.85
-3.85,3,105.320917,15,closed,0.0,-3.85
2.36,3,105.326815,17,open,1.0,2.36
2.36,3,105.332788,17,open,1.0,2.36
2.58,3,105.338543,15,open,1.0,2.58
2.58,3,105.344355,15,open,1.0,2.58
2.54,3,105.350498,19,open,1.0,2.54
2.58,3,105.356285,15,open,1.0,2.58
2.58,3,105.362072,15,open,1.0,2.58
2.58,3,105.367865,15,open,1.0,2.58
2.54,3,105.374033,19,open,1.0,2.54
2.58,3,105.379852,15,open,1.0,2.58
2.58,3,105.385614,15,open,1.0,2.58
2.46,3,105.39255,19,closed,0.0,2.46
2.58,3,105.398348,15,open,1.0,2.58
2.46,3,105.405328,19,closed,0.0,2.46
2.54,3,105.411503,19,open,1.0,2.54
1.92,3,105.417853,17,closed,0.0,1.9199999999999997
2.54,3,105.423999,19,open,1.0,2.54
2.58,3,105.429843,15,open,1.0,2.58
2.54,3,105.435942,19,open,1.0,2.54
2.54,3,105.442076,19,open,1.0,2.54
2.58,3,105.447854,15,open,1.0,2.58
2.58,3,105.453624,15,open,1.0,2.58
2.46,3,105.460578,19,closed,0.0,2.46
2.46,3,105.467497,19,closed,0.0,2.46
2.54,3,105.473617,19,open,1.0,2.54
2.36,3,105.479589,17,open,1.0,2.36
2.54,3,105.485758,19,open,1.0,2.54
2.54,3,105.491897,19,open,1.0,2.54
2.58,3,105.497705,15,open,1.0,2.58
2.36,3,105.503625,17,open,1.0,2.36
2.36,3,105.509546,17,open,1.0,2.36
2.54,3,105.515666,19,open,1.0,2.54
1.92,3,105.521989,17,closed,0.0,1.9199999999999997
1.92,3,105.528387,17,closed,0.0,1.9199999999999997
1.92,3,105.534737,17,closed,0.0,1.9199999999999997
2.58,3,105.540494,15,open,1.0,2.58
2.36,3,105.546508,17,open,1.0,2.36
2.46,3,105.553393,19,closed,0.0,2.46
-3.85,3,105.559407,15,closed,0.0,-3.85
2.46,3,105.566312,19,closed,0.0,2.46
1.92,3,105.572672,17,closed,0.0,1.9199999999999997
2.46,3,105.579618,19,closed,0.0,2.46
2.54,3,105.585736,19,open,1.0,2.54
2.46,3,105.59277,19,closed,0.0,2.46
2.14,3,105.599026,17,open,1.0,2.1399999999999997
2.54,3,105.60523,19,open,1.0,2.54
2.46,3,105.612263,19,closed,0.0,2.46
2.46,3,105.619219,19,closed,0.0,2.46
2.36,3,105.625138,17,open,1.0,2.36
1.92,3,105.631551,17,closed,0.0,1.9199999999999997
2.54,3,105.637632,19,open,1.0,2.54
1.92,3,105.644051,17,closed,0.0,1.9199999999999997
2.46,3,105.650942,19,closed,0.0,2.46
2.36,3,105.656902,17,open,1.0,2.36
-3.85,3,105.663004,15,closed,0.0,-3.85
2.36,3,105.669,17,open,1.0,2.36
1.92,3,105.675314,17,closed,0.0,1.9199999999999997
2.58,3,105.681092,15,open,1.0,2.58
1.92,3,105.687429,17,closed,0.0,1.9199999999999997
2.54,3,105.69355,19,open,1.0,2.54
2.36,3,105.699467,17,open,1.0,2.36
-3.85,3,105.705493,15,closed,0.0,-3.85
2.46,3,105.712441,19,closed,0.0,2.46
1.92,3,105.71879,17,closed,0.0,1.9199999999999997
1.92,3,105.725156,17,closed,0.0,1.9199999999999997
1.92,3,105.731566,17,closed,0.0,1.9199999999999997
2.46,3,105.738523,19,closed,0.0,2.46
2.58,3,105.744369,15,open,1.0,2.58
2.46,3,105.751245,19,open,1.0,2.46
2.54,3,105.757314,19,open,1.0,2.54
1.92,3,105.763727,17,closed,0.0,1.9199999999999997
1.92,3,105.770093,17,closed,0.0,1.9199999999999997
-3.85,3,105.776175,15,closed,0.0,-3.85
1.92,3,105.782529,17,closed,0.0,1.9199999999999997
2.46,3,105.78941,19,closed,0.0,2.46
1.92,3,105.795822,17,closed,0.0,1.9199999999999997
1.92,3,105.802204,17,closed,0.0,1.9199999999999997
1.92,3,105.808536,17,closed,0.0,1.9199999999999997
1.92,3,105.814952,17,closed,0.0,1.9199999999999997
2.5,3,105.821429,19,open,1.0,2.5
1.92,3,105.827784,17,closed,0.0,1.9199999999999997
2.46,3,105.834715,19,closed,0.0,2.46
2.58,3,105.840464,15,open,1.0,2.58
1.92,3,105.846784,17,closed,0.0,1.9199999999999997
-3.85,3,105.852884,15,closed,0.0,-3.85
2.46,3,105.85977,19,closed,0.0,2.46
2.54,3,105.86593,19,open,1.0,2.54
2.54,3,105.872043,19,open,1.0,2.54
-3.85,3,105.87818,15,closed,0.0,-3.85
-3.85,3,105.884171,15,closed,0.0,-3.85
2.36,3,105.890092,17,open,1.0,2.36
2.36,3,105.896034,17,open,1.0,2.36
-3.85,3,105.902115,15,closed,0.0,-3.85
1.92,3,105.908441,17,closed,0.0,1.9199999999999997
-3.85,3,105.914503,15,closed,0.0,-3.85
2.46,3,105.921409,19,closed,0.0,2.46
2.58,3,105.927225,15,open,1.0,2.58
2.46,3,105.93411,19,closed,0.0,2.46
2.54,3,105.940271,19,open,1.0,2.54
2.46,3,105.947233,19,closed,0.0,2.46
2.5,3,105.953751,19,open,1.0,2.5
2.54,3,105.959947,19,open,1.0,2.54
1.92,3,105.966322,17,closed,0.0,1.9199999999999997
2.46,3,105.973238,19,closed,0.0,2.46
-3.85,3,105.979373,15,closed,0.0,-3.85
2.36,3,105.985329,17,open,1.0,2.36
2.46,3,105.992219,19,closed,0.0,2.46
2.36,3,105.998213,17,open,1.0,2.36
2.46,3,106.005109,19,closed,0.0,2.46
-3.85,3,106.011199,15,closed,0.0,-3.85
2.58,3,106.016948,15,open,1.0,2.58
-3.85,3,106.022976,15,closed,0.0,-3.85
2.36,3,106.029025,17,open,1.0,2.36
1.92,3,106.035361,17,closed,0.0,1.9199999999999997
2.54,3,106.041444,19,open,1.0,2.54
2.54,3,106.047625,19,open,1.0,2.54
2.5,3,106.054093,19,open,1.0,2.5
2.36,3,106.05999,17,open,1.0,2.36
2.54,3,106.066068,19,open,1.0,2.54
1.92,3,106.072371,17,closed,0.0,1.9199999999999997
2.54,3,106.078544,19,open,1.0,2.54
-3.85,3,106.084649,15,closed,0.0,-3.85
2.46,3,106.091542,19,closed,0.0,2.46
2.54,3,106.097679,19,open,1.0,2.54
2.46,3,106.104611,19,closed,0.0,2.46
2.54,3,106.110754,19,open,1.0,2.54
2.5,3,106.117257,19,open,1.0,2.5
-3.85,3,106.123263,15,closed,0.0,-3.85
2.58,3,106.129029,15,open,1.0,2.58
-3.85,3,106.135097,15,closed,0.0,-3.85
1.92,3,106.141422,17,closed,0.0,1.9199999999999997
2.14,3,106.147589,17,open,1.0,2.1399999999999997
-3.85,3,106.1536,15,closed,0.0,-3.85
-3.85,3,106.159656,15,closed,0.0,-3.85
1.92,3,106.166099,17,closed,0.0,1.9199999999999997
2.36,3,106.171981,17,open,1.0,2.36
-3.85,3,106.178126,15,closed,0.0,-3.85
2.54,3,106.184257,19,open,1.0,2.54
2.54,3,106.190335,19,open,1.0,2.54
-3.85,3,106.196392,15,closed,0.0,-3.85
2.46,3,106.20326,19,closed,0.0,2.46
2.58,3,106.209122,15,open,1.0,2.58
2.36,3,106.21515,17,open,1.0,2.36
2.46,3,106.222052,19,closed,0.0,2.46
2.36,3,106.228088,17,open,1.0,2.36
2.36,3,106.233988,17,open,1.0,2.36
2.46,3,106.240915,19,closed,0.0,2.46
2.36,3,106.24694,17,open,1.0,2.36
2.46,3,106.253871,19,closed,0.0,2.46
-3.85,3,106.259939,15,closed,0.0,-3.85
2.36,3,106.265896,17,open,1.0,2.36
2.54,3,106.27197,19,open,1.0,2.54
2.54,3,106.278188,19,open,1.0,2.54
2.36,3,106.284101,17,open,1.0,2.36
2.46,3,106.291008,19,closed,0.0,2.46
2.54,3,106.297187,19,open,1.0,2.54
2.54,3,106.303281,19,open,1.0,2.54
2.54,3,106.309429,19,open,1.0,2.54
2.36,3,106.315417,17,open,1.0,2.36
2.58,3,106.321123,15,open,1.0,2.58
-3.85,3,106.32726,15,closed,0.0,-3.85
-3.85,3,106.333303,15,closed,0.0,-3.85
2.54,3,106.339388,19,open,1.0,2.54
2.36,3,106.345295,19,open,1.0,2.36
-3.85,3,106.351315,15,closed,0.0,-3.85
2.46,3,106.358167,19,closed,0.0,2.46
2.46,3,106.365186,19,closed,0.0,2.46
1.92,3,106.371608,17,closed,0.0,1.9199999999999997
2.54,3,106.377758,19,open,1.0,2.54
2.46,3,106.384749,19,closed,0.0,2.46
1.92,3,106.391119,17,closed,0.0,1.9199999999999997
1.92,3,106.397539,17,closed,0.0,1.9199999999999997
1.92,3,106.403881,17,closed,0.0,1.9199999999999997
-3.85,3,106.409983,15,closed,0.0,-3.85
-3.85,3,106.416069,15,closed,0.0,-3.85
2.58,3,106.421816,15,open,1.0,2.58
2.36,3,106.427901,17,open,1.0,2.36
2.58,3,106.433636,15,open,1.0,2.58
-3.85,3,106.439674,15,closed,0.0,-3.85
2.58,3,106.445508,15,open,1.0,2.58
2.58,3,106.451241,15,open,1.0,2.58
2.58,3,106.456941,15,open,1.0,2.58
1.92,3,106.463341,17,closed,0.0,1.9199999999999997
2.46,3,106.470224,19,closed,0.0,2.46
1.92,3,106.476656,17,closed,0.0,1.9199999999999997
2.36,3,106.482604,17,open,1.0,2.36
2.14,3,106.488697,17,open,1.0,2.1399999999999997
2.58,3,106.494522,15,open,1.0,2.58
2.58,3,106.500245,15,open,1.0,2.58
2.5,3,106.506719,19,open,1.0,2.5
2.54,3,106.512803,19,open,1.0,2.54
2.58,3,106.518502,15,open,1.0,2.58
2.36,3,106.524421,17,open,1.0,2.36
2.46,3,106.531354,19,closed,0.0,2.46
1.92,3,106.537701,17,closed,0.0,1.9199999999999997
-3.85,3,106.543816,15,closed,0.0,-3.85
-3.85,3,106.549857,15,closed,0.0,-3.85
2.54,3,106.555998,19,open,1.0,2.54
2.46,3,106.562976,19,closed,0.0,2.46
2.58,3,106.568761,15,open,1.0,2.58
1.92,3,106.575087,17,closed,0.0,1.9199999999999997
2.58,3,106.580854,15,open,1.0,2.58
2.58,3,106.586592,15,open,1.0,2.58
2.36,3,106.592497,17,open,1.0,2.36
2.36,3,106.598603,17,open,1.0,2.36
1.92,3,106.682889,17,closed,0.0,1.9199999999999997
2.46,3,106.689897,19,closed,0.0,2.46
2.58,3,106.695803,15,open,1.0,2.58
2.58,3,106.701602,15,open,1.0,2.58
2.54,3,106.707686,19,open,1.0,2.54
2.58,3,106.713544,15,open,1.0,2.58
2.36,3,106.719494,17,open,1.0,2.36
1.92,3,106.725872,17,closed,0.0,1.9199999999999997
-3.85,3,106.732034,15,closed,0.0,-3.85
2.46,3,106.738962,19,closed,0.0,2.46
-3.85,3,106.745059,15,closed,0.0,-3.85
1.92,3,106.751404,17,closed,0.0,1.9199999999999997
1.92,3,106.757777,17,closed,0.0,1.9199999999999997
-3.85,3,106.763881,15,closed,0.0,-3.85
2.58,3,106.769597,15,open,1.0,2.58
2.58,3,106.775355,15,open,1.0,2.58
2.5,3,106.781868,19,open,1.0,2.5
2.46,3,106.788765,19,closed,0.0,2.46
1.92,3,106.795155,17,closed,0.0,1.9199999999999997
2.46,3,106.802104,19,closed,0.0,2.46
1.92,3,106.808478,17,closed,0.0,1.9199999999999997
2.54,3,106.814667,19,open,1.0,2.54
2.46,3,106.821601,19,closed,0.0,2.46
2.54,3,106.827813,19,open,1.0,2.54
2.58,3,106.833587,15,open,1.0,2.58
-3.85,3,106.839642,15,closed,0.0,-3.85
2.58,3,106.845645,15,open,1.0,2.58
2.46,3,106.852559,19,closed,0.0,2.46
2.58,3,106.85832,15,open,1.0,2.58
-3.85,3,106.86453,15,closed,0.0,-3.85
2.54,3,106.870684,19,open,1.0,2.54
2.54,3,106.87684,19,open,1.0,2.54
2.54,3,106.882957,19,open,1.0,2.54
2.58,3,106.888669,15,open,1.0,2.58
1.92,3,106.895079,17,closed,0.0,1.9199999999999997
1.92,3,106.901408,17,closed,0.0,1.9199999999999997
-3.85,3,106.90745,15,closed,0.0,-3.85
-3.85,3,106.913504,15,closed,0.0,-3.85
2.36,3,106.919465,17,open,1.0,2.36
2.36,3,106.925377,17,open,1.0,2.36
2.54,3,106.931566,19,open,1.0,2.54
-3.85,3,106.937567,15,closed,0.0,-3.85
2.36,3,106.94346,17,open,1.0,2.36
1.92,3,106.94978,17,closed,0.0,1.9199999999999997
-3.85,3,106.955853,15,closed,0.0,-3.85
2.46,3,106.962728,19,closed,0.0,2.46
2.46,3,106.969627,19,closed,0.0,2.46
2.36,3,106.975552,17,open,1.0,2.36
2.58,3,106.981373,15,open,1.0,2.58
2.5,3,106.987849,19,open,1.0,2.5
2.46,3,106.994824,19,closed,0.0,2.46
2.46,3,107.001746,19,closed,0.0,2.46
1.92,3,107.00809,17,closed,0.0,1.9199999999999997
-3.85,3,107.014221,15,closed,0.0,-3.85
1.92,3,107.020564,17,closed,0.0,1.9199999999999997
-3.85,3,107.026666,15,closed,0.0,-3.85
2.36,3,107.0327,17,open,1.0,2.36
2.46,3,107.039626,19,closed,0.0,2.46
2.46,3,107.04669,19,closed,0.0,2.46
2.46,3,107.053605,19,closed,0.0,2.46
-3.85,3,107.059726,15,closed,0.0,-3.85
2.46,3,107.066651,19,closed,0.0,2.46
1.92,3,107.072991,17,closed,0.0,1.9199999999999997
1.92,3,107.079329,17,closed,0.0,1.9199999999999997
2.36,3,107.085266,17,open,1.0,2.36
-3.85,3,107.091283,15,closed,0.0,-3.85
2.46,3,107.098255,19,closed,0.0,2.46
2.54,3,107.10437,19,open,1.0,2.54
2.58,3,107.110063,15,open,1.0,2.58
1.92,3,107.116505,17,closed,0.0,1.9199999999999997
2.46,3,107.123444,19,closed,0.0,2.46
-3.85,3,107.129573,15,closed,0.0,-3.85
2.36,3,107.135514,17,open,1.0,2.36
2.36,3,107.141407,17,open,1.0,2.36
2.46,3,107.148373,19,closed,0.0,2.46
2.46,3,107.155253,19,closed,0.0,2.46
-3.85,3,107.161396,15,closed,0.0,-3.85
-3.85,3,107.16742,15,closed,0.0,-3.85
-3.85,3,107.173485,15,closed,0.0,-3.85
2.36,3,107.179384,17,open,1.0,2.36
2.46,3,107.18625,19,closed,0.0,2.46
2.58,3,107.192002,15,open,1.0,2.58
2.58,3,107.19794,15,open,1.0,2.58
2.36,3,107.203848,17,open,1.0,2.36
1.92,3,107.210236,17,closed,0.0,1.9199999999999997
-3.85,3,107.216274,15,closed,0.0,-3.85
2.46,3,107.223162,19,closed,0.0,2.46
2.36,3,107.229218,17,open,1.0,2.36
-3.85,3,107.235354,15,closed,0.0,-3.85
2.46,3,107.242335,19,closed,0.0,2.46
2.36,3,107.248336,17,open,1.0,2.36
2.46,3,107.255275,19,closed,0.0,2.46
2.46,3,107.262207,19,open,1.0,2.46
2.36,3,107.268144,17,open,1.0,2.36
1.92,3,107.274503,17,closed,0.0,1.9199999999999997
2.36,3,107.280502,17,open,1.0,2.36
-3.85,3,107.286564,15,closed,0.0,-3.85
2.36,3,107.292525,17,open,1.0,2.36
2.5,3,107.299039,19,open,1.0,2.5
1.92,3,107.305362,17,closed,0.0,1.9199999999999997
2.54,3,107.311545,19,open,1.0,2.54
1.92,3,107.317882,17,closed,0.0,1.9199999999999997
2.58,3,107.323739,15,open,1.0,2.58
1.92,3,107.33017,17,closed,0.0,1.9199999999999997
-3.85,3,107.33629,15,closed,0.0,-3.85
2.46,3,107.34322,19,closed,0.0,2.46
2.46,3,107.350235,19,closed,0.0,2.46
-3.85,3,107.356323,15,closed,0.0,-3.85
2.58,3,107.362127,15,open,1.0,2.58
2.58,3,107.36793,15,open,1.0,2.58
2.54,3,107.374064,19,open,1.0,2.54
-3.85,3,107.380218,15,closed,0.0,-3.85
2.46,3,107.387262,19,closed,0.0,2.46
2.46,3,107.394285,19,closed,0.0,2.46
-3.85,3,107.400343,15,closed,0.0,-3.85
-3.85,3,107.406376,15,closed,0.0,-3.85
1.92,3,107.412762,17,closed,0.0,1.9199999999999997
2.46,3,107.41975,19,closed,0.0,2.46
1.92,3,107.426216,17,closed,0.0,1.9199999999999997
2.54,3,107.432386,19,open,1.0,2.54
2.36,3,107.438321,17,open,1.0,2.36
1.92,3,107.444719,17,closed,0.0,1.9199999999999997
1.92,3,107.451173,17,closed,0.0,1.9199999999999997
2.36,3,107.457112,17,open,1.0,2.36
-3.85,3,107.463216,15,closed,0.0,-3.85
2.46,3,107.470156,19,closed,0.0,2.46
2.46,3,107.477088,19,closed,0.0,2.46
2.46,3,107.484048,19,closed,0.0,2.46
2.36,3,107.489997,17,open,1.0,2.36
1.92,3,107.496382,17,closed,0.0,1.9199999999999997
2.54,3,107.502502,19,open,1.0,2.54
2.46,3,107.509381,19,closed,0.0,2.46
-3.85,3,107.51548,15,closed,0.0,-3.85
-3.85,3,107.521518,15,closed,0.0,-3.85
-3.85,3,107.527607,15,closed,0.0,-3.85
2.46,3,107.534515,19,closed,0.0,2.46
2.58,3,107.540272,15,open,1.0,2.58
-4.25,3,107.546366,15,closed,0.0,-4.25
-3.85,3,107.552451,15,closed,0.0,-3.85
2.46,3,107.559362,19,closed,0.0,2.46
2.46,3,107.566314,19,closed,0.0,2.46
-3.85,3,107.572355,15,closed,0.0,-3.85
2.14,3,107.578519,17,open,1.0,2.1399999999999997
2.46,3,107.585402,19,closed,0.0,2.46
2.36,3,107.591311,17,open,1.0,2.36
2.58,3,107.596998,15,open,1.0,2.58
2.46,3,107.603971,19,closed,0.0,2.46
2.28,3,107.610717,19,closed,0.0,2.28
-3.85,3,107.616773,15,closed,0.0,-3.85
2.46,3,107.62365,19,closed,0.0,2.46
2.58,3,107.629432,15,open,1.0,2.58
1.92,3,107.635746,17,closed,0.0,1.9199999999999997
-3.85,3,107.641854,15,closed,0.0,-3.85
1.92,3,107.648247,17,closed,0.0,1.9199999999999997
1.92,3,107.654567,17,closed,0.0,1.9199999999999997
1.92,3,107.660945,17,closed,0.0,1.9199999999999997
2.58,3,107.666718,15,open,1.0,2.58
-3.85,3,107.67279,15,closed,0.0,-3.85
-3.85,3,107.67892,15,closed,0.0,-3.85
-3.85,3,107.684989,15,closed,0.0,-3.85
-3.85,3,107.691029,15,closed,0.0,-3.85
2.58,3,107.696872,15,open,1.0,2.58
2.54,3,107.702973,19,open,1.0,2.54
1.92,3,107.709331,17,closed,0.0,1.9199999999999997
2.54,3,107.715531,19,open,1.0,2.54
2.58,3,107.721241,15,open,1.0,2.58
2.36,3,107.727264,17,open,1.0,2.36
2.58,3,107.732995,15,open,1.0,2.58
2.46,3,107.739851,19,closed,0.0,2.46
2.58,3,107.745653,15,open,1.0,2.58
2.46,3,107.752599,19,closed,0.0,2.46
2.58,3,107.758349,15,open,1.0,2.58
1.92,3,107.764763,17,closed,0.0,1.9199999999999997
2.36,3,107.770654,17,open,1.0,2.36
2.54,3,107.776727,19,open,1.0,2.54
1.92,3,107.783102,17,closed,0.0,1.9199999999999997
2.46,3,107.79001,19,closed,0.0,2.46
1.92,3,107.796619,17,closed,0.0,1.9199999999999997
2.36,3,107.802547,17,open,1.0,2.36
2.46,3,107.8094,19,closed,0.0,2.46
2.46,3,107.816366,19,closed,0.0,2.46
2.58,3,107.822097,15,open,1.0,2.58
2.58,3,107.827888,15,open,1.0,2.58
2.36,3,107.833913,17,open,1.0,2.36
2.5,3,107.84042,19,open,1.0,2.5
2.5,3,107.846995,19,open,1.0,2.5
2.46,3,107.853886,19,closed,0.0,2.46
2.36,3,107.859847,17,open,1.0,2.36
2.46,3,107.866768,19,closed,0.0,2.46
1.92,3,107.873086,17,closed,0.0,1.9199999999999997
1.92,3,107.879374,17,closed,0.0,1.9199999999999997
2.54,3,107.885449,19,open,1.0,2.54
2.46,3,107.892359,19,closed,0.0,2.46
2.36,3,107.898347,17,open,1.0,2.36
1.92,3,107.904692,17,closed,0.0,1.9199999999999997
2.54,3,107.910835,19,open,1.0,2.54
2.58,3,107.91656,15,open,1.0,2.58
2.36,3,107.922475,17,open,1.0,2.36
1.92,3,107.928892,17,closed,0.0,1.9199999999999997
2.46,3,107.935813,19,closed,0.0,2.46
1.92,3,107.942137,17,closed,0.0,1.9199999999999997
2.46,3,107.949148,19,closed,0.0,2.46
1.92,3,107.955495,17,closed,0.0,1.9199999999999997
2.36,3,107.961468,17,open,1.0,2.36
2.46,3,107.968354,19,closed,0.0,2.46
2.36,3,107.974277,17,open,1.0,2.36
2.58,3,107.980061,15,open,1.0,2.58
0.57,3,107.985891,15,open,1.0,0.5700000000000001
2.36,3,107.991873,17,open,1.0,2.36
2.54,3,107.998087,19,open,1.0,2.54
2.46,3,108.005006,19,closed,0.0,2.46
2.46,3,108.012048,19,closed,0.0,2.46
1.92,3,108.018432,17,closed,0.0,1.9199999999999997
2.14,3,108.024576,17,open,1.0,2.1399999999999997
2.36,3,108.03056,17,open,1.0,2.36
-3.85,3,108.036666,15,closed,0.0,-3.85
2.58,3,108.04246,15,open,1.0,2.58
2.36,3,108.048452,17,open,1.0,2.36
1.92,3,108.054814,17,closed,0.0,1.9199999999999997
2.46,3,108.06173,19,closed,0.0,2.46
2.54,3,108.067924,19,open,1.0,2.54
2.54,3,108.07398,19,open,1.0,2.54
1.92,3,108.080328,17,closed,0.0,1.9199999999999997
2.46,3,108.087221,19,closed,0.0,2.46
2.46,3,108.094104,19,closed,0.0,2.46
2.46,3,108.100991,19,closed,0.0,2.46
2.58,3,108.106767,15,open,1.0,2.58
-3.85,3,108.112898,15,closed,0.0,-3.85
2.46,3,108.119792,19,closed,0.0,2.46
2.54,3,108.125906,19,open,1.0,2.54
-3.85,3,108.132029,15,closed,0.0,-3.85
2.46,3,108.138905,19,closed,0.0,2.46
2.54,3,108.145114,19,open,1.0,2.54
2.58,3,108.150855,15,open,1.0,2.58
2.54,3,108.156943,19,open,1.0,2.54
2.46,3,108.163937,19,closed,0.0,2.46
2.54,3,108.170023,19,open,1.0,2.54
2.58,3,108.175797,15,open,1.0,2.58
1.92,3,108.182168,17,closed,0.0,1.9199999999999997
2.36,3,108.188056,17,open,1.0,2.36
1.92,3,108.194476,17,closed,0.0,1.9199999999999997
2.36,3,108.200451,17,open,1.0,2.36
2.36,3,108.206395,17,open,1.0,2.36
2.54,3,108.21255,19,open,1.0,2.54
2.58,3,108.218294,15,open,1.0,2.58
1.92,3,108.224615,17,closed,0.0,1.9199999999999997
2.58,3,108.230393,15,open,1.0,2.58
2.54,3,108.236531,19,open,1.0,2.54
1.92,3,108.242883,17,closed,0.0,1.9199999999999997
2.58,3,108.248735,15,open,1.0,2.58
2.58,3,108.254452,15,open,1.0,2.58
2.36,3,108.260343,17,open,1.0,2.36
-3.85,3,108.266454,15,closed,0.0,-3.85
2.36,3,108.272367,17,open,1.0,2.36
2.58,3,108.278154,15,open,1.0,2.58
-3.85,3,108.284229,15,closed,0.0,-3.85
2.36,3,108.290118,17,open,1.0,2.36
1.92,3,108.296482,17,closed,0.0,1.9199999999999997
2.5,3,108.302911,19,open,1.0,2.5
2.58,3,108.308623,15,open,1.0,2.58
-3.85,3,108.314657,15,closed,0.0,-3.85
2.36,3,108.320545,17,open,1.0,2.36
2.36,3,108.326461,17,open,1.0,2.36
2.36,3,108.332338,17,open,1.0,2.36
-3.85,3,108.338366,15,closed,0.0,-3.85
2.54,3,108.344606,19,open,1.0,2.54
2.58,3,108.350318,15,open,1.0,2.58
2.54,3,108.356428,19,open,1.0,2.54
2.54,3,108.362632,19,open,1.0,2.54
1.92,3,108.368949,17,closed,0.0,1.9199999999999997
2.54,3,108.375075,19,open,1.0,2.54
2.46,3,108.382003,19,closed,0.0,2.46
2.46,3,108.38895,19,closed,0.0,2.46
2.46,3,108.395958,19,closed,0.0,2.46
2.58,3,108.401682,15,open,1.0,2.58
2.36,3,108.4077,17,open,1.0,2.36
2.46,3,108.414698,19,closed,0.0,2.46
2.36,3,108.420653,17,open,1.0,2.36
2.36,3,108.426589,17,open,1.0,2.36
2.36,3,108.432462,17,open,1.0,2.36
-3.85,3,108.438543,15,closed,0.0,-3.85
-3.85,3,108.444609,15,closed,0.0,-3.85
2.54,3,108.453777,19,open,1.0,2.54
1.92,3,108.460191,17,closed,0.0,1.9199999999999997
2.54,3,108.466376,19,open,1.0,2.54
2.14,3,108.472514,17,open,1.0,2.1399999999999997
-3.85,3,108.478675,15,closed,0.0,-3.85
2.46,3,108.485597,19,closed,0.0,2.46
2.36,3,108.491534,17,open,1.0,2.36
2.46,3,108.4985,19,closed,0.0,2.46
1.92,3,108.504876,17,closed,0.0,1.9199999999999997
-3.85,3,108.511046,15,closed,0.0,-3.85
2.46,3,108.517949,19,closed,0.0,2.46
2.46,3,108.524824,19,closed,0.0,2.46
2.46,3,108.531829,19,closed,0.0,2.46
1.92,3,108.538165,17,closed,0.0,1.9199999999999997
2.54,3,108.544357,19,open,1.0,2.54
2.54,3,108.550453,19,open,1.0,2.54
2.54,3,108.556587,19,open,1.0,2.54
2.58,3,108.562371,15,open,1.0,2.58
1.92,3,108.56874,17,closed,0.0,1.9199999999999997
2.54,3,108.574855,19,open,1.0,2.54
-3.85,3,108.580982,15,closed,0.0,-3.85
2.36,3,108.586887,17,open,1.0,2.36
2.58,3,108.592702,15,open,1.0,2.58
2.58,3,108.598514,15,open,1.0,2.58
2.58,3,108.604278,15,open,1.0,2.58
1.92,3,108.610709,17,closed,0.0,1.9199999999999997
2.36,3,108.61669,17,open,1.0,2.36
2.36,3,108.6226,17,open,1.0,2.36
2.46,3,108.629604,19,closed,0.0,2.46
2.36,3,108.6355,17,open,1.0,2.36
-3.85,3,108.641547,15,closed,0.0,-3.85
2.5,3,108.647999,19,open,1.0,2.5
1.92,3,108.654348,17,closed,0.0,1.9199999999999997
-3.85,3,108.66045,15,closed,0.0,-3.85
1.92,3,108.666811,17,closed,0.0,1.9199999999999997
2.58,3,108.672531,15,open,1.0,2.58
2.54,3,108.678725,19,open,1.0,2.54
-3.85,3,108.684744,15,closed,0.0,-3.85
2.36,3,108.690657,17,open,1.0,2.36
2.46,3,108.697638,19,closed,0.0,2.46
2.58,3,108.70335,15,open,1.0,2.58
1.92,3,108.709683,17,closed,0.0,1.9199999999999997
2.46,3,108.716665,19,closed,0.0,2.46
1.92,3,108.723053,17,closed,0.0,1.9199999999999997
-3.85,3,108.72916,15,closed,0.0,-3.85
2.36,3,108.735097,17,open,1.0,2.36
-3.85,3,108.741214,15,closed,0.0,-3.85
2.46,3,108.748211,19,closed,0.0,2.46
-3.85,3,108.754276,15,closed,0.0,-3.85
2.36,3,108.760289,17,open,1.0,2.36
2.58,3,108.765999,15,open,1.0,2.58
2.58,3,108.771742,15,open,1.0,2.58
2.46,3,108.778737,19,closed,0.0,2.46
2.54,3,108.784894,19,open,1.0,2.54
2.46,3,108.79182,19,closed,0.0,2.46
2.46,3,108.798792,19,closed,0.0,2.46
2.36,3,108.804688,17,open,1.0,2.36
1.92,3,108.811106,17,closed,0.0,1.9199999999999997
-3.85,3,108.817132,15,closed,0.0,-3.85
