#{"t_start": 1790148305.9077902, "env_id": "None"}
r,l,t,deadline,gate_state,belief_open,trial_return
-0.037,3,0.530632,275,closed,0.0,-0.03700000000000059
-3.765,3,0.531644,255,open,1.0,-3.7650000000000006
0.439,3,0.532665,195,open,1.0,0.4389999999999996
-4.185,3,0.533675,195,open,1.0,-4.1850000000000005
-4.035,3,0.534784,195,closed,0.0,-4.035
-3.765,3,0.535749,255,closed,0.0,-3.7650000000000006
-3.815,3,0.53672,255,closed,0.0,-3.8150000000000004
-1.916,3,0.537685,275,closed,0.0,-1.9160000000000006
-3.865,3,0.538615,255,closed,0.0,-3.8650000000000007
-3.815,3,0.53965,255,closed,0.0,-3.8150000000000004
-3.985,3,0.540604,195,closed,0.0,-3.985
1.842,3,0.541602,275,open,1.0,1.8419999999999994
-3.815,3,0.542566,255,closed,0.0,-3.8150000000000004
0.116,3,0.543594,255,open,1.0,0.11599999999999955
0.143,3,0.544552,275,closed,0.0,0.14299999999999935
2.188,3,0.545482,275,open,1.0,2.1879999999999997
-4.035,3,0.546392,195,closed,0.0,-4.035
-3.585,3,0.547299,195,closed,0.0,-3.585
-1.773,3,0.548267,195,open,1.0,-1.7730000000000001
-1.956,3,0.549165,255,open,1.0,-1.9560000000000004
2.188,3,0.5501,255,open,1.0,2.1879999999999993
0.439,3,0.551013,195,open,1.0,0.4389999999999996
-3.635,3,0.551928,195,closed,0.0,-3.6350000000000002
-1.956,3,0.552816,255,closed,0.0,-1.9560000000000004
-3.585,3,0.55377,195,closed,0.0,-3.585
2.188,3,0.554681,275,open,1.0,2.1879999999999993
-0.147,3,0.555609,255,closed,0.0,-0.14700000000000046
0.143,3,0.556599,275,closed,0.0,0.14299999999999935
1.662,3,0.557502,255,closed,0.0,1.6619999999999995
-0.217,3,0.558435,275,closed,0.0,-0.21700000000000053
-0.217,3,0.559483,275,closed,0.0,-0.21700000000000053
2.368,3,0.560457,275,open,1.0,2.3679999999999994
2.285,3,0.561386,275,open,1.0,2.2849999999999993
-0.197,3,0.562348,255,closed,0.0,-0.1970000000000005
-1.916,3,0.563245,275,closed,0.0,-1.9160000000000006
2.188,3,0.564188,255,open,1.0,2.1879999999999993
-0.147,3,0.565117,255,open,1.0,-0.14700000000000046
-0.037,3,0.566024,275,closed,0.0,-0.03700000000000059
-4.035,3,0.566916,195,closed,0.0,-4.035
1.662,3,0.567839,255,open,1.0,1.6619999999999995
1.842,3,0.568792,275,closed,0.0,1.8419999999999994
-1.973,3,0.569697,195,open,1.0,-1.9730000000000003
-0.217,3,0.570603,275,closed,0.0,-0.21700000000000053
1.925,3,0.571545,255,open,1.0,1.9249999999999994
2.105,3,0.572481,275,open,1.0,2.1049999999999995
-4.035,3,0.573419,195,closed,0.0,-4.035
-1.973,3,0.574359,195,open,1.0,-1.9730000000000003
-2.096,3,0.575284,275,closed,0.0,-2.0960000000000005
-1.773,3,0.57619,195,open,1.0,-1.7730000000000001
-2.006,3,0.577078,255,closed,0.0,-2.0060000000000002
1.662,3,0.577957,255,closed,0.0,1.6619999999999995
-1.773,3,0.578907,195,open,1.0,-1.7730000000000001
-0.037,3,0.579833,275,closed,0.0,-0.03700000000000059
-4.185,3,0.580846,195,open,1.0,-4.1850000000000005
2.188,3,0.581831,275,open,1.0,2.1879999999999997
0.116,3,0.582719,255,open,1.0,0.11599999999999955
1.842,3,0.583694,275,open,1.0,1.8419999999999994
-0.217,3,0.5846,275,closed,0.0,-0.21700000000000053
1.842,3,0.585541,275,open,1.0,1.8419999999999994
2.188,3,0.586491,275,open,1.0,2.1879999999999993
0.116,3,0.587399,255,open,1.0,0.11599999999999955
2.285,3,0.588297,275,open,1.0,2.2849999999999993
2.285,3,0.589274,275,open,1.0,2.2849999999999993
-2.006,3,0.590238,255,closed,0.0,-2.0060000000000007
2.105,3,0.591146,275,open,1.0,2.1049999999999995
1.842,3,0.592044,275,closed,0.0,1.8419999999999994
2.368,3,0.593015,275,open,1.0,2.3679999999999994
-0.037,3,0.593981,275,closed,0.0,-0.03700000000000059
0.439,3,0.594966,195,open,1.0,0.4389999999999996
1.925,3,0.595866,255,open,1.0,1.9249999999999994
-0.147,3,0.596791,255,closed,0.0,-0.14700000000000046
-0.217,3,0.597745,275,closed,0.0,-0.21700000000000053
0.379,3,0.598654,255,open,1.0,0.37899999999999956
-2.006,3,0.599555,255,closed,0.0,-2.0060000000000007
-3.785,3,0.600479,195,open,1.0,-3.785
-3.785,3,0.601402,195,open,1.0,-3.785
0.143,3,0.602307,275,closed,0.0,0.14299999999999935
-1.956,3,0.603267,255,closed,0.0,-1.9560000000000004
-2.006,3,0.604214,255,closed,0.0,-2.0060000000000002
-3.585,3,0.60521,195,open,1.0,-3.585
2.202,3,0.606152,275,closed,0.0,2.201999999999999
0.116,3,0.607057,255,open,1.0,0.11599999999999955
-1.956,3,0.607993,255,closed,0.0,-1.9560000000000004
-3.785,3,0.608899,195,closed,0.0,-3.785
0.439,3,0.609861,195,open,1.0,0.4389999999999996
-3.835,3,0.610868,195,closed,0.0,-3.835
2.022,3,0.61178,275,closed,0.0,2.0219999999999994
-1.916,3,0.612677,275,closed,0.0,-1.9160000000000006
0.239,3,0.613646,195,open,1.0,0.23899999999999966
-3.985,3,0.614544,195,closed,0.0,-3.9850000000000003
-3.975,3,0.615505,275,closed,0.0,-3.9750000000000005
1.842,3,0.616404,275,closed,0.0,1.8419999999999994
2.022,3,0.617352,275,open,1.0,2.0219999999999994
-4.035,3,0.618284,195,closed,0.0,-4.035
-3.635,3,0.619201,195,closed,0.0,-3.6350000000000002
-0.037,3,0.62011,275,closed,0.0,-0.03700000000000059
-1.693,3,0.621058,255,open,1.0,-1.6930000000000005
-3.815,3,0.621973,255,closed,0.0,-3.8150000000000004
-2.056,3,0.622969,255,closed,0.0,-2.0560000000000005
-2.056,3,0.62385,255,closed,0.0,-2.0560000000000005
-3.585,3,0.624796,195,open,1.0,-3.585
-3.785,3,0.625781,195,open,1.0,-3.785
2.022,3,0.626764,275,closed,0.0,2.0219999999999994
-3.985,3,0.627782,195,closed,0.0,-3.985
2.285,3,0.628727,275,open,1.0,2.2849999999999993
-2.006,3,0.629627,255,closed,0.0,-2.0060000000000002
1.925,3,0.630507,255,open,1.0,1.9249999999999994
-3.635,3,0.631402,195,closed,0.0,-3.6350000000000007
1.842,3,0.632359,275,open,1.0,1.8419999999999994
1.842,3,0.633384,275,closed,0.0,1.8419999999999994
-3.685,3,0.634372,195,closed,0.0,-3.6850000000000005
0.379,3,0.635295,255,open,1.0,0.37899999999999956
2.022,3,0.636254,275,closed,0.0,2.0219999999999994
-3.585,3,0.637157,195,open,1.0,-3.585
-3.685,3,0.638104,195,closed,0.0,-3.6850000000000005
-3.835,3,0.639021,195,closed,0.0,-3.8350000000000004
-2.096,3,0.640007,275,closed,0.0,-2.0960000000000005
-3.785,3,0.640892,195,open,1.0,-3.785
-2.056,3,0.641856,255,closed,0.0,-2.0560000000000005
-3.765,3,0.642798,255,open,1.0,-3.7650000000000006
1.662,3,0.643833,255,open,1.0,1.6619999999999995
2.451,3,0.644817,195,open,1.0,2.4509999999999996
-0.217,3,0.64574,275,closed,0.0,-0.21700000000000053
-3.985,3,0.646658,195,closed,0.0,-3.985
2.285,3,0.647592,275,open,1.0,2.2849999999999993
-3.785,3,0.648485,195,open,1.0,-3.785
-3.685,3,0.649434,195,closed,0.0,-3.6850000000000005
-1.773,3,0.650337,195,open,1.0,-1.7730000000000001
-1.973,3,0.651241,195,open,1.0,-1.9730000000000003
2.285,3,0.652202,275,open,1.0,2.2849999999999993
-2.096,3,0.653124,275,closed,0.0,-2.0960000000000005
2.022,3,0.654052,275,closed,0.0,2.0219999999999994
1.842,3,0.655021,275,closed,0.0,1.8419999999999994
-4.035,3,0.655966,195,closed,0.0,-4.035
2.188,3,0.656877,255,open,1.0,2.1879999999999997
2.188,3,0.657829,255,open,1.0,2.1879999999999997
-3.865,3,0.658771,255,closed,0.0,-3.865
-0.037,3,0.659751,275,closed,0.0,-0.03700000000000059
-2.096,3,0.660776,275,closed,0.0,-2.0960000000000005
0.116,3,0.661728,255,open,1.0,0.11599999999999944
-3.835,3,0.662631,195,closed,0.0,-3.8350000000000004
-3.985,3,0.66359,195,closed,0.0,-3.985
-3.885,3,0.664508,195,closed,0.0,-3.8850000000000002
2.022,3,0.665414,275,open,1.0,2.0219999999999994
2.022,3,0.666372,275,open,1.0,2.0219999999999994
-3.585,3,0.66728,195,closed,0.0,-3.585
2.368,3,0.66819,275,open,1.0,2.3679999999999994
-2.006,3,0.669104,255,closed,0.0,-2.0060000000000002
1.925,3,0.670007,275,open,1.0,1.9249999999999994
-0.037,3,0.670918,275,closed,0.0,-0.03700000000000059
0.439,3,0.671851,195,open,1.0,0.4389999999999996
-1.773,3,0.672746,195,open,1.0,-1.7730000000000001
-1.773,3,0.673698,195,open,1.0,-1.7730000000000001
-3.885,3,0.674658,195,closed,0.0,-3.8850000000000002
-1.956,3,0.675553,255,open,1.0,-1.9560000000000004
-0.037,3,0.67652,275,closed,0.0,-0.03700000000000059
-3.815,3,0.67744,255,closed,0.0,-3.8150000000000004
2.368,3,0.678357,275,open,1.0,2.3679999999999994
-3.785,3,0.679312,195,closed,0.0,-3.785
-1.693,3,0.680202,255,open,1.0,-1.6930000000000005
0.379,3,0.681145,255,open,1.0,0.37899999999999956
2.451,3,0.682073,255,open,1.0,2.4509999999999996
-1.573,3,0.682984,195,open,1.0,-1.5730000000000004
-0.147,3,0.683903,255,closed,0.0,-0.14700000000000046
0.143,3,0.684783,275,closed,0.0,0.14299999999999935
0.439,3,0.685696,195,open,1.0,0.4389999999999996
1.925,3,0.686645,275,open,1.0,1.9249999999999994
-2.006,3,0.687539,255,closed,0.0,-2.0060000000000002
-3.765,3,0.688471,255,closed,0.0,-3.7650000000000006
-3.985,3,0.68942,195,closed,0.0,-3.985
1.925,3,0.831509,255,open,1.0,1.9249999999999994
-0.197,3,0.832887,255,closed,0.0,-0.1970000000000005
2.105,3,0.834097,275,open,1.0,2.1049999999999995
-1.973,3,0.835272,195,open,1.0,-1.9730000000000003
-3.735,3,0.836425,195,closed,0.0,-3.7350000000000003
-3.885,3,0.837554,195,closed,0.0,-3.8850000000000002
-3.835,3,0.838692,195,closed,0.0,-3.835
-0.197,3,0.840122,255,closed,0.0,-0.1970000000000005
-2.006,3,0.842154,255,closed,0.0,-2.0060000000000002
-0.217,3,0.843997,275,closed,0.0,-0.21700000000000053
-1.956,3,0.845776,255,closed,0.0,-1.9560000000000004
2.285,3,0.84751,275,open,1.0,2.2849999999999993
0.116,3,0.849209,255,open,1.0,0.11599999999999955
-3.835,3,0.850862,195,closed,0.0,-3.835
-3.635,3,0.85271,195,closed,0.0,-3.6350000000000002
2.451,3,0.854215,275,open,1.0,2.4509999999999996
1.925,3,0.855487,275,open,1.0,1.9249999999999994
0.143,3,0.856781,275,closed,0.0,0.14299999999999935
-0.197,3,0.857959,255,closed,0.0,-0.1970000000000005
-0.037,3,0.85914,275,closed,0.0,-0.03700000000000059
2.368,3,0.860333,275,open,1.0,2.3679999999999994
-0.217,3,0.861469,275,closed,0.0,-0.21700000000000053
1.842,3,0.862544,275,closed,0.0,1.8419999999999994
0.239,3,0.863655,195,open,1.0,0.23899999999999966
-3.865,3,0.864708,255,closed,0.0,-3.8650000000000007
-3.735,3,0.86579,195,closed,0.0,-3.7350000000000003
0.116,3,0.866807,255,open,1.0,0.11599999999999955
-2.056,3,0.867828,255,closed,0.0,-2.0560000000000005
2.022,3,0.868873,275,closed,0.0,2.0219999999999994
-2.056,3,0.869856,255,closed,0.0,-2.0560000000000005
2.202,3,0.870838,275,open,1.0,2.201999999999999
2.188,3,0.871845,275,open,1.0,2.1879999999999993
-2.006,3,0.872802,255,closed,0.0,-2.0060000000000007
0.379,3,0.87377,255,open,1.0,0.37899999999999956
-0.147,3,0.874786,255,closed,0.0,-0.14700000000000046
0.143,3,0.875793,275,closed,0.0,0.14299999999999935
1.842,3,0.876756,275,closed,0.0,1.8419999999999994
-3.985,3,0.877756,195,open,1.0,-3.9850000000000003
0.116,3,0.878699,255,open,1.0,0.11599999999999955
-0.197,3,0.879635,255,closed,0.0,-0.1970000000000005
-3.985,3,0.880615,195,open,1.0,-3.9850000000000003
1.925,3,0.881561,275,open,1.0,1.9249999999999994
2.451,3,0.882494,275,open,1.0,2.4509999999999996
-0.037,3,0.883453,275,closed,0.0,-0.03700000000000059
-1.973,3,0.884375,195,open,1.0,-1.9730000000000003
0.239,3,0.885369,195,open,1.0,0.23899999999999966
-2.096,3,0.886353,275,closed,0.0,-2.0960000000000005
-1.773,3,0.887284,195,open,1.0,-1.7730000000000001
-0.147,3,0.888248,255,closed,0.0,-0.14700000000000046
-3.835,3,0.889184,195,closed,0.0,-3.835
-0.037,3,0.890125,275,closed,0.0,-0.03700000000000059
-1.773,3,0.89108,195,open,1.0,-1.7730000000000001
-1.693,3,0.892018,255,open,1.0,-1.6930000000000005
-3.585,3,0.892935,195,open,1.0,-3.585
-3.985,3,0.893921,195,closed,0.0,-3.9850000000000003
-0.217,3,0.894835,275,closed,0.0,-0.21700000000000053
2.188,3,0.895802,275,open,1.0,2.1879999999999997
-1.773,3,0.89672,195,open,1.0,-1.7730000000000001
-3.835,3,0.897645,195,closed,0.0,-3.835
-0.147,3,0.898613,255,open,1.0,-0.14700000000000046
-3.785,3,0.899561,195,closed,0.0,-3.785
-4.185,3,0.900486,195,open,1.0,-4.1850000000000005
-0.217,3,0.901399,275,closed,0.0,-0.21700000000000053
-0.037,3,0.902376,275,closed,0.0,-0.03700000000000059
0.439,3,0.903291,195,open,1.0,0.4389999999999996
-3.985,3,0.904248,195,closed,0.0,-3.985
0.439,3,0.905162,195,open,1.0,0.4389999999999996
1.662,3,0.906121,275,closed,0.0,1.6619999999999995
2.105,3,0.907071,275,open,1.0,2.1049999999999995
-3.865,3,0.908012,255,closed,0.0,-3.8650000000000007
0.116,3,0.908951,255,open,1.0,0.11599999999999955
-3.835,3,0.909921,195,closed,0.0,-3.835
-4.185,3,0.91083,195,closed,0.0,-4.1850000000000005
-0.147,3,0.911786,255,open,1.0,-0.14700000000000046
-2.096,3,0.912717,275,closed,0.0,-2.0960000000000005
-2.006,3,0.913643,255,closed,0.0,-2.0060000000000002
-2.096,3,0.914596,275,closed,0.0,-2.0960000000000005
-0.147,3,0.915528,255,closed,0.0,-0.14700000000000046
2.105,3,0.916442,275,open,1.0,2.1049999999999995
-2.006,3,0.917409,255,closed,0.0,-2.0060000000000002
2.451,3,0.918349,195,open,1.0,2.4509999999999996
1.662,3,0.91926,255,open,1.0,1.6619999999999995
0.143,3,0.920214,275,closed,0.0,0.14299999999999935
-2.056,3,0.921118,255,closed,0.0,-2.0560000000000005
0.439,3,0.922086,195,open,1.0,0.4389999999999996
-1.773,3,0.923018,195,open,1.0,-1.7730000000000001
-3.635,3,0.923926,195,closed,0.0,-3.6350000000000007
2.368,3,0.924849,275,open,1.0,2.3679999999999994
-2.096,3,0.9258,275,closed,0.0,-2.0960000000000005
-3.785,3,0.926719,195,closed,0.0,-3.785
-0.037,3,0.927702,275,closed,0.0,-0.03700000000000059
1.925,3,0.928613,275,open,1.0,1.9249999999999994
1.662,3,0.929555,255,closed,0.0,1.6619999999999995
2.022,3,0.930498,275,open,1.0,2.0219999999999994
2.188,3,0.931413,255,open,1.0,2.1879999999999993
2.368,3,0.932334,275,open,1.0,2.3679999999999994
-3.865,3,0.933243,255,closed,0.0,-3.8650000000000007
0.116,3,0.934145,255,open,1.0,0.11599999999999955
2.285,3,0.935111,275,open,1.0,2.2849999999999993
-4.185,3,0.93604,195,open,1.0,-4.1850000000000005
-3.815,3,0.936962,255,closed,0.0,-3.8150000000000004
-3.785,3,0.937927,195,closed,0.0,-3.785
0.239,3,0.938867,195,open,1.0,0.23899999999999966
-2.056,3,0.939785,255,closed,0.0,-2.0560000000000005
-3.785,3,0.94075,195,closed,0.0,-3.785
-3.885,3,0.941675,195,closed,0.0,-3.8850000000000002
-3.835,3,0.942599,195,closed,0.0,-3.835
-3.785,3,0.943568,195,open,1.0,-3.785
-3.785,3,0.944499,195,closed,0.0,-3.785
-3.865,3,0.945426,255,closed,0.0,-3.865
-2.056,3,0.946369,255,closed,0.0,-2.0560000000000005
-3.915,3,0.947292,255,closed,0.0,-3.9150000000000005
-3.815,3,0.948269,255,closed,0.0,-3.8150000000000004
-1.773,3,0.949196,195,open,1.0,-1.7730000000000001
-3.585,3,0.950111,195,closed,0.0,-3.585
-3.835,3,0.95106,195,closed,0.0,-3.8350000000000004
2.022,3,0.951959,275,open,1.0,2.0219999999999994
-3.685,3,0.952917,195,closed,0.0,-3.6850000000000005
-0.197,3,0.953836,255,closed,0.0,-0.1970000000000005
2.105,3,0.95475,275,open,1.0,2.1049999999999995
0.439,3,0.955739,195,open,1.0,0.4389999999999996
2.105,3,0.956647,275,open,1.0,2.1049999999999995
1.662,3,0.957609,255,open,1.0,1.6619999999999995
-1.773,3,0.958509,195,open,1.0,-1.7730000000000001
1.925,3,0.959467,255,open,1.0,1.9249999999999994
-3.785,3,0.960392,195,closed,0.0,-3.785
2.451,3,0.961333,275,open,1.0,2.4509999999999996
-3.785,3,0.962262,195,closed,0.0,-3.785
-3.885,3,0.963187,195,closed,0.0,-3.8850000000000002
-3.815,3,0.9641,255,closed,0.0,-3.8150000000000004
-1.956,3,0.965074,255,closed,0.0,-1.9560000000000004
-0.197,3,0.966002,255,closed,0.0,-0.1970000000000005
2.451,3,0.966919,255,open,1.0,2.4509999999999996
-3.785,3,0.967854,195,closed,0.0,-3.785
-1.956,3,0.968768,255,closed,0.0,-1.9560000000000004
-4.185,3,0.969661,195,closed,0.0,-4.1850000000000005
-2.096,3,0.970639,275,closed,0.0,-2.0960000000000005
-3.735,3,0.971576,195,closed,0.0,-3.7350000000000003
-3.865,3,0.972503,255,closed,0.0,-3.8650000000000007
0.239,3,0.973471,195,open,1.0,0.23899999999999966
1.925,3,0.974389,275,open,1.0,1.9249999999999994
-1.773,3,0.975319,195,open,1.0,-1.7730000000000001
-2.096,3,0.976286,275,closed,0.0,-2.0960000000000005
2.105,3,0.9772,275,open,1.0,2.1049999999999995
-2.006,3,0.978162,255,closed,0.0,-2.0060000000000007
1.662,3,0.979079,275,open,1.0,1.6619999999999995
-3.785,3,0.980006,195,closed,0.0,-3.785
-1.773,3,0.980973,195,open,1.0,-1.7730000000000001
2.105,3,0.981883,275,open,1.0,2.1049999999999995
0.143,3,0.982834,275,closed,0.0,0.14299999999999935
-3.885,3,0.983736,195,closed,0.0,-3.8850000000000002
-1.773,3,0.984665,195,open,1.0,-1.7730000000000001
-2.056,3,0.985623,255,closed,0.0,-2.0560000000000005
2.188,3,0.986552,275,open,1.0,2.1879999999999993
-3.735,3,0.987489,195,closed,0.0,-3.7350000000000003
-3.985,3,0.988456,195,open,1.0,-3.985
0.116,3,0.989404,255,open,1.0,0.11599999999999944
-2.096,3,0.990439,275,closed,0.0,-2.0960000000000005
-3.785,3,0.991366,195,open,1.0,-3.785
0.379,3,0.992315,255,open,1.0,0.37899999999999956
-0.197,3,0.993212,255,closed,0.0,-0.1970000000000005
2.188,3,0.994154,255,open,1.0,2.1879999999999993
-3.685,3,0.995095,195,closed,0.0,-3.6850000000000005
2.451,3,0.995998,255,open,1.0,2.4509999999999996
0.379,3,0.996974,255,open,1.0,0.37899999999999956
-2.006,3,0.997881,255,closed,0.0,-2.0060000000000002
-3.985,3,0.998842,195,closed,0.0,-3.985
-3.835,3,0.999778,195,closed,0.0,-3.835
2.022,3,1.000707,275,open,1.0,2.0219999999999994
1.662,3,1.001665,275,closed,0.0,1.6619999999999995
0.116,3,1.002583,255,open,1.0,0.11599999999999944
-3.835,3,1.141656,195,closed,0.0,-3.835
-2.056,3,1.143175,255,closed,0.0,-2.0560000000000005
-1.916,3,1.144537,275,closed,0.0,-1.9160000000000006
1.842,3,1.145785,275,closed,0.0,1.8419999999999994
-3.985,3,1.147032,195,open,1.0,-3.985
1.662,3,1.148259,255,open,1.0,1.6619999999999995
-3.885,3,1.149435,195,closed,0.0,-3.8850000000000002
1.925,3,1.150708,255,open,1.0,1.9249999999999994
-2.006,3,1.151884,255,closed,0.0,-2.0060000000000007
1.842,3,1.153038,275,closed,0.0,1.8419999999999994
-1.773,3,1.15423,195,open,1.0,-1.7730000000000001
1.662,3,1.155392,255,closed,0.0,1.6619999999999995
2.022,3,1.156446,275,closed,0.0,2.0219999999999994
2.105,3,1.157453,275,open,1.0,2.1049999999999995
2.451,3,1.158391,195,open,1.0,2.4509999999999996
-3.835,3,1.159316,195,closed,0.0,-3.8350000000000004
-2.006,3,1.160289,255,closed,0.0,-2.0060000000000002
-1.973,3,1.16122,195,open,1.0,-1.9730000000000003
-4.185,3,1.162135,195,open,1.0,-4.1850000000000005
-1.916,3,1.163111,275,closed,0.0,-1.9160000000000006
-3.685,3,1.164043,195,closed,0.0,-3.6850000000000005
2.022,3,1.164978,275,open,1.0,2.0219999999999994
1.842,3,1.165948,275,open,1.0,1.8419999999999994
0.239,3,1.166867,195,open,1.0,0.23899999999999966
1.925,3,1.167842,255,open,1.0,1.9249999999999994
-3.735,3,1.168778,195,closed,0.0,-3.7350000000000003
0.379,3,1.169711,255,open,1.0,0.37899999999999956
-0.197,3,1.170757,255,closed,0.0,-0.1970000000000005
2.022,3,1.171701,275,open,1.0,2.0219999999999994
1.925,3,1.172657,275,open,1.0,1.9249999999999994
0.379,3,1.173598,255,open,1.0,0.37899999999999956
1.925,3,1.174492,275,open,1.0,1.9249999999999994
-1.956,3,1.175442,255,closed,0.0,-1.9560000000000004
-1.956,3,1.176343,255,closed,0.0,-1.9560000000000004
-3.885,3,1.177306,195,closed,0.0,-3.8850000000000002
0.439,3,1.178236,195,open,1.0,0.4389999999999996
2.451,3,1.179137,195,open,1.0,2.4509999999999996
-2.006,3,1.180085,255,closed,0.0,-2.0060000000000002
2.368,3,1.180992,275,open,1.0,2.3679999999999994
1.842,3,1.181891,275,open,1.0,1.8419999999999994
-1.773,3,1.182835,195,open,1.0,-1.7730000000000001
-0.147,3,1.183731,255,closed,0.0,-0.14700000000000046
-1.773,3,1.184631,195,open,1.0,-1.7730000000000001
-3.915,3,1.185545,255,closed,0.0,-3.9150000000000005
-3.685,3,1.186458,195,closed,0.0,-3.6850000000000005
1.662,3,1.187387,275,open,1.0,1.6619999999999995
-1.973,3,1.188287,195,open,1.0,-1.9730000000000003
2.022,3,1.18925,275,closed,0.0,2.0219999999999994
-3.885,3,1.190181,195,closed,0.0,-3.8850000000000002
-0.147,3,1.191074,255,closed,0.0,-0.14700000000000046
-2.096,3,1.192025,275,closed,0.0,-2.0960000000000005
1.842,3,1.192945,275,closed,0.0,1.8419999999999994
-0.197,3,1.193858,255,closed,0.0,-0.1970000000000005
-0.147,3,1.194803,255,closed,0.0,-0.14700000000000046
0.439,3,1.195744,195,open,1.0,0.4389999999999996
-3.915,3,1.196635,255,closed,0.0,-3.9150000000000005
2.022,3,1.197593,275,open,1.0,2.0219999999999994
2.105,3,1.198489,275,open,1.0,2.1049999999999995
2.188,3,1.199411,275,open,1.0,2.1879999999999993
2.105,3,1.200331,275,open,1.0,2.1049999999999995
-0.197,3,1.201238,255,closed,0.0,-0.1970000000000005
2.105,3,1.202173,275,open,1.0,2.1049999999999995
-1.773,3,1.20309,195,open,1.0,-1.7730000000000001
2.188,3,1.203993,275,open,1.0,2.1879999999999993
-0.197,3,1.204944,255,closed,0.0,-0.1970000000000005
2.202,3,1.205864,275,open,1.0,2.201999999999999
-1.956,3,1.206753,255,closed,0.0,-1.9560000000000004
-0.147,3,1.207683,255,open,1.0,-0.14700000000000046
-0.217,3,1.208588,275,closed,0.0,-0.21700000000000053
-0.037,3,1.209497,275,closed,0.0,-0.03700000000000059
-2.006,3,1.210466,255,closed,0.0,-2.0060000000000002
-0.037,3,1.211373,275,closed,0.0,-0.03700000000000059
-3.865,3,1.212283,255,closed,0.0,-3.8650000000000007
1.842,3,1.21318,275,closed,0.0,1.8419999999999994
-0.197,3,1.214084,255,closed,0.0,-0.1970000000000005
-3.835,3,1.214983,195,closed,0.0,-3.835
-3.635,3,1.215916,195,closed,0.0,-3.6350000000000007
-1.956,3,1.216805,255,closed,0.0,-1.9560000000000004
0.439,3,1.217699,195,open,1.0,0.4389999999999996
-4.035,3,1.218641,195,closed,0.0,-4.035
2.105,3,1.219562,275,open,1.0,2.1049999999999995
-3.735,3,1.220454,195,closed,0.0,-3.7350000000000003
0.439,3,1.221392,195,open,1.0,0.4389999999999996
-3.885,3,1.2223,195,closed,0.0,-3.8850000000000002
-2.006,3,1.223203,255,closed,0.0,-2.0060000000000002
-3.835,3,1.224102,195,closed,0.0,-3.835
-3.835,3,1.225033,195,closed,0.0,-3.835
2.451,3,1.225956,275,open,1.0,2.4509999999999996
-3.835,3,1.226903,195,closed,0.0,-3.8350000000000004
0.439,3,1.227804,195,open,1.0,0.4389999999999996
-0.197,3,1.228778,255,closed,0.0,-0.1970000000000005
-1.916,3,1.229699,275,closed,0.0,-1.9160000000000006
-3.835,3,1.230613,195,closed,0.0,-3.835
1.842,3,1.231511,275,closed,0.0,1.8419999999999994
-0.217,3,1.232457,275,closed,0.0,-0.21700000000000053
2.188,3,1.233415,255,open,1.0,2.1879999999999997
0.116,3,1.23437,255,open,1.0,0.11599999999999955
0.116,3,1.235281,255,open,1.0,0.11599999999999944
-2.006,3,1.236197,255,closed,0.0,-2.0060000000000002
-0.217,3,1.23714,275,closed,0.0,-0.21700000000000053
-1.773,3,1.23804,195,open,1.0,-1.7730000000000001
-0.147,3,1.238942,255,closed,0.0,-0.14700000000000046
-3.885,3,1.239843,195,closed,0.0,-3.8850000000000002
-3.785,3,1.240726,195,closed,0.0,-3.785
-3.985,3,1.241615,195,closed,0.0,-3.985
2.285,3,1.242553,275,open,1.0,2.2849999999999993
2.368,3,1.243436,275,open,1.0,2.3679999999999994
2.188,3,1.244348,275,open,1.0,2.1879999999999993
0.239,3,1.245307,195,open,1.0,0.23899999999999966
-0.197,3,1.246237,255,closed,0.0,-0.1970000000000005
-0.217,3,1.247127,275,closed,0.0,-0.21700000000000053
-4.185,3,1.248065,195,closed,0.0,-4.1850000000000005
-1.973,3,1.248965,195,open,1.0,-1.9730000000000003
-0.197,3,1.249849,255,closed,0.0,-0.1970000000000005
-2.006,3,1.250778,255,closed,0.0,-2.0060000000000007
-3.885,3,1.25167,195,closed,0.0,-3.8850000000000002
2.105,3,1.25261,275,open,1.0,2.1049999999999995
-0.147,3,1.253541,255,open,1.0,-0.14700000000000046
-3.865,3,1.254435,255,closed,0.0,-3.865
-0.037,3,1.255387,275,closed,0.0,-0.03700000000000059
0.439,3,1.256273,195,open,1.0,0.4389999999999996
1.925,3,1.257213,275,open,1.0,1.9249999999999994
-3.685,3,1.258107,195,closed,0.0,-3.6850000000000005
-4.035,3,1.259004,195,closed,0.0,-4.035
-4.035,3,1.25995,195,closed,0.0,-4.035
2.451,3,1.260877,255,open,1.0,2.4509999999999996
1.925,3,1.261785,255,open,1.0,1.9249999999999994
-0.037,3,1.262713,275,closed,0.0,-0.03700000000000059
-3.785,3,1.263681,195,closed,0.0,-3.785
2.022,3,1.264619,275,open,1.0,2.0219999999999994
0.379,3,1.26557,255,open,1.0,0.37899999999999956
-2.056,3,1.266479,255,closed,0.0,-2.0560000000000005
-3.985,3,1.267387,195,open,1.0,-3.985
1.925,3,1.268306,255,open,1.0,1.9249999999999994
-2.096,3,1.269213,275,closed,0.0,-2.0960000000000005
-0.217,3,1.270107,275,closed,0.0,-0.21700000000000053
1.925,3,1.271052,275,open,1.0,1.9249999999999994
0.116,3,1.271951,255,open,1.0,0.11599999999999944
-1.773,3,1.272868,195,open,1.0,-1.7730000000000001
1.925,3,1.273765,275,open,1.0,1.9249999999999994
-0.217,3,1.274656,275,closed,0.0,-0.21700000000000053
-0.147,3,1.27556,255,closed,0.0,-0.14700000000000046
1.842,3,1.276446,275,open,1.0,1.8419999999999994
-2.056,3,1.277345,255,closed,0.0,-2.0560000000000005
-3.975,3,1.278243,275,closed,0.0,-3.9750000000000005
-0.197,3,1.279141,255,closed,0.0,-0.1970000000000005
0.439,3,1.280085,195,open,1.0,0.4389999999999996
-3.685,3,1.280968,195,closed,0.0,-3.6850000000000005
-4.035,3,1.281917,195,closed,0.0,-4.035
1.925,3,1.282801,255,open,1.0,1.9249999999999994
1.925,3,1.283717,255,open,1.0,1.9249999999999994
-3.685,3,1.284612,195,closed,0.0,-3.6850000000000005
-0.037,3,1.285502,275,closed,0.0,-0.03700000000000059
-3.765,3,1.286449,255,closed,0.0,-3.7650000000000006
2.105,3,1.287363,275,open,1.0,2.1049999999999995
-3.915,3,1.288254,255,closed,0.0,-3.9150000000000005
1.662,3,1.289198,255,closed,0.0,1.6619999999999995
-1.573,3,1.290131,195,open,1.0,-1.5730000000000004
-3.685,3,1.291031,195,closed,0.0,-3.6850000000000005
1.662,3,1.291977,255,open,1.0,1.6619999999999995
-3.585,3,1.29286,195,closed,0.0,-3.585
-2.056,3,1.293798,255,closed,0.0,-2.0560000000000005
2.451,3,1.29474,195,open,1.0,2.4509999999999996
1.662,3,1.295677,255,open,1.0,1.6619999999999995
2.451,3,1.296603,255,open,1.0,2.4509999999999996
0.439,3,1.297563,195,open,1.0,0.4389999999999996
-0.037,3,1.29847,275,closed,0.0,-0.03700000000000059
-0.147,3,1.29937,255,closed,0.0,-0.14700000000000046
-2.056,3,1.300292,255,closed,0.0,-2.0560000000000005
-4.035,3,1.301181,195,closed,0.0,-4.035
-3.635,3,1.302128,195,closed,0.0,-3.6350000000000002
2.022,3,1.440854,275,closed,0.0,2.0219999999999994
-3.835,3,1.442541,195,closed,0.0,-3.835
2.451,3,1.44416,195,open,1.0,2.4509999999999996
-0.197,3,1.44576,255,closed,0.0,-0.1970000000000005
1.925,3,1.447378,275,open,1.0,1.9249999999999994
-4.035,3,1.448966,195,closed,0.0,-4.035
-0.147,3,1.450546,255,closed,0.0,-0.14700000000000046
2.188,3,1.452095,255,open,1.0,2.1879999999999993
2.105,3,1.453633,275,open,1.0,2.1049999999999995
-1.956,3,1.455181,255,closed,0.0,-1.9560000000000004
0.439,3,1.456726,195,open,1.0,0.4389999999999996
-0.147,3,1.458267,255,open,1.0,-0.14700000000000046
1.662,3,1.459796,255,open,1.0,1.6619999999999995
-4.035,3,1.461839,195,closed,0.0,-4.035
-3.735,3,1.463396,195,closed,0.0,-3.7350000000000003
-1.973,3,1.464806,195,open,1.0,-1.9730000000000003
-2.056,3,1.46611,255,closed,0.0,-2.0560000000000005
-0.147,3,1.46737,255,open,1.0,-0.14700000000000046
-3.835,3,1.468565,195,closed,0.0,-3.835
-0.037,3,1.469747,275,closed,0.0,-0.03700000000000059
-3.835,3,1.470855,195,closed,0.0,-3.8350000000000004
2.188,3,1.471991,255,open,1.0,2.1879999999999993
2.188,3,1.473131,275,open,1.0,2.1879999999999993
2.451,3,1.474149,255,open,1.0,2.4509999999999996
-1.773,3,1.47519,195,open,1.0,-1.7730000000000001
-0.147,3,1.476214,255,closed,0.0,-0.14700000000000046
0.239,3,1.4772,195,open,1.0,0.23899999999999966
-3.735,3,1.478243,195,closed,0.0,-3.7350000000000003
-4.035,3,1.479253,195,closed,0.0,-4.035
-3.985,3,1.480202,195,open,1.0,-3.9850000000000003
-2.006,3,1.481213,255,closed,0.0,-2.0060000000000002
1.662,3,1.482167,255,closed,0.0,1.6619999999999995
-1.956,3,1.483105,255,closed,0.0,-1.9560000000000004
2.022,3,1.484053,275,open,1.0,2.0219999999999994
-1.973,3,1.485028,195,open,1.0,-1.9730000000000003
-3.685,3,1.485976,195,closed,0.0,-3.6850000000000005
-0.037,3,1.486909,275,closed,0.0,-0.03700000000000059
-0.037,3,1.487895,275,closed,0.0,-0.03700000000000059
1.925,3,1.48882,275,open,1.0,1.9249999999999994
2.188,3,1.489728,255,open,1.0,2.1879999999999993
-1.773,3,1.490638,195,open,1.0,-1.7730000000000001
2.368,3,1.491531,275,open,1.0,2.3679999999999994
-3.885,3,1.492489,195,closed,0.0,-3.8850000000000002
1.662,3,1.493387,255,open,1.0,1.6619999999999995
-4.035,3,1.494335,195,closed,0.0,-4.035
0.239,3,1.49525,195,open,1.0,0.23899999999999966
-0.197,3,1.496148,255,closed,0.0,-0.1970000000000005
1.662,3,1.497063,255,closed,0.0,1.6619999999999995
1.842,3,1.498009,275,closed,0.0,1.8419999999999994
-0.147,3,1.498909,255,closed,0.0,-0.14700000000000046
1.925,3,1.499798,275,open,1.0,1.9249999999999994
1.925,3,1.500738,275,open,1.0,1.9249999999999994
2.022,3,1.501656,275,open,1.0,2.0219999999999994
2.188,3,1.502559,275,open,1.0,2.1879999999999997
1.842,3,1.50346,275,closed,0.0,1.8419999999999994
2.188,3,1.504357,255,open,1.0,2.1879999999999993
-3.885,3,1.5053,195,closed,0.0,-3.8850000000000002
2.451,3,1.506213,195,open,1.0,2.4509999999999996
0.116,3,1.507112,255,open,1.0,0.11599999999999944
1.662,3,1.507991,255,open,1.0,1.6619999999999995
-1.573,3,1.508933,195,open,1.0,-1.5730000000000004
0.239,3,1.509882,195,open,1.0,0.23899999999999966
2.451,3,1.510758,255,open,1.0,2.4509999999999996
2.285,3,1.511652,275,open,1.0,2.2849999999999993
-0.147,3,1.512568,255,closed,0.0,-0.14700000000000046
1.842,3,1.513439,275,open,1.0,1.8419999999999994
1.662,3,1.514378,255,open,1.0,1.6619999999999995
-0.147,3,1.515277,255,closed,0.0,-0.14700000000000046
-0.197,3,1.516157,255,closed,0.0,-0.1970000000000005
1.842,3,1.517049,275,closed,0.0,1.8419999999999994
2.451,3,1.517928,195,open,1.0,2.4509999999999996
1.662,3,1.5188,255,closed,0.0,1.6619999999999995
0.143,3,1.519742,275,closed,0.0,0.14299999999999935
-3.885,3,1.520657,195,closed,0.0,-3.8850000000000002
-0.197,3,1.521532,255,closed,0.0,-0.1970000000000005
1.925,3,1.522435,275,open,1.0,1.9249999999999994
0.379,3,1.523345,255,open,1.0,0.37899999999999956
1.925,3,1.524222,275,open,1.0,1.9249999999999994
1.842,3,1.525095,275,closed,0.0,1.8419999999999994
2.188,3,1.526006,275,open,1.0,2.1879999999999993
-2.056,3,1.526884,255,closed,0.0,-2.0560000000000005
-1.773,3,1.527841,195,open,1.0,-1.7730000000000001
-3.735,3,1.528721,195,closed,0.0,-3.7350000000000003
2.105,3,1.529619,275,open,1.0,2.1049999999999995
-0.197,3,1.5305,255,closed,0.0,-0.1970000000000005
-1.573,3,1.531373,195,open,1.0,-1.5730000000000004
-3.835,3,1.532294,195,closed,0.0,-3.835
1.662,3,1.533184,255,open,1.0,1.6619999999999995
2.188,3,1.534062,255,open,1.0,2.1879999999999993
-0.147,3,1.534991,255,closed,0.0,-0.14700000000000046
-0.217,3,1.535876,275,closed,0.0,-0.21700000000000053
-3.835,3,1.536752,195,closed,0.0,-3.8350000000000004
-0.217,3,1.537652,275,closed,0.0,-0.21700000000000053
-3.585,3,1.538521,195,closed,0.0,-3.585
1.925,3,1.539397,255,open,1.0,1.9249999999999994
1.842,3,1.54028,275,closed,0.0,1.8419999999999994
2.105,3,1.541161,275,open,1.0,2.1049999999999995
1.925,3,1.542035,255,open,1.0,1.9249999999999994
2.105,3,1.542943,275,open,1.0,2.1049999999999995
1.925,3,1.543805,255,open,1.0,1.9249999999999994
1.842,3,1.54475,275,open,1.0,1.8419999999999994
0.439,3,1.545649,195,open,1.0,0.4389999999999996
-0.197,3,1.546531,255,closed,0.0,-0.1970000000000005
1.842,3,1.547438,275,open,1.0,1.8419999999999994
-2.096,3,1.548298,275,closed,0.0,-2.0960000000000005
2.451,3,1.549212,255,open,1.0,2.4509999999999996
1.842,3,1.550096,275,open,1.0,1.8419999999999994
-3.785,3,1.550968,195,closed,0.0,-3.785
-3.635,3,1.551885,195,closed,0.0,-3.6350000000000002
0.116,3,1.552745,255,open,1.0,0.11599999999999944
1.662,3,1.553676,255,open,1.0,1.6619999999999995
-4.035,3,1.554561,195,closed,0.0,-4.035
-0.197,3,1.555477,255,closed,0.0,-0.1970000000000005
2.451,3,1.556362,275,open,1.0,2.4509999999999996
-3.685,3,1.557301,195,closed,0.0,-3.6850000000000005
0.239,3,1.558176,195,open,1.0,0.23899999999999966
1.842,3,1.559075,275,closed,0.0,1.8419999999999994
1.842,3,1.559956,275,closed,0.0,1.8419999999999994
2.451,3,1.560828,195,open,1.0,2.4509999999999996
1.662,3,1.561755,255,closed,0.0,1.6619999999999995
0.439,3,1.562664,195,open,1.0,0.4389999999999996
2.202,3,1.563545,275,open,1.0,2.201999999999999
1.662,3,1.564465,275,open,1.0,1.6619999999999995
-3.885,3,1.56535,195,closed,0.0,-3.8850000000000002
-3.735,3,1.566235,195,closed,0.0,-3.7350000000000003
2.451,3,1.567153,275,open,1.0,2.4509999999999996
0.239,3,1.568035,195,open,1.0,0.23899999999999966
-0.197,3,1.568913,255,closed,0.0,-0.1970000000000005
2.368,3,1.569835,275,open,1.0,2.3679999999999994
1.662,3,1.570718,255,open,1.0,1.6619999999999995
-2.056,3,1.571603,255,closed,0.0,-2.0560000000000005
2.022,3,1.572508,275,open,1.0,2.0219999999999994
-3.985,3,1.573431,195,closed,0.0,-3.985
2.022,3,1.574333,275,closed,0.0,2.0219999999999994
1.662,3,1.575196,255,closed,0.0,1.6619999999999995
2.188,3,1.576121,255,open,1.0,2.1879999999999993
1.842,3,1.577026,275,open,1.0,1.8419999999999994
1.842,3,1.577916,275,open,1.0,1.8419999999999994
2.368,3,1.578822,275,open,1.0,2.3679999999999994
2.188,3,1.579704,255,open,1.0,2.1879999999999993
2.022,3,1.580578,275,closed,0.0,2.0219999999999994
2.451,3,1.58152,255,open,1.0,2.4509999999999996
-2.006,3,1.582392,255,closed,0.0,-2.0060000000000002
1.662,3,1.583303,275,closed,0.0,1.6619999999999995
2.105,3,1.584195,275,open,1.0,2.1049999999999995
2.188,3,1.585073,255,open,1.0,2.1879999999999997
0.239,3,1.585995,195,open,1.0,0.23899999999999966
1.925,3,1.586884,255,open,1.0,1.9249999999999994
-2.056,3,1.587755,255,closed,0.0,-2.0560000000000005
2.105,3,1.588682,275,open,1.0,2.1049999999999995
-0.147,3,1.589583,255,closed,0.0,-0.14700000000000046
-1.956,3,1.590463,255,open,1.0,-1.9560000000000004
-0.147,3,1.591371,255,open,1.0,-0.14700000000000046
1.662,3,1.592255,255,open,1.0,1.6619999999999995
1.662,3,1.593202,255,open,1.0,1.6619999999999995
-1.773,3,1.594088,195,open,1.0,-1.7730000000000001
2.368,3,1.595015,275,open,1.0,2.3679999999999994
1.925,3,1.595891,275,open,1.0,1.9249999999999994
-2.006,3,1.596767,255,closed,0.0,-2.0060000000000002
-1.773,3,1.597692,195,open,1.0,-1.7730000000000001
2.022,3,1.598595,275,closed,0.0,2.0219999999999994
1.662,3,1.599487,275,open,1.0,1.6619999999999995
0.116,3,1.600421,255,open,1.0,0.11599999999999944
0.116,3,1.601315,255,open,1.0,0.11599999999999955
-3.985,3,1.602195,195,closed,0.0,-3.9850000000000003
1.925,3,1.603127,275,open,1.0,1.9249999999999994
-2.056,3,1.604,255,closed,0.0,-2.0560000000000005
2.022,3,1.604934,275,closed,0.0,2.0219999999999994
2.105,3,1.60582,275,open,1.0,2.1049999999999995
1.925,3,1.606764,255,open,1.0,1.9249999999999994
-3.685,3,1.759034,195,closed,0.0,-3.6850000000000005
1.925,3,1.760737,255,open,1.0,1.9249999999999994
2.188,3,1.762323,255,open,1.0,2.1879999999999997
1.842,3,1.7639,275,open,1.0,1.8419999999999994
-3.835,3,1.765449,195,closed,0.0,-3.8350000000000004
-0.197,3,1.766998,255,closed,0.0,-0.1970000000000005
-0.037,3,1.768551,275,closed,0.0,-0.03700000000000059
-3.835,3,1.770094,195,closed,0.0,-3.835
2.105,3,1.771625,275,open,1.0,2.1049999999999995
1.925,3,1.773162,275,open,1.0,1.9249999999999994
-1.773,3,1.774694,195,open,1.0,-1.7730000000000001
-2.006,3,1.776227,255,closed,0.0,-2.0060000000000007
2.022,3,1.77775,275,closed,0.0,2.0219999999999994
1.925,3,1.779279,255,open,1.0,1.9249999999999994
-4.035,3,1.780804,195,closed,0.0,-4.035
-0.147,3,1.782331,255,open,1.0,-0.14700000000000046
-3.735,3,1.785232,195,closed,0.0,-3.7350000000000003
1.925,3,1.787128,255,open,1.0,1.9249999999999994
1.842,3,1.788665,275,closed,0.0,1.8419999999999994
0.239,3,1.790098,195,open,1.0,0.23899999999999966
2.022,3,1.791461,275,closed,0.0,2.0219999999999994
2.105,3,1.792661,275,open,1.0,2.1049999999999995
-1.973,3,1.793921,195,open,1.0,-1.9730000000000003
2.451,3,1.795054,195,open,1.0,2.4509999999999996
1.842,3,1.796133,275,closed,0.0,1.8419999999999994
0.439,3,1.797231,195,open,1.0,0.4389999999999996
1.662,3,1.798256,275,closed,0.0,1.6619999999999995
2.022,3,1.799313,275,closed,0.0,2.0219999999999994
-1.916,3,1.800321,275,closed,0.0,-1.9160000000000006
2.451,3,1.801304,195,open,1.0,2.4509999999999996
0.143,3,1.802257,275,closed,0.0,0.14299999999999935
1.842,3,1.803285,275,closed,0.0,1.8419999999999994
-3.885,3,1.804283,195,closed,0.0,-3.8850000000000002
1.662,3,1.805229,275,closed,0.0,1.6619999999999995
-0.147,3,1.806236,255,closed,0.0,-0.14700000000000046
-3.885,3,1.807173,195,closed,0.0,-3.8850000000000002
-0.217,3,1.808139,275,closed,0.0,-0.21700000000000053
1.662,3,1.809071,275,open,1.0,1.6619999999999995
2.451,3,1.809989,195,open,1.0,2.4509999999999996
1.842,3,1.810945,275,closed,0.0,1.8419999999999994
2.105,3,1.811877,275,open,1.0,2.1049999999999995
1.925,3,1.81278,255,open,1.0,1.9249999999999994
2.022,3,1.813739,275,open,1.0,2.0219999999999994
1.662,3,1.814655,275,closed,0.0,1.6619999999999995
1.662,3,1.815613,255,closed,0.0,1.6619999999999995
1.925,3,1.816513,275,open,1.0,1.9249999999999994
1.842,3,1.817438,275,closed,0.0,1.8419999999999994
2.285,3,1.818337,275,open,1.0,2.2849999999999993
-3.735,3,1.819233,195,closed,0.0,-3.7350000000000003
2.451,3,1.820184,195,open,1.0,2.4509999999999996
1.662,3,1.821092,275,closed,0.0,1.6619999999999995
-3.685,3,1.822014,195,closed,0.0,-3.6850000000000005
-4.035,3,1.822907,195,closed,0.0,-4.035
1.662,3,1.823858,255,open,1.0,1.6619999999999995
-0.147,3,1.824761,255,closed,0.0,-0.14700000000000046
2.022,3,1.825713,275,open,1.0,2.0219999999999994
2.105,3,1.82662,275,open,1.0,2.1049999999999995
1.662,3,1.827574,255,closed,0.0,1.6619999999999995
1.925,3,1.828476,275,open,1.0,1.9249999999999994
-0.197,3,1.829376,255,closed,0.0,-0.1970000000000005
0.143,3,1.830253,275,closed,0.0,0.14299999999999935
1.662,3,1.831186,255,open,1.0,1.6619999999999995
1.925,3,1.832077,255,open,1.0,1.9249999999999994
1.662,3,1.832958,255,closed,0.0,1.6619999999999995
1.662,3,1.833835,255,closed,0.0,1.6619999999999995
1.662,3,1.834712,255,open,1.0,1.6619999999999995
-0.147,3,1.835622,255,closed,0.0,-0.14700000000000046
1.662,3,1.836499,255,open,1.0,1.6619999999999995
1.662,3,1.837364,275,open,1.0,1.6619999999999995
-3.885,3,1.838295,195,closed,0.0,-3.8850000000000002
-3.835,3,1.839182,195,closed,0.0,-3.835
-0.037,3,1.840081,275,closed,0.0,-0.03700000000000059
2.188,3,1.841005,275,open,1.0,2.1879999999999993
-0.197,3,1.841867,255,closed,0.0,-0.1970000000000005
2.202,3,1.842765,275,open,1.0,2.201999999999999
-1.773,3,1.84365,195,open,1.0,-1.7730000000000001
1.662,3,1.844526,255,closed,0.0,1.6619999999999995
-3.685,3,1.845462,195,closed,0.0,-3.6850000000000005
2.105,3,1.84635,275,open,1.0,2.1049999999999995
2.022,3,1.847251,275,open,1.0,2.0219999999999994
-3.685,3,1.848121,195,closed,0.0,-3.6850000000000005
1.662,3,1.849038,255,closed,0.0,1.6619999999999995
0.116,3,1.849921,255,open,1.0,0.11599999999999955
-3.835,3,1.850818,195,closed,0.0,-3.835
0.439,3,1.85168,195,open,1.0,0.4389999999999996
-2.056,3,1.85262,255,closed,0.0,-2.0560000000000005
-3.885,3,1.853509,195,closed,0.0,-3.8850000000000002
2.105,3,1.854389,275,open,1.0,2.1049999999999995
2.285,3,1.855317,275,open,1.0,2.2849999999999993
-0.147,3,1.856236,255,closed,0.0,-0.14700000000000046
-1.573,3,1.85711,195,open,1.0,-1.5730000000000004
1.842,3,1.858039,275,closed,0.0,1.8419999999999994
-3.735,3,1.858908,195,closed,0.0,-3.7350000000000003
0.239,3,1.859826,195,open,1.0,0.23899999999999966
2.202,3,1.860695,275,closed,0.0,2.201999999999999
2.368,3,1.861594,275,open,1.0,2.3679999999999994
2.451,3,1.8625,195,open,1.0,2.4509999999999996
0.439,3,1.863372,195,open,1.0,0.4389999999999996
1.662,3,1.864302,255,open,1.0,1.6619999999999995
2.105,3,1.865182,275,open,1.0,2.1049999999999995
1.662,3,1.866099,255,closed,0.0,1.6619999999999995
2.022,3,1.866979,275,open,1.0,2.0219999999999994
2.451,3,1.867864,195,open,1.0,2.4509999999999996
2.105,3,1.868758,275,open,1.0,2.1049999999999995
-3.885,3,1.869627,195,closed,0.0,-3.8850000000000002
2.022,3,1.870507,275,open,1.0,2.0219999999999994
0.379,3,1.871392,255,open,1.0,0.37899999999999956
2.451,3,1.872306,195,open,1.0,2.4509999999999996
-3.815,3,1.873181,255,closed,0.0,-3.8150000000000004
0.116,3,1.874115,255,open,1.0,0.11599999999999955
2.451,3,1.87499,195,open,1.0,2.4509999999999996
-0.197,3,1.87589,255,closed,0.0,-0.1970000000000005
-0.147,3,1.876756,255,closed,0.0,-0.14700000000000046
2.451,3,1.877642,195,open,1.0,2.4509999999999996
2.188,3,1.878572,255,open,1.0,2.1879999999999997
2.285,3,1.879462,275,open,1.0,2.2849999999999993
2.188,3,1.880341,275,open,1.0,2.1879999999999993
-3.735,3,1.88127,195,closed,0.0,-3.7350000000000003
-0.217,3,1.882152,275,closed,0.0,-0.21700000000000053
1.662,3,1.883036,255,closed,0.0,1.6619999999999995
2.451,3,1.883974,195,open,1.0,2.4509999999999996
-0.217,3,1.884848,275,closed,0.0,-0.21700000000000053
-2.006,3,1.885777,255,closed,0.0,-2.0060000000000007
2.451,3,1.88667,195,open,1.0,2.4509999999999996
1.925,3,1.887578,255,open,1.0,1.9249999999999994
0.439,3,1.888474,195,open,1.0,0.4389999999999996
-3.835,3,1.889358,195,closed,0.0,-3.835
1.662,3,1.890299,255,closed,0.0,1.6619999999999995
2.451,3,1.891167,195,open,1.0,2.4509999999999996
1.925,3,1.892083,255,open,1.0,1.9249999999999994
1.662,3,1.892961,275,closed,0.0,1.6619999999999995
2.451,3,1.893849,195,open,1.0,2.4509999999999996
2.105,3,1.894763,275,open,1.0,2.1049999999999995
2.105,3,1.895633,275,open,1.0,2.1049999999999995
2.285,3,1.896553,275,open,1.0,2.2849999999999993
-3.685,3,1.897472,195,closed,0.0,-3.6850000000000005
-1.973,3,1.898363,195,open,1.0,-1.9730000000000003
-3.885,3,1.899245,195,closed,0.0,-3.8850000000000002
1.662,3,1.90012,255,closed,0.0,1.6619999999999995
0.439,3,1.900998,195,open,1.0,0.4389999999999996
0.439,3,1.901907,195,open,1.0,0.4389999999999996
-3.685,3,1.902775,195,closed,0.0,-3.6850000000000005
-0.217,3,1.903662,275,closed,0.0,-0.21700000000000053
-0.147,3,1.904595,255,open,1.0,-0.14700000000000046
2.188,3,1.90549,255,open,1.0,2.1879999999999993
0.116,3,1.90643,255,open,1.0,0.11599999999999955
-3.685,3,1.907353,195,closed,0.0,-3.6850000000000005
1.925,3,1.908231,255,open,1.0,1.9249999999999994
-0.197,3,1.909124,255,closed,0.0,-0.1970000000000005
1.662,3,1.910005,255,closed,0.0,1.6619999999999995
0.239,3,1.910873,195,open,1.0,0.23899999999999966
2.451,3,1.911788,195,open,1.0,2.4509999999999996
-1.973,3,1.912682,195,open,1.0,-1.9730000000000003
-3.885,3,1.91356,195,closed,0.0,-3.8850000000000002
-0.147,3,1.914503,255,open,1.0,-0.14700000000000046
-0.197,3,1.915391,255,closed,0.0,-0.1970000000000005
2.451,3,1.916282,195,open,1.0,2.4509999999999996
0.143,3,1.917176,275,closed,0.0,0.14299999999999935
1.925,3,1.918047,255,open,1.0,1.9249999999999994
-3.885,3,1.918974,195,closed,0.0,-3.8850000000000002
2.368,3,1.919903,275,open,1.0,2.3679999999999994
1.925,3,1.920775,255,open,1.0,1.9249999999999994
2.368,3,1.921708,275,open,1.0,2.3679999999999994
-2.006,3,1.922633,255,closed,0.0,-2.0060000000000007
-3.885,3,1.923501,195,closed,0.0,-3.8850000000000002
1.662,3,1.92443,255,closed,0.0,1.6619999999999995
2.451,3,1.925303,195,open,1.0,2.4509999999999996
1.842,3,1.926231,275,closed,0.0,1.8419999999999994
1.925,3,1.927129,255,open,1.0,1.9249999999999994
1.662,3,1.928026,255,closed,0.0,1.6619999999999995
-3.735,3,1.928921,195,closed,0.0,-3.7350000000000003
2.105,3,2.081763,275,open,1.0,2.1049999999999995
-3.635,3,2.083089,195,closed,0.0,-3.6350000000000002
2.105,3,2.084306,275,open,1.0,2.1049999999999995
-3.735,3,2.085495,195,closed,0.0,-3.7350000000000003
-0.147,3,2.08671,255,open,1.0,-0.14700000000000046
2.022,3,2.087904,275,closed,0.0,2.0219999999999994
2.188,3,2.089061,255,open,1.0,2.1879999999999993
2.188,3,2.090674,255,open,1.0,2.1879999999999993
1.662,3,2.092376,255,closed,0.0,1.6619999999999995
1.842,3,2.094016,275,open,1.0,1.8419999999999994
1.662,3,2.095629,255,open,1.0,1.6619999999999995
1.662,3,2.097265,255,closed,0.0,1.6619999999999995
-1.956,3,2.098868,255,closed,0.0,-1.9560000000000004
1.662,3,2.100452,255,closed,0.0,1.6619999999999995
-3.835,3,2.102038,195,closed,0.0,-3.835
2.105,3,2.103617,275,open,1.0,2.1049999999999995
-0.147,3,2.105201,255,closed,0.0,-0.14700000000000046
1.662,3,2.106743,255,closed,0.0,1.6619999999999995
1.662,3,2.108565,255,closed,0.0,1.6619999999999995
2.105,3,2.110004,275,open,1.0,2.1049999999999995
2.285,3,2.111374,275,open,1.0,2.2849999999999993
0.143,3,2.112584,275,closed,0.0,0.14299999999999935
0.239,3,2.113828,195,open,1.0,0.23899999999999966
2.022,3,2.115023,275,closed,0.0,2.0219999999999994
1.662,3,2.116122,255,closed,0.0,1.6619999999999995
1.662,3,2.117263,275,closed,0.0,1.6619999999999995
0.239,3,2.118318,195,open,1.0,0.23899999999999966
-0.147,3,2.119375,255,closed,0.0,-0.14700000000000046
-0.037,3,2.12045,275,closed,0.0,-0.03700000000000059
1.662,3,2.121493,255,closed,0.0,1.6619999999999995
1.662,3,2.122509,275,closed,0.0,1.6619999999999995
2.022,3,2.123585,275,closed,0.0,2.0219999999999994
-3.735,3,2.124558,195,closed,0.0,-3.7350000000000003
2.022,3,2.125584,275,closed,0.0,2.0219999999999994
1.662,3,2.127032,275,closed,0.0,1.6619999999999995
2.105,3,2.128011,275,open,1.0,2.1049999999999995
2.022,3,2.129007,275,closed,0.0,2.0219999999999994
1.662,3,2.129954,255,closed,0.0,1.6619999999999995
1.662,3,2.130909,255,open,1.0,1.6619999999999995
-1.973,3,2.131827,195,open,1.0,-1.9730000000000003
0.116,3,2.132734,255,open,1.0,0.11599999999999955
0.143,3,2.133649,275,closed,0.0,0.14299999999999935
-3.885,3,2.13462,195,closed,0.0,-3.8850000000000002
2.188,3,2.135524,255,open,1.0,2.1879999999999993
2.188,3,2.136478,255,open,1.0,2.1879999999999993
-3.685,3,2.137379,195,closed,0.0,-3.6850000000000005
-0.037,3,2.138265,275,closed,0.0,-0.03700000000000059
-3.835,3,2.13918,195,closed,0.0,-3.835
0.143,3,2.140062,275,closed,0.0,0.14299999999999935
-0.197,3,2.140929,255,closed,0.0,-0.1970000000000005
1.925,3,2.141857,255,open,1.0,1.9249999999999994
1.662,3,2.14273,255,closed,0.0,1.6619999999999995
-0.197,3,2.143667,255,closed,0.0,-0.1970000000000005
1.662,3,2.144564,255,closed,0.0,1.6619999999999995
1.925,3,2.145483,255,open,1.0,1.9249999999999994
2.188,3,2.146382,255,open,1.0,2.1879999999999993
2.285,3,2.147268,275,open,1.0,2.2849999999999993
0.143,3,2.148204,275,closed,0.0,0.14299999999999935
-3.885,3,2.149116,195,closed,0.0,-3.8850000000000002
1.842,3,2.149991,275,closed,0.0,1.8419999999999994
2.188,3,2.150936,275,open,1.0,2.1879999999999993
1.925,3,2.151849,255,open,1.0,1.9249999999999994
-0.197,3,2.152727,255,closed,0.0,-0.1970000000000005
2.188,3,2.153655,255,open,1.0,2.1879999999999993
2.451,3,2.15452,195,open,1.0,2.4509999999999996
2.022,3,2.155423,275,closed,0.0,2.0219999999999994
1.925,3,2.156299,275,open,1.0,1.9249999999999994
2.451,3,2.15717,195,open,1.0,2.4509999999999996
0.239,3,2.158079,195,open,1.0,0.23899999999999966
1.925,3,2.158942,255,open,1.0,1.9249999999999994
1.662,3,2.15979,255,closed,0.0,1.6619999999999995
2.105,3,2.160698,275,open,1.0,2.1049999999999995
1.842,3,2.161556,275,open,1.0,1.8419999999999994
2.022,3,2.162506,275,closed,0.0,2.0219999999999994
0.143,3,2.163376,275,closed,0.0,0.14299999999999935
2.188,3,2.164263,255,open,1.0,2.1879999999999993
-3.735,3,2.165183,195,closed,0.0,-3.7350000000000003
2.451,3,2.16606,195,open,1.0,2.4509999999999996
-3.735,3,2.166933,195,closed,0.0,-3.7350000000000003
1.842,3,2.167826,275,closed,0.0,1.8419999999999994
2.105,3,2.168679,275,open,1.0,2.1049999999999995
0.143,3,2.169537,275,closed,0.0,0.14299999999999935
1.842,3,2.170453,275,open,1.0,1.8419999999999994
2.105,3,2.171323,275,open,1.0,2.1049999999999995
-1.956,3,2.172195,255,open,1.0,-1.9560000000000004
2.022,3,2.173106,275,closed,0.0,2.0219999999999994
-3.735,3,2.173961,195,closed,0.0,-3.7350000000000003
-3.735,3,2.174836,195,closed,0.0,-3.7350000000000003
-0.197,3,2.175703,255,closed,0.0,-0.1970000000000005
1.662,3,2.176558,275,open,1.0,1.6619999999999995
0.379,3,2.177488,255,open,1.0,0.37899999999999956
1.662,3,2.178376,275,closed,0.0,1.6619999999999995
2.105,3,2.179245,275,open,1.0,2.1049999999999995
1.662,3,2.18013,255,closed,0.0,1.6619999999999995
-3.885,3,2.180994,195,closed,0.0,-3.8850000000000002
-0.197,3,2.181853,255,closed,0.0,-0.1970000000000005
0.439,3,2.182762,195,open,1.0,0.4389999999999996
-3.735,3,2.183641,195,closed,0.0,-3.7350000000000003
2.285,3,2.184508,275,open,1.0,2.2849999999999993
-0.037,3,2.185428,275,closed,0.0,-0.03700000000000059
2.451,3,2.186306,195,open,1.0,2.4509999999999996
1.925,3,2.187194,275,open,1.0,1.9249999999999994
-3.685,3,2.188056,195,closed,0.0,-3.6850000000000005
1.662,3,2.188925,275,open,1.0,1.6619999999999995
2.451,3,2.189801,275,open,1.0,2.4509999999999996
-4.035,3,2.190666,195,closed,0.0,-4.035
-3.885,3,2.191512,195,closed,0.0,-3.8850000000000002
-3.735,3,2.192428,195,closed,0.0,-3.7350000000000003
1.662,3,2.193289,255,closed,0.0,1.6619999999999995
1.662,3,2.19422,275,closed,0.0,1.6619999999999995
0.143,3,2.195102,275,closed,0.0,0.14299999999999935
0.439,3,2.19599,195,open,1.0,0.4389999999999996
-3.735,3,2.196893,195,closed,0.0,-3.7350000000000003
2.105,3,2.197736,275,open,1.0,2.1049999999999995
-3.885,3,2.198628,195,closed,0.0,-3.8850000000000002
1.662,3,2.199511,255,closed,0.0,1.6619999999999995
-3.685,3,2.200364,195,closed,0.0,-3.6850000000000005
-0.197,3,2.201288,255,closed,0.0,-0.1970000000000005
2.105,3,2.202171,275,open,1.0,2.1049999999999995
-0.037,3,2.203039,275,closed,0.0,-0.03700000000000059
-0.197,3,2.203975,255,closed,0.0,-0.1970000000000005
-3.735,3,2.204849,195,closed,0.0,-3.7350000000000003
1.925,3,2.205715,275,open,1.0,1.9249999999999994
-3.735,3,2.206615,195,closed,0.0,-3.7350000000000003
-3.685,3,2.20747,195,closed,0.0,-3.6850000000000005
-3.835,3,2.208395,195,closed,0.0,-3.835
0.116,3,2.209278,255,open,1.0,0.11599999999999955
1.662,3,2.210155,255,closed,0.0,1.6619999999999995
-3.685,3,2.211071,195,closed,0.0,-3.6850000000000005
-0.197,3,2.211931,255,closed,0.0,-0.1970000000000005
2.368,3,2.212806,275,open,1.0,2.3679999999999994
2.451,3,2.213707,195,open,1.0,2.4509999999999996
-3.885,3,2.214573,195,closed,0.0,-3.8850000000000002
1.925,3,2.21547,255,open,1.0,1.9249999999999994
2.285,3,2.216354,275,open,1.0,2.2849999999999993
-3.735,3,2.217213,195,closed,0.0,-3.7350000000000003
1.842,3,2.218117,275,closed,0.0,1.8419999999999994
1.662,3,2.218986,255,closed,0.0,1.6619999999999995
2.451,3,2.219839,195,open,1.0,2.4509999999999996
-3.885,3,2.220738,195,closed,0.0,-3.8850000000000002
2.368,3,2.221639,275,open,1.0,2.3679999999999994
-4.035,3,2.222513,195,closed,0.0,-4.035
-0.197,3,2.223391,255,closed,0.0,-0.1970000000000005
1.842,3,2.224249,275,open,1.0,1.8419999999999994
2.451,3,2.225116,195,open,1.0,2.4509999999999996
2.451,3,2.226,195,open,1.0,2.4509999999999996
0.239,3,2.226863,195,open,1.0,0.23899999999999966
1.925,3,2.227713,275,open,1.0,1.9249999999999994
1.662,3,2.228638,255,closed,0.0,1.6619999999999995
1.842,3,2.229517,275,open,1.0,1.8419999999999994
2.451,3,2.230383,195,open,1.0,2.4509999999999996
1.662,3,2.231276,255,closed,0.0,1.6619999999999995
1.842,3,2.232187,275,closed,0.0,1.8419999999999994
2.188,3,2.233053,275,open,1.0,2.1879999999999997
0.116,3,2.233913,255,open,1.0,0.11599999999999955
1.925,3,2.234826,255,open,1.0,1.9249999999999994
2.451,3,2.235738,195,open,1.0,2.4509999999999996
0.116,3,2.236606,255,open,1.0,0.11599999999999955
0.239,3,2.23749,195,open,1.0,0.23899999999999966
-3.735,3,2.238389,195,closed,0.0,-3.7350000000000003
2.451,3,2.239282,195,open,1.0,2.4509999999999996
2.188,3,2.240175,275,open,1.0,2.1879999999999993
-3.685,3,2.241089,195,closed,0.0,-3.6850000000000005
1.842,3,2.241973,275,open,1.0,1.8419999999999994
2.188,3,2.24283,275,open,1.0,2.1879999999999997
-0.197,3,2.243744,255,closed,0.0,-0.1970000000000005
1.662,3,2.244602,255,closed,0.0,1.6619999999999995
1.842,3,2.245521,275,closed,0.0,1.8419999999999994
-3.735,3,2.246385,195,closed,0.0,-3.7350000000000003
2.451,3,2.247302,195,open,1.0,2.4509999999999996
1.842,3,2.248183,275,closed,0.0,1.8419999999999994
2.368,3,2.391741,275,open,1.0,2.3679999999999994
1.662,3,2.393097,255,open,1.0,1.6619999999999995
2.105,3,2.394352,275,open,1.0,2.1049999999999995
2.022,3,2.395601,275,open,1.0,2.0219999999999994
-3.735,3,2.396801,195,closed,0.0,-3.7350000000000003
-3.735,3,2.398012,195,closed,0.0,-3.7350000000000003
-3.735,3,2.399165,195,closed,0.0,-3.7350000000000003
-3.735,3,2.400304,195,closed,0.0,-3.7350000000000003
-0.197,3,2.401492,255,closed,0.0,-0.1970000000000005
-0.197,3,2.402682,255,closed,0.0,-0.1970000000000005
-0.147,3,2.403802,255,open,1.0,-0.14700000000000046
0.379,3,2.404994,255,open,1.0,0.37899999999999956
2.451,3,2.405991,195,open,1.0,2.4509999999999996
-0.197,3,2.406914,255,closed,0.0,-0.1970000000000005
-0.197,3,2.407858,255,closed,0.0,-0.1970000000000005
0.239,3,2.408789,195,open,1.0,0.23899999999999966
1.925,3,2.409702,275,open,1.0,1.9249999999999994
2.451,3,2.410684,195,open,1.0,2.4509999999999996
1.842,3,2.411601,275,open,1.0,1.8419999999999994
1.925,3,2.412555,255,open,1.0,1.9249999999999994
1.662,3,2.413545,255,closed,0.0,1.6619999999999995
1.842,3,2.414478,275,closed,0.0,1.8419999999999994
-0.197,3,2.4154,255,closed,0.0,-0.1970000000000005
2.451,3,2.416376,195,open,1.0,2.4509999999999996
2.105,3,2.417357,275,open,1.0,2.1049999999999995
0.239,3,2.418284,195,open,1.0,0.23899999999999966
1.662,3,2.419203,255,closed,0.0,1.6619999999999995
1.842,3,2.420159,275,open,1.0,1.8419999999999994
0.239,3,2.421057,195,open,1.0,0.23899999999999966
1.662,3,2.421979,255,closed,0.0,1.6619999999999995
1.925,3,2.4229,275,open,1.0,1.9249999999999994
1.842,3,2.423779,275,closed,0.0,1.8419999999999994
1.925,3,2.42469,255,open,1.0,1.9249999999999994
-3.735,3,2.425582,195,closed,0.0,-3.7350000000000003
1.925,3,2.42648,255,open,1.0,1.9249999999999994
1.662,3,2.427453,255,closed,0.0,1.6619999999999995
1.925,3,2.428396,255,open,1.0,1.9249999999999994
2.451,3,2.429297,195,open,1.0,2.4509999999999996
-0.147,3,2.430265,255,closed,0.0,-0.14700000000000046
2.188,3,2.431179,255,open,1.0,2.1879999999999993
2.022,3,2.432086,275,closed,0.0,2.0219999999999994
-3.885,3,2.432989,195,closed,0.0,-3.8850000000000002
-3.685,3,2.433871,195,closed,0.0,-3.6850000000000005
0.439,3,2.434821,195,open,1.0,0.4389999999999996
1.662,3,2.435723,255,closed,0.0,1.6619999999999995
2.202,3,2.436627,275,open,1.0,2.201999999999999
1.662,3,2.437546,255,open,1.0,1.6619999999999995
-3.735,3,2.438439,195,closed,0.0,-3.7350000000000003
-0.037,3,2.439353,275,closed,0.0,-0.03700000000000059
-1.773,3,2.440295,195,open,1.0,-1.7730000000000001
-0.147,3,2.441245,255,closed,0.0,-0.14700000000000046
1.662,3,2.442155,275,closed,0.0,1.6619999999999995
-0.197,3,2.443064,255,closed,0.0,-0.1970000000000005
2.105,3,2.444012,275,open,1.0,2.1049999999999995
1.662,3,2.444946,255,open,1.0,1.6619999999999995
1.662,3,2.445873,275,closed,0.0,1.6619999999999995
-3.685,3,2.446766,195,closed,0.0,-3.6850000000000005
0.439,3,2.447669,195,open,1.0,0.4389999999999996
0.439,3,2.448632,195,open,1.0,0.4389999999999996
1.662,3,2.449569,255,closed,0.0,1.6619999999999995
1.842,3,2.450472,275,open,1.0,1.8419999999999994
2.451,3,2.451427,195,open,1.0,2.4509999999999996
2.451,3,2.452332,195,open,1.0,2.4509999999999996
-0.197,3,2.453275,255,closed,0.0,-0.1970000000000005
2.188,3,2.454191,275,open,1.0,2.1879999999999993
-3.735,3,2.455093,195,closed,0.0,-3.7350000000000003
2.451,3,2.456049,275,open,1.0,2.4509999999999996
2.022,3,2.456946,275,closed,0.0,2.0219999999999994
1.925,3,2.457873,255,open,1.0,1.9249999999999994
-3.735,3,2.458754,195,closed,0.0,-3.7350000000000003
1.925,3,2.459661,255,open,1.0,1.9249999999999994
0.239,3,2.460638,195,open,1.0,0.23899999999999966
1.925,3,2.461555,275,open,1.0,1.9249999999999994
-0.197,3,2.46245,255,closed,0.0,-0.1970000000000005
2.451,3,2.463395,255,open,1.0,2.4509999999999996
0.439,3,2.464306,195,open,1.0,0.4389999999999996
2.188,3,2.465208,275,open,1.0,2.1879999999999993
1.662,3,2.466174,275,closed,0.0,1.6619999999999995
2.022,3,2.467103,275,open,1.0,2.0219999999999994
2.022,3,2.468005,275,open,1.0,2.0219999999999994
-0.197,3,2.468913,255,closed,0.0,-0.1970000000000005
2.188,3,2.469833,255,open,1.0,2.1879999999999993
2.188,3,2.470712,275,open,1.0,2.1879999999999993
1.662,3,2.471662,255,closed,0.0,1.6619999999999995
2.022,3,2.47258,275,open,1.0,2.0219999999999994
0.239,3,2.473491,195,open,1.0,0.23899999999999966
-3.685,3,2.474453,195,closed,0.0,-3.6850000000000005
1.925,3,2.47534,255,open,1.0,1.9249999999999994
-3.885,3,2.476257,195,closed,0.0,-3.8850000000000002
-0.197,3,2.477142,255,closed,0.0,-0.1970000000000005
1.662,3,2.478094,255,open,1.0,1.6619999999999995
0.439,3,2.479014,195,open,1.0,0.4389999999999996
-1.573,3,2.479905,195,open,1.0,-1.5730000000000004
1.662,3,2.480848,255,open,1.0,1.6619999999999995
2.105,3,2.481725,275,open,1.0,2.1049999999999995
-3.735,3,2.482682,195,closed,0.0,-3.7350000000000003
2.022,3,2.483576,275,open,1.0,2.0219999999999994
1.842,3,2.484519,275,closed,0.0,1.8419999999999994
2.022,3,2.485453,275,open,1.0,2.0219999999999994
-3.735,3,2.486408,195,closed,0.0,-3.7350000000000003
1.662,3,2.487293,255,closed,0.0,1.6619999999999995
1.662,3,2.488227,255,closed,0.0,1.6619999999999995
2.022,3,2.489166,275,closed,0.0,2.0219999999999994
1.842,3,2.490073,275,open,1.0,1.8419999999999994
1.662,3,2.491029,255,open,1.0,1.6619999999999995
2.022,3,2.49193,275,closed,0.0,2.0219999999999994
1.662,3,2.492836,255,open,1.0,1.6619999999999995
-0.197,3,2.49378,255,closed,0.0,-0.1970000000000005
2.022,3,2.494712,275,closed,0.0,2.0219999999999994
-3.735,3,2.495615,195,closed,0.0,-3.7350000000000003
2.022,3,2.496553,275,closed,0.0,2.0219999999999994
1.925,3,2.497478,255,open,1.0,1.9249999999999994
-3.685,3,2.498372,195,closed,0.0,-3.6850000000000005
2.451,3,2.499269,195,open,1.0,2.4509999999999996
2.022,3,2.50021,275,closed,0.0,2.0219999999999994
-3.735,3,2.501099,195,closed,0.0,-3.7350000000000003
1.662,3,2.502012,255,open,1.0,1.6619999999999995
1.662,3,2.502961,255,open,1.0,1.6619999999999995
1.662,3,2.503863,255,closed,0.0,1.6619999999999995
2.202,3,2.50476,275,closed,0.0,2.201999999999999
-3.735,3,2.505677,195,closed,0.0,-3.7350000000000003
-3.685,3,2.506596,195,closed,0.0,-3.6850000000000005
-0.037,3,2.507507,275,closed,0.0,-0.03700000000000059
-3.735,3,2.508448,195,closed,0.0,-3.7350000000000003
0.239,3,2.509355,195,open,1.0,0.23899999999999966
-0.037,3,2.51029,275,closed,0.0,-0.03700000000000059
2.451,3,2.51124,195,open,1.0,2.4509999999999996
2.285,3,2.512132,275,open,1.0,2.2849999999999993
-0.217,3,2.513075,275,closed,0.0,-0.21700000000000053
1.662,3,2.514011,255,open,1.0,1.6619999999999995
-0.197,3,2.514937,255,closed,0.0,-0.1970000000000005
2.451,3,2.51589,195,open,1.0,2.4509999999999996
2.105,3,2.516778,275,open,1.0,2.1049999999999995
2.022,3,2.51771,275,closed,0.0,2.0219999999999994
-3.885,3,2.518619,195,closed,0.0,-3.8850000000000002
2.188,3,2.519525,255,open,1.0,2.1879999999999993
-1.916,3,2.520466,275,closed,0.0,-1.9160000000000006
1.842,3,2.52136,275,closed,0.0,1.8419999999999994
2.451,3,2.522312,195,open,1.0,2.4509999999999996
1.662,3,2.52322,255,closed,0.0,1.6619999999999995
-3.735,3,2.524162,195,closed,0.0,-3.7350000000000003
1.662,3,2.525064,255,closed,0.0,1.6619999999999995
2.188,3,2.525986,275,open,1.0,2.1879999999999993
1.662,3,2.526894,275,closed,0.0,1.6619999999999995
0.116,3,2.527837,255,open,1.0,0.11599999999999955
1.662,3,2.528728,255,closed,0.0,1.6619999999999995
0.239,3,2.529635,195,open,1.0,0.23899999999999966
-3.685,3,2.530514,195,closed,0.0,-3.6850000000000005
-0.147,3,2.531424,255,closed,0.0,-0.14700000000000046
1.662,3,2.532378,255,closed,0.0,1.6619999999999995
1.842,3,2.533273,275,closed,0.0,1.8419999999999994
2.105,3,2.534218,275,open,1.0,2.1049999999999995
-3.735,3,2.535139,195,closed,0.0,-3.7350000000000003
2.368,3,2.536037,275,open,1.0,2.3679999999999994
2.451,3,2.536993,195,open,1.0,2.4509999999999996
-3.735,3,2.537898,195,closed,0.0,-3.7350000000000003
1.662,3,2.538799,275,closed,0.0,1.6619999999999995
0.239,3,2.539755,195,open,1.0,0.23899999999999966
2.285,3,2.540646,275,open,1.0,2.2849999999999993
2.188,3,2.541579,275,open,1.0,2.1879999999999993
2.022,3,2.542509,275,closed,0.0,2.0219999999999994
2.368,3,2.543431,275,open,1.0,2.3679999999999994
-3.735,3,2.544362,195,closed,0.0,-3.7350000000000003
1.925,3,2.545269,255,open,1.0,1.9249999999999994
-0.037,3,2.54616,275,closed,0.0,-0.03700000000000059
-3.885,3,2.547112,195,closed,0.0,-3.8850000000000002
2.105,3,2.548021,275,open,1.0,2.1049999999999995
1.842,3,2.548933,275,closed,0.0,1.8419999999999994
1.842,3,2.549895,275,open,1.0,1.8419999999999994
-3.735,3,2.550785,195,closed,0.0,-3.7350000000000003
-3.735,3,2.69813,195,closed,0.0,-3.7350000000000003
2.451,3,2.699484,195,open,1.0,2.4509999999999996
1.662,3,2.700726,255,closed,0.0,1.6619999999999995
1.662,3,2.701885,275,open,1.0,1.6619999999999995
2.368,3,2.703076,275,open,1.0,2.3679999999999994
1.925,3,2.704229,255,open,1.0,1.9249999999999994
0.116,3,2.705354,255,open,1.0,0.11599999999999955
0.239,3,2.706511,195,open,1.0,0.23899999999999966
-3.885,3,2.707604,195,closed,0.0,-3.8850000000000002
2.368,3,2.708764,275,open,1.0,2.3679999999999994
-0.147,3,2.70988,255,closed,0.0,-0.14700000000000046
1.662,3,2.711018,255,closed,0.0,1.6619999999999995
-0.037,3,2.712646,275,closed,0.0,-0.03700000000000059
1.662,3,2.714588,255,open,1.0,1.6619999999999995
2.285,3,2.716404,275,open,1.0,2.2849999999999993
1.925,3,2.718385,255,open,1.0,1.9249999999999994
-3.735,3,2.720038,195,closed,0.0,-3.7350000000000003
1.662,3,2.721419,255,closed,0.0,1.6619999999999995
-0.197,3,2.722762,255,closed,0.0,-0.1970000000000005
1.662,3,2.724434,255,closed,0.0,1.6619999999999995
1.925,3,2.726435,255,open,1.0,1.9249999999999994
1.662,3,2.728192,255,open,1.0,1.6619999999999995
2.105,3,2.729653,275,open,1.0,2.1049999999999995
1.662,3,2.73101,255,open,1.0,1.6619999999999995
-0.197,3,2.732286,255,closed,0.0,-0.1970000000000005
2.451,3,2.733469,195,open,1.0,2.4509999999999996
2.022,3,2.734604,275,open,1.0,2.0219999999999994
1.662,3,2.735756,255,open,1.0,1.6619999999999995
-3.735,3,2.736873,195,closed,0.0,-3.7350000000000003
1.925,3,2.737917,255,open,1.0,1.9249999999999994
-0.197,3,2.739006,255,closed,0.0,-0.1970000000000005
1.662,3,2.740041,255,closed,0.0,1.6619999999999995
1.842,3,2.741049,275,open,1.0,1.8419999999999994
-0.197,3,2.742098,255,closed,0.0,-0.1970000000000005
1.662,3,2.743089,255,open,1.0,1.6619999999999995
1.662,3,2.744073,255,closed,0.0,1.6619999999999995
-0.197,3,2.745075,255,closed,0.0,-0.1970000000000005
2.451,3,2.746017,195,open,1.0,2.4509999999999996
1.925,3,2.746996,255,open,1.0,1.9249999999999994
-3.635,3,2.747972,195,closed,0.0,-3.6350000000000007
-3.835,3,2.748929,195,closed,0.0,-3.835
2.202,3,2.749854,275,closed,0.0,2.201999999999999
2.022,3,2.750843,275,open,1.0,2.0219999999999994
2.451,3,2.751765,195,open,1.0,2.4509999999999996
0.239,3,2.752712,195,open,1.0,0.23899999999999966
2.368,3,2.753657,275,open,1.0,2.3679999999999994
2.022,3,2.754577,275,closed,0.0,2.0219999999999994
-0.147,3,2.755533,255,open,1.0,-0.14700000000000046
1.662,3,2.756445,255,closed,0.0,1.6619999999999995
1.842,3,2.75739,275,closed,0.0,1.8419999999999994
2.451,3,2.758288,195,open,1.0,2.4509999999999996
2.105,3,2.759227,275,open,1.0,2.1049999999999995
2.451,3,2.760177,195,open,1.0,2.4509999999999996
-3.735,3,2.761092,195,closed,0.0,-3.7350000000000003
2.285,3,2.762049,275,open,1.0,2.2849999999999993
2.105,3,2.763008,275,open,1.0,2.1049999999999995
2.188,3,2.763908,255,open,1.0,2.1879999999999993
1.662,3,2.764833,255,open,1.0,1.6619999999999995
-3.735,3,2.765763,195,closed,0.0,-3.7350000000000003
2.368,3,2.766678,275,open,1.0,2.3679999999999994
2.188,3,2.767592,275,open,1.0,2.1879999999999993
0.439,3,2.768514,195,open,1.0,0.4389999999999996
1.662,3,2.769423,255,closed,0.0,1.6619999999999995
2.188,3,2.770334,255,open,1.0,2.1879999999999993
-3.635,3,2.77125,195,closed,0.0,-3.6350000000000007
1.662,3,2.772128,255,closed,0.0,1.6619999999999995
1.842,3,2.773064,275,closed,0.0,1.8419999999999994
2.202,3,2.773925,275,open,1.0,2.201999999999999
2.105,3,2.774817,275,open,1.0,2.1049999999999995
-3.735,3,2.775723,195,closed,0.0,-3.7350000000000003
-3.885,3,2.776592,195,closed,0.0,-3.8850000000000002
1.842,3,2.777527,275,closed,0.0,1.8419999999999994
1.842,3,2.778406,275,closed,0.0,1.8419999999999994
-3.685,3,2.779344,195,closed,0.0,-3.6850000000000005
1.662,3,2.780277,255,open,1.0,1.6619999999999995
1.842,3,2.781156,275,open,1.0,1.8419999999999994
2.022,3,2.782073,275,closed,0.0,2.0219999999999994
0.379,3,2.782965,255,open,1.0,0.37899999999999956
1.842,3,2.783839,275,closed,0.0,1.8419999999999994
2.451,3,2.784758,195,open,1.0,2.4509999999999996
-3.735,3,2.785625,195,closed,0.0,-3.7350000000000003
1.662,3,2.786553,255,closed,0.0,1.6619999999999995
1.925,3,2.787448,255,open,1.0,1.9249999999999994
1.842,3,2.788327,275,closed,0.0,1.8419999999999994
-3.885,3,2.789208,195,closed,0.0,-3.8850000000000002
1.662,3,2.79008,255,closed,0.0,1.6619999999999995
2.022,3,2.790943,275,closed,0.0,2.0219999999999994
2.022,3,2.791851,275,closed,0.0,2.0219999999999994
2.188,3,2.792748,275,open,1.0,2.1879999999999993
2.022,3,2.793616,275,closed,0.0,2.0219999999999994
2.105,3,2.794547,275,open,1.0,2.1049999999999995
-4.035,3,2.795461,195,closed,0.0,-4.035
2.105,3,2.796342,275,open,1.0,2.1049999999999995
2.022,3,2.797272,275,closed,0.0,2.0219999999999994
-3.735,3,2.798146,195,closed,0.0,-3.7350000000000003
1.925,3,2.799058,255,open,1.0,1.9249999999999994
2.022,3,2.799943,275,closed,0.0,2.0219999999999994
2.451,3,2.800801,195,open,1.0,2.4509999999999996
0.439,3,2.801738,195,open,1.0,0.4389999999999996
1.842,3,2.802626,275,closed,0.0,1.8419999999999994
1.925,3,2.80353,255,open,1.0,1.9249999999999994
2.202,3,2.804462,275,open,1.0,2.201999999999999
2.022,3,2.805343,275,closed,0.0,2.0219999999999994
1.662,3,2.806285,255,closed,0.0,1.6619999999999995
-3.735,3,2.807179,195,closed,0.0,-3.7350000000000003
-3.685,3,2.808057,195,closed,0.0,-3.6850000000000005
1.662,3,2.808927,255,closed,0.0,1.6619999999999995
2.451,3,2.809787,195,open,1.0,2.4509999999999996
1.662,3,2.810696,275,closed,0.0,1.6619999999999995
-3.735,3,2.811617,195,closed,0.0,-3.7350000000000003
-0.147,3,2.812501,255,open,1.0,-0.14700000000000046
2.188,3,2.81341,275,open,1.0,2.1879999999999993
1.662,3,2.814271,255,open,1.0,1.6619999999999995
1.925,3,2.815205,255,open,1.0,1.9249999999999994
2.451,3,2.81611,195,open,1.0,2.4509999999999996
2.202,3,2.816988,275,closed,0.0,2.201999999999999
2.451,3,2.817867,275,open,1.0,2.4509999999999996
2.022,3,2.818734,275,closed,0.0,2.0219999999999994
1.662,3,2.819654,255,open,1.0,1.6619999999999995
-3.685,3,2.820521,195,closed,0.0,-3.6850000000000005
1.662,3,2.821455,255,closed,0.0,1.6619999999999995
0.239,3,2.822399,195,open,1.0,0.23899999999999966
1.662,3,2.823282,255,open,1.0,1.6619999999999995
1.925,3,2.824157,255,open,1.0,1.9249999999999994
1.662,3,2.825067,255,open,1.0,1.6619999999999995
1.925,3,2.825951,255,open,1.0,1.9249999999999994
2.105,3,2.826835,275,open,1.0,2.1049999999999995
2.451,3,2.82776,195,open,1.0,2.4509999999999996
2.368,3,2.828702,275,open,1.0,2.3679999999999994
1.925,3,2.829581,275,open,1.0,1.9249999999999994
2.022,3,2.830512,275,open,1.0,2.0219999999999994
0.239,3,2.831388,195,open,1.0,0.23899999999999966
2.188,3,2.83229,275,open,1.0,2.1879999999999993
1.925,3,2.833197,275,open,1.0,1.9249999999999994
2.451,3,2.834113,195,open,1.0,2.4509999999999996
-3.885,3,2.835013,195,closed,0.0,-3.8850000000000002
1.925,3,2.835871,255,open,1.0,1.9249999999999994
2.105,3,2.836766,275,open,1.0,2.1049999999999995
-3.735,3,2.83765,195,closed,0.0,-3.7350000000000003
2.022,3,2.838526,275,closed,0.0,2.0219999999999994
2.451,3,2.839472,195,open,1.0,2.4509999999999996
2.202,3,2.840351,275,closed,0.0,2.201999999999999
-3.885,3,2.841279,195,closed,0.0,-3.8850000000000002
1.662,3,2.842151,255,open,1.0,1.6619999999999995
1.842,3,2.84308,275,open,1.0,1.8419999999999994
-0.197,3,2.843957,255,closed,0.0,-0.1970000000000005
0.439,3,2.844853,195,open,1.0,0.4389999999999996
1.925,3,2.845751,255,open,1.0,1.9249999999999994
1.842,3,2.846646,275,open,1.0,1.8419999999999994
-0.147,3,2.847517,255,closed,0.0,-0.14700000000000046
2.451,3,2.848434,195,open,1.0,2.4509999999999996
2.202,3,2.849355,275,open,1.0,2.201999999999999
-0.037,3,2.850253,275,closed,0.0,-0.03700000000000059
2.451,3,2.851134,195,open,1.0,2.4509999999999996
0.143,3,2.852058,275,closed,0.0,0.14299999999999935
2.451,3,2.852927,195,open,1.0,2.4509999999999996
-3.885,3,2.853857,195,closed,0.0,-3.8850000000000002
1.925,3,2.854724,275,open,1.0,1.9249999999999994
1.662,3,2.855659,255,open,1.0,1.6619999999999995
2.022,3,2.85655,275,open,1.0,2.0219999999999994
-3.835,3,2.857427,195,closed,0.0,-3.835
1.925,3,2.858361,275,open,1.0,1.9249999999999994
2.451,3,2.859271,195,open,1.0,2.4509999999999996
-3.735,3,2.860138,195,closed,0.0,-3.7350000000000003
1.662,3,2.861058,255,closed,0.0,1.6619999999999995
1.662,3,2.861969,255,open,1.0,1.6619999999999995
2.451,3,2.86285,195,open,1.0,2.4509999999999996
1.662,3,2.863724,255,closed,0.0,1.6619999999999995
2.368,3,2.864663,275,open,1.0,2.3679999999999994
2.285,3,2.865573,275,open,1.0,2.2849999999999993
1.662,3,2.866459,255,closed,0.0,1.6619999999999995
1.662,3,3.007274,255,closed,0.0,1.6619999999999995
1.662,3,3.009049,255,closed,0.0,1.6619999999999995
2.188,3,3.010576,255,open,1.0,2.1879999999999993
1.925,3,3.01205,255,open,1.0,1.9249999999999994
-3.685,3,3.013459,195,closed,0.0,-3.6850000000000005
2.022,3,3.014768,275,closed,0.0,2.0219999999999994
1.662,3,3.016151,255,closed,0.0,1.6619999999999995
2.451,3,3.017386,195,open,1.0,2.4509999999999996
-3.735,3,3.018635,195,closed,0.0,-3.7350000000000003
0.239,3,3.019897,195,open,1.0,0.23899999999999966
1.662,3,3.021127,255,closed,0.0,1.6619999999999995
-0.147,3,3.022338,255,closed,0.0,-0.14700000000000046
2.022,3,3.023415,275,open,1.0,2.0219999999999994
-3.735,3,3.024388,195,closed,0.0,-3.7350000000000003
2.105,3,3.025408,275,open,1.0,2.1049999999999995
2.451,3,3.026371,195,open,1.0,2.4509999999999996
0.239,3,3.027342,195,open,1.0,0.23899999999999966
1.662,3,3.028354,255,closed,0.0,1.6619999999999995
-3.735,3,3.029296,195,closed,0.0,-3.7350000000000003
-3.885,3,3.030226,195,closed,0.0,-3.8850000000000002
1.662,3,3.031178,255,closed,0.0,1.6619999999999995
2.451,3,3.032121,195,open,1.0,2.4509999999999996
1.662,3,3.033042,255,open,1.0,1.6619999999999995
-3.685,3,3.033998,195,closed,0.0,-3.6850000000000005
2.022,3,3.034968,275,closed,0.0,2.0219999999999994
1.662,3,3.035914,255,closed,0.0,1.6619999999999995
-3.735,3,3.037108,195,closed,0.0,-3.7350000000000003
2.202,3,3.0383,275,closed,0.0,2.201999999999999
2.202,3,3.039309,275,open,1.0,2.201999999999999
-4.035,3,3.040318,195,closed,0.0,-4.035
1.842,3,3.041301,275,closed,0.0,1.8419999999999994
1.925,3,3.04226,275,open,1.0,1.9249999999999994
1.842,3,3.043251,275,closed,0.0,1.8419999999999994
2.202,3,3.044187,275,closed,0.0,2.201999999999999
2.022,3,3.045177,275,closed,0.0,2.0219999999999994
1.662,3,3.046104,255,closed,0.0,1.6619999999999995
2.022,3,3.047097,275,open,1.0,2.0219999999999994
1.662,3,3.048008,255,open,1.0,1.6619999999999995
-3.885,3,3.048959,195,closed,0.0,-3.8850000000000002
2.202,3,3.049876,275,closed,0.0,2.201999999999999
2.451,3,3.050795,195,open,1.0,2.4509999999999996
-3.885,3,3.051748,195,closed,0.0,-3.8850000000000002
2.202,3,3.052652,275,closed,0.0,2.201999999999999
2.105,3,3.053576,275,open,1.0,2.1049999999999995
-0.147,3,3.054537,255,closed,0.0,-0.14700000000000046
-3.685,3,3.055459,195,closed,0.0,-3.6850000000000005
2.022,3,3.056386,275,closed,0.0,2.0219999999999994
-3.735,3,3.05735,195,closed,0.0,-3.7350000000000003
-3.735,3,3.058247,195,closed,0.0,-3.7350000000000003
0.239,3,3.059197,195,open,1.0,0.23899999999999966
-3.685,3,3.060109,195,closed,0.0,-3.6850000000000005
1.662,3,3.061055,255,closed,0.0,1.6619999999999995
-3.735,3,3.06197,195,closed,0.0,-3.7350000000000003
1.842,3,3.06289,275,closed,0.0,1.8419999999999994
1.925,3,3.06384,255,open,1.0,1.9249999999999994
1.662,3,3.064727,255,closed,0.0,1.6619999999999995
2.022,3,3.065666,275,open,1.0,2.0219999999999994
1.662,3,3.066549,275,closed,0.0,1.6619999999999995
0.143,3,3.067456,275,closed,0.0,0.14299999999999935
2.368,3,3.06835,275,open,1.0,2.3679999999999994
-0.147,3,3.069233,255,closed,0.0,-0.14700000000000046
-3.885,3,3.070164,195,closed,0.0,-3.8850000000000002
2.368,3,3.071044,275,open,1.0,2.3679999999999994
1.662,3,3.071993,255,closed,0.0,1.6619999999999995
2.451,3,3.072896,195,open,1.0,2.4509999999999996
2.285,3,3.073768,275,open,1.0,2.2849999999999993
2.368,3,3.074712,275,open,1.0,2.3679999999999994
-0.147,3,3.075598,255,closed,0.0,-0.14700000000000046
2.105,3,3.076535,275,open,1.0,2.1049999999999995
2.188,3,3.077449,255,open,1.0,2.1879999999999997
-3.735,3,3.078332,195,closed,0.0,-3.7350000000000003
1.662,3,3.079274,255,closed,0.0,1.6619999999999995
2.285,3,3.080151,275,open,1.0,2.2849999999999993
2.022,3,3.081094,275,closed,0.0,2.0219999999999994
2.451,3,3.081995,195,open,1.0,2.4509999999999996
2.202,3,3.082884,275,closed,0.0,2.201999999999999
0.239,3,3.083769,195,open,1.0,0.23899999999999966
0.439,3,3.084711,195,open,1.0,0.4389999999999996
2.022,3,3.08562,275,closed,0.0,2.0219999999999994
2.202,3,3.086532,275,closed,0.0,2.201999999999999
1.925,3,3.087408,255,open,1.0,1.9249999999999994
1.662,3,3.088298,255,open,1.0,1.6619999999999995
2.105,3,3.08925,275,open,1.0,2.1049999999999995
1.662,3,3.090177,255,open,1.0,1.6619999999999995
1.662,3,3.091067,275,closed,0.0,1.6619999999999995
0.143,3,3.091938,275,closed,0.0,0.14299999999999935
1.842,3,3.09282,275,open,1.0,1.8419999999999994
1.925,3,3.093723,255,open,1.0,1.9249999999999994
2.451,3,3.09464,195,open,1.0,2.4509999999999996
1.662,3,3.095516,255,closed,0.0,1.6619999999999995
1.925,3,3.096449,275,open,1.0,1.9249999999999994
1.842,3,3.097362,275,closed,0.0,1.8419999999999994
2.451,3,3.098248,195,open,1.0,2.4509999999999996
1.662,3,3.099166,255,open,1.0,1.6619999999999995
1.925,3,3.100062,255,open,1.0,1.9249999999999994
2.451,3,3.100941,195,open,1.0,2.4509999999999996
1.662,3,3.101826,255,closed,0.0,1.6619999999999995
-0.197,3,3.102761,255,closed,0.0,-0.1970000000000005
2.451,3,3.103652,195,open,1.0,2.4509999999999996
0.239,3,3.10456,195,open,1.0,0.23899999999999966
1.662,3,3.105502,255,closed,0.0,1.6619999999999995
1.662,3,3.106404,255,closed,0.0,1.6619999999999995
-3.735,3,3.10735,195,closed,0.0,-3.7350000000000003
2.105,3,3.108239,275,open,1.0,2.1049999999999995
2.188,3,3.109154,255,open,1.0,2.1879999999999993
2.451,3,3.110035,195,open,1.0,2.4509999999999996
1.842,3,3.110985,275,closed,0.0,1.8419999999999994
2.285,3,3.111898,275,open,1.0,2.2849999999999993
1.925,3,3.112788,255,open,1.0,1.9249999999999994
2.022,3,3.113722,275,closed,0.0,2.0219999999999994
2.022,3,3.114606,275,closed,0.0,2.0219999999999994
-3.885,3,3.11555,195,closed,0.0,-3.8850000000000002
1.925,3,3.116434,255,open,1.0,1.9249999999999994
0.143,3,3.117324,275,closed,0.0,0.14299999999999935
2.202,3,3.118263,275,closed,0.0,2.201999999999999
1.662,3,3.119138,255,open,1.0,1.6619999999999995
2.022,3,3.120073,275,closed,0.0,2.0219999999999994
2.368,3,3.120965,275,open,1.0,2.3679999999999994
2.451,3,3.121846,195,open,1.0,2.4509999999999996
2.105,3,3.122785,275,open,1.0,2.1049999999999995
-3.735,3,3.123677,195,closed,0.0,-3.7350000000000003
1.662,3,3.124593,255,closed,0.0,1.6619999999999995
2.105,3,3.125492,275,open,1.0,2.1049999999999995
2.022,3,3.126375,275,closed,0.0,2.0219999999999994
-0.197,3,3.127308,255,closed,0.0,-0.1970000000000005
1.662,3,3.128222,255,closed,0.0,1.6619999999999995
1.842,3,3.12911,275,closed,0.0,1.8419999999999994
2.451,3,3.129992,195,open,1.0,2.4509999999999996
-0.147,3,3.130917,255,closed,0.0,-0.14700000000000046
0.439,3,3.131782,195,open,1.0,0.4389999999999996
-3.735,3,3.132707,195,closed,0.0,-3.7350000000000003
2.022,3,3.133601,275,closed,0.0,2.0219999999999994
2.022,3,3.134475,275,closed,0.0,2.0219999999999994
1.662,3,3.135419,255,closed,0.0,1.6619999999999995
2.451,3,3.136307,195,open,1.0,2.4509999999999996
2.451,3,3.13724,195,open,1.0,2.4509999999999996
1.662,3,3.138136,255,closed,0.0,1.6619999999999995
2.368,3,3.139037,275,open,1.0,2.3679999999999994
2.451,3,3.139936,195,open,1.0,2.4509999999999996
1.925,3,3.140838,255,open,1.0,1.9249999999999994
2.022,3,3.141717,275,closed,0.0,2.0219999999999994
-3.735,3,3.142637,195,closed,0.0,-3.7350000000000003
1.662,3,3.143534,255,open,1.0,1.6619999999999995
2.105,3,3.144434,275,open,1.0,2.1049999999999995
2.451,3,3.145378,195,open,1.0,2.4509999999999996
-3.685,3,3.146261,195,closed,0.0,-3.6850000000000005
-3.735,3,3.147194,195,closed,0.0,-3.7350000000000003
2.105,3,3.148102,275,open,1.0,2.1049999999999995
-0.147,3,3.148995,255,closed,0.0,-0.14700000000000046
1.842,3,3.149932,275,closed,0.0,1.8419999999999994
-0.197,3,3.1508,255,closed,0.0,-0.1970000000000005
-3.735,3,3.151746,195,closed,0.0,-3.7350000000000003
-3.735,3,3.152646,195,closed,0.0,-3.7350000000000003
1.925,3,3.153575,255,open,1.0,1.9249999999999994
1.662,3,3.154479,255,closed,0.0,1.6619999999999995
2.202,3,3.155451,275,closed,0.0,2.201999999999999
2.188,3,3.156346,255,open,1.0,2.1879999999999993
2.105,3,3.157279,275,open,1.0,2.1049999999999995
2.285,3,3.158174,275,open,1.0,2.2849999999999993
1.662,3,3.159111,255,closed,0.0,1.6619999999999995
0.143,3,3.160014,275,closed,0.0,0.14299999999999935
1.925,3,3.160895,255,open,1.0,1.9249999999999994
1.925,3,3.161835,255,open,1.0,1.9249999999999994
-3.735,3,3.16271,195,closed,0.0,-3.7350000000000003
2.105,3,3.163655,275,open,1.0,2.1049999999999995
1.662,3,3.164549,275,closed,0.0,1.6619999999999995
2.188,3,3.165464,255,open,1.0,2.1879999999999993
2.285,3,3.166353,275,open,1.0,2.2849999999999993
1.662,3,3.167238,255,open,1.0,1.6619999999999995
2.188,3,3.168183,275,open,1.0,2.1879999999999993
-3.735,3,3.169101,195,closed,0.0,-3.7350000000000003
2.105,3,3.310928,275,open,1.0,2.1049999999999995
1.662,3,3.312249,255,closed,0.0,1.6619999999999995
0.239,3,3.313423,195,open,1.0,0.23899999999999966
1.662,3,3.314588,255,closed,0.0,1.6619999999999995
2.451,3,3.315727,195,open,1.0,2.4509999999999996
2.451,3,3.316839,195,open,1.0,2.4509999999999996
-3.885,3,3.318015,195,closed,0.0,-3.8850000000000002
1.662,3,3.31916,255,open,1.0,1.6619999999999995
-3.735,3,3.32033,195,closed,0.0,-3.7350000000000003
2.368,3,3.321444,275,open,1.0,2.3679999999999994
2.202,3,3.322577,275,closed,0.0,2.201999999999999
2.022,3,3.323725,275,closed,0.0,2.0219999999999994
1.662,3,3.324726,255,open,1.0,1.6619999999999995
1.925,3,3.32565,275,open,1.0,1.9249999999999994
1.662,3,3.326629,255,closed,0.0,1.6619999999999995
1.662,3,3.327585,255,closed,0.0,1.6619999999999995
1.925,3,3.328528,255,open,1.0,1.9249999999999994
2.451,3,3.329467,195,open,1.0,2.4509999999999996
-3.735,3,3.330373,195,closed,0.0,-3.7350000000000003
2.188,3,3.331253,255,open,1.0,2.1879999999999993
-3.735,3,3.332192,195,closed,0.0,-3.7350000000000003
2.022,3,3.333113,275,open,1.0,2.0219999999999994
2.285,3,3.334002,275,open,1.0,2.2849999999999993
2.022,3,3.334944,275,closed,0.0,2.0219999999999994
-3.735,3,3.335841,195,closed,0.0,-3.7350000000000003
1.842,3,3.337882,275,closed,0.0,1.8419999999999994
2.285,3,3.339652,275,open,1.0,2.2849999999999993
2.188,3,3.341257,275,open,1.0,2.1879999999999993
1.662,3,3.342656,255,open,1.0,1.6619999999999995
2.202,3,3.343927,275,closed,0.0,2.201999999999999
2.451,3,3.345197,195,open,1.0,2.4509999999999996
-3.735,3,3.34648,195,closed,0.0,-3.7350000000000003
2.022,3,3.34769,275,closed,0.0,2.0219999999999994
2.188,3,3.348848,255,open,1.0,2.1879999999999993
2.022,3,3.349932,275,closed,0.0,2.0219999999999994
2.022,3,3.351074,275,closed,0.0,2.0219999999999994
-0.197,3,3.352132,255,closed,0.0,-0.1970000000000005
1.925,3,3.353154,255,open,1.0,1.9249999999999994
2.188,3,3.354195,255,open,1.0,2.1879999999999993
2.451,3,3.355188,195,open,1.0,2.4509999999999996
2.451,3,3.356161,195,open,1.0,2.4509999999999996
2.188,3,3.357146,255,open,1.0,2.1879999999999993
2.451,3,3.358085,195,open,1.0,2.4509999999999996
-0.147,3,3.359035,255,open,1.0,-0.14700000000000046
2.202,3,3.360029,275,open,1.0,2.201999999999999
-3.735,3,3.360981,195,closed,0.0,-3.7350000000000003
1.662,3,3.361919,255,closed,0.0,1.6619999999999995
1.925,3,3.362885,255,open,1.0,1.9249999999999994
-3.735,3,3.363795,195,closed,0.0,-3.7350000000000003
1.925,3,3.364819,255,open,1.0,1.9249999999999994
2.022,3,3.365778,275,closed,0.0,2.0219999999999994
2.451,3,3.366695,195,open,1.0,2.4509999999999996
2.105,3,3.367638,275,open,1.0,2.1049999999999995
2.188,3,3.368543,255,open,1.0,2.1879999999999993
2.202,3,3.369433,275,closed,0.0,2.201999999999999
2.202,3,3.370385,275,closed,0.0,2.201999999999999
1.662,3,3.371281,255,open,1.0,1.6619999999999995
-3.685,3,3.372223,195,closed,0.0,-3.6850000000000005
1.662,3,3.373137,255,closed,0.0,1.6619999999999995
1.662,3,3.374044,255,open,1.0,1.6619999999999995
-3.735,3,3.374994,195,closed,0.0,-3.7350000000000003
1.662,3,3.375881,255,closed,0.0,1.6619999999999995
1.662,3,3.376805,255,closed,0.0,1.6619999999999995
2.451,3,3.377711,195,open,1.0,2.4509999999999996
1.662,3,3.378649,255,closed,0.0,1.6619999999999995
2.202,3,3.379558,275,closed,0.0,2.201999999999999
1.662,3,3.380451,255,closed,0.0,1.6619999999999995
-0.147,3,3.381392,255,open,1.0,-0.14700000000000046
-3.885,3,3.38235,195,closed,0.0,-3.8850000000000002
2.285,3,3.383262,275,open,1.0,2.2849999999999993
1.662,3,3.384152,255,closed,0.0,1.6619999999999995
-0.147,3,3.385051,255,open,1.0,-0.14700000000000046
1.662,3,3.385924,255,closed,0.0,1.6619999999999995
-3.735,3,3.386829,195,closed,0.0,-3.7350000000000003
1.662,3,3.387722,255,closed,0.0,1.6619999999999995
2.022,3,3.388593,275,closed,0.0,2.0219999999999994
1.925,3,3.389525,255,open,1.0,1.9249999999999994
1.662,3,3.390425,255,closed,0.0,1.6619999999999995
2.105,3,3.391306,275,open,1.0,2.1049999999999995
2.285,3,3.392222,275,open,1.0,2.2849999999999993
2.451,3,3.393102,195,open,1.0,2.4509999999999996
0.379,3,3.393977,255,open,1.0,0.37899999999999956
2.202,3,3.39491,275,closed,0.0,2.201999999999999
0.239,3,3.39577,195,open,1.0,0.23899999999999966
2.202,3,3.396707,275,open,1.0,2.201999999999999
2.188,3,3.397602,255,open,1.0,2.1879999999999993
-3.735,3,3.398483,195,closed,0.0,-3.7350000000000003
2.105,3,3.399397,275,open,1.0,2.1049999999999995
1.662,3,3.400264,255,closed,0.0,1.6619999999999995
2.105,3,3.401182,275,open,1.0,2.1049999999999995
2.188,3,3.402099,255,open,1.0,2.1879999999999993
1.925,3,3.402984,255,open,1.0,1.9249999999999994
2.451,3,3.403854,195,open,1.0,2.4509999999999996
-3.885,3,3.404767,195,closed,0.0,-3.8850000000000002
1.662,3,3.405642,255,closed,0.0,1.6619999999999995
2.451,3,3.406563,195,open,1.0,2.4509999999999996
-3.685,3,3.40745,195,closed,0.0,-3.6850000000000005
-3.735,3,3.408329,195,closed,0.0,-3.7350000000000003
2.202,3,3.409232,275,open,1.0,2.201999999999999
2.022,3,3.410163,275,open,1.0,2.0219999999999994
0.439,3,3.411044,195,open,1.0,0.4389999999999996
2.451,3,3.411966,195,open,1.0,2.4509999999999996
2.451,3,3.412826,195,open,1.0,2.4509999999999996
1.925,3,3.413739,255,open,1.0,1.9249999999999994
-3.885,3,3.414632,195,closed,0.0,-3.8850000000000002
1.662,3,3.415517,255,open,1.0,1.6619999999999995
2.451,3,3.41648,195,open,1.0,2.4509999999999996
1.662,3,3.417406,255,closed,0.0,1.6619999999999995
1.662,3,3.418368,255,open,1.0,1.6619999999999995
2.451,3,3.419276,195,open,1.0,2.4509999999999996
1.662,3,3.420178,255,closed,0.0,1.6619999999999995
-3.735,3,3.421124,195,closed,0.0,-3.7350000000000003
1.662,3,3.422043,255,open,1.0,1.6619999999999995
1.662,3,3.422942,255,closed,0.0,1.6619999999999995
-0.147,3,3.423874,255,open,1.0,-0.14700000000000046
1.662,3,3.424745,255,closed,0.0,1.6619999999999995
2.451,3,3.425626,195,open,1.0,2.4509999999999996
1.842,3,3.426584,275,open,1.0,1.8419999999999994
1.925,3,3.427503,255,open,1.0,1.9249999999999994
2.202,3,3.428434,275,closed,0.0,2.201999999999999
2.285,3,3.429343,275,open,1.0,2.2849999999999993
-3.735,3,3.430223,195,closed,0.0,-3.7350000000000003
2.202,3,3.431159,275,closed,0.0,2.201999999999999
-3.685,3,3.432042,195,closed,0.0,-3.6850000000000005
-3.685,3,3.432941,195,closed,0.0,-3.6850000000000005
2.022,3,3.433836,275,open,1.0,2.0219999999999994
1.925,3,3.434777,255,open,1.0,1.9249999999999994
1.662,3,3.435666,255,closed,0.0,1.6619999999999995
1.662,3,3.436615,255,closed,0.0,1.6619999999999995
2.285,3,3.4375,275,open,1.0,2.2849999999999993
1.662,3,3.438431,255,closed,0.0,1.6619999999999995
1.662,3,3.439346,255,open,1.0,1.6619999999999995
1.662,3,3.440282,255,closed,0.0,1.6619999999999995
2.022,3,3.441166,275,closed,0.0,2.0219999999999994
-3.735,3,3.442062,195,closed,0.0,-3.7350000000000003
2.022,3,3.442982,275,closed,0.0,2.0219999999999994
1.662,3,3.443859,255,open,1.0,1.6619999999999995
2.451,3,3.444757,195,open,1.0,2.4509999999999996
2.022,3,3.445695,275,closed,0.0,2.0219999999999994
-3.885,3,3.446679,195,closed,0.0,-3.8850000000000002
2.022,3,3.447599,275,open,1.0,2.0219999999999994
2.451,3,3.448569,195,open,1.0,2.4509999999999996
1.842,3,3.449476,275,open,1.0,1.8419999999999994
2.451,3,3.450359,195,open,1.0,2.4509999999999996
2.188,3,3.451292,275,open,1.0,2.1879999999999993
0.239,3,3.452216,195,open,1.0,0.23899999999999966
1.662,3,3.45316,255,closed,0.0,1.6619999999999995
2.451,3,3.454092,195,open,1.0,2.4509999999999996
2.202,3,3.454973,275,closed,0.0,2.201999999999999
1.842,3,3.455915,275,open,1.0,1.8419999999999994
2.451,3,3.456837,195,open,1.0,2.4509999999999996
2.022,3,3.457703,275,closed,0.0,2.0219999999999994
1.662,3,3.45863,255,closed,0.0,1.6619999999999995
0.116,3,3.459524,255,open,1.0,0.11599999999999955
-3.885,3,3.460505,195,closed,0.0,-3.8850000000000002
1.925,3,3.461412,255,open,1.0,1.9249999999999994
2.022,3,3.462306,275,open,1.0,2.0219999999999994
1.842,3,3.463234,275,closed,0.0,1.8419999999999994
2.451,3,3.464127,195,open,1.0,2.4509999999999996
-3.885,3,3.465007,195,closed,0.0,-3.8850000000000002
1.842,3,3.465914,275,closed,0.0,1.8419999999999994
2.188,3,3.466774,255,open,1.0,2.1879999999999993
1.662,3,3.467681,255,closed,0.0,1.6619999999999995
2.451,3,3.468598,195,open,1.0,2.4509999999999996
2.451,3,3.469477,195,open,1.0,2.4509999999999996
2.451,3,3.470385,195,open,1.0,2.4509999999999996
1.925,3,3.471274,255,open,1.0,1.9249999999999994
1.662,3,3.472171,255,closed,0.0,1.6619999999999995
2.202,3,3.473129,275,closed,0.0,2.201999999999999
2.188,3,3.474027,275,open,1.0,2.1879999999999993
2.188,3,3.626137,255,open,1.0,2.1879999999999993
2.285,3,3.627899,275,open,1.0,2.2849999999999993
0.439,3,3.62952,195,open,1.0,0.4389999999999996
-3.735,3,3.631134,195,closed,0.0,-3.7350000000000003
1.662,3,3.63273,255,closed,0.0,1.6619999999999995
1.662,3,3.634326,255,closed,0.0,1.6619999999999995
-0.147,3,3.63593,255,closed,0.0,-0.14700000000000046
2.368,3,3.637515,275,open,1.0,2.3679999999999994
2.451,3,3.639062,195,open,1.0,2.4509999999999996
1.662,3,3.640597,255,closed,0.0,1.6619999999999995
2.022,3,3.642136,275,closed,0.0,2.0219999999999994
2.451,3,3.643663,195,open,1.0,2.4509999999999996
1.662,3,3.645204,255,closed,0.0,1.6619999999999995
1.662,3,3.646735,255,closed,0.0,1.6619999999999995
2.022,3,3.648278,275,closed,0.0,2.0219999999999994
2.202,3,3.649802,275,closed,0.0,2.201999999999999
0.143,3,3.651837,275,closed,0.0,0.14299999999999935
1.925,3,3.653941,255,open,1.0,1.9249999999999994
2.188,3,3.655596,255,open,1.0,2.1879999999999997
-3.735,3,3.657112,195,closed,0.0,-3.7350000000000003
0.116,3,3.658591,255,open,1.0,0.11599999999999955
-3.735,3,3.659913,195,closed,0.0,-3.7350000000000003
2.105,3,3.661231,275,open,1.0,2.1049999999999995
0.116,3,3.662468,255,open,1.0,0.11599999999999944
2.202,3,3.663709,275,closed,0.0,2.201999999999999
2.451,3,3.664888,195,open,1.0,2.4509999999999996
2.285,3,3.666004,275,open,1.0,2.2849999999999993
-3.735,3,3.667158,195,closed,0.0,-3.7350000000000003
2.105,3,3.668308,275,open,1.0,2.1049999999999995
1.842,3,3.669356,275,closed,0.0,1.8419999999999994
2.368,3,3.670402,275,open,1.0,2.3679999999999994
2.202,3,3.671415,275,closed,0.0,2.201999999999999
2.451,3,3.672988,195,open,1.0,2.4509999999999996
2.188,3,3.674147,275,open,1.0,2.1879999999999993
2.188,3,3.675205,255,open,1.0,2.1879999999999993
-3.735,3,3.676256,195,closed,0.0,-3.7350000000000003
2.451,3,3.677253,195,open,1.0,2.4509999999999996
2.188,3,3.678233,255,open,1.0,2.1879999999999993
-3.835,3,3.67928,195,closed,0.0,-3.835
2.202,3,3.680264,275,closed,0.0,2.201999999999999
1.662,3,3.681263,255,closed,0.0,1.6619999999999995
2.368,3,3.682633,275,open,1.0,2.3679999999999994
2.368,3,3.683622,275,open,1.0,2.3679999999999994
1.842,3,3.684568,275,closed,0.0,1.8419999999999994
2.451,3,3.68549,195,open,1.0,2.4509999999999996
1.662,3,3.686431,255,closed,0.0,1.6619999999999995
2.188,3,3.68733,275,open,1.0,2.1879999999999993
-3.685,3,3.688212,195,closed,0.0,-3.6850000000000005
2.202,3,3.689154,275,closed,0.0,2.201999999999999
1.925,3,3.690051,255,open,1.0,1.9249999999999994
2.202,3,3.690927,275,closed,0.0,2.201999999999999
2.202,3,3.691825,275,closed,0.0,2.201999999999999
2.368,3,3.692708,275,open,1.0,2.3679999999999994
2.022,3,3.6936,275,open,1.0,2.0219999999999994
2.451,3,3.694516,275,open,1.0,2.4509999999999996
1.662,3,3.695406,255,open,1.0,1.6619999999999995
1.662,3,3.696289,255,closed,0.0,1.6619999999999995
-3.735,3,3.697218,195,closed,0.0,-3.7350000000000003
-3.885,3,3.69813,195,closed,0.0,-3.8850000000000002
2.022,3,3.698998,275,closed,0.0,2.0219999999999994
1.925,3,3.699933,255,open,1.0,1.9249999999999994
2.202,3,3.700804,275,closed,0.0,2.201999999999999
2.188,3,3.70171,275,open,1.0,2.1879999999999993
-0.147,3,3.70258,255,closed,0.0,-0.14700000000000046
1.662,3,3.703479,255,open,1.0,1.6619999999999995
2.105,3,3.704359,275,open,1.0,2.1049999999999995
2.188,3,3.705212,255,open,1.0,2.1879999999999993
1.925,3,3.706137,255,open,1.0,1.9249999999999994
2.202,3,3.706994,275,closed,0.0,2.201999999999999
2.022,3,3.70788,275,closed,0.0,2.0219999999999994
2.451,3,3.708719,195,open,1.0,2.4509999999999996
2.022,3,3.70963,275,closed,0.0,2.0219999999999994
1.662,3,3.710517,255,closed,0.0,1.6619999999999995
1.662,3,3.711383,255,closed,0.0,1.6619999999999995
1.662,3,3.712257,255,closed,0.0,1.6619999999999995
1.925,3,3.713122,255,open,1.0,1.9249999999999994
1.662,3,3.714003,255,open,1.0,1.6619999999999995
2.188,3,3.714867,255,open,1.0,2.1879999999999993
2.188,3,3.715717,255,open,1.0,2.1879999999999993
1.662,3,3.716561,255,closed,0.0,1.6619999999999995
2.285,3,3.717409,275,open,1.0,2.2849999999999993
2.285,3,3.71832,275,open,1.0,2.2849999999999993
2.451,3,3.719218,195,open,1.0,2.4509999999999996
2.022,3,3.720078,275,closed,0.0,2.0219999999999994
2.105,3,3.720944,275,open,1.0,2.1049999999999995
-3.685,3,3.721784,195,closed,0.0,-3.6850000000000005
-0.147,3,3.722722,255,open,1.0,-0.14700000000000046
1.662,3,3.723628,255,closed,0.0,1.6619999999999995
2.451,3,3.724515,195,open,1.0,2.4509999999999996
2.202,3,3.725432,275,open,1.0,2.201999999999999
-3.885,3,3.726299,195,closed,0.0,-3.8850000000000002
2.022,3,3.727176,275,open,1.0,2.0219999999999994
1.925,3,3.728035,255,open,1.0,1.9249999999999994
2.022,3,3.728909,275,closed,0.0,2.0219999999999994
2.368,3,3.72979,275,open,1.0,2.3679999999999994
1.662,3,3.73065,255,closed,0.0,1.6619999999999995
2.451,3,3.731503,195,open,1.0,2.4509999999999996
2.105,3,3.732412,275,open,1.0,2.1049999999999995
2.285,3,3.733301,275,open,1.0,2.2849999999999993
2.368,3,3.734167,275,open,1.0,2.3679999999999994
1.842,3,3.735082,275,open,1.0,1.8419999999999994
-3.735,3,3.73595,195,closed,0.0,-3.7350000000000003
2.188,3,3.736877,255,open,1.0,2.1879999999999993
2.202,3,3.737755,275,closed,0.0,2.201999999999999
2.451,3,3.738637,195,open,1.0,2.4509999999999996
2.451,3,3.739578,195,open,1.0,2.4509999999999996
-0.147,3,3.740436,255,closed,0.0,-0.14700000000000046
2.285,3,3.741352,275,open,1.0,2.2849999999999993
1.662,3,3.742238,255,closed,0.0,1.6619999999999995
2.451,3,3.743109,195,open,1.0,2.4509999999999996
2.368,3,3.74401,275,open,1.0,2.3679999999999994
2.451,3,3.744876,195,open,1.0,2.4509999999999996
1.662,3,3.745734,255,open,1.0,1.6619999999999995
1.662,3,3.746629,255,closed,0.0,1.6619999999999995
-0.147,3,3.747488,255,closed,0.0,-0.14700000000000046
1.925,3,3.748352,255,open,1.0,1.9249999999999994
-3.735,3,3.749226,195,closed,0.0,-3.7350000000000003
2.451,3,3.750081,195,open,1.0,2.4509999999999996
2.188,3,3.750965,255,open,1.0,2.1879999999999993
2.188,3,3.751836,255,open,1.0,2.1879999999999993
2.188,3,3.752687,255,open,1.0,2.1879999999999993
2.368,3,3.753601,275,open,1.0,2.3679999999999994
2.202,3,3.754506,275,closed,0.0,2.201999999999999
-3.735,3,3.755397,195,closed,0.0,-3.7350000000000003
0.239,3,3.756339,195,open,1.0,0.23899999999999966
2.188,3,3.757226,255,open,1.0,2.1879999999999993
2.105,3,3.758088,275,open,1.0,2.1049999999999995
2.188,3,3.758986,255,open,1.0,2.1879999999999993
2.451,3,3.759852,195,open,1.0,2.4509999999999996
2.451,3,3.760722,195,open,1.0,2.4509999999999996
-0.147,3,3.761616,255,closed,0.0,-0.14700000000000046
2.451,3,3.762483,195,open,1.0,2.4509999999999996
2.105,3,3.763363,275,open,1.0,2.1049999999999995
2.451,3,3.764232,195,open,1.0,2.4509999999999996
2.202,3,3.765103,275,closed,0.0,2.201999999999999
2.202,3,3.765989,275,closed,0.0,2.201999999999999
2.188,3,3.766894,255,open,1.0,2.1879999999999993
-3.885,3,3.767806,195,closed,0.0,-3.8850000000000002
2.285,3,3.768711,275,open,1.0,2.2849999999999993
2.022,3,3.769586,275,closed,0.0,2.0219999999999994
2.368,3,3.770468,275,open,1.0,2.3679999999999994
2.451,3,3.771333,195,open,1.0,2.4509999999999996
-0.197,3,3.772202,255,closed,0.0,-0.1970000000000005
2.368,3,3.773121,275,open,1.0,2.3679999999999994
1.842,3,3.774004,275,open,1.0,1.8419999999999994
2.451,3,3.774882,275,open,1.0,2.4509999999999996
2.105,3,3.77576,275,open,1.0,2.1049999999999995
1.925,3,3.776615,255,open,1.0,1.9249999999999994
2.202,3,3.777513,275,closed,0.0,2.201999999999999
1.662,3,3.778388,255,closed,0.0,1.6619999999999995
-3.735,3,3.779242,195,closed,0.0,-3.7350000000000003
2.022,3,3.780102,275,closed,0.0,2.0219999999999994
1.662,3,3.780983,255,closed,0.0,1.6619999999999995
2.451,3,3.781852,195,open,1.0,2.4509999999999996
2.451,3,3.782763,195,open,1.0,2.4509999999999996
2.188,3,3.783651,255,open,1.0,2.1879999999999993
2.451,3,3.784526,195,open,1.0,2.4509999999999996
2.188,3,3.785449,255,open,1.0,2.1879999999999993
2.105,3,3.786337,275,open,1.0,2.1049999999999995
2.285,3,3.787192,275,open,1.0,2.2849999999999993
1.925,3,3.788114,255,open,1.0,1.9249999999999994
2.202,3,3.788991,275,closed,0.0,2.201999999999999
1.662,3,3.78987,255,closed,0.0,1.6619999999999995
-3.735,3,3.790777,195,closed,0.0,-3.7350000000000003
2.451,3,3.791643,195,open,1.0,2.4509999999999996
2.451,3,3.792545,195,open,1.0,2.4509999999999996
-3.885,3,3.793406,195,closed,0.0,-3.8850000000000002
2.188,3,3.794275,255,open,1.0,2.1879999999999993
1.662,3,3.795135,255,closed,0.0,1.6619999999999995
2.188,3,3.79599,255,open,1.0,2.1879999999999993
2.451,3,3.796908,195,open,1.0,2.4509999999999996
2.451,3,3.925645,195,open,1.0,2.4509999999999996
-3.735,3,3.926888,195,closed,0.0,-3.7350000000000003
1.662,3,3.928115,255,closed,0.0,1.6619999999999995
2.451,3,3.929315,195,open,1.0,2.4509999999999996
-3.735,3,3.930417,195,closed,0.0,-3.7350000000000003
2.022,3,3.931556,275,open,1.0,2.0219999999999994
2.022,3,3.932632,275,closed,0.0,2.0219999999999994
1.925,3,3.933787,255,open,1.0,1.9249999999999994
2.451,3,3.934933,195,open,1.0,2.4509999999999996
2.451,3,3.936014,195,open,1.0,2.4509999999999996
2.451,3,3.937111,195,open,1.0,2.4509999999999996
1.662,3,3.938197,255,closed,0.0,1.6619999999999995
1.842,3,3.939205,275,open,1.0,1.8419999999999994
2.451,3,3.940124,195,open,1.0,2.4509999999999996
2.451,3,3.941005,195,open,1.0,2.4509999999999996
2.285,3,3.941912,275,open,1.0,2.2849999999999993
1.925,3,3.942846,255,open,1.0,1.9249999999999994
2.202,3,3.943725,275,open,1.0,2.201999999999999
2.188,3,3.944668,255,open,1.0,2.1879999999999993
2.451,3,3.94556,195,open,1.0,2.4509999999999996
-3.735,3,3.946455,195,closed,0.0,-3.7350000000000003
2.368,3,3.947349,275,open,1.0,2.3679999999999994
2.451,3,3.948289,195,open,1.0,2.4509999999999996
1.925,3,3.94917,255,open,1.0,1.9249999999999994
2.368,3,3.950111,275,open,1.0,2.3679999999999994
2.451,3,3.951004,195,open,1.0,2.4509999999999996
1.842,3,3.951904,275,open,1.0,1.8419999999999994
1.662,3,3.952816,255,closed,0.0,1.6619999999999995
1.662,3,3.953719,255,open,1.0,1.6619999999999995
-3.885,3,3.95465,195,closed,0.0,-3.8850000000000002
1.662,3,3.955534,255,closed,0.0,1.6619999999999995
-3.735,3,3.956432,195,closed,0.0,-3.7350000000000003
-3.735,3,3.957306,195,closed,0.0,-3.7350000000000003
1.925,3,3.958173,255,open,1.0,1.9249999999999994
1.662,3,3.959096,255,closed,0.0,1.6619999999999995
1.662,3,3.959996,255,closed,0.0,1.6619999999999995
2.285,3,3.960871,275,open,1.0,2.2849999999999993
2.451,3,3.961817,195,open,1.0,2.4509999999999996
2.451,3,3.962718,195,open,1.0,2.4509999999999996
2.368,3,3.963612,275,open,1.0,2.3679999999999994
2.022,3,3.964488,275,closed,0.0,2.0219999999999994
2.368,3,3.965411,275,open,1.0,2.3679999999999994
-3.735,3,3.966291,195,closed,0.0,-3.7350000000000003
2.188,3,3.967247,255,open,1.0,2.1879999999999993
-3.735,3,3.968202,195,closed,0.0,-3.7350000000000003
0.239,3,3.969113,195,open,1.0,0.23899999999999966
2.451,3,3.970066,195,open,1.0,2.4509999999999996
-0.197,3,3.970997,255,closed,0.0,-0.1970000000000005
2.285,3,3.971905,275,open,1.0,2.2849999999999993
2.451,3,3.972857,195,open,1.0,2.4509999999999996
2.285,3,3.973732,275,open,1.0,2.2849999999999993
1.662,3,3.974672,255,closed,0.0,1.6619999999999995
-3.735,3,3.975612,195,closed,0.0,-3.7350000000000003
2.285,3,3.9765,275,open,1.0,2.2849999999999993
1.662,3,3.977442,255,closed,0.0,1.6619999999999995
1.842,3,3.978387,275,closed,0.0,1.8419999999999994
2.202,3,3.979296,275,closed,0.0,2.201999999999999
1.925,3,3.980214,255,open,1.0,1.9249999999999994
2.188,3,3.981094,255,open,1.0,2.1879999999999993
-3.735,3,3.982032,195,closed,0.0,-3.7350000000000003
1.662,3,3.982932,255,closed,0.0,1.6619999999999995
1.662,3,3.983818,255,closed,0.0,1.6619999999999995
1.925,3,3.984759,255,open,1.0,1.9249999999999994
2.202,3,3.985665,275,closed,0.0,2.201999999999999
2.451,3,3.986561,195,open,1.0,2.4509999999999996
-3.735,3,3.987538,195,closed,0.0,-3.7350000000000003
1.662,3,3.988458,255,closed,0.0,1.6619999999999995
1.925,3,3.98935,255,open,1.0,1.9249999999999994
2.451,3,3.99025,195,open,1.0,2.4509999999999996
1.925,3,3.991181,255,open,1.0,1.9249999999999994
1.662,3,3.992077,255,closed,0.0,1.6619999999999995
2.202,3,3.993013,275,closed,0.0,2.201999999999999
-3.735,3,3.993929,195,closed,0.0,-3.7350000000000003
1.925,3,3.994879,255,open,1.0,1.9249999999999994
2.202,3,3.995789,275,closed,0.0,2.201999999999999
2.451,3,3.99668,195,open,1.0,2.4509999999999996
1.662,3,3.997619,255,closed,0.0,1.6619999999999995
1.662,3,3.99851,255,closed,0.0,1.6619999999999995
0.379,3,3.999435,255,open,1.0,0.37899999999999956
0.239,3,4.00034,195,open,1.0,0.23899999999999966
-3.835,3,4.001219,195,closed,0.0,-3.835
1.925,3,4.002166,255,open,1.0,1.9249999999999994
2.451,3,4.003067,195,open,1.0,2.4509999999999996
1.662,3,4.003962,255,closed,0.0,1.6619999999999995
-3.685,3,4.004888,195,closed,0.0,-3.6850000000000005
2.451,3,4.005788,195,open,1.0,2.4509999999999996
2.105,3,4.006671,275,open,1.0,2.1049999999999995
2.105,3,4.007572,275,open,1.0,2.1049999999999995
2.022,3,4.008516,275,closed,0.0,2.0219999999999994
2.451,3,4.009438,195,open,1.0,2.4509999999999996
2.368,3,4.010332,275,open,1.0,2.3679999999999994
2.451,3,4.011267,195,open,1.0,2.4509999999999996
2.451,3,4.01215,195,open,1.0,2.4509999999999996
2.202,3,4.013076,275,closed,0.0,2.201999999999999
-3.735,3,4.013958,195,closed,0.0,-3.7350000000000003
2.285,3,4.014847,275,open,1.0,2.2849999999999993
2.451,3,4.015727,255,open,1.0,2.4509999999999996
2.022,3,4.01661,275,closed,0.0,2.0219999999999994
1.662,3,4.017551,255,closed,0.0,1.6619999999999995
-3.885,3,4.018454,195,closed,0.0,-3.8850000000000002
2.105,3,4.019338,275,open,1.0,2.1049999999999995
2.188,3,4.020276,255,open,1.0,2.1879999999999993
2.188,3,4.021154,255,open,1.0,2.1879999999999993
2.451,3,4.022089,195,open,1.0,2.4509999999999996
-3.735,3,4.022978,195,closed,0.0,-3.7350000000000003
2.202,3,4.023882,275,closed,0.0,2.201999999999999
1.662,3,4.02475,255,closed,0.0,1.6619999999999995
-0.197,3,4.025622,255,closed,0.0,-0.1970000000000005
0.439,3,4.026515,195,open,1.0,0.4389999999999996
2.451,3,4.027395,195,open,1.0,2.4509999999999996
-3.885,3,4.028347,195,closed,0.0,-3.8850000000000002
2.451,3,4.029281,195,open,1.0,2.4509999999999996
2.022,3,4.030183,275,closed,0.0,2.0219999999999994
-3.685,3,4.031132,195,closed,0.0,-3.6850000000000005
2.188,3,4.032021,255,open,1.0,2.1879999999999993
2.022,3,4.032935,275,closed,0.0,2.0219999999999994
2.188,3,4.03382,255,open,1.0,2.1879999999999993
1.662,3,4.034712,255,open,1.0,1.6619999999999995
2.451,3,4.03566,195,open,1.0,2.4509999999999996
2.022,3,4.036544,275,closed,0.0,2.0219999999999994
1.662,3,4.03748,255,closed,0.0,1.6619999999999995
1.925,3,4.038361,255,open,1.0,1.9249999999999994
2.451,3,4.039314,195,open,1.0,2.4509999999999996
1.662,3,4.040206,255,closed,0.0,1.6619999999999995
1.662,3,4.041143,255,open,1.0,1.6619999999999995
2.202,3,4.042024,275,closed,0.0,2.201999999999999
2.188,3,4.042904,255,open,1.0,2.1879999999999993
2.451,3,4.043804,195,open,1.0,2.4509999999999996
1.662,3,4.044714,255,closed,0.0,1.6619999999999995
-3.735,3,4.045636,195,closed,0.0,-3.7350000000000003
2.285,3,4.04654,275,open,1.0,2.2849999999999993
1.925,3,4.047445,255,open,1.0,1.9249999999999994
2.451,3,4.04832,195,open,1.0,2.4509999999999996
1.925,3,4.049263,255,open,1.0,1.9249999999999994
1.925,3,4.050202,255,open,1.0,1.9249999999999994
2.022,3,4.051104,275,closed,0.0,2.0219999999999994
2.285,3,4.052048,275,open,1.0,2.2849999999999993
2.188,3,4.052954,255,open,1.0,2.1879999999999993
2.022,3,4.05384,275,closed,0.0,2.0219999999999994
2.022,3,4.05476,275,closed,0.0,2.0219999999999994
-3.885,3,4.055697,195,closed,0.0,-3.8850000000000002
2.451,3,4.056592,195,open,1.0,2.4509999999999996
1.662,3,4.057534,255,closed,0.0,1.6619999999999995
2.368,3,4.05842,275,open,1.0,2.3679999999999994
2.202,3,4.059364,275,closed,0.0,2.201999999999999
2.202,3,4.060313,275,open,1.0,2.201999999999999
-3.735,3,4.061239,195,closed,0.0,-3.7350000000000003
2.368,3,4.062187,275,open,1.0,2.3679999999999994
-3.735,3,4.063091,195,closed,0.0,-3.7350000000000003
1.662,3,4.063994,255,closed,0.0,1.6619999999999995
2.202,3,4.064906,275,closed,0.0,2.201999999999999
2.188,3,4.065808,255,open,1.0,2.1879999999999993
2.202,3,4.066692,275,closed,0.0,2.201999999999999
1.662,3,4.067599,255,closed,0.0,1.6619999999999995
2.451,3,4.068499,195,open,1.0,2.4509999999999996
1.925,3,4.069396,255,open,1.0,1.9249999999999994
2.285,3,4.070282,275,open,1.0,2.2849999999999993
2.202,3,4.071223,275,closed,0.0,2.201999999999999
2.451,3,4.072118,195,open,1.0,2.4509999999999996
2.368,3,4.073031,275,open,1.0,2.3679999999999994
2.202,3,4.073984,275,closed,0.0,2.201999999999999
0.239,3,4.074857,195,open,1.0,0.23899999999999966
2.451,3,4.07578,195,open,1.0,2.4509999999999996
2.285,3,4.076703,275,open,1.0,2.2849999999999993
1.925,3,4.077629,255,open,1.0,1.9249999999999994
2.285,3,4.078567,275,open,1.0,2.2849999999999993
-3.735,3,4.079485,195,closed,0.0,-3.7350000000000003
2.451,3,4.080379,195,open,1.0,2.4509999999999996
2.451,3,4.081286,195,open,1.0,2.4509999999999996
2.188,3,4.082261,255,open,1.0,2.1879999999999993
2.451,3,4.083192,195,open,1.0,2.4509999999999996
2.188,3,4.240295,255,open,1.0,2.1879999999999993
-3.735,3,4.242038,195,closed,0.0,-3.7350000000000003
2.285,3,4.243682,275,open,1.0,2.2849999999999993
-3.735,3,4.245309,195,closed,0.0,-3.7350000000000003
2.202,3,4.246923,275,closed,0.0,2.201999999999999
2.202,3,4.248523,275,closed,0.0,2.201999999999999
2.188,3,4.250142,255,open,1.0,2.1879999999999993
2.451,3,4.251697,195,open,1.0,2.4509999999999996
2.451,3,4.253245,195,open,1.0,2.4509999999999996
2.451,3,4.254787,195,open,1.0,2.4509999999999996
-3.735,3,4.256342,195,closed,0.0,-3.7350000000000003
2.188,3,4.257899,255,open,1.0,2.1879999999999993
2.188,3,4.259441,275,open,1.0,2.1879999999999993
2.451,3,4.260984,195,open,1.0,2.4509999999999996
2.368,3,4.262521,275,open,1.0,2.3679999999999994
1.662,3,4.264224,255,closed,0.0,1.6619999999999995
2.451,3,4.265354,195,open,1.0,2.4509999999999996
1.662,3,4.266362,255,closed,0.0,1.6619999999999995
2.188,3,4.267316,255,open,1.0,2.1879999999999993
-0.197,3,4.268343,255,closed,0.0,-0.1970000000000005
2.368,3,4.269333,275,open,1.0,2.3679999999999994
2.451,3,4.270333,195,open,1.0,2.4509999999999996
-3.735,3,4.27135,195,closed,0.0,-3.7350000000000003
2.105,3,4.272375,275,open,1.0,2.1049999999999995
1.925,3,4.273391,255,open,1.0,1.9249999999999994
2.202,3,4.274391,275,closed,0.0,2.201999999999999
1.662,3,4.275318,255,closed,0.0,1.6619999999999995
2.451,3,4.276268,195,open,1.0,2.4509999999999996
2.188,3,4.277205,255,open,1.0,2.1879999999999993
2.368,3,4.278131,275,open,1.0,2.3679999999999994
2.451,3,4.279044,195,open,1.0,2.4509999999999996
2.202,3,4.279978,275,closed,0.0,2.201999999999999
1.662,3,4.280909,255,closed,0.0,1.6619999999999995
-0.197,3,4.281808,255,closed,0.0,-0.1970000000000005
2.368,3,4.282787,275,open,1.0,2.3679999999999994
1.842,3,4.283722,275,closed,0.0,1.8419999999999994
1.925,3,4.284638,255,open,1.0,1.9249999999999994
2.022,3,4.285604,275,closed,0.0,2.0219999999999994
2.451,3,4.286491,195,open,1.0,2.4509999999999996
2.451,3,4.287433,195,open,1.0,2.4509999999999996
1.662,3,4.288322,255,closed,0.0,1.6619999999999995
2.285,3,4.289237,275,open,1.0,2.2849999999999993
1.662,3,4.290117,255,closed,0.0,1.6619999999999995
2.285,3,4.291052,275,open,1.0,2.2849999999999993
1.925,3,4.291938,255,open,1.0,1.9249999999999994
2.022,3,4.29289,275,closed,0.0,2.0219999999999994
2.188,3,4.293776,255,open,1.0,2.1879999999999993
1.925,3,4.294668,255,open,1.0,1.9249999999999994
1.662,3,4.295563,255,closed,0.0,1.6619999999999995
2.188,3,4.296446,255,open,1.0,2.1879999999999993
-3.735,3,4.297395,195,closed,0.0,-3.7350000000000003
2.451,3,4.298302,195,open,1.0,2.4509999999999996
2.202,3,4.299185,275,open,1.0,2.201999999999999
2.451,3,4.3001,255,open,1.0,2.4509999999999996
1.662,3,4.300989,255,closed,0.0,1.6619999999999995
2.285,3,4.301863,275,open,1.0,2.2849999999999993
1.925,3,4.302787,255,open,1.0,1.9249999999999994
2.451,3,4.303701,195,open,1.0,2.4509999999999996
1.662,3,4.304603,255,open,1.0,1.6619999999999995
1.925,3,4.305491,255,open,1.0,1.9249999999999994
2.451,3,4.306415,195,open,1.0,2.4509999999999996
-3.735,3,4.307359,195,closed,0.0,-3.7350000000000003
2.202,3,4.308244,275,closed,0.0,2.201999999999999
1.925,3,4.309136,255,open,1.0,1.9249999999999994
-3.785,3,4.310008,195,closed,0.0,-3.785
-3.735,3,4.310877,195,closed,0.0,-3.7350000000000003
1.662,3,4.311803,255,open,1.0,1.6619999999999995
-3.685,3,4.31268,195,closed,0.0,-3.6850000000000005
2.368,3,4.313618,275,open,1.0,2.3679999999999994
2.202,3,4.314557,275,closed,0.0,2.201999999999999
2.451,3,4.315444,195,open,1.0,2.4509999999999996
2.202,3,4.31638,275,closed,0.0,2.201999999999999
1.662,3,4.317269,255,open,1.0,1.6619999999999995
1.842,3,4.318158,275,closed,0.0,1.8419999999999994
2.188,3,4.319039,255,open,1.0,2.1879999999999993
1.662,3,4.319903,255,closed,0.0,1.6619999999999995
2.451,3,4.320829,195,open,1.0,2.4509999999999996
-3.885,3,4.321705,195,closed,0.0,-3.8850000000000002
1.925,3,4.322638,255,open,1.0,1.9249999999999994
2.188,3,4.323515,255,open,1.0,2.1879999999999993
2.202,3,4.324449,275,closed,0.0,2.201999999999999
1.662,3,4.325342,255,closed,0.0,1.6619999999999995
2.451,3,4.326236,195,open,1.0,2.4509999999999996
2.202,3,4.327513,275,closed,0.0,2.201999999999999
2.285,3,4.32852,275,open,1.0,2.2849999999999993
2.188,3,4.329425,255,open,1.0,2.1879999999999993
0.116,3,4.330375,255,open,1.0,0.11599999999999955
2.451,3,4.331293,195,open,1.0,2.4509999999999996
2.202,3,4.332188,275,closed,0.0,2.201999999999999
2.451,3,4.333103,195,open,1.0,2.4509999999999996
2.022,3,4.333988,275,closed,0.0,2.0219999999999994
1.662,3,4.334883,255,closed,0.0,1.6619999999999995
-3.735,3,4.335753,195,closed,0.0,-3.7350000000000003
2.202,3,4.336702,275,closed,0.0,2.201999999999999
2.451,3,4.337574,195,open,1.0,2.4509999999999996
-3.735,3,4.33851,195,closed,0.0,-3.7350000000000003
2.202,3,4.339415,275,closed,0.0,2.201999999999999
2.105,3,4.340302,275,open,1.0,2.1049999999999995
2.368,3,4.341241,275,open,1.0,2.3679999999999994
1.662,3,4.342119,255,closed,0.0,1.6619999999999995
2.022,3,4.34306,275,closed,0.0,2.0219999999999994
2.368,3,4.343974,275,open,1.0,2.3679999999999994
1.662,3,4.344877,255,closed,0.0,1.6619999999999995
1.662,3,4.345779,255,open,1.0,1.6619999999999995
1.925,3,4.346822,255,open,1.0,1.9249999999999994
1.925,3,4.347703,255,open,1.0,1.9249999999999994
2.022,3,4.348603,275,closed,0.0,2.0219999999999994
2.202,3,4.349508,275,closed,0.0,2.201999999999999
1.662,3,4.35038,255,closed,0.0,1.6619999999999995
2.451,3,4.351305,195,open,1.0,2.4509999999999996
1.662,3,4.352162,255,closed,0.0,1.6619999999999995
0.439,3,4.353088,195,open,1.0,0.4389999999999996
1.662,3,4.354028,255,closed,0.0,1.6619999999999995
2.451,3,4.354924,195,open,1.0,2.4509999999999996
-3.885,3,4.355838,195,closed,0.0,-3.8850000000000002
2.451,3,4.356785,255,open,1.0,2.4509999999999996
2.202,3,4.35768,275,open,1.0,2.201999999999999
1.925,3,4.358546,255,open,1.0,1.9249999999999994
2.451,3,4.359471,255,open,1.0,2.4509999999999996
2.188,3,4.360322,255,open,1.0,2.1879999999999993
-3.885,3,4.361228,195,closed,0.0,-3.8850000000000002
2.202,3,4.362129,275,open,1.0,2.201999999999999
-3.735,3,4.363049,195,closed,0.0,-3.7350000000000003
2.022,3,4.363941,275,closed,0.0,2.0219999999999994
2.451,3,4.364865,195,open,1.0,2.4509999999999996
2.188,3,4.365736,255,open,1.0,2.1879999999999993
-3.735,3,4.366688,195,closed,0.0,-3.7350000000000003
-3.735,3,4.367594,195,closed,0.0,-3.7350000000000003
-3.735,3,4.368462,195,closed,0.0,-3.7350000000000003
2.022,3,4.369391,275,open,1.0,2.0219999999999994
-3.735,3,4.37026,195,closed,0.0,-3.7350000000000003
2.202,3,4.371189,275,closed,0.0,2.201999999999999
2.451,3,4.372108,195,open,1.0,2.4509999999999996
1.842,3,4.372993,275,closed,0.0,1.8419999999999994
1.925,3,4.373861,255,open,1.0,1.9249999999999994
-3.735,3,4.374765,195,closed,0.0,-3.7350000000000003
2.188,3,4.375623,255,open,1.0,2.1879999999999993
-3.735,3,4.376537,195,closed,0.0,-3.7350000000000003
-3.735,3,4.377414,195,closed,0.0,-3.7350000000000003
1.662,3,4.378275,255,closed,0.0,1.6619999999999995
2.368,3,4.379188,275,open,1.0,2.3679999999999994
2.188,3,4.380065,275,open,1.0,2.1879999999999993
-3.685,3,4.380939,195,closed,0.0,-3.6850000000000005
1.925,3,4.38187,255,open,1.0,1.9249999999999994
-3.735,3,4.382757,195,closed,0.0,-3.7350000000000003
-3.735,3,4.38364,195,closed,0.0,-3.7350000000000003
2.451,3,4.384551,195,open,1.0,2.4509999999999996
-3.735,3,4.385418,195,closed,0.0,-3.7350000000000003
2.368,3,4.38629,275,open,1.0,2.3679999999999994
2.368,3,4.38716,275,open,1.0,2.3679999999999994
1.662,3,4.388027,255,closed,0.0,1.6619999999999995
-3.735,3,4.388915,195,closed,0.0,-3.7350000000000003
2.451,3,4.389842,195,open,1.0,2.4509999999999996
2.188,3,4.390714,255,open,1.0,2.1879999999999993
1.662,3,4.391599,255,closed,0.0,1.6619999999999995
2.451,3,4.392463,195,open,1.0,2.4509999999999996
2.451,3,4.393315,255,open,1.0,2.4509999999999996
-3.735,3,4.394247,195,closed,0.0,-3.7350000000000003
1.662,3,4.395224,255,closed,0.0,1.6619999999999995
1.662,3,4.396123,255,closed,0.0,1.6619999999999995
2.451,3,4.397001,195,open,1.0,2.4509999999999996
-3.885,3,4.397915,195,closed,0.0,-3.8850000000000002
2.285,3,4.398772,275,open,1.0,2.2849999999999993
2.202,3,4.399675,275,closed,0.0,2.201999999999999
1.662,3,4.400539,255,closed,0.0,1.6619999999999995
2.451,3,4.401408,195,open,1.0,2.4509999999999996
-3.735,3,4.402327,195,closed,0.0,-3.7350000000000003
-3.885,3,4.403223,195,closed,0.0,-3.8850000000000002
2.022,3,4.404089,275,closed,0.0,2.0219999999999994
1.925,3,4.404957,255,open,1.0,1.9249999999999994
1.925,3,4.541031,255,open,1.0,1.9249999999999994
2.451,3,4.542608,195,open,1.0,2.4509999999999996
2.202,3,4.543967,275,closed,0.0,2.201999999999999
2.368,3,4.545259,275,open,1.0,2.3679999999999994
2.451,3,4.546499,195,open,1.0,2.4509999999999996
1.662,3,4.547699,255,closed,0.0,1.6619999999999995
0.143,3,4.548984,275,closed,0.0,0.14299999999999935
2.451,3,4.550201,255,open,1.0,2.4509999999999996
0.439,3,4.551361,195,open,1.0,0.4389999999999996
2.285,3,4.552509,275,open,1.0,2.2849999999999993
2.188,3,4.553624,255,open,1.0,2.1879999999999993
-3.735,3,4.554762,195,closed,0.0,-3.7350000000000003
2.451,3,4.55597,195,open,1.0,2.4509999999999996
2.451,3,4.556985,195,open,1.0,2.4509999999999996
2.188,3,4.557894,275,open,1.0,2.1879999999999993
2.188,3,4.558825,255,open,1.0,2.1879999999999993
2.188,3,4.559713,255,open,1.0,2.1879999999999993
2.188,3,4.560673,255,open,1.0,2.1879999999999993
-3.735,3,4.561573,195,closed,0.0,-3.7350000000000003
2.022,3,4.56254,275,closed,0.0,2.0219999999999994
2.188,3,4.563449,255,open,1.0,2.1879999999999993
2.105,3,4.56438,275,open,1.0,2.1049999999999995
2.451,3,4.566289,195,open,1.0,2.4509999999999996
2.202,3,4.568223,275,closed,0.0,2.201999999999999
2.022,3,4.569854,275,closed,0.0,2.0219999999999994
-3.735,3,4.571313,195,closed,0.0,-3.7350000000000003
2.451,3,4.572706,195,open,1.0,2.4509999999999996
2.202,3,4.574047,275,closed,0.0,2.201999999999999
2.188,3,4.575253,255,open,1.0,2.1879999999999993
2.451,3,4.576411,195,open,1.0,2.4509999999999996
2.368,3,4.577497,275,open,1.0,2.3679999999999994
-3.735,3,4.578559,195,closed,0.0,-3.7350000000000003
2.451,3,4.579624,275,open,1.0,2.4509999999999996
2.022,3,4.580699,275,open,1.0,2.0219999999999994
-3.735,3,4.581694,195,closed,0.0,-3.7350000000000003
2.188,3,4.582754,255,open,1.0,2.1879999999999993
2.451,3,4.583723,195,open,1.0,2.4509999999999996
2.022,3,4.584756,275,closed,0.0,2.0219999999999994
1.662,3,4.585728,255,open,1.0,1.6619999999999995
2.202,3,4.586686,275,closed,0.0,2.201999999999999
2.285,3,4.587643,275,open,1.0,2.2849999999999993
2.368,3,4.588581,275,open,1.0,2.3679999999999994
2.202,3,4.589514,275,closed,0.0,2.201999999999999
-3.735,3,4.590493,195,closed,0.0,-3.7350000000000003
2.285,3,4.591412,275,open,1.0,2.2849999999999993
2.022,3,4.592373,275,closed,0.0,2.0219999999999994
2.285,3,4.593335,275,open,1.0,2.2849999999999993
-3.735,3,4.594259,195,closed,0.0,-3.7350000000000003
2.451,3,4.595221,195,open,1.0,2.4509999999999996
2.368,3,4.596144,275,open,1.0,2.3679999999999994
-3.735,3,4.597039,195,closed,0.0,-3.7350000000000003
2.202,3,4.597997,275,closed,0.0,2.201999999999999
2.188,3,4.598902,255,open,1.0,2.1879999999999993
0.143,3,4.599834,275,closed,0.0,0.14299999999999935
2.451,3,4.600722,195,open,1.0,2.4509999999999996
-3.735,3,4.601652,195,closed,0.0,-3.7350000000000003
2.451,3,4.602571,195,open,1.0,2.4509999999999996
2.451,3,4.603489,195,open,1.0,2.4509999999999996
1.662,3,4.604399,255,closed,0.0,1.6619999999999995
2.368,3,4.60533,275,open,1.0,2.3679999999999994
1.662,3,4.606235,255,closed,0.0,1.6619999999999995
2.451,3,4.607114,195,open,1.0,2.4509999999999996
-0.197,3,4.608058,255,closed,0.0,-0.1970000000000005
-3.735,3,4.608996,195,closed,0.0,-3.7350000000000003
-3.735,3,4.609912,195,closed,0.0,-3.7350000000000003
1.662,3,4.610793,255,closed,0.0,1.6619999999999995
-3.735,3,4.611723,195,closed,0.0,-3.7350000000000003
2.451,3,4.612605,195,open,1.0,2.4509999999999996
2.368,3,4.613516,275,open,1.0,2.3679999999999994
2.202,3,4.614383,275,closed,0.0,2.201999999999999
1.662,3,4.615318,255,closed,0.0,1.6619999999999995
2.285,3,4.616206,275,open,1.0,2.2849999999999993
1.662,3,4.617087,255,closed,0.0,1.6619999999999995
1.662,3,4.618004,255,closed,0.0,1.6619999999999995
1.662,3,4.618933,255,closed,0.0,1.6619999999999995
2.451,3,4.619828,195,open,1.0,2.4509999999999996
2.202,3,4.620698,275,closed,0.0,2.201999999999999
2.188,3,4.621626,255,open,1.0,2.1879999999999993
2.188,3,4.622518,255,open,1.0,2.1879999999999993
2.188,3,4.623388,255,open,1.0,2.1879999999999993
2.451,3,4.624308,195,open,1.0,2.4509999999999996
1.925,3,4.625194,255,open,1.0,1.9249999999999994
2.202,3,4.62611,275,closed,0.0,2.201999999999999
-3.735,3,4.627017,195,closed,0.0,-3.7350000000000003
2.285,3,4.627914,275,open,1.0,2.2849999999999993
2.368,3,4.628823,275,open,1.0,2.3679999999999994
2.285,3,4.629695,275,open,1.0,2.2849999999999993
2.022,3,4.630567,275,closed,0.0,2.0219999999999994
-3.735,3,4.631498,195,closed,0.0,-3.7350000000000003
-3.735,3,4.632401,195,closed,0.0,-3.7350000000000003
2.188,3,4.633271,255,open,1.0,2.1879999999999993
2.202,3,4.634199,275,closed,0.0,2.201999999999999
2.188,3,4.635076,255,open,1.0,2.1879999999999993
2.202,3,4.636005,275,closed,0.0,2.201999999999999
1.662,3,4.636874,255,closed,0.0,1.6619999999999995
2.368,3,4.637793,275,open,1.0,2.3679999999999994
2.188,3,4.638733,255,open,1.0,2.1879999999999993
2.285,3,4.639638,275,open,1.0,2.2849999999999993
2.451,3,4.640505,195,open,1.0,2.4509999999999996
2.202,3,4.641404,275,closed,0.0,2.201999999999999
2.451,3,4.642283,195,open,1.0,2.4509999999999996
1.662,3,4.643158,255,open,1.0,1.6619999999999995
-3.735,3,4.644083,195,closed,0.0,-3.7350000000000003
2.368,3,4.644981,275,open,1.0,2.3679999999999994
2.188,3,4.645854,255,open,1.0,2.1879999999999993
2.285,3,4.646769,275,open,1.0,2.2849999999999993
-3.685,3,4.647665,195,closed,0.0,-3.6850000000000005
-3.735,3,4.648533,195,closed,0.0,-3.7350000000000003
2.105,3,4.649476,275,open,1.0,2.1049999999999995
-3.735,3,4.650358,195,closed,0.0,-3.7350000000000003
1.662,3,4.651264,255,closed,0.0,1.6619999999999995
1.662,3,4.652143,255,closed,0.0,1.6619999999999995
2.105,3,4.653018,275,open,1.0,2.1049999999999995
1.925,3,4.653932,255,open,1.0,1.9249999999999994
0.439,3,4.654786,195,open,1.0,0.4389999999999996
1.662,3,4.655722,255,closed,0.0,1.6619999999999995
2.285,3,4.656648,275,open,1.0,2.2849999999999993
1.662,3,4.657527,255,closed,0.0,1.6619999999999995
-3.885,3,4.658435,195,closed,0.0,-3.8850000000000002
2.285,3,4.659324,275,open,1.0,2.2849999999999993
2.368,3,4.66021,275,open,1.0,2.3679999999999994
-3.735,3,4.661123,195,closed,0.0,-3.7350000000000003
2.451,3,4.662007,195,open,1.0,2.4509999999999996
2.451,3,4.662877,195,open,1.0,2.4509999999999996
2.451,3,4.663789,195,open,1.0,2.4509999999999996
2.188,3,4.664662,255,open,1.0,2.1879999999999993
2.451,3,4.665595,195,open,1.0,2.4509999999999996
2.451,3,4.666479,195,open,1.0,2.4509999999999996
1.662,3,4.667357,255,closed,0.0,1.6619999999999995
-0.037,3,4.668287,275,closed,0.0,-0.03700000000000059
1.662,3,4.6692,255,closed,0.0,1.6619999999999995
2.202,3,4.670077,275,closed,0.0,2.201999999999999
2.451,3,4.670977,195,open,1.0,2.4509999999999996
-0.197,3,4.671882,255,closed,0.0,-0.1970000000000005
2.368,3,4.672748,275,open,1.0,2.3679999999999994
1.662,3,4.673685,255,closed,0.0,1.6619999999999995
1.925,3,4.674566,255,open,1.0,1.9249999999999994
1.662,3,4.675487,255,closed,0.0,1.6619999999999995
2.022,3,4.676389,275,closed,0.0,2.0219999999999994
1.662,3,4.677266,255,closed,0.0,1.6619999999999995
2.451,3,4.678166,195,open,1.0,2.4509999999999996
2.451,3,4.679049,195,open,1.0,2.4509999999999996
2.202,3,4.679925,275,closed,0.0,2.201999999999999
2.022,3,4.68085,275,closed,0.0,2.0219999999999994
-3.685,3,4.68171,195,closed,0.0,-3.6850000000000005
1.662,3,4.682641,255,closed,0.0,1.6619999999999995
2.368,3,4.683533,275,open,1.0,2.3679999999999994
2.285,3,4.684419,275,open,1.0,2.2849999999999993
2.022,3,4.685347,275,closed,0.0,2.0219999999999994
2.451,3,4.686222,195,open,1.0,2.4509999999999996
2.285,3,4.687151,275,open,1.0,2.2849999999999993
1.842,3,4.688057,275,closed,0.0,1.8419999999999994
2.451,3,4.688932,195,open,1.0,2.4509999999999996
1.662,3,4.689847,255,closed,0.0,1.6619999999999995
2.451,3,4.690755,195,open,1.0,2.4509999999999996
2.451,3,4.69162,195,open,1.0,2.4509999999999996
2.451,3,4.692537,195,open,1.0,2.4509999999999996
2.202,3,4.69344,275,closed,0.0,2.201999999999999
1.662,3,4.694323,255,closed,0.0,1.6619999999999995
1.662,3,4.695252,255,closed,0.0,1.6619999999999995
2.202,3,4.696146,275,closed,0.0,2.201999999999999
2.285,3,4.697017,275,open,1.0,2.2849999999999993
-3.735,3,4.697935,195,closed,0.0,-3.7350000000000003
-3.735,3,4.698805,195,closed,0.0,-3.7350000000000003
1.662,3,4.69969,255,closed,0.0,1.6619999999999995
2.451,3,4.700563,195,open,1.0,2.4509999999999996
-3.885,3,4.701442,195,closed,0.0,-3.8850000000000002
-3.735,3,4.702372,195,closed,0.0,-3.7350000000000003
2.451,3,4.703264,195,open,1.0,2.4509999999999996
2.368,3,4.704141,275,open,1.0,2.3679999999999994
2.451,3,4.705049,255,open,1.0,2.4509999999999996
2.451,3,4.853639,255,open,1.0,2.4509999999999996
2.188,3,4.854948,255,open,1.0,2.1879999999999993
2.451,3,4.856168,195,open,1.0,2.4509999999999996
1.662,3,4.857344,255,closed,0.0,1.6619999999999995
1.662,3,4.858564,255,closed,0.0,1.6619999999999995
2.451,3,4.859726,195,open,1.0,2.4509999999999996
2.202,3,4.860924,275,open,1.0,2.201999999999999
1.662,3,4.862106,255,closed,0.0,1.6619999999999995
2.285,3,4.863279,275,open,1.0,2.2849999999999993
-3.735,3,4.864445,195,closed,0.0,-3.7350000000000003
2.202,3,4.865582,275,closed,0.0,2.201999999999999
1.925,3,4.86675,255,open,1.0,1.9249999999999994
2.188,3,4.867756,255,open,1.0,2.1879999999999993
2.202,3,4.868714,275,closed,0.0,2.201999999999999
-3.735,3,4.869712,195,closed,0.0,-3.7350000000000003
2.285,3,4.870654,275,open,1.0,2.2849999999999993
1.662,3,4.871595,255,closed,0.0,1.6619999999999995
-3.735,3,4.872604,195,closed,0.0,-3.7350000000000003
-3.735,3,4.873525,195,closed,0.0,-3.7350000000000003
1.662,3,4.874487,255,closed,0.0,1.6619999999999995
2.188,3,4.875436,255,open,1.0,2.1879999999999993
2.368,3,4.876371,275,open,1.0,2.3679999999999994
2.451,3,4.877275,195,open,1.0,2.4509999999999996
2.451,3,4.878227,195,open,1.0,2.4509999999999996
2.188,3,4.879857,255,open,1.0,2.1879999999999993
2.451,3,4.881794,195,open,1.0,2.4509999999999996
1.662,3,4.883586,255,closed,0.0,1.6619999999999995
1.925,3,4.885044,255,open,1.0,1.9249999999999994
2.451,3,4.886457,195,open,1.0,2.4509999999999996
2.188,3,4.887716,255,open,1.0,2.1879999999999993
-3.735,3,4.888921,195,closed,0.0,-3.7350000000000003
2.451,3,4.89016,195,open,1.0,2.4509999999999996
1.662,3,4.891356,255,closed,0.0,1.6619999999999995
1.662,3,4.892509,255,closed,0.0,1.6619999999999995
2.202,3,4.893671,275,closed,0.0,2.201999999999999
2.451,3,4.894731,195,open,1.0,2.4509999999999996
1.662,3,4.895822,255,closed,0.0,1.6619999999999995
-3.735,3,4.896837,195,closed,0.0,-3.7350000000000003
2.022,3,4.897824,275,closed,0.0,2.0219999999999994
1.662,3,4.898881,255,closed,0.0,1.6619999999999995
2.368,3,4.899886,275,open,1.0,2.3679999999999994
-3.885,3,4.900844,195,closed,0.0,-3.8850000000000002
2.022,3,4.90187,275,closed,0.0,2.0219999999999994
1.662,3,4.90291,255,closed,0.0,1.6619999999999995
-3.735,3,4.903837,195,closed,0.0,-3.7350000000000003
2.202,3,4.90482,275,closed,0.0,2.201999999999999
2.188,3,4.905756,255,open,1.0,2.1879999999999993
1.662,3,4.906708,255,closed,0.0,1.6619999999999995
2.202,3,4.907647,275,closed,0.0,2.201999999999999
2.188,3,4.908571,255,open,1.0,2.1879999999999993
1.925,3,4.909541,255,open,1.0,1.9249999999999994
2.451,3,4.910444,195,open,1.0,2.4509999999999996
2.188,3,4.91137,255,open,1.0,2.1879999999999993
-3.735,3,4.912292,195,closed,0.0,-3.7350000000000003
2.022,3,4.913183,275,closed,0.0,2.0219999999999994
-3.685,3,4.914129,195,closed,0.0,-3.6850000000000005
-0.197,3,4.915094,255,closed,0.0,-0.1970000000000005
2.188,3,4.915996,255,open,1.0,2.1879999999999993
2.202,3,4.916905,275,closed,0.0,2.201999999999999
-3.735,3,4.917794,195,closed,0.0,-3.7350000000000003
-3.735,3,4.9187,195,closed,0.0,-3.7350000000000003
1.662,3,4.919654,255,closed,0.0,1.6619999999999995
1.662,3,4.920573,255,closed,0.0,1.6619999999999995
2.188,3,4.921474,255,open,1.0,2.1879999999999993
2.188,3,4.922486,255,open,1.0,2.1879999999999993
2.202,3,4.923399,275,open,1.0,2.201999999999999
1.662,3,4.924359,255,closed,0.0,1.6619999999999995
-3.735,3,4.925265,195,closed,0.0,-3.7350000000000003
2.451,3,4.926182,195,open,1.0,2.4509999999999996
-3.735,3,4.927084,195,closed,0.0,-3.7350000000000003
-3.735,3,4.927953,195,closed,0.0,-3.7350000000000003
-3.735,3,4.92889,195,closed,0.0,-3.7350000000000003
2.188,3,4.929764,275,open,1.0,2.1879999999999993
2.202,3,4.930657,275,closed,0.0,2.201999999999999
-3.735,3,4.931554,195,closed,0.0,-3.7350000000000003
2.202,3,4.932467,275,closed,0.0,2.201999999999999
2.451,3,4.933344,195,open,1.0,2.4509999999999996
-0.197,3,4.934214,255,closed,0.0,-0.1970000000000005
2.451,3,4.935148,195,open,1.0,2.4509999999999996
2.285,3,4.936025,275,open,1.0,2.2849999999999993
2.188,3,4.936956,255,open,1.0,2.1879999999999993
1.662,3,4.937827,255,closed,0.0,1.6619999999999995
2.368,3,4.938704,275,open,1.0,2.3679999999999994
1.662,3,4.939624,255,closed,0.0,1.6619999999999995
2.285,3,4.940499,275,open,1.0,2.2849999999999993
-3.735,3,4.941373,195,closed,0.0,-3.7350000000000003
1.925,3,4.942347,255,open,1.0,1.9249999999999994
2.202,3,4.943261,275,closed,0.0,2.201999999999999
2.285,3,4.944144,275,open,1.0,2.2849999999999993
2.368,3,4.945078,275,open,1.0,2.3679999999999994
1.662,3,4.94596,255,closed,0.0,1.6619999999999995
-0.197,3,4.94684,255,closed,0.0,-0.1970000000000005
2.202,3,4.947706,275,open,1.0,2.201999999999999
2.188,3,4.948621,255,open,1.0,2.1879999999999993
2.285,3,4.949497,275,open,1.0,2.2849999999999993
2.285,3,4.950373,275,open,1.0,2.2849999999999993
2.451,3,4.951278,195,open,1.0,2.4509999999999996
-3.735,3,4.952157,195,closed,0.0,-3.7350000000000003
-0.037,3,4.953022,275,closed,0.0,-0.03700000000000059
-3.735,3,4.953947,195,closed,0.0,-3.7350000000000003
2.202,3,4.954838,275,closed,0.0,2.201999999999999
2.451,3,4.955702,195,open,1.0,2.4509999999999996
2.368,3,4.956658,275,open,1.0,2.3679999999999994
2.188,3,4.957537,255,open,1.0,2.1879999999999993
2.022,3,4.958436,275,closed,0.0,2.0219999999999994
2.451,3,4.959308,195,open,1.0,2.4509999999999996
1.662,3,4.960173,255,closed,0.0,1.6619999999999995
2.285,3,4.961095,275,open,1.0,2.2849999999999993
2.202,3,4.961994,275,closed,0.0,2.201999999999999
2.022,3,4.962945,275,closed,0.0,2.0219999999999994
2.451,3,4.96382,195,open,1.0,2.4509999999999996
2.202,3,4.964748,275,closed,0.0,2.201999999999999
2.285,3,4.965616,275,open,1.0,2.2849999999999993
1.662,3,4.966551,255,closed,0.0,1.6619999999999995
-3.735,3,4.967441,195,closed,0.0,-3.7350000000000003
-3.735,3,4.968315,195,closed,0.0,-3.7350000000000003
2.368,3,4.969189,275,open,1.0,2.3679999999999994
2.188,3,4.970114,255,open,1.0,2.1879999999999993
2.202,3,4.970991,275,closed,0.0,2.201999999999999
2.368,3,4.971865,275,open,1.0,2.3679999999999994
2.285,3,4.972771,275,open,1.0,2.2849999999999993
2.285,3,4.973655,275,open,1.0,2.2849999999999993
2.188,3,4.974524,255,open,1.0,2.1879999999999993
-3.735,3,4.975409,195,closed,0.0,-3.7350000000000003
-3.735,3,4.976269,195,closed,0.0,-3.7350000000000003
2.202,3,4.977163,275,closed,0.0,2.201999999999999
1.662,3,4.978038,255,closed,0.0,1.6619999999999995
2.285,3,4.978899,275,open,1.0,2.2849999999999993
2.451,3,4.979765,195,open,1.0,2.4509999999999996
2.202,3,4.980669,275,closed,0.0,2.201999999999999
-3.735,3,4.981562,195,closed,0.0,-3.7350000000000003
1.662,3,4.982426,255,closed,0.0,1.6619999999999995
1.662,3,4.983425,255,closed,0.0,1.6619999999999995
1.662,3,4.984341,255,closed,0.0,1.6619999999999995
-3.735,3,4.985208,195,closed,0.0,-3.7350000000000003
1.925,3,4.98613,255,open,1.0,1.9249999999999994
2.022,3,4.987002,275,closed,0.0,2.0219999999999994
2.451,3,4.987865,195,open,1.0,2.4509999999999996
0.239,3,4.988762,195,open,1.0,0.23899999999999966
1.662,3,4.989632,255,closed,0.0,1.6619999999999995
2.451,3,4.990505,195,open,1.0,2.4509999999999996
2.451,3,4.991423,195,open,1.0,2.4509999999999996
2.188,3,4.992296,255,open,1.0,2.1879999999999993
2.202,3,4.993171,275,open,1.0,2.201999999999999
2.202,3,4.994092,275,closed,0.0,2.201999999999999
2.188,3,4.994955,255,open,1.0,2.1879999999999993
2.451,3,4.995836,195,open,1.0,2.4509999999999996
-3.735,3,4.996729,195,closed,0.0,-3.7350000000000003
1.662,3,4.997627,255,closed,0.0,1.6619999999999995
2.451,3,4.998496,195,open,1.0,2.4509999999999996
2.202,3,4.999418,275,closed,0.0,2.201999999999999
1.662,3,5.000289,255,open,1.0,1.6619999999999995
2.188,3,5.001184,255,open,1.0,2.1879999999999993
2.368,3,5.002049,275,open,1.0,2.3679999999999994
2.451,3,5.003013,255,open,1.0,2.4509999999999996
2.188,3,5.003877,255,open,1.0,2.1879999999999993
2.285,3,5.00477,275,open,1.0,2.2849999999999993
2.188,3,5.005648,255,open,1.0,2.1879999999999993
-3.885,3,5.00651,195,closed,0.0,-3.8850000000000002
-0.197,3,5.007413,255,closed,0.0,-0.1970000000000005
2.285,3,5.008346,275,open,1.0,2.2849999999999993
2.451,3,5.009212,195,open,1.0,2.4509999999999996
2.188,3,5.010143,255,open,1.0,2.1879999999999993
2.368,3,5.011016,275,open,1.0,2.3679999999999994
2.202,3,5.011941,275,closed,0.0,2.201999999999999
2.368,3,5.012839,275,open,1.0,2.3679999999999994
2.022,3,5.01372,275,closed,0.0,2.0219999999999994
2.188,3,5.014581,255,open,1.0,2.1879999999999993
2.451,3,5.015501,195,open,1.0,2.4509999999999996
2.451,3,5.016368,195,open,1.0,2.4509999999999996
-3.735,3,5.017268,195,closed,0.0,-3.7350000000000003
1.662,3,5.194296,255,closed,0.0,1.6619999999999995
1.925,3,5.195543,255,open,1.0,1.9249999999999994
2.105,3,5.196711,275,open,1.0,2.1049999999999995
1.662,3,5.197867,255,closed,0.0,1.6619999999999995
2.451,3,5.198882,255,open,1.0,2.4509999999999996
2.285,3,5.199832,275,open,1.0,2.2849999999999993
-3.835,3,5.200831,195,closed,0.0,-3.835
2.285,3,5.201754,275,open,1.0,2.2849999999999993
-3.735,3,5.20271,195,closed,0.0,-3.7350000000000003
1.662,3,5.203646,255,closed,0.0,1.6619999999999995
2.202,3,5.20463,275,closed,0.0,2.201999999999999
2.368,3,5.205545,275,open,1.0,2.3679999999999994
2.451,3,5.206521,195,open,1.0,2.4509999999999996
2.202,3,5.207443,275,closed,0.0,2.201999999999999
-3.735,3,5.208384,195,closed,0.0,-3.7350000000000003
1.925,3,5.209319,255,open,1.0,1.9249999999999994
-3.735,3,5.210202,195,closed,0.0,-3.7350000000000003
2.285,3,5.211143,275,open,1.0,2.2849999999999993
1.925,3,5.212044,255,open,1.0,1.9249999999999994
2.451,3,5.212961,195,open,1.0,2.4509999999999996
-3.685,3,5.21392,195,closed,0.0,-3.6850000000000005
2.451,3,5.214791,195,open,1.0,2.4509999999999996
2.451,3,5.215746,195,open,1.0,2.4509999999999996
1.662,3,5.21665,255,closed,0.0,1.6619999999999995
2.188,3,5.217538,255,open,1.0,2.1879999999999993
2.451,3,5.218436,195,open,1.0,2.4509999999999996
2.285,3,5.220328,275,open,1.0,2.2849999999999993
2.285,3,5.222205,275,open,1.0,2.2849999999999993
2.202,3,5.22376,275,closed,0.0,2.201999999999999
1.662,3,5.22527,255,closed,0.0,1.6619999999999995
2.451,3,5.226658,195,open,1.0,2.4509999999999996
2.451,3,5.227909,195,open,1.0,2.4509999999999996
2.451,3,5.229115,195,open,1.0,2.4509999999999996
2.451,3,5.230257,195,open,1.0,2.4509999999999996
1.662,3,5.231427,255,closed,0.0,1.6619999999999995
1.662,3,5.232505,255,closed,0.0,1.6619999999999995
1.925,3,5.233627,255,open,1.0,1.9249999999999994
2.285,3,5.23469,275,open,1.0,2.2849999999999993
-3.735,3,5.235695,195,closed,0.0,-3.7350000000000003
1.662,3,5.236754,255,closed,0.0,1.6619999999999995
1.662,3,5.237752,255,closed,0.0,1.6619999999999995
2.022,3,5.238744,275,closed,0.0,2.0219999999999994
1.925,3,5.239783,255,open,1.0,1.9249999999999994
2.188,3,5.240741,255,open,1.0,2.1879999999999993
2.202,3,5.241701,275,closed,0.0,2.201999999999999
2.202,3,5.242653,275,closed,0.0,2.201999999999999
2.451,3,5.243602,195,open,1.0,2.4509999999999996
2.202,3,5.244608,275,closed,0.0,2.201999999999999
-3.735,3,5.24561,195,closed,0.0,-3.7350000000000003
1.662,3,5.246559,255,closed,0.0,1.6619999999999995
1.662,3,5.247549,255,closed,0.0,1.6619999999999995
2.202,3,5.248487,275,closed,0.0,2.201999999999999
-3.735,3,5.249425,195,closed,0.0,-3.7350000000000003
-3.735,3,5.250397,195,closed,0.0,-3.7350000000000003
2.188,3,5.251327,255,open,1.0,2.1879999999999993
1.662,3,5.252242,255,closed,0.0,1.6619999999999995
-3.685,3,5.253195,195,closed,0.0,-3.6850000000000005
2.451,3,5.254097,195,open,1.0,2.4509999999999996
1.662,3,5.255046,255,closed,0.0,1.6619999999999995
-0.147,3,5.255961,255,open,1.0,-0.14700000000000046
1.925,3,5.256862,255,open,1.0,1.9249999999999994
2.202,3,5.257749,275,closed,0.0,2.201999999999999
-3.735,3,5.258643,195,closed,0.0,-3.7350000000000003
2.022,3,5.259606,275,closed,0.0,2.0219999999999994
1.662,3,5.260515,255,closed,0.0,1.6619999999999995
2.188,3,5.261428,255,open,1.0,2.1879999999999993
-3.735,3,5.262358,195,closed,0.0,-3.7350000000000003
2.451,3,5.263281,195,open,1.0,2.4509999999999996
-3.735,3,5.264188,195,closed,0.0,-3.7350000000000003
2.451,3,5.26514,195,open,1.0,2.4509999999999996
-3.735,3,5.26602,195,closed,0.0,-3.7350000000000003
1.662,3,5.266955,255,closed,0.0,1.6619999999999995
2.451,3,5.267851,195,open,1.0,2.4509999999999996
-0.197,3,5.268733,255,closed,0.0,-0.1970000000000005
2.285,3,5.269668,275,open,1.0,2.2849999999999993
-0.197,3,5.270545,255,closed,0.0,-0.1970000000000005
2.202,3,5.271493,275,closed,0.0,2.201999999999999
2.451,3,5.272409,195,open,1.0,2.4509999999999996
-3.735,3,5.273291,195,closed,0.0,-3.7350000000000003
1.662,3,5.274217,255,closed,0.0,1.6619999999999995
-3.685,3,5.275089,195,closed,0.0,-3.6850000000000005
2.188,3,5.276013,255,open,1.0,2.1879999999999993
2.022,3,5.276915,275,closed,0.0,2.0219999999999994
2.105,3,5.277782,275,open,1.0,2.1049999999999995
2.285,3,5.278717,275,open,1.0,2.2849999999999993
2.451,3,5.279608,195,open,1.0,2.4509999999999996
2.451,3,5.280503,195,open,1.0,2.4509999999999996
2.202,3,5.281435,275,closed,0.0,2.201999999999999
2.022,3,5.282322,275,closed,0.0,2.0219999999999994
2.188,3,5.283224,255,open,1.0,2.1879999999999993
1.662,3,5.284156,255,closed,0.0,1.6619999999999995
2.368,3,5.285094,275,open,1.0,2.3679999999999994
-3.735,3,5.285989,195,closed,0.0,-3.7350000000000003
2.451,3,5.286874,195,open,1.0,2.4509999999999996
-3.735,3,5.287731,195,closed,0.0,-3.7350000000000003
1.925,3,5.288663,255,open,1.0,1.9249999999999994
-3.735,3,5.289579,195,closed,0.0,-3.7350000000000003
2.285,3,5.290481,275,open,1.0,2.2849999999999993
2.188,3,5.291403,255,open,1.0,2.1879999999999993
2.451,3,5.292276,195,open,1.0,2.4509999999999996
2.022,3,5.293179,275,closed,0.0,2.0219999999999994
2.202,3,5.294104,275,closed,0.0,2.201999999999999
2.451,3,5.294977,195,open,1.0,2.4509999999999996
1.662,3,5.295872,255,closed,0.0,1.6619999999999995
1.662,3,5.296771,255,closed,0.0,1.6619999999999995
-3.885,3,5.29766,195,closed,0.0,-3.8850000000000002
2.285,3,5.298535,275,open,1.0,2.2849999999999993
1.662,3,5.29946,255,closed,0.0,1.6619999999999995
1.925,3,5.300382,255,open,1.0,1.9249999999999994
1.662,3,5.30126,255,closed,0.0,1.6619999999999995
2.202,3,5.302143,275,closed,0.0,2.201999999999999
2.451,3,5.303062,195,open,1.0,2.4509999999999996
2.202,3,5.303961,275,closed,0.0,2.201999999999999
2.188,3,5.304868,255,open,1.0,2.1879999999999993
1.662,3,5.305778,255,closed,0.0,1.6619999999999995
1.662,3,5.306687,255,closed,0.0,1.6619999999999995
2.202,3,5.307649,275,closed,0.0,2.201999999999999
2.451,3,5.308523,195,open,1.0,2.4509999999999996
2.368,3,5.309435,275,open,1.0,2.3679999999999994
2.368,3,5.310328,275,open,1.0,2.3679999999999994
-3.735,3,5.311211,195,closed,0.0,-3.7350000000000003
2.451,3,5.312147,195,open,1.0,2.4509999999999996
-3.885,3,5.313028,195,closed,0.0,-3.8850000000000002
2.202,3,5.31396,275,closed,0.0,2.201999999999999
2.188,3,5.314886,255,open,1.0,2.1879999999999993
2.451,3,5.315768,195,open,1.0,2.4509999999999996
2.368,3,5.316647,275,open,1.0,2.3679999999999994
1.925,3,5.317542,255,open,1.0,1.9249999999999994
2.285,3,5.318427,275,open,1.0,2.2849999999999993
2.202,3,5.319304,275,open,1.0,2.201999999999999
2.451,3,5.320227,195,open,1.0,2.4509999999999996
2.202,3,5.32112,275,closed,0.0,2.201999999999999
2.451,3,5.322011,195,open,1.0,2.4509999999999996
2.188,3,5.322951,255,open,1.0,2.1879999999999993
1.925,3,5.323826,255,open,1.0,1.9249999999999994
2.188,3,5.324715,255,open,1.0,2.1879999999999993
2.451,3,5.325695,195,open,1.0,2.4509999999999996
2.451,3,5.326599,195,open,1.0,2.4509999999999996
1.925,3,5.327551,255,open,1.0,1.9249999999999994
-3.735,3,5.328422,195,closed,0.0,-3.7350000000000003
2.451,3,5.329339,195,open,1.0,2.4509999999999996
1.925,3,5.33026,255,open,1.0,1.9249999999999994
2.285,3,5.331154,275,open,1.0,2.2849999999999993
2.188,3,5.332098,255,open,1.0,2.1879999999999993
1.662,3,5.33298,255,closed,0.0,1.6619999999999995
2.202,3,5.33391,275,open,1.0,2.201999999999999
1.925,3,5.334782,255,open,1.0,1.9249999999999994
-3.735,3,5.335708,195,closed,0.0,-3.7350000000000003
2.188,3,5.336644,255,open,1.0,2.1879999999999993
2.202,3,5.337558,275,closed,0.0,2.201999999999999
1.925,3,5.338434,255,open,1.0,1.9249999999999994
2.202,3,5.339385,275,open,1.0,2.201999999999999
-3.735,3,5.340307,195,closed,0.0,-3.7350000000000003
2.285,3,5.341198,275,open,1.0,2.2849999999999993
2.202,3,5.342105,275,closed,0.0,2.201999999999999
-3.885,3,5.34298,195,closed,0.0,-3.8850000000000002
1.662,3,5.343849,255,closed,0.0,1.6619999999999995
1.662,3,5.344735,255,closed,0.0,1.6619999999999995
2.368,3,5.345705,275,open,1.0,2.3679999999999994
1.662,3,5.346596,255,closed,0.0,1.6619999999999995
-3.685,3,5.347533,195,closed,0.0,-3.6850000000000005
-3.885,3,5.348433,195,closed,0.0,-3.8850000000000002
2.451,3,5.349342,195,open,1.0,2.4509999999999996
-3.735,3,5.350221,195,closed,0.0,-3.7350000000000003
2.202,3,5.351146,275,closed,0.0,2.201999999999999
-3.735,3,5.352013,195,closed,0.0,-3.7350000000000003
2.022,3,5.352962,275,closed,0.0,2.0219999999999994
2.451,3,5.353842,195,open,1.0,2.4509999999999996
2.188,3,5.354724,255,open,1.0,2.1879999999999993
1.662,3,5.355608,255,closed,0.0,1.6619999999999995
2.188,3,5.532146,255,open,1.0,2.1879999999999993
2.188,3,5.533561,255,open,1.0,2.1879999999999993
2.451,3,5.534825,195,open,1.0,2.4509999999999996
1.662,3,5.536,255,closed,0.0,1.6619999999999995
2.202,3,5.537073,275,open,1.0,2.201999999999999
2.188,3,5.538011,255,open,1.0,2.1879999999999993
2.285,3,5.539005,275,open,1.0,2.2849999999999993
-3.735,3,5.539956,195,closed,0.0,-3.7350000000000003
2.188,3,5.540898,255,open,1.0,2.1879999999999993
2.202,3,5.541903,275,closed,0.0,2.201999999999999
2.022,3,5.542874,275,closed,0.0,2.0219999999999994
2.451,3,5.543824,195,open,1.0,2.4509999999999996
1.842,3,5.544788,275,closed,0.0,1.8419999999999994
2.368,3,5.54578,275,open,1.0,2.3679999999999994
-3.735,3,5.546716,195,closed,0.0,-3.7350000000000003
2.188,3,5.547707,255,open,1.0,2.1879999999999993
1.925,3,5.548653,255,open,1.0,1.9249999999999994
-3.735,3,5.549592,195,closed,0.0,-3.7350000000000003
2.188,3,5.55057,255,open,1.0,2.1879999999999993
2.022,3,5.551495,275,closed,0.0,2.0219999999999994
-3.735,3,5.552457,195,closed,0.0,-3.7350000000000003
2.285,3,5.553356,275,open,1.0,2.2849999999999993
2.202,3,5.554273,275,open,1.0,2.201999999999999
2.202,3,5.555185,275,closed,0.0,2.201999999999999
2.202,3,5.556078,275,open,1.0,2.201999999999999
2.202,3,5.557029,275,closed,0.0,2.201999999999999
-3.735,3,5.557937,195,closed,0.0,-3.7350000000000003
2.188,3,5.558889,255,open,1.0,2.1879999999999993
2.202,3,5.560471,275,closed,0.0,2.201999999999999
2.285,3,5.561795,275,open,1.0,2.2849999999999993
1.662,3,5.563087,255,open,1.0,1.6619999999999995
2.202,3,5.564227,275,open,1.0,2.201999999999999
2.451,3,5.565368,195,open,1.0,2.4509999999999996
-3.735,3,5.56645,195,closed,0.0,-3.7350000000000003
1.925,3,5.567491,255,open,1.0,1.9249999999999994
-3.735,3,5.568573,195,closed,0.0,-3.7350000000000003
2.188,3,5.569594,255,open,1.0,2.1879999999999993
2.285,3,5.570587,275,open,1.0,2.2849999999999993
1.925,3,5.571626,255,open,1.0,1.9249999999999994
2.202,3,5.572587,275,closed,0.0,2.201999999999999
2.451,3,5.573612,195,open,1.0,2.4509999999999996
1.662,3,5.574578,255,closed,0.0,1.6619999999999995
2.202,3,5.575516,275,closed,0.0,2.201999999999999
2.188,3,5.57651,255,open,1.0,2.1879999999999993
-3.735,3,5.57745,195,closed,0.0,-3.7350000000000003
1.662,3,5.578369,255,closed,0.0,1.6619999999999995
-3.735,3,5.579308,195,closed,0.0,-3.7350000000000003
2.285,3,5.580209,275,open,1.0,2.2849999999999993
2.451,3,5.581176,195,open,1.0,2.4509999999999996
2.451,3,5.582103,195,open,1.0,2.4509999999999996
2.451,3,5.583026,195,open,1.0,2.4509999999999996
2.202,3,5.583993,275,open,1.0,2.201999999999999
2.451,3,5.584901,195,open,1.0,2.4509999999999996
2.285,3,5.585781,275,open,1.0,2.2849999999999993
-3.735,3,5.586722,195,closed,0.0,-3.7350000000000003
2.451,3,5.587679,195,open,1.0,2.4509999999999996
2.022,3,5.588571,275,closed,0.0,2.0219999999999994
-3.735,3,5.589504,195,closed,0.0,-3.7350000000000003
-3.735,3,5.590402,195,closed,0.0,-3.7350000000000003
2.202,3,5.591306,275,closed,0.0,2.201999999999999
1.662,3,5.592219,255,closed,0.0,1.6619999999999995
2.022,3,5.593124,275,closed,0.0,2.0219999999999994
2.188,3,5.594029,255,open,1.0,2.1879999999999993
2.451,3,5.594903,195,open,1.0,2.4509999999999996
2.368,3,5.595844,275,open,1.0,2.3679999999999994
2.451,3,5.596723,195,open,1.0,2.4509999999999996
-3.735,3,5.597646,195,closed,0.0,-3.7350000000000003
1.662,3,5.598579,255,closed,0.0,1.6619999999999995
1.662,3,5.599477,255,closed,0.0,1.6619999999999995
2.451,3,5.600365,195,open,1.0,2.4509999999999996
2.451,3,5.601257,195,open,1.0,2.4509999999999996
2.188,3,5.60215,255,open,1.0,2.1879999999999993
2.188,3,5.603023,255,open,1.0,2.1879999999999993
2.202,3,5.603885,275,open,1.0,2.201999999999999
1.662,3,5.60479,255,closed,0.0,1.6619999999999995
2.451,3,5.605669,195,open,1.0,2.4509999999999996
2.188,3,5.606591,255,open,1.0,2.1879999999999993
-3.735,3,5.607484,195,closed,0.0,-3.7350000000000003
-3.735,3,5.608355,195,closed,0.0,-3.7350000000000003
2.451,3,5.609276,195,open,1.0,2.4509999999999996
2.202,3,5.61016,275,closed,0.0,2.201999999999999
-3.735,3,5.611071,195,closed,0.0,-3.7350000000000003
1.662,3,5.611942,255,closed,0.0,1.6619999999999995
1.662,3,5.6128,255,closed,0.0,1.6619999999999995
2.202,3,5.613734,275,closed,0.0,2.201999999999999
2.451,3,5.614606,195,open,1.0,2.4509999999999996
2.188,3,5.61553,255,open,1.0,2.1879999999999993
-3.735,3,5.6164,195,closed,0.0,-3.7350000000000003
2.451,3,5.617302,195,open,1.0,2.4509999999999996
2.202,3,5.618176,275,closed,0.0,2.201999999999999
-3.735,3,5.619035,195,closed,0.0,-3.7350000000000003
2.202,3,5.619928,275,open,1.0,2.201999999999999
2.451,3,5.620776,195,open,1.0,2.4509999999999996
2.451,3,5.621645,195,open,1.0,2.4509999999999996
1.662,3,5.622578,255,closed,0.0,1.6619999999999995
-3.735,3,5.623446,195,closed,0.0,-3.7350000000000003
2.202,3,5.624355,275,closed,0.0,2.201999999999999
1.662,3,5.625241,255,closed,0.0,1.6619999999999995
2.202,3,5.626111,275,closed,0.0,2.201999999999999
0.379,3,5.626996,255,open,1.0,0.37899999999999956
-3.685,3,5.627918,195,closed,0.0,-3.6850000000000005
-3.735,3,5.628781,195,closed,0.0,-3.7350000000000003
2.202,3,5.629659,275,open,1.0,2.201999999999999
2.451,3,5.630559,195,open,1.0,2.4509999999999996
1.925,3,5.631418,255,open,1.0,1.9249999999999994
2.451,3,5.632285,195,open,1.0,2.4509999999999996
2.202,3,5.633141,275,closed,0.0,2.201999999999999
-3.735,3,5.634002,195,closed,0.0,-3.7350000000000003
1.662,3,5.634873,255,closed,0.0,1.6619999999999995
2.451,3,5.63577,195,open,1.0,2.4509999999999996
-3.735,3,5.63664,195,closed,0.0,-3.7350000000000003
2.202,3,5.637511,275,open,1.0,2.201999999999999
1.925,3,5.638391,255,open,1.0,1.9249999999999994
2.188,3,5.639343,255,open,1.0,2.1879999999999993
1.662,3,5.640233,255,closed,0.0,1.6619999999999995
2.202,3,5.641102,275,open,1.0,2.201999999999999
2.202,3,5.641991,275,closed,0.0,2.201999999999999
2.202,3,5.642863,275,closed,0.0,2.201999999999999
-3.735,3,5.643712,195,closed,0.0,-3.7350000000000003
2.202,3,5.644631,275,closed,0.0,2.201999999999999
1.662,3,5.645515,255,closed,0.0,1.6619999999999995
1.662,3,5.646396,255,closed,0.0,1.6619999999999995
2.451,3,5.647271,195,open,1.0,2.4509999999999996
2.188,3,5.648184,255,open,1.0,2.1879999999999993
-3.735,3,5.649049,195,closed,0.0,-3.7350000000000003
2.451,3,5.64995,255,open,1.0,2.4509999999999996
1.662,3,5.65085,255,closed,0.0,1.6619999999999995
-3.735,3,5.651712,195,closed,0.0,-3.7350000000000003
-3.885,3,5.652581,195,closed,0.0,-3.8850000000000002
2.451,3,5.653476,195,open,1.0,2.4509999999999996
-3.735,3,5.654329,195,closed,0.0,-3.7350000000000003
-3.735,3,5.655256,195,closed,0.0,-3.7350000000000003
2.188,3,5.656146,255,open,1.0,2.1879999999999993
2.202,3,5.657022,275,closed,0.0,2.201999999999999
2.022,3,5.657901,275,closed,0.0,2.0219999999999994
-3.735,3,5.658739,195,closed,0.0,-3.7350000000000003
1.662,3,5.659644,255,closed,0.0,1.6619999999999995
-3.735,3,5.660532,195,closed,0.0,-3.7350000000000003
2.451,3,5.661398,195,open,1.0,2.4509999999999996
2.285,3,5.662308,275,open,1.0,2.2849999999999993
2.188,3,5.663183,255,open,1.0,2.1879999999999993
1.662,3,5.664043,255,closed,0.0,1.6619999999999995
-3.685,3,5.664954,195,closed,0.0,-3.6850000000000005
2.202,3,5.665825,275,open,1.0,2.201999999999999
2.285,3,5.666682,275,open,1.0,2.2849999999999993
2.202,3,5.667588,275,open,1.0,2.201999999999999
-3.735,3,5.668466,195,closed,0.0,-3.7350000000000003
1.925,3,5.669331,255,open,1.0,1.9249999999999994
1.662,3,5.670207,255,closed,0.0,1.6619999999999995
-3.735,3,5.671104,195,closed,0.0,-3.7350000000000003
2.451,3,5.671969,195,open,1.0,2.4509999999999996
2.285,3,5.672845,275,open,1.0,2.2849999999999993
2.022,3,5.67376,275,closed,0.0,2.0219999999999994
2.285,3,5.674624,275,open,1.0,2.2849999999999993
2.285,3,5.675521,275,open,1.0,2.2849999999999993
-3.735,3,5.67641,195,closed,0.0,-3.7350000000000003
-3.685,3,5.677351,195,closed,0.0,-3.6850000000000005
1.925,3,5.678219,255,open,1.0,1.9249999999999994
-3.685,3,5.679118,195,closed,0.0,-3.6850000000000005
2.188,3,5.679985,255,open,1.0,2.1879999999999993
2.451,3,5.68086,195,open,1.0,2.4509999999999996
-3.735,3,5.681719,195,closed,0.0,-3.7350000000000003
2.188,3,5.682589,255,open,1.0,2.1879999999999993
1.662,3,5.683459,255,closed,0.0,1.6619999999999995
-3.685,3,5.684315,195,closed,0.0,-3.6850000000000005
2.202,3,5.685168,275,open,1.0,2.201999999999999
2.202,3,5.686087,275,closed,0.0,2.201999999999999
2.285,3,5.686949,275,open,1.0,2.2849999999999993
-3.735,3,5.687828,195,closed,0.0,-3.7350000000000003
1.662,3,5.688692,255,closed,0.0,1.6619999999999995
2.368,3,5.689569,275,open,1.0,2.3679999999999994
1.662,3,5.858506,255,closed,0.0,1.6619999999999995
2.202,3,5.860228,275,closed,0.0,2.201999999999999
2.368,3,5.861698,275,open,1.0,2.3679999999999994
2.188,3,5.86317,255,open,1.0,2.1879999999999993
-3.685,3,5.864358,195,closed,0.0,-3.6850000000000005
-3.735,3,5.865505,195,closed,0.0,-3.7350000000000003
2.368,3,5.866559,275,open,1.0,2.3679999999999994
2.202,3,5.867638,275,closed,0.0,2.201999999999999
-3.735,3,5.868641,195,closed,0.0,-3.7350000000000003
2.188,3,5.869771,255,open,1.0,2.1879999999999993
1.662,3,5.870779,255,closed,0.0,1.6619999999999995
1.662,3,5.87178,255,closed,0.0,1.6619999999999995
-3.735,3,5.87283,195,closed,0.0,-3.7350000000000003
2.451,3,5.873799,195,open,1.0,2.4509999999999996
2.285,3,5.874848,275,open,1.0,2.2849999999999993
2.285,3,5.875834,275,open,1.0,2.2849999999999993
-3.685,3,5.876789,195,closed,0.0,-3.6850000000000005
2.285,3,5.877798,275,open,1.0,2.2849999999999993
2.202,3,5.878746,275,closed,0.0,2.201999999999999
1.662,3,5.879751,255,closed,0.0,1.6619999999999995
1.925,3,5.880706,255,open,1.0,1.9249999999999994
2.188,3,5.881648,275,open,1.0,2.1879999999999993
-3.735,3,5.882606,195,closed,0.0,-3.7350000000000003
2.202,3,5.883527,275,closed,0.0,2.201999999999999
2.188,3,5.884495,255,open,1.0,2.1879999999999993
1.662,3,5.88542,255,closed,0.0,1.6619999999999995
2.285,3,5.886369,275,open,1.0,2.2849999999999993
2.022,3,5.887296,275,closed,0.0,2.0219999999999994
2.105,3,5.888243,275,open,1.0,2.1049999999999995
2.202,3,5.889214,275,closed,0.0,2.201999999999999
2.202,3,5.890209,275,closed,0.0,2.201999999999999
2.188,3,5.891158,255,open,1.0,2.1879999999999993
2.202,3,5.892121,275,closed,0.0,2.201999999999999
2.188,3,5.89311,255,open,1.0,2.1879999999999993
2.188,3,5.894038,255,open,1.0,2.1879999999999993
2.285,3,5.895051,275,open,1.0,2.2849999999999993
1.662,3,5.895998,255,closed,0.0,1.6619999999999995
2.451,3,5.896975,195,open,1.0,2.4509999999999996
-3.885,3,5.897921,195,closed,0.0,-3.8850000000000002
2.285,3,5.898847,275,open,1.0,2.2849999999999993
-3.885,3,5.899762,195,closed,0.0,-3.8850000000000002
2.368,3,5.900663,275,open,1.0,2.3679999999999994
-3.735,3,5.901624,195,closed,0.0,-3.7350000000000003
1.662,3,5.902526,255,closed,0.0,1.6619999999999995
2.202,3,5.903451,275,closed,0.0,2.201999999999999
2.451,3,5.904376,195,open,1.0,2.4509999999999996
2.451,3,5.905279,195,open,1.0,2.4509999999999996
2.451,3,5.906231,195,open,1.0,2.4509999999999996
2.188,3,5.907167,255,open,1.0,2.1879999999999993
2.451,3,5.908068,195,open,1.0,2.4509999999999996
1.662,3,5.909009,255,closed,0.0,1.6619999999999995
2.451,3,5.909904,195,open,1.0,2.4509999999999996
2.188,3,5.910815,255,open,1.0,2.1879999999999993
2.202,3,5.911731,275,closed,0.0,2.201999999999999
2.022,3,5.912653,275,closed,0.0,2.0219999999999994
2.451,3,5.913609,195,open,1.0,2.4509999999999996
-3.835,3,5.914542,195,closed,0.0,-3.835
2.451,3,5.915443,195,open,1.0,2.4509999999999996
-3.735,3,5.916364,195,closed,0.0,-3.7350000000000003
-3.835,3,5.917266,195,closed,0.0,-3.8350000000000004
1.662,3,5.918164,255,closed,0.0,1.6619999999999995
2.202,3,5.91911,275,closed,0.0,2.201999999999999
2.285,3,5.920003,275,open,1.0,2.2849999999999993
-3.735,3,5.920947,195,closed,0.0,-3.7350000000000003
-0.197,3,5.921859,255,closed,0.0,-0.1970000000000005
0.439,3,5.922814,195,open,1.0,0.4389999999999996
1.662,3,5.923691,255,closed,0.0,1.6619999999999995
0.439,3,5.924585,195,open,1.0,0.4389999999999996
2.202,3,5.925528,275,closed,0.0,2.201999999999999
2.188,3,5.926448,255,open,1.0,2.1879999999999993
2.202,3,5.927406,275,open,1.0,2.201999999999999
-3.735,3,5.928304,195,closed,0.0,-3.7350000000000003
1.662,3,5.929259,255,closed,0.0,1.6619999999999995
-3.735,3,5.930168,195,closed,0.0,-3.7350000000000003
2.188,3,5.931078,275,open,1.0,2.1879999999999993
1.662,3,5.932015,255,closed,0.0,1.6619999999999995
2.285,3,5.93292,275,open,1.0,2.2849999999999993
2.285,3,5.933825,275,open,1.0,2.2849999999999993
2.451,3,5.934713,255,open,1.0,2.4509999999999996
2.368,3,5.935614,275,open,1.0,2.3679999999999994
2.188,3,5.936536,255,open,1.0,2.1879999999999993
2.202,3,5.937467,275,open,1.0,2.201999999999999
2.285,3,5.938384,275,open,1.0,2.2849999999999993
2.188,3,5.939348,255,open,1.0,2.1879999999999993
2.022,3,5.940307,275,closed,0.0,2.0219999999999994
1.925,3,5.941219,255,open,1.0,1.9249999999999994
2.451,3,5.942482,195,open,1.0,2.4509999999999996
2.202,3,5.943448,275,closed,0.0,2.201999999999999
-3.885,3,5.944346,195,closed,0.0,-3.8850000000000002
2.202,3,5.945231,275,open,1.0,2.201999999999999
2.188,3,5.946157,255,open,1.0,2.1879999999999993
2.202,3,5.947032,275,closed,0.0,2.201999999999999
2.285,3,5.947907,275,open,1.0,2.2849999999999993
2.022,3,5.948828,275,closed,0.0,2.0219999999999994
2.285,3,5.949694,275,open,1.0,2.2849999999999993
-3.885,3,5.950614,195,closed,0.0,-3.8850000000000002
2.451,3,5.951523,195,open,1.0,2.4509999999999996
0.239,3,5.952388,195,open,1.0,0.23899999999999966
2.451,3,5.953303,195,open,1.0,2.4509999999999996
2.105,3,5.954157,275,open,1.0,2.1049999999999995
1.662,3,5.955056,255,closed,0.0,1.6619999999999995
2.368,3,5.955909,275,open,1.0,2.3679999999999994
2.368,3,5.956781,275,open,1.0,2.3679999999999994
2.451,3,5.957638,195,open,1.0,2.4509999999999996
-3.735,3,5.958493,195,closed,0.0,-3.7350000000000003
1.662,3,5.959374,255,closed,0.0,1.6619999999999995
2.451,3,5.96028,195,open,1.0,2.4509999999999996
2.285,3,5.961192,275,open,1.0,2.2849999999999993
-3.735,3,5.962079,195,closed,0.0,-3.7350000000000003
2.451,3,5.963018,195,open,1.0,2.4509999999999996
2.451,3,5.963889,195,open,1.0,2.4509999999999996
1.662,3,5.964806,255,closed,0.0,1.6619999999999995
-3.735,3,5.965703,195,closed,0.0,-3.7350000000000003
2.285,3,5.96658,275,open,1.0,2.2849999999999993
2.451,3,5.967514,195,open,1.0,2.4509999999999996
1.662,3,5.968395,255,closed,0.0,1.6619999999999995
-3.885,3,5.969334,195,closed,0.0,-3.8850000000000002
1.925,3,5.97026,255,open,1.0,1.9249999999999994
2.202,3,5.97115,275,closed,0.0,2.201999999999999
1.662,3,5.972031,255,closed,0.0,1.6619999999999995
-0.037,3,5.972904,275,closed,0.0,-0.03700000000000059
2.451,3,5.973825,195,open,1.0,2.4509999999999996
2.188,3,5.974695,255,open,1.0,2.1879999999999997
2.368,3,5.975614,275,open,1.0,2.3679999999999994
-3.635,3,5.976547,195,closed,0.0,-3.6350000000000007
2.451,3,5.977431,195,open,1.0,2.4509999999999996
2.451,3,5.978344,195,open,1.0,2.4509999999999996
2.188,3,5.979231,255,open,1.0,2.1879999999999993
-3.735,3,5.980109,195,closed,0.0,-3.7350000000000003
-3.735,3,5.981018,195,closed,0.0,-3.7350000000000003
2.368,3,5.981889,275,open,1.0,2.3679999999999994
2.022,3,5.98279,275,closed,0.0,2.0219999999999994
2.188,3,5.983726,255,open,1.0,2.1879999999999993
2.285,3,5.984639,275,open,1.0,2.2849999999999993
1.662,3,5.985527,255,closed,0.0,1.6619999999999995
1.662,3,5.986454,255,closed,0.0,1.6619999999999995
1.662,3,5.987347,255,closed,0.0,1.6619999999999995
2.451,3,5.988231,195,open,1.0,2.4509999999999996
2.451,3,5.989156,195,open,1.0,2.4509999999999996
1.925,3,5.990037,255,open,1.0,1.9249999999999994
2.451,3,5.990926,195,open,1.0,2.4509999999999996
2.188,3,5.991795,255,open,1.0,2.1879999999999993
2.202,3,5.992695,275,closed,0.0,2.201999999999999
1.925,3,5.99359,255,open,1.0,1.9249999999999994
1.662,3,5.994471,255,closed,0.0,1.6619999999999995
1.662,3,5.995358,255,closed,0.0,1.6619999999999995
-3.885,3,5.996261,195,closed,0.0,-3.8850000000000002
-3.735,3,5.997135,195,closed,0.0,-3.7350000000000003
-3.735,3,5.998066,195,closed,0.0,-3.7350000000000003
1.662,3,5.998957,255,closed,0.0,1.6619999999999995
2.285,3,5.999837,275,open,1.0,2.2849999999999993
2.451,3,6.000761,195,open,1.0,2.4509999999999996
2.202,3,6.001655,275,closed,0.0,2.201999999999999
2.188,3,6.002543,255,open,1.0,2.1879999999999993
1.662,3,6.003438,255,closed,0.0,1.6619999999999995
0.116,3,6.004329,255,open,1.0,0.11599999999999955
1.662,3,6.005219,255,closed,0.0,1.6619999999999995
2.022,3,6.006111,275,closed,0.0,2.0219999999999994
-3.735,3,6.007,195,closed,0.0,-3.7350000000000003
2.202,3,6.007891,275,closed,0.0,2.201999999999999
2.188,3,6.008754,255,open,1.0,2.1879999999999993
2.451,3,6.009693,195,open,1.0,2.4509999999999996
-3.735,3,6.01059,195,closed,0.0,-3.7350000000000003
2.285,3,6.011535,275,open,1.0,2.2849999999999993
2.451,3,6.012435,195,open,1.0,2.4509999999999996
2.188,3,6.013325,255,open,1.0,2.1879999999999993
1.662,3,6.014266,255,closed,0.0,1.6619999999999995
2.188,3,6.015153,255,open,1.0,2.1879999999999993
2.451,3,6.016078,255,open,1.0,2.4509999999999996
-3.835,3,6.016988,195,closed,0.0,-3.835
2.368,3,6.017896,275,open,1.0,2.3679999999999994
-3.885,3,6.190662,195,closed,0.0,-3.8850000000000002
2.285,3,6.192063,275,open,1.0,2.2849999999999993
2.285,3,6.193323,275,open,1.0,2.2849999999999993
-3.835,3,6.194648,195,closed,0.0,-3.8350000000000004
2.202,3,6.196084,275,closed,0.0,2.201999999999999
2.202,3,6.197325,275,closed,0.0,2.201999999999999
2.451,3,6.198562,195,open,1.0,2.4509999999999996
2.285,3,6.199761,275,open,1.0,2.2849999999999993
1.662,3,6.200963,255,closed,0.0,1.6619999999999995
2.451,3,6.20223,195,open,1.0,2.4509999999999996
1.662,3,6.203417,255,closed,0.0,1.6619999999999995
2.188,3,6.204751,255,open,1.0,2.1879999999999993
1.662,3,6.205747,255,closed,0.0,1.6619999999999995
2.188,3,6.20708,255,open,1.0,2.1879999999999993
2.188,3,6.208053,255,open,1.0,2.1879999999999993
2.451,3,6.209023,195,open,1.0,2.4509999999999996
2.188,3,6.209997,255,open,1.0,2.1879999999999993
2.188,3,6.210954,255,open,1.0,2.1879999999999993
2.451,3,6.211892,195,open,1.0,2.4509999999999996
2.451,3,6.212915,195,open,1.0,2.4509999999999996
-3.685,3,6.213863,195,closed,0.0,-3.6850000000000005
-3.735,3,6.214859,195,closed,0.0,-3.7350000000000003
2.188,3,6.215777,255,open,1.0,2.1879999999999993
2.202,3,6.217149,275,closed,0.0,2.201999999999999
2.188,3,6.218128,255,open,1.0,2.1879999999999993
2.451,3,6.219114,195,open,1.0,2.4509999999999996
0.439,3,6.220078,195,open,1.0,0.4389999999999996
-3.685,3,6.221075,195,closed,0.0,-3.6850000000000005
2.368,3,6.222005,275,open,1.0,2.3679999999999994
2.451,3,6.222981,195,open,1.0,2.4509999999999996
2.202,3,6.223929,275,closed,0.0,2.201999999999999
2.451,3,6.224905,195,open,1.0,2.4509999999999996
2.451,3,6.225901,195,open,1.0,2.4509999999999996
1.662,3,6.226846,255,closed,0.0,1.6619999999999995
2.202,3,6.227799,275,closed,0.0,2.201999999999999
2.022,3,6.22872,275,closed,0.0,2.0219999999999994
2.451,3,6.229645,195,open,1.0,2.4509999999999996
1.662,3,6.230603,255,closed,0.0,1.6619999999999995
1.662,3,6.231508,255,closed,0.0,1.6619999999999995
2.368,3,6.232453,275,open,1.0,2.3679999999999994
2.451,3,6.233389,195,open,1.0,2.4509999999999996
2.368,3,6.234313,275,open,1.0,2.3679999999999994
1.662,3,6.235605,255,closed,0.0,1.6619999999999995
1.662,3,6.236729,255,closed,0.0,1.6619999999999995
2.202,3,6.237775,275,closed,0.0,2.201999999999999
2.368,3,6.238799,275,open,1.0,2.3679999999999994
1.662,3,6.239815,255,closed,0.0,1.6619999999999995
1.662,3,6.240997,255,closed,0.0,1.6619999999999995
2.451,3,6.241996,195,open,1.0,2.4509999999999996
2.188,3,6.242973,255,open,1.0,2.1879999999999993
2.188,3,6.24394,255,open,1.0,2.1879999999999993
2.202,3,6.244967,275,closed,0.0,2.201999999999999
-0.147,3,6.245941,255,closed,0.0,-0.14700000000000046
2.202,3,6.246959,275,open,1.0,2.201999999999999
-3.735,3,6.247909,195,closed,0.0,-3.7350000000000003
2.451,3,6.248914,195,open,1.0,2.4509999999999996
2.188,3,6.24988,255,open,1.0,2.1879999999999993
2.285,3,6.250846,275,open,1.0,2.2849999999999993
1.662,3,6.251977,255,closed,0.0,1.6619999999999995
2.368,3,6.252978,275,open,1.0,2.3679999999999994
2.202,3,6.253925,275,closed,0.0,2.201999999999999
2.202,3,6.254888,275,closed,0.0,2.201999999999999
-3.735,3,6.255864,195,closed,0.0,-3.7350000000000003
-3.735,3,6.256807,195,closed,0.0,-3.7350000000000003
2.451,3,6.25779,195,open,1.0,2.4509999999999996
2.451,3,6.258751,195,open,1.0,2.4509999999999996
2.451,3,6.259694,195,open,1.0,2.4509999999999996
2.285,3,6.26065,275,open,1.0,2.2849999999999993
2.368,3,6.261654,275,open,1.0,2.3679999999999994
1.662,3,6.262603,255,closed,0.0,1.6619999999999995
2.451,3,6.263978,195,open,1.0,2.4509999999999996
-0.197,3,6.265035,255,closed,0.0,-0.1970000000000005
2.202,3,6.266355,275,open,1.0,2.201999999999999
2.202,3,6.267333,275,closed,0.0,2.201999999999999
1.662,3,6.268299,255,closed,0.0,1.6619999999999995
2.022,3,6.269212,275,closed,0.0,2.0219999999999994
2.451,3,6.27059,195,open,1.0,2.4509999999999996
2.202,3,6.271541,275,open,1.0,2.201999999999999
2.188,3,6.272517,255,open,1.0,2.1879999999999993
1.662,3,6.273424,255,closed,0.0,1.6619999999999995
2.202,3,6.274426,275,closed,0.0,2.201999999999999
2.368,3,6.275339,275,open,1.0,2.3679999999999994
2.285,3,6.276276,275,open,1.0,2.2849999999999993
2.188,3,6.277221,255,open,1.0,2.1879999999999993
2.285,3,6.278617,275,open,1.0,2.2849999999999993
-3.735,3,6.279649,195,closed,0.0,-3.7350000000000003
2.451,3,6.280568,195,open,1.0,2.4509999999999996
-3.885,3,6.281547,195,closed,0.0,-3.8850000000000002
1.662,3,6.282465,255,closed,0.0,1.6619999999999995
2.188,3,6.283412,255,open,1.0,2.1879999999999993
1.662,3,6.284317,255,closed,0.0,1.6619999999999995
2.451,3,6.285253,195,open,1.0,2.4509999999999996
2.202,3,6.286175,275,closed,0.0,2.201999999999999
-3.885,3,6.287081,195,closed,0.0,-3.8850000000000002
2.022,3,6.287995,275,closed,0.0,2.0219999999999994
2.368,3,6.288975,275,open,1.0,2.3679999999999994
2.188,3,6.289899,255,open,1.0,2.1879999999999993
2.202,3,6.290838,275,closed,0.0,2.201999999999999
1.662,3,6.291846,255,closed,0.0,1.6619999999999995
2.202,3,6.292948,275,closed,0.0,2.201999999999999
2.451,3,6.293886,195,open,1.0,2.4509999999999996
2.285,3,6.294874,275,open,1.0,2.2849999999999993
2.188,3,6.295817,255,open,1.0,2.1879999999999993
2.202,3,6.29673,275,open,1.0,2.201999999999999
1.925,3,6.29765,255,open,1.0,1.9249999999999994
2.188,3,6.298615,255,open,1.0,2.1879999999999993
2.188,3,6.299694,255,open,1.0,2.1879999999999993
1.662,3,6.30061,255,closed,0.0,1.6619999999999995
2.202,3,6.301586,275,closed,0.0,2.201999999999999
1.662,3,6.302499,255,closed,0.0,1.6619999999999995
-3.735,3,6.303828,195,closed,0.0,-3.7350000000000003
1.662,3,6.304786,255,closed,0.0,1.6619999999999995
2.285,3,6.306244,275,open,1.0,2.2849999999999993
1.662,3,6.307342,255,closed,0.0,1.6619999999999995
2.451,3,6.308331,195,open,1.0,2.4509999999999996
-3.685,3,6.30923,195,closed,0.0,-3.6850000000000005
2.188,3,6.310176,255,open,1.0,2.1879999999999993
-3.735,3,6.311143,195,closed,0.0,-3.7350000000000003
2.451,3,6.312088,195,open,1.0,2.4509999999999996
2.202,3,6.313018,275,closed,0.0,2.201999999999999
2.188,3,6.313953,255,open,1.0,2.1879999999999993
2.451,3,6.315956,195,open,1.0,2.4509999999999996
-3.735,3,6.316962,195,closed,0.0,-3.7350000000000003
1.662,3,6.317902,255,closed,0.0,1.6619999999999995
1.925,3,6.31888,255,open,1.0,1.9249999999999994
2.451,3,6.320023,255,open,1.0,2.4509999999999996
-3.735,3,6.320965,195,closed,0.0,-3.7350000000000003
2.188,3,6.32189,255,open,1.0,2.1879999999999993
-3.735,3,6.322785,195,closed,0.0,-3.7350000000000003
1.662,3,6.323895,255,closed,0.0,1.6619999999999995
1.662,3,6.324968,255,closed,0.0,1.6619999999999995
-3.735,3,6.325887,195,closed,0.0,-3.7350000000000003
2.451,3,6.327075,195,open,1.0,2.4509999999999996
-3.735,3,6.328697,195,closed,0.0,-3.7350000000000003
2.188,3,6.329657,255,open,1.0,2.1879999999999993
2.022,3,6.330603,275,closed,0.0,2.0219999999999994
-3.735,3,6.331544,195,closed,0.0,-3.7350000000000003
2.451,3,6.332569,195,open,1.0,2.4509999999999996
2.451,3,6.333557,195,open,1.0,2.4509999999999996
2.022,3,6.33448,275,closed,0.0,2.0219999999999994
2.188,3,6.335509,255,open,1.0,2.1879999999999993
2.188,3,6.33642,255,open,1.0,2.1879999999999993
-3.685,3,6.337358,195,closed,0.0,-3.6850000000000005
2.451,3,6.338274,195,open,1.0,2.4509999999999996
-3.635,3,6.339363,195,closed,0.0,-3.6350000000000007
-3.735,3,6.340273,195,closed,0.0,-3.7350000000000003
2.451,3,6.341212,195,open,1.0,2.4509999999999996
2.202,3,6.342101,275,open,1.0,2.201999999999999
2.285,3,6.343059,275,open,1.0,2.2849999999999993
-3.735,3,6.344229,195,closed,0.0,-3.7350000000000003
-0.197,3,6.345158,255,closed,0.0,-0.1970000000000005
2.202,3,6.346254,275,closed,0.0,2.201999999999999
2.022,3,6.347169,275,closed,0.0,2.0219999999999994
2.451,3,6.348114,275,open,1.0,2.4509999999999996
-3.735,3,6.349535,195,closed,0.0,-3.7350000000000003
2.188,3,6.350999,255,open,1.0,2.1879999999999993
2.188,3,6.352167,255,open,1.0,2.1879999999999993
1.662,3,6.353264,255,closed,0.0,1.6619999999999995
2.285,3,6.354243,275,open,1.0,2.2849999999999993
-3.735,3,6.355153,195,closed,0.0,-3.7350000000000003
-3.735,3,6.356072,195,closed,0.0,-3.7350000000000003
2.188,3,6.357023,255,open,1.0,2.1879999999999993
-3.735,3,6.357926,195,closed,0.0,-3.7350000000000003
2.285,3,6.359173,275,open,1.0,2.2849999999999993
2.188,3,6.360152,255,open,1.0,2.1879999999999993
-3.885,3,6.361086,195,closed,0.0,-3.8850000000000002
2.202,3,6.362016,275,open,1.0,2.201999999999999
2.202,3,6.363281,275,closed,0.0,2.201999999999999
2.202,3,6.364287,275,closed,0.0,2.201999999999999
-3.735,3,6.365224,195,closed,0.0,-3.7350000000000003
2.368,3,6.553321,275,open,1.0,2.3679999999999994
1.925,3,6.554913,255,open,1.0,1.9249999999999994
2.202,3,6.55611,275,closed,0.0,2.201999999999999
2.451,3,6.5572,195,open,1.0,2.4509999999999996
1.662,3,6.558226,255,closed,0.0,1.6619999999999995
2.285,3,6.559308,275,open,1.0,2.2849999999999993
1.662,3,6.560327,255,closed,0.0,1.6619999999999995
-3.735,3,6.56135,195,closed,0.0,-3.7350000000000003
2.451,3,6.562349,195,open,1.0,2.4509999999999996
2.285,3,6.563345,275,open,1.0,2.2849999999999993
-3.735,3,6.564304,195,closed,0.0,-3.7350000000000003
2.285,3,6.565308,275,open,1.0,2.2849999999999993
-3.735,3,6.566254,195,closed,0.0,-3.7350000000000003
2.451,3,6.567189,195,open,1.0,2.4509999999999996
2.368,3,6.568188,275,open,1.0,2.3679999999999994
1.662,3,6.569129,255,closed,0.0,1.6619999999999995
1.662,3,6.570076,255,closed,0.0,1.6619999999999995
-3.735,3,6.571025,195,closed,0.0,-3.7350000000000003
2.451,3,6.57196,195,open,1.0,2.4509999999999996
-3.685,3,6.57286,195,closed,0.0,-3.6850000000000005
2.188,3,6.573807,255,open,1.0,2.1879999999999993
2.451,3,6.574697,195,open,1.0,2.4509999999999996
1.662,3,6.575651,255,closed,0.0,1.6619999999999995
1.662,3,6.576551,255,closed,0.0,1.6619999999999995
2.451,3,6.577462,195,open,1.0,2.4509999999999996
2.451,3,6.578377,195,open,1.0,2.4509999999999996
2.451,3,6.579301,195,open,1.0,2.4509999999999996
-3.735,3,6.580215,195,closed,0.0,-3.7350000000000003
2.188,3,6.581117,255,open,1.0,2.1879999999999993
2.202,3,6.582079,275,closed,0.0,2.201999999999999
2.022,3,6.583208,275,closed,0.0,2.0219999999999994
2.022,3,6.584634,275,closed,0.0,2.0219999999999994
1.925,3,6.585859,255,open,1.0,1.9249999999999994
1.662,3,6.587076,255,closed,0.0,1.6619999999999995
2.188,3,6.588173,255,open,1.0,2.1879999999999993
2.451,3,6.589314,195,open,1.0,2.4509999999999996
2.202,3,6.590389,275,closed,0.0,2.201999999999999
2.022,3,6.591419,275,closed,0.0,2.0219999999999994
2.451,3,6.592422,195,open,1.0,2.4509999999999996
2.202,3,6.59343,275,closed,0.0,2.201999999999999
2.188,3,6.594408,255,open,1.0,2.1879999999999993
2.451,3,6.595437,195,open,1.0,2.4509999999999996
2.202,3,6.596386,275,closed,0.0,2.201999999999999
2.202,3,6.597377,275,closed,0.0,2.201999999999999
2.022,3,6.598314,275,closed,0.0,2.0219999999999994
2.202,3,6.599278,275,closed,0.0,2.201999999999999
1.662,3,6.600198,255,closed,0.0,1.6619999999999995
2.451,3,6.601089,195,open,1.0,2.4509999999999996
2.202,3,6.602051,275,open,1.0,2.201999999999999
2.451,3,6.602975,195,open,1.0,2.4509999999999996
2.451,3,6.603904,195,open,1.0,2.4509999999999996
-3.685,3,6.604827,195,closed,0.0,-3.6850000000000005
1.662,3,6.605725,255,closed,0.0,1.6619999999999995
2.202,3,6.606686,275,closed,0.0,2.201999999999999
2.451,3,6.607562,195,open,1.0,2.4509999999999996
2.188,3,6.608499,255,open,1.0,2.1879999999999993
2.451,3,6.609398,195,open,1.0,2.4509999999999996
1.662,3,6.610285,255,closed,0.0,1.6619999999999995
-3.735,3,6.611164,195,closed,0.0,-3.7350000000000003
2.202,3,6.612043,275,closed,0.0,2.201999999999999
2.451,3,6.612975,195,open,1.0,2.4509999999999996
2.451,3,6.613855,195,open,1.0,2.4509999999999996
2.451,3,6.614775,195,open,1.0,2.4509999999999996
1.662,3,6.615664,255,closed,0.0,1.6619999999999995
2.202,3,6.616555,275,closed,0.0,2.201999999999999
2.451,3,6.617458,195,open,1.0,2.4509999999999996
2.202,3,6.618361,275,closed,0.0,2.201999999999999
2.188,3,6.619245,255,open,1.0,2.1879999999999993
-3.735,3,6.620183,195,closed,0.0,-3.7350000000000003
2.202,3,6.621127,275,closed,0.0,2.201999999999999
2.188,3,6.622021,255,open,1.0,2.1879999999999993
-3.735,3,6.62294,195,closed,0.0,-3.7350000000000003
-0.197,3,6.623788,255,closed,0.0,-0.1970000000000005
1.662,3,6.624704,255,closed,0.0,1.6619999999999995
-3.835,3,6.625572,195,closed,0.0,-3.835
1.662,3,6.626485,255,closed,0.0,1.6619999999999995
-3.735,3,6.627343,195,closed,0.0,-3.7350000000000003
2.451,3,6.628251,195,open,1.0,2.4509999999999996
2.285,3,6.629121,275,open,1.0,2.2849999999999993
2.188,3,6.62999,255,open,1.0,2.1879999999999993
2.451,3,6.630908,195,open,1.0,2.4509999999999996
2.285,3,6.631764,275,open,1.0,2.2849999999999993
1.925,3,6.632687,255,open,1.0,1.9249999999999994
2.105,3,6.633581,275,open,1.0,2.1049999999999995
1.662,3,6.634456,255,closed,0.0,1.6619999999999995
2.188,3,6.635348,255,open,1.0,2.1879999999999993
1.662,3,6.636222,255,closed,0.0,1.6619999999999995
2.451,3,6.637079,195,open,1.0,2.4509999999999996
-3.735,3,6.63799,195,closed,0.0,-3.7350000000000003
1.662,3,6.638862,255,closed,0.0,1.6619999999999995
2.451,3,6.639725,195,open,1.0,2.4509999999999996
1.925,3,6.646278,255,open,1.0,1.9249999999999994
2.451,3,6.648127,195,open,1.0,2.4509999999999996
-3.685,3,6.64943,195,closed,0.0,-3.6850000000000005
2.285,3,6.650491,275,open,1.0,2.2849999999999993
-3.735,3,6.651566,195,closed,0.0,-3.7350000000000003
-0.197,3,6.652579,255,closed,0.0,-0.1970000000000005
2.188,3,6.653616,255,open,1.0,2.1879999999999993
1.662,3,6.654605,255,closed,0.0,1.6619999999999995
1.662,3,6.655551,255,closed,0.0,1.6619999999999995
-3.735,3,6.656533,195,closed,0.0,-3.7350000000000003
1.662,3,6.657476,255,closed,0.0,1.6619999999999995
-3.735,3,6.658406,195,closed,0.0,-3.7350000000000003
2.202,3,6.659337,275,closed,0.0,2.201999999999999
2.451,3,6.660238,195,open,1.0,2.4509999999999996
1.662,3,6.661206,255,closed,0.0,1.6619999999999995
0.239,3,6.662128,195,open,1.0,0.23899999999999966
2.188,3,6.663059,255,open,1.0,2.1879999999999993
2.451,3,6.664033,195,open,1.0,2.4509999999999996
1.662,3,6.664958,255,closed,0.0,1.6619999999999995
-3.735,3,6.665873,195,closed,0.0,-3.7350000000000003
1.662,3,6.666779,255,closed,0.0,1.6619999999999995
2.285,3,6.667663,275,open,1.0,2.2849999999999993
2.451,3,6.668606,255,open,1.0,2.4509999999999996
2.202,3,6.669492,275,closed,0.0,2.201999999999999
2.188,3,6.670414,255,open,1.0,2.1879999999999993
2.368,3,6.67132,275,open,1.0,2.3679999999999994
2.202,3,6.672207,275,open,1.0,2.201999999999999
1.925,3,6.673148,255,open,1.0,1.9249999999999994
2.368,3,6.67407,275,open,1.0,2.3679999999999994
1.662,3,6.674971,255,closed,0.0,1.6619999999999995
-3.735,3,6.675857,195,closed,0.0,-3.7350000000000003
1.925,3,6.676728,255,open,1.0,1.9249999999999994
2.202,3,6.67767,275,closed,0.0,2.201999999999999
2.188,3,6.678564,255,open,1.0,2.1879999999999993
2.202,3,6.679485,275,closed,0.0,2.201999999999999
2.285,3,6.680409,275,open,1.0,2.2849999999999993
2.202,3,6.681305,275,closed,0.0,2.201999999999999
-3.735,3,6.682248,195,closed,0.0,-3.7350000000000003
-3.735,3,6.683152,195,closed,0.0,-3.7350000000000003
2.105,3,6.684043,275,open,1.0,2.1049999999999995
2.188,3,6.684959,255,open,1.0,2.1879999999999993
1.662,3,6.685824,255,closed,0.0,1.6619999999999995
-3.735,3,6.686697,195,closed,0.0,-3.7350000000000003
1.662,3,6.687581,255,closed,0.0,1.6619999999999995
2.188,3,6.688439,255,open,1.0,2.1879999999999993
2.451,3,6.689358,195,open,1.0,2.4509999999999996
2.451,3,6.690229,195,open,1.0,2.4509999999999996
2.285,3,6.691102,275,open,1.0,2.2849999999999993
2.188,3,6.691975,255,open,1.0,2.1879999999999993
2.368,3,6.692824,275,open,1.0,2.3679999999999994
2.202,3,6.693742,275,closed,0.0,2.201999999999999
-3.735,3,6.694612,195,closed,0.0,-3.7350000000000003
0.439,3,6.695538,195,open,1.0,0.4389999999999996
2.285,3,6.696412,275,open,1.0,2.2849999999999993
2.022,3,6.697321,275,closed,0.0,2.0219999999999994
2.285,3,6.698176,275,open,1.0,2.2849999999999993
2.202,3,6.699092,275,open,1.0,2.201999999999999
-3.685,3,6.699957,195,closed,0.0,-3.6850000000000005
-3.735,3,6.700839,195,closed,0.0,-3.7350000000000003
2.285,3,6.701719,275,open,1.0,2.2849999999999993
2.285,3,6.702582,275,open,1.0,2.2849999999999993
2.188,3,6.703506,255,open,1.0,2.1879999999999993
2.285,3,6.704375,275,open,1.0,2.2849999999999993
2.188,3,6.705293,255,open,1.0,2.1879999999999993
2.188,3,6.706182,255,open,1.0,2.1879999999999993
2.022,3,6.707056,275,closed,0.0,2.0219999999999994
1.662,3,6.707927,255,closed,0.0,1.6619999999999995
2.202,3,6.708772,275,closed,0.0,2.201999999999999
2.451,3,6.709635,195,open,1.0,2.4509999999999996
1.662,3,6.710556,255,closed,0.0,1.6619999999999995
2.188,3,6.711437,255,open,1.0,2.1879999999999993
-3.735,3,6.712584,195,closed,0.0,-3.7350000000000003
-3.735,3,6.713528,195,closed,0.0,-3.7350000000000003
-3.735,3,6.714441,195,closed,0.0,-3.7350000000000003
2.451,3,6.715313,195,open,1.0,2.4509999999999996
2.451,3,6.716232,195,open,1.0,2.4509999999999996
2.451,3,6.717113,195,open,1.0,2.4509999999999996
2.451,3,6.71798,195,open,1.0,2.4509999999999996
1.662,3,6.718902,255,closed,0.0,1.6619999999999995
2.451,3,6.719758,195,open,1.0,2.4509999999999996
-3.685,3,6.90617,195,closed,0.0,-3.6850000000000005
2.451,3,6.907532,195,open,1.0,2.4509999999999996
2.202,3,6.908751,275,open,1.0,2.201999999999999
-3.735,3,6.909972,195,closed,0.0,-3.7350000000000003
2.188,3,6.911173,255,open,1.0,2.1879999999999993
1.662,3,6.912374,255,closed,0.0,1.6619999999999995
2.188,3,6.913544,255,open,1.0,2.1879999999999993
1.662,3,6.914687,255,closed,0.0,1.6619999999999995
-3.735,3,6.915665,195,closed,0.0,-3.7350000000000003
2.188,3,6.916591,255,open,1.0,2.1879999999999993
2.188,3,6.917533,255,open,1.0,2.1879999999999993
2.202,3,6.918555,275,closed,0.0,2.201999999999999
-3.735,3,6.919501,195,closed,0.0,-3.7350000000000003
1.925,3,6.920437,255,open,1.0,1.9249999999999994
2.368,3,6.921368,275,open,1.0,2.3679999999999994
1.662,3,6.922349,255,closed,0.0,1.6619999999999995
-3.735,3,6.923294,195,closed,0.0,-3.7350000000000003
2.451,3,6.924259,195,open,1.0,2.4509999999999996
-3.735,3,6.925244,195,closed,0.0,-3.7350000000000003
1.662,3,6.92619,255,closed,0.0,1.6619999999999995
0.143,3,6.92711,275,closed,0.0,0.14299999999999935
2.188,3,6.928096,255,open,1.0,2.1879999999999993
-3.735,3,6.929025,195,closed,0.0,-3.7350000000000003
2.285,3,6.92993,275,open,1.0,2.2849999999999993
2.285,3,6.930839,275,open,1.0,2.2849999999999993
1.925,3,6.932865,255,open,1.0,1.9249999999999994
-3.735,3,6.934575,195,closed,0.0,-3.7350000000000003
2.285,3,6.936173,275,open,1.0,2.2849999999999993
2.451,3,6.93757,195,open,1.0,2.4509999999999996
2.202,3,6.938822,275,closed,0.0,2.201999999999999
2.451,3,6.940058,195,open,1.0,2.4509999999999996
-3.735,3,6.941232,195,closed,0.0,-3.7350000000000003
2.368,3,6.942349,275,open,1.0,2.3679999999999994
2.188,3,6.943539,255,open,1.0,2.1879999999999993
-3.685,3,6.944634,195,closed,0.0,-3.6850000000000005
2.202,3,6.945712,275,closed,0.0,2.201999999999999
2.451,3,6.946807,195,open,1.0,2.4509999999999996
0.239,3,6.947837,195,open,1.0,0.23899999999999966
2.451,3,6.94886,195,open,1.0,2.4509999999999996
2.188,3,6.94988,255,open,1.0,2.1879999999999993
2.202,3,6.950851,275,open,1.0,2.201999999999999
2.202,3,6.951884,275,closed,0.0,2.201999999999999
2.202,3,6.952843,275,closed,0.0,2.201999999999999
2.285,3,6.953788,275,open,1.0,2.2849999999999993
1.925,3,6.954795,255,open,1.0,1.9249999999999994
2.202,3,6.955748,275,open,1.0,2.201999999999999
1.662,3,6.956688,255,closed,0.0,1.6619999999999995
2.202,3,6.95759,275,closed,0.0,2.201999999999999
2.451,3,6.958494,195,open,1.0,2.4509999999999996
2.368,3,6.959434,275,open,1.0,2.3679999999999994
-3.735,3,6.960351,195,closed,0.0,-3.7350000000000003
2.188,3,6.961289,255,open,1.0,2.1879999999999993
1.662,3,6.96219,255,closed,0.0,1.6619999999999995
-3.735,3,6.963078,195,closed,0.0,-3.7350000000000003
1.662,3,6.963989,255,closed,0.0,1.6619999999999995
1.662,3,6.964906,255,closed,0.0,1.6619999999999995
2.202,3,6.965806,275,closed,0.0,2.201999999999999
2.451,3,6.966692,195,open,1.0,2.4509999999999996
2.188,3,6.967645,255,open,1.0,2.1879999999999993
2.202,3,6.9686,275,closed,0.0,2.201999999999999
2.188,3,6.969522,255,open,1.0,2.1879999999999993
-3.735,3,6.970431,195,closed,0.0,-3.7350000000000003
2.202,3,6.971359,275,closed,0.0,2.201999999999999
-3.735,3,6.972251,195,closed,0.0,-3.7350000000000003
2.188,3,6.973159,255,open,1.0,2.1879999999999993
2.368,3,6.974076,275,open,1.0,2.3679999999999994
1.662,3,6.974966,255,closed,0.0,1.6619999999999995
1.925,3,6.975895,255,open,1.0,1.9249999999999994
2.202,3,6.976791,275,closed,0.0,2.201999999999999
2.202,3,6.977746,275,closed,0.0,2.201999999999999
2.451,3,6.978642,195,open,1.0,2.4509999999999996
1.662,3,6.979553,255,closed,0.0,1.6619999999999995
2.202,3,6.980447,275,closed,0.0,2.201999999999999
-3.685,3,6.981317,195,closed,0.0,-3.6850000000000005
1.662,3,6.98225,255,closed,0.0,1.6619999999999995
-0.197,3,6.983119,255,closed,0.0,-0.1970000000000005
1.662,3,6.984027,255,closed,0.0,1.6619999999999995
1.662,3,6.9849,255,closed,0.0,1.6619999999999995
2.285,3,6.985764,275,open,1.0,2.2849999999999993
2.451,3,6.986691,195,open,1.0,2.4509999999999996
1.662,3,6.987565,255,closed,0.0,1.6619999999999995
2.202,3,6.988497,275,closed,0.0,2.201999999999999
-3.735,3,6.989382,195,closed,0.0,-3.7350000000000003
2.202,3,6.99025,275,closed,0.0,2.201999999999999
-3.735,3,6.991147,195,closed,0.0,-3.7350000000000003
1.662,3,6.992019,255,closed,0.0,1.6619999999999995
2.368,3,6.992922,275,open,1.0,2.3679999999999994
2.451,3,6.993794,195,open,1.0,2.4509999999999996
2.202,3,6.994824,275,closed,0.0,2.201999999999999
2.368,3,6.995718,275,open,1.0,2.3679999999999994
2.202,3,6.99666,275,closed,0.0,2.201999999999999
0.439,3,6.997542,195,open,1.0,0.4389999999999996
-3.735,3,6.998431,195,closed,0.0,-3.7350000000000003
2.451,3,6.999365,195,open,1.0,2.4509999999999996
2.451,3,7.000248,195,open,1.0,2.4509999999999996
2.368,3,7.001135,275,open,1.0,2.3679999999999994
2.188,3,7.002029,255,open,1.0,2.1879999999999993
-3.735,3,7.00295,195,closed,0.0,-3.7350000000000003
2.451,3,7.003815,195,open,1.0,2.4509999999999996
2.202,3,7.004743,275,closed,0.0,2.201999999999999
2.188,3,7.005694,255,open,1.0,2.1879999999999993
2.188,3,7.00657,255,open,1.0,2.1879999999999993
-0.197,3,7.007493,255,closed,0.0,-0.1970000000000005
1.662,3,7.008385,255,closed,0.0,1.6619999999999995
2.188,3,7.009275,255,open,1.0,2.1879999999999993
2.202,3,7.010172,275,closed,0.0,2.201999999999999
-3.735,3,7.011099,195,closed,0.0,-3.7350000000000003
2.451,3,7.011989,195,open,1.0,2.4509999999999996
2.202,3,7.012871,275,closed,0.0,2.201999999999999
2.451,3,7.013732,195,open,1.0,2.4509999999999996
2.451,3,7.014607,195,open,1.0,2.4509999999999996
2.202,3,7.015535,275,closed,0.0,2.201999999999999
2.188,3,7.016411,255,open,1.0,2.1879999999999993
2.451,3,7.017312,195,open,1.0,2.4509999999999996
0.143,3,7.018193,275,closed,0.0,0.14299999999999935
2.451,3,7.019079,195,open,1.0,2.4509999999999996
2.451,3,7.019956,195,open,1.0,2.4509999999999996
2.188,3,7.020825,255,open,1.0,2.1879999999999993
2.451,3,7.021695,195,open,1.0,2.4509999999999996
-3.735,3,7.022627,195,closed,0.0,-3.7350000000000003
2.451,3,7.023524,195,open,1.0,2.4509999999999996
2.188,3,7.024401,255,open,1.0,2.1879999999999993
2.451,3,7.025328,195,open,1.0,2.4509999999999996
2.188,3,7.026226,255,open,1.0,2.1879999999999993
2.202,3,7.027107,275,closed,0.0,2.201999999999999
2.451,3,7.028001,195,open,1.0,2.4509999999999996
1.662,3,7.028905,255,closed,0.0,1.6619999999999995
2.202,3,7.029766,275,closed,0.0,2.201999999999999
2.188,3,7.0307,255,open,1.0,2.1879999999999993
2.368,3,7.031589,275,open,1.0,2.3679999999999994
2.368,3,7.032468,275,open,1.0,2.3679999999999994
0.439,3,7.033382,195,open,1.0,0.4389999999999996
2.451,3,7.034248,195,open,1.0,2.4509999999999996
2.188,3,7.035136,255,open,1.0,2.1879999999999993
2.022,3,7.036023,275,open,1.0,2.0219999999999994
-3.735,3,7.036892,195,closed,0.0,-3.7350000000000003
2.202,3,7.037764,275,closed,0.0,2.201999999999999
2.451,3,7.038655,195,open,1.0,2.4509999999999996
2.368,3,7.039536,275,open,1.0,2.3679999999999994
-3.685,3,7.04044,195,closed,0.0,-3.6850000000000005
2.188,3,7.041316,255,open,1.0,2.1879999999999993
2.202,3,7.042201,275,closed,0.0,2.201999999999999
-3.735,3,7.043102,195,closed,0.0,-3.7350000000000003
2.202,3,7.043976,275,closed,0.0,2.201999999999999
2.202,3,7.044907,275,closed,0.0,2.201999999999999
-3.735,3,7.045837,195,closed,0.0,-3.7350000000000003
1.662,3,7.046706,255,closed,0.0,1.6619999999999995
2.188,3,7.047618,255,open,1.0,2.1879999999999993
-3.735,3,7.048509,195,closed,0.0,-3.7350000000000003
2.188,3,7.049381,255,open,1.0,2.1879999999999993
2.188,3,7.050309,255,open,1.0,2.1879999999999993
1.662,3,7.051181,255,closed,0.0,1.6619999999999995
2.368,3,7.052115,275,open,1.0,2.3679999999999994
1.662,3,7.053026,255,closed,0.0,1.6619999999999995
2.188,3,7.053922,255,open,1.0,2.1879999999999993
2.368,3,7.054792,275,open,1.0,2.3679999999999994
-3.735,3,7.055702,195,closed,0.0,-3.7350000000000003
2.368,3,7.056602,275,open,1.0,2.3679999999999994
1.662,3,7.057477,255,closed,0.0,1.6619999999999995
2.451,3,7.058378,195,open,1.0,2.4509999999999996
2.022,3,7.059284,275,closed,0.0,2.0219999999999994
1.662,3,7.060163,255,closed,0.0,1.6619999999999995
2.202,3,7.061103,275,closed,0.0,2.201999999999999
-3.735,3,7.061995,195,closed,0.0,-3.7350000000000003
2.188,3,7.062871,255,open,1.0,2.1879999999999993
2.022,3,7.063748,275,closed,0.0,2.0219999999999994
2.451,3,7.064687,195,open,1.0,2.4509999999999996
1.662,3,7.065566,255,closed,0.0,1.6619999999999995
1.662,3,7.06648,255,closed,0.0,1.6619999999999995
1.662,3,7.067359,255,closed,0.0,1.6619999999999995
-3.735,3,7.068244,195,closed,0.0,-3.7350000000000003
-3.735,3,7.296924,195,closed,0.0,-3.7350000000000003
2.285,3,7.298588,275,open,1.0,2.2849999999999993
2.202,3,7.307712,275,closed,0.0,2.201999999999999
2.022,3,7.309467,275,closed,0.0,2.0219999999999994
2.368,3,7.311162,275,open,1.0,2.3679999999999994
2.188,3,7.312827,255,open,1.0,2.1879999999999993
1.662,3,7.314454,255,closed,0.0,1.6619999999999995
2.202,3,7.316096,275,closed,0.0,2.201999999999999
1.925,3,7.317909,255,open,1.0,1.9249999999999994
2.202,3,7.319398,275,closed,0.0,2.201999999999999
2.202,3,7.320666,275,closed,0.0,2.201999999999999
2.202,3,7.321968,275,closed,0.0,2.201999999999999
1.662,3,7.323146,255,closed,0.0,1.6619999999999995
1.662,3,7.324276,255,closed,0.0,1.6619999999999995
2.022,3,7.325374,275,closed,0.0,2.0219999999999994
2.285,3,7.326417,275,open,1.0,2.2849999999999993
2.368,3,7.327472,275,open,1.0,2.3679999999999994
2.451,3,7.328484,195,open,1.0,2.4509999999999996
1.925,3,7.329521,255,open,1.0,1.9249999999999994
2.285,3,7.330587,275,open,1.0,2.2849999999999993
2.188,3,7.331614,255,open,1.0,2.1879999999999993
-3.735,3,7.332641,195,closed,0.0,-3.7350000000000003
2.368,3,7.333651,275,open,1.0,2.3679999999999994
2.285,3,7.334619,275,open,1.0,2.2849999999999993
2.368,3,7.335671,275,open,1.0,2.3679999999999994
2.188,3,7.336626,255,open,1.0,2.1879999999999993
2.451,3,7.337636,195,open,1.0,2.4509999999999996
2.451,3,7.338619,195,open,1.0,2.4509999999999996
2.451,3,7.339601,195,open,1.0,2.4509999999999996
-3.735,3,7.340549,195,closed,0.0,-3.7350000000000003
2.285,3,7.341545,275,open,1.0,2.2849999999999993
1.662,3,7.342471,255,closed,0.0,1.6619999999999995
1.662,3,7.34343,255,closed,0.0,1.6619999999999995
2.202,3,7.344382,275,open,1.0,2.201999999999999
2.188,3,7.345387,255,open,1.0,2.1879999999999993
1.662,3,7.346354,255,closed,0.0,1.6619999999999995
2.202,3,7.347274,275,closed,0.0,2.201999999999999
2.188,3,7.348191,255,open,1.0,2.1879999999999993
2.202,3,7.349144,275,closed,0.0,2.201999999999999
2.188,3,7.350056,255,open,1.0,2.1879999999999993
2.202,3,7.351041,275,closed,0.0,2.201999999999999
1.662,3,7.351965,255,closed,0.0,1.6619999999999995
2.451,3,7.352895,195,open,1.0,2.4509999999999996
2.202,3,7.354203,275,closed,0.0,2.201999999999999
2.368,3,7.355337,275,open,1.0,2.3679999999999994
2.202,3,7.356282,275,closed,0.0,2.201999999999999
1.662,3,7.357199,255,closed,0.0,1.6619999999999995
2.188,3,7.358088,255,open,1.0,2.1879999999999993
2.105,3,7.358991,275,open,1.0,2.1049999999999995
2.188,3,7.359941,275,open,1.0,2.1879999999999993
2.188,3,7.360837,255,open,1.0,2.1879999999999993
2.202,3,7.361746,275,closed,0.0,2.201999999999999
2.368,3,7.362674,275,open,1.0,2.3679999999999994
2.202,3,7.363582,275,closed,0.0,2.201999999999999
2.451,3,7.36448,195,open,1.0,2.4509999999999996
2.451,3,7.365372,195,open,1.0,2.4509999999999996
2.202,3,7.366311,275,closed,0.0,2.201999999999999
2.451,3,7.367197,195,open,1.0,2.4509999999999996
2.022,3,7.368122,275,closed,0.0,2.0219999999999994
2.202,3,7.369007,275,closed,0.0,2.201999999999999
1.925,3,7.369888,255,open,1.0,1.9249999999999994
2.451,3,7.370749,195,open,1.0,2.4509999999999996
2.285,3,7.371664,275,open,1.0,2.2849999999999993
2.285,3,7.37255,275,open,1.0,2.2849999999999993
2.451,3,7.373428,195,open,1.0,2.4509999999999996
2.451,3,7.374328,195,open,1.0,2.4509999999999996
2.368,3,7.37519,275,open,1.0,2.3679999999999994
2.451,3,7.376062,195,open,1.0,2.4509999999999996
-3.685,3,7.376944,195,closed,0.0,-3.6850000000000005
2.202,3,7.377789,275,closed,0.0,2.201999999999999
2.451,3,7.378689,195,open,1.0,2.4509999999999996
-3.735,3,7.379608,195,closed,0.0,-3.7350000000000003
2.202,3,7.380463,275,closed,0.0,2.201999999999999
-3.735,3,7.381378,195,closed,0.0,-3.7350000000000003
2.188,3,7.382238,255,open,1.0,2.1879999999999993
2.202,3,7.383123,275,closed,0.0,2.201999999999999
2.188,3,7.384037,255,open,1.0,2.1879999999999993
2.202,3,7.384957,275,closed,0.0,2.201999999999999
-3.885,3,7.385839,195,closed,0.0,-3.8850000000000002
2.188,3,7.386735,255,open,1.0,2.1879999999999993
2.451,3,7.387622,195,open,1.0,2.4509999999999996
2.285,3,7.388502,275,open,1.0,2.2849999999999993
2.188,3,7.389403,255,open,1.0,2.1879999999999993
2.188,3,7.390285,255,open,1.0,2.1879999999999993
2.105,3,7.391143,275,open,1.0,2.1049999999999995
2.285,3,7.392048,275,open,1.0,2.2849999999999993
2.202,3,7.392899,275,closed,0.0,2.201999999999999
2.188,3,7.393761,255,open,1.0,2.1879999999999993
2.188,3,7.394662,255,open,1.0,2.1879999999999993
2.285,3,7.395538,275,open,1.0,2.2849999999999993
2.285,3,7.396468,275,open,1.0,2.2849999999999993
2.188,3,7.397337,255,open,1.0,2.1879999999999993
2.368,3,7.398259,275,open,1.0,2.3679999999999994
2.368,3,7.399124,275,open,1.0,2.3679999999999994
2.202,3,7.399997,275,open,1.0,2.201999999999999
2.188,3,7.400887,255,open,1.0,2.1879999999999993
2.368,3,7.401725,275,open,1.0,2.3679999999999994
2.285,3,7.402645,275,open,1.0,2.2849999999999993
1.925,3,7.403525,255,open,1.0,1.9249999999999994
-3.735,3,7.404395,195,closed,0.0,-3.7350000000000003
1.925,3,7.405317,255,open,1.0,1.9249999999999994
-3.735,3,7.406183,195,closed,0.0,-3.7350000000000003
2.202,3,7.407092,275,closed,0.0,2.201999999999999
2.202,3,7.407963,275,closed,0.0,2.201999999999999
2.451,3,7.408807,195,open,1.0,2.4509999999999996
2.202,3,7.409752,275,closed,0.0,2.201999999999999
2.368,3,7.410632,275,open,1.0,2.3679999999999994
2.022,3,7.411515,275,open,1.0,2.0219999999999994
2.451,3,7.41238,195,open,1.0,2.4509999999999996
2.368,3,7.413249,275,open,1.0,2.3679999999999994
-3.735,3,7.414118,195,closed,0.0,-3.7350000000000003
2.188,3,7.414983,255,open,1.0,2.1879999999999993
2.368,3,7.415836,275,open,1.0,2.3679999999999994
2.285,3,7.416764,275,open,1.0,2.2849999999999993
2.285,3,7.417648,275,open,1.0,2.2849999999999993
2.188,3,7.418555,255,open,1.0,2.1879999999999993
1.662,3,7.419433,255,closed,0.0,1.6619999999999995
2.451,3,7.420316,195,open,1.0,2.4509999999999996
2.202,3,7.421232,275,closed,0.0,2.201999999999999
2.022,3,7.422127,275,closed,0.0,2.0219999999999994
2.202,3,7.423021,275,closed,0.0,2.201999999999999
2.368,3,7.423879,275,open,1.0,2.3679999999999994
2.188,3,7.424721,255,open,1.0,2.1879999999999993
2.368,3,7.425588,275,open,1.0,2.3679999999999994
1.662,3,7.426498,255,closed,0.0,1.6619999999999995
2.451,3,7.427367,195,open,1.0,2.4509999999999996
-3.735,3,7.428284,195,closed,0.0,-3.7350000000000003
2.285,3,7.429175,275,open,1.0,2.2849999999999993
1.662,3,7.430031,255,closed,0.0,1.6619999999999995
2.202,3,7.430918,275,closed,0.0,2.201999999999999
2.368,3,7.431753,275,open,1.0,2.3679999999999994
-3.735,3,7.432671,195,closed,0.0,-3.7350000000000003
-3.735,3,7.43353,195,closed,0.0,-3.7350000000000003
-3.735,3,7.434432,195,closed,0.0,-3.7350000000000003
2.451,3,7.43533,195,open,1.0,2.4509999999999996
2.188,3,7.436219,255,open,1.0,2.1879999999999993
1.662,3,7.437075,255,open,1.0,1.6619999999999995
2.202,3,7.437986,275,closed,0.0,2.201999999999999
2.202,3,7.43886,275,closed,0.0,2.201999999999999
2.451,3,7.439727,195,open,1.0,2.4509999999999996
2.105,3,7.440613,275,open,1.0,2.1049999999999995
2.451,3,7.441487,195,open,1.0,2.4509999999999996
-3.735,3,7.442341,195,closed,0.0,-3.7350000000000003
0.439,3,7.443244,195,open,1.0,0.4389999999999996
2.202,3,7.444131,275,closed,0.0,2.201999999999999
1.662,3,7.444997,255,closed,0.0,1.6619999999999995
1.662,3,7.4459,255,closed,0.0,1.6619999999999995
2.285,3,7.446736,275,open,1.0,2.2849999999999993
2.202,3,7.447626,275,closed,0.0,2.201999999999999
1.662,3,7.448486,255,closed,0.0,1.6619999999999995
2.188,3,7.449353,255,open,1.0,2.1879999999999993
2.451,3,7.45028,195,open,1.0,2.4509999999999996
2.202,3,7.451163,275,closed,0.0,2.201999999999999
2.188,3,7.452032,255,open,1.0,2.1879999999999993
2.451,3,7.452921,195,open,1.0,2.4509999999999996
2.451,3,7.45379,195,open,1.0,2.4509999999999996
1.662,3,7.454651,255,closed,0.0,1.6619999999999995
2.202,3,7.455583,275,closed,0.0,2.201999999999999
2.368,3,7.456458,275,open,1.0,2.3679999999999994
2.285,3,7.457395,275,open,1.0,2.2849999999999993
2.285,3,7.458275,275,open,1.0,2.2849999999999993
2.188,3,7.459147,255,open,1.0,2.1879999999999993
2.202,3,7.460069,275,closed,0.0,2.201999999999999
2.368,3,7.460963,275,open,1.0,2.3679999999999994
2.285,3,7.461833,275,open,1.0,2.2849999999999993
1.662,3,7.462692,255,closed,0.0,1.6619999999999995
1.662,3,7.463627,255,closed,0.0,1.6619999999999995
1.662,3,7.464492,255,closed,0.0,1.6619999999999995
-3.735,3,7.465413,195,closed,0.0,-3.7350000000000003
2.368,3,7.466305,275,open,1.0,2.3679999999999994
2.285,3,7.633833,275,open,1.0,2.2849999999999993
1.662,3,7.635713,255,closed,0.0,1.6619999999999995
1.662,3,7.637257,255,closed,0.0,1.6619999999999995
1.662,3,7.638687,255,closed,0.0,1.6619999999999995
2.202,3,7.640049,275,closed,0.0,2.201999999999999
2.368,3,7.641349,275,open,1.0,2.3679999999999994
-3.735,3,7.642651,195,closed,0.0,-3.7350000000000003
-3.885,3,7.643948,195,closed,0.0,-3.8850000000000002
2.188,3,7.645255,255,open,1.0,2.1879999999999993
-3.735,3,7.646499,195,closed,0.0,-3.7350000000000003
2.188,3,7.647696,255,open,1.0,2.1879999999999993
2.188,3,7.648896,255,open,1.0,2.1879999999999993
-3.735,3,7.650039,195,closed,0.0,-3.7350000000000003
-3.735,3,7.650995,195,closed,0.0,-3.7350000000000003
2.451,3,7.652016,195,open,1.0,2.4509999999999996
-3.735,3,7.652995,195,closed,0.0,-3.7350000000000003
2.451,3,7.654006,195,open,1.0,2.4509999999999996
1.662,3,7.65498,255,closed,0.0,1.6619999999999995
1.662,3,7.655928,255,closed,0.0,1.6619999999999995
2.188,3,7.65693,255,open,1.0,2.1879999999999993
2.022,3,7.657857,275,closed,0.0,2.0219999999999994
-3.735,3,7.658824,195,closed,0.0,-3.7350000000000003
2.451,3,7.659767,195,open,1.0,2.4509999999999996
-3.885,3,7.661805,195,closed,0.0,-3.8850000000000002
1.662,3,7.663526,255,closed,0.0,1.6619999999999995
-3.735,3,7.664995,195,closed,0.0,-3.7350000000000003
2.022,3,7.666309,275,closed,0.0,2.0219999999999994
0.439,3,7.667589,195,open,1.0,0.4389999999999996
2.368,3,7.668799,275,open,1.0,2.3679999999999994
2.451,3,7.669958,195,open,1.0,2.4509999999999996
-3.685,3,7.671112,195,closed,0.0,-3.6850000000000005
-3.735,3,7.672231,195,closed,0.0,-3.7350000000000003
2.451,3,7.67329,195,open,1.0,2.4509999999999996
2.188,3,7.674393,255,open,1.0,2.1879999999999993
2.202,3,7.675431,275,closed,0.0,2.201999999999999
1.662,3,7.676437,255,closed,0.0,1.6619999999999995
2.188,3,7.67751,255,open,1.0,2.1879999999999993
2.202,3,7.678534,275,open,1.0,2.201999999999999
2.451,3,7.679513,195,open,1.0,2.4509999999999996
-3.685,3,7.680538,195,closed,0.0,-3.6850000000000005
-0.197,3,7.681519,255,closed,0.0,-0.1970000000000005
1.662,3,7.682485,255,closed,0.0,1.6619999999999995
-3.735,3,7.683462,195,closed,0.0,-3.7350000000000003
2.451,3,7.684391,195,open,1.0,2.4509999999999996
1.662,3,7.685341,255,closed,0.0,1.6619999999999995
2.285,3,7.686283,275,open,1.0,2.2849999999999993
-3.685,3,7.687212,195,closed,0.0,-3.6850000000000005
2.202,3,7.688198,275,closed,0.0,2.201999999999999
-3.735,3,7.689099,195,closed,0.0,-3.7350000000000003
2.202,3,7.690074,275,closed,0.0,2.201999999999999
1.662,3,7.690984,255,closed,0.0,1.6619999999999995
2.188,3,7.691908,255,open,1.0,2.1879999999999993
-3.685,3,7.692884,195,closed,0.0,-3.6850000000000005
-3.735,3,7.693801,195,closed,0.0,-3.7350000000000003
2.202,3,7.694739,275,closed,0.0,2.201999999999999
-3.735,3,7.695683,195,closed,0.0,-3.7350000000000003
-3.735,3,7.696635,195,closed,0.0,-3.7350000000000003
2.451,3,7.697573,195,open,1.0,2.4509999999999996
2.368,3,7.698481,275,open,1.0,2.3679999999999994
1.662,3,7.699426,255,closed,0.0,1.6619999999999995
2.451,3,7.700339,195,open,1.0,2.4509999999999996
2.202,3,7.701249,275,closed,0.0,2.201999999999999
2.451,3,7.702163,195,open,1.0,2.4509999999999996
1.662,3,7.703057,255,closed,0.0,1.6619999999999995
2.188,3,7.703979,255,open,1.0,2.1879999999999993
1.662,3,7.704934,255,closed,0.0,1.6619999999999995
2.451,3,7.70583,195,open,1.0,2.4509999999999996
2.202,3,7.706717,275,closed,0.0,2.201999999999999
2.188,3,7.707665,255,open,1.0,2.1879999999999993
2.202,3,7.708572,275,closed,0.0,2.201999999999999
2.188,3,7.709478,255,open,1.0,2.1879999999999993
2.188,3,7.710374,255,open,1.0,2.1879999999999993
2.202,3,7.711315,275,closed,0.0,2.201999999999999
-3.735,3,7.712199,195,closed,0.0,-3.7350000000000003
2.202,3,7.713135,275,closed,0.0,2.201999999999999
-3.735,3,7.71401,195,closed,0.0,-3.7350000000000003
-3.735,3,7.714942,195,closed,0.0,-3.7350000000000003
1.662,3,7.715817,255,closed,0.0,1.6619999999999995
1.662,3,7.716706,255,closed,0.0,1.6619999999999995
2.202,3,7.717608,275,closed,0.0,2.201999999999999
1.662,3,7.718493,255,closed,0.0,1.6619999999999995
2.285,3,7.719378,275,open,1.0,2.2849999999999993
-3.735,3,7.720314,195,closed,0.0,-3.7350000000000003
2.451,3,7.721212,195,open,1.0,2.4509999999999996
-3.735,3,7.722098,195,closed,0.0,-3.7350000000000003
1.925,3,7.723042,255,open,1.0,1.9249999999999994
2.451,3,7.723923,195,open,1.0,2.4509999999999996
1.662,3,7.724802,255,closed,0.0,1.6619999999999995
-3.735,3,7.725703,195,closed,0.0,-3.7350000000000003
-0.197,3,7.726581,255,closed,0.0,-0.1970000000000005
2.451,3,7.727491,195,open,1.0,2.4509999999999996
2.188,3,7.72842,255,open,1.0,2.1879999999999993
2.451,3,7.729295,195,open,1.0,2.4509999999999996
2.202,3,7.730204,275,open,1.0,2.201999999999999
2.368,3,7.731085,275,open,1.0,2.3679999999999994
1.662,3,7.731973,255,closed,0.0,1.6619999999999995
2.188,3,7.732901,255,open,1.0,2.1879999999999993
1.662,3,7.733772,255,closed,0.0,1.6619999999999995
-3.735,3,7.734659,195,closed,0.0,-3.7350000000000003
2.188,3,7.735548,255,open,1.0,2.1879999999999993
-3.735,3,7.736425,195,closed,0.0,-3.7350000000000003
2.285,3,7.737311,275,open,1.0,2.2849999999999993
2.451,3,7.73826,195,open,1.0,2.4509999999999996
1.662,3,7.739144,255,closed,0.0,1.6619999999999995
-3.735,3,7.740037,195,closed,0.0,-3.7350000000000003
2.285,3,7.740939,275,open,1.0,2.2849999999999993
1.662,3,7.741856,255,closed,0.0,1.6619999999999995
1.662,3,7.742732,255,closed,0.0,1.6619999999999995
1.662,3,7.743615,255,closed,0.0,1.6619999999999995
2.202,3,7.744563,275,closed,0.0,2.201999999999999
2.368,3,7.745436,275,open,1.0,2.3679999999999994
2.285,3,7.746368,275,open,1.0,2.2849999999999993
2.451,3,7.747248,195,open,1.0,2.4509999999999996
2.188,3,7.748146,255,open,1.0,2.1879999999999993
1.662,3,7.749033,255,closed,0.0,1.6619999999999995
1.662,3,7.749938,255,closed,0.0,1.6619999999999995
2.451,3,7.750886,195,open,1.0,2.4509999999999996
0.439,3,7.751756,195,open,1.0,0.4389999999999996
2.202,3,7.75266,275,closed,0.0,2.201999999999999
1.662,3,7.753541,255,closed,0.0,1.6619999999999995
2.188,3,7.754413,255,open,1.0,2.1879999999999993
-3.735,3,7.755344,195,closed,0.0,-3.7350000000000003
-3.735,3,7.756213,195,closed,0.0,-3.7350000000000003
-3.735,3,7.757165,195,closed,0.0,-3.7350000000000003
-3.685,3,7.758065,195,closed,0.0,-3.6850000000000005
-3.735,3,7.758985,195,closed,0.0,-3.7350000000000003
2.202,3,7.759892,275,closed,0.0,2.201999999999999
2.188,3,7.760787,255,open,1.0,2.1879999999999993
2.285,3,7.761662,275,open,1.0,2.2849999999999993
2.451,3,7.762585,195,open,1.0,2.4509999999999996
2.202,3,7.763482,275,closed,0.0,2.201999999999999
1.662,3,7.764382,255,closed,0.0,1.6619999999999995
1.925,3,7.765334,255,open,1.0,1.9249999999999994
2.188,3,7.766217,255,open,1.0,2.1879999999999993
2.368,3,7.767156,275,open,1.0,2.3679999999999994
2.202,3,7.768042,275,closed,0.0,2.201999999999999
2.188,3,7.76896,255,open,1.0,2.1879999999999993
2.285,3,7.769895,275,open,1.0,2.2849999999999993
2.451,3,7.770766,195,open,1.0,2.4509999999999996
1.662,3,7.771702,255,closed,0.0,1.6619999999999995
1.662,3,7.772599,255,closed,0.0,1.6619999999999995
2.285,3,7.773469,275,open,1.0,2.2849999999999993
2.285,3,7.774345,275,open,1.0,2.2849999999999993
-3.735,3,7.775203,195,closed,0.0,-3.7350000000000003
2.188,3,7.776122,255,open,1.0,2.1879999999999993
2.188,3,7.777009,255,open,1.0,2.1879999999999993
1.662,3,7.777894,255,closed,0.0,1.6619999999999995
2.451,3,7.778756,195,open,1.0,2.4509999999999996
2.188,3,7.779678,255,open,1.0,2.1879999999999993
2.188,3,7.780568,255,open,1.0,2.1879999999999993
2.202,3,7.781475,275,closed,0.0,2.201999999999999
2.368,3,7.782356,275,open,1.0,2.3679999999999994
2.202,3,7.783288,275,closed,0.0,2.201999999999999
2.202,3,7.78418,275,closed,0.0,2.201999999999999
2.368,3,7.78506,275,open,1.0,2.3679999999999994
2.451,3,7.785947,195,open,1.0,2.4509999999999996
1.662,3,7.786806,255,closed,0.0,1.6619999999999995
2.451,3,7.787726,195,open,1.0,2.4509999999999996
1.662,3,7.788608,255,closed,0.0,1.6619999999999995
2.022,3,7.789499,275,closed,0.0,2.0219999999999994
2.188,3,7.790438,255,open,1.0,2.1879999999999993
2.285,3,7.791329,275,open,1.0,2.2849999999999993
-3.685,3,7.792202,195,closed,0.0,-3.6850000000000005
2.368,3,7.793131,275,open,1.0,2.3679999999999994
2.202,3,7.79401,275,closed,0.0,2.201999999999999
2.451,3,7.794917,195,open,1.0,2.4509999999999996
-3.685,3,7.795795,195,closed,0.0,-3.6850000000000005
2.285,3,7.796671,275,open,1.0,2.2849999999999993
2.285,3,7.797554,275,open,1.0,2.2849999999999993
2.202,3,7.798481,275,closed,0.0,2.201999999999999
-3.735,3,7.799352,195,closed,0.0,-3.7350000000000003
2.188,3,7.965005,255,open,1.0,2.1879999999999993
2.285,3,7.966789,275,open,1.0,2.2849999999999993
2.022,3,7.968497,275,closed,0.0,2.0219999999999994
1.662,3,7.970151,255,closed,0.0,1.6619999999999995
2.188,3,7.971881,255,open,1.0,2.1879999999999993
2.202,3,7.973738,275,closed,0.0,2.201999999999999
2.202,3,7.975368,275,open,1.0,2.201999999999999
2.451,3,7.976953,195,open,1.0,2.4509999999999996
2.202,3,7.978528,275,closed,0.0,2.201999999999999
-3.735,3,7.980108,195,closed,0.0,-3.7350000000000003
2.368,3,7.981683,275,open,1.0,2.3679999999999994
-3.835,3,7.983276,195,closed,0.0,-3.835
2.202,3,7.984852,275,closed,0.0,2.201999999999999
1.662,3,7.986415,255,closed,0.0,1.6619999999999995
-3.735,3,7.988035,195,closed,0.0,-3.7350000000000003
2.202,3,7.989265,275,closed,0.0,2.201999999999999
2.188,3,7.990463,255,open,1.0,2.1879999999999993
2.202,3,7.991578,275,closed,0.0,2.201999999999999
1.662,3,7.992708,255,closed,0.0,1.6619999999999995
2.451,3,7.993754,195,open,1.0,2.4509999999999996
2.451,3,7.99483,195,open,1.0,2.4509999999999996
1.662,3,7.995867,255,closed,0.0,1.6619999999999995
2.285,3,7.996849,275,open,1.0,2.2849999999999993
-3.685,3,7.997873,195,closed,0.0,-3.6850000000000005
1.662,3,7.998861,255,closed,0.0,1.6619999999999995
1.662,3,7.999806,255,closed,0.0,1.6619999999999995
2.368,3,8.000798,275,open,1.0,2.3679999999999994
2.451,3,8.001751,195,open,1.0,2.4509999999999996
-3.735,3,8.003058,195,closed,0.0,-3.7350000000000003
2.451,3,8.004047,195,open,1.0,2.4509999999999996
2.188,3,8.005023,255,open,1.0,2.1879999999999993
-3.835,3,8.005972,195,closed,0.0,-3.835
-0.197,3,8.006947,255,closed,0.0,-0.1970000000000005
2.202,3,8.007869,275,closed,0.0,2.201999999999999
1.662,3,8.008795,255,closed,0.0,1.6619999999999995
1.662,3,8.009719,255,closed,0.0,1.6619999999999995
1.662,3,8.010672,255,closed,0.0,1.6619999999999995
2.202,3,8.011602,275,closed,0.0,2.201999999999999
1.925,3,8.012509,255,open,1.0,1.9249999999999994
-0.197,3,8.013398,255,closed,0.0,-0.1970000000000005
2.368,3,8.014302,275,open,1.0,2.3679999999999994
2.202,3,8.015182,275,closed,0.0,2.201999999999999
2.202,3,8.016072,275,closed,0.0,2.201999999999999
2.188,3,8.017029,255,open,1.0,2.1879999999999993
2.022,3,8.017946,275,closed,0.0,2.0219999999999994
2.451,3,8.018876,195,open,1.0,2.4509999999999996
2.188,3,8.019772,255,open,1.0,2.1879999999999993
1.662,3,8.020655,255,closed,0.0,1.6619999999999995
1.662,3,8.021549,255,closed,0.0,1.6619999999999995
-3.735,3,8.022428,195,closed,0.0,-3.7350000000000003
-3.685,3,8.023308,195,closed,0.0,-3.6850000000000005
1.662,3,8.02424,255,closed,0.0,1.6619999999999995
2.285,3,8.025121,275,open,1.0,2.2849999999999993
2.202,3,8.026041,275,closed,0.0,2.201999999999999
-3.735,3,8.026924,195,closed,0.0,-3.7350000000000003
2.451,3,8.027784,195,open,1.0,2.4509999999999996
2.188,3,8.028681,255,open,1.0,2.1879999999999993
1.925,3,8.029571,255,open,1.0,1.9249999999999994
2.188,3,8.030428,255,open,1.0,2.1879999999999993
2.202,3,8.031333,275,closed,0.0,2.201999999999999
2.285,3,8.032183,275,open,1.0,2.2849999999999993
-3.735,3,8.033068,195,closed,0.0,-3.7350000000000003
2.202,3,8.033935,275,closed,0.0,2.201999999999999
2.451,3,8.034794,195,open,1.0,2.4509999999999996
2.202,3,8.035709,275,closed,0.0,2.201999999999999
2.368,3,8.036582,275,open,1.0,2.3679999999999994
1.662,3,8.037453,255,closed,0.0,1.6619999999999995
2.451,3,8.038368,195,open,1.0,2.4509999999999996
2.188,3,8.039247,255,open,1.0,2.1879999999999993
2.202,3,8.040122,275,open,1.0,2.201999999999999
2.202,3,8.041003,275,closed,0.0,2.201999999999999
2.202,3,8.041876,275,closed,0.0,2.201999999999999
2.202,3,8.042721,275,closed,0.0,2.201999999999999
2.188,3,8.043637,255,open,1.0,2.1879999999999993
2.451,3,8.044508,195,open,1.0,2.4509999999999996
1.662,3,8.045385,255,closed,0.0,1.6619999999999995
1.662,3,8.046246,255,closed,0.0,1.6619999999999995
2.368,3,8.047119,275,open,1.0,2.3679999999999994
2.202,3,8.047982,275,closed,0.0,2.201999999999999
1.662,3,8.048826,255,closed,0.0,1.6619999999999995
2.451,3,8.049715,195,open,1.0,2.4509999999999996
2.202,3,8.050569,275,open,1.0,2.201999999999999
2.188,3,8.051452,255,open,1.0,2.1879999999999993
2.285,3,8.052327,275,open,1.0,2.2849999999999993
-3.735,3,8.053178,195,closed,0.0,-3.7350000000000003
2.188,3,8.054123,255,open,1.0,2.1879999999999993
-3.885,3,8.054987,195,closed,0.0,-3.8850000000000002
2.368,3,8.055921,275,open,1.0,2.3679999999999994
2.202,3,8.056772,275,closed,0.0,2.201999999999999
2.451,3,8.057657,195,open,1.0,2.4509999999999996
2.451,3,8.058515,195,open,1.0,2.4509999999999996
2.451,3,8.059391,195,open,1.0,2.4509999999999996
2.202,3,8.060304,275,closed,0.0,2.201999999999999
2.202,3,8.061184,275,open,1.0,2.201999999999999
-3.735,3,8.062052,195,closed,0.0,-3.7350000000000003
2.451,3,8.062906,195,open,1.0,2.4509999999999996
2.202,3,8.063754,275,open,1.0,2.201999999999999
-3.735,3,8.064667,195,closed,0.0,-3.7350000000000003
-3.735,3,8.065537,195,closed,0.0,-3.7350000000000003
2.188,3,8.066398,255,open,1.0,2.1879999999999993
2.188,3,8.067324,255,open,1.0,2.1879999999999993
-3.735,3,8.068204,195,closed,0.0,-3.7350000000000003
2.202,3,8.069073,275,closed,0.0,2.201999999999999
2.368,3,8.069991,275,open,1.0,2.3679999999999994
2.368,3,8.070871,275,open,1.0,2.3679999999999994
2.202,3,8.071732,275,closed,0.0,2.201999999999999
2.188,3,8.072642,255,open,1.0,2.1879999999999993
2.188,3,8.073512,255,open,1.0,2.1879999999999993
-3.685,3,8.07444,195,closed,0.0,-3.6850000000000005
2.451,3,8.075311,195,open,1.0,2.4509999999999996
-3.735,3,8.076181,195,closed,0.0,-3.7350000000000003
2.188,3,8.077081,255,open,1.0,2.1879999999999993
2.202,3,8.077958,275,closed,0.0,2.201999999999999
2.202,3,8.078818,275,closed,0.0,2.201999999999999
2.022,3,8.079729,275,closed,0.0,2.0219999999999994
2.188,3,8.080616,255,open,1.0,2.1879999999999993
2.285,3,8.081489,275,open,1.0,2.2849999999999993
2.188,3,8.08235,255,open,1.0,2.1879999999999993
2.285,3,8.083211,275,open,1.0,2.2849999999999993
2.451,3,8.084128,195,open,1.0,2.4509999999999996
-3.735,3,8.085021,195,closed,0.0,-3.7350000000000003
1.662,3,8.085883,255,closed,0.0,1.6619999999999995
2.202,3,8.086796,275,closed,0.0,2.201999999999999
2.451,3,8.087667,195,open,1.0,2.4509999999999996
-3.735,3,8.088562,195,closed,0.0,-3.7350000000000003
2.188,3,8.089431,255,open,1.0,2.1879999999999993
2.188,3,8.090298,255,open,1.0,2.1879999999999993
2.188,3,8.091211,255,open,1.0,2.1879999999999993
2.202,3,8.092064,275,closed,0.0,2.201999999999999
2.202,3,8.09295,275,closed,0.0,2.201999999999999
2.202,3,8.093848,275,closed,0.0,2.201999999999999
-3.735,3,8.094724,195,closed,0.0,-3.7350000000000003
2.368,3,8.095583,275,open,1.0,2.3679999999999994
-3.685,3,8.096496,195,closed,0.0,-3.6850000000000005
-3.735,3,8.097389,195,closed,0.0,-3.7350000000000003
2.188,3,8.098261,255,open,1.0,2.1879999999999993
0.439,3,8.099124,195,open,1.0,0.4389999999999996
2.451,3,8.10004,195,open,1.0,2.4509999999999996
1.662,3,8.100921,255,closed,0.0,1.6619999999999995
1.662,3,8.101788,255,closed,0.0,1.6619999999999995
2.202,3,8.102699,275,closed,0.0,2.201999999999999
-3.735,3,8.103565,195,closed,0.0,-3.7350000000000003
2.451,3,8.104493,195,open,1.0,2.4509999999999996
2.285,3,8.105362,275,open,1.0,2.2849999999999993
2.202,3,8.106261,275,closed,0.0,2.201999999999999
2.451,3,8.107157,195,open,1.0,2.4509999999999996
2.188,3,8.108017,255,open,1.0,2.1879999999999993
-3.735,3,8.108933,195,closed,0.0,-3.7350000000000003
2.188,3,8.109799,255,open,1.0,2.1879999999999993
2.188,3,8.110681,255,open,1.0,2.1879999999999993
2.188,3,8.111602,255,open,1.0,2.1879999999999993
2.202,3,8.112499,275,closed,0.0,2.201999999999999
2.188,3,8.113378,255,open,1.0,2.1879999999999993
2.285,3,8.114299,275,open,1.0,2.2849999999999993
1.662,3,8.115184,255,closed,0.0,1.6619999999999995
2.202,3,8.116066,275,open,1.0,2.201999999999999
2.285,3,8.116966,275,open,1.0,2.2849999999999993
1.662,3,8.117816,255,closed,0.0,1.6619999999999995
2.022,3,8.118696,275,closed,0.0,2.0219999999999994
1.925,3,8.119569,255,open,1.0,1.9249999999999994
2.451,3,8.120436,195,open,1.0,2.4509999999999996
2.188,3,8.121306,255,open,1.0,2.1879999999999993
1.662,3,8.122192,255,closed,0.0,1.6619999999999995
2.188,3,8.123067,255,open,1.0,2.1879999999999993
2.202,3,8.123937,275,closed,0.0,2.201999999999999
2.188,3,8.124865,255,open,1.0,2.1879999999999993
2.188,3,8.125723,255,open,1.0,2.1879999999999993
2.202,3,8.126619,275,closed,0.0,2.201999999999999
2.451,3,8.127486,195,open,1.0,2.4509999999999996
2.202,3,8.128365,275,closed,0.0,2.201999999999999
2.188,3,8.129238,255,open,1.0,2.1879999999999993
2.285,3,8.276477,275,open,1.0,2.2849999999999993
1.662,3,8.278059,255,closed,0.0,1.6619999999999995
2.188,3,8.279499,255,open,1.0,2.1879999999999993
1.662,3,8.280845,255,closed,0.0,1.6619999999999995
-3.735,3,8.282231,195,closed,0.0,-3.7350000000000003
2.202,3,8.28357,275,closed,0.0,2.201999999999999
2.451,3,8.284821,195,open,1.0,2.4509999999999996
0.439,3,8.286101,195,open,1.0,0.4389999999999996
2.285,3,8.287326,275,open,1.0,2.2849999999999993
2.451,3,8.288533,195,open,1.0,2.4509999999999996
1.662,3,8.289724,255,closed,0.0,1.6619999999999995
2.188,3,8.290953,255,open,1.0,2.1879999999999993
2.202,3,8.291938,275,closed,0.0,2.201999999999999
2.285,3,8.2929,275,open,1.0,2.2849999999999993
2.368,3,8.293886,275,open,1.0,2.3679999999999994
2.202,3,8.294869,275,closed,0.0,2.201999999999999
-3.885,3,8.295825,195,closed,0.0,-3.8850000000000002
2.451,3,8.296845,195,open,1.0,2.4509999999999996
2.188,3,8.297769,255,open,1.0,2.1879999999999993
2.188,3,8.298769,255,open,1.0,2.1879999999999993
2.285,3,8.299724,275,open,1.0,2.2849999999999993
1.662,3,8.300667,255,closed,0.0,1.6619999999999995
2.202,3,8.301621,275,closed,0.0,2.201999999999999
2.202,3,8.302589,275,closed,0.0,2.201999999999999
1.662,3,8.303538,255,closed,0.0,1.6619999999999995
1.662,3,8.304535,255,closed,0.0,1.6619999999999995
-3.735,3,8.305502,195,closed,0.0,-3.7350000000000003
2.022,3,8.30645,275,closed,0.0,2.0219999999999994
-3.735,3,8.307414,195,closed,0.0,-3.7350000000000003
2.451,3,8.308369,195,open,1.0,2.4509999999999996
-3.735,3,8.309306,195,closed,0.0,-3.7350000000000003
1.662,3,8.310273,255,closed,0.0,1.6619999999999995
-0.197,3,8.311214,255,closed,0.0,-0.1970000000000005
1.662,3,8.31223,255,closed,0.0,1.6619999999999995
1.662,3,8.313172,255,closed,0.0,1.6619999999999995
1.662,3,8.314093,255,closed,0.0,1.6619999999999995
2.188,3,8.315054,255,open,1.0,2.1879999999999993
-3.735,3,8.315984,195,closed,0.0,-3.7350000000000003
2.188,3,8.316896,255,open,1.0,2.1879999999999993
2.202,3,8.317844,275,closed,0.0,2.201999999999999
-3.735,3,8.31874,195,closed,0.0,-3.7350000000000003
2.451,3,8.319701,195,open,1.0,2.4509999999999996
2.285,3,8.320635,275,open,1.0,2.2849999999999993
2.451,3,8.321542,195,open,1.0,2.4509999999999996
2.368,3,8.322512,275,open,1.0,2.3679999999999994
2.188,3,8.323408,255,open,1.0,2.1879999999999993
1.662,3,8.324351,255,closed,0.0,1.6619999999999995
2.202,3,8.325256,275,closed,0.0,2.201999999999999
1.662,3,8.326176,255,closed,0.0,1.6619999999999995
-3.735,3,8.327156,195,closed,0.0,-3.7350000000000003
2.202,3,8.328081,275,closed,0.0,2.201999999999999
1.662,3,8.328999,255,closed,0.0,1.6619999999999995
2.451,3,8.329952,195,open,1.0,2.4509999999999996
2.188,3,8.330868,255,open,1.0,2.1879999999999993
2.451,3,8.331772,195,open,1.0,2.4509999999999996
-3.735,3,8.332695,195,closed,0.0,-3.7350000000000003
1.662,3,8.333581,255,closed,0.0,1.6619999999999995
-3.735,3,8.334539,195,closed,0.0,-3.7350000000000003
-3.735,3,8.33548,195,closed,0.0,-3.7350000000000003
2.285,3,8.336381,275,open,1.0,2.2849999999999993
2.022,3,8.337345,275,closed,0.0,2.0219999999999994
2.022,3,8.338266,275,closed,0.0,2.0219999999999994
2.188,3,8.339211,255,open,1.0,2.1879999999999993
-3.735,3,8.340118,195,closed,0.0,-3.7350000000000003
2.451,3,8.341022,195,open,1.0,2.4509999999999996
2.368,3,8.34194,275,open,1.0,2.3679999999999994
-3.685,3,8.342911,195,closed,0.0,-3.6850000000000005
0.439,3,8.343859,195,open,1.0,0.4389999999999996
2.451,3,8.34483,195,open,1.0,2.4509999999999996
-3.735,3,8.345758,195,closed,0.0,-3.7350000000000003
2.188,3,8.34673,255,open,1.0,2.1879999999999993
2.188,3,8.347634,255,open,1.0,2.1879999999999993
2.451,3,8.348593,195,open,1.0,2.4509999999999996
2.202,3,8.349529,275,closed,0.0,2.201999999999999
2.202,3,8.350501,275,closed,0.0,2.201999999999999
2.202,3,8.351435,275,closed,0.0,2.201999999999999
-3.735,3,8.352341,195,closed,0.0,-3.7350000000000003
0.439,3,8.353305,195,open,1.0,0.4389999999999996
2.285,3,8.354248,275,open,1.0,2.2849999999999993
-3.685,3,8.35523,195,closed,0.0,-3.6850000000000005
-3.735,3,8.356146,195,closed,0.0,-3.7350000000000003
2.285,3,8.357115,275,open,1.0,2.2849999999999993
2.368,3,8.358007,275,open,1.0,2.3679999999999994
2.188,3,8.358959,255,open,1.0,2.1879999999999993
2.202,3,8.359872,275,closed,0.0,2.201999999999999
2.451,3,8.360783,195,open,1.0,2.4509999999999996
2.451,3,8.36174,195,open,1.0,2.4509999999999996
2.368,3,8.36267,275,open,1.0,2.3679999999999994
-3.685,3,8.36365,195,closed,0.0,-3.6850000000000005
2.188,3,8.364576,275,open,1.0,2.1879999999999993
1.662,3,8.365479,255,closed,0.0,1.6619999999999995
-3.735,3,8.366413,195,closed,0.0,-3.7350000000000003
2.451,3,8.367304,195,open,1.0,2.4509999999999996
2.202,3,8.368251,275,closed,0.0,2.201999999999999
2.188,3,8.36919,255,open,1.0,2.1879999999999993
0.439,3,8.370155,195,open,1.0,0.4389999999999996
1.662,3,8.371112,255,closed,0.0,1.6619999999999995
2.368,3,8.372034,275,open,1.0,2.3679999999999994
2.202,3,8.37295,275,closed,0.0,2.201999999999999
2.451,3,8.373876,195,open,1.0,2.4509999999999996
2.202,3,8.374769,275,closed,0.0,2.201999999999999
-3.735,3,8.375677,195,closed,0.0,-3.7350000000000003
2.202,3,8.376646,275,closed,0.0,2.201999999999999
2.202,3,8.377559,275,closed,0.0,2.201999999999999
-3.735,3,8.378457,195,closed,0.0,-3.7350000000000003
2.188,3,8.379405,255,open,1.0,2.1879999999999993
2.368,3,8.380295,275,open,1.0,2.3679999999999994
2.451,3,8.381222,195,open,1.0,2.4509999999999996
2.188,3,8.382113,255,open,1.0,2.1879999999999993
2.285,3,8.383024,275,open,1.0,2.2849999999999993
1.662,3,8.383981,255,open,1.0,1.6619999999999995
2.368,3,8.384909,275,open,1.0,2.3679999999999994
2.202,3,8.385835,275,closed,0.0,2.201999999999999
2.188,3,8.386794,255,open,1.0,2.1879999999999993
2.285,3,8.38772,275,open,1.0,2.2849999999999993
2.451,3,8.388636,195,open,1.0,2.4509999999999996
2.451,3,8.389606,195,open,1.0,2.4509999999999996
2.188,3,8.39054,255,open,1.0,2.1879999999999993
2.202,3,8.391464,275,closed,0.0,2.201999999999999
1.662,3,8.392425,255,closed,0.0,1.6619999999999995
2.285,3,8.393349,275,open,1.0,2.2849999999999993
1.662,3,8.394309,255,closed,0.0,1.6619999999999995
2.368,3,8.395226,275,open,1.0,2.3679999999999994
-3.685,3,8.396164,195,closed,0.0,-3.6850000000000005
2.451,3,8.39708,195,open,1.0,2.4509999999999996
-3.735,3,8.398002,195,closed,0.0,-3.7350000000000003
2.202,3,8.398964,275,closed,0.0,2.201999999999999
-3.685,3,8.399901,195,closed,0.0,-3.6850000000000005
2.368,3,8.400857,275,open,1.0,2.3679999999999994
-3.735,3,8.401758,195,closed,0.0,-3.7350000000000003
2.451,3,8.40273,195,open,1.0,2.4509999999999996
2.451,3,8.403624,195,open,1.0,2.4509999999999996
2.202,3,8.404583,275,closed,0.0,2.201999999999999
2.202,3,8.405516,275,closed,0.0,2.201999999999999
1.662,3,8.406475,255,closed,0.0,1.6619999999999995
2.285,3,8.407459,275,open,1.0,2.2849999999999993
2.188,3,8.40838,255,open,1.0,2.1879999999999993
-3.685,3,8.409282,195,closed,0.0,-3.6850000000000005
-3.735,3,8.410251,195,closed,0.0,-3.7350000000000003
2.451,3,8.41124,195,open,1.0,2.4509999999999996
-3.685,3,8.412169,195,closed,0.0,-3.6850000000000005
2.451,3,8.41313,195,open,1.0,2.4509999999999996
2.285,3,8.414055,275,open,1.0,2.2849999999999993
2.202,3,8.41497,275,closed,0.0,2.201999999999999
2.285,3,8.415917,275,open,1.0,2.2849999999999993
-3.685,3,8.416805,195,closed,0.0,-3.6850000000000005
2.368,3,8.417783,275,open,1.0,2.3679999999999994
2.202,3,8.418695,275,closed,0.0,2.201999999999999
2.202,3,8.419656,275,closed,0.0,2.201999999999999
-3.735,3,8.420561,195,closed,0.0,-3.7350000000000003
2.022,3,8.42151,275,closed,0.0,2.0219999999999994
2.451,3,8.422483,195,open,1.0,2.4509999999999996
-3.685,3,8.423439,195,closed,0.0,-3.6850000000000005
2.451,3,8.424327,195,open,1.0,2.4509999999999996
2.451,3,8.425299,195,open,1.0,2.4509999999999996
1.662,3,8.426224,255,closed,0.0,1.6619999999999995
2.202,3,8.427188,275,closed,0.0,2.201999999999999
-3.735,3,8.428109,195,closed,0.0,-3.7350000000000003
2.202,3,8.42902,275,closed,0.0,2.201999999999999
2.368,3,8.429973,275,open,1.0,2.3679999999999994
2.202,3,8.43087,275,closed,0.0,2.201999999999999
2.202,3,8.431795,275,closed,0.0,2.201999999999999
1.925,3,8.43272,255,open,1.0,1.9249999999999994
2.285,3,8.433621,275,open,1.0,2.2849999999999993
2.188,3,8.434577,255,open,1.0,2.1879999999999993
2.368,3,8.435501,275,open,1.0,2.3679999999999994
-3.885,3,8.436413,195,closed,0.0,-3.8850000000000002
2.202,3,8.437352,275,closed,0.0,2.201999999999999
2.368,3,8.438297,275,open,1.0,2.3679999999999994
2.368,3,8.439227,275,open,1.0,2.3679999999999994
-3.685,3,8.598937,195,closed,0.0,-3.6850000000000005
-3.735,3,8.600558,195,closed,0.0,-3.7350000000000003
2.451,3,8.602031,195,open,1.0,2.4509999999999996
-3.735,3,8.60341,195,closed,0.0,-3.7350000000000003
2.188,3,8.604712,255,open,1.0,2.1879999999999993
2.451,3,8.606027,195,open,1.0,2.4509999999999996
2.451,3,8.60726,195,open,1.0,2.4509999999999996
2.451,3,8.608496,195,open,1.0,2.4509999999999996
-3.735,3,8.609704,195,closed,0.0,-3.7350000000000003
1.842,3,8.61099,275,closed,0.0,1.8419999999999994
2.202,3,8.612162,275,closed,0.0,2.201999999999999
-3.735,3,8.613373,195,closed,0.0,-3.7350000000000003
-3.735,3,8.614483,195,closed,0.0,-3.7350000000000003
-3.735,3,8.615453,195,closed,0.0,-3.7350000000000003
-3.735,3,8.616444,195,closed,0.0,-3.7350000000000003
1.662,3,8.617404,255,closed,0.0,1.6619999999999995
2.202,3,8.618415,275,closed,0.0,2.201999999999999
2.202,3,8.619365,275,closed,0.0,2.201999999999999
1.662,3,8.620331,255,closed,0.0,1.6619999999999995
1.925,3,8.621304,255,open,1.0,1.9249999999999994
-3.685,3,8.622254,195,closed,0.0,-3.6850000000000005
-3.735,3,8.62326,195,closed,0.0,-3.7350000000000003
2.285,3,8.624224,275,open,1.0,2.2849999999999993
2.368,3,8.625157,275,open,1.0,2.3679999999999994
-3.685,3,8.626138,195,closed,0.0,-3.6850000000000005
1.925,3,8.627059,255,open,1.0,1.9249999999999994
2.285,3,8.628018,275,open,1.0,2.2849999999999993
-3.685,3,8.628953,195,closed,0.0,-3.6850000000000005
1.662,3,8.629901,255,closed,0.0,1.6619999999999995
-3.685,3,8.630891,195,closed,0.0,-3.6850000000000005
-3.735,3,8.631894,195,closed,0.0,-3.7350000000000003
2.368,3,8.632843,275,open,1.0,2.3679999999999994
-3.885,3,8.633789,195,closed,0.0,-3.8850000000000002
-3.635,3,8.63473,195,closed,0.0,-3.6350000000000007
2.022,3,8.635663,275,closed,0.0,2.0219999999999994
-3.735,3,8.636622,195,closed,0.0,-3.7350000000000003
2.202,3,8.637542,275,closed,0.0,2.201999999999999
2.451,3,8.63849,195,open,1.0,2.4509999999999996
1.662,3,8.639419,255,closed,0.0,1.6619999999999995
2.451,3,8.640309,195,open,1.0,2.4509999999999996
2.202,3,8.641271,275,closed,0.0,2.201999999999999
-3.735,3,8.64221,195,closed,0.0,-3.7350000000000003
1.662,3,8.643117,255,closed,0.0,1.6619999999999995
1.662,3,8.644074,255,closed,0.0,1.6619999999999995
2.202,3,8.645007,275,closed,0.0,2.201999999999999
1.925,3,8.645911,255,open,1.0,1.9249999999999994
2.451,3,8.646845,195,open,1.0,2.4509999999999996
2.285,3,8.647753,275,open,1.0,2.2849999999999993
-3.685,3,8.648664,195,closed,0.0,-3.6850000000000005
2.451,3,8.649588,195,open,1.0,2.4509999999999996
1.662,3,8.650505,255,closed,0.0,1.6619999999999995
-3.735,3,8.651412,195,closed,0.0,-3.7350000000000003
2.202,3,8.652362,275,closed,0.0,2.201999999999999
2.451,3,8.653258,195,open,1.0,2.4509999999999996
2.188,3,8.654206,255,open,1.0,2.1879999999999993
2.451,3,8.65512,195,open,1.0,2.4509999999999996
1.925,3,8.656089,255,open,1.0,1.9249999999999994
2.188,3,8.65701,255,open,1.0,2.1879999999999993
2.188,3,8.657922,255,open,1.0,2.1879999999999993
2.188,3,8.65886,255,open,1.0,2.1879999999999993
2.285,3,8.659774,275,open,1.0,2.2849999999999993
2.202,3,8.660697,275,closed,0.0,2.201999999999999
-3.735,3,8.661638,195,closed,0.0,-3.7350000000000003
2.202,3,8.66255,275,open,1.0,2.201999999999999
2.188,3,8.663466,255,open,1.0,2.1879999999999993
2.202,3,8.66442,275,closed,0.0,2.201999999999999
2.368,3,8.665318,275,open,1.0,2.3679999999999994
2.451,3,8.666224,195,open,1.0,2.4509999999999996
2.202,3,8.667162,275,closed,0.0,2.201999999999999
-3.735,3,8.668059,195,closed,0.0,-3.7350000000000003
2.285,3,8.668967,275,open,1.0,2.2849999999999993
0.143,3,8.669858,275,closed,0.0,0.14299999999999935
1.662,3,8.670746,255,closed,0.0,1.6619999999999995
2.188,3,8.671693,255,open,1.0,2.1879999999999993
-3.735,3,8.672601,195,closed,0.0,-3.7350000000000003
2.451,3,8.673567,195,open,1.0,2.4509999999999996
0.239,3,8.674485,195,open,1.0,0.23899999999999966
1.662,3,8.675375,255,closed,0.0,1.6619999999999995
1.662,3,8.676341,255,closed,0.0,1.6619999999999995
2.202,3,8.677264,275,closed,0.0,2.201999999999999
1.662,3,8.678211,255,closed,0.0,1.6619999999999995
2.451,3,8.679123,195,open,1.0,2.4509999999999996
2.368,3,8.680029,275,open,1.0,2.3679999999999994
2.451,3,8.680985,195,open,1.0,2.4509999999999996
2.202,3,8.681885,275,closed,0.0,2.201999999999999
-3.735,3,8.682839,195,closed,0.0,-3.7350000000000003
1.662,3,8.683748,255,closed,0.0,1.6619999999999995
2.022,3,8.684657,275,closed,0.0,2.0219999999999994
-3.685,3,8.685587,195,closed,0.0,-3.6850000000000005
1.662,3,8.686485,255,closed,0.0,1.6619999999999995
2.202,3,8.687413,275,closed,0.0,2.201999999999999
2.368,3,8.688371,275,open,1.0,2.3679999999999994
2.451,3,8.6893,195,open,1.0,2.4509999999999996
2.202,3,8.690219,275,closed,0.0,2.201999999999999
1.662,3,8.691161,255,closed,0.0,1.6619999999999995
2.451,3,8.692093,195,open,1.0,2.4509999999999996
2.202,3,8.693012,275,closed,0.0,2.201999999999999
2.368,3,8.693944,275,open,1.0,2.3679999999999994
2.451,3,8.694853,195,open,1.0,2.4509999999999996
1.662,3,8.695762,255,closed,0.0,1.6619999999999995
2.188,3,8.696655,255,open,1.0,2.1879999999999993
1.662,3,8.697576,255,closed,0.0,1.6619999999999995
2.202,3,8.698484,275,closed,0.0,2.201999999999999
-3.735,3,8.699373,195,closed,0.0,-3.7350000000000003
2.368,3,8.700318,275,open,1.0,2.3679999999999994
1.662,3,8.701236,255,closed,0.0,1.6619999999999995
2.188,3,8.702146,255,open,1.0,2.1879999999999993
2.451,3,8.703093,195,open,1.0,2.4509999999999996
2.202,3,8.70399,275,closed,0.0,2.201999999999999
2.202,3,8.704948,275,closed,0.0,2.201999999999999
2.451,3,8.705866,195,open,1.0,2.4509999999999996
2.368,3,8.706766,275,open,1.0,2.3679999999999994
-3.735,3,8.707714,195,closed,0.0,-3.7350000000000003
2.451,3,8.7086,195,open,1.0,2.4509999999999996
1.925,3,8.709555,255,open,1.0,1.9249999999999994
2.188,3,8.710483,255,open,1.0,2.1879999999999993
2.188,3,8.711413,255,open,1.0,2.1879999999999993
-3.735,3,8.712361,195,closed,0.0,-3.7350000000000003
-3.735,3,8.713288,195,closed,0.0,-3.7350000000000003
2.451,3,8.714192,195,open,1.0,2.4509999999999996
-3.735,3,8.715149,195,closed,0.0,-3.7350000000000003
-3.735,3,8.716066,195,closed,0.0,-3.7350000000000003
1.662,3,8.716982,255,closed,0.0,1.6619999999999995
2.202,3,8.717922,275,closed,0.0,2.201999999999999
2.188,3,8.71887,255,open,1.0,2.1879999999999993
2.368,3,8.719818,275,open,1.0,2.3679999999999994
-3.735,3,8.720718,195,closed,0.0,-3.7350000000000003
-3.685,3,8.721687,195,closed,0.0,-3.6850000000000005
2.451,3,8.722618,195,open,1.0,2.4509999999999996
-3.735,3,8.723583,195,closed,0.0,-3.7350000000000003
2.368,3,8.724491,275,open,1.0,2.3679999999999994
-3.735,3,8.725429,195,closed,0.0,-3.7350000000000003
2.368,3,8.726351,275,open,1.0,2.3679999999999994
2.368,3,8.727265,275,open,1.0,2.3679999999999994
-3.735,3,8.728157,195,closed,0.0,-3.7350000000000003
2.285,3,8.729076,275,open,1.0,2.2849999999999993
2.188,3,8.729976,255,open,1.0,2.1879999999999993
2.188,3,8.730953,255,open,1.0,2.1879999999999993
2.285,3,8.731874,275,open,1.0,2.2849999999999993
2.188,3,8.732831,255,open,1.0,2.1879999999999993
-3.685,3,8.733743,195,closed,0.0,-3.6850000000000005
2.202,3,8.734651,275,closed,0.0,2.201999999999999
2.022,3,8.735582,275,closed,0.0,2.0219999999999994
1.662,3,8.736503,255,closed,0.0,1.6619999999999995
2.368,3,8.737478,275,open,1.0,2.3679999999999994
-3.735,3,8.738384,195,closed,0.0,-3.7350000000000003
1.662,3,8.739311,255,closed,0.0,1.6619999999999995
2.188,3,8.740275,255,open,1.0,2.1879999999999993
2.202,3,8.741185,275,closed,0.0,2.201999999999999
2.202,3,8.742101,275,closed,0.0,2.201999999999999
2.202,3,8.743012,275,closed,0.0,2.201999999999999
2.451,3,8.743927,195,open,1.0,2.4509999999999996
1.662,3,8.744832,255,closed,0.0,1.6619999999999995
2.451,3,8.745769,195,open,1.0,2.4509999999999996
2.285,3,8.746669,275,open,1.0,2.2849999999999993
2.451,3,8.747589,195,open,1.0,2.4509999999999996
-3.735,3,8.74854,195,closed,0.0,-3.7350000000000003
1.662,3,8.749471,255,closed,0.0,1.6619999999999995
0.439,3,8.750373,195,open,1.0,0.4389999999999996
2.451,3,8.751293,195,open,1.0,2.4509999999999996
2.451,3,8.752208,195,open,1.0,2.4509999999999996
-3.735,3,8.753108,195,closed,0.0,-3.7350000000000003
1.662,3,8.754009,255,closed,0.0,1.6619999999999995
-3.735,3,8.754967,195,closed,0.0,-3.7350000000000003
1.925,3,8.75588,255,open,1.0,1.9249999999999994
2.188,3,8.75683,255,open,1.0,2.1879999999999993
2.285,3,8.75772,275,open,1.0,2.2849999999999993
-3.735,3,8.758662,195,closed,0.0,-3.7350000000000003
-3.735,3,8.759614,195,closed,0.0,-3.7350000000000003
-3.735,3,8.760537,195,closed,0.0,-3.7350000000000003
1.662,3,8.761505,255,closed,0.0,1.6619999999999995
2.202,3,8.921916,275,closed,0.0,2.201999999999999
2.202,3,8.923633,275,closed,0.0,2.201999999999999
2.188,3,8.925264,255,open,1.0,2.1879999999999993
1.662,3,8.926886,255,closed,0.0,1.6619999999999995
2.451,3,8.928485,195,open,1.0,2.4509999999999996
1.662,3,8.930081,255,closed,0.0,1.6619999999999995
-0.147,3,8.93164,255,closed,0.0,-0.14700000000000046
2.188,3,8.933189,255,open,1.0,2.1879999999999993
2.188,3,8.934727,255,open,1.0,2.1879999999999993
2.202,3,8.936264,275,closed,0.0,2.201999999999999
1.662,3,8.937792,255,closed,0.0,1.6619999999999995
2.451,3,8.93933,195,open,1.0,2.4509999999999996
2.022,3,8.940869,275,closed,0.0,2.0219999999999994
1.662,3,8.942402,255,closed,0.0,1.6619999999999995
2.451,3,8.944057,195,open,1.0,2.4509999999999996
2.368,3,8.945321,275,open,1.0,2.3679999999999994
2.285,3,8.946358,275,open,1.0,2.2849999999999993
-3.685,3,8.948444,195,closed,0.0,-3.6850000000000005
2.188,3,8.950243,255,open,1.0,2.1879999999999993
2.202,3,8.951783,275,closed,0.0,2.201999999999999
1.662,3,8.953134,255,closed,0.0,1.6619999999999995
2.451,3,8.954391,195,open,1.0,2.4509999999999996
1.662,3,8.955645,255,closed,0.0,1.6619999999999995
2.368,3,8.956786,275,open,1.0,2.3679999999999994
-3.735,3,8.957929,195,closed,0.0,-3.7350000000000003
2.202,3,8.959082,275,closed,0.0,2.201999999999999
2.368,3,8.960155,275,open,1.0,2.3679999999999994
1.925,3,8.961205,255,open,1.0,1.9249999999999994
2.202,3,8.962261,275,closed,0.0,2.201999999999999
-3.735,3,8.963262,195,closed,0.0,-3.7350000000000003
-3.735,3,8.964257,195,closed,0.0,-3.7350000000000003
2.368,3,8.965216,275,open,1.0,2.3679999999999994
2.451,3,8.966248,195,open,1.0,2.4509999999999996
-3.735,3,8.967272,195,closed,0.0,-3.7350000000000003
-3.735,3,8.968225,195,closed,0.0,-3.7350000000000003
1.662,3,8.969217,255,closed,0.0,1.6619999999999995
2.451,3,8.970168,195,open,1.0,2.4509999999999996
2.285,3,8.971103,275,open,1.0,2.2849999999999993
-3.685,3,8.972094,195,closed,0.0,-3.6850000000000005
2.368,3,8.973023,275,open,1.0,2.3679999999999994
-3.735,3,8.973956,195,closed,0.0,-3.7350000000000003
2.022,3,8.974947,275,closed,0.0,2.0219999999999994
2.451,3,8.975858,195,open,1.0,2.4509999999999996
-3.685,3,8.976804,195,closed,0.0,-3.6850000000000005
-3.735,3,8.977714,195,closed,0.0,-3.7350000000000003
2.202,3,8.978657,275,closed,0.0,2.201999999999999
2.368,3,8.979576,275,open,1.0,2.3679999999999994
2.285,3,8.980485,275,open,1.0,2.2849999999999993
2.451,3,8.98145,195,open,1.0,2.4509999999999996
2.188,3,8.982383,255,open,1.0,2.1879999999999993
-3.685,3,8.983285,195,closed,0.0,-3.6850000000000005
-3.685,3,8.984195,195,closed,0.0,-3.6850000000000005
2.202,3,8.985126,275,closed,0.0,2.201999999999999
2.188,3,8.986163,255,open,1.0,2.1879999999999993
2.202,3,8.987097,275,closed,0.0,2.201999999999999
-3.735,3,8.988011,195,closed,0.0,-3.7350000000000003
2.451,3,8.988921,195,open,1.0,2.4509999999999996
2.451,3,8.989814,195,open,1.0,2.4509999999999996
2.202,3,8.990767,275,closed,0.0,2.201999999999999
2.188,3,8.991673,255,open,1.0,2.1879999999999993
2.451,3,8.992601,195,open,1.0,2.4509999999999996
1.662,3,8.993536,255,closed,0.0,1.6619999999999995
1.662,3,8.994426,255,closed,0.0,1.6619999999999995
2.451,3,8.995363,195,open,1.0,2.4509999999999996
2.202,3,8.996247,275,closed,0.0,2.201999999999999
2.202,3,8.997147,275,closed,0.0,2.201999999999999
2.202,3,8.998052,275,closed,0.0,2.201999999999999
-3.685,3,8.99894,195,closed,0.0,-3.6850000000000005
2.202,3,8.999855,275,closed,0.0,2.201999999999999
2.202,3,9.000785,275,closed,0.0,2.201999999999999
2.202,3,9.001686,275,closed,0.0,2.201999999999999
2.202,3,9.002574,275,closed,0.0,2.201999999999999
1.662,3,9.003507,255,closed,0.0,1.6619999999999995
2.285,3,9.004445,275,open,1.0,2.2849999999999993
2.451,3,9.005335,195,open,1.0,2.4509999999999996
1.662,3,9.006286,255,closed,0.0,1.6619999999999995
-0.197,3,9.007189,255,closed,0.0,-0.1970000000000005
1.662,3,9.008096,255,closed,0.0,1.6619999999999995
1.662,3,9.008972,255,closed,0.0,1.6619999999999995
2.188,3,9.009921,255,open,1.0,2.1879999999999993
1.662,3,9.010824,255,closed,0.0,1.6619999999999995
2.188,3,9.011721,255,open,1.0,2.1879999999999993
1.662,3,9.012634,255,closed,0.0,1.6619999999999995
-3.685,3,9.013544,195,closed,0.0,-3.6850000000000005
-3.735,3,9.014424,195,closed,0.0,-3.7350000000000003
2.202,3,9.01538,275,closed,0.0,2.201999999999999
2.451,3,9.01628,255,open,1.0,2.4509999999999996
2.188,3,9.017173,255,open,1.0,2.1879999999999993
1.662,3,9.018108,255,closed,0.0,1.6619999999999995
2.451,3,9.019028,195,open,1.0,2.4509999999999996
1.662,3,9.019904,255,closed,0.0,1.6619999999999995
1.925,3,9.020843,255,open,1.0,1.9249999999999994
2.451,3,9.021734,195,open,1.0,2.4509999999999996
1.662,3,9.02264,255,closed,0.0,1.6619999999999995
2.451,3,9.02357,195,open,1.0,2.4509999999999996
-3.735,3,9.024442,195,closed,0.0,-3.7350000000000003
-3.735,3,9.025371,195,closed,0.0,-3.7350000000000003
-3.735,3,9.026323,195,closed,0.0,-3.7350000000000003
1.662,3,9.027228,255,closed,0.0,1.6619999999999995
2.202,3,9.028143,275,closed,0.0,2.201999999999999
-3.685,3,9.029056,195,closed,0.0,-3.6850000000000005
-3.735,3,9.029939,195,closed,0.0,-3.7350000000000003
2.188,3,9.030847,255,open,1.0,2.1879999999999993
2.451,3,9.031715,195,open,1.0,2.4509999999999996
2.202,3,9.032623,275,closed,0.0,2.201999999999999
1.662,3,9.033519,255,closed,0.0,1.6619999999999995
1.662,3,9.034399,255,closed,0.0,1.6619999999999995
2.202,3,9.035336,275,closed,0.0,2.201999999999999
2.451,3,9.036219,195,open,1.0,2.4509999999999996
2.368,3,9.037164,275,open,1.0,2.3679999999999994
2.202,3,9.038047,275,closed,0.0,2.201999999999999
2.202,3,9.03897,275,closed,0.0,2.201999999999999
2.451,3,9.039922,195,open,1.0,2.4509999999999996
2.451,3,9.040819,195,open,1.0,2.4509999999999996
2.285,3,9.041696,275,open,1.0,2.2849999999999993
2.368,3,9.042635,275,open,1.0,2.3679999999999994
-3.635,3,9.043517,195,closed,0.0,-3.6350000000000007
2.285,3,9.044432,275,open,1.0,2.2849999999999993
2.188,3,9.045326,255,open,1.0,2.1879999999999993
2.285,3,9.046249,275,open,1.0,2.2849999999999993
-3.735,3,9.047194,195,closed,0.0,-3.7350000000000003
2.188,3,9.04808,255,open,1.0,2.1879999999999993
1.662,3,9.049011,255,closed,0.0,1.6619999999999995
2.202,3,9.0499,275,closed,0.0,2.201999999999999
2.188,3,9.050783,255,open,1.0,2.1879999999999993
-3.735,3,9.051724,195,closed,0.0,-3.7350000000000003
1.662,3,9.052628,255,closed,0.0,1.6619999999999995
-3.685,3,9.053522,195,closed,0.0,-3.6850000000000005
2.022,3,9.054414,275,closed,0.0,2.0219999999999994
2.202,3,9.05531,275,open,1.0,2.201999999999999
-3.735,3,9.056194,195,closed,0.0,-3.7350000000000003
2.451,3,9.057137,195,open,1.0,2.4509999999999996
2.202,3,9.058058,275,closed,0.0,2.201999999999999
1.662,3,9.058953,255,closed,0.0,1.6619999999999995
2.368,3,9.059884,275,open,1.0,2.3679999999999994
-3.735,3,9.060755,195,closed,0.0,-3.7350000000000003
2.451,3,9.061696,195,open,1.0,2.4509999999999996
1.662,3,9.062604,255,closed,0.0,1.6619999999999995
2.285,3,9.063492,275,open,1.0,2.2849999999999993
2.202,3,9.064431,275,closed,0.0,2.201999999999999
2.188,3,9.065331,255,open,1.0,2.1879999999999993
1.662,3,9.066271,255,closed,0.0,1.6619999999999995
2.451,3,9.067196,195,open,1.0,2.4509999999999996
2.285,3,9.068089,275,open,1.0,2.2849999999999993
2.285,3,9.06897,275,open,1.0,2.2849999999999993
2.188,3,9.069912,255,open,1.0,2.1879999999999993
2.451,3,9.070806,195,open,1.0,2.4509999999999996
2.188,3,9.071714,275,open,1.0,2.1879999999999993
2.105,3,9.072619,275,open,1.0,2.1049999999999995
1.662,3,9.073535,255,closed,0.0,1.6619999999999995
2.202,3,9.074409,275,closed,0.0,2.201999999999999
2.451,3,9.075341,195,open,1.0,2.4509999999999996
2.202,3,9.076262,275,closed,0.0,2.201999999999999
2.451,3,9.077145,195,open,1.0,2.4509999999999996
2.368,3,9.078072,275,open,1.0,2.3679999999999994
-3.735,3,9.078955,195,closed,0.0,-3.7350000000000003
1.662,3,9.079852,255,closed,0.0,1.6619999999999995
-3.735,3,9.080726,195,closed,0.0,-3.7350000000000003
2.368,3,9.08162,275,open,1.0,2.3679999999999994
2.202,3,9.082573,275,closed,0.0,2.201999999999999
1.662,3,9.083472,255,closed,0.0,1.6619999999999995
2.188,3,9.084364,255,open,1.0,2.1879999999999993
2.188,3,9.085301,255,open,1.0,2.1879999999999993
2.022,3,9.086217,275,closed,0.0,2.0219999999999994
1.662,3,9.087168,255,closed,0.0,1.6619999999999995
2.368,3,9.08807,275,open,1.0,2.3679999999999994
2.188,3,9.088957,255,open,1.0,2.1879999999999993
1.662,3,9.089908,255,closed,0.0,1.6619999999999995
1.662,3,9.090788,255,closed,0.0,1.6619999999999995
2.202,3,9.091706,275,closed,0.0,2.201999999999999
2.202,3,9.092641,275,closed,0.0,2.201999999999999
2.368,3,9.241567,275,open,1.0,2.3679999999999994
2.451,3,9.243093,195,open,1.0,2.4509999999999996
-3.685,3,9.244419,195,closed,0.0,-3.6850000000000005
-3.735,3,9.245734,195,closed,0.0,-3.7350000000000003
-3.735,3,9.246983,195,closed,0.0,-3.7350000000000003
2.368,3,9.248125,275,open,1.0,2.3679999999999994
2.285,3,9.249238,275,open,1.0,2.2849999999999993
2.188,3,9.250262,255,open,1.0,2.1879999999999993
1.662,3,9.251246,255,closed,0.0,1.6619999999999995
2.188,3,9.252256,255,open,1.0,2.1879999999999993
2.368,3,9.253255,275,open,1.0,2.3679999999999994
2.285,3,9.25423,275,open,1.0,2.2849999999999993
2.188,3,9.255261,255,open,1.0,2.1879999999999993
2.202,3,9.256312,275,closed,0.0,2.201999999999999
2.451,3,9.257279,195,open,1.0,2.4509999999999996
1.662,3,9.25827,255,closed,0.0,1.6619999999999995
-3.685,3,9.259257,195,closed,0.0,-3.6850000000000005
2.368,3,9.260189,275,open,1.0,2.3679999999999994
-3.735,3,9.261182,195,closed,0.0,-3.7350000000000003
2.451,3,9.262136,195,open,1.0,2.4509999999999996
2.202,3,9.263067,275,closed,0.0,2.201999999999999
1.662,3,9.264046,255,closed,0.0,1.6619999999999995
-3.735,3,9.265018,195,closed,0.0,-3.7350000000000003
-3.735,3,9.265941,195,closed,0.0,-3.7350000000000003
2.285,3,9.266927,275,open,1.0,2.2849999999999993
2.188,3,9.269173,255,open,1.0,2.1879999999999993
-3.735,3,9.270825,195,closed,0.0,-3.7350000000000003
2.188,3,9.27233,255,open,1.0,2.1879999999999993
1.662,3,9.273648,255,closed,0.0,1.6619999999999995
2.202,3,9.2749,275,closed,0.0,2.201999999999999
2.188,3,9.276137,255,open,1.0,2.1879999999999993
2.188,3,9.277292,255,open,1.0,2.1879999999999993
2.188,3,9.278512,255,open,1.0,2.1879999999999993
2.202,3,9.279664,275,closed,0.0,2.201999999999999
-3.735,3,9.28076,195,closed,0.0,-3.7350000000000003
1.662,3,9.281806,255,closed,0.0,1.6619999999999995
2.202,3,9.282906,275,closed,0.0,2.201999999999999
2.188,3,9.283921,255,open,1.0,2.1879999999999993
2.451,3,9.284947,195,open,1.0,2.4509999999999996
1.662,3,9.285985,255,closed,0.0,1.6619999999999995
2.451,3,9.287017,195,open,1.0,2.4509999999999996
2.188,3,9.288057,255,open,1.0,2.1879999999999993
-3.685,3,9.289114,195,closed,0.0,-3.6850000000000005
2.368,3,9.290139,275,open,1.0,2.3679999999999994
1.662,3,9.291074,255,closed,0.0,1.6619999999999995
1.662,3,9.292053,255,closed,0.0,1.6619999999999995
2.368,3,9.292991,275,open,1.0,2.3679999999999994
1.662,3,9.293942,255,closed,0.0,1.6619999999999995
0.439,3,9.294909,195,open,1.0,0.4389999999999996
2.368,3,9.295846,275,open,1.0,2.3679999999999994
1.662,3,9.29675,255,closed,0.0,1.6619999999999995
2.285,3,9.297723,275,open,1.0,2.2849999999999993
2.368,3,9.298661,275,open,1.0,2.3679999999999994
2.285,3,9.299576,275,open,1.0,2.2849999999999993
2.451,3,9.300527,195,open,1.0,2.4509999999999996
1.662,3,9.301468,255,closed,0.0,1.6619999999999995
2.202,3,9.302388,275,closed,0.0,2.201999999999999
-3.735,3,9.303298,195,closed,0.0,-3.7350000000000003
2.368,3,9.304268,275,open,1.0,2.3679999999999994
2.368,3,9.305182,275,open,1.0,2.3679999999999994
2.368,3,9.306119,275,open,1.0,2.3679999999999994
2.188,3,9.307134,255,open,1.0,2.1879999999999993
2.451,3,9.308103,195,open,1.0,2.4509999999999996
2.188,3,9.309049,255,open,1.0,2.1879999999999993
-3.735,3,9.309977,195,closed,0.0,-3.7350000000000003
1.925,3,9.310883,255,open,1.0,1.9249999999999994
1.662,3,9.311814,255,closed,0.0,1.6619999999999995
2.188,3,9.312709,255,open,1.0,2.1879999999999993
2.368,3,9.313595,275,open,1.0,2.3679999999999994
2.451,3,9.314533,195,open,1.0,2.4509999999999996
1.925,3,9.315431,255,open,1.0,1.9249999999999994
-3.885,3,9.316337,195,closed,0.0,-3.8850000000000002
1.662,3,9.317221,255,closed,0.0,1.6619999999999995
2.285,3,9.318099,275,open,1.0,2.2849999999999993
2.451,3,9.318981,195,open,1.0,2.4509999999999996
2.368,3,9.319869,275,open,1.0,2.3679999999999994
2.451,3,9.320786,195,open,1.0,2.4509999999999996
-3.885,3,9.321687,195,closed,0.0,-3.8850000000000002
2.368,3,9.32258,275,open,1.0,2.3679999999999994
1.662,3,9.323525,255,closed,0.0,1.6619999999999995
2.188,3,9.324424,255,open,1.0,2.1879999999999993
2.451,3,9.325319,195,open,1.0,2.4509999999999996
-3.735,3,9.326262,195,closed,0.0,-3.7350000000000003
1.662,3,9.327204,255,closed,0.0,1.6619999999999995
1.662,3,9.328148,255,closed,0.0,1.6619999999999995
2.285,3,9.329097,275,open,1.0,2.2849999999999993
2.451,3,9.330004,195,open,1.0,2.4509999999999996
2.451,3,9.330896,195,open,1.0,2.4509999999999996
0.239,3,9.331806,195,open,1.0,0.23899999999999966
-3.735,3,9.332711,195,closed,0.0,-3.7350000000000003
1.662,3,9.333641,255,closed,0.0,1.6619999999999995
2.451,3,9.334532,195,open,1.0,2.4509999999999996
2.202,3,9.335432,275,closed,0.0,2.201999999999999
2.202,3,9.336372,275,closed,0.0,2.201999999999999
2.188,3,9.337295,255,open,1.0,2.1879999999999993
-3.735,3,9.338179,195,closed,0.0,-3.7350000000000003
1.662,3,9.339127,255,closed,0.0,1.6619999999999995
2.451,3,9.340013,255,open,1.0,2.4509999999999996
2.202,3,9.340913,275,closed,0.0,2.201999999999999
-3.735,3,9.341782,195,closed,0.0,-3.7350000000000003
1.662,3,9.342679,255,closed,0.0,1.6619999999999995
2.368,3,9.343603,275,open,1.0,2.3679999999999994
2.451,3,9.344552,195,open,1.0,2.4509999999999996
2.188,3,9.345471,255,open,1.0,2.1879999999999993
2.285,3,9.34637,275,open,1.0,2.2849999999999993
2.188,3,9.347358,255,open,1.0,2.1879999999999993
2.451,3,9.348263,195,open,1.0,2.4509999999999996
-3.735,3,9.349231,195,closed,0.0,-3.7350000000000003
2.202,3,9.35014,275,closed,0.0,2.201999999999999
2.202,3,9.351039,275,closed,0.0,2.201999999999999
1.662,3,9.351917,255,closed,0.0,1.6619999999999995
-3.735,3,9.352799,195,closed,0.0,-3.7350000000000003
1.662,3,9.35374,255,closed,0.0,1.6619999999999995
1.662,3,9.354639,255,closed,0.0,1.6619999999999995
1.662,3,9.355566,255,closed,0.0,1.6619999999999995
2.368,3,9.356483,275,open,1.0,2.3679999999999994
-3.735,3,9.357355,195,closed,0.0,-3.7350000000000003
2.368,3,9.358297,275,open,1.0,2.3679999999999994
2.202,3,9.359185,275,closed,0.0,2.201999999999999
2.368,3,9.360119,275,open,1.0,2.3679999999999994
1.662,3,9.361028,255,closed,0.0,1.6619999999999995
2.188,3,9.36191,255,open,1.0,2.1879999999999993
2.188,3,9.362862,255,open,1.0,2.1879999999999993
2.368,3,9.363746,275,open,1.0,2.3679999999999994
-3.735,3,9.364679,195,closed,0.0,-3.7350000000000003
1.662,3,9.36558,255,closed,0.0,1.6619999999999995
1.662,3,9.366482,255,closed,0.0,1.6619999999999995
2.188,3,9.367426,255,open,1.0,2.1879999999999993
2.202,3,9.368329,275,closed,0.0,2.201999999999999
2.202,3,9.369271,275,closed,0.0,2.201999999999999
1.662,3,9.370222,255,closed,0.0,1.6619999999999995
2.188,3,9.371167,255,open,1.0,2.1879999999999993
1.662,3,9.372057,255,closed,0.0,1.6619999999999995
2.451,3,9.372983,195,open,1.0,2.4509999999999996
-3.735,3,9.373933,195,closed,0.0,-3.7350000000000003
2.368,3,9.374816,275,open,1.0,2.3679999999999994
1.662,3,9.375711,255,closed,0.0,1.6619999999999995
1.662,3,9.376647,255,closed,0.0,1.6619999999999995
2.202,3,9.377536,275,closed,0.0,2.201999999999999
-3.685,3,9.378461,195,closed,0.0,-3.6850000000000005
2.202,3,9.37936,275,closed,0.0,2.201999999999999
2.188,3,9.380254,255,open,1.0,2.1879999999999993
2.202,3,9.381149,275,closed,0.0,2.201999999999999
2.368,3,9.382053,275,open,1.0,2.3679999999999994
2.451,3,9.382936,195,open,1.0,2.4509999999999996
1.662,3,9.383852,255,closed,0.0,1.6619999999999995
1.662,3,9.384738,255,closed,0.0,1.6619999999999995
1.662,3,9.385632,255,closed,0.0,1.6619999999999995
1.925,3,9.386576,255,open,1.0,1.9249999999999994
1.662,3,9.387552,255,closed,0.0,1.6619999999999995
2.202,3,9.388461,275,closed,0.0,2.201999999999999
2.368,3,9.389489,275,open,1.0,2.3679999999999994
-3.735,3,9.39038,195,closed,0.0,-3.7350000000000003
2.451,3,9.391294,195,open,1.0,2.4509999999999996
2.368,3,9.392203,275,open,1.0,2.3679999999999994
2.285,3,9.393087,275,open,1.0,2.2849999999999993
-3.735,3,9.394032,195,closed,0.0,-3.7350000000000003
1.662,3,9.394931,255,closed,0.0,1.6619999999999995
-3.735,3,9.395826,195,closed,0.0,-3.7350000000000003
2.202,3,9.396765,275,closed,0.0,2.201999999999999
1.662,3,9.397652,255,closed,0.0,1.6619999999999995
2.368,3,9.398584,275,open,1.0,2.3679999999999994
2.368,3,9.399516,275,open,1.0,2.3679999999999994
-3.735,3,9.400409,195,closed,0.0,-3.7350000000000003
2.451,3,9.401308,195,open,1.0,2.4509999999999996
1.662,3,9.402205,255,closed,0.0,1.6619999999999995
1.662,3,9.403079,255,closed,0.0,1.6619999999999995
2.368,3,9.404034,275,open,1.0,2.3679999999999994
2.188,3,9.404953,255,open,1.0,2.1879999999999993
2.202,3,9.405857,275,closed,0.0,2.201999999999999
2.202,3,9.574917,275,closed,0.0,2.201999999999999
2.202,3,9.576462,275,closed,0.0,2.201999999999999
2.188,3,9.577779,255,open,1.0,2.1879999999999993
2.202,3,9.579104,275,closed,0.0,2.201999999999999
2.202,3,9.580327,275,closed,0.0,2.201999999999999
1.662,3,9.581585,255,closed,0.0,1.6619999999999995
2.202,3,9.582767,275,closed,0.0,2.201999999999999
2.202,3,9.583997,275,closed,0.0,2.201999999999999
2.451,3,9.585145,195,open,1.0,2.4509999999999996
2.368,3,9.586344,275,open,1.0,2.3679999999999994
2.188,3,9.587548,255,open,1.0,2.1879999999999993
0.439,3,9.588805,195,open,1.0,0.4389999999999996
2.368,3,9.589896,275,open,1.0,2.3679999999999994
1.662,3,9.590823,255,closed,0.0,1.6619999999999995
-3.735,3,9.59178,195,closed,0.0,-3.7350000000000003
2.188,3,9.592704,255,open,1.0,2.1879999999999993
2.451,3,9.593681,195,open,1.0,2.4509999999999996
2.188,3,9.59463,255,open,1.0,2.1879999999999993
2.451,3,9.595572,195,open,1.0,2.4509999999999996
2.202,3,9.596557,275,closed,0.0,2.201999999999999
2.188,3,9.597484,255,open,1.0,2.1879999999999993
-3.735,3,9.598465,195,closed,0.0,-3.7350000000000003
2.202,3,9.599397,275,closed,0.0,2.201999999999999
2.188,3,9.601324,255,open,1.0,2.1879999999999993
2.202,3,9.603175,275,closed,0.0,2.201999999999999
2.368,3,9.604767,275,open,1.0,2.3679999999999994
2.202,3,9.606193,275,closed,0.0,2.201999999999999
-3.885,3,9.607476,195,closed,0.0,-3.8850000000000002
2.368,3,9.608711,275,open,1.0,2.3679999999999994
2.368,3,9.609909,275,open,1.0,2.3679999999999994
2.368,3,9.611054,275,open,1.0,2.3679999999999994
2.451,3,9.612237,195,open,1.0,2.4509999999999996
1.662,3,9.613371,255,closed,0.0,1.6619999999999995
2.368,3,9.614431,275,open,1.0,2.3679999999999994
-3.735,3,9.615521,195,closed,0.0,-3.7350000000000003
-3.735,3,9.616519,195,closed,0.0,-3.7350000000000003
2.451,3,9.617532,195,open,1.0,2.4509999999999996
1.662,3,9.618541,255,closed,0.0,1.6619999999999995
1.662,3,9.619538,255,closed,0.0,1.6619999999999995
2.368,3,9.620499,275,open,1.0,2.3679999999999994
2.368,3,9.621455,275,open,1.0,2.3679999999999994
1.662,3,9.622444,255,closed,0.0,1.6619999999999995
2.202,3,9.623392,275,closed,0.0,2.201999999999999
2.202,3,9.624323,275,closed,0.0,2.201999999999999
2.451,3,9.625242,195,open,1.0,2.4509999999999996
2.202,3,9.62619,275,closed,0.0,2.201999999999999
2.202,3,9.627109,275,closed,0.0,2.201999999999999
-0.197,3,9.628084,255,closed,0.0,-0.1970000000000005
-3.735,3,9.629039,195,closed,0.0,-3.7350000000000003
2.451,3,9.629942,195,open,1.0,2.4509999999999996
2.285,3,9.630855,275,open,1.0,2.2849999999999993
1.662,3,9.631763,255,closed,0.0,1.6619999999999995
2.188,3,9.632667,255,open,1.0,2.1879999999999993
2.368,3,9.633613,275,open,1.0,2.3679999999999994
2.202,3,9.634524,275,closed,0.0,2.201999999999999
2.368,3,9.635425,275,open,1.0,2.3679999999999994
1.925,3,9.636382,255,open,1.0,1.9249999999999994
1.662,3,9.637315,255,closed,0.0,1.6619999999999995
2.202,3,9.638263,275,closed,0.0,2.201999999999999
2.202,3,9.63917,275,closed,0.0,2.201999999999999
1.925,3,9.640111,255,open,1.0,1.9249999999999994
2.202,3,9.641003,275,closed,0.0,2.201999999999999
2.202,3,9.641934,275,closed,0.0,2.201999999999999
1.662,3,9.642849,255,closed,0.0,1.6619999999999995
2.188,3,9.643733,255,open,1.0,2.1879999999999993
2.368,3,9.644665,275,open,1.0,2.3679999999999994
2.285,3,9.645556,275,open,1.0,2.2849999999999993
-3.735,3,9.6465,195,closed,0.0,-3.7350000000000003
1.662,3,9.647414,255,closed,0.0,1.6619999999999995
2.188,3,9.648299,255,open,1.0,2.1879999999999993
1.662,3,9.64924,255,closed,0.0,1.6619999999999995
-3.735,3,9.65013,195,closed,0.0,-3.7350000000000003
1.662,3,9.651042,255,closed,0.0,1.6619999999999995
-3.735,3,9.651945,195,closed,0.0,-3.7350000000000003
2.451,3,9.652824,195,open,1.0,2.4509999999999996
1.662,3,9.653763,255,closed,0.0,1.6619999999999995
1.662,3,9.654648,255,closed,0.0,1.6619999999999995
2.188,3,9.655581,255,open,1.0,2.1879999999999993
2.202,3,9.656492,275,closed,0.0,2.201999999999999
1.662,3,9.657394,255,closed,0.0,1.6619999999999995
2.202,3,9.658271,275,closed,0.0,2.201999999999999
1.662,3,9.659183,255,closed,0.0,1.6619999999999995
2.368,3,9.660087,275,open,1.0,2.3679999999999994
1.662,3,9.660973,255,closed,0.0,1.6619999999999995
2.285,3,9.661915,275,open,1.0,2.2849999999999993
2.188,3,9.662804,255,open,1.0,2.1879999999999993
1.662,3,9.663703,255,closed,0.0,1.6619999999999995
2.188,3,9.664626,255,open,1.0,2.1879999999999993
-3.735,3,9.665527,195,closed,0.0,-3.7350000000000003
1.662,3,9.666402,255,closed,0.0,1.6619999999999995
2.188,3,9.667331,255,open,1.0,2.1879999999999993
1.662,3,9.668211,255,closed,0.0,1.6619999999999995
1.662,3,9.669152,255,closed,0.0,1.6619999999999995
2.451,3,9.670043,195,open,1.0,2.4509999999999996
2.188,3,9.670939,255,open,1.0,2.1879999999999993
2.451,3,9.671867,195,open,1.0,2.4509999999999996
1.662,3,9.67275,255,closed,0.0,1.6619999999999995
2.451,3,9.673651,195,open,1.0,2.4509999999999996
2.202,3,9.674542,275,closed,0.0,2.201999999999999
2.451,3,9.675407,195,open,1.0,2.4509999999999996
-0.197,3,9.676358,255,closed,0.0,-0.1970000000000005
2.451,3,9.677263,195,open,1.0,2.4509999999999996
1.662,3,9.678158,255,closed,0.0,1.6619999999999995
2.202,3,9.67905,275,closed,0.0,2.201999999999999
2.202,3,9.679931,275,closed,0.0,2.201999999999999
2.202,3,9.680806,275,closed,0.0,2.201999999999999
2.368,3,9.681744,275,open,1.0,2.3679999999999994
2.451,3,9.682654,195,open,1.0,2.4509999999999996
1.662,3,9.683593,255,closed,0.0,1.6619999999999995
-3.735,3,9.684488,195,closed,0.0,-3.7350000000000003
2.451,3,9.68538,195,open,1.0,2.4509999999999996
2.451,3,9.686271,195,open,1.0,2.4509999999999996
2.451,3,9.687163,195,open,1.0,2.4509999999999996
2.188,3,9.688106,255,open,1.0,2.1879999999999993
2.202,3,9.689014,275,closed,0.0,2.201999999999999
1.662,3,9.689901,255,closed,0.0,1.6619999999999995
0.439,3,9.690788,195,open,1.0,0.4389999999999996
2.188,3,9.69167,255,open,1.0,2.1879999999999993
2.202,3,9.692566,275,closed,0.0,2.201999999999999
2.451,3,9.693504,195,open,1.0,2.4509999999999996
-3.735,3,9.694405,195,closed,0.0,-3.7350000000000003
1.662,3,9.695306,255,closed,0.0,1.6619999999999995
2.188,3,9.696218,255,open,1.0,2.1879999999999993
2.202,3,9.697135,275,closed,0.0,2.201999999999999
1.662,3,9.69803,255,closed,0.0,1.6619999999999995
2.188,3,9.698917,255,open,1.0,2.1879999999999993
1.662,3,9.69986,255,closed,0.0,1.6619999999999995
2.202,3,9.700745,275,closed,0.0,2.201999999999999
2.451,3,9.701632,195,open,1.0,2.4509999999999996
1.662,3,9.702562,255,closed,0.0,1.6619999999999995
1.662,3,9.703459,255,closed,0.0,1.6619999999999995
1.662,3,9.704338,255,closed,0.0,1.6619999999999995
-3.685,3,9.705276,195,closed,0.0,-3.6850000000000005
-3.735,3,9.706164,195,closed,0.0,-3.7350000000000003
1.662,3,9.707078,255,closed,0.0,1.6619999999999995
1.662,3,9.707973,255,closed,0.0,1.6619999999999995
2.202,3,9.708843,275,closed,0.0,2.201999999999999
2.451,3,9.709747,195,open,1.0,2.4509999999999996
2.188,3,9.710652,255,open,1.0,2.1879999999999993
2.451,3,9.711527,195,open,1.0,2.4509999999999996
1.925,3,9.712478,255,open,1.0,1.9249999999999994
2.451,3,9.713367,195,open,1.0,2.4509999999999996
2.188,3,9.714307,255,open,1.0,2.1879999999999993
2.202,3,9.715196,275,closed,0.0,2.201999999999999
2.451,3,9.716087,195,open,1.0,2.4509999999999996
2.202,3,9.716981,275,closed,0.0,2.201999999999999
2.202,3,9.717858,275,open,1.0,2.201999999999999
2.451,3,9.718785,195,open,1.0,2.4509999999999996
2.368,3,9.719686,275,open,1.0,2.3679999999999994
1.662,3,9.720563,255,closed,0.0,1.6619999999999995
2.188,3,9.721505,255,open,1.0,2.1879999999999993
2.451,3,9.722427,195,open,1.0,2.4509999999999996
-3.735,3,9.723332,195,closed,0.0,-3.7350000000000003
2.188,3,9.724223,255,open,1.0,2.1879999999999993
2.188,3,9.725155,255,open,1.0,2.1879999999999993
-3.735,3,9.726063,195,closed,0.0,-3.7350000000000003
2.451,3,9.726964,195,open,1.0,2.4509999999999996
2.451,3,9.727902,195,open,1.0,2.4509999999999996
2.202,3,9.728834,275,closed,0.0,2.201999999999999
-3.635,3,9.729715,195,closed,0.0,-3.6350000000000007
2.202,3,9.730615,275,closed,0.0,2.201999999999999
2.188,3,9.731517,255,open,1.0,2.1879999999999993
2.188,3,9.732396,255,open,1.0,2.1879999999999993
2.368,3,9.733336,275,open,1.0,2.3679999999999994
1.662,3,9.734218,255,closed,0.0,1.6619999999999995
2.451,3,9.735152,195,open,1.0,2.4509999999999996
0.439,3,9.736086,195,open,1.0,0.4389999999999996
2.202,3,9.736965,275,closed,0.0,2.201999999999999
2.451,3,9.737906,195,open,1.0,2.4509999999999996
2.188,3,9.738783,255,open,1.0,2.1879999999999993
2.188,3,9.739721,255,open,1.0,2.1879999999999993
-3.735,3,9.905557,195,closed,0.0,-3.7350000000000003
2.202,3,9.907361,275,closed,0.0,2.201999999999999
2.451,3,9.90905,195,open,1.0,2.4509999999999996
2.451,3,9.910718,195,open,1.0,2.4509999999999996
-3.685,3,9.912362,195,closed,0.0,-3.6850000000000005
2.368,3,9.913988,275,open,1.0,2.3679999999999994
1.662,3,9.915574,255,closed,0.0,1.6619999999999995
0.379,3,9.917161,255,open,1.0,0.37899999999999956
2.451,3,9.918753,195,open,1.0,2.4509999999999996
1.662,3,9.920345,255,closed,0.0,1.6619999999999995
2.368,3,9.921937,275,open,1.0,2.3679999999999994
2.368,3,9.923519,275,open,1.0,2.3679999999999994
2.368,3,9.925094,275,open,1.0,2.3679999999999994
2.368,3,9.926655,275,open,1.0,2.3679999999999994
1.662,3,9.928455,255,closed,0.0,1.6619999999999995
1.662,3,9.929856,255,closed,0.0,1.6619999999999995
-3.735,3,9.932177,195,closed,0.0,-3.7350000000000003
1.662,3,9.933942,255,closed,0.0,1.6619999999999995
1.662,3,9.935375,255,closed,0.0,1.6619999999999995
2.188,3,9.936754,255,open,1.0,2.1879999999999993
1.662,3,9.937969,255,closed,0.0,1.6619999999999995
-3.685,3,9.939233,195,closed,0.0,-3.6850000000000005
2.368,3,9.940396,275,open,1.0,2.3679999999999994
2.451,3,9.941518,195,open,1.0,2.4509999999999996
1.662,3,9.942671,255,closed,0.0,1.6619999999999995
2.188,3,9.943729,255,open,1.0,2.1879999999999993
1.662,3,9.944765,255,closed,0.0,1.6619999999999995
2.451,3,9.945844,195,open,1.0,2.4509999999999996
2.451,3,9.946879,195,open,1.0,2.4509999999999996
2.451,3,9.94785,195,open,1.0,2.4509999999999996
2.188,3,9.948878,255,open,1.0,2.1879999999999993
2.202,3,9.949826,275,closed,0.0,2.201999999999999
2.368,3,9.950781,275,open,1.0,2.3679999999999994
2.202,3,9.951743,275,open,1.0,2.201999999999999
-3.585,3,9.952692,195,closed,0.0,-3.585
2.368,3,9.953636,275,open,1.0,2.3679999999999994
2.202,3,9.954572,275,closed,0.0,2.201999999999999
2.368,3,9.955477,275,open,1.0,2.3679999999999994
2.188,3,9.956438,255,open,1.0,2.1879999999999993
2.451,3,9.957347,195,open,1.0,2.4509999999999996
1.662,3,9.958297,255,closed,0.0,1.6619999999999995
1.662,3,9.959218,255,closed,0.0,1.6619999999999995
-3.735,3,9.960134,195,closed,0.0,-3.7350000000000003
2.188,3,9.961041,255,open,1.0,2.1879999999999993
-3.685,3,9.961924,195,closed,0.0,-3.6850000000000005
2.451,3,9.962888,275,open,1.0,2.4509999999999996
1.662,3,9.963787,255,closed,0.0,1.6619999999999995
2.451,3,9.964751,195,open,1.0,2.4509999999999996
2.202,3,9.965677,275,closed,0.0,2.201999999999999
2.368,3,9.966592,275,open,1.0,2.3679999999999994
2.202,3,9.967537,275,closed,0.0,2.201999999999999
2.202,3,9.968436,275,closed,0.0,2.201999999999999
1.662,3,9.969378,255,closed,0.0,1.6619999999999995
2.285,3,9.970296,275,open,1.0,2.2849999999999993
-3.685,3,9.971206,195,closed,0.0,-3.6850000000000005
-3.735,3,9.972161,195,closed,0.0,-3.7350000000000003
2.368,3,9.973098,275,open,1.0,2.3679999999999994
-3.735,3,9.973995,195,closed,0.0,-3.7350000000000003
1.662,3,9.974899,255,closed,0.0,1.6619999999999995
1.662,3,9.975846,255,closed,0.0,1.6619999999999995
2.368,3,9.976735,275,open,1.0,2.3679999999999994
2.202,3,9.977679,275,closed,0.0,2.201999999999999
1.662,3,9.978569,255,closed,0.0,1.6619999999999995
1.662,3,9.979483,255,closed,0.0,1.6619999999999995
-3.735,3,9.980382,195,closed,0.0,-3.7350000000000003
2.451,3,9.98127,195,open,1.0,2.4509999999999996
2.368,3,9.982213,275,open,1.0,2.3679999999999994
2.202,3,9.983105,275,closed,0.0,2.201999999999999
2.368,3,9.984003,275,open,1.0,2.3679999999999994
2.368,3,9.984929,275,open,1.0,2.3679999999999994
1.662,3,9.9858,255,closed,0.0,1.6619999999999995
1.662,3,9.986728,255,closed,0.0,1.6619999999999995
2.202,3,9.987614,275,closed,0.0,2.201999999999999
-3.735,3,9.988512,195,closed,0.0,-3.7350000000000003
-3.735,3,9.98942,195,closed,0.0,-3.7350000000000003
2.188,3,9.990319,255,open,1.0,2.1879999999999993
2.188,3,9.991203,255,open,1.0,2.1879999999999993
2.202,3,9.992095,275,closed,0.0,2.201999999999999
-3.735,3,9.992971,195,closed,0.0,-3.7350000000000003
2.022,3,9.993912,275,closed,0.0,2.0219999999999994
1.662,3,9.994798,255,closed,0.0,1.6619999999999995
2.188,3,9.995683,255,open,1.0,2.1879999999999993
-3.735,3,9.996634,195,closed,0.0,-3.7350000000000003
2.368,3,9.997521,275,open,1.0,2.3679999999999994
-3.685,3,9.998457,195,closed,0.0,-3.6850000000000005
1.662,3,9.99934,255,closed,0.0,1.6619999999999995
2.451,3,10.000259,195,open,1.0,2.4509999999999996
2.202,3,10.001136,275,closed,0.0,2.201999999999999
1.662,3,10.00206,255,closed,0.0,1.6619999999999995
-3.735,3,10.002967,195,closed,0.0,-3.7350000000000003
-3.685,3,10.003887,195,closed,0.0,-3.6850000000000005
2.451,3,10.004822,195,open,1.0,2.4509999999999996
1.662,3,10.005703,255,closed,0.0,1.6619999999999995
2.202,3,10.006649,275,closed,0.0,2.201999999999999
2.188,3,10.007535,255,open,1.0,2.1879999999999993
2.368,3,10.008424,275,open,1.0,2.3679999999999994
2.188,3,10.009348,255,open,1.0,2.1879999999999993
1.662,3,10.010238,255,closed,0.0,1.6619999999999995
1.662,3,10.011132,255,closed,0.0,1.6619999999999995
2.368,3,10.012083,275,open,1.0,2.3679999999999994
2.188,3,10.012972,255,open,1.0,2.1879999999999993
2.202,3,10.013887,275,closed,0.0,2.201999999999999
1.662,3,10.014761,255,closed,0.0,1.6619999999999995
2.188,3,10.015653,255,open,1.0,2.1879999999999993
2.202,3,10.016595,275,closed,0.0,2.201999999999999
2.451,3,10.017488,195,open,1.0,2.4509999999999996
1.662,3,10.018379,255,closed,0.0,1.6619999999999995
2.202,3,10.01927,275,closed,0.0,2.201999999999999
2.285,3,10.020163,275,open,1.0,2.2849999999999993
2.022,3,10.021049,275,closed,0.0,2.0219999999999994
-3.635,3,10.021976,195,closed,0.0,-3.6350000000000007
2.202,3,10.022916,275,closed,0.0,2.201999999999999
2.202,3,10.023793,275,closed,0.0,2.201999999999999
1.662,3,10.024726,255,closed,0.0,1.6619999999999995
-3.685,3,10.025613,195,closed,0.0,-3.6850000000000005
2.188,3,10.026558,255,open,1.0,2.1879999999999993
2.188,3,10.027444,255,open,1.0,2.1879999999999993
2.368,3,10.028386,275,open,1.0,2.3679999999999994
2.368,3,10.029269,275,open,1.0,2.3679999999999994
2.368,3,10.030207,275,open,1.0,2.3679999999999994
2.368,3,10.031107,275,open,1.0,2.3679999999999994
-3.735,3,10.032003,195,closed,0.0,-3.7350000000000003
2.368,3,10.03294,275,open,1.0,2.3679999999999994
2.285,3,10.033821,275,open,1.0,2.2849999999999993
-3.735,3,10.034756,195,closed,0.0,-3.7350000000000003
1.662,3,10.035642,255,closed,0.0,1.6619999999999995
1.662,3,10.036577,255,closed,0.0,1.6619999999999995
1.662,3,10.037487,255,closed,0.0,1.6619999999999995
2.368,3,10.038367,275,open,1.0,2.3679999999999994
1.662,3,10.039289,255,closed,0.0,1.6619999999999995
-3.685,3,10.040188,195,closed,0.0,-3.6850000000000005
2.188,3,10.041074,255,open,1.0,2.1879999999999993
2.202,3,10.041983,275,closed,0.0,2.201999999999999
2.451,3,10.042859,195,open,1.0,2.4509999999999996
2.202,3,10.043791,275,closed,0.0,2.201999999999999
2.368,3,10.044676,275,open,1.0,2.3679999999999994
1.662,3,10.04562,255,closed,0.0,1.6619999999999995
2.188,3,10.046524,255,open,1.0,2.1879999999999993
2.368,3,10.047417,275,open,1.0,2.3679999999999994
-3.735,3,10.048333,195,closed,0.0,-3.7350000000000003
1.662,3,10.049232,255,closed,0.0,1.6619999999999995
2.451,3,10.050125,195,open,1.0,2.4509999999999996
2.451,3,10.051073,195,open,1.0,2.4509999999999996
2.188,3,10.052002,255,open,1.0,2.1879999999999993
2.188,3,10.052891,255,open,1.0,2.1879999999999993
2.451,3,10.053829,255,open,1.0,2.4509999999999996
2.451,3,10.054717,195,open,1.0,2.4509999999999996
2.451,3,10.05564,195,open,1.0,2.4509999999999996
2.368,3,10.056553,275,open,1.0,2.3679999999999994
0.439,3,10.057455,195,open,1.0,0.4389999999999996
2.202,3,10.058331,275,closed,0.0,2.201999999999999
2.188,3,10.059283,255,open,1.0,2.1879999999999993
2.451,3,10.060191,195,open,1.0,2.4509999999999996
1.662,3,10.061077,255,closed,0.0,1.6619999999999995
2.188,3,10.061986,255,open,1.0,2.1879999999999993
2.022,3,10.062876,275,closed,0.0,2.0219999999999994
2.368,3,10.063756,275,open,1.0,2.3679999999999994
2.368,3,10.064697,275,open,1.0,2.3679999999999994
2.368,3,10.065594,275,open,1.0,2.3679999999999994
2.202,3,10.066489,275,closed,0.0,2.201999999999999
2.368,3,10.067407,275,open,1.0,2.3679999999999994
2.202,3,10.068342,275,closed,0.0,2.201999999999999
1.662,3,10.069223,255,closed,0.0,1.6619999999999995
2.188,3,10.070153,255,open,1.0,2.1879999999999993
2.202,3,10.071065,275,closed,0.0,2.201999999999999
2.451,3,10.071956,195,open,1.0,2.4509999999999996
2.188,3,10.072846,255,open,1.0,2.1879999999999993
2.451,3,10.073754,195,open,1.0,2.4509999999999996
2.451,3,10.074624,195,open,1.0,2.4509999999999996
1.662,3,10.075568,255,closed,0.0,1.6619999999999995
2.202,3,10.076456,275,closed,0.0,2.201999999999999
2.188,3,10.225669,255,open,1.0,2.1879999999999993
-3.885,3,10.227072,195,closed,0.0,-3.8850000000000002
2.451,3,10.22833,195,open,1.0,2.4509999999999996
1.662,3,10.229605,255,closed,0.0,1.6619999999999995
2.188,3,10.230824,255,open,1.0,2.1879999999999993
-3.735,3,10.232062,195,closed,0.0,-3.7350000000000003
2.368,3,10.233328,275,open,1.0,2.3679999999999994
2.188,3,10.234524,255,open,1.0,2.1879999999999993
2.368,3,10.235679,275,open,1.0,2.3679999999999994
2.451,3,10.236699,195,open,1.0,2.4509999999999996
-3.735,3,10.237774,195,closed,0.0,-3.7350000000000003
2.202,3,10.238728,275,closed,0.0,2.201999999999999
1.662,3,10.239733,255,closed,0.0,1.6619999999999995
2.188,3,10.240693,255,open,1.0,2.1879999999999993
2.451,3,10.24166,195,open,1.0,2.4509999999999996
1.662,3,10.242601,255,closed,0.0,1.6619999999999995
2.368,3,10.243559,275,open,1.0,2.3679999999999994
1.662,3,10.244515,255,closed,0.0,1.6619999999999995
2.188,3,10.24546,255,open,1.0,2.1879999999999993
2.188,3,10.246446,255,open,1.0,2.1879999999999993
-3.885,3,10.24739,195,closed,0.0,-3.8850000000000002
2.202,3,10.248323,275,closed,0.0,2.201999999999999
2.202,3,10.249257,275,closed,0.0,2.201999999999999
2.368,3,10.250194,275,open,1.0,2.3679999999999994
2.188,3,10.251576,255,open,1.0,2.1879999999999993
1.662,3,10.253523,255,closed,0.0,1.6619999999999995
2.368,3,10.255171,275,open,1.0,2.3679999999999994
-3.735,3,10.256664,195,closed,0.0,-3.7350000000000003
2.451,3,10.257977,195,open,1.0,2.4509999999999996
2.451,3,10.259228,195,open,1.0,2.4509999999999996
2.202,3,10.260417,275,closed,0.0,2.201999999999999
1.662,3,10.261575,255,closed,0.0,1.6619999999999995
2.188,3,10.262691,255,open,1.0,2.1879999999999993
2.202,3,10.26382,275,closed,0.0,2.201999999999999
1.662,3,10.264868,255,closed,0.0,1.6619999999999995
-3.685,3,10.265917,195,closed,0.0,-3.6850000000000005
2.188,3,10.266995,255,open,1.0,2.1879999999999993
-3.735,3,10.268014,195,closed,0.0,-3.7350000000000003
2.368,3,10.269067,275,open,1.0,2.3679999999999994
2.285,3,10.270102,275,open,1.0,2.2849999999999993
2.188,3,10.27105,255,open,1.0,2.1879999999999993
2.451,3,10.272069,195,open,1.0,2.4509999999999996
2.368,3,10.273053,275,open,1.0,2.3679999999999994
2.202,3,10.274015,275,closed,0.0,2.201999999999999
2.451,3,10.274986,195,open,1.0,2.4509999999999996
2.451,3,10.275938,195,open,1.0,2.4509999999999996
1.662,3,10.276883,255,closed,0.0,1.6619999999999995
-3.685,3,10.277816,195,closed,0.0,-3.6850000000000005
2.188,3,10.27873,255,open,1.0,2.1879999999999993
2.188,3,10.279669,255,open,1.0,2.1879999999999993
2.451,3,10.280594,195,open,1.0,2.4509999999999996
2.202,3,10.281506,275,closed,0.0,2.201999999999999
2.188,3,10.282482,255,open,1.0,2.1879999999999993
2.368,3,10.28341,275,open,1.0,2.3679999999999994
-3.735,3,10.284333,195,closed,0.0,-3.7350000000000003
2.188,3,10.285286,255,open,1.0,2.1879999999999993
2.188,3,10.286184,255,open,1.0,2.1879999999999993
2.202,3,10.28714,275,closed,0.0,2.201999999999999
2.451,3,10.288048,195,open,1.0,2.4509999999999996
2.368,3,10.289003,275,open,1.0,2.3679999999999994
2.451,3,10.289963,195,open,1.0,2.4509999999999996
2.368,3,10.290855,275,open,1.0,2.3679999999999994
-3.735,3,10.291795,195,closed,0.0,-3.7350000000000003
1.662,3,10.292688,255,closed,0.0,1.6619999999999995
1.662,3,10.293653,255,closed,0.0,1.6619999999999995
-3.735,3,10.294573,195,closed,0.0,-3.7350000000000003
2.202,3,10.295516,275,closed,0.0,2.201999999999999
2.368,3,10.296451,275,open,1.0,2.3679999999999994
2.188,3,10.297349,255,open,1.0,2.1879999999999993
2.451,3,10.298244,195,open,1.0,2.4509999999999996
1.662,3,10.299171,255,closed,0.0,1.6619999999999995
2.368,3,10.300059,275,open,1.0,2.3679999999999994
2.188,3,10.300944,255,open,1.0,2.1879999999999993
-3.735,3,10.301863,195,closed,0.0,-3.7350000000000003
2.451,3,10.302743,195,open,1.0,2.4509999999999996
2.188,3,10.303621,255,open,1.0,2.1879999999999993
2.451,3,10.304542,195,open,1.0,2.4509999999999996
-3.735,3,10.30543,195,closed,0.0,-3.7350000000000003
2.202,3,10.306363,275,closed,0.0,2.201999999999999
2.451,3,10.307263,195,open,1.0,2.4509999999999996
2.188,3,10.308145,255,open,1.0,2.1879999999999993
2.202,3,10.309092,275,closed,0.0,2.201999999999999
2.368,3,10.310052,275,open,1.0,2.3679999999999994
2.202,3,10.310937,275,closed,0.0,2.201999999999999
1.662,3,10.311841,255,closed,0.0,1.6619999999999995
2.451,3,10.312742,195,open,1.0,2.4509999999999996
1.662,3,10.313631,255,closed,0.0,1.6619999999999995
1.662,3,10.314553,255,closed,0.0,1.6619999999999995
2.188,3,10.315519,255,open,1.0,2.1879999999999993
2.202,3,10.316408,275,closed,0.0,2.201999999999999
2.368,3,10.317327,275,open,1.0,2.3679999999999994
2.368,3,10.318238,275,open,1.0,2.3679999999999994
2.188,3,10.319116,255,open,1.0,2.1879999999999993
2.188,3,10.320012,255,open,1.0,2.1879999999999993
-0.197,3,10.320955,255,closed,0.0,-0.1970000000000005
-3.735,3,10.321869,195,closed,0.0,-3.7350000000000003
2.368,3,10.322937,275,open,1.0,2.3679999999999994
2.188,3,10.323864,255,open,1.0,2.1879999999999993
-3.635,3,10.324793,195,closed,0.0,-3.6350000000000007
2.451,3,10.325751,195,open,1.0,2.4509999999999996
2.188,3,10.326648,255,open,1.0,2.1879999999999993
2.202,3,10.327612,275,closed,0.0,2.201999999999999
2.188,3,10.328504,255,open,1.0,2.1879999999999993
-3.735,3,10.329454,195,closed,0.0,-3.7350000000000003
2.368,3,10.330358,275,open,1.0,2.3679999999999994
1.662,3,10.331252,255,closed,0.0,1.6619999999999995
2.188,3,10.332192,255,open,1.0,2.1879999999999993
-3.735,3,10.333108,195,closed,0.0,-3.7350000000000003
2.202,3,10.33399,275,closed,0.0,2.201999999999999
-3.735,3,10.334971,195,closed,0.0,-3.7350000000000003
2.368,3,10.335893,275,open,1.0,2.3679999999999994
2.451,3,10.336774,195,open,1.0,2.4509999999999996
2.188,3,10.337722,255,open,1.0,2.1879999999999993
1.662,3,10.338618,255,closed,0.0,1.6619999999999995
1.662,3,10.339559,255,closed,0.0,1.6619999999999995
-3.685,3,10.340469,195,closed,0.0,-3.6850000000000005
2.451,3,10.341364,195,open,1.0,2.4509999999999996
2.202,3,10.342295,275,closed,0.0,2.201999999999999
2.202,3,10.343209,275,closed,0.0,2.201999999999999
2.188,3,10.344107,255,open,1.0,2.1879999999999993
2.451,3,10.344993,195,open,1.0,2.4509999999999996
2.202,3,10.345938,275,closed,0.0,2.201999999999999
2.202,3,10.346833,275,closed,0.0,2.201999999999999
-3.685,3,10.347728,195,closed,0.0,-3.6850000000000005
-3.735,3,10.348687,195,closed,0.0,-3.7350000000000003
2.451,3,10.349592,195,open,1.0,2.4509999999999996
-3.735,3,10.350484,195,closed,0.0,-3.7350000000000003
2.202,3,10.351382,275,closed,0.0,2.201999999999999
2.451,3,10.352253,195,open,1.0,2.4509999999999996
-3.735,3,10.353196,195,closed,0.0,-3.7350000000000003
2.368,3,10.354087,275,open,1.0,2.3679999999999994
1.662,3,10.354984,255,closed,0.0,1.6619999999999995
2.285,3,10.35592,275,open,1.0,2.2849999999999993
2.202,3,10.356793,275,closed,0.0,2.201999999999999
2.368,3,10.357671,275,open,1.0,2.3679999999999994
2.368,3,10.358574,275,open,1.0,2.3679999999999994
2.188,3,10.359462,255,open,1.0,2.1879999999999993
2.368,3,10.360408,275,open,1.0,2.3679999999999994
2.202,3,10.361309,275,closed,0.0,2.201999999999999
2.451,3,10.362191,195,open,1.0,2.4509999999999996
-3.685,3,10.363106,195,closed,0.0,-3.6850000000000005
1.662,3,10.363982,255,closed,0.0,1.6619999999999995
-3.735,3,10.364874,195,closed,0.0,-3.7350000000000003
2.202,3,10.365787,275,closed,0.0,2.201999999999999
2.202,3,10.366678,275,closed,0.0,2.201999999999999
2.202,3,10.367571,275,closed,0.0,2.201999999999999
-3.735,3,10.368503,195,closed,0.0,-3.7350000000000003
2.368,3,10.369383,275,open,1.0,2.3679999999999994
2.202,3,10.370322,275,closed,0.0,2.201999999999999
2.202,3,10.371207,275,closed,0.0,2.201999999999999
2.188,3,10.372112,255,open,1.0,2.1879999999999993
-3.735,3,10.373042,195,closed,0.0,-3.7350000000000003
-3.735,3,10.37392,195,closed,0.0,-3.7350000000000003
2.368,3,10.374831,275,open,1.0,2.3679999999999994
1.662,3,10.375773,255,closed,0.0,1.6619999999999995
2.188,3,10.376688,275,open,1.0,2.1879999999999993
2.451,3,10.377571,275,open,1.0,2.4509999999999996
2.451,3,10.378504,195,open,1.0,2.4509999999999996
1.662,3,10.379386,255,closed,0.0,1.6619999999999995
2.451,3,10.380322,195,open,1.0,2.4509999999999996
1.662,3,10.381213,255,closed,0.0,1.6619999999999995
2.368,3,10.382097,275,open,1.0,2.3679999999999994
2.022,3,10.383045,275,closed,0.0,2.0219999999999994
2.368,3,10.383947,275,open,1.0,2.3679999999999994
2.202,3,10.384839,275,closed,0.0,2.201999999999999
1.662,3,10.385758,255,closed,0.0,1.6619999999999995
2.188,3,10.386643,255,open,1.0,2.1879999999999993
1.662,3,10.387563,255,closed,0.0,1.6619999999999995
1.662,3,10.388456,255,closed,0.0,1.6619999999999995
2.188,3,10.389357,255,open,1.0,2.1879999999999993
2.368,3,10.529987,275,open,1.0,2.3679999999999994
-3.685,3,10.531776,195,closed,0.0,-3.6850000000000005
1.662,3,10.533357,255,closed,0.0,1.6619999999999995
2.368,3,10.534775,275,open,1.0,2.3679999999999994
2.188,3,10.536179,255,open,1.0,2.1879999999999993
2.451,3,10.537454,195,open,1.0,2.4509999999999996
1.662,3,10.538726,255,closed,0.0,1.6619999999999995
2.022,3,10.539981,275,closed,0.0,2.0219999999999994
2.202,3,10.541195,275,closed,0.0,2.201999999999999
2.188,3,10.54238,255,open,1.0,2.1879999999999993
-3.685,3,10.543591,195,closed,0.0,-3.6850000000000005
-3.735,3,10.544803,195,closed,0.0,-3.7350000000000003
-3.735,3,10.545973,195,closed,0.0,-3.7350000000000003
2.368,3,10.546948,275,open,1.0,2.3679999999999994
1.662,3,10.547909,255,closed,0.0,1.6619999999999995
-3.735,3,10.548839,195,closed,0.0,-3.7350000000000003
1.662,3,10.54985,255,closed,0.0,1.6619999999999995
2.188,3,10.550797,255,open,1.0,2.1879999999999993
2.451,3,10.551785,195,open,1.0,2.4509999999999996
1.662,3,10.552721,255,closed,0.0,1.6619999999999995
2.202,3,10.553646,275,closed,0.0,2.201999999999999
-3.685,3,10.55456,195,closed,0.0,-3.6850000000000005
2.202,3,10.555498,275,closed,0.0,2.201999999999999
1.662,3,10.556414,255,closed,0.0,1.6619999999999995
-3.735,3,10.557361,195,closed,0.0,-3.7350000000000003
2.368,3,10.558277,275,open,1.0,2.3679999999999994
2.451,3,10.559183,195,open,1.0,2.4509999999999996
1.662,3,10.56015,255,closed,0.0,1.6619999999999995
1.662,3,10.561097,255,closed,0.0,1.6619999999999995
2.188,3,10.562017,255,open,1.0,2.1879999999999993
2.285,3,10.563026,275,open,1.0,2.2849999999999993
2.368,3,10.563968,275,open,1.0,2.3679999999999994
2.188,3,10.564893,255,open,1.0,2.1879999999999993
-3.735,3,10.565867,195,closed,0.0,-3.7350000000000003
2.202,3,10.566818,275,closed,0.0,2.201999999999999
2.188,3,10.567725,255,open,1.0,2.1879999999999993
2.285,3,10.568697,275,open,1.0,2.2849999999999993
2.202,3,10.569606,275,closed,0.0,2.201999999999999
2.368,3,10.570534,275,open,1.0,2.3679999999999994
2.451,3,10.571419,195,open,1.0,2.4509999999999996
2.188,3,10.572351,255,open,1.0,2.1879999999999993
-3.685,3,10.573301,195,closed,0.0,-3.6850000000000005
2.202,3,10.574201,275,closed,0.0,2.201999999999999
2.285,3,10.575137,275,open,1.0,2.2849999999999993
-3.735,3,10.576028,195,closed,0.0,-3.7350000000000003
-3.735,3,10.57693,195,closed,0.0,-3.7350000000000003
-3.735,3,10.57785,195,closed,0.0,-3.7350000000000003
2.188,3,10.578739,275,open,1.0,2.1879999999999993
1.662,3,10.579667,255,closed,0.0,1.6619999999999995
1.662,3,10.580561,255,closed,0.0,1.6619999999999995
1.925,3,10.58147,255,open,1.0,1.9249999999999994
2.188,3,10.582426,255,open,1.0,2.1879999999999993
-3.735,3,10.583334,195,closed,0.0,-3.7350000000000003
1.662,3,10.584236,255,closed,0.0,1.6619999999999995
-3.735,3,10.585175,195,closed,0.0,-3.7350000000000003
2.188,3,10.586066,255,open,1.0,2.1879999999999993
-3.685,3,10.586984,195,closed,0.0,-3.6850000000000005
2.451,3,10.587903,195,open,1.0,2.4509999999999996
2.202,3,10.588788,275,closed,0.0,2.201999999999999
1.662,3,10.58969,255,closed,0.0,1.6619999999999995
-3.735,3,10.59063,195,closed,0.0,-3.7350000000000003
-3.685,3,10.591527,195,closed,0.0,-3.6850000000000005
2.451,3,10.592419,195,open,1.0,2.4509999999999996
-3.685,3,10.593348,195,closed,0.0,-3.6850000000000005
1.662,3,10.594235,255,closed,0.0,1.6619999999999995
-3.735,3,10.595215,195,closed,0.0,-3.7350000000000003
-3.685,3,10.596154,195,closed,0.0,-3.6850000000000005
2.202,3,10.597049,275,closed,0.0,2.201999999999999
2.451,3,10.597994,195,open,1.0,2.4509999999999996
-3.735,3,10.5989,195,closed,0.0,-3.7350000000000003
2.451,3,10.599788,195,open,1.0,2.4509999999999996
-3.635,3,10.60069,195,closed,0.0,-3.6350000000000007
2.368,3,10.601636,275,open,1.0,2.3679999999999994
2.451,3,10.602556,195,open,1.0,2.4509999999999996
2.202,3,10.60352,275,closed,0.0,2.201999999999999
2.202,3,10.604436,275,closed,0.0,2.201999999999999
2.451,3,10.605408,195,open,1.0,2.4509999999999996
2.451,3,10.606337,195,open,1.0,2.4509999999999996
-0.147,3,10.607255,255,closed,0.0,-0.14700000000000046
2.188,3,10.608152,255,open,1.0,2.1879999999999993
2.188,3,10.609055,255,open,1.0,2.1879999999999993
-3.735,3,10.610011,195,closed,0.0,-3.7350000000000003
2.451,3,10.610919,195,open,1.0,2.4509999999999996
1.662,3,10.611874,255,closed,0.0,1.6619999999999995
0.439,3,10.6128,195,open,1.0,0.4389999999999996
2.188,3,10.6137,255,open,1.0,2.1879999999999993
-3.735,3,10.614649,195,closed,0.0,-3.7350000000000003
2.451,3,10.615567,195,open,1.0,2.4509999999999996
2.188,3,10.616464,255,open,1.0,2.1879999999999993
1.662,3,10.617383,255,closed,0.0,1.6619999999999995
1.662,3,10.61829,255,closed,0.0,1.6619999999999995
2.188,3,10.61921,255,open,1.0,2.1879999999999993
2.105,3,10.620117,275,open,1.0,2.1049999999999995
-3.735,3,10.621058,195,closed,0.0,-3.7350000000000003
2.202,3,10.621953,275,closed,0.0,2.201999999999999
2.368,3,10.62292,275,open,1.0,2.3679999999999994
2.202,3,10.623842,275,closed,0.0,2.201999999999999
-3.685,3,10.624737,195,closed,0.0,-3.6850000000000005
0.143,3,10.625668,275,closed,0.0,0.14299999999999935
-3.735,3,10.626559,195,closed,0.0,-3.7350000000000003
2.451,3,10.627496,195,open,1.0,2.4509999999999996
2.368,3,10.628414,275,open,1.0,2.3679999999999994
2.188,3,10.629308,255,open,1.0,2.1879999999999993
2.188,3,10.630268,255,open,1.0,2.1879999999999993
1.662,3,10.631186,255,closed,0.0,1.6619999999999995
1.662,3,10.632081,255,closed,0.0,1.6619999999999995
1.662,3,10.633022,255,closed,0.0,1.6619999999999995
2.188,3,10.633969,255,open,1.0,2.1879999999999993
2.451,3,10.634872,195,open,1.0,2.4509999999999996
1.662,3,10.635765,255,closed,0.0,1.6619999999999995
2.188,3,10.636718,255,open,1.0,2.1879999999999993
-3.735,3,10.637609,195,closed,0.0,-3.7350000000000003
2.202,3,10.638552,275,closed,0.0,2.201999999999999
2.202,3,10.639473,275,closed,0.0,2.201999999999999
1.925,3,10.640375,255,open,1.0,1.9249999999999994
2.368,3,10.641297,275,open,1.0,2.3679999999999994
-3.685,3,10.642211,195,closed,0.0,-3.6850000000000005
2.202,3,10.643183,275,closed,0.0,2.201999999999999
2.368,3,10.644105,275,open,1.0,2.3679999999999994
2.451,3,10.644992,195,open,1.0,2.4509999999999996
2.188,3,10.645947,255,open,1.0,2.1879999999999993
1.662,3,10.646894,255,closed,0.0,1.6619999999999995
-3.885,3,10.647779,195,closed,0.0,-3.8850000000000002
2.202,3,10.64871,275,closed,0.0,2.201999999999999
2.188,3,10.649662,255,open,1.0,2.1879999999999993
2.202,3,10.65057,275,closed,0.0,2.201999999999999
2.202,3,10.651482,275,closed,0.0,2.201999999999999
-3.635,3,10.652375,195,closed,0.0,-3.6350000000000007
2.451,3,10.653276,195,open,1.0,2.4509999999999996
2.451,3,10.654178,195,open,1.0,2.4509999999999996
2.188,3,10.655072,255,open,1.0,2.1879999999999993
0.439,3,10.655976,195,open,1.0,0.4389999999999996
2.202,3,10.656881,275,closed,0.0,2.201999999999999
1.662,3,10.657748,255,closed,0.0,1.6619999999999995
2.451,3,10.658693,195,open,1.0,2.4509999999999996
2.451,3,10.659614,195,open,1.0,2.4509999999999996
2.202,3,10.660531,275,closed,0.0,2.201999999999999
2.368,3,10.66147,275,open,1.0,2.3679999999999994
1.662,3,10.662361,255,closed,0.0,1.6619999999999995
2.285,3,10.66331,275,open,1.0,2.2849999999999993
1.662,3,10.664203,255,closed,0.0,1.6619999999999995
2.451,3,10.665149,195,open,1.0,2.4509999999999996
2.202,3,10.666068,275,closed,0.0,2.201999999999999
1.662,3,10.666955,255,closed,0.0,1.6619999999999995
2.188,3,10.667906,255,open,1.0,2.1879999999999993
1.662,3,10.668831,255,closed,0.0,1.6619999999999995
-3.685,3,10.669718,195,closed,0.0,-3.6850000000000005
1.662,3,10.670678,255,closed,0.0,1.6619999999999995
2.202,3,10.671589,275,closed,0.0,2.201999999999999
-3.635,3,10.672497,195,closed,0.0,-3.6350000000000002
1.662,3,10.673456,255,closed,0.0,1.6619999999999995
-3.885,3,10.674353,195,closed,0.0,-3.8850000000000002
2.368,3,10.67531,275,open,1.0,2.3679999999999994
2.368,3,10.676234,275,open,1.0,2.3679999999999994
-3.735,3,10.677203,195,closed,0.0,-3.7350000000000003
2.202,3,10.678131,275,closed,0.0,2.201999999999999
2.285,3,10.679028,275,open,1.0,2.2849999999999993
-3.735,3,10.679929,195,closed,0.0,-3.7350000000000003
2.202,3,10.680827,275,closed,0.0,2.201999999999999
2.188,3,10.681705,255,open,1.0,2.1879999999999993
2.451,3,10.682658,195,open,1.0,2.4509999999999996
2.451,3,10.683569,195,open,1.0,2.4509999999999996
2.368,3,10.684473,275,open,1.0,2.3679999999999994
2.202,3,10.685379,275,closed,0.0,2.201999999999999
2.451,3,10.686258,195,open,1.0,2.4509999999999996
2.202,3,10.68721,275,closed,0.0,2.201999999999999
2.188,3,10.688105,275,open,1.0,2.1879999999999993
2.202,3,10.689066,275,closed,0.0,2.201999999999999
-3.735,3,10.689965,195,closed,0.0,-3.7350000000000003
-3.735,3,10.690897,195,closed,0.0,-3.7350000000000003
-3.635,3,10.691788,195,closed,0.0,-3.6350000000000002
1.662,3,10.819899,255,closed,0.0,1.6619999999999995
2.451,3,10.821178,195,open,1.0,2.4509999999999996
-3.685,3,10.822334,195,closed,0.0,-3.6850000000000005
2.202,3,10.823541,275,closed,0.0,2.201999999999999
2.188,3,10.824681,255,open,1.0,2.1879999999999993
2.188,3,10.825871,255,open,1.0,2.1879999999999993
1.662,3,10.82704,255,closed,0.0,1.6619999999999995
2.451,3,10.828126,195,open,1.0,2.4509999999999996
2.188,3,10.829277,255,open,1.0,2.1879999999999993
2.202,3,10.830384,275,closed,0.0,2.201999999999999
-3.685,3,10.831514,195,closed,0.0,-3.6850000000000005
1.662,3,10.832597,255,closed,0.0,1.6619999999999995
2.202,3,10.83363,275,closed,0.0,2.201999999999999
-3.735,3,10.834583,195,closed,0.0,-3.7350000000000003
2.451,3,10.835473,195,open,1.0,2.4509999999999996
-3.835,3,10.836424,195,closed,0.0,-3.835
2.202,3,10.837333,275,closed,0.0,2.201999999999999
2.188,3,10.838258,255,open,1.0,2.1879999999999993
1.662,3,10.839199,255,closed,0.0,1.6619999999999995
2.188,3,10.840129,255,open,1.0,2.1879999999999993
2.368,3,10.841,275,open,1.0,2.3679999999999994
2.451,3,10.841932,195,open,1.0,2.4509999999999996
1.662,3,10.842802,255,closed,0.0,1.6619999999999995
2.368,3,10.843757,275,open,1.0,2.3679999999999994
2.451,3,10.84466,195,open,1.0,2.4509999999999996
2.451,3,10.845548,195,open,1.0,2.4509999999999996
2.451,3,10.846449,195,open,1.0,2.4509999999999996
2.451,3,10.847357,195,open,1.0,2.4509999999999996
-3.735,3,10.848236,195,closed,0.0,-3.7350000000000003
2.202,3,10.849173,275,closed,0.0,2.201999999999999
2.022,3,10.850076,275,closed,0.0,2.0219999999999994
-3.735,3,10.850943,195,closed,0.0,-3.7350000000000003
2.368,3,10.85188,275,open,1.0,2.3679999999999994
2.188,3,10.852762,255,open,1.0,2.1879999999999993
2.451,3,10.853652,195,open,1.0,2.4509999999999996
1.662,3,10.854571,255,closed,0.0,1.6619999999999995
2.451,3,10.855438,195,open,1.0,2.4509999999999996
2.451,3,10.85637,195,open,1.0,2.4509999999999996
2.202,3,10.857237,275,closed,0.0,2.201999999999999
1.662,3,10.858161,255,closed,0.0,1.6619999999999995
2.451,3,10.859032,195,open,1.0,2.4509999999999996
2.202,3,10.859944,275,closed,0.0,2.201999999999999
1.662,3,10.860833,255,closed,0.0,1.6619999999999995
2.451,3,10.861704,195,open,1.0,2.4509999999999996
1.925,3,10.86264,255,open,1.0,1.9249999999999994
2.188,3,10.863533,255,open,1.0,2.1879999999999993
2.285,3,10.864415,275,open,1.0,2.2849999999999993
2.451,3,10.865326,195,open,1.0,2.4509999999999996
2.451,3,10.866198,195,open,1.0,2.4509999999999996
2.188,3,10.867127,255,open,1.0,2.1879999999999993
2.285,3,10.868015,275,open,1.0,2.2849999999999993
2.188,3,10.868891,255,open,1.0,2.1879999999999993
2.368,3,10.869766,275,open,1.0,2.3679999999999994
1.662,3,10.870634,255,closed,0.0,1.6619999999999995
2.368,3,10.871533,275,open,1.0,2.3679999999999994
2.202,3,10.87241,275,closed,0.0,2.201999999999999
1.662,3,10.873296,255,closed,0.0,1.6619999999999995
-3.735,3,10.87416,195,closed,0.0,-3.7350000000000003
1.662,3,10.875094,255,closed,0.0,1.6619999999999995
-3.735,3,10.876019,195,closed,0.0,-3.7350000000000003
2.188,3,10.876893,255,open,1.0,2.1879999999999993
2.368,3,10.877784,275,open,1.0,2.3679999999999994
1.662,3,10.878719,255,closed,0.0,1.6619999999999995
1.662,3,10.879624,255,closed,0.0,1.6619999999999995
2.202,3,10.880516,275,closed,0.0,2.201999999999999
2.188,3,10.881397,255,open,1.0,2.1879999999999993
2.188,3,10.882313,255,open,1.0,2.1879999999999993
2.285,3,10.883235,275,open,1.0,2.2849999999999993
2.188,3,10.884099,255,open,1.0,2.1879999999999993
1.662,3,10.884996,255,closed,0.0,1.6619999999999995
1.925,3,10.885867,255,open,1.0,1.9249999999999994
1.662,3,10.886721,255,closed,0.0,1.6619999999999995
2.202,3,10.887655,275,closed,0.0,2.201999999999999
2.202,3,10.888532,275,closed,0.0,2.201999999999999
2.202,3,10.889408,275,closed,0.0,2.201999999999999
2.368,3,10.890305,275,open,1.0,2.3679999999999994
2.202,3,10.891183,275,closed,0.0,2.201999999999999
1.662,3,10.892093,255,closed,0.0,1.6619999999999995
2.451,3,10.892956,195,open,1.0,2.4509999999999996
2.451,3,10.893876,195,open,1.0,2.4509999999999996
2.202,3,10.894739,275,closed,0.0,2.201999999999999
-3.735,3,10.89566,195,closed,0.0,-3.7350000000000003
2.451,3,10.89654,195,open,1.0,2.4509999999999996
2.451,3,10.897414,195,open,1.0,2.4509999999999996
1.662,3,10.898346,255,closed,0.0,1.6619999999999995
2.451,3,10.899217,195,open,1.0,2.4509999999999996
-3.735,3,10.900096,195,closed,0.0,-3.7350000000000003
2.285,3,10.900975,275,open,1.0,2.2849999999999993
2.451,3,10.901833,195,open,1.0,2.4509999999999996
-3.685,3,10.902754,195,closed,0.0,-3.6850000000000005
2.451,3,10.903684,195,open,1.0,2.4509999999999996
2.368,3,10.904566,275,open,1.0,2.3679999999999994
2.451,3,10.905448,275,open,1.0,2.4509999999999996
2.188,3,10.90632,255,open,1.0,2.1879999999999993
2.188,3,10.907212,255,open,1.0,2.1879999999999993
-0.197,3,10.908131,255,closed,0.0,-0.1970000000000005
2.368,3,10.909018,275,open,1.0,2.3679999999999994
2.188,3,10.909887,255,open,1.0,2.1879999999999993
2.451,3,10.91077,195,open,1.0,2.4509999999999996
2.451,3,10.91165,195,open,1.0,2.4509999999999996
2.451,3,10.912511,195,open,1.0,2.4509999999999996
-3.735,3,10.913417,195,closed,0.0,-3.7350000000000003
2.202,3,10.91431,275,closed,0.0,2.201999999999999
2.285,3,10.915171,275,open,1.0,2.2849999999999993
1.662,3,10.916093,255,closed,0.0,1.6619999999999995
2.285,3,10.91696,275,open,1.0,2.2849999999999993
2.451,3,10.917833,195,open,1.0,2.4509999999999996
2.202,3,10.918708,275,closed,0.0,2.201999999999999
-3.685,3,10.919576,195,closed,0.0,-3.6850000000000005
1.662,3,10.920493,255,closed,0.0,1.6619999999999995
2.451,3,10.921373,195,open,1.0,2.4509999999999996
2.188,3,10.922239,255,open,1.0,2.1879999999999993
2.368,3,10.923159,275,open,1.0,2.3679999999999994
2.368,3,10.924025,275,open,1.0,2.3679999999999994
2.202,3,10.924943,275,closed,0.0,2.201999999999999
2.451,3,10.925834,195,open,1.0,2.4509999999999996
-3.735,3,10.926696,195,closed,0.0,-3.7350000000000003
-3.735,3,10.927619,195,closed,0.0,-3.7350000000000003
2.368,3,10.928499,275,open,1.0,2.3679999999999994
1.662,3,10.929368,255,closed,0.0,1.6619999999999995
-3.735,3,10.930267,195,closed,0.0,-3.7350000000000003
1.925,3,10.931162,255,open,1.0,1.9249999999999994
1.662,3,10.932099,255,closed,0.0,1.6619999999999995
1.662,3,10.932965,255,closed,0.0,1.6619999999999995
2.202,3,10.933867,275,closed,0.0,2.201999999999999
-3.735,3,10.934727,195,closed,0.0,-3.7350000000000003
-3.735,3,10.935597,195,closed,0.0,-3.7350000000000003
2.202,3,10.936521,275,closed,0.0,2.201999999999999
2.451,3,10.937413,195,open,1.0,2.4509999999999996
-3.685,3,10.938285,195,closed,0.0,-3.6850000000000005
2.202,3,10.939213,275,closed,0.0,2.201999999999999
1.662,3,10.940083,255,closed,0.0,1.6619999999999995
1.662,3,10.940969,255,closed,0.0,1.6619999999999995
0.239,3,10.94188,195,open,1.0,0.23899999999999966
-3.685,3,10.942794,195,closed,0.0,-3.6850000000000005
2.451,3,10.943718,195,open,1.0,2.4509999999999996
0.143,3,10.944587,275,closed,0.0,0.14299999999999935
2.188,3,10.945477,255,open,1.0,2.1879999999999993
2.451,3,10.946403,195,open,1.0,2.4509999999999996
-3.735,3,10.947278,195,closed,0.0,-3.7350000000000003
2.451,3,10.948176,195,open,1.0,2.4509999999999996
2.202,3,10.949056,275,closed,0.0,2.201999999999999
1.925,3,10.949928,255,open,1.0,1.9249999999999994
-3.735,3,10.950837,195,closed,0.0,-3.7350000000000003
2.368,3,10.951698,275,open,1.0,2.3679999999999994
1.662,3,10.952626,255,closed,0.0,1.6619999999999995
2.202,3,10.953528,275,open,1.0,2.201999999999999
2.285,3,10.954391,275,open,1.0,2.2849999999999993
-3.735,3,10.955312,195,closed,0.0,-3.7350000000000003
2.451,3,10.956178,195,open,1.0,2.4509999999999996
1.925,3,10.957059,255,open,1.0,1.9249999999999994
1.662,3,10.957954,255,closed,0.0,1.6619999999999995
2.202,3,10.958824,275,closed,0.0,2.201999999999999
-3.735,3,10.959686,195,closed,0.0,-3.7350000000000003
2.285,3,10.960612,275,open,1.0,2.2849999999999993
2.285,3,10.961478,275,open,1.0,2.2849999999999993
-3.735,3,10.962407,195,closed,0.0,-3.7350000000000003
2.451,3,10.963267,195,open,1.0,2.4509999999999996
1.662,3,10.964152,255,closed,0.0,1.6619999999999995
1.662,3,10.96503,255,closed,0.0,1.6619999999999995
2.188,3,10.965883,255,open,1.0,2.1879999999999993
-3.635,3,10.966776,195,closed,0.0,-3.6350000000000007
2.202,3,10.967667,275,closed,0.0,2.201999999999999
1.662,3,10.968536,255,closed,0.0,1.6619999999999995
2.451,3,10.969422,195,open,1.0,2.4509999999999996
1.662,3,10.970291,255,closed,0.0,1.6619999999999995
-3.635,3,10.97121,195,closed,0.0,-3.6350000000000007
2.202,3,10.972094,275,closed,0.0,2.201999999999999
1.662,3,10.972967,255,closed,0.0,1.6619999999999995
1.662,3,10.973836,255,closed,0.0,1.6619999999999995
1.662,3,10.974693,255,closed,0.0,1.6619999999999995
-3.685,3,11.154481,195,closed,0.0,-3.6850000000000005
2.022,3,11.156173,275,closed,0.0,2.0219999999999994
-3.685,3,11.157757,195,closed,0.0,-3.6850000000000005
2.188,3,11.15934,255,open,1.0,2.1879999999999993
2.188,3,11.16092,275,open,1.0,2.1879999999999993
2.368,3,11.162474,275,open,1.0,2.3679999999999994
2.451,3,11.164026,195,open,1.0,2.4509999999999996
2.188,3,11.165568,275,open,1.0,2.1879999999999993
2.368,3,11.167123,275,open,1.0,2.3679999999999994
2.188,3,11.16866,255,open,1.0,2.1879999999999993
2.202,3,11.170202,275,closed,0.0,2.201999999999999
-3.735,3,11.171736,195,closed,0.0,-3.7350000000000003
2.188,3,11.17328,255,open,1.0,2.1879999999999993
2.188,3,11.174805,255,open,1.0,2.1879999999999993
2.188,3,11.176339,255,open,1.0,2.1879999999999993
2.188,3,11.178097,255,open,1.0,2.1879999999999993
1.662,3,11.180283,255,closed,0.0,1.6619999999999995
1.925,3,11.181896,255,open,1.0,1.9249999999999994
2.368,3,11.183446,275,open,1.0,2.3679999999999994
1.662,3,11.184749,255,closed,0.0,1.6619999999999995
1.662,3,11.186273,255,closed,0.0,1.6619999999999995
2.188,3,11.187721,255,open,1.0,2.1879999999999993
2.202,3,11.188942,275,closed,0.0,2.201999999999999
1.842,3,11.190176,275,closed,0.0,1.8419999999999994
2.368,3,11.19129,275,open,1.0,2.3679999999999994
2.202,3,11.192384,275,closed,0.0,2.201999999999999
2.188,3,11.193484,255,open,1.0,2.1879999999999993
2.202,3,11.194517,275,closed,0.0,2.201999999999999
2.202,3,11.195533,275,closed,0.0,2.201999999999999
2.451,3,11.196544,195,open,1.0,2.4509999999999996
2.451,3,11.197502,195,open,1.0,2.4509999999999996
2.451,3,11.19848,195,open,1.0,2.4509999999999996
2.368,3,11.199466,275,open,1.0,2.3679999999999994
2.368,3,11.200408,275,open,1.0,2.3679999999999994
2.022,3,11.201414,275,closed,0.0,2.0219999999999994
2.451,3,11.202351,195,open,1.0,2.4509999999999996
2.451,3,11.203296,195,open,1.0,2.4509999999999996
2.202,3,11.204226,275,closed,0.0,2.201999999999999
1.662,3,11.205141,255,closed,0.0,1.6619999999999995
2.451,3,11.206136,195,open,1.0,2.4509999999999996
-3.735,3,11.207072,195,closed,0.0,-3.7350000000000003
2.188,3,11.208007,255,open,1.0,2.1879999999999993
2.188,3,11.208952,255,open,1.0,2.1879999999999993
2.451,3,11.209844,195,open,1.0,2.4509999999999996
2.188,3,11.210799,255,open,1.0,2.1879999999999993
2.202,3,11.211709,275,closed,0.0,2.201999999999999
2.188,3,11.212657,255,open,1.0,2.1879999999999993
-3.685,3,11.213582,195,closed,0.0,-3.6850000000000005
2.368,3,11.214569,275,open,1.0,2.3679999999999994
2.451,3,11.21548,195,open,1.0,2.4509999999999996
1.662,3,11.216415,255,closed,0.0,1.6619999999999995
2.188,3,11.217377,255,open,1.0,2.1879999999999993
2.451,3,11.218291,195,open,1.0,2.4509999999999996
1.662,3,11.219205,255,closed,0.0,1.6619999999999995
-3.735,3,11.220166,195,closed,0.0,-3.7350000000000003
2.451,3,11.221084,195,open,1.0,2.4509999999999996
-3.735,3,11.222002,195,closed,0.0,-3.7350000000000003
2.368,3,11.222959,275,open,1.0,2.3679999999999994
-3.735,3,11.223845,195,closed,0.0,-3.7350000000000003
1.662,3,11.224759,255,closed,0.0,1.6619999999999995
1.662,3,11.225656,255,closed,0.0,1.6619999999999995
2.368,3,11.226559,275,open,1.0,2.3679999999999994
-3.635,3,11.227436,195,closed,0.0,-3.6350000000000007
2.202,3,11.228372,275,closed,0.0,2.201999999999999
2.202,3,11.22925,275,closed,0.0,2.201999999999999
2.022,3,11.23018,275,closed,0.0,2.0219999999999994
2.368,3,11.231062,275,open,1.0,2.3679999999999994
-3.685,3,11.231947,195,closed,0.0,-3.6850000000000005
2.451,3,11.232837,195,open,1.0,2.4509999999999996
-3.685,3,11.233719,195,closed,0.0,-3.6850000000000005
2.188,3,11.234625,255,open,1.0,2.1879999999999993
2.202,3,11.235502,275,closed,0.0,2.201999999999999
0.439,3,11.236442,195,open,1.0,0.4389999999999996
1.662,3,11.237336,255,closed,0.0,1.6619999999999995
2.368,3,11.238225,275,open,1.0,2.3679999999999994
1.925,3,11.239129,255,open,1.0,1.9249999999999994
-3.685,3,11.240037,195,closed,0.0,-3.6850000000000005
2.202,3,11.240905,275,closed,0.0,2.201999999999999
2.451,3,11.241838,195,open,1.0,2.4509999999999996
1.662,3,11.242719,255,closed,0.0,1.6619999999999995
2.285,3,11.243613,275,open,1.0,2.2849999999999993
2.451,3,11.244558,195,open,1.0,2.4509999999999996
-3.735,3,11.245435,195,closed,0.0,-3.7350000000000003
1.662,3,11.246349,255,closed,0.0,1.6619999999999995
2.451,3,11.247249,195,open,1.0,2.4509999999999996
1.662,3,11.248127,255,closed,0.0,1.6619999999999995
-3.885,3,11.249017,195,closed,0.0,-3.8850000000000002
2.285,3,11.249954,275,open,1.0,2.2849999999999993
2.451,3,11.250847,195,open,1.0,2.4509999999999996
1.662,3,11.251726,255,closed,0.0,1.6619999999999995
2.188,3,11.252637,255,open,1.0,2.1879999999999993
2.451,3,11.253538,195,open,1.0,2.4509999999999996
2.188,3,11.254414,255,open,1.0,2.1879999999999993
2.188,3,11.255354,255,open,1.0,2.1879999999999993
1.662,3,11.256252,255,closed,0.0,1.6619999999999995
-3.735,3,11.257138,195,closed,0.0,-3.7350000000000003
1.925,3,11.258061,255,open,1.0,1.9249999999999994
-3.685,3,11.258951,195,closed,0.0,-3.6850000000000005
1.662,3,11.259838,255,closed,0.0,1.6619999999999995
-3.685,3,11.26077,195,closed,0.0,-3.6850000000000005
2.202,3,11.261674,275,closed,0.0,2.201999999999999
2.188,3,11.262559,255,open,1.0,2.1879999999999993
2.451,3,11.263501,195,open,1.0,2.4509999999999996
2.188,3,11.264414,255,open,1.0,2.1879999999999993
2.202,3,11.265322,275,closed,0.0,2.201999999999999
-3.735,3,11.266207,195,closed,0.0,-3.7350000000000003
2.451,3,11.267121,195,open,1.0,2.4509999999999996
1.662,3,11.268067,255,closed,0.0,1.6619999999999995
2.368,3,11.268955,275,open,1.0,2.3679999999999994
2.451,3,11.269848,195,open,1.0,2.4509999999999996
2.368,3,11.270759,275,open,1.0,2.3679999999999994
2.451,3,11.271631,195,open,1.0,2.4509999999999996
2.202,3,11.272578,275,closed,0.0,2.201999999999999
2.202,3,11.273467,275,closed,0.0,2.201999999999999
1.662,3,11.27439,255,closed,0.0,1.6619999999999995
-3.735,3,11.27528,195,closed,0.0,-3.7350000000000003
2.202,3,11.276163,275,closed,0.0,2.201999999999999
-3.735,3,11.277098,195,closed,0.0,-3.7350000000000003
-3.735,3,11.277999,195,closed,0.0,-3.7350000000000003
2.451,3,11.278883,195,open,1.0,2.4509999999999996
2.202,3,11.279827,275,closed,0.0,2.201999999999999
2.368,3,11.280718,275,open,1.0,2.3679999999999994
0.143,3,11.281607,275,closed,0.0,0.14299999999999935
2.188,3,11.282503,255,open,1.0,2.1879999999999993
2.188,3,11.283439,255,open,1.0,2.1879999999999993
2.285,3,11.28433,275,open,1.0,2.2849999999999993
-3.785,3,11.285232,195,closed,0.0,-3.785
2.202,3,11.286148,275,closed,0.0,2.201999999999999
2.368,3,11.287038,275,open,1.0,2.3679999999999994
2.451,3,11.287923,195,open,1.0,2.4509999999999996
2.188,3,11.288857,255,open,1.0,2.1879999999999993
2.451,3,11.289769,275,open,1.0,2.4509999999999996
2.202,3,11.290661,275,closed,0.0,2.201999999999999
1.662,3,11.291599,255,closed,0.0,1.6619999999999995
-3.735,3,11.292488,195,closed,0.0,-3.7350000000000003
2.285,3,11.293398,275,open,1.0,2.2849999999999993
2.451,3,11.294312,195,open,1.0,2.4509999999999996
2.202,3,11.295202,275,closed,0.0,2.201999999999999
2.451,3,11.296084,195,open,1.0,2.4509999999999996
1.662,3,11.297013,255,closed,0.0,1.6619999999999995
2.368,3,11.297915,275,open,1.0,2.3679999999999994
2.451,3,11.298779,195,open,1.0,2.4509999999999996
1.662,3,11.299684,255,closed,0.0,1.6619999999999995
-3.685,3,11.30059,195,closed,0.0,-3.6850000000000005
1.662,3,11.301465,255,closed,0.0,1.6619999999999995
2.451,3,11.302405,195,open,1.0,2.4509999999999996
2.285,3,11.303303,275,open,1.0,2.2849999999999993
2.285,3,11.304215,275,open,1.0,2.2849999999999993
1.662,3,11.305097,255,closed,0.0,1.6619999999999995
2.188,3,11.306049,255,open,1.0,2.1879999999999993
2.451,3,11.306921,195,open,1.0,2.4509999999999996
2.188,3,11.307824,255,open,1.0,2.1879999999999993
2.368,3,11.308688,275,open,1.0,2.3679999999999994
1.662,3,11.309569,255,closed,0.0,1.6619999999999995
2.451,3,11.310505,195,open,1.0,2.4509999999999996
2.368,3,11.311405,275,open,1.0,2.3679999999999994
-3.685,3,11.312294,195,closed,0.0,-3.6850000000000005
2.285,3,11.313224,275,open,1.0,2.2849999999999993
2.368,3,11.314128,275,open,1.0,2.3679999999999994
2.451,3,11.315017,195,open,1.0,2.4509999999999996
2.188,3,11.31596,255,open,1.0,2.1879999999999993
1.662,3,11.316834,255,closed,0.0,1.6619999999999995
2.188,3,11.317749,255,open,1.0,2.1879999999999993
2.188,3,11.31865,255,open,1.0,2.1879999999999993
-3.685,3,11.319527,195,closed,0.0,-3.6850000000000005
2.368,3,11.32046,275,open,1.0,2.3679999999999994
2.202,3,11.321341,275,closed,0.0,2.201999999999999
-3.735,3,11.322279,195,closed,0.0,-3.7350000000000003
2.188,3,11.323193,255,open,1.0,2.1879999999999993
2.451,3,11.324069,195,open,1.0,2.4509999999999996
2.188,3,11.461978,255,open,1.0,2.1879999999999993
2.368,3,11.463727,275,open,1.0,2.3679999999999994
-3.685,3,11.465339,195,closed,0.0,-3.6850000000000005
-3.735,3,11.466915,195,closed,0.0,-3.7350000000000003
-3.735,3,11.468476,195,closed,0.0,-3.7350000000000003
2.368,3,11.47005,275,open,1.0,2.3679999999999994
2.202,3,11.471609,275,closed,0.0,2.201999999999999
-3.735,3,11.473168,195,closed,0.0,-3.7350000000000003
2.188,3,11.47471,255,open,1.0,2.1879999999999993
2.202,3,11.476255,275,closed,0.0,2.201999999999999
2.451,3,11.477798,195,open,1.0,2.4509999999999996
1.662,3,11.479342,255,closed,0.0,1.6619999999999995
2.285,3,11.480878,275,open,1.0,2.2849999999999993
2.188,3,11.48241,255,open,1.0,2.1879999999999993
2.368,3,11.483945,275,open,1.0,2.3679999999999994
1.662,3,11.485476,255,closed,0.0,1.6619999999999995
2.451,3,11.487304,195,open,1.0,2.4509999999999996
2.202,3,11.489423,275,closed,0.0,2.201999999999999
1.662,3,11.491194,255,closed,0.0,1.6619999999999995
2.368,3,11.49279,275,open,1.0,2.3679999999999994
2.368,3,11.494193,275,open,1.0,2.3679999999999994
2.022,3,11.495758,275,closed,0.0,2.0219999999999994
2.285,3,11.496834,275,open,1.0,2.2849999999999993
2.285,3,11.49786,275,open,1.0,2.2849999999999993
2.188,3,11.49884,255,open,1.0,2.1879999999999993
-3.735,3,11.499851,195,closed,0.0,-3.7350000000000003
2.451,3,11.500803,195,open,1.0,2.4509999999999996
2.368,3,11.501751,275,open,1.0,2.3679999999999994
2.368,3,11.502744,275,open,1.0,2.3679999999999994
2.368,3,11.503664,275,open,1.0,2.3679999999999994
1.662,3,11.504595,255,closed,0.0,1.6619999999999995
2.188,3,11.505533,255,open,1.0,2.1879999999999993
1.662,3,11.506432,255,closed,0.0,1.6619999999999995
2.202,3,11.507382,275,closed,0.0,2.201999999999999
2.451,3,11.50828,195,open,1.0,2.4509999999999996
2.451,3,11.509219,195,open,1.0,2.4509999999999996
2.368,3,11.510123,275,open,1.0,2.3679999999999994
1.662,3,11.511013,255,closed,0.0,1.6619999999999995
2.451,3,11.511931,195,open,1.0,2.4509999999999996
2.368,3,11.51283,275,open,1.0,2.3679999999999994
0.143,3,11.513719,275,closed,0.0,0.14299999999999935
2.188,3,11.514643,255,open,1.0,2.1879999999999993
2.368,3,11.515595,275,open,1.0,2.3679999999999994
1.662,3,11.516492,255,closed,0.0,1.6619999999999995
2.368,3,11.51741,275,open,1.0,2.3679999999999994
2.188,3,11.518313,255,open,1.0,2.1879999999999993
-3.735,3,11.51921,195,closed,0.0,-3.7350000000000003
1.662,3,11.520165,255,closed,0.0,1.6619999999999995
2.451,3,11.521055,195,open,1.0,2.4509999999999996
1.662,3,11.521981,255,closed,0.0,1.6619999999999995
2.202,3,11.522891,275,closed,0.0,2.201999999999999
2.451,3,11.523772,195,open,1.0,2.4509999999999996
1.662,3,11.524693,255,closed,0.0,1.6619999999999995
-3.685,3,11.52562,195,closed,0.0,-3.6850000000000005
2.451,3,11.526487,195,open,1.0,2.4509999999999996
2.285,3,11.527424,275,open,1.0,2.2849999999999993
2.368,3,11.528316,275,open,1.0,2.3679999999999994
2.368,3,11.529194,275,open,1.0,2.3679999999999994
-3.735,3,11.530112,195,closed,0.0,-3.7350000000000003
2.202,3,11.530988,275,closed,0.0,2.201999999999999
1.662,3,11.531867,255,closed,0.0,1.6619999999999995
2.451,3,11.532758,195,open,1.0,2.4509999999999996
2.202,3,11.533641,275,closed,0.0,2.201999999999999
2.188,3,11.534511,255,open,1.0,2.1879999999999993
1.662,3,11.535446,255,closed,0.0,1.6619999999999995
2.188,3,11.536329,255,open,1.0,2.1879999999999993
1.662,3,11.537207,255,closed,0.0,1.6619999999999995
1.662,3,11.538076,255,closed,0.0,1.6619999999999995
2.188,3,11.538944,255,open,1.0,2.1879999999999993
2.451,3,11.539859,195,open,1.0,2.4509999999999996
2.188,3,11.540742,255,open,1.0,2.1879999999999993
2.285,3,11.541611,275,open,1.0,2.2849999999999993
1.662,3,11.542507,255,closed,0.0,1.6619999999999995
2.368,3,11.54337,275,open,1.0,2.3679999999999994
2.368,3,11.544274,275,open,1.0,2.3679999999999994
-3.885,3,11.545164,195,closed,0.0,-3.8850000000000002
1.662,3,11.546036,255,closed,0.0,1.6619999999999995
2.188,3,11.546962,255,open,1.0,2.1879999999999993
2.202,3,11.547829,275,closed,0.0,2.201999999999999
2.188,3,11.54875,255,open,1.0,2.1879999999999993
2.285,3,11.549626,275,open,1.0,2.2849999999999993
-3.635,3,11.550538,195,closed,0.0,-3.6350000000000007
1.662,3,11.551437,255,closed,0.0,1.6619999999999995
2.188,3,11.552309,255,open,1.0,2.1879999999999993
2.188,3,11.553184,255,open,1.0,2.1879999999999993
2.451,3,11.554082,195,open,1.0,2.4509999999999996
1.662,3,11.55494,255,closed,0.0,1.6619999999999995
-3.735,3,11.555886,195,closed,0.0,-3.7350000000000003
-3.735,3,11.556782,195,closed,0.0,-3.7350000000000003
2.188,3,11.557647,255,open,1.0,2.1879999999999993
2.368,3,11.558579,275,open,1.0,2.3679999999999994
2.202,3,11.559454,275,closed,0.0,2.201999999999999
1.662,3,11.560346,255,closed,0.0,1.6619999999999995
2.202,3,11.561213,275,closed,0.0,2.201999999999999
-3.685,3,11.562082,195,closed,0.0,-3.6850000000000005
2.188,3,11.56298,255,open,1.0,2.1879999999999993
1.662,3,11.563831,255,closed,0.0,1.6619999999999995
2.202,3,11.564749,275,closed,0.0,2.201999999999999
1.662,3,11.565622,255,closed,0.0,1.6619999999999995
2.188,3,11.566533,255,open,1.0,2.1879999999999993
1.662,3,11.567399,255,closed,0.0,1.6619999999999995
2.202,3,11.568306,275,closed,0.0,2.201999999999999
2.188,3,11.569193,255,open,1.0,2.1879999999999993
1.662,3,11.570071,255,closed,0.0,1.6619999999999995
2.368,3,11.570964,275,open,1.0,2.3679999999999994
-3.685,3,11.57184,195,closed,0.0,-3.6850000000000005
2.368,3,11.572706,275,open,1.0,2.3679999999999994
1.662,3,11.573641,255,closed,0.0,1.6619999999999995
2.451,3,11.574504,195,open,1.0,2.4509999999999996
2.202,3,11.575426,275,closed,0.0,2.201999999999999
2.368,3,11.576297,275,open,1.0,2.3679999999999994
2.188,3,11.577216,255,open,1.0,2.1879999999999993
2.451,3,11.578122,195,open,1.0,2.4509999999999996
-3.735,3,11.578987,195,closed,0.0,-3.7350000000000003
2.202,3,11.579897,275,closed,0.0,2.201999999999999
1.662,3,11.580789,255,closed,0.0,1.6619999999999995
2.368,3,11.581688,275,open,1.0,2.3679999999999994
2.285,3,11.582565,275,open,1.0,2.2849999999999993
-3.685,3,11.583492,195,closed,0.0,-3.6850000000000005
2.188,3,11.58439,255,open,1.0,2.1879999999999993
2.188,3,11.585267,255,open,1.0,2.1879999999999993
2.451,3,11.586143,195,open,1.0,2.4509999999999996
2.368,3,11.587024,275,open,1.0,2.3679999999999994
-3.685,3,11.587887,195,closed,0.0,-3.6850000000000005
-3.735,3,11.588787,195,closed,0.0,-3.7350000000000003
2.451,3,11.589711,195,open,1.0,2.4509999999999996
2.451,3,11.590598,195,open,1.0,2.4509999999999996
2.202,3,11.591468,275,closed,0.0,2.201999999999999
1.662,3,11.5924,255,closed,0.0,1.6619999999999995
2.202,3,11.593273,275,closed,0.0,2.201999999999999
2.202,3,11.594182,275,closed,0.0,2.201999999999999
-3.885,3,11.595046,195,closed,0.0,-3.8850000000000002
2.285,3,11.595952,275,open,1.0,2.2849999999999993
-3.735,3,11.596873,195,closed,0.0,-3.7350000000000003
-3.685,3,11.597746,195,closed,0.0,-3.6850000000000005
2.188,3,11.598632,255,open,1.0,2.1879999999999993
2.202,3,11.599556,275,closed,0.0,2.201999999999999
-3.685,3,11.60042,195,closed,0.0,-3.6850000000000005
2.202,3,11.601325,275,closed,0.0,2.201999999999999
-3.735,3,11.602205,195,closed,0.0,-3.7350000000000003
2.368,3,11.603081,275,open,1.0,2.3679999999999994
-3.685,3,11.603958,195,closed,0.0,-3.6850000000000005
2.368,3,11.604879,275,open,1.0,2.3679999999999994
2.188,3,11.605786,255,open,1.0,2.1879999999999993
2.188,3,11.606658,255,open,1.0,2.1879999999999993
2.202,3,11.607572,275,closed,0.0,2.201999999999999
2.188,3,11.608463,255,open,1.0,2.1879999999999993
2.202,3,11.609319,275,closed,0.0,2.201999999999999
2.188,3,11.61024,255,open,1.0,2.1879999999999993
2.451,3,11.611133,195,open,1.0,2.4509999999999996
2.368,3,11.611999,275,open,1.0,2.3679999999999994
2.188,3,11.612918,255,open,1.0,2.1879999999999993
1.662,3,11.613776,255,closed,0.0,1.6619999999999995
2.368,3,11.614652,275,open,1.0,2.3679999999999994
2.202,3,11.615549,275,closed,0.0,2.201999999999999
1.662,3,11.61641,255,closed,0.0,1.6619999999999995
1.662,3,11.61732,255,closed,0.0,1.6619999999999995
1.662,3,11.618199,255,closed,0.0,1.6619999999999995
-3.635,3,11.619066,195,closed,0.0,-3.6350000000000007
1.662,3,11.619987,255,closed,0.0,1.6619999999999995
2.188,3,11.620858,255,open,1.0,2.1879999999999993
2.368,3,11.621751,275,open,1.0,2.3679999999999994
2.202,3,11.622666,275,closed,0.0,2.201999999999999
2.451,3,11.62353,195,open,1.0,2.4509999999999996
2.188,3,11.624428,255,open,1.0,2.1879999999999993
2.451,3,11.625281,195,open,1.0,2.4509999999999996
2.368,3,11.626175,275,open,1.0,2.3679999999999994
2.368,3,11.627059,275,open,1.0,2.3679999999999994
2.188,3,11.627929,255,open,1.0,2.1879999999999993
2.202,3,11.628852,275,closed,0.0,2.201999999999999
2.202,3,11.629728,275,closed,0.0,2.201999999999999
2.368,3,11.792347,275,open,1.0,2.3679999999999994
2.451,3,11.794067,195,open,1.0,2.4509999999999996
2.188,3,11.795688,255,open,1.0,2.1879999999999993
2.188,3,11.797294,255,open,1.0,2.1879999999999993
2.188,3,11.798889,255,open,1.0,2.1879999999999993
1.662,3,11.800474,255,closed,0.0,1.6619999999999995
2.368,3,11.802076,275,open,1.0,2.3679999999999994
1.662,3,11.803669,255,closed,0.0,1.6619999999999995
2.188,3,11.805259,255,open,1.0,2.1879999999999993
2.202,3,11.806805,275,closed,0.0,2.201999999999999
2.368,3,11.808343,275,open,1.0,2.3679999999999994
2.188,3,11.809885,255,open,1.0,2.1879999999999993
2.285,3,11.811418,275,open,1.0,2.2849999999999993
1.662,3,11.813119,255,closed,0.0,1.6619999999999995
2.368,3,11.814672,275,open,1.0,2.3679999999999994
2.451,3,11.815949,195,open,1.0,2.4509999999999996
2.188,3,11.817711,255,open,1.0,2.1879999999999993
2.188,3,11.819737,255,open,1.0,2.1879999999999993
1.662,3,11.821466,255,closed,0.0,1.6619999999999995
1.662,3,11.822957,255,closed,0.0,1.6619999999999995
2.202,3,11.824389,275,closed,0.0,2.201999999999999
2.202,3,11.82566,275,closed,0.0,2.201999999999999
2.451,3,11.826985,195,open,1.0,2.4509999999999996
2.202,3,11.828203,275,closed,0.0,2.201999999999999
2.451,3,11.829328,195,open,1.0,2.4509999999999996
2.368,3,11.830467,275,open,1.0,2.3679999999999994
1.662,3,11.831535,255,closed,0.0,1.6619999999999995
-3.685,3,11.832589,195,closed,0.0,-3.6850000000000005
2.202,3,11.833617,275,closed,0.0,2.201999999999999
2.188,3,11.834621,255,open,1.0,2.1879999999999993
2.202,3,11.835684,275,open,1.0,2.201999999999999
-3.685,3,11.836685,195,closed,0.0,-3.6850000000000005
2.202,3,11.837677,275,closed,0.0,2.201999999999999
2.368,3,11.838648,275,open,1.0,2.3679999999999994
2.202,3,11.839654,275,closed,0.0,2.201999999999999
2.285,3,11.840607,275,open,1.0,2.2849999999999993
-3.735,3,11.841553,195,closed,0.0,-3.7350000000000003
2.285,3,11.842564,275,open,1.0,2.2849999999999993
2.368,3,11.843529,275,open,1.0,2.3679999999999994
0.439,3,11.844489,195,open,1.0,0.4389999999999996
2.202,3,11.845497,275,closed,0.0,2.201999999999999
2.188,3,11.846423,255,open,1.0,2.1879999999999993
1.662,3,11.847396,255,closed,0.0,1.6619999999999995
2.188,3,11.848342,255,open,1.0,2.1879999999999993
2.202,3,11.849261,275,closed,0.0,2.201999999999999
2.451,3,11.850231,195,open,1.0,2.4509999999999996
2.202,3,11.851148,275,closed,0.0,2.201999999999999
1.662,3,11.852122,255,closed,0.0,1.6619999999999995
2.202,3,11.853042,275,closed,0.0,2.201999999999999
2.188,3,11.854003,255,open,1.0,2.1879999999999993
1.662,3,11.85497,255,closed,0.0,1.6619999999999995
2.451,3,11.855891,195,open,1.0,2.4509999999999996
1.662,3,11.856883,255,closed,0.0,1.6619999999999995
-3.735,3,11.85782,195,closed,0.0,-3.7350000000000003
2.368,3,11.858753,275,open,1.0,2.3679999999999994
-3.685,3,11.859678,195,closed,0.0,-3.6850000000000005
1.662,3,11.860666,255,closed,0.0,1.6619999999999995
2.202,3,11.861598,275,closed,0.0,2.201999999999999
2.368,3,11.86254,275,open,1.0,2.3679999999999994
2.188,3,11.863432,255,open,1.0,2.1879999999999993
-3.685,3,11.864339,195,closed,0.0,-3.6850000000000005
2.188,3,11.865282,255,open,1.0,2.1879999999999993
2.285,3,11.86619,275,open,1.0,2.2849999999999993
2.202,3,11.867093,275,closed,0.0,2.201999999999999
2.285,3,11.868049,275,open,1.0,2.2849999999999993
2.368,3,11.868949,275,open,1.0,2.3679999999999994
2.188,3,11.869871,255,open,1.0,2.1879999999999993
1.662,3,11.870806,255,closed,0.0,1.6619999999999995
2.188,3,11.871742,255,open,1.0,2.1879999999999993
-3.735,3,11.872641,195,closed,0.0,-3.7350000000000003
1.662,3,11.873609,255,closed,0.0,1.6619999999999995
-3.735,3,11.874517,195,closed,0.0,-3.7350000000000003
2.188,3,11.875423,255,open,1.0,2.1879999999999993
2.368,3,11.876379,275,open,1.0,2.3679999999999994
2.188,3,11.877281,255,open,1.0,2.1879999999999993
2.202,3,11.878236,275,closed,0.0,2.201999999999999
-3.735,3,11.879171,195,closed,0.0,-3.7350000000000003
2.188,3,11.88008,255,open,1.0,2.1879999999999993
2.285,3,11.881037,275,open,1.0,2.2849999999999993
2.451,3,11.88194,195,open,1.0,2.4509999999999996
1.662,3,11.882874,255,closed,0.0,1.6619999999999995
-3.685,3,11.883773,195,closed,0.0,-3.6850000000000005
-3.685,3,11.884679,195,closed,0.0,-3.6850000000000005
-3.685,3,11.885595,195,closed,0.0,-3.6850000000000005
2.202,3,11.886541,275,closed,0.0,2.201999999999999
2.188,3,11.887475,255,open,1.0,2.1879999999999993
2.451,3,11.888381,195,open,1.0,2.4509999999999996
-3.685,3,11.889344,195,closed,0.0,-3.6850000000000005
2.188,3,11.890242,255,open,1.0,2.1879999999999993
-3.735,3,11.891182,195,closed,0.0,-3.7350000000000003
1.662,3,11.892108,255,closed,0.0,1.6619999999999995
1.662,3,11.893007,255,closed,0.0,1.6619999999999995
2.451,3,11.893931,195,open,1.0,2.4509999999999996
2.188,3,11.89483,255,open,1.0,2.1879999999999993
2.368,3,11.895716,275,open,1.0,2.3679999999999994
2.188,3,11.896673,255,open,1.0,2.1879999999999993
2.451,3,11.897558,195,open,1.0,2.4509999999999996
1.662,3,11.898496,255,closed,0.0,1.6619999999999995
2.368,3,11.899391,275,open,1.0,2.3679999999999994
2.188,3,11.900337,275,open,1.0,2.1879999999999993
2.451,3,11.901231,195,open,1.0,2.4509999999999996
2.188,3,11.902175,255,open,1.0,2.1879999999999993
1.662,3,11.903115,255,closed,0.0,1.6619999999999995
2.368,3,11.904018,275,open,1.0,2.3679999999999994
-3.685,3,11.904942,195,closed,0.0,-3.6850000000000005
2.451,3,11.90586,195,open,1.0,2.4509999999999996
2.368,3,11.906759,275,open,1.0,2.3679999999999994
2.368,3,11.90772,275,open,1.0,2.3679999999999994
2.451,3,11.908632,195,open,1.0,2.4509999999999996
1.662,3,11.909521,255,closed,0.0,1.6619999999999995
1.662,3,11.910476,255,closed,0.0,1.6619999999999995
2.368,3,11.911386,275,open,1.0,2.3679999999999994
1.925,3,11.912327,255,open,1.0,1.9249999999999994
2.188,3,11.913285,255,open,1.0,2.1879999999999993
2.451,3,11.914182,195,open,1.0,2.4509999999999996
2.451,3,11.915138,195,open,1.0,2.4509999999999996
-3.635,3,11.916053,195,closed,0.0,-3.6350000000000007
2.188,3,11.916959,255,open,1.0,2.1879999999999993
2.188,3,11.917895,255,open,1.0,2.1879999999999993
-3.735,3,11.918773,195,closed,0.0,-3.7350000000000003
-3.685,3,11.919728,195,closed,0.0,-3.6850000000000005
2.368,3,11.920637,275,open,1.0,2.3679999999999994
1.662,3,11.921596,255,closed,0.0,1.6619999999999995
1.662,3,11.922522,255,closed,0.0,1.6619999999999995
-3.685,3,11.923443,195,closed,0.0,-3.6850000000000005
2.202,3,11.924343,275,closed,0.0,2.201999999999999
2.188,3,11.925301,275,open,1.0,2.1879999999999993
1.662,3,11.926224,255,closed,0.0,1.6619999999999995
1.662,3,11.927135,255,closed,0.0,1.6619999999999995
2.202,3,11.928085,275,closed,0.0,2.201999999999999
2.202,3,11.928982,275,closed,0.0,2.201999999999999
2.451,3,11.929916,195,open,1.0,2.4509999999999996
2.188,3,11.930847,255,open,1.0,2.1879999999999993
1.662,3,11.931771,255,closed,0.0,1.6619999999999995
2.451,3,11.932674,195,open,1.0,2.4509999999999996
1.662,3,11.933639,255,closed,0.0,1.6619999999999995
2.202,3,11.934558,275,closed,0.0,2.201999999999999
-3.685,3,11.935471,195,closed,0.0,-3.6850000000000005
2.202,3,11.936403,275,closed,0.0,2.201999999999999
2.368,3,11.937326,275,open,1.0,2.3679999999999994
1.662,3,11.938241,255,closed,0.0,1.6619999999999995
2.202,3,11.939217,275,closed,0.0,2.201999999999999
2.188,3,11.940149,255,open,1.0,2.1879999999999993
2.202,3,11.941051,275,open,1.0,2.201999999999999
2.451,3,11.942012,195,open,1.0,2.4509999999999996
2.451,3,11.942968,195,open,1.0,2.4509999999999996
2.202,3,11.94389,275,closed,0.0,2.201999999999999
-3.685,3,11.94479,195,closed,0.0,-3.6850000000000005
2.188,3,11.945755,255,open,1.0,2.1879999999999993
2.202,3,11.946679,275,closed,0.0,2.201999999999999
2.451,3,11.94762,195,open,1.0,2.4509999999999996
1.662,3,11.948548,255,closed,0.0,1.6619999999999995
-3.685,3,11.949466,195,closed,0.0,-3.6850000000000005
2.202,3,11.950395,275,closed,0.0,2.201999999999999
2.188,3,11.951286,255,open,1.0,2.1879999999999993
2.368,3,11.952251,275,open,1.0,2.3679999999999994
-3.735,3,11.953148,195,closed,0.0,-3.7350000000000003
1.662,3,11.954107,255,closed,0.0,1.6619999999999995
2.202,3,11.955013,275,closed,0.0,2.201999999999999
2.368,3,11.955939,275,open,1.0,2.3679999999999994
2.368,3,11.956904,275,open,1.0,2.3679999999999994
1.662,3,11.957788,255,closed,0.0,1.6619999999999995
2.188,3,11.958736,255,open,1.0,2.1879999999999993
2.285,3,11.959658,275,open,1.0,2.2849999999999993
2.368,3,11.96057,275,open,1.0,2.3679999999999994
-3.635,3,11.961545,195,closed,0.0,-3.6350000000000002
2.285,3,11.96247,275,open,1.0,2.2849999999999993
1.662,3,11.963379,255,closed,0.0,1.6619999999999995
-3.735,3,11.964338,195,closed,0.0,-3.7350000000000003
2.202,3,11.965251,275,closed,0.0,2.201999999999999
2.202,3,11.966164,275,closed,0.0,2.201999999999999
2.202,3,12.108344,275,closed,0.0,2.201999999999999
2.022,3,12.109979,275,closed,0.0,2.0219999999999994
2.202,3,12.111495,275,closed,0.0,2.201999999999999
2.188,3,12.112963,255,open,1.0,2.1879999999999993
2.188,3,12.114303,255,open,1.0,2.1879999999999993
2.451,3,12.115601,195,open,1.0,2.4509999999999996
2.368,3,12.116986,275,open,1.0,2.3679999999999994
-3.685,3,12.118237,195,closed,0.0,-3.6850000000000005
1.662,3,12.119503,255,closed,0.0,1.6619999999999995
2.451,3,12.120749,195,open,1.0,2.4509999999999996
1.662,3,12.12199,255,closed,0.0,1.6619999999999995
2.368,3,12.123203,275,open,1.0,2.3679999999999994
-3.735,3,12.124177,195,closed,0.0,-3.7350000000000003
2.285,3,12.125193,275,open,1.0,2.2849999999999993
2.451,3,12.126164,195,open,1.0,2.4509999999999996
-3.685,3,12.127105,195,closed,0.0,-3.6850000000000005
1.662,3,12.128108,255,closed,0.0,1.6619999999999995
2.202,3,12.129046,275,closed,0.0,2.201999999999999
2.368,3,12.12999,275,open,1.0,2.3679999999999994
1.662,3,12.130957,255,closed,0.0,1.6619999999999995
-3.685,3,12.131883,195,closed,0.0,-3.6850000000000005
2.188,3,12.132808,255,open,1.0,2.1879999999999993
2.368,3,12.133789,275,open,1.0,2.3679999999999994
-3.735,3,12.134733,195,closed,0.0,-3.7350000000000003
2.188,3,12.135672,255,open,1.0,2.1879999999999993
1.662,3,12.136675,255,closed,0.0,1.6619999999999995
-3.685,3,12.137641,195,closed,0.0,-3.6850000000000005
-3.635,3,12.138615,195,closed,0.0,-3.6350000000000007
2.451,3,12.139563,195,open,1.0,2.4509999999999996
2.451,3,12.140538,195,open,1.0,2.4509999999999996
2.368,3,12.141455,275,open,1.0,2.3679999999999994
1.662,3,12.142398,255,closed,0.0,1.6619999999999995
-3.735,3,12.143359,195,closed,0.0,-3.7350000000000003
2.202,3,12.144291,275,closed,0.0,2.201999999999999
2.202,3,12.145246,275,closed,0.0,2.201999999999999
2.368,3,12.146228,275,open,1.0,2.3679999999999994
2.188,3,12.147126,255,open,1.0,2.1879999999999993
2.451,3,12.14806,195,open,1.0,2.4509999999999996
2.368,3,12.148968,275,open,1.0,2.3679999999999994
2.202,3,12.14988,275,closed,0.0,2.201999999999999
1.662,3,12.150835,255,closed,0.0,1.6619999999999995
2.451,3,12.151742,195,open,1.0,2.4509999999999996
2.451,3,12.152641,195,open,1.0,2.4509999999999996
-3.735,3,12.153574,195,closed,0.0,-3.7350000000000003
2.451,3,12.154505,195,open,1.0,2.4509999999999996
2.451,3,12.155411,195,open,1.0,2.4509999999999996
2.368,3,12.156368,275,open,1.0,2.3679999999999994
2.202,3,12.15735,275,closed,0.0,2.201999999999999
1.662,3,12.158239,255,closed,0.0,1.6619999999999995
2.188,3,12.159146,255,open,1.0,2.1879999999999993
2.285,3,12.160106,275,open,1.0,2.2849999999999993
2.202,3,12.161003,275,closed,0.0,2.201999999999999
2.368,3,12.161964,275,open,1.0,2.3679999999999994
2.368,3,12.162882,275,open,1.0,2.3679999999999994
1.662,3,12.163807,255,closed,0.0,1.6619999999999995
1.662,3,12.164767,255,closed,0.0,1.6619999999999995
2.202,3,12.165709,275,closed,0.0,2.201999999999999
2.188,3,12.166661,255,open,1.0,2.1879999999999993
2.451,3,12.167575,195,open,1.0,2.4509999999999996
1.662,3,12.168486,255,closed,0.0,1.6619999999999995
2.202,3,12.169439,275,closed,0.0,2.201999999999999
1.662,3,12.170394,255,closed,0.0,1.6619999999999995
2.202,3,12.171327,275,closed,0.0,2.201999999999999
1.662,3,12.172296,255,closed,0.0,1.6619999999999995
2.451,3,12.173231,195,open,1.0,2.4509999999999996
2.202,3,12.17413,275,closed,0.0,2.201999999999999
2.188,3,12.175024,255,open,1.0,2.1879999999999993
2.451,3,12.175981,195,open,1.0,2.4509999999999996
1.662,3,12.176897,255,closed,0.0,1.6619999999999995
2.188,3,12.177835,255,open,1.0,2.1879999999999993
-3.685,3,12.178822,195,closed,0.0,-3.6850000000000005
2.188,3,12.179748,255,open,1.0,2.1879999999999993
2.368,3,12.180651,275,open,1.0,2.3679999999999994
1.662,3,12.18162,255,closed,0.0,1.6619999999999995
2.202,3,12.182526,275,closed,0.0,2.201999999999999
2.451,3,12.183486,195,open,1.0,2.4509999999999996
2.188,3,12.184396,255,open,1.0,2.1879999999999993
2.285,3,12.185307,275,open,1.0,2.2849999999999993
2.202,3,12.186233,275,closed,0.0,2.201999999999999
2.451,3,12.187144,195,open,1.0,2.4509999999999996
2.285,3,12.188057,275,open,1.0,2.2849999999999993
2.202,3,12.189041,275,closed,0.0,2.201999999999999
1.662,3,12.189967,255,closed,0.0,1.6619999999999995
2.202,3,12.190871,275,closed,0.0,2.201999999999999
2.202,3,12.191831,275,closed,0.0,2.201999999999999
1.662,3,12.192739,255,closed,0.0,1.6619999999999995
2.451,3,12.193701,195,open,1.0,2.4509999999999996
1.662,3,12.194632,255,closed,0.0,1.6619999999999995
2.202,3,12.19553,275,closed,0.0,2.201999999999999
2.368,3,12.196493,275,open,1.0,2.3679999999999994
-3.685,3,12.197389,195,closed,0.0,-3.6850000000000005
2.368,3,12.198361,275,open,1.0,2.3679999999999994
2.451,3,12.199277,195,open,1.0,2.4509999999999996
2.202,3,12.200202,275,closed,0.0,2.201999999999999
2.188,3,12.201116,255,open,1.0,2.1879999999999993
1.662,3,12.202064,255,closed,0.0,1.6619999999999995
2.202,3,12.202973,275,closed,0.0,2.201999999999999
1.662,3,12.203884,255,closed,0.0,1.6619999999999995
2.451,3,12.204857,195,open,1.0,2.4509999999999996
2.202,3,12.205797,275,closed,0.0,2.201999999999999
2.451,3,12.206686,195,open,1.0,2.4509999999999996
2.188,3,12.207644,255,open,1.0,2.1879999999999993
2.188,3,12.208548,255,open,1.0,2.1879999999999993
2.368,3,12.209505,275,open,1.0,2.3679999999999994
2.451,3,12.210426,195,open,1.0,2.4509999999999996
2.188,3,12.211353,255,open,1.0,2.1879999999999993
1.662,3,12.21225,255,closed,0.0,1.6619999999999995
2.188,3,12.213145,255,open,1.0,2.1879999999999993
2.202,3,12.214088,275,closed,0.0,2.201999999999999
2.451,3,12.214984,195,open,1.0,2.4509999999999996
2.202,3,12.215898,275,closed,0.0,2.201999999999999
1.662,3,12.216836,255,closed,0.0,1.6619999999999995
2.202,3,12.217752,275,closed,0.0,2.201999999999999
-3.735,3,12.218652,195,closed,0.0,-3.7350000000000003
2.202,3,12.219588,275,closed,0.0,2.201999999999999
1.662,3,12.220499,255,closed,0.0,1.6619999999999995
2.451,3,12.221392,195,open,1.0,2.4509999999999996
2.451,3,12.222372,195,open,1.0,2.4509999999999996
2.368,3,12.22331,275,open,1.0,2.3679999999999994
2.368,3,12.224197,275,open,1.0,2.3679999999999994
1.662,3,12.225142,255,closed,0.0,1.6619999999999995
-3.685,3,12.226041,195,closed,0.0,-3.6850000000000005
-3.735,3,12.226973,195,closed,0.0,-3.7350000000000003
2.202,3,12.22793,275,closed,0.0,2.201999999999999
1.662,3,12.22889,255,closed,0.0,1.6619999999999995
1.662,3,12.229784,255,closed,0.0,1.6619999999999995
2.202,3,12.23075,275,closed,0.0,2.201999999999999
2.451,3,12.231662,195,open,1.0,2.4509999999999996
2.451,3,12.232569,195,open,1.0,2.4509999999999996
2.451,3,12.233457,195,open,1.0,2.4509999999999996
2.188,3,12.234354,255,open,1.0,2.1879999999999993
2.202,3,12.235277,275,closed,0.0,2.201999999999999
2.368,3,12.236183,275,open,1.0,2.3679999999999994
-3.735,3,12.237078,195,closed,0.0,-3.7350000000000003
2.368,3,12.238008,275,open,1.0,2.3679999999999994
2.451,3,12.238974,195,open,1.0,2.4509999999999996
-3.635,3,12.239872,195,closed,0.0,-3.6350000000000007
-3.735,3,12.2408,195,closed,0.0,-3.7350000000000003
2.368,3,12.241723,275,open,1.0,2.3679999999999994
1.662,3,12.242681,255,closed,0.0,1.6619999999999995
-3.735,3,12.243651,195,closed,0.0,-3.7350000000000003
2.202,3,12.244576,275,closed,0.0,2.201999999999999
2.451,3,12.245485,195,open,1.0,2.4509999999999996
2.188,3,12.246442,255,open,1.0,2.1879999999999993
2.451,3,12.247347,195,open,1.0,2.4509999999999996
2.368,3,12.248253,275,open,1.0,2.3679999999999994
1.662,3,12.249202,255,closed,0.0,1.6619999999999995
-3.735,3,12.250103,195,closed,0.0,-3.7350000000000003
2.202,3,12.251005,275,closed,0.0,2.201999999999999
2.451,3,12.251937,195,open,1.0,2.4509999999999996
1.662,3,12.252857,255,closed,0.0,1.6619999999999995
-3.685,3,12.253747,195,closed,0.0,-3.6850000000000005
2.368,3,12.254691,275,open,1.0,2.3679999999999994
2.202,3,12.255624,275,closed,0.0,2.201999999999999
2.188,3,12.25652,255,open,1.0,2.1879999999999993
2.202,3,12.25746,275,closed,0.0,2.201999999999999
2.451,3,12.258358,195,open,1.0,2.4509999999999996
2.188,3,12.259298,255,open,1.0,2.1879999999999993
2.451,3,12.260267,195,open,1.0,2.4509999999999996
2.368,3,12.261198,275,open,1.0,2.3679999999999994
-3.685,3,12.262097,195,closed,0.0,-3.6850000000000005
2.188,3,12.263053,255,open,1.0,2.1879999999999993
0.439,3,12.263961,195,open,1.0,0.4389999999999996
2.202,3,12.264867,275,closed,0.0,2.201999999999999
2.188,3,12.265819,255,open,1.0,2.1879999999999993
2.202,3,12.266736,275,closed,0.0,2.201999999999999
2.188,3,12.267657,255,open,1.0,2.1879999999999993
2.368,3,12.268617,275,open,1.0,2.3679999999999994
1.662,3,12.26953,255,closed,0.0,1.6619999999999995
2.368,3,12.270437,275,open,1.0,2.3679999999999994
2.451,3,12.396934,195,open,1.0,2.4509999999999996
-3.735,3,12.398614,195,closed,0.0,-3.7350000000000003
2.368,3,12.407737,275,open,1.0,2.3679999999999994
2.451,3,12.409253,195,open,1.0,2.4509999999999996
2.368,3,12.410755,275,open,1.0,2.3679999999999994
2.188,3,12.412179,255,open,1.0,2.1879999999999993
2.188,3,12.413487,255,open,1.0,2.1879999999999993
2.368,3,12.414623,275,open,1.0,2.3679999999999994
2.188,3,12.415741,255,open,1.0,2.1879999999999993
2.451,3,12.416792,195,open,1.0,2.4509999999999996
1.662,3,12.41778,255,closed,0.0,1.6619999999999995
-3.685,3,12.418851,195,closed,0.0,-3.6850000000000005
2.368,3,12.419801,275,open,1.0,2.3679999999999994
2.202,3,12.420774,275,closed,0.0,2.201999999999999
2.202,3,12.421791,275,closed,0.0,2.201999999999999
1.662,3,12.422762,255,closed,0.0,1.6619999999999995
-3.685,3,12.423759,195,closed,0.0,-3.6850000000000005
2.188,3,12.424701,255,open,1.0,2.1879999999999993
2.368,3,12.425643,275,open,1.0,2.3679999999999994
-3.735,3,12.426621,195,closed,0.0,-3.7350000000000003
2.202,3,12.427582,275,closed,0.0,2.201999999999999
2.451,3,12.428541,255,open,1.0,2.4509999999999996
-3.635,3,12.429493,195,closed,0.0,-3.6350000000000007
-3.735,3,12.430435,195,closed,0.0,-3.7350000000000003
2.202,3,12.431345,275,closed,0.0,2.201999999999999
2.368,3,12.432326,275,open,1.0,2.3679999999999994
2.451,3,12.433252,195,open,1.0,2.4509999999999996
2.188,3,12.434181,255,open,1.0,2.1879999999999993
2.285,3,12.435158,275,open,1.0,2.2849999999999993
2.451,3,12.436074,195,open,1.0,2.4509999999999996
2.202,3,12.437047,275,closed,0.0,2.201999999999999
2.188,3,12.437965,255,open,1.0,2.1879999999999993
2.368,3,12.438941,275,open,1.0,2.3679999999999994
2.188,3,12.439868,255,open,1.0,2.1879999999999993
2.188,3,12.440761,255,open,1.0,2.1879999999999993
2.285,3,12.441721,275,open,1.0,2.2849999999999993
2.368,3,12.442635,275,open,1.0,2.3679999999999994
2.368,3,12.443618,275,open,1.0,2.3679999999999994
2.188,3,12.444562,255,open,1.0,2.1879999999999993
2.451,3,12.445493,195,open,1.0,2.4509999999999996
2.188,3,12.446427,255,open,1.0,2.1879999999999993
-3.685,3,12.44732,195,closed,0.0,-3.6850000000000005
2.188,3,12.448225,255,open,1.0,2.1879999999999993
2.451,3,12.449108,195,open,1.0,2.4509999999999996
-3.735,3,12.449992,195,closed,0.0,-3.7350000000000003
2.188,3,12.450932,255,open,1.0,2.1879999999999993
2.285,3,12.451828,275,open,1.0,2.2849999999999993
2.451,3,12.452726,195,open,1.0,2.4509999999999996
2.451,3,12.453673,195,open,1.0,2.4509999999999996
2.202,3,12.45458,275,closed,0.0,2.201999999999999
-3.685,3,12.455479,195,closed,0.0,-3.6850000000000005
2.188,3,12.456388,255,open,1.0,2.1879999999999993
2.368,3,12.457259,275,open,1.0,2.3679999999999994
2.202,3,12.458148,275,closed,0.0,2.201999999999999
2.368,3,12.459043,275,open,1.0,2.3679999999999994
2.202,3,12.45991,275,closed,0.0,2.201999999999999
-3.635,3,12.460855,195,closed,0.0,-3.6350000000000007
-3.685,3,12.461755,195,closed,0.0,-3.6850000000000005
2.368,3,12.462672,275,open,1.0,2.3679999999999994
2.285,3,12.463632,275,open,1.0,2.2849999999999993
2.451,3,12.464535,195,open,1.0,2.4509999999999996
2.451,3,12.465432,195,open,1.0,2.4509999999999996
2.202,3,12.466337,275,closed,0.0,2.201999999999999
2.188,3,12.46728,255,open,1.0,2.1879999999999993
2.188,3,12.468176,255,open,1.0,2.1879999999999993
2.202,3,12.469061,275,closed,0.0,2.201999999999999
2.368,3,12.470001,275,open,1.0,2.3679999999999994
2.451,3,12.470879,195,open,1.0,2.4509999999999996
2.188,3,12.471822,275,open,1.0,2.1879999999999993
1.662,3,12.472725,255,closed,0.0,1.6619999999999995
-3.685,3,12.473622,195,closed,0.0,-3.6850000000000005
-3.735,3,12.474564,195,closed,0.0,-3.7350000000000003
2.451,3,12.475463,195,open,1.0,2.4509999999999996
-3.685,3,12.476366,195,closed,0.0,-3.6850000000000005
1.662,3,12.477316,255,closed,0.0,1.6619999999999995
2.451,3,12.478264,195,open,1.0,2.4509999999999996
2.285,3,12.479153,275,open,1.0,2.2849999999999993
1.662,3,12.480097,255,closed,0.0,1.6619999999999995
2.368,3,12.480988,275,open,1.0,2.3679999999999994
2.202,3,12.481897,275,closed,0.0,2.201999999999999
-3.735,3,12.48283,195,closed,0.0,-3.7350000000000003
0.239,3,12.483705,195,open,1.0,0.23899999999999966
2.368,3,12.484637,275,open,1.0,2.3679999999999994
1.662,3,12.485569,255,closed,0.0,1.6619999999999995
2.368,3,12.486469,275,open,1.0,2.3679999999999994
2.451,3,12.487358,195,open,1.0,2.4509999999999996
-3.685,3,12.488311,195,closed,0.0,-3.6850000000000005
2.188,3,12.489211,255,open,1.0,2.1879999999999993
2.202,3,12.490096,275,closed,0.0,2.201999999999999
2.202,3,12.491009,275,closed,0.0,2.201999999999999
1.662,3,12.491898,255,closed,0.0,1.6619999999999995
2.202,3,12.492782,275,closed,0.0,2.201999999999999
-3.735,3,12.493739,195,closed,0.0,-3.7350000000000003
1.662,3,12.494635,255,closed,0.0,1.6619999999999995
2.202,3,12.495527,275,closed,0.0,2.201999999999999
1.662,3,12.496448,255,closed,0.0,1.6619999999999995
2.202,3,12.497325,275,closed,0.0,2.201999999999999
2.202,3,12.498286,275,closed,0.0,2.201999999999999
2.188,3,12.499204,255,open,1.0,2.1879999999999993
2.451,3,12.500085,195,open,1.0,2.4509999999999996
2.451,3,12.501009,195,open,1.0,2.4509999999999996
2.188,3,12.501905,255,open,1.0,2.1879999999999993
-3.685,3,12.502783,195,closed,0.0,-3.6850000000000005
2.188,3,12.503724,255,open,1.0,2.1879999999999993
2.188,3,12.504642,255,open,1.0,2.1879999999999993
2.202,3,12.505536,275,closed,0.0,2.201999999999999
2.188,3,12.50648,255,open,1.0,2.1879999999999993
1.662,3,12.507359,255,closed,0.0,1.6619999999999995
2.202,3,12.508247,275,closed,0.0,2.201999999999999
2.188,3,12.509139,255,open,1.0,2.1879999999999993
2.451,3,12.510047,195,open,1.0,2.4509999999999996
2.451,3,12.510965,195,open,1.0,2.4509999999999996
2.202,3,12.511868,275,closed,0.0,2.201999999999999
2.188,3,12.512753,255,open,1.0,2.1879999999999993
1.662,3,12.513647,255,closed,0.0,1.6619999999999995
2.188,3,12.514596,255,open,1.0,2.1879999999999993
2.368,3,12.515491,275,open,1.0,2.3679999999999994
2.188,3,12.516429,255,open,1.0,2.1879999999999993
2.188,3,12.517332,255,open,1.0,2.1879999999999993
2.188,3,12.518219,275,open,1.0,2.1879999999999993
2.188,3,12.519141,255,open,1.0,2.1879999999999993
-3.735,3,12.520031,195,closed,0.0,-3.7350000000000003
2.451,3,12.520928,195,open,1.0,2.4509999999999996
2.202,3,12.521895,275,closed,0.0,2.201999999999999
2.451,3,12.522785,195,open,1.0,2.4509999999999996
2.451,3,12.523732,195,open,1.0,2.4509999999999996
2.451,3,12.524613,195,open,1.0,2.4509999999999996
2.188,3,12.525561,255,open,1.0,2.1879999999999993
2.451,3,12.526498,195,open,1.0,2.4509999999999996
2.368,3,12.527396,275,open,1.0,2.3679999999999994
2.368,3,12.528336,275,open,1.0,2.3679999999999994
2.451,3,12.529224,195,open,1.0,2.4509999999999996
2.202,3,12.53015,275,closed,0.0,2.201999999999999
2.451,3,12.53104,195,open,1.0,2.4509999999999996
2.451,3,12.531944,195,open,1.0,2.4509999999999996
2.202,3,12.532838,275,closed,0.0,2.201999999999999
2.188,3,12.53374,255,open,1.0,2.1879999999999993
2.451,3,12.534625,195,open,1.0,2.4509999999999996
-0.197,3,12.535572,255,closed,0.0,-0.1970000000000005
-3.685,3,12.536489,195,closed,0.0,-3.6850000000000005
2.188,3,12.537374,255,open,1.0,2.1879999999999993
-3.735,3,12.538305,195,closed,0.0,-3.7350000000000003
2.188,3,12.539179,255,open,1.0,2.1879999999999993
-3.735,3,12.540129,195,closed,0.0,-3.7350000000000003
2.451,3,12.541023,195,open,1.0,2.4509999999999996
2.451,3,12.54191,195,open,1.0,2.4509999999999996
1.662,3,12.542834,255,closed,0.0,1.6619999999999995
2.188,3,12.543719,255,open,1.0,2.1879999999999993
-0.197,3,12.544661,255,closed,0.0,-0.1970000000000005
2.368,3,12.545582,275,open,1.0,2.3679999999999994
2.188,3,12.5465,255,open,1.0,2.1879999999999993
2.451,3,12.54739,195,open,1.0,2.4509999999999996
2.285,3,12.548337,275,open,1.0,2.2849999999999993
2.451,3,12.549224,195,open,1.0,2.4509999999999996
2.188,3,12.550165,255,open,1.0,2.1879999999999993
2.188,3,12.551063,255,open,1.0,2.1879999999999993
2.451,3,12.55195,195,open,1.0,2.4509999999999996
-3.685,3,12.552879,195,closed,0.0,-3.6850000000000005
2.202,3,12.553755,275,closed,0.0,2.201999999999999
2.202,3,12.5547,275,closed,0.0,2.201999999999999
2.368,3,12.555596,275,open,1.0,2.3679999999999994
2.202,3,12.556525,275,closed,0.0,2.201999999999999
2.451,3,12.557436,195,open,1.0,2.4509999999999996
-3.735,3,12.558314,195,closed,0.0,-3.7350000000000003
2.368,3,12.559272,275,open,1.0,2.3679999999999994
-3.635,3,12.560163,195,closed,0.0,-3.6350000000000007
-3.685,3,12.561086,195,closed,0.0,-3.6850000000000005
2.202,3,12.561999,275,closed,0.0,2.201999999999999
2.368,3,12.562932,275,open,1.0,2.3679999999999994
2.188,3,12.563847,255,open,1.0,2.1879999999999993
2.105,3,12.564742,275,open,1.0,2.1049999999999995
2.202,3,12.691238,275,closed,0.0,2.201999999999999
1.662,3,12.692519,255,closed,0.0,1.6619999999999995
2.451,3,12.693695,195,open,1.0,2.4509999999999996
1.662,3,12.694831,255,closed,0.0,1.6619999999999995
2.188,3,12.695979,255,open,1.0,2.1879999999999993
2.188,3,12.697083,255,open,1.0,2.1879999999999993
2.188,3,12.698176,255,open,1.0,2.1879999999999993
2.285,3,12.699253,275,open,1.0,2.2849999999999993
-3.685,3,12.700384,195,closed,0.0,-3.6850000000000005
2.202,3,12.701465,275,closed,0.0,2.201999999999999
2.202,3,12.702571,275,closed,0.0,2.201999999999999
-3.685,3,12.703715,195,closed,0.0,-3.6850000000000005
2.188,3,12.704776,255,open,1.0,2.1879999999999993
1.662,3,12.705719,255,closed,0.0,1.6619999999999995
2.202,3,12.706638,275,closed,0.0,2.201999999999999
2.451,3,12.707535,195,open,1.0,2.4509999999999996
2.368,3,12.708446,275,open,1.0,2.3679999999999994
2.022,3,12.70937,275,closed,0.0,2.0219999999999994
2.451,3,12.710265,195,open,1.0,2.4509999999999996
2.285,3,12.711217,275,open,1.0,2.2849999999999993
2.202,3,12.712107,275,closed,0.0,2.201999999999999
2.188,3,12.713059,255,open,1.0,2.1879999999999993
2.285,3,12.713957,275,open,1.0,2.2849999999999993
-3.735,3,12.714868,195,closed,0.0,-3.7350000000000003
-3.685,3,12.715748,195,closed,0.0,-3.6850000000000005
2.022,3,12.716661,275,closed,0.0,2.0219999999999994
1.662,3,12.717561,255,closed,0.0,1.6619999999999995
2.451,3,12.718488,195,open,1.0,2.4509999999999996
2.202,3,12.719383,275,closed,0.0,2.201999999999999
2.202,3,12.720308,275,open,1.0,2.201999999999999
1.662,3,12.721238,255,closed,0.0,1.6619999999999995
2.451,3,12.722168,195,open,1.0,2.4509999999999996
2.188,3,12.723099,255,open,1.0,2.1879999999999993
-3.635,3,12.724009,195,closed,0.0,-3.6350000000000007
1.662,3,12.724891,255,closed,0.0,1.6619999999999995
2.188,3,12.725866,255,open,1.0,2.1879999999999993
2.202,3,12.726791,275,closed,0.0,2.201999999999999
-3.685,3,12.727754,195,closed,0.0,-3.6850000000000005
2.188,3,12.728678,255,open,1.0,2.1879999999999993
2.451,3,12.729578,195,open,1.0,2.4509999999999996
2.451,3,12.730538,195,open,1.0,2.4509999999999996
2.368,3,12.731469,275,open,1.0,2.3679999999999994
2.368,3,12.732369,275,open,1.0,2.3679999999999994
1.662,3,12.733329,255,closed,0.0,1.6619999999999995
1.925,3,12.734237,255,open,1.0,1.9249999999999994
2.188,3,12.735141,255,open,1.0,2.1879999999999993
2.202,3,12.736037,275,closed,0.0,2.201999999999999
1.662,3,12.736924,255,closed,0.0,1.6619999999999995
2.188,3,12.737843,255,open,1.0,2.1879999999999993
-3.735,3,12.738724,195,closed,0.0,-3.7350000000000003
2.188,3,12.739635,255,open,1.0,2.1879999999999993
2.188,3,12.740549,255,open,1.0,2.1879999999999993
1.662,3,12.741437,255,closed,0.0,1.6619999999999995
2.285,3,12.742404,275,open,1.0,2.2849999999999993
1.662,3,12.743329,255,closed,0.0,1.6619999999999995
-3.685,3,12.744243,195,closed,0.0,-3.6850000000000005
-3.685,3,12.745166,195,closed,0.0,-3.6850000000000005
-3.685,3,12.746067,195,closed,0.0,-3.6850000000000005
1.662,3,12.746964,255,closed,0.0,1.6619999999999995
2.105,3,12.747863,275,open,1.0,2.1049999999999995
2.285,3,12.748734,275,open,1.0,2.2849999999999993
-3.685,3,12.74969,195,closed,0.0,-3.6850000000000005
2.451,3,12.750608,195,open,1.0,2.4509999999999996
-3.885,3,12.751534,195,closed,0.0,-3.8850000000000002
2.451,3,12.752462,195,open,1.0,2.4509999999999996
2.368,3,12.753364,275,open,1.0,2.3679999999999994
2.202,3,12.754319,275,closed,0.0,2.201999999999999
-3.835,3,12.755226,195,closed,0.0,-3.835
2.368,3,12.756174,275,open,1.0,2.3679999999999994
-3.685,3,12.757069,195,closed,0.0,-3.6850000000000005
2.451,3,12.757973,195,open,1.0,2.4509999999999996
2.451,3,12.758865,195,open,1.0,2.4509999999999996
2.451,3,12.759737,195,open,1.0,2.4509999999999996
-3.685,3,12.760695,195,closed,0.0,-3.6850000000000005
2.188,3,12.761617,255,open,1.0,2.1879999999999993
1.662,3,12.762556,255,closed,0.0,1.6619999999999995
2.202,3,12.763452,275,closed,0.0,2.201999999999999
1.662,3,12.764356,255,closed,0.0,1.6619999999999995
0.239,3,12.765247,195,open,1.0,0.23899999999999966
2.188,3,12.76615,275,open,1.0,2.1879999999999993
2.188,3,12.767087,255,open,1.0,2.1879999999999993
2.202,3,12.767996,275,closed,0.0,2.201999999999999
2.188,3,12.768896,255,open,1.0,2.1879999999999993
2.368,3,12.769789,275,open,1.0,2.3679999999999994
-3.635,3,12.770685,195,closed,0.0,-3.6350000000000007
1.925,3,12.771642,255,open,1.0,1.9249999999999994
2.368,3,12.772592,275,open,1.0,2.3679999999999994
1.662,3,12.773474,255,closed,0.0,1.6619999999999995
2.368,3,12.774427,275,open,1.0,2.3679999999999994
2.188,3,12.775392,255,open,1.0,2.1879999999999993
2.451,3,12.776309,195,open,1.0,2.4509999999999996
2.188,3,12.777257,255,open,1.0,2.1879999999999993
-3.685,3,12.778148,195,closed,0.0,-3.6850000000000005
2.188,3,12.77908,255,open,1.0,2.1879999999999993
2.368,3,12.779994,275,open,1.0,2.3679999999999994
2.451,3,12.78088,195,open,1.0,2.4509999999999996
2.202,3,12.7818,275,closed,0.0,2.201999999999999
2.188,3,12.782704,255,open,1.0,2.1879999999999993
2.451,3,12.783605,195,open,1.0,2.4509999999999996
2.368,3,12.784551,275,open,1.0,2.3679999999999994
2.188,3,12.78544,255,open,1.0,2.1879999999999993
2.202,3,12.78639,275,closed,0.0,2.201999999999999
2.451,3,12.787294,275,open,1.0,2.4509999999999996
2.202,3,12.788192,275,closed,0.0,2.201999999999999
-3.685,3,12.789097,195,closed,0.0,-3.6850000000000005
1.662,3,12.790006,255,closed,0.0,1.6619999999999995
2.451,3,12.790879,195,open,1.0,2.4509999999999996
2.451,3,12.791771,195,open,1.0,2.4509999999999996
1.662,3,12.792652,255,closed,0.0,1.6619999999999995
1.662,3,12.793579,255,closed,0.0,1.6619999999999995
2.188,3,12.794552,255,open,1.0,2.1879999999999993
2.368,3,12.795446,275,open,1.0,2.3679999999999994
2.368,3,12.796394,275,open,1.0,2.3679999999999994
2.451,3,12.79732,195,open,1.0,2.4509999999999996
2.451,3,12.798209,195,open,1.0,2.4509999999999996
-3.685,3,12.799159,195,closed,0.0,-3.6850000000000005
2.451,3,12.800069,195,open,1.0,2.4509999999999996
2.202,3,12.800977,275,closed,0.0,2.201999999999999
2.368,3,12.801922,275,open,1.0,2.3679999999999994
2.202,3,12.802803,275,closed,0.0,2.201999999999999
2.202,3,12.803752,275,closed,0.0,2.201999999999999
2.188,3,12.80468,255,open,1.0,2.1879999999999993
2.451,3,12.805575,195,open,1.0,2.4509999999999996
2.188,3,12.806524,255,open,1.0,2.1879999999999993
2.368,3,12.807429,275,open,1.0,2.3679999999999994
1.662,3,12.808339,255,closed,0.0,1.6619999999999995
2.202,3,12.80927,275,closed,0.0,2.201999999999999
2.188,3,12.810237,255,open,1.0,2.1879999999999993
2.368,3,12.811124,275,open,1.0,2.3679999999999994
2.202,3,12.812077,275,closed,0.0,2.201999999999999
1.662,3,12.812985,255,closed,0.0,1.6619999999999995
2.368,3,12.813885,275,open,1.0,2.3679999999999994
0.439,3,12.814783,195,open,1.0,0.4389999999999996
-3.635,3,12.815683,195,closed,0.0,-3.6350000000000007
1.662,3,12.816571,255,closed,0.0,1.6619999999999995
2.188,3,12.817526,255,open,1.0,2.1879999999999993
2.188,3,12.818483,255,open,1.0,2.1879999999999993
2.368,3,12.819414,275,open,1.0,2.3679999999999994
-3.685,3,12.820341,195,closed,0.0,-3.6850000000000005
2.188,3,12.821242,255,open,1.0,2.1879999999999993
2.188,3,12.822144,275,open,1.0,2.1879999999999993
2.188,3,12.823086,275,open,1.0,2.1879999999999993
-3.735,3,12.823979,195,closed,0.0,-3.7350000000000003
2.451,3,12.82487,195,open,1.0,2.4509999999999996
-3.635,3,12.825824,195,closed,0.0,-3.6350000000000007
1.662,3,12.826742,255,closed,0.0,1.6619999999999995
2.188,3,12.827726,255,open,1.0,2.1879999999999993
1.662,3,12.82864,255,closed,0.0,1.6619999999999995
2.202,3,12.829591,275,closed,0.0,2.201999999999999
1.662,3,12.830493,255,closed,0.0,1.6619999999999995
2.451,3,12.831407,195,open,1.0,2.4509999999999996
1.662,3,12.832338,255,closed,0.0,1.6619999999999995
-3.685,3,12.833249,195,closed,0.0,-3.6850000000000005
1.662,3,12.834143,255,closed,0.0,1.6619999999999995
2.202,3,12.83507,275,closed,0.0,2.201999999999999
2.368,3,12.835957,275,open,1.0,2.3679999999999994
2.451,3,12.836869,195,open,1.0,2.4509999999999996
2.368,3,12.837771,275,open,1.0,2.3679999999999994
1.662,3,12.838669,255,closed,0.0,1.6619999999999995
-3.685,3,12.839634,195,closed,0.0,-3.6850000000000005
2.188,3,12.840579,255,open,1.0,2.1879999999999993
2.188,3,12.84151,255,open,1.0,2.1879999999999993
2.188,3,12.842425,255,open,1.0,2.1879999999999993
2.368,3,12.843354,275,open,1.0,2.3679999999999994
1.662,3,12.844315,255,closed,0.0,1.6619999999999995
2.188,3,12.845245,255,open,1.0,2.1879999999999993
2.451,3,12.846137,195,open,1.0,2.4509999999999996
1.662,3,12.84708,255,closed,0.0,1.6619999999999995
2.202,3,12.847967,275,closed,0.0,2.201999999999999
1.662,3,12.848887,255,closed,0.0,1.6619999999999995
2.202,3,12.84979,275,closed,0.0,2.201999999999999
-3.735,3,13.013922,195,closed,0.0,-3.7350000000000003
-3.585,3,13.01558,195,closed,0.0,-3.585
-3.635,3,13.017158,195,closed,0.0,-3.6350000000000007
2.202,3,13.018723,275,closed,0.0,2.201999999999999
2.188,3,13.02028,255,open,1.0,2.1879999999999993
2.202,3,13.021834,275,closed,0.0,2.201999999999999
-3.635,3,13.023386,195,closed,0.0,-3.6350000000000007
1.662,3,13.024933,255,closed,0.0,1.6619999999999995
-3.635,3,13.026467,195,closed,0.0,-3.6350000000000007
2.202,3,13.028003,275,closed,0.0,2.201999999999999
2.451,3,13.034359,195,open,1.0,2.4509999999999996
2.188,3,13.03583,255,open,1.0,2.1879999999999993
0.143,3,13.037113,275,closed,0.0,0.14299999999999935
2.202,3,13.038332,275,closed,0.0,2.201999999999999
-3.635,3,13.039572,195,closed,0.0,-3.6350000000000007
2.202,3,13.0407,275,closed,0.0,2.201999999999999
2.202,3,13.041898,275,closed,0.0,2.201999999999999
2.202,3,13.04302,275,closed,0.0,2.201999999999999
1.662,3,13.044109,255,closed,0.0,1.6619999999999995
2.188,3,13.045141,255,open,1.0,2.1879999999999993
1.662,3,13.046739,255,closed,0.0,1.6619999999999995
2.368,3,13.048057,275,open,1.0,2.3679999999999994
-3.685,3,13.049273,195,closed,0.0,-3.6850000000000005
2.202,3,13.050403,275,closed,0.0,2.201999999999999
-3.585,3,13.051546,195,closed,0.0,-3.585
2.188,3,13.052611,255,open,1.0,2.1879999999999993
2.188,3,13.053726,255,open,1.0,2.1879999999999993
-3.635,3,13.05479,195,closed,0.0,-3.6350000000000007
2.368,3,13.055838,275,open,1.0,2.3679999999999994
2.188,3,13.056848,255,open,1.0,2.1879999999999993
2.368,3,13.05788,275,open,1.0,2.3679999999999994
-3.635,3,13.058869,195,closed,0.0,-3.6350000000000007
2.202,3,13.059829,275,closed,0.0,2.201999999999999
-3.735,3,13.060857,195,closed,0.0,-3.7350000000000003
2.451,3,13.061823,195,open,1.0,2.4509999999999996
2.368,3,13.062791,275,open,1.0,2.3679999999999994
2.368,3,13.063752,275,open,1.0,2.3679999999999994
1.662,3,13.064691,255,closed,0.0,1.6619999999999995
2.368,3,13.065629,275,open,1.0,2.3679999999999994
2.368,3,13.066617,275,open,1.0,2.3679999999999994
1.662,3,13.067556,255,closed,0.0,1.6619999999999995
2.188,3,13.068496,255,open,1.0,2.1879999999999993
1.662,3,13.069431,255,closed,0.0,1.6619999999999995
1.662,3,13.070341,255,closed,0.0,1.6619999999999995
2.285,3,13.071259,275,open,1.0,2.2849999999999993
1.662,3,13.072236,255,closed,0.0,1.6619999999999995
1.662,3,13.073139,255,closed,0.0,1.6619999999999995
-3.635,3,13.074101,195,closed,0.0,-3.6350000000000007
2.451,3,13.075009,195,open,1.0,2.4509999999999996
1.662,3,13.075991,255,closed,0.0,1.6619999999999995
-3.635,3,13.076903,195,closed,0.0,-3.6350000000000007
2.188,3,13.077833,255,open,1.0,2.1879999999999993
2.188,3,13.078739,255,open,1.0,2.1879999999999993
2.202,3,13.079646,275,closed,0.0,2.201999999999999
-3.635,3,13.080584,195,closed,0.0,-3.6350000000000007
2.451,3,13.081476,195,open,1.0,2.4509999999999996
2.202,3,13.082441,275,closed,0.0,2.201999999999999
2.451,3,13.083395,195,open,1.0,2.4509999999999996
-3.635,3,13.084308,195,closed,0.0,-3.6350000000000007
2.451,3,13.085221,195,open,1.0,2.4509999999999996
-3.685,3,13.086131,195,closed,0.0,-3.6850000000000005
2.188,3,13.087006,255,open,1.0,2.1879999999999993
2.188,3,13.08789,255,open,1.0,2.1879999999999993
2.451,3,13.088835,195,open,1.0,2.4509999999999996
2.368,3,13.089739,275,open,1.0,2.3679999999999994
2.188,3,13.090628,255,open,1.0,2.1879999999999993
2.368,3,13.091511,275,open,1.0,2.3679999999999994
2.368,3,13.092383,275,open,1.0,2.3679999999999994
1.662,3,13.093267,255,closed,0.0,1.6619999999999995
2.188,3,13.094208,255,open,1.0,2.1879999999999993
1.662,3,13.095115,255,closed,0.0,1.6619999999999995
2.188,3,13.096014,255,open,1.0,2.1879999999999993
-3.635,3,13.096911,195,closed,0.0,-3.6350000000000007
2.368,3,13.097854,275,open,1.0,2.3679999999999994
2.368,3,13.098744,275,open,1.0,2.3679999999999994
2.368,3,13.099631,275,open,1.0,2.3679999999999994
2.188,3,13.100554,255,open,1.0,2.1879999999999993
-3.635,3,13.101436,195,closed,0.0,-3.6350000000000007
-3.685,3,13.102323,195,closed,0.0,-3.6850000000000005
1.662,3,13.103222,255,closed,0.0,1.6619999999999995
2.188,3,13.104116,255,open,1.0,2.1879999999999993
2.368,3,13.105,275,open,1.0,2.3679999999999994
2.451,3,13.105931,195,open,1.0,2.4509999999999996
2.451,3,13.106803,195,open,1.0,2.4509999999999996
2.202,3,13.107694,275,closed,0.0,2.201999999999999
0.143,3,13.1086,275,closed,0.0,0.14299999999999935
2.202,3,13.109551,275,closed,0.0,2.201999999999999
2.368,3,13.110443,275,open,1.0,2.3679999999999994
2.188,3,13.111394,255,open,1.0,2.1879999999999993
1.662,3,13.112287,255,closed,0.0,1.6619999999999995
2.202,3,13.113187,275,closed,0.0,2.201999999999999
2.368,3,13.114115,275,open,1.0,2.3679999999999994
2.368,3,13.114987,275,open,1.0,2.3679999999999994
1.662,3,13.115906,255,closed,0.0,1.6619999999999995
2.202,3,13.116791,275,closed,0.0,2.201999999999999
-3.685,3,13.117662,195,closed,0.0,-3.6850000000000005
2.451,3,13.118596,195,open,1.0,2.4509999999999996
-3.685,3,13.119493,195,closed,0.0,-3.6850000000000005
2.188,3,13.120384,255,open,1.0,2.1879999999999993
2.368,3,13.121328,275,open,1.0,2.3679999999999994
1.662,3,13.122251,255,closed,0.0,1.6619999999999995
2.368,3,13.123166,275,open,1.0,2.3679999999999994
-3.735,3,13.124027,195,closed,0.0,-3.7350000000000003
2.188,3,13.124969,255,open,1.0,2.1879999999999993
1.662,3,13.125855,255,closed,0.0,1.6619999999999995
-3.685,3,13.126777,195,closed,0.0,-3.6850000000000005
2.202,3,13.127681,275,closed,0.0,2.201999999999999
1.662,3,13.128578,255,closed,0.0,1.6619999999999995
2.188,3,13.12946,255,open,1.0,2.1879999999999993
2.451,3,13.130361,195,open,1.0,2.4509999999999996
-3.685,3,13.131251,195,closed,0.0,-3.6850000000000005
2.368,3,13.132129,275,open,1.0,2.3679999999999994
-3.735,3,13.133065,195,closed,0.0,-3.7350000000000003
2.188,3,13.133947,255,open,1.0,2.1879999999999993
2.188,3,13.134847,255,open,1.0,2.1879999999999993
2.368,3,13.135713,275,open,1.0,2.3679999999999994
-3.685,3,13.136624,195,closed,0.0,-3.6850000000000005
-3.635,3,13.137503,195,closed,0.0,-3.6350000000000007
2.202,3,13.138484,275,closed,0.0,2.201999999999999
0.439,3,13.139398,195,open,1.0,0.4389999999999996
-3.685,3,13.140301,195,closed,0.0,-3.6850000000000005
2.451,3,13.14118,195,open,1.0,2.4509999999999996
-3.685,3,13.142102,195,closed,0.0,-3.6850000000000005
-3.685,3,13.14301,195,closed,0.0,-3.6850000000000005
-3.685,3,13.143925,195,closed,0.0,-3.6850000000000005
1.662,3,13.144794,255,closed,0.0,1.6619999999999995
2.202,3,13.145741,275,closed,0.0,2.201999999999999
-3.685,3,13.14666,195,closed,0.0,-3.6850000000000005
2.451,3,13.147551,195,open,1.0,2.4509999999999996
-3.635,3,13.148493,195,closed,0.0,-3.6350000000000007
2.202,3,13.149376,275,closed,0.0,2.201999999999999
2.202,3,13.150262,275,closed,0.0,2.201999999999999
2.188,3,13.151193,275,open,1.0,2.1879999999999993
2.188,3,13.152086,255,open,1.0,2.1879999999999993
1.662,3,13.152962,255,closed,0.0,1.6619999999999995
-3.685,3,13.15389,195,closed,0.0,-3.6850000000000005
2.368,3,13.154767,275,open,1.0,2.3679999999999994
2.188,3,13.155711,255,open,1.0,2.1879999999999993
-3.635,3,13.15659,195,closed,0.0,-3.6350000000000007
2.188,3,13.157528,255,open,1.0,2.1879999999999993
2.368,3,13.158406,275,open,1.0,2.3679999999999994
2.368,3,13.15933,275,open,1.0,2.3679999999999994
2.188,3,13.16021,255,open,1.0,2.1879999999999993
2.202,3,13.161142,275,closed,0.0,2.201999999999999
2.188,3,13.162045,255,open,1.0,2.1879999999999993
2.202,3,13.162937,275,closed,0.0,2.201999999999999
2.188,3,13.163876,255,open,1.0,2.1879999999999993
-3.635,3,13.164744,195,closed,0.0,-3.6350000000000007
1.662,3,13.165654,255,closed,0.0,1.6619999999999995
-3.635,3,13.16652,195,closed,0.0,-3.6350000000000007
2.188,3,13.167455,255,open,1.0,2.1879999999999993
2.368,3,13.168343,275,open,1.0,2.3679999999999994
2.285,3,13.169235,275,open,1.0,2.2849999999999993
2.188,3,13.170112,255,open,1.0,2.1879999999999993
1.662,3,13.170993,255,closed,0.0,1.6619999999999995
2.202,3,13.171929,275,closed,0.0,2.201999999999999
1.662,3,13.172836,255,closed,0.0,1.6619999999999995
2.188,3,13.173731,255,open,1.0,2.1879999999999993
2.285,3,13.174633,275,open,1.0,2.2849999999999993
1.662,3,13.175501,255,closed,0.0,1.6619999999999995
2.451,3,13.176431,195,open,1.0,2.4509999999999996
-3.635,3,13.177363,195,closed,0.0,-3.6350000000000007
2.285,3,13.17825,275,open,1.0,2.2849999999999993
-3.835,3,13.179178,195,closed,0.0,-3.835
2.451,3,13.180063,195,open,1.0,2.4509999999999996
-3.835,3,13.180951,195,closed,0.0,-3.835
2.202,3,13.181842,275,closed,0.0,2.201999999999999
-3.735,3,13.182719,195,closed,0.0,-3.7350000000000003
1.662,3,13.1836,255,closed,0.0,1.6619999999999995
2.188,3,13.184481,255,open,1.0,2.1879999999999993
