#{"t_start": 1789872894.6831124, "env_id": "None"}
r,l,t,curriculum_stage,curriculum_task,curriculum_prefix,deadline,gate_state,belief_open,trial_return
2.94,6,0.932503,0,d19_detour,16,19,closed,0.0,2.94
1.47,3,0.939106,0,d17_medium,14,17,closed,0.0,1.47
2.94,6,0.946741,0,d15_direct,12,15,open,1.0,2.94
2.94,6,0.954656,0,d15_direct,12,15,open,1.0,2.94
2.94,6,0.962803,0,d17_medium,14,17,closed,0.0,2.94
2.94,6,0.971244,0,d17_medium,14,17,closed,0.0,2.94
2.94,6,0.979263,0,d17_medium,14,17,closed,0.0,2.94
1.47,3,0.986267,0,d19_detour,16,19,closed,0.0,1.47
1.47,3,0.993071,0,d17_medium,14,17,closed,0.0,1.47
0.93,7,1.002102,0,d19_detour,16,19,closed,0.0,0.9299999999999999
2.94,6,1.010609,0,d19_detour,16,19,closed,0.0,2.94
2.94,6,1.017875,0,d15_direct,12,15,open,1.0,2.94
2.94,6,1.025245,0,d15_direct,12,15,open,1.0,2.94
1.47,3,1.031138,0,d15_direct,12,15,open,1.0,1.47
2.94,6,1.038578,0,d15_direct,12,15,open,1.0,2.94
2.94,6,1.045999,0,d15_direct,12,15,open,1.0,2.94
2.94,6,1.053424,0,d15_direct,12,15,open,1.0,2.94
2.94,6,1.061437,0,d17_medium,14,17,closed,0.0,2.94
2.94,6,1.069955,0,d19_detour,16,19,closed,0.0,2.94
2.94,6,1.078502,0,d19_detour,16,19,closed,0.0,2.94
2.94,6,1.086963,0,d19_detour,16,19,closed,0.0,2.94
1.47,3,1.09406,0,d19_detour,16,19,closed,0.0,1.47
2.94,6,1.102831,0,d17_medium,14,17,closed,0.0,2.94
2.94,6,1.11237,0,d19_detour,16,19,closed,0.0,2.94
2.94,6,1.12062,0,d17_medium,14,17,closed,0.0,2.94
2.94,6,1.128927,0,d17_medium,14,17,closed,0.0,2.94
2.94,6,1.137355,0,d17_medium,14,17,closed,0.0,2.94
2.94,6,1.145254,0,d17_medium,14,17,closed,0.0,2.94
2.94,6,1.153796,0,d19_detour,16,19,closed,0.0,2.94
2.94,6,1.161842,0,d17_medium,14,17,closed,0.0,2.94
1.47,3,1.16766,0,d15_direct,12,15,open,1.0,1.47
2.94,6,1.176239,0,d19_detour,16,19,closed,0.0,2.94
2.94,6,1.183646,0,d15_direct,12,15,open,1.0,2.94
2.94,6,1.190961,0,d15_direct,12,15,open,1.0,2.94
2.94,6,1.198938,0,d15_direct,12,15,open,1.0,2.94
1.47,3,1.204964,0,d15_direct,12,15,open,1.0,1.47
1.47,3,1.212011,0,d19_detour,16,19,closed,0.0,1.47
2.94,6,1.220005,0,d17_medium,14,17,closed,0.0,2.94
1.47,3,1.227867,0,d19_detour,16,19,closed,0.0,1.47
1.47,3,1.235266,0,d19_detour,16,19,closed,0.0,1.47
1.47,3,1.241747,0,d17_medium,14,17,closed,0.0,1.47
1.47,3,1.248282,0,d17_medium,14,17,closed,0.0,1.47
2.94,6,1.25626,0,d17_medium,14,17,closed,0.0,2.94
2.94,6,1.264293,0,d17_medium,14,17,closed,0.0,2.94
0.93,7,1.274206,0,d19_detour,16,19,closed,0.0,0.9299999999999999
2.94,6,1.281727,0,d15_direct,12,15,open,1.0,2.94
2.94,6,1.289733,0,d17_medium,14,17,closed,0.0,2.94
2.94,6,1.297775,0,d15_direct,12,15,open,1.0,2.94
2.94,6,1.306055,0,d17_medium,14,17,closed,0.0,2.94
2.94,6,1.314025,0,d17_medium,14,17,closed,0.0,2.94
2.94,6,1.322758,0,d15_direct,12,15,open,1.0,2.94
2.94,6,1.330841,0,d17_medium,14,17,closed,0.0,2.94
2.94,6,1.338886,0,d17_medium,14,17,closed,0.0,2.94
2.94,6,1.347353,0,d19_detour,16,19,closed,0.0,2.94
2.94,6,1.355343,0,d17_medium,14,17,closed,0.0,2.94
2.94,6,1.36323,0,d17_medium,14,17,closed,0.0,2.94
2.94,6,1.370704,0,d15_direct,12,15,open,1.0,2.94
2.94,6,1.378899,0,d17_medium,14,17,closed,0.0,2.94
1.47,3,1.386083,0,d19_detour,16,19,closed,0.0,1.47
2.94,6,1.394898,0,d19_detour,16,19,closed,0.0,2.94
2.94,6,1.403573,0,d19_detour,16,19,closed,0.0,2.94
1.47,3,1.410633,0,d19_detour,16,19,closed,0.0,1.47
2.94,6,1.417967,0,d15_direct,12,15,open,1.0,2.94
2.94,6,1.42645,1,d19_detour,16,19,closed,0.0,2.94
2.94,6,1.434497,1,d17_medium,14,17,closed,0.0,2.94
2.94,6,1.441854,1,d15_direct,12,15,open,1.0,2.94
2.94,6,1.450721,1,d17_medium,14,17,closed,0.0,2.94
1.47,3,1.457769,1,d19_detour,15,19,closed,0.0,1.47
2.91,9,1.467577,1,d19_detour,15,19,closed,0.0,2.91
2.91,9,1.477364,1,d19_detour,15,19,closed,0.0,2.91
2.94,6,1.48527,1,d17_medium,14,17,closed,0.0,2.94
2.94,6,1.493578,1,d17_medium,14,17,closed,0.0,2.94
2.91,9,1.503591,1,d19_detour,15,19,closed,0.0,2.91
2.94,6,1.511026,1,d15_direct,12,15,open,1.0,2.94
2.94,6,1.519781,1,d17_medium,14,17,closed,0.0,2.94
1.47,3,1.525836,1,d15_direct,12,15,open,1.0,1.47
2.94,6,1.53361,1,d15_direct,12,15,open,1.0,2.94
2.91,9,1.54395,1,d19_detour,15,19,closed,0.0,2.91
2.94,6,1.551822,1,d15_direct,12,15,open,1.0,2.94
1.47,3,1.557827,1,d15_direct,12,15,open,1.0,1.47
2.94,6,1.566606,1,d17_medium,14,17,closed,0.0,2.94
2.94,6,1.575975,1,d17_medium,14,17,closed,0.0,2.94
2.94,6,1.583779,1,d15_direct,12,15,open,1.0,2.94
1.47,3,1.590265,1,d17_medium,14,17,closed,0.0,1.47
1.47,3,1.596139,1,d15_direct,12,15,open,1.0,1.47
1.47,3,1.602954,1,d19_detour,15,19,closed,0.0,1.47
2.91,9,1.613472,1,d19_detour,15,19,closed,0.0,2.91
2.94,6,1.621169,1,d15_direct,12,15,open,1.0,2.94
2.91,9,1.631439,1,d19_detour,15,19,closed,0.0,2.91
2.91,9,1.643261,1,d19_detour,15,19,closed,0.0,2.91
2.94,6,1.651517,1,d17_medium,14,17,closed,0.0,2.94
2.94,6,1.659635,1,d17_medium,14,17,closed,0.0,2.94
2.91,9,1.67046,1,d19_detour,15,19,closed,0.0,2.91
2.91,9,1.68084,1,d19_detour,15,19,closed,0.0,2.91
2.94,6,1.688576,1,d15_direct,12,15,open,1.0,2.94
1.47,3,1.695369,1,d17_medium,14,17,closed,0.0,1.47
2.91,9,1.705398,1,d19_detour,15,19,closed,0.0,2.91
1.47,3,1.711815,1,d17_medium,14,17,closed,0.0,1.47
0.83,7,1.72041,1,d17_medium,14,17,closed,0.0,0.8299999999999998
2.91,9,1.730394,1,d19_detour,15,19,closed,0.0,2.91
2.94,6,1.737839,1,d15_direct,12,15,open,1.0,2.94
1.47,3,1.743804,1,d15_direct,12,15,open,1.0,1.47
2.94,6,1.751228,1,d15_direct,12,15,open,1.0,2.94
2.94,6,1.75938,1,d17_medium,14,17,closed,0.0,2.94
1.47,3,1.765826,1,d17_medium,14,17,closed,0.0,1.47
2.91,9,1.775667,1,d19_detour,15,19,closed,0.0,2.91
2.94,6,1.783748,1,d17_medium,14,17,closed,0.0,2.94
2.94,6,1.791135,1,d15_direct,12,15,open,1.0,2.94
2.94,6,1.798628,1,d15_direct,12,15,open,1.0,2.94
2.94,6,1.806727,1,d17_medium,14,17,closed,0.0,2.94
2.94,6,1.814128,1,d15_direct,12,15,open,1.0,2.94
2.94,6,1.821667,1,d15_direct,12,15,open,1.0,2.94
2.94,6,1.82982,1,d17_medium,14,17,closed,0.0,2.94
2.91,9,1.839662,1,d19_detour,15,19,closed,0.0,2.91
2.94,6,1.848483,1,d17_medium,14,17,closed,0.0,2.94
1.47,3,1.855282,1,d19_detour,15,19,closed,0.0,1.47
2.94,6,1.862695,1,d15_direct,12,15,open,1.0,2.94
2.91,9,1.872659,2,d19_detour,15,19,closed,0.0,2.91
2.94,6,1.880783,2,d17_medium,14,17,closed,0.0,2.94
2.88,12,1.891991,2,d19_detour,14,19,closed,0.0,2.88
1.47,3,1.89847,2,d17_medium,14,17,closed,0.0,1.47
1.47,3,1.905039,2,d19_detour,14,19,closed,0.0,1.47
2.94,6,1.912793,2,d15_direct,12,15,open,1.0,2.94
1.47,3,1.919471,2,d19_detour,14,19,closed,0.0,1.47
2.88,12,1.93069,2,d19_detour,14,19,closed,0.0,2.88
2.94,6,1.940951,2,d17_medium,14,17,closed,0.0,2.94
1.47,3,1.949227,2,d19_detour,14,19,closed,0.0,1.47
2.94,6,1.957592,2,d17_medium,14,17,closed,0.0,2.94
1.47,3,1.964164,2,d19_detour,14,19,closed,0.0,1.47
2.94,6,1.972212,2,d17_medium,14,17,closed,0.0,2.94
1.47,3,1.978096,2,d15_direct,12,15,open,1.0,1.47
2.94,6,1.986217,2,d17_medium,14,17,closed,0.0,2.94
2.88,12,1.997313,2,d19_detour,14,19,closed,0.0,2.88
0.87,13,2.009053,2,d19_detour,14,19,closed,0.0,0.8699999999999999
2.88,12,2.020833,2,d19_detour,14,19,closed,0.0,2.88
1.47,3,2.027133,2,d15_direct,12,15,open,1.0,1.47
2.94,6,2.035866,2,d17_medium,14,17,closed,0.0,2.94
2.94,6,2.043888,2,d17_medium,14,17,closed,0.0,2.94
2.94,6,2.051438,2,d15_direct,12,15,open,1.0,2.94
2.94,6,2.05942,2,d15_direct,12,15,open,1.0,2.94
2.94,6,2.067883,2,d15_direct,12,15,open,1.0,2.94
1.47,3,2.073972,2,d15_direct,12,15,open,1.0,1.47
1.47,3,2.080588,2,d19_detour,14,19,closed,0.0,1.47
2.88,12,2.091924,2,d19_detour,14,19,closed,0.0,2.88
2.88,12,2.103057,2,d19_detour,14,19,closed,0.0,2.88
2.88,12,2.114227,2,d19_detour,14,19,closed,0.0,2.88
2.94,6,2.121741,2,d15_direct,12,15,open,1.0,2.94
1.47,3,2.128327,2,d19_detour,14,19,closed,0.0,1.47
1.47,3,2.134826,2,d17_medium,14,17,closed,0.0,1.47
2.94,6,2.142295,2,d15_direct,12,15,open,1.0,2.94
2.88,12,2.153584,2,d19_detour,14,19,closed,0.0,2.88
1.47,3,2.160126,2,d17_medium,14,17,closed,0.0,1.47
2.94,6,2.16765,2,d15_direct,12,15,open,1.0,2.94
2.88,12,2.178914,2,d19_detour,14,19,closed,0.0,2.88
2.94,6,2.186826,2,d15_direct,12,15,open,1.0,2.94
2.94,6,2.194942,2,d17_medium,14,17,closed,0.0,2.94
2.94,6,2.202569,2,d15_direct,12,15,open,1.0,2.94
1.47,3,2.208448,2,d15_direct,12,15,open,1.0,1.47
2.88,12,2.220268,2,d19_detour,14,19,closed,0.0,2.88
0.87,13,2.232117,2,d19_detour,14,19,closed,0.0,0.8699999999999999
2.94,6,2.240232,2,d17_medium,14,17,closed,0.0,2.94
2.94,6,2.248358,2,d15_direct,12,15,open,1.0,2.94
2.94,6,2.25699,2,d17_medium,14,17,closed,0.0,2.94
2.94,6,2.265058,2,d17_medium,14,17,closed,0.0,2.94
2.88,12,2.276979,2,d19_detour,14,19,closed,0.0,2.88
1.47,3,2.283408,2,d17_medium,14,17,closed,0.0,1.47
2.94,6,2.291943,2,d17_medium,14,17,closed,0.0,2.94
2.88,12,2.303581,2,d19_detour,14,19,closed,0.0,2.88
2.88,12,2.315012,2,d19_detour,14,19,closed,0.0,2.88
2.88,12,2.326249,2,d19_detour,14,19,closed,0.0,2.88
2.94,6,2.333632,2,d15_direct,12,15,open,1.0,2.94
1.47,3,2.340185,2,d17_medium,14,17,closed,0.0,1.47
0.87,13,2.351846,2,d19_detour,14,19,closed,0.0,0.8699999999999999
2.88,12,2.362942,2,d19_detour,14,19,closed,0.0,2.88
2.88,12,2.374088,2,d19_detour,14,19,closed,0.0,2.88
1.47,3,2.381069,2,d15_direct,12,15,open,1.0,1.47
2.94,6,2.389653,2,d17_medium,14,17,closed,0.0,2.94
2.94,6,2.397764,2,d17_medium,14,17,closed,0.0,2.94
2.94,6,2.405825,2,d17_medium,14,17,closed,0.0,2.94
1.47,3,2.411806,2,d15_direct,12,15,open,1.0,1.47
2.94,6,2.420682,2,d17_medium,14,17,closed,0.0,2.94
1.47,3,2.427217,2,d19_detour,14,19,closed,0.0,1.47
2.94,6,2.435578,2,d17_medium,14,17,closed,0.0,2.94
2.88,12,2.446706,2,d19_detour,14,19,closed,0.0,2.88
2.94,6,2.454048,2,d15_direct,12,15,open,1.0,2.94
2.88,12,2.465646,2,d19_detour,14,19,closed,0.0,2.88
2.94,6,2.473729,2,d17_medium,14,17,closed,0.0,2.94
2.88,12,2.484934,2,d19_detour,14,19,closed,0.0,2.88
2.94,6,2.493007,2,d17_medium,14,17,closed,0.0,2.94
2.88,12,2.504625,2,d19_detour,14,19,closed,0.0,2.88
2.94,6,2.512073,2,d15_direct,12,15,open,1.0,2.94
2.88,12,2.523348,2,d19_detour,14,19,closed,0.0,2.88
1.47,3,2.529787,2,d17_medium,14,17,closed,0.0,1.47
2.94,6,2.537929,2,d17_medium,14,17,closed,0.0,2.94
2.88,12,2.54916,2,d19_detour,14,19,closed,0.0,2.88
2.94,6,2.556563,3,d15_direct,12,15,open,1.0,2.94
2.91,9,2.565984,3,d17_medium,13,17,closed,0.0,2.91
1.47,3,2.572891,3,d17_medium,13,17,closed,0.0,1.47
2.94,6,2.581206,3,d15_direct,12,15,open,1.0,2.94
2.85,15,2.594214,3,d19_detour,13,19,closed,0.0,2.8499999999999996
2.91,9,2.605032,3,d17_medium,13,17,closed,0.0,2.91
1.47,3,2.61135,3,d19_detour,13,19,closed,0.0,1.47
2.94,6,2.618777,3,d15_direct,12,15,open,1.0,2.94
2.85,15,2.631798,3,d19_detour,13,19,closed,0.0,2.8499999999999996
2.85,15,2.644603,3,d19_detour,13,19,closed,0.0,2.8499999999999996
2.91,9,2.654167,3,d17_medium,13,17,closed,0.0,2.91
1.47,3,2.660388,3,d15_direct,12,15,open,1.0,1.47
2.91,9,2.670668,3,d17_medium,13,17,closed,0.0,2.91
2.85,15,2.683185,3,d19_detour,13,19,closed,0.0,2.8499999999999996
2.85,15,2.695637,3,d19_detour,13,19,closed,0.0,2.8499999999999996
2.85,15,2.708107,3,d19_detour,13,19,closed,0.0,2.8499999999999996
2.94,6,2.715689,3,d15_direct,12,15,open,1.0,2.94
2.85,15,2.728155,3,d19_detour,13,19,closed,0.0,2.8499999999999996
2.94,6,2.736381,3,d15_direct,12,15,open,1.0,2.94
2.94,6,2.743857,3,d15_direct,12,15,open,1.0,2.94
1.47,3,2.7502,3,d17_medium,13,17,closed,0.0,1.47
2.94,6,2.757645,3,d15_direct,12,15,open,1.0,2.94
1.47,3,2.763771,3,d19_detour,13,19,closed,0.0,1.47
2.85,15,2.776258,3,d19_detour,13,19,closed,0.0,2.8499999999999996
2.85,15,2.789145,3,d19_detour,13,19,closed,0.0,2.8499999999999996
1.47,3,2.795314,3,d17_medium,13,17,closed,0.0,1.47
2.85,15,2.807718,3,d19_detour,13,19,closed,0.0,2.8499999999999996
1.47,3,2.814004,3,d17_medium,13,17,closed,0.0,1.47
2.94,6,2.82159,3,d15_direct,12,15,open,1.0,2.94
2.88,7,2.829587,3,d15_direct,12,15,open,1.0,2.88
1.47,3,2.835766,3,d19_detour,13,19,closed,0.0,1.47
1.47,3,2.842095,3,d19_detour,13,19,closed,0.0,1.47
2.91,9,2.85155,3,d17_medium,13,17,closed,0.0,2.91
2.91,9,2.861155,3,d17_medium,13,17,closed,0.0,2.91
2.85,15,2.873728,3,d19_detour,13,19,closed,0.0,2.8499999999999996
1.47,3,2.879649,3,d15_direct,12,15,open,1.0,1.47
2.94,6,2.887158,3,d15_direct,12,15,open,1.0,2.94
2.91,9,2.896457,3,d17_medium,13,17,closed,0.0,2.91
2.91,9,2.905883,3,d17_medium,13,17,closed,0.0,2.91
2.94,6,2.91358,3,d15_direct,12,15,open,1.0,2.94
2.94,6,2.921555,3,d15_direct,12,15,open,1.0,2.94
2.85,15,2.934397,3,d19_detour,13,19,closed,0.0,2.8499999999999996
2.94,6,2.94181,3,d15_direct,12,15,open,1.0,2.94
2.91,9,2.951207,3,d17_medium,13,17,closed,0.0,2.91
1.47,3,2.957359,3,d19_detour,13,19,closed,0.0,1.47
2.85,15,2.969857,3,d19_detour,13,19,closed,0.0,2.8499999999999996
2.85,15,2.982873,3,d19_detour,13,19,closed,0.0,2.8499999999999996
1.47,3,2.989609,3,d19_detour,13,19,closed,0.0,1.47
1.47,3,2.995544,3,d15_direct,12,15,open,1.0,1.47
1.47,3,3.001444,3,d15_direct,12,15,open,1.0,1.47
2.91,9,3.01093,3,d17_medium,13,17,closed,0.0,2.91
2.85,15,3.02341,3,d19_detour,13,19,closed,0.0,2.8499999999999996
2.94,6,3.030887,3,d15_direct,12,15,open,1.0,2.94
2.85,15,3.043316,3,d19_detour,13,19,closed,0.0,2.8499999999999996
2.94,6,3.050768,3,d15_direct,12,15,open,1.0,2.94
1.47,3,3.056703,3,d15_direct,12,15,open,1.0,1.47
2.85,15,3.069329,3,d19_detour,13,19,closed,0.0,2.8499999999999996
2.91,9,3.07866,3,d17_medium,13,17,closed,0.0,2.91
1.47,3,3.085029,3,d17_medium,13,17,closed,0.0,1.47
2.94,6,3.092502,3,d15_direct,12,15,open,1.0,2.94
1.47,3,3.098525,3,d15_direct,12,15,open,1.0,1.47
2.91,9,3.10791,3,d17_medium,13,17,closed,0.0,2.91
2.85,15,3.121234,3,d19_detour,13,19,closed,0.0,2.8499999999999996
2.94,6,3.128767,3,d15_direct,12,15,open,1.0,2.94
2.91,9,3.138308,3,d17_medium,13,17,closed,0.0,2.91
2.91,9,3.147518,4,d17_medium,13,17,closed,0.0,2.91
2.82,18,3.161955,4,d19_detour,12,19,closed,0.0,2.82
2.88,12,3.172814,4,d17_medium,12,17,closed,0.0,2.88
1.47,3,3.178787,4,d19_detour,12,19,closed,0.0,1.47
1.47,3,3.184814,4,d17_medium,12,17,closed,0.0,1.47
2.82,18,3.198958,4,d19_detour,12,19,closed,0.0,2.82
1.47,3,3.205085,4,d19_detour,12,19,closed,0.0,1.47
2.88,12,3.21581,4,d17_medium,12,17,closed,0.0,2.88
1.47,3,3.221877,4,d19_detour,12,19,closed,0.0,1.47
2.94,6,3.229444,4,d15_direct,12,15,open,1.0,2.94
2.88,12,3.240391,4,d17_medium,12,17,closed,0.0,2.88
2.82,18,3.254363,4,d19_detour,12,19,closed,0.0,2.82
2.88,12,3.265182,4,d17_medium,12,17,closed,0.0,2.88
2.94,6,3.272758,4,d15_direct,12,15,open,1.0,2.94
2.88,12,3.283565,4,d17_medium,12,17,closed,0.0,2.88
2.82,18,3.297402,4,d19_detour,12,19,closed,0.0,2.82
2.82,18,3.311392,4,d19_detour,12,19,closed,0.0,2.82
2.82,18,3.325392,4,d19_detour,12,19,closed,0.0,2.82
2.94,6,3.332888,4,d15_direct,12,15,open,1.0,2.94
2.82,18,3.346727,4,d19_detour,12,19,closed,0.0,2.82
1.47,3,3.352667,4,d15_direct,12,15,open,1.0,1.47
2.88,12,3.363342,4,d17_medium,12,17,closed,0.0,2.88
2.94,6,3.371182,4,d15_direct,12,15,open,1.0,2.94
2.94,6,3.378769,4,d15_direct,12,15,open,1.0,2.94
2.94,6,3.38627,4,d15_direct,12,15,open,1.0,2.94
1.47,3,3.392226,4,d19_detour,12,19,closed,0.0,1.47
2.94,6,3.399755,4,d15_direct,12,15,open,1.0,2.94
2.88,12,3.628941,4,d17_medium,12,17,closed,0.0,2.88
2.82,18,3.643086,4,d19_detour,12,19,closed,0.0,2.82
2.82,18,3.657064,4,d19_detour,12,19,closed,0.0,2.82
2.82,18,3.670778,4,d19_detour,12,19,closed,0.0,2.82
2.82,13,3.682028,4,d17_medium,12,17,closed,0.0,2.82
0.72,13,3.693283,4,d17_medium,12,17,closed,0.0,0.7199999999999998
2.94,6,3.700688,4,d15_direct,12,15,open,1.0,2.94
2.94,6,3.708231,4,d15_direct,12,15,open,1.0,2.94
2.94,6,3.715749,4,d15_direct,12,15,open,1.0,2.94
2.94,6,3.723278,4,d15_direct,12,15,open,1.0,2.94
2.88,12,3.734055,4,d17_medium,12,17,closed,0.0,2.88
2.82,18,3.747799,4,d19_detour,12,19,closed,0.0,2.82
1.47,3,3.75376,4,d17_medium,12,17,closed,0.0,1.47
2.88,12,3.764676,4,d17_medium,12,17,closed,0.0,2.88
2.82,18,3.778382,4,d19_detour,12,19,closed,0.0,2.82
0.78,7,3.786444,4,d15_direct,12,15,open,1.0,0.7799999999999998
2.88,12,3.797124,4,d17_medium,12,17,closed,0.0,2.88
2.88,7,3.805088,4,d15_direct,12,15,open,1.0,2.88
1.47,3,3.811022,4,d19_detour,12,19,closed,0.0,1.47
2.82,13,3.822243,4,d17_medium,12,17,closed,0.0,2.82
1.47,3,3.828187,4,d19_detour,12,19,closed,0.0,1.47
2.76,19,3.842334,4,d19_detour,12,19,closed,0.0,2.76
0.78,7,3.850683,4,d15_direct,12,15,open,1.0,0.7799999999999998
-0.08,3,3.856884,4,d15_direct,12,15,open,1.0,-0.08000000000000007
1.47,3,3.863404,4,d17_medium,12,17,closed,0.0,1.47
2.82,18,3.87723,4,d19_detour,12,19,closed,0.0,2.82
1.47,3,3.883094,4,d17_medium,12,17,closed,0.0,1.47
0.72,13,3.894378,5,d17_medium,12,17,closed,0.0,0.7199999999999998
1.47,3,3.900028,5,d15_direct,11,15,open,1.0,1.47
2.85,15,3.912167,5,d17_medium,11,17,closed,0.0,2.8499999999999996
2.79,11,3.922008,5,d15_direct,11,15,open,1.0,2.79
2.79,21,3.937149,5,d19_detour,11,19,closed,0.0,2.79
0.69,16,3.949824,5,d17_medium,11,17,closed,0.0,0.6899999999999997
2.79,21,3.965213,5,d19_detour,11,19,closed,0.0,2.79
2.85,15,3.977439,5,d17_medium,11,17,closed,0.0,2.8499999999999996
2.79,21,3.993591,5,d19_detour,11,19,closed,0.0,2.79
2.85,15,4.006293,5,d17_medium,11,17,closed,0.0,2.8499999999999996
2.85,15,4.018686,5,d17_medium,11,17,closed,0.0,2.8499999999999996
2.85,15,4.032156,5,d17_medium,11,17,closed,0.0,2.8499999999999996
2.85,10,4.042006,5,d15_direct,11,15,open,1.0,2.8499999999999996
2.85,15,4.054334,5,d17_medium,11,17,closed,0.0,2.8499999999999996
2.91,9,4.063196,5,d15_direct,11,15,open,1.0,2.91
2.85,15,4.075258,5,d17_medium,11,17,closed,0.0,2.8499999999999996
2.79,21,4.091612,5,d19_detour,11,19,closed,0.0,2.79
2.85,15,4.103656,5,d17_medium,11,17,closed,0.0,2.8499999999999996
0.8,10,4.113022,5,d15_direct,11,15,open,1.0,0.7999999999999998
1.47,3,4.118699,5,d17_medium,11,17,closed,0.0,1.47
0.75,10,4.128271,5,d15_direct,11,15,open,1.0,0.7499999999999998
2.79,21,4.143416,5,d19_detour,11,19,closed,0.0,2.79
2.85,15,4.156351,5,d17_medium,11,17,closed,0.0,2.8499999999999996
1.47,3,4.162048,5,d15_direct,11,15,open,1.0,1.47
2.79,21,4.177185,5,d19_detour,11,19,closed,0.0,2.79
2.79,21,4.192227,5,d19_detour,11,19,closed,0.0,2.79
2.91,9,4.201148,5,d15_direct,11,15,open,1.0,2.91
2.85,15,4.213297,5,d17_medium,11,17,closed,0.0,2.8499999999999996
1.47,3,4.219056,5,d15_direct,11,15,open,1.0,1.47
2.79,16,4.23201,5,d17_medium,11,17,closed,0.0,2.79
2.79,21,4.247524,5,d19_detour,11,19,closed,0.0,2.79
0.74,16,4.26014,5,d17_medium,11,17,closed,0.0,0.7399999999999998
0.69,16,4.273083,5,d17_medium,11,17,closed,0.0,0.6899999999999997
0.9,10,4.282421,5,d15_direct,11,15,open,1.0,0.8999999999999999
1.47,3,4.288154,5,d15_direct,11,15,open,1.0,1.47
0.8,10,4.297687,5,d15_direct,11,15,open,1.0,0.7999999999999998
0.69,11,4.307657,5,d15_direct,11,15,open,1.0,0.6899999999999997
2.79,21,4.322977,5,d19_detour,11,19,closed,0.0,2.79
2.85,15,4.335751,5,d17_medium,11,17,closed,0.0,2.8499999999999996
2.79,21,4.350793,5,d19_detour,11,19,closed,0.0,2.79
2.79,21,4.36592,5,d19_detour,11,19,closed,0.0,2.79
2.79,21,4.381435,5,d19_detour,11,19,closed,0.0,2.79
1.47,3,4.387517,5,d19_detour,11,19,closed,0.0,1.47
2.91,9,4.397261,5,d15_direct,11,15,open,1.0,2.91
1.47,3,4.403289,5,d17_medium,11,17,closed,0.0,1.47
2.85,15,4.416147,5,d17_medium,11,17,closed,0.0,2.8499999999999996
-1.36,11,4.427075,5,d15_direct,11,15,open,1.0,-1.3600000000000003
2.79,21,4.442228,5,d19_detour,11,19,closed,0.0,2.79
2.79,16,4.454796,5,d17_medium,11,17,closed,0.0,2.79
1.47,3,4.4604,5,d17_medium,11,17,closed,0.0,1.47
2.91,9,4.469116,5,d15_direct,11,15,open,1.0,2.91
2.85,10,4.478481,5,d15_direct,11,15,open,1.0,2.8499999999999996
2.79,21,4.494031,5,d19_detour,11,19,closed,0.0,2.79
2.79,21,4.509278,5,d19_detour,11,19,closed,0.0,2.79
1.47,3,4.514936,5,d15_direct,11,15,open,1.0,1.47
2.91,9,4.52366,6,d15_direct,11,15,open,1.0,2.91
2.76,19,4.539105,6,d17_medium,10,17,closed,0.0,2.76
0.72,13,4.549845,6,d15_direct,10,15,open,1.0,0.7199999999999998
2.76,19,4.563694,6,d17_medium,10,17,closed,0.0,2.76
2.76,24,4.580103,6,d19_detour,10,19,closed,0.0,2.76
1.47,3,4.586437,6,d17_medium,10,17,closed,0.0,1.47
1.47,3,4.592315,6,d19_detour,10,19,closed,0.0,1.47
1.47,3,4.598122,6,d19_detour,10,19,closed,0.0,1.47
2.88,12,4.608699,6,d15_direct,10,15,open,1.0,2.88
2.76,19,4.622823,6,d17_medium,10,17,closed,0.0,2.76
1.47,3,4.628179,6,d15_direct,10,15,open,1.0,1.47
-1.5,20,4.642882,6,d17_medium,10,17,closed,0.0,-1.5000000000000004
1.47,3,4.64821,6,d17_medium,10,17,closed,0.0,1.47
1.47,3,4.653615,6,d15_direct,10,15,open,1.0,1.47
2.82,18,4.667128,6,d17_medium,10,17,closed,0.0,2.82
2.82,18,4.681352,6,d17_medium,10,17,closed,0.0,2.82
2.76,24,4.69846,6,d19_detour,10,19,closed,0.0,2.76
2.82,18,4.711755,6,d17_medium,10,17,closed,0.0,2.82
2.76,19,4.725539,6,d17_medium,10,17,closed,0.0,2.76
2.88,12,4.735631,6,d15_direct,10,15,open,1.0,2.88
2.82,13,4.746201,6,d15_direct,10,15,open,1.0,2.82
2.82,13,4.756861,6,d15_direct,10,15,open,1.0,2.82
1.47,3,4.762218,6,d19_detour,10,19,closed,0.0,1.47
2.82,18,4.775587,6,d17_medium,10,17,closed,0.0,2.82
2.88,12,4.786157,6,d15_direct,10,15,open,1.0,2.88
2.76,24,4.80257,6,d19_detour,10,19,closed,0.0,2.76
0.66,19,4.81642,6,d17_medium,10,17,closed,0.0,0.6599999999999997
2.88,12,4.826541,6,d15_direct,10,15,open,1.0,2.88
2.76,24,4.842894,6,d19_detour,10,19,closed,0.0,2.76
-1.44,14,4.853939,6,d15_direct,10,15,open,1.0,-1.4399999999999997
0.72,13,4.865165,6,d15_direct,10,15,open,1.0,0.7199999999999998
2.82,18,4.878535,6,d17_medium,10,17,closed,0.0,2.82
2.88,12,4.888707,6,d15_direct,10,15,open,1.0,2.88
0.72,13,4.899218,6,d15_direct,10,15,open,1.0,0.7199999999999998
2.82,18,4.912587,6,d17_medium,10,17,closed,0.0,2.82
2.82,18,4.925864,6,d17_medium,10,17,closed,0.0,2.82
1.47,3,4.931235,6,d15_direct,10,15,open,1.0,1.47
2.76,19,4.945294,6,d17_medium,10,17,closed,0.0,2.76
0.72,13,4.955984,6,d15_direct,10,15,open,1.0,0.7199999999999998
2.76,24,4.97267,6,d19_detour,10,19,closed,0.0,2.76
0.72,13,4.983316,6,d15_direct,10,15,open,1.0,0.7199999999999998
2.76,24,4.999619,6,d19_detour,10,19,closed,0.0,2.76
1.47,3,5.004963,6,d17_medium,10,17,closed,0.0,1.47
2.76,24,5.021281,6,d19_detour,10,19,closed,0.0,2.76
2.82,13,5.032584,6,d15_direct,10,15,open,1.0,2.82
1.47,3,5.038052,6,d17_medium,10,17,closed,0.0,1.47
2.76,19,5.051959,6,d17_medium,10,17,closed,0.0,2.76
1.47,3,5.057257,6,d17_medium,10,17,closed,0.0,1.47
2.76,24,5.07485,6,d19_detour,10,19,closed,0.0,2.76
0.72,13,5.085439,6,d15_direct,10,15,open,1.0,0.7199999999999998
2.82,18,5.0994,6,d17_medium,10,17,closed,0.0,2.82
2.88,12,5.109427,6,d15_direct,10,15,open,1.0,2.88
1.47,3,5.114832,6,d15_direct,10,15,open,1.0,1.47
1.47,3,5.120207,6,d19_detour,10,19,closed,0.0,1.47
0.72,13,5.130752,6,d15_direct,10,15,open,1.0,0.7199999999999998
0.72,13,5.141168,6,d15_direct,10,15,open,1.0,0.7199999999999998
1.47,3,5.146556,6,d17_medium,10,17,closed,0.0,1.47
1.47,3,5.151829,6,d17_medium,10,17,closed,0.0,1.47
1.47,3,5.157154,6,d19_detour,10,19,closed,0.0,1.47
0.66,19,5.170949,6,d17_medium,10,17,closed,0.0,0.6599999999999997
2.76,24,5.187635,6,d19_detour,10,19,closed,0.0,2.76
2.76,24,5.203926,6,d19_detour,10,19,closed,0.0,2.76
1.47,3,5.209169,6,d17_medium,10,17,closed,0.0,1.47
2.76,24,5.2255,6,d19_detour,10,19,closed,0.0,2.76
2.88,12,5.235635,6,d15_direct,10,15,open,1.0,2.88
0.66,19,5.250131,6,d17_medium,10,17,closed,0.0,0.6599999999999997
1.47,3,5.255653,6,d17_medium,10,17,closed,0.0,1.47
2.76,19,5.269534,6,d17_medium,10,17,closed,0.0,2.76
1.47,3,5.274851,6,d19_detour,10,19,closed,0.0,1.47
0.66,19,5.28859,6,d17_medium,10,17,closed,0.0,0.6599999999999997
2.88,12,5.298673,6,d15_direct,10,15,open,1.0,2.88
1.47,3,5.304014,6,d17_medium,10,17,closed,0.0,1.47
2.76,24,5.320264,6,d19_detour,10,19,closed,0.0,2.76
1.47,3,5.32556,6,d17_medium,10,17,closed,0.0,1.47
2.82,18,5.338897,6,d17_medium,10,17,closed,0.0,2.82
1.47,3,5.344147,6,d17_medium,10,17,closed,0.0,1.47
0.66,19,5.358782,6,d17_medium,10,17,closed,0.0,0.6599999999999997
2.76,24,5.589329,6,d19_detour,10,19,closed,0.0,2.76
0.66,19,5.603307,6,d17_medium,10,17,closed,0.0,0.6599999999999997
1.47,3,5.608735,6,d19_detour,10,19,closed,0.0,1.47
1.47,3,5.614262,6,d19_detour,10,19,closed,0.0,1.47
2.82,18,5.628376,6,d17_medium,10,17,closed,0.0,2.82
1.47,3,5.634163,6,d15_direct,10,15,open,1.0,1.47
0.66,19,5.648607,6,d17_medium,10,17,closed,0.0,0.6599999999999997
2.82,18,5.662308,6,d17_medium,10,17,closed,0.0,2.82
0.66,19,5.676342,6,d17_medium,10,17,closed,0.0,0.6599999999999997
2.88,12,5.686791,6,d15_direct,10,15,open,1.0,2.88
1.47,3,5.692131,6,d17_medium,10,17,closed,0.0,1.47
2.82,13,5.703349,6,d15_direct,10,15,open,1.0,2.82
2.82,18,5.717181,6,d17_medium,10,17,closed,0.0,2.82
2.76,24,5.733885,7,d19_detour,10,19,closed,0.0,2.76
1.47,3,5.738976,7,d19_detour,9,19,closed,0.0,1.47
2.85,15,5.75047,7,d15_direct,9,15,open,1.0,2.8499999999999996
2.19,21,5.765631,7,d17_medium,9,17,closed,0.0,2.19
2.73,27,5.783452,7,d19_detour,9,19,closed,0.0,2.7299999999999995
2.79,16,5.795397,7,d15_direct,9,15,open,1.0,2.79
2.73,27,5.813421,7,d19_detour,9,19,closed,0.0,2.7299999999999995
2.19,21,5.828894,7,d17_medium,9,17,closed,0.0,2.19
0.87,3,5.834214,7,d17_medium,9,17,closed,0.0,0.8699999999999999
2.73,27,5.852111,7,d19_detour,9,19,closed,0.0,2.7299999999999995
2.73,27,5.870341,7,d19_detour,9,19,closed,0.0,2.7299999999999995
0.69,16,5.882736,7,d15_direct,9,15,open,1.0,0.6899999999999997
1.47,3,5.887746,7,d15_direct,9,15,open,1.0,1.47
2.73,27,5.905799,7,d19_detour,9,19,closed,0.0,2.7299999999999995
0.03,22,5.920997,7,d17_medium,9,17,closed,0.0,0.029999999999999805
2.85,15,5.932425,7,d15_direct,9,15,open,1.0,2.8499999999999996
2.19,21,5.948144,7,d17_medium,9,17,closed,0.0,2.19
2.85,15,5.960168,7,d15_direct,9,15,open,1.0,2.8499999999999996
2.73,27,5.977843,7,d19_detour,9,19,closed,0.0,2.7299999999999995
2.85,15,5.989814,7,d15_direct,9,15,open,1.0,2.8499999999999996
1.47,3,5.994758,7,d19_detour,9,19,closed,0.0,1.47
2.85,15,6.007189,7,d15_direct,9,15,open,1.0,2.8499999999999996
2.85,15,6.018933,7,d15_direct,9,15,open,1.0,2.8499999999999996
0.87,3,6.023941,7,d17_medium,9,17,closed,0.0,0.8699999999999999
2.19,21,6.038898,7,d17_medium,9,17,closed,0.0,2.19
0.87,3,6.043958,7,d17_medium,9,17,closed,0.0,0.8699999999999999
2.73,27,6.063415,7,d19_detour,9,19,closed,0.0,2.7299999999999995
2.73,27,6.08124,7,d19_detour,9,19,closed,0.0,2.7299999999999995
2.19,21,6.096323,7,d17_medium,9,17,closed,0.0,2.19
2.73,27,6.114254,7,d19_detour,9,19,closed,0.0,2.7299999999999995
2.73,27,6.132819,7,d19_detour,9,19,closed,0.0,2.7299999999999995
2.19,21,6.147416,7,d17_medium,9,17,closed,0.0,2.19
2.19,21,6.162315,7,d17_medium,9,17,closed,0.0,2.19
2.73,27,6.180537,7,d19_detour,9,19,closed,0.0,2.7299999999999995
0.69,16,6.192473,7,d15_direct,9,15,open,1.0,0.69
2.19,21,6.20734,7,d17_medium,9,17,closed,0.0,2.19
0.87,3,6.212353,7,d17_medium,9,17,closed,0.0,0.8699999999999999
2.19,21,6.227371,7,d17_medium,9,17,closed,0.0,2.19
2.85,15,6.238854,7,d15_direct,9,15,open,1.0,2.8499999999999996
2.19,21,6.25372,7,d17_medium,9,17,closed,0.0,2.19
2.85,15,6.265335,7,d15_direct,9,15,open,1.0,2.8499999999999996
2.73,27,6.283144,7,d19_detour,9,19,closed,0.0,2.7299999999999995
2.85,15,6.295018,7,d15_direct,9,15,open,1.0,2.8499999999999996
1.47,3,6.300138,7,d19_detour,9,19,closed,0.0,1.47
2.73,27,6.317825,7,d19_detour,9,19,closed,0.0,2.7299999999999995
2.73,27,6.33623,7,d19_detour,9,19,closed,0.0,2.7299999999999995
2.19,21,6.351075,7,d17_medium,9,17,closed,0.0,2.19
2.79,16,6.363091,7,d15_direct,9,15,open,1.0,2.79
1.47,3,6.368064,7,d19_detour,9,19,closed,0.0,1.47
2.85,15,6.379393,7,d15_direct,9,15,open,1.0,2.8499999999999996
2.73,27,6.397445,7,d19_detour,9,19,closed,0.0,2.7299999999999995
1.47,3,6.40244,7,d15_direct,9,15,open,1.0,1.47
2.73,27,6.420262,7,d19_detour,9,19,closed,0.0,2.7299999999999995
-0.08,3,6.425381,7,d15_direct,9,15,open,1.0,-0.08000000000000007
2.73,27,6.443142,7,d19_detour,9,19,closed,0.0,2.7299999999999995
0.03,22,6.458616,7,d17_medium,9,17,closed,0.0,0.029999999999999805
2.19,21,6.474355,8,d17_medium,9,17,closed,0.0,2.19
1.47,3,6.479272,8,d15_direct,8,15,open,1.0,1.47
-0.0,25,6.495702,8,d17_medium,8,17,closed,0.0,-2.220446049250313e-16
1.47,3,6.500538,8,d19_detour,8,19,closed,0.0,1.47
1.47,3,6.505653,8,d15_direct,8,15,open,1.0,1.47
1.47,3,6.510391,8,d17_medium,8,17,closed,0.0,1.47
2.16,24,6.526504,8,d17_medium,8,17,closed,0.0,2.16
2.7,30,6.547282,8,d19_detour,8,19,closed,0.0,2.6999999999999997
2.82,18,6.560102,8,d15_direct,8,15,open,1.0,2.82
2.82,18,6.572865,8,d15_direct,8,15,open,1.0,2.82
2.7,30,6.592173,8,d19_detour,8,19,closed,0.0,2.6999999999999997
2.82,18,6.605277,8,d15_direct,8,15,open,1.0,2.82
2.76,19,6.618685,8,d15_direct,8,15,open,1.0,2.76
2.82,18,6.631378,8,d15_direct,8,15,open,1.0,2.82
2.76,19,6.644785,8,d15_direct,8,15,open,1.0,2.76
1.47,3,6.649618,8,d15_direct,8,15,open,1.0,1.47
2.16,24,6.66559,8,d17_medium,8,17,closed,0.0,2.16
2.7,30,6.684482,8,d19_detour,8,19,closed,0.0,2.6999999999999997
2.16,24,6.700468,8,d17_medium,8,17,closed,0.0,2.16
1.47,3,6.705247,8,d17_medium,8,17,closed,0.0,1.47
2.16,24,6.721146,8,d17_medium,8,17,closed,0.0,2.16
1.47,3,6.725938,8,d17_medium,8,17,closed,0.0,1.47
2.7,30,6.744846,8,d19_detour,8,19,closed,0.0,2.6999999999999997
2.82,18,6.758435,8,d15_direct,8,15,open,1.0,2.82
0.6,20,6.772218,8,d15_direct,8,15,open,1.0,0.5999999999999996
2.76,19,6.78577,8,d15_direct,8,15,open,1.0,2.76
2.82,18,6.798595,8,d15_direct,8,15,open,1.0,2.82
2.82,18,6.811157,8,d15_direct,8,15,open,1.0,2.82
2.82,18,6.823933,8,d15_direct,8,15,open,1.0,2.82
2.7,30,6.842891,8,d19_detour,8,19,closed,0.0,2.6999999999999997
2.16,24,6.859459,8,d17_medium,8,17,closed,0.0,2.16
2.82,18,6.872674,8,d15_direct,8,15,open,1.0,2.82
2.7,30,6.892025,8,d19_detour,8,19,closed,0.0,2.6999999999999997
2.76,19,6.905407,8,d15_direct,8,15,open,1.0,2.76
2.76,19,6.918696,8,d15_direct,8,15,open,1.0,2.76
1.47,3,6.923443,8,d17_medium,8,17,closed,0.0,1.47
1.47,3,6.928142,8,d15_direct,8,15,open,1.0,1.47
2.82,18,6.941037,8,d15_direct,8,15,open,1.0,2.82
2.64,31,6.960461,8,d19_detour,8,19,closed,0.0,2.6399999999999997
1.47,3,6.965322,8,d17_medium,8,17,closed,0.0,1.47
1.47,3,6.970154,8,d19_detour,8,19,closed,0.0,1.47
2.82,18,6.983684,8,d15_direct,8,15,open,1.0,2.82
1.47,3,6.988417,8,d15_direct,8,15,open,1.0,1.47
1.47,3,6.993103,8,d17_medium,8,17,closed,0.0,1.47
2.16,24,7.009553,8,d17_medium,8,17,closed,0.0,2.16
2.16,24,7.025922,8,d17_medium,8,17,closed,0.0,2.16
2.16,24,7.042046,8,d17_medium,8,17,closed,0.0,2.16
1.47,3,7.046775,8,d17_medium,8,17,closed,0.0,1.47
2.16,24,7.062921,8,d17_medium,8,17,closed,0.0,2.16
2.82,18,7.075722,8,d15_direct,8,15,open,1.0,2.82
2.7,30,7.095363,8,d19_detour,8,19,closed,0.0,2.6999999999999997
1.47,3,7.315601,8,d19_detour,8,19,closed,0.0,1.47
2.7,30,7.334897,8,d19_detour,8,19,closed,0.0,2.6999999999999997
2.76,19,7.348181,8,d15_direct,8,15,open,1.0,2.76
2.7,30,7.367945,8,d19_detour,8,19,closed,0.0,2.6999999999999997
2.7,30,7.386961,8,d19_detour,8,19,closed,0.0,2.6999999999999997
-1.7,20,7.400567,8,d15_direct,8,15,open,1.0,-1.6999999999999995
0.69,31,7.420403,8,d19_detour,8,19,closed,0.0,0.6899999999999997
1.47,3,7.425105,8,d17_medium,8,17,closed,0.0,1.47
2.16,24,7.440777,8,d17_medium,8,17,closed,0.0,2.16
1.47,3,7.445405,8,d17_medium,8,17,closed,0.0,1.47
2.16,24,7.461055,8,d17_medium,8,17,closed,0.0,2.16
2.7,30,7.480036,8,d19_detour,8,19,closed,0.0,2.6999999999999997
-1.61,21,7.495395,8,d15_direct,8,15,open,1.0,-1.6099999999999992
2.7,30,7.514645,8,d19_detour,8,19,closed,0.0,2.6999999999999997
2.16,24,7.530484,8,d17_medium,8,17,closed,0.0,2.16
1.47,3,7.535145,8,d19_detour,8,19,closed,0.0,1.47
2.7,30,7.554162,8,d19_detour,8,19,closed,0.0,2.6999999999999997
-1.7,20,7.56839,8,d15_direct,8,15,open,1.0,-1.7000000000000002
2.7,30,7.588057,8,d19_detour,8,19,closed,0.0,2.6999999999999997
0.34,31,7.607645,8,d19_detour,8,19,closed,0.0,0.33999999999999964
-1.65,20,7.621341,8,d15_direct,8,15,open,1.0,-1.6500000000000004
2.1,25,7.63799,9,d17_medium,8,17,closed,0.0,2.0999999999999996
2.13,27,7.654913,9,d17_medium,7,17,closed,0.0,2.13
0.51,34,7.675565,9,d19_detour,7,19,closed,0.0,0.5099999999999997
0.68,22,7.690077,9,d15_direct,7,15,open,1.0,0.6799999999999997
2.13,27,7.707429,9,d17_medium,7,17,closed,0.0,2.13
2.67,33,7.727686,9,d19_detour,7,19,closed,0.0,2.67
2.13,27,7.745546,9,d17_medium,7,17,closed,0.0,2.13
2.13,27,7.763046,9,d17_medium,7,17,closed,0.0,2.13
0.53,22,7.77723,9,d15_direct,7,15,open,1.0,0.5299999999999998
2.67,33,7.797369,9,d19_detour,7,19,closed,0.0,2.67
1.47,3,7.80172,9,d17_medium,7,17,closed,0.0,1.47
2.13,27,7.818666,9,d17_medium,7,17,closed,0.0,2.13
2.13,27,7.835793,9,d17_medium,7,17,closed,0.0,2.13
-1.58,23,7.850614,9,d15_direct,7,15,open,1.0,-1.579999999999999
2.67,33,7.870857,9,d19_detour,7,19,closed,0.0,2.67
2.13,27,7.888029,9,d17_medium,7,17,closed,0.0,2.13
2.13,27,7.905206,9,d17_medium,7,17,closed,0.0,2.13
1.47,3,7.909524,9,d17_medium,7,17,closed,0.0,1.47
2.13,27,7.926589,9,d17_medium,7,17,closed,0.0,2.13
2.67,33,7.947165,9,d19_detour,7,19,closed,0.0,2.67
-1.48,23,7.962132,9,d15_direct,7,15,open,1.0,-1.4799999999999989
2.67,33,7.982377,9,d19_detour,7,19,closed,0.0,2.67
2.67,33,8.003109,9,d19_detour,7,19,closed,0.0,2.67
2.13,27,8.020134,9,d17_medium,7,17,closed,0.0,2.13
2.13,27,8.037114,9,d17_medium,7,17,closed,0.0,2.13
1.47,3,8.04154,9,d19_detour,7,19,closed,0.0,1.47
2.13,27,8.059161,9,d17_medium,7,17,closed,0.0,2.13
0.53,22,8.073446,9,d15_direct,7,15,open,1.0,0.5299999999999996
-3.99,24,8.088726,9,d15_direct,7,15,open,1.0,-3.9899999999999998
1.47,3,8.093072,9,d19_detour,7,19,closed,0.0,1.47
0.53,22,8.107295,9,d15_direct,7,15,open,1.0,0.5299999999999998
2.67,33,8.127447,9,d19_detour,7,19,closed,0.0,2.67
2.67,33,8.148041,9,d19_detour,7,19,closed,0.0,2.67
0.53,22,8.162411,9,d15_direct,7,15,open,1.0,0.5299999999999996
-1.73,23,8.177248,9,d15_direct,7,15,open,1.0,-1.7300000000000004
2.67,33,8.197904,9,d19_detour,7,19,closed,0.0,2.67
1.47,3,8.202164,9,d17_medium,7,17,closed,0.0,1.47
2.67,33,8.222936,9,d19_detour,7,19,closed,0.0,2.67
0.53,22,8.237716,9,d15_direct,7,15,open,1.0,0.5299999999999996
-1.73,23,8.252884,9,d15_direct,7,15,open,1.0,-1.7299999999999989
2.67,33,8.273151,9,d19_detour,7,19,closed,0.0,2.67
1.47,3,8.277583,9,d19_detour,7,19,closed,0.0,1.47
0.68,22,8.291853,9,d15_direct,7,15,open,1.0,0.6799999999999997
2.67,33,8.311809,9,d19_detour,7,19,closed,0.0,2.67
2.13,27,8.329009,9,d17_medium,7,17,closed,0.0,2.13
1.47,3,8.333371,9,d17_medium,7,17,closed,0.0,1.47
2.13,27,8.350965,9,d17_medium,7,17,closed,0.0,2.13
2.67,33,8.37152,9,d19_detour,7,19,closed,0.0,2.67
0.53,22,8.386023,9,d15_direct,7,15,open,1.0,0.5299999999999998
2.67,33,8.405935,9,d19_detour,7,19,closed,0.0,2.67
2.13,27,8.42312,9,d17_medium,7,17,closed,0.0,2.13
2.67,33,8.443258,9,d19_detour,7,19,closed,0.0,2.67
0.53,22,8.458313,9,d15_direct,7,15,open,1.0,0.5299999999999998
-3.84,24,8.473773,9,d15_direct,7,15,open,1.0,-3.839999999999999
0.51,34,8.494886,9,d19_detour,7,19,closed,0.0,0.5099999999999998
1.47,3,8.499223,9,d19_detour,7,19,closed,0.0,1.47
2.13,27,8.516776,9,d17_medium,7,17,closed,0.0,2.13
2.67,33,8.536708,9,d19_detour,7,19,closed,0.0,2.67
-1.73,23,8.551639,9,d15_direct,7,15,open,1.0,-1.7299999999999989
0.53,22,8.566055,9,d15_direct,7,15,open,1.0,0.5299999999999996
1.47,3,8.570784,9,d19_detour,7,19,closed,0.0,1.47
2.67,33,8.59093,9,d19_detour,7,19,closed,0.0,2.67
2.13,27,8.60808,9,d17_medium,7,17,closed,0.0,2.13
2.67,33,8.628492,9,d19_detour,7,19,closed,0.0,2.67
2.13,27,8.646049,9,d17_medium,7,17,closed,0.0,2.13
0.53,22,8.90204,9,d15_direct,7,15,open,1.0,0.5299999999999998
2.67,33,8.922736,9,d19_detour,7,19,closed,0.0,2.67
0.78,22,8.937187,9,d15_direct,7,15,open,1.0,0.7799999999999998
1.47,3,8.94157,9,d19_detour,7,19,closed,0.0,1.47
2.79,21,8.955542,9,d15_direct,7,15,open,1.0,2.79
0.53,22,8.970104,9,d15_direct,7,15,open,1.0,0.5299999999999996
2.67,33,8.990401,9,d19_detour,7,19,closed,0.0,2.67
-1.78,23,9.005451,9,d15_direct,7,15,open,1.0,-1.7799999999999991
2.13,27,9.02343,9,d17_medium,7,17,closed,0.0,2.13
2.13,27,9.040793,9,d17_medium,7,17,closed,0.0,2.13
2.67,33,9.061598,9,d19_detour,7,19,closed,0.0,2.67
0.78,22,9.075988,9,d15_direct,7,15,open,1.0,0.7799999999999998
2.67,33,9.096277,9,d19_detour,7,19,closed,0.0,2.67
1.47,3,9.100744,9,d15_direct,7,15,open,1.0,1.47
1.47,3,9.105192,9,d15_direct,7,15,open,1.0,1.47
2.13,27,9.122527,9,d17_medium,7,17,closed,0.0,2.13
2.67,33,9.143574,9,d19_detour,7,19,closed,0.0,2.67
2.13,27,9.16169,9,d17_medium,7,17,closed,0.0,2.13
2.67,33,9.182262,9,d19_detour,7,19,closed,0.0,2.67
2.67,33,9.202255,9,d19_detour,7,19,closed,0.0,2.67
2.13,27,9.219229,9,d17_medium,7,17,closed,0.0,2.13
1.47,3,9.22368,9,d15_direct,7,15,open,1.0,1.47
2.79,21,9.238452,9,d15_direct,7,15,open,1.0,2.79
1.47,3,9.243161,9,d15_direct,7,15,open,1.0,1.47
2.67,33,9.263433,9,d19_detour,7,19,closed,0.0,2.67
1.47,3,9.268076,9,d15_direct,7,15,open,1.0,1.47
2.67,33,9.289923,9,d19_detour,7,19,closed,0.0,2.67
0.53,22,9.305597,9,d15_direct,7,15,open,1.0,0.5299999999999998
2.67,33,9.327306,9,d19_detour,7,19,closed,0.0,2.67
1.47,3,9.331766,9,d19_detour,7,19,closed,0.0,1.47
2.67,33,9.352037,9,d19_detour,7,19,closed,0.0,2.67
2.67,33,9.372378,9,d19_detour,7,19,closed,0.0,2.67
1.47,3,9.376855,9,d19_detour,7,19,closed,0.0,1.47
0.78,22,9.391661,9,d15_direct,7,15,open,1.0,0.7799999999999998
2.79,21,9.405834,9,d15_direct,7,15,open,1.0,2.79
2.13,27,9.423138,9,d17_medium,7,17,closed,0.0,2.13
2.13,27,9.440827,9,d17_medium,7,17,closed,0.0,2.13
2.67,33,9.461446,9,d19_detour,7,19,closed,0.0,2.67
2.13,27,9.478932,9,d17_medium,7,17,closed,0.0,2.13
0.78,22,9.493593,9,d15_direct,7,15,open,1.0,0.7799999999999998
2.13,27,9.510758,9,d17_medium,7,17,closed,0.0,2.13
1.47,3,9.515823,9,d19_detour,7,19,closed,0.0,1.47
1.47,3,9.521014,9,d15_direct,7,15,open,1.0,1.47
2.79,21,9.534946,10,d15_direct,7,15,open,1.0,2.79
2.1,30,9.554668,10,d17_medium,6,17,closed,0.0,2.0999999999999996
2.64,36,9.576001,10,d19_detour,6,19,closed,0.0,2.6399999999999997
1.47,3,9.580123,10,d15_direct,6,15,open,1.0,1.47
2.1,30,9.59827,10,d17_medium,6,17,closed,0.0,2.0999999999999996
2.1,30,9.616498,10,d17_medium,6,17,closed,0.0,2.0999999999999996
1.47,3,9.620384,10,d17_medium,6,17,closed,0.5,1.47
2.1,30,9.638485,10,d17_medium,6,17,closed,0.0,2.0999999999999996
2.64,36,9.659981,10,d19_detour,6,19,closed,0.0,2.6399999999999997
2.1,30,9.67851,10,d17_medium,6,17,closed,0.0,2.0999999999999996
1.47,3,9.6828,10,d15_direct,6,15,open,1.0,1.47
1.47,3,9.686724,10,d17_medium,6,17,closed,0.5,1.47
1.47,3,9.690881,10,d19_detour,6,19,closed,0.0,1.47
2.1,30,9.709332,10,d17_medium,6,17,closed,0.0,2.0999999999999996
2.64,36,9.73133,10,d19_detour,6,19,closed,0.0,2.6399999999999997
0.5,25,9.747927,10,d15_direct,6,15,open,1.0,0.4999999999999998
0.72,28,9.765075,10,d19_detour,6,19,closed,0.0,0.7199999999999999
2.1,30,9.78367,10,d17_medium,6,17,closed,0.0,2.0999999999999996
1.47,3,9.787974,10,d19_detour,6,19,closed,0.0,1.47
0.5,25,9.804198,10,d15_direct,6,15,open,1.0,0.49999999999999956
1.47,3,9.808453,10,d19_detour,6,19,closed,0.0,1.47
2.1,30,9.827,10,d17_medium,6,17,closed,0.0,2.0999999999999996
-1.29,29,9.844867,10,d19_detour,6,19,closed,0.0,-1.2899999999999976
1.47,3,9.849575,10,d19_detour,6,19,closed,0.0,1.47
2.76,24,9.865559,10,d15_direct,6,15,open,1.0,2.76
1.47,3,9.869823,10,d15_direct,6,15,open,1.0,1.47
-0.26,31,9.888689,10,d17_medium,6,17,closed,0.0,-0.26000000000000023
2.1,30,9.908621,10,d17_medium,6,17,closed,0.0,2.0999999999999996
2.64,36,9.931216,10,d19_detour,6,19,closed,0.0,2.6399999999999997
2.7,25,9.948076,10,d15_direct,6,15,open,1.0,2.6999999999999997
1.98,32,9.969219,10,d17_medium,6,17,closed,0.0,1.9799999999999998
-1.76,26,9.98614,10,d15_direct,6,15,open,1.0,-1.7600000000000005
0.63,37,10.007763,10,d19_detour,6,19,closed,0.0,0.6299999999999997
2.1,30,10.026278,10,d17_medium,6,17,closed,0.0,2.0999999999999996
1.47,3,10.030455,10,d15_direct,6,15,open,1.0,1.47
2.7,25,10.04614,10,d15_direct,6,15,open,1.0,2.6999999999999997
2.76,24,10.061094,10,d15_direct,6,15,open,1.0,2.76
2.1,30,10.07955,10,d17_medium,6,17,closed,0.0,2.0999999999999996
1.47,3,10.083701,10,d15_direct,6,15,open,1.0,1.47
1.47,3,10.08775,10,d19_detour,6,19,closed,0.0,1.47
1.47,3,10.091691,10,d17_medium,6,17,closed,0.5,1.47
-0.08,3,10.095803,10,d17_medium,6,17,closed,0.5,-0.08000000000000007
1.47,3,10.099759,10,d19_detour,6,19,closed,0.0,1.47
-0.03,3,10.103716,10,d17_medium,6,17,closed,0.5,-0.030000000000000027
1.47,3,10.107761,10,d17_medium,6,17,closed,0.5,1.47
2.76,24,10.122862,10,d15_direct,6,15,open,1.0,2.76
2.64,36,10.144473,10,d19_detour,6,19,closed,0.0,2.6399999999999997
1.47,3,10.148425,10,d17_medium,6,17,closed,0.5,1.47
1.47,3,10.152432,10,d19_detour,6,19,closed,0.0,1.47
-1.46,26,10.168499,10,d15_direct,6,15,open,1.0,-1.4600000000000004
0.5,25,10.18462,10,d15_direct,6,15,open,1.0,0.4999999999999998
0.44,26,10.201163,10,d15_direct,6,15,open,1.0,0.4399999999999995
0.72,28,10.218278,10,d19_detour,6,19,closed,0.0,0.7199999999999999
2.64,36,10.240206,10,d19_detour,6,19,closed,0.0,2.6399999999999997
2.1,30,10.258822,10,d17_medium,6,17,closed,0.0,2.0999999999999996
2.1,30,10.514705,10,d17_medium,6,17,closed,0.0,2.0999999999999996
0.63,37,10.53722,10,d19_detour,6,19,closed,0.0,0.6299999999999999
2.1,30,10.556281,10,d17_medium,6,17,closed,0.0,2.0999999999999996
-1.26,26,10.573469,10,d15_direct,6,15,open,1.0,-1.2599999999999987
2.1,30,10.598509,10,d17_medium,6,17,closed,0.0,2.0999999999999996
2.64,36,10.620547,10,d19_detour,6,19,closed,0.0,2.6399999999999997
1.47,3,10.624664,10,d19_detour,6,19,closed,0.0,1.47
0.72,28,10.642204,10,d19_detour,6,19,closed,0.0,0.7199999999999998
2.76,24,10.658381,10,d15_direct,6,15,open,1.0,2.76
2.76,24,10.673468,10,d15_direct,6,15,open,1.0,2.76
1.47,3,10.677443,10,d17_medium,6,17,closed,0.5,1.47
2.76,24,10.693553,10,d15_direct,6,15,open,1.0,2.76
2.64,36,10.715874,11,d19_detour,6,19,closed,0.0,2.6399999999999997
2.55,40,10.740039,11,d19_detour,5,19,closed,0.0,2.55
2.61,39,10.763266,11,d19_detour,5,19,closed,0.0,2.6099999999999994
1.47,3,10.767627,11,d17_medium,5,17,closed,0.5,1.47
2.55,40,10.791174,11,d19_detour,5,19,closed,0.0,2.55
-0.08,3,10.794843,11,d19_detour,5,19,closed,0.5,-0.08000000000000007
2.61,39,10.818033,11,d19_detour,5,19,closed,0.0,2.6099999999999994
2.07,33,10.838476,11,d17_medium,5,17,closed,0.0,2.07
1.47,3,10.842403,11,d15_direct,5,15,open,1.0,1.47
2.73,27,10.859094,11,d15_direct,5,15,open,1.0,2.7299999999999995
1.47,3,10.862962,11,d15_direct,5,15,open,1.0,1.47
2.07,33,10.882982,11,d17_medium,5,17,closed,0.0,2.07
2.61,39,10.906339,11,d19_detour,5,19,closed,0.0,2.6099999999999994
0.69,31,10.92502,11,d19_detour,5,19,closed,0.0,0.6899999999999997
2.73,27,10.941841,11,d15_direct,5,15,open,1.0,2.7299999999999995
1.47,3,10.945522,11,d19_detour,5,19,closed,0.5,1.47
2.55,40,10.969593,11,d19_detour,5,19,closed,0.0,2.55
0.69,31,10.988442,11,d19_detour,5,19,closed,0.0,0.6899999999999997
2.67,28,11.005679,11,d15_direct,5,15,open,1.0,2.67
2.07,33,11.025816,11,d17_medium,5,17,closed,0.0,2.07
2.07,33,11.046102,11,d17_medium,5,17,closed,0.0,2.07
-2.02,32,11.065145,11,d19_detour,5,19,closed,0.0,-2.0200000000000005
1.47,3,11.068991,11,d15_direct,5,15,open,1.0,1.47
2.61,39,11.092596,11,d19_detour,5,19,closed,0.0,2.6099999999999994
2.73,27,11.10951,11,d15_direct,5,15,open,1.0,2.7299999999999995
1.47,3,11.113239,11,d17_medium,5,17,closed,0.5,1.47
0.69,31,11.131809,11,d19_detour,5,19,closed,0.0,0.6899999999999998
2.73,27,11.148495,11,d15_direct,5,15,open,1.0,2.7299999999999995
2.61,39,11.171638,11,d19_detour,5,19,closed,0.0,2.6099999999999994
2.73,27,11.188374,11,d15_direct,5,15,open,1.0,2.7299999999999995
0.69,31,11.207129,11,d19_detour,5,19,closed,0.0,0.6899999999999997
1.47,3,11.210765,11,d17_medium,5,17,closed,0.5,1.47
1.47,3,11.214463,11,d19_detour,5,19,closed,0.5,1.47
2.07,33,11.234514,11,d17_medium,5,17,closed,0.0,2.07
1.47,3,11.238378,11,d15_direct,5,15,open,1.0,1.47
2.55,40,11.263022,11,d19_detour,5,19,closed,0.0,2.55
2.55,40,11.28717,11,d19_detour,5,19,closed,0.0,2.55
1.47,3,11.291092,11,d15_direct,5,15,open,1.0,1.47
2.07,33,11.311182,11,d17_medium,5,17,closed,0.0,2.07
2.73,27,11.328409,11,d15_direct,5,15,open,1.0,2.7299999999999995
2.61,39,11.351506,11,d19_detour,5,19,closed,0.0,2.6099999999999994
2.73,27,11.36921,11,d15_direct,5,15,open,1.0,2.7299999999999995
2.61,39,11.402651,11,d19_detour,5,19,closed,0.0,2.6099999999999994
1.47,3,11.406482,11,d19_detour,5,19,closed,0.5,1.47
2.07,33,11.426552,11,d17_medium,5,17,closed,0.0,2.07
2.73,27,11.443394,11,d15_direct,5,15,open,1.0,2.7299999999999995
-0.29,34,11.463903,11,d17_medium,5,17,closed,0.0,-0.2900000000000007
1.47,3,11.467546,11,d17_medium,5,17,closed,0.5,1.47
2.07,33,11.487947,11,d17_medium,5,17,closed,0.0,2.07
2.07,33,11.507922,11,d17_medium,5,17,closed,0.0,2.07
1.47,3,11.51159,11,d17_medium,5,17,closed,0.5,1.47
1.47,3,11.515372,11,d19_detour,5,19,closed,0.5,1.47
2.07,33,11.535387,11,d17_medium,5,17,closed,0.0,2.07
2.73,27,11.552048,11,d15_direct,5,15,open,1.0,2.7299999999999995
2.07,33,11.572166,11,d17_medium,5,17,closed,0.0,2.07
2.61,39,11.595222,11,d19_detour,5,19,closed,0.0,2.6099999999999994
2.07,33,11.615225,11,d17_medium,5,17,closed,0.0,2.07
2.61,39,11.63871,11,d19_detour,5,19,closed,0.0,2.6099999999999994
1.47,3,11.642437,11,d17_medium,5,17,closed,0.5,1.47
2.07,33,11.663442,11,d17_medium,5,17,closed,0.0,2.07
2.73,27,11.680337,11,d15_direct,5,15,open,1.0,2.7299999999999995
2.07,33,11.700854,11,d17_medium,5,17,closed,0.0,2.07
1.47,3,11.704592,11,d19_detour,5,19,closed,0.5,1.47
2.01,34,11.72494,11,d17_medium,5,17,closed,0.0,2.01
-0.1,40,11.747627,11,d19_detour,5,19,closed,0.0,-0.10000000000000098
2.73,27,11.764106,11,d15_direct,5,15,open,1.0,2.7299999999999995
2.07,33,11.783677,11,d17_medium,5,17,closed,0.0,2.07
2.07,33,12.031243,11,d17_medium,5,17,closed,0.0,2.07
1.47,3,12.035094,11,d19_detour,5,19,closed,0.5,1.47
2.07,33,12.056052,11,d17_medium,5,17,closed,0.0,2.07
-0.03,3,12.059775,11,d19_detour,5,19,closed,0.5,-0.030000000000000027
1.47,3,12.063721,11,d15_direct,5,15,open,1.0,1.47
0.31,29,12.081594,11,d17_medium,5,17,closed,0.0,0.30999999999999983
1.47,3,12.085534,11,d15_direct,5,15,open,1.0,1.47
1.47,3,12.08929,11,d19_detour,5,19,closed,0.5,1.47
2.07,33,12.109527,11,d17_medium,5,17,closed,0.0,2.07
0.06,34,12.130692,11,d17_medium,5,17,closed,0.0,0.05999999999999983
2.73,27,12.147464,11,d15_direct,5,15,open,1.0,2.7299999999999995
2.61,39,12.170503,11,d19_detour,5,19,closed,0.0,2.6099999999999994
2.61,39,12.193329,11,d19_detour,5,19,closed,0.0,2.6099999999999994
2.73,27,12.209898,12,d15_direct,5,15,open,1.0,2.7299999999999995
2.58,42,12.234809,12,d19_detour,4,19,closed,0.0,2.5799999999999996
2.58,42,12.259082,12,d19_detour,4,19,closed,0.0,2.5799999999999996
2.04,36,12.280221,12,d17_medium,4,17,closed,0.0,2.04
2.58,42,12.304467,12,d19_detour,4,19,closed,0.0,2.5799999999999996
1.47,3,12.308081,12,d15_direct,4,15,open,1.0,1.47
1.47,3,12.311459,12,d19_detour,4,19,closed,0.5,1.47
0.42,43,12.337459,12,d19_detour,4,19,closed,0.0,0.4199999999999995
1.47,3,12.341059,12,d17_medium,4,17,closed,0.5,1.47
0.28,32,12.360023,12,d17_medium,4,17,closed,0.0,0.2799999999999998
2.7,30,12.378067,12,d15_direct,4,15,open,1.0,2.6999999999999997
2.58,42,12.402504,12,d19_detour,4,19,closed,0.0,2.5799999999999996
1.47,3,12.405996,12,d19_detour,4,19,closed,0.5,1.47
2.58,42,12.431107,12,d19_detour,4,19,closed,0.0,2.5799999999999996
2.58,42,12.455549,12,d19_detour,4,19,closed,0.0,2.5799999999999996
1.47,3,12.459188,12,d15_direct,4,15,open,1.0,1.47
2.58,42,12.48362,12,d19_detour,4,19,closed,0.0,2.5799999999999996
2.58,42,12.508159,12,d19_detour,4,19,closed,0.0,2.5799999999999996
1.47,3,12.511507,12,d19_detour,4,19,closed,0.5,1.47
1.47,3,12.51524,12,d17_medium,4,17,closed,0.5,1.47
1.47,3,12.518962,12,d19_detour,4,19,closed,0.5,1.47
1.47,3,12.522575,12,d19_detour,4,19,closed,0.5,1.47
0.57,43,12.547571,12,d19_detour,4,19,closed,0.0,0.5699999999999997
2.04,36,12.569797,12,d17_medium,4,17,closed,0.0,2.04
2.7,30,12.588973,12,d15_direct,4,15,open,1.0,2.6999999999999997
0.52,43,12.613945,12,d19_detour,4,19,closed,0.0,0.5199999999999996
2.58,42,12.639699,12,d19_detour,4,19,closed,0.0,2.5799999999999996
1.47,3,12.643326,12,d17_medium,4,17,closed,0.5,1.47
2.58,42,12.667471,12,d19_detour,4,19,closed,0.0,2.5799999999999996
2.7,30,12.685208,12,d15_direct,4,15,open,1.0,2.6999999999999997
2.64,31,12.703696,12,d15_direct,4,15,open,1.0,2.6399999999999997
2.64,31,12.722254,12,d15_direct,4,15,open,1.0,2.6399999999999997
2.58,42,12.747161,12,d19_detour,4,19,closed,0.0,2.5799999999999996
2.58,42,12.771691,12,d19_detour,4,19,closed,0.0,2.5799999999999996
2.04,36,12.793086,12,d17_medium,4,17,closed,0.0,2.04
2.04,36,12.814544,12,d17_medium,4,17,closed,0.0,2.04
1.47,3,12.818033,12,d17_medium,4,17,closed,0.5,1.47
1.47,3,12.821427,12,d17_medium,4,17,closed,0.5,1.47
1.47,3,12.825021,12,d19_detour,4,19,closed,0.5,1.47
1.47,3,12.828619,12,d15_direct,4,15,open,1.0,1.47
1.47,3,12.83211,12,d19_detour,4,19,closed,0.5,1.47
2.7,30,12.850305,12,d15_direct,4,15,open,1.0,2.6999999999999997
1.47,3,12.853805,12,d19_detour,4,19,closed,0.5,1.47
1.47,3,12.857443,12,d15_direct,4,15,open,1.0,1.47
1.47,3,12.861063,12,d15_direct,4,15,open,1.0,1.47
1.47,3,12.864635,12,d19_detour,4,19,closed,0.5,1.47
2.7,30,12.882855,12,d15_direct,4,15,open,1.0,2.6999999999999997
1.98,37,12.904742,12,d17_medium,4,17,closed,0.0,1.9799999999999998
2.58,42,12.92986,12,d19_detour,4,19,closed,0.0,2.5799999999999996
2.58,42,12.954668,12,d19_detour,4,19,closed,0.0,2.5799999999999996
0.6,35,12.975726,12,d19_detour,4,19,closed,0.0,0.5999999999999998
1.47,3,12.979271,12,d17_medium,4,17,closed,0.5,1.47
2.04,36,13.001031,12,d17_medium,4,17,closed,0.0,2.04
2.7,30,13.018999,12,d15_direct,4,15,open,1.0,2.6999999999999997
1.47,3,13.022548,12,d15_direct,4,15,open,1.0,1.47
2.7,30,13.040472,12,d15_direct,4,15,open,1.0,2.6999999999999997
2.7,30,13.058502,12,d15_direct,4,15,open,1.0,2.6999999999999997
1.47,3,13.062153,12,d15_direct,4,15,open,1.0,1.47
1.47,3,13.065628,12,d15_direct,4,15,open,1.0,1.47
1.47,3,13.069154,12,d17_medium,4,17,closed,0.5,1.47
0.57,43,13.0944,12,d19_detour,4,19,closed,0.0,0.5699999999999997
1.47,3,13.097741,12,d17_medium,4,17,closed,0.5,1.47
2.7,30,13.115999,12,d15_direct,4,15,open,1.0,2.6999999999999997
0.28,32,13.134677,12,d17_medium,4,17,closed,0.0,0.2799999999999998
2.04,36,13.157074,12,d17_medium,4,17,closed,0.0,2.04
2.04,36,13.178397,12,d17_medium,4,17,closed,0.0,2.04
1.47,3,13.182053,12,d19_detour,4,19,closed,0.5,1.47
2.7,30,13.200148,12,d15_direct,4,15,open,1.0,2.6999999999999997
2.04,36,13.222483,12,d17_medium,4,17,closed,0.0,2.04
2.58,42,13.247888,12,d19_detour,4,19,closed,0.0,2.5799999999999996
2.04,36,13.26916,12,d17_medium,4,17,closed,0.0,2.04
2.7,30,13.28706,12,d15_direct,4,15,open,1.0,2.6999999999999997
1.47,3,13.290552,12,d17_medium,4,17,closed,0.5,1.47
2.58,42,13.545231,12,d19_detour,4,19,closed,0.0,2.5799999999999996
2.7,30,13.563287,12,d15_direct,4,15,open,1.0,2.6999999999999997
2.04,36,13.584482,12,d17_medium,4,17,closed,0.0,2.04
2.58,42,13.608389,12,d19_detour,4,19,closed,0.0,2.5799999999999996
1.47,3,13.611974,12,d15_direct,4,15,open,1.0,1.47
2.7,30,13.62968,12,d15_direct,4,15,open,1.0,2.6999999999999997
2.64,31,13.648661,12,d15_direct,4,15,open,1.0,2.6399999999999997
2.7,30,13.666761,12,d15_direct,4,15,open,1.0,2.6999999999999997
2.58,42,13.690721,12,d19_detour,4,19,closed,0.0,2.5799999999999996
2.7,30,13.709023,12,d15_direct,4,15,open,1.0,2.6999999999999997
2.04,36,13.730581,13,d17_medium,4,17,closed,0.0,2.04
2.55,45,13.755938,13,d19_detour,3,19,closed,0.0,2.55
2.55,45,13.781014,13,d19_detour,3,19,closed,0.0,2.55
2.49,46,13.806569,13,d19_detour,3,19,closed,0.0,2.4899999999999993
2.55,45,13.831632,13,d19_detour,3,19,closed,0.0,2.55
1.47,3,13.834658,13,d19_detour,3,19,closed,0.5,1.47
2.55,45,13.860481,13,d19_detour,3,19,closed,0.0,2.55
2.55,45,13.88659,13,d19_detour,3,19,closed,0.0,2.55
2.55,45,13.911714,13,d19_detour,3,19,closed,0.0,2.55
2.55,45,13.937352,13,d19_detour,3,19,closed,0.0,2.55
2.67,33,13.956823,13,d15_direct,3,15,open,1.0,2.67
0.63,37,13.977843,13,d19_detour,3,19,closed,0.0,0.6299999999999997
2.55,45,14.002985,13,d19_detour,3,19,closed,0.0,2.55
1.47,3,14.006128,13,d19_detour,3,19,closed,0.5,1.47
-1.98,33,14.024549,13,d19_detour,3,19,closed,0.0,-1.9800000000000004
2.67,33,14.043848,13,d15_direct,3,15,open,1.0,2.67
-0.15,40,14.06656,13,d17_medium,3,17,closed,0.0,-0.15000000000000036
1.47,3,14.069733,13,d15_direct,3,15,open,1.0,1.47
2.55,45,14.09505,13,d19_detour,3,19,closed,0.0,2.55
2.01,39,14.117171,13,d17_medium,3,17,closed,0.0,2.01
2.55,45,14.142298,13,d19_detour,3,19,closed,0.0,2.55
2.01,39,14.164583,13,d17_medium,3,17,closed,0.0,2.01
1.47,3,14.167731,13,d17_medium,3,17,closed,0.5,1.47
2.55,45,14.192789,13,d19_detour,3,19,closed,0.0,2.55
2.49,46,14.21848,13,d19_detour,3,19,closed,0.0,2.4899999999999993
2.01,39,14.240638,13,d17_medium,3,17,closed,0.0,2.01
2.55,45,14.267044,13,d19_detour,3,19,closed,0.0,2.55
2.01,39,14.290221,13,d17_medium,3,17,closed,0.0,2.01
2.55,45,14.315571,13,d19_detour,3,19,closed,0.0,2.55
2.55,45,14.34098,13,d19_detour,3,19,closed,0.0,2.55
1.47,3,14.344234,13,d15_direct,3,15,open,1.0,1.47
2.01,39,14.367163,13,d17_medium,3,17,closed,0.0,2.01
0.51,34,14.386894,13,d15_direct,3,15,open,1.0,0.5099999999999996
2.55,45,14.412701,13,d19_detour,3,19,closed,0.0,2.55
1.47,3,14.416442,13,d15_direct,3,15,open,1.0,1.47
1.47,3,14.41958,13,d19_detour,3,19,closed,0.5,1.47
1.47,3,14.422714,13,d19_detour,3,19,closed,0.5,1.47
2.55,45,14.449962,13,d19_detour,3,19,closed,0.0,2.55
1.47,3,14.4531,13,d19_detour,3,19,closed,0.5,1.47
2.01,39,14.475355,13,d17_medium,3,17,closed,0.0,2.01
2.67,33,14.49493,13,d15_direct,3,15,open,1.0,2.67
2.55,45,14.519945,13,d19_detour,3,19,closed,0.0,2.55
1.47,3,14.523183,13,d17_medium,3,17,closed,0.5,1.47
1.47,3,14.526295,13,d17_medium,3,17,closed,0.5,1.47
2.67,33,14.545601,13,d15_direct,3,15,open,1.0,2.67
2.55,45,14.573485,13,d19_detour,3,19,closed,0.0,2.55
2.01,39,14.599255,13,d17_medium,3,17,closed,0.0,2.01
1.47,3,14.602554,13,d17_medium,3,17,closed,0.5,1.47
1.47,3,14.605791,13,d15_direct,3,15,open,1.0,1.47
2.01,39,14.628306,13,d17_medium,3,17,closed,0.0,2.01
1.47,3,14.631413,13,d19_detour,3,19,closed,0.5,1.47
2.61,34,14.650955,13,d15_direct,3,15,open,1.0,2.6099999999999994
2.67,33,14.670434,13,d15_direct,3,15,open,1.0,2.67
2.67,33,14.689963,13,d15_direct,3,15,open,1.0,2.67
2.55,45,14.715763,13,d19_detour,3,19,closed,0.0,2.55
2.61,34,14.736429,13,d15_direct,3,15,open,1.0,2.6099999999999994
1.47,3,14.739574,13,d15_direct,3,15,open,1.0,1.47
2.01,39,14.98218,13,d17_medium,3,17,closed,0.0,2.01
1.95,40,15.005572,13,d17_medium,3,17,closed,0.0,1.9499999999999997
1.47,3,15.009105,13,d15_direct,3,15,open,1.0,1.47
2.55,45,15.035693,13,d19_detour,3,19,closed,0.0,2.55
2.55,45,15.061863,13,d19_detour,3,19,closed,0.0,2.55
2.55,45,15.088356,13,d19_detour,3,19,closed,0.0,2.55
1.47,3,15.091621,13,d19_detour,3,19,closed,0.5,1.47
2.01,39,15.115762,13,d17_medium,3,17,closed,0.0,2.01
2.67,33,15.135131,13,d15_direct,3,15,open,1.0,2.67
1.47,3,15.13873,13,d19_detour,3,19,closed,0.5,1.47
2.49,46,15.165347,13,d19_detour,3,19,closed,0.0,2.4899999999999993
2.01,39,15.187902,13,d17_medium,3,17,closed,0.0,2.01
1.47,3,15.191136,13,d19_detour,3,19,closed,0.5,1.47
2.01,39,15.213583,13,d17_medium,3,17,closed,0.0,2.01
2.67,33,15.232939,13,d15_direct,3,15,open,1.0,2.67
2.67,33,15.252136,13,d15_direct,3,15,open,1.0,2.67
2.49,46,15.278413,13,d19_detour,3,19,closed,0.0,2.4899999999999993
2.55,45,15.304206,13,d19_detour,3,19,closed,0.0,2.55
2.67,33,15.324101,13,d15_direct,3,15,open,1.0,2.67
1.47,3,15.327474,13,d15_direct,3,15,open,1.0,1.47
1.47,3,15.330751,13,d15_direct,3,15,open,1.0,1.47
2.67,33,15.35046,14,d15_direct,3,15,open,1.0,2.67
1.47,3,15.353271,14,d15_direct,2,15,open,1.0,1.47
-3.03,3,15.356118,14,d19_detour,2,19,closed,0.5,-3.0300000000000002
4.14,36,15.384507,14,d15_direct,2,15,open,1.0,4.140000000000002
1.31,29,15.401499,14,d17_medium,2,17,closed,0.0,1.3099999999999998
1.67,33,15.41998,14,d19_detour,2,19,closed,0.0,1.6699999999999997
1.25,30,15.437742,14,d17_medium,2,17,closed,0.0,1.2499999999999998
-0.86,16,15.447873,14,d17_medium,2,17,closed,0.0,-0.8600000000000001
4.02,48,15.473724,14,d19_detour,2,19,closed,0.0,4.020000000000003
-3.03,3,15.476606,14,d17_medium,2,17,closed,0.0,-3.0300000000000002
1.31,29,15.492965,14,d17_medium,2,17,closed,0.0,1.3099999999999998
-1.53,3,15.495941,14,d17_medium,2,17,closed,0.0,-1.53
-1.53,3,15.498858,14,d17_medium,2,17,closed,0.0,-1.53
1.31,29,15.515602,14,d17_medium,2,17,closed,0.0,1.3099999999999998
-0.03,3,15.51837,14,d19_detour,2,19,closed,0.5,-0.030000000000000027
1.31,29,15.534989,14,d17_medium,2,17,closed,0.0,1.3099999999999998
1.47,3,15.537958,14,d15_direct,2,15,open,1.0,1.47
-1.53,3,15.540853,14,d19_detour,2,19,closed,0.5,-1.53
1.31,29,15.55791,14,d17_medium,2,17,closed,0.0,1.3099999999999998
-1.53,3,15.560945,14,d17_medium,2,17,closed,0.0,-1.53
2.03,37,15.582522,14,d15_direct,2,15,open,1.0,2.030000000000002
4.02,48,15.609503,14,d19_detour,2,19,closed,0.0,4.020000000000003
1.47,3,15.612517,14,d15_direct,2,15,open,1.0,1.47
-1.53,3,15.61532,14,d17_medium,2,17,closed,0.0,-1.53
1.67,33,15.633913,14,d19_detour,2,19,closed,0.0,1.6699999999999997
1.47,3,15.636979,14,d15_direct,2,15,open,1.0,1.47
3.96,49,15.664208,14,d19_detour,2,19,closed,0.0,3.9600000000000026
1.67,33,15.683347,14,d19_detour,2,19,closed,0.0,1.6699999999999997
4.14,36,15.703868,14,d15_direct,2,15,open,1.0,4.140000000000002
3.48,42,15.727596,14,d17_medium,2,17,closed,0.0,3.480000000000002
4.08,37,15.748507,14,d15_direct,2,15,open,1.0,4.080000000000002
-3.03,3,15.751457,14,d17_medium,2,17,closed,0.0,-3.0300000000000002
-0.03,3,15.754403,14,d17_medium,2,17,closed,0.0,-0.030000000000000027
1.47,3,15.75728,14,d15_direct,2,15,open,1.0,1.47
1.67,33,15.775452,14,d19_detour,2,19,closed,0.0,1.6699999999999997
1.47,3,15.778219,14,d19_detour,2,19,closed,0.5,1.47
4.14,36,15.798543,14,d15_direct,2,15,open,1.0,4.140000000000002
4.14,36,15.818203,14,d15_direct,2,15,open,1.0,4.140000000000002
-3.03,3,15.820943,14,d19_detour,2,19,closed,0.5,-3.0300000000000002
-1.53,3,15.823702,14,d19_detour,2,19,closed,0.5,-1.53
4.14,36,15.843627,14,d15_direct,2,15,open,1.0,4.140000000000002
4.14,36,15.863892,14,d15_direct,2,15,open,1.0,4.140000000000002
1.31,29,15.880037,14,d17_medium,2,17,closed,0.0,1.3099999999999998
-0.86,16,15.889583,14,d17_medium,2,17,closed,0.0,-0.8600000000000001
1.31,29,15.90648,14,d17_medium,2,17,closed,0.0,1.3099999999999998
-0.86,16,15.916328,14,d17_medium,2,17,closed,0.0,-0.8600000000000001
-3.03,3,15.919243,14,d17_medium,2,17,closed,0.0,-3.0300000000000002
4.14,36,15.939278,14,d15_direct,2,15,open,1.0,4.140000000000002
4.14,36,15.959059,14,d15_direct,2,15,open,1.0,4.140000000000002
4.14,36,15.979006,14,d15_direct,2,15,open,1.0,4.140000000000002
-1.53,3,15.982177,14,d17_medium,2,17,closed,0.0,-1.53
4.14,36,16.002121,14,d15_direct,2,15,open,1.0,4.140000000000002
1.61,34,16.020649,14,d19_detour,2,19,closed,0.0,1.6099999999999997
4.14,36,16.040501,14,d15_direct,2,15,open,1.0,4.140000000000002
4.02,48,16.066774,14,d19_detour,2,19,closed,0.0,4.020000000000003
1.47,3,16.069634,14,d15_direct,2,15,open,1.0,1.47
1.47,3,16.072521,14,d15_direct,2,15,open,1.0,1.47
4.02,48,16.09862,14,d19_detour,2,19,closed,0.0,4.020000000000003
1.67,33,16.116696,14,d19_detour,2,19,closed,0.0,1.6699999999999997
4.14,36,16.136458,14,d15_direct,2,15,open,1.0,4.140000000000002
1.67,33,16.154538,14,d19_detour,2,19,closed,0.0,1.6699999999999997
4.14,36,16.174276,14,d15_direct,2,15,open,1.0,4.140000000000002
-3.03,3,16.177149,14,d17_medium,2,17,closed,0.0,-3.0300000000000002
4.14,36,16.403365,14,d15_direct,2,15,open,1.0,4.140000000000002
4.14,36,16.423236,14,d15_direct,2,15,open,1.0,4.140000000000002
-3.03,3,16.426101,14,d17_medium,2,17,closed,0.0,-3.0300000000000002
1.31,29,16.442452,14,d17_medium,2,17,closed,0.0,1.3099999999999998
4.02,48,16.46835,14,d19_detour,2,19,closed,0.0,4.020000000000003
-0.03,3,16.471313,14,d17_medium,2,17,closed,0.0,-0.030000000000000027
1.25,30,16.488306,14,d17_medium,2,17,closed,0.0,1.2499999999999998
4.02,48,16.514198,14,d19_detour,2,19,closed,0.0,4.020000000000003
1.67,33,16.532942,14,d19_detour,2,19,closed,0.0,1.6699999999999997
-0.68,18,16.543823,14,d19_detour,2,19,closed,0.0,-0.6800000000000002
1.47,3,16.546887,14,d19_detour,2,19,closed,0.5,1.47
-1.53,3,16.550166,14,d17_medium,2,17,closed,0.0,-1.53
-0.86,16,16.560332,14,d17_medium,2,17,closed,0.0,-0.8600000000000001
1.31,29,16.577129,14,d17_medium,2,17,closed,0.0,1.3099999999999998
-0.03,3,16.580021,14,d19_detour,2,19,closed,0.5,-0.030000000000000027
4.14,36,16.600526,14,d15_direct,2,15,open,1.0,4.140000000000002
4.02,48,16.627436,14,d19_detour,2,19,closed,0.0,4.020000000000003
4.14,36,16.647776,14,d15_direct,2,15,open,1.0,4.140000000000002
-3.03,3,16.650706,14,d17_medium,2,17,closed,0.0,-3.0300000000000002
-0.86,16,16.66051,14,d17_medium,2,17,closed,0.0,-0.8600000000000001
4.14,36,16.680783,14,d15_direct,2,15,open,1.0,4.140000000000002
-0.03,3,16.683565,14,d17_medium,2,17,closed,0.0,-0.030000000000000027
4.14,36,16.703943,14,d15_direct,2,15,open,1.0,4.140000000000002
1.47,3,16.706799,14,d19_detour,2,19,closed,0.5,1.47
-1.53,3,16.70958,14,d19_detour,2,19,closed,0.5,-1.53
4.14,36,16.730071,14,d15_direct,2,15,open,1.0,4.140000000000002
1.47,3,16.73298,14,d15_direct,2,15,open,1.0,1.47
4.14,36,16.753126,14,d15_direct,2,15,open,1.0,4.140000000000002
-0.03,3,16.755954,14,d17_medium,2,17,closed,0.0,-0.030000000000000027
4.14,36,16.775961,14,d15_direct,2,15,open,1.0,4.140000000000002
-1.53,3,16.778887,14,d17_medium,2,17,closed,0.0,-1.53
4.14,36,16.798952,14,d15_direct,2,15,open,1.0,4.140000000000002
4.14,36,16.819064,14,d15_direct,2,15,open,1.0,4.140000000000002
2.1,40,16.841104,14,d19_detour,2,19,closed,0.0,2.1000000000000014
1.31,29,16.858331,14,d17_medium,2,17,closed,0.0,1.3099999999999998
1.47,3,16.86126,14,d15_direct,2,15,open,1.0,1.47
1.47,3,16.864035,14,d19_detour,2,19,closed,0.5,1.47
-0.86,16,16.873602,14,d17_medium,2,17,closed,0.0,-0.8600000000000001
1.67,33,16.892053,14,d19_detour,2,19,closed,0.0,1.6699999999999997
4.14,36,16.912112,14,d15_direct,2,15,open,1.0,4.140000000000002
4.14,36,16.932134,14,d15_direct,2,15,open,1.0,4.140000000000002
1.67,33,16.95069,14,d19_detour,2,19,closed,0.0,1.6699999999999997
1.31,29,16.967631,14,d17_medium,2,17,closed,0.0,1.3099999999999998
4.14,36,16.987899,14,d15_direct,2,15,open,1.0,4.140000000000002
4.02,48,17.014516,14,d19_detour,2,19,closed,0.0,4.020000000000003
4.14,36,17.035033,14,d15_direct,2,15,open,1.0,4.140000000000002
-0.86,16,17.045001,14,d17_medium,2,17,closed,0.0,-0.8600000000000001
1.31,49,17.071684,14,d19_detour,2,19,closed,0.0,1.3099999999999996
1.67,33,17.090245,14,d19_detour,2,19,closed,0.0,1.6699999999999997
4.02,48,17.11715,14,d19_detour,2,19,closed,0.0,4.020000000000003
4.02,48,17.143267,14,d19_detour,2,19,closed,0.0,4.020000000000003
-0.03,3,17.146003,14,d19_detour,2,19,closed,0.5,-0.030000000000000027
1.47,3,17.148831,14,d15_direct,2,15,open,1.0,1.47
-0.86,16,17.158584,14,d17_medium,2,17,closed,0.0,-0.8600000000000001
4.02,48,17.185763,14,d19_detour,2,19,closed,0.0,4.020000000000003
-0.86,16,17.195595,14,d17_medium,2,17,closed,0.0,-0.8600000000000001
4.08,37,17.216729,14,d15_direct,2,15,open,1.0,4.080000000000002
-0.03,3,17.219687,14,d15_direct,2,15,open,1.0,-0.030000000000000027
4.14,36,17.239858,14,d15_direct,2,15,open,1.0,4.140000000000002
4.14,36,17.259962,14,d15_direct,2,15,open,1.0,4.140000000000002
3.48,42,17.283223,14,d17_medium,2,17,closed,0.0,3.480000000000002
1.47,3,17.286103,14,d15_direct,2,15,open,1.0,1.47
1.67,33,17.305119,14,d19_detour,2,19,closed,0.0,1.6699999999999997
4.08,37,17.326484,14,d15_direct,2,15,open,1.0,4.080000000000002
4.14,36,17.346779,14,d15_direct,2,15,open,1.0,4.140000000000002
-3.03,3,17.349671,14,d17_medium,2,17,closed,0.0,-3.0300000000000002
-1.53,3,17.352651,14,d17_medium,2,17,closed,0.0,-1.53
1.61,34,17.371908,14,d19_detour,2,19,closed,0.0,1.6099999999999997
1.47,3,17.374815,14,d15_direct,2,15,open,1.0,1.47
4.14,36,17.395887,14,d15_direct,2,15,open,1.0,4.140000000000002
4.02,48,17.422407,14,d19_detour,2,19,closed,0.0,4.020000000000003
-0.03,3,17.425207,14,d17_medium,2,17,closed,0.0,-0.030000000000000027
4.02,48,17.451669,14,d19_detour,2,19,closed,0.0,4.020000000000003
3.48,42,17.475076,14,d17_medium,2,17,closed,0.0,3.480000000000002
1.25,30,17.492382,14,d17_medium,2,17,closed,0.0,1.2499999999999998
1.31,29,17.508956,14,d17_medium,2,17,closed,0.0,1.3099999999999998
1.67,33,17.527711,14,d19_detour,2,19,closed,0.0,1.6699999999999997
4.08,37,17.548208,14,d15_direct,2,15,open,1.0,4.080000000000002
-0.03,3,17.550966,14,d19_detour,2,19,closed,0.5,-0.030000000000000027
1.31,29,17.567243,14,d17_medium,2,17,closed,0.0,1.3099999999999998
3.48,42,17.79586,14,d17_medium,2,17,closed,0.0,3.480000000000002
4.02,48,17.821992,14,d19_detour,2,19,closed,0.0,4.020000000000003
4.02,48,17.848009,14,d19_detour,2,19,closed,0.0,4.020000000000003
4.02,48,17.874809,14,d19_detour,2,19,closed,0.0,4.020000000000003
1.47,3,17.878048,14,d15_direct,2,15,open,1.0,1.47
4.02,48,17.904697,14,d19_detour,2,19,closed,0.0,4.020000000000003
4.02,48,17.930654,14,d19_detour,2,19,closed,0.0,4.020000000000003
4.14,36,17.950517,14,d15_direct,2,15,open,1.0,4.140000000000002
4.14,36,17.970617,14,d15_direct,2,15,open,1.0,4.140000000000002
4.14,36,17.991119,14,d15_direct,2,15,open,1.0,4.140000000000002
4.02,48,18.017427,14,d19_detour,2,19,closed,0.0,4.020000000000003
4.14,36,18.038193,14,d15_direct,2,15,open,1.0,4.140000000000002
1.67,33,18.056576,14,d19_detour,2,19,closed,0.0,1.6699999999999997
-0.03,3,18.059396,14,d17_medium,2,17,closed,0.0,-0.030000000000000027
-0.86,16,18.069632,14,d17_medium,2,17,closed,0.0,-0.8600000000000001
4.14,36,18.089558,14,d15_direct,2,15,open,1.0,4.140000000000002
-0.92,17,18.099612,14,d17_medium,2,17,closed,0.0,-0.9200000000000002
1.31,29,18.116086,14,d17_medium,2,17,closed,0.0,1.3099999999999998
1.47,3,18.118836,14,d17_medium,2,17,closed,0.5,1.47
1.31,29,18.13526,14,d17_medium,2,17,closed,0.0,1.3099999999999998
1.67,33,18.15387,14,d19_detour,2,19,closed,0.0,1.6699999999999997
1.3,50,18.181238,14,d19_detour,2,19,closed,0.0,1.2999999999999996
4.02,48,18.207367,14,d19_detour,2,19,closed,0.0,4.020000000000003
-0.86,16,18.216955,14,d17_medium,2,17,closed,0.0,-0.8600000000000001
3.48,42,18.240191,14,d17_medium,2,17,closed,0.0,3.480000000000002
4.14,36,18.260992,14,d15_direct,2,15,open,1.0,4.140000000000002
4.02,48,18.287713,14,d19_detour,2,19,closed,0.0,4.020000000000003
4.14,36,18.308211,14,d15_direct,2,15,open,1.0,4.140000000000002
1.31,29,18.32553,14,d17_medium,2,17,closed,0.0,1.3099999999999998
1.31,29,18.342866,14,d17_medium,2,17,closed,0.0,1.3099999999999998
4.14,36,18.363194,14,d15_direct,2,15,open,1.0,4.140000000000002
-3.03,3,18.366045,14,d17_medium,2,17,closed,0.0,-3.0300000000000002
1.47,3,18.368871,14,d19_detour,2,19,closed,0.5,1.47
4.02,48,18.396312,14,d19_detour,2,19,closed,0.0,4.020000000000003
1.31,29,18.413033,14,d17_medium,2,17,closed,0.0,1.3099999999999998
1.47,3,18.41587,14,d15_direct,2,15,open,1.0,1.47
3.48,42,18.43996,14,d17_medium,2,17,closed,0.0,3.480000000000002
4.14,36,18.460154,14,d15_direct,2,15,open,1.0,4.140000000000002
4.14,36,18.480419,14,d15_direct,2,15,open,1.0,4.140000000000002
4.14,36,18.500841,14,d15_direct,2,15,open,1.0,4.140000000000002
-0.86,16,18.510607,14,d17_medium,2,17,closed,0.0,-0.8600000000000001
1.67,33,18.529328,14,d19_detour,2,19,closed,0.0,1.6699999999999997
3.48,42,18.552761,14,d17_medium,2,17,closed,0.0,3.480000000000002
4.14,36,18.573116,14,d15_direct,2,15,open,1.0,4.140000000000002
-0.03,3,18.57611,14,d17_medium,2,17,closed,0.0,-0.030000000000000027
-0.86,16,18.586352,14,d17_medium,2,17,closed,0.0,-0.8600000000000001
4.14,36,18.606806,14,d15_direct,2,15,open,1.0,4.140000000000002
4.14,36,18.627701,14,d15_direct,2,15,open,1.0,4.140000000000002
4.14,36,18.648807,14,d15_direct,2,15,open,1.0,4.140000000000002
1.67,33,18.667675,14,d19_detour,2,19,closed,0.0,1.6699999999999997
1.47,3,18.670637,14,d15_direct,2,15,open,1.0,1.47
4.14,36,18.691219,14,d15_direct,2,15,open,1.0,4.140000000000002
1.47,3,18.694033,14,d19_detour,2,19,closed,0.5,1.47
4.14,36,18.714592,14,d15_direct,2,15,open,1.0,4.140000000000002
4.02,48,18.741682,14,d19_detour,2,19,closed,0.0,4.020000000000003
1.47,3,18.744597,14,d15_direct,2,15,open,1.0,1.47
4.02,48,18.771164,14,d19_detour,2,19,closed,0.0,4.020000000000003
-0.03,3,18.774035,14,d17_medium,2,17,closed,0.0,-0.030000000000000027
3.96,49,18.801718,14,d19_detour,2,19,closed,0.0,3.9600000000000026
1.47,3,18.80471,14,d15_direct,2,15,open,1.0,1.47
4.02,48,18.831684,14,d19_detour,2,19,closed,0.0,4.020000000000003
4.02,48,18.859267,14,d19_detour,2,19,closed,0.0,4.020000000000003
-1.53,3,18.862184,14,d17_medium,2,17,closed,0.0,-1.53
4.02,48,18.888774,14,d19_detour,2,19,closed,0.0,4.020000000000003
4.14,36,18.909191,14,d15_direct,2,15,open,1.0,4.140000000000002
4.14,36,18.929688,14,d15_direct,2,15,open,1.0,4.140000000000002
1.31,29,18.946837,14,d17_medium,2,17,closed,0.0,1.3099999999999998
4.14,36,19.177697,14,d15_direct,2,15,open,1.0,4.140000000000002
3.48,42,19.201391,14,d17_medium,2,17,closed,0.0,3.480000000000002
1.47,3,19.204339,14,d15_direct,2,15,open,1.0,1.47
-0.03,3,19.207119,14,d17_medium,2,17,closed,0.5,-0.030000000000000027
1.31,29,19.224287,14,d17_medium,2,17,closed,0.0,1.3099999999999998
4.02,48,19.251906,14,d19_detour,2,19,closed,0.0,4.020000000000003
1.25,30,19.269357,14,d17_medium,2,17,closed,0.0,1.2499999999999998
1.47,3,19.272284,14,d15_direct,2,15,open,1.0,1.47
-0.03,3,19.275155,14,d17_medium,2,17,closed,0.0,-0.030000000000000027
-1.53,3,19.278146,14,d17_medium,2,17,closed,0.0,-1.53
1.47,3,19.282206,14,d15_direct,2,15,open,1.0,1.47
-0.03,3,19.286064,14,d17_medium,2,17,closed,0.0,-0.030000000000000027
1.32,43,19.310572,14,d17_medium,2,17,closed,0.0,1.3200000000000016
4.14,36,19.332226,14,d15_direct,2,15,open,1.0,4.140000000000002
4.14,36,19.353274,14,d15_direct,2,15,open,1.0,4.140000000000002
1.31,29,19.370466,14,d17_medium,2,17,closed,0.0,1.3099999999999998
4.14,36,19.391203,14,d15_direct,2,15,open,1.0,4.140000000000002
1.47,3,19.393955,14,d19_detour,2,19,closed,0.5,1.47
-0.03,3,19.397179,14,d19_detour,2,19,closed,0.5,-0.030000000000000027
-0.03,3,19.400025,14,d17_medium,2,17,closed,0.0,-0.030000000000000027
4.02,48,19.427016,14,d19_detour,2,19,closed,0.0,4.020000000000003
4.02,48,19.454299,14,d19_detour,2,19,closed,0.0,4.020000000000003
4.14,36,19.475375,14,d15_direct,2,15,open,1.0,4.140000000000002
4.02,48,19.504593,14,d19_detour,2,19,closed,0.0,4.020000000000003
1.31,29,19.521807,14,d17_medium,2,17,closed,0.0,1.3099999999999998
4.02,48,19.549195,14,d19_detour,2,19,closed,0.0,4.020000000000003
4.02,48,19.577065,14,d19_detour,2,19,closed,0.0,4.020000000000003
4.14,36,19.597534,14,d15_direct,2,15,open,1.0,4.140000000000002
4.14,36,19.617597,14,d15_direct,2,15,open,1.0,4.140000000000002
-0.03,3,19.620414,14,d17_medium,2,17,closed,0.0,-0.030000000000000027
4.14,36,19.640545,14,d15_direct,2,15,open,1.0,4.140000000000002
1.31,29,19.656931,14,d17_medium,2,17,closed,0.0,1.3099999999999998
3.48,42,19.680157,14,d17_medium,2,17,closed,0.0,3.480000000000002
1.47,3,19.682986,14,d15_direct,2,15,open,1.0,1.47
1.47,3,19.685789,14,d19_detour,2,19,closed,0.5,1.47
4.14,36,19.705905,14,d15_direct,2,15,open,1.0,4.140000000000002
4.02,48,19.73228,14,d19_detour,2,19,closed,0.0,4.020000000000003
1.31,29,19.748761,14,d17_medium,2,17,closed,0.0,1.3099999999999998
1.47,3,19.751639,14,d15_direct,2,15,open,1.0,1.47
4.14,36,19.771699,14,d15_direct,2,15,open,1.0,4.140000000000002
1.47,3,19.774512,14,d19_detour,2,19,closed,0.5,1.47
4.14,36,19.794629,14,d15_direct,2,15,open,1.0,4.140000000000002
2.15,35,19.814163,14,d19_detour,2,19,closed,0.0,2.1500000000000004
3.48,42,19.837529,14,d17_medium,2,17,closed,0.0,3.480000000000002
4.14,36,19.857696,14,d15_direct,2,15,open,1.0,4.140000000000002
4.14,36,19.877792,14,d15_direct,2,15,open,1.0,4.140000000000002
3.48,42,19.901149,15,d17_medium,2,17,closed,0.0,3.480000000000002
4.11,39,19.922388,15,d15_direct,1,15,open,1.0,4.110000000000002
4.11,39,19.943547,15,d15_direct,1,15,open,1.0,4.110000000000002
-1.08,33,19.961568,15,d17_medium,1,17,closed,0.0,-1.0800000000000003
1.47,3,19.964045,15,d17_medium,1,17,closed,0.5,1.47
4.11,39,19.985402,15,d15_direct,1,15,open,1.0,4.110000000000002
4.05,40,20.007174,15,d15_direct,1,15,open,1.0,4.0500000000000025
4.11,39,20.02895,15,d15_direct,1,15,open,1.0,4.110000000000002
1.47,3,20.031472,15,d15_direct,1,15,open,0.5,1.47
4.11,39,20.053257,15,d15_direct,1,15,open,1.0,4.110000000000002
4.11,39,20.075143,15,d15_direct,1,15,open,1.0,4.110000000000002
1.29,46,20.101442,15,d17_medium,1,17,closed,0.0,1.2900000000000023
4.11,39,20.123442,15,d15_direct,1,15,open,1.0,4.110000000000002
4.11,39,20.144896,15,d15_direct,1,15,open,1.0,4.110000000000002
1.47,3,20.147402,15,d19_detour,1,19,closed,0.5,1.47
1.28,32,20.165873,15,d17_medium,1,17,closed,0.0,1.28
3.99,51,20.194033,15,d19_detour,1,19,closed,0.0,3.990000000000003
1.47,3,20.196602,15,d15_direct,1,15,open,0.5,1.47
1.47,3,20.199031,15,d17_medium,1,17,closed,0.5,1.47
1.47,3,20.201461,15,d19_detour,1,19,closed,0.5,1.47
3.99,51,20.229588,15,d19_detour,1,19,closed,0.0,3.990000000000003
1.28,32,20.247272,15,d17_medium,1,17,closed,0.0,1.28
2.0,40,20.268998,15,d15_direct,1,15,open,1.0,2.0000000000000018
4.11,39,20.290904,15,d15_direct,1,15,open,1.0,4.110000000000002
3.45,45,20.315304,15,d17_medium,1,17,closed,0.0,3.450000000000003
1.47,3,20.317763,15,d15_direct,1,15,open,0.5,1.47
4.11,39,20.339032,15,d15_direct,1,15,open,1.0,4.110000000000002
1.47,3,20.34163,15,d15_direct,1,15,open,0.5,1.47
1.27,53,20.584124,15,d19_detour,1,19,closed,0.0,1.27
3.99,51,20.61219,15,d19_detour,1,19,closed,0.0,3.990000000000003
3.99,51,20.639997,15,d19_detour,1,19,closed,0.0,3.990000000000003
3.45,45,20.665624,15,d17_medium,1,17,closed,0.0,3.450000000000003
4.11,39,20.687713,15,d15_direct,1,15,open,1.0,4.110000000000002
1.47,3,20.690197,15,d17_medium,1,17,closed,0.5,1.47
3.45,45,20.715496,15,d17_medium,1,17,closed,0.0,3.450000000000003
4.11,39,20.73718,15,d15_direct,1,15,open,1.0,4.110000000000002
4.11,39,20.76027,15,d15_direct,1,15,open,1.0,4.110000000000002
1.47,3,20.762914,15,d17_medium,1,17,closed,0.5,1.47
1.47,3,20.765529,15,d17_medium,1,17,closed,0.5,1.47
1.28,32,20.783314,15,d17_medium,1,17,closed,0.0,1.2799999999999998
3.99,51,20.811344,15,d19_detour,1,19,closed,0.0,3.990000000000003
3.45,45,20.836146,15,d17_medium,1,17,closed,0.0,3.450000000000003
1.47,3,20.838622,15,d15_direct,1,15,open,0.5,1.47
3.45,45,20.863368,15,d17_medium,1,17,closed,0.0,3.450000000000003
3.45,45,20.888024,15,d17_medium,1,17,closed,0.0,3.450000000000003
4.11,39,20.90964,15,d15_direct,1,15,open,1.0,4.110000000000002
1.47,3,20.912129,15,d15_direct,1,15,open,0.5,1.47
4.11,39,20.93417,15,d15_direct,1,15,open,1.0,4.110000000000002
4.11,39,20.955786,15,d15_direct,1,15,open,1.0,4.110000000000002
1.95,40,20.977822,15,d15_direct,1,15,open,1.0,1.9499999999999995
1.47,3,20.980475,15,d15_direct,1,15,open,0.5,1.47
1.47,3,20.982945,15,d19_detour,1,19,closed,0.5,1.47
3.99,51,21.011433,15,d19_detour,1,19,closed,0.0,3.990000000000003
4.11,39,21.032783,15,d15_direct,1,15,open,1.0,4.110000000000002
4.11,39,21.053851,15,d15_direct,1,15,open,1.0,4.110000000000002
4.11,39,21.075078,15,d15_direct,1,15,open,1.0,4.110000000000002
1.47,3,21.077554,15,d19_detour,1,19,closed,0.5,1.47
3.99,51,21.104807,15,d19_detour,1,19,closed,0.0,3.990000000000003
1.64,36,21.125005,15,d19_detour,1,19,closed,0.0,1.6399999999999997
1.47,3,21.127529,15,d19_detour,1,19,closed,0.5,1.47
4.05,40,21.149138,15,d15_direct,1,15,open,1.0,4.050000000000002
4.05,40,21.170846,15,d15_direct,1,15,open,1.0,4.0500000000000025
3.45,45,21.195275,15,d17_medium,1,17,closed,0.0,3.450000000000003
1.28,32,21.212869,15,d17_medium,1,17,closed,0.0,1.2799999999999998
1.28,32,21.230456,15,d17_medium,1,17,closed,0.0,1.2799999999999998
4.11,39,21.252285,15,d15_direct,1,15,open,1.0,4.110000000000002
1.47,3,21.254843,15,d15_direct,1,15,open,0.5,1.47
3.99,51,21.282138,15,d19_detour,1,19,closed,0.0,3.990000000000003
1.47,3,21.284614,15,d19_detour,1,19,closed,0.5,1.47
1.47,3,21.287173,15,d19_detour,1,19,closed,0.5,1.47
3.99,51,21.315045,15,d19_detour,1,19,closed,0.0,3.990000000000003
4.11,39,21.33642,15,d15_direct,1,15,open,1.0,4.110000000000002
4.11,39,21.358018,15,d15_direct,1,15,open,1.0,4.110000000000002
3.45,45,21.384856,15,d17_medium,1,17,closed,0.0,3.450000000000003
4.11,39,21.407341,15,d15_direct,1,15,open,1.0,4.110000000000002
1.28,32,21.425248,15,d17_medium,1,17,closed,0.0,1.2799999999999998
4.11,39,21.453242,15,d15_direct,1,15,open,1.0,4.110000000000002
4.11,39,21.478427,15,d15_direct,1,15,open,1.0,4.110000000000002
4.11,39,21.499839,15,d15_direct,1,15,open,1.0,4.110000000000002
3.99,51,21.528389,15,d19_detour,1,19,closed,0.0,3.990000000000003
3.45,45,21.554105,15,d17_medium,1,17,closed,0.0,3.450000000000003
1.47,3,21.556655,15,d17_medium,1,17,closed,0.5,1.47
4.11,39,21.57868,15,d15_direct,1,15,open,1.0,4.110000000000002
1.47,3,21.581405,15,d19_detour,1,19,closed,0.5,1.47
3.39,46,21.606419,15,d17_medium,1,17,closed,0.0,3.3900000000000023
3.99,51,21.633535,15,d19_detour,1,19,closed,0.0,3.990000000000003
1.47,3,21.635987,15,d19_detour,1,19,closed,0.5,1.47
3.45,45,21.661926,15,d17_medium,1,17,closed,0.0,3.450000000000003
3.99,51,21.689758,16,d19_detour,1,19,closed,0.0,3.990000000000003
3.96,54,21.938174,16,d19_detour,0,19,closed,0.0,3.9600000000000035
1.47,3,21.940376,16,d15_direct,0,15,open,0.5,1.47
4.02,43,21.963988,16,d15_direct,0,15,open,1.0,4.020000000000002
0.1,40,21.985667,16,d19_detour,0,19,closed,0.0,0.10000000000000231
3.42,48,22.01228,16,d17_medium,0,17,closed,0.0,3.4200000000000026
4.08,42,22.035804,16,d15_direct,0,15,open,1.0,4.080000000000003
1.47,3,22.038034,16,d15_direct,0,15,open,0.5,1.47
4.08,42,22.060845,16,d15_direct,0,15,open,1.0,4.080000000000003
3.96,54,22.089762,16,d19_detour,0,19,closed,0.0,3.9600000000000035
1.61,39,22.110868,16,d19_detour,0,19,closed,0.0,1.6099999999999997
3.96,54,22.139619,16,d19_detour,0,19,closed,0.0,3.9600000000000035
3.42,48,22.165803,16,d17_medium,0,17,closed,0.0,3.4200000000000026
3.96,54,22.194721,16,d19_detour,0,19,closed,0.0,3.9600000000000035
1.47,3,22.196867,16,d15_direct,0,15,open,0.5,1.47
4.08,42,22.219694,16,d15_direct,0,15,open,1.0,4.080000000000003
1.47,3,22.221857,16,d17_medium,0,17,closed,0.5,1.47
1.25,35,22.240705,16,d17_medium,0,17,closed,0.0,1.2499999999999998
4.08,42,22.263279,16,d15_direct,0,15,open,1.0,4.080000000000003
1.47,3,22.265426,16,d15_direct,0,15,open,0.5,1.47
3.9,55,22.294817,16,d19_detour,0,19,closed,0.0,3.900000000000003
2.04,46,22.32012,16,d19_detour,0,19,closed,0.0,2.0399999999999996
2.09,41,22.342078,16,d19_detour,0,19,closed,0.0,2.0900000000000007
1.47,3,22.344238,16,d15_direct,0,15,open,0.5,1.47
3.42,48,22.370177,16,d17_medium,0,17,closed,0.0,3.4200000000000026
4.08,42,22.392821,16,d15_direct,0,15,open,1.0,4.080000000000003
1.47,3,22.394983,16,d17_medium,0,17,closed,0.5,1.47
1.47,3,22.397424,16,d15_direct,0,15,open,0.5,1.47
3.42,48,22.423528,16,d17_medium,0,17,closed,0.0,3.4200000000000026
4.08,42,22.446123,16,d15_direct,0,15,open,1.0,4.080000000000003
1.47,3,22.448275,16,d17_medium,0,17,closed,0.5,1.47
1.47,3,22.450417,16,d17_medium,0,17,closed,0.5,1.47
3.42,48,22.476412,16,d17_medium,0,17,closed,0.0,3.4200000000000026
1.97,43,22.499738,16,d15_direct,0,15,open,1.0,1.9700000000000022
3.96,54,22.528665,16,d19_detour,0,19,closed,0.0,3.9600000000000035
3.96,54,22.55756,16,d19_detour,0,19,closed,0.0,3.9600000000000035
1.61,39,22.579896,16,d19_detour,0,19,closed,0.0,1.6099999999999997
-0.92,22,22.592307,16,d17_medium,0,17,closed,0.0,-0.9200000000000002
1.47,3,22.594498,16,d15_direct,0,15,open,0.5,1.47
3.96,54,22.62441,16,d19_detour,0,19,closed,0.0,3.9600000000000035
3.9,55,22.654201,16,d19_detour,0,19,closed,0.0,3.900000000000003
3.96,54,22.684695,16,d19_detour,0,19,closed,0.0,3.9600000000000035
1.47,3,22.686933,16,d15_direct,0,15,open,0.5,1.47
1.25,55,22.71604,16,d19_detour,0,19,closed,0.0,1.2499999999999996
3.42,48,22.741929,16,d17_medium,0,17,closed,0.0,3.4200000000000026
1.25,35,22.76097,16,d17_medium,0,17,closed,0.0,1.2499999999999998
3.96,54,22.789862,16,d19_detour,0,19,closed,0.0,3.9600000000000035
1.47,3,22.792019,16,d19_detour,0,19,closed,0.5,1.47
4.08,42,22.815243,16,d15_direct,0,15,open,1.0,4.080000000000003
1.47,3,22.81744,16,d17_medium,0,17,closed,0.5,1.47
4.08,42,22.840404,16,d15_direct,0,15,open,1.0,4.080000000000003
1.19,36,22.860526,16,d17_medium,0,17,closed,0.0,1.1899999999999997
1.47,3,22.862725,16,d15_direct,0,15,open,0.5,1.47
1.61,39,22.883765,16,d19_detour,0,19,closed,0.0,1.61
4.08,42,22.906562,16,d15_direct,0,15,open,1.0,4.080000000000003
1.47,3,22.908722,16,d19_detour,0,19,closed,0.5,1.47
4.08,42,22.931375,16,d15_direct,0,15,open,1.0,4.080000000000003
3.42,48,22.957278,16,d17_medium,0,17,closed,0.0,3.4200000000000026
1.47,3,22.959468,16,d17_medium,0,17,closed,0.5,1.47
4.08,42,22.982208,16,d15_direct,0,15,open,1.0,4.080000000000003
1.61,39,23.003287,16,d19_detour,0,19,closed,0.0,1.61
4.02,43,23.026498,16,d15_direct,0,15,open,1.0,4.020000000000002
1.47,3,23.029287,16,d19_detour,0,19,closed,0.5,1.47
4.08,42,23.05194,16,d15_direct,0,15,open,1.0,4.080000000000003
2.09,41,23.292073,16,d19_detour,0,19,closed,0.0,2.0900000000000007
2.07,43,23.316689,16,d15_direct,0,15,open,1.0,2.0699999999999994
1.47,3,23.319031,16,d15_direct,0,15,open,0.5,1.47
3.96,54,23.349652,16,d19_detour,0,19,closed,0.0,3.9600000000000035
1.25,35,23.369061,16,d17_medium,0,17,closed,0.0,1.2500000000000002
4.08,42,23.392987,16,d15_direct,0,15,open,1.0,4.080000000000003
1.47,3,23.395319,16,d15_direct,0,15,open,0.5,1.47
3.42,48,23.423575,16,d17_medium,0,17,closed,0.0,3.4200000000000026
4.08,42,23.448153,16,d15_direct,0,15,open,1.0,4.080000000000003
4.08,42,23.471614,16,d15_direct,0,15,open,1.0,4.080000000000003
4.08,42,23.495005,16,d15_direct,0,15,open,1.0,4.080000000000003
-1.11,36,23.516001,17,d17_medium,0,17,closed,0.0,-1.1100000000000003
-5.1,45,23.541818,17,final_d15_closed,0,15,closed,0.0,-5.1
1.92,48,23.569309,17,final_d17_closed,0,17,closed,0.0,1.9199999999999997
2.08,47,23.596958,17,final_d17_open,0,17,open,1.0,2.0799999999999996
2.46,54,23.626446,17,final_d19_open,0,19,open,1.0,2.4599999999999995
1.92,48,23.654265,17,final_d17_closed,0,17,closed,0.0,1.9199999999999997
4.02,48,23.682083,17,d19_detour,2,19,closed,0.0,4.020000000000003
3.42,43,23.707607,17,d17_medium,2,17,closed,0.0,3.4200000000000017
2.46,54,23.73806,17,final_d19_closed,0,19,closed,0.0,2.4599999999999995
2.58,42,23.761683,17,final_d15_open,0,15,open,1.0,2.5799999999999996
4.14,36,23.783653,17,d15_direct,2,15,open,1.0,4.140000000000002
0.1,55,23.812632,17,final_d19_closed,0,19,closed,0.0,0.09999999999999942
1.92,48,23.838597,17,final_d17_closed,0,17,closed,0.0,1.9199999999999997
1.92,48,23.865639,17,final_d17_closed,0,17,closed,0.0,1.9199999999999997
3.48,42,23.889382,17,d17_medium,2,17,closed,0.0,3.480000000000002
4.02,48,23.916981,17,d19_detour,2,19,closed,0.0,4.020000000000003
2.14,46,23.943025,17,final_d17_open,0,17,open,1.0,2.1399999999999997
3.48,42,23.968323,17,d17_medium,2,17,closed,0.0,3.480000000000002
4.14,36,23.989285,17,d15_direct,2,15,open,1.0,4.140000000000002
1.75,25,24.004248,17,d15_direct,2,15,open,1.0,1.7499999999999998
2.46,54,24.034909,17,final_d19_open,0,19,open,1.0,2.4599999999999995
2.14,46,24.060596,17,final_d17_open,0,17,open,1.0,2.1399999999999997
2.58,42,24.083815,17,final_d15_open,0,15,open,1.0,2.5799999999999996
2.28,52,24.112664,17,final_d19_open,0,19,open,1.0,2.2799999999999994
2.46,54,24.142583,17,final_d19_open,0,19,open,1.0,2.4599999999999995
2.14,46,24.167564,17,final_d17_open,0,17,open,1.0,2.1399999999999997
2.58,42,24.191036,17,final_d15_open,0,15,open,1.0,2.5799999999999996
-0.24,49,24.218122,17,final_d17_open,0,17,open,1.0,-0.24000000000000066
2.58,42,24.242177,17,final_d15_open,0,15,open,1.0,2.5799999999999996
2.46,54,24.271183,17,final_d19_closed,0,19,closed,0.0,2.4599999999999995
2.58,42,24.294423,17,final_d15_open,0,15,open,1.0,2.5799999999999996
-0.12,47,24.320262,17,final_d17_open,0,17,open,1.0,-0.12000000000000033
2.4,55,24.350566,17,final_d19_open,0,19,open,1.0,2.3999999999999995
-5.1,45,24.375833,17,final_d15_closed,0,15,closed,0.0,-5.1
4.14,36,24.396466,17,d15_direct,2,15,open,1.0,4.140000000000002
-5.1,45,24.421552,17,final_d15_closed,0,15,closed,0.0,-5.1
3.48,42,24.668715,17,d17_medium,2,17,closed,0.0,3.480000000000002
1.92,48,24.69414,17,final_d17_open,0,17,open,1.0,1.9199999999999997
1.92,48,24.720444,17,final_d17_open,0,17,open,1.0,1.9199999999999997
-0.54,49,24.7467,17,final_d17_closed,0,17,closed,0.0,-0.5399999999999996
3.48,42,24.769879,17,d17_medium,2,17,closed,0.0,3.480000000000002
2.28,52,24.797698,17,final_d19_open,0,19,open,1.0,2.2799999999999994
1.92,48,24.82348,17,final_d17_closed,0,17,closed,0.0,1.9199999999999997
1.75,25,24.837349,17,d15_direct,2,15,open,1.0,1.7499999999999998
2.46,54,24.864979,17,final_d19_closed,0,19,closed,0.0,2.4599999999999995
4.02,48,24.892172,17,d19_detour,2,19,closed,0.0,4.020000000000003
4.14,36,24.912879,17,d15_direct,2,15,open,1.0,4.140000000000002
-5.1,45,24.937418,17,final_d15_closed,0,15,closed,0.0,-5.1
2.58,42,24.959579,17,final_d15_open,0,15,open,1.0,2.5799999999999996
2.46,54,24.987881,17,final_d19_open,0,19,open,1.0,2.4599999999999995
4.14,36,25.009134,17,d15_direct,2,15,open,1.0,4.140000000000002
1.92,48,25.035543,17,final_d17_open,0,17,open,1.0,1.9199999999999997
2.58,42,25.058447,17,final_d15_open,0,15,open,1.0,2.5799999999999996
2.46,54,25.088279,17,final_d19_open,0,19,open,1.0,2.4599999999999995
1.92,48,25.11419,17,final_d17_open,0,17,open,1.0,1.9199999999999997
-5.1,45,25.138974,17,final_d15_closed,0,15,closed,0.0,-5.1
-0.24,49,25.164756,17,final_d17_open,0,17,open,1.0,-0.24000000000000044
2.58,42,25.187992,17,final_d15_open,0,15,open,1.0,2.5799999999999996
2.46,54,25.217462,17,final_d19_closed,0,19,closed,0.0,2.4599999999999995
2.58,42,25.240394,17,final_d15_open,0,15,open,1.0,2.5799999999999996
1.92,48,25.26614,17,final_d17_open,0,17,open,1.0,1.9199999999999997
2.46,54,25.295851,17,final_d19_open,0,19,open,1.0,2.4599999999999995
2.28,52,25.323983,17,final_d19_open,0,19,open,1.0,2.2799999999999994
4.14,36,25.344396,17,d15_direct,2,15,open,1.0,4.140000000000002
3.48,42,25.368002,17,d17_medium,2,17,closed,0.0,3.480000000000002
2.46,54,25.397694,17,final_d19_closed,0,19,closed,0.0,2.4599999999999995
4.02,48,25.423481,17,d19_detour,2,19,closed,0.0,4.020000000000003
2.46,54,25.453944,17,final_d19_closed,0,19,closed,0.0,2.4599999999999995
2.58,42,25.477228,17,final_d15_open,0,15,open,1.0,2.5799999999999996
3.48,42,25.500871,17,d17_medium,2,17,closed,0.0,3.480000000000002
2.46,54,25.531254,17,final_d19_open,0,19,open,1.0,2.4599999999999995
2.58,42,25.554029,17,final_d15_open,0,15,open,1.0,2.5799999999999996
4.14,36,25.575907,17,d15_direct,2,15,open,1.0,4.140000000000002
2.46,54,25.606149,17,final_d19_closed,0,19,closed,0.0,2.4599999999999995
2.58,42,25.62937,17,final_d15_open,0,15,open,1.0,2.5799999999999996
2.52,43,25.652586,17,final_d15_open,0,15,open,1.0,2.5199999999999996
-5.1,45,25.676994,17,final_d15_closed,0,15,closed,0.0,-5.1
1.67,33,25.696136,17,d19_detour,2,19,closed,0.0,1.6699999999999997
2.58,42,25.718987,17,final_d15_open,0,15,open,1.0,2.5799999999999996
-5.0,45,25.743221,17,final_d15_closed,0,15,closed,0.0,-5.0
1.92,48,25.769909,17,final_d17_closed,0,17,closed,0.0,1.9199999999999997
2.58,42,26.019255,17,final_d15_open,0,15,open,1.0,2.5799999999999996
2.1,40,26.041343,17,d19_detour,2,19,closed,0.0,2.0999999999999996
1.92,48,26.068096,17,final_d17_closed,0,17,closed,0.0,1.9199999999999997
1.92,48,26.094617,17,final_d17_closed,0,17,closed,0.0,1.9199999999999997
-2.26,56,26.12436,17,final_d19_open,0,19,open,1.0,-2.2599999999999953
0.12,43,26.14745,17,final_d15_open,0,15,open,1.0,0.11999999999999966
-5.1,45,26.17201,17,final_d15_closed,0,15,closed,0.0,-5.1
-0.49,49,26.198649,17,final_d17_closed,0,17,closed,0.0,-0.4899999999999993
1.92,48,26.22455,17,final_d17_open,0,17,open,1.0,1.9199999999999997
4.02,48,26.251458,17,d19_detour,2,19,closed,0.0,4.020000000000003
4.02,48,26.278061,17,d19_detour,2,19,closed,0.0,4.020000000000003
1.92,48,26.30451,17,final_d17_open,0,17,open,1.0,1.9199999999999997
2.4,55,26.334076,17,final_d19_open,0,19,open,1.0,2.3999999999999995
2.14,46,26.359031,17,final_d17_open,0,17,open,1.0,2.1399999999999997
-5.1,45,26.383558,17,final_d15_closed,0,15,closed,0.0,-5.1
2.46,54,26.413012,17,final_d19_closed,0,19,closed,0.0,2.4599999999999995
2.14,46,26.438529,17,final_d17_open,0,17,open,1.0,2.1399999999999997
-2.55,50,26.465203,17,final_d17_open,0,17,open,1.0,-2.549999999999997
1.98,37,26.485772,17,d15_direct,2,15,open,1.0,1.9800000000000018
-0.05,55,26.51425,17,final_d19_open,0,19,open,1.0,-0.05000000000000093
4.02,48,26.540469,17,d19_detour,2,19,closed,0.0,4.020000000000003
2.14,46,26.565672,17,final_d17_open,0,17,open,1.0,2.1399999999999997
4.02,48,26.592929,17,d19_detour,2,19,closed,0.0,4.020000000000003
1.92,48,26.619112,17,final_d17_closed,0,17,closed,0.0,1.9199999999999997
2.46,54,26.648179,17,final_d19_open,0,19,open,1.0,2.4599999999999995
2.58,42,26.670995,17,final_d15_open,0,15,open,1.0,2.5799999999999996
2.46,54,26.699908,17,final_d19_open,0,19,open,1.0,2.4599999999999995
-4.9,45,26.723855,17,final_d15_closed,0,15,closed,0.0,-4.9
2.46,54,26.75298,17,final_d19_open,0,19,open,1.0,2.4599999999999995
0.12,43,26.776376,17,final_d15_open,0,15,open,1.0,0.11999999999999966
4.14,36,26.79672,17,d15_direct,2,15,open,1.0,4.140000000000002
2.58,42,26.819408,17,final_d15_open,0,15,open,1.0,2.5799999999999996
4.14,36,26.83974,17,d15_direct,2,15,open,1.0,4.140000000000002
2.46,54,26.868761,17,final_d19_closed,0,19,closed,0.0,2.4599999999999995
2.46,54,26.897753,17,final_d19_closed,0,19,closed,0.0,2.4599999999999995
3.48,42,26.921417,17,d17_medium,2,17,closed,0.0,3.480000000000002
4.02,48,26.949089,17,d19_detour,2,19,closed,0.0,4.020000000000003
1.92,48,26.975235,17,final_d17_open,0,17,open,1.0,1.9199999999999997
2.46,54,27.004377,17,final_d19_closed,0,19,closed,0.0,2.4599999999999995
0.12,43,27.027617,17,final_d15_open,0,15,open,1.0,0.11999999999999955
2.46,54,27.057482,17,final_d19_closed,0,19,closed,0.0,2.4599999999999995
-5.1,45,27.082511,17,final_d15_closed,0,15,closed,0.0,-5.1
2.46,54,27.112127,17,final_d19_open,0,19,open,1.0,2.4599999999999995
2.46,54,27.363127,17,final_d19_closed,0,19,closed,0.0,2.4599999999999995
4.02,48,27.389947,17,d19_detour,2,19,closed,0.0,4.020000000000003
2.14,46,27.414755,17,final_d17_open,0,17,open,1.0,2.1399999999999997
2.58,42,27.437125,17,final_d15_open,0,15,open,1.0,2.5799999999999996
2.58,42,27.460903,17,final_d15_open,0,15,open,1.0,2.5799999999999996
2.58,42,27.484897,17,final_d15_open,0,15,open,1.0,2.5799999999999996
2.46,54,27.514513,17,final_d19_closed,0,19,closed,0.0,2.4599999999999995
2.46,54,27.542925,17,final_d19_open,0,19,open,1.0,2.4599999999999995
2.46,54,27.572643,17,final_d19_open,0,19,open,1.0,2.4599999999999995
4.02,48,27.599652,17,d19_detour,2,19,closed,0.0,4.020000000000003
-5.1,45,27.623568,17,final_d15_closed,0,15,closed,0.0,-5.1
-0.15,55,27.652352,17,final_d19_open,0,19,open,1.0,-0.15000000000000058
3.48,42,27.67541,17,d17_medium,2,17,closed,0.0,3.480000000000002
2.58,42,27.698244,17,final_d15_open,0,15,open,1.0,2.5799999999999996
-2.55,50,27.72448,17,final_d17_closed,0,17,closed,0.0,-2.5500000000000007
2.46,54,27.75329,17,final_d19_closed,0,19,closed,0.0,2.4599999999999995
-5.1,45,27.777311,17,final_d15_closed,0,15,closed,0.0,-5.1
-5.1,45,27.801195,17,final_d15_closed,0,15,closed,0.0,-5.1
-0.54,49,27.826806,17,final_d17_closed,0,17,closed,0.0,-0.5399999999999996
2.58,42,27.849137,17,final_d15_open,0,15,open,1.0,2.5799999999999996
4.02,48,27.874913,17,d19_detour,2,19,closed,0.0,4.020000000000003
-4.8,45,27.899369,17,final_d15_closed,0,15,closed,0.0,-4.799999999999999
-0.49,49,27.925649,17,final_d17_closed,0,17,closed,0.0,-0.49000000000000044
4.02,48,27.952514,17,d19_detour,2,19,closed,0.0,4.020000000000003
4.14,36,27.973507,17,d15_direct,2,15,open,1.0,4.140000000000002
3.48,42,27.996177,17,d17_medium,2,17,closed,0.0,3.480000000000002
1.92,48,28.024788,17,final_d17_closed,0,17,closed,0.0,1.9199999999999997
2.46,54,28.055206,17,final_d19_open,0,19,open,1.0,2.4599999999999995
1.31,29,28.072609,17,d17_medium,2,17,closed,0.0,1.3099999999999998
2.58,42,28.094203,17,final_d15_open,0,15,open,1.0,2.5799999999999996
1.92,48,28.119311,17,final_d17_closed,0,17,closed,0.0,1.9199999999999997
2.58,42,28.140906,17,final_d15_open,0,15,open,1.0,2.5799999999999996
-5.1,45,28.165007,17,final_d15_closed,0,15,closed,0.0,-5.1
1.92,48,28.190566,17,final_d17_closed,0,17,closed,0.0,1.9199999999999997
4.14,36,28.210839,17,d15_direct,2,15,open,1.0,4.140000000000002
1.92,48,28.23639,17,final_d17_closed,0,17,closed,0.0,1.9199999999999997
2.46,54,28.264297,17,final_d19_closed,0,19,closed,0.0,2.4599999999999995
3.48,42,28.2869,17,d17_medium,2,17,closed,0.0,3.480000000000002
2.46,54,28.315295,17,final_d19_closed,0,19,closed,0.0,2.4599999999999995
3.48,42,28.337837,17,d17_medium,2,17,closed,0.0,3.480000000000002
1.31,29,28.354015,17,d17_medium,2,17,closed,0.0,1.3099999999999998
4.14,36,28.373585,17,d15_direct,2,15,open,1.0,4.140000000000002
-0.25,55,28.402462,17,final_d19_open,0,19,open,1.0,-0.25000000000000044
1.92,48,28.427361,17,final_d17_open,0,17,open,1.0,1.9199999999999997
2.58,42,28.449465,17,final_d15_open,0,15,open,1.0,2.5799999999999996
2.46,54,28.705414,17,final_d19_open,0,19,open,1.0,2.4599999999999995
2.46,54,28.739162,17,final_d19_closed,0,19,closed,0.0,2.4599999999999995
1.92,48,28.765455,17,final_d17_closed,0,17,closed,0.0,1.9199999999999997
2.58,42,28.788754,17,final_d15_open,0,15,open,1.0,2.5799999999999996
2.46,54,28.817477,17,final_d19_open,0,19,open,1.0,2.4599999999999995
2.46,54,28.84659,17,final_d19_open,0,19,open,1.0,2.4599999999999995
-0.2,55,28.874953,17,final_d19_closed,0,19,closed,0.0,-0.20000000000000062
2.46,54,28.903679,17,final_d19_closed,0,19,closed,0.0,2.4599999999999995
4.02,48,28.930129,17,d19_detour,2,19,closed,0.0,4.020000000000003
2.58,42,28.952691,17,final_d15_open,0,15,open,1.0,2.5799999999999996
3.48,42,28.975999,17,d17_medium,2,17,closed,0.0,3.480000000000002
-5.1,45,29.000123,17,final_d15_closed,0,15,closed,0.0,-5.1
-5.1,45,29.024667,17,final_d15_closed,0,15,closed,0.0,-5.1
-0.19,49,29.051775,17,final_d17_open,0,17,open,1.0,-0.1900000000000004
-4.75,45,29.075936,17,final_d15_closed,0,15,closed,0.0,-4.75
1.92,48,29.103973,17,final_d17_closed,0,17,closed,0.0,1.9199999999999997
0.11,49,29.130971,17,final_d17_closed,0,17,closed,0.0,0.10999999999999965
4.14,36,29.151394,17,d15_direct,2,15,open,1.0,4.140000000000002
2.15,35,29.170661,17,d19_detour,2,19,closed,0.0,2.1500000000000004
4.14,36,29.19121,17,d15_direct,2,15,open,1.0,4.140000000000002
2.46,54,29.220007,17,final_d19_closed,0,19,closed,0.0,2.4599999999999995
2.26,54,29.249423,17,final_d19_closed,0,19,closed,0.0,2.26
4.02,48,29.275567,17,d19_detour,2,19,closed,0.0,4.020000000000003
-5.1,45,29.299503,17,final_d15_closed,0,15,closed,0.0,-5.1
4.02,48,29.32596,17,d19_detour,2,19,closed,0.0,4.020000000000003
-0.05,55,29.355689,17,final_d19_open,0,19,open,1.0,-0.05000000000000093
2.46,54,29.384528,17,final_d19_closed,0,19,closed,0.0,2.4599999999999995
4.02,48,29.410761,17,d19_detour,2,19,closed,0.0,4.020000000000003
4.02,48,29.436702,17,d19_detour,2,19,closed,0.0,4.020000000000003
-4.4,45,29.460267,17,final_d15_closed,0,15,closed,0.0,-4.4
2.46,54,29.488512,17,final_d19_open,0,19,open,1.0,2.4599999999999995
4.02,48,29.514969,17,d19_detour,2,19,closed,0.0,4.020000000000003
1.67,33,29.533087,17,d19_detour,2,19,closed,0.0,1.6699999999999997
4.02,48,29.559003,17,d19_detour,2,19,closed,0.0,4.020000000000003
4.14,36,29.580041,17,d15_direct,2,15,open,1.0,4.140000000000002
-5.1,45,29.604017,17,final_d15_closed,0,15,closed,0.0,-5.1
1.92,48,29.629658,17,final_d17_closed,0,17,closed,0.0,1.9199999999999997
2.08,37,29.650357,17,d15_direct,2,15,open,1.0,2.0800000000000023
2.58,42,29.672775,17,final_d15_open,0,15,open,1.0,2.5799999999999996
0.11,49,29.698715,17,final_d17_closed,0,17,closed,0.0,0.10999999999999965
2.46,54,29.727591,17,final_d19_open,0,19,open,1.0,2.4599999999999995
2.46,54,29.755751,17,final_d19_closed,0,19,closed,0.0,2.4599999999999995
3.48,42,29.77935,17,d17_medium,2,17,closed,0.0,3.480000000000002
3.48,42,30.009786,17,d17_medium,2,17,closed,0.0,3.480000000000002
3.48,42,30.03326,17,d17_medium,2,17,closed,0.0,3.480000000000002
1.92,48,30.058801,17,final_d17_open,0,17,open,1.0,1.9199999999999997
2.46,54,30.08708,17,final_d19_closed,0,19,closed,0.0,2.4599999999999995
4.14,36,30.10701,17,d15_direct,2,15,open,1.0,4.140000000000002
-5.1,45,30.131433,17,final_d15_closed,0,15,closed,0.0,-5.1
1.92,48,30.157047,17,final_d17_closed,0,17,closed,0.0,1.9199999999999997
3.48,42,30.180181,17,d17_medium,2,17,closed,0.0,3.480000000000002
2.46,54,30.209091,17,final_d19_open,0,19,open,1.0,2.4599999999999995
1.31,29,30.225779,17,d17_medium,2,17,closed,0.0,1.3099999999999998
3.42,43,30.249668,17,d17_medium,2,17,closed,0.0,3.4200000000000026
-5.1,45,30.274407,17,final_d15_closed,0,15,closed,0.0,-5.1
2.46,54,30.30337,17,final_d19_open,0,19,open,1.0,2.4599999999999995
1.92,48,30.328884,17,final_d17_open,0,17,open,1.0,1.9199999999999997
4.02,48,30.355002,17,d19_detour,2,19,closed,0.0,4.020000000000003
2.46,54,30.383419,17,final_d19_closed,0,19,closed,0.0,2.4599999999999995
4.02,48,30.409609,17,d19_detour,2,19,closed,0.0,4.020000000000003
2.58,42,30.432935,17,final_d15_open,0,15,open,1.0,2.5799999999999996
1.92,48,30.4585,17,final_d17_closed,0,17,closed,0.0,1.9199999999999997
2.28,52,30.487118,17,final_d19_open,0,19,open,1.0,2.2799999999999994
0.08,47,30.511965,17,final_d17_open,0,17,open,1.0,0.0799999999999994
4.14,36,30.532195,17,d15_direct,2,15,open,1.0,4.140000000000002
3.48,42,30.555409,17,d17_medium,2,17,closed,0.0,3.480000000000002
1.92,48,30.582332,17,final_d17_closed,0,17,closed,0.0,1.9199999999999997
2.46,54,30.610778,17,final_d19_open,0,19,open,1.0,2.4599999999999995
2.46,54,30.639099,17,final_d19_closed,0,19,closed,0.0,2.4599999999999995
1.92,48,30.664509,17,final_d17_open,0,17,open,1.0,1.9199999999999997
2.46,54,30.693042,17,final_d19_open,0,19,open,1.0,2.4599999999999995
4.14,36,30.713191,17,d15_direct,2,15,open,1.0,4.140000000000002
1.92,48,30.739279,17,final_d17_open,0,17,open,1.0,1.9199999999999997
-5.1,45,30.763144,17,final_d15_closed,0,15,closed,0.0,-5.1
4.02,48,30.789587,17,d19_detour,2,19,closed,0.0,4.020000000000003
2.46,54,30.817728,17,final_d19_open,0,19,open,1.0,2.4599999999999995
2.46,54,30.846705,17,final_d19_closed,0,19,closed,0.0,2.4599999999999995
2.58,42,30.868806,17,final_d15_open,0,15,open,1.0,2.5799999999999996
4.14,36,30.888685,17,d15_direct,2,15,open,1.0,4.140000000000002
3.42,43,30.912185,17,d17_medium,2,17,closed,0.0,3.4200000000000026
-0.54,49,30.938328,17,final_d17_closed,0,17,closed,0.0,-0.5399999999999996
4.02,48,30.965126,17,d19_detour,2,19,closed,0.0,4.020000000000003
1.92,48,30.990928,17,final_d17_closed,0,17,closed,0.0,1.9199999999999997
2.46,54,31.019146,17,final_d19_closed,0,19,closed,0.0,2.4599999999999995
4.02,48,31.045801,17,d19_detour,2,19,closed,0.0,4.020000000000003
2.46,54,31.074548,17,final_d19_closed,0,19,closed,0.0,2.4599999999999995
2.58,42,31.097106,17,final_d15_open,0,15,open,1.0,2.5799999999999996
-5.1,45,31.336915,17,final_d15_closed,0,15,closed,0.0,-5.1
1.92,48,31.362695,17,final_d17_closed,0,17,closed,0.0,1.9199999999999997
-5.0,45,31.386634,17,final_d15_closed,0,15,closed,0.0,-5.0
1.92,48,31.412509,17,final_d17_open,0,17,open,1.0,1.9199999999999997
-5.0,45,31.436804,17,final_d15_closed,0,15,closed,0.0,-5.0
3.48,42,31.460136,17,d17_medium,2,17,closed,0.0,3.480000000000002
0.11,49,31.488365,17,final_d17_closed,0,17,closed,0.0,0.10999999999999965
0.12,43,31.511372,17,final_d15_open,0,15,open,1.0,0.11999999999999966
0.35,55,31.540951,17,final_d19_open,0,19,open,1.0,0.3499999999999994
2.46,54,31.569945,17,final_d19_open,0,19,open,1.0,2.4599999999999995
4.02,48,31.595917,17,d19_detour,2,19,closed,0.0,4.020000000000003
0.12,43,31.618303,17,final_d15_open,0,15,open,1.0,0.11999999999999955
1.92,48,31.643517,17,final_d17_closed,0,17,closed,0.0,1.9199999999999997
1.31,29,31.660004,17,d17_medium,2,17,closed,0.0,1.3099999999999998
2.46,54,31.688932,17,final_d19_open,0,19,open,1.0,2.4599999999999995
2.46,54,31.71769,17,final_d19_open,0,19,open,1.0,2.4599999999999995
1.92,48,31.743629,17,final_d17_open,0,17,open,1.0,1.9199999999999997
2.46,54,31.771785,17,final_d19_open,0,19,open,1.0,2.4599999999999995
-4.9,45,31.795506,17,final_d15_closed,0,15,closed,0.0,-4.9
3.48,42,31.819335,17,d17_medium,2,17,closed,0.0,3.480000000000002
4.14,36,31.839628,17,d15_direct,2,15,open,1.0,4.140000000000002
-5.0,45,31.863925,17,final_d15_closed,0,15,closed,0.0,-5.0
3.48,42,31.887526,17,d17_medium,2,17,closed,0.0,3.480000000000002
2.46,54,31.916356,17,final_d19_open,0,19,open,1.0,2.4599999999999995
2.58,42,31.939129,17,final_d15_open,0,15,open,1.0,2.5799999999999996
1.92,48,31.964802,17,final_d17_open,0,17,open,1.0,1.9199999999999997
-0.25,55,31.993896,17,final_d19_open,0,19,open,1.0,-0.2500000000000011
2.58,42,32.016574,17,final_d15_open,0,15,open,1.0,2.5799999999999996
2.46,54,32.04613,17,final_d19_closed,0,19,closed,0.0,2.4599999999999995
3.48,42,32.070127,17,d17_medium,2,17,closed,0.0,3.480000000000002
1.92,48,32.09596,17,final_d17_open,0,17,open,1.0,1.9199999999999997
-0.25,55,32.125551,17,final_d19_open,0,19,open,1.0,-0.2500000000000011
3.48,42,32.148901,17,d17_medium,2,17,closed,0.0,3.480000000000002
2.46,54,32.178051,17,final_d19_closed,0,19,closed,0.0,2.4599999999999995
4.02,48,32.205409,17,d19_detour,2,19,closed,0.0,4.020000000000003
4.02,48,32.232451,17,d19_detour,2,19,closed,0.0,4.020000000000003
-0.54,49,32.259668,17,final_d17_closed,0,17,closed,0.0,-0.5400000000000003
2.58,42,32.282365,17,final_d15_open,0,15,open,1.0,2.5799999999999996
2.46,54,32.311557,17,final_d19_open,0,19,open,1.0,2.4599999999999995
0.12,43,32.334921,17,final_d15_open,0,15,open,1.0,0.11999999999999922
2.46,54,32.36392,17,final_d19_closed,0,19,closed,0.0,2.4599999999999995
4.14,36,32.384389,17,d15_direct,2,15,open,1.0,4.140000000000002
4.14,36,32.406151,17,d15_direct,2,15,open,1.0,4.140000000000002
1.61,34,32.425205,17,d19_detour,2,19,closed,0.0,1.6099999999999997
1.92,48,32.664813,17,final_d17_open,0,17,open,1.0,1.9199999999999997
2.58,42,32.688152,17,final_d15_open,0,15,open,1.0,2.5799999999999996
1.75,25,32.703484,17,d15_direct,2,15,open,1.0,1.7499999999999998
1.92,48,32.729848,17,final_d17_open,0,17,open,1.0,1.9199999999999997
2.58,42,32.752587,17,final_d15_open,0,15,open,1.0,2.5799999999999996
-5.1,45,32.777031,17,final_d15_closed,0,15,closed,0.0,-5.1
3.48,42,32.801184,17,d17_medium,2,17,closed,0.0,3.480000000000002
1.75,25,32.815824,17,d15_direct,2,15,open,1.0,1.7499999999999998
1.92,48,32.841897,17,final_d17_closed,0,17,closed,0.0,1.9199999999999997
1.92,48,32.868029,17,final_d17_open,0,17,open,1.0,1.9199999999999997
-0.09,49,32.894124,17,final_d17_open,0,17,open,1.0,-0.0900000000000003
1.92,48,32.920244,17,final_d17_open,0,17,open,1.0,1.9199999999999997
4.08,37,32.940605,17,d15_direct,2,15,open,1.0,4.080000000000002
4.02,48,32.966554,17,d19_detour,2,19,closed,0.0,4.020000000000003
-5.1,45,32.99098,17,final_d15_closed,0,15,closed,0.0,-5.1
1.92,48,33.017447,17,final_d17_closed,0,17,closed,0.0,1.9199999999999997
1.92,48,33.044286,17,final_d17_closed,0,17,closed,0.0,1.9199999999999997
-4.75,45,33.068313,17,final_d15_closed,0,15,closed,0.0,-4.75
-5.1,45,33.092207,17,final_d15_closed,0,15,closed,0.0,-5.1
-5.1,45,33.116567,17,final_d15_closed,0,15,closed,0.0,-5.1
2.58,42,33.138846,17,final_d15_open,0,15,open,1.0,2.5799999999999996
3.48,42,33.162155,17,d17_medium,2,17,closed,0.0,3.480000000000002
4.02,48,33.188589,17,d19_detour,2,19,closed,0.0,4.020000000000003
2.58,42,33.210764,17,final_d15_open,0,15,open,1.0,2.5799999999999996
2.46,54,33.238815,17,final_d19_open,0,19,open,1.0,2.4599999999999995
4.02,48,33.264693,17,d19_detour,2,19,closed,0.0,4.020000000000003
-0.54,49,33.290542,17,final_d17_closed,0,17,closed,0.0,-0.5399999999999996
-5.1,45,33.315083,17,final_d15_closed,0,15,closed,0.0,-5.1
2.4,55,33.344023,17,final_d19_closed,0,19,closed,0.0,2.3999999999999995
2.46,54,33.372635,17,final_d19_open,0,19,open,1.0,2.4599999999999995
4.02,48,33.399206,17,d19_detour,2,19,closed,0.0,4.020000000000003
1.88,37,33.419776,17,d15_direct,2,15,open,1.0,1.8800000000000012
0.06,49,33.446519,17,final_d17_closed,0,17,closed,0.0,0.05999999999999961
0.11,49,33.472879,17,final_d17_closed,0,17,closed,0.0,0.10999999999999965
-5.1,45,33.496646,17,final_d15_closed,0,15,closed,0.0,-5.1
4.02,48,33.523204,17,d19_detour,2,19,closed,0.0,4.020000000000003
-5.1,45,33.547322,17,final_d15_closed,0,15,closed,0.0,-5.1
4.02,48,33.574711,17,d19_detour,2,19,closed,0.0,4.020000000000003
4.02,48,33.600585,17,d19_detour,2,19,closed,0.0,4.020000000000003
2.46,54,33.629284,17,final_d19_open,0,19,open,1.0,2.4599999999999995
-4.75,45,33.653378,17,final_d15_closed,0,15,closed,0.0,-4.75
2.13,37,33.674484,17,d15_direct,2,15,open,1.0,2.1300000000000026
2.46,54,33.702847,17,final_d19_closed,0,19,closed,0.0,2.4599999999999995
3.48,42,33.727157,17,d17_medium,2,17,closed,0.0,3.480000000000002
2.58,42,33.749794,17,final_d15_open,0,15,open,1.0,2.5799999999999996
2.26,54,33.994594,17,final_d19_closed,0,19,closed,0.0,2.26
-5.1,45,34.018655,17,final_d15_closed,0,15,closed,0.0,-5.1
-5.1,45,34.042974,17,final_d15_closed,0,15,closed,0.0,-5.1
1.78,37,34.064583,17,d15_direct,2,15,open,1.0,1.7800000000000007
4.14,36,34.084743,17,d15_direct,2,15,open,1.0,4.140000000000002
2.46,54,34.113164,17,final_d19_open,0,19,open,1.0,2.4599999999999995
4.02,48,34.139457,17,d19_detour,2,19,closed,0.0,4.020000000000003
2.58,42,34.162205,17,final_d15_open,0,15,open,1.0,2.5799999999999996
1.92,48,34.187619,17,final_d17_open,0,17,open,1.0,1.9199999999999997
1.92,48,34.213028,17,final_d17_closed,0,17,closed,0.0,1.9199999999999997
1.92,48,34.23887,17,final_d17_closed,0,17,closed,0.0,1.9199999999999997
3.48,42,34.26215,17,d17_medium,2,17,closed,0.0,3.480000000000002
2.46,54,34.290872,17,final_d19_open,0,19,open,1.0,2.4599999999999995
4.14,36,34.311539,17,d15_direct,2,15,open,1.0,4.140000000000002
1.92,48,34.338131,17,final_d17_open,0,17,open,1.0,1.9199999999999997
2.46,54,34.367074,17,final_d19_open,0,19,open,1.0,2.4599999999999995
3.48,42,34.390804,17,d17_medium,2,17,closed,0.0,3.480000000000002
2.46,54,34.419892,17,final_d19_open,0,19,open,1.0,2.4599999999999995
2.52,43,34.443021,17,final_d15_open,0,15,open,1.0,2.5199999999999996
-4.9,45,34.466792,17,final_d15_closed,0,15,closed,0.0,-4.9
0.12,43,34.489379,17,final_d15_open,0,15,open,1.0,0.11999999999999955
-5.1,45,34.513278,17,final_d15_closed,0,15,closed,0.0,-5.1
1.92,48,34.5388,17,final_d17_closed,0,17,closed,0.0,1.9199999999999997
2.58,42,34.560856,17,final_d15_open,0,15,open,1.0,2.5799999999999996
4.14,36,34.58269,17,d15_direct,2,15,open,1.0,4.140000000000002
4.02,48,34.609437,17,d19_detour,2,19,closed,0.0,4.020000000000003
-5.1,45,34.633848,17,final_d15_closed,0,15,closed,0.0,-5.1
2.58,42,34.657139,17,final_d15_open,0,15,open,1.0,2.5799999999999996
3.48,42,34.680346,17,d17_medium,2,17,closed,0.0,3.480000000000002
2.46,54,34.708624,17,final_d19_closed,0,19,closed,0.0,2.4599999999999995
2.46,54,34.736947,17,final_d19_closed,0,19,closed,0.0,2.4599999999999995
4.02,48,34.763237,17,d19_detour,2,19,closed,0.0,4.020000000000003
-5.1,45,34.787191,17,final_d15_closed,0,15,closed,0.0,-5.1
2.58,42,34.809907,17,final_d15_open,0,15,open,1.0,2.5799999999999996
2.58,42,34.83207,17,final_d15_open,0,15,open,1.0,2.5799999999999996
-5.1,45,34.856005,17,final_d15_closed,0,15,closed,0.0,-5.1
2.58,42,34.878651,17,final_d15_open,0,15,open,1.0,2.5799999999999996
2.4,55,34.907334,17,final_d19_open,0,19,open,1.0,2.3999999999999995
1.92,48,34.93368,17,final_d17_open,0,17,open,1.0,1.9199999999999997
2.46,54,34.962444,17,final_d19_open,0,19,open,1.0,2.4599999999999995
2.46,54,34.991226,17,final_d19_closed,0,19,closed,0.0,2.4599999999999995
2.46,54,35.01952,17,final_d19_closed,0,19,closed,0.0,2.4599999999999995
1.92,48,35.045461,17,final_d17_closed,0,17,closed,0.0,1.9199999999999997
1.92,48,35.071999,17,final_d17_open,0,17,open,1.0,1.9199999999999997
1.92,48,35.31005,17,final_d17_open,0,17,open,1.0,1.9199999999999997
-5.1,45,35.334539,17,final_d15_closed,0,15,closed,0.0,-5.1
2.58,42,35.357205,17,final_d15_open,0,15,open,1.0,2.5799999999999996
-5.1,45,35.381681,17,final_d15_closed,0,15,closed,0.0,-5.1
4.02,48,35.408194,17,d19_detour,2,19,closed,0.0,4.020000000000003
-0.2,55,35.4386,17,final_d19_open,0,19,open,1.0,-0.20000000000000107
2.14,46,35.464215,17,final_d17_open,0,17,open,1.0,2.1399999999999997
-0.0,55,35.493026,17,final_d19_closed,0,19,closed,0.0,-8.881784197001252e-16
1.92,48,35.518853,17,final_d17_open,0,17,open,1.0,1.9199999999999997
1.92,48,35.544371,17,final_d17_closed,0,17,closed,0.0,1.9199999999999997
1.92,48,35.574032,17,final_d17_closed,0,17,closed,0.0,1.9199999999999997
0.57,43,35.599074,17,final_d15_open,0,15,open,1.0,0.5699999999999996
2.58,42,35.621703,17,final_d15_open,0,15,open,1.0,2.5799999999999996
2.46,54,35.649766,17,final_d19_closed,0,19,closed,0.0,2.4599999999999995
-5.1,45,35.677238,17,final_d15_closed,0,15,closed,0.0,-5.1
1.92,48,35.703716,17,final_d17_open,0,17,open,1.0,1.9199999999999997
-0.25,55,35.733405,17,final_d19_closed,0,19,closed,0.0,-0.25000000000000044
1.92,48,35.758766,17,final_d17_closed,0,17,closed,0.0,1.9199999999999997
4.14,36,35.778757,17,d15_direct,2,15,open,1.0,4.140000000000002
1.92,48,35.804025,17,final_d17_open,0,17,open,1.0,1.9199999999999997
-5.1,45,35.827811,17,final_d15_closed,0,15,closed,0.0,-5.1
2.46,54,35.856157,17,final_d19_closed,0,19,closed,0.0,2.4599999999999995
4.14,36,35.875968,17,d15_direct,2,15,open,1.0,4.140000000000002
-0.25,55,35.904576,17,final_d19_closed,0,19,closed,0.0,-0.2500000000000011
-5.1,45,35.929233,17,final_d15_closed,0,15,closed,0.0,-5.1
2.46,54,35.957525,17,final_d19_closed,0,19,closed,0.0,2.4599999999999995
2.12,48,35.982851,17,final_d17_open,0,17,open,1.0,2.1199999999999997
2.46,54,36.011563,17,final_d19_closed,0,19,closed,0.0,2.4599999999999995
2.46,54,36.040409,17,final_d19_closed,0,19,closed,0.0,2.4599999999999995
2.58,42,36.063049,17,final_d15_open,0,15,open,1.0,2.5799999999999996
2.46,54,36.091263,17,final_d19_open,0,19,open,1.0,2.4599999999999995
3.48,42,36.11438,17,d17_medium,2,17,closed,0.0,3.480000000000002
4.14,36,36.1344,17,d15_direct,2,15,open,1.0,4.140000000000002
2.46,54,36.163278,17,final_d19_closed,0,19,closed,0.0,2.4599999999999995
2.46,54,36.192222,17,final_d19_open,0,19,open,1.0,2.4599999999999995
2.58,42,36.214768,17,final_d15_open,0,15,open,1.0,2.5799999999999996
-0.0,55,36.244395,17,final_d19_closed,0,19,closed,0.0,-4.440892098500626e-16
1.92,48,36.270004,17,final_d17_closed,0,17,closed,0.0,1.9199999999999997
-5.1,45,36.296135,17,final_d15_closed,0,15,closed,0.0,-5.1
-5.1,45,36.320437,17,final_d15_closed,0,15,closed,0.0,-5.1
2.46,54,36.349622,17,final_d19_closed,0,19,closed,0.0,2.4599999999999995
4.02,48,36.375636,17,d19_detour,2,19,closed,0.0,4.020000000000003
2.46,54,36.404332,17,final_d19_open,0,19,open,1.0,2.4599999999999995
2.58,42,36.660376,17,final_d15_open,0,15,open,1.0,2.5799999999999996
2.46,54,36.689318,17,final_d19_open,0,19,open,1.0,2.4599999999999995
2.46,54,36.718466,17,final_d19_open,0,19,open,1.0,2.4599999999999995
1.92,48,36.744064,17,final_d17_closed,0,17,closed,0.0,1.9199999999999997
0.12,43,36.766642,17,final_d15_open,0,15,open,1.0,0.11999999999999955
4.14,36,36.7867,17,d15_direct,2,15,open,1.0,4.140000000000002
3.48,42,36.809952,17,d17_medium,2,17,closed,0.0,3.480000000000002
3.48,42,36.833211,17,d17_medium,2,17,closed,0.0,3.480000000000002
3.48,42,36.85676,17,d17_medium,2,17,closed,0.0,3.480000000000002
3.96,49,36.884998,17,d19_detour,2,19,closed,0.0,3.9600000000000026
1.92,48,36.910953,17,final_d17_open,0,17,open,1.0,1.9199999999999997
2.58,42,36.934089,17,final_d15_open,0,15,open,1.0,2.5799999999999996
1.92,48,36.959076,17,final_d17_open,0,17,open,1.0,1.9199999999999997
1.92,48,36.986731,17,final_d17_closed,0,17,closed,0.0,1.9199999999999997
3.48,42,37.018302,17,d17_medium,2,17,closed,0.0,3.480000000000002
1.92,48,37.053159,17,final_d17_closed,0,17,closed,0.0,1.9199999999999997
3.48,42,37.07605,17,d17_medium,2,17,closed,0.0,3.480000000000002
4.02,48,37.102182,17,d19_detour,2,19,closed,0.0,4.020000000000003
-0.09,49,37.12729,17,final_d17_open,0,17,open,1.0,-0.0900000000000003
1.75,25,37.141394,17,d15_direct,2,15,open,1.0,1.7499999999999998
2.26,54,37.169226,17,final_d19_open,0,19,open,1.0,2.26
1.92,48,37.194192,17,final_d17_closed,0,17,closed,0.0,1.9199999999999997
-0.2,20,37.205706,17,d19_detour,2,19,closed,0.0,-0.20000000000000018
-0.24,49,37.231721,17,final_d17_open,0,17,open,1.0,-0.24000000000000066
3.48,42,37.254929,17,d17_medium,2,17,closed,0.0,3.480000000000002
1.92,48,37.28019,17,final_d17_closed,0,17,closed,0.0,1.9199999999999997
4.14,36,37.300241,17,d15_direct,2,15,open,1.0,4.140000000000002
1.92,48,37.325589,17,final_d17_open,0,17,open,1.0,1.9199999999999997
4.02,48,37.351798,17,d19_detour,2,19,closed,0.0,4.020000000000003
2.06,54,37.382136,17,final_d19_closed,0,19,closed,0.0,2.0599999999999996
3.48,42,37.414423,17,d17_medium,2,17,closed,0.0,3.480000000000002
2.46,54,37.443551,17,final_d19_open,0,19,open,1.0,2.4599999999999995
2.46,54,37.473558,17,final_d19_open,0,19,open,1.0,2.4599999999999995
0.32,43,37.497863,17,final_d15_open,0,15,open,1.0,0.3199999999999996
4.14,36,37.519186,17,d15_direct,2,15,open,1.0,4.140000000000002
1.75,25,37.533251,17,d15_direct,2,15,open,1.0,1.7499999999999998
2.46,54,37.56334,17,final_d19_open,0,19,open,1.0,2.4599999999999995
2.58,42,37.585865,17,final_d15_open,0,15,open,1.0,2.5799999999999996
1.92,48,37.611266,17,final_d17_closed,0,17,closed,0.0,1.9199999999999997
1.67,33,37.629668,17,d19_detour,2,19,closed,0.0,1.6699999999999997
2.58,42,37.652644,17,final_d15_open,0,15,open,1.0,2.5799999999999996
1.92,48,37.678223,17,final_d17_closed,0,17,closed,0.0,1.9199999999999997
1.92,48,37.704804,17,final_d17_closed,0,17,closed,0.0,1.9199999999999997
3.48,42,37.728721,17,d17_medium,2,17,closed,0.0,3.480000000000002
-5.0,45,37.751964,17,final_d15_closed,0,15,closed,0.0,-5.0
2.15,35,37.771611,17,d19_detour,2,19,closed,0.0,2.1500000000000004
2.46,54,38.018105,17,final_d19_closed,0,19,closed,0.0,2.4599999999999995
1.92,48,38.043746,17,final_d17_closed,0,17,closed,0.0,1.9199999999999997
3.48,42,38.068065,17,d17_medium,2,17,closed,0.0,3.480000000000002
2.58,42,38.091997,17,final_d15_open,0,15,open,1.0,2.5799999999999996
3.48,42,38.115667,17,d17_medium,2,17,closed,0.0,3.480000000000002
1.92,48,38.142069,17,final_d17_open,0,17,open,1.0,1.9199999999999997
3.48,42,38.166133,17,d17_medium,2,17,closed,0.0,3.480000000000002
1.92,48,38.194494,17,final_d17_open,0,17,open,1.0,1.9199999999999997
3.48,42,38.219458,17,d17_medium,2,17,closed,0.0,3.480000000000002
-0.05,55,38.248774,17,final_d19_open,0,19,open,1.0,-0.05000000000000093
4.02,48,38.275316,17,d19_detour,2,19,closed,0.0,4.020000000000003
1.92,48,38.300707,17,final_d17_open,0,17,open,1.0,1.9199999999999997
1.92,48,38.326541,17,final_d17_open,0,17,open,1.0,1.9199999999999997
1.92,48,38.352027,17,final_d17_open,0,17,open,1.0,1.9199999999999997
1.92,48,38.381054,17,final_d17_closed,0,17,closed,0.0,1.9199999999999997
-4.75,45,38.410071,17,final_d15_closed,0,15,closed,0.0,-4.749999999999998
1.92,48,38.437448,17,final_d17_closed,0,17,closed,0.0,1.9199999999999997
4.14,36,38.45809,17,d15_direct,2,15,open,1.0,4.140000000000002
1.92,48,38.484293,17,final_d17_closed,0,17,closed,0.0,1.9199999999999997
2.58,42,38.506796,17,final_d15_open,0,15,open,1.0,2.5799999999999996
1.92,48,38.532596,17,final_d17_closed,0,17,closed,0.0,1.9199999999999997
2.06,54,38.561516,17,final_d19_closed,0,19,closed,0.0,2.0599999999999996
4.02,48,38.588316,17,d19_detour,2,19,closed,0.0,4.020000000000003
-5.1,45,38.614419,17,final_d15_closed,0,15,closed,0.0,-5.1
2.58,42,38.637617,17,final_d15_open,0,15,open,1.0,2.5799999999999996
3.48,42,38.661997,17,d17_medium,2,17,closed,0.0,3.480000000000002
1.67,33,38.680788,17,d19_detour,2,19,closed,0.0,1.6699999999999997
4.14,36,38.701784,17,d15_direct,2,15,open,1.0,4.140000000000002
2.15,35,38.721128,17,d19_detour,2,19,closed,0.0,2.1500000000000004
2.46,54,38.751165,17,final_d19_open,0,19,open,1.0,2.4599999999999995
-4.75,45,38.776589,17,final_d15_closed,0,15,closed,0.0,-4.75
2.26,54,38.805003,17,final_d19_closed,0,19,closed,0.0,2.26
4.02,48,38.831686,17,d19_detour,2,19,closed,0.0,4.020000000000003
0.32,43,38.85489,17,final_d15_open,0,15,open,1.0,0.3199999999999996
1.92,48,38.880629,17,final_d17_open,0,17,open,1.0,1.9199999999999997
1.92,48,38.90601,17,final_d17_open,0,17,open,1.0,1.9199999999999997
2.58,42,38.928379,17,final_d15_open,0,15,open,1.0,2.5799999999999996
3.48,42,38.951787,17,d17_medium,2,17,closed,0.0,3.480000000000002
2.58,42,38.975142,17,final_d15_open,0,15,open,1.0,2.5799999999999996
4.14,36,38.99661,17,d15_direct,2,15,open,1.0,4.140000000000002
2.46,54,39.03221,17,final_d19_closed,0,19,closed,0.0,2.4599999999999995
1.92,48,39.057645,17,final_d17_open,0,17,open,1.0,1.9199999999999997
1.92,48,39.082988,17,final_d17_open,0,17,open,1.0,1.9199999999999997
-5.1,45,39.106718,17,final_d15_closed,0,15,closed,0.0,-5.1
4.14,36,39.126958,17,d15_direct,2,15,open,1.0,4.140000000000002
2.58,42,39.15003,17,final_d15_open,0,15,open,1.0,2.5799999999999996
3.48,42,39.408913,17,d17_medium,2,17,closed,0.0,3.480000000000002
2.46,54,39.444729,17,final_d19_closed,0,19,closed,0.0,2.4599999999999995
3.48,42,39.468982,17,d17_medium,2,17,closed,0.0,3.480000000000002
1.92,48,39.495524,17,final_d17_closed,0,17,closed,0.0,1.9199999999999997
4.14,36,39.516069,17,d15_direct,2,15,open,1.0,4.140000000000002
4.14,36,39.536525,17,d15_direct,2,15,open,1.0,4.140000000000002
1.92,48,39.562086,17,final_d17_closed,0,17,closed,0.0,1.9199999999999997
-0.25,55,39.591956,17,final_d19_open,0,19,open,1.0,-0.2500000000000011
1.92,48,39.620071,17,final_d17_closed,0,17,closed,0.0,1.9199999999999997
1.92,48,39.651701,17,final_d17_open,0,17,open,1.0,1.9199999999999997
4.02,48,39.679451,17,d19_detour,2,19,closed,0.0,4.020000000000003
2.46,54,39.709022,17,final_d19_closed,0,19,closed,0.0,2.4599999999999995
2.58,42,39.73346,17,final_d15_open,0,15,open,1.0,2.5799999999999996
4.14,36,39.762385,17,d15_direct,2,15,open,1.0,4.140000000000002
3.48,42,39.789829,17,d17_medium,2,17,closed,0.0,3.480000000000002
1.92,48,39.818972,17,final_d17_closed,0,17,closed,0.0,1.9199999999999997
2.46,54,39.847987,17,final_d19_open,0,19,open,1.0,2.4599999999999995
-0.45,55,39.876693,17,final_d19_open,0,19,open,1.0,-0.4500000000000004
2.58,42,39.899813,17,final_d15_open,0,15,open,1.0,2.5799999999999996
1.92,48,39.925605,17,final_d17_closed,0,17,closed,0.0,1.9199999999999997
2.58,42,39.947945,17,final_d15_open,0,15,open,1.0,2.5799999999999996
-5.1,45,39.972164,17,final_d15_closed,0,15,closed,0.0,-5.1
1.92,48,39.997581,17,final_d17_closed,0,17,closed,0.0,1.9199999999999997
1.92,48,40.023145,17,final_d17_open,0,17,open,1.0,1.9199999999999997
0.12,43,40.046091,17,final_d15_open,0,15,open,1.0,0.11999999999999966
1.92,48,40.072057,17,final_d17_closed,0,17,closed,0.0,1.9199999999999997
1.92,48,40.097704,17,final_d17_closed,0,17,closed,0.0,1.9199999999999997
4.14,36,40.118038,17,d15_direct,2,15,open,1.0,4.140000000000002
4.14,36,40.137922,17,d15_direct,2,15,open,1.0,4.140000000000002
4.02,48,40.164147,17,d19_detour,2,19,closed,0.0,4.020000000000003
1.92,48,40.189736,17,final_d17_closed,0,17,closed,0.0,1.9199999999999997
3.48,42,40.214655,17,d17_medium,2,17,closed,0.0,3.480000000000002
4.02,48,40.241409,17,d19_detour,2,19,closed,0.0,4.020000000000003
-5.1,45,40.266308,17,final_d15_closed,0,15,closed,0.0,-5.1
2.46,54,40.295055,17,final_d19_open,0,19,open,1.0,2.4599999999999995
4.02,48,40.321295,17,d19_detour,2,19,closed,0.0,4.020000000000003
-0.44,49,40.346869,17,final_d17_closed,0,17,closed,0.0,-0.44000000000000083
4.02,48,40.373598,17,d19_detour,2,19,closed,0.0,4.020000000000003
1.92,48,40.39881,17,final_d17_open,0,17,open,1.0,1.9199999999999997
1.92,48,40.423933,17,final_d17_open,0,17,open,1.0,1.9199999999999997
3.48,42,40.447043,17,d17_medium,2,17,closed,0.0,3.480000000000002
-5.0,45,40.470645,17,final_d15_closed,0,15,closed,0.0,-5.0
-0.2,55,40.499087,17,final_d19_open,0,19,open,1.0,-0.20000000000000107
2.46,54,40.527438,17,final_d19_closed,0,19,closed,0.0,2.4599999999999995
1.92,48,40.768679,17,final_d17_open,0,17,open,1.0,1.9199999999999997
-5.1,45,40.794023,17,final_d15_closed,0,15,closed,0.0,-5.1
1.92,48,40.819072,17,final_d17_open,0,17,open,1.0,1.9199999999999997
1.92,48,40.843961,17,final_d17_closed,0,17,closed,0.0,1.9199999999999997
3.48,42,40.866624,17,d17_medium,2,17,closed,0.0,3.480000000000002
1.92,48,40.892118,17,final_d17_closed,0,17,closed,0.0,1.9199999999999997
1.31,29,40.908145,17,d17_medium,2,17,closed,0.0,1.3099999999999998
-4.8,45,40.931611,17,final_d15_closed,0,15,closed,0.0,-4.799999999999999
-0.49,49,40.956711,17,final_d17_open,0,17,open,1.0,-0.4899999999999993
1.92,48,40.98156,17,final_d17_open,0,17,open,1.0,1.9199999999999997
2.46,54,41.009929,17,final_d19_open,0,19,open,1.0,2.4599999999999995
1.31,29,41.026442,17,d17_medium,2,17,closed,0.0,1.3099999999999998
-5.1,45,41.05017,17,final_d15_closed,0,15,closed,0.0,-5.1
0.12,43,41.072905,17,final_d15_open,0,15,open,1.0,0.11999999999999966
1.92,48,41.097791,17,final_d17_open,0,17,open,1.0,1.9199999999999997
-5.1,45,41.121347,17,final_d15_closed,0,15,closed,0.0,-5.1
-5.1,45,41.144881,17,final_d15_closed,0,15,closed,0.0,-5.1
2.58,42,41.167526,17,final_d15_open,0,15,open,1.0,2.5799999999999996
2.46,54,41.196361,17,final_d19_open,0,19,open,1.0,2.4599999999999995
1.92,48,41.221453,17,final_d17_closed,0,17,closed,0.0,1.9199999999999997
2.26,54,41.249364,17,final_d19_closed,0,19,closed,0.0,2.26
-5.1,45,41.27389,17,final_d15_closed,0,15,closed,0.0,-5.1
1.92,48,41.299498,17,final_d17_open,0,17,open,1.0,1.9199999999999997
2.46,54,41.328132,17,final_d19_open,0,19,open,1.0,2.4599999999999995
-5.1,45,41.352366,17,final_d15_closed,0,15,closed,0.0,-5.1
-5.1,45,41.37593,17,final_d15_closed,0,15,closed,0.0,-5.1
1.92,48,41.402171,17,final_d17_open,0,17,open,1.0,1.9199999999999997
0.15,55,41.431185,17,final_d19_open,0,19,open,1.0,0.14999999999999947
2.46,54,41.459209,17,final_d19_closed,0,19,closed,0.0,2.4599999999999995
2.46,54,41.487536,17,final_d19_open,0,19,open,1.0,2.4599999999999995
4.02,48,41.514484,17,d19_detour,2,19,closed,0.0,4.020000000000003
3.9,50,41.541562,17,d19_detour,2,19,closed,0.0,3.900000000000002
2.46,54,41.57086,17,final_d19_open,0,19,open,1.0,2.4599999999999995
-5.1,45,41.595118,17,final_d15_closed,0,15,closed,0.0,-5.1
2.46,54,41.623933,17,final_d19_open,0,19,open,1.0,2.4599999999999995
2.26,54,41.652158,17,final_d19_open,0,19,open,1.0,2.26
2.58,42,41.674387,17,final_d15_open,0,15,open,1.0,2.5799999999999996
1.92,48,41.700485,17,final_d17_closed,0,17,closed,0.0,1.9199999999999997
-5.1,45,41.7247,17,final_d15_closed,0,15,closed,0.0,-5.1
-5.1,45,41.748619,17,final_d15_closed,0,15,closed,0.0,-5.1
2.58,42,41.770571,17,final_d15_open,0,15,open,1.0,2.5799999999999996
1.92,48,41.796239,17,final_d17_closed,0,17,closed,0.0,1.9199999999999997
4.14,36,41.816343,17,d15_direct,2,15,open,1.0,4.140000000000002
4.14,36,41.836162,17,d15_direct,2,15,open,1.0,4.140000000000002
1.92,48,42.083759,17,final_d17_open,0,17,open,1.0,1.9199999999999997
-0.2,55,42.112941,17,final_d19_closed,0,19,closed,0.0,-0.2000000000000004
1.92,48,42.138737,17,final_d17_open,0,17,open,1.0,1.9199999999999997
2.14,46,42.16361,17,final_d17_open,0,17,open,1.0,2.1399999999999997
1.41,49,42.190557,17,d19_detour,2,19,closed,0.0,1.4099999999999997
1.92,48,42.216425,17,final_d17_open,0,17,open,1.0,1.9199999999999997
-5.1,45,42.240955,17,final_d15_closed,0,15,closed,0.0,-5.1
-4.9,45,42.265502,17,final_d15_closed,0,15,closed,0.0,-4.9
-0.49,49,42.291993,17,final_d17_closed,0,17,closed,0.0,-0.4899999999999993
2.46,54,42.320901,17,final_d19_open,0,19,open,1.0,2.4599999999999995
2.46,54,42.350326,17,final_d19_closed,0,19,closed,0.0,2.4599999999999995
3.48,42,42.377058,17,d17_medium,2,17,closed,0.0,3.480000000000002
-5.1,45,42.403047,17,final_d15_closed,0,15,closed,0.0,-5.1
-0.15,55,42.432645,17,final_d19_closed,0,19,closed,0.0,-0.15000000000000058
3.48,42,42.456511,17,d17_medium,2,17,closed,0.0,3.480000000000002
2.58,42,42.479374,17,final_d15_open,0,15,open,1.0,2.5799999999999996
2.46,54,42.508596,17,final_d19_closed,0,19,closed,0.0,2.4599999999999995
4.02,48,42.535976,17,d19_detour,2,19,closed,0.0,4.020000000000003
2.58,42,42.558765,17,final_d15_open,0,15,open,1.0,2.5799999999999996
2.46,54,42.588396,17,final_d19_closed,0,19,closed,0.0,2.4599999999999995
2.46,54,42.617697,17,final_d19_closed,0,19,closed,0.0,2.4599999999999995
4.14,36,42.638205,17,d15_direct,2,15,open,1.0,4.140000000000002
2.46,54,42.667288,17,final_d19_open,0,19,open,1.0,2.4599999999999995
-4.4,45,42.691478,17,final_d15_closed,0,15,closed,0.0,-4.399999999999998
1.92,48,42.717527,17,final_d17_open,0,17,open,1.0,1.9199999999999997
1.92,48,42.743457,17,final_d17_open,0,17,open,1.0,1.9199999999999997
3.48,42,42.767172,17,d17_medium,2,17,closed,0.0,3.480000000000002
3.48,42,42.79128,17,d17_medium,2,17,closed,0.0,3.480000000000002
4.14,36,42.811586,17,d15_direct,2,15,open,1.0,4.140000000000002
1.92,48,42.837314,17,final_d17_open,0,17,open,1.0,1.9199999999999997
3.48,42,42.86083,17,d17_medium,2,17,closed,0.0,3.480000000000002
-0.94,34,42.879699,17,d19_detour,2,19,closed,0.0,-0.9400000000000004
2.58,42,42.902433,17,final_d15_open,0,15,open,1.0,2.5799999999999996
1.92,48,42.928211,17,final_d17_closed,0,17,closed,0.0,1.9199999999999997
3.48,42,42.95216,17,d17_medium,2,17,closed,0.0,3.480000000000002
-0.49,49,42.978021,17,final_d17_open,0,17,open,1.0,-0.49000000000000044
1.92,48,43.003763,17,final_d17_open,0,17,open,1.0,1.9199999999999997
1.92,48,43.030299,17,final_d17_open,0,17,open,1.0,1.9199999999999997
1.92,48,43.056194,17,final_d17_closed,0,17,closed,0.0,1.9199999999999997
2.46,54,43.085546,17,final_d19_closed,0,19,closed,0.0,2.4599999999999995
2.46,54,43.115218,17,final_d19_closed,0,19,closed,0.0,2.4599999999999995
4.02,48,43.141751,17,d19_detour,2,19,closed,0.0,4.020000000000003
2.58,42,43.164266,17,final_d15_open,0,15,open,1.0,2.5799999999999996
4.14,36,43.184545,17,d15_direct,2,15,open,1.0,4.140000000000002
0.32,43,43.424253,17,final_d15_open,0,15,open,1.0,0.3199999999999996
2.46,54,43.453292,17,final_d19_closed,0,19,closed,0.0,2.4599999999999995
-4.9,45,43.477204,17,final_d15_closed,0,15,closed,0.0,-4.9
2.46,54,43.50605,17,final_d19_closed,0,19,closed,0.0,2.4599999999999995
0.32,43,43.529181,17,final_d15_open,0,15,open,1.0,0.3199999999999996
1.75,25,43.543742,17,d15_direct,2,15,open,1.0,1.7499999999999998
-5.1,45,43.568074,17,final_d15_closed,0,15,closed,0.0,-5.1
4.02,48,43.595684,17,d19_detour,2,19,closed,0.0,4.020000000000003
1.92,48,43.621121,17,final_d17_closed,0,17,closed,0.0,1.9199999999999997
2.46,54,43.649595,17,final_d19_closed,0,19,closed,0.0,2.4599999999999995
2.46,54,43.678062,17,final_d19_open,0,19,open,1.0,2.4599999999999995
2.01,49,43.704734,17,d19_detour,2,19,closed,0.0,2.01
3.48,42,43.728319,17,d17_medium,2,17,closed,0.0,3.480000000000002
2.46,54,43.756698,17,final_d19_open,0,19,open,1.0,2.4599999999999995
4.02,48,43.783135,17,d19_detour,2,19,closed,0.0,4.020000000000003
0.47,43,43.805822,17,final_d15_open,0,15,open,1.0,0.46999999999999964
1.92,48,43.831049,17,final_d17_open,0,17,open,1.0,1.9199999999999997
4.02,48,43.85735,17,d19_detour,2,19,closed,0.0,4.020000000000003
2.4,55,43.887307,17,final_d19_open,0,19,open,1.0,2.3999999999999995
4.14,36,43.907568,17,d15_direct,2,15,open,1.0,4.140000000000002
2.46,54,43.935922,17,final_d19_open,0,19,open,1.0,2.4599999999999995
4.14,36,43.956405,17,d15_direct,2,15,open,1.0,4.140000000000002
2.46,54,43.984743,17,final_d19_closed,0,19,closed,0.0,2.4599999999999995
2.58,42,44.007339,17,final_d15_open,0,15,open,1.0,2.5799999999999996
3.48,42,44.030843,17,d17_medium,2,17,closed,0.0,3.480000000000002
1.92,48,44.056669,17,final_d17_open,0,17,open,1.0,1.9199999999999997
1.92,48,44.08198,17,final_d17_closed,0,17,closed,0.0,1.9199999999999997
2.58,42,44.10476,17,final_d15_open,0,15,open,1.0,2.5799999999999996
1.92,48,44.129888,17,final_d17_open,0,17,open,1.0,1.9199999999999997
-5.0,45,44.153536,17,final_d15_closed,0,15,closed,0.0,-5.0
2.58,42,44.175674,17,final_d15_open,0,15,open,1.0,2.5799999999999996
4.14,36,44.195901,17,d15_direct,2,15,open,1.0,4.140000000000002
2.58,42,44.218495,17,final_d15_open,0,15,open,1.0,2.5799999999999996
3.96,49,44.245908,17,d19_detour,2,19,closed,0.0,3.9600000000000026
2.58,42,44.268263,17,final_d15_open,0,15,open,1.0,2.5799999999999996
-5.0,45,44.29257,17,final_d15_closed,0,15,closed,0.0,-5.0
3.48,42,44.316252,17,d17_medium,2,17,closed,0.0,3.480000000000002
2.46,54,44.345215,17,final_d19_closed,0,19,closed,0.0,2.4599999999999995
2.06,54,44.374467,17,final_d19_closed,0,19,closed,0.0,2.0599999999999996
4.14,36,44.394601,17,d15_direct,2,15,open,1.0,4.140000000000002
-5.1,45,44.419131,17,final_d15_closed,0,15,closed,0.0,-5.1
4.02,48,44.445506,17,d19_detour,2,19,closed,0.0,4.020000000000003
0.32,43,44.469238,17,final_d15_open,0,15,open,1.0,0.3199999999999996
2.46,54,44.498375,17,final_d19_open,0,19,open,1.0,2.4599999999999995
2.46,54,44.740821,17,final_d19_closed,0,19,closed,0.0,2.4599999999999995
2.46,54,44.769636,17,final_d19_open,0,19,open,1.0,2.4599999999999995
2.46,54,44.798422,17,final_d19_closed,0,19,closed,0.0,2.4599999999999995
4.14,36,44.818794,17,d15_direct,2,15,open,1.0,4.140000000000002
2.46,54,44.847648,17,final_d19_open,0,19,open,1.0,2.4599999999999995
-0.2,55,44.876899,17,final_d19_closed,0,19,closed,0.0,-0.20000000000000062
4.14,36,44.898148,17,d15_direct,2,15,open,1.0,4.140000000000002
3.48,42,44.92189,17,d17_medium,2,17,closed,0.0,3.480000000000002
1.75,25,44.936483,17,d15_direct,2,15,open,1.0,1.7499999999999998
1.92,48,44.962197,17,final_d17_open,0,17,open,1.0,1.9199999999999997
3.48,42,44.985689,17,d17_medium,2,17,closed,0.0,3.480000000000002
1.86,49,45.012125,17,final_d17_open,0,17,open,1.0,1.8599999999999997
-0.25,55,45.042124,17,final_d19_closed,0,19,closed,0.0,-0.25000000000000044
2.28,52,45.070455,17,final_d19_open,0,19,open,1.0,2.2799999999999994
4.02,48,45.096287,17,d19_detour,2,19,closed,0.0,4.020000000000003
-4.75,45,45.119956,17,final_d15_closed,0,15,closed,0.0,-4.749999999999998
2.46,54,45.148797,17,final_d19_closed,0,19,closed,0.0,2.4599999999999995
1.92,48,45.174239,17,final_d17_open,0,17,open,1.0,1.9199999999999997
2.58,42,45.196907,17,final_d15_open,0,15,open,1.0,2.5799999999999996
1.92,48,45.222308,17,final_d17_closed,0,17,closed,0.0,1.9199999999999997
2.46,54,45.251068,17,final_d19_open,0,19,open,1.0,2.4599999999999995
-5.1,45,45.275208,17,final_d15_closed,0,15,closed,0.0,-5.1
3.48,42,45.299543,17,d17_medium,2,17,closed,0.0,3.480000000000002
2.46,54,45.32918,17,final_d19_closed,0,19,closed,0.0,2.4599999999999995
1.92,48,45.354678,17,final_d17_open,0,17,open,1.0,1.9199999999999997
3.48,42,45.378381,17,d17_medium,2,17,closed,0.0,3.480000000000002
1.67,33,45.398858,17,d19_detour,2,19,closed,0.0,1.6699999999999997
2.26,54,45.429048,17,final_d19_closed,0,19,closed,0.0,2.26
3.48,42,45.45213,17,d17_medium,2,17,closed,0.0,3.480000000000002
2.46,54,45.481287,17,final_d19_open,0,19,open,1.0,2.4599999999999995
2.46,54,45.510931,17,final_d19_open,0,19,open,1.0,2.4599999999999995
2.46,54,45.540399,17,final_d19_closed,0,19,closed,0.0,2.4599999999999995
1.67,33,45.558627,17,d19_detour,2,19,closed,0.0,1.6699999999999997
1.92,48,45.583946,17,final_d17_closed,0,17,closed,0.0,1.9199999999999997
-5.1,45,45.608112,17,final_d15_closed,0,15,closed,0.0,-5.1
-4.7,45,45.631815,17,final_d15_closed,0,15,closed,0.0,-4.6999999999999975
2.46,54,45.660072,17,final_d19_open,0,19,open,1.0,2.4599999999999995
2.26,54,45.688478,17,final_d19_closed,0,19,closed,0.0,2.26
4.02,48,45.715362,17,d19_detour,2,19,closed,0.0,4.020000000000003
4.02,48,45.741035,17,d19_detour,2,19,closed,0.0,4.020000000000003
2.58,42,45.763724,17,final_d15_open,0,15,open,1.0,2.5799999999999996
2.46,54,45.791828,17,final_d19_open,0,19,open,1.0,2.4599999999999995
-4.9,45,45.815322,17,final_d15_closed,0,15,closed,0.0,-4.9
4.02,48,46.05713,17,d19_detour,2,19,closed,0.0,4.020000000000003
-0.25,55,46.085868,17,final_d19_open,0,19,open,1.0,-0.25000000000000044
0.32,43,46.109019,17,final_d15_open,0,15,open,1.0,0.3199999999999996
2.26,54,46.137573,17,final_d19_closed,0,19,closed,0.0,2.26
1.92,48,46.163616,17,final_d17_open,0,17,open,1.0,1.9199999999999997
1.92,48,46.188788,17,final_d17_open,0,17,open,1.0,1.9199999999999997
-0.49,49,46.213991,17,final_d17_closed,0,17,closed,0.0,-0.4900000000000009
-0.45,55,46.242887,17,final_d19_open,0,19,open,1.0,-0.4500000000000004
1.92,48,46.268231,17,final_d17_open,0,17,open,1.0,1.9199999999999997
2.58,42,46.290261,17,final_d15_open,0,15,open,1.0,2.5799999999999996
3.48,42,46.313166,17,d17_medium,2,17,closed,0.0,3.480000000000002
2.58,42,46.335256,17,final_d15_open,0,15,open,1.0,2.5799999999999996
0.37,43,46.358667,17,final_d15_open,0,15,open,1.0,0.36999999999999966
4.02,48,46.38463,17,d19_detour,2,19,closed,0.0,4.020000000000003
3.48,42,46.408042,17,d17_medium,2,17,closed,0.0,3.480000000000002
2.46,54,46.436236,17,final_d19_closed,0,19,closed,0.0,2.4599999999999995
4.02,48,46.462924,17,d19_detour,2,19,closed,0.0,4.020000000000003
2.58,42,46.485212,17,final_d15_open,0,15,open,1.0,2.5799999999999996
4.14,36,46.505319,17,d15_direct,2,15,open,1.0,4.140000000000002
4.02,48,46.53211,17,d19_detour,2,19,closed,0.0,4.020000000000003
1.92,48,46.558054,17,final_d17_closed,0,17,closed,0.0,1.9199999999999997
2.46,54,46.586852,17,final_d19_closed,0,19,closed,0.0,2.4599999999999995
1.92,48,46.613229,17,final_d17_closed,0,17,closed,0.0,1.9199999999999997
1.92,48,46.638904,17,final_d17_open,0,17,open,1.0,1.9199999999999997
2.26,54,46.669091,17,final_d19_closed,0,19,closed,0.0,2.26
1.92,48,46.695802,17,final_d17_closed,0,17,closed,0.0,1.9199999999999997
1.92,48,46.722759,17,final_d17_open,0,17,open,1.0,1.9199999999999997
3.48,42,46.746539,17,d17_medium,2,17,closed,0.0,3.480000000000002
3.48,42,46.770153,17,d17_medium,2,17,closed,0.0,3.480000000000002
-0.4,55,46.799961,17,final_d19_open,0,19,open,1.0,-0.40000000000000036
4.02,48,46.826847,17,d19_detour,2,19,closed,0.0,4.020000000000003
1.75,25,46.841228,17,d15_direct,2,15,open,1.0,1.7499999999999998
2.46,54,46.870144,17,final_d19_open,0,19,open,1.0,2.4599999999999995
1.67,33,46.88902,17,d19_detour,2,19,closed,0.0,1.6699999999999997
-0.54,49,46.915948,17,final_d17_closed,0,17,closed,0.0,-0.5399999999999996
-5.1,45,46.940296,17,final_d15_closed,0,15,closed,0.0,-5.1
4.02,48,46.967366,17,d19_detour,2,19,closed,0.0,4.020000000000003
-2.71,56,46.996626,17,final_d19_open,0,19,open,1.0,-2.710000000000001
1.92,48,47.022438,17,final_d17_closed,0,17,closed,0.0,1.9199999999999997
-0.25,55,47.052156,17,final_d19_open,0,19,open,1.0,-0.2500000000000011
3.48,42,47.075774,17,d17_medium,2,17,closed,0.0,3.480000000000002
2.46,54,47.105009,17,final_d19_closed,0,19,closed,0.0,2.4599999999999995
3.48,42,47.128546,17,d17_medium,2,17,closed,0.0,3.480000000000002
-5.1,45,47.152582,17,final_d15_closed,0,15,closed,0.0,-5.1
2.1,40,47.386187,17,d19_detour,2,19,closed,0.0,2.1000000000000014
2.46,54,47.415388,17,final_d19_closed,0,19,closed,0.0,2.4599999999999995
1.92,48,47.441247,17,final_d17_closed,0,17,closed,0.0,1.9199999999999997
-0.45,55,47.470439,17,final_d19_closed,0,19,closed,0.0,-0.4500000000000004
4.02,48,47.498166,17,d19_detour,2,19,closed,0.0,4.020000000000003
-0.64,14,47.506626,17,d15_direct,2,15,open,1.0,-0.6400000000000001
2.46,54,47.534818,17,final_d19_open,0,19,open,1.0,2.4599999999999995
-0.64,14,47.543358,17,d15_direct,2,15,open,1.0,-0.6400000000000001
4.02,48,47.56937,17,d19_detour,2,19,closed,0.0,4.020000000000003
4.02,48,47.59569,17,d19_detour,2,19,closed,0.0,4.020000000000003
1.75,25,47.610185,17,d15_direct,2,15,open,1.0,1.7499999999999998
1.75,25,47.624375,17,d15_direct,2,15,open,1.0,1.7499999999999998
-0.64,14,47.63328,17,d15_direct,2,15,open,1.0,-0.6400000000000001
2.46,54,47.662094,17,final_d19_open,0,19,open,1.0,2.4599999999999995
1.92,48,47.688172,17,final_d17_closed,0,17,closed,0.0,1.9199999999999997
1.92,48,47.714149,17,final_d17_open,0,17,open,1.0,1.9199999999999997
2.46,54,47.742956,17,final_d19_closed,0,19,closed,0.0,2.4599999999999995
3.96,49,47.77125,17,d19_detour,2,19,closed,0.0,3.9600000000000026
2.15,35,47.791077,17,d19_detour,2,19,closed,0.0,2.1499999999999995
1.92,48,47.816918,17,final_d17_closed,0,17,closed,0.0,1.9199999999999997
1.67,33,47.835136,17,d19_detour,2,19,closed,0.0,1.6699999999999997
3.48,42,47.857976,17,d17_medium,2,17,closed,0.0,3.480000000000002
1.92,48,47.883396,17,final_d17_closed,0,17,closed,0.0,1.9199999999999997
4.02,48,47.909533,17,d19_detour,2,19,closed,0.0,4.020000000000003
4.14,36,47.92955,17,d15_direct,2,15,open,1.0,4.140000000000002
2.26,54,47.957958,17,final_d19_closed,0,19,closed,0.0,2.26
1.67,33,47.976196,17,d19_detour,2,19,closed,0.0,1.6699999999999997
1.67,33,47.99466,17,d19_detour,2,19,closed,0.0,1.6699999999999997
4.02,48,48.020736,17,d19_detour,2,19,closed,0.0,4.020000000000003
4.02,48,48.04721,17,d19_detour,2,19,closed,0.0,4.020000000000003
0.05,55,48.076922,17,final_d19_closed,0,19,closed,0.0,0.0499999999999996
0.12,43,48.100185,17,final_d15_open,0,15,open,1.0,0.11999999999999955
-0.65,55,48.128418,17,final_d19_open,0,19,open,1.0,-0.6500000000000004
2.58,42,48.151756,17,final_d15_open,0,15,open,1.0,2.5799999999999996
4.14,36,48.172371,17,d15_direct,2,15,open,1.0,4.140000000000002
1.92,48,48.198291,17,final_d17_closed,0,17,closed,0.0,1.9199999999999997
4.02,48,48.225092,17,d19_detour,2,19,closed,0.0,4.020000000000003
2.46,54,48.254079,17,final_d19_closed,0,19,closed,0.0,2.4599999999999995
1.92,48,48.279735,17,final_d17_open,0,17,open,1.0,1.9199999999999997
1.92,48,48.307137,17,final_d17_open,0,17,open,1.0,1.9199999999999997
-5.1,45,48.331587,17,final_d15_closed,0,15,closed,0.0,-5.1
0.12,43,48.3552,17,final_d15_open,0,15,open,1.0,0.11999999999999966
1.92,48,48.380832,17,final_d17_open,0,17,open,1.0,1.9199999999999997
4.02,48,48.407495,17,d19_detour,2,19,closed,0.0,4.020000000000003
4.14,36,48.427736,17,d15_direct,2,15,open,1.0,4.140000000000002
1.92,48,48.45398,17,final_d17_open,0,17,open,1.0,1.9199999999999997
-0.45,55,48.48405,17,final_d19_open,0,19,open,1.0,-0.45000000000000107
3.48,42,48.71938,17,d17_medium,2,17,closed,0.0,3.480000000000002
3.48,42,48.742749,17,d17_medium,2,17,closed,0.0,3.480000000000002
4.02,48,48.76906,17,d19_detour,2,19,closed,0.0,4.020000000000003
1.92,48,48.795327,17,final_d17_closed,0,17,closed,0.0,1.9199999999999997
4.14,36,48.816439,17,d15_direct,2,15,open,1.0,4.140000000000002
4.14,36,48.837056,17,d15_direct,2,15,open,1.0,4.140000000000002
1.92,48,48.864742,17,final_d17_open,0,17,open,1.0,1.9199999999999997
1.92,48,48.890886,17,final_d17_closed,0,17,closed,0.0,1.9199999999999997
2.46,54,48.91995,17,final_d19_closed,0,19,closed,0.0,2.4599999999999995
3.48,42,48.943752,17,d17_medium,2,17,closed,0.0,3.480000000000002
1.75,25,48.95847,17,d15_direct,2,15,open,1.0,1.7499999999999998
1.92,48,48.984291,17,final_d17_open,0,17,open,1.0,1.9199999999999997
2.26,54,49.014125,17,final_d19_closed,0,19,closed,0.0,2.26
1.75,25,49.028605,17,d15_direct,2,15,open,1.0,1.7499999999999998
1.92,48,49.054247,17,final_d17_open,0,17,open,1.0,1.9199999999999997
2.58,42,49.077706,17,final_d15_open,0,15,open,1.0,2.5799999999999996
2.46,54,49.106578,17,final_d19_closed,0,19,closed,0.0,2.4599999999999995
2.46,54,49.13584,17,final_d19_open,0,19,open,1.0,2.4599999999999995
2.1,40,49.15877,17,d19_detour,2,19,closed,0.0,2.1000000000000014
1.92,48,49.184769,17,final_d17_open,0,17,open,1.0,1.9199999999999997
-5.0,45,49.209011,17,final_d15_closed,0,15,closed,0.0,-5.0
-5.0,45,49.234097,17,final_d15_closed,0,15,closed,0.0,-5.0
3.48,42,49.257766,17,d17_medium,2,17,closed,0.0,3.480000000000002
-5.1,45,49.282561,17,final_d15_closed,0,15,closed,0.0,-5.1
2.58,42,49.305334,17,final_d15_open,0,15,open,1.0,2.5799999999999996
3.48,42,49.329019,17,d17_medium,2,17,closed,0.0,3.480000000000002
1.92,48,49.354941,17,final_d17_closed,0,17,closed,0.0,1.9199999999999997
3.48,42,49.378124,17,d17_medium,2,17,closed,0.0,3.480000000000002
4.14,36,49.39985,17,d15_direct,2,15,open,1.0,4.140000000000002
1.92,48,49.425786,17,final_d17_open,0,17,open,1.0,1.9199999999999997
2.58,42,49.448695,17,final_d15_open,0,15,open,1.0,2.5799999999999996
1.92,48,49.475287,17,final_d17_closed,0,17,closed,0.0,1.9199999999999997
1.92,48,49.50107,17,final_d17_closed,0,17,closed,0.0,1.9199999999999997
3.48,42,49.524673,17,d17_medium,2,17,closed,0.0,3.480000000000002
4.02,48,49.552254,17,d19_detour,2,19,closed,0.0,4.020000000000003
2.46,54,49.582401,17,final_d19_open,0,19,open,1.0,2.4599999999999995
0.12,43,49.605357,17,final_d15_open,0,15,open,1.0,0.11999999999999966
1.92,48,49.631165,17,final_d17_closed,0,17,closed,0.0,1.9199999999999997
4.14,36,49.651523,17,d15_direct,2,15,open,1.0,4.140000000000002
3.48,42,49.675442,17,d17_medium,2,17,closed,0.0,3.480000000000002
-5.1,45,49.700244,17,final_d15_closed,0,15,closed,0.0,-5.1
1.75,25,49.714669,17,d15_direct,2,15,open,1.0,1.7499999999999998
1.92,48,49.740402,17,final_d17_closed,0,17,closed,0.0,1.9199999999999997
-4.65,45,49.765127,17,final_d15_closed,0,15,closed,0.0,-4.65
4.02,48,49.791533,17,d19_detour,2,19,closed,0.0,4.020000000000003
-5.1,45,49.815781,17,final_d15_closed,0,15,closed,0.0,-5.1
2.46,54,50.056058,17,final_d19_closed,0,19,closed,0.0,2.4599999999999995
2.46,54,50.085453,17,final_d19_open,0,19,open,1.0,2.4599999999999995
2.46,54,50.114817,17,final_d19_open,0,19,open,1.0,2.4599999999999995
2.58,42,50.138125,17,final_d15_open,0,15,open,1.0,2.5799999999999996
2.58,42,50.160979,17,final_d15_open,0,15,open,1.0,2.5799999999999996
2.46,54,50.190552,17,final_d19_open,0,19,open,1.0,2.4599999999999995
2.58,42,50.213382,17,final_d15_open,0,15,open,1.0,2.5799999999999996
0.32,43,50.23782,17,final_d15_open,0,15,open,1.0,0.3199999999999996
3.48,42,50.261453,17,d17_medium,2,17,closed,0.0,3.480000000000002
-5.0,45,50.286795,17,final_d15_closed,0,15,closed,0.0,-5.0
1.75,25,50.301204,17,d15_direct,2,15,open,1.0,1.7499999999999998
2.46,54,50.3305,17,final_d19_open,0,19,open,1.0,2.4599999999999995
1.92,48,50.356366,17,final_d17_open,0,17,open,1.0,1.9199999999999997
4.14,36,50.376647,17,d15_direct,2,15,open,1.0,4.140000000000002
-4.8,45,50.401529,17,final_d15_closed,0,15,closed,0.0,-4.799999999999999
2.58,42,50.424563,17,final_d15_open,0,15,open,1.0,2.5799999999999996
4.02,48,50.451476,17,d19_detour,2,19,closed,0.0,4.020000000000003
1.92,48,50.477221,17,final_d17_open,0,17,open,1.0,1.9199999999999997
4.14,36,50.497386,17,d15_direct,2,15,open,1.0,4.140000000000002
-4.9,45,50.520993,17,final_d15_closed,0,15,closed,0.0,-4.9
1.92,48,50.54721,17,final_d17_closed,0,17,closed,0.0,1.9199999999999997
0.12,43,50.57087,17,final_d15_open,0,15,open,1.0,0.11999999999999955
2.46,54,50.600742,17,final_d19_open,0,19,open,1.0,2.4599999999999995
2.26,54,50.630548,17,final_d19_closed,0,19,closed,0.0,2.26
2.26,54,50.659412,17,final_d19_closed,0,19,closed,0.0,2.26
1.92,48,50.68503,17,final_d17_open,0,17,open,1.0,1.9199999999999997
-4.8,45,50.70995,17,final_d15_closed,0,15,closed,0.0,-4.799999999999998
-4.75,45,50.735114,17,final_d15_closed,0,15,closed,0.0,-4.75
2.58,42,50.758121,17,final_d15_open,0,15,open,1.0,2.5799999999999996
3.48,42,50.782419,17,d17_medium,2,17,closed,0.0,3.480000000000002
4.02,48,50.808998,17,d19_detour,2,19,closed,0.0,4.020000000000003
2.58,42,50.831358,17,final_d15_open,0,15,open,1.0,2.5799999999999996
1.92,48,50.857185,17,final_d17_open,0,17,open,1.0,1.9199999999999997
2.58,42,50.880138,17,final_d15_open,0,15,open,1.0,2.5799999999999996
1.92,48,50.906671,17,final_d17_open,0,17,open,1.0,1.9199999999999997
-0.24,49,50.933112,17,final_d17_open,0,17,open,1.0,-0.24000000000000044
2.46,54,50.962525,17,final_d19_closed,0,19,closed,0.0,2.4599999999999995
2.46,54,50.992123,17,final_d19_closed,0,19,closed,0.0,2.4599999999999995
-4.65,45,51.018063,17,final_d15_closed,0,15,closed,0.0,-4.649999999999999
1.92,48,51.044196,17,final_d17_closed,0,17,closed,0.0,1.9199999999999997
-0.49,49,51.069933,17,final_d17_closed,0,17,closed,0.0,-0.49000000000000044
1.75,25,51.084247,17,d15_direct,2,15,open,1.0,1.7499999999999998
2.46,54,51.112541,17,final_d19_open,0,19,open,1.0,2.4599999999999995
4.02,48,51.138837,17,d19_detour,2,19,closed,0.0,4.020000000000003
3.48,42,51.162216,17,d17_medium,2,17,closed,0.0,3.480000000000002
2.46,54,51.440354,17,final_d19_closed,0,19,closed,0.0,2.4599999999999995
3.48,42,51.464897,17,d17_medium,2,17,closed,0.0,3.480000000000002
0.12,43,51.488289,17,final_d15_open,0,15,open,1.0,0.11999999999999966
2.09,36,51.508625,17,d19_detour,2,19,closed,0.0,2.09
-4.65,45,51.532983,17,final_d15_closed,0,15,closed,0.0,-4.65
0.12,43,51.557038,17,final_d15_open,0,15,open,1.0,0.11999999999999955
-0.25,25,51.572143,17,d19_detour,2,19,closed,0.0,-0.2500000000000002
-0.25,55,51.602456,17,final_d19_open,0,19,open,1.0,-0.24999999999999933
1.92,48,51.627927,17,final_d17_closed,0,17,closed,0.0,1.9199999999999997
2.46,54,51.658379,17,final_d19_open,0,19,open,1.0,2.4599999999999995
1.92,48,51.684633,17,final_d17_closed,0,17,closed,0.0,1.9199999999999997
2.46,54,51.712742,17,final_d19_closed,0,19,closed,0.0,2.4599999999999995
4.02,48,51.738912,17,d19_detour,2,19,closed,0.0,4.020000000000003
3.48,42,51.762074,17,d17_medium,2,17,closed,0.0,3.480000000000002
3.48,42,51.785284,17,d17_medium,2,17,closed,0.0,3.480000000000002
1.92,48,51.810939,17,final_d17_open,0,17,open,1.0,1.9199999999999997
-5.1,45,51.83461,17,final_d15_closed,0,15,closed,0.0,-5.1
1.92,48,51.859601,17,final_d17_open,0,17,open,1.0,1.9199999999999997
2.58,42,51.883562,17,final_d15_open,0,15,open,1.0,2.5799999999999996
-3.16,56,51.913933,17,final_d19_open,0,19,open,1.0,-3.160000000000001
1.92,48,51.94001,17,final_d17_closed,0,17,closed,0.0,1.9199999999999997
2.26,54,51.970007,17,final_d19_closed,0,19,closed,0.0,2.26
-4.8,45,51.994979,17,final_d15_closed,0,15,closed,0.0,-4.800000000000001
2.46,54,52.023376,17,final_d19_open,0,19,open,1.0,2.4599999999999995
4.14,36,52.044512,17,d15_direct,2,15,open,1.0,4.140000000000002
2.46,54,52.074085,17,final_d19_closed,0,19,closed,0.0,2.4599999999999995
1.67,33,52.092967,17,d19_detour,2,19,closed,0.0,1.6699999999999997
4.14,36,52.11402,17,d15_direct,2,15,open,1.0,4.140000000000002
1.92,48,52.14087,17,final_d17_closed,0,17,closed,0.0,1.9199999999999997
1.67,33,52.160744,17,d19_detour,2,19,closed,0.0,1.6699999999999997
2.58,42,52.184283,17,final_d15_open,0,15,open,1.0,2.5799999999999996
3.48,42,52.208043,17,d17_medium,2,17,closed,0.0,3.480000000000002
2.58,42,52.231169,17,final_d15_open,0,15,open,1.0,2.5799999999999996
1.92,48,52.257384,17,final_d17_open,0,17,open,1.0,1.9199999999999997
-0.2,55,52.287431,17,final_d19_open,0,19,open,1.0,-0.20000000000000107
2.26,54,52.317798,17,final_d19_closed,0,19,closed,0.0,2.26
4.14,36,52.338467,17,d15_direct,2,15,open,1.0,4.140000000000002
1.92,48,52.364359,17,final_d17_open,0,17,open,1.0,1.9199999999999997
-4.7,45,52.388434,17,final_d15_closed,0,15,closed,0.0,-4.6999999999999975
4.02,48,52.416338,17,d19_detour,2,19,closed,0.0,4.020000000000003
4.14,36,52.439236,17,d15_direct,2,15,open,1.0,4.140000000000002
3.48,42,52.462737,17,d17_medium,2,17,closed,0.0,3.480000000000002
2.58,42,52.48492,17,final_d15_open,0,15,open,1.0,2.5799999999999996
-0.05,55,52.513228,17,final_d19_open,0,19,open,1.0,-0.05000000000000093
4.02,48,52.539897,17,d19_detour,2,19,closed,0.0,4.020000000000003
-0.25,55,52.802473,17,final_d19_closed,0,19,closed,0.0,-0.25000000000000044
4.14,36,52.822968,17,d15_direct,2,15,open,1.0,4.140000000000002
1.92,48,52.848723,17,final_d17_closed,0,17,closed,0.0,1.9199999999999997
1.31,49,52.876168,17,d19_detour,2,19,closed,0.0,1.3099999999999996
4.02,48,52.903155,17,d19_detour,2,19,closed,0.0,4.020000000000003
2.46,54,52.932159,17,final_d19_closed,0,19,closed,0.0,2.4599999999999995
2.46,54,52.961094,17,final_d19_open,0,19,open,1.0,2.4599999999999995
2.46,54,52.991021,17,final_d19_closed,0,19,closed,0.0,2.4599999999999995
-5.0,45,53.015382,17,final_d15_closed,0,15,closed,0.0,-5.0
1.92,48,53.041812,17,final_d17_open,0,17,open,1.0,1.9199999999999997
1.92,48,53.067965,17,final_d17_closed,0,17,closed,0.0,1.9199999999999997
2.58,42,53.09084,17,final_d15_open,0,15,open,1.0,2.5799999999999996
2.46,54,53.11976,17,final_d19_open,0,19,open,1.0,2.4599999999999995
1.92,48,53.145838,17,final_d17_closed,0,17,closed,0.0,1.9199999999999997
2.46,54,53.174859,17,final_d19_open,0,19,open,1.0,2.4599999999999995
-5.1,45,53.199347,17,final_d15_closed,0,15,closed,0.0,-5.1
1.92,48,53.225744,17,final_d17_open,0,17,open,1.0,1.9199999999999997
1.92,48,53.252249,17,final_d17_closed,0,17,closed,0.0,1.9199999999999997
1.92,48,53.278409,17,final_d17_closed,0,17,closed,0.0,1.9199999999999997
1.92,48,53.305786,17,final_d17_closed,0,17,closed,0.0,1.9199999999999997
1.92,48,53.332513,17,final_d17_open,0,17,open,1.0,1.9199999999999997
2.4,55,53.362656,17,final_d19_open,0,19,open,1.0,2.3999999999999995
2.4,55,53.393454,17,final_d19_closed,0,19,closed,0.0,2.3999999999999995
4.02,48,53.425159,17,d19_detour,2,19,closed,0.0,4.020000000000003
1.67,33,53.444116,17,d19_detour,2,19,closed,0.0,1.6699999999999997
1.92,48,53.469754,17,final_d17_closed,0,17,closed,0.0,1.9199999999999997
-5.1,45,53.493708,17,final_d15_closed,0,15,closed,0.0,-5.1
1.92,48,53.519079,17,final_d17_closed,0,17,closed,0.0,1.9199999999999997
2.46,54,53.547267,17,final_d19_closed,0,19,closed,0.0,2.4599999999999995
2.58,42,53.569604,17,final_d15_open,0,15,open,1.0,2.5799999999999996
3.48,42,53.592756,17,d17_medium,2,17,closed,0.0,3.480000000000002
4.14,36,53.613404,17,d15_direct,2,15,open,1.0,4.140000000000002
2.46,54,53.642062,17,final_d19_open,0,19,open,1.0,2.4599999999999995
2.46,54,53.671081,17,final_d19_closed,0,19,closed,0.0,2.4599999999999995
4.02,48,53.698275,17,d19_detour,2,19,closed,0.0,4.020000000000003
1.36,49,53.725219,17,d19_detour,2,19,closed,0.0,1.3599999999999999
2.58,42,53.748031,17,final_d15_open,0,15,open,1.0,2.5799999999999996
4.02,48,53.77561,17,d19_detour,2,19,closed,0.0,4.020000000000003
-0.09,49,53.802072,17,final_d17_closed,0,17,closed,0.0,-0.0900000000000003
2.46,54,53.831129,17,final_d19_open,0,19,open,1.0,2.4599999999999995
4.08,37,53.851697,17,d15_direct,2,15,open,1.0,4.080000000000002
1.92,48,53.877934,17,final_d17_closed,0,17,closed,0.0,1.9199999999999997
2.06,54,53.907016,17,final_d19_closed,0,19,closed,0.0,2.0599999999999996
2.58,42,54.145637,17,final_d15_open,0,15,open,1.0,2.5799999999999996
3.48,42,54.168885,17,d17_medium,2,17,closed,0.0,3.480000000000002
2.58,42,54.191361,17,final_d15_open,0,15,open,1.0,2.5799999999999996
4.02,48,54.218305,17,d19_detour,2,19,closed,0.0,4.020000000000003
2.46,54,54.246824,17,final_d19_open,0,19,open,1.0,2.4599999999999995
2.58,42,54.269757,17,final_d15_open,0,15,open,1.0,2.5799999999999996
0.37,43,54.292787,17,final_d15_open,0,15,open,1.0,0.36999999999999966
2.4,55,54.321773,17,final_d19_open,0,19,open,1.0,2.3999999999999995
2.58,42,54.344049,17,final_d15_open,0,15,open,1.0,2.5799999999999996
-4.75,45,54.368129,17,final_d15_closed,0,15,closed,0.0,-4.749999999999998
1.92,48,54.393684,17,final_d17_open,0,17,open,1.0,1.9199999999999997
4.14,36,54.414195,17,d15_direct,2,15,open,1.0,4.140000000000002
2.46,54,54.442337,17,final_d19_closed,0,19,closed,0.0,2.4599999999999995
1.92,48,54.467896,17,final_d17_closed,0,17,closed,0.0,1.9199999999999997
4.02,48,54.494095,17,d19_detour,2,19,closed,0.0,4.020000000000003
4.14,36,54.513937,17,d15_direct,2,15,open,1.0,4.140000000000002
-0.45,55,54.542623,17,final_d19_open,0,19,open,1.0,-0.45000000000000107
3.48,42,54.565851,17,d17_medium,2,17,closed,0.0,3.480000000000002
2.46,54,54.594642,17,final_d19_closed,0,19,closed,0.0,2.4599999999999995
1.92,48,54.619612,17,final_d17_open,0,17,open,1.0,1.9199999999999997
3.48,42,54.645269,17,d17_medium,2,17,closed,0.0,3.480000000000002
2.58,42,54.670434,17,final_d15_open,0,15,open,1.0,2.5799999999999996
2.58,42,54.693234,17,final_d15_open,0,15,open,1.0,2.5799999999999996
2.46,54,54.722063,17,final_d19_open,0,19,open,1.0,2.4599999999999995
1.92,48,54.749032,17,final_d17_closed,0,17,closed,0.0,1.9199999999999997
1.92,48,54.77577,17,final_d17_open,0,17,open,1.0,1.9199999999999997
-5.1,45,54.799885,17,final_d15_closed,0,15,closed,0.0,-5.1
-0.19,49,54.826151,17,final_d17_open,0,17,open,1.0,-0.1900000000000004
3.48,42,54.849837,17,d17_medium,2,17,closed,0.0,3.480000000000002
-5.0,45,54.874644,17,final_d15_closed,0,15,closed,0.0,-5.0
2.58,42,54.897495,17,final_d15_open,0,15,open,1.0,2.5799999999999996
3.48,42,54.920895,17,d17_medium,2,17,closed,0.0,3.480000000000002
2.46,54,54.950027,17,final_d19_closed,0,19,closed,0.0,2.4599999999999995
2.26,54,54.978427,17,final_d19_open,0,19,open,1.0,2.26
1.92,48,55.004343,17,final_d17_closed,0,17,closed,0.0,1.9199999999999997
4.02,48,55.030444,17,d19_detour,2,19,closed,0.0,4.020000000000003
-4.8,45,55.054999,17,final_d15_closed,0,15,closed,0.0,-4.799999999999998
3.48,42,55.078914,17,d17_medium,2,17,closed,0.0,3.480000000000002
3.48,42,55.102328,17,d17_medium,2,17,closed,0.0,3.480000000000002
1.92,48,55.127612,17,final_d17_open,0,17,open,1.0,1.9199999999999997
1.31,29,55.143857,17,d17_medium,2,17,closed,0.0,1.3099999999999998
1.67,33,55.162266,17,d19_detour,2,19,closed,0.0,1.6699999999999997
3.48,42,55.186311,17,d17_medium,2,17,closed,0.0,3.480000000000002
2.46,54,55.214682,17,final_d19_open,0,19,open,1.0,2.4599999999999995
1.92,48,55.241067,17,final_d17_closed,0,17,closed,0.0,1.9199999999999997
-5.0,45,55.479508,17,final_d15_closed,0,15,closed,0.0,-5.0
2.58,42,55.503075,17,final_d15_open,0,15,open,1.0,2.5799999999999996
1.31,29,55.519995,17,d17_medium,2,17,closed,0.0,1.3099999999999998
2.58,42,55.543959,17,final_d15_open,0,15,open,1.0,2.5799999999999996
1.92,48,55.570748,17,final_d17_open,0,17,open,1.0,1.9199999999999997
3.48,42,55.594994,17,d17_medium,2,17,closed,0.0,3.480000000000002
1.92,48,55.62101,17,final_d17_closed,0,17,closed,0.0,1.9199999999999997
2.26,54,55.649836,17,final_d19_closed,0,19,closed,0.0,2.26
3.48,42,55.673745,17,d17_medium,2,17,closed,0.0,3.480000000000002
4.02,48,55.700895,17,d19_detour,2,19,closed,0.0,4.020000000000003
4.14,36,55.722247,17,d15_direct,2,15,open,1.0,4.140000000000002
1.92,48,55.748238,17,final_d17_open,0,17,open,1.0,1.9199999999999997
2.46,54,55.777741,17,final_d19_open,0,19,open,1.0,2.4599999999999995
2.46,54,55.806608,17,final_d19_closed,0,19,closed,0.0,2.4599999999999995
2.58,42,55.830202,17,final_d15_open,0,15,open,1.0,2.5799999999999996
3.48,42,55.853869,17,d17_medium,2,17,closed,0.0,3.480000000000002
3.48,42,55.877367,17,d17_medium,2,17,closed,0.0,3.480000000000002
0.25,55,55.907423,17,final_d19_closed,0,19,closed,0.0,0.24999999999999956
1.92,48,55.93392,17,final_d17_closed,0,17,closed,0.0,1.9199999999999997
-4.75,45,55.958536,17,final_d15_closed,0,15,closed,0.0,-4.75
-5.1,45,55.983058,17,final_d15_closed,0,15,closed,0.0,-5.1
-4.75,45,56.007712,17,final_d15_closed,0,15,closed,0.0,-4.75
1.92,48,56.03361,17,final_d17_closed,0,17,closed,0.0,1.9199999999999997
1.92,48,56.059649,17,final_d17_closed,0,17,closed,0.0,1.9199999999999997
1.92,48,56.086092,17,final_d17_open,0,17,open,1.0,1.9199999999999997
1.92,48,56.111882,17,final_d17_open,0,17,open,1.0,1.9199999999999997
-5.1,45,56.136642,17,final_d15_closed,0,15,closed,0.0,-5.1
4.02,48,56.163287,17,d19_detour,2,19,closed,0.0,4.020000000000003
4.14,36,56.184283,17,d15_direct,2,15,open,1.0,4.140000000000002
1.92,48,56.21015,17,final_d17_open,0,17,open,1.0,1.9199999999999997
2.46,54,56.239194,17,final_d19_closed,0,19,closed,0.0,2.4599999999999995
-4.8,45,56.263422,17,final_d15_closed,0,15,closed,0.0,-4.799999999999999
1.92,48,56.289295,17,final_d17_closed,0,17,closed,0.0,1.9199999999999997
3.48,42,56.313479,17,d17_medium,2,17,closed,0.0,3.480000000000002
2.58,42,56.336211,17,final_d15_open,0,15,open,1.0,2.5799999999999996
2.46,54,56.366354,17,final_d19_open,0,19,open,1.0,2.4599999999999995
2.46,54,56.395662,17,final_d19_closed,0,19,closed,0.0,2.4599999999999995
-5.1,45,56.421783,17,final_d15_closed,0,15,closed,0.0,-5.1
3.48,42,56.445241,17,d17_medium,2,17,closed,0.0,3.480000000000002
2.58,42,56.467637,17,final_d15_open,0,15,open,1.0,2.5799999999999996
-5.1,45,56.491219,17,final_d15_closed,0,15,closed,0.0,-5.1
2.58,42,56.513249,17,final_d15_open,0,15,open,1.0,2.5799999999999996
1.92,48,56.538125,17,final_d17_open,0,17,open,1.0,1.9199999999999997
4.14,36,56.557638,17,d15_direct,2,15,open,1.0,4.140000000000002
-4.75,45,56.58143,17,final_d15_closed,0,15,closed,0.0,-4.75
2.46,54,56.861319,17,final_d19_open,0,19,open,1.0,2.4599999999999995
4.02,48,56.888173,17,d19_detour,2,19,closed,0.0,4.020000000000003
4.14,36,56.908659,17,d15_direct,2,15,open,1.0,4.140000000000002
2.46,54,56.93842,17,final_d19_closed,0,19,closed,0.0,2.4599999999999995
2.58,42,56.962733,17,final_d15_open,0,15,open,1.0,2.5799999999999996
1.92,48,56.989685,17,final_d17_open,0,17,open,1.0,1.9199999999999997
4.14,36,57.010578,17,d15_direct,2,15,open,1.0,4.140000000000002
4.14,36,57.031411,17,d15_direct,2,15,open,1.0,4.140000000000002
2.26,54,57.062106,17,final_d19_closed,0,19,closed,0.0,2.26
2.46,54,57.091638,17,final_d19_open,0,19,open,1.0,2.4599999999999995
-5.1,45,57.115744,17,final_d15_closed,0,15,closed,0.0,-5.1
4.14,36,57.135731,17,d15_direct,2,15,open,1.0,4.140000000000002
-0.0,55,57.165238,17,final_d19_open,0,19,open,1.0,-4.440892098500626e-16
2.58,42,57.187607,17,final_d15_open,0,15,open,1.0,2.5799999999999996
-5.1,45,57.212916,17,final_d15_closed,0,15,closed,0.0,-5.1
2.46,54,57.242818,17,final_d19_closed,0,19,closed,0.0,2.4599999999999995
1.92,48,57.267795,17,final_d17_open,0,17,open,1.0,1.9199999999999997
0.32,43,57.290332,17,final_d15_open,0,15,open,1.0,0.3199999999999996
2.46,54,57.319778,17,final_d19_open,0,19,open,1.0,2.4599999999999995
4.02,48,57.345597,17,d19_detour,2,19,closed,0.0,4.020000000000003
0.32,43,57.368032,17,final_d15_open,0,15,open,1.0,0.3199999999999996
2.58,42,57.39032,17,final_d15_open,0,15,open,1.0,2.5799999999999996
4.14,36,57.410072,17,d15_direct,2,15,open,1.0,4.140000000000002
4.02,48,57.436571,17,d19_detour,2,19,closed,0.0,4.020000000000003
2.46,54,57.465856,17,final_d19_closed,0,19,closed,0.0,2.4599999999999995
-4.75,45,57.490011,17,final_d15_closed,0,15,closed,0.0,-4.75
2.58,42,57.512299,17,final_d15_open,0,15,open,1.0,2.5799999999999996
-5.1,45,57.536186,17,final_d15_closed,0,15,closed,0.0,-5.1
2.46,54,57.564545,17,final_d19_closed,0,19,closed,0.0,2.4599999999999995
2.58,42,57.587046,17,final_d15_open,0,15,open,1.0,2.5799999999999996
3.48,42,57.610504,17,d17_medium,2,17,closed,0.0,3.480000000000002
0.1,55,57.639263,17,final_d19_closed,0,19,closed,0.0,0.09999999999999942
2.46,54,57.667537,17,final_d19_open,0,19,open,1.0,2.4599999999999995
4.14,36,57.687681,17,d15_direct,2,15,open,1.0,4.140000000000002
-0.2,55,57.716309,17,final_d19_open,0,19,open,1.0,-0.20000000000000062
1.92,48,57.741911,17,final_d17_open,0,17,open,1.0,1.9199999999999997
4.14,36,57.76181,17,d15_direct,2,15,open,1.0,4.140000000000002
-0.25,55,57.790065,17,final_d19_open,0,19,open,1.0,-0.2500000000000011
2.46,54,57.818744,17,final_d19_open,0,19,open,1.0,2.4599999999999995
2.26,54,57.846797,17,final_d19_closed,0,19,closed,0.0,2.26
2.46,54,57.874982,17,final_d19_closed,0,19,closed,0.0,2.4599999999999995
4.14,36,57.894687,17,d15_direct,2,15,open,1.0,4.140000000000002
3.48,42,57.917722,17,d17_medium,2,17,closed,0.0,3.480000000000002
3.48,42,57.940788,17,d17_medium,2,17,closed,0.0,3.480000000000002
2.46,54,58.187598,17,final_d19_open,0,19,open,1.0,2.4599999999999995
-0.25,55,58.216777,17,final_d19_closed,0,19,closed,0.0,-0.24999999999999933
-5.1,45,58.241259,17,final_d15_closed,0,15,closed,0.0,-5.1
4.02,48,58.267967,17,d19_detour,2,19,closed,0.0,4.020000000000003
-0.24,49,58.294305,17,final_d17_open,0,17,open,1.0,-0.24000000000000044
4.14,36,58.314623,17,d15_direct,2,15,open,1.0,4.140000000000002
2.46,54,58.34371,17,final_d19_closed,0,19,closed,0.0,2.4599999999999995
2.58,42,58.368149,17,final_d15_open,0,15,open,1.0,2.5799999999999996
2.46,54,58.396445,17,final_d19_open,0,19,open,1.0,2.4599999999999995
2.58,42,58.418985,17,final_d15_open,0,15,open,1.0,2.5799999999999996
3.48,42,58.442042,17,d17_medium,2,17,closed,0.0,3.480000000000002
4.14,36,58.462277,17,d15_direct,2,15,open,1.0,4.140000000000002
-5.0,45,58.485926,17,final_d15_closed,0,15,closed,0.0,-5.0
-0.25,55,58.514787,17,final_d19_open,0,19,open,1.0,-0.2500000000000011
-0.05,55,58.543375,17,final_d19_open,0,19,open,1.0,-0.05000000000000093
2.26,54,58.572232,17,final_d19_closed,0,19,closed,0.0,2.26
1.92,48,58.599472,17,final_d17_closed,0,17,closed,0.0,1.9199999999999997
2.46,54,58.628985,17,final_d19_open,0,19,open,1.0,2.4599999999999995
2.58,42,58.651614,17,final_d15_open,0,15,open,1.0,2.5799999999999996
4.02,48,58.678232,17,d19_detour,2,19,closed,0.0,4.020000000000003
4.14,36,58.697989,17,d15_direct,2,15,open,1.0,4.140000000000002
4.02,48,58.724638,17,d19_detour,2,19,closed,0.0,4.020000000000003
4.14,36,58.744811,17,d15_direct,2,15,open,1.0,4.140000000000002
-0.2,50,58.771305,17,final_d17_open,0,17,open,1.0,-0.2000000000000004
-0.2,55,58.800792,17,final_d19_closed,0,19,closed,0.0,-0.2000000000000004
2.58,42,58.823593,17,final_d15_open,0,15,open,1.0,2.5799999999999996
2.46,54,58.852167,17,final_d19_open,0,19,open,1.0,2.4599999999999995
2.46,54,58.88098,17,final_d19_open,0,19,open,1.0,2.4599999999999995
2.58,42,58.90331,17,final_d15_open,0,15,open,1.0,2.5799999999999996
2.58,42,58.9259,17,final_d15_open,0,15,open,1.0,2.5799999999999996
2.14,46,58.950258,17,final_d17_open,0,17,open,1.0,2.1399999999999997
2.4,55,58.979408,17,final_d19_open,0,19,open,1.0,2.3999999999999995
4.14,36,58.999883,17,d15_direct,2,15,open,1.0,4.140000000000002
-5.1,45,59.024883,17,final_d15_closed,0,15,closed,0.0,-5.1
3.48,42,59.048852,17,d17_medium,2,17,closed,0.0,3.480000000000002
2.46,54,59.07704,17,final_d19_closed,0,19,closed,0.0,2.4599999999999995
2.46,54,59.10608,17,final_d19_open,0,19,open,1.0,2.4599999999999995
4.14,36,59.126818,17,d15_direct,2,15,open,1.0,4.140000000000002
3.48,42,59.150354,17,d17_medium,2,17,closed,0.0,3.480000000000002
-5.1,45,59.174579,17,final_d15_closed,0,15,closed,0.0,-5.1
1.92,48,59.200664,17,final_d17_closed,0,17,closed,0.0,1.9199999999999997
2.46,54,59.229159,17,final_d19_closed,0,19,closed,0.0,2.4599999999999995
4.14,36,59.249045,17,d15_direct,2,15,open,1.0,4.140000000000002
-0.25,55,59.492116,17,final_d19_open,0,19,open,1.0,-0.25000000000000044
2.46,54,59.521249,17,final_d19_closed,0,19,closed,0.0,2.4599999999999995
2.46,54,59.549898,17,final_d19_open,0,19,open,1.0,2.4599999999999995
1.92,48,59.576908,17,final_d17_closed,0,17,closed,0.0,1.9199999999999997
4.14,36,59.597599,17,d15_direct,2,15,open,1.0,4.140000000000002
1.92,48,59.623029,17,final_d17_open,0,17,open,1.0,1.9199999999999997
2.58,42,59.646252,17,final_d15_open,0,15,open,1.0,2.5799999999999996
-0.25,55,59.675297,17,final_d19_open,0,19,open,1.0,-0.2500000000000011
3.48,42,59.69965,17,d17_medium,2,17,closed,0.0,3.480000000000002
2.52,43,59.723008,17,final_d15_open,0,15,open,1.0,2.5199999999999996
-4.8,45,59.747612,17,final_d15_closed,0,15,closed,0.0,-4.799999999999999
2.46,54,59.776102,17,final_d19_closed,0,19,closed,0.0,2.4599999999999995
1.92,48,59.801401,17,final_d17_closed,0,17,closed,0.0,1.9199999999999997
2.46,54,59.83054,17,final_d19_open,0,19,open,1.0,2.4599999999999995
4.02,48,59.857833,17,d19_detour,2,19,closed,0.0,4.020000000000003
0.3,45,59.883701,17,final_d17_open,0,17,open,1.0,0.2999999999999998
-5.1,45,59.907518,17,final_d15_closed,0,15,closed,0.0,-5.1
1.92,48,59.93415,17,final_d17_open,0,17,open,1.0,1.9199999999999997
4.02,48,59.96033,17,d19_detour,2,19,closed,0.0,4.020000000000003
2.46,54,59.988853,17,final_d19_closed,0,19,closed,0.0,2.4599999999999995
2.46,54,60.018888,17,final_d19_open,0,19,open,1.0,2.4599999999999995
1.92,48,60.044401,17,final_d17_open,0,17,open,1.0,1.9199999999999997
4.02,48,60.070791,17,d19_detour,2,19,closed,0.0,4.020000000000003
0.2,55,60.099806,17,final_d19_open,0,19,open,1.0,0.1999999999999993
4.14,36,60.119897,17,d15_direct,2,15,open,1.0,4.140000000000002
2.58,42,60.142008,17,final_d15_open,0,15,open,1.0,2.5799999999999996
3.48,42,60.165177,17,d17_medium,2,17,closed,0.0,3.480000000000002
4.14,36,60.185181,17,d15_direct,2,15,open,1.0,4.140000000000002
-5.1,45,60.209007,17,final_d15_closed,0,15,closed,0.0,-5.1
4.14,36,60.228893,17,d15_direct,2,15,open,1.0,4.140000000000002
2.46,54,60.257081,17,final_d19_open,0,19,open,1.0,2.4599999999999995
2.46,54,60.285371,17,final_d19_open,0,19,open,1.0,2.4599999999999995
3.48,42,60.30884,17,d17_medium,2,17,closed,0.0,3.480000000000002
-5.1,45,60.333396,17,final_d15_closed,0,15,closed,0.0,-5.1
4.14,36,60.353614,17,d15_direct,2,15,open,1.0,4.140000000000002
4.02,48,60.380549,17,d19_detour,2,19,closed,0.0,4.020000000000003
2.46,54,60.409141,17,final_d19_open,0,19,open,1.0,2.4599999999999995
4.14,36,60.429203,17,d15_direct,2,15,open,1.0,4.140000000000002
4.02,48,60.455438,17,d19_detour,2,19,closed,0.0,4.020000000000003
2.14,46,60.480422,17,final_d17_open,0,17,open,1.0,2.1399999999999997
3.48,42,60.503501,17,d17_medium,2,17,closed,0.0,3.480000000000002
-0.54,49,60.529768,17,final_d17_closed,0,17,closed,0.0,-0.5399999999999996
1.92,48,60.555215,17,final_d17_closed,0,17,closed,0.0,1.9199999999999997
2.46,54,60.584877,17,final_d19_open,0,19,open,1.0,2.4599999999999995
1.92,48,60.85421,17,final_d17_open,0,17,open,1.0,1.9199999999999997
-5.1,45,60.879035,17,final_d15_closed,0,15,closed,0.0,-5.1
2.46,54,60.90769,17,final_d19_open,0,19,open,1.0,2.4599999999999995
2.58,42,60.930481,17,final_d15_open,0,15,open,1.0,2.5799999999999996
4.14,36,60.952128,17,d15_direct,2,15,open,1.0,4.140000000000002
4.14,36,60.973562,17,d15_direct,2,15,open,1.0,4.140000000000002
1.92,48,60.999349,17,final_d17_open,0,17,open,1.0,1.9199999999999997
2.58,42,61.023616,17,final_d15_open,0,15,open,1.0,2.5799999999999996
-5.1,45,61.049689,17,final_d15_closed,0,15,closed,0.0,-5.1
2.46,54,61.081968,17,final_d19_open,0,19,open,1.0,2.4599999999999995
-5.1,45,61.106143,17,final_d15_closed,0,15,closed,0.0,-5.1
2.58,42,61.128351,17,final_d15_open,0,15,open,1.0,2.5799999999999996
2.46,54,61.156708,17,final_d19_closed,0,19,closed,0.0,2.4599999999999995
2.46,54,61.184604,17,final_d19_closed,0,19,closed,0.0,2.4599999999999995
4.02,48,61.211013,17,d19_detour,2,19,closed,0.0,4.020000000000003
2.58,42,61.233571,17,final_d15_open,0,15,open,1.0,2.5799999999999996
1.92,48,61.259757,17,final_d17_closed,0,17,closed,0.0,1.9199999999999997
1.92,48,61.285305,17,final_d17_open,0,17,open,1.0,1.9199999999999997
1.92,48,61.312,17,final_d17_closed,0,17,closed,0.0,1.9199999999999997
2.46,54,61.340912,17,final_d19_closed,0,19,closed,0.0,2.4599999999999995
2.58,42,61.364114,17,final_d15_open,0,15,open,1.0,2.5799999999999996
2.46,54,61.392725,17,final_d19_open,0,19,open,1.0,2.4599999999999995
1.92,48,61.418326,17,final_d17_open,0,17,open,1.0,1.9199999999999997
-0.54,49,61.444476,17,final_d17_closed,0,17,closed,0.0,-0.5399999999999996
1.92,48,61.470628,17,final_d17_closed,0,17,closed,0.0,1.9199999999999997
4.14,36,61.491243,17,d15_direct,2,15,open,1.0,4.140000000000002
2.46,54,61.520307,17,final_d19_closed,0,19,closed,0.0,2.4599999999999995
3.48,42,61.543636,17,d17_medium,2,17,closed,0.0,3.480000000000002
-5.1,45,61.567648,17,final_d15_closed,0,15,closed,0.0,-5.1
2.46,54,61.597384,17,final_d19_open,0,19,open,1.0,2.4599999999999995
-5.1,45,61.622134,17,final_d15_closed,0,15,closed,0.0,-5.1
1.92,48,61.648107,17,final_d17_closed,0,17,closed,0.0,1.9199999999999997
1.41,49,61.675807,17,d19_detour,2,19,closed,0.0,1.409999999999999
-5.1,45,61.699477,17,final_d15_closed,0,15,closed,0.0,-5.1
-5.1,45,61.723608,17,final_d15_closed,0,15,closed,0.0,-5.1
1.92,48,61.74877,17,final_d17_open,0,17,open,1.0,1.9199999999999997
1.92,48,61.776059,17,final_d17_closed,0,17,closed,0.0,1.9199999999999997
1.31,29,61.79259,17,d17_medium,2,17,closed,0.0,1.3099999999999998
2.52,43,61.81588,17,final_d15_open,0,15,open,1.0,2.5199999999999996
-5.1,45,61.840015,17,final_d15_closed,0,15,closed,0.0,-5.1
2.46,54,61.870097,17,final_d19_closed,0,19,closed,0.0,2.4599999999999995
2.46,54,61.899922,17,final_d19_closed,0,19,closed,0.0,2.4599999999999995
2.58,42,61.922528,17,final_d15_open,0,15,open,1.0,2.5799999999999996
4.02,48,61.949703,17,d19_detour,2,19,closed,0.0,4.020000000000003
4.02,48,62.233018,17,d19_detour,2,19,closed,0.0,4.020000000000003
1.92,48,62.25881,17,final_d17_closed,0,17,closed,0.0,1.9199999999999997
2.58,42,62.281834,17,final_d15_open,0,15,open,1.0,2.5799999999999996
2.46,54,62.310582,17,final_d19_closed,0,19,closed,0.0,2.4599999999999995
-5.0,45,62.335466,17,final_d15_closed,0,15,closed,0.0,-5.0
2.46,54,62.364424,17,final_d19_closed,0,19,closed,0.0,2.4599999999999995
2.46,54,62.393537,17,final_d19_closed,0,19,closed,0.0,2.4599999999999995
-0.2,55,62.424182,17,final_d19_open,0,19,open,1.0,-0.20000000000000062
3.48,42,62.448183,17,d17_medium,2,17,closed,0.0,3.480000000000002
1.92,48,62.474269,17,final_d17_closed,0,17,closed,0.0,1.9199999999999997
2.46,54,62.50369,17,final_d19_open,0,19,open,1.0,2.4599999999999995
-4.8,45,62.52744,17,final_d15_closed,0,15,closed,0.5,-4.8
1.92,48,62.553603,17,final_d17_open,0,17,open,1.0,1.9199999999999997
1.92,48,62.581674,17,final_d17_closed,0,17,closed,0.0,1.9199999999999997
4.02,48,62.608391,17,d19_detour,2,19,closed,0.0,4.020000000000003
1.92,48,62.635286,17,final_d17_closed,0,17,closed,0.0,1.9199999999999997
1.92,48,62.660426,17,final_d17_closed,0,17,closed,0.0,1.9199999999999997
1.82,38,62.682064,17,d15_direct,2,15,open,1.0,1.8200000000000007
2.58,42,62.704273,17,final_d15_open,0,15,open,1.0,2.5799999999999996
0.12,43,62.727636,17,final_d15_open,0,15,open,1.0,0.11999999999999966
2.28,52,62.756137,17,final_d19_open,0,19,open,1.0,2.2799999999999994
2.46,54,62.78512,17,final_d19_open,0,19,open,1.0,2.4599999999999995
2.46,54,62.814524,17,final_d19_open,0,19,open,1.0,2.4599999999999995
4.14,36,62.834662,17,d15_direct,2,15,open,1.0,4.140000000000002
1.92,48,62.860101,17,final_d17_closed,0,17,closed,0.0,1.9199999999999997
2.46,54,62.889116,17,final_d19_closed,0,19,closed,0.0,2.4599999999999995
4.02,48,62.91507,17,d19_detour,2,19,closed,0.0,4.020000000000003
1.92,48,62.941034,17,final_d17_closed,0,17,closed,0.0,1.9199999999999997
3.48,42,62.964159,17,d17_medium,2,17,closed,0.0,3.480000000000002
0.15,55,62.993806,17,final_d19_open,0,19,open,1.0,0.14999999999999925
-4.75,45,63.018638,17,final_d15_closed,0,15,closed,0.0,-4.749999999999998
1.92,48,63.046997,17,final_d17_open,0,17,open,1.0,1.9199999999999997
-4.75,45,63.071636,17,final_d15_closed,0,15,closed,0.0,-4.75
3.48,42,63.094877,17,d17_medium,2,17,closed,0.0,3.480000000000002
2.46,54,63.124336,17,final_d19_closed,0,19,closed,0.0,2.4599999999999995
0.37,43,63.147286,17,final_d15_open,0,15,open,1.0,0.36999999999999966
2.46,54,63.175842,17,final_d19_closed,0,19,closed,0.0,2.4599999999999995
2.46,54,63.204065,17,final_d19_open,0,19,open,1.0,2.4599999999999995
4.02,48,63.23117,17,d19_detour,2,19,closed,0.0,4.020000000000003
1.92,48,63.256571,17,final_d17_closed,0,17,closed,0.0,1.9199999999999997
-0.64,14,63.265108,17,d15_direct,2,15,open,1.0,-0.6400000000000001
4.02,48,63.291268,17,d19_detour,2,19,closed,0.0,4.020000000000003
2.4,55,63.320465,17,final_d19_open,0,19,open,1.0,2.3999999999999995
1.92,48,63.576213,17,final_d17_open,0,17,open,1.0,1.9199999999999997
2.58,42,63.598978,17,final_d15_open,0,15,open,1.0,2.5799999999999996
4.02,48,63.625739,17,d19_detour,2,19,closed,0.0,4.020000000000003
3.48,42,63.649278,17,d17_medium,2,17,closed,0.0,3.480000000000002
4.02,48,63.675796,17,d19_detour,2,19,closed,0.0,4.020000000000003
4.14,36,63.696035,17,d15_direct,2,15,open,1.0,4.140000000000002
2.46,54,63.724968,17,final_d19_closed,0,19,closed,0.0,2.4599999999999995
4.02,48,63.751275,17,d19_detour,2,19,closed,0.0,4.020000000000003
3.48,42,63.775306,17,d17_medium,2,17,closed,0.0,3.480000000000002
-5.0,45,63.79967,17,final_d15_closed,0,15,closed,0.0,-5.0
-4.75,45,63.823745,17,final_d15_closed,0,15,closed,0.0,-4.75
4.02,48,63.850198,17,d19_detour,2,19,closed,0.0,4.020000000000003
1.92,48,63.875918,17,final_d17_closed,0,17,closed,0.0,1.9199999999999997
4.14,36,63.896185,17,d15_direct,2,15,open,1.0,4.140000000000002
-0.49,49,63.921802,17,final_d17_closed,0,17,closed,0.0,-0.4899999999999993
3.48,42,63.951432,17,d17_medium,2,17,closed,0.0,3.480000000000002
2.58,42,63.975286,17,final_d15_open,0,15,open,1.0,2.5799999999999996
2.46,54,64.005476,17,final_d19_closed,0,19,closed,0.0,2.4599999999999995
1.31,29,64.022266,17,d17_medium,2,17,closed,0.0,1.3099999999999998
4.14,36,64.04229,17,d15_direct,2,15,open,1.0,4.140000000000002
2.46,54,64.071315,17,final_d19_open,0,19,open,1.0,2.4599999999999995
0.11,49,64.098333,17,final_d17_closed,0,17,closed,0.0,0.10999999999999965
2.58,42,64.12101,17,final_d15_open,0,15,open,1.0,2.5799999999999996
4.02,48,64.147342,17,d19_detour,2,19,closed,0.0,4.020000000000003
-0.2,55,64.176768,17,final_d19_open,0,19,open,1.0,-0.20000000000000107
4.02,48,64.203452,17,d19_detour,2,19,closed,0.0,4.020000000000003
3.48,42,64.22747,17,d17_medium,2,17,closed,0.0,3.480000000000002
-5.0,45,64.252835,17,final_d15_closed,0,15,closed,0.0,-5.0
4.14,36,64.277668,17,d15_direct,2,15,open,1.0,4.140000000000002
4.02,48,64.305386,17,d19_detour,2,19,closed,0.0,4.020000000000003
1.92,48,64.331788,17,final_d17_closed,0,17,closed,0.0,1.9199999999999997
-5.1,45,64.356566,17,final_d15_closed,0,15,closed,0.0,-5.1
3.48,42,64.381373,17,d17_medium,2,17,closed,0.0,3.480000000000002
-4.8,45,64.408999,17,final_d15_closed,0,15,closed,0.0,-4.799999999999998
1.92,48,64.436622,17,final_d17_closed,0,17,closed,0.0,1.9199999999999997
-0.2,55,64.466706,17,final_d19_closed,0,19,closed,0.0,-0.20000000000000107
-4.75,45,64.491561,17,final_d15_closed,0,15,closed,0.0,-4.75
1.92,48,64.518873,17,final_d17_open,0,17,open,1.0,1.9199999999999997
2.46,54,64.549113,17,final_d19_closed,0,19,closed,0.0,2.4599999999999995
4.14,36,64.569828,17,d15_direct,2,15,open,1.0,4.140000000000002
2.58,42,64.592189,17,final_d15_open,0,15,open,1.0,2.5799999999999996
-5.0,45,64.617851,17,final_d15_closed,0,15,closed,0.0,-5.0
3.48,42,64.642381,17,d17_medium,2,17,closed,0.0,3.480000000000002
1.92,48,64.670811,17,final_d17_closed,0,17,closed,0.0,1.9199999999999997
2.58,42,64.693851,17,final_d15_open,0,15,open,1.0,2.5799999999999996
1.92,48,64.720315,17,final_d17_open,0,17,open,1.0,1.9199999999999997
3.48,42,64.973968,17,d17_medium,2,17,closed,0.0,3.480000000000002
2.46,54,65.005071,17,final_d19_open,0,19,open,1.0,2.4599999999999995
3.48,42,65.029426,17,d17_medium,2,17,closed,0.0,3.480000000000002
2.46,54,65.059284,17,final_d19_open,0,19,open,1.0,2.4599999999999995
4.02,48,65.086912,17,d19_detour,2,19,closed,0.0,4.020000000000003
4.02,48,65.115729,17,d19_detour,2,19,closed,0.0,4.020000000000003
-0.49,49,65.143132,17,final_d17_open,0,17,open,1.0,-0.49000000000000044
4.14,36,65.175838,17,d15_direct,2,15,open,1.0,4.140000000000002
1.92,48,65.203662,17,final_d17_open,0,17,open,1.0,1.9199999999999997
1.92,48,65.230035,17,final_d17_open,0,17,open,1.0,1.9199999999999997
0.12,43,65.25264,17,final_d15_open,0,15,open,1.0,0.11999999999999922
4.08,37,65.273154,17,d15_direct,2,15,open,1.0,4.080000000000002
2.46,54,65.301983,17,final_d19_closed,0,19,closed,0.0,2.4599999999999995
4.14,36,65.323532,17,d15_direct,2,15,open,1.0,4.140000000000002
4.14,36,65.344968,17,d15_direct,2,15,open,1.0,4.140000000000002
-5.0,45,65.370249,17,final_d15_closed,0,15,closed,0.0,-5.0
2.58,42,65.394039,17,final_d15_open,0,15,open,1.0,2.5799999999999996
4.14,36,65.414674,17,d15_direct,2,15,open,1.0,4.140000000000002
1.92,48,65.441648,17,final_d17_closed,0,17,closed,0.0,1.9199999999999997
2.26,54,65.470088,17,final_d19_open,0,19,open,1.0,2.26
4.14,36,65.490243,17,d15_direct,2,15,open,1.0,4.140000000000002
2.58,42,65.512647,17,final_d15_open,0,15,open,1.0,2.5799999999999996
2.46,54,65.54142,17,final_d19_open,0,19,open,1.0,2.4599999999999995
-4.75,45,65.565546,17,final_d15_closed,0,15,closed,0.0,-4.75
1.92,48,65.591749,17,final_d17_open,0,17,open,1.0,1.9199999999999997
1.92,48,65.618274,17,final_d17_closed,0,17,closed,0.0,1.9199999999999997
2.58,42,65.640676,17,final_d15_open,0,15,open,1.0,2.5799999999999996
-0.49,49,65.666458,17,final_d17_closed,0,17,closed,0.0,-0.49000000000000044
3.48,42,65.689332,17,d17_medium,2,17,closed,0.0,3.480000000000002
1.67,33,65.708838,17,d19_detour,2,19,closed,0.0,1.6699999999999997
2.58,42,65.731668,17,final_d15_open,0,15,open,1.0,2.5799999999999996
1.92,48,65.75693,17,final_d17_closed,0,17,closed,0.0,1.9199999999999997
1.92,48,65.782458,17,final_d17_open,0,17,open,1.0,1.9199999999999997
2.46,54,65.81038,17,final_d19_open,0,19,open,1.0,2.4599999999999995
1.92,48,65.835434,17,final_d17_closed,0,17,closed,0.0,1.9199999999999997
4.02,48,65.862766,17,d19_detour,2,19,closed,0.0,4.020000000000003
2.46,54,65.891224,17,final_d19_open,0,19,open,1.0,2.4599999999999995
2.46,54,65.920525,17,final_d19_open,0,19,open,1.0,2.4599999999999995
1.92,48,65.946765,17,final_d17_open,0,17,open,1.0,1.9199999999999997
4.02,48,65.973147,17,d19_detour,2,19,closed,0.0,4.020000000000003
1.92,48,65.998569,17,final_d17_open,0,17,open,1.0,1.9199999999999997
1.92,48,66.02468,17,final_d17_closed,0,17,closed,0.0,1.9199999999999997
-5.1,45,66.0501,17,final_d15_closed,0,15,closed,0.0,-5.1
-0.25,55,66.080257,17,final_d19_open,0,19,open,1.0,-0.25000000000000044
2.58,42,66.345805,17,final_d15_open,0,15,open,1.0,2.5799999999999996
-5.1,45,66.371276,17,final_d15_closed,0,15,closed,0.0,-5.1
-5.1,45,66.397463,17,final_d15_closed,0,15,closed,0.0,-5.1
2.46,54,66.432584,17,final_d19_open,0,19,open,1.0,2.4599999999999995
0.1,55,66.462994,17,final_d19_open,0,19,open,1.0,0.0999999999999992
-4.75,45,66.488216,17,final_d15_closed,0,15,closed,0.0,-4.75
4.14,36,66.508647,17,d15_direct,2,15,open,1.0,4.140000000000002
1.92,48,66.535092,17,final_d17_closed,0,17,closed,0.0,1.9199999999999997
1.92,48,66.561257,17,final_d17_open,0,17,open,1.0,1.9199999999999997
2.46,54,66.59075,17,final_d19_closed,0,19,closed,0.0,2.4599999999999995
4.14,36,66.61234,17,d15_direct,2,15,open,1.0,4.140000000000002
2.4,55,66.642249,17,final_d19_closed,0,19,closed,0.0,2.3999999999999995
2.58,42,66.665545,17,final_d15_open,0,15,open,1.0,2.5799999999999996
2.46,54,66.694818,17,final_d19_open,0,19,open,1.0,2.4599999999999995
2.46,54,66.725682,17,final_d19_closed,0,19,closed,0.0,2.4599999999999995
4.02,48,66.753172,17,d19_detour,2,19,closed,0.0,4.020000000000003
-5.1,45,66.778298,17,final_d15_closed,0,15,closed,0.0,-5.1
3.48,42,66.802951,17,d17_medium,2,17,closed,0.0,3.480000000000002
2.46,54,66.832526,17,final_d19_closed,0,19,closed,0.0,2.4599999999999995
-5.1,45,66.856701,17,final_d15_closed,0,15,closed,0.0,-5.1
2.46,54,66.886269,17,final_d19_closed,0,19,closed,0.0,2.4599999999999995
1.92,48,66.912015,17,final_d17_closed,0,17,closed,0.0,1.9199999999999997
1.92,48,66.937753,17,final_d17_closed,0,17,closed,0.0,1.9199999999999997
1.92,48,66.964195,17,final_d17_closed,0,17,closed,0.0,1.9199999999999997
3.48,42,66.987717,17,d17_medium,2,17,closed,0.0,3.480000000000002
1.31,29,67.005471,17,d17_medium,2,17,closed,0.0,1.3099999999999998
4.14,36,67.026222,17,d15_direct,2,15,open,1.0,4.140000000000002
3.42,43,67.053226,17,d17_medium,2,17,closed,0.0,3.4200000000000026
2.46,54,67.094851,17,final_d19_open,0,19,open,1.0,2.4599999999999995
4.14,36,67.11566,17,d15_direct,2,15,open,1.0,4.140000000000002
2.58,42,67.137565,17,final_d15_open,0,15,open,1.0,2.5799999999999996
1.92,48,67.163002,17,final_d17_open,0,17,open,1.0,1.9199999999999997
2.46,54,67.19114,17,final_d19_closed,0,19,closed,0.0,2.4599999999999995
2.46,54,67.218991,17,final_d19_closed,0,19,closed,0.0,2.4599999999999995
2.46,54,67.247397,17,final_d19_closed,0,19,closed,0.0,2.4599999999999995
2.46,54,67.27617,17,final_d19_open,0,19,open,1.0,2.4599999999999995
4.02,48,67.303032,17,d19_detour,2,19,closed,0.0,4.020000000000003
4.14,36,67.323064,17,d15_direct,2,15,open,1.0,4.140000000000002
2.46,54,67.351958,17,final_d19_open,0,19,open,1.0,2.4599999999999995
-5.1,45,67.37652,17,final_d15_closed,0,15,closed,0.0,-5.1
1.92,48,67.401825,17,final_d17_closed,0,17,closed,0.0,1.9199999999999997
2.46,54,67.430037,17,final_d19_open,0,19,open,1.0,2.4599999999999995
3.48,42,67.453163,17,d17_medium,2,17,closed,0.0,3.480000000000002
1.92,48,67.478466,17,final_d17_closed,0,17,closed,0.0,1.9199999999999997
4.02,48,67.7358,17,d19_detour,2,19,closed,0.0,4.020000000000003
2.46,54,67.764969,17,final_d19_closed,0,19,closed,0.0,2.4599999999999995
-5.1,45,67.789513,17,final_d15_closed,0,15,closed,0.0,-5.1
2.46,54,67.818436,17,final_d19_open,0,19,open,1.0,2.4599999999999995
1.92,48,67.844366,17,final_d17_open,0,17,open,1.0,1.9199999999999997
4.02,48,67.870972,17,d19_detour,2,19,closed,0.0,4.020000000000003
2.15,35,67.890755,17,d19_detour,2,19,closed,0.0,2.1500000000000004
3.48,42,67.914403,17,d17_medium,2,17,closed,0.0,3.480000000000002
1.92,48,67.940385,17,final_d17_closed,0,17,closed,0.0,1.9199999999999997
2.46,54,67.969285,17,final_d19_closed,0,19,closed,0.0,2.4599999999999995
2.46,54,67.998986,17,final_d19_closed,0,19,closed,0.0,2.4599999999999995
3.48,42,68.023041,17,d17_medium,2,17,closed,0.0,3.480000000000002
2.46,54,68.05243,17,final_d19_open,0,19,open,1.0,2.4599999999999995
1.92,48,68.078345,17,final_d17_closed,0,17,closed,0.0,1.9199999999999997
3.48,42,68.101923,17,d17_medium,2,17,closed,0.0,3.480000000000002
2.46,54,68.130901,17,final_d19_closed,0,19,closed,0.0,2.4599999999999995
2.4,55,68.160473,17,final_d19_open,0,19,open,1.0,2.3999999999999995
-4.8,45,68.184984,17,final_d15_closed,0,15,closed,0.0,-4.799999999999999
2.46,54,68.214077,17,final_d19_closed,0,19,closed,0.0,2.4599999999999995
2.26,54,68.242972,17,final_d19_closed,0,19,closed,0.0,2.26
1.92,48,68.268823,17,final_d17_closed,0,17,closed,0.0,1.9199999999999997
1.92,48,68.294932,17,final_d17_closed,0,17,closed,0.0,1.9199999999999997
4.14,36,68.315405,17,d15_direct,2,15,open,1.0,4.140000000000002
1.92,48,68.341946,17,final_d17_open,0,17,open,1.0,1.9199999999999997
1.92,48,68.367948,17,final_d17_closed,0,17,closed,0.0,1.9199999999999997
3.48,42,68.391665,17,d17_medium,2,17,closed,0.0,3.480000000000002
2.46,54,68.421268,17,final_d19_open,0,19,open,1.0,2.4599999999999995
4.14,36,68.441773,17,d15_direct,2,15,open,1.0,4.140000000000002
3.48,42,68.465683,17,d17_medium,2,17,closed,0.0,3.480000000000002
1.92,48,68.492572,17,final_d17_closed,0,17,closed,0.0,1.9199999999999997
4.02,48,68.519183,17,d19_detour,2,19,closed,0.0,4.020000000000003
2.58,42,68.542105,17,final_d15_open,0,15,open,1.0,2.5799999999999996
2.26,54,68.571362,17,final_d19_closed,0,19,closed,0.0,2.26
0.1,55,68.600484,17,final_d19_closed,0,19,closed,0.0,0.09999999999999942
2.58,42,68.6232,17,final_d15_open,0,15,open,1.0,2.5799999999999996
-5.1,45,68.648276,17,final_d15_closed,0,15,closed,0.0,-5.1
4.14,36,68.668578,17,d15_direct,2,15,open,1.0,4.140000000000002
4.14,36,68.689061,17,d15_direct,2,15,open,1.0,4.140000000000002
4.02,48,68.715749,17,d19_detour,2,19,closed,0.0,4.020000000000003
2.4,55,68.745446,17,final_d19_open,0,19,open,1.0,2.3999999999999995
1.92,48,68.771387,17,final_d17_closed,0,17,closed,0.0,1.9199999999999997
2.46,54,68.800589,17,final_d19_open,0,19,open,1.0,2.4599999999999995
2.46,54,68.829677,17,final_d19_closed,0,19,closed,0.0,2.4599999999999995
-5.0,45,69.078221,17,final_d15_closed,0,15,closed,0.0,-5.0
4.02,48,69.105507,17,d19_detour,2,19,closed,0.0,4.020000000000003
2.08,52,69.133731,17,final_d19_closed,0,19,closed,0.0,2.0799999999999996
3.48,42,69.158358,17,d17_medium,2,17,closed,0.0,3.480000000000002
1.92,48,69.189003,17,final_d17_closed,0,17,closed,0.0,1.9199999999999997
2.28,52,69.219872,17,final_d19_open,0,19,open,1.0,2.2799999999999994
2.46,54,69.2493,17,final_d19_closed,0,19,closed,0.0,2.4599999999999995
2.46,54,69.278027,17,final_d19_open,0,19,open,1.0,2.4599999999999995
0.12,43,69.302412,17,final_d15_open,0,15,open,1.0,0.11999999999999966
2.58,42,69.325219,17,final_d15_open,0,15,open,1.0,2.5799999999999996
4.14,36,69.346362,17,d15_direct,2,15,open,1.0,4.140000000000002
2.58,42,69.370679,17,final_d15_open,0,15,open,1.0,2.5799999999999996
-0.38,53,69.398582,17,final_d19_open,0,19,open,1.0,-0.380000000000001
4.02,48,69.425217,17,d19_detour,2,19,closed,0.0,4.020000000000003
-5.1,45,69.44962,17,final_d15_closed,0,15,closed,0.0,-5.1
4.14,36,69.470083,17,d15_direct,2,15,open,1.0,4.140000000000002
1.92,48,69.495108,17,final_d17_open,0,17,open,1.0,1.9199999999999997
4.14,36,69.515753,17,d15_direct,2,15,open,1.0,4.140000000000002
3.48,42,69.539163,17,d17_medium,2,17,closed,0.0,3.480000000000002
2.46,54,69.567698,17,final_d19_closed,0,19,closed,0.0,2.4599999999999995
2.46,54,69.596751,17,final_d19_closed,0,19,closed,0.0,2.4599999999999995
2.14,46,69.622698,17,final_d17_open,0,17,open,1.0,2.1399999999999997
3.48,42,69.645859,17,d17_medium,2,17,closed,0.0,3.480000000000002
1.92,48,69.670765,17,final_d17_open,0,17,open,1.0,1.9199999999999997
2.58,42,69.692667,17,final_d15_open,0,15,open,1.0,2.5799999999999996
4.14,36,69.712338,17,d15_direct,2,15,open,1.0,4.140000000000002
4.14,36,69.732466,17,d15_direct,2,15,open,1.0,4.140000000000002
2.46,54,69.760172,17,final_d19_open,0,19,open,1.0,2.4599999999999995
4.14,36,69.781353,17,d15_direct,2,15,open,1.0,4.140000000000002
2.28,52,69.808667,17,final_d19_open,0,19,open,1.0,2.2799999999999994
1.92,48,69.833756,17,final_d17_open,0,17,open,1.0,1.9199999999999997
1.92,48,69.860199,17,final_d17_closed,0,17,closed,0.0,1.9199999999999997
-0.23,53,69.888311,17,final_d19_open,0,19,open,1.0,-0.23000000000000087
4.02,48,69.915145,17,d19_detour,2,19,closed,0.0,4.020000000000003
-5.1,45,69.940341,17,final_d15_closed,0,15,closed,0.0,-5.1
2.46,54,69.969874,17,final_d19_closed,0,19,closed,0.0,2.4599999999999995
1.92,48,70.000869,17,final_d17_closed,0,17,closed,0.0,1.9199999999999997
1.92,48,70.027387,17,final_d17_open,0,17,open,1.0,1.9199999999999997
3.48,42,70.050926,17,d17_medium,2,17,closed,0.0,3.480000000000002
1.92,48,70.07726,17,final_d17_closed,0,17,closed,0.0,1.9199999999999997
-0.24,49,70.103628,17,final_d17_closed,0,17,closed,0.0,-0.24000000000000044
2.58,42,70.126567,17,final_d15_open,0,15,open,1.0,2.5799999999999996
3.48,42,70.149753,17,d17_medium,2,17,closed,0.0,3.480000000000002
-5.0,45,70.173084,17,final_d15_closed,0,15,closed,0.0,-5.0
2.58,42,70.425389,17,final_d15_open,0,15,open,1.0,2.5799999999999996
4.02,48,70.452438,17,d19_detour,2,19,closed,0.0,4.020000000000003
2.4,55,70.481989,17,final_d19_open,0,19,open,1.0,2.3999999999999995
2.58,42,70.505948,17,final_d15_open,0,15,open,1.0,2.5799999999999996
-0.14,49,70.532616,17,final_d17_closed,0,17,closed,0.0,-0.14000000000000035
-0.24,49,70.559222,17,final_d17_open,0,17,open,1.0,-0.24000000000000044
-0.25,55,70.589247,17,final_d19_open,0,19,open,1.0,-0.24999999999999933
2.58,42,70.61217,17,final_d15_open,0,15,open,1.0,2.5799999999999996
2.46,54,70.641225,17,final_d19_open,0,19,open,1.0,2.4599999999999995
2.46,54,70.670451,17,final_d19_closed,0,19,closed,0.0,2.4599999999999995
2.4,55,70.70153,17,final_d19_open,0,19,open,1.0,2.3999999999999995
-5.1,45,70.725563,17,final_d15_closed,0,15,closed,0.0,-5.1
4.14,36,70.745811,17,d15_direct,2,15,open,1.0,4.140000000000002
2.46,54,70.774786,17,final_d19_open,0,19,open,1.0,2.4599999999999995
3.48,42,70.798926,17,d17_medium,2,17,closed,0.0,3.480000000000002
1.92,48,70.824091,17,final_d17_closed,0,17,closed,0.0,1.9199999999999997
-5.1,45,70.84767,17,final_d15_closed,0,15,closed,0.0,-5.1
3.96,49,70.874025,17,d19_detour,2,19,closed,0.0,3.9600000000000026
-5.1,45,70.897744,17,final_d15_closed,0,15,closed,0.0,-5.1
4.14,36,70.917507,17,d15_direct,2,15,open,1.0,4.140000000000002
1.92,48,70.942641,17,final_d17_closed,0,17,closed,0.0,1.9199999999999997
-5.0,45,70.965918,17,final_d15_closed,0,15,closed,0.0,-5.0
1.92,48,70.99126,17,final_d17_open,0,17,open,1.0,1.9199999999999997
4.02,48,71.017089,17,d19_detour,2,19,closed,0.0,4.020000000000003
1.92,48,71.042624,17,final_d17_closed,0,17,closed,0.0,1.9199999999999997
2.46,54,71.071401,17,final_d19_open,0,19,open,1.0,2.4599999999999995
-5.0,45,71.095423,17,final_d15_closed,0,15,closed,0.0,-5.0
2.58,42,71.11797,17,final_d15_open,0,15,open,1.0,2.5799999999999996
4.02,48,71.144565,17,d19_detour,2,19,closed,0.0,4.020000000000003
1.92,48,71.170537,17,final_d17_closed,0,17,closed,0.0,1.9199999999999997
-5.1,45,71.208188,17,final_d15_closed,0,15,closed,0.0,-5.1
1.92,48,71.235501,17,final_d17_closed,0,17,closed,0.0,1.9199999999999997
1.92,48,71.260565,17,final_d17_open,0,17,open,1.0,1.9199999999999997
-0.24,49,71.285844,17,final_d17_open,0,17,open,1.0,-0.24000000000000044
1.92,48,71.311263,17,final_d17_closed,0,17,closed,0.0,1.9199999999999997
1.92,48,71.336083,17,final_d17_open,0,17,open,1.0,1.9199999999999997
1.86,49,71.361783,17,final_d17_closed,0,17,closed,0.0,1.8599999999999997
2.46,54,71.390312,17,final_d19_closed,0,19,closed,0.0,2.4599999999999995
3.48,42,71.413838,17,d17_medium,2,17,closed,0.0,3.480000000000002
2.26,54,71.442097,17,final_d19_closed,0,19,closed,0.0,2.26
2.58,42,71.465079,17,final_d15_open,0,15,open,1.0,2.5799999999999996
1.92,48,71.490411,17,final_d17_closed,0,17,closed,0.0,1.9199999999999997
2.26,54,71.519253,17,final_d19_open,0,19,open,1.0,2.26
4.02,48,71.779404,17,d19_detour,2,19,closed,0.0,4.020000000000003
2.46,54,71.808352,17,final_d19_open,0,19,open,1.0,2.4599999999999995
4.02,48,71.835194,17,d19_detour,2,19,closed,0.0,4.020000000000003
4.14,36,71.855711,17,d15_direct,2,15,open,1.0,4.140000000000002
2.26,54,71.884677,17,final_d19_open,0,19,open,1.0,2.26
4.14,36,71.905166,17,d15_direct,2,15,open,1.0,4.140000000000002
-0.25,55,71.93456,17,final_d19_open,0,19,open,1.0,-0.2500000000000011
2.46,54,71.963665,17,final_d19_closed,0,19,closed,0.0,2.4599999999999995
1.92,48,71.989695,17,final_d17_open,0,17,open,1.0,1.9199999999999997
2.46,54,72.019273,17,final_d19_closed,0,19,closed,0.0,2.4599999999999995
2.46,54,72.049622,17,final_d19_closed,0,19,closed,0.0,2.4599999999999995
2.46,54,72.079174,17,final_d19_closed,0,19,closed,0.0,2.4599999999999995
3.48,42,72.102687,17,d17_medium,2,17,closed,0.0,3.480000000000002
-5.1,45,72.12717,17,final_d15_closed,0,15,closed,0.0,-5.1
2.58,42,72.14997,17,final_d15_open,0,15,open,1.0,2.5799999999999996
3.48,42,72.173975,17,d17_medium,2,17,closed,0.0,3.480000000000002
4.14,36,72.194216,17,d15_direct,2,15,open,1.0,4.140000000000002
2.58,42,72.216842,17,final_d15_open,0,15,open,1.0,2.5799999999999996
2.4,55,72.245621,17,final_d19_open,0,19,open,1.0,2.3999999999999995
2.46,54,72.274008,17,final_d19_closed,0,19,closed,0.0,2.4599999999999995
2.58,42,72.296285,17,final_d15_open,0,15,open,1.0,2.5799999999999996
2.14,46,72.320585,17,final_d17_open,0,17,open,1.0,2.1399999999999997
2.46,54,72.348945,17,final_d19_open,0,19,open,1.0,2.4599999999999995
4.02,48,72.375577,17,d19_detour,2,19,closed,0.0,4.020000000000003
1.92,48,72.401081,17,final_d17_closed,0,17,closed,0.0,1.9199999999999997
1.86,49,72.427053,17,final_d17_closed,0,17,closed,0.0,1.8599999999999997
1.92,48,72.452337,17,final_d17_closed,0,17,closed,0.0,1.9199999999999997
4.02,48,72.478595,17,d19_detour,2,19,closed,0.0,4.020000000000003
2.58,42,72.500964,17,final_d15_open,0,15,open,1.0,2.5799999999999996
3.48,42,72.52399,17,d17_medium,2,17,closed,0.0,3.480000000000002
1.92,48,72.549343,17,final_d17_open,0,17,open,1.0,1.9199999999999997
1.92,48,72.574776,17,final_d17_open,0,17,open,1.0,1.9199999999999997
1.92,48,72.601602,17,final_d17_closed,0,17,closed,0.0,1.9199999999999997
-4.8,45,72.62556,17,final_d15_closed,0,15,closed,0.0,-4.799999999999999
4.14,36,72.645993,17,d15_direct,2,15,open,1.0,4.140000000000002
2.58,42,72.669423,17,final_d15_open,0,15,open,1.0,2.5799999999999996
2.46,54,72.700151,17,final_d19_closed,0,19,closed,0.0,2.4599999999999995
1.92,48,72.725321,17,final_d17_open,0,17,open,1.0,1.9199999999999997
-0.54,49,72.752683,17,final_d17_closed,0,17,closed,0.0,-0.5400000000000003
3.48,42,72.776451,17,d17_medium,2,17,closed,0.0,3.480000000000002
2.14,46,72.802096,17,final_d17_open,0,17,open,1.0,2.1399999999999997
1.92,48,72.828251,17,final_d17_closed,0,17,closed,0.0,1.9199999999999997
2.46,54,72.857443,17,final_d19_closed,0,19,closed,0.0,2.4599999999999995
3.48,42,72.881217,17,d17_medium,2,17,closed,0.0,3.480000000000002
2.46,54,73.137144,17,final_d19_open,0,19,open,1.0,2.4599999999999995
2.58,42,73.159479,17,final_d15_open,0,15,open,1.0,2.5799999999999996
4.02,48,73.185665,17,d19_detour,2,19,closed,0.0,4.020000000000003
1.92,48,73.211035,17,final_d17_open,0,17,open,1.0,1.9199999999999997
1.92,48,73.237652,17,final_d17_closed,0,17,closed,0.0,1.9199999999999997
2.4,55,73.267512,17,final_d19_closed,0,19,closed,0.0,2.3999999999999995
-5.1,45,73.291528,17,final_d15_closed,0,15,closed,0.0,-5.1
1.92,48,73.317479,17,final_d17_open,0,17,open,1.0,1.9199999999999997
1.92,48,73.343453,17,final_d17_closed,0,17,closed,0.0,1.9199999999999997
2.58,42,73.366019,17,final_d15_open,0,15,open,1.0,2.5799999999999996
-5.1,45,73.390927,17,final_d15_closed,0,15,closed,0.0,-5.1
1.92,48,73.41644,17,final_d17_closed,0,17,closed,0.0,1.9199999999999997
1.92,48,73.441966,17,final_d17_open,0,17,open,1.0,1.9199999999999997
1.92,48,73.468709,17,final_d17_closed,0,17,closed,0.0,1.9199999999999997
4.14,36,73.488635,17,d15_direct,2,15,open,1.0,4.140000000000002
1.92,48,73.51441,17,final_d17_open,0,17,open,1.0,1.9199999999999997
2.46,54,73.545494,17,final_d19_closed,0,19,closed,0.0,2.4599999999999995
2.46,54,73.574294,17,final_d19_open,0,19,open,1.0,2.4599999999999995
2.46,54,73.604073,17,final_d19_open,0,19,open,1.0,2.4599999999999995
1.92,48,73.631339,17,final_d17_closed,0,17,closed,0.0,1.9199999999999997
-4.75,45,73.656626,17,final_d15_closed,0,15,closed,0.0,-4.75
2.46,54,73.68617,17,final_d19_open,0,19,open,1.0,2.4599999999999995
4.14,36,73.706171,17,d15_direct,2,15,open,1.0,4.140000000000002
-5.0,45,73.729894,17,final_d15_closed,0,15,closed,0.0,-5.0
3.48,42,73.752839,17,d17_medium,2,17,closed,0.0,3.480000000000002
2.58,42,73.775111,17,final_d15_open,0,15,open,1.0,2.5799999999999996
4.14,36,73.794863,17,d15_direct,2,15,open,1.0,4.140000000000002
-5.0,45,73.818168,17,final_d15_closed,0,15,closed,0.0,-5.0
3.48,42,73.840767,17,d17_medium,2,17,closed,0.0,3.480000000000002
4.02,48,73.868075,17,d19_detour,2,19,closed,0.0,4.020000000000003
3.48,42,73.898571,17,d17_medium,2,17,closed,0.0,3.480000000000002
1.92,48,73.930615,17,final_d17_closed,0,17,closed,0.0,1.9199999999999997
3.48,42,73.954431,17,d17_medium,2,17,closed,0.0,3.480000000000002
2.46,54,73.982849,17,final_d19_closed,0,19,closed,0.0,2.4599999999999995
-5.0,45,74.006613,17,final_d15_closed,0,15,closed,0.0,-5.0
-5.1,45,74.032996,17,final_d15_closed,0,15,closed,0.0,-5.1
2.58,42,74.055009,17,final_d15_open,0,15,open,1.0,2.5799999999999996
2.46,54,74.083672,17,final_d19_closed,0,19,closed,0.0,2.4599999999999995
2.58,42,74.105444,17,final_d15_open,0,15,open,1.0,2.5799999999999996
1.92,48,74.130093,17,final_d17_open,0,17,open,1.0,1.9199999999999997
1.92,48,74.155378,17,final_d17_closed,0,17,closed,0.0,1.9199999999999997
1.92,48,74.181418,17,final_d17_closed,0,17,closed,0.0,1.9199999999999997
2.58,42,74.203442,17,final_d15_open,0,15,open,1.0,2.5799999999999996
1.92,48,74.229418,17,final_d17_closed,0,17,closed,0.0,1.9199999999999997
2.46,54,74.505781,17,final_d19_closed,0,19,closed,0.0,2.4599999999999995
2.58,42,74.528379,17,final_d15_open,0,15,open,1.0,2.5799999999999996
2.58,42,74.550994,17,final_d15_open,0,15,open,1.0,2.5799999999999996
2.46,54,74.582136,17,final_d19_open,0,19,open,1.0,2.4599999999999995
1.86,49,74.608766,17,final_d17_closed,0,17,closed,0.0,1.8599999999999997
2.46,54,74.637672,17,final_d19_open,0,19,open,1.0,2.4599999999999995
-5.1,45,74.661626,17,final_d15_closed,0,15,closed,0.0,-5.1
2.46,54,74.691421,17,final_d19_open,0,19,open,1.0,2.4599999999999995
2.4,55,74.720034,17,final_d19_open,0,19,open,1.0,2.3999999999999995
2.46,54,74.749184,17,final_d19_open,0,19,open,1.0,2.4599999999999995
-5.1,45,74.773494,17,final_d15_closed,0,15,closed,0.0,-5.1
1.92,48,74.79966,17,final_d17_closed,0,17,closed,0.0,1.9199999999999997
1.92,48,74.825396,17,final_d17_closed,0,17,closed,0.0,1.9199999999999997
3.48,42,74.848629,17,d17_medium,2,17,closed,0.0,3.480000000000002
2.46,54,74.877421,17,final_d19_open,0,19,open,1.0,2.4599999999999995
2.52,43,74.900681,17,final_d15_open,0,15,open,1.0,2.5199999999999996
1.92,48,74.926211,17,final_d17_closed,0,17,closed,0.0,1.9199999999999997
2.46,54,74.955446,17,final_d19_closed,0,19,closed,0.0,2.4599999999999995
2.46,54,74.984526,17,final_d19_closed,0,19,closed,0.0,2.4599999999999995
2.46,54,75.01328,17,final_d19_open,0,19,open,1.0,2.4599999999999995
2.46,54,75.043526,17,final_d19_closed,0,19,closed,0.0,2.4599999999999995
-5.1,45,75.068556,17,final_d15_closed,0,15,closed,0.0,-5.1
2.46,54,75.09727,17,final_d19_open,0,19,open,1.0,2.4599999999999995
2.46,54,75.125645,17,final_d19_open,0,19,open,1.0,2.4599999999999995
4.14,36,75.146742,17,d15_direct,2,15,open,1.0,4.140000000000002
2.58,42,75.169259,17,final_d15_open,0,15,open,1.0,2.5799999999999996
1.92,48,75.194911,17,final_d17_closed,0,17,closed,0.0,1.9199999999999997
-5.1,45,75.219008,17,final_d15_closed,0,15,closed,0.0,-5.1
-5.1,45,75.249758,17,final_d15_closed,0,15,closed,0.0,-5.1
2.46,54,75.281605,17,final_d19_open,0,19,open,1.0,2.4599999999999995
2.46,54,75.310733,17,final_d19_closed,0,19,closed,0.0,2.4599999999999995
2.58,42,75.333432,17,final_d15_open,0,15,open,1.0,2.5799999999999996
2.46,54,75.362702,17,final_d19_closed,0,19,closed,0.0,2.4599999999999995
4.14,36,75.388113,17,d15_direct,2,15,open,1.0,4.140000000000002
3.48,42,75.413804,17,d17_medium,2,17,closed,0.0,3.480000000000002
0.1,55,75.444497,17,final_d19_closed,0,19,closed,0.0,0.09999999999999964
4.02,48,75.471177,17,d19_detour,2,19,closed,0.0,4.020000000000003
-5.1,45,75.495992,17,final_d15_closed,0,15,closed,0.0,-5.1
2.46,54,75.526011,17,final_d19_open,0,19,open,1.0,2.4599999999999995
-5.1,45,75.550842,17,final_d15_closed,0,15,closed,0.0,-5.1
2.08,47,75.576696,17,final_d17_open,0,17,open,1.0,2.0799999999999996
1.92,48,75.60194,17,final_d17_closed,0,17,closed,0.0,1.9199999999999997
-5.0,45,75.839991,17,final_d15_closed,0,15,closed,0.0,-5.0
1.92,48,75.866953,17,final_d17_closed,0,17,closed,0.0,1.9199999999999997
2.28,52,75.89485,17,final_d19_open,0,19,open,1.0,2.2799999999999994
1.31,29,75.911807,17,d17_medium,2,17,closed,0.0,1.3099999999999998
2.26,54,75.940879,17,final_d19_closed,0,19,closed,0.0,2.26
1.92,48,75.966714,17,final_d17_closed,0,17,closed,0.0,1.9199999999999997
2.58,42,75.989421,17,final_d15_open,0,15,open,1.0,2.5799999999999996
2.46,54,76.018885,17,final_d19_closed,0,19,closed,0.0,2.4599999999999995
3.48,42,76.042483,17,d17_medium,2,17,closed,0.0,3.480000000000002
2.28,52,76.071041,17,final_d19_open,0,19,open,1.0,2.2799999999999994
3.48,42,76.094609,17,d17_medium,2,17,closed,0.0,3.480000000000002
1.92,48,76.121341,17,final_d17_closed,0,17,closed,0.0,1.9199999999999997
1.92,48,76.147837,17,final_d17_open,0,17,open,1.0,1.9199999999999997
2.1,50,76.17595,17,final_d19_open,0,19,open,1.0,2.0999999999999996
1.92,48,76.202933,17,final_d17_closed,0,17,closed,0.0,1.9199999999999997
2.46,54,76.233545,17,final_d19_closed,0,19,closed,0.0,2.4599999999999995
1.92,48,76.260415,17,final_d17_open,0,17,open,1.0,1.9199999999999997
1.88,52,76.291333,17,final_d19_open,0,19,open,1.0,1.8799999999999997
-0.2,20,76.30354,17,d19_detour,2,19,closed,0.0,-0.20000000000000018
2.58,42,76.326272,17,final_d15_open,0,15,open,1.0,2.5799999999999996
1.92,48,76.351881,17,final_d17_closed,0,17,closed,0.0,1.9199999999999997
-5.1,45,76.376888,17,final_d15_closed,0,15,closed,0.0,-5.1
-0.56,26,76.391802,17,d15_direct,2,15,open,1.0,-0.5600000000000005
2.46,54,76.421021,17,final_d19_open,0,19,open,1.0,2.4599999999999995
2.46,54,76.449522,17,final_d19_closed,0,19,closed,0.0,2.4599999999999995
3.48,42,76.473042,17,d17_medium,2,17,closed,0.0,3.480000000000002
2.58,42,76.495583,17,final_d15_open,0,15,open,1.0,2.5799999999999996
2.46,54,76.524217,17,final_d19_open,0,19,open,1.0,2.4599999999999995
-3.03,3,76.52699,17,d19_detour,2,19,closed,0.5,-3.0300000000000002
1.92,48,76.552592,17,final_d17_open,0,17,open,1.0,1.9199999999999997
4.14,36,76.573553,17,d15_direct,2,15,open,1.0,4.140000000000002
1.92,48,76.60025,17,final_d17_open,0,17,open,1.0,1.9199999999999997
4.14,36,76.620546,17,d15_direct,2,15,open,1.0,4.140000000000002
4.02,48,76.64806,17,d19_detour,2,19,closed,0.0,4.020000000000003
2.58,42,76.671099,17,final_d15_open,0,15,open,1.0,2.5799999999999996
4.14,36,76.691474,17,d15_direct,2,15,open,1.0,4.140000000000002
1.86,54,76.721004,17,final_d19_closed,0,19,closed,0.0,1.8599999999999997
1.92,48,76.746867,17,final_d17_closed,0,17,closed,0.0,1.9199999999999997
-3.03,3,76.749679,17,d19_detour,2,19,closed,0.5,-3.0300000000000002
-5.0,45,76.774506,17,final_d15_closed,0,15,closed,0.0,-5.0
-0.2,55,76.803636,17,final_d19_open,0,19,open,1.0,-0.20000000000000107
-4.8,45,76.829122,17,final_d15_closed,0,15,closed,0.0,-4.799999999999999
-4.8,45,76.853066,17,final_d15_closed,0,15,closed,0.0,-4.799999999999998
1.67,33,76.871253,17,d19_detour,2,19,closed,0.0,1.6699999999999997
2.58,42,76.893295,17,final_d15_open,0,15,open,1.0,2.5799999999999996
-4.7,45,76.917505,17,final_d15_closed,0,15,closed,0.0,-4.699999999999999
-0.63,53,76.944925,17,final_d19_open,0,19,open,1.0,-0.6300000000000009
0.12,43,77.189758,17,final_d15_open,0,15,open,1.0,0.11999999999999966
2.1,50,77.216286,17,final_d19_open,0,19,open,1.0,2.0999999999999996
1.92,48,77.241891,17,final_d17_closed,0,17,closed,0.0,1.9199999999999997
1.67,33,77.260405,17,d19_detour,2,19,closed,0.0,1.6699999999999997
4.14,36,77.281082,17,d15_direct,2,15,open,1.0,4.140000000000002
2.46,54,77.310033,17,final_d19_closed,0,19,closed,0.0,2.4599999999999995
2.58,42,77.332467,17,final_d15_open,0,15,open,1.0,2.5799999999999996
1.92,48,77.360538,17,final_d17_open,0,17,open,1.0,1.9199999999999997
2.46,54,77.391921,17,final_d19_closed,0,19,closed,0.0,2.4599999999999995
-4.9,45,77.416825,17,final_d15_closed,0,15,closed,0.0,-4.9
1.92,48,77.443066,17,final_d17_open,0,17,open,1.0,1.9199999999999997
4.14,36,77.463622,17,d15_direct,2,15,open,1.0,4.140000000000002
0.32,43,77.48701,17,final_d15_open,0,15,open,1.0,0.3199999999999996
1.92,48,77.513892,17,final_d17_closed,0,17,closed,0.0,1.9199999999999997
2.58,42,77.537427,17,final_d15_open,0,15,open,1.0,2.5799999999999996
2.3,50,77.564605,17,final_d19_open,0,19,open,1.0,2.3
-0.4,55,77.594297,17,final_d19_open,0,19,open,1.0,-0.400000000000001
2.58,42,77.617673,17,final_d15_open,0,15,open,1.0,2.5799999999999996
1.92,48,77.644474,17,final_d17_closed,0,17,closed,0.0,1.9199999999999997
3.48,42,77.668322,17,d17_medium,2,17,closed,0.0,3.480000000000002
0.15,55,77.69886,17,final_d19_open,0,19,open,1.0,0.14999999999999947
2.28,52,77.727388,17,final_d19_open,0,19,open,1.0,2.2799999999999994
2.08,52,77.755369,17,final_d19_open,0,19,open,1.0,2.0799999999999996
4.02,48,77.782604,17,d19_detour,2,19,closed,0.0,4.020000000000003
-4.9,45,77.806705,17,final_d15_closed,0,15,closed,0.0,-4.9
-0.4,55,77.837525,17,final_d19_open,0,19,open,1.0,-0.400000000000001
2.46,54,77.867712,17,final_d19_closed,0,19,closed,0.0,2.4599999999999995
4.14,36,77.888239,17,d15_direct,2,15,open,1.0,4.140000000000002
3.48,42,77.912953,17,d17_medium,2,17,closed,0.0,3.480000000000002
2.26,54,77.942187,17,final_d19_closed,0,19,closed,0.0,2.26
4.02,48,77.969564,17,d19_detour,2,19,closed,0.0,4.020000000000003
-0.68,18,77.980686,17,d19_detour,2,19,closed,0.0,-0.6800000000000002
-5.1,45,78.005641,17,final_d15_closed,0,15,closed,0.0,-5.1
-4.9,45,78.031293,17,final_d15_closed,0,15,closed,0.0,-4.9
2.58,42,78.054252,17,final_d15_open,0,15,open,1.0,2.5799999999999996
2.26,54,78.083792,17,final_d19_closed,0,19,closed,0.0,2.26
3.48,42,78.107634,17,d17_medium,2,17,closed,0.0,3.480000000000002
2.58,42,78.131474,17,final_d15_open,0,15,open,1.0,2.5799999999999996
-4.65,45,78.156188,17,final_d15_closed,0,15,closed,0.0,-4.649999999999999
2.46,54,78.185514,17,final_d19_closed,0,19,closed,0.0,2.4599999999999995
1.92,48,78.211377,17,final_d17_open,0,17,open,1.0,1.9199999999999997
3.48,42,78.234939,17,d17_medium,2,17,closed,0.0,3.480000000000002
2.46,54,78.264424,17,final_d19_closed,0,19,closed,0.0,2.4599999999999995
3.48,42,78.287986,17,d17_medium,2,17,closed,0.0,3.480000000000002
3.48,42,78.312863,17,d17_medium,2,17,closed,0.0,3.480000000000002
2.58,42,78.551338,17,final_d15_open,0,15,open,1.0,2.5799999999999996
-0.25,55,78.58233,17,final_d19_open,0,19,open,1.0,-0.24999999999999933
2.58,42,78.605261,17,final_d15_open,0,15,open,1.0,2.5799999999999996
4.14,36,78.625657,17,d15_direct,2,15,open,1.0,4.140000000000002
-5.0,45,78.650174,17,final_d15_closed,0,15,closed,0.0,-5.0
2.26,54,78.679274,17,final_d19_open,0,19,open,1.0,2.26
1.92,48,78.705523,17,final_d17_closed,0,17,closed,0.0,1.9199999999999997
4.14,36,78.725956,17,d15_direct,2,15,open,1.0,4.140000000000002
2.58,42,78.748913,17,final_d15_open,0,15,open,1.0,2.5799999999999996
4.02,48,78.776205,17,d19_detour,2,19,closed,0.0,4.020000000000003
1.92,48,78.802475,17,final_d17_open,0,17,open,1.0,1.9199999999999997
-5.0,45,78.827342,17,final_d15_closed,0,15,closed,0.0,-5.0
3.48,42,78.851863,17,d17_medium,2,17,closed,0.0,3.480000000000002
3.48,42,78.875735,17,d17_medium,2,17,closed,0.0,3.480000000000002
2.58,42,78.899126,17,final_d15_open,0,15,open,1.0,2.5799999999999996
0.12,43,78.922282,17,final_d15_open,0,15,open,1.0,0.11999999999999966
4.14,36,78.942804,17,d15_direct,2,15,open,1.0,4.140000000000002
4.02,48,78.970585,17,d19_detour,2,19,closed,0.0,4.020000000000003
1.92,48,78.996667,17,final_d17_closed,0,17,closed,0.0,1.9199999999999997
-4.9,45,79.020795,17,final_d15_closed,0,15,closed,0.0,-4.9
-0.25,55,79.057618,17,final_d19_open,0,19,open,1.0,-0.2500000000000011
2.06,54,79.088791,17,final_d19_closed,0,19,closed,0.0,2.0599999999999996
2.58,42,79.111991,17,final_d15_open,0,15,open,1.0,2.5799999999999996
2.46,54,79.141052,17,final_d19_closed,0,19,closed,0.0,2.4599999999999995
2.08,52,79.168846,17,final_d19_open,0,19,open,1.0,2.0799999999999996
4.14,36,79.189285,17,d15_direct,2,15,open,1.0,4.140000000000002
3.48,42,79.213251,17,d17_medium,2,17,closed,0.0,3.480000000000002
3.48,42,79.238254,17,d17_medium,2,17,closed,0.0,3.480000000000002
2.46,54,79.26787,17,final_d19_closed,0,19,closed,0.0,2.4599999999999995
2.26,54,79.304668,17,final_d19_closed,0,19,closed,0.0,2.26
4.02,48,79.335139,17,d19_detour,2,19,closed,0.0,4.020000000000003
-0.25,55,79.365224,17,final_d19_open,0,19,open,1.0,-0.2500000000000011
-4.8,45,79.389097,17,final_d15_closed,0,15,closed,0.0,-4.799999999999999
2.26,54,79.416949,17,final_d19_open,0,19,open,1.0,2.26
4.14,36,79.437359,17,d15_direct,2,15,open,1.0,4.140000000000002
2.58,42,79.460065,17,final_d15_open,0,15,open,1.0,2.5799999999999996
2.28,52,79.488885,17,final_d19_open,0,19,open,1.0,2.2799999999999994
4.14,36,79.508833,17,d15_direct,2,15,open,1.0,4.140000000000002
4.02,48,79.535012,17,d19_detour,2,19,closed,0.0,4.020000000000003
4.02,48,79.561344,17,d19_detour,2,19,closed,0.0,4.020000000000003
3.48,42,79.585965,17,d17_medium,2,17,closed,0.0,3.480000000000002
1.92,48,79.611613,17,final_d17_closed,0,17,closed,0.0,1.9199999999999997
3.48,42,79.634893,17,d17_medium,2,17,closed,0.0,3.480000000000002
2.58,42,79.657667,17,final_d15_open,0,15,open,1.0,2.5799999999999996
4.14,36,79.67813,17,d15_direct,2,15,open,1.0,4.140000000000002
2.26,54,79.921022,17,final_d19_closed,0,19,closed,0.0,2.26
3.48,42,79.945929,17,d17_medium,2,17,closed,0.0,3.480000000000002
4.02,48,79.973927,17,d19_detour,2,19,closed,0.0,4.020000000000003
-0.34,34,79.994497,17,d19_detour,2,19,closed,0.0,-0.3400000000000003
1.92,48,80.021502,17,final_d17_closed,0,17,closed,0.0,1.9199999999999997
4.02,48,80.049677,17,d19_detour,2,19,closed,0.0,4.020000000000003
2.46,54,80.079701,17,final_d19_open,0,19,open,1.0,2.4599999999999995
4.02,48,80.107576,17,d19_detour,2,19,closed,0.0,4.020000000000003
2.26,54,80.136913,17,final_d19_open,0,19,open,1.0,2.26
2.26,54,80.166283,17,final_d19_closed,0,19,closed,0.0,2.26
2.58,42,80.189176,17,final_d15_open,0,15,open,1.0,2.5799999999999996
4.02,48,80.216541,17,d19_detour,2,19,closed,0.0,4.020000000000003
1.92,48,80.243229,17,final_d17_closed,0,17,closed,0.0,1.9199999999999997
-5.1,45,80.268112,17,final_d15_closed,0,15,closed,0.0,-5.1
2.46,54,80.297895,17,final_d19_closed,0,19,closed,0.0,2.4599999999999995
-5.1,45,80.322519,17,final_d15_closed,0,15,closed,0.0,-5.1
1.92,48,80.349106,17,final_d17_closed,0,17,closed,0.0,1.9199999999999997
2.58,42,80.371597,17,final_d15_open,0,15,open,1.0,2.5799999999999996
2.58,42,80.393981,17,final_d15_open,0,15,open,1.0,2.5799999999999996
1.92,48,80.419768,17,final_d17_open,0,17,open,1.0,1.9199999999999997
-4.9,45,80.443267,17,final_d15_closed,0,15,closed,0.0,-4.9
4.02,48,80.470244,17,d19_detour,2,19,closed,0.0,4.020000000000003
1.92,48,80.495801,17,final_d17_open,0,17,open,1.0,1.9199999999999997
4.02,48,80.522242,17,d19_detour,2,19,closed,0.0,4.020000000000003
2.46,54,80.551062,17,final_d19_open,0,19,open,1.0,2.4599999999999995
4.14,36,80.572091,17,d15_direct,2,15,open,1.0,4.140000000000002
4.02,48,80.599207,17,d19_detour,2,19,closed,0.0,4.020000000000003
3.48,42,80.623063,17,d17_medium,2,17,closed,0.0,3.480000000000002
1.92,48,80.648954,17,final_d17_open,0,17,open,1.0,1.9199999999999997
4.02,48,80.675762,17,d19_detour,2,19,closed,0.0,4.020000000000003
-4.75,45,80.699614,17,final_d15_closed,0,15,closed,0.0,-4.75
1.92,48,80.725163,17,final_d17_closed,0,17,closed,0.0,1.9199999999999997
1.92,48,80.75091,17,final_d17_open,0,17,open,1.0,1.9199999999999997
2.46,54,80.779729,17,final_d19_closed,0,19,closed,0.0,2.4599999999999995
2.58,42,80.802198,17,final_d15_open,0,15,open,1.0,2.5799999999999996
-4.9,45,80.826431,17,final_d15_closed,0,15,closed,0.0,-4.9
1.92,48,80.853117,17,final_d17_closed,0,17,closed,0.0,1.9199999999999997
1.92,48,80.878756,17,final_d17_closed,0,17,closed,0.0,1.9199999999999997
2.46,54,80.907399,17,final_d19_closed,0,19,closed,0.0,2.4599999999999995
-0.24,49,80.933545,17,final_d17_open,0,17,open,1.0,-0.24000000000000044
4.02,48,80.959926,17,d19_detour,2,19,closed,0.0,4.020000000000003
3.48,42,80.983575,17,d17_medium,2,17,closed,0.0,3.480000000000002
2.28,52,81.011038,17,final_d19_open,0,19,open,1.0,2.2799999999999994
1.67,33,81.243978,17,d19_detour,2,19,closed,0.0,1.6699999999999997
2.46,54,81.273363,17,final_d19_closed,0,19,closed,0.0,2.4599999999999995
1.92,48,81.300505,17,final_d17_closed,0,17,closed,0.0,1.9199999999999997
4.14,36,81.321064,17,d15_direct,2,15,open,1.0,4.140000000000002
2.14,46,81.346563,17,final_d17_open,0,17,open,1.0,2.1399999999999997
3.48,42,81.37088,17,d17_medium,2,17,closed,0.0,3.480000000000002
2.46,54,81.400167,17,final_d19_closed,0,19,closed,0.0,2.4599999999999995
1.92,48,81.426361,17,final_d17_closed,0,17,closed,0.0,1.9199999999999997
4.02,48,81.453313,17,d19_detour,2,19,closed,0.0,4.020000000000003
1.92,48,81.479377,17,final_d17_open,0,17,open,1.0,1.9199999999999997
2.46,54,81.508294,17,final_d19_closed,0,19,closed,0.0,2.4599999999999995
4.14,36,81.528709,17,d15_direct,2,15,open,1.0,4.140000000000002
4.14,36,81.549121,17,d15_direct,2,15,open,1.0,4.140000000000002
4.02,48,81.576794,17,d19_detour,2,19,closed,0.0,4.020000000000003
1.92,48,81.60321,17,final_d17_open,0,17,open,1.0,1.9199999999999997
1.92,48,81.629382,17,final_d17_closed,0,17,closed,0.0,1.9199999999999997
1.92,48,81.655412,17,final_d17_open,0,17,open,1.0,1.9199999999999997
-4.7,45,81.680189,17,final_d15_closed,0,15,closed,0.0,-4.699999999999999
4.14,36,81.70066,17,d15_direct,2,15,open,1.0,4.140000000000002
3.48,42,81.724237,17,d17_medium,2,17,closed,0.0,3.480000000000002
2.14,46,81.749301,17,final_d17_open,0,17,open,1.0,2.1399999999999997
-5.0,45,81.773645,17,final_d15_closed,0,15,closed,0.0,-5.0
4.14,36,81.794042,17,d15_direct,2,15,open,1.0,4.140000000000002
2.08,47,81.819661,17,final_d17_open,0,17,open,1.0,2.0799999999999996
3.48,42,81.844688,17,d17_medium,2,17,closed,0.0,3.480000000000002
2.46,54,81.874008,17,final_d19_open,0,19,open,1.0,2.4599999999999995
1.92,48,81.900017,17,final_d17_closed,0,17,closed,0.0,1.9199999999999997
-5.1,45,81.925274,17,final_d15_closed,0,15,closed,0.0,-5.1
1.92,48,81.951981,17,final_d17_closed,0,17,closed,0.0,1.9199999999999997
-5.0,45,81.976416,17,final_d15_closed,0,15,closed,0.0,-5.0
1.92,48,82.002957,17,final_d17_closed,0,17,closed,0.0,1.9199999999999997
2.46,54,82.034128,17,final_d19_open,0,19,open,1.0,2.4599999999999995
1.92,48,82.060567,17,final_d17_open,0,17,open,1.0,1.9199999999999997
1.92,48,82.086711,17,final_d17_closed,0,17,closed,0.0,1.9199999999999997
3.48,42,82.110372,17,d17_medium,2,17,closed,0.0,3.480000000000002
2.26,54,82.139535,17,final_d19_open,0,19,open,1.0,2.26
4.14,36,82.159697,17,d15_direct,2,15,open,1.0,4.140000000000002
2.2,55,82.188966,17,final_d19_open,0,19,open,1.0,2.1999999999999993
1.92,48,82.214608,17,final_d17_closed,0,17,closed,0.0,1.9199999999999997
1.92,48,82.24017,17,final_d17_open,0,17,open,1.0,1.9199999999999997
2.26,54,82.268878,17,final_d19_open,0,19,open,1.0,2.26
2.58,42,82.291431,17,final_d15_open,0,15,open,1.0,2.5799999999999996
4.02,48,82.318044,17,d19_detour,2,19,closed,0.0,4.020000000000003
3.48,42,82.341664,17,d17_medium,2,17,closed,0.0,3.480000000000002
2.46,54,82.585523,17,final_d19_open,0,19,open,1.0,2.4599999999999995
-5.0,45,82.609873,17,final_d15_closed,0,15,closed,0.0,-5.0
-0.24,49,82.636376,17,final_d17_open,0,17,open,1.0,-0.24000000000000066
2.28,52,82.664646,17,final_d19_open,0,19,open,1.0,2.2799999999999994
2.46,54,82.694365,17,final_d19_open,0,19,open,1.0,2.4599999999999995
1.92,48,82.720378,17,final_d17_closed,0,17,closed,0.0,1.9199999999999997
-5.1,45,82.744826,17,final_d15_closed,0,15,closed,0.0,-5.1
1.92,48,82.770579,17,final_d17_open,0,17,open,1.0,1.9199999999999997
3.48,42,82.794737,17,d17_medium,2,17,closed,0.0,3.480000000000002
2.26,54,82.824142,17,final_d19_open,0,19,open,1.0,2.26
1.67,33,82.843032,17,d19_detour,2,19,closed,0.0,1.6699999999999997
3.48,42,82.866834,17,d17_medium,2,17,closed,0.0,3.480000000000002
2.46,54,82.895945,17,final_d19_closed,0,19,closed,0.0,2.4599999999999995
-5.1,45,82.920289,17,final_d15_closed,0,15,closed,0.0,-5.1
-5.0,45,82.944569,17,final_d15_closed,0,15,closed,0.0,-5.0
2.58,42,82.96729,17,final_d15_open,0,15,open,1.0,2.5799999999999996
-0.25,55,82.998023,17,final_d19_open,0,19,open,1.0,-0.2500000000000011
1.92,48,83.023977,17,final_d17_open,0,17,open,1.0,1.9199999999999997
4.02,48,83.052068,17,d19_detour,2,19,closed,0.0,4.020000000000003
1.92,48,83.078769,17,final_d17_closed,0,17,closed,0.0,1.9199999999999997
4.02,48,83.105753,17,d19_detour,2,19,closed,0.0,4.020000000000003
3.48,42,83.129406,17,d17_medium,2,17,closed,0.0,3.480000000000002
1.92,48,83.155432,17,final_d17_closed,0,17,closed,0.0,1.9199999999999997
-0.25,55,83.184992,17,final_d19_open,0,19,open,1.0,-0.2500000000000011
4.02,48,83.212075,17,d19_detour,2,19,closed,0.0,4.020000000000003
4.02,48,83.238887,17,d19_detour,2,19,closed,0.0,4.020000000000003
4.02,48,83.265596,17,d19_detour,2,19,closed,0.0,4.020000000000003
2.28,52,83.293685,17,final_d19_open,0,19,open,1.0,2.2799999999999994
1.92,48,83.320565,17,final_d17_closed,0,17,closed,0.0,1.9199999999999997
1.92,48,83.34715,17,final_d17_closed,0,17,closed,0.0,1.9199999999999997
2.28,52,83.375092,17,final_d19_open,0,19,open,1.0,2.2799999999999994
1.92,48,83.401939,17,final_d17_closed,0,17,closed,0.0,1.9199999999999997
4.14,36,83.422504,17,d15_direct,2,15,open,1.0,4.140000000000002
-5.1,45,83.447426,17,final_d15_closed,0,15,closed,0.0,-5.1
1.92,48,83.473199,17,final_d17_open,0,17,open,1.0,1.9199999999999997
2.58,42,83.497062,17,final_d15_open,0,15,open,1.0,2.5799999999999996
3.48,42,83.52178,17,d17_medium,2,17,closed,0.0,3.480000000000002
2.58,42,83.545011,17,final_d15_open,0,15,open,1.0,2.5799999999999996
3.48,42,83.568802,17,d17_medium,2,17,closed,0.0,3.480000000000002
1.92,48,83.596111,17,final_d17_open,0,17,open,1.0,1.9199999999999997
1.92,48,83.622416,17,final_d17_closed,0,17,closed,0.0,1.9199999999999997
2.58,42,83.646131,17,final_d15_open,0,15,open,1.0,2.5799999999999996
3.48,42,83.669662,17,d17_medium,2,17,closed,0.0,3.480000000000002
2.14,46,83.695552,17,final_d17_open,0,17,open,1.0,2.1399999999999997
4.14,36,83.716036,17,d15_direct,2,15,open,1.0,4.140000000000002
1.92,48,83.957142,17,final_d17_open,0,17,open,1.0,1.9199999999999997
2.46,54,83.986957,17,final_d19_closed,0,19,closed,0.0,2.4599999999999995
0.1,55,84.016271,17,final_d19_open,0,19,open,1.0,0.09999999999999964
2.58,42,84.040464,17,final_d15_open,0,15,open,1.0,2.5799999999999996
1.92,48,84.066703,17,final_d17_closed,0,17,closed,0.0,1.9199999999999997
-4.75,45,84.091585,17,final_d15_closed,0,15,closed,0.0,-4.75
2.58,42,84.114771,17,final_d15_open,0,15,open,1.0,2.5799999999999996
-5.1,45,84.139763,17,final_d15_closed,0,15,closed,0.0,-5.1
1.92,48,84.165862,17,final_d17_closed,0,17,closed,0.0,1.9199999999999997
1.92,48,84.192132,17,final_d17_closed,0,17,closed,0.0,1.9199999999999997
2.58,42,84.215796,17,final_d15_open,0,15,open,1.0,2.5799999999999996
2.58,42,84.238841,17,final_d15_open,0,15,open,1.0,2.5799999999999996
4.14,36,84.259548,17,d15_direct,2,15,open,1.0,4.140000000000002
2.46,54,84.289801,17,final_d19_open,0,19,open,1.0,2.4599999999999995
1.92,48,84.316118,17,final_d17_open,0,17,open,1.0,1.9199999999999997
2.46,54,84.346039,17,final_d19_closed,0,19,closed,0.0,2.4599999999999995
2.58,42,84.369724,17,final_d15_open,0,15,open,1.0,2.5799999999999996
1.92,48,84.396039,17,final_d17_closed,0,17,closed,0.0,1.9199999999999997
2.46,54,84.42513,17,final_d19_open,0,19,open,1.0,2.4599999999999995
1.92,48,84.451695,17,final_d17_open,0,17,open,1.0,1.9199999999999997
-0.44,49,84.478751,17,final_d17_closed,0,17,closed,0.0,-0.4400000000000004
3.48,42,84.503317,17,d17_medium,2,17,closed,0.0,3.480000000000002
1.92,48,84.529686,17,final_d17_closed,0,17,closed,0.0,1.9199999999999997
1.86,49,84.557086,17,final_d17_closed,0,17,closed,0.0,1.8599999999999997
1.92,48,84.584,17,final_d17_open,0,17,open,1.0,1.9199999999999997
2.58,42,84.60715,17,final_d15_open,0,15,open,1.0,2.5799999999999996
4.02,48,84.634817,17,d19_detour,2,19,closed,0.0,4.020000000000003
2.46,54,84.664313,17,final_d19_open,0,19,open,1.0,2.4599999999999995
-4.75,45,84.689773,17,final_d15_closed,0,15,closed,0.0,-4.75
1.92,48,84.716063,17,final_d17_closed,0,17,closed,0.0,1.9199999999999997
4.02,48,84.743049,17,d19_detour,2,19,closed,0.0,4.020000000000003
1.92,48,84.769275,17,final_d17_open,0,17,open,1.0,1.9199999999999997
2.46,54,84.79853,17,final_d19_open,0,19,open,1.0,2.4599999999999995
2.46,54,84.827901,17,final_d19_closed,0,19,closed,0.0,2.4599999999999995
-4.4,45,84.85385,17,final_d15_closed,0,15,closed,0.0,-4.399999999999997
2.58,42,84.876869,17,final_d15_open,0,15,open,1.0,2.5799999999999996
4.02,48,84.904431,17,d19_detour,2,19,closed,0.0,4.020000000000003
4.14,36,84.924942,17,d15_direct,2,15,open,1.0,4.140000000000002
1.92,48,84.951827,17,final_d17_closed,0,17,closed,0.0,1.9199999999999997
-5.0,45,84.976209,17,final_d15_closed,0,15,closed,0.0,-5.0
4.14,36,84.996636,17,d15_direct,2,15,open,1.0,4.140000000000002
1.92,48,85.022822,17,final_d17_closed,0,17,closed,0.0,1.9199999999999997
3.48,42,85.047482,17,d17_medium,2,17,closed,0.0,3.480000000000002
4.14,36,85.067905,17,d15_direct,2,15,open,1.0,4.140000000000002
-4.8,45,85.307538,17,final_d15_closed,0,15,closed,0.0,-4.799999999999999
1.92,48,85.33292,17,final_d17_open,0,17,open,1.0,1.9199999999999997
4.02,48,85.35981,17,d19_detour,2,19,closed,0.0,4.020000000000003
1.92,48,85.385332,17,final_d17_closed,0,17,closed,0.0,1.9199999999999997
1.92,48,85.410818,17,final_d17_open,0,17,open,1.0,1.9199999999999997
1.92,48,85.438687,17,final_d17_closed,0,17,closed,0.0,1.9199999999999997
2.46,54,85.468681,17,final_d19_closed,0,19,closed,0.0,2.4599999999999995
-5.1,45,85.493024,17,final_d15_closed,0,15,closed,0.0,-5.1
3.48,42,85.516459,17,d17_medium,2,17,closed,0.0,3.480000000000002
2.46,54,85.544862,17,final_d19_open,0,19,open,1.0,2.4599999999999995
2.28,52,85.572285,17,final_d19_open,0,19,open,1.0,2.2799999999999994
2.58,42,85.595462,17,final_d15_open,0,15,open,1.0,2.5799999999999996
2.46,54,85.624483,17,final_d19_open,0,19,open,1.0,2.4599999999999995
4.14,36,85.645299,17,d15_direct,2,15,open,1.0,4.140000000000002
-5.1,45,85.67001,17,final_d15_closed,0,15,closed,0.0,-5.1
1.92,48,85.696081,17,final_d17_closed,0,17,closed,0.0,1.9199999999999997
2.58,42,85.719138,17,final_d15_open,0,15,open,1.0,2.5799999999999996
2.46,54,85.748212,17,final_d19_closed,0,19,closed,0.0,2.4599999999999995
3.48,42,85.772107,17,d17_medium,2,17,closed,0.0,3.480000000000002
4.14,36,85.793355,17,d15_direct,2,15,open,1.0,4.140000000000002
1.92,48,85.820045,17,final_d17_open,0,17,open,1.0,1.9199999999999997
4.14,36,85.840472,17,d15_direct,2,15,open,1.0,4.140000000000002
1.92,48,85.866432,17,final_d17_closed,0,17,closed,0.0,1.9199999999999997
2.46,54,85.895472,17,final_d19_closed,0,19,closed,0.0,2.4599999999999995
2.46,54,85.924454,17,final_d19_open,0,19,open,1.0,2.4599999999999995
-5.1,45,85.948931,17,final_d15_closed,0,15,closed,0.0,-5.1
4.02,48,85.975793,17,d19_detour,2,19,closed,0.0,4.020000000000003
1.92,48,86.001758,17,final_d17_closed,0,17,closed,0.0,1.9199999999999997
1.92,48,86.028348,17,final_d17_closed,0,17,closed,0.0,1.9199999999999997
1.92,48,86.054461,17,final_d17_closed,0,17,closed,0.0,1.9199999999999997
4.14,36,86.075016,17,d15_direct,2,15,open,1.0,4.140000000000002
1.67,33,86.094412,17,d19_detour,2,19,closed,0.0,1.6699999999999997
1.92,48,86.120497,17,final_d17_closed,0,17,closed,0.0,1.9199999999999997
4.02,48,86.147339,17,d19_detour,2,19,closed,0.0,4.020000000000003
4.02,48,86.174838,17,d19_detour,2,19,closed,0.0,4.020000000000003
-5.1,45,86.199595,17,final_d15_closed,0,15,closed,0.0,-5.1
4.02,48,86.226807,17,d19_detour,2,19,closed,0.0,4.020000000000003
1.92,48,86.253128,17,final_d17_closed,0,17,closed,0.0,1.9199999999999997
1.92,48,86.279263,17,final_d17_closed,0,17,closed,0.0,1.9199999999999997
1.92,48,86.305498,17,final_d17_closed,0,17,closed,0.0,1.9199999999999997
2.46,54,86.334796,17,final_d19_open,0,19,open,1.0,2.4599999999999995
2.58,42,86.357529,17,final_d15_open,0,15,open,1.0,2.5799999999999996
2.58,42,86.380394,17,final_d15_open,0,15,open,1.0,2.5799999999999996
2.26,54,86.409709,17,final_d19_open,0,19,open,1.0,2.26
2.46,54,86.654897,17,final_d19_closed,0,19,closed,0.0,2.4599999999999995
-0.25,55,86.68454,17,final_d19_open,0,19,open,1.0,-0.2500000000000011
3.48,42,86.707916,17,d17_medium,2,17,closed,0.0,3.480000000000002
4.14,36,86.728234,17,d15_direct,2,15,open,1.0,4.140000000000002
3.48,42,86.752032,17,d17_medium,2,17,closed,0.0,3.480000000000002
1.41,49,86.778833,17,d19_detour,2,19,closed,0.0,1.4100000000000001
1.92,48,86.804513,17,final_d17_open,0,17,open,1.0,1.9199999999999997
2.46,54,86.833675,17,final_d19_open,0,19,open,1.0,2.4599999999999995
4.02,48,86.860136,17,d19_detour,2,19,closed,0.0,4.020000000000003
-5.0,45,86.884718,17,final_d15_closed,0,15,closed,0.0,-5.0
4.14,36,86.905081,17,d15_direct,2,15,open,1.0,4.140000000000002
3.48,42,86.928431,17,d17_medium,2,17,closed,0.0,3.480000000000002
1.92,48,86.954472,17,final_d17_open,0,17,open,1.0,1.9199999999999997
0.45,55,86.985196,17,final_d19_closed,0,19,closed,0.0,0.4499999999999995
1.67,33,87.00462,17,d19_detour,2,19,closed,0.0,1.6699999999999997
0.32,43,87.028219,17,final_d15_open,0,15,open,1.0,0.3199999999999996
3.48,42,87.052248,17,d17_medium,2,17,closed,0.0,3.480000000000002
2.46,54,87.082013,17,final_d19_closed,0,19,closed,0.0,2.4599999999999995
4.02,48,87.109064,17,d19_detour,2,19,closed,0.0,4.020000000000003
4.14,36,87.12982,17,d15_direct,2,15,open,1.0,4.140000000000002
2.46,54,87.159518,17,final_d19_closed,0,19,closed,0.0,2.4599999999999995
1.92,48,87.18597,17,final_d17_closed,0,17,closed,0.0,1.9199999999999997
-5.1,45,87.210191,17,final_d15_closed,0,15,closed,0.0,-5.1
2.58,42,87.232698,17,final_d15_open,0,15,open,1.0,2.5799999999999996
2.58,42,87.255279,17,final_d15_open,0,15,open,1.0,2.5799999999999996
1.92,48,87.28094,17,final_d17_open,0,17,open,1.0,1.9199999999999997
2.58,42,87.303547,17,final_d15_open,0,15,open,1.0,2.5799999999999996
-4.8,45,87.327674,17,final_d15_closed,0,15,closed,0.0,-4.799999999999998
1.92,48,87.354358,17,final_d17_closed,0,17,closed,0.0,1.9199999999999997
2.58,42,87.376891,17,final_d15_open,0,15,open,1.0,2.5799999999999996
2.58,42,87.399426,17,final_d15_open,0,15,open,1.0,2.5799999999999996
2.26,54,87.428226,17,final_d19_open,0,19,open,1.0,2.26
2.46,54,87.457175,17,final_d19_closed,0,19,closed,0.0,2.4599999999999995
3.48,42,87.4816,17,d17_medium,2,17,closed,0.0,3.480000000000002
1.75,25,87.4959,17,d15_direct,2,15,open,1.0,1.7499999999999998
3.48,42,87.520263,17,d17_medium,2,17,closed,0.0,3.480000000000002
4.02,48,87.546571,17,d19_detour,2,19,closed,0.0,4.020000000000003
4.02,48,87.573712,17,d19_detour,2,19,closed,0.0,4.020000000000003
3.48,42,87.598274,17,d17_medium,2,17,closed,0.0,3.480000000000002
2.58,42,87.624772,17,final_d15_open,0,15,open,1.0,2.5799999999999996
-5.1,45,87.650239,17,final_d15_closed,0,15,closed,0.0,-5.1
2.46,54,87.679973,17,final_d19_closed,0,19,closed,0.0,2.4599999999999995
4.14,36,87.70102,17,d15_direct,2,15,open,1.0,4.140000000000002
4.02,48,87.727,17,d19_detour,2,19,closed,0.0,4.020000000000003
1.92,48,87.75219,17,final_d17_open,0,17,open,1.0,1.9199999999999997
2.58,42,87.988787,17,final_d15_open,0,15,open,1.0,2.5799999999999996
1.92,48,88.014547,17,final_d17_open,0,17,open,1.0,1.9199999999999997
1.92,48,88.041528,17,final_d17_open,0,17,open,1.0,1.9199999999999997
1.92,48,88.067773,17,final_d17_closed,0,17,closed,0.0,1.9199999999999997
4.14,36,88.087949,17,d15_direct,2,15,open,1.0,4.140000000000002
1.92,48,88.113477,17,final_d17_open,0,17,open,1.0,1.9199999999999997
-0.44,49,88.140151,17,final_d17_closed,0,17,closed,0.0,-0.4400000000000004
2.58,42,88.162967,17,final_d15_open,0,15,open,1.0,2.5799999999999996
4.02,48,88.189871,17,d19_detour,2,19,closed,0.0,4.020000000000003
2.58,42,88.212626,17,final_d15_open,0,15,open,1.0,2.5799999999999996
-5.1,45,88.236984,17,final_d15_closed,0,15,closed,0.0,-5.1
2.58,42,88.259572,17,final_d15_open,0,15,open,1.0,2.5799999999999996
1.75,25,88.274364,17,d15_direct,2,15,open,1.0,1.7499999999999998
2.46,54,88.303629,17,final_d19_open,0,19,open,1.0,2.4599999999999995
2.58,42,88.326754,17,final_d15_open,0,15,open,1.0,2.5799999999999996
4.02,48,88.353545,17,d19_detour,2,19,closed,0.0,4.020000000000003
2.58,42,88.377451,17,final_d15_open,0,15,open,1.0,2.5799999999999996
1.92,48,88.404465,17,final_d17_closed,0,17,closed,0.0,1.9199999999999997
-4.75,45,88.429068,17,final_d15_closed,0,15,closed,0.0,-4.75
4.14,36,88.449915,17,d15_direct,2,15,open,1.0,4.140000000000002
4.14,36,88.471071,17,d15_direct,2,15,open,1.0,4.140000000000002
4.02,48,88.498333,17,d19_detour,2,19,closed,0.0,4.020000000000003
4.14,36,88.518815,17,d15_direct,2,15,open,1.0,4.140000000000002
2.46,54,88.548958,17,final_d19_closed,0,19,closed,0.0,2.4599999999999995
1.92,48,88.575806,17,final_d17_open,0,17,open,1.0,1.9199999999999997
2.46,54,88.604904,17,final_d19_closed,0,19,closed,0.0,2.4599999999999995
3.48,42,88.628797,17,d17_medium,2,17,closed,0.0,3.480000000000002
1.92,48,88.655088,17,final_d17_closed,0,17,closed,0.0,1.9199999999999997
2.46,54,88.683562,17,final_d19_closed,0,19,closed,0.0,2.4599999999999995
1.92,48,88.708991,17,final_d17_open,0,17,open,1.0,1.9199999999999997
2.58,42,88.731974,17,final_d15_open,0,15,open,1.0,2.5799999999999996
2.46,54,88.760561,17,final_d19_closed,0,19,closed,0.0,2.4599999999999995
2.46,54,88.788998,17,final_d19_closed,0,19,closed,0.0,2.4599999999999995
3.48,42,88.812281,17,d17_medium,2,17,closed,0.0,3.480000000000002
2.46,54,88.84115,17,final_d19_closed,0,19,closed,0.0,2.4599999999999995
4.14,36,88.86129,17,d15_direct,2,15,open,1.0,4.140000000000002
4.14,36,88.882411,17,d15_direct,2,15,open,1.0,4.140000000000002
1.92,48,88.909597,17,final_d17_open,0,17,open,1.0,1.9199999999999997
3.48,42,88.933098,17,d17_medium,2,17,closed,0.0,3.480000000000002
2.58,42,88.956648,17,final_d15_open,0,15,open,1.0,2.5799999999999996
-5.1,45,88.981895,17,final_d15_closed,0,15,closed,0.0,-5.1
1.92,48,89.008045,17,final_d17_open,0,17,open,1.0,1.9199999999999997
4.14,36,89.0285,17,d15_direct,2,15,open,1.0,4.140000000000002
0.1,55,89.057922,17,final_d19_closed,0,19,closed,0.0,0.09999999999999964
3.48,42,89.081507,17,d17_medium,2,17,closed,0.0,3.480000000000002
1.31,29,89.09808,17,d17_medium,2,17,closed,0.0,1.3099999999999998
4.02,48,89.34095,17,d19_detour,2,19,closed,0.0,4.020000000000003
-0.2,55,89.379987,17,final_d19_open,0,19,open,1.0,-0.20000000000000107
2.46,54,89.408053,17,final_d19_open,0,19,open,1.0,2.4599999999999995
-5.1,45,89.431964,17,final_d15_closed,0,15,closed,0.0,-5.1
2.4,55,89.463135,17,final_d19_closed,0,19,closed,0.0,2.3999999999999995
2.46,54,89.493883,17,final_d19_closed,0,19,closed,0.0,2.4599999999999995
1.92,48,89.520113,17,final_d17_open,0,17,open,1.0,1.9199999999999997
4.14,36,89.53989,17,d15_direct,2,15,open,1.0,4.140000000000002
4.14,36,89.560521,17,d15_direct,2,15,open,1.0,4.140000000000002
1.92,48,89.588659,17,final_d17_closed,0,17,closed,0.0,1.9199999999999997
3.48,42,89.612308,17,d17_medium,2,17,closed,0.0,3.480000000000002
4.02,48,89.638513,17,d19_detour,2,19,closed,0.0,4.020000000000003
2.46,54,89.669324,17,final_d19_open,0,19,open,1.0,2.4599999999999995
-4.75,45,89.693397,17,final_d15_closed,0,15,closed,0.0,-4.75
2.46,54,89.721991,17,final_d19_closed,0,19,closed,0.0,2.4599999999999995
1.92,48,89.747283,17,final_d17_closed,0,17,closed,0.0,1.9199999999999997
1.86,49,89.773807,17,final_d17_open,0,17,open,1.0,1.8599999999999997
4.14,36,89.794589,17,d15_direct,2,15,open,1.0,4.140000000000002
3.48,42,89.817785,17,d17_medium,2,17,closed,0.0,3.480000000000002
-4.4,45,89.841583,17,final_d15_closed,0,15,closed,0.0,-4.399999999999997
2.58,42,89.864104,17,final_d15_open,0,15,open,1.0,2.5799999999999996
3.96,49,89.891144,17,d19_detour,2,19,closed,0.0,3.9600000000000026
2.58,42,89.914503,17,final_d15_open,0,15,open,1.0,2.5799999999999996
1.92,48,89.939698,17,final_d17_closed,0,17,closed,0.0,1.9199999999999997
2.46,54,89.968653,17,final_d19_closed,0,19,closed,0.0,2.4599999999999995
3.48,42,89.99212,17,d17_medium,2,17,closed,0.0,3.480000000000002
4.02,48,90.018579,17,d19_detour,2,19,closed,0.0,4.020000000000003
2.46,54,90.047638,17,final_d19_open,0,19,open,1.0,2.4599999999999995
4.14,36,90.067765,17,d15_direct,2,15,open,1.0,4.140000000000002
2.58,42,90.090278,17,final_d15_open,0,15,open,1.0,2.5799999999999996
4.02,48,90.116676,17,d19_detour,2,19,closed,0.0,4.020000000000003
2.58,42,90.139123,17,final_d15_open,0,15,open,1.0,2.5799999999999996
2.26,54,90.168335,17,final_d19_closed,0,19,closed,0.0,2.26
1.92,48,90.194722,17,final_d17_closed,0,17,closed,0.0,1.9199999999999997
-5.1,45,90.22021,17,final_d15_closed,0,15,closed,0.0,-5.1
2.46,54,90.24938,17,final_d19_closed,0,19,closed,0.0,2.4599999999999995
3.48,42,90.273124,17,d17_medium,2,17,closed,0.0,3.480000000000002
1.92,48,90.299481,17,final_d17_closed,0,17,closed,0.0,1.9199999999999997
1.92,48,90.325265,17,final_d17_closed,0,17,closed,0.0,1.9199999999999997
1.92,48,90.352762,17,final_d17_closed,0,17,closed,0.0,1.9199999999999997
4.02,48,90.380315,17,d19_detour,2,19,closed,0.0,4.020000000000003
3.48,42,90.404109,17,d17_medium,2,17,closed,0.0,3.480000000000002
1.92,48,90.430974,17,final_d17_closed,0,17,closed,0.0,1.9199999999999997
4.14,36,90.451492,17,d15_direct,2,15,open,1.0,4.140000000000002
3.48,42,90.705919,17,d17_medium,2,17,closed,0.0,3.480000000000002
3.48,42,90.729933,17,d17_medium,2,17,closed,0.0,3.480000000000002
2.46,54,90.759562,17,final_d19_open,0,19,open,1.0,2.4599999999999995
3.48,42,90.783916,17,d17_medium,2,17,closed,0.0,3.480000000000002
2.46,54,90.813426,17,final_d19_closed,0,19,closed,0.0,2.4599999999999995
4.02,48,90.840832,17,d19_detour,2,19,closed,0.0,4.020000000000003
-5.0,45,90.865116,17,final_d15_closed,0,15,closed,0.0,-5.0
2.46,54,90.894869,17,final_d19_closed,0,19,closed,0.0,2.4599999999999995
2.46,54,90.924238,17,final_d19_open,0,19,open,1.0,2.4599999999999995
-5.1,45,90.9498,17,final_d15_closed,0,15,closed,0.0,-5.1
4.02,48,90.977259,17,d19_detour,2,19,closed,0.0,4.020000000000003
2.46,54,91.006533,17,final_d19_open,0,19,open,1.0,2.4599999999999995
4.02,48,91.034129,17,d19_detour,2,19,closed,0.0,4.020000000000003
4.02,48,91.061049,17,d19_detour,2,19,closed,0.0,4.020000000000003
2.46,54,91.090647,17,final_d19_closed,0,19,closed,0.0,2.4599999999999995
2.58,42,91.113579,17,final_d15_open,0,15,open,1.0,2.5799999999999996
2.58,42,91.137393,17,final_d15_open,0,15,open,1.0,2.5799999999999996
3.48,42,91.160957,17,d17_medium,2,17,closed,0.0,3.480000000000002
2.58,42,91.183819,17,final_d15_open,0,15,open,1.0,2.5799999999999996
4.14,36,91.204253,17,d15_direct,2,15,open,1.0,4.140000000000002
1.92,48,91.229095,17,final_d17_open,0,17,open,1.0,1.9199999999999997
2.58,42,91.25091,17,final_d15_open,0,15,open,1.0,2.5799999999999996
1.92,48,91.275639,17,final_d17_closed,0,17,closed,0.0,1.9199999999999997
-5.1,45,91.299483,17,final_d15_closed,0,15,closed,0.0,-5.1
1.92,48,91.324925,17,final_d17_closed,0,17,closed,0.0,1.9199999999999997
4.14,36,91.345685,17,d15_direct,2,15,open,1.0,4.140000000000002
1.92,48,91.370648,17,final_d17_closed,0,17,closed,0.0,1.9199999999999997
1.92,48,91.395792,17,final_d17_open,0,17,open,1.0,1.9199999999999997
1.92,48,91.421552,17,final_d17_closed,0,17,closed,0.0,1.9199999999999997
2.46,54,91.449778,17,final_d19_open,0,19,open,1.0,2.4599999999999995
2.46,54,91.477636,17,final_d19_open,0,19,open,1.0,2.4599999999999995
4.14,36,91.49794,17,d15_direct,2,15,open,1.0,4.140000000000002
1.92,48,91.524435,17,final_d17_open,0,17,open,1.0,1.9199999999999997
2.46,54,91.553971,17,final_d19_open,0,19,open,1.0,2.4599999999999995
2.46,54,91.583977,17,final_d19_open,0,19,open,1.0,2.4599999999999995
4.14,36,91.604191,17,d15_direct,2,15,open,1.0,4.140000000000002
2.46,54,91.633584,17,final_d19_closed,0,19,closed,0.0,2.4599999999999995
2.58,42,91.655584,17,final_d15_open,0,15,open,1.0,2.5799999999999996
-0.24,49,91.681965,17,final_d17_open,0,17,open,1.0,-0.24000000000000044
4.14,36,91.702076,17,d15_direct,2,15,open,1.0,4.140000000000002
3.96,49,91.728653,17,d19_detour,2,19,closed,0.0,3.9600000000000026
1.92,48,91.753943,17,final_d17_open,0,17,open,1.0,1.9199999999999997
2.14,46,91.778651,17,final_d17_open,0,17,open,1.0,2.1399999999999997
2.58,42,91.801317,17,final_d15_open,0,15,open,1.0,2.5799999999999996
4.02,48,92.107508,17,d19_detour,2,19,closed,0.0,4.020000000000003
1.92,48,92.13516,17,final_d17_open,0,17,open,1.0,1.9199999999999997
2.58,42,92.15888,17,final_d15_open,0,15,open,1.0,2.5799999999999996
2.58,42,92.183053,17,final_d15_open,0,15,open,1.0,2.5799999999999996
-5.1,45,92.208463,17,final_d15_closed,0,15,closed,0.0,-5.1
4.14,36,92.229047,17,d15_direct,2,15,open,1.0,4.140000000000002
1.92,48,92.253885,17,final_d17_open,0,17,open,1.0,1.9199999999999997
-5.0,45,92.277751,17,final_d15_closed,0,15,closed,0.0,-5.0
4.14,36,92.29834,17,d15_direct,2,15,open,1.0,4.140000000000002
2.46,54,92.326789,17,final_d19_open,0,19,open,1.0,2.4599999999999995
4.14,36,92.346666,17,d15_direct,2,15,open,1.0,4.140000000000002
1.92,48,92.371611,17,final_d17_open,0,17,open,1.0,1.9199999999999997
4.14,36,92.391623,17,d15_direct,2,15,open,1.0,4.140000000000002
3.48,42,92.415498,17,d17_medium,2,17,closed,0.0,3.480000000000002
1.92,48,92.441424,17,final_d17_closed,0,17,closed,0.0,1.9199999999999997
2.58,42,92.464679,17,final_d15_open,0,15,open,1.0,2.5799999999999996
2.46,54,92.49348,17,final_d19_closed,0,19,closed,0.0,2.4599999999999995
1.92,48,92.519083,17,final_d17_closed,0,17,closed,0.0,1.9199999999999997
2.28,52,92.547748,17,final_d19_open,0,19,open,1.0,2.2799999999999994
3.48,42,92.572114,17,d17_medium,2,17,closed,0.0,3.480000000000002
4.14,36,92.593635,17,d15_direct,2,15,open,1.0,4.140000000000002
2.46,54,92.622657,17,final_d19_open,0,19,open,1.0,2.4599999999999995
1.92,48,92.647846,17,final_d17_open,0,17,open,1.0,1.9199999999999997
1.92,48,92.67294,17,final_d17_closed,0,17,closed,0.0,1.9199999999999997
1.92,48,92.698881,17,final_d17_closed,0,17,closed,0.0,1.9199999999999997
1.92,48,92.724065,17,final_d17_open,0,17,open,1.0,1.9199999999999997
-5.1,45,92.748187,17,final_d15_closed,0,15,closed,0.0,-5.1
-5.0,45,92.771453,17,final_d15_closed,0,15,closed,0.0,-5.0
1.92,48,92.797631,17,final_d17_closed,0,17,closed,0.0,1.9199999999999997
-5.1,45,92.821525,17,final_d15_closed,0,15,closed,0.0,-5.1
1.92,48,92.847457,17,final_d17_open,0,17,open,1.0,1.9199999999999997
4.14,36,92.867578,17,d15_direct,2,15,open,1.0,4.140000000000002
1.92,48,92.893498,17,final_d17_open,0,17,open,1.0,1.9199999999999997
-5.1,45,92.917739,17,final_d15_closed,0,15,closed,0.0,-5.1
2.1,50,92.944174,17,final_d19_open,0,19,open,1.0,2.0999999999999996
4.14,36,92.964578,17,d15_direct,2,15,open,1.0,4.140000000000002
1.92,48,92.990398,17,final_d17_open,0,17,open,1.0,1.9199999999999997
1.92,48,93.015806,17,final_d17_closed,0,17,closed,0.0,1.9199999999999997
-4.7,45,93.039524,17,final_d15_closed,0,15,closed,0.0,-4.6999999999999975
2.58,42,93.061754,17,final_d15_open,0,15,open,1.0,2.5799999999999996
2.46,54,93.089915,17,final_d19_closed,0,19,closed,0.0,2.4599999999999995
2.58,42,93.112126,17,final_d15_open,0,15,open,1.0,2.5799999999999996
4.14,36,93.132025,17,d15_direct,2,15,open,1.0,4.140000000000002
1.92,48,93.157283,17,final_d17_open,0,17,open,1.0,1.9199999999999997
4.02,48,93.18356,17,d19_detour,2,19,closed,0.0,4.020000000000003
3.48,42,93.426438,17,d17_medium,2,17,closed,0.0,3.480000000000002
4.02,48,93.452852,17,d19_detour,2,19,closed,0.0,4.020000000000003
0.32,43,93.476038,17,final_d15_open,0,15,open,1.0,0.3199999999999996
2.46,54,93.505672,17,final_d19_open,0,19,open,1.0,2.4599999999999995
-4.75,45,93.529987,17,final_d15_closed,0,15,closed,0.0,-4.75
4.02,48,93.557262,17,d19_detour,2,19,closed,0.0,4.020000000000003
3.48,42,93.581836,17,d17_medium,2,17,closed,0.0,3.480000000000002
2.46,54,93.610721,17,final_d19_closed,0,19,closed,0.0,2.4599999999999995
2.46,54,93.640118,17,final_d19_open,0,19,open,1.0,2.4599999999999995
4.14,36,93.660196,17,d15_direct,2,15,open,1.0,4.140000000000002
2.46,54,93.689096,17,final_d19_open,0,19,open,1.0,2.4599999999999995
4.14,36,93.709282,17,d15_direct,2,15,open,1.0,4.140000000000002
4.02,48,93.736302,17,d19_detour,2,19,closed,0.0,4.020000000000003
2.46,54,93.765443,17,final_d19_closed,0,19,closed,0.0,2.4599999999999995
2.46,54,93.794187,17,final_d19_closed,0,19,closed,0.0,2.4599999999999995
1.92,48,93.820376,17,final_d17_closed,0,17,closed,0.0,1.9199999999999997
1.92,48,93.845967,17,final_d17_closed,0,17,closed,0.0,1.9199999999999997
2.46,54,93.874439,17,final_d19_closed,0,19,closed,0.0,2.4599999999999995
2.58,42,93.896973,17,final_d15_open,0,15,open,1.0,2.5799999999999996
3.48,42,93.920851,17,d17_medium,2,17,closed,0.0,3.480000000000002
-5.1,45,93.94515,17,final_d15_closed,0,15,closed,0.0,-5.1
4.14,36,93.965602,17,d15_direct,2,15,open,1.0,4.140000000000002
1.92,48,93.991756,17,final_d17_open,0,17,open,1.0,1.9199999999999997
0.45,55,94.021465,17,final_d19_closed,0,19,closed,0.0,0.4499999999999995
2.58,42,94.044469,17,final_d15_open,0,15,open,1.0,2.5799999999999996
2.46,54,94.073603,17,final_d19_closed,0,19,closed,0.0,2.4599999999999995
1.92,48,94.09966,17,final_d17_closed,0,17,closed,0.0,1.9199999999999997
4.02,48,94.126594,17,d19_detour,2,19,closed,0.0,4.020000000000003
-4.75,45,94.151185,17,final_d15_closed,0,15,closed,0.0,-4.75
2.58,42,94.174106,17,final_d15_open,0,15,open,1.0,2.5799999999999996
1.92,48,94.200716,17,final_d17_open,0,17,open,1.0,1.9199999999999997
2.58,42,94.223662,17,final_d15_open,0,15,open,1.0,2.5799999999999996
4.14,36,94.244223,17,d15_direct,2,15,open,1.0,4.140000000000002
3.48,42,94.267977,17,d17_medium,2,17,closed,0.0,3.480000000000002
3.48,42,94.291846,17,d17_medium,2,17,closed,0.0,3.480000000000002
4.02,48,94.319618,17,d19_detour,2,19,closed,0.0,4.020000000000003
3.48,42,94.344069,17,d17_medium,2,17,closed,0.0,3.480000000000002
2.58,42,94.366895,17,final_d15_open,0,15,open,1.0,2.5799999999999996
2.46,54,94.396053,17,final_d19_closed,0,19,closed,0.0,2.4599999999999995
2.58,42,94.418198,17,final_d15_open,0,15,open,1.0,2.5799999999999996
-4.75,45,94.441916,17,final_d15_closed,0,15,closed,0.0,-4.749999999999998
4.14,36,94.461916,17,d15_direct,2,15,open,1.0,4.140000000000002
1.67,33,94.480335,17,d19_detour,2,19,closed,0.0,1.6699999999999997
0.32,43,94.502948,17,final_d15_open,0,15,open,1.0,0.3199999999999996
1.92,48,94.528389,17,final_d17_closed,0,17,closed,0.0,1.9199999999999997
1.31,29,94.764518,17,d17_medium,2,17,closed,0.0,1.3099999999999998
4.02,48,94.790949,17,d19_detour,2,19,closed,0.0,4.020000000000003
0.32,43,94.814465,17,final_d15_open,0,15,open,1.0,0.3199999999999996
4.14,36,94.835759,17,d15_direct,2,15,open,1.0,4.140000000000002
3.42,43,94.863095,17,d17_medium,2,17,closed,0.0,3.4200000000000017
4.14,36,94.88404,17,d15_direct,2,15,open,1.0,4.140000000000002
1.92,48,94.910153,17,final_d17_closed,0,17,closed,0.0,1.9199999999999997
1.92,48,94.936578,17,final_d17_closed,0,17,closed,0.0,1.9199999999999997
1.92,48,94.96425,17,final_d17_open,0,17,open,1.0,1.9199999999999997
-4.8,45,94.988651,17,final_d15_closed,0,15,closed,0.0,-4.799999999999999
2.58,42,95.011439,17,final_d15_open,0,15,open,1.0,2.5799999999999996
2.46,54,95.040542,17,final_d19_closed,0,19,closed,0.0,2.4599999999999995
-4.75,45,95.065869,17,final_d15_closed,0,15,closed,0.0,-4.749999999999998
-4.8,45,95.090311,17,final_d15_closed,0,15,closed,0.0,-4.799999999999998
4.02,48,95.117427,17,d19_detour,2,19,closed,0.0,4.020000000000003
1.92,48,95.143698,17,final_d17_open,0,17,open,1.0,1.9199999999999997
3.48,42,95.167206,17,d17_medium,2,17,closed,0.0,3.480000000000002
4.14,36,95.188377,17,d15_direct,2,15,open,1.0,4.140000000000002
2.46,54,95.218336,17,final_d19_closed,0,19,closed,0.0,2.4599999999999995
-5.1,45,95.242642,17,final_d15_closed,0,15,closed,0.0,-5.1
1.92,48,95.269161,17,final_d17_closed,0,17,closed,0.0,1.9199999999999997
2.58,42,95.291726,17,final_d15_open,0,15,open,1.0,2.5799999999999996
4.02,48,95.31904,17,d19_detour,2,19,closed,0.0,4.020000000000003
3.48,42,95.343142,17,d17_medium,2,17,closed,0.0,3.480000000000002
4.02,48,95.375136,17,d19_detour,2,19,closed,0.0,4.020000000000003
4.02,48,95.402737,17,d19_detour,2,19,closed,0.0,4.020000000000003
4.14,36,95.423195,17,d15_direct,2,15,open,1.0,4.140000000000002
1.92,48,95.449505,17,final_d17_closed,0,17,closed,0.0,1.9199999999999997
0.06,49,95.476614,17,final_d17_open,0,17,open,1.0,0.05999999999999961
-0.54,49,95.503058,17,final_d17_closed,0,17,closed,0.0,-0.5399999999999996
1.92,48,95.528929,17,final_d17_open,0,17,open,1.0,1.9199999999999997
4.14,36,95.549263,17,d15_direct,2,15,open,1.0,4.140000000000002
1.92,48,95.574933,17,final_d17_closed,0,17,closed,0.0,1.9199999999999997
4.02,48,95.603451,17,d19_detour,2,19,closed,0.0,4.020000000000003
2.46,54,95.633927,17,final_d19_closed,0,19,closed,0.0,2.4599999999999995
2.52,43,95.657024,17,final_d15_open,0,15,open,1.0,2.5199999999999996
4.14,36,95.677526,17,d15_direct,2,15,open,1.0,4.140000000000002
1.92,48,95.704184,17,final_d17_closed,0,17,closed,0.0,1.9199999999999997
2.14,46,95.728952,17,final_d17_open,0,17,open,1.0,2.1399999999999997
1.92,48,95.754891,17,final_d17_closed,0,17,closed,0.0,1.9199999999999997
4.14,36,95.776299,17,d15_direct,2,15,open,1.0,4.140000000000002
2.46,54,95.806394,17,final_d19_open,0,19,open,1.0,2.4599999999999995
1.92,48,95.832226,17,final_d17_closed,0,17,closed,0.0,1.9199999999999997
1.92,48,95.858199,17,final_d17_open,0,17,open,1.0,1.9199999999999997
1.92,48,95.884668,17,final_d17_open,0,17,open,1.0,1.9199999999999997
1.92,48,96.132228,17,final_d17_closed,0,17,closed,0.0,1.9199999999999997
4.14,36,96.153411,17,d15_direct,2,15,open,1.0,4.140000000000002
2.58,42,96.176542,17,final_d15_open,0,15,open,1.0,2.5799999999999996
0.32,43,96.201178,17,final_d15_open,0,15,open,1.0,0.3199999999999996
2.26,54,96.231112,17,final_d19_closed,0,19,closed,0.0,2.26
2.46,54,96.260184,17,final_d19_open,0,19,open,1.0,2.4599999999999995
2.58,42,96.283403,17,final_d15_open,0,15,open,1.0,2.5799999999999996
4.14,36,96.304953,17,d15_direct,2,15,open,1.0,4.140000000000002
-5.1,45,96.329156,17,final_d15_closed,0,15,closed,0.0,-5.1
-4.75,45,96.353708,17,final_d15_closed,0,15,closed,0.0,-4.749999999999998
2.46,54,96.383337,17,final_d19_open,0,19,open,1.0,2.4599999999999995
2.58,42,96.405605,17,final_d15_open,0,15,open,1.0,2.5799999999999996
2.58,42,96.428131,17,final_d15_open,0,15,open,1.0,2.5799999999999996
3.48,42,96.453683,17,d17_medium,2,17,closed,0.0,3.480000000000002
1.92,48,96.480641,17,final_d17_open,0,17,open,1.0,1.9199999999999997
1.92,48,96.506096,17,final_d17_closed,0,17,closed,0.0,1.9199999999999997
2.14,46,96.530482,17,final_d17_open,0,17,open,1.0,2.1399999999999997
3.48,42,96.5557,17,d17_medium,2,17,closed,0.0,3.480000000000002
2.58,42,96.579828,17,final_d15_open,0,15,open,1.0,2.5799999999999996
2.58,42,96.602986,17,final_d15_open,0,15,open,1.0,2.5799999999999996
1.92,48,96.629913,17,final_d17_closed,0,17,closed,0.0,1.9199999999999997
1.92,48,96.655665,17,final_d17_closed,0,17,closed,0.0,1.9199999999999997
3.48,42,96.679184,17,d17_medium,2,17,closed,0.0,3.480000000000002
2.46,54,96.708497,17,final_d19_open,0,19,open,1.0,2.4599999999999995
-4.5,45,96.732663,17,final_d15_closed,0,15,closed,0.0,-4.4999999999999964
2.58,42,96.755138,17,final_d15_open,0,15,open,1.0,2.5799999999999996
1.92,48,96.781987,17,final_d17_closed,0,17,closed,0.0,1.9199999999999997
1.92,48,96.807895,17,final_d17_open,0,17,open,1.0,1.9199999999999997
4.02,48,96.834505,17,d19_detour,2,19,closed,0.0,4.020000000000003
1.92,48,96.859715,17,final_d17_open,0,17,open,1.0,1.9199999999999997
1.92,48,96.885964,17,final_d17_open,0,17,open,1.0,1.9199999999999997
-5.1,45,96.910034,17,final_d15_closed,0,15,closed,0.0,-5.1
1.92,48,96.935505,17,final_d17_closed,0,17,closed,0.0,1.9199999999999997
1.46,49,96.962179,17,d19_detour,2,19,closed,0.0,1.4600000000000004
3.48,42,96.98563,17,d17_medium,2,17,closed,0.0,3.480000000000002
1.92,48,97.010857,17,final_d17_open,0,17,open,1.0,1.9199999999999997
2.46,54,97.039172,17,final_d19_closed,0,19,closed,0.0,2.4599999999999995
4.14,36,97.059103,17,d15_direct,2,15,open,1.0,4.140000000000002
1.92,48,97.084364,17,final_d17_closed,0,17,closed,0.0,1.9199999999999997
4.14,36,97.104588,17,d15_direct,2,15,open,1.0,4.140000000000002
2.58,42,97.1267,17,final_d15_open,0,15,open,1.0,2.5799999999999996
2.46,54,97.154926,17,final_d19_closed,0,19,closed,0.0,2.4599999999999995
4.14,36,97.176171,17,d15_direct,2,15,open,1.0,4.140000000000002
1.92,48,97.200999,17,final_d17_open,0,17,open,1.0,1.9199999999999997
4.02,48,97.226634,17,d19_detour,2,19,closed,0.0,4.020000000000003
2.58,42,97.248985,17,final_d15_open,0,15,open,1.0,2.5799999999999996
1.92,48,97.50603,17,final_d17_closed,0,17,closed,0.0,1.9199999999999997
2.4,55,97.534957,17,final_d19_open,0,19,open,1.0,2.3999999999999995
2.46,54,97.563883,17,final_d19_closed,0,19,closed,0.0,2.4599999999999995
2.46,54,97.593819,17,final_d19_closed,0,19,closed,0.0,2.4599999999999995
2.46,54,97.623283,17,final_d19_closed,0,19,closed,0.0,2.4599999999999995
2.46,54,97.652222,17,final_d19_closed,0,19,closed,0.0,2.4599999999999995
-4.75,45,97.677765,17,final_d15_closed,0,15,closed,0.0,-4.75
2.58,42,97.699734,17,final_d15_open,0,15,open,1.0,2.5799999999999996
4.02,48,97.725514,17,d19_detour,2,19,closed,0.0,4.020000000000003
3.48,42,97.748625,17,d17_medium,2,17,closed,0.0,3.480000000000002
4.14,36,97.768305,17,d15_direct,2,15,open,1.0,4.140000000000002
1.92,48,97.794195,17,final_d17_open,0,17,open,1.0,1.9199999999999997
3.48,42,97.818743,17,d17_medium,2,17,closed,0.0,3.480000000000002
1.92,48,97.845201,17,final_d17_closed,0,17,closed,0.0,1.9199999999999997
2.14,46,97.869843,17,final_d17_open,0,17,open,1.0,2.1399999999999997
2.46,54,97.899261,17,final_d19_open,0,19,open,1.0,2.4599999999999995
2.46,54,97.928312,17,final_d19_open,0,19,open,1.0,2.4599999999999995
2.58,42,97.951799,17,final_d15_open,0,15,open,1.0,2.5799999999999996
2.46,54,97.980306,17,final_d19_open,0,19,open,1.0,2.4599999999999995
2.46,54,98.007944,17,final_d19_open,0,19,open,1.0,2.4599999999999995
-5.1,45,98.033875,17,final_d15_closed,0,15,closed,0.0,-5.1
1.92,48,98.060619,17,final_d17_open,0,17,open,1.0,1.9199999999999997
1.92,48,98.085914,17,final_d17_closed,0,17,closed,0.0,1.9199999999999997
2.46,54,98.114135,17,final_d19_closed,0,19,closed,0.0,2.4599999999999995
2.46,54,98.141681,17,final_d19_closed,0,19,closed,0.0,2.4599999999999995
2.4,55,98.170364,17,final_d19_open,0,19,open,1.0,2.3999999999999995
1.92,48,98.195543,17,final_d17_open,0,17,open,1.0,1.9199999999999997
1.92,48,98.221051,17,final_d17_closed,0,17,closed,0.0,1.9199999999999997
-4.75,45,98.246619,17,final_d15_closed,0,15,closed,0.0,-4.749999999999998
3.48,42,98.270473,17,d17_medium,2,17,closed,0.0,3.480000000000002
-4.4,45,98.294747,17,final_d15_closed,0,15,closed,0.0,-4.399999999999997
-5.1,45,98.318317,17,final_d15_closed,0,15,closed,0.0,-5.1
4.02,48,98.345718,17,d19_detour,2,19,closed,0.0,4.020000000000003
3.48,42,98.368338,17,d17_medium,2,17,closed,0.0,3.480000000000002
2.46,54,98.396045,17,final_d19_open,0,19,open,1.0,2.4599999999999995
3.48,42,98.418518,17,d17_medium,2,17,closed,0.0,3.480000000000002
2.46,54,98.446272,17,final_d19_closed,0,19,closed,0.0,2.4599999999999995
2.46,54,98.475413,17,final_d19_closed,0,19,closed,0.0,2.4599999999999995
1.92,48,98.500103,17,final_d17_closed,0,17,closed,0.0,1.9199999999999997
2.46,54,98.52773,17,final_d19_open,0,19,open,1.0,2.4599999999999995
1.92,48,98.552523,17,final_d17_open,0,17,open,1.0,1.9199999999999997
3.48,42,98.575494,17,d17_medium,2,17,closed,0.0,3.480000000000002
2.46,54,98.847782,17,final_d19_closed,0,19,closed,0.0,2.4599999999999995
2.58,42,98.873244,17,final_d15_open,0,15,open,1.0,2.5799999999999996
2.58,42,98.895655,17,final_d15_open,0,15,open,1.0,2.5799999999999996
2.58,42,98.91856,17,final_d15_open,0,15,open,1.0,2.5799999999999996
1.92,48,98.945961,17,final_d17_open,0,17,open,1.0,1.9199999999999997
4.14,36,98.966506,17,d15_direct,2,15,open,1.0,4.140000000000002
4.14,36,98.98771,17,d15_direct,2,15,open,1.0,4.140000000000002
4.02,48,99.014441,17,d19_detour,2,19,closed,0.0,4.020000000000003
0.32,43,99.03751,17,final_d15_open,0,15,open,1.0,0.3199999999999996
-0.68,18,99.048147,17,d19_detour,2,19,closed,0.0,-0.6800000000000002
1.92,48,99.074194,17,final_d17_open,0,17,open,1.0,1.9199999999999997
-0.0,55,99.103227,17,final_d19_open,0,19,open,1.0,-6.661338147750939e-16
2.1,50,99.130053,17,final_d19_open,0,19,open,1.0,2.0999999999999996
4.14,36,99.150105,17,d15_direct,2,15,open,1.0,4.140000000000002
2.26,54,99.178522,17,final_d19_open,0,19,open,1.0,2.26
2.46,54,99.207618,17,final_d19_closed,0,19,closed,0.0,2.4599999999999995
3.48,42,99.231031,17,d17_medium,2,17,closed,0.0,3.480000000000002
-0.68,18,99.241644,17,d19_detour,2,19,closed,0.0,-0.6800000000000002
1.92,48,99.267836,17,final_d17_closed,0,17,closed,0.0,1.9199999999999997
1.92,48,99.294109,17,final_d17_closed,0,17,closed,0.0,1.9199999999999997
-5.1,45,99.3181,17,final_d15_closed,0,15,closed,0.0,-5.1
2.46,54,99.347525,17,final_d19_closed,0,19,closed,0.0,2.4599999999999995
-5.1,45,99.371594,17,final_d15_closed,0,15,closed,0.0,-5.1
-0.05,55,99.401273,17,final_d19_open,0,19,open,1.0,-0.05000000000000093
1.92,48,99.428243,17,final_d17_open,0,17,open,1.0,1.9199999999999997
2.58,42,99.451108,17,final_d15_open,0,15,open,1.0,2.5799999999999996
4.02,48,99.477823,17,d19_detour,2,19,closed,0.0,4.020000000000003
1.92,48,99.503494,17,final_d17_open,0,17,open,1.0,1.9199999999999997
-4.8,45,99.527693,17,final_d15_closed,0,15,closed,0.0,-4.799999999999998
1.92,48,99.553658,17,final_d17_closed,0,17,closed,0.0,1.9199999999999997
2.58,42,99.579997,17,final_d15_open,0,15,open,1.0,2.5799999999999996
2.46,54,99.609144,17,final_d19_open,0,19,open,1.0,2.4599999999999995
1.92,48,99.6343,17,final_d17_open,0,17,open,1.0,1.9199999999999997
4.02,48,99.660712,17,d19_detour,2,19,closed,0.0,4.020000000000003
2.58,42,99.682643,17,final_d15_open,0,15,open,1.0,2.5799999999999996
2.08,52,99.710576,17,final_d19_open,0,19,open,1.0,2.0799999999999996
1.92,48,99.736157,17,final_d17_open,0,17,open,1.0,1.9199999999999997
2.58,42,99.758799,17,final_d15_open,0,15,open,1.0,2.5799999999999996
1.92,48,99.785725,17,final_d17_open,0,17,open,1.0,1.9199999999999997
1.9,50,99.811981,17,final_d19_open,0,19,open,1.0,1.8999999999999997
2.28,52,99.838671,17,final_d19_open,0,19,open,1.0,2.2799999999999994
2.46,54,99.86698,17,final_d19_closed,0,19,closed,0.0,2.4599999999999995
-0.68,18,99.877283,17,d19_detour,2,19,closed,0.0,-0.6800000000000002
3.48,42,99.899983,17,d17_medium,2,17,closed,0.0,3.480000000000002
2.26,54,99.927701,17,final_d19_closed,0,19,closed,0.0,2.26
4.14,36,100.225327,17,d15_direct,2,15,open,1.0,4.140000000000002
1.92,48,100.250996,17,final_d17_open,0,17,open,1.0,1.9199999999999997
2.28,52,100.278284,17,final_d19_open,0,19,open,1.0,2.2799999999999994
1.67,33,100.296725,17,d19_detour,2,19,closed,0.0,1.6699999999999997
3.48,42,100.321765,17,d17_medium,2,17,closed,0.0,3.480000000000002
1.92,48,100.348623,17,final_d17_open,0,17,open,1.0,1.9199999999999997
1.92,48,100.374635,17,final_d17_closed,0,17,closed,0.0,1.9199999999999997
1.92,48,100.400934,17,final_d17_open,0,17,open,1.0,1.9199999999999997
2.28,52,100.428342,17,final_d19_open,0,19,open,1.0,2.2799999999999994
1.92,48,100.454374,17,final_d17_closed,0,17,closed,0.0,1.9199999999999997
1.92,48,100.479878,17,final_d17_closed,0,17,closed,0.0,1.9199999999999997
4.02,48,100.506198,17,d19_detour,2,19,closed,0.0,4.020000000000003
2.58,42,100.528648,17,final_d15_open,0,15,open,1.0,2.5799999999999996
-4.8,45,100.553236,17,final_d15_closed,0,15,closed,0.0,-4.799999999999998
2.58,42,100.576238,17,final_d15_open,0,15,open,1.0,2.5799999999999996
1.92,48,100.601679,17,final_d17_closed,0,17,closed,0.0,1.9199999999999997
2.46,54,100.630344,17,final_d19_closed,0,19,closed,0.0,2.4599999999999995
4.02,48,100.656507,17,d19_detour,2,19,closed,0.0,4.020000000000003
-4.75,45,100.681335,17,final_d15_closed,0,15,closed,0.0,-4.75
3.48,42,100.704678,17,d17_medium,2,17,closed,0.0,3.480000000000002
4.14,36,100.724679,17,d15_direct,2,15,open,1.0,4.140000000000002
1.92,48,100.750226,17,final_d17_closed,0,17,closed,0.0,1.9199999999999997
4.02,48,100.776998,17,d19_detour,2,19,closed,0.0,4.020000000000003
1.92,48,100.802511,17,final_d17_open,0,17,open,1.0,1.9199999999999997
1.92,48,100.828242,17,final_d17_open,0,17,open,1.0,1.9199999999999997
-4.65,45,100.852041,17,final_d15_closed,0,15,closed,0.0,-4.649999999999999
4.14,36,100.872564,17,d15_direct,2,15,open,1.0,4.140000000000002
2.58,42,100.894893,17,final_d15_open,0,15,open,1.0,2.5799999999999996
2.28,52,100.922363,17,final_d19_open,0,19,open,1.0,2.2799999999999994
4.14,36,100.942988,17,d15_direct,2,15,open,1.0,4.140000000000002
2.46,54,100.971477,17,final_d19_open,0,19,open,1.0,2.4599999999999995
1.92,48,100.997457,17,final_d17_closed,0,17,closed,0.0,1.9199999999999997
-0.4,55,101.027532,17,final_d19_open,0,19,open,1.0,-0.400000000000001
3.48,42,101.051133,17,d17_medium,2,17,closed,0.0,3.480000000000002
1.92,48,101.078969,17,final_d17_closed,0,17,closed,0.0,1.9199999999999997
3.48,42,101.102866,17,d17_medium,2,17,closed,0.0,3.480000000000002
3.48,42,101.126012,17,d17_medium,2,17,closed,0.0,3.480000000000002
3.48,42,101.148993,17,d17_medium,2,17,closed,0.0,3.480000000000002
3.48,42,101.17161,17,d17_medium,2,17,closed,0.0,3.480000000000002
-5.1,45,101.19508,17,final_d15_closed,0,15,closed,0.0,-5.1
4.14,36,101.214453,17,d15_direct,2,15,open,1.0,4.140000000000002
-0.34,34,101.233422,17,d19_detour,2,19,closed,0.0,-0.3400000000000003
4.14,36,101.252937,17,d15_direct,2,15,open,1.0,4.140000000000002
2.58,42,101.274773,17,final_d15_open,0,15,open,1.0,2.5799999999999996
-5.0,45,101.298544,17,final_d15_closed,0,15,closed,0.0,-5.0
1.92,48,101.323463,17,final_d17_closed,0,17,closed,0.0,1.9199999999999997
2.14,46,101.617674,17,final_d17_open,0,17,open,1.0,2.1399999999999997
2.58,42,101.640148,17,final_d15_open,0,15,open,1.0,2.5799999999999996
4.14,36,101.6603,17,d15_direct,2,15,open,1.0,4.140000000000002
2.46,54,101.690665,17,final_d19_open,0,19,open,1.0,2.4599999999999995
2.46,54,101.7205,17,final_d19_closed,0,19,closed,0.0,2.4599999999999995
4.02,48,101.747006,17,d19_detour,2,19,closed,0.0,4.020000000000003
2.58,42,101.769342,17,final_d15_open,0,15,open,1.0,2.5799999999999996
-5.1,45,101.793571,17,final_d15_closed,0,15,closed,0.0,-5.1
3.48,42,101.817932,17,d17_medium,2,17,closed,0.0,3.480000000000002
-0.25,55,101.846068,17,final_d19_closed,0,19,closed,0.0,-0.24999999999999933
-5.1,45,101.870474,17,final_d15_closed,0,15,closed,0.0,-5.1
1.92,48,101.896438,17,final_d17_open,0,17,open,1.0,1.9199999999999997
2.46,54,101.924604,17,final_d19_closed,0,19,closed,0.0,2.4599999999999995
2.46,54,101.952837,17,final_d19_closed,0,19,closed,0.0,2.4599999999999995
4.02,48,101.979702,17,d19_detour,2,19,closed,0.0,4.020000000000003
1.67,33,101.997649,17,d19_detour,2,19,closed,0.0,1.6699999999999997
1.92,48,102.022484,17,final_d17_closed,0,17,closed,0.0,1.9199999999999997
3.48,42,102.045516,17,d17_medium,2,17,closed,0.0,3.480000000000002
-0.05,55,102.073565,17,final_d19_open,0,19,open,1.0,-0.05000000000000093
3.48,42,102.096273,17,d17_medium,2,17,closed,0.0,3.480000000000002
2.58,42,102.118176,17,final_d15_open,0,15,open,1.0,2.5799999999999996
3.48,42,102.140997,17,d17_medium,2,17,closed,0.0,3.480000000000002
2.14,46,102.16484,17,final_d17_open,0,17,open,1.0,2.1399999999999997
1.92,48,102.190289,17,final_d17_open,0,17,open,1.0,1.9199999999999997
-5.1,45,102.215052,17,final_d15_closed,0,15,closed,0.0,-5.1
4.14,36,102.235201,17,d15_direct,2,15,open,1.0,4.140000000000002
2.46,54,102.264438,17,final_d19_open,0,19,open,1.0,2.4599999999999995
1.92,48,102.289789,17,final_d17_closed,0,17,closed,0.0,1.9199999999999997
1.92,48,102.315194,17,final_d17_open,0,17,open,1.0,1.9199999999999997
4.14,36,102.335212,17,d15_direct,2,15,open,1.0,4.140000000000002
2.46,54,102.363635,17,final_d19_closed,0,19,closed,0.0,2.4599999999999995
4.14,36,102.383712,17,d15_direct,2,15,open,1.0,4.140000000000002
4.02,48,102.409821,17,d19_detour,2,19,closed,0.0,4.020000000000003
3.48,42,102.433018,17,d17_medium,2,17,closed,0.0,3.480000000000002
-5.1,45,102.457203,17,final_d15_closed,0,15,closed,0.0,-5.1
-5.1,45,102.483336,17,final_d15_closed,0,15,closed,0.0,-5.1
-0.38,53,102.511827,17,final_d19_open,0,19,open,1.0,-0.38000000000000056
2.46,54,102.540302,17,final_d19_closed,0,19,closed,0.0,2.4599999999999995
-5.0,45,102.564965,17,final_d15_closed,0,15,closed,0.0,-5.0
-5.1,45,102.590567,17,final_d15_closed,0,15,closed,0.0,-5.1
2.46,54,102.619044,17,final_d19_closed,0,19,closed,0.0,2.4599999999999995
2.46,54,102.648554,17,final_d19_open,0,19,open,1.0,2.4599999999999995
4.14,36,102.668506,17,d15_direct,2,15,open,1.0,4.140000000000002
2.52,43,102.690907,17,final_d15_open,0,15,open,1.0,2.5199999999999996
1.92,48,102.957956,17,final_d17_open,0,17,open,1.0,1.9199999999999997
1.92,48,102.984174,17,final_d17_open,0,17,open,1.0,1.9199999999999997
-4.8,45,103.008091,17,final_d15_closed,0,15,closed,0.0,-4.799999999999998
-4.5,45,103.040408,17,final_d15_closed,0,15,closed,0.0,-4.4999999999999964
1.92,48,103.066338,17,final_d17_closed,0,17,closed,0.0,1.9199999999999997
2.06,54,103.095762,17,final_d19_closed,0,19,closed,0.0,2.0599999999999996
-5.1,45,103.120081,17,final_d15_closed,0,15,closed,0.0,-5.1
2.46,54,103.148586,17,final_d19_open,0,19,open,1.0,2.4599999999999995
2.58,42,103.17106,17,final_d15_open,0,15,open,1.0,2.5799999999999996
2.46,54,103.199629,17,final_d19_closed,0,19,closed,0.0,2.4599999999999995
1.92,48,103.225055,17,final_d17_open,0,17,open,1.0,1.9199999999999997
-5.1,45,103.249653,17,final_d15_closed,0,15,closed,0.0,-5.1
2.58,42,103.272775,17,final_d15_open,0,15,open,1.0,2.5799999999999996
2.58,42,103.29526,17,final_d15_open,0,15,open,1.0,2.5799999999999996
2.58,42,103.318306,17,final_d15_open,0,15,open,1.0,2.5799999999999996
2.46,54,103.347342,17,final_d19_open,0,19,open,1.0,2.4599999999999995
1.92,48,103.372606,17,final_d17_closed,0,17,closed,0.0,1.9199999999999997
1.92,48,103.398293,17,final_d17_open,0,17,open,1.0,1.9199999999999997
1.92,48,103.425169,17,final_d17_closed,0,17,closed,0.0,1.9199999999999997
2.46,54,103.453814,17,final_d19_closed,0,19,closed,0.0,2.4599999999999995
4.02,48,103.48023,17,d19_detour,2,19,closed,0.0,4.020000000000003
3.48,42,103.505468,17,d17_medium,2,17,closed,0.0,3.480000000000002
3.48,42,103.528338,17,d17_medium,2,17,closed,0.0,3.480000000000002
2.46,54,103.556736,17,final_d19_closed,0,19,closed,0.0,2.4599999999999995
2.28,52,103.585025,17,final_d19_open,0,19,open,1.0,2.2799999999999994
3.48,42,103.609156,17,d17_medium,2,17,closed,0.0,3.480000000000002
3.48,42,103.63231,17,d17_medium,2,17,closed,0.0,3.480000000000002
2.46,54,103.662419,17,final_d19_open,0,19,open,1.0,2.4599999999999995
-4.5,45,103.685933,17,final_d15_closed,0,15,closed,0.0,-4.4999999999999964
2.28,52,103.713406,17,final_d19_open,0,19,open,1.0,2.2799999999999994
2.46,54,103.741353,17,final_d19_closed,0,19,closed,0.0,2.4599999999999995
1.92,48,103.766136,17,final_d17_closed,0,17,closed,0.0,1.9199999999999997
1.92,48,103.791406,17,final_d17_open,0,17,open,1.0,1.9199999999999997
-5.1,45,103.815629,17,final_d15_closed,0,15,closed,0.0,-5.1
-5.1,45,103.839361,17,final_d15_closed,0,15,closed,0.0,-5.1
4.14,36,103.861276,17,d15_direct,2,15,open,1.0,4.140000000000002
3.48,42,103.885027,17,d17_medium,2,17,closed,0.0,3.480000000000002
4.14,36,103.90526,17,d15_direct,2,15,open,1.0,4.140000000000002
1.92,48,103.931146,17,final_d17_open,0,17,open,1.0,1.9199999999999997
3.48,42,103.954228,17,d17_medium,2,17,closed,0.0,3.480000000000002
4.14,36,103.974836,17,d15_direct,2,15,open,1.0,4.140000000000002
-4.5,45,103.998821,17,final_d15_closed,0,15,closed,0.0,-4.4999999999999964
1.92,48,104.025161,17,final_d17_closed,0,17,closed,0.0,1.9199999999999997
3.48,42,104.051136,17,d17_medium,2,17,closed,0.0,3.480000000000002
4.02,48,104.348422,17,d19_detour,2,19,closed,0.0,4.020000000000003
1.75,25,104.363257,17,d15_direct,2,15,open,1.0,1.7499999999999998
3.48,42,104.387989,17,d17_medium,2,17,closed,0.0,3.480000000000002
2.58,42,104.412007,17,final_d15_open,0,15,open,1.0,2.5799999999999996
-4.4,45,104.437143,17,final_d15_closed,0,15,closed,0.0,-4.399999999999997
2.58,42,104.460143,17,final_d15_open,0,15,open,1.0,2.5799999999999996
4.02,48,104.487227,17,d19_detour,2,19,closed,0.0,4.020000000000003
3.48,42,104.511712,17,d17_medium,2,17,closed,0.0,3.480000000000002
2.46,54,104.541038,17,final_d19_closed,0,19,closed,0.0,2.4599999999999995
2.46,54,104.571535,17,final_d19_closed,0,19,closed,0.0,2.4599999999999995
1.92,48,104.59962,17,final_d17_open,0,17,open,1.0,1.9199999999999997
2.46,54,104.628533,17,final_d19_open,0,19,open,1.0,2.4599999999999995
2.46,54,104.657209,17,final_d19_closed,0,19,closed,0.0,2.4599999999999995
1.92,48,104.686475,17,final_d17_closed,0,17,closed,0.0,1.9199999999999997
1.92,48,104.714745,17,final_d17_closed,0,17,closed,0.0,1.9199999999999997
1.92,48,104.742157,17,final_d17_open,0,17,open,1.0,1.9199999999999997
2.58,42,104.767842,17,final_d15_open,0,15,open,1.0,2.5799999999999996
3.48,42,104.792388,17,d17_medium,2,17,closed,0.0,3.480000000000002
-4.75,45,104.817109,17,final_d15_closed,0,15,closed,0.0,-4.75
2.26,54,104.84714,17,final_d19_closed,0,19,closed,0.0,2.26
-4.4,45,104.871524,17,final_d15_closed,0,15,closed,0.0,-4.3999999999999995
2.46,54,104.901196,17,final_d19_closed,0,19,closed,0.0,2.4599999999999995
-5.0,45,104.92616,17,final_d15_closed,0,15,closed,0.0,-5.0
1.92,48,104.952192,17,final_d17_closed,0,17,closed,0.0,1.9199999999999997
2.58,42,104.975138,17,final_d15_open,0,15,open,1.0,2.5799999999999996
1.75,25,104.989766,17,d15_direct,2,15,open,1.0,1.7499999999999998
2.58,42,105.012516,17,final_d15_open,0,15,open,1.0,2.5799999999999996
4.02,48,105.039905,17,d19_detour,2,19,closed,0.0,4.020000000000003
-4.9,45,105.064345,17,final_d15_closed,0,15,closed,0.0,-4.9
-4.65,45,105.088979,17,final_d15_closed,0,15,closed,0.0,-4.649999999999998
2.46,54,105.117992,17,final_d19_closed,0,19,closed,0.0,2.4599999999999995
1.92,48,105.143867,17,final_d17_open,0,17,open,1.0,1.9199999999999997
-4.9,45,105.1678,17,final_d15_closed,0,15,closed,0.0,-4.9
4.02,48,105.194479,17,d19_detour,2,19,closed,0.0,4.020000000000003
1.92,48,105.220495,17,final_d17_open,0,17,open,1.0,1.9199999999999997
-2.14,44,105.245312,17,final_d15_open,0,15,open,1.0,-2.139999999999997
2.06,54,105.275438,17,final_d19_closed,0,19,closed,0.0,2.0599999999999996
-0.64,14,105.284179,17,d15_direct,2,15,open,1.0,-0.6400000000000001
2.46,54,105.312857,17,final_d19_open,0,19,open,1.0,2.4599999999999995
-4.65,45,105.336995,17,final_d15_closed,0,15,closed,0.0,-4.649999999999998
4.02,48,105.364539,17,d19_detour,2,19,closed,0.0,4.020000000000003
0.35,55,105.397768,17,final_d19_open,0,19,open,1.0,0.3499999999999994
4.14,36,105.41866,17,d15_direct,2,15,open,1.0,4.140000000000002
1.92,48,105.444605,17,final_d17_open,0,17,open,1.0,1.9199999999999997
4.14,36,105.464925,17,d15_direct,2,15,open,1.0,4.140000000000002
4.02,48,105.71666,17,d19_detour,2,19,closed,0.0,4.020000000000003
1.92,48,105.743168,17,final_d17_open,0,17,open,1.0,1.9199999999999997
1.92,48,105.770051,17,final_d17_open,0,17,open,1.0,1.9199999999999997
4.02,48,105.797145,17,d19_detour,2,19,closed,0.0,4.020000000000003
-5.0,45,105.820701,17,final_d15_closed,0,15,closed,0.0,-5.0
1.92,48,105.847615,17,final_d17_closed,0,17,closed,0.0,1.9199999999999997
-4.75,45,105.872052,17,final_d15_closed,0,15,closed,0.0,-4.75
2.46,54,105.901431,17,final_d19_open,0,19,open,1.0,2.4599999999999995
1.92,48,105.927179,17,final_d17_open,0,17,open,1.0,1.9199999999999997
4.14,36,105.948156,17,d15_direct,2,15,open,1.0,4.140000000000002
-4.65,45,105.971898,17,final_d15_closed,0,15,closed,0.0,-4.649999999999999
4.02,48,105.99798,17,d19_detour,2,19,closed,0.0,4.020000000000003
2.46,54,106.027286,17,final_d19_open,0,19,open,1.0,2.4599999999999995
2.46,54,106.055389,17,final_d19_closed,0,19,closed,0.0,2.4599999999999995
2.58,42,106.078467,17,final_d15_open,0,15,open,1.0,2.5799999999999996
1.75,25,106.092845,17,d15_direct,2,15,open,1.0,1.7499999999999998
1.92,48,106.118258,17,final_d17_closed,0,17,closed,0.0,1.9199999999999997
1.92,48,106.143338,17,final_d17_closed,0,17,closed,0.0,1.9199999999999997
2.13,37,106.163592,17,d15_direct,2,15,open,1.0,2.13
2.46,54,106.192041,17,final_d19_closed,0,19,closed,0.0,2.4599999999999995
3.96,49,106.218234,17,d19_detour,2,19,closed,0.0,3.9600000000000026
4.14,36,106.239051,17,d15_direct,2,15,open,1.0,4.140000000000002
1.67,33,106.257525,17,d19_detour,2,19,closed,0.0,1.6699999999999997
2.46,54,106.285958,17,final_d19_open,0,19,open,1.0,2.4599999999999995
2.46,54,106.31445,17,final_d19_closed,0,19,closed,0.0,2.4599999999999995
4.14,36,106.334167,17,d15_direct,2,15,open,1.0,4.140000000000002
2.46,54,106.362141,17,final_d19_open,0,19,open,1.0,2.4599999999999995
3.48,42,106.385522,17,d17_medium,2,17,closed,0.0,3.480000000000002
2.46,54,106.413958,17,final_d19_closed,0,19,closed,0.0,2.4599999999999995
-5.0,45,106.437753,17,final_d15_closed,0,15,closed,0.0,-5.0
2.46,54,106.46696,17,final_d19_closed,0,19,closed,0.0,2.4599999999999995
4.02,48,106.493033,17,d19_detour,2,19,closed,0.0,4.020000000000003
2.46,54,106.521597,17,final_d19_open,0,19,open,1.0,2.4599999999999995
2.46,54,106.550387,17,final_d19_open,0,19,open,1.0,2.4599999999999995
3.48,42,106.574161,17,d17_medium,2,17,closed,0.0,3.480000000000002
1.92,48,106.600179,17,final_d17_open,0,17,open,1.0,1.9199999999999997
-5.0,45,106.623988,17,final_d15_closed,0,15,closed,0.0,-5.0
2.46,54,106.653265,17,final_d19_open,0,19,open,1.0,2.4599999999999995
2.46,54,106.681822,17,final_d19_closed,0,19,closed,0.0,2.4599999999999995
3.48,42,106.705342,17,d17_medium,2,17,closed,0.0,3.480000000000002
3.48,42,106.728977,17,d17_medium,2,17,closed,0.0,3.480000000000002
1.92,48,106.754457,17,final_d17_open,0,17,open,1.0,1.9199999999999997
2.46,54,106.784161,17,final_d19_open,0,19,open,1.0,2.4599999999999995
2.58,42,106.806901,17,final_d15_open,0,15,open,1.0,2.5799999999999996
2.58,42,107.060191,17,final_d15_open,0,15,open,1.0,2.5799999999999996
4.14,36,107.080384,17,d15_direct,2,15,open,1.0,4.140000000000002
3.48,42,107.103817,17,d17_medium,2,17,closed,0.0,3.480000000000002
4.14,36,107.124664,17,d15_direct,2,15,open,1.0,4.140000000000002
2.58,42,107.147328,17,final_d15_open,0,15,open,1.0,2.5799999999999996
4.14,36,107.168047,17,d15_direct,2,15,open,1.0,4.140000000000002
3.48,42,107.19141,17,d17_medium,2,17,closed,0.0,3.480000000000002
4.14,36,107.212258,17,d15_direct,2,15,open,1.0,4.140000000000002
-4.9,45,107.23599,17,final_d15_closed,0,15,closed,0.0,-4.9
4.14,36,107.256292,17,d15_direct,2,15,open,1.0,4.140000000000002
-0.49,49,107.28289,17,final_d17_open,0,17,open,1.0,-0.4899999999999993
2.15,35,107.302322,17,d19_detour,2,19,closed,0.0,2.1499999999999995
2.46,54,107.330739,17,final_d19_closed,0,19,closed,0.0,2.4599999999999995
4.02,48,107.357105,17,d19_detour,2,19,closed,0.0,4.020000000000003
2.46,54,107.38659,17,final_d19_open,0,19,open,1.0,2.4599999999999995
-5.1,45,107.41135,17,final_d15_closed,0,15,closed,0.0,-5.1
1.92,48,107.438045,17,final_d17_closed,0,17,closed,0.0,1.9199999999999997
3.48,42,107.461856,17,d17_medium,2,17,closed,0.0,3.480000000000002
3.48,42,107.486025,17,d17_medium,2,17,closed,0.0,3.480000000000002
2.46,54,107.515067,17,final_d19_open,0,19,open,1.0,2.4599999999999995
3.48,42,107.538798,17,d17_medium,2,17,closed,0.0,3.480000000000002
2.15,35,107.558961,17,d19_detour,2,19,closed,0.0,2.1500000000000004
3.48,42,107.582359,17,d17_medium,2,17,closed,0.0,3.480000000000002
-4.8,45,107.606754,17,final_d15_closed,0,15,closed,0.0,-4.799999999999998
4.02,48,107.633109,17,d19_detour,2,19,closed,0.0,4.020000000000003
2.46,54,107.662812,17,final_d19_open,0,19,open,1.0,2.4599999999999995
1.92,48,107.688747,17,final_d17_open,0,17,open,1.0,1.9199999999999997
1.86,49,107.715371,17,final_d17_open,0,17,open,1.0,1.8599999999999997
1.92,48,107.741187,17,final_d17_closed,0,17,closed,0.0,1.9199999999999997
2.58,42,107.764128,17,final_d15_open,0,15,open,1.0,2.5799999999999996
-5.1,45,107.788901,17,final_d15_closed,0,15,closed,0.0,-5.1
4.14,36,107.809881,17,d15_direct,2,15,open,1.0,4.140000000000002
1.75,25,107.825029,17,d15_direct,2,15,open,1.0,1.7499999999999998
2.58,42,107.847596,17,final_d15_open,0,15,open,1.0,2.5799999999999996
3.48,42,107.87168,17,d17_medium,2,17,closed,0.0,3.480000000000002
4.02,48,107.898943,17,d19_detour,2,19,closed,0.0,4.020000000000003
2.58,42,107.921856,17,final_d15_open,0,15,open,1.0,2.5799999999999996
2.46,54,107.950539,17,final_d19_closed,0,19,closed,0.0,2.4599999999999995
1.92,48,107.976154,17,final_d17_open,0,17,open,1.0,1.9199999999999997
2.58,42,107.998544,17,final_d15_open,0,15,open,1.0,2.5799999999999996
1.92,48,108.0246,17,final_d17_closed,0,17,closed,0.0,1.9199999999999997
-5.1,45,108.04884,17,final_d15_closed,0,15,closed,0.0,-5.1
1.92,48,108.074435,17,final_d17_closed,0,17,closed,0.0,1.9199999999999997
2.46,54,108.103417,17,final_d19_open,0,19,open,1.0,2.4599999999999995
2.58,42,108.125689,17,final_d15_open,0,15,open,1.0,2.5799999999999996
2.4,55,108.155468,17,final_d19_open,0,19,open,1.0,2.3999999999999995
4.02,48,108.183273,17,d19_detour,2,19,closed,0.0,4.020000000000003
2.46,54,108.448179,17,final_d19_open,0,19,open,1.0,2.4599999999999995
-5.1,45,108.472505,17,final_d15_closed,0,15,closed,0.0,-5.1
4.14,36,108.492738,17,d15_direct,2,15,open,1.0,4.140000000000002
4.14,36,108.513449,17,d15_direct,2,15,open,1.0,4.140000000000002
-5.1,45,108.538357,17,final_d15_closed,0,15,closed,0.0,-5.1
2.58,42,108.561368,17,final_d15_open,0,15,open,1.0,2.5799999999999996
1.92,48,108.589537,17,final_d17_closed,0,17,closed,0.0,1.9199999999999997
4.02,48,108.616787,17,d19_detour,2,19,closed,0.0,4.020000000000003
4.02,48,108.643311,17,d19_detour,2,19,closed,0.0,4.020000000000003
2.58,42,108.666255,17,final_d15_open,0,15,open,1.0,2.5799999999999996
-4.75,45,108.690308,17,final_d15_closed,0,15,closed,0.0,-4.75
3.48,42,108.713524,17,d17_medium,2,17,closed,0.0,3.480000000000002
1.92,48,108.739542,17,final_d17_closed,0,17,closed,0.0,1.9199999999999997
2.14,46,108.763875,17,final_d17_open,0,17,open,1.0,2.1399999999999997
2.46,54,108.791698,17,final_d19_open,0,19,open,1.0,2.4599999999999995
0.1,55,108.822226,17,final_d19_closed,0,19,closed,0.0,0.09999999999999942
1.92,48,108.847919,17,final_d17_open,0,17,open,1.0,1.9199999999999997
2.58,42,108.87,17,final_d15_open,0,15,open,1.0,2.5799999999999996
2.46,54,108.898426,17,final_d19_open,0,19,open,1.0,2.4599999999999995
2.46,54,108.926986,17,final_d19_open,0,19,open,1.0,2.4599999999999995
1.92,48,108.953059,17,final_d17_open,0,17,open,1.0,1.9199999999999997
4.14,36,108.973051,17,d15_direct,2,15,open,1.0,4.140000000000002
4.14,36,108.993308,17,d15_direct,2,15,open,1.0,4.140000000000002
1.92,48,109.01867,17,final_d17_open,0,17,open,1.0,1.9199999999999997
3.48,42,109.042759,17,d17_medium,2,17,closed,0.0,3.480000000000002
1.92,48,109.068861,17,final_d17_open,0,17,open,1.0,1.9199999999999997
1.92,48,109.094542,17,final_d17_closed,0,17,closed,0.0,1.9199999999999997
2.58,42,109.117378,17,final_d15_open,0,15,open,1.0,2.5799999999999996
4.02,48,109.143667,17,d19_detour,2,19,closed,0.0,4.020000000000003
3.48,42,109.168128,17,d17_medium,2,17,closed,0.0,3.480000000000002
2.46,54,109.203863,17,final_d19_closed,0,19,closed,0.0,2.4599999999999995
1.92,48,109.231317,17,final_d17_closed,0,17,closed,0.0,1.9199999999999997
2.58,42,109.258193,17,final_d15_open,0,15,open,1.0,2.5799999999999996
4.14,36,109.281554,17,d15_direct,2,15,open,1.0,4.140000000000002
2.58,42,109.303398,17,final_d15_open,0,15,open,1.0,2.5799999999999996
-5.1,45,109.326992,17,final_d15_closed,0,15,closed,0.0,-5.1
2.46,54,109.356324,17,final_d19_open,0,19,open,1.0,2.4599999999999995
2.58,42,109.381203,17,final_d15_open,0,15,open,1.0,2.5799999999999996
3.48,42,109.405761,17,d17_medium,2,17,closed,0.0,3.480000000000002
2.58,42,109.429828,17,final_d15_open,0,15,open,1.0,2.5799999999999996
2.46,54,109.458457,17,final_d19_closed,0,19,closed,0.0,2.4599999999999995
4.14,36,109.479593,17,d15_direct,2,15,open,1.0,4.140000000000002
3.48,42,109.503652,17,d17_medium,2,17,closed,0.0,3.480000000000002
2.58,42,109.52864,17,final_d15_open,0,15,open,1.0,2.5799999999999996
2.46,54,109.558032,17,final_d19_open,0,19,open,1.0,2.4599999999999995
4.14,36,109.80566,17,d15_direct,2,15,open,1.0,4.140000000000002
2.46,54,109.835342,17,final_d19_closed,0,19,closed,0.0,2.4599999999999995
2.46,54,109.864809,17,final_d19_closed,0,19,closed,0.0,2.4599999999999995
4.02,48,109.89156,17,d19_detour,2,19,closed,0.0,4.020000000000003
2.58,42,109.915159,17,final_d15_open,0,15,open,1.0,2.5799999999999996
-5.0,45,109.939496,17,final_d15_closed,0,15,closed,0.0,-5.0
3.48,42,109.963951,17,d17_medium,2,17,closed,0.0,3.480000000000002
1.67,33,109.982575,17,d19_detour,2,19,closed,0.0,1.6699999999999997
3.48,42,110.005999,17,d17_medium,2,17,closed,0.0,3.480000000000002
1.92,48,110.032164,17,final_d17_open,0,17,open,1.0,1.9199999999999997
4.14,36,110.052119,17,d15_direct,2,15,open,1.0,4.140000000000002
3.48,42,110.075148,17,d17_medium,2,17,closed,0.0,3.480000000000002
2.28,52,110.102377,17,final_d19_closed,0,19,closed,0.0,2.2799999999999994
4.02,48,110.128787,17,d19_detour,2,19,closed,0.0,4.020000000000003
4.14,36,110.148759,17,d15_direct,2,15,open,1.0,4.140000000000002
2.58,42,110.170969,17,final_d15_open,0,15,open,1.0,2.5799999999999996
-4.65,45,110.194928,17,final_d15_closed,0,15,closed,0.0,-4.649999999999999
2.1,50,110.221148,17,final_d19_open,0,19,open,1.0,2.0999999999999996
1.92,48,110.246993,17,final_d17_closed,0,17,closed,0.0,1.9199999999999997
2.58,42,110.269259,17,final_d15_open,0,15,open,1.0,2.5799999999999996
4.14,36,110.289159,17,d15_direct,2,15,open,1.0,4.140000000000002
1.67,33,110.307449,17,d19_detour,2,19,closed,0.0,1.6699999999999997
3.48,42,110.330399,17,d17_medium,2,17,closed,0.0,3.480000000000002
3.48,42,110.353545,17,d17_medium,2,17,closed,0.0,3.480000000000002
1.92,48,110.379009,17,final_d17_closed,0,17,closed,0.0,1.9199999999999997
4.02,48,110.405186,17,d19_detour,2,19,closed,0.0,4.020000000000003
1.92,48,110.430362,17,final_d17_closed,0,17,closed,0.0,1.9199999999999997
1.92,48,110.455504,17,final_d17_closed,0,17,closed,0.0,1.9199999999999997
-4.5,45,110.479168,17,final_d15_closed,0,15,closed,0.0,-4.4999999999999964
4.02,48,110.505228,17,d19_detour,2,19,closed,0.0,4.020000000000003
4.14,36,110.52512,17,d15_direct,2,15,open,1.0,4.140000000000002
2.58,42,110.547648,17,final_d15_open,0,15,open,1.0,2.5799999999999996
1.92,48,110.573878,17,final_d17_open,0,17,open,1.0,1.9199999999999997
2.46,54,110.602528,17,final_d19_closed,0,19,closed,0.0,2.4599999999999995
-5.1,45,110.626147,17,final_d15_closed,0,15,closed,0.0,-5.1
2.1,50,110.652093,17,final_d19_open,0,19,open,1.0,2.0999999999999996
2.46,54,110.680839,17,final_d19_closed,0,19,closed,0.0,2.4599999999999995
4.14,36,110.700564,17,d15_direct,2,15,open,1.0,4.140000000000002
1.92,48,110.725729,17,final_d17_closed,0,17,closed,0.0,1.9199999999999997
2.46,54,110.753871,17,final_d19_closed,0,19,closed,0.0,2.4599999999999995
3.48,42,110.776794,17,d17_medium,2,17,closed,0.0,3.480000000000002
3.48,42,110.800858,17,d17_medium,2,17,closed,0.0,3.480000000000002
2.46,54,110.831001,17,final_d19_closed,0,19,closed,0.0,2.4599999999999995
-0.68,18,110.841983,17,d19_detour,2,19,closed,0.0,-0.6800000000000002
1.92,48,110.86746,17,final_d17_open,0,17,open,1.0,1.9199999999999997
2.58,42,110.889986,17,final_d15_open,0,15,open,1.0,2.5799999999999996
2.58,42,111.133034,17,final_d15_open,0,15,open,1.0,2.5799999999999996
1.92,48,111.15957,17,final_d17_open,0,17,open,1.0,1.9199999999999997
3.48,42,111.182962,17,d17_medium,2,17,closed,0.0,3.480000000000002
1.92,48,111.208703,17,final_d17_closed,0,17,closed,0.0,1.9199999999999997
4.14,36,111.229116,17,d15_direct,2,15,open,1.0,4.140000000000002
4.14,36,111.249273,17,d15_direct,2,15,open,1.0,4.140000000000002
-5.1,45,111.273571,17,final_d15_closed,0,15,closed,0.0,-5.1
1.92,48,111.299431,17,final_d17_closed,0,17,closed,0.0,1.9199999999999997
1.92,48,111.325795,17,final_d17_open,0,17,open,1.0,1.9199999999999997
2.26,54,111.355088,17,final_d19_open,0,19,open,1.0,2.26
1.92,48,111.381712,17,final_d17_open,0,17,open,1.0,1.9199999999999997
2.46,54,111.411945,17,final_d19_closed,0,19,closed,0.0,2.4599999999999995
-5.1,45,111.436573,17,final_d15_closed,0,15,closed,0.0,-5.1
2.46,54,111.466194,17,final_d19_closed,0,19,closed,0.0,2.4599999999999995
3.48,42,111.489973,17,d17_medium,2,17,closed,0.0,3.480000000000002
4.02,48,111.516944,17,d19_detour,2,19,closed,0.0,4.020000000000003
3.48,42,111.54131,17,d17_medium,2,17,closed,0.0,3.480000000000002
3.48,42,111.564927,17,d17_medium,2,17,closed,0.0,3.480000000000002
1.92,48,111.592971,17,final_d17_open,0,17,open,1.0,1.9199999999999997
1.92,48,111.61946,17,final_d17_open,0,17,open,1.0,1.9199999999999997
2.58,42,111.642331,17,final_d15_open,0,15,open,1.0,2.5799999999999996
2.58,42,111.665746,17,final_d15_open,0,15,open,1.0,2.5799999999999996
-5.1,45,111.690311,17,final_d15_closed,0,15,closed,0.0,-5.1
1.92,48,111.716441,17,final_d17_open,0,17,open,1.0,1.9199999999999997
-4.8,45,111.740556,17,final_d15_closed,0,15,closed,0.0,-4.799999999999999
4.14,36,111.760669,17,d15_direct,2,15,open,1.0,4.140000000000002
2.14,46,111.785059,17,final_d17_open,0,17,open,1.0,2.1399999999999997
3.48,42,111.808193,17,d17_medium,2,17,closed,0.0,3.480000000000002
0.45,55,111.837089,17,final_d19_closed,0,19,closed,0.0,0.44999999999999973
4.02,48,111.864195,17,d19_detour,2,19,closed,0.0,4.020000000000003
4.02,48,111.89103,17,d19_detour,2,19,closed,0.0,4.020000000000003
4.14,36,111.911342,17,d15_direct,2,15,open,1.0,4.140000000000002
2.46,54,111.940034,17,final_d19_open,0,19,open,1.0,2.4599999999999995
3.48,42,111.964528,17,d17_medium,2,17,closed,0.0,3.480000000000002
1.92,48,111.990359,17,final_d17_closed,0,17,closed,0.0,1.9199999999999997
1.92,48,112.016462,17,final_d17_open,0,17,open,1.0,1.9199999999999997
2.58,42,112.039155,17,final_d15_open,0,15,open,1.0,2.5799999999999996
2.26,54,112.068129,17,final_d19_closed,0,19,closed,0.0,2.26
2.58,42,112.091011,17,final_d15_open,0,15,open,1.0,2.5799999999999996
1.92,48,112.118039,17,final_d17_closed,0,17,closed,0.0,1.9199999999999997
1.92,48,112.144181,17,final_d17_closed,0,17,closed,0.0,1.9199999999999997
2.58,42,112.16701,17,final_d15_open,0,15,open,1.0,2.5799999999999996
1.92,48,112.193182,17,final_d17_open,0,17,open,1.0,1.9199999999999997
2.58,42,112.215513,17,final_d15_open,0,15,open,1.0,2.5799999999999996
2.58,42,112.239253,17,final_d15_open,0,15,open,1.0,2.5799999999999996
1.92,48,112.488527,17,final_d17_open,0,17,open,1.0,1.9199999999999997
1.92,48,112.514708,17,final_d17_closed,0,17,closed,0.0,1.9199999999999997
2.14,46,112.539611,17,final_d17_open,0,17,open,1.0,2.1399999999999997
3.48,42,112.563257,17,d17_medium,2,17,closed,0.0,3.480000000000002
-5.1,45,112.589317,17,final_d15_closed,0,15,closed,0.0,-5.1
-5.0,45,112.614422,17,final_d15_closed,0,15,closed,0.0,-5.0
1.92,48,112.64063,17,final_d17_closed,0,17,closed,0.0,1.9199999999999997
-5.1,45,112.66598,17,final_d15_closed,0,15,closed,0.0,-5.1
3.48,42,112.689789,17,d17_medium,2,17,closed,0.0,3.480000000000002
1.92,48,112.71568,17,final_d17_closed,0,17,closed,0.0,1.9199999999999997
2.58,42,112.738781,17,final_d15_open,0,15,open,1.0,2.5799999999999996
4.02,48,112.76539,17,d19_detour,2,19,closed,0.0,4.020000000000003
4.02,48,112.792215,17,d19_detour,2,19,closed,0.0,4.020000000000003
2.58,42,112.815059,17,final_d15_open,0,15,open,1.0,2.5799999999999996
1.92,48,112.841366,17,final_d17_open,0,17,open,1.0,1.9199999999999997
2.46,54,112.871891,17,final_d19_closed,0,19,closed,0.0,2.4599999999999995
4.02,48,112.899137,17,d19_detour,2,19,closed,0.0,4.020000000000003
4.02,48,112.926185,17,d19_detour,2,19,closed,0.0,4.020000000000003
4.14,36,112.946443,17,d15_direct,2,15,open,1.0,4.140000000000002
-5.0,45,112.970622,17,final_d15_closed,0,15,closed,0.0,-5.0
2.46,54,112.999337,17,final_d19_closed,0,19,closed,0.0,2.4599999999999995
4.14,36,113.019639,17,d15_direct,2,15,open,1.0,4.140000000000002
3.96,49,113.047807,17,d19_detour,2,19,closed,0.0,3.9600000000000026
4.14,36,113.068187,17,d15_direct,2,15,open,1.0,4.140000000000002
1.92,48,113.095406,17,final_d17_closed,0,17,closed,0.0,1.9199999999999997
2.46,54,113.125504,17,final_d19_closed,0,19,closed,0.0,2.4599999999999995
4.02,48,113.152715,17,d19_detour,2,19,closed,0.0,4.020000000000003
4.14,36,113.173671,17,d15_direct,2,15,open,1.0,4.140000000000002
2.46,54,113.205544,17,final_d19_open,0,19,open,1.0,2.4599999999999995
4.02,48,113.234031,17,d19_detour,2,19,closed,0.0,4.020000000000003
2.28,52,113.264341,17,final_d19_closed,0,19,closed,0.0,2.2799999999999994
2.46,54,113.293419,17,final_d19_open,0,19,open,1.0,2.4599999999999995
0.12,43,113.317083,17,final_d15_open,0,15,open,1.0,0.11999999999999922
2.46,54,113.34725,17,final_d19_open,0,19,open,1.0,2.4599999999999995
-5.1,45,113.372387,17,final_d15_closed,0,15,closed,0.0,-5.1
1.92,48,113.397998,17,final_d17_open,0,17,open,1.0,1.9199999999999997
1.92,48,113.423839,17,final_d17_closed,0,17,closed,0.0,1.9199999999999997
-5.0,45,113.447639,17,final_d15_closed,0,15,closed,0.0,-5.0
4.14,36,113.467884,17,d15_direct,2,15,open,1.0,4.140000000000002
2.46,54,113.496753,17,final_d19_open,0,19,open,1.0,2.4599999999999995
3.48,42,113.520776,17,d17_medium,2,17,closed,0.0,3.480000000000002
2.58,42,113.54461,17,final_d15_open,0,15,open,1.0,2.5799999999999996
2.46,54,113.574864,17,final_d19_closed,0,19,closed,0.0,2.4599999999999995
-5.1,45,113.599453,17,final_d15_closed,0,15,closed,0.0,-5.1
3.48,42,113.845135,17,d17_medium,2,17,closed,0.0,3.480000000000002
2.58,42,113.868371,17,final_d15_open,0,15,open,1.0,2.5799999999999996
-5.1,45,113.893731,17,final_d15_closed,0,15,closed,0.0,-5.1
4.02,48,113.920368,17,d19_detour,2,19,closed,0.0,4.020000000000003
2.58,42,113.942926,17,final_d15_open,0,15,open,1.0,2.5799999999999996
2.14,36,113.963688,17,d19_detour,2,19,closed,0.0,2.1400000000000006
1.92,48,113.989086,17,final_d17_open,0,17,open,1.0,1.9199999999999997
1.92,48,114.014605,17,final_d17_closed,0,17,closed,0.0,1.9199999999999997
3.48,42,114.038186,17,d17_medium,2,17,closed,0.0,3.480000000000002
2.58,42,114.061516,17,final_d15_open,0,15,open,1.0,2.5799999999999996
1.92,48,114.087385,17,final_d17_closed,0,17,closed,0.0,1.9199999999999997
3.48,42,114.111315,17,d17_medium,2,17,closed,0.0,3.480000000000002
2.58,42,114.134581,17,final_d15_open,0,15,open,1.0,2.5799999999999996
4.14,36,114.155469,17,d15_direct,2,15,open,1.0,4.140000000000002
4.14,36,114.175876,17,d15_direct,2,15,open,1.0,4.140000000000002
-5.1,45,114.200259,17,final_d15_closed,0,15,closed,0.0,-5.1
3.48,42,114.22382,17,d17_medium,2,17,closed,0.0,3.480000000000002
2.46,54,114.253011,17,final_d19_open,0,19,open,1.0,2.4599999999999995
2.46,54,114.282348,17,final_d19_closed,0,19,closed,0.0,2.4599999999999995
3.48,42,114.305933,17,d17_medium,2,17,closed,0.0,3.480000000000002
2.46,54,114.335064,17,final_d19_closed,0,19,closed,0.0,2.4599999999999995
-4.75,45,114.3596,17,final_d15_closed,0,15,closed,0.0,-4.75
2.46,54,114.388247,17,final_d19_open,0,19,open,1.0,2.4599999999999995
3.48,42,114.412157,17,d17_medium,2,17,closed,0.0,3.480000000000002
2.46,54,114.44283,17,final_d19_closed,0,19,closed,0.0,2.4599999999999995
1.92,48,114.468953,17,final_d17_open,0,17,open,1.0,1.9199999999999997
3.48,42,114.493034,17,d17_medium,2,17,closed,0.0,3.480000000000002
3.48,42,114.51636,17,d17_medium,2,17,closed,0.0,3.480000000000002
1.92,48,114.541959,17,final_d17_open,0,17,open,1.0,1.9199999999999997
2.36,44,114.566169,17,final_d17_open,0,17,open,1.0,2.3599999999999994
4.02,48,114.593426,17,d19_detour,2,19,closed,0.0,4.020000000000003
1.92,48,114.619943,17,final_d17_open,0,17,open,1.0,1.9199999999999997
2.46,54,114.648899,17,final_d19_closed,0,19,closed,0.0,2.4599999999999995
2.58,42,114.671203,17,final_d15_open,0,15,open,1.0,2.5799999999999996
2.58,42,114.693821,17,final_d15_open,0,15,open,1.0,2.5799999999999996
4.02,48,114.720044,17,d19_detour,2,19,closed,0.0,4.020000000000003
1.92,48,114.745346,17,final_d17_open,0,17,open,1.0,1.9199999999999997
2.46,54,114.774435,17,final_d19_open,0,19,open,1.0,2.4599999999999995
2.46,54,114.803155,17,final_d19_closed,0,19,closed,0.0,2.4599999999999995
2.58,42,114.82619,17,final_d15_open,0,15,open,1.0,2.5799999999999996
-5.1,45,114.851235,17,final_d15_closed,0,15,closed,0.0,-5.1
2.46,54,114.881776,17,final_d19_open,0,19,open,1.0,2.4599999999999995
-5.1,45,114.919042,17,final_d15_closed,0,15,closed,0.0,-5.1
2.46,54,114.94898,17,final_d19_open,0,19,open,1.0,2.4599999999999995
2.46,54,115.201639,17,final_d19_open,0,19,open,1.0,2.4599999999999995
-0.54,49,115.229171,17,final_d17_closed,0,17,closed,0.0,-0.5399999999999996
-5.1,45,115.254687,17,final_d15_closed,0,15,closed,0.0,-5.1
3.48,42,115.279706,17,d17_medium,2,17,closed,0.0,3.480000000000002
4.02,48,115.307054,17,d19_detour,2,19,closed,0.0,4.020000000000003
0.33,47,115.332777,17,final_d17_open,0,17,open,1.0,0.3299999999999996
0.45,55,115.362289,17,final_d19_closed,0,19,closed,0.0,0.4499999999999996
2.58,42,115.385594,17,final_d15_open,0,15,open,1.0,2.5799999999999996
4.14,36,115.405631,17,d15_direct,2,15,open,1.0,4.140000000000002
4.14,36,115.426275,17,d15_direct,2,15,open,1.0,4.140000000000002
4.02,48,115.452824,17,d19_detour,2,19,closed,0.0,4.020000000000003
4.14,36,115.473036,17,d15_direct,2,15,open,1.0,4.140000000000002
-5.1,45,115.497548,17,final_d15_closed,0,15,closed,0.0,-5.1
2.58,42,115.519944,17,final_d15_open,0,15,open,1.0,2.5799999999999996
2.58,42,115.543605,17,final_d15_open,0,15,open,1.0,2.5799999999999996
2.46,54,115.57213,17,final_d19_open,0,19,open,1.0,2.4599999999999995
2.46,54,115.601312,17,final_d19_closed,0,19,closed,0.0,2.4599999999999995
0.45,55,115.630506,17,final_d19_closed,0,19,closed,0.0,0.44999999999999973
2.01,49,115.657283,17,d19_detour,2,19,closed,0.0,2.01
1.31,49,115.69009,17,d19_detour,2,19,closed,0.0,1.3099999999999996
-5.1,45,115.716845,17,final_d15_closed,0,15,closed,0.0,-5.1
3.96,49,115.744184,17,d19_detour,2,19,closed,0.0,3.9600000000000026
-5.1,45,115.768673,17,final_d15_closed,0,15,closed,0.0,-5.1
0.11,49,115.795209,17,final_d17_open,0,17,open,1.0,0.10999999999999965
2.46,54,115.824015,17,final_d19_open,0,19,open,1.0,2.4599999999999995
-5.1,45,115.849238,17,final_d15_closed,0,15,closed,0.0,-5.1
2.58,42,115.872509,17,final_d15_open,0,15,open,1.0,2.5799999999999996
3.48,42,115.896061,17,d17_medium,2,17,closed,0.0,3.480000000000002
4.02,48,115.923418,17,d19_detour,2,19,closed,0.0,4.020000000000003
4.14,36,115.944123,17,d15_direct,2,15,open,1.0,4.140000000000002
2.4,55,115.973114,17,final_d19_closed,0,19,closed,0.0,2.3999999999999995
1.92,48,115.999789,17,final_d17_open,0,17,open,1.0,1.9199999999999997
2.58,42,116.022616,17,final_d15_open,0,15,open,1.0,2.5799999999999996
-5.1,45,116.047091,17,final_d15_closed,0,15,closed,0.0,-5.1
3.48,42,116.070802,17,d17_medium,2,17,closed,0.0,3.480000000000002
1.92,48,116.096948,17,final_d17_closed,0,17,closed,0.0,1.9199999999999997
1.92,48,116.12378,17,final_d17_closed,0,17,closed,0.0,1.9199999999999997
2.46,54,116.153356,17,final_d19_closed,0,19,closed,0.0,2.4599999999999995
1.67,33,116.172015,17,d19_detour,2,19,closed,0.0,1.6699999999999997
0.11,49,116.198509,17,final_d17_open,0,17,open,1.0,0.10999999999999965
3.48,42,116.223019,17,d17_medium,2,17,closed,0.0,3.480000000000002
2.46,54,116.252239,17,final_d19_open,0,19,open,1.0,2.4599999999999995
1.92,48,116.278802,17,final_d17_open,0,17,open,1.0,1.9199999999999997
2.28,52,116.306311,17,final_d19_open,0,19,open,1.0,2.2799999999999994
2.58,42,116.32931,17,final_d15_open,0,15,open,1.0,2.5799999999999996
2.58,42,116.604244,17,final_d15_open,0,15,open,1.0,2.5799999999999996
2.46,54,116.633369,17,final_d19_closed,0,19,closed,0.0,2.4599999999999995
2.46,54,116.668095,17,final_d19_closed,0,19,closed,0.0,2.4599999999999995
4.14,36,116.687927,17,d15_direct,2,15,open,1.0,4.140000000000002
-4.75,45,116.711462,17,final_d15_closed,0,15,closed,0.0,-4.75
3.48,42,116.735479,17,d17_medium,2,17,closed,0.0,3.480000000000002
4.14,36,116.755701,17,d15_direct,2,15,open,1.0,4.140000000000002
2.14,46,116.779799,17,final_d17_open,0,17,open,1.0,2.1399999999999997
-5.1,45,116.803679,17,final_d15_closed,0,15,closed,0.0,-5.1
1.92,48,116.829112,17,final_d17_closed,0,17,closed,0.0,1.9199999999999997
2.58,42,116.851337,17,final_d15_open,0,15,open,1.0,2.5799999999999996
4.14,36,116.871344,17,d15_direct,2,15,open,1.0,4.140000000000002
-5.1,45,116.895764,17,final_d15_closed,0,15,closed,0.0,-5.1
3.48,42,116.918979,17,d17_medium,2,17,closed,0.0,3.480000000000002
3.48,42,116.942504,17,d17_medium,2,17,closed,0.0,3.480000000000002
4.02,48,116.968992,17,d19_detour,2,19,closed,0.0,4.020000000000003
2.58,42,116.991255,17,final_d15_open,0,15,open,1.0,2.5799999999999996
2.58,42,117.013617,17,final_d15_open,0,15,open,1.0,2.5799999999999996
-0.54,49,117.040168,17,final_d17_closed,0,17,closed,0.0,-0.5399999999999996
3.48,42,117.063261,17,d17_medium,2,17,closed,0.0,3.480000000000002
1.92,48,117.088756,17,final_d17_closed,0,17,closed,0.0,1.9199999999999997
2.58,42,117.111556,17,final_d15_open,0,15,open,1.0,2.5799999999999996
-0.25,55,117.140196,17,final_d19_open,0,19,open,1.0,-0.25000000000000044
2.46,54,117.168402,17,final_d19_open,0,19,open,1.0,2.4599999999999995
3.48,42,117.191643,17,d17_medium,2,17,closed,0.0,3.480000000000002
3.48,42,117.217298,17,d17_medium,2,17,closed,0.0,3.480000000000002
2.46,54,117.245943,17,final_d19_open,0,19,open,1.0,2.4599999999999995
2.46,54,117.273874,17,final_d19_open,0,19,open,1.0,2.4599999999999995
4.02,48,117.300178,17,d19_detour,2,19,closed,0.0,4.020000000000003
1.92,48,117.325076,17,final_d17_closed,0,17,closed,0.0,1.9199999999999997
2.22,53,117.353308,17,final_d19_open,0,19,open,1.0,2.2199999999999998
1.92,48,117.379196,17,final_d17_open,0,17,open,1.0,1.9199999999999997
3.48,42,117.40286,17,d17_medium,2,17,closed,0.0,3.480000000000002
1.92,48,117.428771,17,final_d17_closed,0,17,closed,0.0,1.9199999999999997
1.92,48,117.455419,17,final_d17_closed,0,17,closed,0.0,1.9199999999999997
2.14,46,117.480544,17,final_d17_open,0,17,open,1.0,2.1399999999999997
2.58,42,117.502962,17,final_d15_open,0,15,open,1.0,2.5799999999999996
1.92,48,117.529122,17,final_d17_closed,0,17,closed,0.0,1.9199999999999997
1.92,48,117.55494,17,final_d17_closed,0,17,closed,0.0,1.9199999999999997
-5.1,45,117.581506,17,final_d15_closed,0,15,closed,0.0,-5.1
1.67,33,117.599854,17,d19_detour,2,19,closed,0.0,1.6699999999999997
1.92,48,117.625179,17,final_d17_closed,0,17,closed,0.0,1.9199999999999997
2.58,42,117.647419,17,final_d15_open,0,15,open,1.0,2.5799999999999996
2.14,46,117.672007,17,final_d17_open,0,17,open,1.0,2.1399999999999997
2.46,54,117.938046,17,final_d19_open,0,19,open,1.0,2.4599999999999995
-5.1,45,117.97371,17,final_d15_closed,0,15,closed,0.0,-5.1
-1.56,56,118.018871,17,final_d19_closed,0,19,closed,0.0,-1.5600000000000005
2.58,42,118.04168,17,final_d15_open,0,15,open,1.0,2.5799999999999996
-5.1,45,118.066094,17,final_d15_closed,0,15,closed,0.0,-5.1
2.01,49,118.094016,17,d19_detour,2,19,closed,0.0,2.01
4.02,48,118.120768,17,d19_detour,2,19,closed,0.0,4.020000000000003
3.48,42,118.144333,17,d17_medium,2,17,closed,0.0,3.480000000000002
1.67,33,118.163728,17,d19_detour,2,19,closed,0.0,1.6699999999999997
3.48,42,118.188001,17,d17_medium,2,17,closed,0.0,3.480000000000002
0.45,55,118.218576,17,final_d19_closed,0,19,closed,0.0,0.4499999999999995
4.14,36,118.239509,17,d15_direct,2,15,open,1.0,4.140000000000002
-1.7,50,118.266562,17,final_d17_open,0,17,open,1.0,-1.7000000000000004
1.92,48,118.292641,17,final_d17_closed,0,17,closed,0.0,1.9199999999999997
2.58,42,118.316165,17,final_d15_open,0,15,open,1.0,2.5799999999999996
3.48,42,118.340279,17,d17_medium,2,17,closed,0.0,3.480000000000002
3.42,43,118.364859,17,d17_medium,2,17,closed,0.0,3.4200000000000026
2.58,42,118.388006,17,final_d15_open,0,15,open,1.0,2.5799999999999996
2.46,54,118.417068,17,final_d19_open,0,19,open,1.0,2.4599999999999995
1.92,48,118.443685,17,final_d17_closed,0,17,closed,0.0,1.9199999999999997
2.58,42,118.466405,17,final_d15_open,0,15,open,1.0,2.5799999999999996
-5.1,45,118.490918,17,final_d15_closed,0,15,closed,0.0,-5.1
2.14,46,118.515718,17,final_d17_open,0,17,open,1.0,2.1399999999999997
4.14,36,118.536559,17,d15_direct,2,15,open,1.0,4.140000000000002
1.92,48,118.562332,17,final_d17_open,0,17,open,1.0,1.9199999999999997
2.46,54,118.591645,17,final_d19_open,0,19,open,1.0,2.4599999999999995
-5.1,45,118.616064,17,final_d15_closed,0,15,closed,0.0,-5.1
1.92,48,118.642032,17,final_d17_closed,0,17,closed,0.0,1.9199999999999997
3.48,42,118.666131,17,d17_medium,2,17,closed,0.0,3.480000000000002
-5.1,45,118.69068,17,final_d15_closed,0,15,closed,0.0,-5.1
2.58,42,118.713419,17,final_d15_open,0,15,open,1.0,2.5799999999999996
0.45,55,118.742865,17,final_d19_closed,0,19,closed,0.0,0.44999999999999973
1.92,48,118.768949,17,final_d17_open,0,17,open,1.0,1.9199999999999997
-4.8,45,118.793305,17,final_d15_closed,0,15,closed,0.0,-4.799999999999998
1.92,48,118.819007,17,final_d17_closed,0,17,closed,0.0,1.9199999999999997
2.58,42,118.842727,17,final_d15_open,0,15,open,1.0,2.5799999999999996
2.46,54,118.871796,17,final_d19_closed,0,19,closed,0.0,2.4599999999999995
3.48,42,118.895477,17,d17_medium,2,17,closed,0.0,3.480000000000002
1.92,48,118.921536,17,final_d17_closed,0,17,closed,0.0,1.9199999999999997
1.92,48,118.948162,17,final_d17_closed,0,17,closed,0.0,1.9199999999999997
1.92,48,118.974725,17,final_d17_closed,0,17,closed,0.0,1.9199999999999997
-5.1,45,118.999028,17,final_d15_closed,0,15,closed,0.0,-5.1
-0.19,49,119.025224,17,final_d17_open,0,17,open,1.0,-0.1900000000000004
2.58,42,119.048618,17,final_d15_open,0,15,open,1.0,2.5799999999999996
4.14,36,119.068668,17,d15_direct,2,15,open,1.0,4.140000000000002
0.33,47,119.319012,17,final_d17_open,0,17,open,1.0,0.3299999999999996
-5.1,45,119.343931,17,final_d15_closed,0,15,closed,0.0,-5.1
1.92,48,119.370136,17,final_d17_open,0,17,open,1.0,1.9199999999999997
4.02,48,119.398337,17,d19_detour,2,19,closed,0.0,4.020000000000003
1.92,48,119.430136,17,final_d17_closed,0,17,closed,0.0,1.9199999999999997
4.14,36,119.45071,17,d15_direct,2,15,open,1.0,4.140000000000002
2.46,54,119.478577,17,final_d19_open,0,19,open,1.0,2.4599999999999995
-5.1,45,119.502086,17,final_d15_closed,0,15,closed,0.0,-5.1
4.14,36,119.52159,17,d15_direct,2,15,open,1.0,4.140000000000002
2.46,54,119.550232,17,final_d19_closed,0,19,closed,0.0,2.4599999999999995
2.46,54,119.57864,17,final_d19_open,0,19,open,1.0,2.4599999999999995
4.14,36,119.598615,17,d15_direct,2,15,open,1.0,4.140000000000002
2.46,54,119.62675,17,final_d19_closed,0,19,closed,0.0,2.4599999999999995
1.92,48,119.651828,17,final_d17_open,0,17,open,1.0,1.9199999999999997
2.58,42,119.674099,17,final_d15_open,0,15,open,1.0,2.5799999999999996
4.02,48,119.700113,17,d19_detour,2,19,closed,0.0,4.020000000000003
4.02,48,119.727314,17,d19_detour,2,19,closed,0.0,4.020000000000003
1.92,48,119.752904,17,final_d17_closed,0,17,closed,0.0,1.9199999999999997
2.46,54,119.781296,17,final_d19_closed,0,19,closed,0.0,2.4599999999999995
-5.1,45,119.805149,17,final_d15_closed,0,15,closed,0.0,-5.1
2.28,52,119.832563,17,final_d19_open,0,19,open,1.0,2.2799999999999994
1.92,48,119.858825,17,final_d17_closed,0,17,closed,0.0,1.9199999999999997
2.46,54,119.887919,17,final_d19_open,0,19,open,1.0,2.4599999999999995
1.92,48,119.913172,17,final_d17_open,0,17,open,1.0,1.9199999999999997
-0.14,49,119.939223,17,final_d17_open,0,17,open,1.0,-0.14000000000000035
4.02,48,119.965387,17,d19_detour,2,19,closed,0.0,4.020000000000003
2.58,42,119.988508,17,final_d15_open,0,15,open,1.0,2.5799999999999996
2.46,54,120.017515,17,final_d19_open,0,19,open,1.0,2.4599999999999995
4.14,36,120.03805,17,d15_direct,2,15,open,1.0,4.140000000000002
1.92,48,120.063504,17,final_d17_closed,0,17,closed,0.0,1.9199999999999997
1.92,48,120.088933,17,final_d17_closed,0,17,closed,0.0,1.9199999999999997
4.14,36,120.108979,17,d15_direct,2,15,open,1.0,4.140000000000002
2.46,54,120.137837,17,final_d19_open,0,19,open,1.0,2.4599999999999995
2.4,55,120.166659,17,final_d19_closed,0,19,closed,0.0,2.3999999999999995
0.45,55,120.195673,17,final_d19_closed,0,19,closed,0.0,0.44999999999999973
4.02,48,120.222565,17,d19_detour,2,19,closed,0.0,4.020000000000003
1.92,48,120.247929,17,final_d17_closed,0,17,closed,0.0,1.9199999999999997
4.14,36,120.268009,17,d15_direct,2,15,open,1.0,4.140000000000002
2.58,42,120.290255,17,final_d15_open,0,15,open,1.0,2.5799999999999996
2.58,42,120.312531,17,final_d15_open,0,15,open,1.0,2.5799999999999996
4.14,36,120.332468,17,d15_direct,2,15,open,1.0,4.140000000000002
-4.8,45,120.356425,17,final_d15_closed,0,15,closed,0.0,-4.799999999999999
4.14,36,120.376399,17,d15_direct,2,15,open,1.0,4.140000000000002
2.58,42,120.398665,17,final_d15_open,0,15,open,1.0,2.5799999999999996
-5.0,45,120.422306,17,final_d15_closed,0,15,closed,0.0,-5.0
1.92,48,120.718341,17,final_d17_closed,0,17,closed,0.0,1.9199999999999997
3.48,42,120.742708,17,d17_medium,2,17,closed,0.0,3.480000000000002
3.48,42,120.766401,17,d17_medium,2,17,closed,0.0,3.480000000000002
2.28,52,120.793685,17,final_d19_open,0,19,open,1.0,2.2799999999999994
3.48,42,120.816915,17,d17_medium,2,17,closed,0.0,3.480000000000002
-5.0,45,120.840428,17,final_d15_closed,0,15,closed,0.0,-5.0
3.48,42,120.865009,17,d17_medium,2,17,closed,0.0,3.480000000000002
2.14,46,120.88931,17,final_d17_open,0,17,open,1.0,2.1399999999999997
4.02,48,120.916252,17,d19_detour,2,19,closed,0.0,4.020000000000003
2.58,42,120.939188,17,final_d15_open,0,15,open,1.0,2.5799999999999996
2.46,54,120.967499,17,final_d19_open,0,19,open,1.0,2.4599999999999995
2.46,54,120.99631,17,final_d19_open,0,19,open,1.0,2.4599999999999995
2.58,42,121.019034,17,final_d15_open,0,15,open,1.0,2.5799999999999996
4.02,48,121.045691,17,d19_detour,2,19,closed,0.0,4.020000000000003
2.58,42,121.068034,17,final_d15_open,0,15,open,1.0,2.5799999999999996
1.92,48,121.094222,17,final_d17_closed,0,17,closed,0.0,1.9199999999999997
2.58,42,121.116538,17,final_d15_open,0,15,open,1.0,2.5799999999999996
2.46,54,121.145067,17,final_d19_open,0,19,open,1.0,2.4599999999999995
2.58,42,121.167515,17,final_d15_open,0,15,open,1.0,2.5799999999999996
2.4,55,121.197933,17,final_d19_open,0,19,open,1.0,2.3999999999999995
2.58,42,121.22037,17,final_d15_open,0,15,open,1.0,2.5799999999999996
4.14,36,121.240347,17,d15_direct,2,15,open,1.0,4.140000000000002
1.92,48,121.265836,17,final_d17_open,0,17,open,1.0,1.9199999999999997
2.58,42,121.288001,17,final_d15_open,0,15,open,1.0,2.5799999999999996
2.46,54,121.316753,17,final_d19_open,0,19,open,1.0,2.4599999999999995
4.02,48,121.343287,17,d19_detour,2,19,closed,0.0,4.020000000000003
4.02,38,121.364134,17,d15_direct,2,15,open,1.0,4.020000000000001
2.46,54,121.393718,17,final_d19_open,0,19,open,1.0,2.4599999999999995
2.46,54,121.422211,17,final_d19_closed,0,19,closed,0.0,2.4599999999999995
3.48,42,121.446092,17,d17_medium,2,17,closed,0.0,3.480000000000002
2.14,46,121.470155,17,final_d17_open,0,17,open,1.0,2.1399999999999997
2.46,54,121.497856,17,final_d19_open,0,19,open,1.0,2.4599999999999995
2.46,54,121.525642,17,final_d19_closed,0,19,closed,0.0,2.4599999999999995
2.46,54,121.553381,17,final_d19_open,0,19,open,1.0,2.4599999999999995
4.02,48,121.580456,17,d19_detour,2,19,closed,0.0,4.020000000000003
-5.1,45,121.604199,17,final_d15_closed,0,15,closed,0.0,-5.1
2.58,42,121.626236,17,final_d15_open,0,15,open,1.0,2.5799999999999996
1.92,48,121.653084,17,final_d17_open,0,17,open,1.0,1.9199999999999997
2.46,54,121.682105,17,final_d19_open,0,19,open,1.0,2.4599999999999995
2.14,46,121.706683,17,final_d17_open,0,17,open,1.0,2.1399999999999997
2.58,42,121.728515,17,final_d15_open,0,15,open,1.0,2.5799999999999996
4.02,48,121.754227,17,d19_detour,2,19,closed,0.0,4.020000000000003
4.02,48,121.782156,17,d19_detour,2,19,closed,0.0,4.020000000000003
3.48,42,122.066407,17,d17_medium,2,17,closed,0.0,3.480000000000002
3.48,42,122.089991,17,d17_medium,2,17,closed,0.0,3.480000000000002
2.46,54,122.119484,17,final_d19_open,0,19,open,1.0,2.4599999999999995
2.46,54,122.148286,17,final_d19_open,0,19,open,1.0,2.4599999999999995
4.02,48,122.175545,17,d19_detour,2,19,closed,0.0,4.020000000000003
2.46,54,122.204034,17,final_d19_open,0,19,open,1.0,2.4599999999999995
2.58,42,122.227618,17,final_d15_open,0,15,open,1.0,2.5799999999999996
2.14,46,122.25222,17,final_d17_open,0,17,open,1.0,2.1399999999999997
1.92,48,122.278405,17,final_d17_open,0,17,open,1.0,1.9199999999999997
2.46,54,122.307338,17,final_d19_open,0,19,open,1.0,2.4599999999999995
2.58,42,122.330151,17,final_d15_open,0,15,open,1.0,2.5799999999999996
2.58,42,122.352611,17,final_d15_open,0,15,open,1.0,2.5799999999999996
-5.1,45,122.377261,17,final_d15_closed,0,15,closed,0.0,-5.1
-4.8,45,122.401546,17,final_d15_closed,0,15,closed,0.0,-4.799999999999999
3.48,42,122.425196,17,d17_medium,2,17,closed,0.0,3.480000000000002
2.46,54,122.454721,17,final_d19_open,0,19,open,1.0,2.4599999999999995
2.46,54,122.483738,17,final_d19_closed,0,19,closed,0.0,2.4599999999999995
0.11,49,122.509831,17,final_d17_open,0,17,open,1.0,0.10999999999999965
3.48,42,122.533605,17,d17_medium,2,17,closed,0.0,3.480000000000002
-5.1,45,122.558213,17,final_d15_closed,0,15,closed,0.0,-5.1
4.02,48,122.58542,17,d19_detour,2,19,closed,0.0,4.020000000000003
2.36,44,122.609501,17,final_d17_open,0,17,open,1.0,2.3599999999999994
-5.1,45,122.634089,17,final_d15_closed,0,15,closed,0.0,-5.1
1.92,48,122.65973,17,final_d17_closed,0,17,closed,0.0,1.9199999999999997
4.14,36,122.686249,17,d15_direct,2,15,open,1.0,4.140000000000002
2.46,54,122.717013,17,final_d19_closed,0,19,closed,0.0,2.4599999999999995
2.46,54,122.749172,17,final_d19_open,0,19,open,1.0,2.4599999999999995
2.14,46,122.777611,17,final_d17_open,0,17,open,1.0,2.1399999999999997
4.02,48,122.803351,17,d19_detour,2,19,closed,0.0,4.020000000000003
4.14,36,122.822984,17,d15_direct,2,15,open,1.0,4.140000000000002
2.58,42,122.845466,17,final_d15_open,0,15,open,1.0,2.5799999999999996
2.46,54,122.873952,17,final_d19_closed,0,19,closed,0.0,2.4599999999999995
4.14,36,122.893634,17,d15_direct,2,15,open,1.0,4.140000000000002
4.14,36,122.914119,17,d15_direct,2,15,open,1.0,4.140000000000002
-5.1,45,122.937993,17,final_d15_closed,0,15,closed,0.0,-5.1
1.92,48,122.963856,17,final_d17_closed,0,17,closed,0.0,1.9199999999999997
1.92,48,122.989317,17,final_d17_closed,0,17,closed,0.0,1.9199999999999997
0.27,43,123.012083,17,final_d15_open,0,15,open,1.0,0.26999999999999935
4.02,48,123.039066,17,d19_detour,2,19,closed,0.0,4.020000000000003
2.58,42,123.06164,17,final_d15_open,0,15,open,1.0,2.5799999999999996
3.48,42,123.084513,17,d17_medium,2,17,closed,0.0,3.480000000000002
3.48,42,123.107266,17,d17_medium,2,17,closed,0.0,3.480000000000002
1.92,48,123.132696,17,final_d17_open,0,17,open,1.0,1.9199999999999997
2.14,46,123.156704,17,final_d17_open,0,17,open,1.0,2.1399999999999997
-5.1,45,123.181041,17,final_d15_closed,0,15,closed,0.0,-5.1
2.46,54,123.435875,17,final_d19_open,0,19,open,1.0,2.4599999999999995
1.92,48,123.461431,17,final_d17_open,0,17,open,1.0,1.9199999999999997
-5.1,45,123.486507,17,final_d15_closed,0,15,closed,0.0,-5.1
2.46,54,123.514396,17,final_d19_closed,0,19,closed,0.0,2.4599999999999995
-0.54,49,123.540196,17,final_d17_closed,0,17,closed,0.0,-0.5399999999999996
-5.1,45,123.5645,17,final_d15_closed,0,15,closed,0.0,-5.1
2.58,42,123.58648,17,final_d15_open,0,15,open,1.0,2.5799999999999996
1.92,48,123.612102,17,final_d17_closed,0,17,closed,0.0,1.9199999999999997
-5.1,45,123.636806,17,final_d15_closed,0,15,closed,0.0,-5.1
2.46,54,123.666409,17,final_d19_open,0,19,open,1.0,2.4599999999999995
-5.1,45,123.690359,17,final_d15_closed,0,15,closed,0.0,-5.1
2.46,54,123.718283,17,final_d19_closed,0,19,closed,0.0,2.4599999999999995
2.46,54,123.746385,17,final_d19_closed,0,19,closed,0.0,2.4599999999999995
4.02,48,123.772091,17,d19_detour,2,19,closed,0.0,4.020000000000003
2.46,54,123.800099,17,final_d19_closed,0,19,closed,0.0,2.4599999999999995
4.14,36,123.819777,17,d15_direct,2,15,open,1.0,4.140000000000002
4.02,48,123.845571,17,d19_detour,2,19,closed,0.0,4.020000000000003
1.92,48,123.870552,17,final_d17_closed,0,17,closed,0.0,1.9199999999999997
2.58,42,123.892588,17,final_d15_open,0,15,open,1.0,2.5799999999999996
1.92,48,123.917889,17,final_d17_closed,0,17,closed,0.0,1.9199999999999997
2.46,54,123.945809,17,final_d19_closed,0,19,closed,0.0,2.4599999999999995
2.58,42,123.967648,17,final_d15_open,0,15,open,1.0,2.5799999999999996
1.92,48,123.992824,17,final_d17_closed,0,17,closed,0.0,1.9199999999999997
1.92,48,124.018368,17,final_d17_closed,0,17,closed,0.0,1.9199999999999997
2.58,42,124.040453,17,final_d15_open,0,15,open,1.0,2.5799999999999996
1.92,48,124.066027,17,final_d17_closed,0,17,closed,0.0,1.9199999999999997
2.58,42,124.088094,17,final_d15_open,0,15,open,1.0,2.5799999999999996
2.46,54,124.118014,17,final_d19_open,0,19,open,1.0,2.4599999999999995
4.02,48,124.145107,17,d19_detour,2,19,closed,0.0,4.020000000000003
0.1,55,124.17461,17,final_d19_closed,0,19,closed,0.0,0.09999999999999942
-5.1,45,124.198677,17,final_d15_closed,0,15,closed,0.0,-5.1
2.46,54,124.227069,17,final_d19_closed,0,19,closed,0.0,2.4599999999999995
1.92,48,124.252437,17,final_d17_open,0,17,open,1.0,1.9199999999999997
1.92,48,124.278053,17,final_d17_closed,0,17,closed,0.0,1.9199999999999997
1.92,48,124.303474,17,final_d17_closed,0,17,closed,0.0,1.9199999999999997
2.46,54,124.334847,17,final_d19_open,0,19,open,1.0,2.4599999999999995
-0.49,49,124.362323,17,final_d17_closed,0,17,closed,0.0,-0.4900000000000009
3.48,42,124.385331,17,d17_medium,2,17,closed,0.0,3.480000000000002
4.02,48,124.411949,17,d19_detour,2,19,closed,0.0,4.020000000000003
2.58,42,124.434515,17,final_d15_open,0,15,open,1.0,2.5799999999999996
2.46,54,124.464008,17,final_d19_open,0,19,open,1.0,2.4599999999999995
1.92,48,124.489804,17,final_d17_closed,0,17,closed,0.0,1.9199999999999997
-4.75,45,124.735181,17,final_d15_closed,0,15,closed,0.0,-4.75
2.28,52,124.763234,17,final_d19_open,0,19,open,1.0,2.2799999999999994
2.58,42,124.785908,17,final_d15_open,0,15,open,1.0,2.5799999999999996
2.58,42,124.808701,17,final_d15_open,0,15,open,1.0,2.5799999999999996
2.36,44,124.832343,17,final_d17_open,0,17,open,1.0,2.3599999999999994
-5.0,45,124.856518,17,final_d15_closed,0,15,closed,0.0,-5.0
1.91,49,124.884403,17,d19_detour,2,19,closed,0.0,1.9099999999999995
3.48,42,124.907898,17,d17_medium,2,17,closed,0.0,3.480000000000002
2.46,54,124.936621,17,final_d19_open,0,19,open,1.0,2.4599999999999995
2.46,54,124.966754,17,final_d19_open,0,19,open,1.0,2.4599999999999995
2.14,46,124.991545,17,final_d17_open,0,17,open,1.0,2.1399999999999997
4.14,36,125.011826,17,d15_direct,2,15,open,1.0,4.140000000000002
-5.1,45,125.036025,17,final_d15_closed,0,15,closed,0.0,-5.1
1.92,48,125.063024,17,final_d17_closed,0,17,closed,0.0,1.9199999999999997
2.14,46,125.087641,17,final_d17_open,0,17,open,1.0,2.1399999999999997
-5.1,45,125.111948,17,final_d15_closed,0,15,closed,0.0,-5.1
2.14,46,125.137383,17,final_d17_open,0,17,open,1.0,2.1399999999999997
4.02,48,125.164344,17,d19_detour,2,19,closed,0.0,4.020000000000003
2.58,42,125.187228,17,final_d15_open,0,15,open,1.0,2.5799999999999996
2.46,54,125.216504,17,final_d19_closed,0,19,closed,0.0,2.4599999999999995
4.02,48,125.243043,17,d19_detour,2,19,closed,0.0,4.020000000000003
2.46,54,125.271734,17,final_d19_open,0,19,open,1.0,2.4599999999999995
2.58,42,125.294358,17,final_d15_open,0,15,open,1.0,2.5799999999999996
2.58,42,125.316865,17,final_d15_open,0,15,open,1.0,2.5799999999999996
3.48,42,125.340892,17,d17_medium,2,17,closed,0.0,3.480000000000002
4.02,48,125.367995,17,d19_detour,2,19,closed,0.0,4.020000000000003
4.14,36,125.388464,17,d15_direct,2,15,open,1.0,4.140000000000002
2.46,54,125.418257,17,final_d19_closed,0,19,closed,0.0,2.4599999999999995
1.92,48,125.444211,17,final_d17_closed,0,17,closed,0.0,1.9199999999999997
1.92,48,125.470193,17,final_d17_closed,0,17,closed,0.0,1.9199999999999997
2.46,54,125.49901,17,final_d19_open,0,19,open,1.0,2.4599999999999995
1.92,48,125.52557,17,final_d17_closed,0,17,closed,0.0,1.9199999999999997
-5.0,45,125.54998,17,final_d15_closed,0,15,closed,0.0,-5.0
1.92,48,125.576058,17,final_d17_closed,0,17,closed,0.0,1.9199999999999997
4.02,48,125.604484,17,d19_detour,2,19,closed,0.0,4.020000000000003
-5.1,45,125.629256,17,final_d15_closed,0,15,closed,0.0,-5.1
2.46,54,125.660145,17,final_d19_closed,0,19,closed,0.0,2.4599999999999995
4.02,48,125.68687,17,d19_detour,2,19,closed,0.0,4.020000000000003
2.58,42,125.709617,17,final_d15_open,0,15,open,1.0,2.5799999999999996
2.14,46,125.734494,17,final_d17_open,0,17,open,1.0,2.1399999999999997
-5.1,45,125.75892,17,final_d15_closed,0,15,closed,0.0,-5.1
-5.1,45,125.783351,17,final_d15_closed,0,15,closed,0.0,-5.1
-5.1,45,125.807774,17,final_d15_closed,0,15,closed,0.0,-5.1
4.02,48,125.834891,17,d19_detour,2,19,closed,0.0,4.020000000000003
2.58,42,126.0738,17,final_d15_open,0,15,open,1.0,2.5799999999999996
4.02,48,126.101016,17,d19_detour,2,19,closed,0.0,4.020000000000003
2.58,42,126.123656,17,final_d15_open,0,15,open,1.0,2.5799999999999996
3.48,42,126.146989,17,d17_medium,2,17,closed,0.0,3.480000000000002
-5.1,45,126.171104,17,final_d15_closed,0,15,closed,0.0,-5.1
1.92,48,126.196682,17,final_d17_closed,0,17,closed,0.0,1.9199999999999997
4.14,36,126.217363,17,d15_direct,2,15,open,1.0,4.140000000000002
2.46,54,126.245923,17,final_d19_open,0,19,open,1.0,2.4599999999999995
4.02,48,126.27237,17,d19_detour,2,19,closed,0.0,4.020000000000003
4.02,48,126.298688,17,d19_detour,2,19,closed,0.0,4.020000000000003
4.02,48,126.325254,17,d19_detour,2,19,closed,0.0,4.020000000000003
4.02,48,126.351479,17,d19_detour,2,19,closed,0.0,4.020000000000003
2.46,54,126.380123,17,final_d19_closed,0,19,closed,0.0,2.4599999999999995
2.46,54,126.408763,17,final_d19_open,0,19,open,1.0,2.4599999999999995
4.02,48,126.43521,17,d19_detour,2,19,closed,0.0,4.020000000000003
4.02,48,126.461469,17,d19_detour,2,19,closed,0.0,4.020000000000003
2.58,42,126.484029,17,final_d15_open,0,15,open,1.0,2.5799999999999996
4.14,36,126.506448,17,d15_direct,2,15,open,1.0,4.140000000000002
2.46,54,126.537248,17,final_d19_closed,0,19,closed,0.0,2.4599999999999995
-4.75,45,126.561336,17,final_d15_closed,0,15,closed,0.0,-4.749999999999998
2.46,54,126.590075,17,final_d19_closed,0,19,closed,0.0,2.4599999999999995
4.02,48,126.616535,17,d19_detour,2,19,closed,0.0,4.020000000000003
2.58,42,126.639441,17,final_d15_open,0,15,open,1.0,2.5799999999999996
2.58,42,126.663811,17,final_d15_open,0,15,open,1.0,2.5799999999999996
2.46,54,126.691997,17,final_d19_open,0,19,open,1.0,2.4599999999999995
2.58,42,126.714786,17,final_d15_open,0,15,open,1.0,2.5799999999999996
4.02,48,126.740795,17,d19_detour,2,19,closed,0.0,4.020000000000003
2.46,54,126.769711,17,final_d19_open,0,19,open,1.0,2.4599999999999995
-4.75,45,126.793579,17,final_d15_closed,0,15,closed,0.0,-4.75
-5.1,45,126.817621,17,final_d15_closed,0,15,closed,0.0,-5.1
2.46,54,126.84597,17,final_d19_open,0,19,open,1.0,2.4599999999999995
2.46,54,126.87438,17,final_d19_open,0,19,open,1.0,2.4599999999999995
2.58,42,126.897095,17,final_d15_open,0,15,open,1.0,2.5799999999999996
1.92,48,126.922546,17,final_d17_open,0,17,open,1.0,1.9199999999999997
3.48,42,126.945413,17,d17_medium,2,17,closed,0.0,3.480000000000002
3.48,42,126.968084,17,d17_medium,2,17,closed,0.0,3.480000000000002
2.46,54,126.995743,17,final_d19_open,0,19,open,1.0,2.4599999999999995
2.46,54,127.023561,17,final_d19_closed,0,19,closed,0.0,2.4599999999999995
2.46,54,127.05134,17,final_d19_closed,0,19,closed,0.0,2.4599999999999995
2.46,54,127.079736,17,final_d19_closed,0,19,closed,0.0,2.4599999999999995
2.58,42,127.103176,17,final_d15_open,0,15,open,1.0,2.5799999999999996
1.92,48,127.130065,17,final_d17_open,0,17,open,1.0,1.9199999999999997
3.48,42,127.153714,17,d17_medium,2,17,closed,0.0,3.480000000000002
4.02,48,127.1804,17,d19_detour,2,19,closed,0.0,4.020000000000003
-2.11,56,127.467355,17,final_d19_closed,0,19,closed,0.0,-2.1099999999999968
-5.1,45,127.491856,17,final_d15_closed,0,15,closed,0.0,-5.1
2.46,54,127.520907,17,final_d19_open,0,19,open,1.0,2.4599999999999995
1.92,48,127.547224,17,final_d17_open,0,17,open,1.0,1.9199999999999997
3.48,42,127.570847,17,d17_medium,2,17,closed,0.0,3.480000000000002
2.46,54,127.60024,17,final_d19_open,0,19,open,1.0,2.4599999999999995
4.02,48,127.626555,17,d19_detour,2,19,closed,0.0,4.020000000000003
-4.8,45,127.651255,17,final_d15_closed,0,15,closed,0.0,-4.799999999999998
4.02,48,127.678163,17,d19_detour,2,19,closed,0.0,4.020000000000003
1.36,49,127.704792,17,d19_detour,2,19,closed,0.0,1.359999999999999
4.02,48,127.73175,17,d19_detour,2,19,closed,0.0,4.020000000000003
2.01,49,127.758882,17,d19_detour,2,19,closed,0.0,2.01
-5.1,45,127.783351,17,final_d15_closed,0,15,closed,0.0,-5.1
3.48,42,127.807275,17,d17_medium,2,17,closed,0.0,3.480000000000002
1.92,48,127.833777,17,final_d17_open,0,17,open,1.0,1.9199999999999997
4.14,36,127.853976,17,d15_direct,2,15,open,1.0,4.140000000000002
2.46,54,127.882637,17,final_d19_open,0,19,open,1.0,2.4599999999999995
1.92,48,127.908418,17,final_d17_open,0,17,open,1.0,1.9199999999999997
-1.86,56,127.938271,17,final_d19_closed,0,19,closed,0.0,-1.859999999999997
-5.1,45,127.962589,17,final_d15_closed,0,15,closed,0.0,-5.1
2.58,42,127.985958,17,final_d15_open,0,15,open,1.0,2.5799999999999996
2.46,54,128.01482,17,final_d19_open,0,19,open,1.0,2.4599999999999995
-4.75,45,128.039936,17,final_d15_closed,0,15,closed,0.0,-4.75
1.92,48,128.067177,17,final_d17_closed,0,17,closed,0.0,1.9199999999999997
-5.1,45,128.091923,17,final_d15_closed,0,15,closed,0.0,-5.1
3.48,42,128.117002,17,d17_medium,2,17,closed,0.0,3.480000000000002
1.92,48,128.143379,17,final_d17_open,0,17,open,1.0,1.9199999999999997
-5.1,45,128.168815,17,final_d15_closed,0,15,closed,0.0,-5.1
2.58,42,128.192174,17,final_d15_open,0,15,open,1.0,2.5799999999999996
4.02,48,128.221069,17,d19_detour,2,19,closed,0.0,4.020000000000003
2.46,54,128.250616,17,final_d19_open,0,19,open,1.0,2.4599999999999995
4.02,48,128.280046,17,d19_detour,2,19,closed,0.0,4.020000000000003
2.46,54,128.308881,17,final_d19_open,0,19,open,1.0,2.4599999999999995
2.46,54,128.339032,17,final_d19_closed,0,19,closed,0.0,2.4599999999999995
2.58,42,128.362173,17,final_d15_open,0,15,open,1.0,2.5799999999999996
2.46,54,128.391334,17,final_d19_closed,0,19,closed,0.0,2.4599999999999995
3.48,42,128.415034,17,d17_medium,2,17,closed,0.0,3.480000000000002
3.48,42,128.439587,17,d17_medium,2,17,closed,0.0,3.480000000000002
-5.1,45,128.463969,17,final_d15_closed,0,15,closed,0.0,-5.1
2.58,42,128.487084,17,final_d15_open,0,15,open,1.0,2.5799999999999996
4.14,36,128.507451,17,d15_direct,2,15,open,1.0,4.140000000000002
2.46,54,128.536466,17,final_d19_open,0,19,open,1.0,2.4599999999999995
1.92,48,128.562631,17,final_d17_closed,0,17,closed,0.0,1.9199999999999997
1.92,48,128.837312,17,final_d17_open,0,17,open,1.0,1.9199999999999997
2.46,54,128.865574,17,final_d19_closed,0,19,closed,0.0,2.4599999999999995
1.67,33,128.883783,17,d19_detour,2,19,closed,0.0,1.6699999999999997
-5.1,45,128.907697,17,final_d15_closed,0,15,closed,0.0,-5.1
2.46,54,128.936083,17,final_d19_open,0,19,open,1.0,2.4599999999999995
2.46,54,128.965141,17,final_d19_closed,0,19,closed,0.0,2.4599999999999995
2.46,54,128.995868,17,final_d19_open,0,19,open,1.0,2.4599999999999995
1.92,48,129.021813,17,final_d17_open,0,17,open,1.0,1.9199999999999997
-4.65,45,129.046154,17,final_d15_closed,0,15,closed,0.0,-4.649999999999999
1.92,48,129.071602,17,final_d17_open,0,17,open,1.0,1.9199999999999997
1.92,48,129.097922,17,final_d17_open,0,17,open,1.0,1.9199999999999997
4.14,36,129.117843,17,d15_direct,2,15,open,1.0,4.140000000000002
-1.7,50,129.144072,17,final_d17_open,0,17,open,1.0,-1.7000000000000004
2.58,42,129.166586,17,final_d15_open,0,15,open,1.0,2.5799999999999996
4.14,36,129.186584,17,d15_direct,2,15,open,1.0,4.140000000000002
2.58,42,129.209464,17,final_d15_open,0,15,open,1.0,2.5799999999999996
2.01,49,129.236794,17,d19_detour,2,19,closed,0.0,2.01
-4.75,45,129.260722,17,final_d15_closed,0,15,closed,0.0,-4.749999999999998
2.14,46,129.285671,17,final_d17_open,0,17,open,1.0,2.1399999999999997
3.48,42,129.308921,17,d17_medium,2,17,closed,0.0,3.480000000000002
1.92,48,129.334769,17,final_d17_open,0,17,open,1.0,1.9199999999999997
2.01,49,129.361928,17,d19_detour,2,19,closed,0.0,2.01
1.92,48,129.387753,17,final_d17_open,0,17,open,1.0,1.9199999999999997
2.46,54,129.416463,17,final_d19_closed,0,19,closed,0.0,2.4599999999999995
2.46,54,129.44426,17,final_d19_closed,0,19,closed,0.0,2.4599999999999995
2.58,42,129.466156,17,final_d15_open,0,15,open,1.0,2.5799999999999996
2.46,54,129.493971,17,final_d19_closed,0,19,closed,0.0,2.4599999999999995
2.46,54,129.521668,17,final_d19_open,0,19,open,1.0,2.4599999999999995
2.46,54,129.549885,17,final_d19_closed,0,19,closed,0.0,2.4599999999999995
2.58,42,129.57219,17,final_d15_open,0,15,open,1.0,2.5799999999999996
-4.75,45,129.595671,17,final_d15_closed,0,15,closed,0.0,-4.749999999999998
3.48,42,129.619297,17,d17_medium,2,17,closed,0.0,3.480000000000002
4.02,48,129.64577,17,d19_detour,2,19,closed,0.0,4.020000000000003
0.45,55,129.674268,17,final_d19_closed,0,19,closed,0.0,0.4499999999999996
-4.75,45,129.698504,17,final_d15_closed,0,15,closed,0.0,-4.75
4.14,36,129.718981,17,d15_direct,2,15,open,1.0,4.140000000000002
1.92,48,129.744185,17,final_d17_closed,0,17,closed,0.0,1.9199999999999997
2.58,42,129.767099,17,final_d15_open,0,15,open,1.0,2.5799999999999996
2.46,54,129.796357,17,final_d19_open,0,19,open,1.0,2.4599999999999995
3.48,42,129.81919,17,d17_medium,2,17,closed,0.0,3.480000000000002
1.92,48,129.84439,17,final_d17_open,0,17,open,1.0,1.9199999999999997
-4.75,45,129.868851,17,final_d15_closed,0,15,closed,0.0,-4.749999999999998
3.48,42,129.891678,17,d17_medium,2,17,closed,0.0,3.480000000000002
1.92,48,129.917357,17,final_d17_closed,0,17,closed,0.0,1.9199999999999997
1.75,25,130.149083,17,d15_direct,2,15,open,1.0,1.7499999999999998
4.02,48,130.175587,17,d19_detour,2,19,closed,0.0,4.020000000000003
2.46,54,130.205111,17,final_d19_closed,0,19,closed,0.0,2.4599999999999995
3.48,42,130.2296,17,d17_medium,2,17,closed,0.0,3.480000000000002
-5.0,45,130.254296,17,final_d15_closed,0,15,closed,0.0,-5.0
2.46,54,130.284456,17,final_d19_closed,0,19,closed,0.0,2.4599999999999995
1.92,48,130.313509,17,final_d17_closed,0,17,closed,0.0,1.9199999999999997
4.14,36,130.334246,17,d15_direct,2,15,open,1.0,4.140000000000002
2.46,54,130.368551,17,final_d19_closed,0,19,closed,0.0,2.4599999999999995
2.58,42,130.392869,17,final_d15_open,0,15,open,1.0,2.5799999999999996
2.46,54,130.421649,17,final_d19_open,0,19,open,1.0,2.4599999999999995
2.46,54,130.451039,17,final_d19_closed,0,19,closed,0.0,2.4599999999999995
2.46,54,130.481212,17,final_d19_closed,0,19,closed,0.0,2.4599999999999995
1.92,48,130.507423,17,final_d17_open,0,17,open,1.0,1.9199999999999997
1.92,48,130.533874,17,final_d17_open,0,17,open,1.0,1.9199999999999997
1.92,48,130.561734,17,final_d17_closed,0,17,closed,0.0,1.9199999999999997
0.12,43,130.586645,17,final_d15_open,0,15,open,1.0,0.11999999999999966
2.58,42,130.609716,17,final_d15_open,0,15,open,1.0,2.5799999999999996
1.92,48,130.635702,17,final_d17_open,0,17,open,1.0,1.9199999999999997
-4.7,45,130.660838,17,final_d15_closed,0,15,closed,0.0,-4.6999999999999975
1.92,48,130.687252,17,final_d17_closed,0,17,closed,0.0,1.9199999999999997
-5.0,45,130.712377,17,final_d15_closed,0,15,closed,0.0,-5.0
1.92,48,130.738245,17,final_d17_open,0,17,open,1.0,1.9199999999999997
0.12,43,130.762286,17,final_d15_open,0,15,open,1.0,0.11999999999999966
-4.7,45,130.786446,17,final_d15_closed,0,15,closed,0.0,-4.6999999999999975
-4.8,45,130.811877,17,final_d15_closed,0,15,closed,0.0,-4.799999999999999
2.46,54,130.840961,17,final_d19_open,0,19,open,1.0,2.4599999999999995
2.58,42,130.864761,17,final_d15_open,0,15,open,1.0,2.5799999999999996
4.02,48,130.892184,17,d19_detour,2,19,closed,0.0,4.020000000000003
0.1,55,130.922442,17,final_d19_closed,0,19,closed,0.0,0.09999999999999942
2.58,42,130.946383,17,final_d15_open,0,15,open,1.0,2.5799999999999996
1.92,48,130.972483,17,final_d17_closed,0,17,closed,0.0,1.9199999999999997
-4.8,45,130.998392,17,final_d15_closed,0,15,closed,0.0,-4.799999999999999
2.46,54,131.028865,17,final_d19_closed,0,19,closed,0.0,2.4599999999999995
-5.1,45,131.053545,17,final_d15_closed,0,15,closed,0.0,-5.1
3.48,42,131.077639,17,d17_medium,2,17,closed,0.0,3.480000000000002
2.46,54,131.107395,17,final_d19_closed,0,19,closed,0.0,2.4599999999999995
2.46,54,131.136346,17,final_d19_open,0,19,open,1.0,2.4599999999999995
4.02,48,131.164021,17,d19_detour,2,19,closed,0.0,4.020000000000003
4.02,48,131.191417,17,d19_detour,2,19,closed,0.0,4.020000000000003
4.14,36,131.214108,17,d15_direct,2,15,open,1.0,4.140000000000002
4.02,48,131.241313,17,d19_detour,2,19,closed,0.0,4.020000000000003
4.02,48,131.267798,17,d19_detour,2,19,closed,0.0,4.020000000000003
-0.24,49,131.556284,17,final_d17_open,0,17,open,1.0,-0.24000000000000044
1.92,48,131.581955,17,final_d17_closed,0,17,closed,0.0,1.9199999999999997
2.46,54,131.610365,17,final_d19_open,0,19,open,1.0,2.4599999999999995
4.14,36,131.630524,17,d15_direct,2,15,open,1.0,4.140000000000002
2.46,54,131.659562,17,final_d19_closed,0,19,closed,0.0,2.4599999999999995
3.48,42,131.682901,17,d17_medium,2,17,closed,0.0,3.480000000000002
2.46,54,131.711541,17,final_d19_closed,0,19,closed,0.0,2.4599999999999995
-5.0,45,131.735246,17,final_d15_closed,0,15,closed,0.0,-5.0
3.48,42,131.759827,17,d17_medium,2,17,closed,0.0,3.480000000000002
2.46,54,131.788583,17,final_d19_open,0,19,open,1.0,2.4599999999999995
1.92,48,131.814817,17,final_d17_closed,0,17,closed,0.0,1.9199999999999997
1.92,48,131.840317,17,final_d17_closed,0,17,closed,0.0,1.9199999999999997
4.02,48,131.866756,17,d19_detour,2,19,closed,0.0,4.020000000000003
-4.75,45,131.890727,17,final_d15_closed,0,15,closed,0.0,-4.75
2.58,42,131.913064,17,final_d15_open,0,15,open,1.0,2.5799999999999996
-4.75,45,131.93742,17,final_d15_closed,0,15,closed,0.0,-4.749999999999998
0.32,43,131.960588,17,final_d15_open,0,15,open,1.0,0.3199999999999996
-0.15,55,131.989247,17,final_d19_closed,0,19,closed,0.0,-0.15000000000000102
2.46,54,132.01773,17,final_d19_closed,0,19,closed,0.0,2.4599999999999995
1.92,48,132.043189,17,final_d17_closed,0,17,closed,0.0,1.9199999999999997
1.92,48,132.06867,17,final_d17_closed,0,17,closed,0.0,1.9199999999999997
1.92,48,132.094106,17,final_d17_closed,0,17,closed,0.0,1.9199999999999997
2.46,54,132.123008,17,final_d19_open,0,19,open,1.0,2.4599999999999995
2.46,54,132.152647,17,final_d19_open,0,19,open,1.0,2.4599999999999995
2.58,42,132.17506,17,final_d15_open,0,15,open,1.0,2.5799999999999996
4.14,36,132.195337,17,d15_direct,2,15,open,1.0,4.140000000000002
2.58,42,132.218145,17,final_d15_open,0,15,open,1.0,2.5799999999999996
3.48,42,132.241246,17,d17_medium,2,17,closed,0.0,3.480000000000002
2.58,42,132.263714,17,final_d15_open,0,15,open,1.0,2.5799999999999996
4.02,48,132.289665,17,d19_detour,2,19,closed,0.0,4.020000000000003
4.02,48,132.316719,17,d19_detour,2,19,closed,0.0,4.020000000000003
2.58,42,132.339933,17,final_d15_open,0,15,open,1.0,2.5799999999999996
0.06,49,132.366291,17,final_d17_open,0,17,open,1.0,0.05999999999999961
2.58,42,132.38944,17,final_d15_open,0,15,open,1.0,2.5799999999999996
2.46,54,132.41842,17,final_d19_open,0,19,open,1.0,2.4599999999999995
1.92,48,132.445189,17,final_d17_closed,0,17,closed,0.0,1.9199999999999997
-5.1,45,132.469027,17,final_d15_closed,0,15,closed,0.0,-5.1
3.48,42,132.492433,17,d17_medium,2,17,closed,0.0,3.480000000000002
4.02,48,132.518701,17,d19_detour,2,19,closed,0.0,4.020000000000003
-4.65,45,132.54297,17,final_d15_closed,0,15,closed,0.0,-4.649999999999999
1.92,48,132.568793,17,final_d17_closed,0,17,closed,0.0,1.9199999999999997
2.58,42,132.591707,17,final_d15_open,0,15,open,1.0,2.5799999999999996
2.58,42,132.614317,17,final_d15_open,0,15,open,1.0,2.5799999999999996
2.46,54,132.64307,17,final_d19_closed,0,19,closed,0.0,2.4599999999999995
3.48,42,132.940112,17,d17_medium,2,17,closed,0.0,3.480000000000002
2.46,54,132.969255,17,final_d19_open,0,19,open,1.0,2.4599999999999995
1.92,48,132.994693,17,final_d17_closed,0,17,closed,0.0,1.9199999999999997
1.86,49,133.020951,17,final_d17_open,0,17,open,1.0,1.8599999999999997
3.48,42,133.044955,17,d17_medium,2,17,closed,0.0,3.480000000000002
4.14,36,133.064788,17,d15_direct,2,15,open,1.0,4.140000000000002
3.48,42,133.087735,17,d17_medium,2,17,closed,0.0,3.480000000000002
4.14,36,133.107498,17,d15_direct,2,15,open,1.0,4.140000000000002
1.92,48,133.13267,17,final_d17_closed,0,17,closed,0.0,1.9199999999999997
1.92,48,133.159534,17,final_d17_closed,0,17,closed,0.0,1.9199999999999997
2.46,54,133.190199,17,final_d19_closed,0,19,closed,0.0,2.4599999999999995
-5.0,45,133.214469,17,final_d15_closed,0,15,closed,0.0,-5.0
2.46,54,133.243671,17,final_d19_closed,0,19,closed,0.0,2.4599999999999995
4.14,36,133.263955,17,d15_direct,2,15,open,1.0,4.140000000000002
1.75,25,133.278512,17,d15_direct,2,15,open,1.0,1.7499999999999998
3.48,42,133.303097,17,d17_medium,2,17,closed,0.0,3.480000000000002
1.92,48,133.328993,17,final_d17_open,0,17,open,1.0,1.9199999999999997
-5.1,45,133.35422,17,final_d15_closed,0,15,closed,0.0,-5.1
-5.1,45,133.378769,17,final_d15_closed,0,15,closed,0.0,-5.1
3.48,42,133.403555,17,d17_medium,2,17,closed,0.0,3.480000000000002
2.46,54,133.43257,17,final_d19_closed,0,19,closed,0.0,2.4599999999999995
2.26,54,133.460944,17,final_d19_closed,0,19,closed,0.0,2.26
4.14,36,133.480988,17,d15_direct,2,15,open,1.0,4.140000000000002
4.14,36,133.501402,17,d15_direct,2,15,open,1.0,4.140000000000002
2.58,42,133.523744,17,final_d15_open,0,15,open,1.0,2.5799999999999996
3.48,42,133.547567,17,d17_medium,2,17,closed,0.0,3.480000000000002
4.02,48,133.575637,17,d19_detour,2,19,closed,0.0,4.020000000000003
2.46,54,133.604274,17,final_d19_closed,0,19,closed,0.0,2.4599999999999995
4.14,36,133.624315,17,d15_direct,2,15,open,1.0,4.140000000000002
2.46,54,133.654205,17,final_d19_open,0,19,open,1.0,2.4599999999999995
2.58,42,133.676317,17,final_d15_open,0,15,open,1.0,2.5799999999999996
2.46,54,133.704226,17,final_d19_open,0,19,open,1.0,2.4599999999999995
1.92,48,133.729872,17,final_d17_open,0,17,open,1.0,1.9199999999999997
3.48,42,133.752985,17,d17_medium,2,17,closed,0.0,3.480000000000002
2.46,54,133.781285,17,final_d19_closed,0,19,closed,0.0,2.4599999999999995
4.14,36,133.801235,17,d15_direct,2,15,open,1.0,4.140000000000002
2.58,42,133.8242,17,final_d15_open,0,15,open,1.0,2.5799999999999996
1.92,48,133.849253,17,final_d17_open,0,17,open,1.0,1.9199999999999997
2.46,54,133.878547,17,final_d19_closed,0,19,closed,0.0,2.4599999999999995
1.92,48,133.904363,17,final_d17_closed,0,17,closed,0.0,1.9199999999999997
1.92,48,133.930694,17,final_d17_open,0,17,open,1.0,1.9199999999999997
-4.7,45,133.955655,17,final_d15_closed,0,15,closed,0.0,-4.699999999999999
3.48,42,133.979437,17,d17_medium,2,17,closed,0.0,3.480000000000002
2.46,54,134.008998,17,final_d19_open,0,19,open,1.0,2.4599999999999995
1.92,48,134.034735,17,final_d17_closed,0,17,closed,0.0,1.9199999999999997
-5.0,45,134.275382,17,final_d15_closed,0,15,closed,0.0,-5.0
1.92,48,134.301125,17,final_d17_closed,0,17,closed,0.0,1.9199999999999997
-4.75,45,134.325097,17,final_d15_closed,0,15,closed,0.0,-4.749999999999998
-4.9,45,134.349414,17,final_d15_closed,0,15,closed,0.0,-4.9
2.58,42,134.372222,17,final_d15_open,0,15,open,1.0,2.5799999999999996
-5.1,45,134.39647,17,final_d15_closed,0,15,closed,0.0,-5.1
0.39,56,134.426035,17,final_d19_closed,0,19,closed,0.0,0.38999999999999957
2.46,54,134.454769,17,final_d19_open,0,19,open,1.0,2.4599999999999995
1.92,48,134.480993,17,final_d17_closed,0,17,closed,0.0,1.9199999999999997
-4.8,45,134.505265,17,final_d15_closed,0,15,closed,0.0,-4.799999999999998
1.92,48,134.530971,17,final_d17_open,0,17,open,1.0,1.9199999999999997
4.14,36,134.551345,17,d15_direct,2,15,open,1.0,4.140000000000002
1.92,48,134.583991,17,final_d17_closed,0,17,closed,0.0,1.9199999999999997
-4.4,45,134.61394,17,final_d15_closed,0,15,closed,0.0,-4.399999999999999
2.46,54,134.643406,17,final_d19_open,0,19,open,1.0,2.4599999999999995
2.46,54,134.672379,17,final_d19_closed,0,19,closed,0.0,2.4599999999999995
2.46,54,134.702527,17,final_d19_open,0,19,open,1.0,2.4599999999999995
4.14,36,134.722833,17,d15_direct,2,15,open,1.0,4.140000000000002
1.92,48,134.748946,17,final_d17_open,0,17,open,1.0,1.9199999999999997
-5.0,45,134.77314,17,final_d15_closed,0,15,closed,0.0,-5.0
3.48,42,134.796785,17,d17_medium,2,17,closed,0.0,3.480000000000002
2.46,54,134.825996,17,final_d19_open,0,19,open,1.0,2.4599999999999995
2.46,54,134.854842,17,final_d19_open,0,19,open,1.0,2.4599999999999995
2.46,54,134.883817,17,final_d19_open,0,19,open,1.0,2.4599999999999995
2.46,54,134.913018,17,final_d19_closed,0,19,closed,0.0,2.4599999999999995
2.1,40,134.934983,17,d19_detour,2,19,closed,0.0,2.1000000000000014
1.92,48,134.960792,17,final_d17_closed,0,17,closed,0.0,1.9199999999999997
2.58,42,134.983303,17,final_d15_open,0,15,open,1.0,2.5799999999999996
0.1,55,135.011755,17,final_d19_closed,0,19,closed,0.0,0.09999999999999942
1.92,48,135.037344,17,final_d17_closed,0,17,closed,0.0,1.9199999999999997
4.14,36,135.057064,17,d15_direct,2,15,open,1.0,4.140000000000002
-4.8,45,135.080769,17,final_d15_closed,0,15,closed,0.0,-4.799999999999999
4.14,36,135.101376,17,d15_direct,2,15,open,1.0,4.140000000000002
4.14,36,135.121015,17,d15_direct,2,15,open,1.0,4.140000000000002
1.75,25,135.135219,17,d15_direct,2,15,open,1.0,1.7499999999999998
4.14,36,135.1552,17,d15_direct,2,15,open,1.0,4.140000000000002
1.92,48,135.181133,17,final_d17_closed,0,17,closed,0.0,1.9199999999999997
1.92,48,135.206919,17,final_d17_closed,0,17,closed,0.0,1.9199999999999997
2.58,42,135.229613,17,final_d15_open,0,15,open,1.0,2.5799999999999996
2.46,54,135.257692,17,final_d19_closed,0,19,closed,0.0,2.4599999999999995
4.02,48,135.283595,17,d19_detour,2,19,closed,0.0,4.020000000000003
1.92,48,135.309981,17,final_d17_closed,0,17,closed,0.0,1.9199999999999997
2.58,42,135.332562,17,final_d15_open,0,15,open,1.0,2.5799999999999996
-0.25,55,135.362116,17,final_d19_open,0,19,open,1.0,-0.25000000000000044
2.46,54,135.60908,17,final_d19_closed,0,19,closed,0.0,2.4599999999999995
2.46,54,135.637691,17,final_d19_open,0,19,open,1.0,2.4599999999999995
2.46,54,135.666151,17,final_d19_open,0,19,open,1.0,2.4599999999999995
2.58,42,135.689092,17,final_d15_open,0,15,open,1.0,2.5799999999999996
4.02,48,135.717053,17,d19_detour,2,19,closed,0.0,4.020000000000003
0.11,49,135.742607,17,final_d17_open,0,17,open,1.0,0.10999999999999965
1.92,48,135.768906,17,final_d17_closed,0,17,closed,0.0,1.9199999999999997
4.02,48,135.794727,17,d19_detour,2,19,closed,0.0,4.020000000000003
2.46,54,135.82263,17,final_d19_open,0,19,open,1.0,2.4599999999999995
1.92,48,135.847496,17,final_d17_open,0,17,open,1.0,1.9199999999999997
1.92,48,135.872527,17,final_d17_closed,0,17,closed,0.0,1.9199999999999997
4.14,36,135.892081,17,d15_direct,2,15,open,1.0,4.140000000000002
2.58,42,135.91483,17,final_d15_open,0,15,open,1.0,2.5799999999999996
2.46,54,135.943957,17,final_d19_closed,0,19,closed,0.0,2.4599999999999995
1.92,48,135.969084,17,final_d17_open,0,17,open,1.0,1.9199999999999997
1.92,48,135.99505,17,final_d17_closed,0,17,closed,0.0,1.9199999999999997
4.14,36,136.014869,17,d15_direct,2,15,open,1.0,4.140000000000002
-4.75,45,136.038593,17,final_d15_closed,0,15,closed,0.0,-4.75
4.14,36,136.059028,17,d15_direct,2,15,open,1.0,4.140000000000002
4.14,36,136.080113,17,d15_direct,2,15,open,1.0,4.140000000000002
-5.1,45,136.104844,17,final_d15_closed,0,15,closed,0.0,-5.1
4.14,36,136.125948,17,d15_direct,2,15,open,1.0,4.140000000000002
2.46,54,136.156371,17,final_d19_open,0,19,open,1.0,2.4599999999999995
2.46,54,136.186966,17,final_d19_open,0,19,open,1.0,2.4599999999999995
3.48,42,136.213443,17,d17_medium,2,17,closed,0.0,3.480000000000002
0.11,49,136.240515,17,final_d17_closed,0,17,closed,0.0,0.10999999999999965
4.02,48,136.270355,17,d19_detour,2,19,closed,0.0,4.020000000000003
2.46,54,136.299581,17,final_d19_open,0,19,open,1.0,2.4599999999999995
1.92,48,136.325594,17,final_d17_closed,0,17,closed,0.0,1.9199999999999997
1.31,29,136.342352,17,d17_medium,2,17,closed,0.0,1.3099999999999998
3.48,42,136.371476,17,d17_medium,2,17,closed,0.0,3.480000000000002
1.92,48,136.398442,17,final_d17_open,0,17,open,1.0,1.9199999999999997
-5.1,45,136.423154,17,final_d15_closed,0,15,closed,0.0,-5.1
2.46,54,136.452332,17,final_d19_open,0,19,open,1.0,2.4599999999999995
4.02,48,136.479608,17,d19_detour,2,19,closed,0.0,4.020000000000003
3.48,42,136.503998,17,d17_medium,2,17,closed,0.0,3.480000000000002
4.14,36,136.524453,17,d15_direct,2,15,open,1.0,4.140000000000002
-4.4,45,136.549546,17,final_d15_closed,0,15,closed,0.0,-4.399999999999997
2.46,54,136.580529,17,final_d19_closed,0,19,closed,0.0,2.4599999999999995
3.48,42,136.604386,17,d17_medium,2,17,closed,0.0,3.480000000000002
3.48,42,136.629433,17,d17_medium,2,17,closed,0.0,3.480000000000002
2.46,54,136.664706,17,final_d19_open,0,19,open,1.0,2.4599999999999995
0.11,49,136.6917,17,final_d17_closed,0,17,closed,0.0,0.10999999999999965
-5.0,45,136.715913,17,final_d15_closed,0,15,closed,0.0,-5.0
4.02,48,136.742597,17,d19_detour,2,19,closed,0.0,4.020000000000003
