#{"t_start": 1789873538.3115313, "env_id": "None"}
r,l,t,curriculum_stage,curriculum_task,curriculum_prefix,deadline,gate_state,belief_open,trial_return
2.94,6,0.900074,0,d19_detour,16,19,closed,0.0,2.94
1.47,3,0.906772,0,d17_medium,14,17,closed,0.0,1.47
2.94,6,0.915197,0,d15_direct,12,15,open,1.0,2.94
2.94,6,0.923565,0,d15_direct,12,15,open,1.0,2.94
0.83,7,0.932441,0,d17_medium,14,17,closed,0.0,0.8299999999999998
2.94,6,0.940734,0,d17_medium,14,17,closed,0.0,2.94
2.94,6,0.949774,0,d17_medium,14,17,closed,0.0,2.94
1.47,3,0.957405,0,d19_detour,16,19,closed,0.0,1.47
1.47,3,0.964496,0,d17_medium,14,17,closed,0.0,1.47
2.94,6,0.973321,0,d19_detour,16,19,closed,0.0,2.94
2.94,6,0.981955,0,d19_detour,16,19,closed,0.0,2.94
2.94,6,0.990043,0,d15_direct,12,15,open,1.0,2.94
2.94,6,0.998865,0,d15_direct,12,15,open,1.0,2.94
-0.08,3,1.005319,0,d15_direct,12,15,open,1.0,-0.08000000000000007
2.94,6,1.013721,0,d15_direct,12,15,open,1.0,2.94
2.94,6,1.021251,0,d15_direct,12,15,open,1.0,2.94
2.94,6,1.028758,0,d15_direct,12,15,open,1.0,2.94
2.94,6,1.036865,0,d17_medium,14,17,closed,0.0,2.94
2.94,6,1.045404,0,d19_detour,16,19,closed,0.0,2.94
2.94,6,1.053956,0,d19_detour,16,19,closed,0.0,2.94
2.94,6,1.062512,0,d19_detour,16,19,closed,0.0,2.94
1.47,3,1.069519,0,d19_detour,16,19,closed,0.0,1.47
2.94,6,1.078035,0,d17_medium,14,17,closed,0.0,2.94
2.94,6,1.086596,0,d19_detour,16,19,closed,0.0,2.94
2.94,6,1.094604,0,d17_medium,14,17,closed,0.0,2.94
2.94,6,1.102626,0,d17_medium,14,17,closed,0.0,2.94
2.94,6,1.110638,0,d17_medium,14,17,closed,0.0,2.94
2.94,6,1.1187,0,d17_medium,14,17,closed,0.0,2.94
2.94,6,1.131613,0,d19_detour,16,19,closed,0.0,2.94
2.88,7,1.141464,0,d17_medium,14,17,closed,0.0,2.88
1.47,3,1.148256,0,d15_direct,12,15,open,1.0,1.47
2.94,6,1.157579,0,d19_detour,16,19,closed,0.0,2.94
2.94,6,1.165134,0,d15_direct,12,15,open,1.0,2.94
2.94,6,1.172689,0,d15_direct,12,15,open,1.0,2.94
2.94,6,1.180979,0,d15_direct,12,15,open,1.0,2.94
1.47,3,1.187832,0,d15_direct,12,15,open,1.0,1.47
1.47,3,1.195333,0,d19_detour,16,19,closed,0.0,1.47
2.94,6,1.203977,0,d17_medium,14,17,closed,0.0,2.94
1.47,3,1.211402,0,d19_detour,16,19,closed,0.0,1.47
1.47,3,1.218745,0,d19_detour,16,19,closed,0.0,1.47
1.47,3,1.225991,0,d17_medium,14,17,closed,0.0,1.47
1.47,3,1.233845,0,d17_medium,14,17,closed,0.0,1.47
0.93,7,1.243617,0,d17_medium,14,17,closed,0.0,0.9299999999999999
0.93,7,1.253147,0,d17_medium,14,17,closed,0.0,0.9299999999999999
2.94,6,1.26211,0,d19_detour,16,19,closed,0.0,2.94
2.94,6,1.270726,0,d15_direct,12,15,open,1.0,2.94
2.94,6,1.279014,0,d17_medium,14,17,closed,0.0,2.94
2.94,6,1.287286,0,d15_direct,12,15,open,1.0,2.94
0.93,7,1.296394,0,d17_medium,14,17,closed,0.0,0.9299999999999999
2.94,6,1.304819,0,d17_medium,14,17,closed,0.0,2.94
2.94,6,1.31286,0,d15_direct,12,15,open,1.0,2.94
2.94,6,1.321373,0,d17_medium,14,17,closed,0.0,2.94
2.94,6,1.330621,0,d17_medium,14,17,closed,0.0,2.94
2.94,6,1.339332,0,d19_detour,16,19,closed,0.0,2.94
2.94,6,1.347584,0,d17_medium,14,17,closed,0.0,2.94
2.88,7,1.356768,0,d17_medium,14,17,closed,0.0,2.88
2.94,6,1.364527,0,d15_direct,12,15,open,1.0,2.94
2.88,7,1.373251,0,d17_medium,14,17,closed,0.0,2.88
1.47,3,1.380783,0,d19_detour,16,19,closed,0.0,1.47
2.94,6,1.390813,0,d19_detour,16,19,closed,0.0,2.94
2.94,6,1.400445,0,d19_detour,16,19,closed,0.0,2.94
1.47,3,1.407988,0,d19_detour,16,19,closed,0.0,1.47
2.94,6,1.416284,0,d15_direct,12,15,open,1.0,2.94
2.94,6,1.425155,1,d19_detour,16,19,closed,0.0,2.94
2.94,6,1.433235,1,d17_medium,14,17,closed,0.0,2.94
0.93,7,1.441281,1,d15_direct,12,15,open,1.0,0.9299999999999999
2.94,6,1.449411,1,d17_medium,14,17,closed,0.0,2.94
1.47,3,1.456257,1,d19_detour,15,19,closed,0.0,1.47
2.91,9,1.466297,1,d19_detour,15,19,closed,0.0,2.91
2.91,9,1.477105,1,d19_detour,15,19,closed,0.0,2.91
2.94,6,1.485264,1,d17_medium,14,17,closed,0.0,2.94
2.88,7,1.494047,1,d17_medium,14,17,closed,0.0,2.88
2.91,9,1.504093,1,d19_detour,15,19,closed,0.0,2.91
2.94,6,1.511718,1,d15_direct,12,15,open,1.0,2.94
0.83,7,1.520539,1,d17_medium,14,17,closed,0.0,0.8299999999999998
1.47,3,1.526607,1,d15_direct,12,15,open,1.0,1.47
2.88,7,1.534623,1,d15_direct,12,15,open,1.0,2.88
2.91,9,1.544781,1,d19_detour,15,19,closed,0.0,2.91
2.94,6,1.55233,1,d15_direct,12,15,open,1.0,2.94
1.47,3,1.558332,1,d15_direct,12,15,open,1.0,1.47
2.94,6,1.566586,1,d17_medium,14,17,closed,0.0,2.94
2.94,6,1.574857,1,d17_medium,14,17,closed,0.0,2.94
2.94,6,1.582541,1,d15_direct,12,15,open,1.0,2.94
1.47,3,1.589077,1,d17_medium,14,17,closed,0.0,1.47
-0.08,3,1.594993,1,d15_direct,12,15,open,1.0,-0.08000000000000007
1.47,3,1.601882,1,d19_detour,15,19,closed,0.0,1.47
2.91,9,1.612112,1,d19_detour,15,19,closed,0.0,2.91
2.88,7,1.620311,1,d15_direct,12,15,open,1.0,2.88
2.91,9,1.630826,1,d19_detour,15,19,closed,0.0,2.91
2.91,9,1.641014,1,d19_detour,15,19,closed,0.0,2.91
2.94,6,1.649083,1,d17_medium,14,17,closed,0.0,2.94
2.88,7,1.658396,1,d17_medium,14,17,closed,0.0,2.88
2.91,9,1.669316,1,d19_detour,15,19,closed,0.0,2.91
2.91,9,1.680239,1,d19_detour,15,19,closed,0.0,2.91
2.94,6,1.687794,1,d15_direct,12,15,open,1.0,2.94
1.47,3,1.694401,1,d17_medium,14,17,closed,0.0,1.47
2.91,9,1.704335,1,d19_detour,15,19,closed,0.0,2.91
-0.08,3,1.710908,1,d17_medium,14,17,closed,0.0,-0.08000000000000007
0.77,8,1.719962,1,d17_medium,14,17,closed,0.0,0.7699999999999998
2.91,9,1.733123,1,d19_detour,15,19,closed,0.0,2.91
2.94,6,1.741433,1,d15_direct,12,15,open,1.0,2.94
-0.08,3,1.747637,1,d15_direct,12,15,open,1.0,-0.08000000000000007
2.94,6,1.755273,1,d15_direct,12,15,open,1.0,2.94
0.83,7,1.764113,1,d17_medium,14,17,closed,0.0,0.8299999999999998
-0.08,3,1.770809,1,d17_medium,14,17,closed,0.0,-0.08000000000000007
2.91,9,1.781409,1,d19_detour,15,19,closed,0.0,2.91
2.94,6,1.790092,1,d17_medium,14,17,closed,0.0,2.94
2.94,6,1.797806,1,d15_direct,12,15,open,1.0,2.94
2.94,6,1.806675,1,d15_direct,12,15,open,1.0,2.94
2.94,6,1.816104,1,d17_medium,14,17,closed,0.0,2.94
2.94,6,1.823752,1,d15_direct,12,15,open,1.0,2.94
2.94,6,1.83179,1,d15_direct,12,15,open,1.0,2.94
2.88,7,1.840444,1,d17_medium,14,17,closed,0.0,2.88
2.91,9,1.852165,1,d19_detour,15,19,closed,0.0,2.91
2.94,6,1.860802,1,d17_medium,14,17,closed,0.0,2.94
1.47,3,1.868238,1,d19_detour,15,19,closed,0.0,1.47
2.94,6,1.876444,1,d15_direct,12,15,open,1.0,2.94
2.91,9,1.886567,2,d19_detour,15,19,closed,0.0,2.91
2.88,7,1.895239,2,d17_medium,14,17,closed,0.0,2.88
2.88,12,1.906693,2,d19_detour,14,19,closed,0.0,2.88
1.47,3,1.913279,2,d17_medium,14,17,closed,0.0,1.47
1.47,3,1.920122,2,d19_detour,14,19,closed,0.0,1.47
2.94,6,1.927741,2,d15_direct,12,15,open,1.0,2.94
1.47,3,1.934222,2,d19_detour,14,19,closed,0.0,1.47
2.88,12,1.945815,2,d19_detour,14,19,closed,0.0,2.88
2.94,6,1.95433,2,d17_medium,14,17,closed,0.0,2.94
-0.03,3,1.961177,2,d19_detour,14,19,closed,0.0,-0.030000000000000027
2.94,6,1.970142,2,d17_medium,14,17,closed,0.0,2.94
1.47,3,1.976869,2,d19_detour,14,19,closed,0.0,1.47
2.94,6,1.985448,2,d17_medium,14,17,closed,0.0,2.94
1.47,3,1.991536,2,d15_direct,12,15,open,1.0,1.47
0.87,8,2.000836,2,d17_medium,14,17,closed,0.0,0.8699999999999999
2.88,12,2.012595,2,d19_detour,14,19,closed,0.0,2.88
2.88,12,2.024418,2,d19_detour,14,19,closed,0.0,2.88
2.88,12,2.035913,2,d19_detour,14,19,closed,0.0,2.88
1.47,3,2.041776,2,d15_direct,12,15,open,1.0,1.47
2.94,6,2.049881,2,d17_medium,14,17,closed,0.0,2.94
0.87,8,2.059207,2,d17_medium,14,17,closed,0.0,0.87
2.94,6,2.066671,2,d15_direct,12,15,open,1.0,2.94
2.94,6,2.074198,2,d15_direct,12,15,open,1.0,2.94
2.94,6,2.081643,2,d15_direct,12,15,open,1.0,2.94
1.47,3,2.087607,2,d15_direct,12,15,open,1.0,1.47
1.47,3,2.094042,2,d19_detour,14,19,closed,0.0,1.47
2.88,12,2.105609,2,d19_detour,14,19,closed,0.0,2.88
2.88,12,2.116873,2,d19_detour,14,19,closed,0.0,2.88
2.88,12,2.128291,2,d19_detour,14,19,closed,0.0,2.88
2.94,6,2.136669,2,d15_direct,12,15,open,1.0,2.94
1.47,3,2.143421,2,d19_detour,14,19,closed,0.0,1.47
1.47,3,2.150177,2,d17_medium,14,17,closed,0.0,1.47
2.94,6,2.157574,2,d15_direct,12,15,open,1.0,2.94
2.88,12,2.168713,2,d19_detour,14,19,closed,0.0,2.88
1.47,3,2.175484,2,d17_medium,14,17,closed,0.0,1.47
2.94,6,2.183017,2,d15_direct,12,15,open,1.0,2.94
2.88,12,2.194189,2,d19_detour,14,19,closed,0.0,2.88
2.94,6,2.201521,2,d15_direct,12,15,open,1.0,2.94
0.83,7,2.210097,2,d17_medium,14,17,closed,0.0,0.8299999999999998
2.94,6,2.218714,2,d15_direct,12,15,open,1.0,2.94
1.47,3,2.224697,2,d15_direct,12,15,open,1.0,1.47
2.88,12,2.238742,2,d19_detour,14,19,closed,0.0,2.88
2.88,12,2.250448,2,d19_detour,14,19,closed,0.0,2.88
0.93,7,2.259667,2,d17_medium,14,17,closed,0.0,0.9299999999999999
2.94,6,2.268363,2,d15_direct,12,15,open,1.0,2.94
2.88,7,2.277583,2,d17_medium,14,17,closed,0.0,2.88
0.93,7,2.286331,2,d17_medium,14,17,closed,0.0,0.9299999999999999
2.88,12,2.299133,2,d19_detour,14,19,closed,0.0,2.88
1.47,3,2.305962,2,d17_medium,14,17,closed,0.0,1.47
2.94,6,2.314662,2,d17_medium,14,17,closed,0.0,2.94
2.88,12,2.325973,2,d19_detour,14,19,closed,0.0,2.88
2.88,12,2.338326,2,d19_detour,14,19,closed,0.0,2.88
2.88,12,2.349744,2,d19_detour,14,19,closed,0.0,2.88
2.94,6,2.357424,2,d15_direct,12,15,open,1.0,2.94
1.47,3,2.364329,2,d17_medium,14,17,closed,0.0,1.47
2.88,12,2.375728,2,d19_detour,14,19,closed,0.0,2.88
2.88,12,2.387499,2,d19_detour,14,19,closed,0.0,2.88
2.88,12,2.401624,2,d19_detour,14,19,closed,0.0,2.88
1.47,3,2.41086,2,d15_direct,12,15,open,1.0,1.47
2.94,6,2.419615,2,d17_medium,14,17,closed,0.0,2.94
2.94,6,2.428077,2,d17_medium,14,17,closed,0.0,2.94
2.94,6,2.436646,2,d17_medium,14,17,closed,0.0,2.94
1.47,3,2.443294,2,d15_direct,12,15,open,1.0,1.47
2.94,6,2.453655,2,d17_medium,14,17,closed,0.0,2.94
1.47,3,2.460922,2,d19_detour,14,19,closed,0.0,1.47
2.88,7,2.469897,2,d17_medium,14,17,closed,0.0,2.88
2.88,12,2.486259,2,d19_detour,14,19,closed,0.0,2.88
2.94,6,2.49406,2,d15_direct,12,15,open,1.0,2.94
2.88,12,2.506053,2,d19_detour,14,19,closed,0.0,2.88
2.94,6,2.514268,2,d17_medium,14,17,closed,0.0,2.94
2.88,12,2.52625,2,d19_detour,14,19,closed,0.0,2.88
-1.18,8,2.536004,2,d17_medium,14,17,closed,0.0,-1.18
2.88,12,2.548074,2,d19_detour,14,19,closed,0.0,2.88
2.94,6,2.555741,2,d15_direct,12,15,open,1.0,2.94
2.88,12,2.567455,2,d19_detour,14,19,closed,0.0,2.88
1.47,3,2.574255,2,d17_medium,14,17,closed,0.0,1.47
2.94,6,2.584404,2,d17_medium,14,17,closed,0.0,2.94
2.88,12,2.5969,2,d19_detour,14,19,closed,0.0,2.88
2.94,6,2.609093,3,d15_direct,12,15,open,1.0,2.94
2.91,9,2.623793,3,d17_medium,13,17,closed,0.0,2.91
1.47,3,2.630283,3,d17_medium,13,17,closed,0.0,1.47
0.83,7,2.638475,3,d15_direct,12,15,open,1.0,0.8299999999999998
2.85,15,2.652184,3,d19_detour,13,19,closed,0.0,2.8499999999999996
2.91,9,2.663281,3,d17_medium,13,17,closed,0.0,2.91
1.47,3,2.67077,3,d19_detour,13,19,closed,0.0,1.47
2.94,6,2.678607,3,d15_direct,12,15,open,1.0,2.94
2.85,15,2.691738,3,d19_detour,13,19,closed,0.0,2.8499999999999996
2.79,16,2.705361,3,d19_detour,13,19,closed,0.0,2.79
2.85,10,2.716784,3,d17_medium,13,17,closed,0.0,2.8499999999999996
1.47,3,2.722795,3,d15_direct,12,15,open,1.0,1.47
2.91,9,2.733405,3,d17_medium,13,17,closed,0.0,2.91
2.85,15,2.746865,3,d19_detour,13,19,closed,0.0,2.8499999999999996
2.85,15,2.760146,3,d19_detour,13,19,closed,0.0,2.8499999999999996
2.85,15,2.773425,3,d19_detour,13,19,closed,0.0,2.8499999999999996
2.94,6,2.78124,3,d15_direct,12,15,open,1.0,2.94
2.85,15,2.794204,3,d19_detour,13,19,closed,0.0,2.8499999999999996
2.94,6,2.802211,3,d15_direct,12,15,open,1.0,2.94
2.94,6,2.809749,3,d15_direct,12,15,open,1.0,2.94
1.47,3,2.816449,3,d17_medium,13,17,closed,0.0,1.47
2.94,6,2.824466,3,d15_direct,12,15,open,1.0,2.94
1.47,3,2.831191,3,d19_detour,13,19,closed,0.0,1.47
2.85,15,2.844585,3,d19_detour,13,19,closed,0.0,2.8499999999999996
2.85,15,2.857085,3,d19_detour,13,19,closed,0.0,2.8499999999999996
1.47,3,2.863915,3,d17_medium,13,17,closed,0.0,1.47
2.85,15,2.876275,3,d19_detour,13,19,closed,0.0,2.8499999999999996
1.47,3,2.883021,3,d17_medium,13,17,closed,0.0,1.47
2.94,6,2.890699,3,d15_direct,12,15,open,1.0,2.94
2.94,6,2.898415,3,d15_direct,12,15,open,1.0,2.94
1.47,3,2.904713,3,d19_detour,13,19,closed,0.0,1.47
1.47,3,2.911114,3,d19_detour,13,19,closed,0.0,1.47
2.91,9,2.922059,3,d17_medium,13,17,closed,0.0,2.91
2.91,9,2.93721,3,d17_medium,13,17,closed,0.0,2.91
2.85,15,2.952461,3,d19_detour,13,19,closed,0.0,2.8499999999999996
1.47,3,2.959153,3,d15_direct,12,15,open,1.0,1.47
2.94,6,2.96687,3,d15_direct,12,15,open,1.0,2.94
2.91,9,2.976388,3,d17_medium,13,17,closed,0.0,2.91
2.85,10,2.986724,3,d17_medium,13,17,closed,0.0,2.8499999999999996
2.94,6,2.994312,3,d15_direct,12,15,open,1.0,2.94
2.94,6,3.001736,3,d15_direct,12,15,open,1.0,2.94
2.85,15,3.0142,3,d19_detour,13,19,closed,0.0,2.8499999999999996
2.94,6,3.021677,3,d15_direct,12,15,open,1.0,2.94
2.85,10,3.032403,3,d17_medium,13,17,closed,0.0,2.8499999999999996
1.47,3,3.038965,3,d19_detour,13,19,closed,0.0,1.47
0.84,16,3.052437,3,d19_detour,13,19,closed,0.0,0.8399999999999999
2.85,15,3.065195,3,d19_detour,13,19,closed,0.0,2.8499999999999996
1.47,3,3.071394,3,d19_detour,13,19,closed,0.0,1.47
1.47,3,3.077721,3,d15_direct,12,15,open,1.0,1.47
1.47,3,3.084159,3,d15_direct,12,15,open,1.0,1.47
2.91,9,3.094772,3,d17_medium,13,17,closed,0.0,2.91
2.85,15,3.110158,3,d19_detour,13,19,closed,0.0,2.8499999999999996
2.94,6,3.118155,3,d15_direct,12,15,open,1.0,2.94
2.85,15,3.131212,3,d19_detour,13,19,closed,0.0,2.8499999999999996
2.94,6,3.13885,3,d15_direct,12,15,open,1.0,2.94
1.47,3,3.145,3,d15_direct,12,15,open,1.0,1.47
2.85,15,3.159175,3,d19_detour,13,19,closed,0.0,2.8499999999999996
2.91,9,3.170862,3,d17_medium,13,17,closed,0.0,2.91
1.47,3,3.180318,3,d17_medium,13,17,closed,0.0,1.47
2.94,6,3.194871,3,d15_direct,12,15,open,1.0,2.94
1.47,3,3.204923,3,d15_direct,12,15,open,1.0,1.47
2.91,9,3.214926,3,d17_medium,13,17,closed,0.0,2.91
2.85,15,3.227911,3,d19_detour,13,19,closed,0.0,2.8499999999999996
2.94,6,3.235881,3,d15_direct,12,15,open,1.0,2.94
2.91,9,3.245255,3,d17_medium,13,17,closed,0.0,2.91
2.91,9,3.254811,4,d17_medium,13,17,closed,0.0,2.91
2.82,18,3.268703,4,d19_detour,12,19,closed,0.0,2.82
0.77,13,3.279962,4,d17_medium,12,17,closed,0.0,0.7699999999999998
1.47,3,3.285818,4,d19_detour,12,19,closed,0.0,1.47
1.47,3,3.291741,4,d17_medium,12,17,closed,0.0,1.47
2.82,18,3.305425,4,d19_detour,12,19,closed,0.0,2.82
1.47,3,3.312121,4,d19_detour,12,19,closed,0.0,1.47
2.88,12,3.324465,4,d17_medium,12,17,closed,0.0,2.88
1.47,3,3.332852,4,d19_detour,12,19,closed,0.0,1.47
2.94,6,3.343224,4,d15_direct,12,15,open,1.0,2.94
2.88,12,3.355706,4,d17_medium,12,17,closed,0.0,2.88
2.82,18,3.370306,4,d19_detour,12,19,closed,0.0,2.82
0.75,15,3.38357,4,d17_medium,12,17,closed,0.0,0.7499999999999998
2.94,6,3.391166,4,d15_direct,12,15,open,1.0,2.94
2.82,13,3.403841,4,d17_medium,12,17,closed,0.0,2.82
2.82,18,3.417743,4,d19_detour,12,19,closed,0.0,2.82
2.82,18,3.431763,4,d19_detour,12,19,closed,0.0,2.82
2.82,18,3.446196,4,d19_detour,12,19,closed,0.0,2.82
2.94,6,3.453997,4,d15_direct,12,15,open,1.0,2.94
2.82,18,3.468982,4,d19_detour,12,19,closed,0.0,2.82
1.47,3,3.475025,4,d15_direct,12,15,open,1.0,1.47
2.88,12,3.737784,4,d17_medium,12,17,closed,0.0,2.88
2.94,6,3.745792,4,d15_direct,12,15,open,1.0,2.94
2.94,6,3.753572,4,d15_direct,12,15,open,1.0,2.94
2.94,6,3.761178,4,d15_direct,12,15,open,1.0,2.94
1.47,3,3.767106,4,d19_detour,12,19,closed,0.0,1.47
2.94,6,3.77567,4,d15_direct,12,15,open,1.0,2.94
2.82,13,3.788029,4,d17_medium,12,17,closed,0.0,2.82
2.82,18,3.803365,4,d19_detour,12,19,closed,0.0,2.82
2.82,18,3.817237,4,d19_detour,12,19,closed,0.0,2.82
2.82,18,3.831112,4,d19_detour,12,19,closed,0.0,2.82
2.88,12,3.84201,4,d17_medium,12,17,closed,0.0,2.88
2.88,12,3.853037,4,d17_medium,12,17,closed,0.0,2.88
2.94,6,3.860755,4,d15_direct,12,15,open,1.0,2.94
2.94,6,3.86854,4,d15_direct,12,15,open,1.0,2.94
2.94,6,3.876142,4,d15_direct,12,15,open,1.0,2.94
2.94,6,3.883573,4,d15_direct,12,15,open,1.0,2.94
2.88,12,3.894609,4,d17_medium,12,17,closed,0.0,2.88
2.82,18,3.909021,4,d19_detour,12,19,closed,0.0,2.82
1.47,3,3.914841,4,d17_medium,12,17,closed,0.0,1.47
2.88,12,3.925417,4,d17_medium,12,17,closed,0.0,2.88
2.82,18,3.939716,4,d19_detour,12,19,closed,0.0,2.82
2.94,6,3.947271,4,d15_direct,12,15,open,1.0,2.94
2.82,13,3.958814,4,d17_medium,12,17,closed,0.0,2.82
2.94,6,3.966399,4,d15_direct,12,15,open,1.0,2.94
1.47,3,3.972251,4,d19_detour,12,19,closed,0.0,1.47
2.88,12,3.984867,4,d17_medium,12,17,closed,0.0,2.88
1.47,3,3.990922,4,d19_detour,12,19,closed,0.0,1.47
2.82,18,4.005666,4,d19_detour,12,19,closed,0.0,2.82
2.94,6,4.013296,4,d15_direct,12,15,open,1.0,2.94
1.47,3,4.019202,4,d15_direct,12,15,open,1.0,1.47
1.47,3,4.025111,4,d17_medium,12,17,closed,0.0,1.47
2.82,18,4.039538,4,d19_detour,12,19,closed,0.0,2.82
1.47,3,4.045635,4,d17_medium,12,17,closed,0.0,1.47
2.88,12,4.056624,5,d17_medium,12,17,closed,0.0,2.88
1.47,3,4.062254,5,d15_direct,11,15,open,1.0,1.47
2.85,15,4.074156,5,d17_medium,11,17,closed,0.0,2.8499999999999996
2.91,9,4.082904,5,d15_direct,11,15,open,1.0,2.91
2.79,21,4.097644,5,d19_detour,11,19,closed,0.0,2.79
2.85,15,4.113059,5,d17_medium,11,17,closed,0.0,2.8499999999999996
2.79,21,4.129738,5,d19_detour,11,19,closed,0.0,2.79
2.85,15,4.143603,5,d17_medium,11,17,closed,0.0,2.8499999999999996
2.79,21,4.164877,5,d19_detour,11,19,closed,0.0,2.79
2.85,15,4.17726,5,d17_medium,11,17,closed,0.0,2.8499999999999996
2.85,15,4.189879,5,d17_medium,11,17,closed,0.0,2.8499999999999996
2.85,15,4.201827,5,d17_medium,11,17,closed,0.0,2.8499999999999996
2.91,9,4.210661,5,d15_direct,11,15,open,1.0,2.91
2.85,15,4.222755,5,d17_medium,11,17,closed,0.0,2.8499999999999996
2.91,9,4.231996,5,d15_direct,11,15,open,1.0,2.91
2.85,15,4.244587,5,d17_medium,11,17,closed,0.0,2.8499999999999996
2.79,21,4.259902,5,d19_detour,11,19,closed,0.0,2.79
2.85,15,4.272282,5,d17_medium,11,17,closed,0.0,2.8499999999999996
2.91,9,4.280982,5,d15_direct,11,15,open,1.0,2.91
1.47,3,4.287003,5,d17_medium,11,17,closed,0.0,1.47
2.91,9,4.295803,5,d15_direct,11,15,open,1.0,2.91
2.79,21,4.311778,5,d19_detour,11,19,closed,0.0,2.79
2.85,15,4.323818,5,d17_medium,11,17,closed,0.0,2.8499999999999996
1.47,3,4.329564,5,d15_direct,11,15,open,1.0,1.47
2.79,21,4.345396,5,d19_detour,11,19,closed,0.0,2.79
2.79,21,4.360697,5,d19_detour,11,19,closed,0.0,2.79
2.91,9,4.369911,5,d15_direct,11,15,open,1.0,2.91
2.85,15,4.382043,5,d17_medium,11,17,closed,0.0,2.8499999999999996
1.47,3,4.387764,5,d15_direct,11,15,open,1.0,1.47
2.85,15,4.399879,5,d17_medium,11,17,closed,0.0,2.8499999999999996
2.79,21,4.416139,5,d19_detour,11,19,closed,0.0,2.79
0.74,16,4.429369,5,d17_medium,11,17,closed,0.0,0.7399999999999998
2.85,15,4.442254,5,d17_medium,11,17,closed,0.0,2.8499999999999996
2.91,9,4.451154,5,d15_direct,11,15,open,1.0,2.91
1.47,3,4.456793,5,d15_direct,11,15,open,1.0,1.47
2.91,9,4.466422,5,d15_direct,11,15,open,1.0,2.91
2.91,9,4.475802,5,d15_direct,11,15,open,1.0,2.91
2.79,21,4.491171,5,d19_detour,11,19,closed,0.0,2.79
2.85,15,4.503423,5,d17_medium,11,17,closed,0.0,2.8499999999999996
2.79,21,4.519304,5,d19_detour,11,19,closed,0.0,2.79
2.79,21,4.534419,5,d19_detour,11,19,closed,0.0,2.79
0.63,22,4.551004,5,d19_detour,11,19,closed,0.0,0.6299999999999999
1.47,3,4.55673,5,d19_detour,11,19,closed,0.0,1.47
2.91,9,4.565666,5,d15_direct,11,15,open,1.0,2.91
1.47,3,4.571418,5,d17_medium,11,17,closed,0.0,1.47
2.85,15,4.584023,5,d17_medium,11,17,closed,0.0,2.8499999999999996
2.91,9,4.594954,5,d15_direct,11,15,open,1.0,2.91
2.79,21,4.612427,5,d19_detour,11,19,closed,0.0,2.79
2.85,15,4.626467,5,d17_medium,11,17,closed,0.0,2.8499999999999996
1.47,3,4.632583,5,d17_medium,11,17,closed,0.0,1.47
2.91,9,4.64181,5,d15_direct,11,15,open,1.0,2.91
2.91,9,4.650793,5,d15_direct,11,15,open,1.0,2.91
2.79,21,4.666434,5,d19_detour,11,19,closed,0.0,2.79
2.79,21,4.681633,5,d19_detour,11,19,closed,0.0,2.79
1.47,3,4.687912,5,d15_direct,11,15,open,1.0,1.47
2.91,9,4.699288,6,d15_direct,11,15,open,1.0,2.91
2.82,18,4.716276,6,d17_medium,10,17,closed,0.0,2.82
2.88,12,4.727685,6,d15_direct,10,15,open,1.0,2.88
2.82,18,4.742121,6,d17_medium,10,17,closed,0.0,2.82
2.7,25,4.761255,6,d19_detour,10,19,closed,0.0,2.6999999999999997
1.47,3,4.766839,6,d17_medium,10,17,closed,0.0,1.47
1.47,3,4.772379,6,d19_detour,10,19,closed,0.0,1.47
1.47,3,4.777953,6,d19_detour,10,19,closed,0.0,1.47
2.88,12,4.788753,6,d15_direct,10,15,open,1.0,2.88
0.71,19,4.802837,6,d17_medium,10,17,closed,0.0,0.7099999999999997
1.47,3,4.808302,6,d15_direct,10,15,open,1.0,1.47
2.82,18,4.821912,6,d17_medium,10,17,closed,0.0,2.82
1.47,3,4.827266,6,d17_medium,10,17,closed,0.0,1.47
1.47,3,4.832719,6,d15_direct,10,15,open,1.0,1.47
2.82,18,4.846265,6,d17_medium,10,17,closed,0.0,2.82
2.82,18,4.859596,6,d17_medium,10,17,closed,0.0,2.82
2.76,24,4.877431,6,d19_detour,10,19,closed,0.0,2.76
2.82,18,4.891394,6,d17_medium,10,17,closed,0.0,2.82
2.82,18,4.905165,6,d17_medium,10,17,closed,0.0,2.82
2.88,12,4.915197,6,d15_direct,10,15,open,1.0,2.88
2.88,12,4.925222,6,d15_direct,10,15,open,1.0,2.88
2.88,12,4.935795,6,d15_direct,10,15,open,1.0,2.88
1.47,3,4.94111,6,d19_detour,10,19,closed,0.0,1.47
2.82,18,4.954481,6,d17_medium,10,17,closed,0.0,2.82
2.88,12,4.965297,6,d15_direct,10,15,open,1.0,2.88
2.7,25,4.982382,6,d19_detour,10,19,closed,0.0,2.6999999999999997
0.71,19,4.996757,6,d17_medium,10,17,closed,0.0,0.7099999999999997
2.88,12,5.00729,6,d15_direct,10,15,open,1.0,2.88
2.76,24,5.023704,6,d19_detour,10,19,closed,0.0,2.76
2.82,13,5.034784,6,d15_direct,10,15,open,1.0,2.82
2.88,12,5.045598,6,d15_direct,10,15,open,1.0,2.88
2.82,18,5.059002,6,d17_medium,10,17,closed,0.0,2.82
2.88,12,5.06906,6,d15_direct,10,15,open,1.0,2.88
0.72,13,5.079889,6,d15_direct,10,15,open,1.0,0.7199999999999998
2.82,18,5.093077,6,d17_medium,10,17,closed,0.0,2.82
2.82,18,5.106285,6,d17_medium,10,17,closed,0.0,2.82
1.47,3,5.111539,6,d15_direct,10,15,open,1.0,1.47
2.82,18,5.124652,6,d17_medium,10,17,closed,0.0,2.82
2.88,12,5.134649,6,d15_direct,10,15,open,1.0,2.88
2.76,24,5.150843,6,d19_detour,10,19,closed,0.0,2.76
2.88,12,5.160955,6,d15_direct,10,15,open,1.0,2.88
2.76,24,5.17713,6,d19_detour,10,19,closed,0.0,2.76
1.47,3,5.182315,6,d17_medium,10,17,closed,0.0,1.47
2.76,24,5.198404,6,d19_detour,10,19,closed,0.0,2.76
2.88,12,5.208412,6,d15_direct,10,15,open,1.0,2.88
1.47,3,5.213656,6,d17_medium,10,17,closed,0.0,1.47
2.76,19,5.228713,6,d17_medium,10,17,closed,0.0,2.76
1.47,3,5.23412,6,d17_medium,10,17,closed,0.0,1.47
2.76,24,5.250788,6,d19_detour,10,19,closed,0.0,2.76
2.88,12,5.26072,6,d15_direct,10,15,open,1.0,2.88
2.82,18,5.275604,6,d17_medium,10,17,closed,0.0,2.82
2.88,12,5.286666,6,d15_direct,10,15,open,1.0,2.88
1.47,3,5.292252,6,d15_direct,10,15,open,1.0,1.47
1.47,3,5.297841,6,d19_detour,10,19,closed,0.0,1.47
2.88,12,5.309021,6,d15_direct,10,15,open,1.0,2.88
2.88,12,5.319486,6,d15_direct,10,15,open,1.0,2.88
1.47,3,5.324777,6,d17_medium,10,17,closed,0.0,1.47
1.47,3,5.329973,6,d17_medium,10,17,closed,0.0,1.47
1.47,3,5.335211,6,d19_detour,10,19,closed,0.0,1.47
2.82,18,5.350744,6,d17_medium,10,17,closed,0.0,2.82
2.76,24,5.367332,6,d19_detour,10,19,closed,0.0,2.76
2.76,24,5.385146,6,d19_detour,10,19,closed,0.0,2.76
1.47,3,5.390463,6,d17_medium,10,17,closed,0.0,1.47
2.76,24,5.406782,6,d19_detour,10,19,closed,0.0,2.76
2.88,12,5.417356,6,d15_direct,10,15,open,1.0,2.88
2.82,18,5.430546,6,d17_medium,10,17,closed,0.0,2.82
1.47,3,5.43577,6,d17_medium,10,17,closed,0.0,1.47
2.82,18,5.450013,6,d17_medium,10,17,closed,0.0,2.82
1.47,3,5.455678,6,d19_detour,10,19,closed,0.0,1.47
2.76,19,5.469972,6,d17_medium,10,17,closed,0.0,2.76
2.88,12,5.482928,6,d15_direct,10,15,open,1.0,2.88
1.47,3,5.488482,6,d17_medium,10,17,closed,0.0,1.47
2.76,24,5.504661,6,d19_detour,10,19,closed,0.0,2.76
1.47,3,5.510036,6,d17_medium,10,17,closed,0.0,1.47
2.82,18,5.523499,6,d17_medium,10,17,closed,0.0,2.82
1.47,3,5.528724,6,d17_medium,10,17,closed,0.0,1.47
2.82,18,5.542075,6,d17_medium,10,17,closed,0.0,2.82
2.76,24,5.795189,6,d19_detour,10,19,closed,0.0,2.76
0.81,19,5.809602,6,d17_medium,10,17,closed,0.0,0.8099999999999998
1.47,3,5.814951,6,d19_detour,10,19,closed,0.0,1.47
1.47,3,5.820434,6,d19_detour,10,19,closed,0.0,1.47
0.81,19,5.835089,6,d17_medium,10,17,closed,0.0,0.8099999999999998
1.47,3,5.840618,6,d15_direct,10,15,open,1.0,1.47
0.81,19,5.854853,6,d17_medium,10,17,closed,0.0,0.8099999999999998
2.82,18,5.868533,6,d17_medium,10,17,closed,0.0,2.82
2.82,18,5.881898,6,d17_medium,10,17,closed,0.0,2.82
2.88,12,5.892125,6,d15_direct,10,15,open,1.0,2.88
1.47,3,5.897517,6,d17_medium,10,17,closed,0.0,1.47
2.88,12,5.90797,6,d15_direct,10,15,open,1.0,2.88
2.82,18,5.921452,6,d17_medium,10,17,closed,0.0,2.82
2.76,24,5.937689,7,d19_detour,10,19,closed,0.0,2.76
1.47,3,5.943483,7,d19_detour,9,19,closed,0.0,1.47
2.85,15,5.956266,7,d15_direct,9,15,open,1.0,2.8499999999999996
2.19,21,5.971249,7,d17_medium,9,17,closed,0.0,2.19
2.73,27,5.989349,7,d19_detour,9,19,closed,0.0,2.7299999999999995
2.85,15,6.000771,7,d15_direct,9,15,open,1.0,2.8499999999999996
2.73,27,6.018904,7,d19_detour,9,19,closed,0.0,2.7299999999999995
2.19,21,6.033558,7,d17_medium,9,17,closed,0.0,2.19
0.87,3,6.038464,7,d17_medium,9,17,closed,0.0,0.8699999999999999
2.73,27,6.056486,7,d19_detour,9,19,closed,0.0,2.7299999999999995
2.73,27,6.075189,7,d19_detour,9,19,closed,0.0,2.7299999999999995
0.84,16,6.087097,7,d15_direct,9,15,open,1.0,0.8399999999999999
1.47,3,6.092135,7,d15_direct,9,15,open,1.0,1.47
2.73,27,6.109966,7,d19_detour,9,19,closed,0.0,2.7299999999999995
2.19,21,6.124742,7,d17_medium,9,17,closed,0.0,2.19
2.73,17,6.137248,7,d15_direct,9,15,open,1.0,2.7299999999999995
2.19,21,6.152123,7,d17_medium,9,17,closed,0.0,2.19
2.79,16,6.16428,7,d15_direct,9,15,open,1.0,2.79
2.73,27,6.182232,7,d19_detour,9,19,closed,0.0,2.7299999999999995
2.85,15,6.19419,7,d15_direct,9,15,open,1.0,2.8499999999999996
1.47,3,6.199342,7,d19_detour,9,19,closed,0.0,1.47
2.85,15,6.210713,7,d15_direct,9,15,open,1.0,2.8499999999999996
2.85,15,6.222091,7,d15_direct,9,15,open,1.0,2.8499999999999996
0.87,3,6.227463,7,d17_medium,9,17,closed,0.0,0.8699999999999999
0.18,22,6.244517,7,d17_medium,9,17,closed,0.0,0.17999999999999994
0.87,3,6.249809,7,d17_medium,9,17,closed,0.0,0.8699999999999999
2.67,28,6.269212,7,d19_detour,9,19,closed,0.0,2.67
2.73,27,6.287783,7,d19_detour,9,19,closed,0.0,2.7299999999999995
2.13,22,6.306916,7,d17_medium,9,17,closed,0.0,2.13
2.73,27,6.325511,7,d19_detour,9,19,closed,0.0,2.7299999999999995
2.73,27,6.343651,7,d19_detour,9,19,closed,0.0,2.7299999999999995
2.19,21,6.358427,7,d17_medium,9,17,closed,0.0,2.19
2.19,21,6.373248,7,d17_medium,9,17,closed,0.0,2.19
2.73,27,6.390568,7,d19_detour,9,19,closed,0.0,2.7299999999999995
2.85,15,6.402163,7,d15_direct,9,15,open,1.0,2.8499999999999996
0.18,22,6.41764,7,d17_medium,9,17,closed,0.0,0.17999999999999994
0.87,3,6.422611,7,d17_medium,9,17,closed,0.0,0.8699999999999999
2.19,21,6.43804,7,d17_medium,9,17,closed,0.0,2.19
2.85,15,6.44982,7,d15_direct,9,15,open,1.0,2.8499999999999996
-3.84,24,6.46834,7,d17_medium,9,17,closed,0.0,-3.839999999999999
2.79,16,6.481165,7,d15_direct,9,15,open,1.0,2.79
2.73,27,6.499617,7,d19_detour,9,19,closed,0.0,2.7299999999999995
2.85,15,6.511215,7,d15_direct,9,15,open,1.0,2.8499999999999996
1.47,3,6.516218,7,d19_detour,9,19,closed,0.0,1.47
2.73,27,6.533847,7,d19_detour,9,19,closed,0.0,2.7299999999999995
2.73,27,6.552177,7,d19_detour,9,19,closed,0.0,2.7299999999999995
-1.83,23,6.567911,7,d17_medium,9,17,closed,0.0,-1.829999999999999
2.79,16,6.580186,7,d15_direct,9,15,open,1.0,2.79
1.47,3,6.585368,7,d19_detour,9,19,closed,0.0,1.47
2.85,15,6.596854,7,d15_direct,9,15,open,1.0,2.8499999999999996
2.73,27,6.614936,7,d19_detour,9,19,closed,0.0,2.7299999999999995
1.47,3,6.619995,7,d15_direct,9,15,open,1.0,1.47
2.73,27,6.637762,7,d19_detour,9,19,closed,0.0,2.7299999999999995
1.47,3,6.642837,7,d15_direct,9,15,open,1.0,1.47
2.73,27,6.6618,7,d19_detour,9,19,closed,0.0,2.7299999999999995
0.18,22,6.678324,7,d17_medium,9,17,closed,0.0,0.17999999999999994
2.13,22,6.694345,8,d17_medium,9,17,closed,0.0,2.13
1.47,3,6.699397,8,d15_direct,8,15,open,1.0,1.47
0.15,25,6.716046,8,d17_medium,8,17,closed,0.0,0.1499999999999999
1.47,3,6.720775,8,d19_detour,8,19,closed,0.0,1.47
1.47,3,6.725549,8,d15_direct,8,15,open,1.0,1.47
1.47,3,6.730131,8,d17_medium,8,17,closed,0.0,1.47
2.16,24,6.745944,8,d17_medium,8,17,closed,0.0,2.16
2.64,31,6.765384,8,d19_detour,8,19,closed,0.0,2.6399999999999997
2.82,18,6.778077,8,d15_direct,8,15,open,1.0,2.82
2.82,18,6.792585,8,d15_direct,8,15,open,1.0,2.82
2.7,30,6.811481,8,d19_detour,8,19,closed,0.0,2.6999999999999997
2.76,19,6.825269,8,d15_direct,8,15,open,1.0,2.76
2.82,18,6.838905,8,d15_direct,8,15,open,1.0,2.82
0.81,19,6.852562,8,d15_direct,8,15,open,1.0,0.8099999999999998
2.82,18,6.865237,8,d15_direct,8,15,open,1.0,2.82
1.47,3,6.869948,8,d15_direct,8,15,open,1.0,1.47
2.16,24,6.886038,8,d17_medium,8,17,closed,0.0,2.16
2.64,31,6.90583,8,d19_detour,8,19,closed,0.0,2.6399999999999997
0.15,25,6.922408,8,d17_medium,8,17,closed,0.0,0.1499999999999999
1.47,3,6.927337,8,d17_medium,8,17,closed,0.0,1.47
2.16,24,6.945473,8,d17_medium,8,17,closed,0.0,2.16
1.47,3,6.950691,8,d17_medium,8,17,closed,0.0,1.47
2.7,30,6.970211,8,d19_detour,8,19,closed,0.0,2.6999999999999997
2.82,18,6.983031,8,d15_direct,8,15,open,1.0,2.82
0.81,19,6.996366,8,d15_direct,8,15,open,1.0,0.8099999999999998
2.82,18,7.009163,8,d15_direct,8,15,open,1.0,2.82
2.82,18,7.021758,8,d15_direct,8,15,open,1.0,2.82
0.81,19,7.036267,8,d15_direct,8,15,open,1.0,0.8099999999999998
2.82,18,7.049479,8,d15_direct,8,15,open,1.0,2.82
2.7,30,7.068867,8,d19_detour,8,19,closed,0.0,2.6999999999999997
0.15,25,7.086148,8,d17_medium,8,17,closed,0.0,0.1499999999999999
2.82,18,7.099637,8,d15_direct,8,15,open,1.0,2.82
2.7,30,7.119194,8,d19_detour,8,19,closed,0.0,2.6999999999999997
2.7,20,7.138,8,d15_direct,8,15,open,1.0,2.6999999999999997
2.82,18,7.153442,8,d15_direct,8,15,open,1.0,2.82
1.47,3,7.158295,8,d17_medium,8,17,closed,0.0,1.47
1.47,3,7.163478,8,d15_direct,8,15,open,1.0,1.47
0.81,19,7.177974,8,d15_direct,8,15,open,1.0,0.8099999999999998
2.7,30,7.197304,8,d19_detour,8,19,closed,0.0,2.6999999999999997
1.47,3,7.201911,8,d17_medium,8,17,closed,0.0,1.47
1.47,3,7.206766,8,d19_detour,8,19,closed,0.0,1.47
2.76,19,7.220052,8,d15_direct,8,15,open,1.0,2.76
1.47,3,7.224821,8,d15_direct,8,15,open,1.0,1.47
1.47,3,7.22981,8,d17_medium,8,17,closed,0.0,1.47
0.15,25,7.249343,8,d17_medium,8,17,closed,0.0,0.1499999999999999
0.15,25,7.266136,8,d17_medium,8,17,closed,0.0,0.1499999999999999
0.15,25,7.282888,8,d17_medium,8,17,closed,0.0,0.1499999999999999
1.47,3,7.287583,8,d17_medium,8,17,closed,0.0,1.47
0.15,25,7.304176,8,d17_medium,8,17,closed,0.0,0.1499999999999999
2.82,18,7.316849,8,d15_direct,8,15,open,1.0,2.82
2.7,30,7.561845,8,d19_detour,8,19,closed,0.0,2.6999999999999997
1.47,3,7.567005,8,d19_detour,8,19,closed,0.0,1.47
2.7,30,7.586838,8,d19_detour,8,19,closed,0.0,2.6999999999999997
2.82,18,7.600371,8,d15_direct,8,15,open,1.0,2.82
2.7,30,7.619938,8,d19_detour,8,19,closed,0.0,2.6999999999999997
2.64,31,7.643335,8,d19_detour,8,19,closed,0.0,2.6399999999999997
0.81,19,7.6573,8,d15_direct,8,15,open,1.0,0.8099999999999998
2.7,30,7.676758,8,d19_detour,8,19,closed,0.0,2.6999999999999997
1.47,3,7.682024,8,d17_medium,8,17,closed,0.0,1.47
2.16,24,7.698929,8,d17_medium,8,17,closed,0.0,2.16
1.47,3,7.703708,8,d17_medium,8,17,closed,0.0,1.47
2.16,24,7.720081,8,d17_medium,8,17,closed,0.0,2.16
2.7,30,7.739976,8,d19_detour,8,19,closed,0.0,2.6999999999999997
2.76,19,7.764314,8,d15_direct,8,15,open,1.0,2.76
2.7,30,7.783938,8,d19_detour,8,19,closed,0.0,2.6999999999999997
2.16,24,7.80043,8,d17_medium,8,17,closed,0.0,2.16
1.47,3,7.805227,8,d19_detour,8,19,closed,0.0,1.47
2.7,30,7.824227,8,d19_detour,8,19,closed,0.0,2.6999999999999997
2.82,18,7.837096,8,d15_direct,8,15,open,1.0,2.82
2.7,30,7.856213,8,d19_detour,8,19,closed,0.0,2.6999999999999997
2.7,30,7.875686,8,d19_detour,8,19,closed,0.0,2.6999999999999997
0.76,19,7.888976,8,d15_direct,8,15,open,1.0,0.7599999999999998
2.16,24,7.905294,9,d17_medium,8,17,closed,0.0,2.16
0.12,28,7.923235,9,d17_medium,7,17,closed,0.0,0.11999999999999988
2.67,33,7.94527,9,d19_detour,7,19,closed,0.0,2.67
2.79,21,7.959977,9,d15_direct,7,15,open,1.0,2.79
0.12,28,7.97856,9,d17_medium,7,17,closed,0.0,0.11999999999999988
2.67,33,7.999712,9,d19_detour,7,19,closed,0.0,2.67
0.12,28,8.017995,9,d17_medium,7,17,closed,0.0,0.11999999999999988
2.13,27,8.0363,9,d17_medium,7,17,closed,0.0,2.13
2.79,21,8.051379,9,d15_direct,7,15,open,1.0,2.79
2.67,33,8.072206,9,d19_detour,7,19,closed,0.0,2.67
1.47,3,8.076639,9,d17_medium,7,17,closed,0.0,1.47
2.13,27,8.094167,9,d17_medium,7,17,closed,0.0,2.13
2.13,27,8.111761,9,d17_medium,7,17,closed,0.0,2.13
2.73,22,8.126757,9,d15_direct,7,15,open,1.0,2.7299999999999995
0.56,34,8.150483,9,d19_detour,7,19,closed,0.0,0.5599999999999997
2.13,27,8.168792,9,d17_medium,7,17,closed,0.0,2.13
2.13,27,8.186623,9,d17_medium,7,17,closed,0.0,2.13
1.47,3,8.19114,9,d17_medium,7,17,closed,0.0,1.47
2.13,27,8.209224,9,d17_medium,7,17,closed,0.0,2.13
2.67,33,8.231184,9,d19_detour,7,19,closed,0.0,2.67
0.78,22,8.246474,9,d15_direct,7,15,open,1.0,0.7799999999999998
2.67,33,8.267438,9,d19_detour,7,19,closed,0.0,2.67
2.67,33,8.288781,9,d19_detour,7,19,closed,0.0,2.67
2.13,27,8.306144,9,d17_medium,7,17,closed,0.0,2.13
0.12,28,8.324057,9,d17_medium,7,17,closed,0.0,0.11999999999999988
1.47,3,8.32854,9,d19_detour,7,19,closed,0.0,1.47
0.12,28,8.346402,9,d17_medium,7,17,closed,0.0,0.11999999999999988
2.79,21,8.360956,9,d15_direct,7,15,open,1.0,2.79
2.79,21,8.375509,9,d15_direct,7,15,open,1.0,2.79
1.47,3,8.379929,9,d19_detour,7,19,closed,0.0,1.47
2.79,21,8.394041,9,d15_direct,7,15,open,1.0,2.79
2.67,33,8.414514,9,d19_detour,7,19,closed,0.0,2.67
2.67,33,8.435604,9,d19_detour,7,19,closed,0.0,2.67
0.78,22,8.450197,9,d15_direct,7,15,open,1.0,0.7799999999999998
2.79,21,8.464998,9,d15_direct,7,15,open,1.0,2.79
2.67,33,8.486403,9,d19_detour,7,19,closed,0.0,2.67
1.47,3,8.490789,9,d17_medium,7,17,closed,0.0,1.47
2.61,34,8.512496,9,d19_detour,7,19,closed,0.0,2.6099999999999994
2.79,21,8.526582,9,d15_direct,7,15,open,1.0,2.79
2.79,21,8.540575,9,d15_direct,7,15,open,1.0,2.79
2.67,33,8.560865,9,d19_detour,7,19,closed,0.0,2.67
1.47,3,8.565223,9,d19_detour,7,19,closed,0.0,1.47
2.73,22,8.579597,9,d15_direct,7,15,open,1.0,2.7299999999999995
2.67,33,8.600677,9,d19_detour,7,19,closed,0.0,2.67
2.13,27,8.618579,9,d17_medium,7,17,closed,0.0,2.13
1.47,3,8.622996,9,d17_medium,7,17,closed,0.0,1.47
2.07,28,8.642055,9,d17_medium,7,17,closed,0.0,2.07
2.67,33,8.6624,9,d19_detour,7,19,closed,0.0,2.67
2.79,21,8.676263,9,d15_direct,7,15,open,1.0,2.79
2.67,33,8.696567,9,d19_detour,7,19,closed,0.0,2.67
2.07,28,8.714346,9,d17_medium,7,17,closed,0.0,2.07
2.67,33,8.73444,9,d19_detour,7,19,closed,0.0,2.67
2.79,21,8.749849,10,d15_direct,7,15,open,1.0,2.79
2.7,25,8.765723,10,d15_direct,6,15,open,1.0,2.6999999999999997
2.64,36,8.788065,10,d19_detour,6,19,closed,0.0,2.6399999999999997
1.47,3,8.792254,10,d19_detour,6,19,closed,0.0,1.47
2.1,30,8.810505,10,d17_medium,6,17,closed,0.0,2.0999999999999996
2.64,36,8.831601,10,d19_detour,6,19,closed,0.0,2.6399999999999997
2.76,24,8.846642,10,d15_direct,6,15,open,1.0,2.76
2.76,24,8.862022,10,d15_direct,6,15,open,1.0,2.76
1.47,3,8.866081,10,d19_detour,6,19,closed,0.0,1.47
2.64,36,8.887351,10,d19_detour,6,19,closed,0.0,2.6399999999999997
2.1,30,8.905531,10,d17_medium,6,17,closed,0.0,2.0999999999999996
2.64,36,8.927402,10,d19_detour,6,19,closed,0.0,2.6399999999999997
0.09,31,9.19313,10,d17_medium,6,17,closed,0.0,0.08999999999999986
2.76,24,9.20991,10,d15_direct,6,15,open,1.0,2.76
2.64,36,9.232019,10,d19_detour,6,19,closed,0.0,2.6399999999999997
2.76,24,9.247755,10,d15_direct,6,15,open,1.0,2.76
1.47,3,9.251819,10,d19_detour,6,19,closed,0.0,1.47
2.76,24,9.267495,10,d15_direct,6,15,open,1.0,2.76
2.76,24,9.283134,10,d15_direct,6,15,open,1.0,2.76
2.64,36,9.30533,10,d19_detour,6,19,closed,0.0,2.6399999999999997
2.76,24,9.320966,10,d15_direct,6,15,open,1.0,2.76
2.1,30,9.341082,10,d17_medium,6,17,closed,0.0,2.0999999999999996
2.1,30,9.36209,10,d17_medium,6,17,closed,0.0,2.0999999999999996
2.64,36,9.384199,10,d19_detour,6,19,closed,0.0,2.6399999999999997
2.76,24,9.400051,10,d15_direct,6,15,open,1.0,2.76
2.64,36,9.422052,10,d19_detour,6,19,closed,0.0,2.6399999999999997
1.47,3,9.426516,10,d15_direct,6,15,open,1.0,1.47
1.47,3,9.431646,10,d15_direct,6,15,open,1.0,1.47
2.1,30,9.452698,10,d17_medium,6,17,closed,0.0,2.0999999999999996
2.64,36,9.47458,10,d19_detour,6,19,closed,0.0,2.6399999999999997
2.1,30,9.493299,10,d17_medium,6,17,closed,0.0,2.0999999999999996
2.64,36,9.515135,10,d19_detour,6,19,closed,0.0,2.6399999999999997
0.72,28,9.532554,10,d19_detour,6,19,closed,0.0,0.7199999999999998
2.1,30,9.551934,10,d17_medium,6,17,closed,0.0,2.0999999999999996
1.47,3,9.556869,10,d15_direct,6,15,open,1.0,1.47
2.76,24,9.574255,10,d15_direct,6,15,open,1.0,2.76
1.47,3,9.578691,10,d15_direct,6,15,open,1.0,1.47
0.72,28,9.596498,10,d19_detour,6,19,closed,0.0,0.7199999999999998
1.47,3,9.600682,10,d15_direct,6,15,open,1.0,1.47
2.64,36,9.622744,10,d19_detour,6,19,closed,0.0,2.6399999999999997
2.76,24,9.638541,10,d15_direct,6,15,open,1.0,2.76
0.72,28,9.659169,10,d19_detour,6,19,closed,0.0,0.7199999999999998
1.47,3,9.663924,10,d19_detour,6,19,closed,0.0,1.47
2.64,36,9.690591,10,d19_detour,6,19,closed,0.0,2.6399999999999997
2.64,36,9.712749,10,d19_detour,6,19,closed,0.0,2.6399999999999997
1.47,3,9.716813,10,d19_detour,6,19,closed,0.0,1.47
2.76,24,9.732777,10,d15_direct,6,15,open,1.0,2.76
2.76,24,9.749022,10,d15_direct,6,15,open,1.0,2.76
2.1,30,9.76877,10,d17_medium,6,17,closed,0.0,2.0999999999999996
2.1,30,9.787782,10,d17_medium,6,17,closed,0.0,2.0999999999999996
-1.29,29,9.806301,10,d19_detour,6,19,closed,0.0,-1.2900000000000003
2.1,30,9.825969,10,d17_medium,6,17,closed,0.0,2.0999999999999996
2.7,25,9.842402,10,d15_direct,6,15,open,1.0,2.6999999999999997
2.1,30,9.86149,10,d17_medium,6,17,closed,0.0,2.0999999999999996
1.47,3,9.86556,10,d19_detour,6,19,closed,0.0,1.47
1.47,3,9.869874,10,d15_direct,6,15,open,1.0,1.47
2.76,24,9.885619,10,d15_direct,6,15,open,1.0,2.76
2.1,30,9.905064,10,d17_medium,6,17,closed,0.0,2.0999999999999996
2.64,36,9.931232,10,d19_detour,6,19,closed,0.0,2.6399999999999997
1.47,3,9.935759,10,d15_direct,6,15,open,1.0,1.47
2.1,30,9.955088,11,d17_medium,6,17,closed,0.0,2.0999999999999996
2.07,33,9.975315,11,d17_medium,5,17,closed,0.0,2.07
1.47,3,9.978971,11,d17_medium,5,17,closed,0.5,1.47
2.07,33,9.999223,11,d17_medium,5,17,closed,0.0,2.07
0.69,31,10.018381,11,d19_detour,5,19,closed,0.0,0.6899999999999998
0.31,29,10.038724,11,d17_medium,5,17,closed,0.0,0.30999999999999983
1.47,3,10.042573,11,d15_direct,5,15,open,1.0,1.47
1.47,3,10.046344,11,d17_medium,5,17,closed,0.5,1.47
1.47,3,10.050077,11,d19_detour,5,19,closed,0.5,1.47
-0.09,34,10.071047,11,d17_medium,5,17,closed,0.0,-0.09000000000000052
2.55,40,10.096668,11,d19_detour,5,19,closed,0.0,2.55
2.73,27,10.114136,11,d15_direct,5,15,open,1.0,2.7299999999999995
2.55,40,10.139191,11,d19_detour,5,19,closed,0.0,2.55
-1.95,35,10.161842,11,d17_medium,5,17,closed,0.0,-1.9499999999999982
1.47,3,10.165719,11,d19_detour,5,19,closed,0.5,1.47
2.73,27,10.183274,11,d15_direct,5,15,open,1.0,2.7299999999999995
1.47,3,10.187073,11,d19_detour,5,19,closed,0.5,1.47
2.07,33,10.207444,11,d17_medium,5,17,closed,0.0,2.07
0.69,31,10.226294,11,d19_detour,5,19,closed,0.0,0.6899999999999997
1.47,3,10.230158,11,d19_detour,5,19,closed,0.5,1.47
2.73,27,10.246936,11,d15_direct,5,15,open,1.0,2.7299999999999995
1.47,3,10.250787,11,d15_direct,5,15,open,1.0,1.47
0.06,34,10.271706,11,d17_medium,5,17,closed,0.0,0.05999999999999983
2.07,33,10.292124,11,d17_medium,5,17,closed,0.0,2.07
2.61,39,10.315459,11,d19_detour,5,19,closed,0.0,2.6099999999999994
2.73,27,10.332447,11,d15_direct,5,15,open,1.0,2.7299999999999995
2.01,34,10.353131,11,d17_medium,5,17,closed,0.0,2.01
2.67,28,10.370622,11,d15_direct,5,15,open,1.0,2.67
0.6,40,10.394546,11,d19_detour,5,19,closed,0.0,0.5999999999999999
2.07,33,10.414757,11,d17_medium,5,17,closed,0.0,2.07
1.47,3,10.418636,11,d15_direct,5,15,open,1.0,1.47
2.73,27,10.435148,11,d15_direct,5,15,open,1.0,2.7299999999999995
2.73,27,10.452144,11,d15_direct,5,15,open,1.0,2.7299999999999995
2.07,33,10.472982,11,d17_medium,5,17,closed,0.0,2.07
1.47,3,10.476933,11,d15_direct,5,15,open,1.0,1.47
1.47,3,10.480695,11,d19_detour,5,19,closed,0.5,1.47
1.47,3,10.484449,11,d17_medium,5,17,closed,0.5,1.47
1.47,3,10.488214,11,d17_medium,5,17,closed,0.5,1.47
-0.08,3,10.491956,11,d19_detour,5,19,closed,0.5,-0.08000000000000007
1.47,3,10.495739,11,d17_medium,5,17,closed,0.5,1.47
1.47,3,10.499503,11,d17_medium,5,17,closed,0.5,1.47
2.73,27,10.516475,11,d15_direct,5,15,open,1.0,2.7299999999999995
2.61,39,10.539847,11,d19_detour,5,19,closed,0.0,2.6099999999999994
1.47,3,10.543903,11,d17_medium,5,17,closed,0.5,1.47
1.47,3,10.548039,11,d19_detour,5,19,closed,0.5,1.47
0.62,28,10.791121,11,d15_direct,5,15,open,1.0,0.6199999999999999
2.73,27,10.809238,11,d15_direct,5,15,open,1.0,2.7299999999999995
2.73,27,10.825901,11,d15_direct,5,15,open,1.0,2.7299999999999995
2.61,39,10.848719,11,d19_detour,5,19,closed,0.0,2.6099999999999994
2.55,40,10.872222,11,d19_detour,5,19,closed,0.0,2.55
2.07,33,10.892098,11,d17_medium,5,17,closed,0.0,2.07
-0.09,34,10.912211,11,d17_medium,5,17,closed,0.0,-0.09000000000000052
0.69,31,10.930788,11,d19_detour,5,19,closed,0.0,0.6899999999999998
2.07,33,10.951735,11,d17_medium,5,17,closed,0.0,2.07
2.67,28,10.968806,11,d15_direct,5,15,open,1.0,2.67
-0.14,34,10.989888,11,d17_medium,5,17,closed,0.0,-0.14000000000000057
0.69,31,11.009163,11,d19_detour,5,19,closed,0.0,0.6899999999999997
1.47,3,11.013886,11,d19_detour,5,19,closed,0.5,1.47
2.61,39,11.042306,11,d19_detour,5,19,closed,0.0,2.6099999999999994
2.73,27,11.061044,11,d15_direct,5,15,open,1.0,2.7299999999999995
2.73,27,11.07868,11,d15_direct,5,15,open,1.0,2.7299999999999995
1.47,3,11.082539,11,d17_medium,5,17,closed,0.5,1.47
2.73,27,11.1002,11,d15_direct,5,15,open,1.0,2.7299999999999995
2.61,39,11.123699,11,d19_detour,5,19,closed,0.0,2.6099999999999994
2.61,39,11.151306,12,d19_detour,5,19,closed,0.0,2.6099999999999994
2.58,42,11.176007,12,d19_detour,4,19,closed,0.0,2.5799999999999996
1.47,3,11.179518,12,d17_medium,4,17,closed,0.5,1.47
2.58,42,11.210421,12,d19_detour,4,19,closed,0.0,2.5799999999999996
1.47,3,11.214484,12,d19_detour,4,19,closed,0.5,1.47
0.66,34,11.23442,12,d19_detour,4,19,closed,0.0,0.6599999999999997
-0.02,37,11.259665,12,d17_medium,4,17,closed,0.0,-0.02000000000000024
1.47,3,11.263497,12,d15_direct,4,15,open,1.0,1.47
2.7,30,11.282505,12,d15_direct,4,15,open,1.0,2.6999999999999997
1.47,3,11.286029,12,d15_direct,4,15,open,1.0,1.47
2.04,36,11.315139,12,d17_medium,4,17,closed,0.0,2.04
2.58,42,11.341812,12,d19_detour,4,19,closed,0.0,2.5799999999999996
2.58,42,11.365675,12,d19_detour,4,19,closed,0.0,2.5799999999999996
2.7,30,11.3833,12,d15_direct,4,15,open,1.0,2.6999999999999997
1.47,3,11.386954,12,d19_detour,4,19,closed,0.5,1.47
2.52,43,11.411803,12,d19_detour,4,19,closed,0.0,2.5199999999999996
2.58,42,11.436798,12,d19_detour,4,19,closed,0.0,2.5799999999999996
2.7,30,11.454901,12,d15_direct,4,15,open,1.0,2.6999999999999997
1.98,37,11.476599,12,d17_medium,4,17,closed,0.0,1.9799999999999998
0.03,37,11.498667,12,d17_medium,4,17,closed,0.0,0.029999999999999805
2.58,42,11.523759,12,d19_detour,4,19,closed,0.0,2.5799999999999996
1.47,3,11.527319,12,d15_direct,4,15,open,1.0,1.47
2.58,42,11.55142,12,d19_detour,4,19,closed,0.0,2.5799999999999996
2.7,30,11.569541,12,d15_direct,4,15,open,1.0,2.6999999999999997
1.47,3,11.572963,12,d17_medium,4,17,closed,0.5,1.47
2.58,42,11.59804,12,d19_detour,4,19,closed,0.0,2.5799999999999996
2.7,30,11.615643,12,d15_direct,4,15,open,1.0,2.6999999999999997
2.58,42,11.639657,12,d19_detour,4,19,closed,0.0,2.5799999999999996
2.7,30,11.65727,12,d15_direct,4,15,open,1.0,2.6999999999999997
2.58,42,11.680938,12,d19_detour,4,19,closed,0.0,2.5799999999999996
1.47,3,11.684268,12,d17_medium,4,17,closed,0.5,1.47
1.47,3,11.688043,12,d19_detour,4,19,closed,0.5,1.47
2.04,36,11.7111,12,d17_medium,4,17,closed,0.0,2.04
1.47,3,11.715027,12,d15_direct,4,15,open,1.0,1.47
2.52,43,11.741184,12,d19_detour,4,19,closed,0.0,2.5199999999999996
2.58,42,11.766155,12,d19_detour,4,19,closed,0.0,2.5799999999999996
1.47,3,11.76974,12,d15_direct,4,15,open,1.0,1.47
0.03,37,11.791625,12,d17_medium,4,17,closed,0.0,0.029999999999999805
2.7,30,11.809498,12,d15_direct,4,15,open,1.0,2.6999999999999997
2.58,42,11.833596,12,d19_detour,4,19,closed,0.0,2.5799999999999996
2.7,30,11.851347,12,d15_direct,4,15,open,1.0,2.6999999999999997
2.58,42,11.875231,12,d19_detour,4,19,closed,0.0,2.5799999999999996
1.47,3,11.878663,12,d19_detour,4,19,closed,0.5,1.47
2.04,36,11.899843,12,d17_medium,4,17,closed,0.0,2.04
2.7,30,11.917623,12,d15_direct,4,15,open,1.0,2.6999999999999997
0.28,32,11.936643,12,d17_medium,4,17,closed,0.0,0.2799999999999998
1.47,3,11.940202,12,d17_medium,4,17,closed,0.5,1.47
2.04,36,11.960946,12,d17_medium,4,17,closed,0.0,2.04
2.04,36,11.982241,12,d17_medium,4,17,closed,0.0,2.04
1.47,3,11.985766,12,d17_medium,4,17,closed,0.5,1.47
1.47,3,11.989103,12,d19_detour,4,19,closed,0.5,1.47
2.04,36,12.010617,12,d17_medium,4,17,closed,0.0,2.04
2.7,30,12.028374,12,d15_direct,4,15,open,1.0,2.6999999999999997
2.04,36,12.049462,12,d17_medium,4,17,closed,0.0,2.04
2.58,42,12.288241,12,d19_detour,4,19,closed,0.0,2.5799999999999996
2.04,36,12.309807,12,d17_medium,4,17,closed,0.0,2.04
-2.24,44,12.335952,12,d19_detour,4,19,closed,0.0,-2.2400000000000007
1.47,3,12.33941,12,d17_medium,4,17,closed,0.5,1.47
2.04,36,12.36104,12,d17_medium,4,17,closed,0.0,2.04
0.54,31,12.380206,12,d15_direct,4,15,open,1.0,0.5399999999999997
1.98,37,12.402117,12,d17_medium,4,17,closed,0.0,1.9799999999999998
1.47,3,12.405651,12,d19_detour,4,19,closed,0.5,1.47
2.04,36,12.427434,12,d17_medium,4,17,closed,0.0,2.04
2.58,42,12.452007,12,d19_detour,4,19,closed,0.0,2.5799999999999996
2.7,30,12.469976,12,d15_direct,4,15,open,1.0,2.6999999999999997
1.98,37,12.492335,12,d17_medium,4,17,closed,0.0,1.9799999999999998
1.98,37,12.513983,12,d17_medium,4,17,closed,0.0,1.9799999999999998
1.47,3,12.51755,12,d19_detour,4,19,closed,0.5,1.47
2.04,36,12.538618,12,d17_medium,4,17,closed,0.0,2.04
1.47,3,12.542125,12,d19_detour,4,19,closed,0.5,1.47
1.47,3,12.545704,12,d15_direct,4,15,open,1.0,1.47
2.04,36,12.567768,12,d17_medium,4,17,closed,0.0,2.04
1.47,3,12.571269,12,d15_direct,4,15,open,1.0,1.47
1.47,3,12.574775,12,d19_detour,4,19,closed,0.5,1.47
0.03,37,12.596755,12,d17_medium,4,17,closed,0.0,0.029999999999999805
-2.08,38,12.619012,12,d17_medium,4,17,closed,0.0,-2.08
2.7,30,12.637246,12,d15_direct,4,15,open,1.0,2.6999999999999997
2.58,42,12.662479,12,d19_detour,4,19,closed,0.0,2.5799999999999996
2.58,42,12.686321,12,d19_detour,4,19,closed,0.0,2.5799999999999996
2.7,30,12.704999,13,d15_direct,4,15,open,1.0,2.6999999999999997
2.55,45,12.730949,13,d19_detour,3,19,closed,0.0,2.55
-0.17,47,12.758804,13,d19_detour,3,19,closed,0.0,-0.1700000000000006
2.01,39,12.781937,13,d17_medium,3,17,closed,0.0,2.01
2.49,46,12.807425,13,d19_detour,3,19,closed,0.0,2.4899999999999993
1.47,3,12.810837,13,d15_direct,3,15,open,1.0,1.47
1.47,3,12.813893,13,d19_detour,3,19,closed,0.5,1.47
2.55,45,12.839992,13,d19_detour,3,19,closed,0.0,2.55
1.47,3,12.843088,13,d17_medium,3,17,closed,0.5,1.47
-0.2,40,12.865427,13,d17_medium,3,17,closed,0.0,-0.20000000000000062
2.67,33,12.884458,13,d15_direct,3,15,open,1.0,2.67
2.55,45,12.909532,13,d19_detour,3,19,closed,0.0,2.55
1.47,3,12.912903,13,d19_detour,3,19,closed,0.5,1.47
2.55,45,12.937854,13,d19_detour,3,19,closed,0.0,2.55
2.55,45,12.963902,13,d19_detour,3,19,closed,0.0,2.55
1.47,3,12.96712,13,d15_direct,3,15,open,1.0,1.47
2.55,45,12.994013,13,d19_detour,3,19,closed,0.0,2.55
2.55,45,13.019276,13,d19_detour,3,19,closed,0.0,2.55
1.47,3,13.022743,13,d19_detour,3,19,closed,0.5,1.47
1.47,3,13.025869,13,d17_medium,3,17,closed,0.5,1.47
1.47,3,13.029092,13,d19_detour,3,19,closed,0.5,1.47
1.47,3,13.032278,13,d19_detour,3,19,closed,0.5,1.47
2.55,45,13.057725,13,d19_detour,3,19,closed,0.0,2.55
2.01,39,13.080355,13,d17_medium,3,17,closed,0.0,2.01
2.67,33,13.099328,13,d15_direct,3,15,open,1.0,2.67
2.55,45,13.124898,13,d19_detour,3,19,closed,0.0,2.55
2.55,45,13.15179,13,d19_detour,3,19,closed,0.0,2.55
1.47,3,13.154917,13,d17_medium,3,17,closed,0.5,1.47
2.55,45,13.180761,13,d19_detour,3,19,closed,0.0,2.55
2.67,33,13.200243,13,d15_direct,3,15,open,1.0,2.67
0.66,34,13.219869,13,d15_direct,3,15,open,1.0,0.6599999999999998
2.67,33,13.238636,13,d15_direct,3,15,open,1.0,2.67
2.55,45,13.264324,13,d19_detour,3,19,closed,0.0,2.55
2.55,45,13.289301,13,d19_detour,3,19,closed,0.0,2.55
2.01,39,13.311429,13,d17_medium,3,17,closed,0.0,2.01
2.01,39,13.334062,13,d17_medium,3,17,closed,0.0,2.01
1.47,3,13.337295,13,d17_medium,3,17,closed,0.5,1.47
1.47,3,13.34054,13,d17_medium,3,17,closed,0.5,1.47
1.47,3,13.343612,13,d19_detour,3,19,closed,0.5,1.47
1.47,3,13.346831,13,d15_direct,3,15,open,1.0,1.47
1.47,3,13.349976,13,d19_detour,3,19,closed,0.5,1.47
0.56,34,13.369886,13,d15_direct,3,15,open,1.0,0.5599999999999998
1.47,3,13.37296,13,d19_detour,3,19,closed,0.5,1.47
1.47,3,13.376258,13,d15_direct,3,15,open,1.0,1.47
1.47,3,13.379951,13,d15_direct,3,15,open,1.0,1.47
1.47,3,13.383246,13,d19_detour,3,19,closed,0.5,1.47
2.67,33,13.402508,13,d15_direct,3,15,open,1.0,2.67
2.01,39,13.424955,13,d17_medium,3,17,closed,0.0,2.01
2.55,45,13.450413,13,d19_detour,3,19,closed,0.0,2.55
2.55,45,13.47552,13,d19_detour,3,19,closed,0.0,2.55
2.49,46,13.500869,13,d19_detour,3,19,closed,0.0,2.4899999999999993
1.47,3,13.504014,13,d17_medium,3,17,closed,0.5,1.47
2.01,39,13.735938,13,d17_medium,3,17,closed,0.0,2.01
2.67,33,13.755356,13,d15_direct,3,15,open,1.0,2.67
1.47,3,13.75868,13,d15_direct,3,15,open,1.0,1.47
2.67,33,13.778542,13,d15_direct,3,15,open,1.0,2.67
2.67,33,13.797586,13,d15_direct,3,15,open,1.0,2.67
1.47,3,13.800977,13,d15_direct,3,15,open,1.0,1.47
1.47,3,13.804347,13,d15_direct,3,15,open,1.0,1.47
1.47,3,13.807574,13,d17_medium,3,17,closed,0.5,1.47
0.63,37,13.828284,13,d19_detour,3,19,closed,0.0,0.6299999999999997
1.47,3,13.831464,13,d17_medium,3,17,closed,0.5,1.47
2.67,33,13.8509,13,d15_direct,3,15,open,1.0,2.67
2.01,39,13.872911,13,d17_medium,3,17,closed,0.0,2.01
0.19,36,13.89378,13,d17_medium,3,17,closed,0.0,0.18999999999999972
2.01,39,13.916288,13,d17_medium,3,17,closed,0.0,2.01
1.47,3,13.919575,13,d19_detour,3,19,closed,0.5,1.47
2.67,33,13.93863,13,d15_direct,3,15,open,1.0,2.67
2.01,39,13.962049,13,d17_medium,3,17,closed,0.0,2.01
2.55,45,13.987236,13,d19_detour,3,19,closed,0.0,2.55
2.01,39,14.009384,13,d17_medium,3,17,closed,0.0,2.01
2.67,33,14.0285,13,d15_direct,3,15,open,1.0,2.67
1.47,3,14.031658,13,d17_medium,3,17,closed,0.5,1.47
2.55,45,14.057247,13,d19_detour,3,19,closed,0.0,2.55
2.67,33,14.076276,13,d15_direct,3,15,open,1.0,2.67
1.95,40,14.099008,13,d17_medium,3,17,closed,0.0,1.9499999999999997
0.63,37,14.119876,13,d19_detour,3,19,closed,0.0,0.6299999999999998
1.47,3,14.123154,13,d15_direct,3,15,open,1.0,1.47
2.67,33,14.14303,13,d15_direct,3,15,open,1.0,2.67
2.67,33,14.16212,13,d15_direct,3,15,open,1.0,2.67
0.66,34,14.181854,13,d15_direct,3,15,open,1.0,0.6599999999999997
2.55,45,14.207145,13,d19_detour,3,19,closed,0.0,2.55
2.67,33,14.226547,13,d15_direct,3,15,open,1.0,2.67
2.01,39,14.249204,14,d17_medium,3,17,closed,0.0,2.01
-3.03,3,14.252099,14,d19_detour,2,19,closed,0.0,-3.0300000000000002
-3.03,3,14.254922,14,d19_detour,2,19,closed,0.0,-3.0300000000000002
-3.03,3,14.257827,14,d19_detour,2,19,closed,0.0,-3.0300000000000002
-3.03,3,14.260667,14,d19_detour,2,19,closed,0.0,-3.0300000000000002
-3.03,3,14.263514,14,d19_detour,2,19,closed,0.0,-3.0300000000000002
-3.03,3,14.266988,14,d19_detour,2,19,closed,0.0,-3.0300000000000002
-3.03,3,14.270145,14,d19_detour,2,19,closed,0.0,-3.0300000000000002
-3.03,3,14.273139,14,d19_detour,2,19,closed,0.0,-3.0300000000000002
-3.03,3,14.276045,14,d19_detour,2,19,closed,0.0,-3.0300000000000002
4.14,36,14.296297,14,d15_direct,2,15,open,1.0,4.140000000000002
-3.03,3,14.299184,14,d19_detour,2,19,closed,0.0,-3.0300000000000002
-3.03,3,14.30209,14,d19_detour,2,19,closed,0.0,-3.0300000000000002
-3.03,3,14.304997,14,d19_detour,2,19,closed,0.0,-3.0300000000000002
-3.03,3,14.307961,14,d19_detour,2,19,closed,0.0,-3.0300000000000002
4.14,36,14.328275,14,d15_direct,2,15,open,1.0,4.140000000000002
-3.03,3,14.331098,14,d17_medium,2,17,closed,0.0,-3.0300000000000002
1.47,3,14.334094,14,d15_direct,2,15,open,1.0,1.47
-3.03,3,14.337041,14,d19_detour,2,19,closed,0.0,-3.0300000000000002
-3.03,3,14.340001,14,d17_medium,2,17,closed,0.0,-3.0300000000000002
-3.03,3,14.342995,14,d19_detour,2,19,closed,0.0,-3.0300000000000002
-3.03,3,14.345913,14,d17_medium,2,17,closed,0.0,-3.0300000000000002
-3.03,3,14.348886,14,d17_medium,2,17,closed,0.0,-3.0300000000000002
-3.03,3,14.351835,14,d19_detour,2,19,closed,0.0,-3.0300000000000002
-3.03,3,14.3547,14,d19_detour,2,19,closed,0.0,-3.0300000000000002
-3.03,3,14.357593,14,d17_medium,2,17,closed,0.0,-3.0300000000000002
-3.03,3,14.360616,14,d19_detour,2,19,closed,0.0,-3.0300000000000002
-3.03,3,14.363578,14,d17_medium,2,17,closed,0.0,-3.0300000000000002
-3.03,3,14.366978,14,d19_detour,2,19,closed,0.0,-3.0300000000000002
-3.03,3,14.37066,14,d19_detour,2,19,closed,0.0,-3.0300000000000002
1.47,3,14.373549,14,d15_direct,2,15,open,1.0,1.47
-3.03,3,14.376585,14,d17_medium,2,17,closed,0.0,-3.0300000000000002
4.14,36,14.396894,14,d15_direct,2,15,open,1.0,4.140000000000002
-3.03,3,14.399871,14,d19_detour,2,19,closed,0.0,-3.0300000000000002
1.47,3,14.402803,14,d15_direct,2,15,open,1.0,1.47
-3.03,3,14.405724,14,d19_detour,2,19,closed,0.0,-3.0300000000000002
-3.03,3,14.40865,14,d19_detour,2,19,closed,0.0,-3.0300000000000002
-3.03,3,14.411553,14,d19_detour,2,19,closed,0.0,-3.0300000000000002
-3.03,3,14.41443,14,d19_detour,2,19,closed,0.0,-3.0300000000000002
-3.03,3,14.417427,14,d17_medium,2,17,closed,0.0,-3.0300000000000002
4.14,36,14.438421,14,d15_direct,2,15,open,1.0,4.140000000000002
-3.03,3,14.441384,14,d19_detour,2,19,closed,0.0,-3.0300000000000002
-3.03,3,14.444327,14,d17_medium,2,17,closed,0.0,-3.0300000000000002
-3.03,3,14.447118,14,d17_medium,2,17,closed,0.0,-3.0300000000000002
4.14,36,14.467356,14,d15_direct,2,15,open,1.0,4.140000000000002
-3.03,3,14.47028,14,d19_detour,2,19,closed,0.0,-3.0300000000000002
-3.03,3,14.473253,14,d17_medium,2,17,closed,0.0,-3.0300000000000002
-3.03,3,14.47619,14,d17_medium,2,17,closed,0.0,-3.0300000000000002
1.47,3,14.479036,14,d15_direct,2,15,open,1.0,1.47
-3.03,3,14.48198,14,d17_medium,2,17,closed,0.0,-3.0300000000000002
-3.03,3,14.48486,14,d19_detour,2,19,closed,0.0,-3.0300000000000002
4.14,36,14.505053,14,d15_direct,2,15,open,1.0,4.140000000000002
4.14,36,14.525342,14,d15_direct,2,15,open,1.0,4.140000000000002
4.14,36,14.545661,14,d15_direct,2,15,open,1.0,4.140000000000002
-3.03,3,14.548663,14,d19_detour,2,19,closed,0.0,-3.0300000000000002
4.14,36,14.568803,14,d15_direct,2,15,open,1.0,4.140000000000002
1.47,3,14.571675,14,d15_direct,2,15,open,1.0,1.47
-3.03,3,14.57452,14,d17_medium,2,17,closed,0.0,-3.0300000000000002
-3.03,3,14.577869,14,d17_medium,2,17,closed,0.0,-3.0300000000000002
1.47,3,14.581058,14,d15_direct,2,15,open,1.0,1.47
-3.03,3,14.584003,14,d19_detour,2,19,closed,0.0,-3.0300000000000002
-3.03,3,14.586855,14,d19_detour,2,19,closed,0.0,-3.0300000000000002
-3.03,3,14.589775,14,d19_detour,2,19,closed,0.0,-3.0300000000000002
-3.03,3,14.592749,14,d19_detour,2,19,closed,0.0,-3.0300000000000002
-3.03,3,14.595612,14,d17_medium,2,17,closed,0.0,-3.0300000000000002
4.14,36,14.615759,14,d15_direct,2,15,open,1.0,4.140000000000002
-3.03,3,14.618641,14,d19_detour,2,19,closed,0.0,-3.0300000000000002
-3.03,3,14.621568,14,d19_detour,2,19,closed,0.0,-3.0300000000000002
-3.03,3,14.624478,14,d17_medium,2,17,closed,0.0,-3.0300000000000002
-3.03,3,14.627453,14,d19_detour,2,19,closed,0.0,-3.0300000000000002
-3.03,3,14.630324,14,d17_medium,2,17,closed,0.0,-3.0300000000000002
4.08,37,14.65112,14,d15_direct,2,15,open,1.0,4.080000000000002
4.14,36,14.671412,14,d15_direct,2,15,open,1.0,4.140000000000002
-3.03,3,14.674379,14,d19_detour,2,19,closed,0.0,-3.0300000000000002
-3.03,3,14.677363,14,d19_detour,2,19,closed,0.0,-3.0300000000000002
4.14,36,14.698103,14,d15_direct,2,15,open,1.0,4.140000000000002
1.47,3,14.701089,14,d15_direct,2,15,open,1.0,1.47
1.47,3,14.70401,14,d15_direct,2,15,open,1.0,1.47
4.14,36,14.72456,14,d15_direct,2,15,open,1.0,4.140000000000002
1.47,3,14.72756,14,d15_direct,2,15,open,1.0,1.47
-3.03,3,14.730511,14,d19_detour,2,19,closed,0.0,-3.0300000000000002
4.14,36,14.751192,14,d15_direct,2,15,open,1.0,4.140000000000002
-3.03,3,14.75416,14,d17_medium,2,17,closed,0.0,-3.0300000000000002
-3.03,3,14.757194,14,d19_detour,2,19,closed,0.0,-3.0300000000000002
-3.03,3,14.760214,14,d17_medium,2,17,closed,0.0,-3.0300000000000002
-3.03,3,14.763108,14,d17_medium,2,17,closed,0.0,-3.0300000000000002
-3.03,3,14.766135,14,d19_detour,2,19,closed,0.0,-3.0300000000000002
-3.03,3,14.769061,14,d17_medium,2,17,closed,0.0,-3.0300000000000002
-3.03,3,14.772053,14,d17_medium,2,17,closed,0.0,-3.0300000000000002
-3.03,3,14.774959,14,d17_medium,2,17,closed,0.0,-3.0300000000000002
-3.03,3,14.777974,14,d17_medium,2,17,closed,0.0,-3.0300000000000002
-3.03,3,14.78085,14,d17_medium,2,17,closed,0.0,-3.0300000000000002
-3.03,3,14.783882,14,d19_detour,2,19,closed,0.0,-3.0300000000000002
-3.03,3,14.786821,14,d17_medium,2,17,closed,0.0,-3.0300000000000002
1.47,3,14.78969,14,d15_direct,2,15,open,1.0,1.47
-3.03,3,14.792702,14,d19_detour,2,19,closed,0.0,-3.0300000000000002
-3.03,3,14.795746,14,d17_medium,2,17,closed,0.0,-3.0300000000000002
-3.03,3,14.798711,14,d17_medium,2,17,closed,0.0,-3.0300000000000002
4.14,36,14.819282,14,d15_direct,2,15,open,1.0,4.140000000000002
-3.03,3,14.822196,14,d19_detour,2,19,closed,0.0,-3.0300000000000002
1.47,3,14.825082,14,d15_direct,2,15,open,1.0,1.47
-3.03,3,14.828189,14,d17_medium,2,17,closed,0.0,-3.0300000000000002
-3.03,3,14.831041,14,d19_detour,2,19,closed,0.0,-3.0300000000000002
1.47,3,14.834082,14,d15_direct,2,15,open,1.0,1.47
-3.03,3,14.837014,14,d19_detour,2,19,closed,0.0,-3.0300000000000002
-3.03,3,14.839941,14,d19_detour,2,19,closed,0.0,-3.0300000000000002
1.72,38,14.861599,14,d15_direct,2,15,open,1.0,1.7200000000000002
-3.03,3,14.864612,14,d17_medium,2,17,closed,0.0,-3.0300000000000002
4.14,36,14.885151,14,d15_direct,2,15,open,1.0,4.140000000000002
-3.03,3,14.888099,14,d17_medium,2,17,closed,0.0,-3.0300000000000002
-3.03,3,14.891037,14,d17_medium,2,17,closed,0.0,-3.0300000000000002
1.47,3,14.894406,14,d15_direct,2,15,open,1.0,1.47
-3.03,3,14.897697,14,d19_detour,2,19,closed,0.0,-3.0300000000000002
-3.03,3,14.900678,14,d19_detour,2,19,closed,0.0,-3.0300000000000002
4.14,36,14.92188,14,d15_direct,2,15,open,1.0,4.140000000000002
4.14,36,14.942993,14,d15_direct,2,15,open,1.0,4.140000000000002
-3.03,3,14.946063,14,d19_detour,2,19,closed,0.0,-3.0300000000000002
-3.03,3,14.948994,14,d19_detour,2,19,closed,0.0,-3.0300000000000002
4.14,36,14.969562,14,d15_direct,2,15,open,1.0,4.140000000000002
4.14,36,14.990585,14,d15_direct,2,15,open,1.0,4.140000000000002
-3.03,3,14.993615,14,d17_medium,2,17,closed,0.0,-3.0300000000000002
-3.03,3,14.996546,14,d17_medium,2,17,closed,0.0,-3.0300000000000002
-3.03,3,14.999547,14,d17_medium,2,17,closed,0.0,-3.0300000000000002
-3.03,3,15.002554,14,d17_medium,2,17,closed,0.0,-3.0300000000000002
-3.03,3,15.005617,14,d17_medium,2,17,closed,0.0,-3.0300000000000002
4.14,36,15.026733,14,d15_direct,2,15,open,1.0,4.140000000000002
2.13,37,15.263448,14,d15_direct,2,15,open,1.0,2.1300000000000026
-2.09,39,15.285723,14,d15_direct,2,15,open,1.0,-2.0900000000000007
-3.03,3,15.288625,14,d17_medium,2,17,closed,0.0,-3.0300000000000002
-2.44,39,15.310565,14,d15_direct,2,15,open,1.0,-2.4400000000000004
-3.03,3,15.313556,14,d19_detour,2,19,closed,0.0,-3.0300000000000002
-2.59,39,15.335556,14,d15_direct,2,15,open,1.0,-2.5900000000000007
-3.03,3,15.338564,14,d19_detour,2,19,closed,0.0,-3.0300000000000002
-0.03,3,15.341541,14,d15_direct,2,15,open,1.0,-0.030000000000000027
-0.03,3,15.344495,14,d15_direct,2,15,open,1.0,-0.030000000000000027
-3.03,3,15.347499,14,d19_detour,2,19,closed,0.0,-3.0300000000000002
-3.03,3,15.350524,14,d19_detour,2,19,closed,0.0,-3.0300000000000002
-2.84,39,15.372615,14,d15_direct,2,15,open,1.0,-2.8400000000000007
-3.03,3,15.375698,14,d19_detour,2,19,closed,0.0,-3.0300000000000002
-0.49,39,15.397934,14,d15_direct,2,15,open,1.0,-0.4900000000000009
-3.02,17,15.408288,14,d17_medium,2,17,closed,0.0,-3.0200000000000005
-2.39,39,15.430406,14,d15_direct,2,15,open,1.0,-2.3900000000000006
-2.19,39,15.452919,14,d15_direct,2,15,open,1.0,-2.1900000000000004
-3.03,3,15.455897,14,d17_medium,2,17,closed,0.0,-3.0300000000000002
-3.03,3,15.458829,14,d17_medium,2,17,closed,0.0,-3.0300000000000002
-3.03,3,15.461753,14,d19_detour,2,19,closed,0.0,-3.0300000000000002
-3.03,3,15.464736,14,d17_medium,2,17,closed,0.0,-3.0300000000000002
-2.64,9,15.470765,14,d17_medium,2,17,closed,0.0,-2.64
-3.29,19,15.481997,14,d19_detour,2,19,closed,0.0,-3.29
-3.03,3,15.484942,14,d19_detour,2,19,closed,0.0,-3.0300000000000002
-3.03,3,15.487803,14,d19_detour,2,19,closed,0.0,-3.0300000000000002
-3.03,3,15.490699,14,d19_detour,2,19,closed,0.0,-3.0300000000000002
-1.53,3,15.493625,14,d17_medium,2,17,closed,0.0,-1.53
-3.03,3,15.496582,14,d17_medium,2,17,closed,0.0,-3.0300000000000002
-3.03,3,15.499609,14,d17_medium,2,17,closed,0.0,-3.0300000000000002
-3.03,3,15.502551,14,d19_detour,2,19,closed,0.0,-3.0300000000000002
-3.04,39,15.524446,14,d15_direct,2,15,open,1.0,-3.040000000000001
-3.03,3,15.527496,14,d19_detour,2,19,closed,0.0,-3.0300000000000002
-0.34,39,15.549707,14,d15_direct,2,15,open,1.0,-0.34000000000000075
-3.03,3,15.552634,14,d17_medium,2,17,closed,0.0,-3.0300000000000002
-3.03,3,15.55558,14,d17_medium,2,17,closed,0.0,-3.0300000000000002
-2.89,39,15.577713,14,d15_direct,2,15,open,1.0,-2.8900000000000006
-3.03,3,15.580631,14,d17_medium,2,17,closed,0.0,-3.0300000000000002
-1.64,39,15.602561,14,d15_direct,2,15,open,1.0,-1.6400000000000003
-3.03,3,15.605565,14,d19_detour,2,19,closed,0.0,-3.0300000000000002
-3.03,3,15.608486,14,d19_detour,2,19,closed,0.0,-3.0300000000000002
-2.52,27,15.623952,14,d15_direct,2,15,open,1.0,-2.5200000000000005
-0.03,3,15.626898,14,d15_direct,2,15,open,1.0,-0.030000000000000027
-2.64,39,15.649037,14,d15_direct,2,15,open,1.0,-2.6400000000000006
-3.03,3,15.652028,14,d17_medium,2,17,closed,0.0,-3.0300000000000002
-1.94,39,15.674994,14,d15_direct,2,15,open,1.0,-1.9400000000000004
-3.03,3,15.678019,14,d17_medium,2,17,closed,0.0,-3.0300000000000002
-0.19,39,15.700055,14,d15_direct,2,15,open,1.0,-0.1900000000000006
-1.99,39,15.72249,14,d15_direct,2,15,open,1.0,-1.9900000000000004
-2.55,5,15.726599,14,d19_detour,2,19,closed,0.0,-2.55
-3.17,17,15.736706,14,d17_medium,2,17,closed,0.0,-3.170000000000001
1.47,3,15.739609,14,d15_direct,2,15,open,1.0,1.47
-3.03,3,15.742581,14,d19_detour,2,19,closed,0.0,-3.0300000000000002
-3.03,3,15.745563,14,d17_medium,2,17,closed,0.0,-3.0300000000000002
-3.03,3,15.748549,14,d19_detour,2,19,closed,0.0,-3.0300000000000002
-3.14,39,15.771263,14,d15_direct,2,15,open,1.0,-3.140000000000001
-2.59,39,15.793155,14,d15_direct,2,15,open,1.0,-2.5900000000000007
-3.03,3,15.796085,14,d19_detour,2,19,closed,0.0,-3.0300000000000002
-3.03,3,15.799049,14,d17_medium,2,17,closed,0.0,-3.0300000000000002
-2.64,39,15.821171,14,d15_direct,2,15,open,1.0,-2.6400000000000006
-3.03,3,15.824045,14,d19_detour,2,19,closed,0.0,-3.0300000000000002
-2.09,39,15.846817,14,d15_direct,2,15,open,1.0,-2.0900000000000003
-3.03,3,15.849857,14,d17_medium,2,17,closed,0.0,-3.0300000000000002
-2.6,10,15.856392,14,d19_detour,2,19,closed,0.0,-2.6
-3.03,3,15.859399,14,d19_detour,2,19,closed,0.0,-3.0300000000000002
-3.03,3,15.86235,14,d19_detour,2,19,closed,0.0,-3.0300000000000002
-3.03,3,15.865376,14,d19_detour,2,19,closed,0.0,-3.0300000000000002
-3.03,3,15.868413,14,d19_detour,2,19,closed,0.0,-3.0300000000000002
-0.03,3,15.871295,14,d15_direct,2,15,open,1.0,-0.030000000000000027
-3.03,3,15.874255,14,d17_medium,2,17,closed,0.0,-3.0300000000000002
-3.03,3,15.877179,14,d19_detour,2,19,closed,0.0,-3.0300000000000002
-3.03,3,15.88012,14,d17_medium,2,17,closed,0.0,-3.0300000000000002
-2.54,39,15.902119,14,d15_direct,2,15,open,1.0,-2.5400000000000005
1.47,3,15.905168,14,d15_direct,2,15,open,1.0,1.47
-2.47,27,15.921133,14,d15_direct,2,15,open,1.0,-2.4700000000000006
-2.74,39,15.943659,14,d15_direct,2,15,open,1.0,-2.740000000000001
-3.03,3,15.946718,14,d17_medium,2,17,closed,0.0,-3.0300000000000002
-0.03,3,15.949676,14,d15_direct,2,15,open,1.0,-0.030000000000000027
-3.03,3,15.952672,14,d19_detour,2,19,closed,0.0,-3.0300000000000002
-2.54,39,15.97543,14,d15_direct,2,15,open,1.0,-2.540000000000001
-2.65,15,15.985042,14,d15_direct,2,15,open,1.0,-2.6500000000000004
-3.03,3,15.988007,14,d17_medium,2,17,closed,0.0,-3.0300000000000002
-3.03,3,15.990861,14,d17_medium,2,17,closed,0.0,-3.0300000000000002
-3.03,3,15.993901,14,d19_detour,2,19,closed,0.0,-3.0300000000000002
-0.03,3,15.996764,14,d15_direct,2,15,open,1.0,-0.030000000000000027
-2.14,39,16.019034,14,d15_direct,2,15,open,1.0,-2.1400000000000006
-3.03,3,16.021881,14,d19_detour,2,19,closed,0.0,-3.0300000000000002
-3.03,3,16.02482,14,d17_medium,2,17,closed,0.0,-3.0300000000000002
-3.03,3,16.028027,14,d19_detour,2,19,closed,0.0,-3.0300000000000002
-3.03,3,16.031075,14,d17_medium,2,17,closed,0.0,-3.0300000000000002
-3.03,3,16.033963,14,d17_medium,2,17,closed,0.0,-3.0300000000000002
-3.03,3,16.036995,14,d17_medium,2,17,closed,0.0,-3.0300000000000002
-3.39,19,16.048605,14,d19_detour,2,19,closed,0.0,-3.3899999999999997
-2.74,39,16.07058,14,d15_direct,2,15,open,1.0,-2.7400000000000007
-3.03,3,16.07349,14,d19_detour,2,19,closed,0.0,-3.0300000000000002
-3.07,17,16.083617,14,d17_medium,2,17,closed,0.0,-3.0700000000000003
-3.03,3,16.086532,14,d17_medium,2,17,closed,0.0,-3.0300000000000002
-3.03,3,16.089586,14,d19_detour,2,19,closed,0.0,-3.0300000000000002
-3.03,3,16.092765,14,d19_detour,2,19,closed,0.0,-3.0300000000000002
-3.03,3,16.096197,14,d19_detour,2,19,closed,0.0,-3.0300000000000002
1.47,3,16.099132,14,d15_direct,2,15,open,1.0,1.47
-3.03,3,16.101968,14,d19_detour,2,19,closed,0.0,-3.0300000000000002
-3.03,3,16.104886,14,d19_detour,2,19,closed,0.0,-3.0300000000000002
-2.24,39,16.126918,14,d15_direct,2,15,open,1.0,-2.24
-2.47,27,16.14237,14,d15_direct,2,15,open,1.0,-2.47
-2.43,38,16.164408,14,d15_direct,2,15,open,1.0,-2.4300000000000006
-2.66,11,16.171507,14,d19_detour,2,19,closed,0.0,-2.66
-2.44,39,16.194801,14,d15_direct,2,15,open,1.0,-2.4400000000000004
-3.03,3,16.197726,14,d19_detour,2,19,closed,0.0,-3.0300000000000002
-3.03,3,16.200759,14,d17_medium,2,17,closed,0.0,-3.0300000000000002
-3.03,3,16.203687,14,d17_medium,2,17,closed,0.0,-3.0300000000000002
-2.42,27,16.219824,14,d15_direct,2,15,open,1.0,-2.4200000000000004
-2.96,31,16.237448,14,d17_medium,2,17,closed,0.0,-2.960000000000001
-3.03,3,16.240424,14,d17_medium,2,17,closed,0.0,-3.0300000000000002
-3.03,3,16.243735,14,d17_medium,2,17,closed,0.0,-3.0300000000000002
-3.03,3,16.246894,14,d17_medium,2,17,closed,0.0,-3.0300000000000002
-3.03,3,16.2499,14,d19_detour,2,19,closed,0.0,-3.0300000000000002
-2.6,10,16.256404,14,d19_detour,2,19,closed,0.0,-2.6
-3.03,3,16.259388,14,d19_detour,2,19,closed,0.0,-3.0300000000000002
-3.03,3,16.262257,14,d17_medium,2,17,closed,0.0,-3.0300000000000002
-3.03,3,16.26526,14,d17_medium,2,17,closed,0.0,-3.0300000000000002
-2.99,39,16.287221,14,d15_direct,2,15,open,1.0,-2.990000000000001
-3.03,3,16.29009,14,d19_detour,2,19,closed,0.0,-3.0300000000000002
-0.49,39,16.311969,14,d15_direct,2,15,open,1.0,-0.49000000000000044
-3.03,3,16.314901,14,d17_medium,2,17,closed,0.0,-3.0300000000000002
-3.02,17,16.325246,14,d17_medium,2,17,closed,0.0,-3.0199999999999996
-0.32,27,16.340875,14,d15_direct,2,15,open,1.0,-0.3200000000000003
-3.03,3,16.343843,14,d17_medium,2,17,closed,0.0,-3.0300000000000002
-3.03,3,16.346696,14,d19_detour,2,19,closed,0.0,-3.0300000000000002
-3.03,3,16.34964,14,d19_detour,2,19,closed,0.0,-3.0300000000000002
-2.92,17,16.360079,14,d17_medium,2,17,closed,0.0,-2.92
-0.03,3,16.362929,14,d15_direct,2,15,open,1.0,-0.030000000000000027
-2.82,17,16.373049,14,d17_medium,2,17,closed,0.0,-2.8200000000000003
-2.82,27,16.388696,14,d15_direct,2,15,open,1.0,-2.8200000000000003
-2.9,15,16.397822,14,d15_direct,2,15,open,1.0,-2.9000000000000004
-0.42,27,16.413396,14,d15_direct,2,15,open,1.0,-0.4200000000000004
-3.02,17,16.423809,14,d17_medium,2,17,closed,0.0,-3.0200000000000005
-2.69,19,16.435244,14,d19_detour,2,19,closed,0.0,-2.6900000000000004
-3.03,3,16.438135,14,d17_medium,2,17,closed,0.0,-3.0300000000000002
-2.89,39,16.460241,14,d15_direct,2,15,open,1.0,-2.8900000000000006
-3.03,3,16.463191,14,d17_medium,2,17,closed,0.0,-3.0300000000000002
-3.03,3,16.466155,14,d17_medium,2,17,closed,0.0,-3.0300000000000002
-2.09,39,16.489239,14,d15_direct,2,15,open,1.0,-2.0900000000000007
-2.14,39,16.511581,14,d15_direct,2,15,open,1.0,-2.1400000000000006
-2.72,27,16.527267,14,d15_direct,2,15,open,1.0,-2.7200000000000006
-3.03,3,16.530289,14,d19_detour,2,19,closed,0.0,-3.0300000000000002
1.47,3,16.533319,14,d15_direct,2,15,open,1.0,1.47
-0.33,38,16.77338,14,d15_direct,2,15,open,1.0,-0.3300000000000005
-3.03,3,16.776504,14,d19_detour,2,19,closed,0.0,-3.0300000000000002
-2.59,39,16.798593,14,d15_direct,2,15,open,1.0,-2.5900000000000007
-3.03,3,16.801589,14,d19_detour,2,19,closed,0.0,-3.0300000000000002
-1.53,3,16.804492,14,d15_direct,2,15,open,1.0,-1.53
-3.03,3,16.807406,14,d19_detour,2,19,closed,0.0,-3.0300000000000002
-3.03,3,16.810538,14,d17_medium,2,17,closed,0.0,-3.0300000000000002
-3.03,3,16.813471,14,d19_detour,2,19,closed,0.0,-3.0300000000000002
-0.03,3,16.81646,14,d15_direct,2,15,open,1.0,-0.030000000000000027
-3.03,3,16.819469,14,d19_detour,2,19,closed,0.0,-3.0300000000000002
-3.03,3,16.822495,14,d19_detour,2,19,closed,0.0,-3.0300000000000002
-3.03,3,16.8255,14,d17_medium,2,17,closed,0.0,-3.0300000000000002
-3.03,3,16.828453,14,d19_detour,2,19,closed,0.0,-3.0300000000000002
-0.44,39,16.85081,14,d15_direct,2,15,open,1.0,-0.4400000000000006
-2.62,27,16.866766,14,d15_direct,2,15,open,1.0,-2.6200000000000006
-3.03,3,16.869651,14,d17_medium,2,17,closed,0.0,-3.0300000000000002
-1.99,39,16.892944,14,d15_direct,2,15,open,1.0,-1.9900000000000004
-3.03,3,16.89585,14,d17_medium,2,17,closed,0.0,-3.0300000000000002
-0.03,3,16.898863,14,d15_direct,2,15,open,1.0,-0.030000000000000027
-3.03,3,16.901797,14,d17_medium,2,17,closed,0.0,-3.0300000000000002
-3.03,3,16.90472,14,d17_medium,2,17,closed,0.0,-3.0300000000000002
-3.03,3,16.907687,14,d19_detour,2,19,closed,0.0,-3.0300000000000002
-3.03,3,16.91067,14,d17_medium,2,17,closed,0.0,-3.0300000000000002
1.47,3,16.913648,14,d15_direct,2,15,open,1.0,1.47
-3.03,3,16.916747,14,d17_medium,2,17,closed,0.0,-3.0300000000000002
-3.03,3,16.919732,14,d17_medium,2,17,closed,0.0,-3.0300000000000002
-0.03,3,16.922645,14,d15_direct,2,15,open,1.0,-0.030000000000000027
-3.03,3,16.92568,14,d17_medium,2,17,closed,0.0,-3.0300000000000002
-3.03,3,16.928586,14,d17_medium,2,17,closed,0.0,-3.0300000000000002
-0.62,27,16.945384,14,d15_direct,2,15,open,1.0,-0.6200000000000006
-0.09,39,16.968288,14,d15_direct,2,15,open,1.0,-0.09000000000000052
-3.03,3,16.971179,14,d17_medium,2,17,closed,0.0,-3.0300000000000002
1.96,39,16.994198,14,d15_direct,2,15,open,1.0,1.9600000000000022
-1.53,3,16.996986,14,d19_detour,2,19,closed,0.0,-1.53
-3.03,3,17.00008,14,d19_detour,2,19,closed,0.0,-3.0300000000000002
-3.03,3,17.002956,14,d17_medium,2,17,closed,0.0,-3.0300000000000002
-3.03,3,17.005953,14,d19_detour,2,19,closed,0.0,-3.0300000000000002
-3.03,3,17.0091,14,d19_detour,2,19,closed,0.0,-3.0300000000000002
-0.34,39,17.031815,14,d15_direct,2,15,open,1.0,-0.3400000000000005
-2.69,19,17.043334,14,d19_detour,2,19,closed,0.0,-2.6900000000000004
-3.03,3,17.046285,14,d17_medium,2,17,closed,0.0,-3.0300000000000002
-3.03,3,17.049336,14,d19_detour,2,19,closed,0.0,-3.0300000000000002
-3.03,3,17.052276,14,d19_detour,2,19,closed,0.0,-3.0300000000000002
-2.67,27,17.068035,14,d15_direct,2,15,open,1.0,-2.6700000000000004
-2.37,27,17.083853,14,d15_direct,2,15,open,1.0,-2.37
-3.03,3,17.086886,14,d17_medium,2,17,closed,0.0,-3.0300000000000002
-2.54,39,17.109338,14,d15_direct,2,15,open,1.0,-2.540000000000001
-3.03,3,17.11226,14,d17_medium,2,17,closed,0.0,-3.0300000000000002
-3.03,3,17.115107,14,d17_medium,2,17,closed,0.0,-3.0300000000000002
-0.03,3,17.118067,14,d15_direct,2,15,open,1.0,-0.030000000000000027
-3.03,3,17.121059,14,d19_detour,2,19,closed,0.0,-3.0300000000000002
-2.94,39,17.143128,14,d15_direct,2,15,open,1.0,-2.940000000000001
-3.03,3,17.146023,14,d19_detour,2,19,closed,0.0,-3.0300000000000002
-3.03,3,17.149026,14,d17_medium,2,17,closed,0.0,-3.0300000000000002
1.47,3,17.151987,14,d15_direct,2,15,open,1.0,1.47
-0.09,39,17.174845,14,d15_direct,2,15,open,1.0,-0.09000000000000052
-3.03,3,17.177834,14,d19_detour,2,19,closed,0.0,-3.0300000000000002
-2.82,27,17.194392,14,d15_direct,2,15,open,1.0,-2.8200000000000007
-3.14,19,17.206267,14,d19_detour,2,19,closed,0.0,-3.1400000000000006
-3.03,3,17.209173,14,d17_medium,2,17,closed,0.0,-3.0300000000000002
-2.59,39,17.231985,14,d15_direct,2,15,open,1.0,-2.5900000000000007
-2.92,27,17.247914,14,d15_direct,2,15,open,1.0,-2.9200000000000004
-3.03,3,17.250967,14,d17_medium,2,17,closed,0.0,-3.0300000000000002
-2.14,39,17.273787,14,d15_direct,2,15,open,1.0,-2.1400000000000006
-2.72,27,17.290064,14,d15_direct,2,15,open,1.0,-2.7200000000000006
-3.03,3,17.293075,14,d17_medium,2,17,closed,0.0,-3.0300000000000002
-3.03,3,17.295886,14,d17_medium,2,17,closed,0.0,-3.0300000000000002
-0.18,38,17.317683,14,d15_direct,2,15,open,1.0,-0.18000000000000038
-2.09,39,17.33982,14,d15_direct,2,15,open,1.0,-2.0900000000000007
-2.29,39,17.362006,14,d15_direct,2,15,open,1.0,-2.2900000000000005
1.47,3,17.365022,14,d15_direct,2,15,open,1.0,1.47
-3.02,27,17.380563,14,d15_direct,2,15,open,1.0,-3.0200000000000005
-0.33,38,17.402754,14,d15_direct,2,15,open,1.0,-0.3300000000000005
-3.03,3,17.405659,14,d17_medium,2,17,closed,0.0,-3.0300000000000002
-2.19,39,17.428568,14,d15_direct,2,15,open,1.0,-2.1900000000000004
-2.84,39,17.450771,14,d15_direct,2,15,open,1.0,-2.8400000000000007
-3.03,3,17.453745,14,d19_detour,2,19,closed,0.0,-3.0300000000000002
-3.03,3,17.456597,14,d17_medium,2,17,closed,0.0,-3.0300000000000002
-3.03,3,17.459522,14,d19_detour,2,19,closed,0.0,-3.0300000000000002
1.47,3,17.462507,14,d15_direct,2,15,open,1.0,1.47
-3.03,3,17.465556,14,d17_medium,2,17,closed,0.0,-3.0300000000000002
-3.03,3,17.468603,14,d19_detour,2,19,closed,0.0,-3.0300000000000002
-3.03,3,17.472194,14,d19_detour,2,19,closed,0.0,-3.0300000000000002
-3.03,3,17.475238,14,d17_medium,2,17,closed,0.0,-3.0300000000000002
-0.47,27,17.491291,14,d15_direct,2,15,open,1.0,-0.4700000000000002
-2.74,39,17.513705,14,d15_direct,2,15,open,1.0,-2.7400000000000007
-3.03,3,17.516659,14,d17_medium,2,17,closed,0.0,-3.0300000000000002
1.47,3,17.519677,14,d15_direct,2,15,open,1.0,1.47
-2.54,39,17.541864,14,d15_direct,2,15,open,1.0,-2.540000000000001
1.47,3,17.544789,14,d15_direct,2,15,open,1.0,1.47
-3.03,3,17.547773,14,d19_detour,2,19,closed,0.0,-3.0300000000000002
-3.03,3,17.550748,14,d19_detour,2,19,closed,0.0,-3.0300000000000002
-3.03,3,17.553664,14,d19_detour,2,19,closed,0.0,-3.0300000000000002
-3.03,3,17.556584,14,d17_medium,2,17,closed,0.0,-3.0300000000000002
-2.24,39,17.579744,14,d15_direct,2,15,open,1.0,-2.24
-3.03,3,17.582709,14,d17_medium,2,17,closed,0.0,-3.0300000000000002
-3.03,3,17.585576,14,d17_medium,2,17,closed,0.0,-3.0300000000000002
-2.49,39,17.607223,14,d15_direct,2,15,open,1.0,-2.490000000000001
-0.26,26,17.622579,14,d15_direct,2,15,open,1.0,-0.26000000000000023
-3.03,3,17.625463,14,d17_medium,2,17,closed,0.0,-3.0300000000000002
-3.03,3,17.628339,14,d17_medium,2,17,closed,0.0,-3.0300000000000002
-3.03,3,17.631219,14,d17_medium,2,17,closed,0.0,-3.0300000000000002
-3.03,3,17.63408,14,d19_detour,2,19,closed,0.0,-3.0300000000000002
-3.03,3,17.637005,14,d17_medium,2,17,closed,0.0,-3.0300000000000002
1.47,3,17.639897,14,d15_direct,2,15,open,1.0,1.47
-3.27,17,17.649846,14,d17_medium,2,17,closed,0.0,-3.2699999999999996
-3.03,3,17.652773,14,d17_medium,2,17,closed,0.0,-3.0300000000000002
-0.38,38,17.67455,14,d15_direct,2,15,open,1.0,-0.3800000000000008
-0.03,3,17.677558,14,d15_direct,2,15,open,1.0,-0.030000000000000027
-2.54,39,17.700049,14,d15_direct,2,15,open,1.0,-2.540000000000001
-2.54,39,17.722424,14,d15_direct,2,15,open,1.0,-2.5400000000000005
1.77,38,17.74403,14,d15_direct,2,15,open,1.0,1.7700000000000005
1.47,3,17.746977,14,d15_direct,2,15,open,1.0,1.47
-3.03,3,17.749885,14,d19_detour,2,19,closed,0.0,-3.0300000000000002
-3.03,3,17.75285,14,d19_detour,2,19,closed,0.0,-3.0300000000000002
-2.19,39,17.776232,14,d15_direct,2,15,open,1.0,-2.1900000000000004
-2.42,27,17.792537,14,d15_direct,2,15,open,1.0,-2.4200000000000004
-2.19,39,17.814792,14,d15_direct,2,15,open,1.0,-2.1900000000000004
-1.53,3,17.817667,14,d19_detour,2,19,closed,0.0,-1.53
-3.03,3,17.820635,14,d19_detour,2,19,closed,0.0,-3.0300000000000002
-3.03,3,17.823553,14,d19_detour,2,19,closed,0.0,-3.0300000000000002
-3.03,3,17.826515,14,d19_detour,2,19,closed,0.0,-3.0300000000000002
-0.33,38,17.848454,14,d15_direct,2,15,open,1.0,-0.3300000000000003
0.06,39,17.871246,14,d15_direct,2,15,open,1.0,0.05999999999999961
-3.03,3,17.874214,14,d17_medium,2,17,closed,0.0,-3.0300000000000002
-3.03,3,17.877076,14,d17_medium,2,17,closed,0.0,-3.0300000000000002
-3.03,3,17.88008,14,d17_medium,2,17,closed,0.0,-3.0300000000000002
-0.88,38,17.901803,14,d15_direct,2,15,open,1.0,-0.8800000000000009
1.47,3,17.904743,14,d15_direct,2,15,open,1.0,1.47
-3.03,3,17.907671,14,d19_detour,2,19,closed,0.0,-3.0300000000000002
-0.03,3,17.910586,14,d19_detour,2,19,closed,0.0,-0.030000000000000027
-3.03,3,17.913587,14,d19_detour,2,19,closed,0.0,-3.0300000000000002
-3.03,3,17.916548,14,d19_detour,2,19,closed,0.0,-3.0300000000000002
-2.39,39,17.93923,14,d15_direct,2,15,open,1.0,-2.3900000000000006
-2.82,27,17.954915,14,d15_direct,2,15,open,1.0,-2.8200000000000007
-3.03,3,17.957875,14,d17_medium,2,17,closed,0.0,-3.0300000000000002
1.63,37,17.979418,14,d15_direct,2,15,open,1.0,1.63
-3.03,3,17.982358,14,d17_medium,2,17,closed,0.0,-3.0300000000000002
-2.29,39,18.004578,14,d15_direct,2,15,open,1.0,-2.2900000000000005
-2.57,27,18.020369,14,d15_direct,2,15,open,1.0,-2.5700000000000003
-2.29,39,18.04269,14,d15_direct,2,15,open,1.0,-2.2900000000000005
-3.03,3,18.045548,14,d19_detour,2,19,closed,0.0,-3.0300000000000002
-3.03,3,18.048552,14,d17_medium,2,17,closed,0.0,-3.0300000000000002
-3.03,3,18.051563,14,d17_medium,2,17,closed,0.0,-3.0300000000000002
-1.94,39,18.289748,14,d15_direct,2,15,open,1.0,-1.9400000000000004
-3.03,3,18.292691,14,d19_detour,2,19,closed,0.0,-3.0300000000000002
-3.03,3,18.295715,14,d17_medium,2,17,closed,0.0,-3.0300000000000002
-3.03,3,18.298773,14,d19_detour,2,19,closed,0.0,-3.0300000000000002
-3.03,3,18.301696,14,d19_detour,2,19,closed,0.0,-3.0300000000000002
-3.03,3,18.30467,14,d17_medium,2,17,closed,0.0,-3.0300000000000002
-3.03,3,18.307678,14,d19_detour,2,19,closed,0.0,-3.0300000000000002
-3.03,3,18.310695,14,d19_detour,2,19,closed,0.0,-3.0300000000000002
1.47,3,18.313672,14,d15_direct,2,15,open,1.0,1.47
-2.64,39,18.336376,14,d15_direct,2,15,open,1.0,-2.640000000000001
-3.03,3,18.339426,14,d19_detour,2,19,closed,0.0,-3.0300000000000002
-3.03,3,18.34242,14,d17_medium,2,17,closed,0.0,-3.0300000000000002
-2.79,39,18.365559,14,d15_direct,2,15,open,1.0,-2.790000000000001
1.47,3,18.368596,14,d15_direct,2,15,open,1.0,1.47
-2.09,39,18.391036,14,d15_direct,2,15,open,1.0,-2.0900000000000003
-3.03,3,18.394015,14,d19_detour,2,19,closed,0.0,-3.0300000000000002
-3.03,3,18.396863,14,d19_detour,2,19,closed,0.0,-3.0300000000000002
-3.03,3,18.399754,14,d19_detour,2,19,closed,0.0,-3.0300000000000002
-3.03,3,18.402692,14,d17_medium,2,17,closed,0.0,-3.0300000000000002
-3.03,3,18.405597,14,d19_detour,2,19,closed,0.0,-3.0300000000000002
1.47,3,18.408512,14,d15_direct,2,15,open,1.0,1.47
-2.59,39,18.432137,14,d15_direct,2,15,open,1.0,-2.5900000000000007
-3.03,3,18.435038,14,d17_medium,2,17,closed,0.0,-3.0300000000000002
-3.03,3,18.438016,14,d17_medium,2,17,closed,0.0,-3.0300000000000002
1.63,27,18.454869,14,d15_direct,2,15,open,1.0,1.6299999999999997
1.47,3,18.457779,14,d15_direct,2,15,open,1.0,1.47
-3.03,3,18.460748,14,d19_detour,2,19,closed,0.0,-3.0300000000000002
-3.03,3,18.463659,14,d19_detour,2,19,closed,0.0,-3.0300000000000002
-3.03,3,18.466638,14,d19_detour,2,19,closed,0.0,-3.0300000000000002
1.47,3,18.469562,14,d15_direct,2,15,open,1.0,1.47
-3.03,3,18.472509,14,d17_medium,2,17,closed,0.0,-3.0300000000000002
-2.77,27,18.488446,14,d15_direct,2,15,open,1.0,-2.7700000000000005
-3.03,3,18.491411,14,d17_medium,2,17,closed,0.0,-3.0300000000000002
1.47,3,18.494386,14,d15_direct,2,15,open,1.0,1.47
-3.03,3,18.497398,14,d17_medium,2,17,closed,0.0,-3.0300000000000002
-2.59,39,18.520014,14,d15_direct,2,15,open,1.0,-2.5900000000000007
-3.03,3,18.52296,14,d17_medium,2,17,closed,0.0,-3.0300000000000002
-3.03,3,18.525891,14,d17_medium,2,17,closed,0.0,-3.0300000000000002
-3.03,3,18.528861,14,d17_medium,2,17,closed,0.0,-3.0300000000000002
-2.52,27,18.544879,14,d15_direct,2,15,open,1.0,-2.5200000000000005
-3.03,3,18.547807,14,d19_detour,2,19,closed,0.0,-3.0300000000000002
-3.03,3,18.550738,14,d19_detour,2,19,closed,0.0,-3.0300000000000002
-3.03,3,18.553688,14,d19_detour,2,19,closed,0.0,-3.0300000000000002
-3.03,3,18.556622,14,d17_medium,2,17,closed,0.0,-3.0300000000000002
1.47,3,18.559557,14,d15_direct,2,15,open,1.0,1.47
-3.03,3,18.562503,14,d19_detour,2,19,closed,0.0,-3.0300000000000002
-3.03,3,18.56559,14,d19_detour,2,19,closed,0.0,-3.0300000000000002
-3.03,3,18.568526,14,d19_detour,2,19,closed,0.0,-3.0300000000000002
1.47,3,18.571505,14,d15_direct,2,15,open,1.0,1.47
-3.03,3,18.574508,14,d19_detour,2,19,closed,0.0,-3.0300000000000002
-3.03,3,18.577499,14,d17_medium,2,17,closed,0.0,-3.0300000000000002
-3.03,3,18.580519,14,d17_medium,2,17,closed,0.0,-3.0300000000000002
-3.03,3,18.583599,14,d19_detour,2,19,closed,0.0,-3.0300000000000002
-3.03,3,18.586512,14,d19_detour,2,19,closed,0.0,-3.0300000000000002
-0.13,38,18.608455,14,d15_direct,2,15,open,1.0,-0.13000000000000056
-3.03,3,18.611371,14,d17_medium,2,17,closed,0.0,-3.0300000000000002
-2.04,39,18.633831,14,d15_direct,2,15,open,1.0,-2.04
-3.03,3,18.636806,14,d17_medium,2,17,closed,0.0,-3.0300000000000002
-0.03,3,18.639687,14,d15_direct,2,15,open,1.0,-0.030000000000000027
-3.03,3,18.64266,14,d19_detour,2,19,closed,0.0,-3.0300000000000002
-2.72,27,18.658392,14,d15_direct,2,15,open,1.0,-2.7200000000000006
-3.03,3,18.661285,14,d19_detour,2,19,closed,0.0,-3.0300000000000002
-3.02,27,18.677218,14,d15_direct,2,15,open,1.0,-3.0200000000000005
-3.03,3,18.680125,14,d17_medium,2,17,closed,0.0,-3.0300000000000002
-3.03,3,18.683142,14,d17_medium,2,17,closed,0.0,-3.0300000000000002
-2.44,39,18.706288,14,d15_direct,2,15,open,1.0,-2.4400000000000004
-3.03,3,18.709443,14,d19_detour,2,19,closed,0.0,-3.0300000000000002
-1.94,39,18.732419,14,d15_direct,2,15,open,1.0,-1.9400000000000004
-3.03,3,18.735456,14,d19_detour,2,19,closed,0.0,-3.0300000000000002
-2.87,27,18.75138,14,d15_direct,2,15,open,1.0,-2.87
-3.03,3,18.754333,14,d19_detour,2,19,closed,0.0,-3.0300000000000002
-2.58,8,18.760226,14,d15_direct,2,15,open,1.0,-2.58
1.47,3,18.763579,14,d15_direct,2,15,open,1.0,1.47
-3.03,3,18.766672,14,d19_detour,2,19,closed,0.0,-3.0300000000000002
-3.03,3,18.769675,14,d17_medium,2,17,closed,0.0,-3.0300000000000002
-0.29,39,18.792765,14,d15_direct,2,15,open,1.0,-0.2900000000000007
1.47,3,18.795661,14,d15_direct,2,15,open,1.0,1.47
-0.86,16,18.805674,14,d17_medium,2,17,closed,0.0,-0.8600000000000001
-2.44,39,18.828146,14,d15_direct,2,15,open,1.0,-2.4400000000000004
-2.57,27,18.844686,14,d15_direct,2,15,open,1.0,-2.5700000000000003
-2.32,27,18.860659,14,d15_direct,2,15,open,1.0,-2.3200000000000003
-3.03,3,18.863625,14,d17_medium,2,17,closed,0.0,-3.0300000000000002
-2.19,39,18.886126,14,d15_direct,2,15,open,1.0,-2.1900000000000004
-3.03,3,18.889036,14,d19_detour,2,19,closed,0.0,-3.0300000000000002
-3.03,3,18.891977,14,d17_medium,2,17,closed,0.0,-3.0300000000000002
-3.03,3,18.894891,14,d17_medium,2,17,closed,0.0,-3.0300000000000002
-3.03,3,18.897861,14,d19_detour,2,19,closed,0.0,-3.0300000000000002
0.01,39,18.920923,14,d15_direct,2,15,open,1.0,0.009999999999999565
-3.03,3,18.92389,14,d17_medium,2,17,closed,0.0,-3.0300000000000002
-3.03,3,18.927318,14,d19_detour,2,19,closed,0.0,-3.0300000000000002
-2.27,27,18.944384,14,d15_direct,2,15,open,1.0,-2.2700000000000005
-3.03,3,18.947324,14,d19_detour,2,19,closed,0.0,-3.0300000000000002
-3.03,3,18.950383,14,d17_medium,2,17,closed,0.0,-3.0300000000000002
-3.03,3,18.953451,14,d17_medium,2,17,closed,0.0,-3.0300000000000002
-0.08,38,18.975445,14,d15_direct,2,15,open,1.0,-0.08000000000000052
-3.03,3,18.97875,14,d19_detour,2,19,closed,0.0,-3.0300000000000002
-3.03,3,18.982641,14,d17_medium,2,17,closed,0.0,-3.0300000000000002
-0.38,38,19.004632,14,d15_direct,2,15,open,1.0,-0.38000000000000034
-1.53,3,19.007596,14,d17_medium,2,17,closed,0.0,-1.53
-3.03,3,19.010901,14,d17_medium,2,17,closed,0.0,-3.0300000000000002
-3.09,19,19.02263,14,d19_detour,2,19,closed,0.0,-3.0900000000000007
-3.03,3,19.025609,14,d17_medium,2,17,closed,0.0,-3.0300000000000002
-3.03,3,19.028752,14,d17_medium,2,17,closed,0.0,-3.0300000000000002
-3.03,3,19.031966,14,d17_medium,2,17,closed,0.0,-3.0300000000000002
-0.09,39,19.054628,14,d15_direct,2,15,open,1.0,-0.0900000000000003
-2.85,15,19.06395,14,d19_detour,2,19,closed,0.0,-2.8500000000000005
-2.87,17,19.075179,14,d17_medium,2,17,closed,0.0,-2.87
-2.82,27,19.091098,14,d15_direct,2,15,open,1.0,-2.8200000000000007
-2.24,39,19.113569,14,d15_direct,2,15,open,1.0,-2.24
-0.76,26,19.129029,14,d15_direct,2,15,open,1.0,-0.7600000000000007
-3.03,3,19.132035,14,d19_detour,2,19,closed,0.0,-3.0300000000000002
-2.44,39,19.154372,14,d15_direct,2,15,open,1.0,-2.4400000000000004
-3.03,3,19.1573,14,d17_medium,2,17,closed,0.0,-3.0300000000000002
-3.03,3,19.1603,14,d19_detour,2,19,closed,0.0,-3.0300000000000002
-3.03,3,19.163257,14,d19_detour,2,19,closed,0.0,-3.0300000000000002
-3.27,17,19.173674,14,d17_medium,2,17,closed,0.0,-3.2699999999999996
-2.19,39,19.196701,14,d15_direct,2,15,open,1.0,-2.1900000000000004
-3.03,3,19.199745,14,d17_medium,2,17,closed,0.0,-3.0300000000000002
-3.03,3,19.202678,14,d17_medium,2,17,closed,0.0,-3.0300000000000002
-2.39,39,19.225092,14,d15_direct,2,15,open,1.0,-2.3900000000000006
-2.55,5,19.229139,14,d17_medium,2,17,closed,0.0,-2.55
1.47,3,19.23214,14,d15_direct,2,15,open,1.0,1.47
-3.03,3,19.235064,14,d17_medium,2,17,closed,0.0,-3.0300000000000002
-3.03,3,19.238076,14,d19_detour,2,19,closed,0.0,-3.0300000000000002
-2.54,39,19.260665,14,d15_direct,2,15,open,1.0,-2.540000000000001
-0.13,38,19.282622,14,d15_direct,2,15,open,1.0,-0.13000000000000056
-3.03,3,19.285582,14,d19_detour,2,19,closed,0.0,-3.0300000000000002
-3.03,3,19.28855,14,d17_medium,2,17,closed,0.0,-3.0300000000000002
-3.03,3,19.29162,14,d19_detour,2,19,closed,0.0,-3.0300000000000002
-0.18,38,19.313546,14,d15_direct,2,15,open,1.0,-0.1800000000000006
-3.03,3,19.316625,14,d17_medium,2,17,closed,0.0,-3.0300000000000002
-2.32,27,19.333139,14,d15_direct,2,15,open,1.0,-2.3200000000000003
-0.56,26,19.348572,14,d15_direct,2,15,open,1.0,-0.5600000000000005
-3.04,19,19.360322,14,d19_detour,2,19,closed,0.0,-3.0400000000000005
-3.03,3,19.363242,14,d19_detour,2,19,closed,0.0,-3.0300000000000002
1.96,39,19.385734,14,d15_direct,2,15,open,1.0,1.9599999999999995
-3.03,3,19.388734,14,d19_detour,2,19,closed,0.0,-3.0300000000000002
-3.03,3,19.391689,14,d17_medium,2,17,closed,0.0,-3.0300000000000002
-0.03,3,19.394573,14,d15_direct,2,15,open,1.0,-0.030000000000000027
-3.03,3,19.397597,14,d19_detour,2,19,closed,0.0,-3.0300000000000002
-3.03,3,19.400596,14,d17_medium,2,17,closed,0.0,-3.0300000000000002
-3.03,3,19.403571,14,d17_medium,2,17,closed,0.0,-3.0300000000000002
-3.03,3,19.406886,14,d19_detour,2,19,closed,0.0,-3.0300000000000002
-2.42,27,19.423018,14,d15_direct,2,15,open,1.0,-2.42
1.47,3,19.42592,14,d15_direct,2,15,open,1.0,1.47
-0.26,26,19.441328,14,d15_direct,2,15,open,1.0,-0.26000000000000023
-3.07,17,19.45235,14,d17_medium,2,17,closed,0.0,-3.0700000000000003
-3.03,3,19.455433,14,d19_detour,2,19,closed,0.0,-3.0300000000000002
-3.03,3,19.458484,14,d17_medium,2,17,closed,0.0,-3.0300000000000002
-3.03,3,19.461459,14,d17_medium,2,17,closed,0.0,-3.0300000000000002
1.73,37,19.482911,14,d15_direct,2,15,open,1.0,1.7300000000000002
-2.92,17,19.493473,14,d17_medium,2,17,closed,0.0,-2.92
1.47,3,19.496416,14,d15_direct,2,15,open,1.0,1.47
-3.03,3,19.499563,14,d19_detour,2,19,closed,0.0,-3.0300000000000002
-3.03,3,19.502552,14,d17_medium,2,17,closed,0.0,-3.0300000000000002
-0.32,27,19.518586,14,d15_direct,2,15,open,1.0,-0.3200000000000003
-3.24,39,19.54124,14,d15_direct,2,15,open,1.0,-3.240000000000001
-2.64,39,19.564429,14,d15_direct,2,15,open,1.0,-2.6400000000000006
-3.03,3,19.56756,14,d17_medium,2,17,closed,0.0,-3.0300000000000002
-3.03,3,19.570613,14,d19_detour,2,19,closed,0.0,-3.0300000000000002
-1.99,39,19.593189,14,d15_direct,2,15,open,1.0,-1.9900000000000004
-3.03,3,19.596078,14,d17_medium,2,17,closed,0.0,-3.0300000000000002
-0.64,39,19.619211,14,d15_direct,2,15,open,1.0,-0.6400000000000006
-3.03,3,19.622235,14,d17_medium,2,17,closed,0.0,-3.0300000000000002
-2.44,39,19.877761,14,d15_direct,2,15,open,1.0,-2.4400000000000004
-3.03,3,19.882499,14,d19_detour,2,19,closed,0.0,-3.0300000000000002
1.75,25,19.898014,14,d15_direct,2,15,open,1.0,1.7499999999999998
-3.03,3,19.900973,14,d19_detour,2,19,closed,0.0,-3.0300000000000002
-0.41,26,19.916339,14,d15_direct,2,15,open,1.0,-0.41000000000000025
-2.47,27,19.93179,14,d15_direct,2,15,open,1.0,-2.4700000000000006
-3.03,3,19.934659,14,d17_medium,2,17,closed,0.0,-3.0300000000000002
-2.29,39,19.957474,14,d15_direct,2,15,open,1.0,-2.2900000000000005
-3.03,3,19.960514,14,d19_detour,2,19,closed,0.0,-3.0300000000000002
-3.03,3,19.963469,14,d19_detour,2,19,closed,0.0,-3.0300000000000002
-3.02,17,19.973612,14,d17_medium,2,17,closed,0.0,-3.0200000000000005
1.68,37,19.995322,14,d15_direct,2,15,open,1.0,1.6799999999999997
-2.89,39,20.017254,14,d15_direct,2,15,open,1.0,-2.8900000000000006
-3.03,3,20.020175,14,d19_detour,2,19,closed,0.0,-3.0300000000000002
1.47,3,20.02312,14,d15_direct,2,15,open,1.0,1.47
-3.03,3,20.026085,14,d17_medium,2,17,closed,0.0,-3.0300000000000002
-3.03,3,20.029028,14,d17_medium,2,17,closed,0.0,-3.0300000000000002
-3.03,3,20.032095,14,d17_medium,2,17,closed,0.0,-3.0300000000000002
-3.03,3,20.034987,14,d19_detour,2,19,closed,0.0,-3.0300000000000002
-3.03,3,20.037926,14,d19_detour,2,19,closed,0.0,-3.0300000000000002
-2.44,39,20.060236,14,d15_direct,2,15,open,1.0,-2.4400000000000004
-3.03,3,20.063104,14,d19_detour,2,19,closed,0.0,-3.0300000000000002
-3.03,3,20.066024,14,d17_medium,2,17,closed,0.0,-3.0300000000000002
-3.03,3,20.068949,14,d17_medium,2,17,closed,0.0,-3.0300000000000002
-3.03,3,20.071836,14,d17_medium,2,17,closed,0.0,-3.0300000000000002
-3.03,3,20.074712,14,d17_medium,2,17,closed,0.0,-3.0300000000000002
-2.39,39,20.096534,14,d15_direct,2,15,open,1.0,-2.3900000000000006
-0.29,39,20.118534,14,d15_direct,2,15,open,1.0,-0.2900000000000007
-3.03,3,20.121563,14,d17_medium,2,17,closed,0.0,-3.0300000000000002
1.47,3,20.124461,14,d15_direct,2,15,open,1.0,1.47
-3.03,3,20.127757,14,d19_detour,2,19,closed,0.0,-3.0300000000000002
-3.03,3,20.130763,14,d19_detour,2,19,closed,0.0,-3.0300000000000002
-3.03,3,20.133709,14,d17_medium,2,17,closed,0.0,-3.0300000000000002
1.63,37,20.155227,14,d15_direct,2,15,open,1.0,1.6299999999999997
-2.72,17,20.165982,14,d17_medium,2,17,closed,0.0,-2.72
-3.03,3,20.168846,14,d17_medium,2,17,closed,0.0,-3.0300000000000002
-0.64,39,20.190648,14,d15_direct,2,15,open,1.0,-0.6400000000000006
-2.55,5,20.19458,14,d19_detour,2,19,closed,0.0,-2.55
-3.03,3,20.19774,14,d17_medium,2,17,closed,0.0,-3.0300000000000002
-3.49,39,20.219846,14,d15_direct,2,15,open,1.0,-3.490000000000001
-3.03,3,20.222748,14,d17_medium,2,17,closed,0.0,-3.0300000000000002
-3.03,3,20.225691,14,d17_medium,2,17,closed,0.0,-3.0300000000000002
1.47,3,20.228565,14,d15_direct,2,15,open,1.0,1.47
-3.03,3,20.232206,14,d17_medium,2,17,closed,0.0,-3.0300000000000002
1.92,38,20.254344,14,d15_direct,2,15,open,1.0,1.9199999999999995
1.47,3,20.257237,14,d15_direct,2,15,open,1.0,1.47
-3.03,3,20.260791,14,d19_detour,2,19,closed,0.0,-3.0300000000000002
-3.03,3,20.264139,14,d17_medium,2,17,closed,0.0,-3.0300000000000002
-3.03,3,20.267332,14,d19_detour,2,19,closed,0.0,-3.0300000000000002
-3.03,3,20.270153,14,d17_medium,2,17,closed,0.0,-3.0300000000000002
-2.92,17,20.280949,14,d17_medium,2,17,closed,0.0,-2.92
-3.03,3,20.28386,14,d19_detour,2,19,closed,0.0,-3.0300000000000002
-0.64,14,20.29254,14,d15_direct,2,15,open,1.0,-0.6400000000000001
-3.03,3,20.295447,14,d19_detour,2,19,closed,0.0,-3.0300000000000002
-2.49,39,20.317659,14,d15_direct,2,15,open,1.0,-2.4900000000000007
1.47,3,20.32052,14,d15_direct,2,15,open,1.0,1.47
-3.03,3,20.323457,14,d17_medium,2,17,closed,0.0,-3.0300000000000002
-1.53,3,20.326435,14,d17_medium,2,17,closed,0.0,-1.53
-3.03,3,20.329372,14,d17_medium,2,17,closed,0.0,-3.0300000000000002
-2.87,17,20.339701,14,d17_medium,2,17,closed,0.0,-2.87
-3.03,3,20.343413,14,d19_detour,2,19,closed,0.0,-3.0300000000000002
-3.03,3,20.346755,14,d19_detour,2,19,closed,0.0,-3.0300000000000002
-3.03,3,20.35009,14,d19_detour,2,19,closed,0.0,-3.0300000000000002
-3.03,3,20.352916,14,d19_detour,2,19,closed,0.0,-3.0300000000000002
-0.47,27,20.368507,14,d15_direct,2,15,open,1.0,-0.4700000000000002
-3.03,3,20.37191,14,d17_medium,2,17,closed,0.0,-3.0300000000000002
-2.6,10,20.378462,14,d19_detour,2,19,closed,0.0,-2.6
1.83,37,20.399756,14,d15_direct,2,15,open,1.0,1.8299999999999994
-3.03,3,20.402692,14,d17_medium,2,17,closed,0.0,-3.0300000000000002
-3.03,3,20.405661,14,d19_detour,2,19,closed,0.0,-3.0300000000000002
-3.03,3,20.408643,14,d19_detour,2,19,closed,0.0,-3.0300000000000002
-3.03,3,20.411636,14,d19_detour,2,19,closed,0.0,-3.0300000000000002
-2.74,39,20.434356,14,d15_direct,2,15,open,1.0,-2.7400000000000007
-2.29,39,20.45662,14,d15_direct,2,15,open,1.0,-2.29
-2.37,27,20.472253,14,d15_direct,2,15,open,1.0,-2.37
-0.54,39,20.494224,14,d15_direct,2,15,open,1.0,-0.5400000000000005
-0.41,26,20.509534,14,d15_direct,2,15,open,1.0,-0.41000000000000025
1.47,3,20.512555,14,d15_direct,2,15,open,1.0,1.47
-3.03,3,20.515517,14,d17_medium,2,17,closed,0.0,-3.0300000000000002
-3.03,3,20.518756,14,d17_medium,2,17,closed,0.0,-3.0300000000000002
-3.03,3,20.521765,14,d19_detour,2,19,closed,0.0,-3.0300000000000002
-3.03,3,20.524802,14,d19_detour,2,19,closed,0.0,-3.0300000000000002
-3.03,3,20.527897,14,d17_medium,2,17,closed,0.0,-3.0300000000000002
-3.03,3,20.530962,14,d17_medium,2,17,closed,0.0,-3.0300000000000002
-3.03,3,20.533976,14,d19_detour,2,19,closed,0.0,-3.0300000000000002
-2.34,39,20.558027,14,d15_direct,2,15,open,1.0,-2.3400000000000007
-3.03,3,20.560987,14,d19_detour,2,19,closed,0.0,-3.0300000000000002
-3.02,17,20.57127,14,d17_medium,2,17,closed,0.0,-3.0200000000000005
-0.33,38,20.593221,14,d15_direct,2,15,open,1.0,-0.3300000000000005
-2.69,39,20.615503,14,d15_direct,2,15,open,1.0,-2.6900000000000004
-3.03,3,20.618489,14,d17_medium,2,17,closed,0.0,-3.0300000000000002
1.47,3,20.621408,14,d15_direct,2,15,open,1.0,1.47
-3.03,3,20.624352,14,d17_medium,2,17,closed,0.0,-3.0300000000000002
-3.03,3,20.627244,14,d19_detour,2,19,closed,0.0,-3.0300000000000002
1.78,37,20.64842,14,d15_direct,2,15,open,1.0,1.7800000000000005
-3.03,3,20.651417,14,d17_medium,2,17,closed,0.0,-3.0300000000000002
-3.03,3,20.654322,14,d17_medium,2,17,closed,0.0,-3.0300000000000002
-0.03,3,20.657133,14,d15_direct,2,15,open,1.0,-0.030000000000000027
-0.68,18,20.668599,14,d19_detour,2,19,closed,0.0,-0.6800000000000002
-2.29,39,20.691108,14,d15_direct,2,15,open,1.0,-2.2900000000000005
-2.55,5,20.694983,14,d17_medium,2,17,closed,0.0,-2.55
-3.03,3,20.697824,14,d17_medium,2,17,closed,0.0,-3.0300000000000002
1.47,3,20.700735,14,d15_direct,2,15,open,1.0,1.47
-0.49,39,20.723201,14,d15_direct,2,15,open,1.0,-0.4900000000000009
-2.19,39,20.74543,14,d15_direct,2,15,open,1.0,-2.1900000000000004
-2.91,31,20.763249,14,d17_medium,2,17,closed,0.0,-2.91
-3.03,3,20.766225,14,d19_detour,2,19,closed,0.0,-3.0300000000000002
-3.03,3,20.769178,14,d17_medium,2,17,closed,0.0,-3.0300000000000002
-2.39,39,20.791086,14,d15_direct,2,15,open,1.0,-2.3900000000000006
-3.03,3,20.794173,14,d17_medium,2,17,closed,0.0,-3.0300000000000002
-3.03,3,20.797023,14,d19_detour,2,19,closed,0.0,-3.0300000000000002
-0.13,38,20.818056,14,d15_direct,2,15,open,1.0,-0.13000000000000034
-2.74,39,20.839418,14,d15_direct,2,15,open,1.0,-2.740000000000001
-3.03,3,20.842382,14,d19_detour,2,19,closed,0.0,-3.0300000000000002
-3.03,3,20.845214,14,d17_medium,2,17,closed,0.0,-3.0300000000000002
-0.48,38,20.866193,14,d15_direct,2,15,open,1.0,-0.4800000000000004
-3.03,3,20.869104,14,d17_medium,2,17,closed,0.0,-3.0300000000000002
-2.14,39,20.890312,14,d15_direct,2,15,open,1.0,-2.1400000000000006
-3.03,3,20.89324,14,d19_detour,2,19,closed,0.0,-3.0300000000000002
-3.03,3,20.896075,14,d17_medium,2,17,closed,0.0,-3.0300000000000002
-3.03,3,20.898913,14,d17_medium,2,17,closed,0.0,-3.0300000000000002
-3.03,3,20.901762,14,d17_medium,2,17,closed,0.0,-3.0300000000000002
-3.03,3,20.904624,14,d17_medium,2,17,closed,0.0,-3.0300000000000002
-2.64,39,20.926216,14,d15_direct,2,15,open,1.0,-2.640000000000001
-3.03,3,20.92905,14,d19_detour,2,19,closed,0.0,-3.0300000000000002
-3.03,3,20.931872,14,d17_medium,2,17,closed,0.0,-3.0300000000000002
-3.03,3,20.934758,14,d19_detour,2,19,closed,0.0,-3.0300000000000002
-0.56,26,20.951323,14,d15_direct,2,15,open,1.0,-0.5600000000000005
-3.03,3,20.954274,14,d19_detour,2,19,closed,0.0,-3.0300000000000002
-3.03,3,20.957137,14,d17_medium,2,17,closed,0.0,-3.0300000000000002
-3.03,3,20.959902,14,d19_detour,2,19,closed,0.0,-3.0300000000000002
-3.03,3,20.962737,14,d19_detour,2,19,closed,0.0,-3.0300000000000002
-2.59,39,20.98438,14,d15_direct,2,15,open,1.0,-2.5900000000000007
-2.42,27,20.999714,14,d15_direct,2,15,open,1.0,-2.42
-3.03,3,21.002576,14,d17_medium,2,17,closed,0.0,-3.0300000000000002
-2.44,39,21.024668,14,d15_direct,2,15,open,1.0,-2.4400000000000004
-3.03,3,21.027667,14,d19_detour,2,19,closed,0.0,-3.0300000000000002
2.03,37,21.04829,14,d15_direct,2,15,open,1.0,2.0299999999999994
-3.03,3,21.05114,14,d17_medium,2,17,closed,0.0,-3.0300000000000002
-3.03,3,21.054097,14,d17_medium,2,17,closed,0.0,-3.0300000000000002
-3.03,3,21.056971,14,d19_detour,2,19,closed,0.0,-3.0300000000000002
-3.27,17,21.066916,14,d17_medium,2,17,closed,0.0,-3.2700000000000005
1.47,3,21.069797,14,d15_direct,2,15,open,1.0,1.47
-3.03,3,21.072682,14,d17_medium,2,17,closed,0.0,-3.0300000000000002
-3.03,3,21.075662,14,d19_detour,2,19,closed,0.0,-3.0300000000000002
-3.03,3,21.078569,14,d17_medium,2,17,closed,0.0,-3.0300000000000002
-2.54,39,21.100287,14,d15_direct,2,15,open,1.0,-2.540000000000001
-3.03,3,21.103233,14,d19_detour,2,19,closed,0.0,-3.0300000000000002
-3.06,31,21.120179,14,d17_medium,2,17,closed,0.0,-3.0600000000000005
-3.03,3,21.123133,14,d19_detour,2,19,closed,0.0,-3.0300000000000002
1.47,3,21.125979,14,d15_direct,2,15,open,1.0,1.47
-3.03,3,21.128901,14,d19_detour,2,19,closed,0.0,-3.0300000000000002
-0.49,39,21.150529,14,d15_direct,2,15,open,1.0,-0.49000000000000066
-3.03,3,21.153553,14,d19_detour,2,19,closed,0.0,-3.0300000000000002
-3.03,3,21.156519,14,d19_detour,2,19,closed,0.0,-3.0300000000000002
-0.03,3,21.159457,14,d15_direct,2,15,open,1.0,-0.030000000000000027
-2.24,39,21.415196,14,d15_direct,2,15,open,1.0,-2.24
-3.03,3,21.418076,14,d19_detour,2,19,closed,0.0,-3.0300000000000002
-0.55,35,21.437638,14,d19_detour,2,19,closed,0.0,-0.5500000000000005
-3.03,3,21.440554,14,d19_detour,2,19,closed,0.0,-3.0300000000000002
-3.03,3,21.44345,14,d17_medium,2,17,closed,0.0,-3.0300000000000002
-2.54,39,21.465361,14,d15_direct,2,15,open,1.0,-2.5400000000000005
1.47,3,21.468309,14,d15_direct,2,15,open,1.0,1.47
-3.03,3,21.471252,14,d17_medium,2,17,closed,0.0,-3.0300000000000002
-3.03,3,21.474189,14,d19_detour,2,19,closed,0.0,-3.0300000000000002
-3.03,3,21.477108,14,d19_detour,2,19,closed,0.0,-3.0300000000000002
-0.03,38,21.498351,14,d15_direct,2,15,open,1.0,-0.03000000000000025
-3.03,3,21.501497,14,d19_detour,2,19,closed,0.0,-3.0300000000000002
1.47,3,21.504724,14,d15_direct,2,15,open,1.0,1.47
-3.03,3,21.50763,14,d17_medium,2,17,closed,0.0,-3.0300000000000002
-2.09,39,21.529598,14,d15_direct,2,15,open,1.0,-2.0900000000000003
-3.03,3,21.532751,14,d19_detour,2,19,closed,0.0,-3.0300000000000002
-3.03,3,21.535716,14,d19_detour,2,19,closed,0.0,-3.0300000000000002
-0.78,38,21.565806,14,d15_direct,2,15,open,1.0,-0.7800000000000007
0.07,38,21.588292,14,d15_direct,2,15,open,1.0,0.06999999999999962
-3.03,3,21.591269,14,d17_medium,2,17,closed,0.0,-3.0300000000000002
-3.03,3,21.594585,14,d19_detour,2,19,closed,0.0,-3.0300000000000002
-1.99,39,21.616566,14,d15_direct,2,15,open,1.0,-1.9900000000000004
-3.03,3,21.61954,14,d19_detour,2,19,closed,0.0,-3.0300000000000002
1.47,3,21.622527,14,d15_direct,2,15,open,1.0,1.47
1.52,38,21.643817,14,d15_direct,2,15,open,1.0,1.5199999999999991
-2.37,27,21.659326,14,d15_direct,2,15,open,1.0,-2.37
-0.03,3,21.662189,14,d15_direct,2,15,open,1.0,-0.030000000000000027
-3.03,3,21.665116,14,d19_detour,2,19,closed,0.0,-3.0300000000000002
-1.53,3,21.667917,14,d17_medium,2,17,closed,0.0,-1.53
-0.49,39,21.690548,14,d15_direct,2,15,open,1.0,-0.49000000000000044
-0.63,38,21.711723,14,d15_direct,2,15,open,1.0,-0.6300000000000009
1.57,38,21.733843,14,d15_direct,2,15,open,1.0,1.5699999999999992
-3.03,3,21.736702,14,d17_medium,2,17,closed,0.0,-3.0300000000000002
-3.03,3,21.739678,14,d17_medium,2,17,closed,0.0,-3.0300000000000002
1.47,3,21.742533,14,d15_direct,2,15,open,1.0,1.47
-1.53,3,21.745738,14,d17_medium,2,17,closed,0.0,-1.53
-3.03,3,21.748783,14,d17_medium,2,17,closed,0.0,-3.0300000000000002
-0.74,39,21.770655,14,d15_direct,2,15,open,1.0,-0.7400000000000007
-3.03,3,21.773537,14,d17_medium,2,17,closed,0.0,-3.0300000000000002
-2.44,39,21.79547,14,d15_direct,2,15,open,1.0,-2.4400000000000004
-3.03,3,21.798504,14,d17_medium,2,17,closed,0.0,-3.0300000000000002
-3.03,3,21.801558,14,d19_detour,2,19,closed,0.0,-3.0300000000000002
-3.03,3,21.804521,14,d19_detour,2,19,closed,0.0,-3.0300000000000002
-3.03,3,21.807525,14,d17_medium,2,17,closed,0.0,-3.0300000000000002
-0.03,38,21.829575,14,d15_direct,2,15,open,1.0,-0.03000000000000047
-0.68,38,21.850786,14,d15_direct,2,15,open,1.0,-0.6800000000000004
-3.03,3,21.853687,14,d17_medium,2,17,closed,0.0,-3.0300000000000002
-3.03,3,21.856642,14,d19_detour,2,19,closed,0.0,-3.0300000000000002
-0.32,27,21.872644,14,d15_direct,2,15,open,1.0,-0.3200000000000003
-3.03,3,21.875657,14,d19_detour,2,19,closed,0.0,-3.0300000000000002
1.47,3,21.878527,14,d15_direct,2,15,open,1.0,1.47
-0.33,38,21.900061,14,d15_direct,2,15,open,1.0,-0.3300000000000003
-3.03,3,21.902896,14,d19_detour,2,19,closed,0.0,-3.0300000000000002
-3.03,3,21.905844,14,d19_detour,2,19,closed,0.0,-3.0300000000000002
-0.38,38,21.926849,14,d15_direct,2,15,open,1.0,-0.3800000000000008
-0.03,38,21.948521,14,d15_direct,2,15,open,1.0,-0.03000000000000025
-3.03,3,21.951729,14,d19_detour,2,19,closed,0.0,-3.0300000000000002
-3.03,3,21.954719,14,d19_detour,2,19,closed,0.0,-3.0300000000000002
-3.03,3,21.957569,14,d17_medium,2,17,closed,0.0,-3.0300000000000002
1.47,3,21.960471,14,d15_direct,2,15,open,1.0,1.47
-3.03,3,21.9635,14,d19_detour,2,19,closed,0.0,-3.0300000000000002
-3.03,3,21.96665,14,d17_medium,2,17,closed,0.0,-3.0300000000000002
-3.03,3,21.969647,14,d19_detour,2,19,closed,0.0,-3.0300000000000002
-3.03,3,21.972587,14,d19_detour,2,19,closed,0.0,-3.0300000000000002
-3.03,3,21.975614,14,d17_medium,2,17,closed,0.0,-3.0300000000000002
-3.03,3,21.978529,14,d17_medium,2,17,closed,0.0,-3.0300000000000002
-1.53,3,21.981501,14,d19_detour,2,19,closed,0.0,-1.53
1.47,3,21.98449,14,d15_direct,2,15,open,1.0,1.47
-3.03,3,21.988098,14,d17_medium,2,17,closed,0.0,-3.0300000000000002
-3.03,3,21.991279,14,d17_medium,2,17,closed,0.0,-3.0300000000000002
-3.03,3,21.994262,14,d19_detour,2,19,closed,0.0,-3.0300000000000002
-2.19,39,22.016257,14,d15_direct,2,15,open,1.0,-2.1900000000000004
-3.03,3,22.019104,14,d19_detour,2,19,closed,0.0,-3.0300000000000002
-3.03,3,22.021879,14,d19_detour,2,19,closed,0.0,-3.0300000000000002
-3.03,3,22.024687,14,d19_detour,2,19,closed,0.0,-3.0300000000000002
-3.03,3,22.027555,14,d19_detour,2,19,closed,0.0,-3.0300000000000002
-3.03,3,22.030415,14,d19_detour,2,19,closed,0.0,-3.0300000000000002
-3.03,3,22.03328,14,d19_detour,2,19,closed,0.0,-3.0300000000000002
-3.03,3,22.036105,14,d17_medium,2,17,closed,0.0,-3.0300000000000002
-3.03,3,22.038841,14,d17_medium,2,17,closed,0.0,-3.0300000000000002
-2.96,16,22.047942,14,d17_medium,2,17,closed,0.0,-2.96
-2.77,27,22.063085,14,d15_direct,2,15,open,1.0,-2.7700000000000005
-3.03,3,22.065986,14,d19_detour,2,19,closed,0.0,-3.0300000000000002
1.47,3,22.068774,14,d15_direct,2,15,open,1.0,1.47
-3.03,3,22.071621,14,d17_medium,2,17,closed,0.0,-3.0300000000000002
-3.03,3,22.074477,14,d17_medium,2,17,closed,0.0,-3.0300000000000002
-3.03,3,22.077596,14,d17_medium,2,17,closed,0.0,-3.0300000000000002
1.78,37,22.09858,14,d15_direct,2,15,open,1.0,1.7800000000000007
-0.68,18,22.109808,14,d19_detour,2,19,closed,0.0,-0.6800000000000002
-3.03,3,22.112766,14,d17_medium,2,17,closed,0.0,-3.0300000000000002
-3.03,3,22.115583,14,d17_medium,2,17,closed,0.0,-3.0300000000000002
1.47,3,22.118438,14,d15_direct,2,15,open,1.0,1.47
-3.03,3,22.121416,14,d17_medium,2,17,closed,0.0,-3.0300000000000002
-3.03,3,22.124294,14,d17_medium,2,17,closed,0.0,-3.0300000000000002
-3.03,3,22.127093,14,d19_detour,2,19,closed,0.0,-3.0300000000000002
-3.03,3,22.129926,14,d19_detour,2,19,closed,0.0,-3.0300000000000002
-3.03,3,22.132699,14,d17_medium,2,17,closed,0.0,-3.0300000000000002
-2.72,27,22.147943,14,d15_direct,2,15,open,1.0,-2.7200000000000006
-3.03,3,22.150865,14,d17_medium,2,17,closed,0.0,-3.0300000000000002
-0.37,27,22.166425,14,d15_direct,2,15,open,1.0,-0.37000000000000033
-3.03,3,22.16942,14,d19_detour,2,19,closed,0.0,-3.0300000000000002
-3.03,3,22.172322,14,d19_detour,2,19,closed,0.0,-3.0300000000000002
-3.03,3,22.175399,14,d17_medium,2,17,closed,0.0,-3.0300000000000002
-0.03,38,22.197986,14,d15_direct,2,15,open,1.0,-0.03000000000000025
2.08,37,22.219137,14,d15_direct,2,15,open,1.0,2.0799999999999996
-3.03,3,22.221958,14,d17_medium,2,17,closed,0.0,-3.0300000000000002
-0.03,3,22.224761,14,d15_direct,2,15,open,1.0,-0.030000000000000027
2.07,38,22.246841,14,d15_direct,2,15,open,1.0,2.0699999999999994
-3.17,17,22.257115,14,d17_medium,2,17,closed,0.0,-3.17
-3.03,3,22.260012,14,d17_medium,2,17,closed,0.0,-3.0300000000000002
-3.03,3,22.262881,14,d17_medium,2,17,closed,0.0,-3.0300000000000002
-3.03,3,22.265758,14,d17_medium,2,17,closed,0.0,-3.0300000000000002
-3.03,3,22.268631,14,d17_medium,2,17,closed,0.0,-3.0300000000000002
-3.03,3,22.272336,14,d19_detour,2,19,closed,0.0,-3.0300000000000002
-3.03,3,22.275387,14,d19_detour,2,19,closed,0.0,-3.0300000000000002
-3.03,3,22.278708,14,d17_medium,2,17,closed,0.0,-3.0300000000000002
-2.87,17,22.288775,14,d17_medium,2,17,closed,0.0,-2.87
-3.03,3,22.291765,14,d17_medium,2,17,closed,0.0,-3.0300000000000002
-3.03,3,22.294899,14,d17_medium,2,17,closed,0.0,-3.0300000000000002
-3.03,3,22.298015,14,d19_detour,2,19,closed,0.0,-3.0300000000000002
-3.03,3,22.300796,14,d19_detour,2,19,closed,0.0,-3.0300000000000002
-3.03,3,22.303746,14,d17_medium,2,17,closed,0.0,-3.0300000000000002
2.13,37,22.324707,14,d15_direct,2,15,open,1.0,2.13
-3.03,3,22.327613,14,d19_detour,2,19,closed,0.0,-3.0300000000000002
-3.03,3,22.330528,14,d17_medium,2,17,closed,0.0,-3.0300000000000002
-3.03,3,22.333464,14,d19_detour,2,19,closed,0.0,-3.0300000000000002
-0.03,3,22.336346,14,d15_direct,2,15,open,1.0,-0.030000000000000027
1.93,37,22.356654,14,d15_direct,2,15,open,1.0,1.9299999999999997
-3.03,3,22.359497,14,d17_medium,2,17,closed,0.0,-3.0300000000000002
1.47,3,22.362349,14,d15_direct,2,15,open,1.0,1.47
1.47,3,22.36521,14,d15_direct,2,15,open,1.0,1.47
-3.03,3,22.368524,14,d19_detour,2,19,closed,0.0,-3.0300000000000002
-3.03,3,22.371788,14,d17_medium,2,17,closed,0.0,-3.0300000000000002
-3.03,3,22.374732,14,d19_detour,2,19,closed,0.0,-3.0300000000000002
-1.53,3,22.377578,14,d19_detour,2,19,closed,0.0,-1.53
-3.03,3,22.380426,14,d17_medium,2,17,closed,0.0,-3.0300000000000002
-0.24,39,22.403596,14,d15_direct,2,15,open,1.0,-0.24000000000000044
-2.44,39,22.425666,14,d15_direct,2,15,open,1.0,-2.4400000000000004
-0.14,39,22.447407,14,d15_direct,2,15,open,1.0,-0.14000000000000035
1.47,3,22.450323,14,d15_direct,2,15,open,1.0,1.47
1.76,39,22.472931,14,d15_direct,2,15,open,1.0,1.7600000000000011
-3.03,3,22.475955,14,d17_medium,2,17,closed,0.0,-3.0300000000000002
-3.03,3,22.478891,14,d17_medium,2,17,closed,0.0,-3.0300000000000002
-3.03,3,22.481839,14,d17_medium,2,17,closed,0.0,-3.0300000000000002
-0.03,38,22.503431,14,d15_direct,2,15,open,1.0,-0.03000000000000047
-3.03,3,22.506486,14,d19_detour,2,19,closed,0.0,-3.0300000000000002
-3.03,3,22.509696,14,d17_medium,2,17,closed,0.0,-3.0300000000000002
-0.03,3,22.512766,14,d15_direct,2,15,open,1.0,-0.030000000000000027
-3.03,3,22.515542,14,d19_detour,2,19,closed,0.0,-3.0300000000000002
1.72,38,22.536499,14,d15_direct,2,15,open,1.0,1.7200000000000002
-2.92,17,22.547032,14,d17_medium,2,17,closed,0.0,-2.92
-3.03,3,22.549954,14,d19_detour,2,19,closed,0.0,-3.0300000000000002
-3.02,17,22.56022,14,d17_medium,2,17,closed,0.0,-3.0200000000000005
1.77,38,22.582229,14,d15_direct,2,15,open,1.0,1.7699999999999996
-3.03,3,22.585227,14,d19_detour,2,19,closed,0.0,-3.0300000000000002
-2.74,19,22.596737,14,d19_detour,2,19,closed,0.0,-2.74
-3.03,3,22.599586,14,d19_detour,2,19,closed,0.0,-3.0300000000000002
1.47,3,22.60245,14,d15_direct,2,15,open,1.0,1.47
-2.34,39,22.624813,14,d15_direct,2,15,open,1.0,-2.3400000000000003
-3.03,3,22.627818,14,d17_medium,2,17,closed,0.0,-3.0300000000000002
-2.94,39,22.649226,14,d15_direct,2,15,open,1.0,-2.9400000000000013
-3.03,3,22.652037,14,d17_medium,2,17,closed,0.0,-3.0300000000000002
-3.03,3,22.654928,14,d19_detour,2,19,closed,0.0,-3.0300000000000002
-0.68,18,22.6666,14,d19_detour,2,19,closed,0.0,-0.6800000000000002
-3.03,3,22.669484,14,d17_medium,2,17,closed,0.0,-3.0300000000000002
-3.03,3,22.672516,14,d19_detour,2,19,closed,0.0,-3.0300000000000002
-3.03,3,22.67547,14,d17_medium,2,17,closed,0.0,-3.0300000000000002
-3.03,3,22.678283,14,d19_detour,2,19,closed,0.0,-3.0300000000000002
-3.03,3,22.681091,14,d19_detour,2,19,closed,0.0,-3.0300000000000002
-3.03,3,22.683985,14,d17_medium,2,17,closed,0.0,-3.0300000000000002
1.98,37,22.70483,14,d15_direct,2,15,open,1.0,1.9800000000000015
-2.97,17,22.715612,14,d17_medium,2,17,closed,0.0,-2.9699999999999998
-3.03,3,22.718563,14,d17_medium,2,17,closed,0.0,-3.0300000000000002
-3.03,3,22.721509,14,d19_detour,2,19,closed,0.0,-3.0300000000000002
1.75,25,22.73648,14,d15_direct,2,15,open,1.0,1.7499999999999998
-0.74,19,23.005057,14,d19_detour,2,19,closed,0.0,-0.7400000000000002
-0.33,38,23.028111,14,d15_direct,2,15,open,1.0,-0.33000000000000074
-3.03,3,23.031159,14,d17_medium,2,17,closed,0.0,-3.0300000000000002
-0.03,3,23.034045,14,d15_direct,2,15,open,1.0,-0.030000000000000027
-3.03,3,23.036984,14,d17_medium,2,17,closed,0.0,-3.0300000000000002
-2.37,27,23.05349,14,d15_direct,2,15,open,1.0,-2.37
-0.03,3,23.056698,14,d15_direct,2,15,open,1.0,-0.030000000000000027
-3.03,3,23.060033,14,d19_detour,2,19,closed,0.0,-3.0300000000000002
-3.03,3,23.063185,14,d17_medium,2,17,closed,0.0,-3.0300000000000002
-3.03,3,23.06608,14,d17_medium,2,17,closed,0.0,-3.0300000000000002
-3.03,3,23.068963,14,d19_detour,2,19,closed,0.0,-3.0300000000000002
-3.03,3,23.071862,14,d19_detour,2,19,closed,0.0,-3.0300000000000002
-3.03,3,23.074824,14,d19_detour,2,19,closed,0.0,-3.0300000000000002
-3.03,3,23.077811,14,d17_medium,2,17,closed,0.0,-3.0300000000000002
-3.03,3,23.080673,14,d17_medium,2,17,closed,0.0,-3.0300000000000002
-3.03,3,23.083567,14,d19_detour,2,19,closed,0.0,-3.0300000000000002
-0.71,26,23.099333,14,d15_direct,2,15,open,1.0,-0.71
-0.54,39,23.121443,14,d15_direct,2,15,open,1.0,-0.5400000000000009
-3.03,3,23.124381,14,d19_detour,2,19,closed,0.0,-3.0300000000000002
-2.04,39,23.146341,14,d15_direct,2,15,open,1.0,-2.0400000000000005
-2.72,27,23.162445,14,d15_direct,2,15,open,1.0,-2.7199999999999998
-3.03,3,23.165425,14,d19_detour,2,19,closed,0.0,-3.0300000000000002
-2.62,27,23.182096,14,d15_direct,2,15,open,1.0,-2.6200000000000006
-3.03,3,23.18517,14,d17_medium,2,17,closed,0.0,-3.0300000000000002
-3.03,3,23.188546,14,d17_medium,2,17,closed,0.0,-3.0300000000000002
-3.03,3,23.191503,14,d19_detour,2,19,closed,0.0,-3.0300000000000002
-0.68,38,23.213468,14,d15_direct,2,15,open,1.0,-0.6800000000000006
-1.53,3,23.216381,14,d17_medium,2,17,closed,0.0,-1.53
-2.09,39,23.238695,14,d15_direct,2,15,open,1.0,-2.0900000000000007
-3.03,3,23.241978,14,d17_medium,2,17,closed,0.0,-3.0300000000000002
2.13,37,23.263219,14,d15_direct,2,15,open,1.0,2.13
4.08,37,23.284367,14,d15_direct,2,15,open,1.0,4.080000000000002
-3.03,3,23.287309,14,d17_medium,2,17,closed,0.0,-3.0300000000000002
-3.03,3,23.290242,14,d17_medium,2,17,closed,0.0,-3.0300000000000002
1.75,25,23.305215,14,d15_direct,2,15,open,1.0,1.7499999999999998
1.69,26,23.320282,14,d15_direct,2,15,open,1.0,1.6899999999999997
2.07,38,23.343381,14,d15_direct,2,15,open,1.0,2.0699999999999994
-3.03,3,23.346325,14,d17_medium,2,17,closed,0.0,-3.0300000000000002
0.07,38,23.367935,14,d15_direct,2,15,open,1.0,0.06999999999999962
-3.03,3,23.37093,14,d19_detour,2,19,closed,0.0,-3.0300000000000002
-3.03,3,23.373756,14,d19_detour,2,19,closed,0.0,-3.0300000000000002
-3.03,3,23.376677,14,d17_medium,2,17,closed,0.0,-3.0300000000000002
1.47,3,23.379511,14,d15_direct,2,15,open,1.0,1.47
-2.88,13,23.387509,14,d19_detour,2,19,closed,0.0,-2.8800000000000003
4.02,38,23.408782,14,d15_direct,2,15,open,1.0,4.020000000000001
-3.03,3,23.411705,14,d17_medium,2,17,closed,0.0,-3.0300000000000002
1.69,26,23.426471,14,d15_direct,2,15,open,1.0,1.6899999999999997
0.02,38,23.447595,14,d15_direct,2,15,open,1.0,0.019999999999999574
-3.03,3,23.450536,14,d19_detour,2,19,closed,0.0,-3.0300000000000002
-3.03,3,23.453496,14,d19_detour,2,19,closed,0.0,-3.0300000000000002
-3.03,3,23.456433,14,d17_medium,2,17,closed,0.0,-3.0300000000000002
-0.03,38,23.479723,14,d15_direct,2,15,open,1.0,-0.03000000000000047
-3.03,3,23.48313,14,d19_detour,2,19,closed,0.0,-3.0300000000000002
-3.03,3,23.486094,14,d17_medium,2,17,closed,0.0,-3.0300000000000002
-0.58,38,23.50728,14,d15_direct,2,15,open,1.0,-0.5800000000000005
0.06,39,23.529183,14,d15_direct,2,15,open,1.0,0.05999999999999961
-3.03,3,23.532023,14,d17_medium,2,17,closed,0.0,-3.0300000000000002
-3.03,3,23.53495,14,d19_detour,2,19,closed,0.0,-3.0300000000000002
-3.03,3,23.537844,14,d19_detour,2,19,closed,0.0,-3.0300000000000002
-0.99,39,23.560089,14,d15_direct,2,15,open,1.0,-0.9900000000000004
-3.03,3,23.562913,14,d17_medium,2,17,closed,0.0,-3.0300000000000002
-3.03,3,23.565904,14,d19_detour,2,19,closed,0.0,-3.0300000000000002
-3.03,3,23.568835,14,d19_detour,2,19,closed,0.0,-3.0300000000000002
-3.03,3,23.5717,14,d19_detour,2,19,closed,0.0,-3.0300000000000002
-3.03,3,23.574667,14,d17_medium,2,17,closed,0.0,-3.0300000000000002
-3.03,3,23.577661,14,d17_medium,2,17,closed,0.0,-3.0300000000000002
-3.03,3,23.580559,14,d17_medium,2,17,closed,0.0,-3.0300000000000002
-3.03,3,23.58349,14,d17_medium,2,17,closed,0.0,-3.0300000000000002
-3.03,3,23.586446,14,d17_medium,2,17,closed,0.0,-3.0300000000000002
-3.03,3,23.589412,14,d19_detour,2,19,closed,0.0,-3.0300000000000002
-0.58,38,23.611249,14,d15_direct,2,15,open,1.0,-0.5800000000000005
-0.61,26,23.626279,14,d15_direct,2,15,open,1.0,-0.6100000000000005
-3.03,3,23.629636,14,d17_medium,2,17,closed,0.0,-3.0300000000000002
-3.19,39,23.651384,14,d15_direct,2,15,open,1.0,-3.1900000000000013
-0.43,38,23.672618,14,d15_direct,2,15,open,1.0,-0.4300000000000006
-3.03,3,23.67556,14,d17_medium,2,17,closed,0.0,-3.0300000000000002
-0.34,39,23.697563,14,d15_direct,2,15,open,1.0,-0.3400000000000005
-3.03,3,23.700468,14,d17_medium,2,17,closed,0.0,-3.0300000000000002
-2.87,17,23.710828,14,d17_medium,2,17,closed,0.0,-2.87
-3.03,3,23.714126,14,d17_medium,2,17,closed,0.0,-3.0300000000000002
-3.03,3,23.717096,14,d19_detour,2,19,closed,0.0,-3.0300000000000002
-3.03,3,23.72,14,d17_medium,2,17,closed,0.0,-3.0300000000000002
-3.03,3,23.722889,14,d17_medium,2,17,closed,0.0,-3.0300000000000002
-0.33,38,23.746395,14,d15_direct,2,15,open,1.0,-0.3300000000000003
-0.03,3,23.750333,14,d15_direct,2,15,open,1.0,-0.030000000000000027
-0.92,17,23.763399,14,d17_medium,2,17,closed,0.0,-0.9200000000000002
-3.03,3,23.766439,14,d19_detour,2,19,closed,0.0,-3.0300000000000002
-3.02,17,23.776816,14,d17_medium,2,17,closed,0.0,-3.0200000000000005
1.91,39,23.798343,14,d15_direct,2,15,open,1.0,1.9100000000000017
-3.03,3,23.801278,14,d19_detour,2,19,closed,0.0,-3.0300000000000002
-3.03,3,23.804085,14,d17_medium,2,17,closed,0.0,-3.0300000000000002
-2.79,39,23.826004,14,d15_direct,2,15,open,1.0,-2.790000000000001
-3.07,17,23.836102,14,d17_medium,2,17,closed,0.0,-3.0700000000000003
-3.03,3,23.839082,14,d17_medium,2,17,closed,0.0,-3.0300000000000002
-3.03,3,23.842144,14,d19_detour,2,19,closed,0.0,-3.0300000000000002
-3.03,3,23.845147,14,d17_medium,2,17,closed,0.0,-3.0300000000000002
1.92,38,23.866319,14,d15_direct,2,15,open,1.0,1.9199999999999997
-3.03,3,23.869195,14,d19_detour,2,19,closed,0.0,-3.0300000000000002
-3.03,3,23.872041,14,d17_medium,2,17,closed,0.0,-3.0300000000000002
-3.03,3,23.875008,14,d17_medium,2,17,closed,0.0,-3.0300000000000002
-2.97,17,23.88551,14,d17_medium,2,17,closed,0.0,-2.97
-3.03,3,23.888501,14,d17_medium,2,17,closed,0.0,-3.0300000000000002
-3.03,3,23.891538,14,d19_detour,2,19,closed,0.0,-3.0300000000000002
-0.85,30,23.908336,14,d17_medium,2,17,closed,0.0,-0.8500000000000005
-3.03,3,23.911349,14,d17_medium,2,17,closed,0.0,-3.0300000000000002
-2.44,39,23.932822,14,d15_direct,2,15,open,1.0,-2.4400000000000004
-2.14,39,23.954731,14,d15_direct,2,15,open,1.0,-2.1400000000000006
-3.03,3,23.957575,14,d19_detour,2,19,closed,0.0,-3.0300000000000002
-3.03,3,23.960468,14,d19_detour,2,19,closed,0.0,-3.0300000000000002
1.72,38,23.981225,14,d15_direct,2,15,open,1.0,1.7199999999999993
-2.6,10,23.987598,14,d19_detour,2,19,closed,0.0,-2.6
-3.03,3,23.990493,14,d19_detour,2,19,closed,0.0,-3.0300000000000002
-3.03,3,23.993795,14,d19_detour,2,19,closed,0.0,-3.0300000000000002
-3.03,3,23.996804,14,d17_medium,2,17,closed,0.0,-3.0300000000000002
-3.03,3,23.999748,14,d17_medium,2,17,closed,0.0,-3.0300000000000002
-1.53,3,24.002699,14,d17_medium,2,17,closed,0.0,-1.53
-3.03,3,24.005632,14,d19_detour,2,19,closed,0.0,-3.0300000000000002
-3.03,3,24.00869,14,d17_medium,2,17,closed,0.0,-3.0300000000000002
-3.03,3,24.01188,14,d19_detour,2,19,closed,0.0,-3.0300000000000002
-3.03,3,24.014971,14,d19_detour,2,19,closed,0.0,-3.0300000000000002
-3.03,3,24.017829,14,d17_medium,2,17,closed,0.0,-3.0300000000000002
-2.67,27,24.033689,14,d15_direct,2,15,open,1.0,-2.6700000000000004
-1.53,3,24.036615,14,d17_medium,2,17,closed,0.0,-1.53
-3.03,3,24.039508,14,d19_detour,2,19,closed,0.0,-3.0300000000000002
-3.03,3,24.042806,14,d19_detour,2,19,closed,0.0,-3.0300000000000002
-2.85,15,24.052506,14,d15_direct,2,15,open,1.0,-2.85
-2.24,39,24.074139,14,d15_direct,2,15,open,1.0,-2.24
-3.03,3,24.076972,14,d19_detour,2,19,closed,0.0,-3.0300000000000002
1.47,3,24.079851,14,d15_direct,2,15,open,1.0,1.47
-2.32,27,24.095149,14,d15_direct,2,15,open,1.0,-2.3200000000000003
-3.03,3,24.097988,14,d17_medium,2,17,closed,0.0,-3.0300000000000002
-2.77,27,24.113926,14,d15_direct,2,15,open,1.0,-2.77
1.47,3,24.116788,14,d15_direct,2,15,open,1.0,1.47
-0.13,38,24.139002,14,d15_direct,2,15,open,1.0,-0.13000000000000034
-3.03,3,24.141831,14,d19_detour,2,19,closed,0.0,-3.0300000000000002
-3.03,3,24.144705,14,d19_detour,2,19,closed,0.0,-3.0300000000000002
1.75,25,24.159324,14,d15_direct,2,15,open,1.0,1.7499999999999998
-3.22,17,24.169209,14,d17_medium,2,17,closed,0.0,-3.2200000000000006
-3.03,3,24.172155,14,d17_medium,2,17,closed,0.0,-3.0300000000000002
-3.03,3,24.174981,14,d17_medium,2,17,closed,0.0,-3.0300000000000002
4.14,36,24.195037,14,d15_direct,2,15,open,1.0,4.140000000000002
-3.03,3,24.197962,14,d17_medium,2,17,closed,0.0,-3.0300000000000002
-3.03,3,24.2012,14,d17_medium,2,17,closed,0.0,-3.0300000000000002
-3.03,3,24.204421,14,d19_detour,2,19,closed,0.0,-3.0300000000000002
-2.92,17,24.215692,14,d17_medium,2,17,closed,0.0,-2.92
-3.03,3,24.218612,14,d17_medium,2,17,closed,0.0,-3.0300000000000002
-3.03,3,24.221515,14,d17_medium,2,17,closed,0.0,-3.0300000000000002
-3.03,3,24.224443,14,d19_detour,2,19,closed,0.0,-3.0300000000000002
-3.03,3,24.227357,14,d17_medium,2,17,closed,0.0,-3.0300000000000002
-3.03,3,24.230228,14,d19_detour,2,19,closed,0.0,-3.0300000000000002
-3.03,3,24.233093,14,d17_medium,2,17,closed,0.0,-3.0300000000000002
-3.03,3,24.236008,14,d17_medium,2,17,closed,0.0,-3.0300000000000002
-1.53,3,24.238852,14,d19_detour,2,19,closed,0.0,-1.53
-3.03,3,24.241757,14,d17_medium,2,17,closed,0.0,-3.0300000000000002
-3.03,3,24.244655,14,d19_detour,2,19,closed,0.0,-3.0300000000000002
-3.03,3,24.247546,14,d19_detour,2,19,closed,0.0,-3.0300000000000002
-0.54,34,24.26659,14,d19_detour,2,19,closed,0.0,-0.5400000000000003
-3.03,3,24.269515,14,d19_detour,2,19,closed,0.0,-3.0300000000000002
-3.03,3,24.272537,14,d17_medium,2,17,closed,0.0,-3.0300000000000002
-0.48,38,24.294405,14,d15_direct,2,15,open,1.0,-0.48000000000000087
-3.03,3,24.297414,14,d19_detour,2,19,closed,0.0,-3.0300000000000002
-3.03,3,24.300323,14,d19_detour,2,19,closed,0.0,-3.0300000000000002
1.47,3,24.303226,14,d15_direct,2,15,open,1.0,1.47
1.69,26,24.31874,14,d15_direct,2,15,open,1.0,1.6899999999999997
-3.03,3,24.321673,14,d19_detour,2,19,closed,0.0,-3.0300000000000002
-0.03,3,24.55966,14,d15_direct,2,15,open,1.0,-0.030000000000000027
-3.03,3,24.562776,14,d19_detour,2,19,closed,0.0,-3.0300000000000002
-3.03,3,24.565839,14,d17_medium,2,17,closed,0.0,-3.0300000000000002
-3.03,3,24.568847,14,d17_medium,2,17,closed,0.0,-3.0300000000000002
-3.03,3,24.571913,14,d19_detour,2,19,closed,0.0,-3.0300000000000002
-0.13,38,24.600281,14,d15_direct,2,15,open,1.0,-0.13000000000000056
-3.03,3,24.605086,14,d17_medium,2,17,closed,0.0,-3.0300000000000002
-3.22,17,24.618501,14,d17_medium,2,17,closed,0.0,-3.2200000000000006
-3.03,3,24.622044,14,d17_medium,2,17,closed,0.0,-3.0300000000000002
1.58,37,24.644653,14,d15_direct,2,15,open,1.0,1.5799999999999992
-2.24,39,24.667485,14,d15_direct,2,15,open,1.0,-2.24
-3.03,3,24.670722,14,d17_medium,2,17,closed,0.0,-3.0300000000000002
-0.48,38,24.693543,14,d15_direct,2,15,open,1.0,-0.4800000000000004
-3.03,3,24.696515,14,d19_detour,2,19,closed,0.0,-3.0300000000000002
-3.03,3,24.6997,14,d17_medium,2,17,closed,0.0,-3.0300000000000002
-3.03,3,24.702603,14,d19_detour,2,19,closed,0.0,-3.0300000000000002
1.47,3,24.705608,14,d15_direct,2,15,open,1.0,1.47
-0.38,38,24.728396,14,d15_direct,2,15,open,1.0,-0.3800000000000008
1.68,37,24.750097,14,d15_direct,2,15,open,1.0,1.6799999999999997
1.47,3,24.753133,14,d15_direct,2,15,open,1.0,1.47
-2.55,5,24.757962,14,d17_medium,2,17,closed,0.0,-2.55
-3.03,3,24.761609,14,d17_medium,2,17,closed,0.0,-3.0300000000000002
1.69,26,24.777751,14,d15_direct,2,15,open,1.0,1.6899999999999997
-3.03,3,24.781103,14,d17_medium,2,17,closed,0.0,-3.0300000000000002
-3.03,3,24.784136,14,d19_detour,2,19,closed,0.0,-3.0300000000000002
1.47,3,24.787055,14,d15_direct,2,15,open,1.0,1.47
-3.03,3,24.789933,14,d17_medium,2,17,closed,0.0,-3.0300000000000002
-3.12,17,24.800796,14,d17_medium,2,17,closed,0.0,-3.12
-0.03,38,24.82227,14,d15_direct,2,15,open,1.0,-0.03000000000000047
-3.03,3,24.82529,14,d17_medium,2,17,closed,0.0,-3.0300000000000002
-3.03,3,24.828099,14,d19_detour,2,19,closed,0.0,-3.0300000000000002
-0.18,38,24.850842,14,d15_direct,2,15,open,1.0,-0.1800000000000006
-3.03,3,24.853989,14,d19_detour,2,19,closed,0.0,-3.0300000000000002
-3.03,3,24.857062,14,d19_detour,2,19,closed,0.0,-3.0300000000000002
-0.42,27,24.873475,14,d15_direct,2,15,open,1.0,-0.4200000000000004
-3.03,3,24.876538,14,d17_medium,2,17,closed,0.0,-3.0300000000000002
-2.19,39,24.898689,14,d15_direct,2,15,open,1.0,-2.1900000000000004
-3.03,3,24.901641,14,d17_medium,2,17,closed,0.0,-3.0300000000000002
-3.03,3,24.904554,14,d17_medium,2,17,closed,0.0,-3.0300000000000002
-3.03,3,24.907463,14,d19_detour,2,19,closed,0.0,-3.0300000000000002
-3.03,3,24.910427,14,d19_detour,2,19,closed,0.0,-3.0300000000000002
2.13,37,24.931944,14,d15_direct,2,15,open,1.0,2.1300000000000026
-3.03,3,24.93481,14,d19_detour,2,19,closed,0.0,-3.0300000000000002
-3.03,3,24.937724,14,d17_medium,2,17,closed,0.0,-3.0300000000000002
1.47,3,24.940657,14,d15_direct,2,15,open,1.0,1.47
-3.03,3,24.94354,14,d17_medium,2,17,closed,0.0,-3.0300000000000002
1.47,3,24.946465,14,d15_direct,2,15,open,1.0,1.47
-2.52,27,24.965828,14,d15_direct,2,15,open,1.0,-2.5200000000000005
-2.87,17,24.980278,14,d17_medium,2,17,closed,0.0,-2.87
1.83,37,25.004926,14,d15_direct,2,15,open,1.0,1.8299999999999996
-3.03,3,25.007921,14,d19_detour,2,19,closed,0.0,-3.0300000000000002
1.47,3,25.010931,14,d15_direct,2,15,open,1.0,1.47
0.02,38,25.033835,14,d15_direct,2,15,open,1.0,0.019999999999999574
-0.36,26,25.051183,14,d15_direct,2,15,open,1.0,-0.3600000000000002
-3.03,3,25.054456,14,d17_medium,2,17,closed,0.0,-3.0300000000000002
-3.03,3,25.058097,14,d17_medium,2,17,closed,0.0,-3.0300000000000002
-3.03,3,25.061409,14,d17_medium,2,17,closed,0.0,-3.0300000000000002
1.47,3,25.06461,14,d15_direct,2,15,open,1.0,1.47
-3.03,3,25.067586,14,d17_medium,2,17,closed,0.0,-3.0300000000000002
1.47,3,25.07059,14,d15_direct,2,15,open,1.0,1.47
-3.03,3,25.073659,14,d17_medium,2,17,closed,0.0,-3.0300000000000002
-3.02,27,25.090841,14,d15_direct,2,15,open,1.0,-3.020000000000001
-3.27,17,25.1021,14,d17_medium,2,17,closed,0.0,-3.2699999999999996
-3.03,3,25.105164,14,d17_medium,2,17,closed,0.0,-3.0300000000000002
-3.03,3,25.108224,14,d17_medium,2,17,closed,0.0,-3.0300000000000002
1.47,3,25.111257,14,d15_direct,2,15,open,1.0,1.47
-3.03,3,25.114264,14,d19_detour,2,19,closed,0.0,-3.0300000000000002
-3.03,3,25.117207,14,d19_detour,2,19,closed,0.0,-3.0300000000000002
-2.87,17,25.128275,14,d17_medium,2,17,closed,0.0,-2.87
-3.03,3,25.131334,14,d17_medium,2,17,closed,0.0,-3.0300000000000002
-3.03,3,25.134266,14,d19_detour,2,19,closed,0.0,-3.0300000000000002
-0.04,39,25.157273,14,d15_direct,2,15,open,1.0,-0.04000000000000048
-0.63,38,25.179341,14,d15_direct,2,15,open,1.0,-0.6300000000000009
-3.03,3,25.182299,14,d19_detour,2,19,closed,0.0,-3.0300000000000002
1.47,3,25.185183,14,d15_direct,2,15,open,1.0,1.47
-3.03,3,25.188088,14,d17_medium,2,17,closed,0.0,-3.0300000000000002
-3.03,3,25.190972,14,d19_detour,2,19,closed,0.0,-3.0300000000000002
-3.03,3,25.193912,14,d19_detour,2,19,closed,0.0,-3.0300000000000002
-3.03,3,25.196771,14,d17_medium,2,17,closed,0.0,-3.0300000000000002
1.97,38,25.218142,14,d15_direct,2,15,open,1.0,1.9699999999999998
-3.03,3,25.221057,14,d17_medium,2,17,closed,0.0,-3.0300000000000002
-3.03,3,25.224006,14,d19_detour,2,19,closed,0.0,-3.0300000000000002
-3.03,3,25.226823,14,d19_detour,2,19,closed,0.0,-3.0300000000000002
-0.03,3,25.229635,14,d15_direct,2,15,open,1.0,-0.030000000000000027
-1.53,3,25.232519,14,d17_medium,2,17,closed,0.0,-1.53
-3.03,3,25.235443,14,d19_detour,2,19,closed,0.0,-3.0300000000000002
-2.42,27,25.251065,14,d15_direct,2,15,open,1.0,-2.42
-3.03,3,25.253911,14,d19_detour,2,19,closed,0.0,-3.0300000000000002
-3.03,3,25.256765,14,d19_detour,2,19,closed,0.0,-3.0300000000000002
-0.03,3,25.259605,14,d15_direct,2,15,open,1.0,-0.030000000000000027
-3.03,3,25.262501,14,d19_detour,2,19,closed,0.0,-3.0300000000000002
-2.52,27,25.278636,14,d15_direct,2,15,open,1.0,-2.5200000000000005
-3.03,3,25.281585,14,d17_medium,2,17,closed,0.0,-3.0300000000000002
-3.03,3,25.284549,14,d17_medium,2,17,closed,0.0,-3.0300000000000002
-3.29,19,25.297295,14,d19_detour,2,19,closed,0.0,-3.2900000000000005
-3.34,19,25.308552,14,d19_detour,2,19,closed,0.0,-3.34
-2.62,12,25.316111,14,d17_medium,2,17,closed,0.0,-2.62
-1.53,3,25.319108,14,d19_detour,2,19,closed,0.0,-1.53
-3.03,3,25.321969,14,d17_medium,2,17,closed,0.0,-3.0300000000000002
-3.03,3,25.324863,14,d17_medium,2,17,closed,0.0,-3.0300000000000002
-3.03,3,25.327707,14,d17_medium,2,17,closed,0.0,-3.0300000000000002
-1.53,3,25.330969,14,d19_detour,2,19,closed,0.0,-1.53
1.47,3,25.334202,14,d15_direct,2,15,open,1.0,1.47
-3.03,3,25.337235,14,d19_detour,2,19,closed,0.0,-3.0300000000000002
1.47,3,25.340024,14,d15_direct,2,15,open,1.0,1.47
0.01,39,25.361731,14,d15_direct,2,15,open,1.0,0.009999999999999565
-3.03,3,25.364757,14,d17_medium,2,17,closed,0.0,-3.0300000000000002
-3.03,3,25.367728,14,d17_medium,2,17,closed,0.0,-3.0300000000000002
-3.03,3,25.370546,14,d19_detour,2,19,closed,0.0,-3.0300000000000002
4.14,36,25.393816,14,d15_direct,2,15,open,1.0,4.140000000000002
-2.79,19,25.405525,14,d19_detour,2,19,closed,0.0,-2.79
-3.03,3,25.408715,14,d17_medium,2,17,closed,0.0,-3.0300000000000002
-0.42,27,25.424949,14,d15_direct,2,15,open,1.0,-0.42000000000000015
-3.03,3,25.427918,14,d19_detour,2,19,closed,0.0,-3.0300000000000002
-3.03,3,25.430763,14,d19_detour,2,19,closed,0.0,-3.0300000000000002
-2.9,15,25.439932,14,d17_medium,2,17,closed,0.0,-2.9000000000000004
-0.08,38,25.461507,14,d15_direct,2,15,open,1.0,-0.08000000000000052
-3.03,3,25.46451,14,d17_medium,2,17,closed,0.0,-3.0300000000000002
1.97,38,25.487347,14,d15_direct,2,15,open,1.0,1.9700000000000013
-3.03,3,25.490409,14,d19_detour,2,19,closed,0.0,-3.0300000000000002
-3.03,3,25.493713,14,d19_detour,2,19,closed,0.0,-3.0300000000000002
-3.03,3,25.496821,14,d17_medium,2,17,closed,0.0,-3.0300000000000002
-2.92,17,25.507169,14,d17_medium,2,17,closed,0.0,-2.92
1.75,25,25.522462,14,d15_direct,2,15,open,1.0,1.7499999999999998
1.92,38,25.543928,14,d15_direct,2,15,open,1.0,1.9200000000000013
-0.54,39,25.56623,14,d15_direct,2,15,open,1.0,-0.5400000000000005
-3.03,3,25.569212,14,d19_detour,2,19,closed,0.0,-3.0300000000000002
-3.03,3,25.572266,14,d17_medium,2,17,closed,0.0,-3.0300000000000002
-2.97,17,25.58287,14,d17_medium,2,17,closed,0.0,-2.9699999999999998
-3.03,3,25.585741,14,d17_medium,2,17,closed,0.0,-3.0300000000000002
-3.03,3,25.588666,14,d19_detour,2,19,closed,0.0,-3.0300000000000002
-0.57,27,25.606641,14,d15_direct,2,15,open,1.0,-0.5700000000000005
-0.74,19,25.625091,14,d19_detour,2,19,closed,0.0,-0.7400000000000002
-3.03,3,25.628371,14,d17_medium,2,17,closed,0.0,-3.0300000000000002
-3.03,3,25.631514,14,d17_medium,2,17,closed,0.0,-3.0300000000000002
-3.29,39,25.659335,14,d15_direct,2,15,open,1.0,-3.290000000000001
-3.03,3,25.662528,14,d17_medium,2,17,closed,0.0,-3.0300000000000002
-3.03,3,25.665734,14,d19_detour,2,19,closed,0.0,-3.0300000000000002
-2.79,19,25.677203,14,d19_detour,2,19,closed,0.0,-2.79
1.75,25,25.693344,14,d15_direct,2,15,open,1.0,1.7499999999999998
1.47,3,25.696808,14,d15_direct,2,15,open,1.0,1.47
-3.03,3,25.700174,14,d17_medium,2,17,closed,0.0,-3.0300000000000002
-2.97,17,25.716794,14,d17_medium,2,17,closed,0.0,-2.97
-2.49,39,25.745058,14,d15_direct,2,15,open,1.0,-2.4900000000000007
-3.03,3,25.748144,14,d17_medium,2,17,closed,0.0,-3.0300000000000002
-3.03,3,25.751393,14,d19_detour,2,19,closed,0.0,-3.0300000000000002
-3.03,3,25.756819,14,d17_medium,2,17,closed,0.0,-3.0300000000000002
-2.87,17,25.770308,14,d17_medium,2,17,closed,0.0,-2.87
-3.27,17,25.780657,14,d17_medium,2,17,closed,0.0,-3.2699999999999996
-3.03,3,25.783623,14,d19_detour,2,19,closed,0.0,-3.0300000000000002
-3.03,3,25.786616,14,d17_medium,2,17,closed,0.0,-3.0300000000000002
-3.03,3,25.789555,14,d17_medium,2,17,closed,0.0,-3.0300000000000002
-3.03,3,25.792798,14,d17_medium,2,17,closed,0.0,-3.0300000000000002
2.03,37,25.81637,14,d15_direct,2,15,open,1.0,2.030000000000002
-3.03,3,25.819871,14,d19_detour,2,19,closed,0.0,-3.0300000000000002
-0.03,38,25.841121,14,d15_direct,2,15,open,1.0,-0.03000000000000025
-3.03,3,25.84439,14,d19_detour,2,19,closed,0.0,-3.0300000000000002
-0.03,3,25.84772,14,d15_direct,2,15,open,1.0,-0.030000000000000027
-3.03,3,25.850731,14,d19_detour,2,19,closed,0.0,-3.0300000000000002
-3.03,3,25.853504,14,d19_detour,2,19,closed,0.0,-3.0300000000000002
-3.03,3,25.856426,14,d19_detour,2,19,closed,0.0,-3.0300000000000002
-3.03,3,25.859269,14,d17_medium,2,17,closed,0.0,-3.0300000000000002
-0.74,39,25.880686,14,d15_direct,2,15,open,1.0,-0.7400000000000004
-2.87,17,25.89074,14,d17_medium,2,17,closed,0.0,-2.87
-3.03,3,25.893644,14,d19_detour,2,19,closed,0.0,-3.0300000000000002
-0.7,15,25.90262,14,d15_direct,2,15,open,1.0,-0.7000000000000002
-3.03,3,25.905552,14,d17_medium,2,17,closed,0.0,-3.0300000000000002
-0.03,3,25.908406,14,d15_direct,2,15,open,1.0,-0.030000000000000027
-2.79,19,25.919632,14,d19_detour,2,19,closed,0.0,-2.79
4.08,37,25.940105,14,d15_direct,2,15,open,1.0,4.080000000000002
-0.38,38,25.962815,14,d15_direct,2,15,open,1.0,-0.3800000000000008
-3.03,3,25.965708,14,d17_medium,2,17,closed,0.0,-3.0300000000000002
-3.03,3,25.968544,14,d19_detour,2,19,closed,0.0,-3.0300000000000002
1.56,39,26.241465,14,d15_direct,2,15,open,1.0,1.5599999999999992
-3.03,3,26.246464,14,d19_detour,2,19,closed,0.0,-3.0300000000000002
-3.03,3,26.250636,14,d17_medium,2,17,closed,0.0,-3.0300000000000002
-3.03,3,26.254714,14,d19_detour,2,19,closed,0.0,-3.0300000000000002
1.47,3,26.257896,14,d15_direct,2,15,open,1.0,1.47
-3.05,15,26.267986,14,d15_direct,2,15,open,1.0,-3.05
-3.03,3,26.271865,14,d17_medium,2,17,closed,0.0,-3.0300000000000002
1.93,37,26.294245,14,d15_direct,2,15,open,1.0,1.9299999999999997
-3.03,3,26.29705,14,d19_detour,2,19,closed,0.0,-3.0300000000000002
-3.03,3,26.299892,14,d19_detour,2,19,closed,0.0,-3.0300000000000002
-3.03,3,26.302706,14,d17_medium,2,17,closed,0.0,-3.0300000000000002
1.82,38,26.324783,14,d15_direct,2,15,open,1.0,1.8200000000000005
-3.03,3,26.32774,14,d19_detour,2,19,closed,0.0,-3.0300000000000002
-0.86,16,26.337887,14,d17_medium,2,17,closed,0.0,-0.8600000000000001
-3.03,3,26.340755,14,d17_medium,2,17,closed,0.0,-3.0300000000000002
4.08,37,26.361706,14,d15_direct,2,15,open,1.0,4.080000000000002
-3.03,3,26.364583,14,d19_detour,2,19,closed,0.0,-3.0300000000000002
-2.55,5,26.36891,14,d19_detour,2,19,closed,0.0,-2.55
-2.87,17,26.379372,14,d17_medium,2,17,closed,0.0,-2.87
-3.03,3,26.382421,14,d19_detour,2,19,closed,0.0,-3.0300000000000002
-2.27,27,26.39955,14,d15_direct,2,15,open,1.0,-2.2700000000000005
-0.38,38,26.421093,14,d15_direct,2,15,open,1.0,-0.3800000000000008
-3.12,17,26.432076,14,d17_medium,2,17,closed,0.0,-3.12
-3.03,3,26.434947,14,d17_medium,2,17,closed,0.0,-3.0300000000000002
-3.03,3,26.43785,14,d17_medium,2,17,closed,0.0,-3.0300000000000002
-0.43,38,26.460426,14,d15_direct,2,15,open,1.0,-0.4300000000000006
-2.04,39,26.482922,14,d15_direct,2,15,open,1.0,-2.04
-3.03,3,26.485784,14,d17_medium,2,17,closed,0.0,-3.0300000000000002
1.47,3,26.488665,14,d15_direct,2,15,open,1.0,1.47
1.75,25,26.503844,14,d15_direct,2,15,open,1.0,1.7499999999999998
-3.03,3,26.506733,14,d19_detour,2,19,closed,0.0,-3.0300000000000002
-3.03,3,26.510979,14,d19_detour,2,19,closed,0.0,-3.0300000000000002
-3.03,3,26.514036,14,d17_medium,2,17,closed,0.0,-3.0300000000000002
4.14,36,26.534384,14,d15_direct,2,15,open,1.0,4.140000000000002
-3.03,3,26.537311,14,d17_medium,2,17,closed,0.0,-3.0300000000000002
1.58,37,26.557947,14,d15_direct,2,15,open,1.0,1.5799999999999996
-2.92,17,26.56855,14,d17_medium,2,17,closed,0.0,-2.92
-3.03,3,26.571475,14,d19_detour,2,19,closed,0.0,-3.0300000000000002
1.47,3,26.574467,14,d15_direct,2,15,open,1.0,1.47
-3.03,3,26.577479,14,d17_medium,2,17,closed,0.0,-3.0300000000000002
-3.03,3,26.58032,14,d17_medium,2,17,closed,0.0,-3.0300000000000002
-2.42,27,26.596645,14,d15_direct,2,15,open,1.0,-2.4200000000000004
-3.03,3,26.599592,14,d17_medium,2,17,closed,0.0,-3.0300000000000002
4.08,37,26.621135,14,d15_direct,2,15,open,1.0,4.080000000000002
-3.03,3,26.624046,14,d17_medium,2,17,closed,0.0,-3.0300000000000002
-2.92,27,26.639968,14,d15_direct,2,15,open,1.0,-2.920000000000001
4.08,37,26.6607,14,d15_direct,2,15,open,1.0,4.080000000000002
-3.03,3,26.663618,14,d19_detour,2,19,closed,0.0,-3.0300000000000002
-3.03,3,26.666559,14,d17_medium,2,17,closed,0.0,-3.0300000000000002
-3.03,3,26.669634,14,d17_medium,2,17,closed,0.0,-3.0300000000000002
-3.03,3,26.672613,14,d19_detour,2,19,closed,0.0,-3.0300000000000002
1.72,38,26.694245,14,d15_direct,2,15,open,1.0,1.7199999999999998
-3.03,3,26.697098,14,d17_medium,2,17,closed,0.0,-3.0300000000000002
-3.03,3,26.699983,14,d17_medium,2,17,closed,0.0,-3.0300000000000002
1.51,39,26.721928,14,d15_direct,2,15,open,1.0,1.5099999999999996
-3.03,3,26.72486,14,d19_detour,2,19,closed,0.0,-3.0300000000000002
-3.03,3,26.727714,14,d19_detour,2,19,closed,0.0,-3.0300000000000002
-3.03,3,26.7306,14,d19_detour,2,19,closed,0.0,-3.0300000000000002
1.47,3,26.733546,14,d15_direct,2,15,open,1.0,1.47
-0.03,3,26.736446,14,d15_direct,2,15,open,1.0,-0.030000000000000027
-3.03,3,26.739653,14,d17_medium,2,17,closed,0.0,-3.0300000000000002
-3.03,3,26.742609,14,d19_detour,2,19,closed,0.5,-3.0300000000000002
-3.03,3,26.745588,14,d19_detour,2,19,closed,0.0,-3.0300000000000002
-0.13,38,26.767657,14,d15_direct,2,15,open,1.0,-0.13000000000000034
-3.03,3,26.770616,14,d17_medium,2,17,closed,0.0,-3.0300000000000002
-3.03,3,26.773709,14,d17_medium,2,17,closed,0.0,-3.0300000000000002
-0.92,17,26.784644,14,d17_medium,2,17,closed,0.0,-0.9200000000000002
1.69,26,26.799961,14,d15_direct,2,15,open,1.0,1.6899999999999997
4.14,36,26.826999,14,d15_direct,2,15,open,1.0,4.140000000000002
-3.03,3,26.830866,14,d19_detour,2,19,closed,0.0,-3.0300000000000002
-3.03,3,26.833935,14,d17_medium,2,17,closed,0.0,-3.0300000000000002
-3.03,3,26.837127,14,d17_medium,2,17,closed,0.0,-3.0300000000000002
-2.55,5,26.841342,14,d19_detour,2,19,closed,0.0,-2.55
-3.03,3,26.845488,14,d19_detour,2,19,closed,0.0,-3.0300000000000002
-3.03,3,26.848973,14,d19_detour,2,19,closed,0.0,-3.0300000000000002
2.07,38,26.870496,14,d15_direct,2,15,open,1.0,2.0699999999999994
0.12,38,26.892693,14,d15_direct,2,15,open,1.0,0.11999999999999966
-3.03,3,26.895691,14,d19_detour,2,19,closed,0.0,-3.0300000000000002
2.07,38,26.917908,14,d15_direct,2,15,open,1.0,2.0699999999999994
-3.03,3,26.920781,14,d17_medium,2,17,closed,0.0,-3.0300000000000002
-1.53,3,26.923675,14,d17_medium,2,17,closed,0.0,-1.53
-0.26,26,26.940101,14,d15_direct,2,15,open,1.0,-0.26000000000000023
1.47,3,26.943828,14,d15_direct,2,15,open,1.0,1.47
-3.03,3,26.946942,14,d19_detour,2,19,closed,0.0,-3.0300000000000002
-1.53,3,26.94972,14,d19_detour,2,19,closed,0.0,-1.53
-2.55,5,26.953605,14,d19_detour,2,19,closed,0.0,-2.55
-0.28,38,26.97561,14,d15_direct,2,15,open,1.0,-0.28000000000000025
-1.53,3,26.978501,14,d19_detour,2,19,closed,0.0,-1.53
-3.03,3,26.981399,14,d19_detour,2,19,closed,0.0,-3.0300000000000002
-1.53,3,26.984282,14,d17_medium,2,17,closed,0.0,-1.53
-3.03,3,26.987135,14,d17_medium,2,17,closed,0.0,-3.0300000000000002
-3.27,17,26.99717,14,d17_medium,2,17,closed,0.0,-3.2700000000000005
-3.02,17,27.007332,14,d17_medium,2,17,closed,0.0,-3.0200000000000005
-3.03,3,27.010289,14,d19_detour,2,19,closed,0.0,-3.0300000000000002
-3.03,3,27.013484,14,d17_medium,2,17,closed,0.0,-3.0300000000000002
-3.03,3,27.016712,14,d17_medium,2,17,closed,0.0,-3.0300000000000002
1.63,37,27.043333,14,d15_direct,2,15,open,1.0,1.6299999999999997
-3.03,3,27.046279,14,d19_detour,2,19,closed,0.0,-3.0300000000000002
1.47,3,27.049284,14,d15_direct,2,15,open,1.0,1.47
-0.49,39,27.071566,14,d15_direct,2,15,open,1.0,-0.4900000000000009
-3.03,3,27.074816,14,d17_medium,2,17,closed,0.0,-3.0300000000000002
-3.03,3,27.078043,14,d19_detour,2,19,closed,0.0,-3.0300000000000002
1.68,37,27.100578,14,d15_direct,2,15,open,1.0,1.6799999999999997
1.92,38,27.12231,14,d15_direct,2,15,open,1.0,1.920000000000001
-2.55,5,27.126324,14,d17_medium,2,17,closed,0.0,-2.55
2.07,38,27.14764,14,d15_direct,2,15,open,1.0,2.0699999999999994
-3.03,3,27.150583,14,d17_medium,2,17,closed,0.0,-3.0300000000000002
-3.03,3,27.15344,14,d19_detour,2,19,closed,0.0,-3.0300000000000002
-3.03,3,27.156445,14,d17_medium,2,17,closed,0.0,-3.0300000000000002
2.03,37,27.177237,14,d15_direct,2,15,open,1.0,2.0299999999999994
-3.03,3,27.180139,14,d17_medium,2,17,closed,0.0,-3.0300000000000002
4.14,36,27.200345,14,d15_direct,2,15,open,1.0,4.140000000000002
-0.76,26,27.215412,14,d15_direct,2,15,open,1.0,-0.7600000000000007
-3.03,3,27.21834,14,d19_detour,2,19,closed,0.0,-3.0300000000000002
-3.03,3,27.221169,14,d17_medium,2,17,closed,0.0,-3.0300000000000002
-3.03,3,27.224184,14,d19_detour,2,19,closed,0.0,-3.0300000000000002
1.92,38,27.245442,14,d15_direct,2,15,open,1.0,1.9199999999999995
-3.03,3,27.248337,14,d19_detour,2,19,closed,0.0,-3.0300000000000002
-3.03,3,27.251243,14,d17_medium,2,17,closed,0.0,-3.0300000000000002
-2.59,39,27.273524,14,d15_direct,2,15,open,1.0,-2.5900000000000007
4.02,38,27.29539,14,d15_direct,2,15,open,1.0,4.020000000000002
-3.03,3,27.298239,14,d17_medium,2,17,closed,0.0,-3.0300000000000002
-0.03,3,27.301187,14,d15_direct,2,15,open,1.0,-0.030000000000000027
-3.03,3,27.30408,14,d17_medium,2,17,closed,0.0,-3.0300000000000002
4.14,36,27.32429,14,d15_direct,2,15,open,1.0,4.140000000000002
-3.03,3,27.327168,14,d17_medium,2,17,closed,0.0,-3.0300000000000002
-0.41,26,27.342786,14,d15_direct,2,15,open,1.0,-0.41000000000000036
-2.7,15,27.352012,14,d15_direct,2,15,open,1.0,-2.7
-3.03,3,27.354877,14,d19_detour,2,19,closed,0.0,-3.0300000000000002
-2.82,17,27.365521,14,d17_medium,2,17,closed,0.0,-2.8200000000000003
-3.03,3,27.368456,14,d19_detour,2,19,closed,0.0,-3.0300000000000002
1.47,3,27.371413,14,d15_direct,2,15,open,1.0,1.47
-3.03,3,27.374339,14,d17_medium,2,17,closed,0.0,-3.0300000000000002
-3.03,3,27.377445,14,d17_medium,2,17,closed,0.0,-3.0300000000000002
-3.03,3,27.380333,14,d19_detour,2,19,closed,0.0,-3.0300000000000002
-3.03,3,27.383262,14,d17_medium,2,17,closed,0.0,-3.0300000000000002
-3.03,3,27.386173,14,d17_medium,2,17,closed,0.0,-3.0300000000000002
-2.55,5,27.390093,14,d19_detour,2,19,closed,0.0,-2.55
-3.03,3,27.393044,14,d17_medium,2,17,closed,0.0,-3.0300000000000002
-3.03,3,27.396002,14,d19_detour,2,19,closed,0.0,-3.0300000000000002
-0.76,31,27.41369,14,d17_medium,2,17,closed,0.0,-0.7600000000000002
4.14,36,27.433985,14,d15_direct,2,15,open,1.0,4.140000000000002
-0.46,26,27.449003,14,d15_direct,2,15,open,1.0,-0.4600000000000002
-3.82,17,27.459283,14,d17_medium,2,17,closed,0.0,-3.8199999999999994
-3.03,3,27.462143,14,d17_medium,2,17,closed,0.0,-3.0300000000000002
2.08,37,27.483505,14,d15_direct,2,15,open,1.0,2.080000000000002
-3.03,3,27.486469,14,d17_medium,2,17,closed,0.0,-3.0300000000000002
2.13,37,27.507413,14,d15_direct,2,15,open,1.0,2.13
-0.37,27,27.523662,14,d15_direct,2,15,open,1.0,-0.37000000000000033
1.75,25,27.53824,14,d15_direct,2,15,open,1.0,1.7499999999999998
2.02,38,27.858092,14,d15_direct,2,15,open,1.0,2.0199999999999996
-3.03,3,27.861048,14,d19_detour,2,19,closed,0.0,-3.0300000000000002
-3.03,3,27.864035,14,d17_medium,2,17,closed,0.0,-3.0300000000000002
-3.03,3,27.86692,14,d19_detour,2,19,closed,0.0,-3.0300000000000002
-0.26,26,27.883168,14,d15_direct,2,15,open,1.0,-0.26000000000000023
-3.03,3,27.886184,14,d17_medium,2,17,closed,0.0,-3.0300000000000002
4.14,36,27.907702,14,d15_direct,2,15,open,1.0,4.140000000000002
-3.03,3,27.910643,14,d19_detour,2,19,closed,0.0,-3.0300000000000002
-3.03,3,27.913555,14,d17_medium,2,17,closed,0.0,-3.0300000000000002
-0.86,16,27.923297,14,d17_medium,2,17,closed,0.0,-0.8600000000000001
-3.03,3,27.926238,14,d19_detour,2,19,closed,0.0,-3.0300000000000002
-3.03,3,27.92912,14,d19_detour,2,19,closed,0.0,-3.0300000000000002
-0.38,38,27.951585,14,d15_direct,2,15,open,1.0,-0.38000000000000034
1.47,3,27.954485,14,d15_direct,2,15,open,1.0,1.47
1.98,37,27.975657,14,d15_direct,2,15,open,1.0,1.9800000000000018
-0.89,39,27.997988,14,d15_direct,2,15,open,1.0,-0.8900000000000005
1.47,3,28.001127,14,d15_direct,2,15,open,1.0,1.47
-2.69,19,28.012978,14,d19_detour,2,19,closed,0.0,-2.6900000000000004
-3.03,3,28.016009,14,d17_medium,2,17,closed,0.0,-3.0300000000000002
-3.03,3,28.018868,14,d17_medium,2,17,closed,0.0,-3.0300000000000002
-3.03,3,28.021731,14,d17_medium,2,17,closed,0.0,-3.0300000000000002
-3.03,3,28.024613,14,d19_detour,2,19,closed,0.0,-3.0300000000000002
4.14,36,28.047599,14,d15_direct,2,15,open,1.0,4.140000000000002
-2.69,19,28.061732,14,d19_detour,2,19,closed,0.0,-2.6900000000000004
2.02,38,28.084754,14,d15_direct,2,15,open,1.0,2.0199999999999996
-3.03,3,28.087602,14,d17_medium,2,17,closed,0.0,-3.0300000000000002
-3.03,3,28.090507,14,d17_medium,2,17,closed,0.0,-3.0300000000000002
-3.03,3,28.093428,14,d17_medium,2,17,closed,0.0,-3.0300000000000002
1.69,26,28.109001,14,d15_direct,2,15,open,1.0,1.6899999999999997
-2.8,15,28.118688,14,d15_direct,2,15,open,1.0,-2.8
1.69,26,28.13376,14,d15_direct,2,15,open,1.0,1.6899999999999997
2.13,37,28.154979,14,d15_direct,2,15,open,1.0,2.13
-3.03,3,28.157822,14,d17_medium,2,17,closed,0.0,-3.0300000000000002
1.47,3,28.160669,14,d15_direct,2,15,open,1.0,1.47
-3.03,3,28.163598,14,d19_detour,2,19,closed,0.0,-3.0300000000000002
-3.03,3,28.166535,14,d17_medium,2,17,closed,0.0,-3.0300000000000002
-3.03,3,28.169364,14,d19_detour,2,19,closed,0.0,-3.0300000000000002
-3.03,3,28.172261,14,d19_detour,2,19,closed,0.0,-3.0300000000000002
-3.03,3,28.175139,14,d19_detour,2,19,closed,0.0,-3.0300000000000002
-3.03,3,28.178082,14,d17_medium,2,17,closed,0.0,-3.0300000000000002
-3.03,3,28.180907,14,d17_medium,2,17,closed,0.0,-3.0300000000000002
4.14,36,28.201535,14,d15_direct,2,15,open,1.0,4.140000000000002
-3.03,3,28.205014,14,d19_detour,2,19,closed,0.0,-3.0300000000000002
-3.03,3,28.207961,14,d19_detour,2,19,closed,0.0,-3.0300000000000002
4.08,37,28.22868,14,d15_direct,2,15,open,1.0,4.080000000000002
-3.03,3,28.231607,14,d17_medium,2,17,closed,0.0,-3.0300000000000002
4.14,36,28.251861,14,d15_direct,2,15,open,1.0,4.140000000000002
-3.03,3,28.254692,14,d19_detour,2,19,closed,0.0,-3.0300000000000002
1.69,26,28.269693,14,d15_direct,2,15,open,1.0,1.6899999999999997
-3.03,3,28.272462,14,d19_detour,2,19,closed,0.5,-3.0300000000000002
1.88,37,28.29317,14,d15_direct,2,15,open,1.0,1.8799999999999997
-3.03,3,28.295937,14,d17_medium,2,17,closed,0.0,-3.0300000000000002
-3.03,3,28.298855,14,d17_medium,2,17,closed,0.0,-3.0300000000000002
-3.03,3,28.301759,14,d19_detour,2,19,closed,0.0,-3.0300000000000002
-3.03,3,28.304661,14,d17_medium,2,17,closed,0.0,-3.0300000000000002
4.14,36,28.324928,14,d15_direct,2,15,open,1.0,4.140000000000002
-2.69,19,28.336064,14,d19_detour,2,19,closed,0.0,-2.6900000000000004
-1.53,3,28.338859,14,d17_medium,2,17,closed,0.0,-1.53
-3.03,3,28.341741,14,d19_detour,2,19,closed,0.0,-3.0300000000000002
-3.03,3,28.344607,14,d19_detour,2,19,closed,0.0,-3.0300000000000002
1.47,3,28.347699,14,d15_direct,2,15,open,1.0,1.47
-3.03,3,28.350572,14,d17_medium,2,17,closed,0.0,-3.0300000000000002
4.14,36,28.371886,14,d15_direct,2,15,open,1.0,4.140000000000002
-2.97,17,28.383209,14,d17_medium,2,17,closed,0.0,-2.97
-3.03,3,28.385989,14,d17_medium,2,17,closed,0.0,-3.0300000000000002
-3.03,3,28.388806,14,d19_detour,2,19,closed,0.0,-3.0300000000000002
-3.03,3,28.391695,14,d19_detour,2,19,closed,0.0,-3.0300000000000002
-0.26,26,28.407035,14,d15_direct,2,15,open,1.0,-0.26000000000000023
-1.53,3,28.409988,14,d19_detour,2,19,closed,0.0,-1.53
-0.33,38,28.435584,14,d15_direct,2,15,open,1.0,-0.3300000000000005
-3.03,3,28.438747,14,d19_detour,2,19,closed,0.0,-3.0300000000000002
-3.03,3,28.441917,14,d19_detour,2,19,closed,0.0,-3.0300000000000002
-3.03,3,28.445121,14,d19_detour,2,19,closed,0.0,-3.0300000000000002
-2.55,5,28.449063,14,d19_detour,2,19,closed,0.0,-2.55
-3.03,3,28.452044,14,d17_medium,2,17,closed,0.0,-3.0300000000000002
-3.03,3,28.455,14,d19_detour,2,19,closed,0.0,-3.0300000000000002
-3.03,3,28.457832,14,d19_detour,2,19,closed,0.5,-3.0300000000000002
1.75,25,28.473889,14,d15_direct,2,15,open,1.0,1.7499999999999998
-3.03,3,28.476949,14,d19_detour,2,19,closed,0.0,-3.0300000000000002
1.57,38,28.498956,14,d15_direct,2,15,open,1.0,1.5699999999999992
-1.53,3,28.502174,14,d19_detour,2,19,closed,0.0,-1.53
1.47,3,28.505072,14,d15_direct,2,15,open,1.0,1.47
-3.03,3,28.508106,14,d17_medium,2,17,closed,0.0,-3.0300000000000002
-0.89,39,28.530364,14,d15_direct,2,15,open,1.0,-0.890000000000001
-0.26,26,28.545496,14,d15_direct,2,15,open,1.0,-0.26000000000000023
1.69,26,28.560255,14,d15_direct,2,15,open,1.0,1.6899999999999997
-3.03,3,28.563134,14,d17_medium,2,17,closed,0.0,-3.0300000000000002
-3.03,3,28.565932,14,d19_detour,2,19,closed,0.0,-3.0300000000000002
-3.03,3,28.568765,14,d17_medium,2,17,closed,0.0,-3.0300000000000002
-0.09,39,28.590263,14,d15_direct,2,15,open,1.0,-0.09000000000000052
-3.03,3,28.593471,14,d17_medium,2,17,closed,0.0,-3.0300000000000002
-0.03,3,28.596601,14,d15_direct,2,15,open,1.0,-0.030000000000000027
-3.03,3,28.599414,14,d19_detour,2,19,closed,0.0,-3.0300000000000002
-3.03,3,28.602321,14,d17_medium,2,17,closed,0.0,-3.0300000000000002
-3.03,3,28.605179,14,d19_detour,2,19,closed,0.0,-3.0300000000000002
-3.03,3,28.608524,14,d17_medium,2,17,closed,0.0,-3.0300000000000002
-3.03,3,28.611804,14,d17_medium,2,17,closed,0.0,-3.0300000000000002
-3.03,3,28.614852,14,d19_detour,2,19,closed,0.0,-3.0300000000000002
-3.03,3,28.61791,14,d19_detour,2,19,closed,0.0,-3.0300000000000002
2.13,37,28.639165,14,d15_direct,2,15,open,1.0,2.13
-3.03,3,28.642228,14,d19_detour,2,19,closed,0.0,-3.0300000000000002
1.47,3,28.645112,14,d15_direct,2,15,open,1.0,1.47
4.14,36,28.666923,14,d15_direct,2,15,open,1.0,4.140000000000002
-0.03,3,28.669768,14,d15_direct,2,15,open,1.0,-0.030000000000000027
-3.03,3,28.673111,14,d19_detour,2,19,closed,0.0,-3.0300000000000002
-3.03,3,28.676055,14,d19_detour,2,19,closed,0.0,-3.0300000000000002
-0.41,26,28.691127,14,d15_direct,2,15,open,1.0,-0.41000000000000036
-0.03,3,28.694613,14,d15_direct,2,15,open,1.0,-0.030000000000000027
1.47,3,28.697503,14,d15_direct,2,15,open,1.0,1.47
1.47,3,28.700468,14,d15_direct,2,15,open,1.0,1.47
-0.03,38,28.722605,14,d15_direct,2,15,open,1.0,-0.03000000000000025
-3.03,3,28.725524,14,d17_medium,2,17,closed,0.0,-3.0300000000000002
1.88,37,28.747118,14,d15_direct,2,15,open,1.0,1.880000000000001
-0.09,39,28.770471,14,d15_direct,2,15,open,1.0,-0.09000000000000052
-0.41,26,28.785774,14,d15_direct,2,15,open,1.0,-0.41000000000000036
-3.03,3,28.788692,14,d19_detour,2,19,closed,0.0,-3.0300000000000002
-3.03,3,28.79168,14,d17_medium,2,17,closed,0.0,-3.0300000000000002
-2.19,39,28.813507,14,d15_direct,2,15,open,1.0,-2.1900000000000004
-3.02,17,28.82397,14,d17_medium,2,17,closed,0.0,-3.0200000000000005
-3.03,3,28.826905,14,d17_medium,2,17,closed,0.0,-3.0300000000000002
-3.03,3,28.829805,14,d17_medium,2,17,closed,0.0,-3.0300000000000002
-1.53,3,28.832729,14,d17_medium,2,17,closed,0.0,-1.53
-3.03,3,28.83559,14,d19_detour,2,19,closed,0.0,-3.0300000000000002
-0.03,3,28.838515,14,d15_direct,2,15,open,1.0,-0.030000000000000027
-1.53,3,28.842414,14,d17_medium,2,17,closed,0.0,-1.53
-1.53,3,28.845388,14,d17_medium,2,17,closed,0.0,-1.53
-3.03,3,28.84837,14,d17_medium,2,17,closed,0.0,-3.0300000000000002
-3.03,3,28.851282,14,d17_medium,2,17,closed,0.0,-3.0300000000000002
-3.03,3,28.854173,14,d19_detour,2,19,closed,0.0,-3.0300000000000002
-3.03,3,28.857163,14,d17_medium,2,17,closed,0.0,-3.0300000000000002
-3.03,3,28.860028,14,d19_detour,2,19,closed,0.0,-3.0300000000000002
-0.82,27,28.875374,14,d15_direct,2,15,open,1.0,-0.8200000000000007
-3.03,3,28.87827,14,d17_medium,2,17,closed,0.0,-3.0300000000000002
-3.03,3,28.881133,14,d17_medium,2,17,closed,0.0,-3.0300000000000002
-3.03,3,28.884109,14,d19_detour,2,19,closed,0.0,-3.0300000000000002
-3.03,3,28.886965,14,d19_detour,2,19,closed,0.0,-3.0300000000000002
-3.03,3,28.889751,14,d19_detour,2,19,closed,0.0,-3.0300000000000002
1.98,37,28.910354,14,d15_direct,2,15,open,1.0,1.9800000000000015
-3.03,3,28.913285,14,d19_detour,2,19,closed,0.0,-3.0300000000000002
-3.03,3,28.9162,14,d17_medium,2,17,closed,0.0,-3.0300000000000002
-3.03,3,28.91901,14,d19_detour,2,19,closed,0.0,-3.0300000000000002
-0.03,38,28.941525,14,d15_direct,2,15,open,1.0,-0.03000000000000025
-0.92,17,28.95182,14,d17_medium,2,17,closed,0.0,-0.9200000000000002
-3.03,3,28.95471,14,d17_medium,2,17,closed,0.0,-3.0300000000000002
-3.03,3,28.957669,14,d19_detour,2,19,closed,0.0,-3.0300000000000002
-3.03,3,28.96064,14,d19_detour,2,19,closed,0.0,-3.0300000000000002
-3.03,3,28.963501,14,d19_detour,2,19,closed,0.0,-3.0300000000000002
-0.03,38,28.985034,14,d15_direct,2,15,open,1.0,-0.03000000000000025
-3.03,3,28.988009,14,d17_medium,2,17,closed,0.0,-3.0300000000000002
-3.03,3,28.990896,14,d17_medium,2,17,closed,0.0,-3.0300000000000002
-3.03,3,28.993813,14,d19_detour,2,19,closed,0.0,-3.0300000000000002
-0.38,38,29.015476,14,d15_direct,2,15,open,1.0,-0.3800000000000008
-3.03,3,29.018452,14,d19_detour,2,19,closed,0.0,-3.0300000000000002
-0.26,26,29.033448,14,d15_direct,2,15,open,1.0,-0.26000000000000023
1.75,25,29.047926,14,d15_direct,2,15,open,1.0,1.7499999999999998
-3.03,3,29.050887,14,d19_detour,2,19,closed,0.0,-3.0300000000000002
-3.03,3,29.053729,14,d17_medium,2,17,closed,0.0,-3.0300000000000002
-2.92,17,29.064033,14,d17_medium,2,17,closed,0.0,-2.92
1.47,3,29.066959,14,d15_direct,2,15,open,1.0,1.47
4.14,36,29.0874,14,d15_direct,2,15,open,1.0,4.140000000000002
-0.03,3,29.090348,14,d15_direct,2,15,open,1.0,-0.030000000000000027
-3.03,3,29.093387,14,d19_detour,2,19,closed,0.0,-3.0300000000000002
-3.03,3,29.096301,14,d17_medium,2,17,closed,0.0,-3.0300000000000002
-3.03,3,29.099176,14,d17_medium,2,17,closed,0.0,-3.0300000000000002
-3.03,3,29.10198,14,d19_detour,2,19,closed,0.0,-3.0300000000000002
-3.03,3,29.104813,14,d19_detour,2,19,closed,0.0,-3.0300000000000002
2.13,37,29.125694,14,d15_direct,2,15,open,1.0,2.13
-0.26,26,29.140761,14,d15_direct,2,15,open,1.0,-0.26000000000000023
4.08,37,29.161797,14,d15_direct,2,15,open,1.0,4.080000000000002
-0.49,39,29.184949,14,d15_direct,2,15,open,1.0,-0.4900000000000009
-3.03,3,29.187827,14,d19_detour,2,19,closed,0.0,-3.0300000000000002
-3.03,3,29.190706,14,d19_detour,2,19,closed,0.0,-3.0300000000000002
-3.03,3,29.193633,14,d19_detour,2,19,closed,0.0,-3.0300000000000002
4.14,36,29.46279,14,d15_direct,2,15,open,1.0,4.140000000000002
-3.03,3,29.46576,14,d19_detour,2,19,closed,0.0,-3.0300000000000002
2.07,38,29.487197,14,d15_direct,2,15,open,1.0,2.070000000000002
-3.03,3,29.490189,14,d17_medium,2,17,closed,0.0,-3.0300000000000002
-3.03,3,29.493123,14,d17_medium,2,17,closed,0.0,-3.0300000000000002
-3.03,3,29.496343,14,d19_detour,2,19,closed,0.0,-3.0300000000000002
1.75,25,29.511259,14,d15_direct,2,15,open,1.0,1.7499999999999998
-3.03,3,29.514227,14,d17_medium,2,17,closed,0.0,-3.0300000000000002
-3.03,3,29.517057,14,d19_detour,2,19,closed,0.0,-3.0300000000000002
-3.03,3,29.519951,14,d19_detour,2,19,closed,0.0,-3.0300000000000002
-3.03,3,29.522848,14,d17_medium,2,17,closed,0.0,-3.0300000000000002
-2.92,17,29.533215,14,d17_medium,2,17,closed,0.0,-2.92
1.47,3,29.536257,14,d15_direct,2,15,open,1.0,1.47
-3.03,3,29.539181,14,d17_medium,2,17,closed,0.0,-3.0300000000000002
-3.03,3,29.542343,14,d17_medium,2,17,closed,0.0,-3.0300000000000002
-0.33,38,29.564507,14,d15_direct,2,15,open,1.0,-0.33000000000000074
1.47,3,29.567548,14,d15_direct,2,15,open,1.0,1.47
-0.86,16,29.577346,14,d17_medium,2,17,closed,0.0,-0.8600000000000001
-3.03,3,29.580194,14,d19_detour,2,19,closed,0.0,-3.0300000000000002
-2.74,19,29.592001,14,d19_detour,2,19,closed,0.0,-2.74
-3.03,3,29.594853,14,d17_medium,2,17,closed,0.0,-3.0300000000000002
1.75,25,29.60945,14,d15_direct,2,15,open,1.0,1.7499999999999998
-3.03,3,29.612298,14,d19_detour,2,19,closed,0.0,-3.0300000000000002
-3.03,3,29.615202,14,d19_detour,2,19,closed,0.0,-3.0300000000000002
-3.03,3,29.618107,14,d17_medium,2,17,closed,0.0,-3.0300000000000002
2.08,37,29.638875,14,d15_direct,2,15,open,1.0,2.0799999999999996
-3.03,3,29.641798,14,d17_medium,2,17,closed,0.0,-3.0300000000000002
1.47,3,29.64467,14,d15_direct,2,15,open,1.0,1.47
-0.47,27,29.660903,14,d15_direct,2,15,open,1.0,-0.4700000000000004
-3.03,3,29.66385,14,d17_medium,2,17,closed,0.0,-3.0300000000000002
-3.03,3,29.666731,14,d19_detour,2,19,closed,0.0,-3.0300000000000002
1.63,37,29.687456,14,d15_direct,2,15,open,1.0,1.6299999999999997
-3.03,3,29.690446,14,d17_medium,2,17,closed,0.0,-3.0300000000000002
-3.03,3,29.693606,14,d17_medium,2,17,closed,0.0,-3.0300000000000002
-3.03,3,29.696553,14,d17_medium,2,17,closed,0.0,-3.0300000000000002
-3.03,3,29.699513,14,d17_medium,2,17,closed,0.0,-3.0300000000000002
-3.03,3,29.702707,14,d17_medium,2,17,closed,0.0,-3.0300000000000002
-2.69,19,29.71519,14,d19_detour,2,19,closed,0.0,-2.6900000000000004
-3.03,3,29.718705,14,d19_detour,2,19,closed,0.0,-3.0300000000000002
-1.53,3,29.7216,14,d17_medium,2,17,closed,0.0,-1.53
-3.03,3,29.724684,14,d19_detour,2,19,closed,0.0,-3.0300000000000002
1.75,25,29.74026,14,d15_direct,2,15,open,1.0,1.7499999999999998
-3.03,3,29.743132,14,d19_detour,2,19,closed,0.0,-3.0300000000000002
1.47,3,29.74597,14,d15_direct,2,15,open,1.0,1.47
-3.03,3,29.748832,14,d17_medium,2,17,closed,0.0,-3.0300000000000002
-3.03,3,29.751703,14,d17_medium,2,17,closed,0.0,-3.0300000000000002
-3.03,3,29.754688,14,d19_detour,2,19,closed,0.0,-3.0300000000000002
4.08,37,29.775928,14,d15_direct,2,15,open,1.0,4.080000000000002
2.08,37,29.796727,14,d15_direct,2,15,open,1.0,2.0800000000000023
-3.03,3,29.79971,14,d17_medium,2,17,closed,0.0,-3.0300000000000002
-3.03,3,29.802643,14,d19_detour,2,19,closed,0.0,-3.0300000000000002
-3.03,3,29.805639,14,d17_medium,2,17,closed,0.0,-3.0300000000000002
-3.03,3,29.808629,14,d17_medium,2,17,closed,0.0,-3.0300000000000002
-3.03,3,29.811586,14,d17_medium,2,17,closed,0.0,-3.0300000000000002
-3.03,3,29.814508,14,d17_medium,2,17,closed,0.0,-3.0300000000000002
-3.03,3,29.817528,14,d19_detour,2,19,closed,0.0,-3.0300000000000002
-3.03,3,29.820525,14,d19_detour,2,19,closed,0.0,-3.0300000000000002
-3.03,3,29.824676,14,d17_medium,2,17,closed,0.0,-3.0300000000000002
-3.03,3,29.828926,14,d19_detour,2,19,closed,0.0,-3.0300000000000002
-3.03,3,29.832298,14,d17_medium,2,17,closed,0.0,-3.0300000000000002
-3.03,3,29.835353,14,d19_detour,2,19,closed,0.0,-3.0300000000000002
1.82,38,29.858591,14,d15_direct,2,15,open,1.0,1.8199999999999996
-1.53,3,29.861743,14,d17_medium,2,17,closed,0.0,-1.53
4.08,37,29.885778,14,d15_direct,2,15,open,1.0,4.080000000000002
-2.87,27,29.904432,14,d15_direct,2,15,open,1.0,-2.87
-3.03,3,29.907722,14,d17_medium,2,17,closed,0.0,-3.0300000000000002
-0.86,16,29.917578,14,d17_medium,2,17,closed,0.0,-0.8600000000000001
-1.53,3,29.920399,14,d15_direct,2,15,open,1.0,-1.53
1.47,3,29.923357,14,d15_direct,2,15,open,1.0,1.47
-2.87,17,29.933696,14,d17_medium,2,17,closed,0.0,-2.87
-3.03,3,29.937318,14,d17_medium,2,17,closed,0.0,-3.0300000000000002
1.47,3,29.940143,14,d15_direct,2,15,open,1.0,1.47
-0.68,18,29.951411,14,d19_detour,2,19,closed,0.0,-0.6800000000000002
-3.03,3,29.954362,14,d19_detour,2,19,closed,0.0,-3.0300000000000002
4.14,36,29.974662,14,d15_direct,2,15,open,1.0,4.140000000000002
1.47,3,29.977579,14,d15_direct,2,15,open,1.0,1.47
-3.03,3,29.980484,14,d17_medium,2,17,closed,0.0,-3.0300000000000002
-3.03,3,29.983663,14,d17_medium,2,17,closed,0.0,-3.0300000000000002
-2.74,19,29.995581,14,d19_detour,2,19,closed,0.0,-2.74
-3.03,3,29.998506,14,d19_detour,2,19,closed,0.0,-3.0300000000000002
1.47,3,30.001489,14,d15_direct,2,15,open,1.0,1.47
-3.03,3,30.004972,14,d17_medium,2,17,closed,0.0,-3.0300000000000002
4.08,37,30.02658,14,d15_direct,2,15,open,1.0,4.080000000000002
4.14,36,30.048005,14,d15_direct,2,15,open,1.0,4.140000000000002
-0.08,38,30.06989,14,d15_direct,2,15,open,1.0,-0.0800000000000003
-3.03,3,30.073766,14,d17_medium,2,17,closed,0.0,-3.0300000000000002
-3.03,3,30.07668,14,d17_medium,2,17,closed,0.0,-3.0300000000000002
2.03,37,30.098111,14,d15_direct,2,15,open,1.0,2.0299999999999994
-3.03,3,30.101101,14,d19_detour,2,19,closed,0.0,-3.0300000000000002
1.87,38,30.122487,14,d15_direct,2,15,open,1.0,1.8699999999999997
-3.03,3,30.12545,14,d19_detour,2,19,closed,0.0,-3.0300000000000002
-3.03,3,30.128406,14,d19_detour,2,19,closed,0.0,-3.0300000000000002
1.63,37,30.150179,14,d15_direct,2,15,open,1.0,1.6299999999999992
-1.53,3,30.152997,14,d17_medium,2,17,closed,0.0,-1.53
-3.03,3,30.1559,14,d19_detour,2,19,closed,0.0,-3.0300000000000002
-3.03,3,30.1587,14,d19_detour,2,19,closed,0.5,-3.0300000000000002
-3.03,3,30.161605,14,d17_medium,2,17,closed,0.0,-3.0300000000000002
-3.03,3,30.16451,14,d19_detour,2,19,closed,0.0,-3.0300000000000002
2.08,37,30.186733,14,d15_direct,2,15,open,1.0,2.0799999999999996
-3.03,3,30.189719,14,d17_medium,2,17,closed,0.0,-3.0300000000000002
-3.03,3,30.192595,14,d19_detour,2,19,closed,0.0,-3.0300000000000002
2.13,37,30.213604,14,d15_direct,2,15,open,1.0,2.1300000000000026
-3.03,3,30.216587,14,d19_detour,2,19,closed,0.0,-3.0300000000000002
-3.03,3,30.219503,14,d17_medium,2,17,closed,0.0,-3.0300000000000002
-3.03,3,30.222467,14,d19_detour,2,19,closed,0.0,-3.0300000000000002
-3.03,3,30.225591,14,d17_medium,2,17,closed,0.0,-3.0300000000000002
4.08,37,30.246708,14,d15_direct,2,15,open,1.0,4.080000000000002
-3.03,3,30.249665,14,d19_detour,2,19,closed,0.0,-3.0300000000000002
-3.03,3,30.25252,14,d19_detour,2,19,closed,0.0,-3.0300000000000002
1.98,37,30.273716,14,d15_direct,2,15,open,1.0,1.9800000000000018
-3.03,3,30.276629,14,d17_medium,2,17,closed,0.0,-3.0300000000000002
-3.03,3,30.279654,14,d17_medium,2,17,closed,0.0,-3.0300000000000002
-3.03,3,30.282545,14,d19_detour,2,19,closed,0.0,-3.0300000000000002
-3.03,3,30.285646,14,d19_detour,2,19,closed,0.0,-3.0300000000000002
1.47,3,30.288986,14,d15_direct,2,15,open,1.0,1.47
-3.03,3,30.292293,14,d19_detour,2,19,closed,0.0,-3.0300000000000002
-3.03,3,30.295401,14,d19_detour,2,19,closed,0.0,-3.0300000000000002
-3.03,3,30.298404,14,d19_detour,2,19,closed,0.0,-3.0300000000000002
-0.43,38,30.320223,14,d15_direct,2,15,open,1.0,-0.4300000000000004
1.47,3,30.323222,14,d15_direct,2,15,open,1.0,1.47
-3.03,3,30.326164,14,d17_medium,2,17,closed,0.0,-3.0300000000000002
-3.03,3,30.32909,14,d19_detour,2,19,closed,0.0,-3.0300000000000002
-3.03,3,30.331959,14,d19_detour,2,19,closed,0.0,-3.0300000000000002
-1.53,3,30.33484,14,d19_detour,2,19,closed,0.0,-1.53
-3.03,3,30.337701,14,d19_detour,2,19,closed,0.0,-3.0300000000000002
-3.03,3,30.340581,14,d19_detour,2,19,closed,0.0,-3.0300000000000002
-2.66,11,30.348218,14,d19_detour,2,19,closed,0.0,-2.66
1.75,25,30.363008,14,d15_direct,2,15,open,1.0,1.7499999999999998
-2.56,6,30.367438,14,d19_detour,2,19,closed,0.0,-2.56
2.02,38,30.390764,14,d15_direct,2,15,open,1.0,2.0199999999999996
-3.03,3,30.393655,14,d19_detour,2,19,closed,0.0,-3.0300000000000002
-3.03,3,30.396566,14,d19_detour,2,19,closed,0.0,-3.0300000000000002
-2.55,5,30.400614,14,d19_detour,2,19,closed,0.0,-2.55
1.57,38,30.423001,14,d15_direct,2,15,open,1.0,1.5699999999999992
-0.59,39,30.445779,14,d15_direct,2,15,open,1.0,-0.5900000000000005
4.14,36,30.46722,14,d15_direct,2,15,open,1.0,4.140000000000002
-0.68,18,30.478773,14,d19_detour,2,19,closed,0.0,-0.6800000000000002
-3.03,3,30.481637,14,d19_detour,2,19,closed,0.0,-3.0300000000000002
4.14,36,30.502416,14,d15_direct,2,15,open,1.0,4.140000000000002
-0.48,38,30.52478,14,d15_direct,2,15,open,1.0,-0.48000000000000087
-3.03,3,30.52772,14,d17_medium,2,17,closed,0.0,-3.0300000000000002
1.31,29,30.5452,14,d17_medium,2,17,closed,0.0,1.3099999999999998
-3.03,3,30.548182,14,d19_detour,2,19,closed,0.0,-3.0300000000000002
-3.03,3,30.551213,14,d17_medium,2,17,closed,0.0,-3.0300000000000002
-2.97,17,30.562135,14,d17_medium,2,17,closed,0.0,-2.97
-3.03,3,30.565077,14,d17_medium,2,17,closed,0.0,-3.0300000000000002
-1.53,3,30.567922,14,d17_medium,2,17,closed,0.0,-1.53
-3.03,3,30.571058,14,d19_detour,2,19,closed,0.0,-3.0300000000000002
-3.03,3,30.574089,14,d17_medium,2,17,closed,0.0,-3.0300000000000002
-3.03,3,30.577065,14,d19_detour,2,19,closed,0.0,-3.0300000000000002
-3.03,3,30.579998,14,d19_detour,2,19,closed,0.0,-3.0300000000000002
-3.03,3,30.582994,14,d17_medium,2,17,closed,0.0,-3.0300000000000002
-2.87,17,30.594237,14,d17_medium,2,17,closed,0.0,-2.87
1.75,25,30.610225,14,d15_direct,2,15,open,1.0,1.7499999999999998
-3.03,3,30.613194,14,d17_medium,2,17,closed,0.0,-3.0300000000000002
-3.03,3,30.616047,14,d19_detour,2,19,closed,0.0,-3.0300000000000002
-3.03,3,30.61895,14,d19_detour,2,19,closed,0.0,-3.0300000000000002
-3.03,3,30.621901,14,d17_medium,2,17,closed,0.0,-3.0300000000000002
-0.03,3,30.625057,14,d15_direct,2,15,open,1.0,-0.030000000000000027
-3.03,3,30.628087,14,d19_detour,2,19,closed,0.0,-3.0300000000000002
-3.03,3,30.631006,14,d19_detour,2,19,closed,0.0,-3.0300000000000002
-3.03,3,30.633957,14,d19_detour,2,19,closed,0.0,-3.0300000000000002
-3.03,3,30.636812,14,d17_medium,2,17,closed,0.0,-3.0300000000000002
-3.03,3,30.63975,14,d19_detour,2,19,closed,0.0,-3.0300000000000002
1.47,3,30.642648,14,d15_direct,2,15,open,1.0,1.47
-2.97,17,30.653088,14,d17_medium,2,17,closed,0.0,-2.97
0.12,38,30.674978,14,d15_direct,2,15,open,1.0,0.11999999999999966
-0.68,18,30.685883,14,d19_detour,2,19,closed,0.0,-0.6800000000000002
-3.03,3,30.688697,14,d19_detour,2,19,closed,0.0,-3.0300000000000002
2.13,37,30.710197,14,d15_direct,2,15,open,1.0,2.1300000000000026
4.14,36,30.730871,14,d15_direct,2,15,open,1.0,4.140000000000002
-3.03,3,30.733875,14,d19_detour,2,19,closed,0.0,-3.0300000000000002
-3.02,17,30.744253,14,d17_medium,2,17,closed,0.0,-3.0200000000000005
1.47,3,30.747201,14,d15_direct,2,15,open,1.0,1.47
-3.03,3,30.750134,14,d17_medium,2,17,closed,0.0,-3.0300000000000002
-3.03,3,30.752994,14,d19_detour,2,19,closed,0.0,-3.0300000000000002
-1.53,3,30.755862,14,d17_medium,2,17,closed,0.0,-1.53
1.47,3,30.758765,14,d15_direct,2,15,open,1.0,1.47
-3.03,3,30.762095,14,d19_detour,2,19,closed,0.0,-3.0300000000000002
1.52,38,30.784697,14,d15_direct,2,15,open,1.0,1.5199999999999991
-0.53,38,30.807782,14,d15_direct,2,15,open,1.0,-0.5300000000000007
-0.68,18,31.068502,14,d19_detour,2,19,closed,0.0,-0.6800000000000002
-3.03,3,31.072622,14,d19_detour,2,19,closed,0.0,-3.0300000000000002
2.07,38,31.098758,14,d15_direct,2,15,open,1.0,2.070000000000002
-3.03,3,31.101712,14,d17_medium,2,17,closed,0.0,-3.0300000000000002
1.47,3,31.104651,14,d15_direct,2,15,open,1.0,1.47
-3.03,3,31.107649,14,d17_medium,2,17,closed,0.0,-3.0300000000000002
4.14,36,31.134049,14,d15_direct,2,15,open,1.0,4.140000000000002
-3.03,3,31.137152,14,d19_detour,2,19,closed,0.0,-3.0300000000000002
-3.03,3,31.140241,14,d19_detour,2,19,closed,0.0,-3.0300000000000002
-1.53,3,31.143275,14,d17_medium,2,17,closed,0.0,-1.53
-3.03,3,31.146276,14,d17_medium,2,17,closed,0.0,-3.0300000000000002
4.14,36,31.167265,14,d15_direct,2,15,open,1.0,4.140000000000002
-0.03,3,31.170159,14,d15_direct,2,15,open,1.0,-0.030000000000000027
-3.03,3,31.173175,14,d17_medium,2,17,closed,0.0,-3.0300000000000002
-3.03,3,31.176663,14,d19_detour,2,19,closed,0.0,-3.0300000000000002
-3.03,3,31.179743,14,d19_detour,2,19,closed,0.0,-3.0300000000000002
-3.03,3,31.182738,14,d19_detour,2,19,closed,0.0,-3.0300000000000002
-0.23,38,31.205574,14,d15_direct,2,15,open,1.0,-0.23000000000000043
-0.43,38,31.228034,14,d15_direct,2,15,open,1.0,-0.4300000000000004
4.14,36,31.256218,14,d15_direct,2,15,open,1.0,4.140000000000002
-3.03,3,31.260476,14,d19_detour,2,19,closed,0.5,-3.0300000000000002
-3.03,3,31.264695,14,d19_detour,2,19,closed,0.0,-3.0300000000000002
-3.03,3,31.269103,14,d17_medium,2,17,closed,0.0,-3.0300000000000002
-3.03,3,31.273276,14,d17_medium,2,17,closed,0.0,-3.0300000000000002
-3.03,3,31.277303,14,d19_detour,2,19,closed,0.5,-3.0300000000000002
-3.03,3,31.281405,14,d19_detour,2,19,closed,0.0,-3.0300000000000002
1.47,3,31.284535,14,d15_direct,2,15,open,1.0,1.47
-3.03,3,31.288172,14,d17_medium,2,17,closed,0.0,-3.0300000000000002
1.73,37,31.318132,14,d15_direct,2,15,open,1.0,1.7300000000000004
-3.03,3,31.321929,14,d19_detour,2,19,closed,0.0,-3.0300000000000002
4.08,37,31.345798,14,d15_direct,2,15,open,1.0,4.080000000000002
4.14,36,31.375665,14,d15_direct,2,15,open,1.0,4.140000000000002
-3.34,19,31.393202,14,d19_detour,2,19,closed,0.0,-3.3400000000000007
-3.03,3,31.39731,14,d19_detour,2,19,closed,0.0,-3.0300000000000002
-3.03,3,31.401768,14,d19_detour,2,19,closed,0.0,-3.0300000000000002
-3.03,3,31.404717,14,d17_medium,2,17,closed,0.0,-3.0300000000000002
-0.86,16,31.415204,14,d17_medium,2,17,closed,0.0,-0.8600000000000001
-3.03,3,31.418388,14,d17_medium,2,17,closed,0.0,-3.0300000000000002
-3.03,3,31.421299,14,d17_medium,2,17,closed,0.0,-3.0300000000000002
-3.03,3,31.424139,14,d17_medium,2,17,closed,0.0,-3.0300000000000002
-3.03,3,31.427134,14,d17_medium,2,17,closed,0.0,-3.0300000000000002
2.13,37,31.448006,14,d15_direct,2,15,open,1.0,2.13
-1.53,3,31.450896,14,d19_detour,2,19,closed,0.0,-1.53
2.13,37,31.471661,14,d15_direct,2,15,open,1.0,2.1300000000000026
-3.03,3,31.474559,14,d19_detour,2,19,closed,0.5,-3.0300000000000002
-3.03,3,31.477584,14,d19_detour,2,19,closed,0.0,-3.0300000000000002
-3.03,3,31.480552,14,d17_medium,2,17,closed,0.0,-3.0300000000000002
1.47,3,31.483593,14,d15_direct,2,15,open,1.0,1.47
-3.03,3,31.486517,14,d19_detour,2,19,closed,0.0,-3.0300000000000002
-3.03,3,31.489562,14,d17_medium,2,17,closed,0.0,-3.0300000000000002
-2.62,12,31.497887,14,d19_detour,2,19,closed,0.5,-2.62
-2.69,19,31.509223,14,d19_detour,2,19,closed,0.0,-2.6900000000000004
-3.03,3,31.512134,14,d17_medium,2,17,closed,0.0,-3.0300000000000002
4.14,36,31.532969,14,d15_direct,2,15,open,1.0,4.140000000000002
-0.86,16,31.543868,14,d17_medium,2,17,closed,0.0,-0.8600000000000001
-3.07,17,31.554713,14,d17_medium,2,17,closed,0.0,-3.0700000000000003
-1.53,3,31.557567,14,d19_detour,2,19,closed,0.0,-1.53
-3.03,3,31.560707,14,d17_medium,2,17,closed,0.0,-3.0300000000000002
-3.03,3,31.56362,14,d19_detour,2,19,closed,0.0,-3.0300000000000002
4.14,36,31.584687,14,d15_direct,2,15,open,1.0,4.140000000000002
-3.03,3,31.587587,14,d17_medium,2,17,closed,0.0,-3.0300000000000002
1.69,26,31.603948,14,d15_direct,2,15,open,1.0,1.6899999999999997
-3.03,3,31.606858,14,d19_detour,2,19,closed,0.5,-3.0300000000000002
-2.97,17,31.617267,14,d17_medium,2,17,closed,0.0,-2.97
1.47,3,31.620177,14,d15_direct,2,15,open,1.0,1.47
2.08,37,31.641722,14,d15_direct,2,15,open,1.0,2.0799999999999996
-2.69,19,31.653315,14,d19_detour,2,19,closed,0.0,-2.6900000000000004
4.14,36,31.673617,14,d15_direct,2,15,open,1.0,4.140000000000002
-2.55,5,31.677626,14,d19_detour,2,19,closed,0.0,-2.55
-3.34,19,31.688601,14,d19_detour,2,19,closed,0.0,-3.3400000000000007
1.82,38,31.710597,14,d15_direct,2,15,open,1.0,1.8199999999999994
-3.03,3,31.713553,14,d17_medium,2,17,closed,0.0,-3.0300000000000002
4.14,36,31.734357,14,d15_direct,2,15,open,1.0,4.140000000000002
-3.03,3,31.737279,14,d17_medium,2,17,closed,0.0,-3.0300000000000002
-3.03,3,31.740149,14,d17_medium,2,17,closed,0.0,-3.0300000000000002
-3.03,3,31.743096,14,d17_medium,2,17,closed,0.0,-3.0300000000000002
-2.91,31,31.761304,14,d17_medium,2,17,closed,0.0,-2.91
-3.03,3,31.76417,14,d19_detour,2,19,closed,0.0,-3.0300000000000002
-3.07,17,31.774313,14,d17_medium,2,17,closed,0.0,-3.0700000000000003
4.14,36,31.795426,14,d15_direct,2,15,open,1.0,4.140000000000002
1.47,3,31.798432,14,d15_direct,2,15,open,1.0,1.47
1.47,3,31.801359,14,d15_direct,2,15,open,1.0,1.47
-3.03,3,31.804221,14,d19_detour,2,19,closed,0.0,-3.0300000000000002
-2.92,17,31.814574,14,d17_medium,2,17,closed,0.0,-2.92
-3.03,3,31.81742,14,d19_detour,2,19,closed,0.0,-3.0300000000000002
-3.03,3,31.820361,14,d19_detour,2,19,closed,0.0,-3.0300000000000002
-3.03,3,31.823285,14,d19_detour,2,19,closed,0.0,-3.0300000000000002
-3.03,3,31.826492,14,d19_detour,2,19,closed,0.0,-3.0300000000000002
-3.03,3,31.829825,14,d17_medium,2,17,closed,0.0,-3.0300000000000002
2.07,38,31.851692,14,d15_direct,2,15,open,1.0,2.070000000000002
-3.03,3,31.854586,14,d17_medium,2,17,closed,0.0,-3.0300000000000002
-3.03,3,31.857523,14,d19_detour,2,19,closed,0.0,-3.0300000000000002
-3.03,3,31.86042,14,d19_detour,2,19,closed,0.0,-3.0300000000000002
4.08,37,31.881638,14,d15_direct,2,15,open,1.0,4.080000000000002
-3.03,3,31.884566,14,d17_medium,2,17,closed,0.0,-3.0300000000000002
-0.03,3,31.887491,14,d15_direct,2,15,open,1.0,-0.030000000000000027
-3.03,3,31.890412,14,d19_detour,2,19,closed,0.0,-3.0300000000000002
2.08,37,31.912636,14,d15_direct,2,15,open,1.0,2.0799999999999996
1.63,37,31.934359,14,d15_direct,2,15,open,1.0,1.63
1.75,25,31.949087,14,d15_direct,2,15,open,1.0,1.7499999999999998
-3.03,3,31.952017,14,d17_medium,2,17,closed,0.0,-3.0300000000000002
-0.66,26,31.967802,14,d15_direct,2,15,open,1.0,-0.6600000000000006
-3.03,3,31.970689,14,d19_detour,2,19,closed,0.0,-3.0300000000000002
-2.62,12,31.978284,14,d19_detour,2,19,closed,0.0,-2.62
1.47,3,31.98115,14,d15_direct,2,15,open,1.0,1.47
4.08,37,32.004337,14,d15_direct,2,15,open,1.0,4.080000000000002
-0.46,26,32.020752,14,d15_direct,2,15,open,1.0,-0.4600000000000004
-2.92,17,32.031482,14,d17_medium,2,17,closed,0.0,-2.92
-3.03,3,32.035308,14,d17_medium,2,17,closed,0.0,-3.0300000000000002
-1.53,3,32.038545,14,d17_medium,2,17,closed,0.0,-1.53
1.47,3,32.042716,14,d15_direct,2,15,open,1.0,1.47
4.02,38,32.065804,14,d15_direct,2,15,open,1.0,4.020000000000002
-3.03,3,32.068689,14,d19_detour,2,19,closed,0.0,-3.0300000000000002
-3.03,3,32.071602,14,d17_medium,2,17,closed,0.0,-3.0300000000000002
-0.52,27,32.087296,14,d15_direct,2,15,open,1.0,-0.5200000000000005
1.47,3,32.09022,14,d15_direct,2,15,open,1.0,1.47
4.08,37,32.111748,14,d15_direct,2,15,open,1.0,4.080000000000002
-0.64,14,32.120444,14,d15_direct,2,15,open,1.0,-0.6400000000000001
-3.03,3,32.123741,14,d19_detour,2,19,closed,0.0,-3.0300000000000002
-3.03,3,32.127245,14,d19_detour,2,19,closed,0.0,-3.0300000000000002
-2.27,27,32.14346,14,d15_direct,2,15,open,1.0,-2.2700000000000005
-3.03,3,32.146431,14,d19_detour,2,19,closed,0.0,-3.0300000000000002
4.14,36,32.167399,14,d15_direct,2,15,open,1.0,4.140000000000002
-3.27,17,32.17755,14,d17_medium,2,17,closed,0.0,-3.2700000000000005
1.98,37,32.198816,14,d15_direct,2,15,open,1.0,1.9800000000000018
4.08,37,32.219847,14,d15_direct,2,15,open,1.0,4.080000000000002
-3.03,3,32.222807,14,d17_medium,2,17,closed,0.0,-3.0300000000000002
4.02,38,32.24432,14,d15_direct,2,15,open,1.0,4.020000000000001
-3.03,3,32.247221,14,d17_medium,2,17,closed,0.0,-3.0300000000000002
1.78,37,32.268439,14,d15_direct,2,15,open,1.0,1.7799999999999994
1.47,3,32.271399,14,d15_direct,2,15,open,1.0,1.47
2.13,37,32.29314,14,d15_direct,2,15,open,1.0,2.13
-0.86,16,32.302941,14,d17_medium,2,17,closed,0.0,-0.8600000000000001
-3.03,3,32.305888,14,d19_detour,2,19,closed,0.0,-3.0300000000000002
-3.03,3,32.309165,14,d19_detour,2,19,closed,0.0,-3.0300000000000002
1.47,3,32.312251,14,d15_direct,2,15,open,1.0,1.47
2.13,37,32.333528,14,d15_direct,2,15,open,1.0,2.13
-3.03,3,32.336487,14,d17_medium,2,17,closed,0.0,-3.0300000000000002
-3.24,19,32.348032,14,d19_detour,2,19,closed,0.0,-3.24
4.08,37,32.372732,14,d15_direct,2,15,open,1.0,4.080000000000002
-0.43,38,32.395478,14,d15_direct,2,15,open,1.0,-0.4300000000000004
1.75,25,32.410122,14,d15_direct,2,15,open,1.0,1.7499999999999998
-3.03,3,32.413013,14,d17_medium,2,17,closed,0.0,-3.0300000000000002
-3.03,3,32.415917,14,d17_medium,2,17,closed,0.0,-3.0300000000000002
4.08,37,32.691024,14,d15_direct,2,15,open,1.0,4.080000000000002
-2.55,5,32.695026,14,d19_detour,2,19,closed,0.0,-2.55
-0.03,3,32.697931,14,d15_direct,2,15,open,1.0,-0.030000000000000027
-1.53,3,32.700862,14,d19_detour,2,19,closed,0.5,-1.53
-3.03,3,32.703772,14,d19_detour,2,19,closed,0.0,-3.0300000000000002
-3.03,3,32.706654,14,d19_detour,2,19,closed,0.0,-3.0300000000000002
-3.04,19,32.718333,14,d19_detour,2,19,closed,0.0,-3.04
0.02,38,32.740577,14,d15_direct,2,15,open,1.0,0.019999999999999574
1.69,26,32.757429,14,d15_direct,2,15,open,1.0,1.6899999999999997
-3.03,3,32.760233,14,d19_detour,2,19,closed,0.5,-3.0300000000000002
-0.03,3,32.763062,14,d15_direct,2,15,open,1.0,-0.030000000000000027
-3.03,3,32.765993,14,d17_medium,2,17,closed,0.0,-3.0300000000000002
-3.03,3,32.769003,14,d17_medium,2,17,closed,0.0,-3.0300000000000002
-3.03,3,32.771883,14,d19_detour,2,19,closed,0.0,-3.0300000000000002
-3.03,3,32.774724,14,d19_detour,2,19,closed,0.0,-3.0300000000000002
-0.68,18,32.785748,14,d19_detour,2,19,closed,0.0,-0.6800000000000002
-3.03,3,32.7886,14,d19_detour,2,19,closed,0.0,-3.0300000000000002
-3.03,3,32.791456,14,d19_detour,2,19,closed,0.5,-3.0300000000000002
-3.03,3,32.794439,14,d17_medium,2,17,closed,0.0,-3.0300000000000002
1.75,25,32.809283,14,d15_direct,2,15,open,1.0,1.7499999999999998
-3.03,3,32.812189,14,d19_detour,2,19,closed,0.0,-3.0300000000000002
-3.03,3,32.815049,14,d19_detour,2,19,closed,0.0,-3.0300000000000002
4.08,37,32.836254,14,d15_direct,2,15,open,1.0,4.080000000000002
-3.03,3,32.839126,14,d19_detour,2,19,closed,0.0,-3.0300000000000002
2.13,37,32.86042,14,d15_direct,2,15,open,1.0,2.13
-3.03,3,32.863282,14,d19_detour,2,19,closed,0.0,-3.0300000000000002
1.47,3,32.866236,14,d15_direct,2,15,open,1.0,1.47
1.92,38,32.888453,14,d15_direct,2,15,open,1.0,1.9199999999999997
-3.03,3,32.891451,14,d19_detour,2,19,closed,0.0,-3.0300000000000002
-3.03,3,32.894331,14,d19_detour,2,19,closed,0.0,-3.0300000000000002
4.14,36,32.915132,14,d15_direct,2,15,open,1.0,4.140000000000002
-3.03,3,32.918045,14,d19_detour,2,19,closed,0.0,-3.0300000000000002
-3.03,3,32.920946,14,d17_medium,2,17,closed,0.0,-3.0300000000000002
-3.03,3,32.923906,14,d17_medium,2,17,closed,0.0,-3.0300000000000002
-3.03,3,32.926873,14,d17_medium,2,17,closed,0.0,-3.0300000000000002
-3.03,3,32.929792,14,d17_medium,2,17,closed,0.0,-3.0300000000000002
1.47,3,32.932669,14,d15_direct,2,15,open,1.0,1.47
-3.03,3,32.935567,14,d19_detour,2,19,closed,0.0,-3.0300000000000002
1.47,3,32.938539,14,d15_direct,2,15,open,1.0,1.47
-1.53,3,32.942115,14,d19_detour,2,19,closed,0.0,-1.53
1.98,37,32.964894,14,d15_direct,2,15,open,1.0,1.9799999999999995
-3.03,3,32.967891,14,d17_medium,2,17,closed,0.0,-3.0300000000000002
1.47,3,32.970798,14,d15_direct,2,15,open,1.0,1.47
-3.03,3,32.973693,14,d19_detour,2,19,closed,0.0,-3.0300000000000002
1.75,25,32.989101,14,d15_direct,2,15,open,1.0,1.7499999999999998
-3.03,3,32.992094,14,d19_detour,2,19,closed,0.0,-3.0300000000000002
-3.03,3,32.994962,14,d19_detour,2,19,closed,0.0,-3.0300000000000002
-2.78,13,33.00292,14,d19_detour,2,19,closed,0.5,-2.7800000000000002
4.14,36,33.025216,14,d15_direct,2,15,open,1.0,4.140000000000002
2.08,37,33.052572,14,d15_direct,2,15,open,1.0,2.0799999999999996
-3.02,17,33.063385,14,d17_medium,2,17,closed,0.0,-3.0200000000000005
-3.29,19,33.074421,14,d19_detour,2,19,closed,0.0,-3.290000000000001
-3.03,3,33.077349,14,d17_medium,2,17,closed,0.0,-3.0300000000000002
-0.64,14,33.086379,14,d15_direct,2,15,open,1.0,-0.6400000000000001
1.47,3,33.089383,14,d15_direct,2,15,open,1.0,1.47
-3.03,3,33.092267,14,d19_detour,2,19,closed,0.0,-3.0300000000000002
1.98,37,33.112848,14,d15_direct,2,15,open,1.0,1.9800000000000018
-3.03,3,33.115734,14,d17_medium,2,17,closed,0.0,-3.0300000000000002
-3.03,3,33.118617,14,d17_medium,2,17,closed,0.0,-3.0300000000000002
1.47,3,33.121488,14,d15_direct,2,15,open,1.0,1.47
-3.03,3,33.124711,14,d17_medium,2,17,closed,0.0,-3.0300000000000002
4.08,37,33.147543,14,d15_direct,2,15,open,1.0,4.080000000000002
-3.03,3,33.1506,14,d19_detour,2,19,closed,0.0,-3.0300000000000002
-0.86,16,33.160837,14,d17_medium,2,17,closed,0.0,-0.8600000000000001
-3.03,3,33.164012,14,d19_detour,2,19,closed,0.0,-3.0300000000000002
1.75,25,33.17886,14,d15_direct,2,15,open,1.0,1.7499999999999998
-2.69,19,33.190419,14,d19_detour,2,19,closed,0.0,-2.6900000000000004
1.98,37,33.212256,14,d15_direct,2,15,open,1.0,1.9799999999999995
1.47,3,33.215169,14,d15_direct,2,15,open,1.0,1.47
-3.03,3,33.21821,14,d19_detour,2,19,closed,0.0,-3.0300000000000002
-1.53,3,33.221221,14,d17_medium,2,17,closed,0.0,-1.53
-3.34,19,33.232463,14,d19_detour,2,19,closed,0.0,-3.3400000000000007
1.47,3,33.235456,14,d15_direct,2,15,open,1.0,1.47
-2.87,17,33.246034,14,d17_medium,2,17,closed,0.0,-2.87
-3.03,3,33.249481,14,d17_medium,2,17,closed,0.0,-3.0300000000000002
-3.03,3,33.252802,14,d19_detour,2,19,closed,0.0,-3.0300000000000002
4.14,36,33.273661,14,d15_direct,2,15,open,1.0,4.140000000000002
1.83,37,33.295539,14,d15_direct,2,15,open,1.0,1.8299999999999994
-3.03,3,33.298491,14,d19_detour,2,19,closed,0.0,-3.0300000000000002
-3.03,3,33.301473,14,d17_medium,2,17,closed,0.0,-3.0300000000000002
-3.14,19,33.313063,14,d19_detour,2,19,closed,0.0,-3.1399999999999997
-2.55,5,33.317063,14,d19_detour,2,19,closed,0.0,-2.55
-1.53,3,33.319992,14,d19_detour,2,19,closed,0.0,-1.53
-1.53,3,33.322885,14,d19_detour,2,19,closed,0.0,-1.53
-3.03,3,33.325733,14,d19_detour,2,19,closed,0.0,-3.0300000000000002
-3.03,3,33.328639,14,d17_medium,2,17,closed,0.0,-3.0300000000000002
-3.03,3,33.331833,14,d19_detour,2,19,closed,0.0,-3.0300000000000002
-3.03,3,33.334873,14,d19_detour,2,19,closed,0.0,-3.0300000000000002
-3.03,3,33.338003,14,d17_medium,2,17,closed,0.0,-3.0300000000000002
-3.03,3,33.340996,14,d19_detour,2,19,closed,0.0,-3.0300000000000002
-3.03,3,33.343803,14,d19_detour,2,19,closed,0.5,-3.0300000000000002
-3.03,3,33.346686,14,d19_detour,2,19,closed,0.0,-3.0300000000000002
-3.03,3,33.349616,14,d17_medium,2,17,closed,0.0,-3.0300000000000002
-1.53,3,33.35275,14,d19_detour,2,19,closed,0.0,-1.53
-3.03,3,33.355975,14,d19_detour,2,19,closed,0.0,-3.0300000000000002
-0.03,3,33.358818,14,d19_detour,2,19,closed,0.5,-0.030000000000000027
-3.03,3,33.361809,14,d19_detour,2,19,closed,0.0,-3.0300000000000002
-2.65,15,33.371376,14,d15_direct,2,15,open,1.0,-2.6500000000000004
-3.03,3,33.374406,14,d17_medium,2,17,closed,0.0,-3.0300000000000002
1.47,3,33.37738,14,d15_direct,2,15,open,1.0,1.47
1.78,37,33.402534,14,d15_direct,2,15,open,1.0,1.7799999999999994
-2.74,19,33.414114,14,d19_detour,2,19,closed,0.0,-2.74
4.14,36,33.434943,14,d15_direct,2,15,open,1.0,4.140000000000002
-3.03,3,33.43788,14,d19_detour,2,19,closed,0.0,-3.0300000000000002
-3.03,3,33.440851,14,d19_detour,2,19,closed,0.0,-3.0300000000000002
-3.03,3,33.443736,14,d17_medium,2,17,closed,0.0,-3.0300000000000002
0.07,38,33.466999,14,d15_direct,2,15,open,1.0,0.06999999999999962
-3.03,3,33.470059,14,d19_detour,2,19,closed,0.0,-3.0300000000000002
-0.03,3,33.472979,14,d15_direct,2,15,open,1.0,-0.030000000000000027
-3.03,3,33.476218,14,d19_detour,2,19,closed,0.0,-3.0300000000000002
-1.53,3,33.479238,14,d19_detour,2,19,closed,0.0,-1.53
4.14,36,33.501374,14,d15_direct,2,15,open,1.0,4.140000000000002
-3.34,19,33.513571,14,d19_detour,2,19,closed,0.0,-3.3400000000000007
1.47,3,33.516582,14,d15_direct,2,15,open,1.0,1.47
-3.03,3,33.51942,14,d19_detour,2,19,closed,0.0,-3.0300000000000002
1.51,39,33.541496,14,d15_direct,2,15,open,1.0,1.5099999999999996
-3.03,3,33.544515,14,d19_detour,2,19,closed,0.0,-3.0300000000000002
-3.07,17,33.555094,14,d17_medium,2,17,closed,0.0,-3.0700000000000003
-3.03,3,33.557989,14,d19_detour,2,19,closed,0.0,-3.0300000000000002
-3.03,3,33.560986,14,d17_medium,2,17,closed,0.0,-3.0300000000000002
-3.02,17,33.571619,14,d17_medium,2,17,closed,0.0,-3.0200000000000005
4.14,36,33.592421,14,d15_direct,2,15,open,1.0,4.140000000000002
-3.03,3,33.595482,14,d19_detour,2,19,closed,0.0,-3.0300000000000002
-3.03,3,33.598378,14,d19_detour,2,19,closed,0.0,-3.0300000000000002
1.47,3,33.601253,14,d15_direct,2,15,open,1.0,1.47
1.47,3,33.604184,14,d15_direct,2,15,open,1.0,1.47
4.08,37,33.625047,14,d15_direct,2,15,open,1.0,4.080000000000002
-3.03,3,33.627921,14,d17_medium,2,17,closed,0.0,-3.0300000000000002
1.47,3,33.630798,14,d15_direct,2,15,open,1.0,1.47
1.75,25,33.645278,14,d15_direct,2,15,open,1.0,1.7499999999999998
-3.03,3,33.64819,14,d17_medium,2,17,closed,0.0,-3.0300000000000002
-3.03,3,33.650985,14,d19_detour,2,19,closed,0.5,-3.0300000000000002
-3.03,3,33.653847,14,d17_medium,2,17,closed,0.0,-3.0300000000000002
-3.03,3,33.656717,14,d17_medium,2,17,closed,0.0,-3.0300000000000002
4.02,38,33.678083,14,d15_direct,2,15,open,1.0,4.020000000000001
-3.03,3,33.680955,14,d19_detour,2,19,closed,0.0,-3.0300000000000002
-3.03,3,33.683845,14,d19_detour,2,19,closed,0.0,-3.0300000000000002
-3.03,3,33.686722,14,d17_medium,2,17,closed,0.0,-3.0300000000000002
-3.03,3,33.689637,14,d17_medium,2,17,closed,0.0,-3.0300000000000002
-3.03,3,33.692571,14,d19_detour,2,19,closed,0.0,-3.0300000000000002
-3.03,3,33.69551,14,d17_medium,2,17,closed,0.0,-3.0300000000000002
-3.03,3,33.698344,14,d19_detour,2,19,closed,0.0,-3.0300000000000002
-3.03,3,33.701299,14,d19_detour,2,19,closed,0.0,-3.0300000000000002
-2.55,5,33.705149,14,d19_detour,2,19,closed,0.0,-2.55
-3.03,3,33.707989,14,d19_detour,2,19,closed,0.0,-3.0300000000000002
-1.53,3,33.710792,14,d19_detour,2,19,closed,0.0,-1.53
-1.53,3,33.713593,14,d19_detour,2,19,closed,0.5,-1.53
-2.97,17,33.724209,14,d17_medium,2,17,closed,0.0,-2.97
-0.86,16,33.734357,14,d17_medium,2,17,closed,0.0,-0.8600000000000001
-2.91,31,33.751886,14,d17_medium,2,17,closed,0.0,-2.910000000000001
4.14,36,33.772861,14,d15_direct,2,15,open,1.0,4.140000000000002
-3.03,3,33.775747,14,d17_medium,2,17,closed,0.0,-3.0300000000000002
4.08,37,33.797235,14,d15_direct,2,15,open,1.0,4.080000000000002
-0.74,19,33.808486,14,d19_detour,2,19,closed,0.0,-0.7400000000000002
-0.86,16,33.818145,14,d17_medium,2,17,closed,0.0,-0.8600000000000001
4.02,38,33.840268,14,d15_direct,2,15,open,1.0,4.020000000000001
1.47,3,33.8432,14,d15_direct,2,15,open,1.0,1.47
-3.03,3,33.846126,14,d17_medium,2,17,closed,0.0,-3.0300000000000002
4.02,38,33.869052,14,d15_direct,2,15,open,1.0,4.020000000000002
-3.03,3,33.871958,14,d19_detour,2,19,closed,0.0,-3.0300000000000002
1.47,3,33.874905,14,d15_direct,2,15,open,1.0,1.47
4.14,36,33.89598,14,d15_direct,2,15,open,1.0,4.140000000000002
-2.55,5,33.900003,14,d19_detour,2,19,closed,0.0,-2.55
4.08,37,33.920922,14,d15_direct,2,15,open,1.0,4.080000000000002
1.93,37,33.942992,14,d15_direct,2,15,open,1.0,1.9299999999999995
-3.07,17,33.95372,14,d17_medium,2,17,closed,0.0,-3.0700000000000003
-3.03,3,33.956481,14,d19_detour,2,19,closed,0.5,-3.0300000000000002
-3.03,3,33.959738,14,d17_medium,2,17,closed,0.0,-3.0300000000000002
1.58,37,33.980887,14,d15_direct,2,15,open,1.0,1.5799999999999996
-3.03,3,33.98381,14,d17_medium,2,17,closed,0.0,-3.0300000000000002
1.75,25,33.998177,14,d15_direct,2,15,open,1.0,1.7499999999999998
-2.55,5,34.002029,14,d19_detour,2,19,closed,0.0,-2.55
-3.03,3,34.004872,14,d19_detour,2,19,closed,0.0,-3.0300000000000002
-3.03,3,34.007724,14,d19_detour,2,19,closed,0.0,-3.0300000000000002
1.58,37,34.028435,14,d15_direct,2,15,open,1.0,1.5799999999999996
1.47,3,34.031341,14,d15_direct,2,15,open,1.0,1.47
4.02,38,34.304203,14,d15_direct,2,15,open,1.0,4.020000000000001
4.14,36,34.325777,14,d15_direct,2,15,open,1.0,4.140000000000002
-0.71,26,34.341746,14,d15_direct,2,15,open,1.0,-0.7100000000000009
-0.82,27,34.357038,14,d15_direct,2,15,open,1.0,-0.8200000000000007
-0.68,18,34.368503,14,d19_detour,2,19,closed,0.0,-0.6800000000000002
-2.55,5,34.372709,14,d19_detour,2,19,closed,0.0,-2.55
-3.03,3,34.375483,14,d19_detour,2,19,closed,0.0,-3.0300000000000002
-3.03,3,34.378298,14,d19_detour,2,19,closed,0.0,-3.0300000000000002
-3.03,3,34.381062,14,d17_medium,2,17,closed,0.0,-3.0300000000000002
-3.03,3,34.383811,14,d19_detour,2,19,closed,0.0,-3.0300000000000002
-2.86,31,34.401521,14,d17_medium,2,17,closed,0.0,-2.8600000000000003
-0.86,16,34.411785,14,d17_medium,2,17,closed,0.0,-0.8600000000000001
-3.03,3,34.414796,14,d17_medium,2,17,closed,0.0,-3.0300000000000002
-3.03,3,34.417639,14,d17_medium,2,17,closed,0.0,-3.0300000000000002
-3.03,3,34.420537,14,d17_medium,2,17,closed,0.0,-3.0300000000000002
-2.62,12,34.428003,14,d17_medium,2,17,closed,0.0,-2.62
2.03,37,34.448541,14,d15_direct,2,15,open,1.0,2.030000000000002
-3.03,3,34.451383,14,d19_detour,2,19,closed,0.0,-3.0300000000000002
-3.03,3,34.454283,14,d17_medium,2,17,closed,0.0,-3.0300000000000002
-3.03,3,34.457105,14,d17_medium,2,17,closed,0.0,-3.0300000000000002
-3.03,3,34.459945,14,d17_medium,2,17,closed,0.0,-3.0300000000000002
-1.53,3,34.462805,14,d19_detour,2,19,closed,0.0,-1.53
-3.03,3,34.46575,14,d17_medium,2,17,closed,0.0,-3.0300000000000002
-3.03,3,34.468995,14,d17_medium,2,17,closed,0.0,-3.0300000000000002
1.75,25,34.483634,14,d15_direct,2,15,open,1.0,1.7499999999999998
-2.55,5,34.487513,14,d19_detour,2,19,closed,0.0,-2.55
-3.03,3,34.490449,14,d19_detour,2,19,closed,0.0,-3.0300000000000002
-3.34,19,34.501756,14,d19_detour,2,19,closed,0.0,-3.3400000000000007
-1.53,3,34.504641,14,d17_medium,2,17,closed,0.0,-1.53
4.08,37,34.524973,14,d15_direct,2,15,open,1.0,4.080000000000002
-3.07,17,34.535582,14,d17_medium,2,17,closed,0.0,-3.0700000000000003
-0.68,18,34.546054,14,d19_detour,2,19,closed,0.0,-0.6800000000000002
4.08,37,34.566513,14,d15_direct,2,15,open,1.0,4.080000000000002
1.69,26,34.583045,14,d15_direct,2,15,open,1.0,1.6899999999999997
-3.03,3,34.58611,14,d19_detour,2,19,closed,0.0,-3.0300000000000002
-0.86,16,34.59631,14,d17_medium,2,17,closed,0.0,-0.8600000000000001
-3.03,3,34.599148,14,d19_detour,2,19,closed,0.0,-3.0300000000000002
-3.03,3,34.602726,14,d17_medium,2,17,closed,0.0,-3.0300000000000002
-3.03,3,34.60589,14,d19_detour,2,19,closed,0.0,-3.0300000000000002
-0.86,16,34.61627,14,d17_medium,2,17,closed,0.0,-0.8600000000000001
-0.03,3,34.619234,14,d15_direct,2,15,open,1.0,-0.030000000000000027
-3.03,3,34.622149,14,d19_detour,2,19,closed,0.0,-3.0300000000000002
-3.03,3,34.625059,14,d19_detour,2,19,closed,0.0,-3.0300000000000002
-3.03,3,34.627876,14,d19_detour,2,19,closed,0.5,-3.0300000000000002
-3.03,3,34.630785,14,d17_medium,2,17,closed,0.0,-3.0300000000000002
-3.03,3,34.633659,14,d19_detour,2,19,closed,0.0,-3.0300000000000002
-2.74,19,34.645344,14,d19_detour,2,19,closed,0.0,-2.74
1.47,3,34.648232,14,d15_direct,2,15,open,1.0,1.47
-2.6,10,34.654788,14,d19_detour,2,19,closed,0.0,-2.6
-3.03,3,34.657687,14,d17_medium,2,17,closed,0.0,-3.0300000000000002
1.47,3,34.660592,14,d15_direct,2,15,open,1.0,1.47
-3.03,3,34.663595,14,d19_detour,2,19,closed,0.0,-3.0300000000000002
-3.03,3,34.666585,14,d19_detour,2,19,closed,0.0,-3.0300000000000002
1.47,3,34.669541,14,d15_direct,2,15,open,1.0,1.47
-3.03,3,34.672497,14,d17_medium,2,17,closed,0.0,-3.0300000000000002
-3.03,3,34.675465,14,d19_detour,2,19,closed,0.0,-3.0300000000000002
-3.03,3,34.678329,14,d19_detour,2,19,closed,0.0,-3.0300000000000002
-3.03,3,34.681313,14,d17_medium,2,17,closed,0.0,-3.0300000000000002
-3.03,3,34.684293,14,d19_detour,2,19,closed,0.0,-3.0300000000000002
4.08,37,34.706145,14,d15_direct,2,15,open,1.0,4.080000000000002
-1.53,3,34.70905,14,d19_detour,2,19,closed,0.5,-1.53
-3.03,3,34.711927,14,d19_detour,2,19,closed,0.0,-3.0300000000000002
4.14,36,34.732675,14,d15_direct,2,15,open,1.0,4.140000000000002
4.14,36,34.754082,14,d15_direct,2,15,open,1.0,4.140000000000002
-3.03,3,34.756958,14,d17_medium,2,17,closed,0.0,-3.0300000000000002
-3.03,3,34.759888,14,d19_detour,2,19,closed,0.0,-3.0300000000000002
-3.03,3,34.762704,14,d19_detour,2,19,closed,0.0,-3.0300000000000002
-3.03,3,34.765663,14,d17_medium,2,17,closed,0.0,-3.0300000000000002
-0.91,31,34.784766,14,d17_medium,2,17,closed,0.0,-0.9100000000000004
2.08,37,34.806439,14,d15_direct,2,15,open,1.0,2.0799999999999996
-1.53,3,34.809372,14,d19_detour,2,19,closed,0.0,-1.53
1.75,25,34.824272,14,d15_direct,2,15,open,1.0,1.7499999999999998
-0.86,16,34.834638,14,d17_medium,2,17,closed,0.0,-0.8600000000000001
-3.03,3,34.837576,14,d19_detour,2,19,closed,0.0,-3.0300000000000002
-3.03,3,34.840547,14,d19_detour,2,19,closed,0.0,-3.0300000000000002
4.14,36,34.861514,14,d15_direct,2,15,open,1.0,4.140000000000002
4.14,36,34.882372,14,d15_direct,2,15,open,1.0,4.140000000000002
-0.68,18,34.893157,14,d19_detour,2,19,closed,0.0,-0.6800000000000002
-3.03,3,34.895881,14,d19_detour,2,19,closed,0.5,-3.0300000000000002
4.14,36,34.915883,14,d15_direct,2,15,open,1.0,4.140000000000002
-3.03,3,34.918936,14,d17_medium,2,17,closed,0.0,-3.0300000000000002
1.75,25,34.933136,14,d15_direct,2,15,open,1.0,1.7499999999999998
-0.86,16,34.943859,14,d17_medium,2,17,closed,0.0,-0.8600000000000001
-0.03,3,34.9478,14,d15_direct,2,15,open,1.0,-0.030000000000000027
-2.21,21,34.961324,14,d17_medium,2,17,closed,0.0,-2.21
-3.03,3,34.964216,14,d19_detour,2,19,closed,0.0,-3.0300000000000002
4.14,36,34.98478,14,d15_direct,2,15,open,1.0,4.140000000000002
-2.55,5,34.988635,14,d19_detour,2,19,closed,0.0,-2.55
-3.03,3,34.991474,14,d17_medium,2,17,closed,0.0,-3.0300000000000002
-2.69,19,35.00257,14,d19_detour,2,19,closed,0.0,-2.6900000000000004
-3.03,3,35.005424,14,d19_detour,2,19,closed,0.0,-3.0300000000000002
4.14,36,35.026249,14,d15_direct,2,15,open,1.0,4.140000000000002
-3.03,3,35.029236,14,d17_medium,2,17,closed,0.0,-3.0300000000000002
-3.03,3,35.032164,14,d17_medium,2,17,closed,0.0,-3.0300000000000002
-3.03,3,35.035074,14,d17_medium,2,17,closed,0.0,-3.0300000000000002
-0.86,16,35.044957,14,d17_medium,2,17,closed,0.0,-0.8600000000000001
-3.03,3,35.047802,14,d19_detour,2,19,closed,0.0,-3.0300000000000002
-3.03,3,35.050774,14,d17_medium,2,17,closed,0.0,-3.0300000000000002
-3.03,3,35.053595,14,d19_detour,2,19,closed,0.0,-3.0300000000000002
-3.03,3,35.056743,14,d19_detour,2,19,closed,0.0,-3.0300000000000002
-3.03,3,35.059743,14,d17_medium,2,17,closed,0.0,-3.0300000000000002
-0.86,16,35.069296,14,d17_medium,2,17,closed,0.0,-0.8600000000000001
1.47,3,35.072095,14,d15_direct,2,15,open,1.0,1.47
-0.86,16,35.08164,14,d17_medium,2,17,closed,0.0,-0.8600000000000001
-0.03,3,35.084547,14,d17_medium,2,17,closed,0.0,-0.030000000000000027
-3.03,3,35.087502,14,d17_medium,2,17,closed,0.0,-3.0300000000000002
1.68,37,35.108217,14,d15_direct,2,15,open,1.0,1.6799999999999993
-2.92,17,35.118299,14,d17_medium,2,17,closed,0.0,-2.92
-3.03,3,35.121116,14,d19_detour,2,19,closed,0.0,-3.0300000000000002
1.47,3,35.123986,14,d15_direct,2,15,open,1.0,1.47
1.63,37,35.14424,14,d15_direct,2,15,open,1.0,1.6299999999999992
1.69,26,35.159669,14,d15_direct,2,15,open,1.0,1.6899999999999997
1.47,3,35.162492,14,d15_direct,2,15,open,1.0,1.47
-3.03,3,35.165346,14,d19_detour,2,19,closed,0.0,-3.0300000000000002
-3.03,3,35.168142,14,d19_detour,2,19,closed,0.0,-3.0300000000000002
-3.03,3,35.170987,14,d17_medium,2,17,closed,0.0,-3.0300000000000002
-0.86,16,35.181136,14,d17_medium,2,17,closed,0.0,-0.8600000000000001
1.47,3,35.183994,14,d15_direct,2,15,open,1.0,1.47
-3.03,3,35.186804,14,d17_medium,2,17,closed,0.0,-3.0300000000000002
-2.55,5,35.190659,14,d19_detour,2,19,closed,0.0,-2.55
-0.03,3,35.193434,14,d15_direct,2,15,open,1.0,-0.030000000000000027
-3.03,3,35.196297,14,d17_medium,2,17,closed,0.0,-3.0300000000000002
-3.03,3,35.199096,14,d17_medium,2,17,closed,0.0,-3.0300000000000002
-1.53,3,35.201832,14,d19_detour,2,19,closed,0.5,-1.53
-3.03,3,35.204683,14,d19_detour,2,19,closed,0.0,-3.0300000000000002
4.08,37,35.225371,14,d15_direct,2,15,open,1.0,4.080000000000002
-0.68,18,35.236207,14,d19_detour,2,19,closed,0.0,-0.6800000000000002
2.13,37,35.263973,14,d15_direct,2,15,open,1.0,2.13
1.97,38,35.285885,14,d15_direct,2,15,open,1.0,1.9700000000000013
1.97,38,35.307425,14,d15_direct,2,15,open,1.0,1.9699999999999998
-3.03,3,35.310402,14,d17_medium,2,17,closed,0.0,-3.0300000000000002
-3.03,3,35.31339,14,d19_detour,2,19,closed,0.0,-3.0300000000000002
1.97,38,35.335055,14,d15_direct,2,15,open,1.0,1.9699999999999995
4.14,36,35.355585,14,d15_direct,2,15,open,1.0,4.140000000000002
-3.03,3,35.358597,14,d17_medium,2,17,closed,0.0,-3.0300000000000002
-0.68,18,35.369604,14,d19_detour,2,19,closed,0.0,-0.6800000000000002
-3.03,3,35.37255,14,d19_detour,2,19,closed,0.0,-3.0300000000000002
-0.86,16,35.382664,14,d17_medium,2,17,closed,0.0,-0.8600000000000001
-3.03,3,35.385851,14,d17_medium,2,17,closed,0.0,-3.0300000000000002
-0.68,18,35.397127,14,d19_detour,2,19,closed,0.0,-0.6800000000000002
1.75,25,35.411797,14,d15_direct,2,15,open,1.0,1.7499999999999998
-3.03,3,35.414665,14,d17_medium,2,17,closed,0.0,-3.0300000000000002
1.47,3,35.417607,14,d15_direct,2,15,open,1.0,1.47
1.47,3,35.420801,14,d15_direct,2,15,open,1.0,1.47
-0.92,17,35.432943,14,d17_medium,2,17,closed,0.0,-0.9200000000000002
-0.86,16,35.443043,14,d17_medium,2,17,closed,0.0,-0.8600000000000001
-3.03,3,35.446147,14,d19_detour,2,19,closed,0.0,-3.0300000000000002
-3.03,3,35.449064,14,d17_medium,2,17,closed,0.0,-3.0300000000000002
1.98,37,35.471817,14,d15_direct,2,15,open,1.0,1.9799999999999995
-3.03,3,35.474659,14,d19_detour,2,19,closed,0.5,-3.0300000000000002
-3.03,3,35.478115,14,d17_medium,2,17,closed,0.0,-3.0300000000000002
-3.03,3,35.481268,14,d19_detour,2,19,closed,0.0,-3.0300000000000002
-3.34,19,35.494445,14,d19_detour,2,19,closed,0.0,-3.3400000000000007
4.14,36,35.516285,14,d15_direct,2,15,open,1.0,4.140000000000002
-3.03,3,35.51927,14,d17_medium,2,17,closed,0.0,-3.0300000000000002
-3.03,3,35.523094,14,d19_detour,2,19,closed,0.0,-3.0300000000000002
-3.03,3,35.526411,14,d19_detour,2,19,closed,0.0,-3.0300000000000002
-3.03,3,35.529394,14,d17_medium,2,17,closed,0.0,-3.0300000000000002
-3.03,3,35.532479,14,d17_medium,2,17,closed,0.0,-3.0300000000000002
-2.97,17,35.54335,14,d17_medium,2,17,closed,0.0,-2.97
-3.03,3,35.546196,14,d19_detour,2,19,closed,0.0,-3.0300000000000002
-3.03,3,35.549022,14,d19_detour,2,19,closed,0.0,-3.0300000000000002
-3.03,3,35.552269,14,d17_medium,2,17,closed,0.0,-3.0300000000000002
-3.03,3,35.555641,14,d19_detour,2,19,closed,0.0,-3.0300000000000002
-3.03,3,35.558541,14,d19_detour,2,19,closed,0.0,-3.0300000000000002
4.08,37,35.579151,14,d15_direct,2,15,open,1.0,4.080000000000002
-3.03,3,35.581931,14,d19_detour,2,19,closed,0.0,-3.0300000000000002
-0.74,19,35.593079,14,d19_detour,2,19,closed,0.0,-0.7400000000000002
-3.03,3,35.595958,14,d17_medium,2,17,closed,0.0,-3.0300000000000002
1.47,3,35.598785,14,d15_direct,2,15,open,1.0,1.47
-0.26,26,35.614108,14,d15_direct,2,15,open,1.0,-0.26000000000000023
4.14,36,35.634218,14,d15_direct,2,15,open,1.0,4.140000000000002
-1.53,3,35.637123,14,d17_medium,2,17,closed,0.0,-1.53
-2.55,5,35.640917,14,d19_detour,2,19,closed,0.0,-2.55
-3.03,3,35.643672,14,d19_detour,2,19,closed,0.5,-3.0300000000000002
-0.86,16,35.87557,14,d17_medium,2,17,closed,0.0,-0.8600000000000001
1.47,3,35.878561,14,d15_direct,2,15,open,1.0,1.47
-0.86,16,35.888635,14,d17_medium,2,17,closed,0.0,-0.8600000000000001
2.13,37,35.909984,14,d15_direct,2,15,open,1.0,2.13
-2.56,21,35.922729,14,d19_detour,2,19,closed,0.0,-2.5600000000000005
-3.03,3,35.925788,14,d19_detour,2,19,closed,0.0,-3.0300000000000002
-3.03,3,35.928737,14,d17_medium,2,17,closed,0.0,-3.0300000000000002
-2.69,19,35.940365,14,d19_detour,2,19,closed,0.0,-2.6900000000000004
-1.53,3,35.943431,14,d17_medium,2,17,closed,0.0,-1.53
-0.92,17,35.954364,14,d17_medium,2,17,closed,0.0,-0.9200000000000002
-3.03,3,35.957702,14,d19_detour,2,19,closed,0.0,-3.0300000000000002
-0.86,16,35.967729,14,d17_medium,2,17,closed,0.0,-0.8600000000000001
-3.03,3,35.970634,14,d17_medium,2,17,closed,0.0,-3.0300000000000002
-3.03,3,35.9735,14,d19_detour,2,19,closed,0.0,-3.0300000000000002
-3.03,3,35.976999,14,d17_medium,2,17,closed,0.0,-3.0300000000000002
-3.03,3,35.979876,14,d19_detour,2,19,closed,0.5,-3.0300000000000002
-3.03,3,35.982816,14,d19_detour,2,19,closed,0.0,-3.0300000000000002
-0.03,3,35.985627,14,d19_detour,2,19,closed,0.5,-0.030000000000000027
-3.03,3,35.988595,14,d17_medium,2,17,closed,0.0,-3.0300000000000002
-1.53,3,35.991541,14,d17_medium,2,17,closed,0.0,-1.53
1.47,3,35.994543,14,d15_direct,2,15,open,1.0,1.47
-3.03,3,35.997593,14,d17_medium,2,17,closed,0.0,-3.0300000000000002
-1.53,3,36.000576,14,d19_detour,2,19,closed,0.0,-1.53
4.14,36,36.021437,14,d15_direct,2,15,open,1.0,4.140000000000002
1.75,25,36.036269,14,d15_direct,2,15,open,1.0,1.7499999999999998
-3.03,3,36.039125,14,d19_detour,2,19,closed,0.0,-3.0300000000000002
-3.03,3,36.041968,14,d19_detour,2,19,closed,0.5,-3.0300000000000002
-3.03,3,36.0449,14,d19_detour,2,19,closed,0.0,-3.0300000000000002
-3.03,3,36.047737,14,d19_detour,2,19,closed,0.5,-3.0300000000000002
-3.03,3,36.050601,14,d19_detour,2,19,closed,0.0,-3.0300000000000002
-3.27,17,36.061171,14,d17_medium,2,17,closed,0.0,-3.2700000000000005
-1.53,3,36.063975,14,d19_detour,2,19,closed,0.0,-1.53
1.68,37,36.085174,14,d15_direct,2,15,open,1.0,1.6799999999999997
-0.03,38,36.107217,14,d15_direct,2,15,open,1.0,-0.03000000000000025
1.47,3,36.110135,14,d15_direct,2,15,open,1.0,1.47
2.03,37,36.131691,14,d15_direct,2,15,open,1.0,2.030000000000002
-3.03,3,36.134691,14,d19_detour,2,19,closed,0.0,-3.0300000000000002
-0.92,17,36.14515,14,d17_medium,2,17,closed,0.0,-0.9200000000000002
-3.03,3,36.148116,14,d19_detour,2,19,closed,0.0,-3.0300000000000002
-3.03,3,36.151022,14,d19_detour,2,19,closed,0.0,-3.0300000000000002
-0.47,27,36.16688,14,d15_direct,2,15,open,1.0,-0.4700000000000002
-3.03,3,36.169744,14,d19_detour,2,19,closed,0.0,-3.0300000000000002
-2.66,11,36.17666,14,d19_detour,2,19,closed,0.0,-2.66
-3.03,3,36.179623,14,d19_detour,2,19,closed,0.0,-3.0300000000000002
-3.03,3,36.182452,14,d19_detour,2,19,closed,0.5,-3.0300000000000002
1.47,3,36.185449,14,d15_direct,2,15,open,1.0,1.47
-3.03,3,36.188375,14,d17_medium,2,17,closed,0.0,-3.0300000000000002
-3.03,3,36.191292,14,d17_medium,2,17,closed,0.0,-3.0300000000000002
4.08,37,36.212078,14,d15_direct,2,15,open,1.0,4.080000000000002
-3.03,3,36.214923,14,d19_detour,2,19,closed,0.0,-3.0300000000000002
4.14,36,36.235313,14,d15_direct,2,15,open,1.0,4.140000000000002
-3.03,3,36.238162,14,d19_detour,2,19,closed,0.5,-3.0300000000000002
-3.03,3,36.241074,14,d17_medium,2,17,closed,0.0,-3.0300000000000002
-3.29,19,36.252021,14,d19_detour,2,19,closed,0.0,-3.290000000000001
-3.03,3,36.254839,14,d19_detour,2,19,closed,0.0,-3.0300000000000002
-0.92,17,36.26531,14,d17_medium,2,17,closed,0.0,-0.9200000000000002
1.47,3,36.26829,14,d15_direct,2,15,open,1.0,1.47
4.14,36,36.289383,14,d15_direct,2,15,open,1.0,4.140000000000002
-3.03,3,36.29228,14,d17_medium,2,17,closed,0.0,-3.0300000000000002
-3.03,3,36.295179,14,d17_medium,2,17,closed,0.0,-3.0300000000000002
-3.03,3,36.298086,14,d19_detour,2,19,closed,0.0,-3.0300000000000002
4.14,36,36.319362,14,d15_direct,2,15,open,1.0,4.140000000000002
-3.03,3,36.322256,14,d17_medium,2,17,closed,0.0,-3.0300000000000002
-3.03,3,36.325135,14,d17_medium,2,17,closed,0.0,-3.0300000000000002
-3.03,3,36.327994,14,d19_detour,2,19,closed,0.0,-3.0300000000000002
-2.92,17,36.338244,14,d17_medium,2,17,closed,0.0,-2.92
-3.03,3,36.341058,14,d19_detour,2,19,closed,0.5,-3.0300000000000002
-3.03,3,36.343814,14,d19_detour,2,19,closed,0.5,-3.0300000000000002
-2.91,31,36.362669,14,d17_medium,2,17,closed,0.0,-2.91
-3.03,3,36.365646,14,d17_medium,2,17,closed,0.0,-3.0300000000000002
1.47,3,36.368537,14,d15_direct,2,15,open,1.0,1.47
4.14,36,36.389668,14,d15_direct,2,15,open,1.0,4.140000000000002
-3.03,3,36.392722,14,d17_medium,2,17,closed,0.0,-3.0300000000000002
-0.86,16,36.403129,14,d17_medium,2,17,closed,0.0,-0.8600000000000001
-0.03,3,36.406012,14,d19_detour,2,19,closed,0.0,-0.030000000000000027
-1.53,3,36.409043,14,d17_medium,2,17,closed,0.0,-1.53
4.14,36,36.430328,14,d15_direct,2,15,open,1.0,4.140000000000002
4.14,36,36.451791,14,d15_direct,2,15,open,1.0,4.140000000000002
-3.03,3,36.454654,14,d17_medium,2,17,closed,0.0,-3.0300000000000002
-3.03,3,36.45763,14,d17_medium,2,17,closed,0.0,-3.0300000000000002
-3.03,3,36.460939,14,d19_detour,2,19,closed,0.0,-3.0300000000000002
-3.03,3,36.463995,14,d19_detour,2,19,closed,0.5,-3.0300000000000002
-3.03,3,36.466894,14,d19_detour,2,19,closed,0.0,-3.0300000000000002
-3.03,3,36.469749,14,d19_detour,2,19,closed,0.5,-3.0300000000000002
-3.03,3,36.472694,14,d17_medium,2,17,closed,0.0,-3.0300000000000002
1.47,3,36.475697,14,d15_direct,2,15,open,1.0,1.47
-1.53,3,36.478625,14,d17_medium,2,17,closed,0.0,-1.53
1.47,3,36.481554,14,d15_direct,2,15,open,1.0,1.47
4.14,36,36.503689,14,d15_direct,2,15,open,1.0,4.140000000000002
-3.03,3,36.506749,14,d17_medium,2,17,closed,0.0,-3.0300000000000002
-3.03,3,36.510008,14,d17_medium,2,17,closed,0.0,-3.0300000000000002
-3.03,3,36.51281,14,d19_detour,2,19,closed,0.5,-3.0300000000000002
-3.03,3,36.515577,14,d19_detour,2,19,closed,0.5,-3.0300000000000002
-3.03,3,36.518526,14,d17_medium,2,17,closed,0.0,-3.0300000000000002
-3.03,3,36.521525,14,d17_medium,2,17,closed,0.0,-3.0300000000000002
-3.03,3,36.524411,14,d17_medium,2,17,closed,0.0,-3.0300000000000002
-3.03,3,36.527264,14,d19_detour,2,19,closed,0.5,-3.0300000000000002
-1.53,3,36.530023,14,d19_detour,2,19,closed,0.5,-1.53
-3.03,3,36.532965,14,d17_medium,2,17,closed,0.0,-3.0300000000000002
-0.86,16,36.542724,14,d17_medium,2,17,closed,0.0,-0.8600000000000001
-3.03,3,36.545597,14,d19_detour,2,19,closed,0.0,-3.0300000000000002
4.14,36,36.565951,14,d15_direct,2,15,open,1.0,4.140000000000002
-3.03,3,36.568865,14,d19_detour,2,19,closed,0.0,-3.0300000000000002
-3.03,3,36.571642,14,d19_detour,2,19,closed,0.5,-3.0300000000000002
-3.03,3,36.575119,14,d19_detour,2,19,closed,0.0,-3.0300000000000002
1.98,37,36.596117,14,d15_direct,2,15,open,1.0,1.9799999999999995
1.47,3,36.599009,14,d15_direct,2,15,open,1.0,1.47
-3.27,17,36.609084,14,d17_medium,2,17,closed,0.0,-3.2700000000000005
4.14,36,36.629398,14,d15_direct,2,15,open,1.0,4.140000000000002
-3.03,3,36.632302,14,d19_detour,2,19,closed,0.0,-3.0300000000000002
-3.03,3,36.635115,14,d19_detour,2,19,closed,0.0,-3.0300000000000002
-3.34,19,36.64603,14,d19_detour,2,19,closed,0.5,-3.3400000000000007
1.47,3,36.648961,14,d15_direct,2,15,open,1.0,1.47
2.02,38,36.67025,14,d15_direct,2,15,open,1.0,2.0199999999999996
2.13,37,36.691586,14,d15_direct,2,15,open,1.0,2.13
-3.03,3,36.694413,14,d17_medium,2,17,closed,0.0,-3.0300000000000002
1.47,3,36.697317,14,d15_direct,2,15,open,1.0,1.47
4.14,36,36.717975,14,d15_direct,2,15,open,1.0,4.140000000000002
4.14,36,36.739221,14,d15_direct,2,15,open,1.0,4.140000000000002
-2.74,19,36.750648,14,d19_detour,2,19,closed,0.0,-2.74
-3.03,3,36.75348,14,d19_detour,2,19,closed,0.5,-3.0300000000000002
-0.68,18,36.765053,14,d19_detour,2,19,closed,0.0,-0.6800000000000002
4.08,37,36.786737,14,d15_direct,2,15,open,1.0,4.080000000000002
-0.41,26,36.802535,14,d15_direct,2,15,open,1.0,-0.41000000000000014
1.47,3,36.805478,14,d15_direct,2,15,open,1.0,1.47
-3.03,3,36.80844,14,d17_medium,2,17,closed,0.0,-3.0300000000000002
4.14,36,36.830368,14,d15_direct,2,15,open,1.0,4.140000000000002
-3.03,3,36.83331,14,d19_detour,2,19,closed,0.0,-3.0300000000000002
-3.03,3,36.836231,14,d17_medium,2,17,closed,0.0,-3.0300000000000002
1.47,3,36.839095,14,d15_direct,2,15,open,1.0,1.47
-3.03,3,36.841958,14,d19_detour,2,19,closed,0.0,-3.0300000000000002
-3.03,3,36.844865,14,d17_medium,2,17,closed,0.0,-3.0300000000000002
4.14,36,36.865595,14,d15_direct,2,15,open,1.0,4.140000000000002
-3.03,3,36.868481,14,d19_detour,2,19,closed,0.5,-3.0300000000000002
-3.03,3,36.871449,14,d17_medium,2,17,closed,0.0,-3.0300000000000002
-3.03,3,36.874436,14,d19_detour,2,19,closed,0.0,-3.0300000000000002
4.14,36,36.895274,14,d15_direct,2,15,open,1.0,4.140000000000002
1.75,25,36.910046,14,d15_direct,2,15,open,1.0,1.7499999999999998
-3.03,3,36.912924,14,d19_detour,2,19,closed,0.0,-3.0300000000000002
-3.03,3,36.915867,14,d17_medium,2,17,closed,0.0,-3.0300000000000002
-3.03,3,36.918759,14,d17_medium,2,17,closed,0.0,-3.0300000000000002
-3.03,3,36.921563,14,d19_detour,2,19,closed,0.5,-3.0300000000000002
1.97,38,36.94404,14,d15_direct,2,15,open,1.0,1.9699999999999995
-3.03,3,36.94703,14,d17_medium,2,17,closed,0.0,-3.0300000000000002
-3.03,3,36.95004,14,d17_medium,2,17,closed,0.0,-3.0300000000000002
-0.43,38,36.971342,14,d15_direct,2,15,open,1.0,-0.4300000000000004
-0.03,3,36.974193,14,d15_direct,2,15,open,1.0,-0.030000000000000027
-0.03,3,36.976995,14,d19_detour,2,19,closed,0.5,-0.030000000000000027
-2.38,33,36.99549,14,d17_medium,2,17,closed,0.0,-2.3800000000000003
1.47,3,36.998417,14,d15_direct,2,15,open,1.0,1.47
-3.03,3,37.001299,14,d19_detour,2,19,closed,0.0,-3.0300000000000002
-3.03,3,37.004066,14,d19_detour,2,19,closed,0.5,-3.0300000000000002
-0.03,3,37.006912,14,d15_direct,2,15,open,1.0,-0.030000000000000027
-3.03,3,37.009755,14,d17_medium,2,17,closed,0.0,-3.0300000000000002
-3.03,3,37.012586,14,d19_detour,2,19,closed,0.0,-3.0300000000000002
-3.03,3,37.015442,14,d17_medium,2,17,closed,0.0,-3.0300000000000002
1.73,37,37.035915,14,d15_direct,2,15,open,1.0,1.7299999999999998
-3.03,3,37.038777,14,d17_medium,2,17,closed,0.0,-3.0300000000000002
-2.55,5,37.04266,14,d19_detour,2,19,closed,0.0,-2.55
-3.03,3,37.045545,14,d19_detour,2,19,closed,0.5,-3.0300000000000002
4.08,37,37.067577,14,d15_direct,2,15,open,1.0,4.080000000000002
-3.03,3,37.070466,14,d17_medium,2,17,closed,0.0,-3.0300000000000002
-3.03,3,37.073342,14,d19_detour,2,19,closed,0.0,-3.0300000000000002
1.47,3,37.076846,14,d15_direct,2,15,open,1.0,1.47
-2.55,5,37.08074,14,d19_detour,2,19,closed,0.0,-2.55
-0.86,16,37.09124,14,d17_medium,2,17,closed,0.0,-0.8600000000000001
-3.17,17,37.101807,14,d17_medium,2,17,closed,0.0,-3.1700000000000004
-3.03,3,37.104751,14,d19_detour,2,19,closed,0.0,-3.0300000000000002
-3.03,3,37.107641,14,d19_detour,2,19,closed,0.0,-3.0300000000000002
1.47,3,37.110595,14,d15_direct,2,15,open,1.0,1.47
-3.03,3,37.113558,14,d17_medium,2,17,closed,0.0,-3.0300000000000002
-3.03,3,37.116411,14,d19_detour,2,19,closed,0.0,-3.0300000000000002
-3.03,3,37.11943,14,d17_medium,2,17,closed,0.0,-3.0300000000000002
-3.03,3,37.122435,14,d17_medium,2,17,closed,0.0,-3.0300000000000002
-0.86,16,37.132773,14,d17_medium,2,17,closed,0.0,-0.8600000000000001
0.07,38,37.154555,14,d15_direct,2,15,open,1.0,0.06999999999999962
-1.53,3,37.157395,14,d17_medium,2,17,closed,0.0,-1.53
-3.03,3,37.160636,14,d17_medium,2,17,closed,0.0,-3.0300000000000002
1.98,37,37.182179,14,d15_direct,2,15,open,1.0,1.9799999999999995
-3.03,3,37.185095,14,d19_detour,2,19,closed,0.0,-3.0300000000000002
-1.53,3,37.187885,14,d19_detour,2,19,closed,0.5,-1.53
1.47,3,37.190804,14,d15_direct,2,15,open,1.0,1.47
-3.03,3,37.193679,14,d19_detour,2,19,closed,0.0,-3.0300000000000002
-3.03,3,37.196801,14,d17_medium,2,17,closed,0.0,-3.0300000000000002
-3.03,3,37.200115,14,d19_detour,2,19,closed,0.0,-3.0300000000000002
-3.03,3,37.203316,14,d17_medium,2,17,closed,0.0,-3.0300000000000002
-2.62,12,37.211307,14,d17_medium,2,17,closed,0.0,-2.62
4.14,36,37.450285,14,d15_direct,2,15,open,1.0,4.140000000000002
-3.03,3,37.453329,14,d17_medium,2,17,closed,0.0,-3.0300000000000002
-3.03,3,37.4562,14,d17_medium,2,17,closed,0.0,-3.0300000000000002
1.47,3,37.459198,14,d15_direct,2,15,open,1.0,1.47
-2.87,17,37.469591,14,d17_medium,2,17,closed,0.0,-2.87
-3.03,3,37.472429,14,d19_detour,2,19,closed,0.5,-3.0300000000000002
-0.86,16,37.482707,14,d17_medium,2,17,closed,0.0,-0.8600000000000001
4.14,36,37.502642,14,d15_direct,2,15,open,1.0,4.140000000000002
-0.86,16,37.512124,14,d17_medium,2,17,closed,0.0,-0.8600000000000001
-3.03,3,37.514948,14,d17_medium,2,17,closed,0.0,-3.0300000000000002
-3.03,3,37.517786,14,d17_medium,2,17,closed,0.0,-3.0300000000000002
-3.03,3,37.520629,14,d19_detour,2,19,closed,0.0,-3.0300000000000002
-3.03,3,37.523424,14,d19_detour,2,19,closed,0.0,-3.0300000000000002
-3.03,3,37.526689,14,d19_detour,2,19,closed,0.0,-3.0300000000000002
-3.03,3,37.529715,14,d19_detour,2,19,closed,0.0,-3.0300000000000002
-3.24,19,37.540509,14,d19_detour,2,19,closed,0.0,-3.24
-3.03,3,37.543673,14,d17_medium,2,17,closed,0.0,-3.0300000000000002
-0.41,26,37.558958,14,d15_direct,2,15,open,1.0,-0.41000000000000036
-3.03,3,37.561826,14,d19_detour,2,19,closed,0.0,-3.0300000000000002
1.47,3,37.56467,14,d15_direct,2,15,open,1.0,1.47
-0.03,3,37.56775,14,d15_direct,2,15,open,1.0,-0.030000000000000027
-3.03,3,37.570803,14,d19_detour,2,19,closed,0.0,-3.0300000000000002
4.14,36,37.590633,14,d15_direct,2,15,open,1.0,4.140000000000002
-3.03,3,37.5934,14,d19_detour,2,19,closed,0.5,-3.0300000000000002
1.31,29,37.609712,14,d17_medium,2,17,closed,0.0,1.3099999999999998
-3.03,3,37.612443,14,d19_detour,2,19,closed,0.0,-3.0300000000000002
2.13,37,37.633048,14,d15_direct,2,15,open,1.0,2.1300000000000026
-2.55,5,37.636949,14,d19_detour,2,19,closed,0.0,-2.55
4.14,36,37.656893,14,d15_direct,2,15,open,1.0,4.140000000000002
-3.03,3,37.65975,14,d17_medium,2,17,closed,0.0,-3.0300000000000002
-3.03,3,37.662579,14,d17_medium,2,17,closed,0.0,-3.0300000000000002
-3.03,3,37.665449,14,d17_medium,2,17,closed,0.0,-3.0300000000000002
1.98,37,37.686385,14,d15_direct,2,15,open,1.0,1.9800000000000018
-3.03,3,37.689238,14,d19_detour,2,19,closed,0.0,-3.0300000000000002
-0.03,3,37.692051,14,d15_direct,2,15,open,1.0,-0.030000000000000027
1.75,25,37.706288,14,d15_direct,2,15,open,1.0,1.7499999999999998
-3.03,3,37.709251,14,d17_medium,2,17,closed,0.0,-3.0300000000000002
-3.03,3,37.712021,14,d17_medium,2,17,closed,0.0,-3.0300000000000002
-3.03,3,37.714833,14,d19_detour,2,19,closed,0.0,-3.0300000000000002
1.73,37,37.735271,14,d15_direct,2,15,open,1.0,1.7300000000000004
-3.03,3,37.738227,14,d17_medium,2,17,closed,0.0,-3.0300000000000002
-0.7,30,37.755124,14,d17_medium,2,17,closed,0.0,-0.7000000000000002
-2.87,17,37.765301,14,d17_medium,2,17,closed,0.0,-2.87
1.47,3,37.76814,14,d15_direct,2,15,open,1.0,1.47
-3.03,3,37.771262,14,d19_detour,2,19,closed,0.0,-3.0300000000000002
4.14,36,37.791721,14,d15_direct,2,15,open,1.0,4.140000000000002
-2.07,7,37.796595,14,d19_detour,2,19,closed,0.0,-2.0700000000000003
-3.03,3,37.799622,14,d17_medium,2,17,closed,0.0,-3.0300000000000002
-0.86,16,37.812209,14,d17_medium,2,17,closed,0.0,-0.8600000000000001
-3.03,3,37.815984,14,d17_medium,2,17,closed,0.0,-3.0300000000000002
-3.03,3,37.819636,14,d17_medium,2,17,closed,0.0,-3.0300000000000002
1.47,3,37.823742,14,d17_medium,2,17,closed,0.5,1.47
-3.03,3,37.827889,14,d17_medium,2,17,closed,0.0,-3.0300000000000002
-3.02,17,37.838192,14,d17_medium,2,17,closed,0.0,-3.0200000000000005
1.69,26,37.854326,14,d15_direct,2,15,open,1.0,1.6899999999999997
-3.03,3,37.857197,14,d19_detour,2,19,closed,0.5,-3.0300000000000002
-3.03,3,37.860177,14,d17_medium,2,17,closed,0.0,-3.0300000000000002
1.47,3,37.863079,14,d15_direct,2,15,open,1.0,1.47
-3.03,3,37.866009,14,d17_medium,2,17,closed,0.0,-3.0300000000000002
1.47,3,37.868864,14,d15_direct,2,15,open,1.0,1.47
4.14,36,37.889835,14,d15_direct,2,15,open,1.0,4.140000000000002
-2.55,5,37.893671,14,d19_detour,2,19,closed,0.5,-2.55
-3.03,3,37.896559,14,d17_medium,2,17,closed,0.0,-3.0300000000000002
4.08,37,37.918131,14,d15_direct,2,15,open,1.0,4.080000000000002
-3.03,3,37.921011,14,d19_detour,2,19,closed,0.0,-3.0300000000000002
4.08,37,37.943427,14,d15_direct,2,15,open,1.0,4.080000000000002
-0.86,16,37.953251,14,d17_medium,2,17,closed,0.0,-0.8600000000000001
-3.07,17,37.963312,14,d17_medium,2,17,closed,0.0,-3.0700000000000003
-3.03,3,37.966133,14,d19_detour,2,19,closed,0.0,-3.0300000000000002
-3.03,3,37.968852,14,d19_detour,2,19,closed,0.5,-3.0300000000000002
-3.03,3,37.971806,14,d17_medium,2,17,closed,0.0,-3.0300000000000002
-3.03,3,37.974634,14,d19_detour,2,19,closed,0.0,-3.0300000000000002
-1.53,3,37.977495,14,d15_direct,2,15,open,1.0,-1.53
4.08,37,38.000504,14,d15_direct,2,15,open,1.0,4.080000000000002
-3.03,3,38.004423,14,d17_medium,2,17,closed,0.0,-3.0300000000000002
-0.68,18,38.0175,14,d19_detour,2,19,closed,0.0,-0.6800000000000002
-3.03,3,38.020563,14,d17_medium,2,17,closed,0.0,-3.0300000000000002
-3.03,3,38.023886,14,d19_detour,2,19,closed,0.0,-3.0300000000000002
4.14,36,38.046453,14,d15_direct,2,15,open,1.0,4.140000000000002
-3.03,3,38.049462,14,d17_medium,2,17,closed,0.0,-3.0300000000000002
1.31,29,38.068171,14,d17_medium,2,17,closed,0.0,1.3099999999999998
-3.03,3,38.071123,14,d17_medium,2,17,closed,0.0,-3.0300000000000002
-0.74,19,38.08277,14,d19_detour,2,19,closed,0.0,-0.7400000000000002
-2.55,5,38.086633,14,d19_detour,2,19,closed,0.0,-2.55
-0.86,16,38.096433,14,d17_medium,2,17,closed,0.0,-0.8600000000000001
-3.03,3,38.099385,14,d17_medium,2,17,closed,0.0,-3.0300000000000002
-3.03,3,38.102314,14,d17_medium,2,17,closed,0.0,-3.0300000000000002
-0.86,16,38.112219,14,d17_medium,2,17,closed,0.0,-0.8600000000000001
-1.53,3,38.115161,14,d17_medium,2,17,closed,0.0,-1.53
4.14,36,38.136105,14,d15_direct,2,15,open,1.0,4.140000000000002
-3.03,3,38.139035,14,d17_medium,2,17,closed,0.0,-3.0300000000000002
4.14,36,38.161615,14,d15_direct,2,15,open,1.0,4.140000000000002
4.14,36,38.182266,14,d15_direct,2,15,open,1.0,4.140000000000002
-3.03,3,38.185139,14,d17_medium,2,17,closed,0.0,-3.0300000000000002
-3.03,3,38.187953,14,d19_detour,2,19,closed,0.5,-3.0300000000000002
-0.86,16,38.198301,14,d17_medium,2,17,closed,0.0,-0.8600000000000001
-0.92,17,38.209041,14,d17_medium,2,17,closed,0.0,-0.9200000000000002
-0.68,18,38.220229,14,d19_detour,2,19,closed,0.0,-0.6800000000000002
-3.03,3,38.223117,14,d19_detour,2,19,closed,0.0,-3.0300000000000002
4.08,37,38.244504,14,d15_direct,2,15,open,1.0,4.080000000000002
-3.03,3,38.247971,14,d17_medium,2,17,closed,0.0,-3.0300000000000002
-3.03,3,38.250882,14,d17_medium,2,17,closed,0.0,-3.0300000000000002
-0.58,38,38.272228,14,d15_direct,2,15,open,1.0,-0.5800000000000005
-0.8,30,38.28897,14,d17_medium,2,17,closed,0.0,-0.8000000000000003
4.08,37,38.309315,14,d15_direct,2,15,open,1.0,4.080000000000002
4.08,37,38.329549,14,d15_direct,2,15,open,1.0,4.080000000000002
1.47,3,38.33253,14,d15_direct,2,15,open,1.0,1.47
-0.23,38,38.354871,14,d15_direct,2,15,open,1.0,-0.23000000000000043
-3.03,3,38.357715,14,d19_detour,2,19,closed,0.0,-3.0300000000000002
4.14,36,38.37845,14,d15_direct,2,15,open,1.0,4.140000000000002
1.75,25,38.39319,14,d15_direct,2,15,open,1.0,1.7499999999999998
4.08,37,38.414322,14,d15_direct,2,15,open,1.0,4.080000000000002
-0.86,16,38.424706,14,d17_medium,2,17,closed,0.0,-0.8600000000000001
4.14,36,38.447156,14,d15_direct,2,15,open,1.0,4.140000000000002
-3.03,3,38.450007,14,d19_detour,2,19,closed,0.0,-3.0300000000000002
-2.97,17,38.46024,14,d17_medium,2,17,closed,0.0,-2.97
-0.92,17,38.470406,14,d17_medium,2,17,closed,0.0,-0.9200000000000002
-1.53,3,38.473355,14,d19_detour,2,19,closed,0.0,-1.53
-0.92,17,38.484265,14,d17_medium,2,17,closed,0.0,-0.9200000000000002
4.08,37,38.505682,14,d15_direct,2,15,open,1.0,4.080000000000002
-3.03,3,38.508592,14,d17_medium,2,17,closed,0.0,-3.0300000000000002
-0.86,16,38.519118,14,d17_medium,2,17,closed,0.0,-0.8600000000000001
-0.03,3,38.521983,14,d15_direct,2,15,open,1.0,-0.030000000000000027
-3.03,3,38.524929,14,d19_detour,2,19,closed,0.0,-3.0300000000000002
-3.03,3,38.527861,14,d17_medium,2,17,closed,0.0,-3.0300000000000002
-3.03,3,38.530794,14,d17_medium,2,17,closed,0.0,-3.0300000000000002
1.47,3,38.533709,14,d15_direct,2,15,open,1.0,1.47
-3.03,3,38.537375,14,d17_medium,2,17,closed,0.0,-3.0300000000000002
-3.03,3,38.541029,14,d17_medium,2,17,closed,0.0,-3.0300000000000002
1.75,25,38.556185,14,d15_direct,2,15,open,1.0,1.7499999999999998
4.14,36,38.577043,14,d15_direct,2,15,open,1.0,4.140000000000002
-3.03,3,38.579851,14,d19_detour,2,19,closed,0.5,-3.0300000000000002
-3.03,3,38.582695,14,d19_detour,2,19,closed,0.0,-3.0300000000000002
-3.03,3,38.585483,14,d19_detour,2,19,closed,0.5,-3.0300000000000002
-2.74,19,38.597501,14,d19_detour,2,19,closed,0.0,-2.74
-3.03,3,38.601061,14,d17_medium,2,17,closed,0.0,-3.0300000000000002
4.08,37,38.622514,14,d15_direct,2,15,open,1.0,4.080000000000002
-3.03,3,38.625499,14,d19_detour,2,19,closed,0.0,-3.0300000000000002
-3.03,3,38.628422,14,d19_detour,2,19,closed,0.0,-3.0300000000000002
-3.03,3,38.631359,14,d17_medium,2,17,closed,0.0,-3.0300000000000002
-3.03,3,38.634254,14,d19_detour,2,19,closed,0.0,-3.0300000000000002
-3.03,3,38.637169,14,d17_medium,2,17,closed,0.0,-3.0300000000000002
-3.03,3,38.640206,14,d19_detour,2,19,closed,0.0,-3.0300000000000002
-3.03,3,38.643087,14,d19_detour,2,19,closed,0.0,-3.0300000000000002
-1.53,3,38.645932,14,d17_medium,2,17,closed,0.0,-1.53
-2.62,12,38.654195,14,d17_medium,2,17,closed,0.0,-2.62
4.14,36,38.675027,14,d15_direct,2,15,open,1.0,4.140000000000002
-3.03,3,38.67793,14,d17_medium,2,17,closed,0.0,-3.0300000000000002
4.14,36,38.698598,14,d15_direct,2,15,open,1.0,4.140000000000002
-3.03,3,38.701524,14,d19_detour,2,19,closed,0.0,-3.0300000000000002
-3.03,3,38.704453,14,d19_detour,2,19,closed,0.5,-3.0300000000000002
-0.86,16,38.714428,14,d17_medium,2,17,closed,0.0,-0.8600000000000001
-3.03,3,38.717306,14,d19_detour,2,19,closed,0.5,-3.0300000000000002
-3.03,3,38.7202,14,d19_detour,2,19,closed,0.0,-3.0300000000000002
4.14,36,38.74117,14,d15_direct,2,15,open,1.0,4.140000000000002
-2.55,5,38.745079,14,d19_detour,2,19,closed,0.5,-2.55
-3.03,3,38.748003,14,d17_medium,2,17,closed,0.0,-3.0300000000000002
-3.03,3,38.750811,14,d19_detour,2,19,closed,0.5,-3.0300000000000002
-0.41,26,38.766768,14,d15_direct,2,15,open,1.0,-0.41000000000000014
2.13,37,39.041414,14,d15_direct,2,15,open,1.0,2.1300000000000026
-3.03,3,39.044481,14,d17_medium,2,17,closed,0.0,-3.0300000000000002
-3.03,3,39.047443,14,d19_detour,2,19,closed,0.0,-3.0300000000000002
-3.03,3,39.050376,14,d19_detour,2,19,closed,0.0,-3.0300000000000002
4.08,37,39.072142,14,d15_direct,2,15,open,1.0,4.080000000000002
-0.8,30,39.089431,14,d17_medium,2,17,closed,0.0,-0.8000000000000003
1.31,29,39.106061,14,d17_medium,2,17,closed,0.0,1.3099999999999998
-3.03,3,39.108983,14,d17_medium,2,17,closed,0.0,-3.0300000000000002
-0.66,26,39.124019,14,d15_direct,2,15,open,1.0,-0.6600000000000001
-0.03,3,39.126847,14,d17_medium,2,17,closed,0.0,-0.030000000000000027
-3.03,3,39.129627,14,d19_detour,2,19,closed,0.5,-3.0300000000000002
1.75,25,39.144131,14,d15_direct,2,15,open,1.0,1.7499999999999998
4.08,37,39.164942,14,d15_direct,2,15,open,1.0,4.080000000000002
-1.53,3,39.167797,14,d19_detour,2,19,closed,0.5,-1.53
-3.03,3,39.17067,14,d19_detour,2,19,closed,0.5,-3.0300000000000002
4.02,38,39.192589,14,d15_direct,2,15,open,1.0,4.020000000000002
-1.53,3,39.19546,14,d19_detour,2,19,closed,0.0,-1.53
-0.86,16,39.20589,14,d17_medium,2,17,closed,0.0,-0.8600000000000001
-3.03,3,39.208794,14,d17_medium,2,17,closed,0.0,-3.0300000000000002
-3.03,3,39.211778,14,d17_medium,2,17,closed,0.0,-3.0300000000000002
4.14,36,39.232508,14,d15_direct,2,15,open,1.0,4.140000000000002
-3.03,3,39.23546,14,d19_detour,2,19,closed,0.0,-3.0300000000000002
-2.55,5,39.239416,14,d19_detour,2,19,closed,0.0,-2.55
-2.97,17,39.249827,14,d17_medium,2,17,closed,0.0,-2.97
-0.68,18,39.260933,14,d19_detour,2,19,closed,0.0,-0.6800000000000002
1.92,38,39.283207,14,d15_direct,2,15,open,1.0,1.9199999999999995
1.69,26,39.298415,14,d15_direct,2,15,open,1.0,1.6899999999999997
-2.55,5,39.30285,14,d17_medium,2,17,closed,0.0,-2.55
-1.53,3,39.305912,14,d17_medium,2,17,closed,0.0,-1.53
-2.97,17,39.316323,14,d17_medium,2,17,closed,0.0,-2.97
-0.86,16,39.326234,14,d17_medium,2,17,closed,0.0,-0.8600000000000001
-0.03,3,39.329102,14,d17_medium,2,17,closed,0.0,-0.030000000000000027
-0.92,17,39.339697,14,d17_medium,2,17,closed,0.0,-0.9200000000000002
-3.03,3,39.342547,14,d19_detour,2,19,closed,0.0,-3.0300000000000002
-0.26,26,39.357635,14,d15_direct,2,15,open,1.0,-0.26000000000000023
4.14,36,39.378737,14,d15_direct,2,15,open,1.0,4.140000000000002
-3.03,3,39.381597,14,d19_detour,2,19,closed,0.0,-3.0300000000000002
1.97,38,39.40371,14,d15_direct,2,15,open,1.0,1.9700000000000013
-2.56,6,39.408135,14,d19_detour,2,19,closed,0.0,-2.56
-3.34,19,39.419331,14,d19_detour,2,19,closed,0.0,-3.34
-0.86,16,39.430211,14,d17_medium,2,17,closed,0.0,-0.8600000000000001
-3.02,17,39.440646,14,d17_medium,2,17,closed,0.0,-3.0200000000000005
-3.03,3,39.443642,14,d17_medium,2,17,closed,0.0,-3.0300000000000002
-0.7,30,39.461139,14,d17_medium,2,17,closed,0.0,-0.7000000000000002
-3.34,19,39.472285,14,d19_detour,2,19,closed,0.0,-3.3400000000000007
1.47,3,39.475245,14,d15_direct,2,15,open,1.0,1.47
-3.03,3,39.47814,14,d17_medium,2,17,closed,0.0,-3.0300000000000002
1.42,43,39.502795,14,d17_medium,2,17,closed,0.0,1.4199999999999997
-3.34,19,39.514536,14,d19_detour,2,19,closed,0.0,-3.3400000000000007
4.08,37,39.536415,14,d15_direct,2,15,open,1.0,4.080000000000002
4.14,36,39.557906,14,d15_direct,2,15,open,1.0,4.140000000000002
4.14,36,39.579036,14,d15_direct,2,15,open,1.0,4.140000000000002
-3.34,19,39.590158,14,d19_detour,2,19,closed,0.5,-3.3400000000000007
4.14,36,39.610796,14,d15_direct,2,15,open,1.0,4.140000000000002
1.47,3,39.613676,14,d15_direct,2,15,open,1.0,1.47
-0.03,3,39.616589,14,d15_direct,2,15,open,1.0,-0.030000000000000027
-0.86,16,39.626528,14,d17_medium,2,17,closed,0.0,-0.8600000000000001
-3.03,3,39.629408,14,d19_detour,2,19,closed,0.5,-3.0300000000000002
-0.03,3,39.632317,14,d17_medium,2,17,closed,0.0,-0.030000000000000027
4.14,36,39.653545,14,d15_direct,2,15,open,1.0,4.140000000000002
-0.03,3,39.656547,14,d15_direct,2,15,open,1.0,-0.030000000000000027
-0.86,16,39.666419,14,d17_medium,2,17,closed,0.0,-0.8600000000000001
1.47,3,39.67052,14,d15_direct,2,15,open,1.0,1.47
-3.03,3,39.674624,14,d17_medium,2,17,closed,0.0,-3.0300000000000002
-1.53,3,39.678762,14,d17_medium,2,17,closed,0.0,-1.53
1.69,26,39.698048,14,d15_direct,2,15,open,1.0,1.6899999999999997
-2.62,12,39.707962,14,d19_detour,2,19,closed,0.5,-2.62
-2.62,12,39.715653,14,d17_medium,2,17,closed,0.0,-2.62
-3.03,3,39.718513,14,d19_detour,2,19,closed,0.5,-3.0300000000000002
-3.03,3,39.721487,14,d19_detour,2,19,closed,0.0,-3.0300000000000002
4.14,36,39.742379,14,d15_direct,2,15,open,1.0,4.140000000000002
-2.55,5,39.746259,14,d19_detour,2,19,closed,0.0,-2.55
4.14,36,39.767934,14,d15_direct,2,15,open,1.0,4.140000000000002
-3.03,3,39.770766,14,d19_detour,2,19,closed,0.0,-3.0300000000000002
-1.53,3,39.773669,14,d17_medium,2,17,closed,0.0,-1.53
-3.03,3,39.776491,14,d19_detour,2,19,closed,0.5,-3.0300000000000002
1.68,37,39.797587,14,d15_direct,2,15,open,1.0,1.6799999999999993
1.25,30,39.815665,14,d17_medium,2,17,closed,0.0,1.2499999999999998
-2.6,10,39.822255,14,d19_detour,2,19,closed,0.0,-2.6
-2.92,17,39.83338,14,d17_medium,2,17,closed,0.0,-2.92
4.14,36,39.854625,14,d15_direct,2,15,open,1.0,4.140000000000002
-3.03,3,39.85773,14,d17_medium,2,17,closed,0.0,-3.0300000000000002
-0.86,16,39.868173,14,d17_medium,2,17,closed,0.0,-0.8600000000000001
-3.03,3,39.870986,14,d19_detour,2,19,closed,0.5,-3.0300000000000002
-3.03,3,39.873838,14,d19_detour,2,19,closed,0.5,-3.0300000000000002
1.98,37,39.896085,14,d15_direct,2,15,open,1.0,1.9800000000000018
-3.03,3,39.89888,14,d19_detour,2,19,closed,0.0,-3.0300000000000002
4.08,37,39.919923,14,d15_direct,2,15,open,1.0,4.080000000000002
-3.22,17,39.930874,14,d17_medium,2,17,closed,0.0,-3.2200000000000006
4.14,36,39.952175,14,d15_direct,2,15,open,1.0,4.140000000000002
1.47,3,39.954985,14,d19_detour,2,19,closed,0.5,1.47
-3.34,19,39.966175,14,d19_detour,2,19,closed,0.5,-3.34
-0.2,20,39.97812,14,d19_detour,2,19,closed,0.0,-0.20000000000000018
1.47,3,39.981108,14,d15_direct,2,15,open,1.0,1.47
4.08,37,40.002375,14,d15_direct,2,15,open,1.0,4.080000000000002
4.14,36,40.023055,14,d15_direct,2,15,open,1.0,4.140000000000002
1.75,25,40.037775,14,d15_direct,2,15,open,1.0,1.7499999999999998
1.47,3,40.040693,14,d15_direct,2,15,open,1.0,1.47
-0.7,30,40.05825,14,d17_medium,2,17,closed,0.0,-0.7000000000000002
-3.03,3,40.061401,14,d19_detour,2,19,closed,0.5,-3.0300000000000002
-1.53,3,40.064379,14,d17_medium,2,17,closed,0.0,-1.53
-3.03,3,40.067375,14,d17_medium,2,17,closed,0.0,-3.0300000000000002
-3.03,3,40.07035,14,d17_medium,2,17,closed,0.0,-3.0300000000000002
-3.03,3,40.073267,14,d17_medium,2,17,closed,0.0,-3.0300000000000002
-2.55,5,40.077132,14,d19_detour,2,19,closed,0.5,-2.55
1.75,25,40.092289,14,d15_direct,2,15,open,1.0,1.7499999999999998
-0.8,30,40.110013,14,d17_medium,2,17,closed,0.0,-0.8000000000000003
4.14,36,40.13147,14,d15_direct,2,15,open,1.0,4.140000000000002
-3.03,3,40.134406,14,d19_detour,2,19,closed,0.5,-3.0300000000000002
-2.55,5,40.138369,14,d19_detour,2,19,closed,0.0,-2.55
1.57,38,40.16021,14,d15_direct,2,15,open,1.0,1.5699999999999992
1.47,3,40.163277,14,d19_detour,2,19,closed,0.5,1.47
-0.86,16,40.173576,14,d17_medium,2,17,closed,0.0,-0.8600000000000001
-3.03,3,40.176569,14,d19_detour,2,19,closed,0.0,-3.0300000000000002
-2.55,5,40.18059,14,d19_detour,2,19,closed,0.0,-2.55
1.98,37,40.206234,14,d15_direct,2,15,open,1.0,1.9799999999999995
4.14,36,40.227015,14,d15_direct,2,15,open,1.0,4.140000000000002
4.14,36,40.247638,14,d15_direct,2,15,open,1.0,4.140000000000002
-0.03,3,40.250597,14,d15_direct,2,15,open,1.0,-0.030000000000000027
-2.69,19,40.261806,14,d19_detour,2,19,closed,0.0,-2.6900000000000004
-3.03,3,40.264631,14,d19_detour,2,19,closed,0.5,-3.0300000000000002
2.13,37,40.285618,14,d15_direct,2,15,open,1.0,2.1300000000000026
-3.03,3,40.28853,14,d19_detour,2,19,closed,0.0,-3.0300000000000002
4.14,36,40.309631,14,d15_direct,2,15,open,1.0,4.140000000000002
-1.53,3,40.312464,14,d19_detour,2,19,closed,0.5,-1.53
-0.45,25,40.549031,14,d17_medium,2,17,closed,0.0,-0.4500000000000002
1.47,3,40.551998,14,d15_direct,2,15,open,1.0,1.47
-0.86,16,40.561929,14,d17_medium,2,17,closed,0.0,-0.8600000000000001
-3.03,3,40.564832,14,d17_medium,2,17,closed,0.0,-3.0300000000000002
-3.03,3,40.567821,14,d17_medium,2,17,closed,0.0,-3.0300000000000002
-0.86,16,40.577689,14,d17_medium,2,17,closed,0.0,-0.8600000000000001
4.14,36,40.598558,14,d15_direct,2,15,open,1.0,4.140000000000002
-0.36,26,40.613987,14,d15_direct,2,15,open,1.0,-0.3600000000000003
1.31,29,40.631033,14,d17_medium,2,17,closed,0.0,1.3099999999999998
1.47,3,40.633975,14,d15_direct,2,15,open,1.0,1.47
-0.03,3,40.636789,14,d19_detour,2,19,closed,0.5,-0.030000000000000027
-0.86,16,40.647087,14,d17_medium,2,17,closed,0.0,-0.8600000000000001
-2.07,7,40.652074,14,d19_detour,2,19,closed,0.0,-2.0700000000000003
-3.03,3,40.654911,14,d17_medium,2,17,closed,0.0,-3.0300000000000002
2.13,37,40.676546,14,d15_direct,2,15,open,1.0,2.1300000000000026
4.14,36,40.698197,14,d15_direct,2,15,open,1.0,4.140000000000002
-2.69,19,40.709818,14,d19_detour,2,19,closed,0.0,-2.6900000000000004
-2.55,5,40.713674,14,d19_detour,2,19,closed,0.0,-2.55
-3.03,3,40.716563,14,d19_detour,2,19,closed,0.5,-3.0300000000000002
-3.03,3,40.719582,14,d17_medium,2,17,closed,0.0,-3.0300000000000002
-0.86,16,40.729694,14,d17_medium,2,17,closed,0.0,-0.8600000000000001
-3.03,3,40.732765,14,d19_detour,2,19,closed,0.0,-3.0300000000000002
-3.03,3,40.735643,14,d19_detour,2,19,closed,0.0,-3.0300000000000002
-1.53,3,40.7386,14,d17_medium,2,17,closed,0.0,-1.53
-3.03,3,40.741485,14,d19_detour,2,19,closed,0.5,-3.0300000000000002
-1.53,3,40.744424,14,d17_medium,2,17,closed,0.0,-1.53
-3.03,3,40.747423,14,d17_medium,2,17,closed,0.0,-3.0300000000000002
4.08,37,40.768847,14,d15_direct,2,15,open,1.0,4.080000000000002
1.98,37,40.790473,14,d15_direct,2,15,open,1.0,1.9800000000000018
4.14,36,40.812011,14,d15_direct,2,15,open,1.0,4.140000000000002
-3.03,3,40.815001,14,d19_detour,2,19,closed,0.0,-3.0300000000000002
4.14,36,40.836452,14,d15_direct,2,15,open,1.0,4.140000000000002
-3.03,3,40.839449,14,d17_medium,2,17,closed,0.0,-3.0300000000000002
-3.03,3,40.842703,14,d19_detour,2,19,closed,0.5,-3.0300000000000002
1.25,30,40.860799,14,d17_medium,2,17,closed,0.0,1.2499999999999998
2.01,49,40.888701,14,d19_detour,2,19,closed,0.0,2.01
1.47,3,40.891649,14,d15_direct,2,15,open,1.0,1.47
-0.68,18,40.902915,14,d19_detour,2,19,closed,0.0,-0.6800000000000002
-3.03,3,40.905856,14,d17_medium,2,17,closed,0.0,-3.0300000000000002
-3.03,3,40.908715,14,d19_detour,2,19,closed,0.5,-3.0300000000000002
-0.03,3,40.912,14,d17_medium,2,17,closed,0.0,-0.030000000000000027
-1.53,3,40.915043,14,d17_medium,2,17,closed,0.0,-1.53
-0.86,16,40.925021,14,d17_medium,2,17,closed,0.0,-0.8600000000000001
1.47,3,40.927902,14,d15_direct,2,15,open,1.0,1.47
-3.03,3,40.930964,14,d17_medium,2,17,closed,0.0,-3.0300000000000002
-3.03,3,40.933856,14,d19_detour,2,19,closed,0.0,-3.0300000000000002
1.47,3,40.936693,14,d19_detour,2,19,closed,0.5,1.47
1.01,44,40.961999,14,d17_medium,2,17,closed,0.0,1.0099999999999991
-3.03,3,40.964994,14,d17_medium,2,17,closed,0.0,-3.0300000000000002
-3.03,3,40.967906,14,d19_detour,2,19,closed,0.5,-3.0300000000000002
-3.03,3,40.970712,14,d19_detour,2,19,closed,0.5,-3.0300000000000002
-1.53,3,40.97369,14,d19_detour,2,19,closed,0.0,-1.53
4.08,37,40.995304,14,d15_direct,2,15,open,1.0,4.080000000000002
4.14,36,41.016356,14,d15_direct,2,15,open,1.0,4.140000000000002
1.47,3,41.019281,14,d15_direct,2,15,open,1.0,1.47
-3.03,3,41.022146,14,d19_detour,2,19,closed,0.0,-3.0300000000000002
1.47,3,41.025118,14,d15_direct,2,15,open,1.0,1.47
-3.03,3,41.028033,14,d19_detour,2,19,closed,0.0,-3.0300000000000002
-3.03,3,41.030894,14,d19_detour,2,19,closed,0.0,-3.0300000000000002
1.31,29,41.048823,14,d17_medium,2,17,closed,0.0,1.3099999999999998
-1.53,3,41.051716,14,d17_medium,2,17,closed,0.0,-1.53
-3.03,3,41.054589,14,d17_medium,2,17,closed,0.0,-3.0300000000000002
1.47,3,41.057524,14,d15_direct,2,15,open,1.0,1.47
-1.53,3,41.060467,14,d17_medium,2,17,closed,0.0,-1.53
4.08,37,41.082187,14,d15_direct,2,15,open,1.0,4.080000000000002
-1.53,3,41.085257,14,d17_medium,2,17,closed,0.0,-1.53
-1.53,3,41.088091,14,d17_medium,2,17,closed,0.0,-1.53
-3.03,3,41.09084,14,d19_detour,2,19,closed,0.5,-3.0300000000000002
-3.03,3,41.093742,14,d19_detour,2,19,closed,0.0,-3.0300000000000002
-3.03,3,41.096674,14,d17_medium,2,17,closed,0.0,-3.0300000000000002
1.75,25,41.111453,14,d15_direct,2,15,open,1.0,1.7499999999999998
4.02,38,41.133852,14,d15_direct,2,15,open,1.0,4.020000000000002
-2.07,7,41.138837,14,d19_detour,2,19,closed,0.0,-2.0700000000000003
4.14,36,41.159463,14,d15_direct,2,15,open,1.0,4.140000000000002
4.14,36,41.181161,14,d15_direct,2,15,open,1.0,4.140000000000002
-3.03,3,41.183994,14,d19_detour,2,19,closed,0.5,-3.0300000000000002
1.07,43,41.209617,14,d17_medium,2,17,closed,0.0,1.0699999999999994
-0.03,3,41.212483,14,d17_medium,2,17,closed,0.5,-0.030000000000000027
-2.49,19,41.224725,14,d17_medium,2,17,closed,0.0,-2.49
-2.69,19,41.236245,14,d19_detour,2,19,closed,0.0,-2.6900000000000004
4.08,37,41.258738,14,d15_direct,2,15,open,1.0,4.080000000000002
-0.86,16,41.269156,14,d17_medium,2,17,closed,0.0,-0.8600000000000001
4.02,38,41.290619,14,d15_direct,2,15,open,1.0,4.020000000000001
-2.92,17,41.300816,14,d17_medium,2,17,closed,0.0,-2.92
1.31,29,41.317448,14,d17_medium,2,17,closed,0.0,1.3099999999999998
-1.53,3,41.320408,14,d17_medium,2,17,closed,0.0,-1.53
-0.03,3,41.323295,14,d15_direct,2,15,open,1.0,-0.030000000000000027
-3.03,3,41.326165,14,d19_detour,2,19,closed,0.0,-3.0300000000000002
-0.75,30,41.343817,14,d17_medium,2,17,closed,0.0,-0.7500000000000002
4.14,36,41.364083,14,d15_direct,2,15,open,1.0,4.140000000000002
4.14,36,41.384574,14,d15_direct,2,15,open,1.0,4.140000000000002
4.14,36,41.404862,14,d15_direct,2,15,open,1.0,4.140000000000002
1.47,3,41.407719,14,d15_direct,2,15,open,1.0,1.47
-3.03,3,41.410529,14,d19_detour,2,19,closed,0.0,-3.0300000000000002
-3.03,3,41.413351,14,d19_detour,2,19,closed,0.5,-3.0300000000000002
-3.03,3,41.416399,14,d17_medium,2,17,closed,0.0,-3.0300000000000002
-1.53,3,41.419287,14,d15_direct,2,15,open,1.0,-1.53
4.14,36,41.440138,14,d15_direct,2,15,open,1.0,4.140000000000002
-2.66,11,41.447248,14,d19_detour,2,19,closed,0.0,-2.66
-0.68,18,41.45792,14,d19_detour,2,19,closed,0.0,-0.6800000000000002
-2.69,19,41.469266,14,d19_detour,2,19,closed,0.0,-2.6900000000000004
-0.86,16,41.479709,14,d17_medium,2,17,closed,0.0,-0.8600000000000001
-0.86,16,41.490079,14,d17_medium,2,17,closed,0.0,-0.8600000000000001
-2.55,5,41.494091,14,d19_detour,2,19,closed,0.0,-2.55
4.08,37,41.515235,14,d15_direct,2,15,open,1.0,4.080000000000002
-0.31,26,41.53028,14,d19_detour,2,19,closed,0.0,-0.3100000000000003
4.14,36,41.554036,14,d15_direct,2,15,open,1.0,4.140000000000002
-3.03,3,41.557092,14,d17_medium,2,17,closed,0.0,-3.0300000000000002
-3.03,3,41.560046,14,d19_detour,2,19,closed,0.5,-3.0300000000000002
-3.03,3,41.563021,14,d17_medium,2,17,closed,0.0,-3.0300000000000002
-0.86,16,41.5739,14,d17_medium,2,17,closed,0.0,-0.8600000000000001
-2.12,12,41.581465,14,d19_detour,2,19,closed,0.5,-2.12
1.47,3,41.58451,14,d15_direct,2,15,open,1.0,1.47
-3.03,3,41.587409,14,d19_detour,2,19,closed,0.0,-3.0300000000000002
-1.53,3,41.590273,14,d19_detour,2,19,closed,0.0,-1.53
-2.96,31,41.608621,14,d17_medium,2,17,closed,0.0,-2.96
-3.03,3,41.611514,14,d19_detour,2,19,closed,0.0,-3.0300000000000002
1.31,29,41.628884,14,d17_medium,2,17,closed,0.0,1.3099999999999998
4.02,38,41.651006,14,d15_direct,2,15,open,1.0,4.020000000000001
-3.03,3,41.654075,14,d17_medium,2,17,closed,0.0,-3.0300000000000002
1.47,3,41.657048,14,d17_medium,2,17,closed,0.5,1.47
1.75,25,41.672258,14,d15_direct,2,15,open,1.0,1.7499999999999998
-3.03,3,41.675235,14,d17_medium,2,17,closed,0.0,-3.0300000000000002
4.08,37,41.697134,14,d15_direct,2,15,open,1.0,4.080000000000002
1.25,30,41.714596,14,d17_medium,2,17,closed,0.0,1.2499999999999998
-3.03,3,41.717458,14,d19_detour,2,19,closed,0.5,-3.0300000000000002
-2.69,19,41.728892,14,d19_detour,2,19,closed,0.0,-2.6900000000000004
-3.03,3,41.731831,14,d19_detour,2,19,closed,0.0,-3.0300000000000002
-0.86,16,41.742084,14,d17_medium,2,17,closed,0.0,-0.8600000000000001
1.69,26,41.757222,14,d15_direct,2,15,open,1.0,1.6899999999999997
1.92,38,41.77883,14,d15_direct,2,15,open,1.0,1.9200000000000013
1.47,3,41.781801,14,d15_direct,2,15,open,1.0,1.47
-3.03,3,41.784672,14,d19_detour,2,19,closed,0.0,-3.0300000000000002
4.14,36,41.811681,14,d15_direct,2,15,open,1.0,4.140000000000002
4.08,37,41.835278,14,d15_direct,2,15,open,1.0,4.080000000000002
-0.86,16,42.064315,14,d17_medium,2,17,closed,0.0,-0.8600000000000001
-0.03,3,42.067166,14,d17_medium,2,17,closed,0.5,-0.030000000000000027
-0.92,17,42.077763,14,d17_medium,2,17,closed,0.0,-0.9200000000000002
-1.53,3,42.080739,14,d17_medium,2,17,closed,0.0,-1.53
1.47,3,42.083669,14,d15_direct,2,15,open,1.0,1.47
1.25,30,42.101498,14,d17_medium,2,17,closed,0.0,1.2499999999999998
-0.03,3,42.104639,14,d17_medium,2,17,closed,0.5,-0.030000000000000027
4.08,37,42.126019,14,d15_direct,2,15,open,1.0,4.080000000000002
-1.53,3,42.128828,14,d19_detour,2,19,closed,0.5,-1.53
-1.53,3,42.131716,14,d17_medium,2,17,closed,0.0,-1.53
-1.53,3,42.134578,14,d17_medium,2,17,closed,0.0,-1.53
-0.92,17,42.145705,14,d17_medium,2,17,closed,0.0,-0.9200000000000002
-3.29,19,42.157611,14,d19_detour,2,19,closed,0.0,-3.2900000000000005
4.14,36,42.178043,14,d15_direct,2,15,open,1.0,4.140000000000002
-0.86,16,42.187902,14,d17_medium,2,17,closed,0.0,-0.8600000000000001
-0.86,16,42.197881,14,d17_medium,2,17,closed,0.0,-0.8600000000000001
1.47,3,42.200661,14,d17_medium,2,17,closed,0.5,1.47
2.07,38,42.222162,14,d15_direct,2,15,open,1.0,2.070000000000002
-3.03,3,42.225018,14,d19_detour,2,19,closed,0.5,-3.0300000000000002
-3.03,3,42.227905,14,d19_detour,2,19,closed,0.5,-3.0300000000000002
-2.55,5,42.231817,14,d19_detour,2,19,closed,0.5,-2.55
4.14,36,42.252358,14,d15_direct,2,15,open,1.0,4.140000000000002
-0.86,16,42.262429,14,d17_medium,2,17,closed,0.0,-0.8600000000000001
-1.53,3,42.265642,14,d19_detour,2,19,closed,0.0,-1.53
-0.86,16,42.275465,14,d17_medium,2,17,closed,0.0,-0.8600000000000001
-3.03,3,42.279237,14,d19_detour,2,19,closed,0.0,-3.0300000000000002
-0.92,17,42.289831,14,d17_medium,2,17,closed,0.0,-0.9200000000000002
-2.07,7,42.295994,14,d19_detour,2,19,closed,0.0,-2.0700000000000003
-3.29,19,42.31076,14,d19_detour,2,19,closed,0.5,-3.290000000000001
-2.55,5,42.314966,14,d19_detour,2,19,closed,0.5,-2.55
-0.86,16,42.325132,14,d17_medium,2,17,closed,0.0,-0.8600000000000001
1.19,31,42.343107,14,d17_medium,2,17,closed,0.0,1.1899999999999997
-3.22,17,42.353038,14,d17_medium,2,17,closed,0.0,-3.2200000000000006
1.47,3,42.356103,14,d15_direct,2,15,open,1.0,1.47
-3.03,3,42.359396,14,d19_detour,2,19,closed,0.5,-3.0300000000000002
-0.86,16,42.370639,14,d17_medium,2,17,closed,0.0,-0.8600000000000001
-3.03,3,42.373715,14,d19_detour,2,19,closed,0.0,-3.0300000000000002
-0.85,30,42.392405,14,d17_medium,2,17,closed,0.0,-0.8500000000000003
3.48,42,42.41665,14,d17_medium,2,17,closed,0.0,3.480000000000002
4.14,36,42.437268,14,d15_direct,2,15,open,1.0,4.140000000000002
-3.03,3,42.440116,14,d19_detour,2,19,closed,0.0,-3.0300000000000002
1.36,44,42.465876,14,d17_medium,2,17,closed,0.0,1.3599999999999997
1.31,29,42.482638,14,d17_medium,2,17,closed,0.0,1.3099999999999998
-3.02,17,42.493023,14,d17_medium,2,17,closed,0.0,-3.0200000000000005
2.03,37,42.514021,14,d15_direct,2,15,open,1.0,2.030000000000002
-2.55,5,42.517872,14,d19_detour,2,19,closed,0.0,-2.55
-3.03,3,42.520792,14,d17_medium,2,17,closed,0.0,-3.0300000000000002
-3.03,3,42.523641,14,d17_medium,2,17,closed,0.0,-3.0300000000000002
-0.62,32,42.541863,14,d17_medium,2,17,closed,0.0,-0.6200000000000001
-1.53,3,42.544897,14,d19_detour,2,19,closed,0.5,-1.53
1.31,29,42.561665,14,d17_medium,2,17,closed,0.0,1.3099999999999998
-0.74,19,42.572913,14,d19_detour,2,19,closed,0.0,-0.7400000000000002
-2.55,5,42.57676,14,d19_detour,2,19,closed,0.5,-2.55
-3.03,3,42.57966,14,d19_detour,2,19,closed,0.5,-3.0300000000000002
-3.03,3,42.582793,14,d19_detour,2,19,closed,0.5,-3.0300000000000002
4.08,37,42.603789,14,d15_direct,2,15,open,1.0,4.080000000000002
-1.53,3,42.606627,14,d17_medium,2,17,closed,0.0,-1.53
-3.03,3,42.609536,14,d19_detour,2,19,closed,0.5,-3.0300000000000002
-1.53,3,42.612451,14,d17_medium,2,17,closed,0.0,-1.53
-3.03,3,42.615273,14,d19_detour,2,19,closed,0.5,-3.0300000000000002
3.48,42,42.639806,14,d17_medium,2,17,closed,0.0,3.480000000000002
-1.53,3,42.642609,14,d19_detour,2,19,closed,0.5,-1.53
2.13,37,42.663811,14,d15_direct,2,15,open,1.0,2.13
-3.03,3,42.6666,14,d19_detour,2,19,closed,0.5,-3.0300000000000002
-2.87,17,42.676774,14,d17_medium,2,17,closed,0.0,-2.87
-0.03,3,42.679586,14,d15_direct,2,15,open,1.0,-0.030000000000000027
-1.53,3,42.682466,14,d19_detour,2,19,closed,0.5,-1.53
-1.53,3,42.685318,14,d19_detour,2,19,closed,0.0,-1.53
-3.03,3,42.688046,14,d19_detour,2,19,closed,0.5,-3.0300000000000002
-0.2,20,42.699771,14,d19_detour,2,19,closed,0.0,-0.20000000000000018
-0.86,16,42.709466,14,d17_medium,2,17,closed,0.0,-0.8600000000000001
4.14,36,42.729698,14,d15_direct,2,15,open,1.0,4.140000000000002
-3.03,3,42.732579,14,d19_detour,2,19,closed,0.5,-3.0300000000000002
-2.55,5,42.736424,14,d19_detour,2,19,closed,0.0,-2.55
4.14,36,42.757748,14,d15_direct,2,15,open,1.0,4.140000000000002
-0.03,3,42.760612,14,d17_medium,2,17,closed,0.0,-0.030000000000000027
4.14,36,42.781624,14,d15_direct,2,15,open,1.0,4.140000000000002
-2.76,21,42.793602,14,d19_detour,2,19,closed,0.5,-2.7600000000000002
-3.03,3,42.796528,14,d17_medium,2,17,closed,0.0,-3.0300000000000002
-3.03,3,42.7994,14,d19_detour,2,19,closed,0.0,-3.0300000000000002
-0.86,16,42.81028,14,d17_medium,2,17,closed,0.0,-0.8600000000000001
-1.53,3,42.81323,14,d19_detour,2,19,closed,0.5,-1.53
-1.53,3,42.816033,14,d17_medium,2,17,closed,0.0,-1.53
-0.86,16,42.826122,14,d17_medium,2,17,closed,0.0,-0.8600000000000001
-0.86,16,42.837573,14,d17_medium,2,17,closed,0.0,-0.8600000000000001
1.47,3,42.840548,14,d15_direct,2,15,open,1.0,1.47
-2.56,6,42.844989,14,d19_detour,2,19,closed,0.5,-2.56
1.47,3,42.847932,14,d15_direct,2,15,open,1.0,1.47
1.31,29,42.864821,14,d17_medium,2,17,closed,0.0,1.3099999999999998
-3.03,3,42.867736,14,d17_medium,2,17,closed,0.0,-3.0300000000000002
4.14,36,42.88882,14,d15_direct,2,15,open,1.0,4.140000000000002
4.08,37,42.910092,14,d15_direct,2,15,open,1.0,4.080000000000002
-2.55,5,42.914682,14,d19_detour,2,19,closed,0.0,-2.55
-3.03,3,42.917607,14,d19_detour,2,19,closed,0.5,-3.0300000000000002
-3.03,3,42.920874,14,d19_detour,2,19,closed,0.0,-3.0300000000000002
-3.03,3,42.92434,14,d19_detour,2,19,closed,0.5,-3.0300000000000002
-2.55,5,42.928471,14,d17_medium,2,17,closed,0.0,-2.55
-3.0,35,42.951143,14,d19_detour,2,19,closed,0.0,-3.000000000000001
4.14,36,42.974013,14,d15_direct,2,15,open,1.0,4.140000000000002
-1.53,3,42.977013,14,d17_medium,2,17,closed,0.0,-1.53
-0.74,19,42.989713,14,d19_detour,2,19,closed,0.0,-0.7400000000000002
1.31,29,43.009646,14,d17_medium,2,17,closed,0.0,1.3099999999999998
1.31,29,43.0272,14,d17_medium,2,17,closed,0.0,1.3099999999999998
-2.55,5,43.031167,14,d19_detour,2,19,closed,0.5,-2.55
-3.03,3,43.033949,14,d19_detour,2,19,closed,0.5,-3.0300000000000002
-0.7,30,43.050938,14,d17_medium,2,17,closed,0.0,-0.7000000000000002
1.47,3,43.054286,14,d15_direct,2,15,open,1.0,1.47
-3.03,3,43.057208,14,d19_detour,2,19,closed,0.5,-3.0300000000000002
1.69,26,43.072771,14,d15_direct,2,15,open,1.0,1.6899999999999997
-3.03,3,43.075854,14,d17_medium,2,17,closed,0.0,-3.0300000000000002
1.31,29,43.093491,14,d17_medium,2,17,closed,0.0,1.3099999999999998
-3.03,3,43.096356,14,d19_detour,2,19,closed,0.0,-3.0300000000000002
-3.03,3,43.09919,14,d19_detour,2,19,closed,0.5,-3.0300000000000002
-2.07,7,43.104289,14,d19_detour,2,19,closed,0.0,-2.0700000000000003
4.14,36,43.12448,14,d15_direct,2,15,open,1.0,4.140000000000002
-3.03,3,43.127236,14,d19_detour,2,19,closed,0.5,-3.0300000000000002
4.14,36,43.147157,14,d15_direct,2,15,open,1.0,4.140000000000002
-2.55,5,43.151017,14,d19_detour,2,19,closed,0.5,-2.55
-1.53,3,43.153821,14,d17_medium,2,17,closed,0.0,-1.53
1.31,29,43.172128,14,d17_medium,2,17,closed,0.0,1.3099999999999998
1.31,29,43.190222,14,d17_medium,2,17,closed,0.0,1.3099999999999998
4.14,36,43.2107,14,d15_direct,2,15,open,1.0,4.140000000000002
-3.03,3,43.213787,14,d17_medium,2,17,closed,0.0,-3.0300000000000002
4.08,37,43.235114,14,d15_direct,2,15,open,1.0,4.080000000000002
4.08,37,43.256357,14,d15_direct,2,15,open,1.0,4.080000000000002
4.14,36,43.277342,14,d15_direct,2,15,open,1.0,4.140000000000002
4.14,36,43.297723,14,d15_direct,2,15,open,1.0,4.140000000000002
-3.34,19,43.309265,14,d19_detour,2,19,closed,0.5,-3.3400000000000007
1.75,25,43.323757,14,d15_direct,2,15,open,1.0,1.7499999999999998
-0.03,3,43.326606,14,d17_medium,2,17,closed,0.0,-0.030000000000000027
-2.56,6,43.331035,14,d19_detour,2,19,closed,0.0,-2.56
-3.03,3,43.333968,14,d17_medium,2,17,closed,0.0,-3.0300000000000002
3.48,42,43.359296,14,d17_medium,2,17,closed,0.0,3.480000000000002
-0.86,16,43.597718,14,d17_medium,2,17,closed,0.0,-0.8600000000000001
1.47,3,43.600596,14,d19_detour,2,19,closed,0.5,1.47
4.08,37,43.622392,14,d15_direct,2,15,open,1.0,4.080000000000002
1.25,30,43.640614,14,d17_medium,2,17,closed,0.0,1.2499999999999998
-0.03,3,43.643476,14,d17_medium,2,17,closed,0.5,-0.030000000000000027
-1.53,3,43.646312,14,d19_detour,2,19,closed,0.5,-1.53
-0.56,26,43.661821,14,d15_direct,2,15,open,1.0,-0.5600000000000003
-0.03,3,43.664764,14,d17_medium,2,17,closed,0.0,-0.030000000000000027
-0.03,3,43.668022,14,d19_detour,2,19,closed,0.5,-0.030000000000000027
-1.53,3,43.671026,14,d19_detour,2,19,closed,0.5,-1.53
1.75,25,43.686862,14,d15_direct,2,15,open,1.0,1.7499999999999998
-0.03,3,43.690025,14,d17_medium,2,17,closed,0.0,-0.030000000000000027
-1.53,3,43.692941,14,d17_medium,2,17,closed,0.0,-1.53
4.08,37,43.71512,14,d15_direct,2,15,open,1.0,4.080000000000002
4.14,36,43.736206,14,d15_direct,2,15,open,1.0,4.140000000000002
-3.34,19,43.747394,14,d19_detour,2,19,closed,0.5,-3.3400000000000007
-2.12,12,43.75505,14,d19_detour,2,19,closed,0.0,-2.12
4.14,36,43.776717,14,d15_direct,2,15,open,1.0,4.140000000000002
-2.56,6,43.781324,14,d19_detour,2,19,closed,0.5,-2.56
-2.55,5,43.78531,14,d17_medium,2,17,closed,0.0,-2.55
-0.92,17,43.795502,14,d17_medium,2,17,closed,0.0,-0.9200000000000002
1.19,31,43.813567,14,d17_medium,2,17,closed,0.0,1.1899999999999997
-0.86,16,43.823244,14,d17_medium,2,17,closed,0.0,-0.8600000000000001
4.14,36,43.844528,14,d15_direct,2,15,open,1.0,4.140000000000002
1.19,31,43.862245,14,d17_medium,2,17,closed,0.0,1.1899999999999997
2.07,38,43.883389,14,d15_direct,2,15,open,1.0,2.070000000000002
2.03,37,43.904094,14,d15_direct,2,15,open,1.0,2.0299999999999994
-3.03,3,43.90685,14,d19_detour,2,19,closed,0.5,-3.0300000000000002
4.14,36,43.927404,14,d15_direct,2,15,open,1.0,4.140000000000002
-3.03,3,43.930281,14,d17_medium,2,17,closed,0.0,-3.0300000000000002
1.47,3,43.933074,14,d17_medium,2,17,closed,0.5,1.47
-0.36,26,43.948848,14,d15_direct,2,15,open,1.0,-0.3600000000000003
-1.83,23,43.96204,14,d19_detour,2,19,closed,0.5,-1.8300000000000005
-0.03,3,43.964892,14,d17_medium,2,17,closed,0.0,-0.030000000000000027
-3.03,3,43.967869,14,d19_detour,2,19,closed,0.0,-3.0300000000000002
4.02,38,43.989675,14,d15_direct,2,15,open,1.0,4.020000000000001
-1.53,3,43.992529,14,d17_medium,2,17,closed,0.0,-1.53
-3.03,3,43.995401,14,d17_medium,2,17,closed,0.0,-3.0300000000000002
1.75,25,44.010423,14,d15_direct,2,15,open,1.0,1.7499999999999998
-3.03,3,44.013545,14,d17_medium,2,17,closed,0.0,-3.0300000000000002
4.14,36,44.034057,14,d15_direct,2,15,open,1.0,4.140000000000002
4.14,36,44.054682,14,d15_direct,2,15,open,1.0,4.140000000000002
-3.03,3,44.057559,14,d19_detour,2,19,closed,0.5,-3.0300000000000002
-0.74,19,44.06919,14,d19_detour,2,19,closed,0.0,-0.7400000000000002
-3.03,3,44.072032,14,d19_detour,2,19,closed,0.5,-3.0300000000000002
4.02,38,44.094196,14,d15_direct,2,15,open,1.0,4.020000000000002
-0.86,16,44.104198,14,d17_medium,2,17,closed,0.0,-0.8600000000000001
1.75,25,44.118886,14,d15_direct,2,15,open,1.0,1.7499999999999998
-2.56,6,44.12333,14,d19_detour,2,19,closed,0.0,-2.56
-0.86,16,44.13377,14,d17_medium,2,17,closed,0.0,-0.8600000000000001
1.47,3,44.13667,14,d15_direct,2,15,open,1.0,1.47
-0.03,3,44.139545,14,d17_medium,2,17,closed,0.0,-0.030000000000000027
-3.03,3,44.142781,14,d17_medium,2,17,closed,0.0,-3.0300000000000002
4.14,36,44.163548,14,d15_direct,2,15,open,1.0,4.140000000000002
-1.53,3,44.166382,14,d19_detour,2,19,closed,0.5,-1.53
-3.03,3,44.170061,14,d19_detour,2,19,closed,0.0,-3.0300000000000002
-3.03,3,44.17445,14,d19_detour,2,19,closed,0.5,-3.0300000000000002
1.82,38,44.197358,14,d15_direct,2,15,open,1.0,1.8199999999999996
-2.33,23,44.210392,14,d19_detour,2,19,closed,0.5,-2.330000000000001
4.14,36,44.230356,14,d15_direct,2,15,open,1.0,4.140000000000002
1.31,29,44.247045,14,d17_medium,2,17,closed,0.0,1.3099999999999998
-0.99,34,44.265845,14,d19_detour,2,19,closed,0.0,-0.9900000000000004
-0.7,30,44.283294,14,d17_medium,2,17,closed,0.0,-0.7000000000000002
-3.6,35,44.302648,14,d19_detour,2,19,closed,0.5,-3.6000000000000005
-3.25,35,44.322216,14,d19_detour,2,19,closed,0.0,-3.25
-3.29,19,44.333327,14,d19_detour,2,19,closed,0.5,-3.2900000000000005
-0.64,14,44.342128,14,d15_direct,2,15,open,1.0,-0.6400000000000001
1.47,3,44.345045,14,d15_direct,2,15,open,1.0,1.47
1.31,29,44.36253,14,d17_medium,2,17,closed,0.0,1.3099999999999998
-0.92,17,44.372901,14,d17_medium,2,17,closed,0.0,-0.9200000000000002
-3.03,3,44.375749,14,d19_detour,2,19,closed,0.0,-3.0300000000000002
-0.03,3,44.378567,14,d17_medium,2,17,closed,0.5,-0.030000000000000027
-1.53,3,44.38146,14,d17_medium,2,17,closed,0.5,-1.53
1.69,26,44.396809,14,d15_direct,2,15,open,1.0,1.6899999999999997
-0.68,18,44.407815,14,d19_detour,2,19,closed,0.0,-0.6800000000000002
1.47,3,44.4107,14,d15_direct,2,15,open,1.0,1.47
-1.53,3,44.413531,14,d19_detour,2,19,closed,0.5,-1.53
-1.53,3,44.416449,14,d19_detour,2,19,closed,0.0,-1.53
-3.03,3,44.419338,14,d19_detour,2,19,closed,0.0,-3.0300000000000002
1.75,25,44.434682,14,d15_direct,2,15,open,1.0,1.7499999999999998
1.47,3,44.437692,14,d15_direct,2,15,open,1.0,1.47
4.14,36,44.458721,14,d15_direct,2,15,open,1.0,4.140000000000002
-0.86,16,44.468697,14,d17_medium,2,17,closed,0.0,-0.8600000000000001
-3.03,3,44.471552,14,d19_detour,2,19,closed,0.0,-3.0300000000000002
-1.53,3,44.474397,14,d19_detour,2,19,closed,0.0,-1.53
-0.25,25,44.488899,14,d19_detour,2,19,closed,0.0,-0.2500000000000002
-0.03,3,44.491765,14,d15_direct,2,15,open,1.0,-0.030000000000000027
-0.38,18,44.50267,14,d17_medium,2,17,closed,0.0,-0.3800000000000001
1.75,25,44.517623,14,d15_direct,2,15,open,1.0,1.7499999999999998
-3.03,3,44.520519,14,d17_medium,2,17,closed,0.0,-3.0300000000000002
-0.68,18,44.531511,14,d19_detour,2,19,closed,0.0,-0.6800000000000002
4.14,36,44.552443,14,d15_direct,2,15,open,1.0,4.140000000000002
-3.03,3,44.555399,14,d19_detour,2,19,closed,0.0,-3.0300000000000002
-3.03,3,44.558367,14,d17_medium,2,17,closed,0.0,-3.0300000000000002
1.47,3,44.561203,14,d15_direct,2,15,open,1.0,1.47
-3.03,3,44.564058,14,d17_medium,2,17,closed,0.0,-3.0300000000000002
4.14,36,44.584604,14,d15_direct,2,15,open,1.0,4.140000000000002
4.14,36,44.605334,14,d15_direct,2,15,open,1.0,4.140000000000002
-0.03,3,44.608177,14,d17_medium,2,17,closed,0.0,-0.030000000000000027
-2.55,5,44.612036,14,d19_detour,2,19,closed,0.0,-2.55
1.92,38,44.633639,14,d15_direct,2,15,open,1.0,1.9200000000000013
2.13,37,44.655305,14,d15_direct,2,15,open,1.0,2.13
-1.53,3,44.658129,14,d19_detour,2,19,closed,0.5,-1.53
3.48,42,44.682368,14,d17_medium,2,17,closed,0.0,3.480000000000002
4.02,38,44.704524,14,d15_direct,2,15,open,1.0,4.020000000000001
4.14,36,44.724976,14,d15_direct,2,15,open,1.0,4.140000000000002
-3.03,3,44.728241,14,d19_detour,2,19,closed,0.5,-3.0300000000000002
-0.86,16,44.738593,14,d17_medium,2,17,closed,0.0,-0.8600000000000001
-1.53,3,44.74136,14,d19_detour,2,19,closed,0.5,-1.53
-0.03,3,44.744164,14,d17_medium,2,17,closed,0.5,-0.030000000000000027
1.47,3,44.746988,14,d15_direct,2,15,open,1.0,1.47
-1.53,3,44.749875,14,d17_medium,2,17,closed,0.0,-1.53
-3.03,3,44.752716,14,d19_detour,2,19,closed,0.5,-3.0300000000000002
-1.53,3,44.755532,14,d19_detour,2,19,closed,0.0,-1.53
1.37,43,44.780495,14,d17_medium,2,17,closed,0.0,1.3699999999999997
1.47,3,44.783407,14,d15_direct,2,15,open,1.0,1.47
4.14,36,44.803829,14,d15_direct,2,15,open,1.0,4.140000000000002
-0.86,16,44.813655,14,d17_medium,2,17,closed,0.0,-0.8600000000000001
-1.53,3,44.816561,14,d17_medium,2,17,closed,0.0,-1.53
-0.03,3,44.819429,14,d15_direct,2,15,open,1.0,-0.030000000000000027
-3.03,3,44.822378,14,d19_detour,2,19,closed,0.0,-3.0300000000000002
-1.53,3,44.825337,14,d17_medium,2,17,closed,0.0,-1.53
-3.03,3,44.828151,14,d19_detour,2,19,closed,0.5,-3.0300000000000002
-3.03,3,44.831089,14,d17_medium,2,17,closed,0.0,-3.0300000000000002
4.08,37,44.85267,14,d15_direct,2,15,open,1.0,4.080000000000002
-2.97,17,45.09769,14,d17_medium,2,17,closed,0.0,-2.97
-3.03,3,45.100628,14,d19_detour,2,19,closed,0.5,-3.0300000000000002
-0.03,3,45.103584,14,d17_medium,2,17,closed,0.0,-0.030000000000000027
1.47,3,45.106526,14,d15_direct,2,15,open,1.0,1.47
-1.05,30,45.123569,14,d17_medium,2,17,closed,0.0,-1.0500000000000003
1.31,29,45.140273,14,d17_medium,2,17,closed,0.0,1.3099999999999998
-0.03,3,45.143132,14,d19_detour,2,19,closed,0.5,-0.030000000000000027
-3.03,3,45.145959,14,d17_medium,2,17,closed,0.0,-3.0300000000000002
1.75,25,45.160558,14,d15_direct,2,15,open,1.0,1.7499999999999998
4.14,36,45.181057,14,d15_direct,2,15,open,1.0,4.140000000000002
-0.03,3,45.183894,14,d15_direct,2,15,open,1.0,-0.030000000000000027
-3.03,3,45.186713,14,d19_detour,2,19,closed,0.5,-3.0300000000000002
-1.53,3,45.189847,14,d17_medium,2,17,closed,0.0,-1.53
-1.53,3,45.193327,14,d17_medium,2,17,closed,0.0,-1.53
-3.03,3,45.196175,14,d19_detour,2,19,closed,0.5,-3.0300000000000002
1.47,3,45.199082,14,d15_direct,2,15,open,1.0,1.47
1.47,3,45.201992,14,d15_direct,2,15,open,1.0,1.47
4.08,37,45.224839,14,d15_direct,2,15,open,1.0,4.080000000000002
-3.03,3,45.227957,14,d17_medium,2,17,closed,0.0,-3.0300000000000002
-2.55,5,45.231735,14,d19_detour,2,19,closed,0.0,-2.55
1.47,3,45.234715,14,d15_direct,2,15,open,1.0,1.47
1.47,3,45.237628,14,d15_direct,2,15,open,1.0,1.47
4.14,36,45.258507,14,d15_direct,2,15,open,1.0,4.140000000000002
-0.03,3,45.261678,14,d17_medium,2,17,closed,0.0,-0.030000000000000027
4.14,36,45.282086,14,d15_direct,2,15,open,1.0,4.140000000000002
4.14,36,45.30277,14,d15_direct,2,15,open,1.0,4.140000000000002
0.1,35,45.322526,14,d19_detour,2,19,closed,0.0,0.09999999999999964
-0.86,16,45.332328,14,d17_medium,2,17,closed,0.0,-0.8600000000000001
-2.6,10,45.33875,14,d19_detour,2,19,closed,0.5,-2.6
-3.03,3,45.341684,14,d19_detour,2,19,closed,0.0,-3.0300000000000002
4.14,36,45.362021,14,d15_direct,2,15,open,1.0,4.140000000000002
-3.03,3,45.365132,14,d19_detour,2,19,closed,0.5,-3.0300000000000002
-3.03,3,45.368004,14,d17_medium,2,17,closed,0.0,-3.0300000000000002
-0.86,16,45.377706,14,d17_medium,2,17,closed,0.0,-0.8600000000000001
-0.86,16,45.387445,14,d17_medium,2,17,closed,0.0,-0.8600000000000001
1.31,29,45.40404,14,d17_medium,2,17,closed,0.0,1.3099999999999998
-0.68,18,45.415474,14,d19_detour,2,19,closed,0.0,-0.6800000000000002
-1.53,3,45.418325,14,d19_detour,2,19,closed,0.5,-1.53
-3.1,35,45.43789,14,d19_detour,2,19,closed,0.0,-3.100000000000001
-3.03,3,45.440683,14,d19_detour,2,19,closed,0.5,-3.0300000000000002
1.47,3,45.443477,14,d19_detour,2,19,closed,0.5,1.47
4.14,36,45.463902,14,d15_direct,2,15,open,1.0,4.140000000000002
4.14,36,45.484742,14,d15_direct,2,15,open,1.0,4.140000000000002
1.47,3,45.487622,14,d15_direct,2,15,open,1.0,1.47
-0.86,16,45.497455,14,d17_medium,2,17,closed,0.0,-0.8600000000000001
4.08,37,45.518814,14,d15_direct,2,15,open,1.0,4.080000000000002
4.14,36,45.538915,14,d15_direct,2,15,open,1.0,4.140000000000002
-2.56,6,45.543343,14,d19_detour,2,19,closed,0.0,-2.56
-1.53,3,45.546133,14,d19_detour,2,19,closed,0.5,-1.53
4.14,36,45.566468,14,d15_direct,2,15,open,1.0,4.140000000000002
-2.69,19,45.577568,14,d19_detour,2,19,closed,0.0,-2.6900000000000004
-1.53,3,45.580377,14,d19_detour,2,19,closed,0.5,-1.53
2.03,37,45.601535,14,d15_direct,2,15,open,1.0,2.030000000000002
-0.86,16,45.611275,14,d17_medium,2,17,closed,0.0,-0.8600000000000001
4.14,36,45.631521,14,d15_direct,2,15,open,1.0,4.140000000000002
4.14,36,45.652449,14,d15_direct,2,15,open,1.0,4.140000000000002
-3.03,3,45.655923,14,d19_detour,2,19,closed,0.5,-3.0300000000000002
4.14,36,45.676256,14,d15_direct,2,15,open,1.0,4.140000000000002
-0.86,16,45.686128,14,d17_medium,2,17,closed,0.0,-0.8600000000000001
-0.74,19,45.698359,14,d19_detour,2,19,closed,0.0,-0.7400000000000002
-3.29,19,45.709487,14,d19_detour,2,19,closed,0.5,-3.2900000000000005
-1.53,3,45.712355,14,d17_medium,2,17,closed,0.5,-1.53
-0.03,3,45.715216,14,d17_medium,2,17,closed,0.0,-0.030000000000000027
-0.68,18,45.725717,14,d19_detour,2,19,closed,0.0,-0.6800000000000002
4.14,36,45.74584,14,d15_direct,2,15,open,1.0,4.140000000000002
4.14,36,45.765707,14,d15_direct,2,15,open,1.0,4.140000000000002
1.47,3,45.768555,14,d15_direct,2,15,open,1.0,1.47
1.47,3,45.771383,14,d15_direct,2,15,open,1.0,1.47
-0.99,34,45.790103,14,d19_detour,2,19,closed,0.0,-0.9900000000000004
-0.64,14,45.798676,14,d15_direct,2,15,open,1.0,-0.6400000000000001
-3.03,3,45.801533,14,d17_medium,2,17,closed,0.0,-3.0300000000000002
-2.79,19,45.812907,14,d19_detour,2,19,closed,0.0,-2.79
-3.03,3,45.815727,14,d17_medium,2,17,closed,0.0,-3.0300000000000002
-1.53,3,45.818623,14,d17_medium,2,17,closed,0.0,-1.53
-0.86,16,45.82827,14,d17_medium,2,17,closed,0.0,-0.8600000000000001
-3.03,3,45.83106,14,d17_medium,2,17,closed,0.0,-3.0300000000000002
4.14,36,45.851234,14,d15_direct,2,15,open,1.0,4.140000000000002
4.14,36,45.871216,14,d15_direct,2,15,open,1.0,4.140000000000002
-1.53,3,45.873942,14,d19_detour,2,19,closed,0.5,-1.53
-2.6,10,45.880254,14,d19_detour,2,19,closed,0.5,-2.6
4.08,37,45.901144,14,d15_direct,2,15,open,1.0,4.080000000000002
-3.03,3,45.903858,14,d19_detour,2,19,closed,0.5,-3.0300000000000002
-0.86,16,45.913393,14,d17_medium,2,17,closed,0.0,-0.8600000000000001
-3.03,3,45.916247,14,d17_medium,2,17,closed,0.0,-3.0300000000000002
-1.53,3,45.919096,14,d17_medium,2,17,closed,0.0,-1.53
-0.68,18,45.930006,14,d19_detour,2,19,closed,0.0,-0.6800000000000002
-3.03,3,45.932805,14,d19_detour,2,19,closed,0.0,-3.0300000000000002
4.14,36,45.952917,14,d15_direct,2,15,open,1.0,4.140000000000002
1.47,3,45.955759,14,d15_direct,2,15,open,1.0,1.47
1.47,3,45.958675,14,d15_direct,2,15,open,1.0,1.47
1.75,25,45.972846,14,d15_direct,2,15,open,1.0,1.7499999999999998
-0.86,16,45.982432,14,d17_medium,2,17,closed,0.0,-0.8600000000000001
-2.79,19,45.99362,14,d19_detour,2,19,closed,0.0,-2.79
-0.03,3,45.996373,14,d19_detour,2,19,closed,0.5,-0.030000000000000027
-3.03,3,45.999146,14,d19_detour,2,19,closed,0.5,-3.0300000000000002
-0.86,16,46.008842,14,d17_medium,2,17,closed,0.0,-0.8600000000000001
-0.68,18,46.01938,14,d19_detour,2,19,closed,0.0,-0.6800000000000002
-0.92,17,46.029511,14,d17_medium,2,17,closed,0.0,-0.9200000000000002
4.08,37,46.0499,14,d15_direct,2,15,open,1.0,4.080000000000002
-0.68,18,46.060869,14,d19_detour,2,19,closed,0.0,-0.6800000000000002
-3.03,3,46.063797,14,d19_detour,2,19,closed,0.0,-3.0300000000000002
-3.03,3,46.066635,14,d17_medium,2,17,closed,0.0,-3.0300000000000002
-0.68,18,46.077308,14,d19_detour,2,19,closed,0.0,-0.6800000000000002
1.31,29,46.094251,14,d17_medium,2,17,closed,0.0,1.3099999999999998
4.08,37,46.116353,14,d15_direct,2,15,open,1.0,4.080000000000002
-0.86,16,46.12808,14,d17_medium,2,17,closed,0.0,-0.8600000000000001
4.14,36,46.148834,14,d15_direct,2,15,open,1.0,4.140000000000002
-0.68,18,46.159786,14,d19_detour,2,19,closed,0.0,-0.6800000000000002
4.14,36,46.17991,14,d15_direct,2,15,open,1.0,4.140000000000002
-0.03,3,46.182745,14,d15_direct,2,15,open,1.0,-0.030000000000000027
-0.7,30,46.200293,14,d17_medium,2,17,closed,0.0,-0.7000000000000002
-1.53,3,46.203184,14,d19_detour,2,19,closed,0.0,-1.53
-1.53,3,46.206015,14,d19_detour,2,19,closed,0.5,-1.53
-2.26,21,46.219139,14,d19_detour,2,19,closed,0.0,-2.2600000000000002
-3.34,19,46.231421,14,d19_detour,2,19,closed,0.5,-3.3400000000000007
-3.03,3,46.234946,14,d19_detour,2,19,closed,0.5,-3.0300000000000002
-3.03,3,46.237898,14,d19_detour,2,19,closed,0.0,-3.0300000000000002
-3.03,3,46.240935,14,d17_medium,2,17,closed,0.0,-3.0300000000000002
-3.03,3,46.243806,14,d19_detour,2,19,closed,0.5,-3.0300000000000002
1.47,3,46.246673,14,d15_direct,2,15,open,1.0,1.47
-3.03,3,46.249548,14,d17_medium,2,17,closed,0.0,-3.0300000000000002
-3.03,3,46.252353,14,d19_detour,2,19,closed,0.5,-3.0300000000000002
-2.55,5,46.256237,14,d19_detour,2,19,closed,0.0,-2.55
-3.03,3,46.259028,14,d19_detour,2,19,closed,0.5,-3.0300000000000002
-2.86,21,46.271036,14,d19_detour,2,19,closed,0.0,-2.8600000000000008
-3.03,3,46.273817,14,d19_detour,2,19,closed,0.5,-3.0300000000000002
-2.55,5,46.277656,14,d19_detour,2,19,closed,0.0,-2.55
-0.86,16,46.287291,14,d17_medium,2,17,closed,0.0,-0.8600000000000001
1.47,3,46.290092,14,d15_direct,2,15,open,1.0,1.47
1.31,29,46.30668,14,d17_medium,2,17,closed,0.0,1.3099999999999998
1.47,3,46.309631,14,d15_direct,2,15,open,1.0,1.47
-1.53,3,46.312415,14,d19_detour,2,19,closed,0.5,-1.53
-3.03,3,46.315323,14,d17_medium,2,17,closed,0.0,-3.0300000000000002
1.31,29,46.333639,14,d17_medium,2,17,closed,0.0,1.3099999999999998
1.31,29,46.350336,14,d17_medium,2,17,closed,0.0,1.3099999999999998
-0.34,34,46.61696,14,d19_detour,2,19,closed,0.0,-0.3400000000000003
-1.53,3,46.619904,14,d19_detour,2,19,closed,0.5,-1.53
1.75,25,46.634363,14,d15_direct,2,15,open,1.0,1.7499999999999998
-3.02,17,46.644695,14,d17_medium,2,17,closed,0.0,-3.0200000000000005
1.25,30,46.661909,14,d17_medium,2,17,closed,0.0,1.2499999999999998
-0.68,18,46.672656,14,d19_detour,2,19,closed,0.0,-0.6800000000000002
-3.03,3,46.675635,14,d19_detour,2,19,closed,0.5,-3.0300000000000002
-2.56,6,46.680288,14,d19_detour,2,19,closed,0.5,-2.56
-3.03,3,46.68337,14,d19_detour,2,19,closed,0.5,-3.0300000000000002
-2.74,19,46.694851,14,d19_detour,2,19,closed,0.0,-2.7400000000000007
1.47,3,46.698204,14,d15_direct,2,15,open,1.0,1.47
1.41,44,46.723607,14,d17_medium,2,17,closed,0.0,1.4099999999999997
-3.03,3,46.726516,14,d19_detour,2,19,closed,0.0,-3.0300000000000002
1.98,37,46.747693,14,d15_direct,2,15,open,1.0,1.9799999999999998
4.14,36,46.7682,14,d15_direct,2,15,open,1.0,4.140000000000002
4.14,36,46.788458,14,d15_direct,2,15,open,1.0,4.140000000000002
-3.03,3,46.79169,14,d19_detour,2,19,closed,0.5,-3.0300000000000002
1.98,37,46.820482,14,d15_direct,2,15,open,1.0,1.9799999999999995
-3.03,3,46.824484,14,d19_detour,2,19,closed,0.5,-3.0300000000000002
-0.03,3,46.827813,14,d17_medium,2,17,closed,0.5,-0.030000000000000027
4.14,36,46.849075,14,d15_direct,2,15,open,1.0,4.140000000000002
4.14,36,46.869899,14,d15_direct,2,15,open,1.0,4.140000000000002
4.14,36,46.89067,14,d15_direct,2,15,open,1.0,4.140000000000002
-3.03,3,46.893573,14,d17_medium,2,17,closed,0.0,-3.0300000000000002
1.19,31,46.911898,14,d17_medium,2,17,closed,0.0,1.1899999999999997
-1.53,3,46.914733,14,d17_medium,2,17,closed,0.0,-1.53
-0.45,35,46.934002,14,d19_detour,2,19,closed,0.0,-0.45000000000000084
-0.86,16,46.945616,14,d17_medium,2,17,closed,0.0,-0.8600000000000001
2.03,37,46.966308,14,d15_direct,2,15,open,1.0,2.0299999999999994
1.47,3,46.969195,14,d15_direct,2,15,open,1.0,1.47
-0.26,21,46.981287,14,d19_detour,2,19,closed,0.0,-0.26000000000000023
-0.03,3,46.984074,14,d17_medium,2,17,closed,0.0,-0.030000000000000027
1.69,26,46.998843,14,d15_direct,2,15,open,1.0,1.6899999999999997
-0.03,3,47.001692,14,d17_medium,2,17,closed,0.0,-0.030000000000000027
-1.53,3,47.004838,14,d19_detour,2,19,closed,0.5,-1.53
-1.53,3,47.007882,14,d19_detour,2,19,closed,0.5,-1.53
-0.03,3,47.010767,14,d17_medium,2,17,closed,0.5,-0.030000000000000027
-0.03,3,47.01352,14,d19_detour,2,19,closed,0.5,-0.030000000000000027
4.08,37,47.034745,14,d15_direct,2,15,open,1.0,4.080000000000002
-0.8,30,47.051677,14,d17_medium,2,17,closed,0.0,-0.8000000000000003
-0.03,3,47.054465,14,d19_detour,2,19,closed,0.5,-0.030000000000000027
4.14,36,47.074555,14,d15_direct,2,15,open,1.0,4.140000000000002
-0.03,3,47.077333,14,d19_detour,2,19,closed,0.5,-0.030000000000000027
-0.86,16,47.087063,14,d17_medium,2,17,closed,0.0,-0.8600000000000001
-0.85,30,47.10454,14,d17_medium,2,17,closed,0.0,-0.8500000000000003
-0.74,19,47.115734,14,d19_detour,2,19,closed,0.0,-0.7400000000000002
-2.55,5,47.119605,14,d19_detour,2,19,closed,0.0,-2.55
-2.55,5,47.124798,14,d19_detour,2,19,closed,0.5,-2.55
1.47,3,47.127892,14,d15_direct,2,15,open,1.0,1.47
-3.03,3,47.130883,14,d17_medium,2,17,closed,0.0,-3.0300000000000002
1.75,25,47.14634,14,d15_direct,2,15,open,1.0,1.7499999999999998
-3.03,3,47.149149,14,d19_detour,2,19,closed,0.5,-3.0300000000000002
2.03,37,47.169601,14,d15_direct,2,15,open,1.0,2.0299999999999994
-2.79,19,47.180826,14,d19_detour,2,19,closed,0.0,-2.79
2.45,50,47.207989,14,d19_detour,2,19,closed,0.0,2.4499999999999993
-0.44,19,47.219479,14,d17_medium,2,17,closed,0.0,-0.44000000000000017
1.61,34,47.238359,14,d19_detour,2,19,closed,0.0,1.6099999999999997
4.14,36,47.258928,14,d15_direct,2,15,open,1.0,4.140000000000002
1.25,30,47.275796,14,d17_medium,2,17,closed,0.0,1.2499999999999998
4.14,36,47.295657,14,d15_direct,2,15,open,1.0,4.140000000000002
1.47,3,47.298404,14,d17_medium,2,17,closed,0.5,1.47
-3.03,3,47.301303,14,d17_medium,2,17,closed,0.0,-3.0300000000000002
-3.03,3,47.304117,14,d19_detour,2,19,closed,0.5,-3.0300000000000002
1.47,3,47.306857,14,d17_medium,2,17,closed,0.5,1.47
-0.9,30,47.323655,14,d17_medium,2,17,closed,0.0,-0.9000000000000002
1.47,3,47.326535,14,d15_direct,2,15,open,1.0,1.47
1.75,25,47.340725,14,d15_direct,2,15,open,1.0,1.7499999999999998
1.31,29,47.357222,14,d17_medium,2,17,closed,0.0,1.3099999999999998
-1.53,3,47.360015,14,d19_detour,2,19,closed,0.5,-1.53
2.13,37,47.380746,14,d15_direct,2,15,open,1.0,2.13
1.61,34,47.399621,14,d19_detour,2,19,closed,0.0,1.6099999999999997
-3.03,3,47.402463,14,d17_medium,2,17,closed,0.0,-3.0300000000000002
-3.03,3,47.405376,14,d19_detour,2,19,closed,0.0,-3.0300000000000002
1.47,3,47.408338,14,d15_direct,2,15,open,1.0,1.47
-2.36,21,47.420499,14,d19_detour,2,19,closed,0.0,-2.3600000000000003
-3.03,3,47.423327,14,d19_detour,2,19,closed,0.5,-3.0300000000000002
-2.55,5,47.427153,14,d19_detour,2,19,closed,0.5,-2.55
4.14,36,47.447249,14,d15_direct,2,15,open,1.0,4.140000000000002
4.14,36,47.467514,14,d15_direct,2,15,open,1.0,4.140000000000002
1.47,3,47.470433,14,d15_direct,2,15,open,1.0,1.47
-0.8,30,47.487973,14,d17_medium,2,17,closed,0.0,-0.8000000000000003
1.47,3,47.490888,14,d15_direct,2,15,open,1.0,1.47
1.47,3,47.49373,14,d15_direct,2,15,open,1.0,1.47
2.03,37,47.515103,14,d15_direct,2,15,open,1.0,2.030000000000002
4.08,37,47.53575,14,d15_direct,2,15,open,1.0,4.080000000000002
-2.55,5,47.539666,14,d19_detour,2,19,closed,0.0,-2.55
4.08,37,47.56078,14,d15_direct,2,15,open,1.0,4.080000000000002
-0.03,3,47.563858,14,d17_medium,2,17,closed,0.5,-0.030000000000000027
-2.31,21,47.575794,14,d19_detour,2,19,closed,0.5,-2.31
4.14,36,47.597226,14,d15_direct,2,15,open,1.0,4.140000000000002
-3.03,3,47.600016,14,d19_detour,2,19,closed,0.5,-3.0300000000000002
-0.03,3,47.602813,14,d19_detour,2,19,closed,0.5,-0.030000000000000027
-2.66,21,47.615019,14,d19_detour,2,19,closed,0.0,-2.66
1.75,25,47.629345,14,d15_direct,2,15,open,1.0,1.7499999999999998
4.08,37,47.649874,14,d15_direct,2,15,open,1.0,4.080000000000002
1.47,3,47.652759,14,d15_direct,2,15,open,1.0,1.47
-0.68,18,47.663258,14,d19_detour,2,19,closed,0.0,-0.6800000000000002
-2.86,21,47.675947,14,d19_detour,2,19,closed,0.5,-2.8600000000000003
-2.31,21,47.688023,14,d19_detour,2,19,closed,0.0,-2.3100000000000005
-2.55,5,47.691971,14,d19_detour,2,19,closed,0.0,-2.55
-0.68,18,47.702645,14,d19_detour,2,19,closed,0.0,-0.6800000000000002
-0.2,20,47.714352,14,d19_detour,2,19,closed,0.0,-0.20000000000000007
-0.75,50,47.741314,14,d19_detour,2,19,closed,0.0,-0.7500000000000009
-0.03,3,47.744061,14,d19_detour,2,19,closed,0.5,-0.030000000000000027
1.47,3,47.747066,14,d15_direct,2,15,open,1.0,1.47
4.14,36,47.767662,14,d15_direct,2,15,open,1.0,4.140000000000002
-3.03,3,47.770479,14,d17_medium,2,17,closed,0.0,-3.0300000000000002
4.08,37,47.791697,14,d15_direct,2,15,open,1.0,4.080000000000002
1.25,30,47.809457,14,d17_medium,2,17,closed,0.0,1.2499999999999998
3.48,42,47.832851,14,d17_medium,2,17,closed,0.0,3.480000000000002
-0.92,17,47.84323,14,d17_medium,2,17,closed,0.0,-0.9200000000000002
4.14,36,48.079505,14,d15_direct,2,15,open,1.0,4.140000000000002
-0.2,20,48.091446,14,d19_detour,2,19,closed,0.0,-0.20000000000000018
-3.12,37,48.112642,14,d19_detour,2,19,closed,0.5,-3.120000000000001
-1.53,3,48.115604,14,d17_medium,2,17,closed,0.5,-1.53
4.14,36,48.136603,14,d15_direct,2,15,open,1.0,4.140000000000002
1.31,29,48.153982,14,d17_medium,2,17,closed,0.0,1.3099999999999998
4.14,36,48.174856,14,d15_direct,2,15,open,1.0,4.140000000000002
-0.03,3,48.177674,14,d15_direct,2,15,open,1.0,-0.030000000000000027
-3.03,3,48.180446,14,d19_detour,2,19,closed,0.5,-3.0300000000000002
1.47,3,48.183452,14,d15_direct,2,15,open,1.0,1.47
1.47,3,48.186341,14,d15_direct,2,15,open,1.0,1.47
1.47,3,48.18915,14,d17_medium,2,17,closed,0.5,1.47
-0.03,3,48.192006,14,d17_medium,2,17,closed,0.0,-0.030000000000000027
-0.03,3,48.194752,14,d19_detour,2,19,closed,0.5,-0.030000000000000027
-3.03,3,48.197746,14,d17_medium,2,17,closed,0.0,-3.0300000000000002
4.14,36,48.21803,14,d15_direct,2,15,open,1.0,4.140000000000002
4.02,38,48.239155,14,d15_direct,2,15,open,1.0,4.020000000000002
-3.03,3,48.242275,14,d17_medium,2,17,closed,0.0,-3.0300000000000002
-0.85,30,48.259607,14,d17_medium,2,17,closed,0.0,-0.8500000000000003
4.14,36,48.280627,14,d15_direct,2,15,open,1.0,4.140000000000002
1.31,29,48.297398,14,d17_medium,2,17,closed,0.0,1.3099999999999998
1.31,29,48.314075,14,d17_medium,2,17,closed,0.0,1.3099999999999998
4.14,36,48.334589,14,d15_direct,2,15,open,1.0,4.140000000000002
4.14,36,48.355201,14,d15_direct,2,15,open,1.0,4.140000000000002
-1.53,3,48.358139,14,d17_medium,2,17,closed,0.0,-1.53
-0.03,3,48.360919,14,d17_medium,2,17,closed,0.5,-0.030000000000000027
-1.71,21,48.373256,14,d19_detour,2,19,closed,0.0,-1.7100000000000002
1.47,3,48.376227,14,d15_direct,2,15,open,1.0,1.47
-2.97,17,48.386351,14,d17_medium,2,17,closed,0.0,-2.97
-0.03,3,48.389233,14,d17_medium,2,17,closed,0.0,-0.030000000000000027
-0.42,27,48.404753,14,d15_direct,2,15,open,1.0,-0.4200000000000004
4.14,36,48.425437,14,d15_direct,2,15,open,1.0,4.140000000000002
1.67,33,48.444393,14,d19_detour,2,19,closed,0.0,1.6699999999999997
-3.03,3,48.447201,14,d19_detour,2,19,closed,0.5,-3.0300000000000002
-1.53,3,48.450097,14,d17_medium,2,17,closed,0.0,-1.53
-0.03,3,48.452979,14,d15_direct,2,15,open,1.0,-0.030000000000000027
1.25,30,48.470099,14,d17_medium,2,17,closed,0.0,1.2499999999999998
4.14,36,48.490392,14,d15_direct,2,15,open,1.0,4.140000000000002
1.47,3,48.493345,14,d19_detour,2,19,closed,0.5,1.47
1.31,29,48.510081,14,d17_medium,2,17,closed,0.0,1.3099999999999998
-3.03,3,48.512911,14,d17_medium,2,17,closed,0.0,-3.0300000000000002
1.47,3,48.515767,14,d17_medium,2,17,closed,0.5,1.47
-3.03,3,48.51862,14,d19_detour,2,19,closed,0.5,-3.0300000000000002
-0.86,16,48.528687,14,d17_medium,2,17,closed,0.0,-0.8600000000000001
1.47,3,48.531679,14,d15_direct,2,15,open,1.0,1.47
-2.55,5,48.535549,14,d19_detour,2,19,closed,0.0,-2.55
1.75,25,48.550162,14,d15_direct,2,15,open,1.0,1.7499999999999998
0.22,23,48.563216,14,d19_detour,2,19,closed,0.0,0.21999999999999975
-0.86,16,48.573006,14,d17_medium,2,17,closed,0.0,-0.8600000000000001
3.42,43,48.597191,14,d17_medium,2,17,closed,0.0,3.4200000000000017
-3.03,3,48.600104,14,d19_detour,2,19,closed,0.5,-3.0300000000000002
1.91,49,48.626836,14,d19_detour,2,19,closed,0.0,1.9099999999999995
1.47,3,48.629725,14,d15_direct,2,15,open,1.0,1.47
1.67,33,48.64816,14,d19_detour,2,19,closed,0.0,1.6699999999999997
1.47,3,48.650979,14,d15_direct,2,15,open,1.0,1.47
-0.26,21,48.662997,14,d19_detour,2,19,closed,0.0,-0.26000000000000023
4.14,36,48.683213,14,d15_direct,2,15,open,1.0,4.140000000000002
-3.03,3,48.68605,14,d19_detour,2,19,closed,0.5,-3.0300000000000002
1.31,29,48.702823,14,d17_medium,2,17,closed,0.0,1.3099999999999998
1.67,33,48.721431,14,d19_detour,2,19,closed,0.0,1.6699999999999997
-0.86,16,48.731209,14,d17_medium,2,17,closed,0.0,-0.8600000000000001
1.47,3,48.734118,14,d15_direct,2,15,open,1.0,1.47
4.14,36,48.754299,14,d15_direct,2,15,open,1.0,4.140000000000002
-0.03,3,48.757161,14,d17_medium,2,17,closed,0.0,-0.030000000000000027
-0.68,18,48.768375,14,d19_detour,2,19,closed,0.0,-0.6800000000000002
1.47,3,48.771469,14,d15_direct,2,15,open,1.0,1.47
-2.79,19,48.782815,14,d19_detour,2,19,closed,0.0,-2.7900000000000005
1.75,25,48.797658,14,d15_direct,2,15,open,1.0,1.7499999999999998
4.14,36,48.817818,14,d15_direct,2,15,open,1.0,4.140000000000002
-3.03,3,48.820789,14,d17_medium,2,17,closed,0.0,-3.0300000000000002
-0.03,3,48.823639,14,d19_detour,2,19,closed,0.5,-0.030000000000000027
-2.55,5,48.827772,14,d19_detour,2,19,closed,0.5,-2.55
-1.53,3,48.830664,14,d19_detour,2,19,closed,0.5,-1.53
1.75,25,48.845635,14,d15_direct,2,15,open,1.0,1.7499999999999998
-0.2,20,48.85758,14,d19_detour,2,19,closed,0.0,-0.20000000000000018
-0.38,18,48.868427,14,d17_medium,2,17,closed,0.0,-0.3800000000000001
1.19,31,48.886137,14,d17_medium,2,17,closed,0.0,1.1899999999999997
1.75,25,48.900568,14,d15_direct,2,15,open,1.0,1.7499999999999998
-0.86,16,48.910389,14,d17_medium,2,17,closed,0.0,-0.8600000000000001
-1.53,3,48.913152,14,d17_medium,2,17,closed,0.5,-1.53
-1.53,3,48.915961,14,d19_detour,2,19,closed,0.5,-1.53
-0.03,3,48.918875,14,d15_direct,2,15,open,1.0,-0.030000000000000027
1.31,29,48.935943,14,d17_medium,2,17,closed,0.0,1.3099999999999998
4.14,36,48.956639,14,d15_direct,2,15,open,1.0,4.140000000000002
4.14,36,48.97684,14,d15_direct,2,15,open,1.0,4.140000000000002
-0.03,3,48.979634,14,d15_direct,2,15,open,1.0,-0.030000000000000027
-0.68,18,48.990454,14,d19_detour,2,19,closed,0.0,-0.6800000000000002
1.47,3,48.993296,14,d15_direct,2,15,open,1.0,1.47
-0.03,3,48.996032,14,d17_medium,2,17,closed,0.5,-0.030000000000000027
1.47,3,48.998979,14,d15_direct,2,15,open,1.0,1.47
-0.92,17,49.009014,14,d17_medium,2,17,closed,0.0,-0.9200000000000002
-3.03,3,49.011819,14,d19_detour,2,19,closed,0.5,-3.0300000000000002
-0.03,3,49.014688,14,d19_detour,2,19,closed,0.5,-0.030000000000000027
-0.03,3,49.017519,14,d19_detour,2,19,closed,0.5,-0.030000000000000027
-0.86,16,49.027161,14,d17_medium,2,17,closed,0.0,-0.8600000000000001
3.42,43,49.050923,14,d17_medium,2,17,closed,0.0,3.4200000000000017
-0.86,16,49.06046,14,d17_medium,2,17,closed,0.0,-0.8600000000000001
3.48,42,49.084208,14,d17_medium,2,17,closed,0.0,3.480000000000002
4.14,36,49.104372,14,d15_direct,2,15,open,1.0,4.140000000000002
-0.68,18,49.115229,14,d19_detour,2,19,closed,0.0,-0.6800000000000002
-1.53,3,49.11809,14,d17_medium,2,17,closed,0.0,-1.53
-0.86,16,49.127898,14,d17_medium,2,17,closed,0.0,-0.8600000000000001
1.47,3,49.130861,14,d15_direct,2,15,open,1.0,1.47
-0.2,20,49.142657,14,d19_detour,2,19,closed,0.0,-0.20000000000000018
3.42,43,49.166711,14,d17_medium,2,17,closed,0.0,3.4200000000000026
-0.86,16,49.176368,14,d17_medium,2,17,closed,0.0,-0.8600000000000001
1.37,43,49.200088,14,d17_medium,2,17,closed,0.0,1.3699999999999997
1.31,29,49.216695,14,d17_medium,2,17,closed,0.0,1.3099999999999998
1.47,3,49.219589,14,d15_direct,2,15,open,1.0,1.47
-0.25,25,49.233714,14,d19_detour,2,19,closed,0.0,-0.2500000000000002
-0.99,34,49.253019,14,d19_detour,2,19,closed,0.0,-0.9900000000000004
4.14,36,49.273393,14,d15_direct,2,15,open,1.0,4.140000000000002
4.14,36,49.293837,14,d15_direct,2,15,open,1.0,4.140000000000002
-0.03,3,49.296704,14,d17_medium,2,17,closed,0.0,-0.030000000000000027
-1.53,3,49.299565,14,d19_detour,2,19,closed,0.0,-1.53
2.08,37,49.536085,14,d19_detour,2,19,closed,0.0,2.08
3.48,42,49.56006,14,d17_medium,2,17,closed,0.0,3.480000000000002
-0.03,3,49.56293,14,d15_direct,2,15,open,1.0,-0.030000000000000027
-2.56,6,49.567407,14,d19_detour,2,19,closed,0.5,-2.56
-0.2,20,49.579593,14,d19_detour,2,19,closed,0.0,-0.20000000000000007
1.72,38,49.600843,14,d17_medium,2,17,closed,0.0,1.7199999999999998
-1.53,3,49.603743,14,d17_medium,2,17,closed,0.0,-1.53
4.14,36,49.623813,14,d15_direct,2,15,open,1.0,4.140000000000002
-3.03,3,49.626697,14,d19_detour,2,19,closed,0.5,-3.0300000000000002
-0.86,16,49.636444,14,d17_medium,2,17,closed,0.0,-0.8600000000000001
-0.03,3,49.639349,14,d17_medium,2,17,closed,0.0,-0.030000000000000027
4.08,37,49.659868,14,d15_direct,2,15,open,1.0,4.080000000000002
1.31,29,49.676364,14,d17_medium,2,17,closed,0.0,1.3099999999999998
-1.53,3,49.67913,14,d19_detour,2,19,closed,0.5,-1.53
4.08,37,49.699877,14,d15_direct,2,15,open,1.0,4.080000000000002
-2.97,17,49.710102,14,d17_medium,2,17,closed,0.0,-2.97
1.47,3,49.712834,14,d17_medium,2,17,closed,0.5,1.47
4.14,36,49.733025,14,d15_direct,2,15,open,1.0,4.140000000000002
-1.53,3,49.735925,14,d17_medium,2,17,closed,0.0,-1.53
-1.53,3,49.738734,14,d17_medium,2,17,closed,0.5,-1.53
4.08,37,49.75947,14,d15_direct,2,15,open,1.0,4.080000000000002
-0.68,18,49.770077,14,d19_detour,2,19,closed,0.0,-0.6800000000000002
-0.86,16,49.779722,14,d17_medium,2,17,closed,0.0,-0.8600000000000001
-0.74,19,49.790833,14,d19_detour,2,19,closed,0.0,-0.7400000000000002
1.61,34,49.809851,14,d19_detour,2,19,closed,0.0,1.6099999999999997
-2.12,12,49.817348,14,d19_detour,2,19,closed,0.0,-2.12
1.31,29,49.833806,14,d17_medium,2,17,closed,0.0,1.3099999999999998
-2.6,10,49.840144,14,d19_detour,2,19,closed,0.5,-2.6
-2.55,5,49.844625,14,d19_detour,2,19,closed,0.0,-2.55
-0.86,16,49.85449,14,d17_medium,2,17,closed,0.0,-0.8600000000000001
-2.07,7,49.860062,14,d19_detour,2,19,closed,0.5,-2.0700000000000003
1.75,25,49.874441,14,d15_direct,2,15,open,1.0,1.7499999999999998
1.31,29,49.891065,14,d17_medium,2,17,closed,0.0,1.3099999999999998
4.14,36,49.911795,14,d15_direct,2,15,open,1.0,4.140000000000002
-1.9,30,49.928196,14,d19_detour,2,19,closed,0.5,-1.9000000000000001
1.47,3,49.931221,14,d15_direct,2,15,open,1.0,1.47
1.75,25,49.946517,14,d15_direct,2,15,open,1.0,1.7499999999999998
2.13,37,49.967261,14,d15_direct,2,15,open,1.0,2.13
3.48,42,49.990455,14,d17_medium,2,17,closed,0.0,3.480000000000002
-0.86,16,50.000223,14,d17_medium,2,17,closed,0.0,-0.8600000000000001
4.14,36,50.020226,14,d15_direct,2,15,open,1.0,4.140000000000002
-2.36,26,50.034641,14,d19_detour,2,19,closed,0.5,-2.3600000000000003
1.31,29,50.051294,14,d17_medium,2,17,closed,0.0,1.3099999999999998
4.14,36,50.071429,14,d15_direct,2,15,open,1.0,4.140000000000002
-2.87,17,50.081601,14,d17_medium,2,17,closed,0.0,-2.87
-2.74,19,50.092656,14,d19_detour,2,19,closed,0.0,-2.74
4.14,36,50.112763,14,d15_direct,2,15,open,1.0,4.140000000000002
4.14,36,50.133526,14,d15_direct,2,15,open,1.0,4.140000000000002
2.08,37,50.154009,14,d19_detour,2,19,closed,0.0,2.08
1.31,29,50.170468,14,d17_medium,2,17,closed,0.0,1.3099999999999998
-2.08,8,50.175864,14,d19_detour,2,19,closed,0.5,-2.08
-2.5,35,50.19512,14,d19_detour,2,19,closed,0.0,-2.5
-3.03,3,50.198052,14,d17_medium,2,17,closed,0.0,-3.0300000000000002
-0.7,30,50.215049,14,d17_medium,2,17,closed,0.0,-0.7000000000000002
4.08,37,50.235578,14,d15_direct,2,15,open,1.0,4.080000000000002
-3.03,3,50.238508,14,d17_medium,2,17,closed,0.0,-3.0300000000000002
-0.03,3,50.241382,14,d17_medium,2,17,closed,0.5,-0.030000000000000027
1.31,29,50.258323,14,d17_medium,2,17,closed,0.0,1.3099999999999998
-0.03,3,50.261127,14,d19_detour,2,19,closed,0.5,-0.030000000000000027
1.31,29,50.277641,14,d17_medium,2,17,closed,0.0,1.3099999999999998
4.14,36,50.297808,14,d15_direct,2,15,open,1.0,4.140000000000002
2.15,35,50.317501,14,d19_detour,2,19,closed,0.0,2.1499999999999995
4.14,36,50.337686,14,d15_direct,2,15,open,1.0,4.140000000000002
4.14,36,50.357871,14,d15_direct,2,15,open,1.0,4.140000000000002
-0.03,3,50.360682,14,d17_medium,2,17,closed,0.0,-0.030000000000000027
-0.03,3,50.363555,14,d19_detour,2,19,closed,0.5,-0.030000000000000027
-0.86,16,50.373134,14,d17_medium,2,17,closed,0.0,-0.8600000000000001
-3.03,3,50.37592,14,d19_detour,2,19,closed,0.5,-3.0300000000000002
1.31,29,50.392369,14,d17_medium,2,17,closed,0.0,1.3099999999999998
-1.78,28,50.408104,14,d19_detour,2,19,closed,0.0,-1.7800000000000002
-0.85,30,50.426219,14,d17_medium,2,17,closed,0.0,-0.8500000000000003
-0.74,19,50.438156,14,d19_detour,2,19,closed,0.0,-0.7400000000000002
1.31,29,50.455634,14,d17_medium,2,17,closed,0.0,1.3099999999999998
-1.53,3,50.458485,14,d19_detour,2,19,closed,0.5,-1.53
-0.7,30,50.475697,14,d17_medium,2,17,closed,0.0,-0.7000000000000002
-0.86,16,50.485509,14,d17_medium,2,17,closed,0.0,-0.8600000000000001
4.14,36,50.505777,14,d15_direct,2,15,open,1.0,4.140000000000002
4.14,36,50.526099,14,d15_direct,2,15,open,1.0,4.140000000000002
4.14,36,50.546349,14,d15_direct,2,15,open,1.0,4.140000000000002
-2.0,35,50.565897,14,d19_detour,2,19,closed,0.0,-2.000000000000001
1.31,29,50.582464,14,d17_medium,2,17,closed,0.0,1.3099999999999998
1.47,3,50.585418,14,d15_direct,2,15,open,1.0,1.47
-1.53,3,50.58825,14,d19_detour,2,19,closed,0.5,-1.53
1.47,3,50.591171,14,d15_direct,2,15,open,1.0,1.47
2.15,35,50.6108,14,d19_detour,2,19,closed,0.0,2.1499999999999995
-0.03,3,50.613632,14,d17_medium,2,17,closed,0.5,-0.030000000000000027
-0.03,3,50.616509,14,d17_medium,2,17,closed,0.0,-0.030000000000000027
2.1,40,50.638659,14,d19_detour,2,19,closed,0.0,2.1000000000000014
-0.99,34,50.657516,14,d19_detour,2,19,closed,0.0,-0.9900000000000011
1.47,3,50.660488,14,d15_direct,2,15,open,1.0,1.47
1.31,29,50.677138,14,d17_medium,2,17,closed,0.0,1.3099999999999998
1.75,25,50.693066,14,d15_direct,2,15,open,1.0,1.7499999999999998
-0.86,16,50.702891,14,d17_medium,2,17,closed,0.0,-0.8600000000000001
1.61,34,50.939372,14,d19_detour,2,19,closed,0.0,1.6099999999999997
1.47,3,50.942994,14,d15_direct,2,15,open,1.0,1.47
4.14,36,50.965761,14,d15_direct,2,15,open,1.0,4.140000000000002
-2.55,5,50.969834,14,d19_detour,2,19,closed,0.0,-2.55
-0.68,18,50.980831,14,d19_detour,2,19,closed,0.0,-0.6800000000000002
3.48,42,51.006212,14,d17_medium,2,17,closed,0.0,3.480000000000002
4.14,36,51.027161,14,d15_direct,2,15,open,1.0,4.140000000000002
-0.03,3,51.029907,14,d19_detour,2,19,closed,0.5,-0.030000000000000027
1.25,30,51.047817,14,d17_medium,2,17,closed,0.0,1.2499999999999998
-0.68,18,51.058448,14,d19_detour,2,19,closed,0.0,-0.6800000000000002
0.28,22,51.070987,14,d19_detour,2,19,closed,0.0,0.2799999999999998
1.75,25,51.085739,14,d15_direct,2,15,open,1.0,1.7499999999999998
1.67,33,51.105203,14,d19_detour,2,19,closed,0.0,1.6699999999999997
-0.03,3,51.108061,14,d17_medium,2,17,closed,0.5,-0.030000000000000027
1.61,34,51.127107,14,d19_detour,2,19,closed,0.0,1.6099999999999997
1.31,29,51.144515,14,d17_medium,2,17,closed,0.0,1.3099999999999998
1.31,29,51.161563,14,d17_medium,2,17,closed,0.0,1.3099999999999998
-2.43,28,51.17781,14,d19_detour,2,19,closed,0.5,-2.4300000000000006
1.31,29,51.194516,14,d17_medium,2,17,closed,0.0,1.3099999999999998
4.14,36,51.215774,14,d15_direct,2,15,open,1.0,4.140000000000002
1.47,3,51.218829,14,d15_direct,2,15,open,1.0,1.47
2.07,38,51.240092,14,d15_direct,2,15,open,1.0,2.0699999999999994
-0.03,3,51.242871,14,d19_detour,2,19,closed,0.5,-0.030000000000000027
-2.79,19,51.254115,14,d19_detour,2,19,closed,0.0,-2.79
4.14,36,51.274402,14,d15_direct,2,15,open,1.0,4.140000000000002
-0.68,18,51.285104,14,d19_detour,2,19,closed,0.0,-0.6800000000000002
1.25,30,51.30222,14,d17_medium,2,17,closed,0.0,1.2499999999999998
4.14,36,51.322967,14,d15_direct,2,15,open,1.0,4.140000000000002
4.14,36,51.343367,14,d15_direct,2,15,open,1.0,4.140000000000002
4.14,36,51.364376,14,d15_direct,2,15,open,1.0,4.140000000000002
-0.34,34,51.383995,14,d19_detour,2,19,closed,0.0,-0.3400000000000003
4.14,36,51.40424,14,d15_direct,2,15,open,1.0,4.140000000000002
-3.03,3,51.407027,14,d19_detour,2,19,closed,0.5,-3.0300000000000002
0.09,36,51.427249,14,d19_detour,2,19,closed,0.0,0.08999999999999964
-0.03,3,51.430067,14,d19_detour,2,19,closed,0.5,-0.030000000000000027
-0.86,16,51.439693,14,d17_medium,2,17,closed,0.0,-0.8600000000000001
1.97,38,51.461474,14,d15_direct,2,15,open,1.0,1.9699999999999995
-0.03,3,51.464346,14,d19_detour,2,19,closed,0.5,-0.030000000000000027
4.14,36,51.484576,14,d15_direct,2,15,open,1.0,4.140000000000002
-0.86,16,51.494299,14,d17_medium,2,17,closed,0.0,-0.8600000000000001
4.14,36,51.51468,14,d15_direct,2,15,open,1.0,4.140000000000002
3.48,42,51.538149,14,d17_medium,2,17,closed,0.0,3.480000000000002
1.47,3,51.541054,14,d15_direct,2,15,open,1.0,1.47
-0.03,3,51.544584,14,d19_detour,2,19,closed,0.5,-0.030000000000000027
1.31,29,51.561856,14,d17_medium,2,17,closed,0.0,1.3099999999999998
-2.97,17,51.572148,14,d17_medium,2,17,closed,0.0,-2.97
-0.03,3,51.575004,14,d19_detour,2,19,closed,0.5,-0.030000000000000027
-0.03,3,51.577765,14,d19_detour,2,19,closed,0.5,-0.030000000000000027
1.25,30,51.595344,14,d17_medium,2,17,closed,0.0,1.2499999999999998
1.31,29,51.612218,14,d17_medium,2,17,closed,0.0,1.3099999999999998
-0.86,16,51.621941,14,d17_medium,2,17,closed,0.0,-0.8600000000000001
-1.53,3,51.624806,14,d17_medium,2,17,closed,0.0,-1.53
4.08,37,51.646123,14,d15_direct,2,15,open,1.0,4.080000000000002
4.14,36,51.667107,14,d15_direct,2,15,open,1.0,4.140000000000002
-0.03,3,51.66995,14,d15_direct,2,15,open,1.0,-0.030000000000000027
4.14,36,51.689872,14,d15_direct,2,15,open,1.0,4.140000000000002
-3.03,3,51.693436,14,d19_detour,2,19,closed,0.5,-3.0300000000000002
-3.03,3,51.696705,14,d19_detour,2,19,closed,0.5,-3.0300000000000002
-0.2,20,51.708488,14,d19_detour,2,19,closed,0.0,-0.20000000000000007
1.31,29,51.725847,14,d17_medium,2,17,closed,0.0,1.3099999999999998
4.14,36,51.747136,14,d15_direct,2,15,open,1.0,4.140000000000002
-1.53,3,51.749919,14,d19_detour,2,19,closed,0.0,-1.53
1.47,3,51.752808,14,d15_direct,2,15,open,1.0,1.47
4.14,36,51.774206,14,d15_direct,2,15,open,1.0,4.140000000000002
-1.53,3,51.777328,14,d17_medium,2,17,closed,0.0,-1.53
-0.68,18,51.788121,14,d19_detour,2,19,closed,0.0,-0.6800000000000002
-2.62,12,51.796108,14,d17_medium,2,17,closed,0.5,-2.62
1.47,3,51.799002,14,d15_direct,2,15,open,1.0,1.47
-3.03,3,51.801774,14,d19_detour,2,19,closed,0.5,-3.0300000000000002
1.47,3,51.804606,14,d19_detour,2,19,closed,0.5,1.47
4.14,36,51.825405,14,d15_direct,2,15,open,1.0,4.140000000000002
4.14,36,51.845681,14,d15_direct,2,15,open,1.0,4.140000000000002
1.47,3,51.848608,14,d15_direct,2,15,open,1.0,1.47
3.48,42,51.8735,14,d17_medium,2,17,closed,0.0,3.480000000000002
4.14,36,51.894026,14,d15_direct,2,15,open,1.0,4.140000000000002
4.08,37,51.915888,14,d15_direct,2,15,open,1.0,4.080000000000002
1.31,29,51.933412,14,d17_medium,2,17,closed,0.0,1.3099999999999998
-3.03,3,51.936357,14,d19_detour,2,19,closed,0.0,-3.0300000000000002
-1.53,3,51.939262,14,d17_medium,2,17,closed,0.0,-1.53
-3.03,3,51.942181,14,d17_medium,2,17,closed,0.0,-3.0300000000000002
-0.03,3,51.944992,14,d19_detour,2,19,closed,0.5,-0.030000000000000027
1.31,29,51.961483,14,d17_medium,2,17,closed,0.0,1.3099999999999998
-0.86,16,51.971434,14,d17_medium,2,17,closed,0.0,-0.8600000000000001
-0.03,3,51.974253,14,d17_medium,2,17,closed,0.0,-0.030000000000000027
1.31,29,51.990648,14,d17_medium,2,17,closed,0.0,1.3099999999999998
1.47,3,51.994019,14,d15_direct,2,15,open,1.0,1.47
-0.51,36,52.013714,14,d19_detour,2,19,closed,0.0,-0.5100000000000005
1.47,3,52.016554,14,d15_direct,2,15,open,1.0,1.47
1.47,3,52.019389,14,d15_direct,2,15,open,1.0,1.47
1.47,3,52.022893,14,d15_direct,2,15,open,1.0,1.47
-2.6,10,52.029359,14,d19_detour,2,19,closed,0.5,-2.6
-0.86,16,52.038987,14,d17_medium,2,17,closed,0.0,-0.8600000000000001
-0.92,17,52.049148,14,d17_medium,2,17,closed,0.0,-0.9200000000000002
-0.03,3,52.051974,14,d17_medium,2,17,closed,0.0,-0.030000000000000027
-0.68,18,52.062566,14,d19_detour,2,19,closed,0.0,-0.6800000000000002
-1.53,3,52.065413,14,d17_medium,2,17,closed,0.0,-1.53
4.14,36,52.08521,14,d15_direct,2,15,open,1.0,4.140000000000002
-0.56,36,52.104687,14,d19_detour,2,19,closed,0.0,-0.5600000000000005
4.14,36,52.124612,14,d15_direct,2,15,open,1.0,4.140000000000002
-0.03,3,52.127357,14,d17_medium,2,17,closed,0.5,-0.030000000000000027
4.08,37,52.148109,14,d15_direct,2,15,open,1.0,4.080000000000002
4.14,36,52.168258,14,d15_direct,2,15,open,1.0,4.140000000000002
4.14,36,52.407467,14,d15_direct,2,15,open,1.0,4.140000000000002
4.14,36,52.428961,14,d15_direct,2,15,open,1.0,4.140000000000002
4.14,36,52.450174,14,d15_direct,2,15,open,1.0,4.140000000000002
-2.56,6,52.454534,14,d19_detour,2,19,closed,0.5,-2.56
-0.8,50,52.482609,14,d19_detour,2,19,closed,0.0,-0.8000000000000004
3.48,42,52.506287,14,d17_medium,2,17,closed,0.0,3.480000000000002
4.14,36,52.527615,14,d15_direct,2,15,open,1.0,4.140000000000002
4.14,36,52.548229,14,d15_direct,2,15,open,1.0,4.140000000000002
1.47,3,52.55104,14,d17_medium,2,17,closed,0.5,1.47
-0.03,3,52.553878,14,d19_detour,2,19,closed,0.5,-0.030000000000000027
-2.26,26,52.568744,14,d19_detour,2,19,closed,0.0,-2.2600000000000002
-0.03,3,52.571571,14,d17_medium,2,17,closed,0.5,-0.030000000000000027
-0.86,16,52.581418,14,d17_medium,2,17,closed,0.0,-0.8600000000000001
4.14,36,52.601809,14,d15_direct,2,15,open,1.0,4.140000000000002
-0.03,3,52.604578,14,d19_detour,2,19,closed,0.5,-0.030000000000000027
1.31,29,52.621656,14,d17_medium,2,17,closed,0.0,1.3099999999999998
1.47,3,52.624546,14,d17_medium,2,17,closed,0.5,1.47
1.25,30,52.642241,14,d17_medium,2,17,closed,0.0,1.2499999999999998
-0.7,30,52.659446,14,d17_medium,2,17,closed,0.0,-0.7000000000000002
-2.55,5,52.663297,14,d19_detour,2,19,closed,0.0,-2.55
1.31,29,52.680284,14,d17_medium,2,17,closed,0.0,1.3099999999999998
1.47,3,52.683062,14,d19_detour,2,19,closed,0.5,1.47
4.14,36,52.703727,14,d15_direct,2,15,open,1.0,4.140000000000002
1.67,33,52.722209,14,d19_detour,2,19,closed,0.0,1.6699999999999997
3.48,42,52.746993,14,d17_medium,2,17,closed,0.0,3.480000000000002
-0.03,3,52.749843,14,d17_medium,2,17,closed,0.0,-0.030000000000000027
-0.03,3,52.752631,14,d17_medium,2,17,closed,0.5,-0.030000000000000027
4.14,36,52.772802,14,d15_direct,2,15,open,1.0,4.140000000000002
-0.03,3,52.775833,14,d19_detour,2,19,closed,0.5,-0.030000000000000027
-0.03,3,52.77863,14,d17_medium,2,17,closed,0.0,-0.030000000000000027
4.14,36,52.799294,14,d15_direct,2,15,open,1.0,4.140000000000002
2.15,35,52.819156,14,d19_detour,2,19,closed,0.0,2.1499999999999995
4.14,36,52.83954,14,d15_direct,2,15,open,1.0,4.140000000000002
3.42,43,52.864234,14,d17_medium,2,17,closed,0.0,3.4200000000000017
-0.68,18,52.875101,14,d19_detour,2,19,closed,0.0,-0.6800000000000002
1.61,34,52.89418,14,d19_detour,2,19,closed,0.0,1.6099999999999997
1.75,25,52.908643,14,d15_direct,2,15,open,1.0,1.7499999999999998
1.75,25,52.922793,14,d15_direct,2,15,open,1.0,1.7499999999999998
-3.39,19,52.933774,14,d19_detour,2,19,closed,0.5,-3.3900000000000006
4.14,36,52.954451,14,d15_direct,2,15,open,1.0,4.140000000000002
1.41,49,52.981731,14,d19_detour,2,19,closed,0.0,1.409999999999999
1.47,3,52.984608,14,d15_direct,2,15,open,1.0,1.47
-0.03,3,52.987397,14,d19_detour,2,19,closed,0.5,-0.030000000000000027
4.14,36,53.007969,14,d15_direct,2,15,open,1.0,4.140000000000002
4.14,36,53.029123,14,d15_direct,2,15,open,1.0,4.140000000000002
3.48,42,53.053684,14,d17_medium,2,17,closed,0.0,3.480000000000002
-0.86,16,53.06354,14,d17_medium,2,17,closed,0.0,-0.8600000000000001
1.75,25,53.077951,14,d15_direct,2,15,open,1.0,1.7499999999999998
1.47,3,53.080853,14,d15_direct,2,15,open,1.0,1.47
1.31,29,53.097455,14,d17_medium,2,17,closed,0.0,1.3099999999999998
4.14,36,53.117981,14,d15_direct,2,15,open,1.0,4.140000000000002
-2.12,12,53.126052,14,d19_detour,2,19,closed,0.5,-2.12
-1.53,3,53.128864,14,d19_detour,2,19,closed,0.5,-1.53
-1.0,30,53.146243,14,d17_medium,2,17,closed,0.0,-1.0000000000000002
2.15,35,53.165831,14,d19_detour,2,19,closed,0.0,2.1499999999999995
4.14,36,53.186702,14,d15_direct,2,15,open,1.0,4.140000000000002
4.14,36,53.20718,14,d15_direct,2,15,open,1.0,4.140000000000002
1.31,49,53.23463,14,d19_detour,2,19,closed,0.0,1.3099999999999996
-0.68,18,53.245416,14,d19_detour,2,19,closed,0.0,-0.6800000000000002
1.75,25,53.259932,14,d15_direct,2,15,open,1.0,1.7499999999999998
1.47,3,53.262861,14,d15_direct,2,15,open,1.0,1.47
-0.25,25,53.277199,14,d19_detour,2,19,closed,0.0,-0.2500000000000002
-2.55,5,53.280992,14,d19_detour,2,19,closed,0.0,-2.55
-0.86,16,53.290683,14,d17_medium,2,17,closed,0.0,-0.8600000000000001
-0.64,14,53.299478,14,d15_direct,2,15,open,1.0,-0.6400000000000001
1.31,29,53.317172,14,d17_medium,2,17,closed,0.0,1.3099999999999998
-0.68,18,53.328046,14,d19_detour,2,19,closed,0.0,-0.6800000000000002
1.31,29,53.345101,14,d17_medium,2,17,closed,0.0,1.3099999999999998
1.72,38,53.367924,14,d17_medium,2,17,closed,0.0,1.7199999999999998
-0.86,16,53.377854,14,d17_medium,2,17,closed,0.0,-0.8600000000000001
1.31,29,53.395318,14,d17_medium,2,17,closed,0.0,1.3099999999999998
1.47,3,53.398179,14,d19_detour,2,19,closed,0.5,1.47
-0.03,3,53.400914,14,d19_detour,2,19,closed,0.5,-0.030000000000000027
1.31,29,53.418173,14,d17_medium,2,17,closed,0.0,1.3099999999999998
1.31,29,53.435843,14,d17_medium,2,17,closed,0.0,1.3099999999999998
-1.31,51,53.464952,14,d19_detour,2,19,closed,0.0,-1.310000000000001
-0.03,3,53.467841,14,d19_detour,2,19,closed,0.5,-0.030000000000000027
4.02,48,53.494561,14,d19_detour,2,19,closed,0.0,4.020000000000003
1.47,3,53.497611,14,d15_direct,2,15,open,1.0,1.47
1.47,3,53.5004,14,d19_detour,2,19,closed,0.5,1.47
-0.8,30,53.518403,14,d17_medium,2,17,closed,0.0,-0.8000000000000003
-0.64,14,53.527047,14,d15_direct,2,15,open,1.0,-0.6400000000000001
-0.86,16,53.536663,14,d17_medium,2,17,closed,0.0,-0.8600000000000001
4.14,36,53.559093,14,d15_direct,2,15,open,1.0,4.140000000000002
-0.49,34,53.578602,14,d19_detour,2,19,closed,0.0,-0.49000000000000044
1.12,43,53.846613,14,d17_medium,2,17,closed,0.0,1.1199999999999997
-0.03,3,53.849575,14,d17_medium,2,17,closed,0.5,-0.030000000000000027
4.14,36,53.870178,14,d15_direct,2,15,open,1.0,4.140000000000002
-0.44,34,53.890154,14,d19_detour,2,19,closed,0.0,-0.4400000000000004
1.83,37,53.911638,14,d15_direct,2,15,open,1.0,1.8299999999999996
1.67,33,53.930511,14,d19_detour,2,19,closed,0.0,1.6699999999999997
1.47,3,53.93355,14,d17_medium,2,17,closed,0.5,1.47
-0.18,38,53.956284,14,d15_direct,2,15,open,1.0,-0.18000000000000038
-0.86,16,53.966243,14,d17_medium,2,17,closed,0.0,-0.8600000000000001
-0.03,3,53.969118,14,d19_detour,2,19,closed,0.5,-0.030000000000000027
4.14,36,53.990027,14,d15_direct,2,15,open,1.0,4.140000000000002
1.75,25,54.004741,14,d15_direct,2,15,open,1.0,1.7499999999999998
-1.69,19,54.015871,14,d19_detour,2,19,closed,0.5,-1.6900000000000002
1.31,29,54.033372,14,d17_medium,2,17,closed,0.0,1.3099999999999998
-0.2,20,54.045817,14,d19_detour,2,19,closed,0.0,-0.20000000000000018
1.47,3,54.048771,14,d15_direct,2,15,open,1.0,1.47
1.47,3,54.051699,14,d15_direct,2,15,open,1.0,1.47
-0.18,38,54.074187,14,d15_direct,2,15,open,1.0,-0.18000000000000038
1.98,37,54.095798,14,d15_direct,2,15,open,1.0,1.9800000000000015
1.71,49,54.122622,14,d19_detour,2,19,closed,0.0,1.7099999999999995
-0.86,16,54.132255,14,d17_medium,2,17,closed,0.0,-0.8600000000000001
1.73,37,54.152788,14,d15_direct,2,15,open,1.0,1.7300000000000004
-0.03,3,54.155612,14,d17_medium,2,17,closed,0.5,-0.030000000000000027
4.14,36,54.176199,14,d15_direct,2,15,open,1.0,4.140000000000002
4.02,48,54.202965,14,d19_detour,2,19,closed,0.0,4.020000000000003
-0.86,16,54.212683,14,d17_medium,2,17,closed,0.0,-0.8600000000000001
-0.86,16,54.222341,14,d17_medium,2,17,closed,0.0,-0.8600000000000001
1.31,29,54.238879,14,d17_medium,2,17,closed,0.0,1.3099999999999998
-0.44,34,54.257826,14,d19_detour,2,19,closed,0.0,-0.4400000000000004
-0.68,18,54.268437,14,d19_detour,2,19,closed,0.0,-0.6800000000000002
-0.25,25,54.282602,14,d19_detour,2,19,closed,0.0,-0.2500000000000002
1.07,43,54.306054,14,d17_medium,2,17,closed,0.0,1.0699999999999994
-0.46,36,54.326784,14,d19_detour,2,19,closed,0.0,-0.46000000000000085
-2.91,21,54.339474,14,d19_detour,2,19,closed,0.5,-2.91
4.14,36,54.360198,14,d15_direct,2,15,open,1.0,4.140000000000002
4.14,36,54.380838,14,d15_direct,2,15,open,1.0,4.140000000000002
1.31,29,54.397315,14,d17_medium,2,17,closed,0.0,1.3099999999999998
4.14,36,54.417412,14,d15_direct,2,15,open,1.0,4.140000000000002
1.31,29,54.433762,14,d17_medium,2,17,closed,0.0,1.3099999999999998
-0.68,18,54.444339,14,d19_detour,2,19,closed,0.0,-0.6800000000000002
4.14,36,54.46482,14,d15_direct,2,15,open,1.0,4.140000000000002
-0.86,16,54.474623,14,d17_medium,2,17,closed,0.0,-0.8600000000000001
-0.2,20,54.48672,14,d19_detour,2,19,closed,0.0,-0.20000000000000018
-0.25,25,54.501238,14,d19_detour,2,19,closed,0.0,-0.2500000000000002
-0.86,16,54.511134,14,d17_medium,2,17,closed,0.0,-0.8600000000000001
4.02,48,54.537876,14,d19_detour,2,19,closed,0.0,4.020000000000003
1.47,3,54.540828,14,d15_direct,2,15,open,1.0,1.47
1.98,37,54.562005,14,d15_direct,2,15,open,1.0,1.9799999999999998
1.47,3,54.564801,14,d17_medium,2,17,closed,0.5,1.47
-3.03,3,54.567656,14,d19_detour,2,19,closed,0.5,-3.0300000000000002
4.14,36,54.5881,14,d15_direct,2,15,open,1.0,4.140000000000002
-0.68,18,54.598993,14,d19_detour,2,19,closed,0.0,-0.6800000000000002
-0.85,30,54.61632,14,d17_medium,2,17,closed,0.0,-0.8500000000000003
2.1,40,54.638833,14,d19_detour,2,19,closed,0.0,2.1000000000000014
-0.86,16,54.648634,14,d17_medium,2,17,closed,0.0,-0.8600000000000001
4.14,36,54.668955,14,d15_direct,2,15,open,1.0,4.140000000000002
1.69,26,54.684144,14,d15_direct,2,15,open,1.0,1.6899999999999997
1.75,25,54.698765,14,d15_direct,2,15,open,1.0,1.7499999999999998
-0.86,16,54.70859,14,d17_medium,2,17,closed,0.0,-0.8600000000000001
4.08,37,54.730795,14,d15_direct,2,15,open,1.0,4.080000000000002
-0.03,3,54.733624,14,d19_detour,2,19,closed,0.5,-0.030000000000000027
-0.03,3,54.7364,14,d19_detour,2,19,closed,0.5,-0.030000000000000027
1.47,3,54.740076,14,d15_direct,2,15,open,1.0,1.47
-0.75,50,54.767925,14,d19_detour,2,19,closed,0.0,-0.7500000000000011
1.47,3,54.770827,14,d15_direct,2,15,open,1.0,1.47
1.67,33,54.790285,14,d19_detour,2,19,closed,0.0,1.6699999999999997
1.47,3,54.793411,14,d15_direct,2,15,open,1.0,1.47
-0.03,3,54.796713,14,d17_medium,2,17,closed,0.5,-0.030000000000000027
-1.41,51,54.82559,14,d19_detour,2,19,closed,0.0,-1.4099999999999981
1.47,3,54.828464,14,d15_direct,2,15,open,1.0,1.47
1.47,3,54.831417,14,d15_direct,2,15,open,1.0,1.47
-0.68,18,54.842223,14,d19_detour,2,19,closed,0.0,-0.6800000000000002
-3.03,3,54.844967,14,d17_medium,2,17,closed,0.5,-3.0300000000000002
2.03,37,54.8658,14,d15_direct,2,15,open,1.0,2.0299999999999994
-0.03,3,54.86858,14,d19_detour,2,19,closed,0.5,-0.030000000000000027
-0.33,38,54.890988,14,d15_direct,2,15,open,1.0,-0.3300000000000005
-0.86,16,54.900728,14,d17_medium,2,17,closed,0.0,-0.8600000000000001
1.31,29,54.917295,14,d17_medium,2,17,closed,0.0,1.3099999999999998
-0.86,16,54.927255,14,d17_medium,2,17,closed,0.0,-0.8600000000000001
2.15,35,54.947867,14,d19_detour,2,19,closed,0.0,2.1500000000000004
1.37,43,54.97281,14,d17_medium,2,17,closed,0.0,1.3700000000000017
-0.86,16,54.982604,14,d17_medium,2,17,closed,0.0,-0.8600000000000001
-0.99,34,55.003254,14,d19_detour,2,19,closed,0.0,-0.9900000000000002
4.14,36,55.023255,14,d15_direct,2,15,open,1.0,4.140000000000002
1.31,29,55.040204,14,d17_medium,2,17,closed,0.0,1.3099999999999998
4.14,36,55.283687,14,d15_direct,2,15,open,1.0,4.140000000000002
4.14,36,55.304276,14,d15_direct,2,15,open,1.0,4.140000000000002
-0.03,3,55.307121,14,d19_detour,2,19,closed,0.5,-0.030000000000000027
-0.03,3,55.30996,14,d17_medium,2,17,closed,0.0,-0.030000000000000027
-0.86,16,55.320363,14,d17_medium,2,17,closed,0.0,-0.8600000000000001
4.14,36,55.340956,14,d15_direct,2,15,open,1.0,4.140000000000002
2.04,41,55.364177,14,d19_detour,2,19,closed,0.0,2.040000000000001
-1.53,3,55.367031,14,d17_medium,2,17,closed,0.0,-1.53
3.9,50,55.395042,14,d19_detour,2,19,closed,0.0,3.900000000000002
-0.86,16,55.404995,14,d17_medium,2,17,closed,0.0,-0.8600000000000001
-1.53,3,55.408103,14,d17_medium,2,17,closed,0.0,-1.53
4.14,36,55.430061,14,d15_direct,2,15,open,1.0,4.140000000000002
4.02,38,55.452984,14,d15_direct,2,15,open,1.0,4.020000000000001
-0.86,16,55.463441,14,d17_medium,2,17,closed,0.0,-0.8600000000000001
-2.55,5,55.467407,14,d19_detour,2,19,closed,0.5,-2.55
-0.03,3,55.470241,14,d19_detour,2,19,closed,0.5,-0.030000000000000027
4.02,48,55.497388,14,d19_detour,2,19,closed,0.0,4.020000000000003
-1.05,30,55.514697,14,d17_medium,2,17,closed,0.0,-1.0499999999999992
1.47,3,55.517549,14,d19_detour,2,19,closed,0.5,1.47
1.31,29,55.534344,14,d17_medium,2,17,closed,0.0,1.3099999999999998
-1.3,50,55.562649,14,d19_detour,2,19,closed,0.0,-1.300000000000001
4.14,36,55.58478,14,d15_direct,2,15,open,1.0,4.140000000000002
-0.86,16,55.594735,14,d17_medium,2,17,closed,0.0,-0.8600000000000001
4.02,48,55.622295,14,d19_detour,2,19,closed,0.0,4.020000000000003
4.08,37,55.644304,14,d15_direct,2,15,open,1.0,4.080000000000002
4.14,36,55.665248,14,d15_direct,2,15,open,1.0,4.140000000000002
2.1,40,55.688874,14,d19_detour,2,19,closed,0.0,2.1000000000000014
4.14,36,55.710213,14,d15_direct,2,15,open,1.0,4.140000000000002
4.14,36,55.730762,14,d15_direct,2,15,open,1.0,4.140000000000002
-3.22,37,55.752376,14,d19_detour,2,19,closed,0.5,-3.220000000000001
-3.03,3,55.755394,14,d17_medium,2,17,closed,0.0,-3.0300000000000002
-0.02,42,55.778764,14,d19_detour,2,19,closed,0.0,-0.020000000000000906
1.75,25,55.793613,14,d15_direct,2,15,open,1.0,1.7499999999999998
4.14,36,55.814795,14,d15_direct,2,15,open,1.0,4.140000000000002
1.47,3,55.817689,14,d15_direct,2,15,open,1.0,1.47
-0.86,16,55.828097,14,d17_medium,2,17,closed,0.0,-0.8600000000000001
1.31,29,55.845203,14,d17_medium,2,17,closed,0.0,1.3099999999999998
1.61,34,55.864898,14,d19_detour,2,19,closed,0.0,1.6099999999999997
3.48,42,55.888975,14,d17_medium,2,17,closed,0.0,3.480000000000002
3.48,42,55.913883,14,d17_medium,2,17,closed,0.0,3.480000000000002
-1.53,3,55.916796,14,d17_medium,2,17,closed,0.0,-1.53
1.47,3,55.919698,14,d15_direct,2,15,open,1.0,1.47
1.25,30,55.938423,14,d17_medium,2,17,closed,0.0,1.2499999999999998
4.14,36,55.960024,14,d15_direct,2,15,open,1.0,4.140000000000002
1.47,3,55.96297,14,d15_direct,2,15,open,1.0,1.47
1.47,3,55.965971,14,d15_direct,2,15,open,1.0,1.47
1.47,3,55.96885,14,d15_direct,2,15,open,1.0,1.47
1.31,29,55.985921,14,d17_medium,2,17,closed,0.0,1.3099999999999998
4.14,36,56.006617,14,d15_direct,2,15,open,1.0,4.140000000000002
-0.2,20,56.018782,14,d19_detour,2,19,closed,0.0,-0.20000000000000018
4.14,36,56.039552,14,d15_direct,2,15,open,1.0,4.140000000000002
1.47,3,56.042559,14,d15_direct,2,15,open,1.0,1.47
1.35,50,56.0708,14,d19_detour,2,19,closed,0.0,1.349999999999999
1.67,33,56.090895,14,d19_detour,2,19,closed,0.0,1.6699999999999997
4.02,48,56.11867,14,d19_detour,2,19,closed,0.0,4.020000000000003
1.47,3,56.121626,14,d15_direct,2,15,open,1.0,1.47
3.48,42,56.146144,14,d17_medium,2,17,closed,0.0,3.480000000000002
1.25,30,56.163714,14,d17_medium,2,17,closed,0.0,1.2499999999999998
-0.86,16,56.173726,14,d17_medium,2,17,closed,0.0,-0.8600000000000001
1.98,37,56.195293,14,d15_direct,2,15,open,1.0,1.9799999999999995
2.03,37,56.217901,14,d15_direct,2,15,open,1.0,2.030000000000002
4.14,36,56.238769,14,d15_direct,2,15,open,1.0,4.140000000000002
-1.53,3,56.241994,14,d19_detour,2,19,closed,0.5,-1.53
4.14,36,56.262629,14,d15_direct,2,15,open,1.0,4.140000000000002
1.47,3,56.265682,14,d15_direct,2,15,open,1.0,1.47
-0.86,16,56.276061,14,d17_medium,2,17,closed,0.0,-0.8600000000000001
4.02,48,56.303515,14,d19_detour,2,19,closed,0.0,4.020000000000003
-0.54,34,56.323111,14,d19_detour,2,19,closed,0.0,-0.5400000000000005
-3.15,35,56.342729,14,d19_detour,2,19,closed,0.5,-3.1500000000000004
1.31,29,56.359677,14,d17_medium,2,17,closed,0.0,1.3099999999999998
2.15,35,56.379747,14,d19_detour,2,19,closed,0.0,2.1499999999999995
1.75,25,56.394498,14,d15_direct,2,15,open,1.0,1.7499999999999998
-0.03,3,56.397395,14,d17_medium,2,17,closed,0.5,-0.030000000000000027
1.47,3,56.400352,14,d15_direct,2,15,open,1.0,1.47
1.31,29,56.417608,14,d17_medium,2,17,closed,0.0,1.3099999999999998
-0.03,3,56.42056,14,d17_medium,2,17,closed,0.0,-0.030000000000000027
1.47,3,56.423494,14,d15_direct,2,15,open,1.0,1.47
4.14,36,56.44464,14,d15_direct,2,15,open,1.0,4.140000000000002
1.75,25,56.459614,14,d15_direct,2,15,open,1.0,1.7499999999999998
-1.53,3,56.462525,14,d17_medium,2,17,closed,0.0,-1.53
1.47,3,56.46558,14,d15_direct,2,15,open,1.0,1.47
1.31,29,56.482972,14,d17_medium,2,17,closed,0.0,1.3099999999999998
1.31,29,56.500048,14,d17_medium,2,17,closed,0.0,1.3099999999999998
-0.68,18,56.731025,14,d19_detour,2,19,closed,0.0,-0.6800000000000002
1.31,29,56.748224,14,d17_medium,2,17,closed,0.0,1.3099999999999998
-0.25,25,56.762827,14,d19_detour,2,19,closed,0.0,-0.2500000000000002
-0.86,16,56.772984,14,d17_medium,2,17,closed,0.0,-0.8600000000000001
1.31,29,56.790702,14,d17_medium,2,17,closed,0.0,1.3099999999999998
4.14,36,56.812571,14,d15_direct,2,15,open,1.0,4.140000000000002
1.25,30,56.830806,14,d17_medium,2,17,closed,0.0,1.2499999999999998
-0.2,20,56.842992,14,d19_detour,2,19,closed,0.0,-0.20000000000000018
4.14,36,56.864103,14,d15_direct,2,15,open,1.0,4.140000000000002
1.75,25,56.878926,14,d15_direct,2,15,open,1.0,1.7499999999999998
-0.13,38,56.900685,14,d19_detour,2,19,closed,0.0,-0.13000000000000056
-0.03,3,56.903538,14,d19_detour,2,19,closed,0.5,-0.030000000000000027
1.98,37,56.926192,14,d15_direct,2,15,open,1.0,1.9799999999999998
3.9,50,56.956464,14,d19_detour,2,19,closed,0.0,3.900000000000002
4.14,36,56.977866,14,d15_direct,2,15,open,1.0,4.140000000000002
-0.03,3,56.980869,14,d19_detour,2,19,closed,0.5,-0.030000000000000027
1.31,29,56.998404,14,d17_medium,2,17,closed,0.0,1.3099999999999998
4.14,36,57.019299,14,d15_direct,2,15,open,1.0,4.140000000000002
2.1,40,57.042117,14,d19_detour,2,19,closed,0.0,2.0999999999999996
0.14,51,57.070764,14,d19_detour,2,19,closed,0.0,0.13999999999999946
-1.53,3,57.073664,14,d17_medium,2,17,closed,0.0,-1.53
1.67,33,57.093096,14,d19_detour,2,19,closed,0.0,1.6699999999999997
1.31,29,57.110563,14,d17_medium,2,17,closed,0.0,1.3099999999999998
4.14,36,57.131593,14,d15_direct,2,15,open,1.0,4.140000000000002
4.14,36,57.153332,14,d15_direct,2,15,open,1.0,4.140000000000002
-3.03,3,57.156203,14,d17_medium,2,17,closed,0.5,-3.0300000000000002
1.31,29,57.173128,14,d17_medium,2,17,closed,0.0,1.3099999999999998
-0.86,16,57.183088,14,d17_medium,2,17,closed,0.0,-0.8600000000000001
1.25,30,57.200551,14,d17_medium,2,17,closed,0.0,1.2499999999999998
-0.68,18,57.212739,14,d19_detour,2,19,closed,0.0,-0.6800000000000002
-0.86,16,57.222802,14,d17_medium,2,17,closed,0.0,-0.8600000000000001
1.67,33,57.242424,14,d19_detour,2,19,closed,0.0,1.6699999999999997
-0.03,3,57.245334,14,d19_detour,2,19,closed,0.5,-0.030000000000000027
-2.07,7,57.250323,14,d19_detour,2,19,closed,0.0,-2.0700000000000003
4.14,36,57.27113,14,d15_direct,2,15,open,1.0,4.140000000000002
1.67,33,57.28977,14,d19_detour,2,19,closed,0.0,1.6699999999999997
4.08,37,57.310987,14,d15_direct,2,15,open,1.0,4.080000000000002
1.31,29,57.328577,14,d17_medium,2,17,closed,0.0,1.3099999999999998
1.37,43,57.353355,14,d17_medium,2,17,closed,0.0,1.3700000000000017
1.47,3,57.356314,14,d15_direct,2,15,open,1.0,1.47
4.14,36,57.376352,14,d15_direct,2,15,open,1.0,4.140000000000002
1.31,29,57.393307,14,d17_medium,2,17,closed,0.0,1.3099999999999998
-0.86,16,57.403984,14,d17_medium,2,17,closed,0.0,-0.8600000000000001
1.47,3,57.406841,14,d15_direct,2,15,open,1.0,1.47
1.67,33,57.425589,14,d19_detour,2,19,closed,0.0,1.6699999999999997
-1.04,34,57.444576,14,d19_detour,2,19,closed,0.0,-1.0400000000000003
1.47,3,57.447588,14,d15_direct,2,15,open,1.0,1.47
4.14,36,57.467983,14,d15_direct,2,15,open,1.0,4.140000000000002
1.75,25,57.482904,14,d15_direct,2,15,open,1.0,1.7499999999999998
4.02,38,57.504251,14,d15_direct,2,15,open,1.0,4.020000000000001
1.98,37,57.526022,14,d15_direct,2,15,open,1.0,1.9799999999999998
1.67,33,57.545713,14,d19_detour,2,19,closed,0.0,1.6699999999999997
1.47,3,57.548654,14,d15_direct,2,15,open,1.0,1.47
4.14,36,57.569117,14,d15_direct,2,15,open,1.0,4.140000000000002
1.47,3,57.572008,14,d15_direct,2,15,open,1.0,1.47
1.91,49,57.599989,14,d19_detour,2,19,closed,0.0,1.9099999999999995
1.31,29,57.616816,14,d17_medium,2,17,closed,0.0,1.3099999999999998
-0.03,3,57.619798,14,d19_detour,2,19,closed,0.5,-0.030000000000000027
4.14,36,57.64055,14,d15_direct,2,15,open,1.0,4.140000000000002
3.96,49,57.668322,14,d19_detour,2,19,closed,0.0,3.9600000000000026
1.31,29,57.685206,14,d17_medium,2,17,closed,0.0,1.3099999999999998
1.61,34,57.704659,14,d19_detour,2,19,closed,0.0,1.6099999999999997
-0.03,3,57.707495,14,d19_detour,2,19,closed,0.5,-0.030000000000000027
-0.25,25,57.722746,14,d19_detour,2,19,closed,0.0,-0.2500000000000002
-0.86,16,57.733161,14,d17_medium,2,17,closed,0.0,-0.8600000000000001
1.47,3,57.736034,14,d15_direct,2,15,open,1.0,1.47
-0.03,3,57.738825,14,d19_detour,2,19,closed,0.5,-0.030000000000000027
1.47,3,57.741665,14,d19_detour,2,19,closed,0.5,1.47
4.14,36,57.762076,14,d15_direct,2,15,open,1.0,4.140000000000002
-0.68,18,57.772934,14,d19_detour,2,19,closed,0.0,-0.6800000000000002
4.08,37,57.793856,14,d15_direct,2,15,open,1.0,4.080000000000002
-1.53,3,57.796632,14,d19_detour,2,19,closed,0.5,-1.53
2.03,37,57.817653,14,d15_direct,2,15,open,1.0,2.0299999999999994
4.14,36,57.83812,14,d15_direct,2,15,open,1.0,4.140000000000002
1.47,3,57.840987,14,d15_direct,2,15,open,1.0,1.47
-0.2,20,57.854928,14,d19_detour,2,19,closed,0.0,-0.20000000000000018
-0.03,3,57.857886,14,d17_medium,2,17,closed,0.0,-0.030000000000000027
4.14,36,57.878441,14,d15_direct,2,15,open,1.0,4.140000000000002
-1.53,3,57.881494,14,d17_medium,2,17,closed,0.0,-1.53
-0.03,3,57.884352,14,d17_medium,2,17,closed,0.0,-0.030000000000000027
-0.86,16,57.894029,14,d17_medium,2,17,closed,0.0,-0.8600000000000001
4.14,36,57.914468,14,d15_direct,2,15,open,1.0,4.140000000000002
0.23,27,57.929839,14,d19_detour,2,19,closed,0.0,0.22999999999999976
1.47,3,57.932601,14,d19_detour,2,19,closed,0.5,1.47
1.69,26,57.948452,14,d15_direct,2,15,open,1.0,1.6899999999999997
1.47,3,57.951426,14,d15_direct,2,15,open,1.0,1.47
3.48,42,58.207919,14,d17_medium,2,17,closed,0.0,3.480000000000002
2.04,41,58.232176,14,d19_detour,2,19,closed,0.0,2.040000000000001
4.14,36,58.252817,14,d15_direct,2,15,open,1.0,4.140000000000002
1.47,3,58.255708,14,d17_medium,2,17,closed,0.5,1.47
1.47,3,58.258591,14,d15_direct,2,15,open,1.0,1.47
1.47,3,58.261448,14,d19_detour,2,19,closed,0.5,1.47
1.31,29,58.278168,14,d17_medium,2,17,closed,0.0,1.3099999999999998
-0.03,3,58.281186,14,d15_direct,2,15,open,1.0,-0.030000000000000027
3.48,42,58.305614,14,d17_medium,2,17,closed,0.0,3.480000000000002
4.14,36,58.326255,14,d15_direct,2,15,open,1.0,4.140000000000002
1.47,3,58.329232,14,d19_detour,2,19,closed,0.5,1.47
4.02,48,58.356454,14,d19_detour,2,19,closed,0.0,4.020000000000003
-0.86,16,58.366653,14,d17_medium,2,17,closed,0.0,-0.8600000000000001
-3.03,3,58.369604,14,d17_medium,2,17,closed,0.0,-3.0300000000000002
1.31,29,58.387146,14,d17_medium,2,17,closed,0.0,1.3099999999999998
1.47,3,58.390065,14,d19_detour,2,19,closed,0.5,1.47
1.36,49,58.417318,14,d19_detour,2,19,closed,0.0,1.3599999999999997
4.14,36,58.438083,14,d15_direct,2,15,open,1.0,4.140000000000002
4.14,36,58.459039,14,d15_direct,2,15,open,1.0,4.140000000000002
1.63,37,58.480502,14,d15_direct,2,15,open,1.0,1.6299999999999997
-0.26,21,58.493127,14,d19_detour,2,19,closed,0.0,-0.26000000000000023
1.37,43,58.518122,14,d17_medium,2,17,closed,0.0,1.3699999999999997
4.08,37,58.540131,14,d15_direct,2,15,open,1.0,4.080000000000002
1.36,49,58.568244,14,d19_detour,2,19,closed,0.0,1.359999999999999
2.09,36,58.589387,14,d19_detour,2,19,closed,0.0,2.09
1.31,29,58.606543,14,d17_medium,2,17,closed,0.0,1.3099999999999998
-0.64,14,58.615591,14,d15_direct,2,15,open,1.0,-0.6400000000000001
1.31,29,58.632673,14,d17_medium,2,17,closed,0.0,1.3099999999999998
1.31,29,58.649878,14,d17_medium,2,17,closed,0.0,1.3099999999999998
1.47,3,58.652763,14,d19_detour,2,19,closed,0.5,1.47
1.31,29,58.669951,14,d17_medium,2,17,closed,0.0,1.3099999999999998
4.14,36,58.690921,14,d15_direct,2,15,open,1.0,4.140000000000002
1.47,3,58.693789,14,d19_detour,2,19,closed,0.5,1.47
-0.2,20,58.705857,14,d19_detour,2,19,closed,0.0,-0.20000000000000018
1.31,29,58.72403,14,d17_medium,2,17,closed,0.0,1.3099999999999998
-0.86,16,58.733959,14,d17_medium,2,17,closed,0.0,-0.8600000000000001
4.08,37,58.755416,14,d15_direct,2,15,open,1.0,4.080000000000002
1.67,33,58.77469,14,d19_detour,2,19,closed,0.0,1.6699999999999997
-1.53,3,58.777568,14,d17_medium,2,17,closed,0.0,-1.53
4.14,36,58.798623,14,d15_direct,2,15,open,1.0,4.140000000000002
-0.86,16,58.808498,14,d17_medium,2,17,closed,0.0,-0.8600000000000001
-1.53,3,58.811393,14,d17_medium,2,17,closed,0.0,-1.53
1.36,49,58.83895,14,d19_detour,2,19,closed,0.0,1.359999999999999
4.14,36,58.859815,14,d15_direct,2,15,open,1.0,4.140000000000002
1.31,29,58.877593,14,d17_medium,2,17,closed,0.0,1.3099999999999998
1.25,30,58.895134,14,d17_medium,2,17,closed,0.0,1.2499999999999998
1.31,29,58.912003,14,d17_medium,2,17,closed,0.0,1.3099999999999998
1.31,29,58.929156,14,d17_medium,2,17,closed,0.0,1.3099999999999998
4.14,36,58.952384,14,d15_direct,2,15,open,1.0,4.140000000000002
-0.86,16,58.962661,14,d17_medium,2,17,closed,0.0,-0.8600000000000001
-1.53,3,58.965615,14,d17_medium,2,17,closed,0.0,-1.53
-0.68,18,58.976591,14,d19_detour,2,19,closed,0.0,-0.6800000000000002
1.85,50,59.004863,14,d19_detour,2,19,closed,0.0,1.8499999999999992
4.02,48,59.0324,14,d19_detour,2,19,closed,0.0,4.020000000000003
1.83,37,59.054247,14,d15_direct,2,15,open,1.0,1.8299999999999994
4.14,36,59.075149,14,d15_direct,2,15,open,1.0,4.140000000000002
1.47,3,59.077951,14,d19_detour,2,19,closed,0.5,1.47
4.14,36,59.099373,14,d15_direct,2,15,open,1.0,4.140000000000002
4.02,48,59.126791,14,d19_detour,2,19,closed,0.0,4.020000000000003
-0.86,16,59.136898,14,d17_medium,2,17,closed,0.0,-0.8600000000000001
1.31,29,59.154052,14,d17_medium,2,17,closed,0.0,1.3099999999999998
1.47,3,59.157092,14,d15_direct,2,15,open,1.0,1.47
1.31,29,59.174211,14,d17_medium,2,17,closed,0.0,1.3099999999999998
1.31,29,59.191475,14,d17_medium,2,17,closed,0.0,1.3099999999999998
1.25,30,59.209135,14,d17_medium,2,17,closed,0.0,1.2499999999999998
-0.03,3,59.211962,14,d17_medium,2,17,closed,0.0,-0.030000000000000027
-0.03,3,59.214976,14,d17_medium,2,17,closed,0.0,-0.030000000000000027
-0.03,3,59.217807,14,d19_detour,2,19,closed,0.5,-0.030000000000000027
4.08,37,59.239298,14,d15_direct,2,15,open,1.0,4.080000000000002
-0.03,3,59.242185,14,d17_medium,2,17,closed,0.0,-0.030000000000000027
3.42,43,59.267131,14,d17_medium,2,17,closed,0.0,3.4200000000000017
1.67,33,59.286299,14,d19_detour,2,19,closed,0.0,1.6699999999999997
1.47,3,59.289936,14,d19_detour,2,19,closed,0.5,1.47
1.47,3,59.292883,14,d15_direct,2,15,open,1.0,1.47
1.31,29,59.309603,14,d17_medium,2,17,closed,0.0,1.3099999999999998
4.14,36,59.330444,14,d15_direct,2,15,open,1.0,4.140000000000002
4.08,37,59.351971,14,d15_direct,2,15,open,1.0,4.080000000000002
4.14,36,59.373106,14,d15_direct,2,15,open,1.0,4.140000000000002
1.31,29,59.39012,14,d17_medium,2,17,closed,0.0,1.3099999999999998
-0.03,3,59.39303,14,d17_medium,2,17,closed,0.0,-0.030000000000000027
0.18,32,59.411458,14,d19_detour,2,19,closed,0.0,0.17999999999999972
1.85,50,59.65937,14,d19_detour,2,19,closed,0.0,1.8499999999999994
3.48,42,59.684491,14,d17_medium,2,17,closed,0.0,3.480000000000002
2.13,37,59.706371,14,d15_direct,2,15,open,1.0,2.13
4.14,36,59.726959,14,d15_direct,2,15,open,1.0,4.140000000000002
4.02,48,59.753853,14,d19_detour,2,19,closed,0.0,4.020000000000003
-0.64,34,59.773255,14,d19_detour,2,19,closed,0.0,-0.6400000000000005
2.13,37,59.795448,14,d15_direct,2,15,open,1.0,2.13
1.47,3,59.798651,14,d15_direct,2,15,open,1.0,1.47
1.3,50,59.826959,14,d19_detour,2,19,closed,0.0,1.299999999999999
4.14,36,59.848545,14,d15_direct,2,15,open,1.0,4.140000000000002
4.14,36,59.869696,14,d15_direct,2,15,open,1.0,4.140000000000002
1.37,43,59.895026,14,d17_medium,2,17,closed,0.0,1.3700000000000019
1.25,30,59.913032,14,d17_medium,2,17,closed,0.0,1.2499999999999998
4.02,48,59.94049,14,d19_detour,2,19,closed,0.0,4.020000000000003
3.48,42,59.965397,14,d17_medium,2,17,closed,0.0,3.480000000000002
-0.86,16,59.975391,14,d17_medium,2,17,closed,0.0,-0.8600000000000001
4.14,36,59.995959,14,d15_direct,2,15,open,1.0,4.140000000000002
3.42,43,60.020607,14,d17_medium,2,17,closed,0.0,3.4200000000000026
0.04,36,60.041947,14,d19_detour,2,19,closed,0.0,0.03999999999999959
-0.86,16,60.052058,14,d17_medium,2,17,closed,0.0,-0.8600000000000001
3.96,49,60.079545,14,d19_detour,2,19,closed,0.0,3.9600000000000026
4.14,36,60.100414,14,d15_direct,2,15,open,1.0,4.140000000000002
4.14,36,60.121248,14,d15_direct,2,15,open,1.0,4.140000000000002
2.1,40,60.144293,14,d19_detour,2,19,closed,0.0,2.0999999999999996
4.14,36,60.16489,14,d15_direct,2,15,open,1.0,4.140000000000002
-0.03,3,60.167754,14,d19_detour,2,19,closed,0.5,-0.030000000000000027
1.47,3,60.170602,14,d15_direct,2,15,open,1.0,1.47
3.48,42,60.194329,14,d17_medium,2,17,closed,0.0,3.480000000000002
-3.03,3,60.197324,14,d17_medium,2,17,closed,0.0,-3.0300000000000002
4.14,36,60.218057,14,d15_direct,2,15,open,1.0,4.140000000000002
1.67,33,60.236955,14,d19_detour,2,19,closed,0.0,1.6699999999999997
1.47,3,60.239846,14,d15_direct,2,15,open,1.0,1.47
1.47,3,60.242773,14,d15_direct,2,15,open,1.0,1.47
1.31,29,60.259548,14,d17_medium,2,17,closed,0.0,1.3099999999999998
1.75,25,60.274243,14,d15_direct,2,15,open,1.0,1.7499999999999998
4.02,48,60.301111,14,d19_detour,2,19,closed,0.0,4.020000000000003
-0.03,3,60.303946,14,d19_detour,2,19,closed,0.5,-0.030000000000000027
1.47,3,60.30681,14,d15_direct,2,15,open,1.0,1.47
1.47,3,60.309715,14,d19_detour,2,19,closed,0.5,1.47
4.14,36,60.330417,14,d15_direct,2,15,open,1.0,4.140000000000002
3.48,42,60.354116,14,d17_medium,2,17,closed,0.0,3.480000000000002
1.93,37,60.375219,14,d15_direct,2,15,open,1.0,1.9300000000000015
1.47,3,60.378057,14,d17_medium,2,17,closed,0.5,1.47
2.1,40,60.401331,14,d19_detour,2,19,closed,0.0,2.0999999999999996
4.14,36,60.42244,14,d15_direct,2,15,open,1.0,4.140000000000002
-1.53,3,60.426497,14,d17_medium,2,17,closed,0.0,-1.53
2.1,40,60.450038,14,d19_detour,2,19,closed,0.0,2.1000000000000014
4.02,48,60.478806,14,d19_detour,2,19,closed,0.0,4.020000000000003
1.31,29,60.495719,14,d17_medium,2,17,closed,0.0,1.3099999999999998
1.47,3,60.498756,14,d15_direct,2,15,open,1.0,1.47
4.02,48,60.527243,14,d19_detour,2,19,closed,0.0,4.020000000000003
1.31,49,60.554851,14,d19_detour,2,19,closed,0.0,1.3099999999999996
4.14,36,60.576609,14,d15_direct,2,15,open,1.0,4.140000000000002
1.47,3,60.579493,14,d15_direct,2,15,open,1.0,1.47
1.35,50,60.607546,14,d19_detour,2,19,closed,0.0,1.3499999999999996
1.31,29,60.624513,14,d17_medium,2,17,closed,0.0,1.3099999999999998
1.61,34,60.643913,14,d19_detour,2,19,closed,0.0,1.6099999999999997
4.14,36,60.665216,14,d15_direct,2,15,open,1.0,4.140000000000002
4.14,36,60.686724,14,d15_direct,2,15,open,1.0,4.140000000000002
1.98,37,60.708209,14,d15_direct,2,15,open,1.0,1.9799999999999995
-0.86,16,60.718051,14,d17_medium,2,17,closed,0.0,-0.8600000000000001
4.08,37,60.739933,14,d15_direct,2,15,open,1.0,4.080000000000002
4.14,36,60.760639,14,d15_direct,2,15,open,1.0,4.140000000000002
4.02,48,60.788977,14,d19_detour,2,19,closed,0.0,4.020000000000003
1.47,3,60.792651,14,d19_detour,2,19,closed,0.5,1.47
1.31,29,60.809596,14,d17_medium,2,17,closed,0.0,1.3099999999999998
4.14,36,60.830163,14,d15_direct,2,15,open,1.0,4.140000000000002
4.14,36,61.074336,14,d15_direct,2,15,open,1.0,4.140000000000002
-0.86,16,61.084503,14,d17_medium,2,17,closed,0.0,-0.8600000000000001
4.02,48,61.112001,14,d19_detour,2,19,closed,0.0,4.020000000000003
1.47,3,61.114965,14,d17_medium,2,17,closed,0.5,1.47
4.02,48,61.14212,14,d19_detour,2,19,closed,0.0,4.020000000000003
-0.86,16,61.152314,14,d17_medium,2,17,closed,0.0,-0.8600000000000001
1.67,33,61.171184,14,d19_detour,2,19,closed,0.0,1.6699999999999997
-0.03,3,61.174032,14,d17_medium,2,17,closed,0.5,-0.030000000000000027
-0.03,3,61.176864,14,d19_detour,2,19,closed,0.5,-0.030000000000000027
1.31,29,61.193898,14,d17_medium,2,17,closed,0.0,1.3099999999999998
-0.03,3,61.196766,14,d17_medium,2,17,closed,0.5,-0.030000000000000027
-1.53,3,61.199751,14,d17_medium,2,17,closed,0.0,-1.53
1.47,3,61.202633,14,d19_detour,2,19,closed,0.5,1.47
1.47,3,61.20551,14,d19_detour,2,19,closed,0.5,1.47
-1.53,3,61.209152,14,d17_medium,2,17,closed,0.0,-1.53
4.14,36,61.230217,14,d15_direct,2,15,open,1.0,4.140000000000002
2.15,35,61.250982,14,d19_detour,2,19,closed,0.0,2.1500000000000004
1.31,29,61.268175,14,d17_medium,2,17,closed,0.0,1.3099999999999998
1.67,33,61.287455,14,d19_detour,2,19,closed,0.0,1.6699999999999997
-0.86,16,61.297969,14,d17_medium,2,17,closed,0.0,-0.8600000000000001
3.48,42,61.321931,14,d17_medium,2,17,closed,0.0,3.480000000000002
4.14,36,61.343032,14,d15_direct,2,15,open,1.0,4.140000000000002
-1.04,34,61.361994,14,d19_detour,2,19,closed,0.0,-1.0400000000000003
4.14,36,61.382474,14,d15_direct,2,15,open,1.0,4.140000000000002
1.31,29,61.399342,14,d17_medium,2,17,closed,0.0,1.3099999999999998
-0.86,16,61.409867,14,d17_medium,2,17,closed,0.0,-0.8600000000000001
1.25,50,61.438641,14,d19_detour,2,19,closed,0.0,1.2499999999999996
-1.04,34,61.458628,14,d19_detour,2,19,closed,0.0,-1.0400000000000005
-1.53,3,61.461509,14,d17_medium,2,17,closed,0.5,-1.53
4.14,36,61.482097,14,d15_direct,2,15,open,1.0,4.140000000000002
4.14,36,61.502589,14,d15_direct,2,15,open,1.0,4.140000000000002
1.47,3,61.505489,14,d15_direct,2,15,open,1.0,1.47
-0.03,3,61.508679,14,d19_detour,2,19,closed,0.5,-0.030000000000000027
-0.03,3,61.511586,14,d17_medium,2,17,closed,0.0,-0.030000000000000027
1.67,33,61.531057,14,d19_detour,2,19,closed,0.0,1.6699999999999997
3.42,43,61.555642,14,d17_medium,2,17,closed,0.0,3.4200000000000026
1.47,3,61.558558,14,d15_direct,2,15,open,1.0,1.47
4.02,48,61.585912,14,d19_detour,2,19,closed,0.0,4.020000000000003
4.14,36,61.606716,14,d15_direct,2,15,open,1.0,4.140000000000002
4.14,36,61.627997,14,d15_direct,2,15,open,1.0,4.140000000000002
3.48,42,61.651886,14,d17_medium,2,17,closed,0.0,3.480000000000002
1.47,3,61.65477,14,d15_direct,2,15,open,1.0,1.47
1.47,3,61.657558,14,d17_medium,2,17,closed,0.5,1.47
1.31,29,61.674157,14,d17_medium,2,17,closed,0.0,1.3099999999999998
1.36,49,61.700969,14,d19_detour,2,19,closed,0.0,1.359999999999999
1.47,3,61.703784,14,d19_detour,2,19,closed,0.5,1.47
-0.44,34,61.722741,14,d19_detour,2,19,closed,0.0,-0.4400000000000004
3.48,42,61.74638,14,d17_medium,2,17,closed,0.0,3.480000000000002
4.02,48,61.773297,14,d19_detour,2,19,closed,0.0,4.020000000000003
4.14,36,61.794665,14,d15_direct,2,15,open,1.0,4.140000000000002
1.47,3,61.797577,14,d15_direct,2,15,open,1.0,1.47
4.02,48,61.824942,14,d19_detour,2,19,closed,0.0,4.020000000000003
-0.68,18,61.83554,14,d19_detour,2,19,closed,0.0,-0.6800000000000002
4.08,37,61.857192,14,d15_direct,2,15,open,1.0,4.080000000000002
4.14,36,61.877884,14,d15_direct,2,15,open,1.0,4.140000000000002
1.31,29,61.894849,14,d17_medium,2,17,closed,0.0,1.3099999999999998
1.47,3,61.897829,14,d17_medium,2,17,closed,0.5,1.47
-0.25,25,61.912289,14,d19_detour,2,19,closed,0.0,-0.2500000000000002
-0.86,16,61.922309,14,d17_medium,2,17,closed,0.0,-0.8600000000000001
4.14,36,61.94436,14,d15_direct,2,15,open,1.0,4.140000000000002
1.47,3,61.947692,14,d19_detour,2,19,closed,0.5,1.47
1.47,3,61.950644,14,d19_detour,2,19,closed,0.5,1.47
1.47,3,61.953641,14,d15_direct,2,15,open,1.0,1.47
1.47,3,61.956625,14,d15_direct,2,15,open,1.0,1.47
3.96,49,61.984064,14,d19_detour,2,19,closed,0.0,3.9600000000000026
4.14,36,62.004714,14,d15_direct,2,15,open,1.0,4.140000000000002
4.14,36,62.025373,14,d15_direct,2,15,open,1.0,4.140000000000002
-0.03,3,62.028329,14,d17_medium,2,17,closed,0.0,-0.030000000000000027
1.47,3,62.031265,14,d15_direct,2,15,open,1.0,1.47
1.67,33,62.05013,14,d19_detour,2,19,closed,0.0,1.6699999999999997
4.02,48,62.077066,14,d19_detour,2,19,closed,0.0,4.020000000000003
-3.03,3,62.079977,14,d17_medium,2,17,closed,0.0,-3.0300000000000002
4.02,48,62.106231,14,d19_detour,2,19,closed,0.0,4.020000000000003
-0.03,3,62.109161,14,d17_medium,2,17,closed,0.0,-0.030000000000000027
1.36,49,62.135781,14,d19_detour,2,19,closed,0.0,1.3599999999999999
-0.99,34,62.15461,14,d19_detour,2,19,closed,0.0,-0.9900000000000004
1.47,3,62.157706,14,d15_direct,2,15,open,1.0,1.47
1.47,3,62.160541,14,d19_detour,2,19,closed,0.5,1.47
-0.99,34,62.179208,14,d19_detour,2,19,closed,0.0,-0.9900000000000004
1.31,29,62.196462,14,d17_medium,2,17,closed,0.0,1.3099999999999998
4.14,36,62.216608,14,d15_direct,2,15,open,1.0,4.140000000000002
1.67,33,62.235229,14,d19_detour,2,19,closed,0.0,1.6699999999999997
-0.03,3,62.238118,14,d17_medium,2,17,closed,0.0,-0.030000000000000027
3.48,42,62.262193,14,d17_medium,2,17,closed,0.0,3.480000000000002
1.47,3,62.265176,14,d15_direct,2,15,open,1.0,1.47
-0.03,3,62.268042,14,d17_medium,2,17,closed,0.5,-0.030000000000000027
-0.03,3,62.270902,14,d19_detour,2,19,closed,0.5,-0.030000000000000027
4.14,36,62.503872,14,d15_direct,2,15,open,1.0,4.140000000000002
1.91,49,62.530689,14,d19_detour,2,19,closed,0.0,1.9100000000000001
-0.03,3,62.533601,14,d19_detour,2,19,closed,0.5,-0.030000000000000027
4.14,36,62.553848,14,d15_direct,2,15,open,1.0,4.140000000000002
2.15,35,62.573453,14,d19_detour,2,19,closed,0.0,2.1499999999999995
4.14,36,62.593702,14,d15_direct,2,15,open,1.0,4.140000000000002
1.31,29,62.610404,14,d17_medium,2,17,closed,0.0,1.3099999999999998
1.67,33,62.629075,14,d19_detour,2,19,closed,0.0,1.6699999999999997
3.48,42,62.652419,14,d17_medium,2,17,closed,0.0,3.480000000000002
4.02,48,62.678855,14,d19_detour,2,19,closed,0.0,4.020000000000003
-0.25,25,62.693228,14,d19_detour,2,19,closed,0.0,-0.2500000000000002
1.31,29,62.709698,14,d17_medium,2,17,closed,0.0,1.3099999999999998
4.08,37,62.730656,14,d15_direct,2,15,open,1.0,4.080000000000002
-0.86,16,62.740548,14,d17_medium,2,17,closed,0.0,-0.8600000000000001
4.14,36,62.761273,14,d15_direct,2,15,open,1.0,4.140000000000002
4.14,36,62.781729,14,d15_direct,2,15,open,1.0,4.140000000000002
1.25,30,62.800004,14,d17_medium,2,17,closed,0.0,1.2499999999999998
1.47,3,62.802903,14,d15_direct,2,15,open,1.0,1.47
2.15,35,62.822757,14,d19_detour,2,19,closed,0.0,2.1499999999999995
4.08,37,62.843864,14,d15_direct,2,15,open,1.0,4.080000000000002
4.14,36,62.864504,14,d15_direct,2,15,open,1.0,4.140000000000002
4.02,48,62.891404,14,d19_detour,2,19,closed,0.0,4.020000000000003
1.31,29,62.908266,14,d17_medium,2,17,closed,0.0,1.3099999999999998
1.67,33,62.927135,14,d19_detour,2,19,closed,0.0,1.6699999999999997
4.14,36,62.94924,14,d15_direct,2,15,open,1.0,4.140000000000002
1.47,3,62.952176,14,d15_direct,2,15,open,1.0,1.47
1.47,3,62.955051,14,d19_detour,2,19,closed,0.5,1.47
1.31,29,62.972164,14,d17_medium,2,17,closed,0.0,1.3099999999999998
4.14,36,62.993351,14,d15_direct,2,15,open,1.0,4.140000000000002
4.14,36,63.014444,14,d15_direct,2,15,open,1.0,4.140000000000002
1.31,29,63.031404,14,d17_medium,2,17,closed,0.0,1.3099999999999998
-0.8,30,63.049352,14,d17_medium,2,17,closed,0.0,-0.8000000000000003
-0.2,20,63.061811,14,d19_detour,2,19,closed,0.0,-0.20000000000000018
-0.44,39,63.084286,14,d17_medium,2,17,closed,0.0,-0.44000000000000017
4.14,36,63.105586,14,d15_direct,2,15,open,1.0,4.140000000000002
-0.03,3,63.10852,14,d17_medium,2,17,closed,0.0,-0.030000000000000027
-1.53,3,63.111495,14,d17_medium,2,17,closed,0.0,-1.53
1.47,3,63.114432,14,d17_medium,2,17,closed,0.5,1.47
2.15,35,63.134397,14,d19_detour,2,19,closed,0.0,2.1500000000000004
4.14,36,63.154912,14,d15_direct,2,15,open,1.0,4.140000000000002
4.14,36,63.176056,14,d15_direct,2,15,open,1.0,4.140000000000002
3.96,49,63.203451,14,d19_detour,2,19,closed,0.0,3.9600000000000026
1.47,3,63.206374,14,d19_detour,2,19,closed,0.5,1.47
3.48,42,63.230528,14,d17_medium,2,17,closed,0.0,3.480000000000002
1.47,3,63.233468,14,d17_medium,2,17,closed,0.5,1.47
2.1,40,63.263511,14,d19_detour,2,19,closed,0.0,2.1000000000000014
1.31,29,63.280596,14,d17_medium,2,17,closed,0.0,1.3099999999999998
4.14,36,63.301325,14,d15_direct,2,15,open,1.0,4.140000000000002
4.02,48,63.328651,14,d19_detour,2,19,closed,0.0,4.020000000000003
4.14,36,63.349251,14,d15_direct,2,15,open,1.0,4.140000000000002
1.75,25,63.368619,14,d15_direct,2,15,open,1.0,1.7499999999999998
1.31,29,63.386541,14,d17_medium,2,17,closed,0.0,1.3099999999999998
2.15,35,63.410172,14,d19_detour,2,19,closed,0.0,2.1499999999999995
1.47,3,63.413293,14,d15_direct,2,15,open,1.0,1.47
1.61,34,63.432975,14,d19_detour,2,19,closed,0.0,1.6099999999999997
3.48,42,63.457342,14,d17_medium,2,17,closed,0.0,3.480000000000002
4.02,48,63.484686,14,d19_detour,2,19,closed,0.0,4.020000000000003
4.14,36,63.505711,14,d15_direct,2,15,open,1.0,4.140000000000002
-0.03,3,63.508686,14,d19_detour,2,19,closed,0.5,-0.030000000000000027
3.48,42,63.532553,14,d17_medium,2,17,closed,0.0,3.480000000000002
3.42,43,63.557493,14,d17_medium,2,17,closed,0.0,3.4200000000000026
2.15,35,63.577497,14,d19_detour,2,19,closed,0.0,2.1499999999999995
2.15,35,63.598537,14,d19_detour,2,19,closed,0.0,2.1499999999999995
3.48,42,63.622657,14,d17_medium,2,17,closed,0.0,3.480000000000002
4.14,36,63.643706,14,d15_direct,2,15,open,1.0,4.140000000000002
4.14,36,63.66517,14,d15_direct,2,15,open,1.0,4.140000000000002
-0.86,16,63.675582,14,d17_medium,2,17,closed,0.0,-0.8600000000000001
1.31,29,63.693272,14,d17_medium,2,17,closed,0.0,1.3099999999999998
4.14,36,63.935654,14,d15_direct,2,15,open,1.0,4.140000000000002
3.48,42,63.960577,14,d17_medium,2,17,closed,0.0,3.480000000000002
1.75,25,63.975659,14,d15_direct,2,15,open,1.0,1.7499999999999998
4.14,36,63.996497,14,d15_direct,2,15,open,1.0,4.140000000000002
4.14,36,64.016876,14,d15_direct,2,15,open,1.0,4.140000000000002
1.31,29,64.033581,14,d17_medium,2,17,closed,0.0,1.3099999999999998
-0.03,3,64.036508,14,d15_direct,2,15,open,1.0,-0.030000000000000027
4.02,48,64.063999,15,d19_detour,2,19,closed,0.0,4.020000000000003
1.28,32,64.082325,15,d17_medium,1,17,closed,0.0,1.2799999999999998
3.99,51,64.11008,15,d19_detour,1,19,closed,0.0,3.990000000000003
1.47,3,64.112594,15,d19_detour,1,19,closed,0.5,1.47
4.11,39,64.134453,15,d15_direct,1,15,open,1.0,4.110000000000002
1.47,3,64.136956,15,d17_medium,1,17,closed,0.5,1.47
3.99,51,64.164501,15,d19_detour,1,19,closed,0.0,3.990000000000003
1.47,3,64.167011,15,d19_detour,1,19,closed,0.5,1.47
3.45,45,64.191664,15,d17_medium,1,17,closed,0.0,3.450000000000003
1.58,37,64.211965,15,d19_detour,1,19,closed,0.0,1.5799999999999996
-0.89,19,64.222881,15,d17_medium,1,17,closed,0.0,-0.8900000000000001
1.47,3,64.225419,15,d19_detour,1,19,closed,0.5,1.47
4.11,39,64.246887,15,d15_direct,1,15,open,1.0,4.110000000000002
4.11,39,64.268877,15,d15_direct,1,15,open,1.0,4.110000000000002
2.12,38,64.290081,15,d19_detour,1,19,closed,0.0,2.1199999999999997
3.99,51,64.318229,15,d19_detour,1,19,closed,0.0,3.990000000000003
1.47,3,64.321147,15,d15_direct,1,15,open,0.5,1.47
4.11,39,64.34293,15,d15_direct,1,15,open,1.0,4.110000000000002
3.45,45,64.367932,15,d17_medium,1,17,closed,0.0,3.450000000000003
4.05,40,64.389546,15,d15_direct,1,15,open,1.0,4.050000000000002
1.47,3,64.39227,15,d17_medium,1,17,closed,0.5,1.47
3.99,51,64.419772,15,d19_detour,1,19,closed,0.0,3.990000000000003
3.45,45,64.444713,15,d17_medium,1,17,closed,0.0,3.450000000000003
3.45,45,64.469182,15,d17_medium,1,17,closed,0.0,3.450000000000003
1.28,47,64.499215,15,d17_medium,1,17,closed,0.0,1.2799999999999996
3.87,53,64.52959,15,d19_detour,1,19,closed,0.0,3.8700000000000028
1.47,3,64.532223,15,d17_medium,1,17,closed,0.5,1.47
4.11,39,64.553609,15,d15_direct,1,15,open,1.0,4.110000000000002
3.93,52,64.582437,15,d19_detour,1,19,closed,0.0,3.9300000000000033
3.45,45,64.607966,15,d17_medium,1,17,closed,0.0,3.450000000000003
-0.89,19,64.62041,15,d17_medium,1,17,closed,0.0,-0.8899999999999999
4.11,39,64.643423,15,d15_direct,1,15,open,1.0,4.110000000000002
1.28,52,64.672176,15,d19_detour,1,19,closed,0.0,1.2799999999999996
1.47,3,64.674692,15,d17_medium,1,17,closed,0.5,1.47
3.99,51,64.702793,15,d19_detour,1,19,closed,0.0,3.990000000000003
3.99,51,64.731589,15,d19_detour,1,19,closed,0.0,3.990000000000003
4.11,39,64.753618,15,d15_direct,1,15,open,1.0,4.110000000000002
4.11,39,64.776738,15,d15_direct,1,15,open,1.0,4.110000000000002
1.58,37,64.797468,15,d19_detour,1,19,closed,0.0,1.5799999999999996
0.25,25,64.81184,15,d19_detour,1,19,closed,0.0,0.24999999999999978
4.11,39,64.834581,15,d15_direct,1,15,open,1.0,4.110000000000002
3.99,51,64.862905,15,d19_detour,1,19,closed,0.0,3.990000000000003
3.93,52,64.891332,15,d19_detour,1,19,closed,0.0,3.9300000000000024
-1.02,37,64.912703,15,d19_detour,1,19,closed,0.0,-1.0200000000000005
1.88,52,64.942335,15,d19_detour,1,19,closed,0.0,1.8799999999999997
2.12,38,64.964677,15,d19_detour,1,19,closed,0.0,2.12
3.45,45,64.990299,15,d17_medium,1,17,closed,0.0,3.450000000000003
3.45,45,65.015924,15,d17_medium,1,17,closed,0.0,3.450000000000003
1.28,32,65.034004,15,d17_medium,1,17,closed,0.0,1.2799999999999998
1.47,3,65.036558,15,d17_medium,1,17,closed,0.5,1.47
3.45,45,65.061601,15,d17_medium,1,17,closed,0.0,3.450000000000003
-0.78,53,65.09117,15,d19_detour,1,19,closed,0.0,-0.780000000000001
1.28,32,65.341751,15,d17_medium,1,17,closed,0.0,1.28
1.47,3,65.344291,15,d15_direct,1,15,open,0.5,1.47
3.45,45,65.369247,15,d17_medium,1,17,closed,0.0,3.450000000000003
1.47,3,65.37188,15,d15_direct,1,15,open,0.5,1.47
2.07,43,65.395561,15,d19_detour,1,19,closed,0.0,2.0699999999999994
3.99,51,65.423771,15,d19_detour,1,19,closed,0.0,3.990000000000003
3.45,45,65.449056,15,d17_medium,1,17,closed,0.0,3.450000000000003
4.05,40,65.471374,15,d15_direct,1,15,open,1.0,4.0500000000000025
1.47,3,65.47399,15,d17_medium,1,17,closed,0.5,1.47
1.47,3,65.476759,15,d19_detour,1,19,closed,0.5,1.47
1.09,46,65.501757,15,d17_medium,1,17,closed,0.0,1.0899999999999992
2.01,44,65.526394,15,d19_detour,1,19,closed,0.0,2.0100000000000016
1.47,3,65.528975,15,d15_direct,1,15,open,0.5,1.47
1.64,36,65.548976,15,d19_detour,1,19,closed,0.0,1.6399999999999997
1.22,33,65.567484,15,d17_medium,1,17,closed,0.0,1.22
1.64,36,65.588499,15,d19_detour,1,19,closed,0.0,1.6399999999999997
3.45,45,65.613463,15,d17_medium,1,17,closed,0.0,3.450000000000003
4.11,39,65.635025,15,d15_direct,1,15,open,1.0,4.110000000000002
3.93,52,65.663433,15,d19_detour,1,19,closed,0.0,3.9300000000000033
1.47,3,65.66605,15,d17_medium,1,17,closed,0.5,1.47
1.28,32,65.684208,15,d17_medium,1,17,closed,0.0,1.28
1.47,3,65.68677,15,d17_medium,1,17,closed,0.5,1.47
1.47,3,65.689277,15,d19_detour,1,19,closed,0.5,1.47
3.93,52,65.718273,15,d19_detour,1,19,closed,0.0,3.9300000000000033
3.45,45,65.744522,15,d17_medium,1,17,closed,0.0,3.450000000000003
1.28,52,65.772947,15,d19_detour,1,19,closed,0.0,1.2799999999999996
3.93,52,65.801863,15,d19_detour,1,19,closed,0.0,3.9300000000000033
3.45,45,65.829139,15,d17_medium,1,17,closed,0.0,3.450000000000003
3.93,52,65.858539,15,d19_detour,1,19,closed,0.0,3.9300000000000033
1.28,32,65.876694,15,d17_medium,1,17,closed,0.0,1.28
1.47,3,65.879303,15,d17_medium,1,17,closed,0.5,1.47
3.45,45,65.904057,15,d17_medium,1,17,closed,0.0,3.450000000000003
1.28,32,65.921947,15,d17_medium,1,17,closed,0.0,1.28
4.11,39,65.94445,15,d15_direct,1,15,open,1.0,4.110000000000002
1.47,3,65.946951,15,d19_detour,1,19,closed,0.5,1.47
4.11,39,65.969169,16,d15_direct,1,15,open,1.0,4.110000000000002
4.08,42,66.003913,16,d15_direct,0,15,open,1.0,4.080000000000003
-2.86,56,66.037596,16,d19_detour,0,19,closed,0.0,-2.860000000000002
-4.78,48,66.070574,16,d19_detour,0,19,closed,0.5,-4.780000000000001
4.08,42,66.097793,16,d15_direct,0,15,open,1.0,4.080000000000003
-2.81,56,66.136849,16,d19_detour,0,19,closed,0.0,-2.8100000000000014
-6.27,57,66.169575,16,d19_detour,0,19,closed,0.5,-6.269999999999994
4.02,43,66.193458,16,d15_direct,0,15,open,1.0,4.020000000000002
-6.27,57,66.222209,16,d19_detour,0,19,closed,0.5,-6.269999999999994
4.08,42,66.252867,16,d15_direct,0,15,open,1.0,4.080000000000003
-6.27,57,66.286404,16,d19_detour,0,19,closed,0.5,-6.269999999999994
-3.03,3,66.288536,16,d19_detour,0,19,closed,0.5,-3.0300000000000002
-6.22,57,66.318606,16,d19_detour,0,19,closed,0.5,-6.219999999999995
-0.92,22,66.331784,16,d17_medium,0,17,closed,0.0,-0.9199999999999997
-3.03,3,66.334007,16,d19_detour,0,19,closed,0.5,-3.0300000000000002
1.47,3,66.336223,16,d17_medium,0,17,closed,0.5,1.47
-6.27,57,66.366089,16,d19_detour,0,19,closed,0.5,-6.269999999999994
1.47,3,66.36825,16,d15_direct,0,15,open,0.5,1.47
1.69,31,66.385537,16,d15_direct,0,15,open,1.0,1.6900000000000002
1.47,3,66.387715,16,d15_direct,0,15,open,0.5,1.47
-1.53,3,66.389877,16,d19_detour,0,19,closed,0.5,-1.53
1.69,31,66.406792,16,d15_direct,0,15,open,1.0,1.6899999999999997
-6.27,57,66.436231,16,d19_detour,0,19,closed,0.5,-6.269999999999994
-2.86,56,66.467116,16,d19_detour,0,19,closed,0.0,-2.860000000000001
3.42,48,66.493114,16,d17_medium,0,17,closed,0.0,3.4200000000000026
1.47,3,66.495271,16,d15_direct,0,15,open,0.5,1.47
4.08,42,66.736799,16,d15_direct,0,15,open,1.0,4.080000000000003
-5.23,43,66.760785,16,d19_detour,0,19,closed,0.5,-5.23
1.47,3,66.763017,16,d17_medium,0,17,closed,0.5,1.47
3.42,48,66.789512,16,d17_medium,0,17,closed,0.0,3.4200000000000026
-1.53,3,66.792162,16,d19_detour,0,19,closed,0.5,-1.53
3.42,48,66.818634,16,d17_medium,0,17,closed,0.0,3.4200000000000026
3.42,48,66.844817,16,d17_medium,0,17,closed,0.0,3.4200000000000026
0.31,49,66.871441,16,d17_medium,0,17,closed,0.0,0.3099999999999994
4.08,42,66.895327,16,d15_direct,0,15,open,1.0,4.080000000000003
1.47,3,66.897599,16,d15_direct,0,15,open,0.5,1.47
3.42,48,66.923643,16,d17_medium,0,17,closed,0.0,3.4200000000000026
0.55,55,66.954073,16,d19_detour,0,19,closed,0.0,0.5499999999999989
4.08,42,66.977285,16,d15_direct,0,15,open,1.0,4.080000000000003
-3.03,3,66.979521,16,d19_detour,0,19,closed,0.5,-3.0300000000000002
4.08,42,67.00292,16,d15_direct,0,15,open,1.0,4.080000000000003
4.08,42,67.025949,16,d15_direct,0,15,open,1.0,4.080000000000003
1.47,3,67.028503,16,d17_medium,0,17,closed,0.5,1.47
-2.86,56,67.058714,16,d19_detour,0,19,closed,0.0,-2.860000000000001
-5.23,43,67.081181,16,d19_detour,0,19,closed,0.5,-5.229999999999999
3.36,49,67.107665,16,d17_medium,0,17,closed,0.0,3.360000000000003
1.69,31,67.125096,16,d15_direct,0,15,open,1.0,1.6899999999999997
-0.92,22,67.138033,16,d17_medium,0,17,closed,0.0,-0.9199999999999997
3.42,48,67.164236,16,d17_medium,0,17,closed,0.0,3.4200000000000026
4.08,42,67.186911,16,d15_direct,0,15,open,1.0,4.080000000000003
4.08,42,67.211758,16,d15_direct,0,15,open,1.0,4.080000000000003
-0.92,22,67.224025,16,d17_medium,0,17,closed,0.0,-0.9199999999999997
1.47,3,67.226206,16,d15_direct,0,15,open,0.5,1.47
1.47,3,67.228413,16,d15_direct,0,15,open,0.5,1.47
1.47,3,67.230583,16,d17_medium,0,17,closed,0.5,1.47
-1.53,3,67.232756,16,d19_detour,0,19,closed,0.5,-1.53
1.69,31,67.249939,16,d15_direct,0,15,open,1.0,1.6899999999999997
-5.23,43,67.274312,16,d19_detour,0,19,closed,0.5,-5.23
3.42,48,67.30132,16,d17_medium,0,17,closed,0.0,3.4200000000000026
4.08,42,67.325281,16,d15_direct,0,15,open,1.0,4.080000000000003
4.02,43,67.349113,16,d15_direct,0,15,open,1.0,4.020000000000002
3.42,48,67.37563,16,d17_medium,0,17,closed,0.0,3.4200000000000026
-1.82,42,67.399661,16,d19_detour,0,19,closed,0.0,-1.820000000000001
3.42,48,67.425661,16,d17_medium,0,17,closed,0.0,3.4200000000000026
3.42,48,67.452347,16,d17_medium,0,17,closed,0.0,3.4200000000000026
1.47,3,67.454529,16,d15_direct,0,15,open,0.5,1.47
-3.74,34,67.473988,16,d19_detour,0,19,closed,0.5,-3.74
4.02,43,67.498343,16,d15_direct,0,15,open,1.0,4.020000000000002
1.47,3,67.500516,16,d17_medium,0,17,closed,0.5,1.47
-6.27,57,67.530998,16,d19_detour,0,19,closed,0.5,-6.269999999999994
3.36,49,67.557923,16,d17_medium,0,17,closed,0.0,3.360000000000003
-6.27,57,67.587739,16,d19_detour,0,19,closed,0.5,-6.269999999999994
4.08,42,67.610629,16,d15_direct,0,15,open,1.0,4.080000000000003
1.47,3,67.612798,16,d17_medium,0,17,closed,0.5,1.47
3.42,48,67.63889,16,d17_medium,0,17,closed,0.0,3.4200000000000026
-1.53,3,67.641155,16,d19_detour,0,19,closed,0.5,-1.53
-1.53,3,67.643332,16,d19_detour,0,19,closed,0.5,-1.53
1.47,3,67.645486,16,d17_medium,0,17,closed,0.5,1.47
3.42,48,67.672265,16,d17_medium,0,17,closed,0.0,3.4200000000000026
-1.82,42,67.695104,16,d19_detour,0,19,closed,0.0,-1.8200000000000005
4.02,43,67.71896,16,d15_direct,0,15,open,1.0,4.020000000000002
1.25,35,67.738385,16,d17_medium,0,17,closed,0.0,1.2500000000000002
4.02,43,67.761776,16,d15_direct,0,15,open,1.0,4.020000000000002
3.42,48,67.788046,16,d17_medium,0,17,closed,0.0,3.4200000000000026
4.08,42,67.811194,16,d15_direct,0,15,open,1.0,4.080000000000003
0.31,49,67.837523,16,d17_medium,0,17,closed,0.0,0.30999999999999917
-5.47,57,67.867192,16,d19_detour,0,19,closed,0.5,-5.469999999999999
4.08,42,68.142377,16,d15_direct,0,15,open,1.0,4.080000000000003
-2.11,56,68.172018,16,d19_detour,0,19,closed,0.0,-2.110000000000001
1.47,3,68.17436,16,d17_medium,0,17,closed,0.5,1.47
4.08,42,68.197211,16,d15_direct,0,15,open,1.0,4.080000000000003
3.36,49,68.223736,16,d17_medium,0,17,closed,0.0,3.360000000000003
4.08,42,68.246499,16,d15_direct,0,15,open,1.0,4.080000000000003
-2.86,56,68.276134,16,d19_detour,0,19,closed,0.0,-2.860000000000001
1.47,3,68.278294,16,d15_direct,0,15,open,0.5,1.47
4.08,42,68.301163,16,d15_direct,0,15,open,1.0,4.080000000000003
1.25,35,68.320808,16,d17_medium,0,17,closed,0.0,1.2500000000000002
0.55,55,68.350829,16,d19_detour,0,19,closed,0.0,0.5499999999999989
1.47,3,68.353012,16,d17_medium,0,17,closed,0.5,1.47
1.47,3,68.35518,16,d15_direct,0,15,open,0.5,1.47
4.08,42,68.378783,16,d15_direct,0,15,open,1.0,4.080000000000003
-3.03,3,68.381019,16,d19_detour,0,19,closed,0.5,-3.0300000000000002
-1.88,43,68.404746,16,d19_detour,0,19,closed,0.0,-1.8800000000000006
3.42,48,68.432537,16,d17_medium,0,17,closed,0.0,3.4200000000000026
4.08,42,68.455404,16,d15_direct,0,15,open,1.0,4.080000000000003
-6.27,57,68.485045,16,d19_detour,0,19,closed,0.5,-6.269999999999994
-1.53,3,68.487219,16,d19_detour,0,19,closed,0.5,-1.53
4.08,42,68.510561,16,d15_direct,0,15,open,1.0,4.080000000000003
-2.86,56,68.540992,16,d19_detour,0,19,closed,0.0,-2.860000000000002
3.36,49,68.56777,16,d17_medium,0,17,closed,0.0,3.360000000000003
-2.76,56,68.597385,16,d19_detour,0,19,closed,0.0,-2.759999999999998
1.47,3,68.5996,16,d15_direct,0,15,open,0.5,1.47
-5.21,41,68.621778,16,d19_detour,0,19,closed,0.5,-5.210000000000001
4.08,42,68.644976,16,d15_direct,0,15,open,1.0,4.080000000000003
4.08,42,68.668372,16,d15_direct,0,15,open,1.0,4.080000000000003
-1.53,3,68.670581,16,d19_detour,0,19,closed,0.5,-1.53
-3.03,3,68.672754,16,d19_detour,0,19,closed,0.5,-3.0300000000000002
1.47,3,68.674954,16,d15_direct,0,15,open,0.5,1.47
4.08,42,68.69783,16,d15_direct,0,15,open,1.0,4.080000000000003
-1.32,42,68.720984,16,d19_detour,0,19,closed,0.0,-1.3200000000000005
-0.51,31,68.73944,16,d17_medium,0,17,closed,0.0,-0.5100000000000002
4.08,42,68.762277,16,d15_direct,0,15,open,1.0,4.080000000000003
-5.16,41,68.783339,16,d19_detour,0,19,closed,0.5,-5.16
1.47,3,68.78549,16,d15_direct,0,15,open,0.5,1.47
-1.56,56,68.81457,16,d19_detour,0,19,closed,0.0,-1.5600000000000005
1.47,3,68.816751,16,d15_direct,0,15,open,0.5,1.47
4.08,42,68.839059,16,d15_direct,0,15,open,1.0,4.080000000000003
-3.45,25,68.852182,16,d19_detour,0,19,closed,0.5,-3.45
1.47,3,68.854329,16,d15_direct,0,15,open,0.5,1.47
-3.03,3,68.856449,16,d19_detour,0,19,closed,0.5,-3.0300000000000002
1.31,49,68.882303,16,d17_medium,0,17,closed,0.0,1.310000000000002
4.08,42,68.904478,16,d15_direct,0,15,open,1.0,4.080000000000003
-1.8,40,68.925304,16,d19_detour,0,19,closed,0.0,-1.7999999999999974
4.08,42,68.951458,16,d15_direct,0,15,open,1.0,4.080000000000003
-1.37,47,68.97765,16,d19_detour,0,19,closed,0.0,-1.3700000000000006
4.08,42,69.001203,16,d15_direct,0,15,open,1.0,4.080000000000003
1.19,36,69.021571,16,d17_medium,0,17,closed,0.0,1.1900000000000002
3.42,48,69.048588,16,d17_medium,0,17,closed,0.0,3.4200000000000026
-2.16,56,69.078576,16,d19_detour,0,19,closed,0.0,-2.1599999999999975
4.08,42,69.102186,16,d15_direct,0,15,open,1.0,4.080000000000003
-1.53,3,69.1044,16,d19_detour,0,19,closed,0.5,-1.53
4.08,42,69.127591,16,d15_direct,0,15,open,1.0,4.080000000000003
3.42,48,69.153837,16,d17_medium,0,17,closed,0.0,3.4200000000000026
4.08,42,69.176411,16,d15_direct,0,15,open,1.0,4.080000000000003
1.47,3,69.178543,16,d17_medium,0,17,closed,0.5,1.47
-1.27,42,69.200603,16,d19_detour,0,19,closed,0.0,-1.2700000000000005
3.42,48,69.226495,16,d17_medium,0,17,closed,0.0,3.4200000000000026
0.55,55,69.472836,16,d19_detour,0,19,closed,0.0,0.5499999999999989
3.42,48,69.499862,16,d17_medium,0,17,closed,0.0,3.4200000000000026
-1.8,40,69.521497,16,d19_detour,0,19,closed,0.0,-1.8000000000000005
4.08,42,69.545586,16,d15_direct,0,15,open,1.0,4.080000000000003
-0.03,3,69.547794,16,d19_detour,0,19,closed,0.5,-0.030000000000000027
1.47,3,69.549967,16,d15_direct,0,15,open,0.5,1.47
1.61,39,69.571048,16,d19_detour,0,19,closed,0.0,1.61
1.47,3,69.573225,16,d17_medium,0,17,closed,0.5,1.47
4.08,42,69.595871,16,d15_direct,0,15,open,1.0,4.080000000000003
3.96,54,69.624724,16,d19_detour,0,19,closed,0.0,3.9600000000000035
0.55,55,69.654118,16,d19_detour,0,19,closed,0.0,0.5499999999999989
-1.53,3,69.656281,16,d19_detour,0,19,closed,0.5,-1.53
0.55,55,69.685632,16,d19_detour,0,19,closed,0.0,0.5499999999999994
1.25,35,69.704827,16,d17_medium,0,17,closed,0.0,1.2500000000000002
-2.86,56,69.734248,16,d19_detour,0,19,closed,0.0,-2.860000000000001
3.42,48,69.761281,16,d17_medium,0,17,closed,0.0,3.4200000000000026
3.42,48,69.787935,16,d17_medium,0,17,closed,0.0,3.4200000000000026
4.08,42,69.811193,16,d15_direct,0,15,open,1.0,4.080000000000003
3.42,48,69.837063,16,d17_medium,0,17,closed,0.0,3.4200000000000026
1.92,43,69.86133,16,d15_direct,0,15,open,1.0,1.9199999999999997
4.08,42,69.884166,16,d15_direct,0,15,open,1.0,4.080000000000003
1.47,3,69.886325,16,d17_medium,0,17,closed,0.5,1.47
0.55,55,69.917022,16,d19_detour,0,19,closed,0.0,0.5499999999999989
3.36,49,69.945329,16,d17_medium,0,17,closed,0.0,3.360000000000003
4.02,43,69.969398,16,d15_direct,0,15,open,1.0,4.020000000000002
1.25,35,69.988954,16,d17_medium,0,17,closed,0.0,1.2499999999999998
1.69,31,70.005972,16,d15_direct,0,15,open,1.0,1.6900000000000002
3.42,48,70.031761,16,d17_medium,0,17,closed,0.0,3.4200000000000026
3.42,48,70.058041,16,d17_medium,0,17,closed,0.0,3.4200000000000026
0.55,55,70.087867,16,d19_detour,0,19,closed,0.0,0.5499999999999994
-0.03,3,70.090477,16,d19_detour,0,19,closed,0.5,-0.030000000000000027
1.59,41,70.113042,16,d19_detour,0,19,closed,0.0,1.5899999999999996
1.47,3,70.115888,16,d17_medium,0,17,closed,0.5,1.47
-0.76,26,70.130148,16,d19_detour,0,19,closed,0.0,-0.7599999999999998
4.08,42,70.152919,16,d15_direct,0,15,open,1.0,4.080000000000003
1.47,3,70.155096,16,d15_direct,0,15,open,0.5,1.47
1.47,3,70.157288,16,d17_medium,0,17,closed,0.5,1.47
-4.15,25,70.171394,16,d19_detour,0,19,closed,0.5,-4.15
3.42,48,70.198104,16,d17_medium,0,17,closed,0.0,3.4200000000000026
2.09,41,70.220856,16,d19_detour,0,19,closed,0.0,2.09
1.47,3,70.223042,16,d15_direct,0,15,open,0.5,1.47
3.96,54,70.25303,16,d19_detour,0,19,closed,0.0,3.9600000000000035
4.08,42,70.276318,16,d15_direct,0,15,open,1.0,4.080000000000003
1.47,3,70.278485,16,d15_direct,0,15,open,0.5,1.47
3.42,48,70.304341,16,d17_medium,0,17,closed,0.0,3.4200000000000026
1.85,55,70.334046,16,d19_detour,0,19,closed,0.0,1.850000000000003
4.08,42,70.3576,16,d15_direct,0,15,open,1.0,4.080000000000003
3.42,48,70.383777,16,d17_medium,0,17,closed,0.0,3.4200000000000026
-6.27,57,70.413184,16,d19_detour,0,19,closed,0.5,-6.269999999999994
1.47,3,70.41535,16,d15_direct,0,15,open,0.5,1.47
1.25,35,70.434314,16,d17_medium,0,17,closed,0.0,1.2499999999999998
-1.88,43,70.456918,16,d19_detour,0,19,closed,0.0,-1.8800000000000008
1.47,3,70.459094,16,d17_medium,0,17,closed,0.5,1.47
1.47,3,70.461244,16,d15_direct,0,15,open,0.5,1.47
-6.27,57,70.491344,16,d19_detour,0,19,closed,0.5,-6.269999999999994
0.55,55,70.520584,16,d19_detour,0,19,closed,0.0,0.5499999999999989
3.42,48,70.546685,16,d17_medium,0,17,closed,0.0,3.4200000000000026
1.25,35,70.566078,16,d17_medium,0,17,closed,0.0,1.2499999999999998
4.08,42,70.588836,16,d15_direct,0,15,open,1.0,4.080000000000003
-1.82,42,70.829453,16,d19_detour,0,19,closed,0.0,-1.819999999999996
1.47,3,70.831746,16,d15_direct,0,15,open,0.5,1.47
-0.07,47,70.857896,16,d19_detour,0,19,closed,0.0,-0.07000000000000028
4.08,42,70.880952,16,d15_direct,0,15,open,1.0,4.080000000000003
4.08,42,70.90456,16,d15_direct,0,15,open,1.0,4.080000000000003
4.08,42,70.928107,16,d15_direct,0,15,open,1.0,4.080000000000003
1.69,31,70.945084,16,d15_direct,0,15,open,1.0,1.6899999999999997
3.42,48,70.971689,16,d17_medium,0,17,closed,0.0,3.4200000000000026
1.47,3,70.973914,16,d15_direct,0,15,open,0.5,1.47
4.08,42,70.996776,16,d15_direct,0,15,open,1.0,4.080000000000003
1.47,3,70.998945,16,d17_medium,0,17,closed,0.5,1.47
1.47,3,71.001133,16,d17_medium,0,17,closed,0.5,1.47
1.47,3,71.003296,16,d15_direct,0,15,open,0.5,1.47
4.08,42,71.026524,16,d15_direct,0,15,open,1.0,4.080000000000003
-1.8,40,71.048261,16,d19_detour,0,19,closed,0.0,-1.7999999999999974
1.25,35,71.068032,16,d17_medium,0,17,closed,0.0,1.2499999999999998
-2.11,56,71.099431,16,d19_detour,0,19,closed,0.0,-2.1099999999999977
-6.27,57,71.129371,16,d19_detour,0,19,closed,0.5,-6.269999999999994
-1.8,40,71.150851,16,d19_detour,0,19,closed,0.0,-1.800000000000001
3.36,49,71.178224,16,d17_medium,0,17,closed,0.0,3.360000000000003
-2.86,56,71.207289,16,d19_detour,0,19,closed,0.0,-2.8599999999999977
4.08,42,71.230101,16,d15_direct,0,15,open,1.0,4.080000000000003
1.47,3,71.23227,16,d17_medium,0,17,closed,0.5,1.47
2.09,41,71.254209,16,d19_detour,0,19,closed,0.0,2.0900000000000007
1.69,31,71.27229,16,d15_direct,0,15,open,1.0,1.6899999999999997
4.08,42,71.295874,16,d15_direct,0,15,open,1.0,4.080000000000003
1.47,3,71.298329,16,d17_medium,0,17,closed,0.5,1.47
4.08,42,71.321753,16,d15_direct,0,15,open,1.0,4.080000000000003
1.25,35,71.341619,16,d17_medium,0,17,closed,0.0,1.2499999999999998
3.42,48,71.367809,16,d17_medium,0,17,closed,0.0,3.4200000000000026
4.08,42,71.391011,16,d15_direct,0,15,open,1.0,4.080000000000003
1.25,35,71.409886,16,d17_medium,0,17,closed,0.0,1.2500000000000002
3.42,48,71.436378,16,d17_medium,0,17,closed,0.0,3.4200000000000026
4.08,42,71.459151,16,d15_direct,0,15,open,1.0,4.080000000000003
-0.03,3,71.461298,16,d19_detour,0,19,closed,0.5,-0.030000000000000027
-1.75,40,71.482565,16,d19_detour,0,19,closed,0.0,-1.7500000000000004
1.47,3,71.484738,16,d19_detour,0,19,closed,0.5,1.47
4.08,42,71.507516,16,d15_direct,0,15,open,1.0,4.080000000000003
1.47,3,71.5097,16,d19_detour,0,19,closed,0.5,1.47
3.42,48,71.535816,16,d17_medium,0,17,closed,0.0,3.4200000000000026
4.08,42,71.55965,16,d15_direct,0,15,open,1.0,4.080000000000003
1.47,3,71.561817,16,d15_direct,0,15,open,0.5,1.47
1.47,3,71.563972,16,d17_medium,0,17,closed,0.5,1.47
4.08,42,71.587388,16,d15_direct,0,15,open,1.0,4.080000000000003
1.47,3,71.589574,16,d17_medium,0,17,closed,0.5,1.47
1.47,3,71.592706,16,d19_detour,0,19,closed,0.5,1.47
-0.03,3,71.594889,16,d19_detour,0,19,closed,0.5,-0.030000000000000027
1.47,3,71.597089,16,d19_detour,0,19,closed,0.5,1.47
-2.86,56,71.62669,16,d19_detour,0,19,closed,0.0,-2.860000000000001
0.49,56,71.656053,16,d19_detour,0,19,closed,0.0,0.48999999999999944
0.55,55,71.686411,16,d19_detour,0,19,closed,0.0,0.5499999999999989
1.25,35,71.7061,16,d17_medium,0,17,closed,0.0,1.2500000000000002
1.47,3,71.708284,16,d15_direct,0,15,open,0.5,1.47
0.55,55,71.738771,16,d19_detour,0,19,closed,0.0,0.5499999999999994
-0.03,3,71.741125,16,d19_detour,0,19,closed,0.5,-0.030000000000000027
4.08,42,71.764985,16,d15_direct,0,15,open,1.0,4.080000000000003
-0.03,3,71.767402,16,d19_detour,0,19,closed,0.5,-0.030000000000000027
4.08,42,71.791683,16,d15_direct,0,15,open,1.0,4.080000000000003
-0.02,42,71.816714,16,d19_detour,0,19,closed,0.0,-0.020000000000000462
-1.53,3,71.819043,16,d19_detour,0,19,closed,0.5,-1.53
1.59,41,71.842296,16,d19_detour,0,19,closed,0.0,1.5899999999999996
4.08,42,71.865875,16,d15_direct,0,15,open,1.0,4.080000000000003
4.08,42,71.888775,16,d15_direct,0,15,open,1.0,4.080000000000003
4.08,42,71.914114,16,d15_direct,0,15,open,1.0,4.080000000000003
3.42,48,71.940498,16,d17_medium,0,17,closed,0.0,3.4200000000000026
1.47,3,71.94284,16,d15_direct,0,15,open,0.5,1.47
3.42,48,72.193033,16,d17_medium,0,17,closed,0.0,3.4200000000000026
1.47,3,72.195251,16,d19_detour,0,19,closed,0.5,1.47
1.25,35,72.215383,16,d17_medium,0,17,closed,0.0,1.2499999999999998
-2.86,56,72.245533,16,d19_detour,0,19,closed,0.0,-2.8599999999999977
4.08,42,72.26842,16,d15_direct,0,15,open,1.0,4.080000000000003
-1.32,42,72.290828,16,d19_detour,0,19,closed,0.0,-1.320000000000001
3.42,48,72.316888,16,d17_medium,0,17,closed,0.0,3.4200000000000026
4.08,42,72.340578,16,d15_direct,0,15,open,1.0,4.080000000000003
4.02,43,72.364484,16,d15_direct,0,15,open,1.0,4.020000000000002
-1.8,40,72.38571,16,d19_detour,0,19,closed,0.0,-1.8000000000000005
1.47,3,72.38788,16,d17_medium,0,17,closed,0.5,1.47
3.42,48,72.41459,16,d17_medium,0,17,closed,0.0,3.4200000000000026
4.08,42,72.43799,16,d15_direct,0,15,open,1.0,4.080000000000003
4.08,42,72.461232,16,d15_direct,0,15,open,1.0,4.080000000000003
0.55,55,72.490578,16,d19_detour,0,19,closed,0.0,0.5499999999999989
2.04,46,72.515882,16,d19_detour,0,19,closed,0.0,2.0399999999999996
1.66,44,72.539659,16,d17_medium,0,17,closed,0.0,1.6600000000000017
2.04,46,72.564793,16,d19_detour,0,19,closed,0.0,2.040000000000002
4.02,43,72.588731,16,d15_direct,0,15,open,1.0,4.020000000000002
4.08,42,72.612491,16,d15_direct,0,15,open,1.0,4.080000000000003
1.47,3,72.614677,16,d19_detour,0,19,closed,0.5,1.47
-3.09,9,72.620004,16,d17_medium,0,17,closed,0.0,-3.09
4.02,43,72.643825,16,d15_direct,0,15,open,1.0,4.020000000000002
3.42,48,72.669791,16,d17_medium,0,17,closed,0.0,3.4200000000000026
4.08,42,72.693468,16,d15_direct,0,15,open,1.0,4.080000000000003
4.08,42,72.718404,16,d15_direct,0,15,open,1.0,4.080000000000003
-0.26,26,72.732631,16,d19_detour,0,19,closed,0.0,-0.26000000000000023
1.47,3,72.734843,16,d15_direct,0,15,open,0.5,1.47
1.25,35,72.754263,16,d17_medium,0,17,closed,0.0,1.2499999999999998
1.61,39,72.776925,16,d19_detour,0,19,closed,0.0,1.61
1.47,3,72.779105,16,d15_direct,0,15,open,0.5,1.47
2.04,46,72.803779,16,d19_detour,0,19,closed,0.0,2.040000000000002
1.47,3,72.805979,16,d17_medium,0,17,closed,0.5,1.47
3.42,48,72.831828,16,d17_medium,0,17,closed,0.0,3.4200000000000026
4.08,42,72.854926,16,d15_direct,0,15,open,1.0,4.080000000000003
-2.86,56,72.884325,16,d19_detour,0,19,closed,0.0,-2.860000000000001
4.02,43,72.907604,16,d15_direct,0,15,open,1.0,4.020000000000002
1.47,3,72.909761,16,d19_detour,0,19,closed,0.5,1.47
3.42,48,72.938622,16,d17_medium,0,17,closed,0.0,3.4200000000000026
1.47,3,72.942449,16,d17_medium,0,17,closed,0.5,1.47
1.25,35,72.962852,16,d17_medium,0,17,closed,0.0,1.2499999999999998
3.42,48,72.988614,16,d17_medium,0,17,closed,0.0,3.4200000000000026
1.25,35,73.007706,16,d17_medium,0,17,closed,0.0,1.2499999999999998
4.08,42,73.030962,16,d15_direct,0,15,open,1.0,4.080000000000003
1.47,3,73.033122,16,d19_detour,0,19,closed,0.5,1.47
1.47,3,73.035267,16,d15_direct,0,15,open,0.5,1.47
2.09,41,73.058078,16,d19_detour,0,19,closed,0.0,2.09
3.42,48,73.083692,16,d17_medium,0,17,closed,0.0,3.4200000000000026
-0.03,3,73.085815,16,d19_detour,0,19,closed,0.5,-0.030000000000000027
1.25,35,73.104986,16,d17_medium,0,17,closed,0.0,1.2499999999999998
4.08,42,73.129654,16,d15_direct,0,15,open,1.0,4.080000000000003
1.61,39,73.150826,16,d19_detour,0,19,closed,0.0,1.6099999999999997
4.02,43,73.17399,16,d15_direct,0,15,open,1.0,4.020000000000002
3.42,48,73.199698,16,d17_medium,0,17,closed,0.0,3.4200000000000026
4.08,42,73.221938,16,d15_direct,0,15,open,1.0,4.080000000000003
1.69,31,73.238585,16,d15_direct,0,15,open,1.0,1.6899999999999997
3.96,54,73.267128,16,d19_detour,0,19,closed,0.0,3.9600000000000035
1.47,3,73.269296,16,d15_direct,0,15,open,0.5,1.47
4.08,42,73.291721,16,d15_direct,0,15,open,1.0,4.080000000000003
3.96,54,73.533641,16,d19_detour,0,19,closed,0.0,3.9600000000000035
1.47,3,73.535866,16,d19_detour,0,19,closed,0.5,1.47
3.96,54,73.56562,16,d19_detour,0,19,closed,0.0,3.9600000000000035
2.04,46,73.59154,16,d19_detour,0,19,closed,0.0,2.0399999999999996
2.04,46,73.617493,16,d19_detour,0,19,closed,0.0,2.0399999999999996
1.47,3,73.619733,16,d19_detour,0,19,closed,0.5,1.47
2.04,46,73.645951,16,d19_detour,0,19,closed,0.0,2.040000000000002
1.47,3,73.648177,16,d17_medium,0,17,closed,0.5,1.47
1.47,3,73.650353,16,d17_medium,0,17,closed,0.5,1.47
1.26,49,73.67754,16,d17_medium,0,17,closed,0.0,1.2599999999999996
4.02,43,73.701042,16,d15_direct,0,15,open,1.0,4.020000000000002
1.25,35,73.72067,16,d17_medium,0,17,closed,0.0,1.2500000000000002
-3.08,23,73.733477,16,d17_medium,0,17,closed,0.0,-3.08
4.08,42,73.756907,16,d15_direct,0,15,open,1.0,4.080000000000003
4.08,42,73.779758,16,d15_direct,0,15,open,1.0,4.080000000000003
1.25,35,73.798929,16,d17_medium,0,17,closed,0.0,1.2499999999999998
3.42,48,73.825048,16,d17_medium,0,17,closed,0.0,3.4200000000000026
-0.92,22,73.837414,16,d17_medium,0,17,closed,0.0,-0.9200000000000002
-0.03,3,73.83963,16,d19_detour,0,19,closed,0.5,-0.030000000000000027
3.96,54,73.869842,16,d19_detour,0,19,closed,0.0,3.9600000000000035
4.08,42,73.893222,16,d15_direct,0,15,open,1.0,4.080000000000003
1.47,3,73.895401,16,d19_detour,0,19,closed,0.5,1.47
0.55,55,73.925528,16,d19_detour,0,19,closed,0.0,0.5499999999999994
3.42,48,73.952408,16,d17_medium,0,17,closed,0.0,3.4200000000000026
0.11,34,73.970972,16,d19_detour,0,19,closed,0.0,0.10999999999999965
4.08,42,73.994079,16,d15_direct,0,15,open,1.0,4.080000000000003
1.25,35,74.013383,16,d17_medium,0,17,closed,0.0,1.2500000000000002
3.42,48,74.039571,16,d17_medium,0,17,closed,0.0,3.4200000000000026
1.26,49,74.067331,16,d17_medium,0,17,closed,0.0,1.260000000000002
1.47,3,74.069583,16,d15_direct,0,15,open,0.5,1.47
4.08,42,74.092966,16,d15_direct,0,15,open,1.0,4.080000000000003
1.92,43,74.117161,16,d15_direct,0,15,open,1.0,1.9199999999999997
4.08,42,74.140139,16,d15_direct,0,15,open,1.0,4.080000000000003
1.47,3,74.142323,16,d15_direct,0,15,open,0.5,1.47
4.08,42,74.165508,16,d15_direct,0,15,open,1.0,4.080000000000003
4.08,42,74.188763,16,d15_direct,0,15,open,1.0,4.080000000000003
1.47,3,74.191386,16,d17_medium,0,17,closed,0.5,1.47
4.08,42,74.214448,16,d15_direct,0,15,open,1.0,4.080000000000003
1.25,35,74.233558,16,d17_medium,0,17,closed,0.0,1.2500000000000002
-0.92,22,74.245659,16,d17_medium,0,17,closed,0.0,-0.9200000000000002
3.96,54,74.275428,16,d19_detour,0,19,closed,0.0,3.9600000000000035
4.08,42,74.299152,16,d15_direct,0,15,open,1.0,4.080000000000003
-0.92,22,74.311424,16,d17_medium,0,17,closed,0.0,-0.9200000000000002
4.08,42,74.335101,16,d15_direct,0,15,open,1.0,4.080000000000003
1.69,31,74.352459,16,d15_direct,0,15,open,1.0,1.6899999999999997
1.59,41,74.374996,16,d19_detour,0,19,closed,0.0,1.5899999999999996
1.47,3,74.377129,16,d15_direct,0,15,open,0.5,1.47
1.25,35,74.396569,16,d17_medium,0,17,closed,0.0,1.2499999999999998
1.25,35,74.416094,16,d17_medium,0,17,closed,0.0,1.2499999999999998
-2.86,56,74.446378,16,d19_detour,0,19,closed,0.0,-2.8599999999999977
3.96,54,74.477053,16,d19_detour,0,19,closed,0.0,3.9600000000000035
1.25,35,74.49647,16,d17_medium,0,17,closed,0.0,1.2499999999999998
1.25,35,74.515897,16,d17_medium,0,17,closed,0.0,1.2499999999999998
1.47,3,74.518149,16,d15_direct,0,15,open,0.5,1.47
3.42,48,74.544345,16,d17_medium,0,17,closed,0.0,3.4200000000000026
-0.03,3,74.546551,16,d19_detour,0,19,closed,0.5,-0.030000000000000027
1.98,47,74.572067,16,d19_detour,0,19,closed,0.0,1.980000000000001
1.92,43,74.596193,16,d15_direct,0,15,open,1.0,1.9200000000000021
-1.82,42,74.618859,16,d19_detour,0,19,closed,0.0,-1.8200000000000005
1.47,3,74.621087,16,d15_direct,0,15,open,0.5,1.47
3.96,54,74.650784,16,d19_detour,0,19,closed,0.0,3.9600000000000035
4.08,42,74.95828,16,d15_direct,0,15,open,1.0,4.080000000000003
1.75,55,74.989592,16,d19_detour,0,19,closed,0.0,1.7499999999999993
2.09,41,75.014393,16,d19_detour,0,19,closed,0.0,2.09
1.47,3,75.016561,16,d19_detour,0,19,closed,0.5,1.47
4.02,43,75.039845,16,d15_direct,0,15,open,1.0,4.020000000000002
1.47,3,75.04203,16,d19_detour,0,19,closed,0.5,1.47
1.61,39,75.06492,16,d19_detour,0,19,closed,0.0,1.6099999999999997
1.47,3,75.067143,16,d17_medium,0,17,closed,0.5,1.47
1.25,35,75.086936,16,d17_medium,0,17,closed,0.0,1.2499999999999998
1.47,3,75.089109,16,d17_medium,0,17,closed,0.5,1.47
3.96,54,75.117584,16,d19_detour,0,19,closed,0.0,3.9600000000000035
-0.92,22,75.129569,16,d17_medium,0,17,closed,0.0,-0.9200000000000002
4.08,42,75.153148,16,d15_direct,0,15,open,1.0,4.080000000000003
1.47,3,75.155295,16,d19_detour,0,19,closed,0.5,1.47
4.08,42,75.178863,16,d15_direct,0,15,open,1.0,4.080000000000003
1.25,35,75.198434,16,d17_medium,0,17,closed,0.0,1.2499999999999998
3.96,54,75.229276,16,d19_detour,0,19,closed,0.0,3.9600000000000035
1.47,3,75.231453,16,d19_detour,0,19,closed,0.5,1.47
1.47,3,75.233614,16,d19_detour,0,19,closed,0.5,1.47
-3.09,9,75.238954,16,d17_medium,0,17,closed,0.0,-3.09
3.96,54,75.267731,16,d19_detour,0,19,closed,0.0,3.9600000000000035
4.08,42,75.291306,16,d15_direct,0,15,open,1.0,4.080000000000003
1.47,3,75.293472,16,d17_medium,0,17,closed,0.5,1.47
1.26,49,75.320693,16,d17_medium,0,17,closed,0.0,1.260000000000002
-0.31,31,75.338876,16,d19_detour,0,19,closed,0.0,-0.3100000000000003
3.96,54,75.377861,16,d19_detour,0,19,closed,0.0,3.9600000000000035
1.47,3,75.380049,16,d19_detour,0,19,closed,0.5,1.47
3.42,48,75.406541,16,d17_medium,0,17,closed,0.0,3.4200000000000026
-1.37,47,75.432565,16,d19_detour,0,19,closed,0.0,-1.3699999999999968
1.25,35,75.452104,16,d17_medium,0,17,closed,0.0,1.2500000000000002
1.47,3,75.45431,16,d19_detour,0,19,closed,0.5,1.47
1.47,3,75.456458,16,d15_direct,0,15,open,0.5,1.47
3.42,48,75.482313,16,d17_medium,0,17,closed,0.0,3.4200000000000026
-0.91,36,75.501698,16,d17_medium,0,17,closed,0.0,-0.9099999999999999
4.08,42,75.525057,16,d15_direct,0,15,open,1.0,4.080000000000003
3.36,49,75.552556,16,d17_medium,0,17,closed,0.0,3.360000000000003
1.61,39,75.574211,16,d19_detour,0,19,closed,0.0,1.6099999999999997
4.08,42,75.597576,16,d15_direct,0,15,open,1.0,4.080000000000003
1.47,3,75.599763,16,d19_detour,0,19,closed,0.5,1.47
1.47,3,75.601905,16,d15_direct,0,15,open,0.5,1.47
2.09,41,75.623888,16,d19_detour,0,19,closed,0.0,2.09
4.08,42,75.64655,16,d15_direct,0,15,open,1.0,4.080000000000003
3.96,54,75.675442,16,d19_detour,0,19,closed,0.0,3.9600000000000035
1.47,3,75.677607,16,d15_direct,0,15,open,0.5,1.47
-0.92,22,75.690248,16,d17_medium,0,17,closed,0.0,-0.9199999999999997
1.47,3,75.692958,16,d15_direct,0,15,open,0.5,1.47
4.08,42,75.715821,16,d15_direct,0,15,open,1.0,4.080000000000003
4.08,42,75.738869,16,d15_direct,0,15,open,1.0,4.080000000000003
3.9,55,75.768326,16,d19_detour,0,19,closed,0.0,3.900000000000003
1.25,35,75.787575,16,d17_medium,0,17,closed,0.0,1.2499999999999998
1.47,3,75.78987,16,d17_medium,0,17,closed,0.5,1.47
-0.74,24,75.803375,16,d19_detour,0,19,closed,0.0,-0.7399999999999998
4.08,42,75.827958,16,d15_direct,0,15,open,1.0,4.080000000000003
3.9,55,75.857809,16,d19_detour,0,19,closed,0.0,3.900000000000003
4.08,42,75.880577,16,d15_direct,0,15,open,1.0,4.080000000000003
-1.8,40,75.901854,16,d19_detour,0,19,closed,0.0,-1.8000000000000005
4.08,42,75.930604,16,d15_direct,0,15,open,1.0,4.080000000000003
1.47,3,75.932784,16,d19_detour,0,19,closed,0.5,1.47
1.47,3,75.935019,16,d19_detour,0,19,closed,0.5,1.47
1.25,55,75.96508,16,d19_detour,0,19,closed,0.0,1.249999999999999
1.47,3,75.967271,16,d19_detour,0,19,closed,0.5,1.47
1.47,3,75.969423,16,d15_direct,0,15,open,0.5,1.47
1.47,3,75.971608,16,d19_detour,0,19,closed,0.5,1.47
3.96,54,76.000349,16,d19_detour,0,19,closed,0.0,3.9600000000000035
-0.91,36,76.019784,16,d17_medium,0,17,closed,0.0,-0.9100000000000004
4.08,42,76.042958,16,d15_direct,0,15,open,1.0,4.080000000000003
3.96,54,76.071804,16,d19_detour,0,19,closed,0.0,3.9600000000000035
1.47,3,76.074011,16,d17_medium,0,17,closed,0.5,1.47
4.08,42,76.097498,16,d15_direct,0,15,open,1.0,4.080000000000003
1.47,3,76.09968,16,d19_detour,0,19,closed,0.5,1.47
2.04,46,76.368625,16,d19_detour,0,19,closed,0.0,2.0399999999999996
4.08,42,76.391548,16,d15_direct,0,15,open,1.0,4.080000000000003
1.61,39,76.412675,16,d19_detour,0,19,closed,0.0,1.6099999999999997
1.47,3,76.414862,16,d17_medium,0,17,closed,0.5,1.47
-0.92,22,76.427516,16,d17_medium,0,17,closed,0.0,-0.9199999999999997
1.49,56,76.457852,16,d19_detour,0,19,closed,0.0,1.490000000000001
1.25,35,76.477428,16,d17_medium,0,17,closed,0.0,1.2499999999999998
1.25,55,76.507704,16,d19_detour,0,19,closed,0.0,1.2499999999999996
1.47,3,76.509913,16,d17_medium,0,17,closed,0.5,1.47
3.96,54,76.538925,16,d19_detour,0,19,closed,0.0,3.9600000000000035
1.47,3,76.541185,16,d15_direct,0,15,open,0.5,1.47
1.47,3,76.543347,16,d17_medium,0,17,closed,0.5,1.47
-0.92,22,76.555591,16,d17_medium,0,17,closed,0.0,-0.9199999999999997
3.42,48,76.581724,16,d17_medium,0,17,closed,0.0,3.4200000000000026
4.08,42,76.604475,16,d15_direct,0,15,open,1.0,4.080000000000003
1.19,36,76.624117,16,d17_medium,0,17,closed,0.0,1.1900000000000002
3.96,54,76.653965,16,d19_detour,0,19,closed,0.0,3.9600000000000035
1.25,35,76.673551,16,d17_medium,0,17,closed,0.0,1.2499999999999998
3.42,48,76.699568,16,d17_medium,0,17,closed,0.0,3.4200000000000026
4.08,42,76.722381,16,d15_direct,0,15,open,1.0,4.080000000000003
1.25,35,76.742583,16,d17_medium,0,17,closed,0.0,1.2499999999999998
1.25,35,76.761582,16,d17_medium,0,17,closed,0.0,1.2499999999999998
3.9,55,76.791301,16,d19_detour,0,19,closed,0.0,3.900000000000003
1.25,35,76.810438,16,d17_medium,0,17,closed,0.0,1.2499999999999998
3.42,48,76.836229,16,d17_medium,0,17,closed,0.0,3.4200000000000026
-0.92,22,76.84837,16,d17_medium,0,17,closed,0.0,-0.9200000000000002
4.08,42,76.8711,16,d15_direct,0,15,open,1.0,4.080000000000003
1.47,3,76.873278,16,d15_direct,0,15,open,0.5,1.47
1.47,3,76.875469,16,d17_medium,0,17,closed,0.5,1.47
1.25,55,76.90452,16,d19_detour,0,19,closed,0.0,1.25
1.47,3,76.906901,16,d19_detour,0,19,closed,0.5,1.47
1.47,3,76.909261,16,d17_medium,0,17,closed,0.5,1.47
4.02,43,76.932416,16,d15_direct,0,15,open,1.0,4.020000000000002
4.08,42,76.956692,16,d15_direct,0,15,open,1.0,4.080000000000003
1.47,3,76.958882,16,d17_medium,0,17,closed,0.5,1.47
4.08,42,76.98146,16,d15_direct,0,15,open,1.0,4.080000000000003
3.9,55,77.011329,16,d19_detour,0,19,closed,0.0,3.900000000000003
3.42,48,77.037149,16,d17_medium,0,17,closed,0.0,3.4200000000000026
1.47,3,77.039343,16,d17_medium,0,17,closed,0.5,1.47
1.65,55,77.068979,16,d19_detour,0,19,closed,0.0,1.6499999999999992
1.47,3,77.071146,16,d17_medium,0,17,closed,0.5,1.47
1.47,3,77.073311,16,d17_medium,0,17,closed,0.5,1.47
4.08,42,77.095844,16,d15_direct,0,15,open,1.0,4.080000000000003
3.96,54,77.124792,16,d19_detour,0,19,closed,0.0,3.9600000000000035
1.47,3,77.126905,16,d17_medium,0,17,closed,0.5,1.47
1.47,3,77.129085,16,d15_direct,0,15,open,0.5,1.47
3.96,54,77.158666,16,d19_detour,0,19,closed,0.0,3.9600000000000035
4.08,42,77.181549,16,d15_direct,0,15,open,1.0,4.080000000000003
3.96,54,77.210377,16,d19_detour,0,19,closed,0.0,3.9600000000000035
-0.92,22,77.222574,16,d17_medium,0,17,closed,0.0,-0.9200000000000002
1.47,3,77.224817,16,d15_direct,0,15,open,0.5,1.47
4.08,42,77.247796,16,d15_direct,0,15,open,1.0,4.080000000000003
3.96,54,77.276685,16,d19_detour,0,19,closed,0.0,3.9600000000000035
1.47,3,77.278861,16,d17_medium,0,17,closed,0.5,1.47
1.47,3,77.280999,16,d15_direct,0,15,open,0.5,1.47
1.47,3,77.283181,16,d19_detour,0,19,closed,0.5,1.47
1.47,3,77.285342,16,d15_direct,0,15,open,0.5,1.47
3.9,55,77.314628,16,d19_detour,0,19,closed,0.0,3.900000000000003
4.08,42,77.337409,16,d15_direct,0,15,open,1.0,4.080000000000003
4.08,42,77.360396,16,d15_direct,0,15,open,1.0,4.080000000000003
3.36,49,77.387285,16,d17_medium,0,17,closed,0.0,3.360000000000002
0.12,38,77.407418,16,d19_detour,0,19,closed,0.0,0.11999999999999966
1.61,39,77.428716,16,d19_detour,0,19,closed,0.0,1.6099999999999997
4.08,42,77.451312,16,d15_direct,0,15,open,1.0,4.080000000000003
1.47,3,77.453509,16,d19_detour,0,19,closed,0.5,1.47
1.47,3,77.455635,16,d15_direct,0,15,open,0.5,1.47
4.08,42,77.703111,16,d15_direct,0,15,open,1.0,4.080000000000003
1.25,35,77.722999,17,d17_medium,0,17,closed,0.0,1.2500000000000002
1.31,29,77.740604,17,d17_medium,2,17,closed,0.0,1.3099999999999998
2.46,54,77.771017,17,final_d19_open,0,19,open,1.0,2.4599999999999995
2.46,54,77.802191,17,final_d19_closed,0,19,closed,0.0,2.4599999999999995
4.14,36,77.822259,17,d15_direct,2,15,open,1.0,4.140000000000002
2.46,54,77.852756,17,final_d19_open,0,19,open,1.0,2.4599999999999995
0.11,49,77.878463,17,final_d17_open,0,17,open,1.0,0.10999999999999965
2.58,42,77.901255,17,final_d15_open,0,15,open,1.0,2.5799999999999996
2.58,42,77.923206,17,final_d15_open,0,15,open,1.0,2.5799999999999996
4.14,36,77.944579,17,d15_direct,2,15,open,1.0,4.140000000000002
1.92,48,77.969428,17,final_d17_open,0,17,open,1.0,1.9199999999999997
2.28,52,77.996236,17,final_d19_closed,0,19,closed,0.0,2.2799999999999994
1.69,26,78.0123,17,d15_direct,2,15,open,1.0,1.6899999999999997
2.46,54,78.0419,17,final_d19_open,0,19,open,1.0,2.4599999999999995
2.58,42,78.064079,17,final_d15_open,0,15,open,1.0,2.5799999999999996
2.46,54,78.093333,17,final_d19_open,0,19,open,1.0,2.4599999999999995
1.92,48,78.118597,17,final_d17_open,0,17,open,1.0,1.9199999999999997
1.31,29,78.134836,17,d17_medium,2,17,closed,0.0,1.3099999999999998
2.46,54,78.163189,17,final_d19_closed,0,19,closed,0.0,2.4599999999999995
4.14,36,78.183878,17,d15_direct,2,15,open,1.0,4.140000000000002
0.27,43,78.207368,17,final_d15_open,0,15,open,1.0,0.2699999999999996
-0.49,49,78.232713,17,final_d17_open,0,17,open,1.0,-0.4900000000000009
2.46,54,78.260871,17,final_d19_closed,0,19,closed,0.0,2.4599999999999995
-2.95,50,78.287466,17,final_d17_closed,0,17,closed,0.0,-2.95
-0.49,49,78.31368,17,final_d17_open,0,17,open,1.0,-0.4899999999999993
-5.1,45,78.337847,17,final_d15_closed,0,15,closed,0.0,-5.1
3.48,42,78.361868,17,d17_medium,2,17,closed,0.0,3.480000000000002
2.26,54,78.391914,17,final_d19_open,0,19,open,1.0,2.26
1.86,49,78.417993,17,final_d17_closed,0,17,closed,0.0,1.8599999999999997
-5.1,45,78.442585,17,final_d15_closed,0,15,closed,0.0,-5.1
1.8,50,78.469158,17,final_d17_closed,0,17,closed,0.0,1.7999999999999996
-5.1,45,78.493682,17,final_d15_closed,0,15,closed,0.0,-5.1
-5.1,45,78.518448,17,final_d15_closed,0,15,closed,0.0,-5.1
2.52,43,78.54097,17,final_d15_open,0,15,open,1.0,2.5199999999999996
-5.1,45,78.564513,17,final_d15_closed,0,15,closed,0.0,-5.1
2.46,54,78.592848,17,final_d19_closed,0,19,closed,0.0,2.4599999999999995
2.46,54,78.621526,17,final_d19_open,0,19,open,1.0,2.4599999999999995
-0.54,49,78.647959,17,final_d17_closed,0,17,closed,0.0,-0.5399999999999996
-5.1,45,78.671602,17,final_d15_closed,0,15,closed,0.0,-5.1
-0.24,49,78.697464,17,final_d17_open,0,17,open,1.0,-0.2400000000000002
4.14,36,78.717269,17,d15_direct,2,15,open,1.0,4.140000000000002
-2.35,50,78.743495,17,final_d17_closed,0,17,closed,0.0,-2.349999999999997
-5.1,45,78.767218,17,final_d15_closed,0,15,closed,0.0,-5.1
2.46,54,78.795545,17,final_d19_open,0,19,open,1.0,2.4599999999999995
2.46,54,79.061344,17,final_d19_closed,0,19,closed,0.0,2.4599999999999995
2.46,54,79.090793,17,final_d19_open,0,19,open,1.0,2.4599999999999995
4.14,36,79.111143,17,d15_direct,2,15,open,1.0,4.140000000000002
2.14,46,79.135722,17,final_d17_open,0,17,open,1.0,2.1399999999999997
-5.1,45,79.160534,17,final_d15_closed,0,15,closed,0.0,-5.1
3.36,44,79.185064,17,d17_medium,2,17,closed,0.0,3.360000000000002
2.46,54,79.213779,17,final_d19_open,0,19,open,1.0,2.4599999999999995
2.46,54,79.243059,17,final_d19_open,0,19,open,1.0,2.4599999999999995
2.46,54,79.271704,17,final_d19_open,0,19,open,1.0,2.4599999999999995
2.28,52,79.299865,17,final_d19_closed,0,19,closed,0.0,2.2799999999999994
4.02,48,79.326862,17,d19_detour,2,19,closed,0.0,4.020000000000003
-0.54,49,79.352895,17,final_d17_closed,0,17,closed,0.0,-0.5399999999999996
2.58,42,79.375316,17,final_d15_open,0,15,open,1.0,2.5799999999999996
2.46,54,79.403961,17,final_d19_closed,0,19,closed,0.0,2.4599999999999995
1.92,48,79.430249,17,final_d17_closed,0,17,closed,0.0,1.9199999999999997
1.75,25,79.445202,17,d15_direct,2,15,open,1.0,1.7499999999999998
-5.1,45,79.469733,17,final_d15_closed,0,15,closed,0.0,-5.1
4.14,36,79.491076,17,d15_direct,2,15,open,1.0,4.140000000000002
4.14,36,79.514087,17,d15_direct,2,15,open,1.0,4.140000000000002
4.14,36,79.535361,17,d15_direct,2,15,open,1.0,4.140000000000002
4.08,37,79.556347,17,d15_direct,2,15,open,1.0,4.080000000000002
-0.49,49,79.582144,17,final_d17_closed,0,17,closed,0.0,-0.4900000000000009
1.92,48,79.607346,17,final_d17_closed,0,17,closed,0.0,1.9199999999999997
2.58,42,79.629512,17,final_d15_open,0,15,open,1.0,2.5799999999999996
0.1,55,79.657939,17,final_d19_closed,0,19,closed,0.0,0.0999999999999992
0.28,22,79.670427,17,d19_detour,2,19,closed,0.0,0.2799999999999998
1.92,48,79.695683,17,final_d17_closed,0,17,closed,0.0,1.9199999999999997
2.58,42,79.717837,17,final_d15_open,0,15,open,1.0,2.5799999999999996
2.28,52,79.745572,17,final_d19_open,0,19,open,1.0,2.2799999999999994
2.26,54,79.773756,17,final_d19_closed,0,19,closed,0.0,2.26
0.1,55,79.802104,17,final_d19_open,0,19,open,1.0,0.09999999999999942
2.46,54,79.83035,17,final_d19_open,0,19,open,1.0,2.4599999999999995
2.58,42,79.85265,17,final_d15_open,0,15,open,1.0,2.5799999999999996
4.02,48,79.87869,17,d19_detour,2,19,closed,0.0,4.020000000000003
1.92,48,79.904075,17,final_d17_open,0,17,open,1.0,1.9199999999999997
-0.54,49,79.930104,17,final_d17_closed,0,17,closed,0.0,-0.5399999999999996
4.02,48,79.956194,17,d19_detour,2,19,closed,0.0,4.020000000000003
2.46,54,79.985198,17,final_d19_open,0,19,open,1.0,2.4599999999999995
-0.34,49,80.011083,17,final_d17_open,0,17,open,1.0,-0.3400000000000003
0.11,49,80.037024,17,final_d17_closed,0,17,closed,0.0,0.10999999999999988
4.14,36,80.057092,17,d15_direct,2,15,open,1.0,4.140000000000002
2.58,42,80.079618,17,final_d15_open,0,15,open,1.0,2.5799999999999996
2.46,54,80.108036,17,final_d19_closed,0,19,closed,0.0,2.4599999999999995
2.14,46,80.132719,17,final_d17_open,0,17,open,1.0,2.1399999999999997
1.92,48,80.385751,17,final_d17_closed,0,17,closed,0.0,1.9199999999999997
4.14,36,80.406431,17,d15_direct,2,15,open,1.0,4.140000000000002
-5.1,45,80.431416,17,final_d15_closed,0,15,closed,0.0,-5.1
1.75,25,80.445796,17,d15_direct,2,15,open,1.0,1.7499999999999998
4.14,36,80.466197,17,d15_direct,2,15,open,1.0,4.140000000000002
-5.1,45,80.490271,17,final_d15_closed,0,15,closed,0.0,-5.1
4.14,36,80.511167,17,d15_direct,2,15,open,1.0,4.140000000000002
2.46,54,80.540174,17,final_d19_open,0,19,open,1.0,2.4599999999999995
2.46,54,80.568713,17,final_d19_open,0,19,open,1.0,2.4599999999999995
3.48,42,80.591897,17,d17_medium,2,17,closed,0.0,3.480000000000002
-2.5,50,80.617911,17,final_d17_closed,0,17,closed,0.0,-2.4999999999999996
1.67,33,80.636355,17,d19_detour,2,19,closed,0.0,1.6699999999999997
2.46,54,80.665392,17,final_d19_open,0,19,open,1.0,2.4599999999999995
1.92,48,80.691731,17,final_d17_closed,0,17,closed,0.0,1.9199999999999997
1.31,29,80.708387,17,d17_medium,2,17,closed,0.0,1.3099999999999998
3.48,42,80.73381,17,d17_medium,2,17,closed,0.0,3.480000000000002
1.92,48,80.759786,17,final_d17_open,0,17,open,1.0,1.9199999999999997
-5.1,45,80.785274,17,final_d15_closed,0,15,closed,0.0,-5.1
2.46,54,80.814172,17,final_d19_open,0,19,open,1.0,2.4599999999999995
1.67,33,80.832514,17,d19_detour,2,19,closed,0.0,1.6699999999999997
3.48,42,80.855874,17,d17_medium,2,17,closed,0.0,3.480000000000002
4.14,36,80.876318,17,d15_direct,2,15,open,1.0,4.140000000000002
-5.1,45,80.900687,17,final_d15_closed,0,15,closed,0.0,-5.1
2.46,54,80.92946,17,final_d19_closed,0,19,closed,0.0,2.4599999999999995
3.48,42,80.953459,17,d17_medium,2,17,closed,0.0,3.480000000000002
1.31,29,80.970714,17,d17_medium,2,17,closed,0.0,1.3099999999999998
2.46,54,80.999334,17,final_d19_open,0,19,open,1.0,2.4599999999999995
-0.09,49,81.026146,17,final_d17_closed,0,17,closed,0.0,-0.09000000000000052
-5.1,45,81.050832,17,final_d15_closed,0,15,closed,0.0,-5.1
2.15,35,81.070807,17,d19_detour,2,19,closed,0.0,2.1500000000000004
2.46,54,81.100436,17,final_d19_closed,0,19,closed,0.0,2.4599999999999995
3.48,42,81.124048,17,d17_medium,2,17,closed,0.0,3.480000000000002
4.14,36,81.144171,17,d15_direct,2,15,open,1.0,4.140000000000002
-0.49,49,81.169773,17,final_d17_open,0,17,open,1.0,-0.49000000000000044
1.92,48,81.195249,17,final_d17_open,0,17,open,1.0,1.9199999999999997
1.92,48,81.221468,17,final_d17_open,0,17,open,1.0,1.9199999999999997
3.48,42,81.245215,17,d17_medium,2,17,closed,0.0,3.480000000000002
4.14,36,81.265433,17,d15_direct,2,15,open,1.0,4.140000000000002
2.58,42,81.287997,17,final_d15_open,0,15,open,1.0,2.5799999999999996
2.46,54,81.316541,17,final_d19_open,0,19,open,1.0,2.4599999999999995
2.4,55,81.345805,17,final_d19_open,0,19,open,1.0,2.3999999999999995
-5.1,45,81.370105,17,final_d15_closed,0,15,closed,0.0,-5.1
2.46,54,81.398752,17,final_d19_open,0,19,open,1.0,2.4599999999999995
2.46,54,81.428374,17,final_d19_closed,0,19,closed,0.0,2.4599999999999995
3.48,42,81.451751,17,d17_medium,2,17,closed,0.0,3.480000000000002
2.46,54,81.480139,17,final_d19_open,0,19,open,1.0,2.4599999999999995
1.92,48,81.721686,17,final_d17_open,0,17,open,1.0,1.9199999999999997
1.92,48,81.748979,17,final_d17_open,0,17,open,1.0,1.9199999999999997
-5.1,45,81.777356,17,final_d15_closed,0,15,closed,0.0,-5.1
2.28,52,81.80428,17,final_d19_closed,0,19,closed,0.0,2.2799999999999994
-4.75,45,81.828154,17,final_d15_closed,0,15,closed,0.0,-4.75
-5.1,45,81.852342,17,final_d15_closed,0,15,closed,0.0,-5.1
1.92,48,81.877758,17,final_d17_closed,0,17,closed,0.0,1.9199999999999997
-5.1,45,81.905172,17,final_d15_closed,0,15,closed,0.0,-5.1
2.22,53,81.934857,17,final_d19_closed,0,19,closed,0.0,2.2199999999999998
2.46,54,81.964012,17,final_d19_closed,0,19,closed,0.0,2.4599999999999995
2.28,52,81.991975,17,final_d19_closed,0,19,closed,0.0,2.2799999999999994
-5.1,45,82.015763,17,final_d15_closed,0,15,closed,0.0,-5.1
2.28,52,82.043479,17,final_d19_closed,0,19,closed,0.0,2.2799999999999994
3.48,42,82.066876,17,d17_medium,2,17,closed,0.0,3.480000000000002
2.46,54,82.094909,17,final_d19_closed,0,19,closed,0.0,2.4599999999999995
4.14,36,82.114726,17,d15_direct,2,15,open,1.0,4.140000000000002
-0.43,53,82.142058,17,final_d19_open,0,19,open,1.0,-0.4300000000000004
-5.1,45,82.16642,17,final_d15_closed,0,15,closed,0.0,-5.1
0.12,43,82.188685,17,final_d15_open,0,15,open,1.0,0.11999999999999922
1.31,29,82.204745,17,d17_medium,2,17,closed,0.0,1.3099999999999998
1.92,48,82.230492,17,final_d17_closed,0,17,closed,0.0,1.9199999999999997
-5.1,45,82.254045,17,final_d15_closed,0,15,closed,0.0,-5.1
2.4,55,82.284747,17,final_d19_open,0,19,open,1.0,2.3999999999999995
1.92,48,82.310104,17,final_d17_closed,0,17,closed,0.0,1.9199999999999997
1.92,48,82.335359,17,final_d17_open,0,17,open,1.0,1.9199999999999997
-5.1,45,82.359256,17,final_d15_closed,0,15,closed,0.0,-5.1
2.28,52,82.386914,17,final_d19_open,0,19,open,1.0,2.2799999999999994
1.92,48,82.412391,17,final_d17_open,0,17,open,1.0,1.9199999999999997
2.46,54,82.440698,17,final_d19_closed,0,19,closed,0.0,2.4599999999999995
0.1,55,82.470224,17,final_d19_open,0,19,open,1.0,0.09999999999999942
-5.0,45,82.49444,17,final_d15_closed,0,15,closed,0.0,-5.0
-0.25,25,82.508586,17,d19_detour,2,19,closed,0.0,-0.2500000000000002
-5.1,45,82.532531,17,final_d15_closed,0,15,closed,0.0,-5.1
-5.1,45,82.557168,17,final_d15_closed,0,15,closed,0.0,-5.1
2.28,52,82.585029,17,final_d19_open,0,19,open,1.0,2.2799999999999994
1.92,48,82.610324,17,final_d17_open,0,17,open,1.0,1.9199999999999997
1.92,48,82.635796,17,final_d17_open,0,17,open,1.0,1.9199999999999997
1.73,37,82.656327,17,d15_direct,2,15,open,1.0,1.7299999999999998
-0.54,49,82.6822,17,final_d17_closed,0,17,closed,0.0,-0.5400000000000003
3.48,42,82.705264,17,d17_medium,2,17,closed,0.0,3.480000000000002
4.14,36,82.725529,17,d15_direct,2,15,open,1.0,4.140000000000002
-5.1,45,82.749504,17,final_d15_closed,0,15,closed,0.0,-5.1
-4.75,45,82.774423,17,final_d15_closed,0,15,closed,0.0,-4.75
2.46,54,82.803325,17,final_d19_open,0,19,open,1.0,2.4599999999999995
2.28,52,83.040532,17,final_d19_closed,0,19,closed,0.0,2.2799999999999994
4.14,36,83.060626,17,d15_direct,2,15,open,1.0,4.140000000000002
1.86,49,83.086857,17,final_d17_open,0,17,open,1.0,1.8599999999999997
-5.1,45,83.110709,17,final_d15_closed,0,15,closed,0.0,-5.1
2.15,35,83.130051,17,d19_detour,2,19,closed,0.0,2.1499999999999995
2.46,54,83.158181,17,final_d19_closed,0,19,closed,0.0,2.4599999999999995
4.14,36,83.177943,17,d15_direct,2,15,open,1.0,4.140000000000002
1.92,48,83.203293,17,final_d17_closed,0,17,closed,0.0,1.9199999999999997
1.92,48,83.228377,17,final_d17_open,0,17,open,1.0,1.9199999999999997
2.14,46,83.253166,17,final_d17_open,0,17,open,1.0,2.1399999999999997
2.28,52,83.281547,17,final_d19_open,0,19,open,1.0,2.2799999999999994
2.28,52,83.310055,17,final_d19_closed,0,19,closed,0.0,2.2799999999999994
1.92,48,83.335391,17,final_d17_open,0,17,open,1.0,1.9199999999999997
2.28,52,83.363105,17,final_d19_closed,0,19,closed,0.0,2.2799999999999994
1.92,48,83.388611,17,final_d17_closed,0,17,closed,0.0,1.9199999999999997
-0.24,49,83.414946,17,final_d17_closed,0,17,closed,0.0,-0.24000000000000044
3.48,42,83.438221,17,d17_medium,2,17,closed,0.0,3.480000000000002
2.26,54,83.46777,17,final_d19_closed,0,19,closed,0.0,2.26
4.14,36,83.488418,17,d15_direct,2,15,open,1.0,4.140000000000002
1.92,48,83.514565,17,final_d17_open,0,17,open,1.0,1.9199999999999997
2.46,54,83.543868,17,final_d19_open,0,19,open,1.0,2.4599999999999995
4.02,48,83.570799,17,d19_detour,2,19,closed,0.0,4.020000000000003
3.48,42,83.594718,17,d17_medium,2,17,closed,0.0,3.480000000000002
4.14,36,83.615017,17,d15_direct,2,15,open,1.0,4.140000000000002
-5.1,45,83.638969,17,final_d15_closed,0,15,closed,0.0,-5.1
4.02,48,83.665401,17,d19_detour,2,19,closed,0.0,4.020000000000003
1.92,48,83.690939,17,final_d17_closed,0,17,closed,0.0,1.9199999999999997
-5.1,45,83.715005,17,final_d15_closed,0,15,closed,0.0,-5.1
-0.54,49,83.741206,17,final_d17_closed,0,17,closed,0.0,-0.5399999999999996
2.1,40,83.763103,17,d19_detour,2,19,closed,0.0,2.0999999999999996
2.26,54,83.791641,17,final_d19_closed,0,19,closed,0.0,2.26
1.31,29,83.808131,17,d17_medium,2,17,closed,0.0,1.3099999999999998
3.48,42,83.831548,17,d17_medium,2,17,closed,0.0,3.480000000000002
2.46,54,83.860704,17,final_d19_open,0,19,open,1.0,2.4599999999999995
1.92,48,83.886292,17,final_d17_open,0,17,open,1.0,1.9199999999999997
1.92,48,83.912801,17,final_d17_open,0,17,open,1.0,1.9199999999999997
-5.1,45,83.937834,17,final_d15_closed,0,15,closed,0.0,-5.1
-0.64,14,83.946543,17,d15_direct,2,15,open,1.0,-0.6400000000000001
0.1,55,83.976832,17,final_d19_closed,0,19,closed,0.0,0.09999999999999942
1.92,48,84.002544,17,final_d17_open,0,17,open,1.0,1.9199999999999997
-5.1,45,84.027243,17,final_d15_closed,0,15,closed,0.0,-5.1
4.14,36,84.048119,17,d15_direct,2,15,open,1.0,4.140000000000002
4.14,36,84.068808,17,d15_direct,2,15,open,1.0,4.140000000000002
-5.1,45,84.093086,17,final_d15_closed,0,15,closed,0.0,-5.1
4.14,36,84.113274,17,d15_direct,2,15,open,1.0,4.140000000000002
2.58,42,84.13569,17,final_d15_open,0,15,open,1.0,2.5799999999999996
2.46,54,84.373816,17,final_d19_open,0,19,open,1.0,2.4599999999999995
-0.51,56,84.40314,17,final_d19_open,0,19,open,1.0,-0.5099999999999973
2.28,52,84.430566,17,final_d19_open,0,19,open,1.0,2.2799999999999994
3.48,42,84.454152,17,d17_medium,2,17,closed,0.0,3.480000000000002
1.92,48,84.479646,17,final_d17_open,0,17,open,1.0,1.9199999999999997
1.92,48,84.505352,17,final_d17_open,0,17,open,1.0,1.9199999999999997
1.86,49,84.531427,17,final_d17_closed,0,17,closed,0.0,1.8599999999999997
1.92,48,84.557601,17,final_d17_closed,0,17,closed,0.0,1.9199999999999997
-5.1,45,84.581552,17,final_d15_closed,0,15,closed,0.0,-5.1
2.46,54,84.609911,17,final_d19_open,0,19,open,1.0,2.4599999999999995
-0.05,55,84.638391,17,final_d19_closed,0,19,closed,0.0,-0.05000000000000049
4.14,36,84.658635,17,d15_direct,2,15,open,1.0,4.140000000000002
2.58,42,84.680502,17,final_d15_open,0,15,open,1.0,2.5799999999999996
-0.54,49,84.706676,17,final_d17_closed,0,17,closed,0.0,-0.5399999999999996
1.92,48,84.731777,17,final_d17_open,0,17,open,1.0,1.9199999999999997
-5.1,45,84.756358,17,final_d15_closed,0,15,closed,0.0,-5.1
2.46,54,84.78492,17,final_d19_open,0,19,open,1.0,2.4599999999999995
1.31,29,84.801359,17,d17_medium,2,17,closed,0.0,1.3099999999999998
1.92,48,84.827056,17,final_d17_open,0,17,open,1.0,1.9199999999999997
2.58,42,84.849348,17,final_d15_open,0,15,open,1.0,2.5799999999999996
1.92,48,84.874665,17,final_d17_closed,0,17,closed,0.0,1.9199999999999997
3.48,42,84.897647,17,d17_medium,2,17,closed,0.0,3.480000000000002
-0.15,55,84.926209,17,final_d19_closed,0,19,closed,0.0,-0.15000000000000058
-0.2,20,84.938273,17,d19_detour,2,19,closed,0.0,-0.20000000000000018
2.1,50,84.964479,17,final_d19_open,0,19,open,1.0,2.0999999999999996
4.14,36,84.984347,17,d15_direct,2,15,open,1.0,4.140000000000002
3.48,42,85.007409,17,d17_medium,2,17,closed,0.0,3.480000000000002
3.48,42,85.030539,17,d17_medium,2,17,closed,0.0,3.480000000000002
2.15,35,85.050257,17,d19_detour,2,19,closed,0.0,2.1500000000000004
-5.1,45,85.075135,17,final_d15_closed,0,15,closed,0.0,-5.1
-0.25,55,85.103618,17,final_d19_open,0,19,open,1.0,-0.25000000000000044
-0.0,55,85.132158,17,final_d19_open,0,19,open,1.0,-8.881784197001252e-16
1.92,48,85.157276,17,final_d17_open,0,17,open,1.0,1.9199999999999997
4.02,48,85.183959,17,d19_detour,2,19,closed,0.0,4.020000000000003
4.08,37,85.204242,17,d15_direct,2,15,open,1.0,4.080000000000002
2.46,54,85.232549,17,final_d19_open,0,19,open,1.0,2.4599999999999995
2.46,54,85.260716,17,final_d19_open,0,19,open,1.0,2.4599999999999995
2.28,52,85.288331,17,final_d19_open,0,19,open,1.0,2.2799999999999994
4.14,36,85.309279,17,d15_direct,2,15,open,1.0,4.140000000000002
2.28,52,85.337527,17,final_d19_closed,0,19,closed,0.0,2.2799999999999994
1.92,48,85.36322,17,final_d17_closed,0,17,closed,0.0,1.9199999999999997
2.58,42,85.38606,17,final_d15_open,0,15,open,1.0,2.5799999999999996
4.14,36,85.406038,17,d15_direct,2,15,open,1.0,4.140000000000002
4.14,36,85.426176,17,d15_direct,2,15,open,1.0,4.140000000000002
1.67,33,85.444747,17,d19_detour,2,19,closed,0.0,1.6699999999999997
1.67,33,85.46377,17,d19_detour,2,19,closed,0.0,1.6699999999999997
-0.2,55,85.72124,17,final_d19_closed,0,19,closed,0.0,-0.20000000000000107
1.92,48,85.746992,17,final_d17_open,0,17,open,1.0,1.9199999999999997
1.67,33,85.766005,17,d19_detour,2,19,closed,0.0,1.6699999999999997
4.14,36,85.786132,17,d15_direct,2,15,open,1.0,4.140000000000002
2.46,54,85.814828,17,final_d19_closed,0,19,closed,0.0,2.4599999999999995
1.92,48,85.840569,17,final_d17_open,0,17,open,1.0,1.9199999999999997
-2.39,54,85.869086,17,final_d19_closed,0,19,closed,0.0,-2.3900000000000006
1.92,48,85.894718,17,final_d17_open,0,17,open,1.0,1.9199999999999997
3.96,49,85.921575,17,d19_detour,2,19,closed,0.0,3.9600000000000026
1.92,48,85.947797,17,final_d17_closed,0,17,closed,0.0,1.9199999999999997
1.92,48,85.973461,17,final_d17_closed,0,17,closed,0.0,1.9199999999999997
-4.8,45,85.997959,17,final_d15_closed,0,15,closed,0.0,-4.799999999999998
3.96,49,86.025462,17,d19_detour,2,19,closed,0.0,3.9600000000000026
3.48,42,86.048961,17,d17_medium,2,17,closed,0.0,3.480000000000002
1.92,48,86.074522,17,final_d17_closed,0,17,closed,0.0,1.9199999999999997
4.02,48,86.100878,17,d19_detour,2,19,closed,0.0,4.020000000000003
2.52,43,86.124864,17,final_d15_open,0,15,open,1.0,2.5199999999999996
-5.1,45,86.15059,17,final_d15_closed,0,15,closed,0.0,-5.1
1.92,48,86.176134,17,final_d17_open,0,17,open,1.0,1.9199999999999997
2.46,54,86.204523,17,final_d19_closed,0,19,closed,0.0,2.4599999999999995
2.46,54,86.233561,17,final_d19_open,0,19,open,1.0,2.4599999999999995
4.14,36,86.253817,17,d15_direct,2,15,open,1.0,4.140000000000002
4.14,36,86.274272,17,d15_direct,2,15,open,1.0,4.140000000000002
4.14,36,86.294729,17,d15_direct,2,15,open,1.0,4.140000000000002
1.92,48,86.32024,17,final_d17_closed,0,17,closed,0.0,1.9199999999999997
4.14,36,86.341436,17,d15_direct,2,15,open,1.0,4.140000000000002
3.48,42,86.366464,17,d17_medium,2,17,closed,0.0,3.480000000000002
-0.49,49,86.392682,17,final_d17_closed,0,17,closed,0.0,-0.49000000000000044
3.48,42,86.417477,17,d17_medium,2,17,closed,0.0,3.480000000000002
4.02,48,86.445013,17,d19_detour,2,19,closed,0.0,4.020000000000003
1.92,48,86.471251,17,final_d17_closed,0,17,closed,0.0,1.9199999999999997
-2.56,56,86.501244,17,final_d19_closed,0,19,closed,0.0,-2.559999999999997
2.46,54,86.530499,17,final_d19_closed,0,19,closed,0.0,2.4599999999999995
3.96,49,86.557904,17,d19_detour,2,19,closed,0.0,3.9600000000000026
-5.1,45,86.583468,17,final_d15_closed,0,15,closed,0.0,-5.1
2.46,54,86.613179,17,final_d19_closed,0,19,closed,0.0,2.4599999999999995
4.14,36,86.633488,17,d15_direct,2,15,open,1.0,4.140000000000002
4.14,36,86.654324,17,d15_direct,2,15,open,1.0,4.140000000000002
2.58,42,86.677265,17,final_d15_open,0,15,open,1.0,2.5799999999999996
4.14,36,86.697721,17,d15_direct,2,15,open,1.0,4.140000000000002
-5.1,45,86.722241,17,final_d15_closed,0,15,closed,0.0,-5.1
4.14,36,86.742625,17,d15_direct,2,15,open,1.0,4.140000000000002
2.58,42,86.765653,17,final_d15_open,0,15,open,1.0,2.5799999999999996
-0.25,55,86.795386,17,final_d19_open,0,19,open,1.0,-0.24999999999999933
0.11,49,87.036615,17,final_d17_open,0,17,open,1.0,0.10999999999999965
0.37,43,87.060012,17,final_d15_open,0,15,open,1.0,0.36999999999999966
2.58,42,87.083609,17,final_d15_open,0,15,open,1.0,2.5799999999999996
0.33,47,87.108792,17,final_d17_open,0,17,open,1.0,0.3299999999999996
2.26,54,87.138797,17,final_d19_closed,0,19,closed,0.0,2.26
3.48,42,87.162234,17,d17_medium,2,17,closed,0.0,3.480000000000002
2.58,42,87.185938,17,final_d15_open,0,15,open,1.0,2.5799999999999996
2.51,49,87.213703,17,d19_detour,2,19,closed,0.0,2.5100000000000033
-4.8,45,87.239804,17,final_d15_closed,0,15,closed,0.0,-4.799999999999999
-5.0,45,87.263923,17,final_d15_closed,0,15,closed,0.0,-5.0
-2.0,50,87.291003,17,final_d17_open,0,17,open,1.0,-1.9999999999999976
2.58,42,87.314265,17,final_d15_open,0,15,open,1.0,2.5799999999999996
0.11,49,87.340866,17,final_d17_open,0,17,open,1.0,0.10999999999999965
0.11,49,87.368262,17,final_d17_open,0,17,open,1.0,0.10999999999999965
2.58,42,87.390966,17,final_d15_open,0,15,open,1.0,2.5799999999999996
-5.1,45,87.415312,17,final_d15_closed,0,15,closed,0.0,-5.1
1.92,48,87.441347,17,final_d17_open,0,17,open,1.0,1.9199999999999997
2.46,54,87.470254,17,final_d19_closed,0,19,closed,0.0,2.4599999999999995
4.08,37,87.49134,17,d15_direct,2,15,open,1.0,4.080000000000002
-5.1,45,87.515854,17,final_d15_closed,0,15,closed,0.0,-5.1
1.61,34,87.535119,17,d19_detour,2,19,closed,0.0,1.6099999999999997
-0.15,55,87.565623,17,final_d19_closed,0,19,closed,0.0,-0.15000000000000058
1.92,48,87.591722,17,final_d17_open,0,17,open,1.0,1.9199999999999997
4.08,37,87.612918,17,d15_direct,2,15,open,1.0,4.080000000000002
1.92,48,87.638984,17,final_d17_open,0,17,open,1.0,1.9199999999999997
3.48,42,87.663205,17,d17_medium,2,17,closed,0.0,3.480000000000002
-4.8,45,87.687886,17,final_d15_closed,0,15,closed,0.0,-4.799999999999999
0.11,49,87.714751,17,final_d17_closed,0,17,closed,0.0,0.10999999999999965
1.86,49,87.741456,17,final_d17_open,0,17,open,1.0,1.8599999999999997
4.14,36,87.762859,17,d15_direct,2,15,open,1.0,4.140000000000002
1.92,48,87.788768,17,final_d17_open,0,17,open,1.0,1.9199999999999997
2.46,54,87.818151,17,final_d19_closed,0,19,closed,0.0,2.4599999999999995
2.58,42,87.841396,17,final_d15_open,0,15,open,1.0,2.5799999999999996
-0.49,49,87.868973,17,final_d17_closed,0,17,closed,0.0,-0.4899999999999993
2.46,54,87.898972,17,final_d19_open,0,19,open,1.0,2.4599999999999995
1.92,48,87.92591,17,final_d17_open,0,17,open,1.0,1.9199999999999997
-4.75,45,87.951789,17,final_d15_closed,0,15,closed,0.0,-4.749999999999998
-0.54,49,87.979991,17,final_d17_closed,0,17,closed,0.0,-0.5400000000000009
3.48,42,88.00362,17,d17_medium,2,17,closed,0.0,3.480000000000002
2.26,54,88.035814,17,final_d19_closed,0,19,closed,0.0,2.26
2.46,54,88.065789,17,final_d19_closed,0,19,closed,0.0,2.4599999999999995
-2.16,56,88.096118,17,final_d19_open,0,19,open,1.0,-2.16
1.69,26,88.111305,17,d15_direct,2,15,open,1.0,1.6899999999999997
2.46,54,88.141242,17,final_d19_open,0,19,open,1.0,2.4599999999999995
4.14,36,88.161865,17,d15_direct,2,15,open,1.0,4.140000000000002
-5.1,45,88.405874,17,final_d15_closed,0,15,closed,0.0,-5.1
-4.75,45,88.431012,17,final_d15_closed,0,15,closed,0.0,-4.749999999999998
4.14,36,88.451663,17,d15_direct,2,15,open,1.0,4.140000000000002
-5.1,45,88.475908,17,final_d15_closed,0,15,closed,0.0,-5.1
-0.25,55,88.50574,17,final_d19_open,0,19,open,1.0,-0.25000000000000044
3.48,42,88.529166,17,d17_medium,2,17,closed,0.0,3.480000000000002
1.75,25,88.543706,17,d15_direct,2,15,open,1.0,1.7499999999999998
2.58,42,88.570225,17,final_d15_open,0,15,open,1.0,2.5799999999999996
2.26,54,88.601139,17,final_d19_open,0,19,open,1.0,2.26
-5.1,45,88.625445,17,final_d15_closed,0,15,closed,0.0,-5.1
1.92,48,88.651218,17,final_d17_closed,0,17,closed,0.0,1.9199999999999997
1.92,48,88.676724,17,final_d17_closed,0,17,closed,0.0,1.9199999999999997
4.02,48,88.702901,17,d19_detour,2,19,closed,0.0,4.020000000000003
3.48,42,88.72674,17,d17_medium,2,17,closed,0.0,3.480000000000002
-0.49,49,88.752549,17,final_d17_closed,0,17,closed,0.0,-0.49000000000000044
3.48,42,88.777244,17,d17_medium,2,17,closed,0.0,3.480000000000002
1.92,48,88.803663,17,final_d17_closed,0,17,closed,0.0,1.9199999999999997
4.14,36,88.824003,17,d15_direct,2,15,open,1.0,4.140000000000002
-0.45,55,88.852419,17,final_d19_closed,0,19,closed,0.0,-0.4500000000000004
-0.25,55,88.886255,17,final_d19_closed,0,19,closed,0.0,-0.25000000000000044
2.58,42,88.910636,17,final_d15_open,0,15,open,1.0,2.5799999999999996
1.67,33,88.929504,17,d19_detour,2,19,closed,0.0,1.6699999999999997
2.58,42,88.952589,17,final_d15_open,0,15,open,1.0,2.5799999999999996
3.48,42,88.976185,17,d17_medium,2,17,closed,0.0,3.480000000000002
1.92,48,89.001987,17,final_d17_closed,0,17,closed,0.0,1.9199999999999997
1.92,48,89.027844,17,final_d17_closed,0,17,closed,0.0,1.9199999999999997
-5.1,45,89.052416,17,final_d15_closed,0,15,closed,0.0,-5.1
1.92,48,89.078964,17,final_d17_closed,0,17,closed,0.0,1.9199999999999997
1.92,48,89.104741,17,final_d17_closed,0,17,closed,0.0,1.9199999999999997
2.46,54,89.133528,17,final_d19_closed,0,19,closed,0.0,2.4599999999999995
4.14,36,89.154303,17,d15_direct,2,15,open,1.0,4.140000000000002
-5.1,45,89.178528,17,final_d15_closed,0,15,closed,0.0,-5.1
-5.1,45,89.20316,17,final_d15_closed,0,15,closed,0.0,-5.1
0.37,43,89.226254,17,final_d15_open,0,15,open,1.0,0.36999999999999966
1.92,48,89.251943,17,final_d17_open,0,17,open,1.0,1.9199999999999997
4.14,36,89.272515,17,d15_direct,2,15,open,1.0,4.140000000000002
1.92,48,89.298388,17,final_d17_open,0,17,open,1.0,1.9199999999999997
0.1,55,89.327537,17,final_d19_closed,0,19,closed,0.0,0.0999999999999992
2.28,52,89.356396,17,final_d19_closed,0,19,closed,0.0,2.2799999999999994
3.48,42,89.380547,17,d17_medium,2,17,closed,0.0,3.480000000000002
1.92,48,89.406524,17,final_d17_open,0,17,open,1.0,1.9199999999999997
4.14,36,89.427886,17,d15_direct,2,15,open,1.0,4.140000000000002
-5.0,45,89.452425,17,final_d15_closed,0,15,closed,0.0,-5.0
-0.25,55,89.481277,17,final_d19_open,0,19,open,1.0,-0.2500000000000011
3.48,42,89.50449,17,d17_medium,2,17,closed,0.0,3.480000000000002
2.46,54,89.753803,17,final_d19_open,0,19,open,1.0,2.4599999999999995
2.26,54,89.783392,17,final_d19_open,0,19,open,1.0,2.26
-0.2,55,89.813341,17,final_d19_open,0,19,open,1.0,-0.20000000000000062
2.58,42,89.837006,17,final_d15_open,0,15,open,1.0,2.5799999999999996
3.48,42,89.860899,17,d17_medium,2,17,closed,0.0,3.480000000000002
-2.9,50,89.88849,17,final_d17_closed,0,17,closed,0.0,-2.900000000000001
1.92,48,89.914716,17,final_d17_closed,0,17,closed,0.0,1.9199999999999997
4.14,36,89.9355,17,d15_direct,2,15,open,1.0,4.140000000000002
4.14,36,89.956753,17,d15_direct,2,15,open,1.0,4.140000000000002
2.46,54,89.985881,17,final_d19_open,0,19,open,1.0,2.4599999999999995
4.02,48,90.012637,17,d19_detour,2,19,closed,0.0,4.020000000000003
-4.8,45,90.03715,17,final_d15_closed,0,15,closed,0.0,-4.799999999999999
2.46,54,90.067053,17,final_d19_closed,0,19,closed,0.0,2.4599999999999995
3.48,42,90.090858,17,d17_medium,2,17,closed,0.0,3.480000000000002
1.92,48,90.117412,17,final_d17_closed,0,17,closed,0.0,1.9199999999999997
-0.25,55,90.146933,17,final_d19_open,0,19,open,1.0,-0.25000000000000044
4.14,36,90.167517,17,d15_direct,2,15,open,1.0,4.140000000000002
3.96,49,90.194841,17,d19_detour,2,19,closed,0.0,3.9600000000000026
1.92,48,90.221523,17,final_d17_closed,0,17,closed,0.0,1.9199999999999997
2.58,42,90.245181,17,final_d15_open,0,15,open,1.0,2.5799999999999996
2.58,42,90.268552,17,final_d15_open,0,15,open,1.0,2.5799999999999996
2.46,54,90.298166,17,final_d19_closed,0,19,closed,0.0,2.4599999999999995
-5.1,45,90.322888,17,final_d15_closed,0,15,closed,0.0,-5.1
2.58,42,90.345855,17,final_d15_open,0,15,open,1.0,2.5799999999999996
1.72,38,90.367786,17,d17_medium,2,17,closed,0.0,1.7199999999999998
-0.49,49,90.394786,17,final_d17_closed,0,17,closed,0.0,-0.49000000000000044
1.92,48,90.421263,17,final_d17_closed,0,17,closed,0.0,1.9199999999999997
2.58,42,90.444803,17,final_d15_open,0,15,open,1.0,2.5799999999999996
0.1,55,90.475614,17,final_d19_closed,0,19,closed,0.0,0.09999999999999942
2.46,54,90.50491,17,final_d19_closed,0,19,closed,0.0,2.4599999999999995
3.48,42,90.529862,17,d17_medium,2,17,closed,0.0,3.480000000000002
2.26,54,90.558852,17,final_d19_open,0,19,open,1.0,2.26
2.46,54,90.587451,17,final_d19_closed,0,19,closed,0.0,2.4599999999999995
4.02,48,90.614038,17,d19_detour,2,19,closed,0.0,4.020000000000003
2.46,54,90.64278,17,final_d19_open,0,19,open,1.0,2.4599999999999995
3.48,42,90.66694,17,d17_medium,2,17,closed,0.0,3.480000000000002
3.48,42,90.690423,17,d17_medium,2,17,closed,0.0,3.480000000000002
2.46,54,90.71925,17,final_d19_closed,0,19,closed,0.0,2.4599999999999995
3.48,42,90.742466,17,d17_medium,2,17,closed,0.0,3.480000000000002
3.48,42,90.765905,17,d17_medium,2,17,closed,0.0,3.480000000000002
-0.09,49,90.792021,17,final_d17_open,0,17,open,1.0,-0.09000000000000052
2.46,54,90.82109,17,final_d19_closed,0,19,closed,0.0,2.4599999999999995
4.14,36,90.841513,17,d15_direct,2,15,open,1.0,4.140000000000002
-5.1,45,90.865692,17,final_d15_closed,0,15,closed,0.0,-5.1
2.2,55,91.120063,17,final_d19_closed,0,19,closed,0.0,2.1999999999999997
-5.1,45,91.145197,17,final_d15_closed,0,15,closed,0.0,-5.1
4.14,36,91.165938,17,d15_direct,2,15,open,1.0,4.140000000000002
-0.49,49,91.191885,17,final_d17_open,0,17,open,1.0,-0.4900000000000009
1.92,48,91.217352,17,final_d17_open,0,17,open,1.0,1.9199999999999997
4.14,36,91.237402,17,d15_direct,2,15,open,1.0,4.140000000000002
2.46,54,91.265955,17,final_d19_open,0,19,open,1.0,2.4599999999999995
1.92,48,91.291558,17,final_d17_open,0,17,open,1.0,1.9199999999999997
2.15,35,91.311031,17,d19_detour,2,19,closed,0.0,2.1500000000000004
2.15,35,91.330271,17,d19_detour,2,19,closed,0.0,2.1499999999999995
-5.1,45,91.354751,17,final_d15_closed,0,15,closed,0.0,-5.1
2.46,54,91.383258,17,final_d19_closed,0,19,closed,0.0,2.4599999999999995
2.14,46,91.40806,17,final_d17_open,0,17,open,1.0,2.1399999999999997
4.02,48,91.434352,17,d19_detour,2,19,closed,0.0,4.020000000000003
2.46,54,91.463769,17,final_d19_closed,0,19,closed,0.0,2.4599999999999995
1.92,48,91.489286,17,final_d17_open,0,17,open,1.0,1.9199999999999997
4.14,36,91.510023,17,d15_direct,2,15,open,1.0,4.140000000000002
2.58,42,91.532696,17,final_d15_open,0,15,open,1.0,2.5799999999999996
2.46,54,91.56173,17,final_d19_open,0,19,open,1.0,2.4599999999999995
-0.54,49,91.588219,17,final_d17_closed,0,17,closed,0.0,-0.5400000000000003
-0.49,49,91.614606,17,final_d17_open,0,17,open,1.0,-0.4900000000000009
2.46,54,91.643265,17,final_d19_open,0,19,open,1.0,2.4599999999999995
2.26,54,91.671913,17,final_d19_open,0,19,open,1.0,2.26
2.58,42,91.694578,17,final_d15_open,0,15,open,1.0,2.5799999999999996
1.75,25,91.709607,17,d15_direct,2,15,open,1.0,1.7499999999999998
2.4,55,91.738693,17,final_d19_open,0,19,open,1.0,2.3999999999999995
-0.26,56,91.769079,17,final_d19_closed,0,19,closed,0.0,-0.2600000000000007
-0.65,55,91.798063,17,final_d19_open,0,19,open,1.0,-0.6500000000000011
2.46,54,91.826677,17,final_d19_closed,0,19,closed,0.0,2.4599999999999995
1.92,48,91.852563,17,final_d17_open,0,17,open,1.0,1.9199999999999997
4.14,36,91.872699,17,d15_direct,2,15,open,1.0,4.140000000000002
1.75,25,91.887591,17,d15_direct,2,15,open,1.0,1.7499999999999998
1.92,48,91.913274,17,final_d17_closed,0,17,closed,0.0,1.9199999999999997
1.92,48,91.940166,17,final_d17_closed,0,17,closed,0.0,1.9199999999999997
1.92,48,91.966499,17,final_d17_closed,0,17,closed,0.0,1.9199999999999997
1.75,25,91.980967,17,d15_direct,2,15,open,1.0,1.7499999999999998
3.48,42,92.004886,17,d17_medium,2,17,closed,0.0,3.480000000000002
-5.1,45,92.030148,17,final_d15_closed,0,15,closed,0.0,-5.1
4.02,48,92.0576,17,d19_detour,2,19,closed,0.0,4.020000000000003
2.58,42,92.081677,17,final_d15_open,0,15,open,1.0,2.5799999999999996
1.92,48,92.108227,17,final_d17_open,0,17,open,1.0,1.9199999999999997
2.58,42,92.130687,17,final_d15_open,0,15,open,1.0,2.5799999999999996
1.31,29,92.147888,17,d17_medium,2,17,closed,0.0,1.3099999999999998
1.92,48,92.173639,17,final_d17_open,0,17,open,1.0,1.9199999999999997
2.52,43,92.196734,17,final_d15_open,0,15,open,1.0,2.5199999999999996
2.46,54,92.468054,17,final_d19_closed,0,19,closed,0.0,2.4599999999999995
-5.1,45,92.493839,17,final_d15_closed,0,15,closed,0.0,-5.1
2.15,35,92.514207,17,d19_detour,2,19,closed,0.0,2.1499999999999995
-0.2,55,92.544086,17,final_d19_closed,0,19,closed,0.0,-0.20000000000000107
2.58,42,92.567143,17,final_d15_open,0,15,open,1.0,2.5799999999999996
1.92,48,92.593346,17,final_d17_closed,0,17,closed,0.0,1.9199999999999997
4.14,36,92.613909,17,d15_direct,2,15,open,1.0,4.140000000000002
-5.1,45,92.638616,17,final_d15_closed,0,15,closed,0.0,-5.1
2.46,54,92.669217,17,final_d19_open,0,19,open,1.0,2.4599999999999995
1.92,48,92.695654,17,final_d17_closed,0,17,closed,0.0,1.9199999999999997
4.14,36,92.716276,17,d15_direct,2,15,open,1.0,4.140000000000002
4.14,36,92.737012,17,d15_direct,2,15,open,1.0,4.140000000000002
0.1,55,92.767631,17,final_d19_closed,0,19,closed,0.0,0.09999999999999942
1.92,48,92.793519,17,final_d17_closed,0,17,closed,0.0,1.9199999999999997
2.14,46,92.818688,17,final_d17_open,0,17,open,1.0,2.1399999999999997
3.48,42,92.842327,17,d17_medium,2,17,closed,0.0,3.480000000000002
3.48,42,92.865901,17,d17_medium,2,17,closed,0.0,3.480000000000002
-5.1,45,92.890366,17,final_d15_closed,0,15,closed,0.0,-5.1
2.46,54,92.919903,17,final_d19_closed,0,19,closed,0.0,2.4599999999999995
2.58,42,92.942855,17,final_d15_open,0,15,open,1.0,2.5799999999999996
-5.1,45,92.96746,17,final_d15_closed,0,15,closed,0.0,-5.1
-5.1,45,92.992177,17,final_d15_closed,0,15,closed,0.0,-5.1
4.14,36,93.012745,17,d15_direct,2,15,open,1.0,4.140000000000002
2.1,40,93.035109,17,d19_detour,2,19,closed,0.0,2.1000000000000014
2.58,42,93.058167,17,final_d15_open,0,15,open,1.0,2.5799999999999996
2.46,54,93.087403,17,final_d19_open,0,19,open,1.0,2.4599999999999995
1.92,48,93.113345,17,final_d17_open,0,17,open,1.0,1.9199999999999997
4.02,48,93.14026,17,d19_detour,2,19,closed,0.0,4.020000000000003
2.58,42,93.163371,17,final_d15_open,0,15,open,1.0,2.5799999999999996
3.48,42,93.186899,17,d17_medium,2,17,closed,0.0,3.480000000000002
0.1,55,93.216618,17,final_d19_open,0,19,open,1.0,0.09999999999999942
2.58,42,93.239649,17,final_d15_open,0,15,open,1.0,2.5799999999999996
2.26,54,93.269104,17,final_d19_closed,0,19,closed,0.0,2.26
1.92,48,93.295053,17,final_d17_closed,0,17,closed,0.0,1.9199999999999997
0.1,55,93.32446,17,final_d19_closed,0,19,closed,0.0,0.0999999999999992
3.48,42,93.348092,17,d17_medium,2,17,closed,0.0,3.480000000000002
2.46,54,93.377053,17,final_d19_closed,0,19,closed,0.0,2.4599999999999995
-0.64,14,93.38573,17,d15_direct,2,15,open,1.0,-0.6400000000000001
-5.1,45,93.410179,17,final_d15_closed,0,15,closed,0.0,-5.1
2.58,42,93.432922,17,final_d15_open,0,15,open,1.0,2.5799999999999996
1.92,48,93.459249,17,final_d17_closed,0,17,closed,0.0,1.9199999999999997
1.92,48,93.485159,17,final_d17_open,0,17,open,1.0,1.9199999999999997
1.92,48,93.512981,17,final_d17_open,0,17,open,1.0,1.9199999999999997
1.92,48,93.539462,17,final_d17_closed,0,17,closed,0.0,1.9199999999999997
2.58,42,93.563142,17,final_d15_open,0,15,open,1.0,2.5799999999999996
2.58,42,93.585896,17,final_d15_open,0,15,open,1.0,2.5799999999999996
2.58,42,93.824121,17,final_d15_open,0,15,open,1.0,2.5799999999999996
-2.36,56,93.853605,17,final_d19_open,0,19,open,1.0,-2.360000000000001
1.92,48,93.87912,17,final_d17_open,0,17,open,1.0,1.9199999999999997
2.58,42,93.901843,17,final_d15_open,0,15,open,1.0,2.5799999999999996
1.92,48,93.927862,17,final_d17_closed,0,17,closed,0.0,1.9199999999999997
-0.68,18,93.938669,17,d19_detour,2,19,closed,0.0,-0.6800000000000002
3.48,42,93.962399,17,d17_medium,2,17,closed,0.0,3.480000000000002
2.58,42,93.985015,17,final_d15_open,0,15,open,1.0,2.5799999999999996
1.92,48,94.010388,17,final_d17_open,0,17,open,1.0,1.9199999999999997
-5.1,45,94.034473,17,final_d15_closed,0,15,closed,0.0,-5.1
-5.1,45,94.058538,17,final_d15_closed,0,15,closed,0.0,-5.1
4.14,36,94.078617,17,d15_direct,2,15,open,1.0,4.140000000000002
1.92,48,94.104821,17,final_d17_open,0,17,open,1.0,1.9199999999999997
-0.1,55,94.132894,17,final_d19_closed,0,19,closed,0.0,-0.10000000000000031
-0.09,49,94.16116,17,final_d17_open,0,17,open,1.0,-0.0900000000000003
3.48,42,94.192499,17,d17_medium,2,17,closed,0.0,3.480000000000002
2.28,52,94.223256,17,final_d19_open,0,19,open,1.0,2.2799999999999994
2.15,35,94.242025,17,d19_detour,2,19,closed,0.0,2.1500000000000004
1.92,48,94.267498,17,final_d17_open,0,17,open,1.0,1.9199999999999997
2.58,42,94.289166,17,final_d15_open,0,15,open,1.0,2.5799999999999996
2.46,54,94.316766,17,final_d19_closed,0,19,closed,0.0,2.4599999999999995
0.11,49,94.342338,17,final_d17_open,0,17,open,1.0,0.10999999999999965
2.58,42,94.363963,17,final_d15_open,0,15,open,1.0,2.5799999999999996
-4.8,45,94.387305,17,final_d15_closed,0,15,closed,0.0,-4.799999999999999
2.28,52,94.413912,17,final_d19_open,0,19,open,1.0,2.2799999999999994
1.75,25,94.430032,17,d15_direct,2,15,open,1.0,1.7499999999999998
1.92,48,94.456216,17,final_d17_closed,0,17,closed,0.0,1.9199999999999997
1.92,48,94.482443,17,final_d17_closed,0,17,closed,0.0,1.9199999999999997
-5.1,45,94.512849,17,final_d15_closed,0,15,closed,0.0,-5.1
2.46,54,94.540674,17,final_d19_closed,0,19,closed,0.0,2.4599999999999995
2.46,54,94.568165,17,final_d19_open,0,19,open,1.0,2.4599999999999995
4.14,36,94.587621,17,d15_direct,2,15,open,1.0,4.140000000000002
2.58,42,94.609565,17,final_d15_open,0,15,open,1.0,2.5799999999999996
1.92,48,94.634098,17,final_d17_closed,0,17,closed,0.0,1.9199999999999997
2.58,42,94.657082,17,final_d15_open,0,15,open,1.0,2.5799999999999996
2.46,54,94.685891,17,final_d19_closed,0,19,closed,0.0,2.4599999999999995
1.86,49,94.712548,17,final_d17_closed,0,17,closed,0.0,1.8599999999999997
2.58,42,94.734972,17,final_d15_open,0,15,open,1.0,2.5799999999999996
2.46,54,94.763982,17,final_d19_open,0,19,open,1.0,2.4599999999999995
2.28,52,94.792208,17,final_d19_closed,0,19,closed,0.0,2.2799999999999994
1.31,29,94.809409,17,d17_medium,2,17,closed,0.0,1.3099999999999998
1.92,48,94.835771,17,final_d17_open,0,17,open,1.0,1.9199999999999997
1.92,48,94.862059,17,final_d17_open,0,17,open,1.0,1.9199999999999997
3.48,42,94.887302,17,d17_medium,2,17,closed,0.0,3.480000000000002
2.46,54,94.917337,17,final_d19_open,0,19,open,1.0,2.4599999999999995
2.26,54,95.200076,17,final_d19_open,0,19,open,1.0,2.26
1.92,48,95.226288,17,final_d17_open,0,17,open,1.0,1.9199999999999997
1.92,48,95.252281,17,final_d17_open,0,17,open,1.0,1.9199999999999997
4.14,36,95.272887,17,d15_direct,2,15,open,1.0,4.140000000000002
4.08,37,95.293573,17,d15_direct,2,15,open,1.0,4.080000000000002
4.08,37,95.314367,17,d15_direct,2,15,open,1.0,4.080000000000002
3.48,42,95.337792,17,d17_medium,2,17,closed,0.0,3.480000000000002
-5.0,45,95.362968,17,final_d15_closed,0,15,closed,0.0,-5.0
1.92,48,95.389214,17,final_d17_open,0,17,open,1.0,1.9199999999999997
3.48,42,95.41272,17,d17_medium,2,17,closed,0.0,3.480000000000002
3.48,42,95.437731,17,d17_medium,2,17,closed,0.0,3.480000000000002
-0.19,49,95.465843,17,final_d17_closed,0,17,closed,0.0,-0.1900000000000004
1.92,48,95.492845,17,final_d17_open,0,17,open,1.0,1.9199999999999997
4.02,48,95.519268,17,d19_detour,2,19,closed,0.0,4.020000000000003
1.67,33,95.537581,17,d19_detour,2,19,closed,0.0,1.6699999999999997
1.92,48,95.563992,17,final_d17_closed,0,17,closed,0.0,1.9199999999999997
3.48,42,95.587761,17,d17_medium,2,17,closed,0.0,3.480000000000002
2.46,54,95.620927,17,final_d19_open,0,19,open,1.0,2.4599999999999995
1.75,25,95.636026,17,d15_direct,2,15,open,1.0,1.7499999999999998
3.48,42,95.659941,17,d17_medium,2,17,closed,0.0,3.480000000000002
2.58,42,95.682418,17,final_d15_open,0,15,open,1.0,2.5799999999999996
2.1,40,95.704601,17,d19_detour,2,19,closed,0.0,2.1000000000000014
0.11,49,95.730563,17,final_d17_closed,0,17,closed,0.0,0.10999999999999965
-5.1,45,95.754787,17,final_d15_closed,0,15,closed,0.0,-5.1
1.67,33,95.773629,17,d19_detour,2,19,closed,0.0,1.6699999999999997
-0.2,20,95.785319,17,d19_detour,2,19,closed,0.0,-0.20000000000000018
1.86,49,95.811323,17,final_d17_open,0,17,open,1.0,1.8599999999999997
1.92,48,95.837454,17,final_d17_closed,0,17,closed,0.0,1.9199999999999997
3.48,42,95.86215,17,d17_medium,2,17,closed,0.0,3.480000000000002
2.58,42,95.88514,17,final_d15_open,0,15,open,1.0,2.5799999999999996
1.92,48,95.911181,17,final_d17_open,0,17,open,1.0,1.9199999999999997
-5.1,45,95.935913,17,final_d15_closed,0,15,closed,0.0,-5.1
0.45,55,95.965499,17,final_d19_closed,0,19,closed,0.0,0.44999999999999973
2.28,52,95.993627,17,final_d19_closed,0,19,closed,0.0,2.2799999999999994
2.26,54,96.022743,17,final_d19_open,0,19,open,1.0,2.26
4.14,36,96.042953,17,d15_direct,2,15,open,1.0,4.140000000000002
-5.1,45,96.067226,17,final_d15_closed,0,15,closed,0.0,-5.1
4.14,36,96.087981,17,d15_direct,2,15,open,1.0,4.140000000000002
2.08,52,96.116095,17,final_d19_closed,0,19,closed,0.0,2.0799999999999996
2.46,54,96.144223,17,final_d19_open,0,19,open,1.0,2.4599999999999995
3.48,42,96.16742,17,d17_medium,2,17,closed,0.0,3.480000000000002
-5.1,45,96.191358,17,final_d15_closed,0,15,closed,0.0,-5.1
2.28,52,96.218513,17,final_d19_open,0,19,open,1.0,2.2799999999999994
-0.25,55,96.248588,17,final_d19_open,0,19,open,1.0,-0.25000000000000044
3.48,42,96.271179,17,d17_medium,2,17,closed,0.0,3.480000000000002
4.02,48,96.296597,17,d19_detour,2,19,closed,0.0,4.020000000000003
4.02,48,96.537236,17,d19_detour,2,19,closed,0.0,4.020000000000003
1.92,48,96.563536,17,final_d17_open,0,17,open,1.0,1.9199999999999997
-5.1,45,96.588507,17,final_d15_closed,0,15,closed,0.0,-5.1
4.14,36,96.609614,17,d15_direct,2,15,open,1.0,4.140000000000002
-5.1,45,96.634338,17,final_d15_closed,0,15,closed,0.0,-5.1
1.92,48,96.660955,17,final_d17_open,0,17,open,1.0,1.9199999999999997
1.92,48,96.687048,17,final_d17_closed,0,17,closed,0.0,1.9199999999999997
1.92,48,96.713759,17,final_d17_closed,0,17,closed,0.0,1.9199999999999997
3.48,42,96.737437,17,d17_medium,2,17,closed,0.0,3.480000000000002
-4.75,45,96.76208,17,final_d15_closed,0,15,closed,0.0,-4.75
1.92,48,96.788045,17,final_d17_closed,0,17,closed,0.0,1.9199999999999997
0.32,43,96.811814,17,final_d15_open,0,15,open,1.0,0.3199999999999996
1.92,48,96.837997,17,final_d17_closed,0,17,closed,0.0,1.9199999999999997
2.06,54,96.867358,17,final_d19_closed,0,19,closed,0.0,2.0599999999999996
2.58,42,96.890584,17,final_d15_open,0,15,open,1.0,2.5799999999999996
2.46,54,96.919465,17,final_d19_open,0,19,open,1.0,2.4599999999999995
2.15,35,96.939762,17,d19_detour,2,19,closed,0.0,2.1499999999999995
0.37,43,96.964478,17,final_d15_open,0,15,open,1.0,0.36999999999999966
4.02,48,96.99102,17,d19_detour,2,19,closed,0.0,4.020000000000003
1.92,48,97.016767,17,final_d17_open,0,17,open,1.0,1.9199999999999997
2.28,52,97.045236,17,final_d19_open,0,19,open,1.0,2.2799999999999994
1.92,48,97.071386,17,final_d17_closed,0,17,closed,0.0,1.9199999999999997
-0.1,55,97.101588,17,final_d19_closed,0,19,closed,0.0,-0.10000000000000031
1.92,48,97.128019,17,final_d17_open,0,17,open,1.0,1.9199999999999997
-4.45,45,97.152895,17,final_d15_closed,0,15,closed,0.0,-4.4499999999999975
0.32,43,97.17602,17,final_d15_open,0,15,open,1.0,0.3199999999999996
-0.63,53,97.204396,17,final_d19_open,0,19,open,1.0,-0.6300000000000003
2.46,54,97.234305,17,final_d19_open,0,19,open,1.0,2.4599999999999995
1.92,48,97.260806,17,final_d17_open,0,17,open,1.0,1.9199999999999997
-4.75,45,97.285124,17,final_d15_closed,0,15,closed,0.0,-4.75
2.46,54,97.314474,17,final_d19_open,0,19,open,1.0,2.4599999999999995
1.92,48,97.340641,17,final_d17_open,0,17,open,1.0,1.9199999999999997
-4.4,45,97.365424,17,final_d15_closed,0,15,closed,0.0,-4.399999999999997
-5.1,45,97.390479,17,final_d15_closed,0,15,closed,0.0,-5.1
1.67,33,97.408927,17,d19_detour,2,19,closed,0.0,1.6699999999999997
-0.49,49,97.434746,17,final_d17_open,0,17,open,1.0,-0.49000000000000044
0.15,55,97.463511,17,final_d19_open,0,19,open,1.0,0.14999999999999925
4.14,36,97.484791,17,d15_direct,2,15,open,1.0,4.140000000000002
3.48,42,97.508749,17,d17_medium,2,17,closed,0.0,3.480000000000002
-5.1,45,97.532906,17,final_d15_closed,0,15,closed,0.0,-5.1
2.46,54,97.562219,17,final_d19_closed,0,19,closed,0.0,2.4599999999999995
2.58,42,97.585082,17,final_d15_open,0,15,open,1.0,2.5799999999999996
-5.1,45,97.609182,17,final_d15_closed,0,15,closed,0.0,-5.1
3.48,42,97.633126,17,d17_medium,2,17,closed,0.0,3.480000000000002
-0.29,49,97.88117,17,final_d17_open,0,17,open,1.0,-0.2900000000000005
1.92,48,97.907584,17,final_d17_closed,0,17,closed,0.0,1.9199999999999997
2.58,42,97.93108,17,final_d15_open,0,15,open,1.0,2.5799999999999996
3.42,43,97.954899,17,d17_medium,2,17,closed,0.0,3.4200000000000017
1.75,25,97.96905,17,d15_direct,2,15,open,1.0,1.7499999999999998
1.92,48,97.994972,17,final_d17_open,0,17,open,1.0,1.9199999999999997
2.26,54,98.022908,17,final_d19_open,0,19,open,1.0,2.26
1.92,48,98.04805,17,final_d17_open,0,17,open,1.0,1.9199999999999997
1.92,48,98.074299,17,final_d17_open,0,17,open,1.0,1.9199999999999997
-1.84,44,98.09853,17,final_d15_open,0,15,open,1.0,-1.8399999999999974
1.92,48,98.125125,17,final_d17_open,0,17,open,1.0,1.9199999999999997
4.02,48,98.152384,17,d19_detour,2,19,closed,0.0,4.020000000000003
3.48,42,98.17612,17,d17_medium,2,17,closed,0.0,3.480000000000002
-1.89,44,98.199951,17,final_d15_open,0,15,open,1.0,-1.8899999999999972
1.67,33,98.218749,17,d19_detour,2,19,closed,0.0,1.6699999999999997
2.58,42,98.24168,17,final_d15_open,0,15,open,1.0,2.5799999999999996
2.46,54,98.272147,17,final_d19_closed,0,19,closed,0.0,2.4599999999999995
0.37,43,98.295605,17,final_d15_open,0,15,open,1.0,0.36999999999999966
2.46,54,98.325281,17,final_d19_open,0,19,open,1.0,2.4599999999999995
4.14,36,98.345817,17,d15_direct,2,15,open,1.0,4.140000000000002
3.48,42,98.36957,17,d17_medium,2,17,closed,0.0,3.480000000000002
0.12,43,98.392938,17,final_d15_open,0,15,open,1.0,0.11999999999999966
0.37,43,98.416402,17,final_d15_open,0,15,open,1.0,0.36999999999999966
1.92,48,98.44258,17,final_d17_closed,0,17,closed,0.0,1.9199999999999997
-4.4,45,98.467135,17,final_d15_closed,0,15,closed,0.0,-4.399999999999998
2.58,42,98.490169,17,final_d15_open,0,15,open,1.0,2.5799999999999996
-0.44,49,98.516511,17,final_d17_open,0,17,open,1.0,-0.44000000000000083
-4.75,45,98.541999,17,final_d15_closed,0,15,closed,0.0,-4.75
1.92,48,98.568822,17,final_d17_closed,0,17,closed,0.0,1.9199999999999997
1.92,48,98.595411,17,final_d17_open,0,17,open,1.0,1.9199999999999997
-2.14,44,98.62005,17,final_d15_open,0,15,open,1.0,-2.139999999999997
2.06,54,98.649951,17,final_d19_closed,0,19,closed,0.0,2.0599999999999996
-0.15,55,98.68028,17,final_d19_closed,0,19,closed,0.0,-0.15000000000000036
-0.2,55,98.709656,17,final_d19_open,0,19,open,1.0,-0.20000000000000062
-0.64,14,98.718402,17,d15_direct,2,15,open,1.0,-0.6400000000000001
1.92,48,98.745075,17,final_d17_closed,0,17,closed,0.0,1.9199999999999997
4.14,36,98.765188,17,d15_direct,2,15,open,1.0,4.140000000000002
-4.75,45,98.789876,17,final_d15_closed,0,15,closed,0.0,-4.749999999999998
2.58,42,98.811849,17,final_d15_open,0,15,open,1.0,2.5799999999999996
1.75,25,98.826359,17,d15_direct,2,15,open,1.0,1.7499999999999998
2.46,54,98.854975,17,final_d19_closed,0,19,closed,0.0,2.4599999999999995
-4.75,45,98.87996,17,final_d15_closed,0,15,closed,0.0,-4.75
1.67,33,98.898424,17,d19_detour,2,19,closed,0.0,1.6699999999999997
3.48,42,98.921512,17,d17_medium,2,17,closed,0.0,3.480000000000002
0.37,43,98.944192,17,final_d15_open,0,15,open,1.0,0.36999999999999966
2.58,42,98.966219,17,final_d15_open,0,15,open,1.0,2.5799999999999996
2.46,54,98.994257,17,final_d19_closed,0,19,closed,0.0,2.4599999999999995
0.12,43,99.231913,17,final_d15_open,0,15,open,1.0,0.11999999999999966
-4.75,45,99.257274,17,final_d15_closed,0,15,closed,0.0,-4.75
1.75,25,99.273031,17,d15_direct,2,15,open,1.0,1.7499999999999998
1.92,48,99.299994,17,final_d17_closed,0,17,closed,0.0,1.9199999999999997
1.92,48,99.325733,17,final_d17_closed,0,17,closed,0.0,1.9199999999999997
2.26,54,99.354622,17,final_d19_closed,0,19,closed,0.0,2.26
2.26,54,99.38416,17,final_d19_closed,0,19,closed,0.0,2.26
-4.4,45,99.408371,17,final_d15_closed,0,15,closed,0.0,-4.399999999999997
1.92,48,99.433991,17,final_d17_open,0,17,open,1.0,1.9199999999999997
2.46,54,99.463123,17,final_d19_closed,0,19,closed,0.0,2.4599999999999995
1.92,48,99.488503,17,final_d17_open,0,17,open,1.0,1.9199999999999997
-3.03,3,99.491361,17,d15_direct,2,15,open,0.5,-3.0300000000000002
1.92,48,99.516915,17,final_d17_open,0,17,open,1.0,1.9199999999999997
4.08,37,99.537349,17,d15_direct,2,15,open,1.0,4.080000000000002
1.75,25,99.552478,17,d15_direct,2,15,open,1.0,1.7499999999999998
2.28,52,99.580312,17,final_d19_open,0,19,open,1.0,2.2799999999999994
4.14,36,99.601636,17,d15_direct,2,15,open,1.0,4.140000000000002
2.15,35,99.62212,17,d19_detour,2,19,closed,0.0,2.1499999999999995
1.92,48,99.648939,17,final_d17_open,0,17,open,1.0,1.9199999999999997
2.52,43,99.673103,17,final_d15_open,0,15,open,1.0,2.5199999999999996
1.92,48,99.69957,17,final_d17_open,0,17,open,1.0,1.9199999999999997
-5.1,45,99.724205,17,final_d15_closed,0,15,closed,0.0,-5.1
0.45,55,99.753416,17,final_d19_closed,0,19,closed,0.0,0.4499999999999995
3.48,42,99.77749,17,d17_medium,2,17,closed,0.0,3.480000000000002
2.46,54,99.806448,17,final_d19_open,0,19,open,1.0,2.4599999999999995
4.08,37,99.828612,17,d15_direct,2,15,open,1.0,4.080000000000002
1.92,48,99.853676,17,final_d17_open,0,17,open,1.0,1.9199999999999997
-0.24,49,99.880364,17,final_d17_closed,0,17,closed,0.0,-0.24000000000000044
4.14,36,99.900476,17,d15_direct,2,15,open,1.0,4.140000000000002
4.02,48,99.926673,17,d19_detour,2,19,closed,0.0,4.020000000000003
3.48,42,99.94985,17,d17_medium,2,17,closed,0.0,3.480000000000002
2.15,35,99.968966,17,d19_detour,2,19,closed,0.0,2.1500000000000004
2.58,42,99.991486,17,final_d15_open,0,15,open,1.0,2.5799999999999996
2.26,54,100.019312,17,final_d19_closed,0,19,closed,0.0,2.26
2.58,42,100.046638,17,final_d15_open,0,15,open,1.0,2.5799999999999996
4.14,36,100.070017,17,d15_direct,2,15,open,1.0,4.140000000000002
1.92,48,100.096356,17,final_d17_open,0,17,open,1.0,1.9199999999999997
-4.45,45,100.120808,17,final_d15_closed,0,15,closed,0.0,-4.449999999999997
1.92,48,100.146384,17,final_d17_closed,0,17,closed,0.0,1.9199999999999997
1.92,48,100.171943,17,final_d17_closed,0,17,closed,0.0,1.9199999999999997
2.26,54,100.200972,17,final_d19_closed,0,19,closed,0.0,2.26
-5.1,45,100.224644,17,final_d15_closed,0,15,closed,0.0,-5.1
2.58,42,100.247607,17,final_d15_open,0,15,open,1.0,2.5799999999999996
1.92,48,100.27271,17,final_d17_closed,0,17,closed,0.0,1.9199999999999997
1.92,48,100.29804,17,final_d17_open,0,17,open,1.0,1.9199999999999997
1.92,48,100.32311,17,final_d17_open,0,17,open,1.0,1.9199999999999997
4.02,48,100.564818,17,d19_detour,2,19,closed,0.0,4.020000000000003
0.37,43,100.587991,17,final_d15_open,0,15,open,1.0,0.36999999999999966
1.92,48,100.615354,17,final_d17_open,0,17,open,1.0,1.9199999999999997
-5.0,45,100.643987,17,final_d15_closed,0,15,closed,0.0,-5.0
-4.75,45,100.668561,17,final_d15_closed,0,15,closed,0.0,-4.749999999999998
-4.75,45,100.694021,17,final_d15_closed,0,15,closed,0.0,-4.75
1.92,48,100.721763,17,final_d17_closed,0,17,closed,0.0,1.9199999999999997
1.92,48,100.750264,17,final_d17_open,0,17,open,1.0,1.9199999999999997
1.92,48,100.776872,17,final_d17_closed,0,17,closed,0.0,1.9199999999999997
-0.45,55,100.805885,17,final_d19_open,0,19,open,1.0,-0.4499999999999973
1.92,48,100.832608,17,final_d17_closed,0,17,closed,0.0,1.9199999999999997
1.92,48,100.859611,17,final_d17_open,0,17,open,1.0,1.9199999999999997
-0.15,55,100.890085,17,final_d19_closed,0,19,closed,0.0,-0.15000000000000058
2.52,43,100.91274,17,final_d15_open,0,15,open,1.0,2.5199999999999996
4.14,36,100.934257,17,d15_direct,2,15,open,1.0,4.140000000000002
0.12,43,100.957002,17,final_d15_open,0,15,open,1.0,0.11999999999999922
2.58,42,100.979523,17,final_d15_open,0,15,open,1.0,2.5799999999999996
4.14,36,100.999609,17,d15_direct,2,15,open,1.0,4.140000000000002
-0.54,49,101.025916,17,final_d17_closed,0,17,closed,0.0,-0.5400000000000003
3.48,42,101.050655,17,d17_medium,2,17,closed,0.0,3.480000000000002
1.92,48,101.076176,17,final_d17_closed,0,17,closed,0.0,1.9199999999999997
-4.75,45,101.102876,17,final_d15_closed,0,15,closed,0.0,-4.75
1.92,48,101.129298,17,final_d17_open,0,17,open,1.0,1.9199999999999997
3.48,42,101.153183,17,d17_medium,2,17,closed,0.0,3.480000000000002
-4.75,45,101.177131,17,final_d15_closed,0,15,closed,0.0,-4.75
3.48,42,101.200533,17,d17_medium,2,17,closed,0.0,3.480000000000002
4.02,48,101.226543,17,d19_detour,2,19,closed,0.0,4.020000000000003
2.4,55,101.255263,17,final_d19_open,0,19,open,1.0,2.3999999999999995
-5.1,45,101.279216,17,final_d15_closed,0,15,closed,0.0,-5.1
2.28,52,101.306536,17,final_d19_closed,0,19,closed,0.0,2.2799999999999994
2.58,42,101.328923,17,final_d15_open,0,15,open,1.0,2.5799999999999996
1.92,48,101.354489,17,final_d17_open,0,17,open,1.0,1.9199999999999997
1.92,48,101.380441,17,final_d17_open,0,17,open,1.0,1.9199999999999997
4.14,36,101.400431,17,d15_direct,2,15,open,1.0,4.140000000000002
0.12,43,101.423088,17,final_d15_open,0,15,open,1.0,0.11999999999999966
-0.54,49,101.449426,17,final_d17_closed,0,17,closed,0.0,-0.5400000000000003
2.58,42,101.472105,17,final_d15_open,0,15,open,1.0,2.5799999999999996
4.14,36,101.49299,17,d15_direct,2,15,open,1.0,4.140000000000002
2.46,54,101.521432,17,final_d19_closed,0,19,closed,0.0,2.4599999999999995
-0.49,49,101.54763,17,final_d17_open,0,17,open,1.0,-0.4900000000000009
2.46,54,101.576726,17,final_d19_open,0,19,open,1.0,2.4599999999999995
1.92,48,101.602246,17,final_d17_closed,0,17,closed,0.0,1.9199999999999997
2.46,54,101.631314,17,final_d19_open,0,19,open,1.0,2.4599999999999995
1.92,48,101.656852,17,final_d17_open,0,17,open,1.0,1.9199999999999997
2.26,54,101.902079,17,final_d19_closed,0,19,closed,0.0,2.26
1.67,33,101.920915,17,d19_detour,2,19,closed,0.0,1.6699999999999997
2.46,54,101.950135,17,final_d19_closed,0,19,closed,0.0,2.4599999999999995
1.92,48,101.975616,17,final_d17_open,0,17,open,1.0,1.9199999999999997
-4.8,45,101.999719,17,final_d15_closed,0,15,closed,0.0,-4.799999999999998
1.31,29,102.01682,17,d17_medium,2,17,closed,0.0,1.3099999999999998
1.92,48,102.042518,17,final_d17_open,0,17,open,1.0,1.9199999999999997
1.92,48,102.068268,17,final_d17_closed,0,17,closed,0.0,1.9199999999999997
-1.89,44,102.092584,17,final_d15_open,0,15,open,1.0,-1.8900000000000003
1.92,48,102.118258,17,final_d17_open,0,17,open,1.0,1.9199999999999997
-0.05,55,102.147967,17,final_d19_open,0,19,open,1.0,-0.05000000000000049
1.75,25,102.162723,17,d15_direct,2,15,open,1.0,1.7499999999999998
2.58,42,102.1861,17,final_d15_open,0,15,open,1.0,2.5799999999999996
1.92,48,102.211802,17,final_d17_open,0,17,open,1.0,1.9199999999999997
3.48,42,102.235086,17,d17_medium,2,17,closed,0.0,3.480000000000002
1.92,48,102.260555,17,final_d17_open,0,17,open,1.0,1.9199999999999997
-5.1,45,102.28496,17,final_d15_closed,0,15,closed,0.0,-5.1
2.46,54,102.31399,17,final_d19_closed,0,19,closed,0.0,2.4599999999999995
-0.25,55,102.34291,17,final_d19_open,0,19,open,1.0,-0.24999999999999933
4.14,36,102.363237,17,d15_direct,2,15,open,1.0,4.140000000000002
4.14,36,102.383351,17,d15_direct,2,15,open,1.0,4.140000000000002
2.58,42,102.405807,17,final_d15_open,0,15,open,1.0,2.5799999999999996
1.92,48,102.43133,17,final_d17_open,0,17,open,1.0,1.9199999999999997
-4.7,45,102.455177,17,final_d15_closed,0,15,closed,0.0,-4.6999999999999975
4.14,36,102.475678,17,d15_direct,2,15,open,1.0,4.140000000000002
-4.65,45,102.499561,17,final_d15_closed,0,15,closed,0.0,-4.65
4.14,36,102.519754,17,d15_direct,2,15,open,1.0,4.140000000000002
2.46,54,102.549593,17,final_d19_closed,0,19,closed,0.0,2.4599999999999995
1.31,29,102.565938,17,d17_medium,2,17,closed,0.0,1.3099999999999998
2.58,42,102.588721,17,final_d15_open,0,15,open,1.0,2.5799999999999996
2.46,54,102.618517,17,final_d19_open,0,19,open,1.0,2.4599999999999995
1.92,48,102.64479,17,final_d17_open,0,17,open,1.0,1.9199999999999997
4.02,48,102.671457,17,d19_detour,2,19,closed,0.0,4.020000000000003
1.92,48,102.697386,17,final_d17_open,0,17,open,1.0,1.9199999999999997
1.92,48,102.723441,17,final_d17_open,0,17,open,1.0,1.9199999999999997
1.92,48,102.749781,17,final_d17_open,0,17,open,1.0,1.9199999999999997
2.46,54,102.778092,17,final_d19_open,0,19,open,1.0,2.4599999999999995
3.48,42,102.802415,17,d17_medium,2,17,closed,0.0,3.480000000000002
2.58,42,102.825465,17,final_d15_open,0,15,open,1.0,2.5799999999999996
-4.75,45,102.849582,17,final_d15_closed,0,15,closed,0.0,-4.75
4.14,36,102.870287,17,d15_direct,2,15,open,1.0,4.140000000000002
2.26,54,102.899608,17,final_d19_closed,0,19,closed,0.0,2.26
4.14,36,102.920004,17,d15_direct,2,15,open,1.0,4.140000000000002
1.92,48,102.946295,17,final_d17_open,0,17,open,1.0,1.9199999999999997
0.12,43,102.968555,17,final_d15_open,0,15,open,1.0,0.11999999999999955
-0.09,49,102.994449,17,final_d17_closed,0,17,closed,0.0,-0.0900000000000003
2.46,54,103.240455,17,final_d19_closed,0,19,closed,0.0,2.4599999999999995
-5.1,45,103.265216,17,final_d15_closed,0,15,closed,0.0,-5.1
-0.25,55,103.295491,17,final_d19_closed,0,19,closed,0.0,-0.24999999999999933
4.14,36,103.315579,17,d15_direct,2,15,open,1.0,4.140000000000002
1.67,33,103.334681,17,d19_detour,2,19,closed,0.0,1.6699999999999997
2.14,46,103.36242,17,final_d17_open,0,17,open,1.0,2.1399999999999997
2.46,54,103.396308,17,final_d19_open,0,19,open,1.0,2.4599999999999995
-5.1,45,103.424722,17,final_d15_closed,0,15,closed,0.0,-5.1
2.58,42,103.450146,17,final_d15_open,0,15,open,1.0,2.5799999999999996
2.1,40,103.472865,17,d19_detour,2,19,closed,0.0,2.0999999999999996
2.58,42,103.496098,17,final_d15_open,0,15,open,1.0,2.5799999999999996
-1.91,56,103.526602,17,final_d19_open,0,19,open,1.0,-1.9100000000000004
-4.8,45,103.550678,17,final_d15_closed,0,15,closed,0.0,-4.799999999999999
0.1,55,103.579657,17,final_d19_open,0,19,open,1.0,0.09999999999999964
2.26,54,103.608397,17,final_d19_closed,0,19,closed,0.0,2.26
1.92,48,103.634165,17,final_d17_closed,0,17,closed,0.0,1.9199999999999997
4.14,36,103.654055,17,d15_direct,2,15,open,1.0,4.140000000000002
2.14,46,103.678668,17,final_d17_open,0,17,open,1.0,2.1399999999999997
1.92,48,103.704619,17,final_d17_closed,0,17,closed,0.0,1.9199999999999997
2.46,54,103.733533,17,final_d19_closed,0,19,closed,0.0,2.4599999999999995
1.92,48,103.759186,17,final_d17_closed,0,17,closed,0.0,1.9199999999999997
3.48,42,103.783674,17,d17_medium,2,17,closed,0.0,3.480000000000002
1.92,48,103.809403,17,final_d17_open,0,17,open,1.0,1.9199999999999997
1.92,48,103.834777,17,final_d17_closed,0,17,closed,0.0,1.9199999999999997
2.46,54,103.862926,17,final_d19_open,0,19,open,1.0,2.4599999999999995
1.92,48,103.888164,17,final_d17_open,0,17,open,1.0,1.9199999999999997
4.08,37,103.90943,17,d15_direct,2,15,open,1.0,4.080000000000002
-5.0,45,103.933015,17,final_d15_closed,0,15,closed,0.0,-5.0
4.14,36,103.953302,17,d15_direct,2,15,open,1.0,4.140000000000002
1.92,48,103.978703,17,final_d17_open,0,17,open,1.0,1.9199999999999997
3.48,42,104.002546,17,d17_medium,2,17,closed,0.0,3.480000000000002
4.14,36,104.022925,17,d15_direct,2,15,open,1.0,4.140000000000002
3.48,42,104.046818,17,d17_medium,2,17,closed,0.0,3.480000000000002
4.14,36,104.067009,17,d15_direct,2,15,open,1.0,4.140000000000002
4.14,36,104.086997,17,d15_direct,2,15,open,1.0,4.140000000000002
1.92,48,104.113011,17,final_d17_closed,0,17,closed,0.0,1.9199999999999997
1.92,48,104.139707,17,final_d17_open,0,17,open,1.0,1.9199999999999997
2.26,54,104.169058,17,final_d19_closed,0,19,closed,0.0,2.26
4.02,48,104.195483,17,d19_detour,2,19,closed,0.0,4.020000000000003
-4.8,45,104.219565,17,final_d15_closed,0,15,closed,0.0,-4.799999999999999
3.48,42,104.243351,17,d17_medium,2,17,closed,0.0,3.480000000000002
1.67,33,104.261771,17,d19_detour,2,19,closed,0.0,1.6699999999999997
2.46,54,104.289969,17,final_d19_open,0,19,open,1.0,2.4599999999999995
4.02,48,104.316426,17,d19_detour,2,19,closed,0.0,4.020000000000003
3.48,42,104.340513,17,d17_medium,2,17,closed,0.0,3.480000000000002
1.92,48,104.576594,17,final_d17_open,0,17,open,1.0,1.9199999999999997
1.92,48,104.602221,17,final_d17_open,0,17,open,1.0,1.9199999999999997
2.4,55,104.631785,17,final_d19_open,0,19,open,1.0,2.3999999999999995
1.92,48,104.657187,17,final_d17_closed,0,17,closed,0.0,1.9199999999999997
-0.27,47,104.682089,17,final_d17_open,0,17,open,1.0,-0.27000000000000046
1.92,48,104.707587,17,final_d17_open,0,17,open,1.0,1.9199999999999997
-5.1,45,104.732301,17,final_d15_closed,0,15,closed,0.0,-5.1
2.15,35,104.752442,17,d19_detour,2,19,closed,0.0,2.1499999999999995
1.92,48,104.777865,17,final_d17_closed,0,17,closed,0.0,1.9199999999999997
2.58,42,104.800934,17,final_d15_open,0,15,open,1.0,2.5799999999999996
2.58,42,104.823637,17,final_d15_open,0,15,open,1.0,2.5799999999999996
4.02,48,104.850021,17,d19_detour,2,19,closed,0.0,4.020000000000003
4.02,48,104.876214,17,d19_detour,2,19,closed,0.0,4.020000000000003
3.48,42,104.89951,17,d17_medium,2,17,closed,0.0,3.480000000000002
1.92,48,104.925453,17,final_d17_closed,0,17,closed,0.0,1.9199999999999997
2.46,54,104.954256,17,final_d19_closed,0,19,closed,0.0,2.4599999999999995
-5.1,45,104.978894,17,final_d15_closed,0,15,closed,0.0,-5.1
1.92,48,105.004354,17,final_d17_closed,0,17,closed,0.0,1.9199999999999997
2.46,54,105.032721,17,final_d19_open,0,19,open,1.0,2.4599999999999995
4.14,36,105.052588,17,d15_direct,2,15,open,1.0,4.140000000000002
2.58,42,105.074669,17,final_d15_open,0,15,open,1.0,2.5799999999999996
-5.0,45,105.098601,17,final_d15_closed,0,15,closed,0.0,-5.0
3.48,42,105.122095,17,d17_medium,2,17,closed,0.0,3.480000000000002
4.14,36,105.142476,17,d15_direct,2,15,open,1.0,4.140000000000002
-5.1,45,105.166884,17,final_d15_closed,0,15,closed,0.0,-5.1
4.14,36,105.18782,17,d15_direct,2,15,open,1.0,4.140000000000002
3.48,42,105.21141,17,d17_medium,2,17,closed,0.0,3.480000000000002
2.46,54,105.239618,17,final_d19_open,0,19,open,1.0,2.4599999999999995
-5.1,45,105.26352,17,final_d15_closed,0,15,closed,0.0,-5.1
2.46,54,105.292838,17,final_d19_open,0,19,open,1.0,2.4599999999999995
2.46,54,105.321041,17,final_d19_open,0,19,open,1.0,2.4599999999999995
1.92,48,105.346428,17,final_d17_closed,0,17,closed,0.0,1.9199999999999997
-5.1,45,105.370188,17,final_d15_closed,0,15,closed,0.0,-5.1
2.58,42,105.392438,17,final_d15_open,0,15,open,1.0,2.5799999999999996
3.48,42,105.415359,17,d17_medium,2,17,closed,0.0,3.480000000000002
4.02,48,105.441522,17,d19_detour,2,19,closed,0.0,4.020000000000003
2.46,54,105.469758,17,final_d19_closed,0,19,closed,0.0,2.4599999999999995
1.92,48,105.495066,17,final_d17_open,0,17,open,1.0,1.9199999999999997
1.92,48,105.521017,17,final_d17_open,0,17,open,1.0,1.9199999999999997
1.92,48,105.546454,17,final_d17_closed,0,17,closed,0.0,1.9199999999999997
1.92,48,105.571817,17,final_d17_open,0,17,open,1.0,1.9199999999999997
2.46,54,105.600375,17,final_d19_open,0,19,open,1.0,2.4599999999999995
2.58,42,105.622648,17,final_d15_open,0,15,open,1.0,2.5799999999999996
-0.45,55,105.652356,17,final_d19_closed,0,19,closed,0.0,-0.4500000000000013
-0.49,49,105.889253,17,final_d17_closed,0,17,closed,0.0,-0.49000000000000044
1.92,48,105.915229,17,final_d17_closed,0,17,closed,0.0,1.9199999999999997
2.48,52,105.944217,17,final_d19_open,0,19,open,1.0,2.4799999999999995
3.48,42,105.96778,17,d17_medium,2,17,closed,0.0,3.480000000000002
-5.1,45,105.992015,17,final_d15_closed,0,15,closed,0.0,-5.1
2.46,54,106.020743,17,final_d19_open,0,19,open,1.0,2.4599999999999995
4.02,48,106.047884,17,d19_detour,2,19,closed,0.0,4.020000000000003
1.92,48,106.074131,17,final_d17_open,0,17,open,1.0,1.9199999999999997
3.48,42,106.097558,17,d17_medium,2,17,closed,0.0,3.480000000000002
1.75,25,106.111859,17,d15_direct,2,15,open,1.0,1.7499999999999998
2.46,54,106.140524,17,final_d19_closed,0,19,closed,0.0,2.4599999999999995
2.58,42,106.163455,17,final_d15_open,0,15,open,1.0,2.5799999999999996
1.92,48,106.190211,17,final_d17_open,0,17,open,1.0,1.9199999999999997
1.31,29,106.207191,17,d17_medium,2,17,closed,0.0,1.3099999999999998
2.58,42,106.230344,17,final_d15_open,0,15,open,1.0,2.5799999999999996
2.58,42,106.252925,17,final_d15_open,0,15,open,1.0,2.5799999999999996
1.92,48,106.279134,17,final_d17_open,0,17,open,1.0,1.9199999999999997
2.08,52,106.308173,17,final_d19_closed,0,19,closed,0.0,2.0799999999999996
2.26,54,106.336859,17,final_d19_closed,0,19,closed,0.0,2.26
4.08,37,106.357568,17,d15_direct,2,15,open,1.0,4.080000000000002
1.92,48,106.383192,17,final_d17_closed,0,17,closed,0.0,1.9199999999999997
2.58,42,106.405555,17,final_d15_open,0,15,open,1.0,2.5799999999999996
4.08,37,106.426859,17,d15_direct,2,15,open,1.0,4.080000000000002
-5.1,45,106.451263,17,final_d15_closed,0,15,closed,0.0,-5.1
2.28,52,106.4787,17,final_d19_open,0,19,open,1.0,2.2799999999999994
2.4,55,106.507826,17,final_d19_closed,0,19,closed,0.0,2.3999999999999995
-5.0,45,106.531887,17,final_d15_closed,0,15,closed,0.0,-5.0
2.46,54,106.560819,17,final_d19_open,0,19,open,1.0,2.4599999999999995
2.46,54,106.59083,17,final_d19_closed,0,19,closed,0.0,2.4599999999999995
3.48,42,106.614742,17,d17_medium,2,17,closed,0.0,3.480000000000002
1.67,33,106.63402,17,d19_detour,2,19,closed,0.0,1.6699999999999997
2.46,54,106.663074,17,final_d19_open,0,19,open,1.0,2.4599999999999995
2.28,52,106.691839,17,final_d19_open,0,19,open,1.0,2.2799999999999994
4.14,36,106.712403,17,d15_direct,2,15,open,1.0,4.140000000000002
0.1,55,106.742209,17,final_d19_closed,0,19,closed,0.0,0.0999999999999992
4.02,48,106.769244,17,d19_detour,2,19,closed,0.0,4.020000000000003
1.92,48,106.795493,17,final_d17_closed,0,17,closed,0.0,1.9199999999999997
1.92,48,106.82127,17,final_d17_closed,0,17,closed,0.0,1.9199999999999997
1.75,25,106.835405,17,d15_direct,2,15,open,1.0,1.7499999999999998
1.92,48,106.86117,17,final_d17_open,0,17,open,1.0,1.9199999999999997
2.58,42,106.883155,17,final_d15_open,0,15,open,1.0,2.5799999999999996
0.3,55,106.911671,17,final_d19_open,0,19,open,1.0,0.2999999999999995
4.14,36,106.931322,17,d15_direct,2,15,open,1.0,4.140000000000002
-5.1,45,106.956016,17,final_d15_closed,0,15,closed,0.0,-5.1
3.48,42,106.978941,17,d17_medium,2,17,closed,0.0,3.480000000000002
1.92,48,107.004054,17,final_d17_open,0,17,open,1.0,1.9199999999999997
1.92,48,107.23952,17,final_d17_open,0,17,open,1.0,1.9199999999999997
2.52,43,107.262775,17,final_d15_open,0,15,open,1.0,2.5199999999999996
-5.1,45,107.288559,17,final_d15_closed,0,15,closed,0.0,-5.1
2.58,42,107.311838,17,final_d15_open,0,15,open,1.0,2.5799999999999996
3.48,42,107.335268,17,d17_medium,2,17,closed,0.0,3.480000000000002
2.46,54,107.364223,17,final_d19_open,0,19,open,1.0,2.4599999999999995
2.28,52,107.393249,17,final_d19_closed,0,19,closed,0.0,2.2799999999999994
3.48,42,107.418135,17,d17_medium,2,17,closed,0.0,3.480000000000002
2.58,42,107.441346,17,final_d15_open,0,15,open,1.0,2.5799999999999996
1.92,48,107.467929,17,final_d17_closed,0,17,closed,0.0,1.9199999999999997
1.92,48,107.493794,17,final_d17_closed,0,17,closed,0.0,1.9199999999999997
1.92,48,107.51977,17,final_d17_closed,0,17,closed,0.0,1.9199999999999997
2.58,42,107.542596,17,final_d15_open,0,15,open,1.0,2.5799999999999996
1.92,48,107.569053,17,final_d17_closed,0,17,closed,0.0,1.9199999999999997
-4.75,45,107.593738,17,final_d15_closed,0,15,closed,0.0,-4.75
1.67,33,107.612625,17,d19_detour,2,19,closed,0.0,1.6699999999999997
1.83,37,107.634352,17,d15_direct,2,15,open,1.0,1.8299999999999996
2.46,54,107.664787,17,final_d19_open,0,19,open,1.0,2.4599999999999995
2.58,42,107.687463,17,final_d15_open,0,15,open,1.0,2.5799999999999996
1.92,48,107.714605,17,final_d17_closed,0,17,closed,0.0,1.9199999999999997
2.14,46,107.738998,17,final_d17_open,0,17,open,1.0,2.1399999999999997
2.46,54,107.768297,17,final_d19_closed,0,19,closed,0.0,2.4599999999999995
4.14,36,107.788687,17,d15_direct,2,15,open,1.0,4.140000000000002
1.92,48,107.814605,17,final_d17_open,0,17,open,1.0,1.9199999999999997
-4.75,45,107.838982,17,final_d15_closed,0,15,closed,0.0,-4.749999999999998
1.86,49,107.865012,17,final_d17_open,0,17,open,1.0,1.8599999999999997
1.92,48,107.890718,17,final_d17_closed,0,17,closed,0.0,1.9199999999999997
2.46,54,107.91911,17,final_d19_closed,0,19,closed,0.0,2.4599999999999995
2.2,55,107.948553,17,final_d19_closed,0,19,closed,0.0,2.1999999999999993
1.67,33,107.966989,17,d19_detour,2,19,closed,0.0,1.6699999999999997
2.58,42,107.989387,17,final_d15_open,0,15,open,1.0,2.5799999999999996
4.02,48,108.015942,17,d19_detour,2,19,closed,0.0,4.020000000000003
1.92,48,108.042552,17,final_d17_closed,0,17,closed,0.0,1.9199999999999997
1.92,48,108.068953,17,final_d17_closed,0,17,closed,0.0,1.9199999999999997
2.58,42,108.092189,17,final_d15_open,0,15,open,1.0,2.5799999999999996
1.92,48,108.118897,17,final_d17_closed,0,17,closed,0.0,1.9199999999999997
-5.1,45,108.143834,17,final_d15_closed,0,15,closed,0.0,-5.1
2.46,54,108.172397,17,final_d19_closed,0,19,closed,0.0,2.4599999999999995
4.14,36,108.192819,17,d15_direct,2,15,open,1.0,4.140000000000002
0.37,43,108.215742,17,final_d15_open,0,15,open,1.0,0.36999999999999966
2.4,55,108.244701,17,final_d19_closed,0,19,closed,0.0,2.3999999999999995
1.67,33,108.262903,17,d19_detour,2,19,closed,0.0,1.6699999999999997
0.15,55,108.291572,17,final_d19_open,0,19,open,1.0,0.14999999999999947
1.92,48,108.316986,17,final_d17_open,0,17,open,1.0,1.9199999999999997
-2.95,50,108.555024,17,final_d17_closed,0,17,closed,0.0,-2.9499999999999975
-4.75,45,108.579794,17,final_d15_closed,0,15,closed,0.0,-4.749999999999998
-0.1,55,108.609604,17,final_d19_closed,0,19,closed,0.0,-0.10000000000000075
-5.1,45,108.634007,17,final_d15_closed,0,15,closed,0.0,-5.1
2.58,42,108.657185,17,final_d15_open,0,15,open,1.0,2.5799999999999996
4.14,36,108.678061,17,d15_direct,2,15,open,1.0,4.140000000000002
4.14,36,108.698802,17,d15_direct,2,15,open,1.0,4.140000000000002
2.46,54,108.727751,17,final_d19_closed,0,19,closed,0.0,2.4599999999999995
-4.75,45,108.752252,17,final_d15_closed,0,15,closed,0.0,-4.75
-0.15,55,108.782358,17,final_d19_closed,0,19,closed,0.0,-0.15000000000000102
4.02,48,108.810536,17,d19_detour,2,19,closed,0.0,4.020000000000003
-5.1,45,108.835723,17,final_d15_closed,0,15,closed,0.0,-5.1
4.14,36,108.856144,17,d15_direct,2,15,open,1.0,4.140000000000002
-5.1,45,108.88086,17,final_d15_closed,0,15,closed,0.0,-5.1
4.02,48,108.907511,17,d19_detour,2,19,closed,0.0,4.020000000000003
-0.1,55,108.93706,17,final_d19_closed,0,19,closed,0.0,-0.10000000000000075
1.92,48,108.963573,17,final_d17_closed,0,17,closed,0.0,1.9199999999999997
3.48,42,108.986973,17,d17_medium,2,17,closed,0.0,3.480000000000002
3.48,42,109.011066,17,d17_medium,2,17,closed,0.0,3.480000000000002
2.46,54,109.039944,17,final_d19_closed,0,19,closed,0.0,2.4599999999999995
2.46,54,109.069223,17,final_d19_open,0,19,open,1.0,2.4599999999999995
2.46,54,109.098266,17,final_d19_open,0,19,open,1.0,2.4599999999999995
4.14,36,109.118145,17,d15_direct,2,15,open,1.0,4.140000000000002
1.92,48,109.143535,17,final_d17_open,0,17,open,1.0,1.9199999999999997
-4.75,45,109.167787,17,final_d15_closed,0,15,closed,0.0,-4.75
2.46,54,109.196006,17,final_d19_open,0,19,open,1.0,2.4599999999999995
-0.09,49,109.221734,17,final_d17_open,0,17,open,1.0,-0.0900000000000003
2.46,54,109.250166,17,final_d19_open,0,19,open,1.0,2.4599999999999995
2.46,54,109.278972,17,final_d19_closed,0,19,closed,0.0,2.4599999999999995
2.26,54,109.308412,17,final_d19_closed,0,19,closed,0.0,2.26
3.48,42,109.332399,17,d17_medium,2,17,closed,0.0,3.480000000000002
2.46,54,109.360889,17,final_d19_open,0,19,open,1.0,2.4599999999999995
-5.1,45,109.385265,17,final_d15_closed,0,15,closed,0.0,-5.1
1.83,37,109.405723,17,d15_direct,2,15,open,1.0,1.830000000000001
1.92,48,109.431326,17,final_d17_open,0,17,open,1.0,1.9199999999999997
1.92,48,109.457397,17,final_d17_open,0,17,open,1.0,1.9199999999999997
3.48,42,109.481151,17,d17_medium,2,17,closed,0.0,3.480000000000002
1.92,48,109.508603,17,final_d17_open,0,17,open,1.0,1.9199999999999997
1.92,48,109.53432,17,final_d17_open,0,17,open,1.0,1.9199999999999997
1.92,48,109.560126,17,final_d17_open,0,17,open,1.0,1.9199999999999997
3.48,42,109.583512,17,d17_medium,2,17,closed,0.0,3.480000000000002
2.26,54,109.612213,17,final_d19_closed,0,19,closed,0.0,2.26
4.14,36,109.632442,17,d15_direct,2,15,open,1.0,4.140000000000002
1.92,48,109.658312,17,final_d17_open,0,17,open,1.0,1.9199999999999997
2.46,54,109.895881,17,final_d19_open,0,19,open,1.0,2.4599999999999995
-5.1,45,109.920978,17,final_d15_closed,0,15,closed,0.0,-5.1
1.67,33,109.940914,17,d19_detour,2,19,closed,0.0,1.6699999999999997
1.92,48,109.967416,17,final_d17_closed,0,17,closed,0.0,1.9199999999999997
-5.1,45,109.991686,17,final_d15_closed,0,15,closed,0.0,-5.1
2.2,55,110.020956,17,final_d19_closed,0,19,closed,0.0,2.1999999999999997
1.92,48,110.047121,17,final_d17_open,0,17,open,1.0,1.9199999999999997
1.31,29,110.063788,17,d17_medium,2,17,closed,0.0,1.3099999999999998
2.4,55,110.093347,17,final_d19_closed,0,19,closed,0.0,2.3999999999999995
3.48,42,110.116652,17,d17_medium,2,17,closed,0.0,3.480000000000002
3.48,42,110.140299,17,d17_medium,2,17,closed,0.0,3.480000000000002
4.14,36,110.160599,17,d15_direct,2,15,open,1.0,4.140000000000002
-5.1,45,110.185406,17,final_d15_closed,0,15,closed,0.0,-5.1
4.14,36,110.206183,17,d15_direct,2,15,open,1.0,4.140000000000002
3.48,42,110.229888,17,d17_medium,2,17,closed,0.0,3.480000000000002
1.92,48,110.255661,17,final_d17_closed,0,17,closed,0.0,1.9199999999999997
4.02,48,110.282691,17,d19_detour,2,19,closed,0.0,4.020000000000003
-0.0,55,110.31179,17,final_d19_open,0,19,open,1.0,-8.881784197001252e-16
1.92,48,110.337621,17,final_d17_open,0,17,open,1.0,1.9199999999999997
2.28,52,110.365491,17,final_d19_open,0,19,open,1.0,2.2799999999999994
-5.1,45,110.389864,17,final_d15_closed,0,15,closed,0.0,-5.1
-5.1,45,110.41428,17,final_d15_closed,0,15,closed,0.0,-5.1
1.92,48,110.439955,17,final_d17_open,0,17,open,1.0,1.9199999999999997
1.92,48,110.465877,17,final_d17_open,0,17,open,1.0,1.9199999999999997
1.92,48,110.492033,17,final_d17_open,0,17,open,1.0,1.9199999999999997
2.46,54,110.521577,17,final_d19_closed,0,19,closed,0.0,2.4599999999999995
2.46,54,110.551184,17,final_d19_open,0,19,open,1.0,2.4599999999999995
-0.54,49,110.578267,17,final_d17_closed,0,17,closed,0.0,-0.5399999999999996
2.58,42,110.601306,17,final_d15_open,0,15,open,1.0,2.5799999999999996
2.58,42,110.624322,17,final_d15_open,0,15,open,1.0,2.5799999999999996
3.48,42,110.648243,17,d17_medium,2,17,closed,0.0,3.480000000000002
2.46,54,110.677958,17,final_d19_open,0,19,open,1.0,2.4599999999999995
4.14,36,110.698708,17,d15_direct,2,15,open,1.0,4.140000000000002
2.58,42,110.722117,17,final_d15_open,0,15,open,1.0,2.5799999999999996
4.02,48,110.749381,17,d19_detour,2,19,closed,0.0,4.020000000000003
2.46,54,110.778124,17,final_d19_closed,0,19,closed,0.0,2.4599999999999995
1.92,48,110.803931,17,final_d17_closed,0,17,closed,0.0,1.9199999999999997
2.14,46,110.829497,17,final_d17_open,0,17,open,1.0,2.1399999999999997
-4.75,45,110.853859,17,final_d15_closed,0,15,closed,0.0,-4.749999999999998
2.46,54,110.88312,17,final_d19_closed,0,19,closed,0.0,2.4599999999999995
1.86,49,110.909466,17,final_d17_open,0,17,open,1.0,1.8599999999999997
3.48,42,110.933282,17,d17_medium,2,17,closed,0.0,3.480000000000002
0.1,55,110.962996,17,final_d19_open,0,19,open,1.0,0.09999999999999964
1.92,48,110.988911,17,final_d17_open,0,17,open,1.0,1.9199999999999997
4.02,48,111.230806,17,d19_detour,2,19,closed,0.0,4.020000000000003
3.48,42,111.254594,17,d17_medium,2,17,closed,0.0,3.480000000000002
2.08,47,111.281382,17,final_d17_open,0,17,open,1.0,2.0799999999999996
2.4,55,111.311324,17,final_d19_open,0,19,open,1.0,2.3999999999999995
2.46,54,111.340596,17,final_d19_open,0,19,open,1.0,2.4599999999999995
-4.9,45,111.364849,17,final_d15_closed,0,15,closed,0.0,-4.9
1.92,48,111.391093,17,final_d17_open,0,17,open,1.0,1.9199999999999997
2.46,54,111.421164,17,final_d19_open,0,19,open,1.0,2.4599999999999995
2.26,54,111.450748,17,final_d19_closed,0,19,closed,0.0,2.26
4.14,36,111.471503,17,d15_direct,2,15,open,1.0,4.140000000000002
3.48,42,111.496371,17,d17_medium,2,17,closed,0.0,3.480000000000002
0.12,43,111.520231,17,final_d15_open,0,15,open,1.0,0.11999999999999966
2.46,54,111.549464,17,final_d19_closed,0,19,closed,0.0,2.4599999999999995
2.46,54,111.578405,17,final_d19_open,0,19,open,1.0,2.4599999999999995
2.46,54,111.607553,17,final_d19_open,0,19,open,1.0,2.4599999999999995
-0.49,49,111.634214,17,final_d17_closed,0,17,closed,0.0,-0.4900000000000009
-5.1,45,111.659013,17,final_d15_closed,0,15,closed,0.0,-5.1
2.46,54,111.688423,17,final_d19_open,0,19,open,1.0,2.4599999999999995
4.02,48,111.715754,17,d19_detour,2,19,closed,0.0,4.020000000000003
2.46,54,111.745213,17,final_d19_open,0,19,open,1.0,2.4599999999999995
3.48,42,111.769116,17,d17_medium,2,17,closed,0.0,3.480000000000002
-4.8,45,111.793702,17,final_d15_closed,0,15,closed,0.0,-4.799999999999999
2.4,55,111.823244,17,final_d19_closed,0,19,closed,0.0,2.3999999999999995
4.14,36,111.844301,17,d15_direct,2,15,open,1.0,4.140000000000002
1.67,33,111.863437,17,d19_detour,2,19,closed,0.0,1.6699999999999997
2.46,54,111.89272,17,final_d19_open,0,19,open,1.0,2.4599999999999995
4.02,48,111.919388,17,d19_detour,2,19,closed,0.0,4.020000000000003
-5.1,45,111.943815,17,final_d15_closed,0,15,closed,0.0,-5.1
4.14,36,111.964226,17,d15_direct,2,15,open,1.0,4.140000000000002
4.02,48,111.99068,17,d19_detour,2,19,closed,0.0,4.020000000000003
1.75,25,112.006093,17,d15_direct,2,15,open,1.0,1.7499999999999998
0.12,43,112.028533,17,final_d15_open,0,15,open,1.0,0.11999999999999966
4.14,36,112.049197,17,d15_direct,2,15,open,1.0,4.140000000000002
1.12,43,112.072539,17,d17_medium,2,17,closed,0.0,1.1199999999999992
1.31,29,112.089204,17,d17_medium,2,17,closed,0.0,1.3099999999999998
2.58,42,112.113998,17,final_d15_open,0,15,open,1.0,2.5799999999999996
2.46,54,112.14245,17,final_d19_open,0,19,open,1.0,2.4599999999999995
3.48,42,112.166187,17,d17_medium,2,17,closed,0.0,3.480000000000002
3.48,42,112.19092,17,d17_medium,2,17,closed,0.0,3.480000000000002
2.46,54,112.222182,17,final_d19_open,0,19,open,1.0,2.4599999999999995
3.48,42,112.245966,17,d17_medium,2,17,closed,0.0,3.480000000000002
1.31,29,112.262423,17,d17_medium,2,17,closed,0.0,1.3099999999999998
1.92,48,112.288875,17,final_d17_open,0,17,open,1.0,1.9199999999999997
3.42,43,112.313065,17,d17_medium,2,17,closed,0.0,3.4200000000000017
1.92,48,112.338939,17,final_d17_open,0,17,open,1.0,1.9199999999999997
1.92,48,112.587818,17,final_d17_open,0,17,open,1.0,1.9199999999999997
1.92,48,112.615368,17,final_d17_closed,0,17,closed,0.0,1.9199999999999997
1.92,48,112.641665,17,final_d17_closed,0,17,closed,0.0,1.9199999999999997
0.1,55,112.671276,17,final_d19_closed,0,19,closed,0.0,0.0999999999999992
4.14,36,112.691801,17,d15_direct,2,15,open,1.0,4.140000000000002
1.92,48,112.719061,17,final_d17_open,0,17,open,1.0,1.9199999999999997
1.75,25,112.733795,17,d15_direct,2,15,open,1.0,1.7499999999999998
-4.8,45,112.758945,17,final_d15_closed,0,15,closed,0.0,-4.799999999999998
3.48,42,112.782825,17,d17_medium,2,17,closed,0.0,3.480000000000002
2.58,42,112.806238,17,final_d15_open,0,15,open,1.0,2.5799999999999996
-0.64,14,112.814982,17,d15_direct,2,15,open,1.0,-0.6400000000000001
-5.1,45,112.840933,17,final_d15_closed,0,15,closed,0.0,-5.1
0.1,55,112.869599,17,final_d19_open,0,19,open,1.0,0.0999999999999992
1.92,48,112.894643,17,final_d17_open,0,17,open,1.0,1.9199999999999997
-5.1,45,112.918989,17,final_d15_closed,0,15,closed,0.0,-5.1
4.14,36,112.939207,17,d15_direct,2,15,open,1.0,4.140000000000002
-4.5,45,112.96385,17,final_d15_closed,0,15,closed,0.0,-4.499999999999998
2.46,54,112.993207,17,final_d19_closed,0,19,closed,0.0,2.4599999999999995
1.92,48,113.019893,17,final_d17_closed,0,17,closed,0.0,1.9199999999999997
1.92,48,113.047506,17,final_d17_closed,0,17,closed,0.0,1.9199999999999997
-4.75,45,113.0716,17,final_d15_closed,0,15,closed,0.0,-4.749999999999998
-0.09,49,113.097441,17,final_d17_closed,0,17,closed,0.0,-0.09000000000000052
2.58,42,113.120095,17,final_d15_open,0,15,open,1.0,2.5799999999999996
2.46,54,113.148353,17,final_d19_closed,0,19,closed,0.0,2.4599999999999995
3.48,42,113.171561,17,d17_medium,2,17,closed,0.0,3.480000000000002
2.46,54,113.200828,17,final_d19_open,0,19,open,1.0,2.4599999999999995
1.92,48,113.226876,17,final_d17_open,0,17,open,1.0,1.9199999999999997
1.67,33,113.245564,17,d19_detour,2,19,closed,0.0,1.6699999999999997
2.46,54,113.274046,17,final_d19_open,0,19,open,1.0,2.4599999999999995
4.02,48,113.299886,17,d19_detour,2,19,closed,0.0,4.020000000000003
4.02,48,113.325735,17,d19_detour,2,19,closed,0.0,4.020000000000003
2.26,54,113.353758,17,final_d19_open,0,19,open,1.0,2.26
2.46,54,113.381768,17,final_d19_open,0,19,open,1.0,2.4599999999999995
3.48,42,113.404963,17,d17_medium,2,17,closed,0.0,3.480000000000002
2.58,42,113.427489,17,final_d15_open,0,15,open,1.0,2.5799999999999996
-0.09,49,113.453125,17,final_d17_closed,0,17,closed,0.0,-0.09000000000000052
-5.1,45,113.477392,17,final_d15_closed,0,15,closed,0.0,-5.1
2.26,54,113.506977,17,final_d19_closed,0,19,closed,0.0,2.26
2.46,54,113.534962,17,final_d19_closed,0,19,closed,0.0,2.4599999999999995
2.06,54,113.562771,17,final_d19_open,0,19,open,1.0,2.0599999999999996
2.46,54,113.59073,17,final_d19_open,0,19,open,1.0,2.4599999999999995
1.75,25,113.604765,17,d15_direct,2,15,open,1.0,1.7499999999999998
2.26,54,113.632914,17,final_d19_closed,0,19,closed,0.0,2.26
3.48,42,113.655749,17,d17_medium,2,17,closed,0.0,3.480000000000002
3.48,42,113.6787,17,d17_medium,2,17,closed,0.0,3.480000000000002
1.92,48,113.94718,17,final_d17_closed,0,17,closed,0.0,1.9199999999999997
3.48,42,113.970536,17,d17_medium,2,17,closed,0.0,3.480000000000002
2.46,54,113.999046,17,final_d19_open,0,19,open,1.0,2.4599999999999995
2.58,42,114.021617,17,final_d15_open,0,15,open,1.0,2.5799999999999996
4.02,48,114.047793,17,d19_detour,2,19,closed,0.0,4.020000000000003
1.92,48,114.074556,17,final_d17_closed,0,17,closed,0.0,1.9199999999999997
1.92,48,114.100663,17,final_d17_open,0,17,open,1.0,1.9199999999999997
1.86,49,114.127008,17,final_d17_open,0,17,open,1.0,1.8599999999999997
4.02,48,114.153418,17,d19_detour,2,19,closed,0.0,4.020000000000003
1.92,48,114.179322,17,final_d17_closed,0,17,closed,0.0,1.9199999999999997
1.92,48,114.204981,17,final_d17_open,0,17,open,1.0,1.9199999999999997
2.46,54,114.233745,17,final_d19_closed,0,19,closed,0.0,2.4599999999999995
1.31,29,114.25019,17,d17_medium,2,17,closed,0.0,1.3099999999999998
4.02,48,114.277108,17,d19_detour,2,19,closed,0.0,4.020000000000003
-4.45,45,114.301368,17,final_d15_closed,0,15,closed,0.0,-4.449999999999997
2.15,35,114.3216,17,d19_detour,2,19,closed,0.0,2.1499999999999995
2.08,52,114.349277,17,final_d19_open,0,19,open,1.0,2.0799999999999996
1.92,48,114.375829,17,final_d17_open,0,17,open,1.0,1.9199999999999997
2.58,42,114.398652,17,final_d15_open,0,15,open,1.0,2.5799999999999996
2.46,54,114.427899,17,final_d19_open,0,19,open,1.0,2.4599999999999995
3.48,42,114.450987,17,d17_medium,2,17,closed,0.0,3.480000000000002
1.92,48,114.476314,17,final_d17_closed,0,17,closed,0.0,1.9199999999999997
-4.4,45,114.500095,17,final_d15_closed,0,15,closed,0.0,-4.399999999999997
4.02,48,114.52619,17,d19_detour,2,19,closed,0.0,4.020000000000003
1.75,25,114.540445,17,d15_direct,2,15,open,1.0,1.7499999999999998
1.92,48,114.565965,17,final_d17_closed,0,17,closed,0.0,1.9199999999999997
1.92,48,114.591308,17,final_d17_open,0,17,open,1.0,1.9199999999999997
-0.45,55,114.619828,17,final_d19_closed,0,19,closed,0.0,-0.4500000000000013
-5.0,45,114.643375,17,final_d15_closed,0,15,closed,0.0,-5.0
2.46,54,114.671547,17,final_d19_open,0,19,open,1.0,2.4599999999999995
2.58,42,114.693773,17,final_d15_open,0,15,open,1.0,2.5799999999999996
2.46,54,114.721941,17,final_d19_closed,0,19,closed,0.0,2.4599999999999995
1.92,48,114.747279,17,final_d17_open,0,17,open,1.0,1.9199999999999997
-5.1,45,114.771359,17,final_d15_closed,0,15,closed,0.0,-5.1
4.14,36,114.791785,17,d15_direct,2,15,open,1.0,4.140000000000002
1.92,48,114.817219,17,final_d17_open,0,17,open,1.0,1.9199999999999997
4.02,48,114.843429,17,d19_detour,2,19,closed,0.0,4.020000000000003
0.11,49,114.869293,17,final_d17_closed,0,17,closed,0.0,0.10999999999999965
3.48,42,114.892595,17,d17_medium,2,17,closed,0.0,3.480000000000002
2.1,40,114.914602,17,d19_detour,2,19,closed,0.0,2.0999999999999996
2.52,43,114.937526,17,final_d15_open,0,15,open,1.0,2.5199999999999996
2.46,54,114.966104,17,final_d19_open,0,19,open,1.0,2.4599999999999995
-4.7,45,114.989855,17,final_d15_closed,0,15,closed,0.0,-4.700000000000001
1.75,25,115.004149,17,d15_direct,2,15,open,1.0,1.7499999999999998
1.92,48,115.029529,17,final_d17_open,0,17,open,1.0,1.9199999999999997
1.92,48,115.266648,17,final_d17_open,0,17,open,1.0,1.9199999999999997
1.92,48,115.29256,17,final_d17_open,0,17,open,1.0,1.9199999999999997
-4.8,45,115.316647,17,final_d15_closed,0,15,closed,0.0,-4.800000000000001
1.92,48,115.342298,17,final_d17_open,0,17,open,1.0,1.9199999999999997
2.52,43,115.365107,17,final_d15_open,0,15,open,1.0,2.5199999999999996
2.46,54,115.393822,17,final_d19_open,0,19,open,1.0,2.4599999999999995
1.67,33,115.412443,17,d19_detour,2,19,closed,0.0,1.6699999999999997
1.92,48,115.438333,17,final_d17_open,0,17,open,1.0,1.9199999999999997
2.26,54,115.467257,17,final_d19_closed,0,19,closed,0.0,2.26
4.02,48,115.493333,17,d19_detour,2,19,closed,0.0,4.020000000000003
2.4,55,115.522761,17,final_d19_closed,0,19,closed,0.0,2.3999999999999995
2.58,42,115.545677,17,final_d15_open,0,15,open,1.0,2.5799999999999996
-0.64,14,115.554214,17,d15_direct,2,15,open,1.0,-0.6400000000000001
2.58,42,115.576365,17,final_d15_open,0,15,open,1.0,2.5799999999999996
3.48,42,115.599628,17,d17_medium,2,17,closed,0.0,3.480000000000002
2.58,42,115.621982,17,final_d15_open,0,15,open,1.0,2.5799999999999996
-4.7,45,115.645941,17,final_d15_closed,0,15,closed,0.0,-4.6999999999999975
-0.25,55,115.674716,17,final_d19_open,0,19,open,1.0,-0.2500000000000011
-0.64,14,115.683135,17,d15_direct,2,15,open,1.0,-0.6400000000000001
2.46,54,115.711554,17,final_d19_closed,0,19,closed,0.0,2.4599999999999995
-4.75,45,115.735627,17,final_d15_closed,0,15,closed,0.0,-4.749999999999998
-2.81,56,115.764414,17,final_d19_closed,0,19,closed,0.0,-2.8100000000000014
4.02,48,115.790333,17,d19_detour,2,19,closed,0.0,4.020000000000003
3.48,42,115.813565,17,d17_medium,2,17,closed,0.0,3.480000000000002
-4.65,45,115.837533,17,final_d15_closed,0,15,closed,0.0,-4.649999999999999
2.46,54,115.866657,17,final_d19_open,0,19,open,1.0,2.4599999999999995
3.48,42,115.889786,17,d17_medium,2,17,closed,0.0,3.480000000000002
-4.8,45,115.91372,17,final_d15_closed,0,15,closed,0.0,-4.799999999999998
4.02,48,115.940251,17,d19_detour,2,19,closed,0.0,4.020000000000003
4.14,36,115.960246,17,d15_direct,2,15,open,1.0,4.140000000000002
3.48,42,115.983509,17,d17_medium,2,17,closed,0.0,3.480000000000002
1.92,48,116.008787,17,final_d17_open,0,17,open,1.0,1.9199999999999997
-4.75,45,116.032606,17,final_d15_closed,0,15,closed,0.0,-4.749999999999998
0.1,55,116.061377,17,final_d19_open,0,19,open,1.0,0.09999999999999964
0.1,55,116.090424,17,final_d19_closed,0,19,closed,0.0,0.0999999999999992
-5.1,45,116.114386,17,final_d15_closed,0,15,closed,0.0,-5.1
1.92,48,116.139744,17,final_d17_closed,0,17,closed,0.0,1.9199999999999997
2.46,54,116.169172,17,final_d19_closed,0,19,closed,0.0,2.4599999999999995
-4.4,45,116.193639,17,final_d15_closed,0,15,closed,0.0,-4.399999999999997
2.08,52,116.221183,17,final_d19_open,0,19,open,1.0,2.0799999999999996
1.92,48,116.246518,17,final_d17_open,0,17,open,1.0,1.9199999999999997
2.58,42,116.269963,17,final_d15_open,0,15,open,1.0,2.5799999999999996
4.02,48,116.296083,17,d19_detour,2,19,closed,0.0,4.020000000000003
-0.69,49,116.322206,17,final_d17_closed,0,17,closed,0.0,-0.6899999999999982
3.48,42,116.345575,17,d17_medium,2,17,closed,0.0,3.480000000000002
3.48,42,116.582963,17,d17_medium,2,17,closed,0.0,3.480000000000002
-5.0,45,116.606951,17,final_d15_closed,0,15,closed,0.0,-5.0
2.15,35,116.626522,17,d19_detour,2,19,closed,0.0,2.1499999999999995
1.92,48,116.65192,17,final_d17_open,0,17,open,1.0,1.9199999999999997
-4.4,45,116.676763,17,final_d15_closed,0,15,closed,0.0,-4.4
1.92,48,116.702046,17,final_d17_open,0,17,open,1.0,1.9199999999999997
1.92,48,116.728182,17,final_d17_closed,0,17,closed,0.0,1.9199999999999997
4.02,48,116.755662,17,d19_detour,2,19,closed,0.0,4.020000000000003
1.92,48,116.781638,17,final_d17_closed,0,17,closed,0.0,1.9199999999999997
2.46,54,116.811984,17,final_d19_open,0,19,open,1.0,2.4599999999999995
2.46,54,116.841535,17,final_d19_open,0,19,open,1.0,2.4599999999999995
0.28,22,116.854416,17,d19_detour,2,19,closed,0.0,0.2799999999999998
1.92,48,116.880196,17,final_d17_open,0,17,open,1.0,1.9199999999999997
1.92,48,116.906581,17,final_d17_closed,0,17,closed,0.0,1.9199999999999997
1.75,25,116.921023,17,d15_direct,2,15,open,1.0,1.7499999999999998
0.32,43,116.945076,17,final_d15_open,0,15,open,1.0,0.3199999999999996
3.48,42,116.968575,17,d17_medium,2,17,closed,0.0,3.480000000000002
1.92,48,116.994436,17,final_d17_open,0,17,open,1.0,1.9199999999999997
2.15,35,117.014248,17,d19_detour,2,19,closed,0.0,2.1499999999999995
4.02,48,117.041187,17,d19_detour,2,19,closed,0.0,4.020000000000003
4.02,48,117.067296,17,d19_detour,2,19,closed,0.0,4.020000000000003
-5.0,45,117.091057,17,final_d15_closed,0,15,closed,0.0,-5.0
1.92,48,117.116502,17,final_d17_closed,0,17,closed,0.0,1.9199999999999997
0.32,43,117.139458,17,final_d15_open,0,15,open,1.0,0.3199999999999996
-0.25,55,117.168003,17,final_d19_open,0,19,open,1.0,-0.2500000000000011
2.46,54,117.196569,17,final_d19_closed,0,19,closed,0.0,2.4599999999999995
2.26,54,117.225167,17,final_d19_closed,0,19,closed,0.0,2.26
2.46,54,117.25395,17,final_d19_open,0,19,open,1.0,2.4599999999999995
1.92,48,117.280525,17,final_d17_closed,0,17,closed,0.0,1.9199999999999997
2.15,35,117.299992,17,d19_detour,2,19,closed,0.0,2.1499999999999995
2.58,42,117.322449,17,final_d15_open,0,15,open,1.0,2.5799999999999996
2.26,54,117.350755,17,final_d19_closed,0,19,closed,0.0,2.26
4.02,48,117.377491,17,d19_detour,2,19,closed,0.0,4.020000000000003
1.92,48,117.403271,17,final_d17_closed,0,17,closed,0.0,1.9199999999999997
1.92,48,117.428731,17,final_d17_closed,0,17,closed,0.0,1.9199999999999997
2.46,54,117.457271,17,final_d19_closed,0,19,closed,0.0,2.4599999999999995
2.26,54,117.485801,17,final_d19_closed,0,19,closed,0.0,2.26
4.02,48,117.513265,17,d19_detour,2,19,closed,0.0,4.020000000000003
2.26,54,117.542338,17,final_d19_closed,0,19,closed,0.0,2.26
2.58,42,117.565328,17,final_d15_open,0,15,open,1.0,2.5799999999999996
0.15,55,117.594209,17,final_d19_open,0,19,open,1.0,0.14999999999999947
0.25,55,117.623161,17,final_d19_open,0,19,open,1.0,0.24999999999999956
0.37,43,117.646609,17,final_d15_open,0,15,open,1.0,0.36999999999999966
3.48,42,117.670166,17,d17_medium,2,17,closed,0.0,3.480000000000002
-0.25,55,117.916837,17,final_d19_closed,0,19,closed,0.0,-0.2500000000000011
4.14,36,117.937001,17,d15_direct,2,15,open,1.0,4.140000000000002
2.58,42,117.960125,17,final_d15_open,0,15,open,1.0,2.5799999999999996
1.67,33,117.979115,17,d19_detour,2,19,closed,0.0,1.6699999999999997
1.86,49,118.005056,17,final_d17_open,0,17,open,1.0,1.8599999999999997
1.92,48,118.030487,17,final_d17_closed,0,17,closed,0.0,1.9199999999999997
1.61,34,118.049311,17,d19_detour,2,19,closed,0.0,1.6099999999999997
1.92,48,118.074743,17,final_d17_open,0,17,open,1.0,1.9199999999999997
4.14,36,118.094591,17,d15_direct,2,15,open,1.0,4.140000000000002
1.31,29,118.110883,17,d17_medium,2,17,closed,0.0,1.3099999999999998
-4.8,45,118.135248,17,final_d15_closed,0,15,closed,0.0,-4.799999999999999
2.28,52,118.162609,17,final_d19_open,0,19,open,1.0,2.2799999999999994
2.26,54,118.191014,17,final_d19_open,0,19,open,1.0,2.26
4.14,36,118.211103,17,d15_direct,2,15,open,1.0,4.140000000000002
2.26,54,118.239771,17,final_d19_open,0,19,open,1.0,2.26
1.92,48,118.265199,17,final_d17_closed,0,17,closed,0.0,1.9199999999999997
1.92,48,118.290331,17,final_d17_closed,0,17,closed,0.0,1.9199999999999997
2.26,54,118.3193,17,final_d19_closed,0,19,closed,0.0,2.26
4.02,48,118.345433,17,d19_detour,2,19,closed,0.0,4.020000000000003
1.92,48,118.370659,17,final_d17_closed,0,17,closed,0.0,1.9199999999999997
1.92,48,118.396011,17,final_d17_open,0,17,open,1.0,1.9199999999999997
1.92,48,118.421248,17,final_d17_open,0,17,open,1.0,1.9199999999999997
3.48,42,118.444526,17,d17_medium,2,17,closed,0.0,3.480000000000002
-0.64,14,118.453095,17,d15_direct,2,15,open,1.0,-0.6400000000000001
-4.75,45,118.477182,17,final_d15_closed,0,15,closed,0.0,-4.75
0.12,43,118.500033,17,final_d15_open,0,15,open,1.0,0.11999999999999922
2.15,35,118.519632,17,d19_detour,2,19,closed,0.0,2.1500000000000004
-5.1,45,118.545892,17,final_d15_closed,0,15,closed,0.0,-5.1
2.58,42,118.568541,17,final_d15_open,0,15,open,1.0,2.5799999999999996
4.14,36,118.588469,17,d15_direct,2,15,open,1.0,4.140000000000002
-0.64,14,118.597019,17,d15_direct,2,15,open,1.0,-0.6400000000000001
2.15,35,118.616471,17,d19_detour,2,19,closed,0.0,2.1499999999999995
4.14,36,118.636373,17,d15_direct,2,15,open,1.0,4.140000000000002
4.14,36,118.656749,17,d15_direct,2,15,open,1.0,4.140000000000002
-4.8,45,118.680762,17,final_d15_closed,0,15,closed,0.0,-4.799999999999999
4.14,36,118.700849,17,d15_direct,2,15,open,1.0,4.140000000000002
2.4,55,118.729643,17,final_d19_open,0,19,open,1.0,2.3999999999999995
3.48,42,118.753113,17,d17_medium,2,17,closed,0.0,3.480000000000002
2.2,55,118.782538,17,final_d19_open,0,19,open,1.0,2.1999999999999993
1.92,48,118.808459,17,final_d17_open,0,17,open,1.0,1.9199999999999997
-4.15,45,118.832853,17,final_d15_closed,0,15,closed,0.0,-4.149999999999998
4.02,48,118.859855,17,d19_detour,2,19,closed,0.0,4.020000000000003
1.92,48,118.88583,17,final_d17_open,0,17,open,1.0,1.9199999999999997
0.1,55,118.915571,17,final_d19_closed,0,19,closed,0.0,0.09999999999999964
1.92,48,118.941522,17,final_d17_open,0,17,open,1.0,1.9199999999999997
4.14,36,118.962125,17,d15_direct,2,15,open,1.0,4.140000000000002
1.92,48,118.9881,17,final_d17_open,0,17,open,1.0,1.9199999999999997
2.46,54,119.232906,17,final_d19_closed,0,19,closed,0.0,2.4599999999999995
2.26,54,119.261988,17,final_d19_open,0,19,open,1.0,2.26
4.02,48,119.288393,17,d19_detour,2,19,closed,0.0,4.020000000000003
2.58,42,119.310987,17,final_d15_open,0,15,open,1.0,2.5799999999999996
-5.1,45,119.335935,17,final_d15_closed,0,15,closed,0.0,-5.1
1.12,43,119.359778,17,d17_medium,2,17,closed,0.0,1.1199999999999992
-5.1,45,119.384315,17,final_d15_closed,0,15,closed,0.0,-5.1
1.92,48,119.410758,17,final_d17_closed,0,17,closed,0.0,1.9199999999999997
3.48,42,119.434309,17,d17_medium,2,17,closed,0.0,3.480000000000002
2.46,54,119.464201,17,final_d19_open,0,19,open,1.0,2.4599999999999995
2.58,42,119.486975,17,final_d15_open,0,15,open,1.0,2.5799999999999996
2.58,42,119.510212,17,final_d15_open,0,15,open,1.0,2.5799999999999996
0.32,43,119.533455,17,final_d15_open,0,15,open,1.0,0.3199999999999996
2.14,46,119.558532,17,final_d17_open,0,17,open,1.0,2.1399999999999997
2.4,55,119.587964,17,final_d19_open,0,19,open,1.0,2.3999999999999995
-5.1,45,119.613053,17,final_d15_closed,0,15,closed,0.0,-5.1
1.67,33,119.631516,17,d19_detour,2,19,closed,0.0,1.6699999999999997
1.92,48,119.657562,17,final_d17_closed,0,17,closed,0.0,1.9199999999999997
1.92,48,119.683614,17,final_d17_open,0,17,open,1.0,1.9199999999999997
4.14,36,119.704901,17,d15_direct,2,15,open,1.0,4.140000000000002
1.31,29,119.721486,17,d17_medium,2,17,closed,0.0,1.3099999999999998
2.46,54,119.751227,17,final_d19_closed,0,19,closed,0.0,2.4599999999999995
2.58,42,119.77403,17,final_d15_open,0,15,open,1.0,2.5799999999999996
-4.8,45,119.798357,17,final_d15_closed,0,15,closed,0.0,-4.799999999999999
2.46,54,119.82705,17,final_d19_open,0,19,open,1.0,2.4599999999999995
2.58,42,119.850248,17,final_d15_open,0,15,open,1.0,2.5799999999999996
-0.68,18,119.860897,17,d19_detour,2,19,closed,0.0,-0.6800000000000002
2.58,42,119.884034,17,final_d15_open,0,15,open,1.0,2.5799999999999996
2.58,42,119.907379,17,final_d15_open,0,15,open,1.0,2.5799999999999996
2.26,54,119.936249,17,final_d19_closed,0,19,closed,0.0,2.26
4.14,36,119.957994,17,d15_direct,2,15,open,1.0,4.140000000000002
4.08,37,119.979101,17,d15_direct,2,15,open,1.0,4.080000000000002
1.31,29,119.995404,17,d17_medium,2,17,closed,0.0,1.3099999999999998
1.92,48,120.021171,17,final_d17_open,0,17,open,1.0,1.9199999999999997
4.14,36,120.041481,17,d15_direct,2,15,open,1.0,4.140000000000002
2.28,52,120.068857,17,final_d19_closed,0,19,closed,0.0,2.2799999999999994
2.58,42,120.091151,17,final_d15_open,0,15,open,1.0,2.5799999999999996
-0.51,56,120.119935,17,final_d19_open,0,19,open,1.0,-0.5100000000000013
2.58,42,120.142276,17,final_d15_open,0,15,open,1.0,2.5799999999999996
1.92,48,120.168395,17,final_d17_open,0,17,open,1.0,1.9199999999999997
1.92,48,120.193888,17,final_d17_closed,0,17,closed,0.0,1.9199999999999997
2.26,54,120.222123,17,final_d19_open,0,19,open,1.0,2.26
3.48,42,120.24522,17,d17_medium,2,17,closed,0.0,3.480000000000002
4.14,36,120.265691,17,d15_direct,2,15,open,1.0,4.140000000000002
1.92,48,120.291412,17,final_d17_open,0,17,open,1.0,1.9199999999999997
2.46,54,120.31969,17,final_d19_closed,0,19,closed,0.0,2.4599999999999995
3.48,42,120.560273,17,d17_medium,2,17,closed,0.0,3.480000000000002
1.67,33,120.57941,17,d19_detour,2,19,closed,0.0,1.6699999999999997
1.92,48,120.607663,17,final_d17_open,0,17,open,1.0,1.9199999999999997
3.48,42,120.631329,17,d17_medium,2,17,closed,0.0,3.480000000000002
3.48,42,120.654649,17,d17_medium,2,17,closed,0.0,3.480000000000002
3.48,42,120.678064,17,d17_medium,2,17,closed,0.0,3.480000000000002
2.46,54,120.706744,17,final_d19_closed,0,19,closed,0.0,2.4599999999999995
-5.1,45,120.731026,17,final_d15_closed,0,15,closed,0.0,-5.1
4.14,36,120.751,17,d15_direct,2,15,open,1.0,4.140000000000002
3.48,42,120.774317,17,d17_medium,2,17,closed,0.0,3.480000000000002
1.67,33,120.793335,17,d19_detour,2,19,closed,0.0,1.6699999999999997
-4.75,45,120.817456,17,final_d15_closed,0,15,closed,0.0,-4.75
1.92,48,120.842989,17,final_d17_open,0,17,open,1.0,1.9199999999999997
1.92,48,120.86841,17,final_d17_open,0,17,open,1.0,1.9199999999999997
3.48,42,120.892047,17,d17_medium,2,17,closed,0.0,3.480000000000002
4.02,48,120.918305,17,d19_detour,2,19,closed,0.0,4.020000000000003
2.58,42,120.940747,17,final_d15_open,0,15,open,1.0,2.5799999999999996
1.92,48,120.966165,17,final_d17_closed,0,17,closed,0.0,1.9199999999999997
2.46,54,120.994479,17,final_d19_closed,0,19,closed,0.0,2.4599999999999995
1.92,48,121.019926,17,final_d17_closed,0,17,closed,0.0,1.9199999999999997
1.92,48,121.045237,17,final_d17_open,0,17,open,1.0,1.9199999999999997
4.14,36,121.065641,17,d15_direct,2,15,open,1.0,4.140000000000002
2.46,54,121.09383,17,final_d19_open,0,19,open,1.0,2.4599999999999995
3.48,42,121.117148,17,d17_medium,2,17,closed,0.0,3.480000000000002
2.46,54,121.146113,17,final_d19_closed,0,19,closed,0.0,2.4599999999999995
1.92,48,121.171985,17,final_d17_open,0,17,open,1.0,1.9199999999999997
2.58,42,121.194314,17,final_d15_open,0,15,open,1.0,2.5799999999999996
1.92,48,121.219688,17,final_d17_closed,0,17,closed,0.0,1.9199999999999997
2.46,54,121.248701,17,final_d19_open,0,19,open,1.0,2.4599999999999995
1.67,33,121.267114,17,d19_detour,2,19,closed,0.0,1.6699999999999997
2.46,54,121.295946,17,final_d19_open,0,19,open,1.0,2.4599999999999995
-0.25,55,121.324197,17,final_d19_open,0,19,open,1.0,-0.2500000000000011
1.92,48,121.34973,17,final_d17_closed,0,17,closed,0.0,1.9199999999999997
-0.25,55,121.378764,17,final_d19_closed,0,19,closed,0.0,-0.2500000000000011
2.58,42,121.401054,17,final_d15_open,0,15,open,1.0,2.5799999999999996
-5.1,45,121.424997,17,final_d15_closed,0,15,closed,0.0,-5.1
-5.1,45,121.449533,17,final_d15_closed,0,15,closed,0.0,-5.1
2.46,54,121.478284,17,final_d19_open,0,19,open,1.0,2.4599999999999995
2.46,54,121.506864,17,final_d19_open,0,19,open,1.0,2.4599999999999995
4.14,36,121.527044,17,d15_direct,2,15,open,1.0,4.140000000000002
-5.1,45,121.55144,17,final_d15_closed,0,15,closed,0.0,-5.1
1.92,48,121.577081,17,final_d17_closed,0,17,closed,0.0,1.9199999999999997
2.52,43,121.600516,17,final_d15_open,0,15,open,1.0,2.5199999999999996
1.92,48,121.625915,17,final_d17_closed,0,17,closed,0.0,1.9199999999999997
4.14,36,121.645953,17,d15_direct,2,15,open,1.0,4.140000000000002
2.26,54,121.889365,17,final_d19_closed,0,19,closed,0.0,2.26
-5.1,45,121.913924,17,final_d15_closed,0,15,closed,0.0,-5.1
1.92,48,121.941019,17,final_d17_closed,0,17,closed,0.0,1.9199999999999997
3.48,42,121.964746,17,d17_medium,2,17,closed,0.0,3.480000000000002
-0.1,55,121.993865,17,final_d19_open,0,19,open,1.0,-0.10000000000000075
2.26,54,122.021915,17,final_d19_open,0,19,open,1.0,2.26
4.14,36,122.041847,17,d15_direct,2,15,open,1.0,4.140000000000002
-4.75,45,122.065542,17,final_d15_closed,0,15,closed,0.0,-4.749999999999998
2.58,42,122.088623,17,final_d15_open,0,15,open,1.0,2.5799999999999996
-4.9,45,122.112045,17,final_d15_closed,0,15,closed,0.0,-4.9
4.14,36,122.131781,17,d15_direct,2,15,open,1.0,4.140000000000002
2.58,42,122.153991,17,final_d15_open,0,15,open,1.0,2.5799999999999996
2.46,54,122.182014,17,final_d19_closed,0,19,closed,0.0,2.4599999999999995
1.92,48,122.207181,17,final_d17_closed,0,17,closed,0.0,1.9199999999999997
3.96,49,122.233937,17,d19_detour,2,19,closed,0.0,3.9600000000000026
1.92,48,122.259557,17,final_d17_closed,0,17,closed,0.0,1.9199999999999997
2.58,42,122.281637,17,final_d15_open,0,15,open,1.0,2.5799999999999996
2.58,42,122.304707,17,final_d15_open,0,15,open,1.0,2.5799999999999996
4.02,48,122.330512,17,d19_detour,2,19,closed,0.0,4.020000000000003
1.92,48,122.355749,17,final_d17_open,0,17,open,1.0,1.9199999999999997
4.14,36,122.375546,17,d15_direct,2,15,open,1.0,4.140000000000002
4.14,36,122.39555,17,d15_direct,2,15,open,1.0,4.140000000000002
4.02,48,122.421428,17,d19_detour,2,19,closed,0.0,4.020000000000003
1.92,48,122.447178,17,final_d17_open,0,17,open,1.0,1.9199999999999997
1.92,48,122.472418,17,final_d17_open,0,17,open,1.0,1.9199999999999997
1.75,25,122.487034,17,d15_direct,2,15,open,1.0,1.7499999999999998
1.92,48,122.512328,17,final_d17_open,0,17,open,1.0,1.9199999999999997
4.14,36,122.532592,17,d15_direct,2,15,open,1.0,4.140000000000002
2.46,54,122.561541,17,final_d19_open,0,19,open,1.0,2.4599999999999995
3.48,42,122.585176,17,d17_medium,2,17,closed,0.0,3.480000000000002
0.04,56,122.614764,17,final_d19_open,0,19,open,1.0,0.03999999999999959
2.46,54,122.643701,17,final_d19_closed,0,19,closed,0.0,2.4599999999999995
-5.0,45,122.668361,17,final_d15_closed,0,15,closed,0.0,-5.0
1.92,48,122.694803,17,final_d17_open,0,17,open,1.0,1.9199999999999997
2.46,54,122.723402,17,final_d19_open,0,19,open,1.0,2.4599999999999995
1.92,48,122.75022,17,final_d17_closed,0,17,closed,0.0,1.9199999999999997
-5.0,45,122.774598,17,final_d15_closed,0,15,closed,0.0,-5.0
4.14,36,122.79466,17,d15_direct,2,15,open,1.0,4.140000000000002
2.58,42,122.81765,17,final_d15_open,0,15,open,1.0,2.5799999999999996
2.46,54,122.846398,17,final_d19_closed,0,19,closed,0.0,2.4599999999999995
1.92,48,122.871758,17,final_d17_closed,0,17,closed,0.0,1.9199999999999997
1.92,48,122.897117,17,final_d17_closed,0,17,closed,0.0,1.9199999999999997
4.02,48,122.923267,17,d19_detour,2,19,closed,0.0,4.020000000000003
4.02,48,122.949417,17,d19_detour,2,19,closed,0.0,4.020000000000003
4.14,36,122.969885,17,d15_direct,2,15,open,1.0,4.140000000000002
3.48,42,123.2109,17,d17_medium,2,17,closed,0.0,3.480000000000002
1.92,48,123.236935,17,final_d17_closed,0,17,closed,0.0,1.9199999999999997
-1.04,34,123.255953,17,d19_detour,2,19,closed,0.0,-1.0400000000000003
1.92,48,123.281883,17,final_d17_open,0,17,open,1.0,1.9199999999999997
2.58,42,123.304735,17,final_d15_open,0,15,open,1.0,2.5799999999999996
1.92,48,123.330637,17,final_d17_open,0,17,open,1.0,1.9199999999999997
3.48,42,123.354509,17,d17_medium,2,17,closed,0.0,3.480000000000002
2.58,42,123.377299,17,final_d15_open,0,15,open,1.0,2.5799999999999996
2.46,54,123.406394,17,final_d19_closed,0,19,closed,0.0,2.4599999999999995
-5.1,45,123.431205,17,final_d15_closed,0,15,closed,0.0,-5.1
4.14,36,123.453182,17,d15_direct,2,15,open,1.0,4.140000000000002
4.14,36,123.475267,17,d15_direct,2,15,open,1.0,4.140000000000002
1.92,48,123.501776,17,final_d17_open,0,17,open,1.0,1.9199999999999997
2.58,42,123.525382,17,final_d15_open,0,15,open,1.0,2.5799999999999996
2.26,54,123.553977,17,final_d19_closed,0,19,closed,0.0,2.26
2.58,42,123.577081,17,final_d15_open,0,15,open,1.0,2.5799999999999996
2.46,54,123.607494,17,final_d19_open,0,19,open,1.0,2.4599999999999995
1.67,33,123.626425,17,d19_detour,2,19,closed,0.0,1.6699999999999997
1.75,25,123.640821,17,d15_direct,2,15,open,1.0,1.7499999999999998
2.46,54,123.669204,17,final_d19_closed,0,19,closed,0.0,2.4599999999999995
1.92,48,123.696177,17,final_d17_closed,0,17,closed,0.0,1.9199999999999997
2.26,54,123.724746,17,final_d19_closed,0,19,closed,0.0,2.26
2.26,54,123.753912,17,final_d19_closed,0,19,closed,0.0,2.26
2.58,42,123.777518,17,final_d15_open,0,15,open,1.0,2.5799999999999996
2.58,42,123.800951,17,final_d15_open,0,15,open,1.0,2.5799999999999996
1.92,48,123.827883,17,final_d17_open,0,17,open,1.0,1.9199999999999997
-0.02,47,123.853531,17,final_d17_open,0,17,open,1.0,-0.020000000000000462
1.92,48,123.880338,17,final_d17_closed,0,17,closed,0.0,1.9199999999999997
0.1,55,123.910872,17,final_d19_open,0,19,open,1.0,0.09999999999999964
1.92,48,123.93662,17,final_d17_open,0,17,open,1.0,1.9199999999999997
2.58,42,123.961471,17,final_d15_open,0,15,open,1.0,2.5799999999999996
1.67,33,123.980082,17,d19_detour,2,19,closed,0.0,1.6699999999999997
1.92,48,124.005897,17,final_d17_closed,0,17,closed,0.0,1.9199999999999997
4.14,36,124.026167,17,d15_direct,2,15,open,1.0,4.140000000000002
2.46,54,124.055004,17,final_d19_closed,0,19,closed,0.0,2.4599999999999995
4.14,36,124.075251,17,d15_direct,2,15,open,1.0,4.140000000000002
2.58,42,124.097934,17,final_d15_open,0,15,open,1.0,2.5799999999999996
1.92,48,124.12475,17,final_d17_closed,0,17,closed,0.0,1.9199999999999997
1.92,48,124.150477,17,final_d17_closed,0,17,closed,0.0,1.9199999999999997
1.92,48,124.176177,17,final_d17_closed,0,17,closed,0.0,1.9199999999999997
3.48,42,124.199599,17,d17_medium,2,17,closed,0.0,3.480000000000002
2.58,42,124.222272,17,final_d15_open,0,15,open,1.0,2.5799999999999996
4.14,36,124.242621,17,d15_direct,2,15,open,1.0,4.140000000000002
-5.1,45,124.266822,17,final_d15_closed,0,15,closed,0.0,-5.1
4.02,48,124.293669,17,d19_detour,2,19,closed,0.0,4.020000000000003
2.46,54,124.322362,17,final_d19_open,0,19,open,1.0,2.4599999999999995
4.02,48,124.56818,17,d19_detour,2,19,closed,0.0,4.020000000000003
4.02,48,124.595568,17,d19_detour,2,19,closed,0.0,4.020000000000003
2.46,54,124.625137,17,final_d19_open,0,19,open,1.0,2.4599999999999995
4.14,36,124.647373,17,d15_direct,2,15,open,1.0,4.140000000000002
-5.1,45,124.671344,17,final_d15_closed,0,15,closed,0.0,-5.1
2.46,54,124.700871,17,final_d19_closed,0,19,closed,0.0,2.4599999999999995
-5.1,45,124.727419,17,final_d15_closed,0,15,closed,0.0,-5.1
1.92,48,124.75533,17,final_d17_closed,0,17,closed,0.0,1.9199999999999997
2.4,55,124.785149,17,final_d19_closed,0,19,closed,0.0,2.3999999999999995
2.58,42,124.808329,17,final_d15_open,0,15,open,1.0,2.5799999999999996
-0.54,49,124.834331,17,final_d17_closed,0,17,closed,0.0,-0.5399999999999996
4.02,48,124.861532,17,d19_detour,2,19,closed,0.0,4.020000000000003
1.92,48,124.888114,17,final_d17_closed,0,17,closed,0.0,1.9199999999999997
2.58,42,124.910997,17,final_d15_open,0,15,open,1.0,2.5799999999999996
2.58,42,124.933321,17,final_d15_open,0,15,open,1.0,2.5799999999999996
2.46,54,124.964015,17,final_d19_open,0,19,open,1.0,2.4599999999999995
4.02,48,124.991234,17,d19_detour,2,19,closed,0.0,4.020000000000003
2.26,54,125.020925,17,final_d19_closed,0,19,closed,0.0,2.26
1.92,48,125.046395,17,final_d17_open,0,17,open,1.0,1.9199999999999997
1.92,48,125.072044,17,final_d17_closed,0,17,closed,0.0,1.9199999999999997
1.31,29,125.08847,17,d17_medium,2,17,closed,0.0,1.3099999999999998
4.02,48,125.114708,17,d19_detour,2,19,closed,0.0,4.020000000000003
1.92,48,125.140385,17,final_d17_closed,0,17,closed,0.0,1.9199999999999997
2.46,54,125.169053,17,final_d19_closed,0,19,closed,0.0,2.4599999999999995
4.14,36,125.18915,17,d15_direct,2,15,open,1.0,4.140000000000002
4.14,36,125.209234,17,d15_direct,2,15,open,1.0,4.140000000000002
3.48,42,125.232643,17,d17_medium,2,17,closed,0.0,3.480000000000002
2.46,54,125.261302,17,final_d19_closed,0,19,closed,0.0,2.4599999999999995
4.14,36,125.281447,17,d15_direct,2,15,open,1.0,4.140000000000002
2.46,54,125.309868,17,final_d19_open,0,19,open,1.0,2.4599999999999995
-5.1,45,125.334149,17,final_d15_closed,0,15,closed,0.0,-5.1
2.46,54,125.362648,17,final_d19_open,0,19,open,1.0,2.4599999999999995
2.46,54,125.39127,17,final_d19_closed,0,19,closed,0.0,2.4599999999999995
4.02,48,125.417636,17,d19_detour,2,19,closed,0.0,4.020000000000003
4.14,36,125.438243,17,d15_direct,2,15,open,1.0,4.140000000000002
2.58,42,125.460895,17,final_d15_open,0,15,open,1.0,2.5799999999999996
2.46,54,125.491191,17,final_d19_open,0,19,open,1.0,2.4599999999999995
4.02,48,125.51776,17,d19_detour,2,19,closed,0.0,4.020000000000003
-0.54,49,125.544138,17,final_d17_closed,0,17,closed,0.0,-0.5400000000000009
-5.1,45,125.568357,17,final_d15_closed,0,15,closed,0.0,-5.1
-0.1,55,125.598104,17,final_d19_closed,0,19,closed,0.0,-0.10000000000000075
1.92,48,125.623768,17,final_d17_closed,0,17,closed,0.0,1.9199999999999997
-0.45,55,125.653132,17,final_d19_closed,0,19,closed,0.0,-0.4500000000000013
0.37,43,125.898853,17,final_d15_open,0,15,open,1.0,0.36999999999999966
-5.1,45,125.924941,17,final_d15_closed,0,15,closed,0.0,-5.1
2.46,54,125.955152,17,final_d19_closed,0,19,closed,0.0,2.4599999999999995
2.46,54,125.984025,17,final_d19_closed,0,19,closed,0.0,2.4599999999999995
2.58,42,126.007429,17,final_d15_open,0,15,open,1.0,2.5799999999999996
2.46,54,126.035991,17,final_d19_open,0,19,open,1.0,2.4599999999999995
-5.1,45,126.060472,17,final_d15_closed,0,15,closed,0.0,-5.1
2.14,36,126.080533,17,d19_detour,2,19,closed,0.0,2.1399999999999997
2.58,42,126.102517,17,final_d15_open,0,15,open,1.0,2.5799999999999996
1.31,29,126.118927,17,d17_medium,2,17,closed,0.0,1.3099999999999998
3.48,42,126.141765,17,d17_medium,2,17,closed,0.0,3.480000000000002
4.14,36,126.16192,17,d15_direct,2,15,open,1.0,4.140000000000002
-0.54,49,126.188026,17,final_d17_closed,0,17,closed,0.0,-0.5400000000000003
1.36,49,126.214195,17,d19_detour,2,19,closed,0.0,1.3599999999999997
2.58,42,126.236869,17,final_d15_open,0,15,open,1.0,2.5799999999999996
2.46,54,126.265217,17,final_d19_open,0,19,open,1.0,2.4599999999999995
2.46,54,126.294095,17,final_d19_closed,0,19,closed,0.0,2.4599999999999995
2.15,35,126.313256,17,d19_detour,2,19,closed,0.0,2.1499999999999995
2.26,54,126.342353,17,final_d19_open,0,19,open,1.0,2.26
2.58,42,126.364643,17,final_d15_open,0,15,open,1.0,2.5799999999999996
1.92,48,126.390336,17,final_d17_open,0,17,open,1.0,1.9199999999999997
1.92,48,126.415974,17,final_d17_closed,0,17,closed,0.0,1.9199999999999997
2.46,54,126.445149,17,final_d19_open,0,19,open,1.0,2.4599999999999995
2.52,43,126.468826,17,final_d15_open,0,15,open,1.0,2.5199999999999996
4.14,36,126.489562,17,d15_direct,2,15,open,1.0,4.140000000000002
-0.2,55,126.519,17,final_d19_closed,0,19,closed,0.0,-0.20000000000000062
-0.25,55,126.552948,17,final_d19_closed,0,19,closed,0.0,-0.24999999999999933
2.26,54,126.58204,17,final_d19_closed,0,19,closed,0.0,2.26
-5.1,45,126.606405,17,final_d15_closed,0,15,closed,0.0,-5.1
-5.1,45,126.630444,17,final_d15_closed,0,15,closed,0.0,-5.1
-5.1,45,126.654952,17,final_d15_closed,0,15,closed,0.0,-5.1
2.58,42,126.678014,17,final_d15_open,0,15,open,1.0,2.5799999999999996
4.02,48,126.704535,17,d19_detour,2,19,closed,0.0,4.020000000000003
2.46,54,126.73453,17,final_d19_open,0,19,open,1.0,2.4599999999999995
1.92,48,126.763938,17,final_d17_open,0,17,open,1.0,1.9199999999999997
3.48,42,126.788426,17,d17_medium,2,17,closed,0.0,3.480000000000002
2.46,54,126.817282,17,final_d19_open,0,19,open,1.0,2.4599999999999995
2.58,42,126.839936,17,final_d15_open,0,15,open,1.0,2.5799999999999996
1.86,49,126.867592,17,final_d17_open,0,17,open,1.0,1.8599999999999997
2.58,42,126.889747,17,final_d15_open,0,15,open,1.0,2.5799999999999996
1.92,48,126.915746,17,final_d17_closed,0,17,closed,0.0,1.9199999999999997
4.02,48,126.942178,17,d19_detour,2,19,closed,0.0,4.020000000000003
1.92,48,126.967105,17,final_d17_closed,0,17,closed,0.0,1.9199999999999997
1.92,48,126.994214,17,final_d17_open,0,17,open,1.0,1.9199999999999997
1.92,48,127.236558,17,final_d17_closed,0,17,closed,0.0,1.9199999999999997
1.92,48,127.262346,17,final_d17_closed,0,17,closed,0.0,1.9199999999999997
2.46,54,127.290839,17,final_d19_open,0,19,open,1.0,2.4599999999999995
-5.1,45,127.315157,17,final_d15_closed,0,15,closed,0.0,-5.1
2.46,54,127.343896,17,final_d19_open,0,19,open,1.0,2.4599999999999995
2.26,54,127.373101,17,final_d19_open,0,19,open,1.0,2.26
3.96,49,127.399929,17,d19_detour,2,19,closed,0.0,3.9600000000000026
2.46,54,127.428552,17,final_d19_closed,0,19,closed,0.0,2.4599999999999995
2.58,42,127.451039,17,final_d15_open,0,15,open,1.0,2.5799999999999996
4.14,36,127.471561,17,d15_direct,2,15,open,1.0,4.140000000000002
1.92,48,127.497696,17,final_d17_closed,0,17,closed,0.0,1.9199999999999997
0.32,43,127.521077,17,final_d15_open,0,15,open,1.0,0.3199999999999996
4.02,48,127.547672,17,d19_detour,2,19,closed,0.0,4.020000000000003
4.02,48,127.57418,17,d19_detour,2,19,closed,0.0,4.020000000000003
3.96,49,127.601032,17,d19_detour,2,19,closed,0.0,3.9600000000000026
2.26,54,127.630156,17,final_d19_open,0,19,open,1.0,2.26
3.48,42,127.65451,17,d17_medium,2,17,closed,0.0,3.480000000000002
2.46,54,127.683202,17,final_d19_closed,0,19,closed,0.0,2.4599999999999995
2.46,54,127.712057,17,final_d19_closed,0,19,closed,0.0,2.4599999999999995
3.48,42,127.735431,17,d17_medium,2,17,closed,0.0,3.480000000000002
4.02,48,127.762059,17,d19_detour,2,19,closed,0.0,4.020000000000003
0.12,43,127.784937,17,final_d15_open,0,15,open,1.0,0.11999999999999966
4.02,48,127.8116,17,d19_detour,2,19,closed,0.0,4.020000000000003
1.92,48,127.837652,17,final_d17_open,0,17,open,1.0,1.9199999999999997
4.02,48,127.864814,17,d19_detour,2,19,closed,0.0,4.020000000000003
2.58,42,127.887936,17,final_d15_open,0,15,open,1.0,2.5799999999999996
1.92,48,127.913826,17,final_d17_open,0,17,open,1.0,1.9199999999999997
1.92,48,127.939878,17,final_d17_closed,0,17,closed,0.0,1.9199999999999997
2.46,54,127.96924,17,final_d19_closed,0,19,closed,0.0,2.4599999999999995
2.58,42,127.993492,17,final_d15_open,0,15,open,1.0,2.5799999999999996
2.58,42,128.01755,17,final_d15_open,0,15,open,1.0,2.5799999999999996
2.58,42,128.040736,17,final_d15_open,0,15,open,1.0,2.5799999999999996
-1.94,44,128.064185,17,final_d15_open,0,15,open,1.0,-1.9399999999999975
2.46,54,128.093032,17,final_d19_open,0,19,open,1.0,2.4599999999999995
2.46,54,128.121668,17,final_d19_open,0,19,open,1.0,2.4599999999999995
4.02,48,128.14882,17,d19_detour,2,19,closed,0.0,4.020000000000003
1.92,48,128.174396,17,final_d17_closed,0,17,closed,0.0,1.9199999999999997
1.92,48,128.199751,17,final_d17_closed,0,17,closed,0.0,1.9199999999999997
2.46,54,128.228113,17,final_d19_open,0,19,open,1.0,2.4599999999999995
3.48,42,128.250949,17,d17_medium,2,17,closed,0.0,3.480000000000002
4.14,36,128.27136,17,d15_direct,2,15,open,1.0,4.140000000000002
1.92,48,128.296641,17,final_d17_open,0,17,open,1.0,1.9199999999999997
2.26,54,128.325201,17,final_d19_open,0,19,open,1.0,2.26
4.02,48,128.576434,17,d19_detour,2,19,closed,0.0,4.020000000000003
2.58,42,128.59922,17,final_d15_open,0,15,open,1.0,2.5799999999999996
4.14,36,128.619443,17,d15_direct,2,15,open,1.0,4.140000000000002
-0.2,20,128.631559,17,d19_detour,2,19,closed,0.0,-0.20000000000000018
1.92,48,128.657388,17,final_d17_closed,0,17,closed,0.0,1.9199999999999997
2.46,54,128.686677,17,final_d19_closed,0,19,closed,0.0,2.4599999999999995
1.92,48,128.713225,17,final_d17_open,0,17,open,1.0,1.9199999999999997
2.46,54,128.741842,17,final_d19_open,0,19,open,1.0,2.4599999999999995
2.58,42,128.764487,17,final_d15_open,0,15,open,1.0,2.5799999999999996
-5.0,45,128.789215,17,final_d15_closed,0,15,closed,0.0,-5.0
1.92,48,128.814748,17,final_d17_closed,0,17,closed,0.0,1.9199999999999997
1.92,48,128.840635,17,final_d17_closed,0,17,closed,0.0,1.9199999999999997
1.92,48,128.866384,17,final_d17_open,0,17,open,1.0,1.9199999999999997
-5.1,45,128.890713,17,final_d15_closed,0,15,closed,0.0,-5.1
-5.0,45,128.914828,17,final_d15_closed,0,15,closed,0.0,-5.0
2.58,42,128.937538,17,final_d15_open,0,15,open,1.0,2.5799999999999996
4.02,48,128.96467,17,d19_detour,2,19,closed,0.0,4.020000000000003
1.75,25,128.979933,17,d15_direct,2,15,open,1.0,1.7499999999999998
3.48,42,129.003381,17,d17_medium,2,17,closed,0.0,3.480000000000002
1.92,48,129.031052,17,final_d17_open,0,17,open,1.0,1.9199999999999997
2.58,42,129.05465,17,final_d15_open,0,15,open,1.0,2.5799999999999996
1.92,48,129.080375,17,final_d17_open,0,17,open,1.0,1.9199999999999997
1.92,48,129.106546,17,final_d17_closed,0,17,closed,0.0,1.9199999999999997
1.92,48,129.132645,17,final_d17_closed,0,17,closed,0.0,1.9199999999999997
-4.75,45,129.157517,17,final_d15_closed,0,15,closed,0.0,-4.749999999999998
1.92,48,129.183196,17,final_d17_open,0,17,open,1.0,1.9199999999999997
2.46,54,129.212357,17,final_d19_open,0,19,open,1.0,2.4599999999999995
4.14,36,129.233202,17,d15_direct,2,15,open,1.0,4.140000000000002
2.46,54,129.262004,17,final_d19_closed,0,19,closed,0.0,2.4599999999999995
1.92,48,129.288735,17,final_d17_closed,0,17,closed,0.0,1.9199999999999997
1.92,48,129.314482,17,final_d17_closed,0,17,closed,0.0,1.9199999999999997
4.14,36,129.335056,17,d15_direct,2,15,open,1.0,4.140000000000002
2.26,54,129.363555,17,final_d19_closed,0,19,closed,0.0,2.26
4.08,37,129.384269,17,d15_direct,2,15,open,1.0,4.080000000000002
0.11,49,129.410791,17,final_d17_closed,0,17,closed,0.0,0.10999999999999988
-5.0,45,129.435048,17,final_d15_closed,0,15,closed,0.0,-5.0
2.58,42,129.457552,17,final_d15_open,0,15,open,1.0,2.5799999999999996
1.92,48,129.483273,17,final_d17_closed,0,17,closed,0.0,1.9199999999999997
3.48,42,129.50737,17,d17_medium,2,17,closed,0.0,3.480000000000002
1.92,48,129.532902,17,final_d17_open,0,17,open,1.0,1.9199999999999997
2.46,54,129.561659,17,final_d19_closed,0,19,closed,0.0,2.4599999999999995
1.92,48,129.595124,17,final_d17_closed,0,17,closed,0.0,1.9199999999999997
4.02,48,129.621203,17,d19_detour,2,19,closed,0.0,4.020000000000003
3.48,42,129.644296,17,d17_medium,2,17,closed,0.0,3.480000000000002
2.46,54,129.673717,17,final_d19_open,0,19,open,1.0,2.4599999999999995
1.92,48,129.699065,17,final_d17_closed,0,17,closed,0.0,1.9199999999999997
1.75,25,129.939372,17,d15_direct,2,15,open,1.0,1.7499999999999998
1.92,48,129.966535,17,final_d17_open,0,17,open,1.0,1.9199999999999997
2.46,54,129.995664,17,final_d19_closed,0,19,closed,0.0,2.4599999999999995
-5.1,45,130.020183,17,final_d15_closed,0,15,closed,0.0,-5.1
-5.1,45,130.046398,17,final_d15_closed,0,15,closed,0.0,-5.1
2.46,54,130.075782,17,final_d19_closed,0,19,closed,0.0,2.4599999999999995
1.36,49,130.10287,17,d19_detour,2,19,closed,0.0,1.359999999999999
1.92,48,130.128874,17,final_d17_open,0,17,open,1.0,1.9199999999999997
4.14,36,130.149372,17,d15_direct,2,15,open,1.0,4.140000000000002
-5.1,45,130.174112,17,final_d15_closed,0,15,closed,0.0,-5.1
3.48,42,130.197853,17,d17_medium,2,17,closed,0.0,3.480000000000002
2.58,42,130.220631,17,final_d15_open,0,15,open,1.0,2.5799999999999996
2.58,42,130.243482,17,final_d15_open,0,15,open,1.0,2.5799999999999996
2.46,54,130.272766,17,final_d19_closed,0,19,closed,0.0,2.4599999999999995
1.92,48,130.298827,17,final_d17_open,0,17,open,1.0,1.9199999999999997
4.14,36,130.319545,17,d15_direct,2,15,open,1.0,4.140000000000002
-5.1,45,130.344187,17,final_d15_closed,0,15,closed,0.0,-5.1
1.92,48,130.370342,17,final_d17_open,0,17,open,1.0,1.9199999999999997
1.92,48,130.396249,17,final_d17_open,0,17,open,1.0,1.9199999999999997
4.02,48,130.423098,17,d19_detour,2,19,closed,0.0,4.020000000000003
4.14,36,130.443583,17,d15_direct,2,15,open,1.0,4.140000000000002
2.46,54,130.47284,17,final_d19_closed,0,19,closed,0.0,2.4599999999999995
4.14,36,130.49349,17,d15_direct,2,15,open,1.0,4.140000000000002
-0.45,55,130.523274,17,final_d19_open,0,19,open,1.0,-0.4500000000000006
2.46,54,130.552606,17,final_d19_closed,0,19,closed,0.0,2.4599999999999995
2.4,55,130.583102,17,final_d19_open,0,19,open,1.0,2.3999999999999995
2.4,55,130.613721,17,final_d19_closed,0,19,closed,0.0,2.3999999999999995
2.58,42,130.637241,17,final_d15_open,0,15,open,1.0,2.5799999999999996
4.02,48,130.663504,17,d19_detour,2,19,closed,0.0,4.020000000000003
4.14,36,130.68349,17,d15_direct,2,15,open,1.0,4.140000000000002
4.02,48,130.70983,17,d19_detour,2,19,closed,0.0,4.020000000000003
4.14,36,130.729896,17,d15_direct,2,15,open,1.0,4.140000000000002
4.02,48,130.757018,17,d19_detour,2,19,closed,0.0,4.020000000000003
-0.2,55,130.791813,17,final_d19_open,0,19,open,1.0,-0.20000000000000107
2.58,42,130.82543,17,final_d15_open,0,15,open,1.0,2.5799999999999996
2.58,42,130.85291,17,final_d15_open,0,15,open,1.0,2.5799999999999996
1.92,48,130.88017,17,final_d17_open,0,17,open,1.0,1.9199999999999997
-5.1,45,130.904293,17,final_d15_closed,0,15,closed,0.0,-5.1
-4.75,45,130.928146,17,final_d15_closed,0,15,closed,0.0,-4.75
2.26,54,130.95889,17,final_d19_closed,0,19,closed,0.0,2.26
-0.25,55,130.98817,17,final_d19_open,0,19,open,1.0,-0.25000000000000044
3.48,42,131.011198,17,d17_medium,2,17,closed,0.0,3.480000000000002
4.02,48,131.037249,17,d19_detour,2,19,closed,0.0,4.020000000000003
2.26,54,131.065917,17,final_d19_closed,0,19,closed,0.0,2.26
2.58,42,131.303462,17,final_d15_open,0,15,open,1.0,2.5799999999999996
4.02,48,131.33109,17,d19_detour,2,19,closed,0.0,4.020000000000003
3.48,42,131.355404,17,d17_medium,2,17,closed,0.0,3.480000000000002
1.92,48,131.381877,17,final_d17_open,0,17,open,1.0,1.9199999999999997
4.02,48,131.409362,17,d19_detour,2,19,closed,0.0,4.020000000000003
4.02,48,131.436178,17,d19_detour,2,19,closed,0.0,4.020000000000003
2.01,49,131.463646,17,d19_detour,2,19,closed,0.0,2.01
4.08,37,131.484683,17,d15_direct,2,15,open,1.0,4.080000000000002
1.92,48,131.510811,17,final_d17_open,0,17,open,1.0,1.9199999999999997
4.14,36,131.531949,17,d15_direct,2,15,open,1.0,4.140000000000002
4.02,48,131.559089,17,d19_detour,2,19,closed,0.0,4.020000000000003
-5.0,45,131.584086,17,final_d15_closed,0,15,closed,0.0,-5.0
4.14,36,131.604968,17,d15_direct,2,15,open,1.0,4.140000000000002
2.58,42,131.627872,17,final_d15_open,0,15,open,1.0,2.5799999999999996
2.46,54,131.657245,17,final_d19_closed,0,19,closed,0.0,2.4599999999999995
2.26,54,131.685926,17,final_d19_open,0,19,open,1.0,2.26
1.86,49,131.713572,17,final_d17_open,0,17,open,1.0,1.8599999999999997
3.48,42,131.738408,17,d17_medium,2,17,closed,0.0,3.480000000000002
1.92,48,131.764502,17,final_d17_closed,0,17,closed,0.0,1.9199999999999997
-4.75,45,131.78899,17,final_d15_closed,0,15,closed,0.0,-4.749999999999998
2.58,42,131.811988,17,final_d15_open,0,15,open,1.0,2.5799999999999996
3.48,42,131.83681,17,d17_medium,2,17,closed,0.0,3.480000000000002
-5.1,45,131.862274,17,final_d15_closed,0,15,closed,0.0,-5.1
2.15,35,131.882114,17,d19_detour,2,19,closed,0.0,2.1500000000000004
1.92,48,131.908,17,final_d17_closed,0,17,closed,0.0,1.9199999999999997
2.46,54,131.937545,17,final_d19_closed,0,19,closed,0.0,2.4599999999999995
-5.1,45,131.962311,17,final_d15_closed,0,15,closed,0.0,-5.1
-0.25,55,131.991365,17,final_d19_open,0,19,open,1.0,-0.25000000000000044
-5.1,45,132.016382,17,final_d15_closed,0,15,closed,0.0,-5.1
2.46,54,132.045359,17,final_d19_open,0,19,open,1.0,2.4599999999999995
4.14,36,132.065974,17,d15_direct,2,15,open,1.0,4.140000000000002
1.92,48,132.091891,17,final_d17_open,0,17,open,1.0,1.9199999999999997
1.92,48,132.117455,17,final_d17_open,0,17,open,1.0,1.9199999999999997
-0.25,55,132.146684,17,final_d19_open,0,19,open,1.0,-0.2500000000000011
2.14,46,132.171542,17,final_d17_open,0,17,open,1.0,2.1399999999999997
0.2,55,132.201166,17,final_d19_closed,0,19,closed,0.0,0.1999999999999995
2.46,54,132.2312,17,final_d19_closed,0,19,closed,0.0,2.4599999999999995
-5.1,45,132.255809,17,final_d15_closed,0,15,closed,0.0,-5.1
1.86,49,132.28232,17,final_d17_open,0,17,open,1.0,1.8599999999999997
2.46,54,132.31206,17,final_d19_closed,0,19,closed,0.0,2.4599999999999995
-5.1,45,132.336584,17,final_d15_closed,0,15,closed,0.0,-5.1
-5.1,45,132.361143,17,final_d15_closed,0,15,closed,0.0,-5.1
4.14,36,132.381737,17,d15_direct,2,15,open,1.0,4.140000000000002
1.92,48,132.407311,17,final_d17_open,0,17,open,1.0,1.9199999999999997
-5.1,45,132.643214,17,final_d15_closed,0,15,closed,0.0,-5.1
4.14,36,132.663951,17,d15_direct,2,15,open,1.0,4.140000000000002
4.02,48,132.692176,17,d19_detour,2,19,closed,0.0,4.020000000000003
1.92,48,132.718251,17,final_d17_open,0,17,open,1.0,1.9199999999999997
-5.0,45,132.743104,17,final_d15_closed,0,15,closed,0.0,-5.0
0.1,55,132.772484,17,final_d19_closed,0,19,closed,0.0,0.0999999999999992
2.46,54,132.801989,17,final_d19_closed,0,19,closed,0.0,2.4599999999999995
0.1,55,132.831948,17,final_d19_open,0,19,open,1.0,0.09999999999999964
1.92,48,132.858154,17,final_d17_open,0,17,open,1.0,1.9199999999999997
4.02,48,132.884874,17,d19_detour,2,19,closed,0.0,4.020000000000003
2.46,54,132.91395,17,final_d19_closed,0,19,closed,0.0,2.4599999999999995
2.4,55,132.944282,17,final_d19_open,0,19,open,1.0,2.3999999999999995
-0.09,49,132.971107,17,final_d17_open,0,17,open,1.0,-0.0900000000000003
1.92,48,132.996695,17,final_d17_closed,0,17,closed,0.0,1.9199999999999997
4.14,36,133.016756,17,d15_direct,2,15,open,1.0,4.140000000000002
1.92,48,133.043629,17,final_d17_open,0,17,open,1.0,1.9199999999999997
1.92,48,133.069704,17,final_d17_open,0,17,open,1.0,1.9199999999999997
1.92,48,133.095742,17,final_d17_closed,0,17,closed,0.0,1.9199999999999997
-5.1,45,133.12067,17,final_d15_closed,0,15,closed,0.0,-5.1
-4.65,45,133.144859,17,final_d15_closed,0,15,closed,0.0,-4.649999999999998
1.92,48,133.170859,17,final_d17_open,0,17,open,1.0,1.9199999999999997
4.14,36,133.191849,17,d15_direct,2,15,open,1.0,4.140000000000002
2.46,54,133.220448,17,final_d19_open,0,19,open,1.0,2.4599999999999995
-5.1,45,133.244965,17,final_d15_closed,0,15,closed,0.0,-5.1
1.92,48,133.27093,17,final_d17_open,0,17,open,1.0,1.9199999999999997
2.46,54,133.300082,17,final_d19_open,0,19,open,1.0,2.4599999999999995
2.58,42,133.323795,17,final_d15_open,0,15,open,1.0,2.5799999999999996
2.46,54,133.352848,17,final_d19_open,0,19,open,1.0,2.4599999999999995
2.46,54,133.383112,17,final_d19_closed,0,19,closed,0.0,2.4599999999999995
2.46,54,133.414906,17,final_d19_open,0,19,open,1.0,2.4599999999999995
1.92,48,133.441899,17,final_d17_open,0,17,open,1.0,1.9199999999999997
1.92,48,133.468312,17,final_d17_open,0,17,open,1.0,1.9199999999999997
2.46,54,133.49754,17,final_d19_closed,0,19,closed,0.0,2.4599999999999995
2.46,54,133.526882,17,final_d19_open,0,19,open,1.0,2.4599999999999995
1.92,48,133.55324,17,final_d17_closed,0,17,closed,0.0,1.9199999999999997
2.58,42,133.577723,17,final_d15_open,0,15,open,1.0,2.5799999999999996
2.46,54,133.606384,17,final_d19_closed,0,19,closed,0.0,2.4599999999999995
3.48,42,133.629606,17,d17_medium,2,17,closed,0.0,3.480000000000002
4.14,36,133.650135,17,d15_direct,2,15,open,1.0,4.140000000000002
0.57,43,133.673007,17,final_d15_open,0,15,open,1.0,0.5699999999999997
1.92,48,133.699215,17,final_d17_open,0,17,open,1.0,1.9199999999999997
2.58,42,133.721554,17,final_d15_open,0,15,open,1.0,2.5799999999999996
4.02,48,133.74839,17,d19_detour,2,19,closed,0.0,4.020000000000003
-4.75,45,134.030748,17,final_d15_closed,0,15,closed,0.0,-4.75
1.92,48,134.057062,17,final_d17_open,0,17,open,1.0,1.9199999999999997
-5.1,45,134.081113,17,final_d15_closed,0,15,closed,0.0,-5.1
-4.75,45,134.1061,17,final_d15_closed,0,15,closed,0.0,-4.749999999999998
1.92,48,134.132411,17,final_d17_closed,0,17,closed,0.0,1.9199999999999997
3.48,42,134.155836,17,d17_medium,2,17,closed,0.0,3.480000000000002
2.58,42,134.178471,17,final_d15_open,0,15,open,1.0,2.5799999999999996
-4.75,45,134.202379,17,final_d15_closed,0,15,closed,0.0,-4.749999999999998
2.46,54,134.231313,17,final_d19_closed,0,19,closed,0.0,2.4599999999999995
-0.45,55,134.260624,17,final_d19_open,0,19,open,1.0,-0.4499999999999973
2.58,42,134.282984,17,final_d15_open,0,15,open,1.0,2.5799999999999996
2.46,54,134.31138,17,final_d19_open,0,19,open,1.0,2.4599999999999995
4.02,48,134.338646,17,d19_detour,2,19,closed,0.0,4.020000000000003
4.14,36,134.360278,17,d15_direct,2,15,open,1.0,4.140000000000002
1.92,48,134.386336,17,final_d17_open,0,17,open,1.0,1.9199999999999997
2.46,54,134.415816,17,final_d19_closed,0,19,closed,0.0,2.4599999999999995
-0.45,55,134.444935,17,final_d19_closed,0,19,closed,0.0,-0.4499999999999973
1.31,29,134.461323,17,d17_medium,2,17,closed,0.0,1.3099999999999998
2.46,54,134.490552,17,final_d19_closed,0,19,closed,0.0,2.4599999999999995
3.48,42,134.513708,17,d17_medium,2,17,closed,0.0,3.480000000000002
1.92,48,134.53962,17,final_d17_closed,0,17,closed,0.0,1.9199999999999997
-5.1,45,134.563739,17,final_d15_closed,0,15,closed,0.0,-5.1
2.58,42,134.586126,17,final_d15_open,0,15,open,1.0,2.5799999999999996
2.58,42,134.609058,17,final_d15_open,0,15,open,1.0,2.5799999999999996
1.92,48,134.635461,17,final_d17_closed,0,17,closed,0.0,1.9199999999999997
4.02,48,134.662134,17,d19_detour,2,19,closed,0.0,4.020000000000003
3.48,42,134.685751,17,d17_medium,2,17,closed,0.0,3.480000000000002
2.46,54,134.715055,17,final_d19_closed,0,19,closed,0.0,2.4599999999999995
2.46,54,134.743611,17,final_d19_open,0,19,open,1.0,2.4599999999999995
-5.1,45,134.768169,17,final_d15_closed,0,15,closed,0.0,-5.1
2.46,54,134.797289,17,final_d19_open,0,19,open,1.0,2.4599999999999995
4.02,48,134.824212,17,d19_detour,2,19,closed,0.0,4.020000000000003
1.92,48,134.849716,17,final_d17_closed,0,17,closed,0.0,1.9199999999999997
1.92,48,134.8754,17,final_d17_open,0,17,open,1.0,1.9199999999999997
-0.25,55,134.905154,17,final_d19_open,0,19,open,1.0,-0.25000000000000044
1.92,48,134.930434,17,final_d17_open,0,17,open,1.0,1.9199999999999997
-0.45,55,134.959651,17,final_d19_open,0,19,open,1.0,-0.4499999999999973
2.46,54,134.988391,17,final_d19_closed,0,19,closed,0.0,2.4599999999999995
-4.75,45,135.013318,17,final_d15_closed,0,15,closed,0.0,-4.75
4.14,36,135.033438,17,d15_direct,2,15,open,1.0,4.140000000000002
3.48,42,135.057423,17,d17_medium,2,17,closed,0.0,3.480000000000002
3.48,42,135.080538,17,d17_medium,2,17,closed,0.0,3.480000000000002
-4.75,45,135.10435,17,final_d15_closed,0,15,closed,0.0,-4.749999999999998
2.46,54,135.361334,17,final_d19_open,0,19,open,1.0,2.4599999999999995
0.32,43,135.384381,17,final_d15_open,0,15,open,1.0,0.3199999999999996
4.02,48,135.410807,17,d19_detour,2,19,closed,0.0,4.020000000000003
-5.1,45,135.435373,17,final_d15_closed,0,15,closed,0.0,-5.1
1.92,48,135.461568,17,final_d17_closed,0,17,closed,0.0,1.9199999999999997
1.86,49,135.490352,17,final_d17_open,0,17,open,1.0,1.8599999999999997
2.46,54,135.520625,17,final_d19_open,0,19,open,1.0,2.4599999999999995
0.12,43,135.54554,17,final_d15_open,0,15,open,1.0,0.11999999999999955
1.75,25,135.56106,17,d15_direct,2,15,open,1.0,1.7499999999999998
4.14,36,135.581411,17,d15_direct,2,15,open,1.0,4.140000000000002
-5.1,45,135.60558,17,final_d15_closed,0,15,closed,0.0,-5.1
2.46,54,135.634105,17,final_d19_closed,0,19,closed,0.0,2.4599999999999995
-4.8,45,135.658213,17,final_d15_closed,0,15,closed,0.0,-4.799999999999999
3.48,42,135.685634,17,d17_medium,2,17,closed,0.0,3.480000000000002
0.35,55,135.719161,17,final_d19_open,0,19,open,1.0,0.34999999999999964
-0.24,49,135.746332,17,final_d17_open,0,17,open,1.0,-0.24000000000000044
2.46,54,135.775023,17,final_d19_open,0,19,open,1.0,2.4599999999999995
4.14,36,135.795368,17,d15_direct,2,15,open,1.0,4.140000000000002
-0.46,56,135.824774,17,final_d19_open,0,19,open,1.0,-0.45999999999999974
0.04,56,135.854718,17,final_d19_open,0,19,open,1.0,0.03999999999999937
2.46,54,135.883578,17,final_d19_closed,0,19,closed,0.0,2.4599999999999995
-4.4,45,135.907739,17,final_d15_closed,0,15,closed,0.0,-4.399999999999999
3.48,42,135.93225,17,d17_medium,2,17,closed,0.0,3.480000000000002
2.1,40,135.954779,17,d19_detour,2,19,closed,0.0,2.1000000000000014
-4.5,45,135.978966,17,final_d15_closed,0,15,closed,0.0,-4.5
2.46,54,136.007212,17,final_d19_open,0,19,open,1.0,2.4599999999999995
-0.64,14,136.015686,17,d15_direct,2,15,open,1.0,-0.6400000000000001
2.46,54,136.04461,17,final_d19_closed,0,19,closed,0.0,2.4599999999999995
-0.3,50,136.070922,17,final_d17_open,0,17,open,1.0,-0.30000000000000027
1.67,33,136.089325,17,d19_detour,2,19,closed,0.0,1.6699999999999997
3.42,43,136.113239,17,d17_medium,2,17,closed,0.0,3.4200000000000026
3.42,43,136.137443,17,d17_medium,2,17,closed,0.0,3.4200000000000017
2.58,42,136.159838,17,final_d15_open,0,15,open,1.0,2.5799999999999996
-4.7,45,136.184109,17,final_d15_closed,0,15,closed,0.0,-4.699999999999999
-4.8,45,136.208014,17,final_d15_closed,0,15,closed,0.0,-4.799999999999998
4.14,36,136.227859,17,d15_direct,2,15,open,1.0,4.140000000000002
4.02,48,136.255737,17,d19_detour,2,19,closed,0.0,4.020000000000003
4.02,48,136.282041,17,d19_detour,2,19,closed,0.0,4.020000000000003
4.02,48,136.308141,17,d19_detour,2,19,closed,0.0,4.020000000000003
2.58,42,136.331167,17,final_d15_open,0,15,open,1.0,2.5799999999999996
1.92,48,136.357221,17,final_d17_open,0,17,open,1.0,1.9199999999999997
1.92,48,136.382677,17,final_d17_closed,0,17,closed,0.0,1.9199999999999997
1.92,48,136.408122,17,final_d17_open,0,17,open,1.0,1.9199999999999997
1.92,48,136.434023,17,final_d17_open,0,17,open,1.0,1.9199999999999997
1.92,48,136.460386,17,final_d17_closed,0,17,closed,0.0,1.9199999999999997
2.46,54,136.790955,17,final_d19_open,0,19,open,1.0,2.4599999999999995
4.14,36,136.818156,17,d15_direct,2,15,open,1.0,4.140000000000002
2.58,42,136.843542,17,final_d15_open,0,15,open,1.0,2.5799999999999996
1.92,48,136.869552,17,final_d17_closed,0,17,closed,0.0,1.9199999999999997
2.46,54,136.898136,17,final_d19_open,0,19,open,1.0,2.4599999999999995
2.46,54,136.926957,17,final_d19_closed,0,19,closed,0.0,2.4599999999999995
2.46,54,136.957065,17,final_d19_closed,0,19,closed,0.0,2.4599999999999995
2.46,54,136.990777,17,final_d19_open,0,19,open,1.0,2.4599999999999995
2.46,54,137.019819,17,final_d19_closed,0,19,closed,0.0,2.4599999999999995
1.67,33,137.039747,17,d19_detour,2,19,closed,0.0,1.6699999999999997
2.46,54,137.068105,17,final_d19_open,0,19,open,1.0,2.4599999999999995
1.92,48,137.095544,17,final_d17_open,0,17,open,1.0,1.9199999999999997
3.48,42,137.124371,17,d17_medium,2,17,closed,0.0,3.480000000000002
1.92,48,137.150709,17,final_d17_closed,0,17,closed,0.0,1.9199999999999997
4.02,48,137.177393,17,d19_detour,2,19,closed,0.0,4.020000000000003
-4.65,45,137.201362,17,final_d15_closed,0,15,closed,0.0,-4.649999999999999
3.48,42,137.224716,17,d17_medium,2,17,closed,0.0,3.480000000000002
2.58,42,137.247263,17,final_d15_open,0,15,open,1.0,2.5799999999999996
-0.24,49,137.273678,17,final_d17_open,0,17,open,1.0,-0.2400000000000002
1.92,48,137.300183,17,final_d17_open,0,17,open,1.0,1.9199999999999997
2.46,54,137.328744,17,final_d19_open,0,19,open,1.0,2.4599999999999995
3.48,42,137.352148,17,d17_medium,2,17,closed,0.0,3.480000000000002
2.46,54,137.380898,17,final_d19_closed,0,19,closed,0.0,2.4599999999999995
2.46,54,137.4095,17,final_d19_open,0,19,open,1.0,2.4599999999999995
-4.4,45,137.434064,17,final_d15_closed,0,15,closed,0.0,-4.399999999999999
1.75,25,137.449425,17,d15_direct,2,15,open,1.0,1.7499999999999998
3.48,42,137.473363,17,d17_medium,2,17,closed,0.0,3.480000000000002
1.92,48,137.499611,17,final_d17_closed,0,17,closed,0.0,1.9199999999999997
2.46,54,137.52955,17,final_d19_closed,0,19,closed,0.0,2.4599999999999995
2.46,54,137.558241,17,final_d19_open,0,19,open,1.0,2.4599999999999995
2.46,54,137.586883,17,final_d19_open,0,19,open,1.0,2.4599999999999995
0.37,43,137.61056,17,final_d15_open,0,15,open,1.0,0.36999999999999966
1.92,48,137.636187,17,final_d17_open,0,17,open,1.0,1.9199999999999997
-0.09,49,137.662852,17,final_d17_open,0,17,open,1.0,-0.0900000000000003
2.58,42,137.685285,17,final_d15_open,0,15,open,1.0,2.5799999999999996
2.46,54,137.713743,17,final_d19_closed,0,19,closed,0.0,2.4599999999999995
2.46,54,137.743443,17,final_d19_open,0,19,open,1.0,2.4599999999999995
1.92,48,137.76889,17,final_d17_open,0,17,open,1.0,1.9199999999999997
2.58,42,137.791377,17,final_d15_open,0,15,open,1.0,2.5799999999999996
4.14,36,137.811536,17,d15_direct,2,15,open,1.0,4.140000000000002
-4.9,45,137.83441,17,final_d15_closed,0,15,closed,0.0,-4.9
4.02,48,137.86068,17,d19_detour,2,19,closed,0.0,4.020000000000003
1.92,48,137.886108,17,final_d17_closed,0,17,closed,0.0,1.9199999999999997
2.46,54,137.914188,17,final_d19_closed,0,19,closed,0.0,2.4599999999999995
3.48,42,138.182641,17,d17_medium,2,17,closed,0.0,3.480000000000002
-0.49,49,138.20825,17,final_d17_open,0,17,open,1.0,-0.4899999999999993
1.92,48,138.23466,17,final_d17_closed,0,17,closed,0.0,1.9199999999999997
2.58,42,138.258213,17,final_d15_open,0,15,open,1.0,2.5799999999999996
4.02,48,138.285749,17,d19_detour,2,19,closed,0.0,4.020000000000003
1.92,48,138.312742,17,final_d17_closed,0,17,closed,0.0,1.9199999999999997
-4.65,45,138.33752,17,final_d15_closed,0,15,closed,0.0,-4.649999999999999
4.14,36,138.35876,17,d15_direct,2,15,open,1.0,4.140000000000002
4.02,48,138.386028,17,d19_detour,2,19,closed,0.0,4.020000000000003
2.46,54,138.415499,17,final_d19_closed,0,19,closed,0.0,2.4599999999999995
4.14,36,138.436702,17,d15_direct,2,15,open,1.0,4.140000000000002
2.46,54,138.465261,17,final_d19_closed,0,19,closed,0.0,2.4599999999999995
1.75,25,138.480074,17,d15_direct,2,15,open,1.0,1.7499999999999998
1.92,48,138.506758,17,final_d17_open,0,17,open,1.0,1.9199999999999997
3.48,42,138.530549,17,d17_medium,2,17,closed,0.0,3.480000000000002
-0.45,55,138.561395,17,final_d19_closed,0,19,closed,0.0,-0.4500000000000006
1.92,48,138.587329,17,final_d17_open,0,17,open,1.0,1.9199999999999997
-5.0,45,138.611326,17,final_d15_closed,0,15,closed,0.0,-5.0
2.46,54,138.640316,17,final_d19_closed,0,19,closed,0.0,2.4599999999999995
4.02,48,138.666969,17,d19_detour,2,19,closed,0.0,4.020000000000003
4.14,36,138.687259,17,d15_direct,2,15,open,1.0,4.140000000000002
2.58,42,138.709943,17,final_d15_open,0,15,open,1.0,2.5799999999999996
3.48,42,138.733503,17,d17_medium,2,17,closed,0.0,3.480000000000002
2.46,54,138.763801,17,final_d19_closed,0,19,closed,0.0,2.4599999999999995
1.92,48,138.789703,17,final_d17_open,0,17,open,1.0,1.9199999999999997
-5.1,45,138.814206,17,final_d15_closed,0,15,closed,0.0,-5.1
1.92,48,138.839799,17,final_d17_open,0,17,open,1.0,1.9199999999999997
3.48,42,138.863787,17,d17_medium,2,17,closed,0.0,3.480000000000002
-4.75,45,138.888916,17,final_d15_closed,0,15,closed,0.0,-4.749999999999998
2.46,54,138.917649,17,final_d19_open,0,19,open,1.0,2.4599999999999995
1.92,48,138.945555,17,final_d17_closed,0,17,closed,0.0,1.9199999999999997
-5.1,45,138.970718,17,final_d15_closed,0,15,closed,0.0,-5.1
1.92,48,138.997111,17,final_d17_open,0,17,open,1.0,1.9199999999999997
1.92,48,139.023126,17,final_d17_closed,0,17,closed,0.0,1.9199999999999997
4.02,48,139.050621,17,d19_detour,2,19,closed,0.0,4.020000000000003
-4.65,45,139.075323,17,final_d15_closed,0,15,closed,0.0,-4.649999999999999
1.92,48,139.101122,17,final_d17_closed,0,17,closed,0.0,1.9199999999999997
-4.75,45,139.125583,17,final_d15_closed,0,15,closed,0.0,-4.749999999999998
2.58,42,139.148193,17,final_d15_open,0,15,open,1.0,2.5799999999999996
4.14,36,139.168468,17,d15_direct,2,15,open,1.0,4.140000000000002
0.11,49,139.195035,17,final_d17_closed,0,17,closed,0.0,0.10999999999999965
2.46,54,139.223953,17,final_d19_closed,0,19,closed,0.0,2.4599999999999995
-5.1,45,139.248215,17,final_d15_closed,0,15,closed,0.0,-5.1
2.46,54,139.277646,17,final_d19_open,0,19,open,1.0,2.4599999999999995
2.58,42,139.519954,17,final_d15_open,0,15,open,1.0,2.5799999999999996
3.48,42,139.543978,17,d17_medium,2,17,closed,0.0,3.480000000000002
1.92,48,139.570345,17,final_d17_closed,0,17,closed,0.0,1.9199999999999997
1.92,48,139.596434,17,final_d17_closed,0,17,closed,0.0,1.9199999999999997
-5.1,45,139.621189,17,final_d15_closed,0,15,closed,0.0,-5.1
4.14,36,139.641902,17,d15_direct,2,15,open,1.0,4.140000000000002
3.48,42,139.671014,17,d17_medium,2,17,closed,0.0,3.480000000000002
2.26,54,139.700677,17,final_d19_closed,0,19,closed,0.0,2.26
4.14,36,139.721142,17,d15_direct,2,15,open,1.0,4.140000000000002
1.92,48,139.748446,17,final_d17_closed,0,17,closed,0.0,1.9199999999999997
4.02,48,139.775561,17,d19_detour,2,19,closed,0.0,4.020000000000003
2.46,54,139.805179,17,final_d19_open,0,19,open,1.0,2.4599999999999995
2.46,54,139.833955,17,final_d19_closed,0,19,closed,0.0,2.4599999999999995
1.92,48,139.859881,17,final_d17_open,0,17,open,1.0,1.9199999999999997
2.46,54,139.889524,17,final_d19_open,0,19,open,1.0,2.4599999999999995
3.48,42,139.915354,17,d17_medium,2,17,closed,0.0,3.480000000000002
-5.1,45,139.941228,17,final_d15_closed,0,15,closed,0.0,-5.1
4.14,36,139.962567,17,d15_direct,2,15,open,1.0,4.140000000000002
2.46,54,139.991888,17,final_d19_closed,0,19,closed,0.0,2.4599999999999995
2.46,54,140.020919,17,final_d19_open,0,19,open,1.0,2.4599999999999995
2.4,55,140.050343,17,final_d19_closed,0,19,closed,0.0,2.3999999999999995
1.92,48,140.076023,17,final_d17_open,0,17,open,1.0,1.9199999999999997
-5.1,45,140.100865,17,final_d15_closed,0,15,closed,0.0,-5.1
1.92,48,140.126536,17,final_d17_closed,0,17,closed,0.0,1.9199999999999997
4.02,48,140.153062,17,d19_detour,2,19,closed,0.0,4.020000000000003
-4.8,45,140.177484,17,final_d15_closed,0,15,closed,0.0,-4.800000000000001
3.48,42,140.201005,17,d17_medium,2,17,closed,0.0,3.480000000000002
-0.3,50,140.227933,17,final_d17_closed,0,17,closed,0.0,-0.30000000000000027
2.46,54,140.256597,17,final_d19_open,0,19,open,1.0,2.4599999999999995
4.02,48,140.283061,17,d19_detour,2,19,closed,0.0,4.020000000000003
1.86,49,140.30938,17,final_d17_closed,0,17,closed,0.0,1.8599999999999997
4.14,36,140.329645,17,d15_direct,2,15,open,1.0,4.140000000000002
-0.19,49,140.356449,17,final_d17_closed,0,17,closed,0.0,-0.1900000000000004
1.92,48,140.382085,17,final_d17_open,0,17,open,1.0,1.9199999999999997
-4.8,45,140.406462,17,final_d15_closed,0,15,closed,0.0,-4.799999999999999
4.14,36,140.427592,17,d15_direct,2,15,open,1.0,4.140000000000002
3.48,42,140.451386,17,d17_medium,2,17,closed,0.0,3.480000000000002
2.58,42,140.475205,17,final_d15_open,0,15,open,1.0,2.5799999999999996
2.46,54,140.504715,17,final_d19_closed,0,19,closed,0.0,2.4599999999999995
3.48,42,140.528806,17,d17_medium,2,17,closed,0.0,3.480000000000002
2.46,54,140.558008,17,final_d19_closed,0,19,closed,0.0,2.4599999999999995
3.48,42,140.581503,17,d17_medium,2,17,closed,0.0,3.480000000000002
4.02,48,140.608729,17,d19_detour,2,19,closed,0.0,4.020000000000003
2.46,54,140.637578,17,final_d19_closed,0,19,closed,0.0,2.4599999999999995
3.48,42,140.895542,17,d17_medium,2,17,closed,0.0,3.480000000000002
1.92,48,140.922813,17,final_d17_open,0,17,open,1.0,1.9199999999999997
4.14,36,140.94381,17,d15_direct,2,15,open,1.0,4.140000000000002
3.48,42,140.967221,17,d17_medium,2,17,closed,0.0,3.480000000000002
1.92,48,140.994012,17,final_d17_open,0,17,open,1.0,1.9199999999999997
3.48,42,141.017664,17,d17_medium,2,17,closed,0.0,3.480000000000002
2.46,54,141.046365,17,final_d19_open,0,19,open,1.0,2.4599999999999995
2.46,54,141.074648,17,final_d19_open,0,19,open,1.0,2.4599999999999995
4.02,48,141.100604,17,d19_detour,2,19,closed,0.0,4.020000000000003
4.14,36,141.121157,17,d15_direct,2,15,open,1.0,4.140000000000002
2.46,54,141.149173,17,final_d19_closed,0,19,closed,0.0,2.4599999999999995
4.14,36,141.168977,17,d15_direct,2,15,open,1.0,4.140000000000002
1.92,48,141.19517,17,final_d17_open,0,17,open,1.0,1.9199999999999997
3.48,42,141.218737,17,d17_medium,2,17,closed,0.0,3.480000000000002
4.02,48,141.244736,17,d19_detour,2,19,closed,0.0,4.020000000000003
3.48,42,141.267547,17,d17_medium,2,17,closed,0.0,3.480000000000002
3.48,42,141.291227,17,d17_medium,2,17,closed,0.0,3.480000000000002
3.48,42,141.314858,17,d17_medium,2,17,closed,0.0,3.480000000000002
2.26,54,141.344396,17,final_d19_closed,0,19,closed,0.0,2.26
2.46,54,141.372937,17,final_d19_closed,0,19,closed,0.0,2.4599999999999995
-4.45,45,141.396955,17,final_d15_closed,0,15,closed,0.0,-4.449999999999997
1.92,48,141.423259,17,final_d17_open,0,17,open,1.0,1.9199999999999997
2.46,54,141.452144,17,final_d19_open,0,19,open,1.0,2.4599999999999995
2.46,54,141.481182,17,final_d19_closed,0,19,closed,0.0,2.4599999999999995
1.92,48,141.507091,17,final_d17_closed,0,17,closed,0.0,1.9199999999999997
1.92,48,141.532688,17,final_d17_closed,0,17,closed,0.0,1.9199999999999997
1.92,48,141.558477,17,final_d17_closed,0,17,closed,0.0,1.9199999999999997
1.92,48,141.584719,17,final_d17_closed,0,17,closed,0.0,1.9199999999999997
2.46,54,141.613909,17,final_d19_closed,0,19,closed,0.0,2.4599999999999995
1.67,33,141.637804,17,d19_detour,2,19,closed,0.0,1.6699999999999997
2.46,54,141.666958,17,final_d19_open,0,19,open,1.0,2.4599999999999995
1.92,48,141.693162,17,final_d17_open,0,17,open,1.0,1.9199999999999997
2.46,54,141.72257,17,final_d19_open,0,19,open,1.0,2.4599999999999995
1.92,48,141.748472,17,final_d17_closed,0,17,closed,0.0,1.9199999999999997
1.86,49,141.774875,17,final_d17_open,0,17,open,1.0,1.8599999999999997
3.48,42,141.798792,17,d17_medium,2,17,closed,0.0,3.480000000000002
4.02,48,141.826429,17,d19_detour,2,19,closed,0.0,4.020000000000003
2.58,42,141.849594,17,final_d15_open,0,15,open,1.0,2.5799999999999996
2.46,54,141.87836,17,final_d19_closed,0,19,closed,0.0,2.4599999999999995
-5.1,45,141.903186,17,final_d15_closed,0,15,closed,0.0,-5.1
4.02,48,141.929897,17,d19_detour,2,19,closed,0.0,4.020000000000003
-4.75,45,141.955008,17,final_d15_closed,0,15,closed,0.0,-4.749999999999998
-0.54,49,141.981395,17,final_d17_closed,0,17,closed,0.0,-0.5400000000000003
1.92,48,142.008262,17,final_d17_open,0,17,open,1.0,1.9199999999999997
