#{"t_start": 1789872688.404239, "env_id": "None"}
r,l,t,curriculum_stage,curriculum_task,curriculum_prefix,deadline,gate_state,belief_open,trial_return
2.94,6,0.92407,0,d19_detour,16,19,closed,0.0,2.94
1.47,3,0.931025,0,d17_medium,14,17,closed,0.0,1.47
2.94,6,0.938693,0,d15_direct,12,15,open,1.0,2.94
2.94,6,0.946231,0,d15_direct,12,15,open,1.0,2.94
2.94,6,0.95516,0,d17_medium,14,17,closed,0.0,2.94
2.94,6,0.963407,0,d17_medium,14,17,closed,0.0,2.94
2.94,6,0.971616,0,d17_medium,14,17,closed,0.0,2.94
1.47,3,0.978735,0,d19_detour,16,19,closed,0.0,1.47
1.47,3,0.985337,0,d17_medium,14,17,closed,0.0,1.47
0.93,7,0.994628,0,d19_detour,16,19,closed,0.0,0.9299999999999999
2.94,6,1.003417,0,d19_detour,16,19,closed,0.0,2.94
2.94,6,1.010872,0,d15_direct,12,15,open,1.0,2.94
2.94,6,1.01828,0,d15_direct,12,15,open,1.0,2.94
1.47,3,1.024145,0,d15_direct,12,15,open,1.0,1.47
2.94,6,1.031489,0,d15_direct,12,15,open,1.0,2.94
2.94,6,1.0389,0,d15_direct,12,15,open,1.0,2.94
2.94,6,1.046346,0,d15_direct,12,15,open,1.0,2.94
2.94,6,1.055274,0,d17_medium,14,17,closed,0.0,2.94
2.94,6,1.063946,0,d19_detour,16,19,closed,0.0,2.94
2.94,6,1.072658,0,d19_detour,16,19,closed,0.0,2.94
2.94,6,1.081381,0,d19_detour,16,19,closed,0.0,2.94
1.47,3,1.088649,0,d19_detour,16,19,closed,0.0,1.47
2.94,6,1.096939,0,d17_medium,14,17,closed,0.0,2.94
2.94,6,1.105997,0,d19_detour,16,19,closed,0.0,2.94
2.94,6,1.114277,0,d17_medium,14,17,closed,0.0,2.94
2.94,6,1.122918,0,d17_medium,14,17,closed,0.0,2.94
2.94,6,1.13109,0,d17_medium,14,17,closed,0.0,2.94
2.94,6,1.139414,0,d17_medium,14,17,closed,0.0,2.94
2.94,6,1.14824,0,d19_detour,16,19,closed,0.0,2.94
2.94,6,1.156518,0,d17_medium,14,17,closed,0.0,2.94
1.47,3,1.162376,0,d15_direct,12,15,open,1.0,1.47
2.94,6,1.171225,0,d19_detour,16,19,closed,0.0,2.94
2.94,6,1.178602,0,d15_direct,12,15,open,1.0,2.94
2.94,6,1.186004,0,d15_direct,12,15,open,1.0,2.94
2.94,6,1.193498,0,d15_direct,12,15,open,1.0,2.94
1.47,3,1.199476,0,d15_direct,12,15,open,1.0,1.47
1.47,3,1.20671,0,d19_detour,16,19,closed,0.0,1.47
2.94,6,1.215052,0,d17_medium,14,17,closed,0.0,2.94
1.47,3,1.222245,0,d19_detour,16,19,closed,0.0,1.47
1.47,3,1.229499,0,d19_detour,16,19,closed,0.0,1.47
1.47,3,1.237123,0,d17_medium,14,17,closed,0.0,1.47
1.47,3,1.243982,0,d17_medium,14,17,closed,0.0,1.47
2.94,6,1.252619,0,d17_medium,14,17,closed,0.0,2.94
2.94,6,1.26109,0,d17_medium,14,17,closed,0.0,2.94
0.93,7,1.270756,0,d19_detour,16,19,closed,0.0,0.9299999999999999
2.94,6,1.278204,0,d15_direct,12,15,open,1.0,2.94
2.94,6,1.286733,0,d17_medium,14,17,closed,0.0,2.94
2.94,6,1.29415,0,d15_direct,12,15,open,1.0,2.94
2.94,6,1.302768,0,d17_medium,14,17,closed,0.0,2.94
2.94,6,1.311014,0,d17_medium,14,17,closed,0.0,2.94
2.94,6,1.318678,0,d15_direct,12,15,open,1.0,2.94
2.94,6,1.326943,0,d17_medium,14,17,closed,0.0,2.94
2.94,6,1.335802,0,d17_medium,14,17,closed,0.0,2.94
2.94,6,1.344957,0,d19_detour,16,19,closed,0.0,2.94
2.94,6,1.353137,0,d17_medium,14,17,closed,0.0,2.94
2.94,6,1.361458,0,d17_medium,14,17,closed,0.0,2.94
2.94,6,1.368929,0,d15_direct,12,15,open,1.0,2.94
2.94,6,1.377187,0,d17_medium,14,17,closed,0.0,2.94
1.47,3,1.384419,0,d19_detour,16,19,closed,0.0,1.47
2.94,6,1.393322,0,d19_detour,16,19,closed,0.0,2.94
2.94,6,1.402422,0,d19_detour,16,19,closed,0.0,2.94
1.47,3,1.409546,0,d19_detour,16,19,closed,0.0,1.47
2.94,6,1.417022,0,d15_direct,12,15,open,1.0,2.94
2.94,6,1.42588,1,d19_detour,16,19,closed,0.0,2.94
2.94,6,1.434882,1,d17_medium,14,17,closed,0.0,2.94
2.94,6,1.442457,1,d15_direct,12,15,open,1.0,2.94
0.93,7,1.451652,1,d17_medium,14,17,closed,0.0,0.9299999999999999
1.47,3,1.459251,1,d19_detour,15,19,closed,0.0,1.47
2.91,9,1.469311,1,d19_detour,15,19,closed,0.0,2.91
2.91,9,1.479265,1,d19_detour,15,19,closed,0.0,2.91
2.94,6,1.487558,1,d17_medium,14,17,closed,0.0,2.94
2.94,6,1.495899,1,d17_medium,14,17,closed,0.0,2.94
2.91,9,1.505998,1,d19_detour,15,19,closed,0.0,2.91
2.94,6,1.513522,1,d15_direct,12,15,open,1.0,2.94
2.94,6,1.521865,1,d17_medium,14,17,closed,0.0,2.94
1.47,3,1.52794,1,d15_direct,12,15,open,1.0,1.47
2.94,6,1.535454,1,d15_direct,12,15,open,1.0,2.94
2.91,9,1.545694,1,d19_detour,15,19,closed,0.0,2.91
2.94,6,1.553132,1,d15_direct,12,15,open,1.0,2.94
1.47,3,1.559039,1,d15_direct,12,15,open,1.0,1.47
2.94,6,1.567328,1,d17_medium,14,17,closed,0.0,2.94
2.94,6,1.575622,1,d17_medium,14,17,closed,0.0,2.94
2.94,6,1.582974,1,d15_direct,12,15,open,1.0,2.94
1.47,3,1.589722,1,d17_medium,14,17,closed,0.0,1.47
1.47,3,1.59592,1,d15_direct,12,15,open,1.0,1.47
1.47,3,1.603367,1,d19_detour,15,19,closed,0.0,1.47
2.91,9,1.614381,1,d19_detour,15,19,closed,0.0,2.91
0.93,7,1.622337,1,d15_direct,12,15,open,1.0,0.9299999999999999
2.91,9,1.632323,1,d19_detour,15,19,closed,0.0,2.91
2.91,9,1.643608,1,d19_detour,15,19,closed,0.0,2.91
2.94,6,1.652035,1,d17_medium,14,17,closed,0.0,2.94
2.94,6,1.660435,1,d17_medium,14,17,closed,0.0,2.94
2.91,9,1.670573,1,d19_detour,15,19,closed,0.0,2.91
2.91,9,1.680732,1,d19_detour,15,19,closed,0.0,2.91
2.94,6,1.688272,1,d15_direct,12,15,open,1.0,2.94
1.47,3,1.695047,1,d17_medium,14,17,closed,0.0,1.47
2.91,9,1.705251,1,d19_detour,15,19,closed,0.0,2.91
1.47,3,1.712132,1,d17_medium,14,17,closed,0.0,1.47
0.83,7,1.721773,1,d17_medium,14,17,closed,0.0,0.8299999999999998
2.91,9,1.732313,1,d19_detour,15,19,closed,0.0,2.91
2.94,6,1.740207,1,d15_direct,12,15,open,1.0,2.94
1.47,3,1.746136,1,d15_direct,12,15,open,1.0,1.47
2.94,6,1.753518,1,d15_direct,12,15,open,1.0,2.94
2.94,6,1.761886,1,d17_medium,14,17,closed,0.0,2.94
1.47,3,1.768597,1,d17_medium,14,17,closed,0.0,1.47
2.91,9,1.778616,1,d19_detour,15,19,closed,0.0,2.91
2.94,6,1.786942,1,d17_medium,14,17,closed,0.0,2.94
2.94,6,1.794542,1,d15_direct,12,15,open,1.0,2.94
2.94,6,1.802408,1,d15_direct,12,15,open,1.0,2.94
2.94,6,1.811013,1,d17_medium,14,17,closed,0.0,2.94
2.94,6,1.818477,1,d15_direct,12,15,open,1.0,2.94
2.94,6,1.825939,1,d15_direct,12,15,open,1.0,2.94
2.94,6,1.834235,1,d17_medium,14,17,closed,0.0,2.94
2.91,9,1.844264,1,d19_detour,15,19,closed,0.0,2.91
2.94,6,1.852464,1,d17_medium,14,17,closed,0.0,2.94
1.47,3,1.859474,1,d19_detour,15,19,closed,0.0,1.47
2.94,6,1.867007,1,d15_direct,12,15,open,1.0,2.94
2.91,9,1.877064,2,d19_detour,15,19,closed,0.0,2.91
2.94,6,1.885293,2,d17_medium,14,17,closed,0.0,2.94
2.88,12,1.896524,2,d19_detour,14,19,closed,0.0,2.88
1.47,3,1.903257,2,d17_medium,14,17,closed,0.0,1.47
1.47,3,1.910032,2,d19_detour,14,19,closed,0.0,1.47
2.94,6,1.917617,2,d15_direct,12,15,open,1.0,2.94
1.47,3,1.924448,2,d19_detour,14,19,closed,0.0,1.47
2.88,12,1.936335,2,d19_detour,14,19,closed,0.0,2.88
2.94,6,1.944856,2,d17_medium,14,17,closed,0.0,2.94
1.47,3,1.951486,2,d19_detour,14,19,closed,0.0,1.47
2.94,6,1.959925,2,d17_medium,14,17,closed,0.0,2.94
1.47,3,1.966606,2,d19_detour,14,19,closed,0.0,1.47
2.94,6,1.975035,2,d17_medium,14,17,closed,0.0,2.94
-0.08,3,1.981112,2,d15_direct,12,15,open,1.0,-0.08000000000000007
2.94,6,1.989506,2,d17_medium,14,17,closed,0.0,2.94
0.87,13,2.002185,2,d19_detour,14,19,closed,0.0,0.8699999999999999
2.88,12,2.013652,2,d19_detour,14,19,closed,0.0,2.88
2.88,12,2.025801,2,d19_detour,14,19,closed,0.0,2.88
1.47,3,2.031808,2,d15_direct,12,15,open,1.0,1.47
2.94,6,2.040192,2,d17_medium,14,17,closed,0.0,2.94
2.94,6,2.048517,2,d17_medium,14,17,closed,0.0,2.94
2.94,6,2.056207,2,d15_direct,12,15,open,1.0,2.94
2.94,6,2.063874,2,d15_direct,12,15,open,1.0,2.94
2.94,6,2.071443,2,d15_direct,12,15,open,1.0,2.94
1.47,3,2.077317,2,d15_direct,12,15,open,1.0,1.47
1.47,3,2.085043,2,d19_detour,14,19,closed,0.0,1.47
2.88,12,2.096875,2,d19_detour,14,19,closed,0.0,2.88
2.88,12,2.10825,2,d19_detour,14,19,closed,0.0,2.88
2.88,12,2.119719,2,d19_detour,14,19,closed,0.0,2.88
2.94,6,2.127146,2,d15_direct,12,15,open,1.0,2.94
1.47,3,2.133813,2,d19_detour,14,19,closed,0.0,1.47
1.47,3,2.14057,2,d17_medium,14,17,closed,0.0,1.47
2.94,6,2.148046,2,d15_direct,12,15,open,1.0,2.94
2.88,12,2.159531,2,d19_detour,14,19,closed,0.0,2.88
1.47,3,2.166314,2,d17_medium,14,17,closed,0.0,1.47
2.94,6,2.173826,2,d15_direct,12,15,open,1.0,2.94
2.88,12,2.185163,2,d19_detour,14,19,closed,0.0,2.88
2.94,6,2.192649,2,d15_direct,12,15,open,1.0,2.94
2.94,6,2.20089,2,d17_medium,14,17,closed,0.0,2.94
2.94,6,2.208488,2,d15_direct,12,15,open,1.0,2.94
-0.08,3,2.214386,2,d15_direct,12,15,open,1.0,-0.08000000000000007
2.88,12,2.226328,2,d19_detour,14,19,closed,0.0,2.88
2.88,12,2.237564,2,d19_detour,14,19,closed,0.0,2.88
2.94,6,2.245862,2,d17_medium,14,17,closed,0.0,2.94
2.94,6,2.253956,2,d15_direct,12,15,open,1.0,2.94
2.94,6,2.262531,2,d17_medium,14,17,closed,0.0,2.94
2.94,6,2.270793,2,d17_medium,14,17,closed,0.0,2.94
2.88,12,2.282238,2,d19_detour,14,19,closed,0.0,2.88
1.47,3,2.289,2,d17_medium,14,17,closed,0.0,1.47
2.94,6,2.29738,2,d17_medium,14,17,closed,0.0,2.94
2.88,12,2.308783,2,d19_detour,14,19,closed,0.0,2.88
2.88,12,2.320086,2,d19_detour,14,19,closed,0.0,2.88
2.88,12,2.33149,2,d19_detour,14,19,closed,0.0,2.88
2.94,6,2.338874,2,d15_direct,12,15,open,1.0,2.94
1.47,3,2.345675,2,d17_medium,14,17,closed,0.0,1.47
2.88,12,2.357091,2,d19_detour,14,19,closed,0.0,2.88
2.88,12,2.36867,2,d19_detour,14,19,closed,0.0,2.88
2.88,12,2.380819,2,d19_detour,14,19,closed,0.0,2.88
1.47,3,2.386882,2,d15_direct,12,15,open,1.0,1.47
2.94,6,2.395199,2,d17_medium,14,17,closed,0.0,2.94
2.94,6,2.403539,2,d17_medium,14,17,closed,0.0,2.94
2.94,6,2.411836,2,d17_medium,14,17,closed,0.0,2.94
1.47,3,2.417778,2,d15_direct,12,15,open,1.0,1.47
2.94,6,2.426095,2,d17_medium,14,17,closed,0.0,2.94
1.47,3,2.432698,2,d19_detour,14,19,closed,0.0,1.47
2.94,6,2.441029,2,d17_medium,14,17,closed,0.0,2.94
2.88,12,2.453296,2,d19_detour,14,19,closed,0.0,2.88
2.94,6,2.460877,2,d15_direct,12,15,open,1.0,2.94
2.88,12,2.472421,2,d19_detour,14,19,closed,0.0,2.88
2.94,6,2.480815,2,d17_medium,14,17,closed,0.0,2.94
2.88,12,2.492375,2,d19_detour,14,19,closed,0.0,2.88
2.94,6,2.500798,2,d17_medium,14,17,closed,0.0,2.94
2.88,12,2.51237,2,d19_detour,14,19,closed,0.0,2.88
2.94,6,2.519949,2,d15_direct,12,15,open,1.0,2.94
2.88,12,2.531412,2,d19_detour,14,19,closed,0.0,2.88
1.47,3,2.538051,2,d17_medium,14,17,closed,0.0,1.47
2.94,6,2.546455,2,d17_medium,14,17,closed,0.0,2.94
2.88,12,2.557851,2,d19_detour,14,19,closed,0.0,2.88
2.94,6,2.565446,3,d15_direct,12,15,open,1.0,2.94
2.91,9,2.575218,3,d17_medium,13,17,closed,0.0,2.91
1.47,3,2.581588,3,d17_medium,13,17,closed,0.0,1.47
2.94,6,2.589075,3,d15_direct,12,15,open,1.0,2.94
2.85,15,2.601649,3,d19_detour,13,19,closed,0.0,2.8499999999999996
2.91,9,2.611358,3,d17_medium,13,17,closed,0.0,2.91
1.47,3,2.61763,3,d19_detour,13,19,closed,0.0,1.47
2.94,6,2.62507,3,d15_direct,12,15,open,1.0,2.94
2.85,15,2.637577,3,d19_detour,13,19,closed,0.0,2.8499999999999996
2.85,15,2.650273,3,d19_detour,13,19,closed,0.0,2.8499999999999996
2.91,9,2.660676,3,d17_medium,13,17,closed,0.0,2.91
1.47,3,2.666669,3,d15_direct,12,15,open,1.0,1.47
2.91,9,2.676386,3,d17_medium,13,17,closed,0.0,2.91
2.85,15,2.689691,3,d19_detour,13,19,closed,0.0,2.8499999999999996
2.85,15,2.702606,3,d19_detour,13,19,closed,0.0,2.8499999999999996
2.85,15,2.715349,3,d19_detour,13,19,closed,0.0,2.8499999999999996
2.94,6,2.722903,3,d15_direct,12,15,open,1.0,2.94
2.85,15,2.735534,3,d19_detour,13,19,closed,0.0,2.8499999999999996
2.94,6,2.743054,3,d15_direct,12,15,open,1.0,2.94
2.88,7,2.751061,3,d15_direct,12,15,open,1.0,2.88
1.47,3,2.757394,3,d17_medium,13,17,closed,0.0,1.47
2.94,6,2.764855,3,d15_direct,12,15,open,1.0,2.94
1.47,3,2.771245,3,d19_detour,13,19,closed,0.0,1.47
2.85,15,2.783916,3,d19_detour,13,19,closed,0.0,2.8499999999999996
2.85,15,2.797128,3,d19_detour,13,19,closed,0.0,2.8499999999999996
1.47,3,2.803589,3,d17_medium,13,17,closed,0.0,1.47
2.85,15,2.816381,3,d19_detour,13,19,closed,0.0,2.8499999999999996
1.47,3,2.822966,3,d17_medium,13,17,closed,0.0,1.47
2.94,6,2.830912,3,d15_direct,12,15,open,1.0,2.94
2.94,6,2.838616,3,d15_direct,12,15,open,1.0,2.94
1.47,3,2.844922,3,d19_detour,13,19,closed,0.0,1.47
1.47,3,2.851341,3,d19_detour,13,19,closed,0.0,1.47
2.91,9,2.861129,3,d17_medium,13,17,closed,0.0,2.91
2.91,9,2.870911,3,d17_medium,13,17,closed,0.0,2.91
2.85,15,2.883606,3,d19_detour,13,19,closed,0.0,2.8499999999999996
1.47,3,2.889541,3,d15_direct,12,15,open,1.0,1.47
2.94,6,2.897073,3,d15_direct,12,15,open,1.0,2.94
2.91,9,2.906728,3,d17_medium,13,17,closed,0.0,2.91
2.91,9,2.916285,3,d17_medium,13,17,closed,0.0,2.91
2.94,6,2.923886,3,d15_direct,12,15,open,1.0,2.94
2.94,6,2.931525,3,d15_direct,12,15,open,1.0,2.94
2.85,15,2.944358,3,d19_detour,13,19,closed,0.0,2.8499999999999996
2.94,6,2.952259,3,d15_direct,12,15,open,1.0,2.94
2.91,9,2.962128,3,d17_medium,13,17,closed,0.0,2.91
1.47,3,2.968801,3,d19_detour,13,19,closed,0.0,1.47
2.85,15,2.98203,3,d19_detour,13,19,closed,0.0,2.8499999999999996
2.85,15,2.995391,3,d19_detour,13,19,closed,0.0,2.8499999999999996
1.47,3,3.001791,3,d19_detour,13,19,closed,0.0,1.47
1.47,3,3.007851,3,d15_direct,12,15,open,1.0,1.47
1.47,3,3.013918,3,d15_direct,12,15,open,1.0,1.47
2.91,9,3.024134,3,d17_medium,13,17,closed,0.0,2.91
2.85,15,3.037382,3,d19_detour,13,19,closed,0.0,2.8499999999999996
2.94,6,3.045192,3,d15_direct,12,15,open,1.0,2.94
2.85,15,3.05844,3,d19_detour,13,19,closed,0.0,2.8499999999999996
2.94,6,3.065902,3,d15_direct,12,15,open,1.0,2.94
1.47,3,3.071784,3,d15_direct,12,15,open,1.0,1.47
2.85,15,3.084542,3,d19_detour,13,19,closed,0.0,2.8499999999999996
2.91,9,3.094297,3,d17_medium,13,17,closed,0.0,2.91
1.47,3,3.100653,3,d17_medium,13,17,closed,0.0,1.47
2.94,6,3.108078,3,d15_direct,12,15,open,1.0,2.94
1.47,3,3.113941,3,d15_direct,12,15,open,1.0,1.47
2.91,9,3.123518,3,d17_medium,13,17,closed,0.0,2.91
2.85,15,3.136283,3,d19_detour,13,19,closed,0.0,2.8499999999999996
2.94,6,3.143778,3,d15_direct,12,15,open,1.0,2.94
2.91,9,3.15351,3,d17_medium,13,17,closed,0.0,2.91
2.91,9,3.163263,4,d17_medium,13,17,closed,0.0,2.91
2.82,18,3.177235,4,d19_detour,12,19,closed,0.0,2.82
2.88,12,3.188498,4,d17_medium,12,17,closed,0.0,2.88
1.47,3,3.194689,4,d19_detour,12,19,closed,0.0,1.47
1.47,3,3.201251,4,d17_medium,12,17,closed,0.0,1.47
2.82,18,3.215457,4,d19_detour,12,19,closed,0.0,2.82
1.47,3,3.221454,4,d19_detour,12,19,closed,0.0,1.47
2.88,12,3.232308,4,d17_medium,12,17,closed,0.0,2.88
1.47,3,3.23839,4,d19_detour,12,19,closed,0.0,1.47
2.94,6,3.245894,4,d15_direct,12,15,open,1.0,2.94
2.88,12,3.256864,4,d17_medium,12,17,closed,0.0,2.88
2.82,18,3.270859,4,d19_detour,12,19,closed,0.0,2.82
2.88,12,3.281984,4,d17_medium,12,17,closed,0.0,2.88
2.94,6,3.289514,4,d15_direct,12,15,open,1.0,2.94
2.88,12,3.300478,4,d17_medium,12,17,closed,0.0,2.88
2.82,18,3.31442,4,d19_detour,12,19,closed,0.0,2.82
2.82,18,3.328447,4,d19_detour,12,19,closed,0.0,2.82
2.82,18,3.342445,4,d19_detour,12,19,closed,0.0,2.82
2.94,6,3.350544,4,d15_direct,12,15,open,1.0,2.94
2.82,18,3.364557,4,d19_detour,12,19,closed,0.0,2.82
1.47,3,3.370438,4,d15_direct,12,15,open,1.0,1.47
2.88,12,3.381526,4,d17_medium,12,17,closed,0.0,2.88
2.94,6,3.389001,4,d15_direct,12,15,open,1.0,2.94
2.94,6,3.396494,4,d15_direct,12,15,open,1.0,2.94
2.94,6,3.403972,4,d15_direct,12,15,open,1.0,2.94
1.47,3,3.410039,4,d19_detour,12,19,closed,0.0,1.47
2.94,6,3.417691,4,d15_direct,12,15,open,1.0,2.94
2.88,12,3.645029,4,d17_medium,12,17,closed,0.0,2.88
2.82,18,3.659052,4,d19_detour,12,19,closed,0.0,2.82
2.82,18,3.673826,4,d19_detour,12,19,closed,0.0,2.82
2.82,18,3.687841,4,d19_detour,12,19,closed,0.0,2.82
2.88,12,3.698853,4,d17_medium,12,17,closed,0.0,2.88
2.88,12,3.709878,4,d17_medium,12,17,closed,0.0,2.88
2.94,6,3.717508,4,d15_direct,12,15,open,1.0,2.94
2.94,6,3.725049,4,d15_direct,12,15,open,1.0,2.94
2.94,6,3.732572,4,d15_direct,12,15,open,1.0,2.94
2.94,6,3.739991,4,d15_direct,12,15,open,1.0,2.94
2.88,12,3.751007,4,d17_medium,12,17,closed,0.0,2.88
2.82,18,3.765027,4,d19_detour,12,19,closed,0.0,2.82
1.47,3,3.771146,4,d17_medium,12,17,closed,0.0,1.47
2.88,12,3.782234,4,d17_medium,12,17,closed,0.0,2.88
2.82,18,3.796504,4,d19_detour,12,19,closed,0.0,2.82
2.94,6,3.804045,4,d15_direct,12,15,open,1.0,2.94
2.88,12,3.815084,4,d17_medium,12,17,closed,0.0,2.88
2.94,6,3.822677,4,d15_direct,12,15,open,1.0,2.94
1.47,3,3.831115,4,d19_detour,12,19,closed,0.0,1.47
2.88,12,3.843141,4,d17_medium,12,17,closed,0.0,2.88
1.47,3,3.849125,4,d19_detour,12,19,closed,0.0,1.47
2.82,18,3.863162,4,d19_detour,12,19,closed,0.0,2.82
2.94,6,3.871026,4,d15_direct,12,15,open,1.0,2.94
1.47,3,3.877442,4,d15_direct,12,15,open,1.0,1.47
1.47,3,3.884954,4,d17_medium,12,17,closed,0.0,1.47
2.82,18,3.914872,4,d19_detour,12,19,closed,0.0,2.82
1.47,3,3.921371,4,d17_medium,12,17,closed,0.0,1.47
2.88,12,3.932292,5,d17_medium,12,17,closed,0.0,2.88
1.47,3,3.937953,5,d15_direct,11,15,open,1.0,1.47
2.85,15,3.950278,5,d17_medium,11,17,closed,0.0,2.8499999999999996
2.91,9,3.959093,5,d15_direct,11,15,open,1.0,2.91
2.79,21,3.974559,5,d19_detour,11,19,closed,0.0,2.79
2.85,15,3.986863,5,d17_medium,11,17,closed,0.0,2.8499999999999996
2.79,21,4.002525,5,d19_detour,11,19,closed,0.0,2.79
2.85,15,4.014751,5,d17_medium,11,17,closed,0.0,2.8499999999999996
2.79,21,4.029872,5,d19_detour,11,19,closed,0.0,2.79
2.85,15,4.042047,5,d17_medium,11,17,closed,0.0,2.8499999999999996
2.85,15,4.054204,5,d17_medium,11,17,closed,0.0,2.8499999999999996
2.85,15,4.066396,5,d17_medium,11,17,closed,0.0,2.8499999999999996
2.91,9,4.075528,5,d15_direct,11,15,open,1.0,2.91
2.85,15,4.088445,5,d17_medium,11,17,closed,0.0,2.8499999999999996
2.91,9,4.097202,5,d15_direct,11,15,open,1.0,2.91
2.85,15,4.10945,5,d17_medium,11,17,closed,0.0,2.8499999999999996
2.79,21,4.125114,5,d19_detour,11,19,closed,0.0,2.79
2.85,15,4.137408,5,d17_medium,11,17,closed,0.0,2.8499999999999996
2.91,9,4.146229,5,d15_direct,11,15,open,1.0,2.91
1.47,3,4.152059,5,d17_medium,11,17,closed,0.0,1.47
2.91,9,4.161188,5,d15_direct,11,15,open,1.0,2.91
2.79,21,4.176249,5,d19_detour,11,19,closed,0.0,2.79
2.85,15,4.188463,5,d17_medium,11,17,closed,0.0,2.8499999999999996
1.47,3,4.19411,5,d15_direct,11,15,open,1.0,1.47
2.79,21,4.20932,5,d19_detour,11,19,closed,0.0,2.79
2.79,21,4.229664,5,d19_detour,11,19,closed,0.0,2.79
2.91,9,4.241067,5,d15_direct,11,15,open,1.0,2.91
2.85,15,4.25399,5,d17_medium,11,17,closed,0.0,2.8499999999999996
1.47,3,4.259729,5,d15_direct,11,15,open,1.0,1.47
2.85,15,4.272686,5,d17_medium,11,17,closed,0.0,2.8499999999999996
2.79,21,4.288284,5,d19_detour,11,19,closed,0.0,2.79
2.85,15,4.300636,5,d17_medium,11,17,closed,0.0,2.8499999999999996
0.74,16,4.313516,5,d17_medium,11,17,closed,0.0,0.7399999999999998
2.91,9,4.322347,5,d15_direct,11,15,open,1.0,2.91
1.47,3,4.327994,5,d15_direct,11,15,open,1.0,1.47
2.91,9,4.336884,5,d15_direct,11,15,open,1.0,2.91
2.91,9,4.346031,5,d15_direct,11,15,open,1.0,2.91
2.79,21,4.361288,5,d19_detour,11,19,closed,0.0,2.79
2.85,15,4.373424,5,d17_medium,11,17,closed,0.0,2.8499999999999996
2.79,21,4.388578,5,d19_detour,11,19,closed,0.0,2.79
2.79,21,4.403744,5,d19_detour,11,19,closed,0.0,2.79
2.79,21,4.418984,5,d19_detour,11,19,closed,0.0,2.79
1.47,3,4.424803,5,d19_detour,11,19,closed,0.0,1.47
2.91,9,4.433496,5,d15_direct,11,15,open,1.0,2.91
1.47,3,4.439254,5,d17_medium,11,17,closed,0.0,1.47
2.85,15,4.451703,5,d17_medium,11,17,closed,0.0,2.8499999999999996
2.91,9,4.461081,5,d15_direct,11,15,open,1.0,2.91
2.79,21,4.476402,5,d19_detour,11,19,closed,0.0,2.79
2.85,15,4.488835,5,d17_medium,11,17,closed,0.0,2.8499999999999996
1.47,3,4.495061,5,d17_medium,11,17,closed,0.0,1.47
2.91,9,4.504354,5,d15_direct,11,15,open,1.0,2.91
2.91,9,4.513066,5,d15_direct,11,15,open,1.0,2.91
2.79,21,4.528303,5,d19_detour,11,19,closed,0.0,2.79
2.79,21,4.543351,5,d19_detour,11,19,closed,0.0,2.79
1.47,3,4.548995,5,d15_direct,11,15,open,1.0,1.47
2.91,9,4.558933,6,d15_direct,11,15,open,1.0,2.91
2.82,18,4.572901,6,d17_medium,10,17,closed,0.0,2.82
2.88,12,4.583077,6,d15_direct,10,15,open,1.0,2.88
2.82,18,4.59683,6,d17_medium,10,17,closed,0.0,2.82
2.7,25,4.614817,6,d19_detour,10,19,closed,0.0,2.6999999999999997
1.47,3,4.620383,6,d17_medium,10,17,closed,0.0,1.47
1.47,3,4.625899,6,d19_detour,10,19,closed,0.0,1.47
1.47,3,4.631414,6,d19_detour,10,19,closed,0.0,1.47
2.88,12,4.642601,6,d15_direct,10,15,open,1.0,2.88
2.82,18,4.657102,6,d17_medium,10,17,closed,0.0,2.82
1.47,3,4.662829,6,d15_direct,10,15,open,1.0,1.47
2.82,18,4.676355,6,d17_medium,10,17,closed,0.0,2.82
1.47,3,4.68193,6,d17_medium,10,17,closed,0.0,1.47
1.47,3,4.687274,6,d15_direct,10,15,open,1.0,1.47
2.82,18,4.700824,6,d17_medium,10,17,closed,0.0,2.82
2.82,18,4.714262,6,d17_medium,10,17,closed,0.0,2.82
2.76,24,4.730972,6,d19_detour,10,19,closed,0.0,2.76
2.82,18,4.744594,6,d17_medium,10,17,closed,0.0,2.82
2.82,18,4.763214,6,d17_medium,10,17,closed,0.0,2.82
2.88,12,4.775656,6,d15_direct,10,15,open,1.0,2.88
2.88,12,4.785978,6,d15_direct,10,15,open,1.0,2.88
2.88,12,4.796205,6,d15_direct,10,15,open,1.0,2.88
1.47,3,4.801744,6,d19_detour,10,19,closed,0.0,1.47
2.82,18,4.815486,6,d17_medium,10,17,closed,0.0,2.82
2.88,12,4.825526,6,d15_direct,10,15,open,1.0,2.88
2.76,24,4.841877,6,d19_detour,10,19,closed,0.0,2.76
2.82,18,4.855299,6,d17_medium,10,17,closed,0.0,2.82
2.88,12,4.865243,6,d15_direct,10,15,open,1.0,2.88
2.76,24,4.883973,6,d19_detour,10,19,closed,0.0,2.76
2.88,12,4.894556,6,d15_direct,10,15,open,1.0,2.88
2.88,12,4.905007,6,d15_direct,10,15,open,1.0,2.88
2.82,18,4.918724,6,d17_medium,10,17,closed,0.0,2.82
2.88,12,4.928873,6,d15_direct,10,15,open,1.0,2.88
2.88,12,4.939287,6,d15_direct,10,15,open,1.0,2.88
2.82,18,4.952765,6,d17_medium,10,17,closed,0.0,2.82
2.82,18,4.966259,6,d17_medium,10,17,closed,0.0,2.82
1.47,3,4.971529,6,d15_direct,10,15,open,1.0,1.47
2.82,18,4.98498,6,d17_medium,10,17,closed,0.0,2.82
2.88,12,4.995086,6,d15_direct,10,15,open,1.0,2.88
2.76,24,5.012652,6,d19_detour,10,19,closed,0.0,2.76
2.88,12,5.022764,6,d15_direct,10,15,open,1.0,2.88
2.76,24,5.039629,6,d19_detour,10,19,closed,0.0,2.76
1.47,3,5.045027,6,d17_medium,10,17,closed,0.0,1.47
2.76,24,5.061562,6,d19_detour,10,19,closed,0.0,2.76
2.88,12,5.071656,6,d15_direct,10,15,open,1.0,2.88
1.47,3,5.077097,6,d17_medium,10,17,closed,0.0,1.47
2.82,18,5.090575,6,d17_medium,10,17,closed,0.0,2.82
1.47,3,5.096149,6,d17_medium,10,17,closed,0.0,1.47
2.76,24,5.112839,6,d19_detour,10,19,closed,0.0,2.76
2.88,12,5.122776,6,d15_direct,10,15,open,1.0,2.88
2.82,18,5.136666,6,d17_medium,10,17,closed,0.0,2.82
2.88,12,5.14687,6,d15_direct,10,15,open,1.0,2.88
1.47,3,5.152265,6,d15_direct,10,15,open,1.0,1.47
1.47,3,5.157805,6,d19_detour,10,19,closed,0.0,1.47
2.88,12,5.167786,6,d15_direct,10,15,open,1.0,2.88
2.88,12,5.177745,6,d15_direct,10,15,open,1.0,2.88
1.47,3,5.183131,6,d17_medium,10,17,closed,0.0,1.47
1.47,3,5.189007,6,d17_medium,10,17,closed,0.0,1.47
1.47,3,5.194636,6,d19_detour,10,19,closed,0.0,1.47
2.82,18,5.208501,6,d17_medium,10,17,closed,0.0,2.82
2.76,24,5.225053,6,d19_detour,10,19,closed,0.0,2.76
2.76,24,5.241459,6,d19_detour,10,19,closed,0.0,2.76
1.47,3,5.247,6,d17_medium,10,17,closed,0.0,1.47
2.76,24,5.263471,6,d19_detour,10,19,closed,0.0,2.76
2.88,12,5.273582,6,d15_direct,10,15,open,1.0,2.88
2.82,18,5.287399,6,d17_medium,10,17,closed,0.0,2.82
1.47,3,5.293136,6,d17_medium,10,17,closed,0.0,1.47
2.82,18,5.30849,6,d17_medium,10,17,closed,0.0,2.82
1.47,3,5.313977,6,d19_detour,10,19,closed,0.0,1.47
2.82,18,5.328354,6,d17_medium,10,17,closed,0.0,2.82
2.88,12,5.338467,6,d15_direct,10,15,open,1.0,2.88
1.47,3,5.344002,6,d17_medium,10,17,closed,0.0,1.47
2.76,24,5.360394,6,d19_detour,10,19,closed,0.0,2.76
1.47,3,5.36593,6,d17_medium,10,17,closed,0.0,1.47
2.82,18,5.379264,6,d17_medium,10,17,closed,0.0,2.82
1.47,3,5.38489,6,d17_medium,10,17,closed,0.0,1.47
2.82,18,5.39867,6,d17_medium,10,17,closed,0.0,2.82
2.76,24,5.415038,6,d19_detour,10,19,closed,0.0,2.76
2.82,18,5.42853,6,d17_medium,10,17,closed,0.0,2.82
1.47,3,5.434005,6,d19_detour,10,19,closed,0.0,1.47
1.47,3,5.439477,6,d19_detour,10,19,closed,0.0,1.47
2.82,18,5.686754,6,d17_medium,10,17,closed,0.0,2.82
1.47,3,5.692203,6,d15_direct,10,15,open,1.0,1.47
2.82,18,5.706276,6,d17_medium,10,17,closed,0.0,2.82
2.82,18,5.719991,6,d17_medium,10,17,closed,0.0,2.82
2.82,18,5.733514,6,d17_medium,10,17,closed,0.0,2.82
2.88,12,5.744494,6,d15_direct,10,15,open,1.0,2.88
1.47,3,5.752066,6,d17_medium,10,17,closed,0.0,1.47
2.88,12,5.76356,6,d15_direct,10,15,open,1.0,2.88
2.82,18,5.777085,6,d17_medium,10,17,closed,0.0,2.82
2.76,24,5.793405,7,d19_detour,10,19,closed,0.0,2.76
1.47,3,5.798604,7,d19_detour,9,19,closed,0.0,1.47
2.85,15,5.810567,7,d15_direct,9,15,open,1.0,2.8499999999999996
2.19,21,5.826454,7,d17_medium,9,17,closed,0.0,2.19
2.73,27,5.845012,7,d19_detour,9,19,closed,0.0,2.7299999999999995
2.85,15,5.856286,7,d15_direct,9,15,open,1.0,2.8499999999999996
2.73,27,5.873882,7,d19_detour,9,19,closed,0.0,2.7299999999999995
2.19,21,5.888523,7,d17_medium,9,17,closed,0.0,2.19
0.87,3,5.893588,7,d17_medium,9,17,closed,0.0,0.8699999999999999
2.73,27,5.911118,7,d19_detour,9,19,closed,0.0,2.7299999999999995
2.73,27,5.9286,7,d19_detour,9,19,closed,0.0,2.7299999999999995
2.85,15,5.940592,7,d15_direct,9,15,open,1.0,2.8499999999999996
1.47,3,5.945588,7,d15_direct,9,15,open,1.0,1.47
2.73,27,5.962924,7,d19_detour,9,19,closed,0.0,2.7299999999999995
2.19,21,5.977505,7,d17_medium,9,17,closed,0.0,2.19
2.79,16,5.989202,7,d15_direct,9,15,open,1.0,2.79
2.19,21,6.003818,7,d17_medium,9,17,closed,0.0,2.19
2.85,15,6.015025,7,d15_direct,9,15,open,1.0,2.8499999999999996
2.73,27,6.032571,7,d19_detour,9,19,closed,0.0,2.7299999999999995
2.85,15,6.044458,7,d15_direct,9,15,open,1.0,2.8499999999999996
1.47,3,6.049675,7,d19_detour,9,19,closed,0.0,1.47
2.85,15,6.060917,7,d15_direct,9,15,open,1.0,2.8499999999999996
2.85,15,6.071993,7,d15_direct,9,15,open,1.0,2.8499999999999996
0.87,3,6.077158,7,d17_medium,9,17,closed,0.0,0.8699999999999999
2.19,21,6.092027,7,d17_medium,9,17,closed,0.0,2.19
0.87,3,6.097178,7,d17_medium,9,17,closed,0.0,0.8699999999999999
2.73,27,6.115382,7,d19_detour,9,19,closed,0.0,2.7299999999999995
0.72,28,6.134205,7,d19_detour,9,19,closed,0.0,0.7199999999999999
2.19,21,6.149331,7,d17_medium,9,17,closed,0.0,2.19
2.73,27,6.167229,7,d19_detour,9,19,closed,0.0,2.7299999999999995
2.73,27,6.185244,7,d19_detour,9,19,closed,0.0,2.7299999999999995
2.19,21,6.200179,7,d17_medium,9,17,closed,0.0,2.19
2.19,21,6.21513,7,d17_medium,9,17,closed,0.0,2.19
2.73,27,6.233325,7,d19_detour,9,19,closed,0.0,2.7299999999999995
2.85,15,6.244899,7,d15_direct,9,15,open,1.0,2.8499999999999996
2.19,21,6.260519,7,d17_medium,9,17,closed,0.0,2.19
0.87,3,6.265743,7,d17_medium,9,17,closed,0.0,0.8699999999999999
2.19,21,6.282046,7,d17_medium,9,17,closed,0.0,2.19
2.85,15,6.293549,7,d15_direct,9,15,open,1.0,2.8499999999999996
2.19,21,6.308498,7,d17_medium,9,17,closed,0.0,2.19
2.85,15,6.320016,7,d15_direct,9,15,open,1.0,2.8499999999999996
2.73,27,6.338079,7,d19_detour,9,19,closed,0.0,2.7299999999999995
2.79,16,6.350113,7,d15_direct,9,15,open,1.0,2.79
1.47,3,6.355206,7,d19_detour,9,19,closed,0.0,1.47
2.73,27,6.37331,7,d19_detour,9,19,closed,0.0,2.7299999999999995
2.73,27,6.391981,7,d19_detour,9,19,closed,0.0,2.7299999999999995
2.19,21,6.407182,7,d17_medium,9,17,closed,0.0,2.19
2.85,15,6.418872,7,d15_direct,9,15,open,1.0,2.8499999999999996
1.47,3,6.424041,7,d19_detour,9,19,closed,0.0,1.47
2.85,15,6.435465,7,d15_direct,9,15,open,1.0,2.8499999999999996
2.73,27,6.454729,7,d19_detour,9,19,closed,0.0,2.7299999999999995
1.47,3,6.460096,7,d15_direct,9,15,open,1.0,1.47
2.73,27,6.478144,7,d19_detour,9,19,closed,0.0,2.7299999999999995
1.47,3,6.483186,7,d15_direct,9,15,open,1.0,1.47
2.73,27,6.501546,7,d19_detour,9,19,closed,0.0,2.7299999999999995
2.19,21,6.516606,7,d17_medium,9,17,closed,0.0,2.19
2.19,21,6.531217,8,d17_medium,9,17,closed,0.0,2.19
1.47,3,6.53632,8,d15_direct,8,15,open,1.0,1.47
2.16,24,6.553012,8,d17_medium,8,17,closed,0.0,2.16
1.47,3,6.557859,8,d19_detour,8,19,closed,0.0,1.47
1.47,3,6.562592,8,d15_direct,8,15,open,1.0,1.47
1.47,3,6.567439,8,d17_medium,8,17,closed,0.0,1.47
2.16,24,6.58353,8,d17_medium,8,17,closed,0.0,2.16
2.7,30,6.602849,8,d19_detour,8,19,closed,0.0,2.6999999999999997
2.82,18,6.615457,8,d15_direct,8,15,open,1.0,2.82
2.82,18,6.627989,8,d15_direct,8,15,open,1.0,2.82
2.7,30,6.647053,8,d19_detour,8,19,closed,0.0,2.6999999999999997
2.82,18,6.66066,8,d15_direct,8,15,open,1.0,2.82
2.82,18,6.673532,8,d15_direct,8,15,open,1.0,2.82
2.82,18,6.686586,8,d15_direct,8,15,open,1.0,2.82
2.82,18,6.699325,8,d15_direct,8,15,open,1.0,2.82
1.47,3,6.704062,8,d15_direct,8,15,open,1.0,1.47
2.16,24,6.72034,8,d17_medium,8,17,closed,0.0,2.16
2.7,30,6.739451,8,d19_detour,8,19,closed,0.0,2.6999999999999997
2.16,24,6.755825,8,d17_medium,8,17,closed,0.0,2.16
1.47,3,6.761138,8,d17_medium,8,17,closed,0.0,1.47
2.16,24,6.777501,8,d17_medium,8,17,closed,0.0,2.16
1.47,3,6.782419,8,d17_medium,8,17,closed,0.0,1.47
2.7,30,6.802233,8,d19_detour,8,19,closed,0.0,2.6999999999999997
2.82,18,6.816924,8,d15_direct,8,15,open,1.0,2.82
2.82,18,6.829561,8,d15_direct,8,15,open,1.0,2.82
2.82,18,6.842007,8,d15_direct,8,15,open,1.0,2.82
2.82,18,6.859167,8,d15_direct,8,15,open,1.0,2.82
2.82,18,6.873716,8,d15_direct,8,15,open,1.0,2.82
2.82,18,6.896011,8,d15_direct,8,15,open,1.0,2.82
2.7,30,6.919784,8,d19_detour,8,19,closed,0.0,2.6999999999999997
2.16,24,6.935993,8,d17_medium,8,17,closed,0.0,2.16
2.82,18,6.948751,8,d15_direct,8,15,open,1.0,2.82
2.7,30,6.968051,8,d19_detour,8,19,closed,0.0,2.6999999999999997
2.82,18,6.981297,8,d15_direct,8,15,open,1.0,2.82
2.82,18,6.994443,8,d15_direct,8,15,open,1.0,2.82
1.47,3,6.999234,8,d17_medium,8,17,closed,0.0,1.47
1.47,3,7.004799,8,d15_direct,8,15,open,1.0,1.47
2.82,18,7.017734,8,d15_direct,8,15,open,1.0,2.82
2.7,30,7.039967,8,d19_detour,8,19,closed,0.0,2.6999999999999997
1.47,3,7.044875,8,d17_medium,8,17,closed,0.0,1.47
1.47,3,7.049628,8,d19_detour,8,19,closed,0.0,1.47
2.76,19,7.062592,8,d15_direct,8,15,open,1.0,2.76
1.47,3,7.067294,8,d15_direct,8,15,open,1.0,1.47
1.47,3,7.072113,8,d17_medium,8,17,closed,0.0,1.47
2.16,24,7.088342,8,d17_medium,8,17,closed,0.0,2.16
2.16,24,7.104269,8,d17_medium,8,17,closed,0.0,2.16
2.16,24,7.120211,8,d17_medium,8,17,closed,0.0,2.16
1.47,3,7.125045,8,d17_medium,8,17,closed,0.0,1.47
2.16,24,7.141586,8,d17_medium,8,17,closed,0.0,2.16
2.82,18,7.154045,8,d15_direct,8,15,open,1.0,2.82
2.7,30,7.172822,8,d19_detour,8,19,closed,0.0,2.6999999999999997
1.47,3,7.177576,8,d19_detour,8,19,closed,0.0,1.47
2.7,30,7.196145,8,d19_detour,8,19,closed,0.0,2.6999999999999997
2.82,18,7.208588,8,d15_direct,8,15,open,1.0,2.82
2.7,30,7.458318,8,d19_detour,8,19,closed,0.0,2.6999999999999997
2.7,30,7.477465,8,d19_detour,8,19,closed,0.0,2.6999999999999997
2.82,18,7.48986,8,d15_direct,8,15,open,1.0,2.82
2.7,30,7.509387,8,d19_detour,8,19,closed,0.0,2.6999999999999997
1.47,3,7.514194,8,d17_medium,8,17,closed,0.0,1.47
2.16,24,7.530345,8,d17_medium,8,17,closed,0.0,2.16
1.47,3,7.535149,8,d17_medium,8,17,closed,0.0,1.47
2.16,24,7.551079,8,d17_medium,8,17,closed,0.0,2.16
2.7,30,7.569919,8,d19_detour,8,19,closed,0.0,2.6999999999999997
2.82,18,7.582419,8,d15_direct,8,15,open,1.0,2.82
2.7,30,7.602431,8,d19_detour,8,19,closed,0.0,2.6999999999999997
2.16,24,7.618503,8,d17_medium,8,17,closed,0.0,2.16
1.47,3,7.623309,8,d19_detour,8,19,closed,0.0,1.47
2.7,30,7.64226,8,d19_detour,8,19,closed,0.0,2.6999999999999997
2.82,18,7.655102,8,d15_direct,8,15,open,1.0,2.82
2.7,30,7.67561,8,d19_detour,8,19,closed,0.0,2.6999999999999997
2.7,30,7.694909,8,d19_detour,8,19,closed,0.0,2.6999999999999997
2.76,19,7.70865,8,d15_direct,8,15,open,1.0,2.76
2.16,24,7.724613,9,d17_medium,8,17,closed,0.0,2.16
2.13,27,7.741759,9,d17_medium,7,17,closed,0.0,2.13
2.67,33,7.761825,9,d19_detour,7,19,closed,0.0,2.67
2.73,22,7.776219,9,d15_direct,7,15,open,1.0,2.7299999999999995
2.13,27,7.793836,9,d17_medium,7,17,closed,0.0,2.13
2.67,33,7.814007,9,d19_detour,7,19,closed,0.0,2.67
2.13,27,7.832342,9,d17_medium,7,17,closed,0.0,2.13
2.13,27,7.850219,9,d17_medium,7,17,closed,0.0,2.13
2.79,21,7.864052,9,d15_direct,7,15,open,1.0,2.79
2.61,34,7.884777,9,d19_detour,7,19,closed,0.0,2.6099999999999994
1.47,3,7.889335,9,d17_medium,7,17,closed,0.0,1.47
2.13,27,7.906932,9,d17_medium,7,17,closed,0.0,2.13
2.13,27,7.924572,9,d17_medium,7,17,closed,0.0,2.13
2.79,21,7.938486,9,d15_direct,7,15,open,1.0,2.79
2.67,33,7.958783,9,d19_detour,7,19,closed,0.0,2.67
2.13,27,7.975998,9,d17_medium,7,17,closed,0.0,2.13
2.13,27,7.993211,9,d17_medium,7,17,closed,0.0,2.13
1.47,3,7.997869,9,d17_medium,7,17,closed,0.0,1.47
2.13,27,8.015113,9,d17_medium,7,17,closed,0.0,2.13
2.67,33,8.035681,9,d19_detour,7,19,closed,0.0,2.67
2.73,22,8.050951,9,d15_direct,7,15,open,1.0,2.7299999999999995
2.67,33,8.073359,9,d19_detour,7,19,closed,0.0,2.67
2.67,33,8.094197,9,d19_detour,7,19,closed,0.0,2.67
0.02,28,8.112641,9,d17_medium,7,17,closed,0.0,0.019999999999999796
2.13,27,8.13008,9,d17_medium,7,17,closed,0.0,2.13
1.47,3,8.134614,9,d19_detour,7,19,closed,0.0,1.47
2.13,27,8.151928,9,d17_medium,7,17,closed,0.0,2.13
0.48,22,8.16627,9,d15_direct,7,15,open,1.0,0.47999999999999954
2.79,21,8.180086,9,d15_direct,7,15,open,1.0,2.79
1.47,3,8.184577,9,d19_detour,7,19,closed,0.0,1.47
0.48,22,8.198956,9,d15_direct,7,15,open,1.0,0.47999999999999976
2.67,33,8.219138,9,d19_detour,7,19,closed,0.0,2.67
2.67,33,8.239605,9,d19_detour,7,19,closed,0.0,2.67
0.48,22,8.254426,9,d15_direct,7,15,open,1.0,0.47999999999999954
2.79,21,8.268325,9,d15_direct,7,15,open,1.0,2.79
2.67,33,8.288756,9,d19_detour,7,19,closed,0.0,2.67
1.47,3,8.293746,9,d17_medium,7,17,closed,0.0,1.47
2.67,33,8.314315,9,d19_detour,7,19,closed,0.0,2.67
2.79,21,8.328346,9,d15_direct,7,15,open,1.0,2.79
2.79,21,8.342995,9,d15_direct,7,15,open,1.0,2.79
2.67,33,8.363727,9,d19_detour,7,19,closed,0.0,2.67
1.47,3,8.368415,9,d19_detour,7,19,closed,0.0,1.47
2.73,22,8.382838,9,d15_direct,7,15,open,1.0,2.7299999999999995
0.66,34,8.404149,9,d19_detour,7,19,closed,0.0,0.6599999999999997
2.13,27,8.421533,9,d17_medium,7,17,closed,0.0,2.13
1.47,3,8.426075,9,d17_medium,7,17,closed,0.0,1.47
2.13,27,8.443301,9,d17_medium,7,17,closed,0.0,2.13
2.67,33,8.463838,9,d19_detour,7,19,closed,0.0,2.67
2.79,21,8.477826,9,d15_direct,7,15,open,1.0,2.79
2.67,33,8.498095,9,d19_detour,7,19,closed,0.0,2.67
2.13,27,8.515443,9,d17_medium,7,17,closed,0.0,2.13
2.67,33,8.536873,9,d19_detour,7,19,closed,0.0,2.67
2.79,21,8.55076,10,d15_direct,7,15,open,1.0,2.79
0.45,25,8.566292,10,d15_direct,6,15,open,1.0,0.4499999999999995
2.64,36,8.588182,10,d19_detour,6,19,closed,0.0,2.6399999999999997
1.47,3,8.592454,10,d19_detour,6,19,closed,0.0,1.47
2.1,30,8.611163,10,d17_medium,6,17,closed,0.0,2.0999999999999996
2.64,36,8.633635,10,d19_detour,6,19,closed,0.0,2.6399999999999997
2.76,24,8.648774,10,d15_direct,6,15,open,1.0,2.76
0.45,25,8.664706,10,d15_direct,6,15,open,1.0,0.44999999999999973
1.47,3,8.668937,10,d19_detour,6,19,closed,0.0,1.47
2.64,36,8.690802,10,d19_detour,6,19,closed,0.0,2.6399999999999997
2.04,31,8.710267,10,d17_medium,6,17,closed,0.0,2.04
2.64,36,8.732392,10,d19_detour,6,19,closed,0.0,2.6399999999999997
2.1,30,8.751408,10,d17_medium,6,17,closed,0.0,2.0999999999999996
2.76,24,8.766413,10,d15_direct,6,15,open,1.0,2.76
2.64,36,8.788666,10,d19_detour,6,19,closed,0.0,2.6399999999999997
2.76,24,9.014748,10,d15_direct,6,15,open,1.0,2.76
1.47,3,9.01909,10,d19_detour,6,19,closed,0.0,1.47
2.76,24,9.034241,10,d15_direct,6,15,open,1.0,2.76
2.76,24,9.049567,10,d15_direct,6,15,open,1.0,2.76
2.64,36,9.071804,10,d19_detour,6,19,closed,0.0,2.6399999999999997
2.76,24,9.087027,10,d15_direct,6,15,open,1.0,2.76
0.34,26,9.103565,10,d17_medium,6,17,closed,0.0,0.33999999999999986
0.09,31,9.122524,10,d17_medium,6,17,closed,0.0,0.08999999999999986
2.64,36,9.144138,10,d19_detour,6,19,closed,0.0,2.6399999999999997
2.76,24,9.159435,10,d15_direct,6,15,open,1.0,2.76
2.64,36,9.181401,10,d19_detour,6,19,closed,0.0,2.6399999999999997
1.47,3,9.185662,10,d15_direct,6,15,open,1.0,1.47
1.47,3,9.194811,10,d15_direct,6,15,open,1.0,1.47
2.1,30,9.214116,10,d17_medium,6,17,closed,0.0,2.0999999999999996
2.58,37,9.236377,10,d19_detour,6,19,closed,0.0,2.5799999999999996
0.34,26,9.253222,10,d17_medium,6,17,closed,0.0,0.33999999999999986
2.64,36,9.275894,10,d19_detour,6,19,closed,0.0,2.6399999999999997
2.64,36,9.297832,10,d19_detour,6,19,closed,0.0,2.6399999999999997
2.1,30,9.317254,10,d17_medium,6,17,closed,0.0,2.0999999999999996
1.47,3,9.321928,10,d15_direct,6,15,open,1.0,1.47
2.76,24,9.337528,10,d15_direct,6,15,open,1.0,2.76
1.47,3,9.341788,10,d15_direct,6,15,open,1.0,1.47
2.64,36,9.363544,10,d19_detour,6,19,closed,0.0,2.6399999999999997
1.47,3,9.367706,10,d15_direct,6,15,open,1.0,1.47
2.64,36,9.390861,10,d19_detour,6,19,closed,0.0,2.6399999999999997
2.76,24,9.406051,10,d15_direct,6,15,open,1.0,2.76
2.64,36,9.427717,10,d19_detour,6,19,closed,0.0,2.6399999999999997
1.47,3,9.431979,10,d19_detour,6,19,closed,0.0,1.47
2.64,36,9.453987,10,d19_detour,6,19,closed,0.0,2.6399999999999997
2.64,36,9.477083,10,d19_detour,6,19,closed,0.0,2.6399999999999997
1.47,3,9.481324,10,d19_detour,6,19,closed,0.0,1.47
2.76,24,9.496725,10,d15_direct,6,15,open,1.0,2.76
0.6,25,9.51265,10,d15_direct,6,15,open,1.0,0.5999999999999999
0.09,31,9.531971,10,d17_medium,6,17,closed,0.0,0.08999999999999986
0.09,31,9.552191,10,d17_medium,6,17,closed,0.0,0.08999999999999986
2.64,36,9.574103,10,d19_detour,6,19,closed,0.0,2.6399999999999997
0.09,31,9.593477,10,d17_medium,6,17,closed,0.0,0.08999999999999986
2.76,24,9.608882,10,d15_direct,6,15,open,1.0,2.76
0.34,26,9.625532,10,d17_medium,6,17,closed,0.0,0.33999999999999986
1.47,3,9.629767,10,d19_detour,6,19,closed,0.0,1.47
1.47,3,9.634038,10,d15_direct,6,15,open,1.0,1.47
-1.41,26,9.650407,10,d15_direct,6,15,open,1.0,-1.4099999999999986
0.34,26,9.667185,10,d17_medium,6,17,closed,0.0,0.33999999999999986
2.64,36,9.689448,10,d19_detour,6,19,closed,0.0,2.6399999999999997
1.47,3,9.693758,10,d15_direct,6,15,open,1.0,1.47
2.1,30,9.712662,11,d17_medium,6,17,closed,0.0,2.0999999999999996
0.31,29,9.730841,11,d17_medium,5,17,closed,0.0,0.30999999999999983
1.47,3,9.734882,11,d17_medium,5,17,closed,0.0,1.47
0.31,29,9.752946,11,d17_medium,5,17,closed,0.0,0.30999999999999983
2.61,39,9.776011,11,d19_detour,5,19,closed,0.0,2.6099999999999994
2.07,33,9.796477,11,d17_medium,5,17,closed,0.0,2.07
1.47,3,9.800477,11,d15_direct,5,15,open,1.0,1.47
1.47,3,9.804391,11,d17_medium,5,17,closed,0.0,1.47
-0.03,3,9.80839,11,d19_detour,5,19,closed,0.0,-0.030000000000000027
2.07,33,9.828646,11,d17_medium,5,17,closed,0.0,2.07
-0.11,41,9.853375,11,d19_detour,5,19,closed,0.0,-0.11000000000000099
0.72,28,9.871088,11,d15_direct,5,15,open,1.0,0.7199999999999998
2.61,39,9.895239,11,d19_detour,5,19,closed,0.0,2.6099999999999994
2.07,33,9.915458,11,d17_medium,5,17,closed,0.0,2.07
-0.08,3,9.919473,11,d19_detour,5,19,closed,0.0,-0.08000000000000007
2.73,27,9.936116,11,d15_direct,5,15,open,1.0,2.7299999999999995
1.47,3,9.940176,11,d19_detour,5,19,closed,0.0,1.47
2.07,33,9.960389,11,d17_medium,5,17,closed,0.0,2.07
-0.1,40,9.984341,11,d19_detour,5,19,closed,0.0,-0.10000000000000053
1.47,3,9.988353,11,d19_detour,5,19,closed,0.0,1.47
0.62,28,10.005427,11,d15_direct,5,15,open,1.0,0.6199999999999997
1.47,3,10.009434,11,d15_direct,5,15,open,1.0,1.47
2.07,33,10.02961,11,d17_medium,5,17,closed,0.0,2.07
0.06,34,10.05018,11,d17_medium,5,17,closed,0.0,0.05999999999999983
-0.05,40,10.074602,11,d19_detour,5,19,closed,0.0,-0.05000000000000049
2.73,27,10.091527,11,d15_direct,5,15,open,1.0,2.7299999999999995
0.31,29,10.110287,11,d17_medium,5,17,closed,0.0,0.30999999999999983
0.57,28,10.127491,11,d15_direct,5,15,open,1.0,0.5699999999999998
-0.1,40,10.151418,11,d19_detour,5,19,closed,0.0,-0.10000000000000098
0.31,29,10.169508,11,d17_medium,5,17,closed,0.0,0.30999999999999983
1.47,3,10.17346,11,d15_direct,5,15,open,1.0,1.47
2.73,27,10.189887,11,d15_direct,5,15,open,1.0,2.7299999999999995
2.73,27,10.207137,11,d15_direct,5,15,open,1.0,2.7299999999999995
0.31,29,10.225723,11,d17_medium,5,17,closed,0.0,0.30999999999999983
1.47,3,10.229703,11,d15_direct,5,15,open,1.0,1.47
1.47,3,10.233587,11,d19_detour,5,19,closed,0.0,1.47
1.47,3,10.2375,11,d17_medium,5,17,closed,0.0,1.47
-0.03,3,10.241463,11,d17_medium,5,17,closed,0.0,-0.030000000000000027
1.47,3,10.245406,11,d19_detour,5,19,closed,0.0,1.47
1.47,3,10.249367,11,d17_medium,5,17,closed,0.0,1.47
1.47,3,10.25333,11,d17_medium,5,17,closed,0.0,1.47
2.73,27,10.26996,11,d15_direct,5,15,open,1.0,2.7299999999999995
2.61,39,10.293303,11,d19_detour,5,19,closed,0.0,2.6099999999999994
1.47,3,10.297252,11,d17_medium,5,17,closed,0.0,1.47
1.47,3,10.301394,11,d19_detour,5,19,closed,0.0,1.47
2.73,27,10.318249,11,d15_direct,5,15,open,1.0,2.7299999999999995
2.73,27,10.335011,11,d15_direct,5,15,open,1.0,2.7299999999999995
2.73,27,10.563416,11,d15_direct,5,15,open,1.0,2.7299999999999995
2.61,39,10.586854,11,d19_detour,5,19,closed,0.0,2.6099999999999994
2.61,39,10.609918,11,d19_detour,5,19,closed,0.0,2.6099999999999994
0.06,34,10.630866,11,d17_medium,5,17,closed,0.0,0.05999999999999983
2.07,33,10.650878,11,d17_medium,5,17,closed,0.0,2.07
2.55,40,10.674593,11,d19_detour,5,19,closed,0.0,2.55
0.31,29,10.692393,11,d17_medium,5,17,closed,0.0,0.30999999999999983
0.51,29,10.710714,11,d15_direct,5,15,open,1.0,0.5099999999999998
2.07,33,10.7308,11,d17_medium,5,17,closed,0.0,2.07
2.61,39,10.754592,11,d19_detour,5,19,closed,0.0,2.6099999999999994
-1.53,3,10.758621,11,d19_detour,5,19,closed,0.0,-1.53
-0.05,40,10.781932,11,d19_detour,5,19,closed,0.0,-0.05000000000000049
2.73,27,10.799163,11,d15_direct,5,15,open,1.0,2.7299999999999995
2.73,27,10.815755,11,d15_direct,5,15,open,1.0,2.7299999999999995
1.47,3,10.819718,11,d17_medium,5,17,closed,0.0,1.47
2.67,28,10.836528,11,d15_direct,5,15,open,1.0,2.67
-0.05,40,10.860869,11,d19_detour,5,19,closed,0.0,-0.05000000000000049
2.61,39,10.883793,12,d19_detour,5,19,closed,0.0,2.6099999999999994
2.52,43,10.909457,12,d19_detour,4,19,closed,0.0,2.5199999999999996
1.47,3,10.913176,12,d17_medium,4,17,closed,0.0,1.47
2.58,42,10.937208,12,d19_detour,4,19,closed,0.0,2.5799999999999996
1.47,3,10.940934,12,d19_detour,4,19,closed,0.0,1.47
2.58,42,10.965106,12,d19_detour,4,19,closed,0.0,2.5799999999999996
2.04,36,10.986282,12,d17_medium,4,17,closed,0.0,2.04
1.47,3,10.98998,12,d15_direct,4,15,open,1.0,1.47
2.64,31,11.00926,12,d15_direct,4,15,open,1.0,2.6399999999999997
1.47,3,11.012876,12,d15_direct,4,15,open,1.0,1.47
2.04,36,11.034625,12,d17_medium,4,17,closed,0.0,2.04
-0.08,43,11.060921,12,d19_detour,4,19,closed,0.0,-0.08000000000000052
2.58,42,11.084911,12,d19_detour,4,19,closed,0.0,2.5799999999999996
2.7,30,11.102539,12,d15_direct,4,15,open,1.0,2.6999999999999997
1.47,3,11.106302,12,d19_detour,4,19,closed,0.0,1.47
2.58,42,11.130817,12,d19_detour,4,19,closed,0.0,2.5799999999999996
2.52,43,11.156088,12,d19_detour,4,19,closed,0.0,2.5199999999999996
0.64,31,11.174514,12,d15_direct,4,15,open,1.0,0.6399999999999997
0.28,32,11.194067,12,d17_medium,4,17,closed,0.0,0.2799999999999998
0.03,37,11.215896,12,d17_medium,4,17,closed,0.0,0.029999999999999805
2.58,42,11.240633,12,d19_detour,4,19,closed,0.0,2.5799999999999996
1.47,3,11.244281,12,d15_direct,4,15,open,1.0,1.47
2.58,42,11.270007,12,d19_detour,4,19,closed,0.0,2.5799999999999996
2.7,30,11.287731,12,d15_direct,4,15,open,1.0,2.6999999999999997
-0.03,3,11.291976,12,d17_medium,4,17,closed,0.0,-0.030000000000000027
2.58,42,11.316766,12,d19_detour,4,19,closed,0.0,2.5799999999999996
2.7,30,11.335042,12,d15_direct,4,15,open,1.0,2.6999999999999997
2.58,42,11.359406,12,d19_detour,4,19,closed,0.0,2.5799999999999996
2.7,30,11.377074,12,d15_direct,4,15,open,1.0,2.6999999999999997
2.58,42,11.401347,12,d19_detour,4,19,closed,0.0,2.5799999999999996
1.47,3,11.405065,12,d17_medium,4,17,closed,0.0,1.47
1.47,3,11.408727,12,d19_detour,4,19,closed,0.0,1.47
0.28,32,11.428617,12,d17_medium,4,17,closed,0.0,0.2799999999999998
1.47,3,11.432136,12,d15_direct,4,15,open,1.0,1.47
2.52,43,11.456977,12,d19_detour,4,19,closed,0.0,2.5199999999999996
2.58,42,11.481276,12,d19_detour,4,19,closed,0.0,2.5799999999999996
1.47,3,11.484833,12,d15_direct,4,15,open,1.0,1.47
2.04,36,11.506157,12,d17_medium,4,17,closed,0.0,2.04
2.7,30,11.524081,12,d15_direct,4,15,open,1.0,2.6999999999999997
2.58,42,11.548417,12,d19_detour,4,19,closed,0.0,2.5799999999999996
2.7,30,11.566501,12,d15_direct,4,15,open,1.0,2.6999999999999997
2.58,42,11.59127,12,d19_detour,4,19,closed,0.0,2.5799999999999996
1.47,3,11.594982,12,d19_detour,4,19,closed,0.0,1.47
0.28,32,11.614143,12,d17_medium,4,17,closed,0.0,0.2799999999999998
0.69,31,11.632656,12,d15_direct,4,15,open,1.0,0.6899999999999998
2.04,36,11.654195,12,d17_medium,4,17,closed,0.0,2.04
1.47,3,11.657928,12,d17_medium,4,17,closed,0.0,1.47
2.04,36,11.679249,12,d17_medium,4,17,closed,0.0,2.04
2.04,36,11.70086,12,d17_medium,4,17,closed,0.0,2.04
1.47,3,11.704432,12,d17_medium,4,17,closed,0.0,1.47
1.47,3,11.708249,12,d19_detour,4,19,closed,0.0,1.47
2.04,36,11.729585,12,d17_medium,4,17,closed,0.0,2.04
2.64,31,11.748009,12,d15_direct,4,15,open,1.0,2.6399999999999997
0.28,32,11.767222,12,d17_medium,4,17,closed,0.0,0.2799999999999998
2.58,42,11.791687,12,d19_detour,4,19,closed,0.0,2.5799999999999996
0.28,32,11.810872,12,d17_medium,4,17,closed,0.0,0.2799999999999998
2.58,42,12.04877,12,d19_detour,4,19,closed,0.0,2.5799999999999996
1.47,3,12.052491,12,d17_medium,4,17,closed,0.0,1.47
2.04,36,12.074141,12,d17_medium,4,17,closed,0.0,2.04
2.64,31,12.092626,12,d15_direct,4,15,open,1.0,2.6399999999999997
2.04,36,12.113888,12,d17_medium,4,17,closed,0.0,2.04
1.47,3,12.117599,12,d19_detour,4,19,closed,0.0,1.47
2.04,36,12.139259,12,d17_medium,4,17,closed,0.0,2.04
2.58,42,12.1638,12,d19_detour,4,19,closed,0.0,2.5799999999999996
2.7,30,12.181955,12,d15_direct,4,15,open,1.0,2.6999999999999997
2.04,36,12.203324,12,d17_medium,4,17,closed,0.0,2.04
2.04,36,12.224753,12,d17_medium,4,17,closed,0.0,2.04
1.47,3,12.228367,12,d19_detour,4,19,closed,0.0,1.47
2.04,36,12.250185,12,d17_medium,4,17,closed,0.0,2.04
1.47,3,12.25385,12,d19_detour,4,19,closed,0.0,1.47
1.47,3,12.257288,12,d15_direct,4,15,open,1.0,1.47
2.04,36,12.27891,12,d17_medium,4,17,closed,0.0,2.04
1.47,3,12.28243,12,d15_direct,4,15,open,1.0,1.47
1.47,3,12.286034,12,d19_detour,4,19,closed,0.0,1.47
2.04,36,12.307011,12,d17_medium,4,17,closed,0.0,2.04
0.03,37,12.32913,12,d17_medium,4,17,closed,0.0,0.029999999999999805
0.59,31,12.347093,12,d15_direct,4,15,open,1.0,0.5899999999999997
2.58,42,12.371401,12,d19_detour,4,19,closed,0.0,2.5799999999999996
2.58,42,12.396521,12,d19_detour,4,19,closed,0.0,2.5799999999999996
2.7,30,12.41533,13,d15_direct,4,15,open,1.0,2.6999999999999997
2.55,45,12.441155,13,d19_detour,3,19,closed,0.0,2.55
2.55,45,12.468083,13,d19_detour,3,19,closed,0.0,2.55
0.25,35,12.488827,13,d17_medium,3,17,closed,0.0,0.24999999999999978
2.55,45,12.514893,13,d19_detour,3,19,closed,0.0,2.55
1.47,3,12.518342,13,d15_direct,3,15,open,1.0,1.47
1.47,3,12.521595,13,d19_detour,3,19,closed,0.0,1.47
2.55,45,12.547595,13,d19_detour,3,19,closed,0.0,2.55
1.47,3,12.55103,13,d17_medium,3,17,closed,0.0,1.47
2.01,39,12.574405,13,d17_medium,3,17,closed,0.0,2.01
2.67,33,12.59422,13,d15_direct,3,15,open,1.0,2.67
2.55,45,12.620199,13,d19_detour,3,19,closed,0.0,2.55
-0.03,3,12.623597,13,d19_detour,3,19,closed,0.0,-0.030000000000000027
2.55,45,12.649476,13,d19_detour,3,19,closed,0.0,2.55
2.49,46,12.67625,13,d19_detour,3,19,closed,0.0,2.4899999999999993
1.47,3,12.679542,13,d15_direct,3,15,open,1.0,1.47
2.49,46,12.706084,13,d19_detour,3,19,closed,0.0,2.4899999999999993
2.55,45,12.731975,13,d19_detour,3,19,closed,0.0,2.55
1.47,3,12.735368,13,d19_detour,3,19,closed,0.0,1.47
1.47,3,12.738629,13,d17_medium,3,17,closed,0.0,1.47
1.47,3,12.742008,13,d19_detour,3,19,closed,0.0,1.47
1.47,3,12.745265,13,d19_detour,3,19,closed,0.0,1.47
-0.16,46,12.771738,13,d19_detour,3,19,closed,0.0,-0.1600000000000006
0.25,35,12.792935,13,d17_medium,3,17,closed,0.0,0.24999999999999978
2.67,33,12.812573,13,d15_direct,3,15,open,1.0,2.67
2.49,46,12.839009,13,d19_detour,3,19,closed,0.0,2.4899999999999993
2.55,45,12.865005,13,d19_detour,3,19,closed,0.0,2.55
1.47,3,12.868348,13,d17_medium,3,17,closed,0.0,1.47
2.55,45,12.894356,13,d19_detour,3,19,closed,0.0,2.55
0.26,34,12.914085,13,d15_direct,3,15,open,1.0,0.2599999999999998
2.61,34,12.933759,13,d15_direct,3,15,open,1.0,2.6099999999999994
2.67,33,12.952978,13,d15_direct,3,15,open,1.0,2.67
2.55,45,12.979744,13,d19_detour,3,19,closed,0.0,2.55
2.55,45,13.005145,13,d19_detour,3,19,closed,0.0,2.55
2.01,39,13.027456,13,d17_medium,3,17,closed,0.0,2.01
2.01,39,13.050057,13,d17_medium,3,17,closed,0.0,2.01
1.47,3,13.053402,13,d17_medium,3,17,closed,0.0,1.47
1.47,3,13.056698,13,d17_medium,3,17,closed,0.0,1.47
1.47,3,13.060083,13,d19_detour,3,19,closed,0.0,1.47
1.47,3,13.063289,13,d15_direct,3,15,open,1.0,1.47
1.47,3,13.066682,13,d19_detour,3,19,closed,0.0,1.47
2.67,33,13.086046,13,d15_direct,3,15,open,1.0,2.67
1.47,3,13.089268,13,d19_detour,3,19,closed,0.0,1.47
1.47,3,13.092658,13,d15_direct,3,15,open,1.0,1.47
1.47,3,13.095978,13,d15_direct,3,15,open,1.0,1.47
1.47,3,13.099244,13,d19_detour,3,19,closed,0.0,1.47
2.67,33,13.118602,13,d15_direct,3,15,open,1.0,2.67
2.01,39,13.141392,13,d17_medium,3,17,closed,0.0,2.01
2.55,45,13.167124,13,d19_detour,3,19,closed,0.0,2.55
2.55,45,13.193018,13,d19_detour,3,19,closed,0.0,2.55
2.55,45,13.218953,13,d19_detour,3,19,closed,0.0,2.55
1.47,3,13.223413,13,d17_medium,3,17,closed,0.0,1.47
2.01,39,13.245849,13,d17_medium,3,17,closed,0.0,2.01
2.67,33,13.264355,13,d15_direct,3,15,open,1.0,2.67
1.47,3,13.267683,13,d15_direct,3,15,open,1.0,1.47
2.67,33,13.497453,13,d15_direct,3,15,open,1.0,2.67
2.67,33,13.516213,13,d15_direct,3,15,open,1.0,2.67
1.47,3,13.519463,13,d15_direct,3,15,open,1.0,1.47
1.47,3,13.52273,13,d15_direct,3,15,open,1.0,1.47
1.47,3,13.525986,13,d17_medium,3,17,closed,0.0,1.47
2.55,45,13.551103,13,d19_detour,3,19,closed,0.0,2.55
1.47,3,13.554415,13,d17_medium,3,17,closed,0.0,1.47
2.61,34,13.573571,13,d15_direct,3,15,open,1.0,2.6099999999999994
2.01,39,13.59579,13,d17_medium,3,17,closed,0.0,2.01
0.25,35,13.616926,13,d17_medium,3,17,closed,0.0,0.24999999999999978
2.01,39,13.639856,13,d17_medium,3,17,closed,0.0,2.01
-0.03,3,13.643082,13,d19_detour,3,19,closed,0.0,-0.030000000000000027
2.67,33,13.662724,13,d15_direct,3,15,open,1.0,2.67
2.01,39,13.687014,13,d17_medium,3,17,closed,0.0,2.01
2.55,45,13.712937,13,d19_detour,3,19,closed,0.0,2.55
2.01,39,13.735934,13,d17_medium,3,17,closed,0.0,2.01
2.67,33,13.755114,13,d15_direct,3,15,open,1.0,2.67
1.47,3,13.758604,13,d17_medium,3,17,closed,0.0,1.47
2.55,45,13.784401,13,d19_detour,3,19,closed,0.0,2.55
2.67,33,13.803917,13,d15_direct,3,15,open,1.0,2.67
2.01,39,13.826502,13,d17_medium,3,17,closed,0.0,2.01
2.55,45,13.852608,13,d19_detour,3,19,closed,0.0,2.55
1.47,3,13.856041,13,d15_direct,3,15,open,1.0,1.47
2.67,33,13.875108,13,d15_direct,3,15,open,1.0,2.67
2.67,33,13.894072,13,d15_direct,3,15,open,1.0,2.67
2.67,33,13.913137,13,d15_direct,3,15,open,1.0,2.67
2.55,45,13.938689,13,d19_detour,3,19,closed,0.0,2.55
2.67,33,13.958665,13,d15_direct,3,15,open,1.0,2.67
0.25,35,13.979174,14,d17_medium,3,17,closed,0.0,0.24999999999999978
1.67,33,13.998059,14,d19_detour,2,19,closed,0.0,1.6699999999999997
4.02,48,14.025292,14,d19_detour,2,19,closed,0.0,4.020000000000003
2.1,40,14.047924,14,d19_detour,2,19,closed,0.0,2.0999999999999996
-0.68,18,14.059529,14,d19_detour,2,19,closed,0.0,-0.6800000000000002
-0.03,3,14.062534,14,d19_detour,2,19,closed,0.0,-0.030000000000000027
2.1,40,14.085027,14,d19_detour,2,19,closed,0.0,2.0999999999999996
-0.68,18,14.096398,14,d19_detour,2,19,closed,0.0,-0.6800000000000002
4.02,48,14.123014,14,d19_detour,2,19,closed,0.0,4.020000000000003
2.1,40,14.145454,14,d19_detour,2,19,closed,0.0,2.0999999999999996
4.14,36,14.167048,14,d15_direct,2,15,open,1.0,4.140000000000002
1.67,33,14.185909,14,d19_detour,2,19,closed,0.0,1.6699999999999997
4.02,48,14.212749,14,d19_detour,2,19,closed,0.0,4.020000000000003
-0.03,3,14.215905,14,d19_detour,2,19,closed,0.0,-0.030000000000000027
1.67,33,14.234701,14,d19_detour,2,19,closed,0.0,1.6699999999999997
4.14,36,14.255521,14,d15_direct,2,15,open,1.0,4.140000000000002
1.31,29,14.273247,14,d17_medium,2,17,closed,0.0,1.3099999999999998
1.47,3,14.276683,14,d15_direct,2,15,open,1.0,1.47
4.02,48,14.303951,14,d19_detour,2,19,closed,0.0,4.020000000000003
-0.86,16,14.313911,14,d17_medium,2,17,closed,0.0,-0.8600000000000001
4.02,48,14.341395,14,d19_detour,2,19,closed,0.0,4.020000000000003
1.31,29,14.358457,14,d17_medium,2,17,closed,0.0,1.3099999999999998
-0.03,3,14.361513,14,d17_medium,2,17,closed,0.0,-0.030000000000000027
4.02,48,14.389031,14,d19_detour,2,19,closed,0.0,4.020000000000003
4.02,48,14.415883,14,d19_detour,2,19,closed,0.0,4.020000000000003
1.31,29,14.433281,14,d17_medium,2,17,closed,0.0,1.3099999999999998
4.02,48,14.46005,14,d19_detour,2,19,closed,0.0,4.020000000000003
1.31,29,14.477162,14,d17_medium,2,17,closed,0.0,1.3099999999999998
1.67,33,14.495988,14,d19_detour,2,19,closed,0.0,1.6699999999999997
-0.68,18,14.506907,14,d19_detour,2,19,closed,0.0,-0.6800000000000002
1.47,3,14.509834,14,d15_direct,2,15,open,1.0,1.47
-0.86,16,14.519789,14,d17_medium,2,17,closed,0.0,-0.8600000000000001
1.78,37,14.540727,14,d15_direct,2,15,open,1.0,1.7799999999999998
1.67,33,14.5606,14,d19_detour,2,19,closed,0.0,1.6699999999999997
1.47,3,14.563523,14,d15_direct,2,15,open,1.0,1.47
-0.03,3,14.566516,14,d19_detour,2,19,closed,0.0,-0.030000000000000027
1.47,3,14.569543,14,d19_detour,2,19,closed,0.0,1.47
1.67,33,14.588458,14,d19_detour,2,19,closed,0.0,1.6699999999999997
1.47,3,14.591544,14,d19_detour,2,19,closed,0.0,1.47
1.31,29,14.608592,14,d17_medium,2,17,closed,0.0,1.3099999999999998
4.14,36,14.629368,14,d15_direct,2,15,open,1.0,4.140000000000002
-3.03,3,14.632376,14,d19_detour,2,19,closed,0.0,-3.0300000000000002
-0.03,3,14.635348,14,d17_medium,2,17,closed,0.0,-0.030000000000000027
-0.03,3,14.638281,14,d17_medium,2,17,closed,0.0,-0.030000000000000027
4.14,36,14.659078,14,d15_direct,2,15,open,1.0,4.140000000000002
1.67,33,14.678433,14,d19_detour,2,19,closed,0.0,1.6699999999999997
-3.03,3,14.681517,14,d17_medium,2,17,closed,0.0,-3.0300000000000002
1.47,3,14.684524,14,d17_medium,2,17,closed,0.0,1.47
1.47,3,14.687374,14,d15_direct,2,15,open,1.0,1.47
1.31,29,14.916049,14,d17_medium,2,17,closed,0.0,1.3099999999999998
1.47,3,14.918971,14,d19_detour,2,19,closed,0.0,1.47
4.14,36,14.939089,14,d15_direct,2,15,open,1.0,4.140000000000002
4.14,36,14.959458,14,d15_direct,2,15,open,1.0,4.140000000000002
4.14,36,14.979452,14,d15_direct,2,15,open,1.0,4.140000000000002
3.96,49,15.007103,14,d19_detour,2,19,closed,0.0,3.9600000000000026
4.14,36,15.027701,14,d15_direct,2,15,open,1.0,4.140000000000002
1.47,3,15.03077,14,d15_direct,2,15,open,1.0,1.47
3.48,42,15.054585,14,d17_medium,2,17,closed,0.0,3.480000000000002
-0.86,16,15.064554,14,d17_medium,2,17,closed,0.0,-0.8600000000000001
1.47,3,15.06766,14,d15_direct,2,15,open,1.0,1.47
4.02,48,15.094847,14,d19_detour,2,19,closed,0.0,4.020000000000003
4.02,48,15.121595,14,d19_detour,2,19,closed,0.0,4.020000000000003
1.67,33,15.140267,14,d19_detour,2,19,closed,0.0,1.6699999999999997
1.47,3,15.143263,14,d19_detour,2,19,closed,0.0,1.47
1.31,29,15.160002,14,d17_medium,2,17,closed,0.0,1.3099999999999998
4.14,36,15.17999,14,d15_direct,2,15,open,1.0,4.140000000000002
-0.03,3,15.182973,14,d19_detour,2,19,closed,0.0,-0.030000000000000027
2.1,40,15.205239,14,d19_detour,2,19,closed,0.0,2.0999999999999996
-0.86,16,15.215079,14,d17_medium,2,17,closed,0.0,-0.8600000000000001
1.47,3,15.218083,14,d19_detour,2,19,closed,0.0,1.47
3.48,42,15.241766,14,d17_medium,2,17,closed,0.0,3.480000000000002
4.14,36,15.261804,14,d15_direct,2,15,open,1.0,4.140000000000002
4.14,36,15.28172,14,d15_direct,2,15,open,1.0,4.140000000000002
1.67,33,15.300368,14,d19_detour,2,19,closed,0.0,1.6699999999999997
1.67,33,15.319897,14,d19_detour,2,19,closed,0.0,1.6699999999999997
4.14,36,15.340385,14,d15_direct,2,15,open,1.0,4.140000000000002
1.47,3,15.343297,14,d15_direct,2,15,open,1.0,1.47
1.47,3,15.34624,14,d15_direct,2,15,open,1.0,1.47
4.08,37,15.367307,14,d15_direct,2,15,open,1.0,4.080000000000002
1.47,3,15.370457,14,d15_direct,2,15,open,1.0,1.47
-0.68,18,15.381412,14,d19_detour,2,19,closed,0.0,-0.6800000000000002
4.14,36,15.402034,14,d15_direct,2,15,open,1.0,4.140000000000002
-0.86,16,15.411984,14,d17_medium,2,17,closed,0.0,-0.8600000000000001
2.1,40,15.435751,14,d19_detour,2,19,closed,0.0,2.0999999999999996
-0.86,16,15.44603,14,d17_medium,2,17,closed,0.0,-0.8600000000000001
-0.86,16,15.456235,14,d17_medium,2,17,closed,0.0,-0.8600000000000001
4.02,48,15.483249,14,d19_detour,2,19,closed,0.0,4.020000000000003
-3.03,3,15.486176,14,d17_medium,2,17,closed,0.0,-3.0300000000000002
1.31,29,15.503409,14,d17_medium,2,17,closed,0.0,1.3099999999999998
-1.53,3,15.506449,14,d17_medium,2,17,closed,0.0,-1.53
-1.53,3,15.509425,14,d17_medium,2,17,closed,0.0,-1.53
-3.03,3,15.513271,14,d17_medium,2,17,closed,0.0,-3.0300000000000002
1.47,3,15.516322,14,d19_detour,2,19,closed,0.0,1.47
-0.86,16,15.526212,14,d17_medium,2,17,closed,0.0,-0.8600000000000001
1.47,3,15.529194,14,d15_direct,2,15,open,1.0,1.47
1.47,3,15.532199,14,d19_detour,2,19,closed,0.0,1.47
-3.03,3,15.535156,14,d17_medium,2,17,closed,0.0,-3.0300000000000002
-3.03,3,15.538046,14,d17_medium,2,17,closed,0.0,-3.0300000000000002
4.02,38,15.559596,14,d15_direct,2,15,open,1.0,4.020000000000001
4.02,48,15.58681,14,d19_detour,2,19,closed,0.0,4.020000000000003
1.47,3,15.58978,14,d15_direct,2,15,open,1.0,1.47
-1.53,3,15.592871,14,d17_medium,2,17,closed,0.0,-1.53
4.02,48,15.619001,14,d19_detour,2,19,closed,0.0,4.020000000000003
1.47,3,15.621919,14,d15_direct,2,15,open,1.0,1.47
4.02,48,15.649559,14,d19_detour,2,19,closed,0.0,4.020000000000003
4.02,48,15.675995,14,d19_detour,2,19,closed,0.0,4.020000000000003
4.14,36,15.695852,14,d15_direct,2,15,open,1.0,4.140000000000002
1.31,29,15.712526,14,d17_medium,2,17,closed,0.0,1.3099999999999998
4.14,36,15.732506,14,d15_direct,2,15,open,1.0,4.140000000000002
-0.86,16,15.743022,14,d17_medium,2,17,closed,0.0,-0.8600000000000001
-0.03,3,15.745988,14,d17_medium,2,17,closed,0.0,-0.030000000000000027
1.47,3,15.748905,14,d15_direct,2,15,open,1.0,1.47
4.02,48,15.776156,14,d19_detour,2,19,closed,0.0,4.020000000000003
-0.03,3,15.779155,14,d19_detour,2,19,closed,0.0,-0.030000000000000027
4.14,36,15.799085,14,d15_direct,2,15,open,1.0,4.140000000000002
4.14,36,15.819133,14,d15_direct,2,15,open,1.0,4.140000000000002
1.47,3,15.822055,14,d19_detour,2,19,closed,0.0,1.47
1.47,3,15.824984,14,d19_detour,2,19,closed,0.0,1.47
4.14,36,15.846172,14,d15_direct,2,15,open,1.0,4.140000000000002
4.14,36,15.866607,14,d15_direct,2,15,open,1.0,4.140000000000002
-0.86,16,15.876725,14,d17_medium,2,17,closed,0.0,-0.8600000000000001
1.31,29,15.89421,14,d17_medium,2,17,closed,0.0,1.3099999999999998
-3.03,3,15.897169,14,d17_medium,2,17,closed,0.0,-3.0300000000000002
-0.86,16,15.907829,14,d17_medium,2,17,closed,0.0,-0.8600000000000001
-0.86,16,15.917848,14,d17_medium,2,17,closed,0.0,-0.8600000000000001
4.14,36,15.937978,14,d15_direct,2,15,open,1.0,4.140000000000002
4.08,37,15.958531,14,d15_direct,2,15,open,1.0,4.080000000000002
4.14,36,15.978901,14,d15_direct,2,15,open,1.0,4.140000000000002
-3.03,3,15.981893,14,d17_medium,2,17,closed,0.0,-3.0300000000000002
4.14,36,16.008713,14,d15_direct,2,15,open,1.0,4.140000000000002
4.02,48,16.036401,14,d19_detour,2,19,closed,0.0,4.020000000000003
4.14,36,16.056594,14,d15_direct,2,15,open,1.0,4.140000000000002
4.02,48,16.084509,14,d19_detour,2,19,closed,0.0,4.020000000000003
1.47,3,16.087424,14,d15_direct,2,15,open,1.0,1.47
1.47,3,16.090259,14,d15_direct,2,15,open,1.0,1.47
4.02,48,16.117024,14,d19_detour,2,19,closed,0.0,4.020000000000003
-0.68,18,16.127864,14,d19_detour,2,19,closed,0.0,-0.6800000000000002
4.14,36,16.361353,14,d15_direct,2,15,open,1.0,4.140000000000002
4.02,48,16.388074,14,d19_detour,2,19,closed,0.0,4.020000000000003
4.14,36,16.408205,14,d15_direct,2,15,open,1.0,4.140000000000002
1.31,29,16.425048,14,d17_medium,2,17,closed,0.0,1.3099999999999998
4.08,37,16.445697,14,d15_direct,2,15,open,1.0,4.080000000000002
4.14,36,16.468235,14,d15_direct,2,15,open,1.0,4.140000000000002
1.31,29,16.485244,14,d17_medium,2,17,closed,0.0,1.3099999999999998
1.31,29,16.502812,14,d17_medium,2,17,closed,0.0,1.3099999999999998
4.02,48,16.530116,14,d19_detour,2,19,closed,0.0,4.020000000000003
-0.03,3,16.533184,14,d17_medium,2,17,closed,0.0,-0.030000000000000027
3.48,42,16.556859,14,d17_medium,2,17,closed,0.0,3.480000000000002
4.02,48,16.583482,14,d19_detour,2,19,closed,0.0,4.020000000000003
1.67,33,16.60258,14,d19_detour,2,19,closed,0.0,1.6699999999999997
4.02,48,16.629484,14,d19_detour,2,19,closed,0.0,4.020000000000003
1.47,3,16.632396,14,d19_detour,2,19,closed,0.0,1.47
-0.03,3,16.635344,14,d17_medium,2,17,closed,0.0,-0.030000000000000027
-3.03,3,16.638184,14,d17_medium,2,17,closed,0.0,-3.0300000000000002
1.37,43,16.662288,14,d17_medium,2,17,closed,0.0,1.3699999999999997
-0.03,3,16.665409,14,d19_detour,2,19,closed,0.0,-0.030000000000000027
4.14,36,16.686421,14,d15_direct,2,15,open,1.0,4.140000000000002
4.02,48,16.712967,14,d19_detour,2,19,closed,0.0,4.020000000000003
4.08,37,16.733758,14,d15_direct,2,15,open,1.0,4.080000000000002
-0.03,3,16.736864,14,d17_medium,2,17,closed,0.0,-0.030000000000000027
-0.86,16,16.746761,14,d17_medium,2,17,closed,0.0,-0.8600000000000001
4.14,36,16.767051,14,d15_direct,2,15,open,1.0,4.140000000000002
1.47,3,16.769938,14,d17_medium,2,17,closed,0.0,1.47
4.14,36,16.789997,14,d15_direct,2,15,open,1.0,4.140000000000002
1.47,3,16.793127,14,d19_detour,2,19,closed,0.0,1.47
1.47,3,16.796096,14,d19_detour,2,19,closed,0.0,1.47
4.14,36,16.816356,14,d15_direct,2,15,open,1.0,4.140000000000002
1.47,3,16.819341,14,d15_direct,2,15,open,1.0,1.47
4.14,36,16.839437,14,d15_direct,2,15,open,1.0,4.140000000000002
1.47,3,16.842489,14,d17_medium,2,17,closed,0.0,1.47
4.14,36,16.862787,14,d15_direct,2,15,open,1.0,4.140000000000002
1.47,3,16.865899,14,d17_medium,2,17,closed,0.0,1.47
4.14,36,16.886455,14,d15_direct,2,15,open,1.0,4.140000000000002
4.14,36,16.908046,14,d15_direct,2,15,open,1.0,4.140000000000002
4.02,48,16.93454,14,d19_detour,2,19,closed,0.0,4.020000000000003
-0.86,16,16.944488,14,d17_medium,2,17,closed,0.0,-0.8600000000000001
1.47,3,16.947342,14,d15_direct,2,15,open,1.0,1.47
1.47,3,16.950485,14,d19_detour,2,19,closed,0.0,1.47
-0.86,16,16.960484,14,d17_medium,2,17,closed,0.0,-0.8600000000000001
4.02,48,16.987126,14,d19_detour,2,19,closed,0.0,4.020000000000003
4.14,36,17.007384,14,d15_direct,2,15,open,1.0,4.140000000000002
4.14,36,17.028726,14,d15_direct,2,15,open,1.0,4.140000000000002
4.02,48,17.055338,14,d19_detour,2,19,closed,0.0,4.020000000000003
3.48,42,17.079702,14,d17_medium,2,17,closed,0.0,3.480000000000002
4.14,36,17.100316,14,d15_direct,2,15,open,1.0,4.140000000000002
1.67,33,17.120178,14,d19_detour,2,19,closed,0.0,1.6699999999999997
4.14,36,17.140372,14,d15_direct,2,15,open,1.0,4.140000000000002
1.31,29,17.157658,14,d17_medium,2,17,closed,0.0,1.3099999999999998
4.02,48,17.185238,14,d19_detour,2,19,closed,0.0,4.020000000000003
1.67,33,17.205327,14,d19_detour,2,19,closed,0.0,1.6699999999999997
3.96,49,17.232739,14,d19_detour,2,19,closed,0.0,3.9600000000000026
2.1,40,17.256994,14,d19_detour,2,19,closed,0.0,2.0999999999999996
1.47,3,17.260065,14,d19_detour,2,19,closed,0.0,1.47
1.47,3,17.263109,14,d15_direct,2,15,open,1.0,1.47
3.48,42,17.288736,14,d17_medium,2,17,closed,0.0,3.480000000000002
3.96,49,17.318474,14,d19_detour,2,19,closed,0.0,3.9600000000000026
-3.03,3,17.321747,14,d17_medium,2,17,closed,0.0,-3.0300000000000002
4.14,36,17.344037,14,d15_direct,2,15,open,1.0,4.140000000000002
1.47,3,17.347079,14,d15_direct,2,15,open,1.0,1.47
4.14,36,17.368457,14,d15_direct,2,15,open,1.0,4.140000000000002
4.14,36,17.388525,14,d15_direct,2,15,open,1.0,4.140000000000002
1.31,29,17.405382,14,d17_medium,2,17,closed,0.0,1.3099999999999998
1.47,3,17.408352,14,d15_direct,2,15,open,1.0,1.47
4.02,48,17.435458,14,d19_detour,2,19,closed,0.0,4.020000000000003
4.14,36,17.456347,14,d15_direct,2,15,open,1.0,4.140000000000002
4.14,36,17.477764,14,d15_direct,2,15,open,1.0,4.140000000000002
-0.86,16,17.487916,14,d17_medium,2,17,closed,0.0,-0.8600000000000001
-1.53,3,17.490911,14,d17_medium,2,17,closed,0.0,-1.53
1.41,49,17.519609,14,d19_detour,2,19,closed,0.0,1.4100000000000001
1.47,3,17.522608,14,d15_direct,2,15,open,1.0,1.47
4.14,36,17.543186,14,d15_direct,2,15,open,1.0,4.140000000000002
1.67,33,17.778989,14,d19_detour,2,19,closed,0.0,1.6699999999999997
1.47,3,17.78208,14,d17_medium,2,17,closed,0.0,1.47
4.02,48,17.809215,14,d19_detour,2,19,closed,0.0,4.020000000000003
1.31,29,17.82628,14,d17_medium,2,17,closed,0.0,1.3099999999999998
1.31,29,17.843419,14,d17_medium,2,17,closed,0.0,1.3099999999999998
1.31,29,17.86129,14,d17_medium,2,17,closed,0.0,1.3099999999999998
2.1,40,17.885276,14,d19_detour,2,19,closed,0.0,2.0999999999999996
4.14,36,17.905972,14,d15_direct,2,15,open,1.0,4.140000000000002
1.47,3,17.909035,14,d19_detour,2,19,closed,0.0,1.47
3.48,42,17.932889,14,d17_medium,2,17,closed,0.0,3.480000000000002
3.48,42,17.956908,14,d17_medium,2,17,closed,0.0,3.480000000000002
4.02,48,17.983915,14,d19_detour,2,19,closed,0.0,4.020000000000003
4.02,48,18.011552,14,d19_detour,2,19,closed,0.0,4.020000000000003
4.02,48,18.039813,14,d19_detour,2,19,closed,0.0,4.020000000000003
1.47,3,18.042842,14,d15_direct,2,15,open,1.0,1.47
4.02,48,18.069834,14,d19_detour,2,19,closed,0.0,4.020000000000003
2.1,40,18.092338,14,d19_detour,2,19,closed,0.0,2.1000000000000014
4.08,37,18.113855,14,d15_direct,2,15,open,1.0,4.080000000000002
4.14,36,18.133994,14,d15_direct,2,15,open,1.0,4.140000000000002
4.14,36,18.154103,14,d15_direct,2,15,open,1.0,4.140000000000002
4.02,48,18.181023,14,d19_detour,2,19,closed,0.0,4.020000000000003
4.14,36,18.201606,14,d15_direct,2,15,open,1.0,4.140000000000002
3.9,50,18.230006,14,d19_detour,2,19,closed,0.0,3.900000000000003
-0.03,3,18.232944,14,d17_medium,2,17,closed,0.0,-0.030000000000000027
1.31,29,18.249723,14,d17_medium,2,17,closed,0.0,1.3099999999999998
4.14,36,18.269897,14,d15_direct,2,15,open,1.0,4.140000000000002
3.48,42,18.294337,14,d17_medium,2,17,closed,0.0,3.480000000000002
1.31,29,18.311023,14,d17_medium,2,17,closed,0.0,1.3099999999999998
1.47,3,18.313969,14,d17_medium,2,17,closed,0.0,1.47
1.31,29,18.331236,14,d17_medium,2,17,closed,0.0,1.3099999999999998
1.67,33,18.350439,14,d19_detour,2,19,closed,0.0,1.6699999999999997
4.02,48,18.377573,14,d19_detour,2,19,closed,0.0,4.020000000000003
3.96,49,18.404558,14,d19_detour,2,19,closed,0.0,3.9600000000000026
3.48,42,18.428652,14,d17_medium,2,17,closed,0.0,3.480000000000002
1.31,29,18.446451,14,d17_medium,2,17,closed,0.0,1.3099999999999998
4.14,36,18.467353,14,d15_direct,2,15,open,1.0,4.140000000000002
4.02,48,18.494968,14,d19_detour,2,19,closed,0.0,4.020000000000003
4.14,36,18.5152,14,d15_direct,2,15,open,1.0,4.140000000000002
-0.86,16,18.525075,14,d17_medium,2,17,closed,0.0,-0.8600000000000001
1.31,29,18.541707,14,d17_medium,2,17,closed,0.0,1.3099999999999998
4.14,36,18.562237,14,d15_direct,2,15,open,1.0,4.140000000000002
3.48,42,18.585801,15,d17_medium,2,17,closed,0.0,3.480000000000002
1.47,3,18.588378,15,d19_detour,1,19,closed,0.0,1.47
3.99,51,18.616393,15,d19_detour,1,19,closed,0.0,3.990000000000003
3.45,45,18.641117,15,d17_medium,1,17,closed,0.0,3.450000000000003
1.47,3,18.643656,15,d15_direct,1,15,open,1.0,1.47
1.28,32,18.661529,15,d17_medium,1,17,closed,0.0,1.2799999999999998
4.11,39,18.682759,15,d15_direct,1,15,open,1.0,4.110000000000002
1.88,42,18.706753,15,d15_direct,1,15,open,1.0,1.8799999999999994
4.11,39,18.728084,15,d15_direct,1,15,open,1.0,4.110000000000002
-0.89,19,18.73919,15,d17_medium,1,17,closed,0.0,-0.8899999999999999
3.99,51,18.767424,15,d19_detour,1,19,closed,0.0,3.990000000000003
3.45,45,18.792511,15,d17_medium,1,17,closed,0.0,3.450000000000003
4.11,39,18.814514,15,d15_direct,1,15,open,1.0,4.110000000000002
1.47,3,18.817081,15,d17_medium,1,17,closed,0.0,1.47
1.28,32,18.835028,15,d17_medium,1,17,closed,0.0,1.2799999999999998
4.11,39,18.858077,15,d15_direct,1,15,open,1.0,4.110000000000002
4.11,39,18.879903,15,d15_direct,1,15,open,1.0,4.110000000000002
4.11,39,18.901929,15,d15_direct,1,15,open,1.0,4.110000000000002
1.64,36,18.92202,15,d19_detour,1,19,closed,0.0,1.6399999999999997
1.47,3,18.924715,15,d15_direct,1,15,open,1.0,1.47
4.11,39,18.946884,15,d15_direct,1,15,open,1.0,4.110000000000002
1.47,3,19.161933,15,d19_detour,1,19,closed,0.0,1.47
1.64,41,19.184615,15,d15_direct,1,15,open,1.0,1.6399999999999992
3.99,51,19.212451,15,d19_detour,1,19,closed,0.0,3.990000000000003
1.47,3,19.215035,15,d15_direct,1,15,open,1.0,1.47
3.99,51,19.242832,15,d19_detour,1,19,closed,0.0,3.990000000000003
1.47,3,19.245478,15,d17_medium,1,17,closed,0.0,1.47
1.64,36,19.266195,15,d19_detour,1,19,closed,0.0,1.6399999999999997
1.47,3,19.269142,15,d15_direct,1,15,open,1.0,1.47
3.99,51,19.297079,15,d19_detour,1,19,closed,0.0,3.990000000000003
3.99,51,19.325676,15,d19_detour,1,19,closed,0.0,3.990000000000003
1.47,3,19.328279,15,d17_medium,1,17,closed,0.0,1.47
1.64,36,19.348267,15,d19_detour,1,19,closed,0.0,1.6399999999999997
4.05,40,19.370433,15,d15_direct,1,15,open,1.0,4.0500000000000025
4.05,40,19.392505,15,d15_direct,1,15,open,1.0,4.050000000000002
3.45,45,19.417825,15,d17_medium,1,17,closed,0.0,3.450000000000003
4.11,39,19.440013,15,d15_direct,1,15,open,1.0,4.110000000000002
1.28,32,19.458228,15,d17_medium,1,17,closed,0.0,1.2799999999999998
1.47,3,19.460863,15,d15_direct,1,15,open,1.0,1.47
1.47,3,19.463516,15,d17_medium,1,17,closed,0.0,1.47
3.45,45,19.488777,15,d17_medium,1,17,closed,0.0,3.450000000000003
3.99,51,19.516682,15,d19_detour,1,19,closed,0.0,3.990000000000003
3.45,45,19.541844,15,d17_medium,1,17,closed,0.0,3.450000000000003
1.47,3,19.544509,15,d15_direct,1,15,open,1.0,1.47
1.47,3,19.547059,15,d17_medium,1,17,closed,0.0,1.47
1.47,3,19.549704,15,d17_medium,1,17,closed,0.0,1.47
1.47,3,19.552333,15,d15_direct,1,15,open,1.0,1.47
1.47,3,19.554896,15,d17_medium,1,17,closed,0.0,1.47
-0.89,19,19.566073,15,d17_medium,1,17,closed,0.0,-0.8899999999999999
4.11,39,19.58779,15,d15_direct,1,15,open,1.0,4.110000000000002
4.11,39,19.610473,15,d15_direct,1,15,open,1.0,4.110000000000002
1.69,41,19.633693,15,d17_medium,1,17,closed,0.0,1.6899999999999997
4.05,40,19.655905,15,d15_direct,1,15,open,1.0,4.050000000000002
1.47,3,19.658495,15,d19_detour,1,19,closed,0.0,1.47
1.47,3,19.661121,15,d19_detour,1,19,closed,0.0,1.47
1.47,3,19.663711,15,d17_medium,1,17,closed,0.0,1.47
3.99,51,19.692142,15,d19_detour,1,19,closed,0.0,3.990000000000003
3.99,51,19.720739,15,d19_detour,1,19,closed,0.0,3.990000000000003
4.05,40,19.74284,15,d15_direct,1,15,open,1.0,4.050000000000002
1.88,52,19.771336,15,d19_detour,1,19,closed,0.0,1.8799999999999994
3.45,45,19.797572,15,d17_medium,1,17,closed,0.0,3.450000000000003
3.99,51,19.825532,15,d19_detour,1,19,closed,0.0,3.990000000000003
3.99,51,19.855131,15,d19_detour,1,19,closed,0.0,3.990000000000003
4.11,39,19.876594,15,d15_direct,1,15,open,1.0,4.110000000000002
-0.36,41,19.899357,15,d15_direct,1,15,open,1.0,-0.36000000000000054
1.47,3,19.901992,15,d17_medium,1,17,closed,0.0,1.47
-0.16,41,19.924495,15,d15_direct,1,15,open,1.0,-0.1600000000000006
3.45,45,19.950032,15,d17_medium,1,17,closed,0.0,3.450000000000003
3.45,45,19.975212,16,d17_medium,1,17,closed,0.0,3.450000000000003
1.47,3,19.977462,16,d15_direct,0,15,open,0.5,1.47
1.47,3,19.979576,16,d19_detour,0,19,closed,0.5,1.47
4.08,42,20.002286,16,d15_direct,0,15,open,1.0,4.080000000000003
1.65,55,20.032594,16,d19_detour,0,19,closed,0.0,1.6499999999999995
-0.92,22,20.045067,16,d17_medium,0,17,closed,0.0,-0.9200000000000002
1.47,3,20.047274,16,d15_direct,0,15,open,0.5,1.47
4.08,42,20.07038,16,d15_direct,0,15,open,1.0,4.080000000000003
1.47,3,20.072633,16,d19_detour,0,19,closed,0.5,1.47
4.02,43,20.096048,16,d15_direct,0,15,open,1.0,4.020000000000002
2.04,46,20.122292,16,d19_detour,0,19,closed,0.0,2.040000000000002
3.42,48,20.148704,16,d17_medium,0,17,closed,0.0,3.4200000000000026
1.91,44,20.1728,16,d15_direct,0,15,open,1.0,1.9099999999999995
1.92,43,20.196634,16,d15_direct,0,15,open,1.0,1.9200000000000021
1.25,35,20.215944,16,d17_medium,0,17,closed,0.0,1.2499999999999998
1.92,43,20.239168,16,d15_direct,0,15,open,1.0,1.9200000000000021
1.77,43,20.262682,16,d15_direct,0,15,open,1.0,1.7699999999999996
1.25,35,20.282081,16,d17_medium,0,17,closed,0.0,1.2500000000000002
1.47,3,20.284315,16,d17_medium,0,17,closed,0.5,1.47
4.08,42,20.307627,16,d15_direct,0,15,open,1.0,4.080000000000003
4.08,42,20.541675,16,d15_direct,0,15,open,1.0,4.080000000000003
4.02,43,20.564738,16,d15_direct,0,15,open,1.0,4.020000000000002
1.47,3,20.566998,16,d15_direct,0,15,open,0.5,1.47
1.92,43,20.590549,16,d15_direct,0,15,open,1.0,1.9200000000000021
4.08,42,20.613071,16,d15_direct,0,15,open,1.0,4.080000000000003
3.42,48,20.639396,16,d17_medium,0,17,closed,0.0,3.4200000000000026
1.92,43,20.666246,16,d15_direct,0,15,open,1.0,1.9199999999999995
4.08,42,20.691642,16,d15_direct,0,15,open,1.0,4.080000000000003
1.47,3,20.693882,16,d19_detour,0,19,closed,0.5,1.47
3.42,48,20.720574,16,d17_medium,0,17,closed,0.0,3.4200000000000026
3.96,54,20.749843,16,d19_detour,0,19,closed,0.0,3.9600000000000035
1.47,3,20.752036,16,d15_direct,0,15,open,0.5,1.47
1.47,3,20.754217,16,d17_medium,0,17,closed,0.5,1.47
1.47,3,20.756453,16,d19_detour,0,19,closed,0.5,1.47
-0.32,27,20.771822,16,d19_detour,0,19,closed,0.0,-0.3200000000000002
1.25,35,20.791105,16,d17_medium,0,17,closed,0.0,1.2499999999999998
4.08,42,20.813865,16,d15_direct,0,15,open,1.0,4.080000000000003
4.02,43,20.837785,16,d15_direct,0,15,open,1.0,4.020000000000002
3.42,48,20.864041,16,d17_medium,0,17,closed,0.0,3.4200000000000026
1.47,3,20.866277,16,d15_direct,0,15,open,0.5,1.47
4.08,42,20.889226,16,d15_direct,0,15,open,1.0,4.080000000000003
1.47,3,20.89148,16,d15_direct,0,15,open,0.5,1.47
3.96,54,20.921954,16,d19_detour,0,19,closed,0.0,3.9600000000000035
1.61,39,20.944049,16,d19_detour,0,19,closed,0.0,1.6099999999999997
3.96,54,20.974329,16,d19_detour,0,19,closed,0.0,3.9600000000000035
3.42,48,21.000575,16,d17_medium,0,17,closed,0.0,3.4200000000000026
4.02,43,21.023416,16,d15_direct,0,15,open,1.0,4.020000000000002
1.47,3,21.025579,16,d17_medium,0,17,closed,0.5,1.47
3.42,48,21.051159,16,d17_medium,0,17,closed,0.0,3.4200000000000026
4.08,42,21.073291,16,d15_direct,0,15,open,1.0,4.080000000000003
4.08,42,21.095436,16,d15_direct,0,15,open,1.0,4.080000000000003
1.47,3,21.097622,16,d17_medium,0,17,closed,0.5,1.47
1.47,3,21.099804,16,d17_medium,0,17,closed,0.5,1.47
1.25,35,21.118708,16,d17_medium,0,17,closed,0.0,1.2499999999999998
3.96,54,21.147223,16,d19_detour,0,19,closed,0.0,3.9600000000000035
3.42,48,21.173614,16,d17_medium,0,17,closed,0.0,3.4200000000000026
1.47,3,21.175811,16,d15_direct,0,15,open,0.5,1.47
1.25,35,21.195061,16,d17_medium,0,17,closed,0.0,1.2499999999999998
1.25,35,21.213943,16,d17_medium,0,17,closed,0.0,1.2500000000000002
4.08,42,21.236183,16,d15_direct,0,15,open,1.0,4.080000000000003
1.47,3,21.238338,16,d15_direct,0,15,open,0.5,1.47
4.08,42,21.260691,16,d15_direct,0,15,open,1.0,4.080000000000003
4.08,42,21.284642,16,d15_direct,0,15,open,1.0,4.080000000000003
4.02,43,21.307909,16,d15_direct,0,15,open,1.0,4.020000000000002
1.47,3,21.310185,16,d15_direct,0,15,open,0.5,1.47
1.47,3,21.312423,16,d19_detour,0,19,closed,0.5,1.47
3.96,54,21.342063,16,d19_detour,0,19,closed,0.0,3.9600000000000035
1.92,43,21.365629,16,d15_direct,0,15,open,1.0,1.9199999999999997
4.08,42,21.389436,16,d15_direct,0,15,open,1.0,4.080000000000003
4.02,43,21.412282,16,d15_direct,0,15,open,1.0,4.020000000000002
1.47,3,21.414486,16,d19_detour,0,19,closed,0.5,1.47
3.96,54,21.444578,16,d19_detour,0,19,closed,0.0,3.9600000000000035
2.09,41,21.466522,16,d19_detour,0,19,closed,0.0,2.09
1.47,3,21.468735,16,d19_detour,0,19,closed,0.5,1.47
4.08,42,21.490933,16,d15_direct,0,15,open,1.0,4.080000000000003
4.08,42,21.513664,16,d15_direct,0,15,open,1.0,4.080000000000003
3.42,48,21.540152,16,d17_medium,0,17,closed,0.0,3.4200000000000026
1.25,35,21.559586,16,d17_medium,0,17,closed,0.0,1.2499999999999998
1.25,35,21.579285,16,d17_medium,0,17,closed,0.0,1.2499999999999998
4.02,43,21.60376,16,d15_direct,0,15,open,1.0,4.020000000000002
1.47,3,21.605995,16,d15_direct,0,15,open,0.5,1.47
3.9,55,21.636312,16,d19_detour,0,19,closed,0.0,3.900000000000003
1.47,3,21.638549,16,d19_detour,0,19,closed,0.5,1.47
1.47,3,21.640711,16,d19_detour,0,19,closed,0.5,1.47
1.61,39,21.661752,16,d19_detour,0,19,closed,0.0,1.6099999999999997
4.08,42,21.894937,16,d15_direct,0,15,open,1.0,4.080000000000003
4.02,43,21.919209,16,d15_direct,0,15,open,1.0,4.020000000000002
3.42,48,21.945683,16,d17_medium,0,17,closed,0.0,3.4200000000000026
4.08,42,21.968778,16,d15_direct,0,15,open,1.0,4.080000000000003
1.25,35,21.988833,16,d17_medium,0,17,closed,0.0,1.2500000000000002
4.08,42,22.011682,16,d15_direct,0,15,open,1.0,4.080000000000003
4.08,42,22.035645,16,d15_direct,0,15,open,1.0,4.080000000000003
4.08,42,22.059067,16,d15_direct,0,15,open,1.0,4.080000000000003
3.96,54,22.089007,17,d19_detour,0,19,closed,0.0,3.9600000000000035
3.48,42,22.123354,17,d17_medium,2,17,closed,0.0,3.480000000000002
2.36,44,22.157567,17,final_d17_open,0,17,open,1.0,2.3599999999999994
2.22,53,22.189444,17,final_d19_open,0,19,open,1.0,2.2199999999999998
4.02,48,22.216423,17,d19_detour,2,19,closed,0.0,4.020000000000003
-0.25,55,22.246535,17,final_d19_open,0,19,open,1.0,-0.24999999999999933
3.96,49,22.275431,17,d19_detour,2,19,closed,0.0,3.9600000000000026
-0.25,55,22.306457,17,final_d19_open,0,19,open,1.0,-0.24999999999999933
0.15,55,22.33771,17,final_d19_open,0,19,open,1.0,0.14999999999999947
-2.74,54,22.368355,17,final_d19_open,0,19,open,1.0,-2.740000000000001
1.92,48,22.395274,17,final_d17_closed,0,17,closed,0.0,1.9199999999999997
0.08,47,22.422328,17,final_d17_open,0,17,open,1.0,0.07999999999999963
-0.49,49,22.448441,17,final_d17_closed,0,17,closed,0.0,-0.49000000000000044
1.31,29,22.46523,17,d17_medium,2,17,closed,0.0,1.3099999999999998
4.14,36,22.485936,17,d15_direct,2,15,open,1.0,4.140000000000002
2.58,42,22.509753,17,final_d15_open,0,15,open,1.0,2.5799999999999996
-0.21,21,22.522392,17,d19_detour,2,19,closed,0.0,-0.21000000000000008
2.36,44,22.54644,17,final_d17_open,0,17,open,1.0,2.3599999999999994
4.14,36,22.566825,17,d15_direct,2,15,open,1.0,4.140000000000002
2.28,52,22.595233,17,final_d19_open,0,19,open,1.0,2.2799999999999994
2.58,42,22.618,17,final_d15_open,0,15,open,1.0,2.5799999999999996
3.48,42,22.642264,17,d17_medium,2,17,closed,0.0,3.480000000000002
2.58,42,22.664979,17,final_d15_open,0,15,open,1.0,2.5799999999999996
-5.1,45,22.689033,17,final_d15_closed,0,15,closed,0.0,-5.1
-4.75,45,22.712795,17,final_d15_closed,0,15,closed,0.0,-4.749999999999998
2.46,54,22.741082,17,final_d19_closed,0,19,closed,0.0,2.4599999999999995
2.36,44,22.764557,17,final_d17_open,0,17,open,1.0,2.3599999999999994
2.52,43,22.787034,17,final_d15_open,0,15,open,1.0,2.5199999999999996
-0.49,49,22.813855,17,final_d17_closed,0,17,closed,0.0,-0.4900000000000009
-4.75,45,22.838172,17,final_d15_closed,0,15,closed,0.0,-4.749999999999998
2.52,43,22.861818,17,final_d15_open,0,15,open,1.0,2.5199999999999996
1.92,48,22.888089,17,final_d17_closed,0,17,closed,0.0,1.9199999999999997
-4.65,45,22.912385,17,final_d15_closed,0,15,closed,0.0,-4.65
2.58,42,22.934322,17,final_d15_open,0,15,open,1.0,2.5799999999999996
2.4,55,22.963037,17,final_d19_closed,0,19,closed,0.0,2.3999999999999995
-0.09,49,22.989227,17,final_d17_closed,0,17,closed,0.0,-0.0900000000000003
-2.62,57,23.018934,17,final_d19_open,0,19,open,1.0,-2.620000000000001
2.58,42,23.260555,17,final_d15_open,0,15,open,1.0,2.5799999999999996
0.12,43,23.284103,17,final_d15_open,0,15,open,1.0,0.11999999999999955
1.92,48,23.31083,17,final_d17_closed,0,17,closed,0.0,1.9199999999999997
-5.1,45,23.345575,17,final_d15_closed,0,15,closed,0.0,-5.1
2.58,42,23.368671,17,final_d15_open,0,15,open,1.0,2.5799999999999996
3.48,42,23.391854,17,d17_medium,2,17,closed,0.0,3.480000000000002
2.46,54,23.420493,17,final_d19_open,0,19,open,1.0,2.4599999999999995
2.46,54,23.449392,17,final_d19_open,0,19,open,1.0,2.4599999999999995
4.02,48,23.475834,17,d19_detour,2,19,closed,0.0,4.020000000000003
2.15,35,23.49545,17,d19_detour,2,19,closed,0.0,2.1499999999999995
3.48,42,23.518825,17,d17_medium,2,17,closed,0.0,3.480000000000002
3.48,42,23.542865,17,d17_medium,2,17,closed,0.0,3.480000000000002
2.58,42,23.56535,17,final_d15_open,0,15,open,1.0,2.5799999999999996
3.42,43,23.590075,17,d17_medium,2,17,closed,0.0,3.4200000000000017
1.92,48,23.615819,17,final_d17_closed,0,17,closed,0.0,1.9199999999999997
4.14,36,23.635762,17,d15_direct,2,15,open,1.0,4.140000000000002
1.92,48,23.661379,17,final_d17_open,0,17,open,1.0,1.9199999999999997
2.58,42,23.685001,17,final_d15_open,0,15,open,1.0,2.5799999999999996
2.46,54,23.713926,17,final_d19_closed,0,19,closed,0.0,2.4599999999999995
-4.3,45,23.738099,17,final_d15_closed,0,15,closed,0.0,-4.299999999999999
2.36,44,23.761541,17,final_d17_open,0,17,open,1.0,2.3599999999999994
2.4,55,23.790666,17,final_d19_open,0,19,open,1.0,2.3999999999999995
2.58,42,23.81279,17,final_d15_open,0,15,open,1.0,2.5799999999999996
-0.02,47,23.837554,17,final_d17_open,0,17,open,1.0,-0.02000000000000024
1.92,48,23.863561,17,final_d17_open,0,17,open,1.0,1.9199999999999997
2.58,42,23.886985,17,final_d15_open,0,15,open,1.0,2.5799999999999996
2.36,44,23.91039,17,final_d17_open,0,17,open,1.0,2.3599999999999994
4.02,48,23.936835,17,d19_detour,2,19,closed,0.0,4.020000000000003
2.46,54,23.965556,17,final_d19_open,0,19,open,1.0,2.4599999999999995
-4.65,45,23.989408,17,final_d15_closed,0,15,closed,0.0,-4.65
3.48,42,24.012492,17,d17_medium,2,17,closed,0.0,3.480000000000002
2.58,42,24.035043,17,final_d15_open,0,15,open,1.0,2.5799999999999996
2.58,42,24.057068,17,final_d15_open,0,15,open,1.0,2.5799999999999996
1.92,48,24.08243,17,final_d17_closed,0,17,closed,0.0,1.9199999999999997
2.46,54,24.111321,17,final_d19_closed,0,19,closed,0.0,2.4599999999999995
-5.0,45,24.134959,17,final_d15_closed,0,15,closed,0.0,-5.0
2.46,54,24.162802,17,final_d19_open,0,19,open,1.0,2.4599999999999995
1.31,29,24.179773,17,d17_medium,2,17,closed,0.0,1.3099999999999998
2.4,55,24.20831,17,final_d19_closed,0,19,closed,0.0,2.3999999999999995
2.58,42,24.230115,17,final_d15_open,0,15,open,1.0,2.5799999999999996
-0.51,26,24.244573,17,d15_direct,2,15,open,1.0,-0.5100000000000005
2.46,54,24.272572,17,final_d19_closed,0,19,closed,0.0,2.4599999999999995
-0.54,49,24.298235,17,final_d17_closed,0,17,closed,0.0,-0.5399999999999996
1.92,48,24.325204,17,final_d17_closed,0,17,closed,0.0,1.9199999999999997
3.48,42,24.348424,17,d17_medium,2,17,closed,0.0,3.480000000000002
2.15,35,24.575236,17,d19_detour,2,19,closed,0.0,2.1499999999999995
2.14,46,24.599868,17,final_d17_open,0,17,open,1.0,2.1399999999999997
3.48,42,24.623728,17,d17_medium,2,17,closed,0.0,3.480000000000002
4.14,36,24.644691,17,d15_direct,2,15,open,1.0,4.140000000000002
1.75,25,24.659194,17,d15_direct,2,15,open,1.0,1.7499999999999998
2.46,54,24.688128,17,final_d19_open,0,19,open,1.0,2.4599999999999995
2.14,46,24.712997,17,final_d17_open,0,17,open,1.0,2.1399999999999997
2.52,43,24.737027,17,final_d15_open,0,15,open,1.0,2.5199999999999996
2.1,50,24.764149,17,final_d19_open,0,19,open,1.0,2.0999999999999996
2.4,55,24.793481,17,final_d19_open,0,19,open,1.0,2.3999999999999995
2.36,44,24.817376,17,final_d17_open,0,17,open,1.0,2.3599999999999994
2.58,42,24.839638,17,final_d15_open,0,15,open,1.0,2.5799999999999996
2.36,44,24.863979,17,final_d17_open,0,17,open,1.0,2.3599999999999994
2.58,42,24.88686,17,final_d15_open,0,15,open,1.0,2.5799999999999996
2.46,54,24.915793,17,final_d19_closed,0,19,closed,0.0,2.4599999999999995
2.58,42,24.938527,17,final_d15_open,0,15,open,1.0,2.5799999999999996
2.14,46,24.963053,17,final_d17_open,0,17,open,1.0,2.1399999999999997
-0.43,53,24.991003,17,final_d19_open,0,19,open,1.0,-0.42999999999999927
-4.9,45,25.015455,17,final_d15_closed,0,15,closed,0.0,-4.9
4.14,36,25.036392,17,d15_direct,2,15,open,1.0,4.140000000000002
-5.1,45,25.060334,17,final_d15_closed,0,15,closed,0.0,-5.1
3.48,42,25.084529,17,d17_medium,2,17,closed,0.0,3.480000000000002
1.92,48,25.111109,17,final_d17_open,0,17,open,1.0,1.9199999999999997
-0.24,49,25.137425,17,final_d17_open,0,17,open,1.0,-0.24000000000000044
1.92,48,25.163281,17,final_d17_closed,0,17,closed,0.0,1.9199999999999997
1.31,29,25.179864,17,d17_medium,2,17,closed,0.0,1.3099999999999998
2.28,52,25.208132,17,final_d19_open,0,19,open,1.0,2.2799999999999994
1.92,48,25.233912,17,final_d17_closed,0,17,closed,0.0,1.9199999999999997
4.14,36,25.254401,17,d15_direct,2,15,open,1.0,4.140000000000002
2.28,52,25.282984,17,final_d19_closed,0,19,closed,0.0,2.2799999999999994
4.02,48,25.31004,17,d19_detour,2,19,closed,0.0,4.020000000000003
4.14,36,25.330124,17,d15_direct,2,15,open,1.0,4.140000000000002
-4.8,45,25.354506,17,final_d15_closed,0,15,closed,0.0,-4.799999999999999
2.58,42,25.376921,17,final_d15_open,0,15,open,1.0,2.5799999999999996
-0.61,51,25.405346,17,final_d19_open,0,19,open,1.0,-0.610000000000001
1.98,37,25.426427,17,d15_direct,2,15,open,1.0,1.9799999999999998
0.08,47,25.451509,17,final_d17_open,0,17,open,1.0,0.07999999999999985
2.52,43,25.474171,17,final_d15_open,0,15,open,1.0,2.5199999999999996
-0.2,55,25.504199,17,final_d19_open,0,19,open,1.0,-0.2000000000000004
2.14,46,25.528905,17,final_d17_open,0,17,open,1.0,2.1399999999999997
-5.1,45,25.552564,17,final_d15_closed,0,15,closed,0.0,-5.1
0.08,47,25.577924,17,final_d17_open,0,17,open,1.0,0.07999999999999985
2.58,42,25.600195,17,final_d15_open,0,15,open,1.0,2.5799999999999996
2.46,54,25.628712,17,final_d19_closed,0,19,closed,0.0,2.4599999999999995
0.12,43,25.651447,17,final_d15_open,0,15,open,1.0,0.11999999999999955
1.92,48,25.677341,17,final_d17_open,0,17,open,1.0,1.9199999999999997
2.46,54,25.90963,17,final_d19_open,0,19,open,1.0,2.4599999999999995
2.46,54,25.938118,17,final_d19_open,0,19,open,1.0,2.4599999999999995
4.14,36,25.958467,17,d15_direct,2,15,open,1.0,4.140000000000002
3.48,42,25.981961,17,d17_medium,2,17,closed,0.0,3.480000000000002
2.46,54,26.01107,17,final_d19_closed,0,19,closed,0.0,2.4599999999999995
4.02,48,26.037373,17,d19_detour,2,19,closed,0.0,4.020000000000003
-0.05,55,26.06685,17,final_d19_closed,0,19,closed,0.0,-0.05000000000000093
2.58,42,26.089455,17,final_d15_open,0,15,open,1.0,2.5799999999999996
3.48,42,26.113824,17,d17_medium,2,17,closed,0.0,3.480000000000002
2.46,54,26.14246,17,final_d19_open,0,19,open,1.0,2.4599999999999995
2.58,42,26.164712,17,final_d15_open,0,15,open,1.0,2.5799999999999996
4.14,36,26.184823,17,d15_direct,2,15,open,1.0,4.140000000000002
2.46,54,26.213789,17,final_d19_closed,0,19,closed,0.0,2.4599999999999995
2.58,42,26.236412,17,final_d15_open,0,15,open,1.0,2.5799999999999996
2.58,42,26.259258,17,final_d15_open,0,15,open,1.0,2.5799999999999996
-4.75,45,26.284059,17,final_d15_closed,0,15,closed,0.0,-4.749999999999998
4.02,48,26.310912,17,d19_detour,2,19,closed,0.0,4.020000000000003
2.52,43,26.334421,17,final_d15_open,0,15,open,1.0,2.5199999999999996
-5.1,45,26.358574,17,final_d15_closed,0,15,closed,0.0,-5.1
0.11,49,26.385114,17,final_d17_closed,0,17,closed,0.0,0.10999999999999965
2.52,43,26.408356,17,final_d15_open,0,15,open,1.0,2.5199999999999996
4.02,48,26.435694,17,d19_detour,2,19,closed,0.0,4.020000000000003
1.92,48,26.461775,17,final_d17_closed,0,17,closed,0.0,1.9199999999999997
1.92,48,26.487892,17,final_d17_closed,0,17,closed,0.0,1.9199999999999997
0.04,56,26.518963,17,final_d19_open,0,19,open,1.0,0.03999999999999915
2.58,42,26.54154,17,final_d15_open,0,15,open,1.0,2.5799999999999996
-5.1,45,26.566115,17,final_d15_closed,0,15,closed,0.0,-5.1
1.92,48,26.592112,17,final_d17_closed,0,17,closed,0.0,1.9199999999999997
2.58,42,26.614489,17,final_d17_open,0,17,open,1.0,2.5799999999999996
4.02,48,26.641632,17,d19_detour,2,19,closed,0.0,4.020000000000003
4.02,48,26.668657,17,d19_detour,2,19,closed,0.0,4.020000000000003
2.14,46,26.694422,17,final_d17_open,0,17,open,1.0,2.1399999999999997
2.1,50,26.722047,17,final_d19_open,0,19,open,1.0,2.0999999999999996
2.36,44,26.746598,17,final_d17_open,0,17,open,1.0,2.3599999999999994
-5.1,45,26.770936,17,final_d15_closed,0,15,closed,0.0,-5.1
2.46,54,26.800004,17,final_d19_closed,0,19,closed,0.0,2.4599999999999995
2.36,44,26.824884,17,final_d17_open,0,17,open,1.0,2.3599999999999994
2.36,44,26.848544,17,final_d17_open,0,17,open,1.0,2.3599999999999994
4.14,36,26.868448,17,d15_direct,2,15,open,1.0,4.140000000000002
2.46,54,26.896955,17,final_d19_open,0,19,open,1.0,2.4599999999999995
2.1,40,26.918946,17,d19_detour,2,19,closed,0.0,2.0999999999999996
2.14,46,26.943544,17,final_d17_open,0,17,open,1.0,2.1399999999999997
3.96,49,26.971258,17,d19_detour,2,19,closed,0.0,3.9600000000000026
1.92,48,26.99684,17,final_d17_closed,0,17,closed,0.0,1.9199999999999997
2.28,52,27.232535,17,final_d19_open,0,19,open,1.0,2.2799999999999994
2.58,42,27.25548,17,final_d15_open,0,15,open,1.0,2.5799999999999996
0.15,55,27.284697,17,final_d19_open,0,19,open,1.0,0.14999999999999947
-4.75,45,27.309343,17,final_d15_closed,0,15,closed,0.0,-4.75
2.46,54,27.338657,17,final_d19_open,0,19,open,1.0,2.4599999999999995
2.58,42,27.361306,17,final_d15_open,0,15,open,1.0,2.5799999999999996
4.14,36,27.382803,17,d15_direct,2,15,open,1.0,4.140000000000002
0.12,43,27.40607,17,final_d15_open,0,15,open,1.0,0.11999999999999955
4.14,36,27.427575,17,d15_direct,2,15,open,1.0,4.140000000000002
0.1,55,27.457441,17,final_d19_closed,0,19,closed,0.0,0.09999999999999942
2.46,54,27.485883,17,final_d19_closed,0,19,closed,0.0,2.4599999999999995
3.48,42,27.509372,17,d17_medium,2,17,closed,0.0,3.480000000000002
3.96,49,27.537139,17,d19_detour,2,19,closed,0.0,3.9600000000000026
0.08,47,27.561817,17,final_d17_open,0,17,open,1.0,0.07999999999999963
0.05,55,27.59073,17,final_d19_closed,0,19,closed,0.0,0.0499999999999996
2.58,42,27.612899,17,final_d15_open,0,15,open,1.0,2.5799999999999996
0.1,55,27.643116,17,final_d19_closed,0,19,closed,0.0,0.0999999999999992
-4.9,45,27.667137,17,final_d15_closed,0,15,closed,0.0,-4.9
2.1,50,27.693749,17,final_d19_open,0,19,open,1.0,2.0999999999999996
2.46,54,27.724153,17,final_d19_closed,0,19,closed,0.0,2.4599999999999995
4.02,48,27.751513,17,d19_detour,2,19,closed,0.0,4.020000000000003
2.14,46,27.776713,17,final_d17_open,0,17,open,1.0,2.1399999999999997
0.12,43,27.800212,17,final_d15_open,0,15,open,1.0,0.11999999999999955
2.58,42,27.823693,17,final_d15_open,0,15,open,1.0,2.5799999999999996
2.58,42,27.846493,17,final_d15_open,0,15,open,1.0,2.5799999999999996
2.26,54,27.876336,17,final_d19_closed,0,19,closed,0.0,2.26
-0.05,55,27.905581,17,final_d19_open,0,19,open,1.0,-0.05000000000000049
2.28,52,27.932941,17,final_d19_open,0,19,open,1.0,2.2799999999999994
4.02,48,27.959157,17,d19_detour,2,19,closed,0.0,4.020000000000003
-5.0,45,27.982983,17,final_d15_closed,0,15,closed,0.0,-5.0
2.28,52,28.010377,17,final_d19_open,0,19,open,1.0,2.2799999999999994
3.48,42,28.034125,17,d17_medium,2,17,closed,0.0,3.480000000000002
2.58,42,28.056773,17,final_d15_open,0,15,open,1.0,2.5799999999999996
1.92,48,28.082816,17,final_d17_closed,0,17,closed,0.0,1.9199999999999997
2.46,54,28.111459,17,final_d19_closed,0,19,closed,0.0,2.4599999999999995
-5.0,45,28.135303,17,final_d15_closed,0,15,closed,0.0,-5.0
-4.35,45,28.159277,17,final_d15_closed,0,15,closed,0.0,-4.35
1.92,48,28.184955,17,final_d17_closed,0,17,closed,0.0,1.9199999999999997
2.58,42,28.207775,17,final_d15_open,0,15,open,1.0,2.5799999999999996
4.02,48,28.234234,17,d19_detour,2,19,closed,0.0,4.020000000000003
-5.0,45,28.258302,17,final_d15_closed,0,15,closed,0.0,-5.0
1.92,48,28.283916,17,final_d17_closed,0,17,closed,0.0,1.9199999999999997
4.02,48,28.310066,17,d19_detour,2,19,closed,0.0,4.020000000000003
4.14,36,28.54285,17,d15_direct,2,15,open,1.0,4.140000000000002
3.48,42,28.566588,17,d17_medium,2,17,closed,0.0,3.480000000000002
1.92,48,28.592617,17,final_d17_closed,0,17,closed,0.0,1.9199999999999997
2.28,52,28.619893,17,final_d19_open,0,19,open,1.0,2.2799999999999994
1.31,29,28.636983,17,d17_medium,2,17,closed,0.0,1.3099999999999998
2.58,42,28.659585,17,final_d15_open,0,15,open,1.0,2.5799999999999996
1.92,48,28.685933,17,final_d17_closed,0,17,closed,0.0,1.9199999999999997
2.58,42,28.708375,17,final_d15_open,0,15,open,1.0,2.5799999999999996
-5.0,45,28.732796,17,final_d15_closed,0,15,closed,0.0,-5.0
1.92,48,28.76201,17,final_d17_closed,0,17,closed,0.0,1.9199999999999997
1.75,25,28.776754,17,d15_direct,2,15,open,1.0,1.7499999999999998
1.92,48,28.803589,17,final_d17_closed,0,17,closed,0.0,1.9199999999999997
2.46,54,28.83219,17,final_d19_closed,0,19,closed,0.0,2.4599999999999995
3.48,42,28.859006,17,d17_medium,2,17,closed,0.0,3.480000000000002
2.46,54,28.888528,17,final_d19_closed,0,19,closed,0.0,2.4599999999999995
3.48,42,28.912205,17,d17_medium,2,17,closed,0.0,3.480000000000002
3.48,42,28.936035,17,d17_medium,2,17,closed,0.0,3.480000000000002
4.14,36,28.956124,17,d15_direct,2,15,open,1.0,4.140000000000002
2.46,54,28.984982,17,final_d19_open,0,19,open,1.0,2.4599999999999995
2.14,46,29.010066,17,final_d17_open,0,17,open,1.0,2.1399999999999997
2.58,42,29.032232,17,final_d15_open,0,15,open,1.0,2.5799999999999996
2.28,52,29.059533,17,final_d19_open,0,19,open,1.0,2.2799999999999994
2.46,54,29.089368,17,final_d19_closed,0,19,closed,0.0,2.4599999999999995
1.92,48,29.116201,17,final_d17_closed,0,17,closed,0.0,1.9199999999999997
2.58,42,29.139007,17,final_d15_open,0,15,open,1.0,2.5799999999999996
2.4,55,29.168043,17,final_d19_open,0,19,open,1.0,2.3999999999999995
2.46,54,29.196477,17,final_d19_open,0,19,open,1.0,2.4599999999999995
2.46,54,29.226001,17,final_d19_closed,0,19,closed,0.0,2.4599999999999995
2.26,54,29.255438,17,final_d19_closed,0,19,closed,0.0,2.26
4.02,48,29.281804,17,d19_detour,2,19,closed,0.0,4.020000000000003
2.58,42,29.303862,17,final_d15_open,0,15,open,1.0,2.5799999999999996
1.31,29,29.320848,17,d17_medium,2,17,closed,0.0,1.3099999999999998
-5.1,45,29.345035,17,final_d15_closed,0,15,closed,0.0,-5.1
-4.75,45,29.369183,17,final_d15_closed,0,15,closed,0.0,-4.75
-0.24,49,29.395082,17,final_d17_open,0,17,open,1.0,-0.2400000000000002
-4.3,45,29.420707,17,final_d15_closed,0,15,closed,0.0,-4.299999999999999
1.92,48,29.448293,17,final_d17_closed,0,17,closed,0.0,1.9199999999999997
0.05,50,29.478128,17,final_d17_closed,0,17,closed,0.0,0.04999999999999982
4.08,37,29.502355,17,d15_direct,2,15,open,1.0,4.080000000000002
4.02,48,29.530994,17,d19_detour,2,19,closed,0.0,4.020000000000003
4.14,36,29.551621,17,d15_direct,2,15,open,1.0,4.140000000000002
2.46,54,29.580845,17,final_d19_closed,0,19,closed,0.0,2.4599999999999995
0.1,55,29.610391,17,final_d19_closed,0,19,closed,0.0,0.09999999999999942
4.02,48,29.638125,17,d19_detour,2,19,closed,0.0,4.020000000000003
-4.55,45,29.662786,17,final_d15_closed,0,15,closed,0.0,-4.549999999999999
3.96,49,29.911957,17,d19_detour,2,19,closed,0.0,3.9600000000000026
2.22,53,29.940824,17,final_d19_open,0,19,open,1.0,2.2199999999999998
2.46,54,29.970902,17,final_d19_closed,0,19,closed,0.0,2.4599999999999995
4.02,48,29.997397,17,d19_detour,2,19,closed,0.0,4.020000000000003
3.96,49,30.025375,17,d19_detour,2,19,closed,0.0,3.9600000000000026
-4.8,45,30.050716,17,final_d15_closed,0,15,closed,0.0,-4.799999999999999
0.15,55,30.080705,17,final_d19_open,0,19,open,1.0,0.14999999999999947
4.02,48,30.107831,17,d19_detour,2,19,closed,0.0,4.020000000000003
4.02,48,30.134267,17,d19_detour,2,19,closed,0.0,4.020000000000003
3.96,49,30.161219,17,d19_detour,2,19,closed,0.0,3.9600000000000026
4.14,36,30.181887,17,d15_direct,2,15,open,1.0,4.140000000000002
-4.75,45,30.205949,17,final_d15_closed,0,15,closed,0.0,-4.75
1.92,48,30.232281,17,final_d17_closed,0,17,closed,0.0,1.9199999999999997
4.14,36,30.252395,17,d15_direct,2,15,open,1.0,4.140000000000002
2.58,42,30.274676,17,final_d15_open,0,15,open,1.0,2.5799999999999996
1.92,48,30.300786,17,final_d17_closed,0,17,closed,0.0,1.9199999999999997
2.46,54,30.329484,17,final_d19_open,0,19,open,1.0,2.4599999999999995
2.4,55,30.360348,17,final_d19_closed,0,19,closed,0.0,2.3999999999999995
3.48,42,30.383873,17,d17_medium,2,17,closed,0.0,3.480000000000002
3.48,42,30.407242,17,d17_medium,2,17,closed,0.0,3.480000000000002
3.48,42,30.430666,17,d17_medium,2,17,closed,0.0,3.480000000000002
1.92,48,30.457085,17,final_d17_open,0,17,open,1.0,1.9199999999999997
2.46,54,30.48578,17,final_d19_closed,0,19,closed,0.0,2.4599999999999995
4.14,36,30.505948,17,d15_direct,2,15,open,1.0,4.140000000000002
-5.1,45,30.53114,17,final_d15_closed,0,15,closed,0.0,-5.1
1.92,48,30.556496,17,final_d17_closed,0,17,closed,0.0,1.9199999999999997
3.48,42,30.580204,17,d17_medium,2,17,closed,0.0,3.480000000000002
-0.25,55,30.609349,17,final_d19_open,0,19,open,1.0,-0.2500000000000011
1.31,29,30.626462,17,d17_medium,2,17,closed,0.0,1.3099999999999998
3.48,42,30.650242,17,d17_medium,2,17,closed,0.0,3.480000000000002
-4.4,45,30.674929,17,final_d15_closed,0,15,closed,0.0,-4.399999999999999
2.28,52,30.703326,17,final_d19_open,0,19,open,1.0,2.2799999999999994
0.06,49,30.729423,17,final_d17_open,0,17,open,1.0,0.05999999999999961
4.02,48,30.756035,17,d19_detour,2,19,closed,0.0,4.020000000000003
2.26,54,30.784928,17,final_d19_closed,0,19,closed,0.0,2.26
4.02,48,30.811002,17,d19_detour,2,19,closed,0.0,4.020000000000003
2.58,42,30.833433,17,final_d15_open,0,15,open,1.0,2.5799999999999996
1.92,48,30.859925,17,final_d17_closed,0,17,closed,0.0,1.9199999999999997
-0.43,53,30.887913,17,final_d19_open,0,19,open,1.0,-0.4300000000000004
2.14,46,30.912461,17,final_d17_open,0,17,open,1.0,2.1399999999999997
4.14,36,30.932509,17,d15_direct,2,15,open,1.0,4.140000000000002
3.48,42,30.956062,17,d17_medium,2,17,closed,0.0,3.480000000000002
1.92,48,30.981801,17,final_d17_closed,0,17,closed,0.0,1.9199999999999997
-2.16,56,31.011867,17,final_d19_open,0,19,open,1.0,-2.160000000000001
2.46,54,31.258649,17,final_d19_closed,0,19,closed,0.0,2.4599999999999995
2.14,46,31.284826,17,final_d17_open,0,17,open,1.0,2.1399999999999997
2.1,50,31.313223,17,final_d19_open,0,19,open,1.0,2.0999999999999996
1.75,25,31.328078,17,d15_direct,2,15,open,1.0,1.7499999999999998
1.92,48,31.356169,17,final_d17_open,0,17,open,1.0,1.9199999999999997
-4.75,45,31.382731,17,final_d15_closed,0,15,closed,0.0,-4.75
1.67,33,31.40174,17,d19_detour,2,19,closed,0.0,1.6699999999999997
2.28,52,31.429528,17,final_d19_open,0,19,open,1.0,2.2799999999999994
2.26,54,31.458412,17,final_d19_closed,0,19,closed,0.0,2.26
2.58,42,31.482099,17,final_d15_open,0,15,open,1.0,2.5799999999999996
4.14,36,31.50246,17,d15_direct,2,15,open,1.0,4.140000000000002
3.48,42,31.526413,17,d17_medium,2,17,closed,0.0,3.480000000000002
1.92,48,31.552322,17,final_d17_closed,0,17,closed,0.0,1.9199999999999997
4.02,48,31.580236,17,d19_detour,2,19,closed,0.0,4.020000000000003
1.92,48,31.606518,17,final_d17_closed,0,17,closed,0.0,1.9199999999999997
-0.0,55,31.636997,17,final_d19_closed,0,19,closed,0.0,-8.881784197001252e-16
1.67,33,31.656148,17,d19_detour,2,19,closed,0.0,1.6699999999999997
2.46,54,31.686047,17,final_d19_closed,0,19,closed,0.0,2.4599999999999995
2.58,42,31.708552,17,final_d15_open,0,15,open,1.0,2.5799999999999996
-5.1,45,31.733381,17,final_d15_closed,0,15,closed,0.0,-5.1
1.92,48,31.761843,17,final_d17_closed,0,17,closed,0.0,1.9199999999999997
-5.1,45,31.787837,17,final_d15_closed,0,15,closed,0.0,-5.1
2.14,46,31.813491,17,final_d17_open,0,17,open,1.0,2.1399999999999997
-4.8,45,31.837842,17,final_d15_closed,0,15,closed,0.0,-4.799999999999999
3.48,42,31.862557,17,d17_medium,2,17,closed,0.0,3.480000000000002
-0.54,49,31.889346,17,final_d17_closed,0,17,closed,0.0,-0.5400000000000003
2.58,42,31.911848,17,final_d15_open,0,15,open,1.0,2.5799999999999996
2.02,53,31.941182,17,final_d19_open,0,19,open,1.0,2.0199999999999996
0.15,55,31.971238,17,final_d19_open,0,19,open,1.0,0.14999999999999947
3.96,49,31.999287,17,d19_detour,2,19,closed,0.0,3.9600000000000026
2.58,42,32.021897,17,final_d15_open,0,15,open,1.0,2.5799999999999996
1.92,48,32.047844,17,final_d17_closed,0,17,closed,0.0,1.9199999999999997
3.48,42,32.07207,17,d17_medium,2,17,closed,0.0,3.480000000000002
0.25,55,32.102707,17,final_d19_open,0,19,open,1.0,0.24999999999999956
2.4,55,32.13257,17,final_d19_open,0,19,open,1.0,2.3999999999999995
2.14,46,32.157113,17,final_d17_open,0,17,open,1.0,2.1399999999999997
2.28,52,32.185272,17,final_d19_open,0,19,open,1.0,2.2799999999999994
-4.75,45,32.209466,17,final_d15_closed,0,15,closed,0.0,-4.75
3.48,42,32.233625,17,d17_medium,2,17,closed,0.0,3.480000000000002
4.14,36,32.253691,17,d15_direct,2,15,open,1.0,4.140000000000002
-5.1,45,32.278318,17,final_d15_closed,0,15,closed,0.0,-5.1
1.31,29,32.295624,17,d17_medium,2,17,closed,0.0,1.3099999999999998
2.28,52,32.323708,17,final_d19_open,0,19,open,1.0,2.2799999999999994
2.58,42,32.346431,17,final_d15_open,0,15,open,1.0,2.5799999999999996
2.14,46,32.371384,17,final_d17_open,0,17,open,1.0,2.1399999999999997
2.46,54,32.618727,17,final_d19_open,0,19,open,1.0,2.4599999999999995
2.58,42,32.641804,17,final_d15_open,0,15,open,1.0,2.5799999999999996
2.46,54,32.670491,17,final_d19_closed,0,19,closed,0.0,2.4599999999999995
3.48,42,32.694115,17,d17_medium,2,17,closed,0.0,3.480000000000002
1.92,48,32.719878,17,final_d17_open,0,17,open,1.0,1.9199999999999997
2.22,53,32.749462,17,final_d19_open,0,19,open,1.0,2.2199999999999998
3.48,42,32.773304,17,d17_medium,2,17,closed,0.0,3.480000000000002
0.1,55,32.802566,17,final_d19_closed,0,19,closed,0.0,0.0999999999999992
4.02,48,32.835482,17,d19_detour,2,19,closed,0.0,4.020000000000003
2.1,40,32.861172,17,d19_detour,2,19,closed,0.0,2.0999999999999996
1.92,48,32.887302,17,final_d17_closed,0,17,closed,0.0,1.9199999999999997
2.58,42,32.910128,17,final_d15_open,0,15,open,1.0,2.5799999999999996
0.35,55,32.938973,17,final_d19_open,0,19,open,1.0,0.3499999999999994
2.58,42,32.961977,17,final_d15_open,0,15,open,1.0,2.5799999999999996
2.46,54,32.99111,17,final_d19_closed,0,19,closed,0.0,2.4599999999999995
4.08,37,33.011492,17,d15_direct,2,15,open,1.0,4.080000000000002
4.14,36,33.032371,17,d15_direct,2,15,open,1.0,4.140000000000002
4.02,48,33.058791,17,d19_detour,2,19,closed,0.0,4.020000000000003
2.36,44,33.082816,17,final_d17_open,0,17,open,1.0,2.3599999999999994
2.58,42,33.105219,17,final_d15_open,0,15,open,1.0,2.5799999999999996
4.14,36,33.125308,17,d15_direct,2,15,open,1.0,4.140000000000002
1.92,48,33.150875,17,final_d17_open,0,17,open,1.0,1.9199999999999997
0.27,43,33.174285,17,final_d15_open,0,15,open,1.0,0.26999999999999935
-4.9,45,33.198069,17,final_d15_closed,0,15,closed,0.0,-4.9
3.48,42,33.22256,17,d17_medium,2,17,closed,0.0,3.480000000000002
4.14,36,33.242676,17,d15_direct,2,15,open,1.0,4.140000000000002
1.92,48,33.26844,17,final_d17_closed,0,17,closed,0.0,1.9199999999999997
2.14,46,33.29282,17,final_d17_open,0,17,open,1.0,2.1399999999999997
2.36,44,33.318251,17,final_d17_open,0,17,open,1.0,2.3599999999999994
1.92,48,33.344416,17,final_d17_open,0,17,open,1.0,1.9199999999999997
4.14,36,33.363814,17,d15_direct,2,15,open,1.0,4.140000000000002
2.15,35,33.382971,17,d19_detour,2,19,closed,0.0,2.1500000000000004
-4.65,45,33.406379,17,final_d15_closed,0,15,closed,0.0,-4.65
1.92,48,33.431468,17,final_d17_closed,0,17,closed,0.0,1.9199999999999997
1.92,48,33.456549,17,final_d17_closed,0,17,closed,0.0,1.9199999999999997
-4.65,45,33.480662,17,final_d15_closed,0,15,closed,0.0,-4.649999999999999
-5.1,45,33.504668,17,final_d15_closed,0,15,closed,0.0,-5.1
-4.75,45,33.528157,17,final_d15_closed,0,15,closed,0.0,-4.75
2.58,42,33.550257,17,final_d15_open,0,15,open,1.0,2.5799999999999996
-0.7,30,33.567508,17,d17_medium,2,17,closed,0.0,-0.7000000000000002
4.02,48,33.593261,17,d19_detour,2,19,closed,0.0,4.020000000000003
2.58,42,33.615179,17,final_d15_open,0,15,open,1.0,2.5799999999999996
2.46,54,33.643133,17,final_d19_open,0,19,open,1.0,2.4599999999999995
4.02,48,33.668891,17,d19_detour,2,19,closed,0.0,4.020000000000003
1.92,48,33.694161,17,final_d17_closed,0,17,closed,0.0,1.9199999999999997
-4.75,45,33.717904,17,final_d15_closed,0,15,closed,0.0,-4.75
2.46,54,33.978325,17,final_d19_closed,0,19,closed,0.0,2.4599999999999995
2.28,52,34.008095,17,final_d19_open,0,19,open,1.0,2.2799999999999994
4.02,48,34.036237,17,d19_detour,2,19,closed,0.0,4.020000000000003
4.14,36,34.060092,17,d15_direct,2,15,open,1.0,4.140000000000002
1.92,48,34.086641,17,final_d17_closed,0,17,closed,0.0,1.9199999999999997
1.92,48,34.113032,17,final_d17_closed,0,17,closed,0.0,1.9199999999999997
-4.75,45,34.13685,17,final_d15_closed,0,15,closed,0.0,-4.75
3.96,49,34.163449,17,d19_detour,2,19,closed,0.0,3.9600000000000026
-5.1,45,34.186899,17,final_d15_closed,0,15,closed,0.0,-5.1
4.02,48,34.212724,17,d19_detour,2,19,closed,0.0,4.020000000000003
2.15,35,34.231989,17,d19_detour,2,19,closed,0.0,2.1499999999999995
2.1,50,34.257956,17,final_d19_open,0,19,open,1.0,2.0999999999999996
-5.0,45,34.281584,17,final_d15_closed,0,15,closed,0.0,-5.0
4.14,36,34.302765,17,d15_direct,2,15,open,1.0,4.140000000000002
0.1,55,34.333113,17,final_d19_closed,0,19,closed,0.0,0.09999999999999942
3.48,42,34.357331,17,d17_medium,2,17,closed,0.0,3.480000000000002
2.58,42,34.380181,17,final_d15_open,0,15,open,1.0,2.5799999999999996
2.26,54,34.409403,17,final_d19_closed,0,19,closed,0.0,2.26
-4.9,45,34.433749,17,final_d15_closed,0,15,closed,0.0,-4.9
-5.0,45,34.45813,17,final_d15_closed,0,15,closed,0.0,-5.0
4.14,36,34.478114,17,d15_direct,2,15,open,1.0,4.140000000000002
4.14,36,34.498657,17,d15_direct,2,15,open,1.0,4.140000000000002
2.28,52,34.526191,17,final_d19_open,0,19,open,1.0,2.2799999999999994
1.67,33,34.544695,17,d19_detour,2,19,closed,0.0,1.6699999999999997
2.58,42,34.566966,17,final_d15_open,0,15,open,1.0,2.5799999999999996
2.14,46,34.591722,17,final_d17_open,0,17,open,1.0,2.1399999999999997
1.92,48,34.617067,17,final_d17_closed,0,17,closed,0.0,1.9199999999999997
-0.49,49,34.643795,17,final_d17_closed,0,17,closed,0.0,-0.49000000000000044
3.48,42,34.667552,17,d17_medium,2,17,closed,0.0,3.480000000000002
2.28,52,34.696316,17,final_d19_open,0,19,open,1.0,2.2799999999999994
4.14,36,34.716001,17,d15_direct,2,15,open,1.0,4.140000000000002
2.14,46,34.741005,17,final_d17_open,0,17,open,1.0,2.1399999999999997
2.28,52,34.771087,17,final_d19_open,0,19,open,1.0,2.2799999999999994
3.48,42,34.795933,17,d17_medium,2,17,closed,0.0,3.480000000000002
1.92,48,34.822452,17,final_d19_open,0,19,open,1.0,1.9199999999999997
2.58,42,34.844891,17,final_d15_open,0,15,open,1.0,2.5799999999999996
-4.65,45,34.871276,17,final_d15_closed,0,15,closed,0.0,-4.649999999999998
0.47,43,34.895083,17,final_d15_open,0,15,open,1.0,0.46999999999999964
-5.0,45,34.920537,17,final_d15_closed,0,15,closed,0.0,-5.0
1.92,48,34.947555,17,final_d17_closed,0,17,closed,0.0,1.9199999999999997
2.58,42,34.971548,17,final_d15_open,0,15,open,1.0,2.5799999999999996
4.14,36,34.991739,17,d15_direct,2,15,open,1.0,4.140000000000002
1.67,33,35.011541,17,d19_detour,2,19,closed,0.0,1.6699999999999997
-4.8,45,35.03619,17,final_d15_closed,0,15,closed,0.0,-4.8
2.58,42,35.058551,17,final_d15_open,0,15,open,1.0,2.5799999999999996
1.31,29,35.074905,17,d17_medium,2,17,closed,0.0,1.3099999999999998
2.26,54,35.366959,17,final_d19_closed,0,19,closed,0.0,2.26
2.46,54,35.39647,17,final_d19_closed,0,19,closed,0.0,2.4599999999999995
4.02,48,35.424268,17,d19_detour,2,19,closed,0.0,4.020000000000003
-4.9,45,35.448732,17,final_d15_closed,0,15,closed,0.0,-4.9
2.58,42,35.472018,17,final_d15_open,0,15,open,1.0,2.5799999999999996
2.58,42,35.49472,17,final_d15_open,0,15,open,1.0,2.5799999999999996
-4.8,45,35.519038,17,final_d15_closed,0,15,closed,0.0,-4.800000000000001
2.52,43,35.542023,17,final_d15_open,0,15,open,1.0,2.5199999999999996
2.46,54,35.5709,17,final_d19_open,0,19,open,1.0,2.4599999999999995
-0.24,49,35.597344,17,final_d17_open,0,17,open,1.0,-0.24000000000000044
2.46,54,35.626184,17,final_d19_open,0,19,open,1.0,2.4599999999999995
-0.25,55,35.656632,17,final_d19_closed,0,19,closed,0.0,-0.2500000000000011
2.46,54,35.686226,17,final_d19_closed,0,19,closed,0.0,2.4599999999999995
1.92,48,35.712607,17,final_d17_closed,0,17,closed,0.0,1.9199999999999997
0.11,49,35.739512,17,final_d17_open,0,17,open,1.0,0.10999999999999965
0.11,49,35.766192,17,final_d17_open,0,17,open,1.0,0.10999999999999988
-4.2,45,35.790991,17,final_d15_closed,0,15,closed,0.0,-4.1999999999999975
2.58,42,35.813384,17,final_d15_open,0,15,open,1.0,2.5799999999999996
-4.5,45,35.838561,17,final_d15_closed,0,15,closed,0.0,-4.4999999999999964
4.02,48,35.865048,17,d19_detour,2,19,closed,0.0,4.020000000000003
2.28,52,35.894791,17,final_d19_open,0,19,open,1.0,2.2799999999999994
-2.4,50,35.921992,17,final_d17_open,0,17,open,1.0,-2.399999999999997
2.46,54,35.952566,17,final_d19_closed,0,19,closed,0.0,2.4599999999999995
1.92,48,35.979471,17,final_d17_open,0,17,open,1.0,1.9199999999999997
1.92,48,36.006041,17,final_d17_closed,0,17,closed,0.0,1.9199999999999997
-0.39,49,36.032887,17,final_d17_closed,0,17,closed,0.0,-0.3899999999999997
2.58,42,36.060936,17,final_d15_open,0,15,open,1.0,2.5799999999999996
2.58,42,36.085238,17,final_d15_open,0,15,open,1.0,2.5799999999999996
2.46,54,36.114762,17,final_d19_closed,0,19,closed,0.0,2.4599999999999995
-4.4,45,36.139115,17,final_d15_closed,0,15,closed,0.0,-4.399999999999997
1.92,48,36.165125,17,final_d17_open,0,17,open,1.0,1.9199999999999997
2.4,55,36.194948,17,final_d19_closed,0,19,closed,0.0,2.3999999999999995
1.92,48,36.221443,17,final_d17_closed,0,17,closed,0.0,1.9199999999999997
4.14,36,36.241421,17,d15_direct,2,15,open,1.0,4.140000000000002
2.14,46,36.265787,17,final_d17_open,0,17,open,1.0,2.1399999999999997
-4.6,45,36.290136,17,final_d15_closed,0,15,closed,0.0,-4.6
2.46,54,36.320546,17,final_d19_closed,0,19,closed,0.0,2.4599999999999995
4.14,36,36.340469,17,d15_direct,2,15,open,1.0,4.140000000000002
2.46,54,36.369371,17,final_d19_closed,0,19,closed,0.0,2.4599999999999995
-4.8,45,36.393508,17,final_d15_closed,0,15,closed,0.0,-4.800000000000001
2.26,54,36.422318,17,final_d19_closed,0,19,closed,0.0,2.26
1.92,48,36.448114,17,final_d17_open,0,17,open,1.0,1.9199999999999997
2.46,54,36.733249,17,final_d19_closed,0,19,closed,0.0,2.4599999999999995
2.46,54,36.762071,17,final_d19_closed,0,19,closed,0.0,2.4599999999999995
2.58,42,36.785224,17,final_d15_open,0,15,open,1.0,2.5799999999999996
2.46,54,36.813854,17,final_d19_open,0,19,open,1.0,2.4599999999999995
3.48,42,36.837261,17,d17_medium,2,17,closed,0.0,3.480000000000002
4.14,36,36.858716,17,d15_direct,2,15,open,1.0,4.140000000000002
2.46,54,36.888018,17,final_d19_closed,0,19,closed,0.0,2.4599999999999995
-0.43,53,36.916291,17,final_d19_open,0,19,open,1.0,-0.43000000000000105
2.58,42,36.938925,17,final_d15_open,0,15,open,1.0,2.5799999999999996
2.46,54,36.967932,17,final_d19_closed,0,19,closed,0.0,2.4599999999999995
1.92,48,36.994145,17,final_d17_closed,0,17,closed,0.0,1.9199999999999997
-5.0,45,37.019132,17,final_d15_closed,0,15,closed,0.0,-5.0
-5.1,45,37.043195,17,final_d15_closed,0,15,closed,0.0,-5.1
2.46,54,37.072603,17,final_d19_closed,0,19,closed,0.0,2.4599999999999995
4.02,48,37.099791,17,d19_detour,2,19,closed,0.0,4.020000000000003
-0.23,53,37.12773,17,final_d19_open,0,19,open,1.0,-0.2300000000000011
2.58,42,37.149979,17,final_d15_open,0,15,open,1.0,2.5799999999999996
-3.09,54,37.179372,17,final_d19_open,0,19,open,1.0,-3.089999999999998
2.28,52,37.211319,17,final_d19_open,0,19,open,1.0,2.2799999999999994
1.92,48,37.238943,17,final_d17_closed,0,17,closed,0.0,1.9199999999999997
2.58,42,37.26109,17,final_d15_open,0,15,open,1.0,2.5799999999999996
4.08,37,37.281101,17,d15_direct,2,15,open,1.0,4.080000000000002
3.48,42,37.304115,17,d17_medium,2,17,closed,0.0,3.480000000000002
3.48,42,37.327238,17,d17_medium,2,17,closed,0.0,3.480000000000002
3.48,42,37.350921,17,d17_medium,2,17,closed,0.0,3.480000000000002
4.02,48,37.377427,17,d19_detour,2,19,closed,0.0,4.020000000000003
1.92,48,37.402518,17,final_d17_open,0,17,open,1.0,1.9199999999999997
2.58,42,37.424382,17,final_d15_open,0,15,open,1.0,2.5799999999999996
2.14,46,37.449095,17,final_d17_open,0,17,open,1.0,2.1399999999999997
1.92,48,37.474372,17,final_d17_closed,0,17,closed,0.0,1.9199999999999997
3.48,42,37.497467,17,d17_medium,2,17,closed,0.0,3.480000000000002
1.92,48,37.522817,17,final_d17_closed,0,17,closed,0.0,1.9199999999999997
3.48,42,37.546205,17,d17_medium,2,17,closed,0.0,3.480000000000002
4.02,48,37.572602,17,d19_detour,2,19,closed,0.0,4.020000000000003
1.92,48,37.598025,17,final_d17_open,0,17,open,1.0,1.9199999999999997
4.14,36,37.61865,17,d15_direct,2,15,open,1.0,4.140000000000002
2.28,52,37.64602,17,final_d19_open,0,19,open,1.0,2.2799999999999994
1.92,48,37.672343,17,final_d17_closed,0,17,closed,0.0,1.9199999999999997
3.96,49,37.69944,17,d19_detour,2,19,closed,0.0,3.9600000000000026
2.14,46,37.723494,17,final_d17_open,0,17,open,1.0,2.1399999999999997
3.48,42,37.746469,17,d17_medium,2,17,closed,0.0,3.480000000000002
1.92,48,37.771728,17,final_d17_closed,0,17,closed,0.0,1.9199999999999997
4.14,36,37.791283,17,d15_direct,2,15,open,1.0,4.140000000000002
2.14,46,37.81537,17,final_d17_open,0,17,open,1.0,2.1399999999999997
4.02,48,37.841414,17,d19_detour,2,19,closed,0.0,4.020000000000003
2.46,54,38.117267,17,final_d19_closed,0,19,closed,0.0,2.4599999999999995
1.31,29,38.134419,17,d17_medium,2,17,closed,0.0,1.3099999999999998
-2.21,56,38.164496,17,final_d19_open,0,19,open,1.0,-2.2099999999999964
-0.09,54,38.194654,17,final_d19_open,0,19,open,1.0,-0.09000000000000075
2.58,42,38.217896,17,final_d15_open,0,15,open,1.0,2.5799999999999996
4.14,36,38.238701,17,d15_direct,2,15,open,1.0,4.140000000000002
4.08,37,38.259784,17,d15_direct,2,15,open,1.0,4.080000000000002
-0.03,53,38.288524,17,final_d19_open,0,19,open,1.0,-0.03000000000000025
2.58,42,38.310589,17,final_d15_open,0,15,open,1.0,2.5799999999999996
1.92,48,38.336049,17,final_d17_closed,0,17,closed,0.0,1.9199999999999997
1.67,33,38.354965,17,d19_detour,2,19,closed,0.0,1.6699999999999997
2.58,42,38.376906,17,final_d15_open,0,15,open,1.0,2.5799999999999996
1.92,48,38.402159,17,final_d17_closed,0,17,closed,0.0,1.9199999999999997
1.92,48,38.427524,17,final_d17_closed,0,17,closed,0.0,1.9199999999999997
3.48,42,38.450656,17,d17_medium,2,17,closed,0.0,3.480000000000002
-5.1,45,38.474289,17,final_d15_closed,0,15,closed,0.0,-5.1
4.02,48,38.500077,17,d19_detour,2,19,closed,0.0,4.020000000000003
2.46,54,38.528095,17,final_d19_closed,0,19,closed,0.0,2.4599999999999995
1.92,48,38.553283,17,final_d17_closed,0,17,closed,0.0,1.9199999999999997
3.48,42,38.576828,17,d17_medium,2,17,closed,0.0,3.480000000000002
-1.89,44,38.60104,17,final_d15_open,0,15,open,1.0,-1.8899999999999972
3.48,42,38.62494,17,d17_medium,2,17,closed,0.0,3.480000000000002
2.14,46,38.649476,17,final_d17_open,0,17,open,1.0,2.1399999999999997
3.48,42,38.672535,17,d17_medium,2,17,closed,0.0,3.480000000000002
2.14,46,38.69666,17,final_d17_open,0,17,open,1.0,2.1399999999999997
3.48,42,38.719828,17,d17_medium,2,17,closed,0.0,3.480000000000002
2.46,54,38.747849,17,final_d19_open,0,19,open,1.0,2.4599999999999995
4.02,48,38.774286,17,d19_detour,2,19,closed,0.0,4.020000000000003
1.92,48,38.799586,17,final_d17_open,0,17,open,1.0,1.9199999999999997
1.92,48,38.824832,17,final_d17_open,0,17,open,1.0,1.9199999999999997
0.11,49,38.851393,17,final_d17_open,0,17,open,1.0,0.10999999999999965
1.92,48,38.877273,17,final_d17_closed,0,17,closed,0.0,1.9199999999999997
-4.15,45,38.901159,17,final_d15_closed,0,15,closed,0.0,-4.149999999999997
1.92,48,38.926619,17,final_d17_closed,0,17,closed,0.0,1.9199999999999997
4.08,37,38.946877,17,d15_direct,2,15,open,1.0,4.080000000000002
1.92,48,38.972409,17,final_d17_closed,0,17,closed,0.0,1.9199999999999997
2.58,42,38.994352,17,final_d15_open,0,15,open,1.0,2.5799999999999996
-2.55,50,39.02081,17,final_d17_closed,0,17,closed,0.0,-2.5500000000000007
2.46,54,39.049285,17,final_d19_closed,0,19,closed,0.0,2.4599999999999995
4.02,48,39.075971,17,d19_detour,2,19,closed,0.0,4.020000000000003
-4.8,45,39.099863,17,final_d15_closed,0,15,closed,0.0,-4.800000000000001
0.12,43,39.122357,17,final_d15_open,0,15,open,1.0,0.11999999999999922
3.48,42,39.145424,17,d17_medium,2,17,closed,0.0,3.480000000000002
1.67,33,39.163987,17,d19_detour,2,19,closed,0.0,1.6699999999999997
4.14,36,39.183845,17,d15_direct,2,15,open,1.0,4.140000000000002
1.61,34,39.49623,17,d19_detour,2,19,closed,0.0,1.6099999999999997
2.28,52,39.524073,17,final_d19_open,0,19,open,1.0,2.2799999999999994
-4.9,45,39.548645,17,final_d15_closed,0,15,closed,0.0,-4.9
2.46,54,39.577888,17,final_d19_closed,0,19,closed,0.0,2.4599999999999995
2.15,35,39.597915,17,d19_detour,2,19,closed,0.0,2.1500000000000004
2.58,42,39.620604,17,final_d15_open,0,15,open,1.0,2.5799999999999996
2.14,46,39.645534,17,final_d17_open,0,17,open,1.0,2.1399999999999997
1.92,48,39.671754,17,final_d17_open,0,17,open,1.0,1.9199999999999997
2.58,42,39.695297,17,final_d15_open,0,15,open,1.0,2.5799999999999996
1.31,29,39.71253,17,d17_medium,2,17,closed,0.0,1.3099999999999998
2.58,42,39.734888,17,final_d15_open,0,15,open,1.0,2.5799999999999996
1.75,25,39.749323,17,d15_direct,2,15,open,1.0,1.7499999999999998
2.46,54,39.778691,17,final_d19_closed,0,19,closed,0.0,2.4599999999999995
1.92,48,39.804332,17,final_d17_open,0,17,open,1.0,1.9199999999999997
1.92,48,39.830952,17,final_d17_open,0,17,open,1.0,1.9199999999999997
-5.1,45,39.854946,17,final_d15_closed,0,15,closed,0.0,-5.1
4.14,36,39.874893,17,d15_direct,2,15,open,1.0,4.140000000000002
2.58,42,39.897255,17,final_d15_open,0,15,open,1.0,2.5799999999999996
3.48,42,39.920861,17,d17_medium,2,17,closed,0.0,3.480000000000002
2.46,54,39.950301,17,final_d19_closed,0,19,closed,0.0,2.4599999999999995
3.48,42,39.974387,17,d17_medium,2,17,closed,0.0,3.480000000000002
1.92,48,40.000915,17,final_d17_closed,0,17,closed,0.0,1.9199999999999997
4.14,36,40.021892,17,d15_direct,2,15,open,1.0,4.140000000000002
4.14,36,40.042337,17,d15_direct,2,15,open,1.0,4.140000000000002
1.92,48,40.068403,17,final_d17_closed,0,17,closed,0.0,1.9199999999999997
2.34,56,40.09867,17,final_d19_open,0,19,open,1.0,2.3399999999999994
0.11,49,40.125139,17,final_d17_closed,0,17,closed,0.0,0.10999999999999965
1.92,48,40.151689,17,final_d17_open,0,17,open,1.0,1.9199999999999997
4.02,48,40.179036,17,d19_detour,2,19,closed,0.0,4.020000000000003
2.46,54,40.20777,17,final_d19_closed,0,19,closed,0.0,2.4599999999999995
2.58,42,40.230617,17,final_d15_open,0,15,open,1.0,2.5799999999999996
4.14,36,40.250619,17,d15_direct,2,15,open,1.0,4.140000000000002
3.48,42,40.274353,17,d17_medium,2,17,closed,0.0,3.480000000000002
1.92,48,40.301314,17,final_d17_closed,0,17,closed,0.0,1.9199999999999997
2.1,50,40.330704,17,final_d19_open,0,19,open,1.0,2.0999999999999996
2.46,54,40.360791,17,final_d19_open,0,19,open,1.0,2.4599999999999995
0.12,43,40.384293,17,final_d15_open,0,15,open,1.0,0.11999999999999966
1.92,48,40.41165,17,final_d17_closed,0,17,closed,0.0,1.9199999999999997
2.58,42,40.434455,17,final_d15_open,0,15,open,1.0,2.5799999999999996
-4.55,45,40.459051,17,final_d15_closed,0,15,closed,0.0,-4.55
1.92,48,40.485287,17,final_d17_closed,0,17,closed,0.0,1.9199999999999997
2.36,44,40.509805,17,final_d17_open,0,17,open,1.0,2.3599999999999994
0.06,44,40.533863,17,final_d15_open,0,15,open,1.0,0.059999999999999165
1.92,48,40.560088,17,final_d17_closed,0,17,closed,0.0,1.9199999999999997
1.92,48,40.587642,17,final_d17_closed,0,17,closed,0.0,1.9199999999999997
4.14,36,40.608086,17,d15_direct,2,15,open,1.0,4.140000000000002
4.08,37,40.848626,17,d15_direct,2,15,open,1.0,4.080000000000002
4.02,48,40.87616,17,d19_detour,2,19,closed,0.0,4.020000000000003
1.92,48,40.902911,17,final_d17_closed,0,17,closed,0.0,1.9199999999999997
3.48,42,40.926604,17,d17_medium,2,17,closed,0.0,3.480000000000002
4.02,48,40.95433,17,d19_detour,2,19,closed,0.0,4.020000000000003
-4.9,45,40.97858,17,final_d15_closed,0,15,closed,0.0,-4.9
2.28,52,41.006475,17,final_d19_open,0,19,open,1.0,2.2799999999999994
4.02,48,41.033698,17,d19_detour,2,19,closed,0.0,4.020000000000003
1.92,48,41.059702,17,final_d17_closed,0,17,closed,0.0,1.9199999999999997
4.02,48,41.086652,17,d19_detour,2,19,closed,0.0,4.020000000000003
-0.14,49,41.112974,17,final_d17_open,0,17,open,1.0,-0.14000000000000035
0.28,47,41.138063,17,final_d17_open,0,17,open,1.0,0.2799999999999998
3.48,42,41.162335,17,d17_medium,2,17,closed,0.0,3.480000000000002
-5.0,45,41.186838,17,final_d15_closed,0,15,closed,0.0,-5.0
2.46,54,41.215804,17,final_d19_open,0,19,open,1.0,2.4599999999999995
2.46,54,41.246484,17,final_d19_closed,0,19,closed,0.0,2.4599999999999995
0.08,47,41.2725,17,final_d17_open,0,17,open,1.0,0.0799999999999994
-4.45,45,41.297885,17,final_d15_closed,0,15,closed,0.0,-4.449999999999999
2.14,46,41.3234,17,final_d17_open,0,17,open,1.0,2.1399999999999997
1.92,48,41.350626,17,final_d17_closed,0,17,closed,0.0,1.9199999999999997
3.48,42,41.374328,17,d17_medium,2,17,closed,0.0,3.480000000000002
0.06,49,41.401152,17,final_d17_closed,0,17,closed,0.0,0.05999999999999961
3.48,42,41.425831,17,d17_medium,2,17,closed,0.0,3.480000000000002
-4.5,45,41.450819,17,final_d15_closed,0,15,closed,0.0,-4.499999999999998
1.92,48,41.477152,17,final_d17_open,0,17,open,1.0,1.9199999999999997
2.14,46,41.503517,17,final_d17_open,0,17,open,1.0,2.1399999999999997
-0.25,55,41.533551,17,final_d19_open,0,19,open,1.0,-0.25000000000000044
3.48,42,41.55758,17,d17_medium,2,17,closed,0.0,3.480000000000002
-4.9,45,41.582776,17,final_d15_closed,0,15,closed,0.0,-4.9
2.58,42,41.606323,17,final_d15_open,0,15,open,1.0,2.5799999999999996
1.92,48,41.632929,17,final_d17_open,0,17,open,1.0,1.9199999999999997
-4.75,45,41.658359,17,final_d15_closed,0,15,closed,0.0,-4.75
-4.8,45,41.683671,17,final_d15_closed,0,15,closed,0.0,-4.8
2.58,42,41.707226,17,final_d15_open,0,15,open,1.0,2.5799999999999996
2.1,50,41.734845,17,final_d19_open,0,19,open,1.0,2.0999999999999996
1.92,48,41.761627,17,final_d17_closed,0,17,closed,0.0,1.9199999999999997
2.46,54,41.791268,17,final_d19_closed,0,19,closed,0.0,2.4599999999999995
-4.8,45,41.816501,17,final_d15_closed,0,15,closed,0.0,-4.800000000000001
0.06,49,41.843253,17,final_d17_open,0,17,open,1.0,0.05999999999999961
2.22,53,41.872209,17,final_d19_open,0,19,open,1.0,2.2199999999999998
-5.0,45,41.896868,17,final_d15_closed,0,15,closed,0.0,-5.0
-4.7,45,41.922278,17,final_d15_closed,0,15,closed,0.0,-4.699999999999999
1.92,48,41.948281,17,final_d17_open,0,17,open,1.0,1.9199999999999997
2.46,54,41.977198,17,final_d19_open,0,19,open,1.0,2.4599999999999995
0.1,55,42.224857,17,final_d19_closed,0,19,closed,0.0,0.0999999999999992
2.46,54,42.253934,17,final_d19_open,0,19,open,1.0,2.4599999999999995
4.02,48,42.281291,17,d19_detour,2,19,closed,0.0,4.020000000000003
4.02,48,42.308559,17,d19_detour,2,19,closed,0.0,4.020000000000003
2.46,54,42.33843,17,final_d19_open,0,19,open,1.0,2.4599999999999995
-4.45,45,42.363182,17,final_d15_closed,0,15,closed,0.0,-4.449999999999999
2.46,54,42.392477,17,final_d19_open,0,19,open,1.0,2.4599999999999995
-0.2,55,42.421634,17,final_d19_open,0,19,open,1.0,-0.20000000000000107
2.58,42,42.444561,17,final_d15_open,0,15,open,1.0,2.5799999999999996
1.92,48,42.470973,17,final_d17_closed,0,17,closed,0.0,1.9199999999999997
-4.75,45,42.494991,17,final_d15_closed,0,15,closed,0.0,-4.75
-4.65,45,42.519081,17,final_d15_closed,0,15,closed,0.0,-4.649999999999999
2.52,43,42.541945,17,final_d15_open,0,15,open,1.0,2.5199999999999996
1.92,48,42.568169,17,final_d17_closed,0,17,closed,0.0,1.9199999999999997
1.75,25,42.582495,17,d15_direct,2,15,open,1.0,1.7499999999999998
4.14,36,42.603066,17,d15_direct,2,15,open,1.0,4.140000000000002
1.92,48,42.629674,17,final_d17_open,0,17,open,1.0,1.9199999999999997
2.46,54,42.658359,17,final_d19_closed,0,19,closed,0.0,2.4599999999999995
-0.24,49,42.685063,17,final_d17_open,0,17,open,1.0,-0.24000000000000044
1.92,48,42.710718,17,final_d17_open,0,17,open,1.0,1.9199999999999997
1.67,33,42.72967,17,d19_detour,2,19,closed,0.0,1.6699999999999997
-3.96,51,42.756921,17,final_d17_open,0,17,open,1.0,-3.9599999999999977
-4.45,45,42.781691,17,final_d15_closed,0,15,closed,0.0,-4.449999999999999
-4.4,45,42.807764,17,final_d15_closed,0,15,closed,0.0,-4.399999999999997
1.92,48,42.833843,17,final_d17_closed,0,17,closed,0.0,1.9199999999999997
2.28,52,42.862048,17,final_d19_open,0,19,open,1.0,2.2799999999999994
2.46,54,42.891352,17,final_d19_closed,0,19,closed,0.0,2.4599999999999995
3.48,42,42.915164,17,d17_medium,2,17,closed,0.0,3.480000000000002
-4.7,45,42.939942,17,final_d15_closed,0,15,closed,0.0,-4.6999999999999975
2.46,54,42.968549,17,final_d19_closed,0,19,closed,0.0,2.4599999999999995
3.48,42,42.992199,17,d17_medium,2,17,closed,0.0,3.480000000000002
2.52,43,43.016106,17,final_d15_open,0,15,open,1.0,2.5199999999999996
2.46,54,43.045564,17,final_d19_closed,0,19,closed,0.0,2.4599999999999995
4.02,48,43.072038,17,d19_detour,2,19,closed,0.0,4.020000000000003
2.58,42,43.094554,17,final_d15_open,0,15,open,1.0,2.5799999999999996
0.25,55,43.124733,17,final_d19_closed,0,19,closed,0.0,0.24999999999999956
2.46,54,43.154305,17,final_d19_closed,0,19,closed,0.0,2.4599999999999995
1.69,26,43.169563,17,d15_direct,2,15,open,1.0,1.6899999999999997
2.28,52,43.197072,17,final_d19_open,0,19,open,1.0,2.2799999999999994
-4.4,45,43.222297,17,final_d15_closed,0,15,closed,0.0,-4.399999999999997
0.33,47,43.247564,17,final_d17_open,0,17,open,1.0,0.3299999999999996
1.92,48,43.273749,17,final_d17_open,0,17,open,1.0,1.9199999999999997
3.48,42,43.297391,17,d17_medium,2,17,closed,0.0,3.480000000000002
3.48,42,43.32164,17,d17_medium,2,17,closed,0.0,3.480000000000002
4.14,36,43.560183,17,d15_direct,2,15,open,1.0,4.140000000000002
1.92,48,43.585888,17,final_d17_open,0,17,open,1.0,1.9199999999999997
3.48,42,43.609641,17,d17_medium,2,17,closed,0.0,3.480000000000002
4.02,48,43.636925,17,d19_detour,2,19,closed,0.0,4.020000000000003
2.58,42,43.659661,17,final_d15_open,0,15,open,1.0,2.5799999999999996
1.92,48,43.685841,17,final_d17_closed,0,17,closed,0.0,1.9199999999999997
3.48,42,43.709733,17,d17_medium,2,17,closed,0.0,3.480000000000002
1.92,48,43.735965,17,final_d17_open,0,17,open,1.0,1.9199999999999997
1.92,48,43.761976,17,final_d17_open,0,17,open,1.0,1.9199999999999997
1.92,48,43.788252,17,final_d17_open,0,17,open,1.0,1.9199999999999997
1.92,48,43.814698,17,final_d17_closed,0,17,closed,0.0,1.9199999999999997
2.46,54,43.844138,17,final_d19_closed,0,19,closed,0.0,2.4599999999999995
2.46,54,43.873971,17,final_d19_closed,0,19,closed,0.0,2.4599999999999995
2.15,35,43.894156,17,d19_detour,2,19,closed,0.0,2.1499999999999995
2.58,42,43.917027,17,final_d15_open,0,15,open,1.0,2.5799999999999996
4.08,37,43.93879,17,d15_direct,2,15,open,1.0,4.080000000000002
2.52,43,43.961787,17,final_d15_open,0,15,open,1.0,2.5199999999999996
2.46,54,43.994414,17,final_d19_closed,0,19,closed,0.0,2.4599999999999995
-4.55,45,44.020423,17,final_d15_closed,0,15,closed,0.0,-4.549999999999998
2.46,54,44.050148,17,final_d19_closed,0,19,closed,0.0,2.4599999999999995
2.58,42,44.073134,17,final_d15_open,0,15,open,1.0,2.5799999999999996
4.14,36,44.093874,17,d15_direct,2,15,open,1.0,4.140000000000002
-5.0,45,44.11897,17,final_d15_closed,0,15,closed,0.0,-5.0
3.96,49,44.146172,17,d19_detour,2,19,closed,0.0,3.9600000000000026
1.92,48,44.172664,17,final_d17_closed,0,17,closed,0.0,1.9199999999999997
2.46,54,44.202124,17,final_d19_closed,0,19,closed,0.0,2.4599999999999995
2.46,54,44.232072,17,final_d19_open,0,19,open,1.0,2.4599999999999995
4.02,48,44.259192,17,d19_detour,2,19,closed,0.0,4.020000000000003
3.48,42,44.283642,17,d17_medium,2,17,closed,0.0,3.480000000000002
-0.25,55,44.313764,17,final_d19_open,0,19,open,1.0,-0.2500000000000011
4.02,48,44.34156,17,d19_detour,2,19,closed,0.0,4.020000000000003
2.58,42,44.364795,17,final_d15_open,0,15,open,1.0,2.5799999999999996
2.14,46,44.391407,17,final_d17_open,0,17,open,1.0,2.1399999999999997
1.67,33,44.410432,17,d19_detour,2,19,closed,0.0,1.6699999999999997
-0.2,55,44.440968,17,final_d19_open,0,19,open,1.0,-0.20000000000000107
4.14,36,44.462239,17,d15_direct,2,15,open,1.0,4.140000000000002
0.15,55,44.492717,17,final_d19_open,0,19,open,1.0,0.14999999999999947
4.14,36,44.513857,17,d15_direct,2,15,open,1.0,4.140000000000002
2.46,54,44.5441,17,final_d19_closed,0,19,closed,0.0,2.4599999999999995
2.58,42,44.567253,17,final_d15_open,0,15,open,1.0,2.5799999999999996
3.48,42,44.591572,17,d17_medium,2,17,closed,0.0,3.480000000000002
1.92,48,44.61804,17,final_d17_open,0,17,open,1.0,1.9199999999999997
1.92,48,44.644927,17,final_d17_closed,0,17,closed,0.0,1.9199999999999997
2.58,42,44.667814,17,final_d15_open,0,15,open,1.0,2.5799999999999996
2.14,46,44.913634,17,final_d17_open,0,17,open,1.0,2.1399999999999997
-4.65,45,44.93889,17,final_d15_closed,0,15,closed,0.0,-4.649999999999998
2.58,42,44.962768,17,final_d15_open,0,15,open,1.0,2.5799999999999996
4.14,36,44.983524,17,d15_direct,2,15,open,1.0,4.140000000000002
2.58,42,45.007234,17,final_d15_open,0,15,open,1.0,2.5799999999999996
4.02,48,45.034177,17,d19_detour,2,19,closed,0.0,4.020000000000003
2.58,42,45.05765,17,final_d15_open,0,15,open,1.0,2.5799999999999996
-4.65,45,45.083117,17,final_d15_closed,0,15,closed,0.0,-4.649999999999998
3.48,42,45.107375,17,d17_medium,2,17,closed,0.0,3.480000000000002
0.1,55,45.138321,17,final_d19_closed,0,19,closed,0.0,0.09999999999999964
2.46,54,45.168254,17,final_d19_closed,0,19,closed,0.0,2.4599999999999995
4.14,36,45.189026,17,d15_direct,2,15,open,1.0,4.140000000000002
-4.75,45,45.21363,17,final_d15_closed,0,15,closed,0.0,-4.75
4.02,48,45.241203,17,d19_detour,2,19,closed,0.0,4.020000000000003
2.58,42,45.263685,17,final_d15_open,0,15,open,1.0,2.5799999999999996
-0.23,53,45.292504,17,final_d19_open,0,19,open,1.0,-0.22999999999999932
2.46,54,45.321913,17,final_d19_closed,0,19,closed,0.0,2.4599999999999995
2.1,50,45.348833,17,final_d19_open,0,19,open,1.0,2.0999999999999996
2.46,54,45.377947,17,final_d19_closed,0,19,closed,0.0,2.4599999999999995
4.14,36,45.398416,17,d15_direct,2,15,open,1.0,4.140000000000002
2.46,54,45.427856,17,final_d19_open,0,19,open,1.0,2.4599999999999995
2.46,54,45.456853,17,final_d19_closed,0,19,closed,0.0,2.4599999999999995
4.14,36,45.477216,17,d15_direct,2,15,open,1.0,4.140000000000002
3.48,42,45.501968,17,d17_medium,2,17,closed,0.0,3.480000000000002
4.14,36,45.522513,17,d15_direct,2,15,open,1.0,4.140000000000002
0.11,49,45.548847,17,final_d17_open,0,17,open,1.0,0.10999999999999965
3.48,42,45.572397,17,d17_medium,2,17,closed,0.0,3.480000000000002
0.08,47,45.598246,17,final_d17_open,0,17,open,1.0,0.07999999999999963
2.46,54,45.628964,17,final_d19_closed,0,19,closed,0.0,2.4599999999999995
2.4,55,45.658257,17,final_d19_open,0,19,open,1.0,2.3999999999999995
4.02,48,45.687233,17,d19_detour,2,19,closed,0.0,4.020000000000003
-4.8,45,45.710811,17,final_d15_closed,0,15,closed,0.0,-4.799999999999998
2.46,54,45.739387,17,final_d19_closed,0,19,closed,0.0,2.4599999999999995
1.92,48,45.764642,17,final_d17_open,0,17,open,1.0,1.9199999999999997
2.58,42,45.78716,17,final_d15_open,0,15,open,1.0,2.5799999999999996
1.92,48,45.812887,17,final_d17_closed,0,17,closed,0.0,1.9199999999999997
-0.26,56,45.842158,17,final_d19_open,0,19,open,1.0,-0.26000000000000045
-4.4,45,45.866104,17,final_d15_closed,0,15,closed,0.0,-4.399999999999997
3.48,42,45.88933,17,d17_medium,2,17,closed,0.0,3.480000000000002
2.46,54,45.917677,17,final_d19_closed,0,19,closed,0.0,2.4599999999999995
1.92,48,45.942896,17,final_d17_open,0,17,open,1.0,1.9199999999999997
3.48,42,45.966868,17,d17_medium,2,17,closed,0.0,3.480000000000002
3.96,49,45.993626,17,d19_detour,2,19,closed,0.0,3.9600000000000026
2.4,55,46.022621,17,final_d19_closed,0,19,closed,0.0,2.3999999999999995
3.48,42,46.260737,17,d17_medium,2,17,closed,0.0,3.480000000000002
2.28,52,46.288385,17,final_d19_open,0,19,open,1.0,2.2799999999999994
2.46,54,46.317017,17,final_d19_open,0,19,open,1.0,2.4599999999999995
2.46,54,46.346351,17,final_d19_closed,0,19,closed,0.0,2.4599999999999995
4.02,48,46.373205,17,d19_detour,2,19,closed,0.0,4.020000000000003
1.92,48,46.399054,17,final_d17_closed,0,17,closed,0.0,1.9199999999999997
-4.05,45,46.423231,17,final_d15_closed,0,15,closed,0.0,-4.049999999999997
-4.5,45,46.447347,17,final_d15_closed,0,15,closed,0.0,-4.5
-0.26,56,46.47765,17,final_d19_open,0,19,open,1.0,-0.26000000000000045
2.4,55,46.506818,17,final_d19_closed,0,19,closed,0.0,2.3999999999999995
4.02,48,46.533447,17,d19_detour,2,19,closed,0.0,4.020000000000003
4.02,48,46.56095,17,d19_detour,2,19,closed,0.0,4.020000000000003
0.32,43,46.58458,17,final_d15_open,0,15,open,1.0,0.3199999999999996
2.22,53,46.613677,17,final_d19_open,0,19,open,1.0,2.2199999999999998
-4.2,45,46.638673,17,final_d15_closed,0,15,closed,0.0,-4.1999999999999975
4.02,48,46.665506,17,d19_detour,2,19,closed,0.0,4.020000000000003
2.46,54,46.694271,17,final_d19_open,0,19,open,1.0,2.4599999999999995
2.58,42,46.71621,17,final_d15_open,0,15,open,1.0,2.5799999999999996
2.26,54,46.744769,17,final_d19_closed,0,19,closed,0.0,2.26
2.14,46,46.770614,17,final_d17_open,0,17,open,1.0,2.1399999999999997
2.14,46,46.795234,17,final_d17_open,0,17,open,1.0,2.1399999999999997
1.92,48,46.821138,17,final_d17_closed,0,17,closed,0.0,1.9199999999999997
0.15,55,46.854285,17,final_d19_open,0,19,open,1.0,0.14999999999999925
2.14,46,46.879579,17,final_d17_open,0,17,open,1.0,2.1399999999999997
2.52,43,46.902511,17,final_d15_open,0,15,open,1.0,2.5199999999999996
1.31,29,46.920679,17,d17_medium,2,17,closed,0.0,1.3099999999999998
2.58,42,46.943542,17,final_d15_open,0,15,open,1.0,2.5799999999999996
2.58,42,46.967085,17,final_d15_open,0,15,open,1.0,2.5799999999999996
4.02,48,46.994067,17,d19_detour,2,19,closed,0.0,4.020000000000003
3.48,42,47.018273,17,d17_medium,2,17,closed,0.0,3.480000000000002
2.46,54,47.048063,17,final_d19_closed,0,19,closed,0.0,2.4599999999999995
4.02,48,47.074865,17,d19_detour,2,19,closed,0.0,4.020000000000003
2.52,43,47.097466,17,final_d15_open,0,15,open,1.0,2.5199999999999996
4.14,36,47.117935,17,d15_direct,2,15,open,1.0,4.140000000000002
4.02,48,47.144472,17,d19_detour,2,19,closed,0.0,4.020000000000003
1.92,48,47.170506,17,final_d17_closed,0,17,closed,0.0,1.9199999999999997
2.46,54,47.200447,17,final_d19_closed,0,19,closed,0.0,2.4599999999999995
1.92,48,47.226398,17,final_d17_closed,0,17,closed,0.0,1.9199999999999997
1.92,48,47.252993,17,final_d17_open,0,17,open,1.0,1.9199999999999997
2.46,54,47.283046,17,final_d19_closed,0,19,closed,0.0,2.4599999999999995
1.92,48,47.310534,17,final_d17_closed,0,17,closed,0.0,1.9199999999999997
2.14,46,47.335658,17,final_d17_open,0,17,open,1.0,2.1399999999999997
3.48,42,47.360063,17,d17_medium,2,17,closed,0.0,3.480000000000002
3.48,42,47.599962,17,d17_medium,2,17,closed,0.0,3.480000000000002
2.46,54,47.631545,17,final_d19_open,0,19,open,1.0,2.4599999999999995
4.02,48,47.659746,17,d19_detour,2,19,closed,0.0,4.020000000000003
4.14,36,47.680539,17,d15_direct,2,15,open,1.0,4.140000000000002
2.4,55,47.710903,17,final_d19_open,0,19,open,1.0,2.3999999999999995
4.02,48,47.738499,17,d19_detour,2,19,closed,0.0,4.020000000000003
1.92,48,47.76466,17,final_d17_closed,0,17,closed,0.0,1.9199999999999997
-4.5,45,47.78942,17,final_d15_closed,0,15,closed,0.0,-4.4999999999999964
2.15,35,47.809426,17,d19_detour,2,19,closed,0.0,2.1500000000000004
-2.96,56,47.840548,17,final_d19_open,0,19,open,1.0,-2.9599999999999973
1.92,48,47.86733,17,final_d17_closed,0,17,closed,0.0,1.9199999999999997
2.46,54,47.896591,17,final_d19_open,0,19,open,1.0,2.4599999999999995
3.48,42,47.921158,17,d17_medium,2,17,closed,0.0,3.480000000000002
2.46,54,47.952042,17,final_d19_closed,0,19,closed,0.0,2.4599999999999995
1.31,29,47.9696,17,d17_medium,2,17,closed,0.0,1.3099999999999998
-4.8,45,47.995503,17,final_d15_closed,0,15,closed,0.0,-4.799999999999998
4.02,48,48.023586,17,d19_detour,2,19,closed,0.0,4.020000000000003
2.46,54,48.053176,17,final_d19_closed,0,19,closed,0.0,2.4599999999999995
1.92,48,48.080082,17,final_d17_closed,0,17,closed,0.0,1.9199999999999997
2.46,54,48.110327,17,final_d19_closed,0,19,closed,0.0,2.4599999999999995
4.02,48,48.138068,17,d19_detour,2,19,closed,0.0,4.020000000000003
4.14,36,48.160449,17,d15_direct,2,15,open,1.0,4.140000000000002
2.28,52,48.189654,17,final_d19_open,0,19,open,1.0,2.2799999999999994
4.14,36,48.211344,17,d15_direct,2,15,open,1.0,4.140000000000002
4.02,48,48.238587,17,d19_detour,2,19,closed,0.0,4.020000000000003
4.02,48,48.266065,17,d19_detour,2,19,closed,0.0,4.020000000000003
4.14,36,48.286637,17,d15_direct,2,15,open,1.0,4.140000000000002
4.14,36,48.307664,17,d15_direct,2,15,open,1.0,4.140000000000002
4.14,36,48.32935,17,d15_direct,2,15,open,1.0,4.140000000000002
2.08,52,48.358095,17,final_d19_open,0,19,open,1.0,2.0799999999999996
1.92,48,48.385472,17,final_d17_closed,0,17,closed,0.0,1.9199999999999997
-0.14,49,48.412899,17,final_d17_open,0,17,open,1.0,-0.14000000000000035
2.46,54,48.44347,17,final_d19_closed,0,19,closed,0.0,2.4599999999999995
4.02,48,48.471599,17,d19_detour,2,19,closed,0.0,4.020000000000003
4.02,48,48.49939,17,d19_detour,2,19,closed,0.0,4.020000000000003
1.92,48,48.526299,17,final_d17_closed,0,17,closed,0.0,1.9199999999999997
4.02,48,48.554431,17,d19_detour,2,19,closed,0.0,4.020000000000003
3.48,42,48.578906,17,d17_medium,2,17,closed,0.0,3.480000000000002
1.92,48,48.607269,17,final_d17_closed,0,17,closed,0.0,1.9199999999999997
4.02,48,48.635393,17,d19_detour,2,19,closed,0.0,4.020000000000003
4.14,36,48.656474,17,d15_direct,2,15,open,1.0,4.140000000000002
2.46,54,48.688288,17,final_d19_closed,0,19,closed,0.0,2.4599999999999995
4.02,48,48.717584,17,d19_detour,2,19,closed,0.0,4.020000000000003
3.96,49,48.745811,17,d19_detour,2,19,closed,0.0,3.9600000000000026
1.67,33,48.76502,17,d19_detour,2,19,closed,0.0,1.6699999999999997
2.1,40,49.006416,17,d19_detour,2,19,closed,0.0,2.1000000000000014
2.46,54,49.035099,17,final_d19_closed,0,19,closed,0.0,2.4599999999999995
2.58,42,49.058026,17,final_d15_open,0,15,open,1.0,2.5799999999999996
2.28,52,49.085463,17,final_d19_open,0,19,open,1.0,2.2799999999999994
2.58,42,49.107738,17,final_d15_open,0,15,open,1.0,2.5799999999999996
4.14,36,49.127634,17,d15_direct,2,15,open,1.0,4.140000000000002
1.92,48,49.154246,17,final_d17_closed,0,17,closed,0.0,1.9199999999999997
4.02,48,49.180657,17,d19_detour,2,19,closed,0.0,4.020000000000003
2.4,55,49.210065,17,final_d19_closed,0,19,closed,0.0,2.3999999999999995
2.14,46,49.234545,17,final_d17_open,0,17,open,1.0,2.1399999999999997
2.14,46,49.259607,17,final_d17_open,0,17,open,1.0,2.1399999999999997
-4.65,45,49.2839,17,final_d15_closed,0,15,closed,0.0,-4.649999999999998
2.58,42,49.306225,17,final_d15_open,0,15,open,1.0,2.5799999999999996
2.36,44,49.329954,17,final_d17_open,0,17,open,1.0,2.3599999999999994
4.02,48,49.357105,17,d19_detour,2,19,closed,0.0,4.020000000000003
4.14,36,49.377003,17,d15_direct,2,15,open,1.0,4.140000000000002
0.08,47,49.402013,17,final_d17_open,0,17,open,1.0,0.07999999999999963
2.46,54,49.430635,17,final_d19_open,0,19,open,1.0,2.4599999999999995
3.48,42,49.45413,17,d17_medium,2,17,closed,0.0,3.480000000000002
3.48,42,49.477803,17,d17_medium,2,17,closed,0.0,3.480000000000002
4.02,48,49.504971,17,d19_detour,2,19,closed,0.0,4.020000000000003
1.92,48,49.531821,17,final_d17_closed,0,17,closed,0.0,1.9199999999999997
4.14,36,49.552031,17,d15_direct,2,15,open,1.0,4.140000000000002
4.14,36,49.572078,17,d15_direct,2,15,open,1.0,4.140000000000002
1.92,48,49.598022,17,final_d17_open,0,17,open,1.0,1.9199999999999997
1.92,48,49.623914,17,final_d17_closed,0,17,closed,0.0,1.9199999999999997
2.46,54,49.653386,17,final_d19_closed,0,19,closed,0.0,2.4599999999999995
3.48,42,49.676949,17,d17_medium,2,17,closed,0.0,3.480000000000002
4.14,36,49.697188,17,d15_direct,2,15,open,1.0,4.140000000000002
2.14,46,49.721812,17,final_d17_open,0,17,open,1.0,2.1399999999999997
2.46,54,49.753238,17,final_d19_closed,0,19,closed,0.0,2.4599999999999995
4.14,36,49.773429,17,d15_direct,2,15,open,1.0,4.140000000000002
2.14,46,49.798487,17,final_d17_open,0,17,open,1.0,2.1399999999999997
2.58,42,49.821658,17,final_d15_open,0,15,open,1.0,2.5799999999999996
2.46,54,49.850943,17,final_d19_closed,0,19,closed,0.0,2.4599999999999995
2.46,54,49.879065,17,final_d19_open,0,19,open,1.0,2.4599999999999995
4.02,48,49.905462,17,d19_detour,2,19,closed,0.0,4.020000000000003
2.14,46,49.930211,17,final_d17_open,0,17,open,1.0,2.1399999999999997
-5.0,45,49.955415,17,final_d15_closed,0,15,closed,0.0,-5.0
-5.0,45,49.979796,17,final_d15_closed,0,15,closed,0.0,-5.0
3.48,42,50.003738,17,d17_medium,2,17,closed,0.0,3.480000000000002
-5.0,45,50.028317,17,final_d15_closed,0,15,closed,0.0,-5.0
2.58,42,50.050963,17,final_d15_open,0,15,open,1.0,2.5799999999999996
3.48,42,50.074089,17,d17_medium,2,17,closed,0.0,3.480000000000002
1.92,48,50.099343,17,final_d17_closed,0,17,closed,0.0,1.9199999999999997
3.48,42,50.339591,17,d17_medium,2,17,closed,0.0,3.480000000000002
4.14,36,50.359428,17,d15_direct,2,15,open,1.0,4.140000000000002
1.92,48,50.385034,17,final_d17_open,0,17,open,1.0,1.9199999999999997
2.58,42,50.407263,17,final_d15_open,0,15,open,1.0,2.5799999999999996
1.92,48,50.433037,17,final_d17_closed,0,17,closed,0.0,1.9199999999999997
1.92,48,50.458999,17,final_d17_closed,0,17,closed,0.0,1.9199999999999997
3.48,42,50.48274,17,d17_medium,2,17,closed,0.0,3.480000000000002
4.02,48,50.50925,17,d19_detour,2,19,closed,0.0,4.020000000000003
2.46,54,50.537846,17,final_d19_open,0,19,open,1.0,2.4599999999999995
2.58,42,50.560142,17,final_d15_open,0,15,open,1.0,2.5799999999999996
1.92,48,50.586091,17,final_d17_closed,0,17,closed,0.0,1.9199999999999997
4.08,37,50.606517,17,d15_direct,2,15,open,1.0,4.080000000000002
3.48,42,50.630066,17,d17_medium,2,17,closed,0.0,3.480000000000002
-5.0,45,50.654237,17,final_d15_closed,0,15,closed,0.0,-5.0
4.14,36,50.674199,17,d15_direct,2,15,open,1.0,4.140000000000002
1.92,48,50.699946,17,final_d17_closed,0,17,closed,0.0,1.9199999999999997
-5.0,45,50.724016,17,final_d15_closed,0,15,closed,0.0,-5.0
1.67,33,50.743278,17,d19_detour,2,19,closed,0.0,1.6699999999999997
-4.9,45,50.767975,17,final_d15_closed,0,15,closed,0.0,-4.9
2.46,54,50.796534,17,final_d19_closed,0,19,closed,0.0,2.4599999999999995
2.46,54,50.825511,17,final_d19_open,0,19,open,1.0,2.4599999999999995
-0.25,55,50.855685,17,final_d19_open,0,19,open,1.0,-0.2500000000000011
2.58,42,50.878721,17,final_d15_open,0,15,open,1.0,2.5799999999999996
2.58,42,50.901728,17,final_d15_open,0,15,open,1.0,2.5799999999999996
2.46,54,50.931043,17,final_d19_open,0,19,open,1.0,2.4599999999999995
2.58,42,50.953544,17,final_d15_open,0,15,open,1.0,2.5799999999999996
2.52,43,50.976806,17,final_d15_open,0,15,open,1.0,2.5199999999999996
3.48,42,51.000307,17,d17_medium,2,17,closed,0.0,3.480000000000002
-4.7,45,51.025325,17,final_d15_closed,0,15,closed,0.0,-4.699999999999999
1.75,25,51.039668,17,d15_direct,2,15,open,1.0,1.7499999999999998
2.46,54,51.069015,17,final_d19_open,0,19,open,1.0,2.4599999999999995
1.92,48,51.094685,17,final_d17_open,0,17,open,1.0,1.9199999999999997
4.14,36,51.115334,17,d15_direct,2,15,open,1.0,4.140000000000002
-4.65,45,51.140476,17,final_d15_closed,0,15,closed,0.0,-4.65
2.58,42,51.163408,17,final_d15_open,0,15,open,1.0,2.5799999999999996
4.02,48,51.190965,17,d19_detour,2,19,closed,0.0,4.020000000000003
1.92,48,51.217586,17,final_d17_open,0,17,open,1.0,1.9199999999999997
4.14,36,51.237949,17,d15_direct,2,15,open,1.0,4.140000000000002
-4.5,45,51.262277,17,final_d15_closed,0,15,closed,0.0,-4.5
1.92,48,51.288217,17,final_d17_closed,0,17,closed,0.0,1.9199999999999997
2.58,42,51.310478,17,final_d15_open,0,15,open,1.0,2.5799999999999996
2.46,54,51.340299,17,final_d19_open,0,19,open,1.0,2.4599999999999995
2.46,54,51.368932,17,final_d19_closed,0,19,closed,0.0,2.4599999999999995
2.46,54,51.397349,17,final_d19_closed,0,19,closed,0.0,2.4599999999999995
1.92,48,51.422816,17,final_d17_open,0,17,open,1.0,1.9199999999999997
-4.7,45,51.660921,17,final_d15_closed,0,15,closed,0.0,-4.700000000000001
-4.35,45,51.685698,17,final_d15_closed,0,15,closed,0.0,-4.349999999999998
2.58,42,51.708341,17,final_d15_open,0,15,open,1.0,2.5799999999999996
3.48,42,51.73226,17,d17_medium,2,17,closed,0.0,3.480000000000002
4.02,48,51.759128,17,d19_detour,2,19,closed,0.0,4.020000000000003
2.58,42,51.783223,17,final_d15_open,0,15,open,1.0,2.5799999999999996
0.11,49,51.809774,17,final_d17_open,0,17,open,1.0,0.10999999999999988
2.58,42,51.832551,17,final_d15_open,0,15,open,1.0,2.5799999999999996
2.14,46,51.858429,17,final_d17_open,0,17,open,1.0,2.1399999999999997
-1.9,50,51.88545,17,final_d17_open,0,17,open,1.0,-1.9000000000000006
2.26,54,51.914894,17,final_d19_closed,0,19,closed,0.0,2.26
2.46,54,51.944183,17,final_d19_closed,0,19,closed,0.0,2.4599999999999995
-4.8,45,51.968653,17,final_d15_closed,0,15,closed,0.0,-4.800000000000001
1.92,48,51.994995,17,final_d17_closed,0,17,closed,0.0,1.9199999999999997
1.92,48,52.022481,17,final_d17_closed,0,17,closed,0.0,1.9199999999999997
4.14,36,52.042951,17,d15_direct,2,15,open,1.0,4.140000000000002
2.28,52,52.070919,17,final_d19_open,0,19,open,1.0,2.2799999999999994
4.02,48,52.097852,17,d19_detour,2,19,closed,0.0,4.020000000000003
3.48,42,52.121684,17,d17_medium,2,17,closed,0.0,3.480000000000002
-0.4,55,52.151577,17,final_d19_closed,0,19,closed,0.0,-0.40000000000000036
3.48,42,52.175437,17,d17_medium,2,17,closed,0.0,3.480000000000002
2.58,42,52.198282,17,final_d15_open,0,15,open,1.0,2.5799999999999996
4.02,48,52.225175,17,d19_detour,2,19,closed,0.0,4.020000000000003
-4.7,45,52.249838,17,final_d15_closed,0,15,closed,0.0,-4.699999999999999
2.58,42,52.273013,17,final_d15_open,0,15,open,1.0,2.5799999999999996
4.02,48,52.299992,17,d19_detour,2,19,closed,0.0,4.020000000000003
-0.31,56,52.33107,17,final_d19_open,0,19,open,1.0,-0.3099999999999994
1.92,48,52.357737,17,final_d17_closed,0,17,closed,0.0,1.9199999999999997
2.28,52,52.386097,17,final_d19_open,0,19,open,1.0,2.2799999999999994
1.92,48,52.412437,17,final_d17_closed,0,17,closed,0.0,1.9199999999999997
2.46,54,52.441573,17,final_d19_closed,0,19,closed,0.0,2.4599999999999995
2.15,35,52.46128,17,d19_detour,2,19,closed,0.0,2.1500000000000004
3.48,42,52.485109,17,d17_medium,2,17,closed,0.0,3.480000000000002
3.48,42,52.508967,17,d17_medium,2,17,closed,0.0,3.480000000000002
1.92,48,52.535214,17,final_d17_open,0,17,open,1.0,1.9199999999999997
-5.1,45,52.560343,17,final_d15_closed,0,15,closed,0.0,-5.1
2.14,46,52.585519,17,final_d17_open,0,17,open,1.0,2.1399999999999997
2.58,42,52.608192,17,final_d15_open,0,15,open,1.0,2.5799999999999996
2.46,54,52.637383,17,final_d19_open,0,19,open,1.0,2.4599999999999995
1.92,48,52.664151,17,final_d17_closed,0,17,closed,0.0,1.9199999999999997
2.46,54,52.693767,17,final_d19_closed,0,19,closed,0.0,2.4599999999999995
-4.4,45,52.718538,17,final_d15_closed,0,15,closed,0.0,-4.399999999999998
2.46,54,52.746967,17,final_d19_open,0,19,open,1.0,2.4599999999999995
4.14,36,52.768186,17,d15_direct,2,15,open,1.0,4.140000000000002
2.46,54,53.016051,17,final_d19_closed,0,19,closed,0.0,2.4599999999999995
4.02,48,53.043269,17,d19_detour,2,19,closed,0.0,4.020000000000003
4.14,36,53.063687,17,d15_direct,2,15,open,1.0,4.140000000000002
1.92,48,53.090302,17,final_d17_closed,0,17,closed,0.0,1.9199999999999997
4.02,48,53.117611,17,d19_detour,2,19,closed,0.0,4.020000000000003
2.58,42,53.13994,17,final_d15_open,0,15,open,1.0,2.5799999999999996
3.48,42,53.163508,17,d17_medium,2,17,closed,0.0,3.480000000000002
2.58,42,53.18586,17,final_d15_open,0,15,open,1.0,2.5799999999999996
1.92,48,53.211905,17,final_d17_open,0,17,open,1.0,1.9199999999999997
2.46,54,53.252069,17,final_d19_open,0,19,open,1.0,2.4599999999999995
2.46,54,53.28977,17,final_d19_closed,0,19,closed,0.0,2.4599999999999995
4.14,36,53.310183,17,d15_direct,2,15,open,1.0,4.140000000000002
2.14,46,53.336726,17,final_d17_open,0,17,open,1.0,2.1399999999999997
-5.1,45,53.362025,17,final_d15_closed,0,15,closed,0.0,-5.1
4.02,48,53.388369,17,d19_detour,2,19,closed,0.0,4.020000000000003
4.14,36,53.408669,17,d15_direct,2,15,open,1.0,4.140000000000002
3.48,42,53.432177,17,d17_medium,2,17,closed,0.0,3.480000000000002
2.58,42,53.45457,17,final_d15_open,0,15,open,1.0,2.5799999999999996
2.46,54,53.483112,17,final_d19_open,0,19,open,1.0,2.4599999999999995
4.02,48,53.510498,17,d19_detour,2,19,closed,0.0,4.020000000000003
2.46,54,53.539414,17,final_d19_closed,0,19,closed,0.0,2.4599999999999995
4.14,36,53.562017,17,d15_direct,2,15,open,1.0,4.140000000000002
1.92,48,53.588438,17,final_d17_closed,0,17,closed,0.0,1.9199999999999997
4.02,48,53.63001,17,d19_detour,2,19,closed,0.0,4.020000000000003
3.96,49,53.657616,17,d19_detour,2,19,closed,0.0,3.9600000000000026
2.46,54,53.687413,17,final_d19_closed,0,19,closed,0.0,2.4599999999999995
2.46,54,53.716622,17,final_d19_open,0,19,open,1.0,2.4599999999999995
2.46,54,53.745604,17,final_d19_closed,0,19,closed,0.0,2.4599999999999995
-4.7,45,53.769873,17,final_d15_closed,0,15,closed,0.0,-4.699999999999999
-0.09,49,53.796273,17,final_d17_open,0,17,open,1.0,-0.0900000000000003
1.92,48,53.822747,17,final_d17_closed,0,17,closed,0.0,1.9199999999999997
2.58,42,53.845631,17,final_d15_open,0,15,open,1.0,2.5799999999999996
2.46,54,53.875139,17,final_d19_open,0,19,open,1.0,2.4599999999999995
1.92,48,53.901952,17,final_d17_closed,0,17,closed,0.0,1.9199999999999997
-0.2,55,53.931065,17,final_d19_open,0,19,open,1.0,-0.20000000000000107
-4.4,45,53.955227,17,final_d15_closed,0,15,closed,0.0,-4.399999999999997
2.14,46,53.980203,17,final_d17_open,0,17,open,1.0,2.1399999999999997
1.92,48,54.006936,17,final_d17_closed,0,17,closed,0.0,1.9199999999999997
1.92,48,54.033159,17,final_d17_closed,0,17,closed,0.0,1.9199999999999997
1.92,48,54.060902,17,final_d17_closed,0,17,closed,0.0,1.9199999999999997
1.92,48,54.086799,17,final_d17_open,0,17,open,1.0,1.9199999999999997
2.46,54,54.116554,17,final_d19_open,0,19,open,1.0,2.4599999999999995
2.46,54,54.145029,17,final_d19_closed,0,19,closed,0.0,2.4599999999999995
4.02,48,54.39211,17,d19_detour,2,19,closed,0.0,4.020000000000003
4.02,48,54.418597,17,d19_detour,2,19,closed,0.0,4.020000000000003
0.11,49,54.445473,17,final_d17_closed,0,17,closed,0.0,0.10999999999999965
-4.75,45,54.471777,17,final_d15_closed,0,15,closed,0.0,-4.749999999999998
1.92,48,54.498266,17,final_d17_closed,0,17,closed,0.0,1.9199999999999997
2.46,54,54.528294,17,final_d19_closed,0,19,closed,0.0,2.4599999999999995
2.58,42,54.551461,17,final_d15_open,0,15,open,1.0,2.5799999999999996
1.31,29,54.568793,17,d17_medium,2,17,closed,0.0,1.3099999999999998
4.14,36,54.589407,17,d15_direct,2,15,open,1.0,4.140000000000002
2.46,54,54.618188,17,final_d19_open,0,19,open,1.0,2.4599999999999995
2.46,54,54.64754,17,final_d19_closed,0,19,closed,0.0,2.4599999999999995
4.02,48,54.674066,17,d19_detour,2,19,closed,0.0,4.020000000000003
4.02,48,54.700999,17,d19_detour,2,19,closed,0.0,4.020000000000003
2.58,42,54.723391,17,final_d15_open,0,15,open,1.0,2.5799999999999996
4.02,48,54.750453,17,d19_detour,2,19,closed,0.0,4.020000000000003
1.92,48,54.776714,17,final_d17_closed,0,17,closed,0.0,1.9199999999999997
2.46,54,54.805555,17,final_d19_open,0,19,open,1.0,2.4599999999999995
4.14,36,54.825641,17,d15_direct,2,15,open,1.0,4.140000000000002
1.92,48,54.852121,17,final_d17_closed,0,17,closed,0.0,1.9199999999999997
2.46,54,54.881215,17,final_d19_closed,0,19,closed,0.0,2.4599999999999995
2.58,42,54.905213,17,final_d15_open,0,15,open,1.0,2.5799999999999996
3.48,42,54.928501,17,d17_medium,2,17,closed,0.0,3.480000000000002
2.58,42,54.950828,17,final_d15_open,0,15,open,1.0,2.5799999999999996
4.02,48,54.977304,17,d19_detour,2,19,closed,0.0,4.020000000000003
2.4,55,55.006395,17,final_d19_open,0,19,open,1.0,2.3999999999999995
2.58,42,55.029165,17,final_d15_open,0,15,open,1.0,2.5799999999999996
2.58,42,55.052895,17,final_d15_open,0,15,open,1.0,2.5799999999999996
-2.26,56,55.082874,17,final_d19_open,0,19,open,1.0,-2.2600000000000007
2.58,42,55.105393,17,final_d15_open,0,15,open,1.0,2.5799999999999996
-5.1,45,55.129445,17,final_d15_closed,0,15,closed,0.0,-5.1
1.92,48,55.155042,17,final_d17_open,0,17,open,1.0,1.9199999999999997
4.14,36,55.175038,17,d15_direct,2,15,open,1.0,4.140000000000002
2.46,54,55.203853,17,final_d19_closed,0,19,closed,0.0,2.4599999999999995
1.92,48,55.229724,17,final_d17_closed,0,17,closed,0.0,1.9199999999999997
2.15,35,55.24941,17,d19_detour,2,19,closed,0.0,2.1499999999999995
4.14,36,55.269367,17,d15_direct,2,15,open,1.0,4.140000000000002
2.46,54,55.298038,17,final_d19_open,0,19,open,1.0,2.4599999999999995
3.48,42,55.322531,17,d17_medium,2,17,closed,0.0,3.480000000000002
2.46,54,55.353533,17,final_d19_closed,0,19,closed,0.0,2.4599999999999995
1.92,48,55.3788,17,final_d17_open,0,17,open,1.0,1.9199999999999997
3.48,42,55.403005,17,d17_medium,2,17,closed,0.0,3.480000000000002
2.58,42,55.425035,17,final_d15_open,0,15,open,1.0,2.5799999999999996
2.58,42,55.446737,17,final_d15_open,0,15,open,1.0,2.5799999999999996
2.46,54,55.474926,17,final_d19_open,0,19,open,1.0,2.4599999999999995
1.92,48,55.500938,17,final_d17_closed,0,17,closed,0.0,1.9199999999999997
0.13,47,55.779705,17,final_d17_open,0,17,open,1.0,0.12999999999999967
-4.75,45,55.804314,17,final_d15_closed,0,15,closed,0.0,-4.75
1.92,48,55.829938,17,final_d17_open,0,17,open,1.0,1.9199999999999997
3.48,42,55.854836,17,d17_medium,2,17,closed,0.0,3.480000000000002
-4.4,45,55.880298,17,final_d15_closed,0,15,closed,0.0,-4.399999999999997
2.58,42,55.903769,17,final_d15_open,0,15,open,1.0,2.5799999999999996
3.48,42,55.928271,17,d17_medium,2,17,closed,0.0,3.480000000000002
2.46,54,55.958018,17,final_d19_closed,0,19,closed,0.0,2.4599999999999995
-0.43,53,55.986246,17,final_d19_open,0,19,open,1.0,-0.43000000000000105
1.92,48,56.011989,17,final_d17_closed,0,17,closed,0.0,1.9199999999999997
4.02,48,56.038543,17,d19_detour,2,19,closed,0.0,4.020000000000003
-4.4,45,56.062754,17,final_d15_closed,0,15,closed,0.0,-4.399999999999997
3.48,42,56.087391,17,d17_medium,2,17,closed,0.0,3.480000000000002
3.48,42,56.111004,17,d17_medium,2,17,closed,0.0,3.480000000000002
-1.75,50,56.137499,17,final_d17_open,0,17,open,1.0,-1.7500000000000004
3.48,42,56.161866,17,d17_medium,2,17,closed,0.0,3.480000000000002
1.67,33,56.181916,17,d19_detour,2,19,closed,0.0,1.6699999999999997
3.48,42,56.205157,17,d17_medium,2,17,closed,0.0,3.480000000000002
-0.0,55,56.23578,17,final_d19_open,0,19,open,1.0,-8.881784197001252e-16
1.92,48,56.261511,17,final_d17_closed,0,17,closed,0.0,1.9199999999999997
-4.4,45,56.285707,17,final_d15_closed,0,15,closed,0.0,-4.399999999999998
2.58,42,56.307823,17,final_d15_open,0,15,open,1.0,2.5799999999999996
3.48,42,56.33151,17,d17_medium,2,17,closed,0.0,3.480000000000002
2.58,42,56.35422,17,final_d15_open,0,15,open,1.0,2.5799999999999996
0.06,49,56.380519,17,final_d17_open,0,17,open,1.0,0.05999999999999961
3.48,42,56.40477,17,d17_medium,2,17,closed,0.0,3.480000000000002
1.92,48,56.431887,17,final_d17_closed,0,17,closed,0.0,1.9199999999999997
2.46,54,56.461138,17,final_d19_closed,0,19,closed,0.0,2.4599999999999995
3.48,42,56.488542,17,d17_medium,2,17,closed,0.0,3.480000000000002
4.02,48,56.519901,17,d19_detour,2,19,closed,0.0,4.020000000000003
4.14,36,56.540419,17,d15_direct,2,15,open,1.0,4.140000000000002
1.92,48,56.568054,17,final_d17_open,0,17,open,1.0,1.9199999999999997
2.1,50,56.595581,17,final_d19_open,0,19,open,1.0,2.0999999999999996
2.46,54,56.624576,17,final_d19_closed,0,19,closed,0.0,2.4599999999999995
2.58,42,56.646697,17,final_d15_open,0,15,open,1.0,2.5799999999999996
3.48,42,56.671756,17,d17_medium,2,17,closed,0.0,3.480000000000002
3.48,42,56.696743,17,d17_medium,2,17,closed,0.0,3.480000000000002
2.46,54,56.726795,17,final_d19_closed,0,19,closed,0.0,2.4599999999999995
1.92,48,56.752573,17,final_d17_closed,0,17,closed,0.0,1.9199999999999997
-4.45,45,56.776379,17,final_d15_closed,0,15,closed,0.0,-4.4499999999999975
-4.8,45,56.800637,17,final_d15_closed,0,15,closed,0.0,-4.800000000000001
-4.65,45,56.824592,17,final_d15_closed,0,15,closed,0.0,-4.65
1.92,48,56.851418,17,final_d17_closed,0,17,closed,0.0,1.9199999999999997
1.92,48,56.877,17,final_d17_closed,0,17,closed,0.0,1.9199999999999997
1.92,48,56.902584,17,final_d17_open,0,17,open,1.0,1.9199999999999997
-0.49,49,57.167562,17,final_d17_open,0,17,open,1.0,-0.4899999999999993
-4.9,45,57.192402,17,final_d15_closed,0,15,closed,0.0,-4.9
4.02,48,57.219113,17,d19_detour,2,19,closed,0.0,4.020000000000003
4.14,36,57.238879,17,d15_direct,2,15,open,1.0,4.140000000000002
2.14,46,57.264921,17,final_d17_open,0,17,open,1.0,2.1399999999999997
2.46,54,57.299283,17,final_d19_closed,0,19,closed,0.0,2.4599999999999995
-4.3,45,57.324894,17,final_d15_closed,0,15,closed,0.0,-4.299999999999999
1.92,48,57.350943,17,final_d17_closed,0,17,closed,0.0,1.9199999999999997
3.48,42,57.374597,17,d17_medium,2,17,closed,0.0,3.480000000000002
2.58,42,57.396902,17,final_d15_open,0,15,open,1.0,2.5799999999999996
-0.05,55,57.427053,17,final_d19_open,0,19,open,1.0,-0.05000000000000049
2.46,54,57.456289,17,final_d19_closed,0,19,closed,0.0,2.4599999999999995
-4.65,45,57.48157,17,final_d15_closed,0,15,closed,0.0,-4.65
3.48,42,57.505226,17,d17_medium,2,17,closed,0.0,3.480000000000002
0.32,43,57.527768,17,final_d15_open,0,15,open,1.0,0.3199999999999996
-5.0,45,57.553199,17,final_d15_closed,0,15,closed,0.0,-5.0
2.58,42,57.576375,17,final_d15_open,0,15,open,1.0,2.5799999999999996
2.14,46,57.603547,17,final_d17_open,0,17,open,1.0,2.1399999999999997
4.14,36,57.624326,17,d15_direct,2,15,open,1.0,4.140000000000002
-4.45,45,57.648559,17,final_d15_closed,0,15,closed,0.0,-4.449999999999999
-0.23,53,57.677715,17,final_d19_open,0,19,open,1.0,-0.23000000000000043
4.02,48,57.704396,17,d19_detour,2,19,closed,0.0,4.020000000000003
4.14,36,57.724066,17,d15_direct,2,15,open,1.0,4.140000000000002
-0.15,55,57.752988,17,final_d19_closed,0,19,closed,0.0,-0.15000000000000058
2.58,42,57.774986,17,final_d15_open,0,15,open,1.0,2.5799999999999996
0.11,49,57.801709,17,final_d17_open,0,17,open,1.0,0.10999999999999965
4.14,36,57.821708,17,d15_direct,2,15,open,1.0,4.140000000000002
4.14,36,57.84161,17,d15_direct,2,15,open,1.0,4.140000000000002
2.26,54,57.871013,17,final_d19_closed,0,19,closed,0.0,2.26
-0.25,55,57.901746,17,final_d19_open,0,19,open,1.0,-0.25000000000000044
-4.65,45,57.926186,17,final_d15_closed,0,15,closed,0.0,-4.65
1.75,25,57.940323,17,d15_direct,2,15,open,1.0,1.7499999999999998
2.28,52,57.967822,17,final_d19_open,0,19,open,1.0,2.2799999999999994
2.58,42,57.990204,17,final_d15_open,0,15,open,1.0,2.5799999999999996
-4.4,45,58.014252,17,final_d15_closed,0,15,closed,0.0,-4.4
2.46,54,58.04387,17,final_d19_closed,0,19,closed,0.0,2.4599999999999995
1.92,48,58.069884,17,final_d17_open,0,17,open,1.0,1.9199999999999997
2.58,42,58.092066,17,final_d15_open,0,15,open,1.0,2.5799999999999996
-0.05,55,58.121055,17,final_d19_open,0,19,open,1.0,-0.05000000000000093
4.02,48,58.147829,17,d19_detour,2,19,closed,0.0,4.020000000000003
2.58,42,58.170041,17,final_d15_open,0,15,open,1.0,2.5799999999999996
2.58,42,58.192295,17,final_d15_open,0,15,open,1.0,2.5799999999999996
4.14,36,58.212309,17,d15_direct,2,15,open,1.0,4.140000000000002
4.02,48,58.238585,17,d19_detour,2,19,closed,0.0,4.020000000000003
2.46,54,58.480384,17,final_d19_closed,0,19,closed,0.0,2.4599999999999995
-4.3,45,58.505867,17,final_d15_closed,0,15,closed,0.0,-4.299999999999998
2.58,42,58.529398,17,final_d15_open,0,15,open,1.0,2.5799999999999996
-4.4,45,58.55442,17,final_d15_closed,0,15,closed,0.0,-4.399999999999997
2.46,54,58.58456,17,final_d19_closed,0,19,closed,0.0,2.4599999999999995
2.58,42,58.607745,17,final_d15_open,0,15,open,1.0,2.5799999999999996
3.48,42,58.632134,17,d17_medium,2,17,closed,0.0,3.480000000000002
-0.25,55,58.662734,17,final_d19_closed,0,19,closed,0.0,-0.2500000000000011
-0.25,55,58.693199,17,final_d19_open,0,19,open,1.0,-0.24999999999999933
4.14,36,58.71401,17,d15_direct,2,15,open,1.0,4.140000000000002
-2.91,56,58.744232,17,final_d19_open,0,19,open,1.0,-2.9099999999999975
2.14,46,58.769754,17,final_d17_open,0,17,open,1.0,2.1399999999999997
4.14,36,58.789934,17,d15_direct,2,15,open,1.0,4.140000000000002
-0.43,53,58.818318,17,final_d19_open,0,19,open,1.0,-0.4300000000000004
2.46,54,58.847699,17,final_d19_open,0,19,open,1.0,2.4599999999999995
2.46,54,58.879422,17,final_d19_closed,0,19,closed,0.0,2.4599999999999995
-0.25,55,58.910806,17,final_d19_closed,0,19,closed,0.0,-0.25000000000000044
4.08,37,58.932281,17,d15_direct,2,15,open,1.0,4.080000000000002
3.48,42,58.956503,17,d17_medium,2,17,closed,0.0,3.480000000000002
3.48,42,58.980226,17,d17_medium,2,17,closed,0.0,3.480000000000002
2.46,54,59.009799,17,final_d19_open,0,19,open,1.0,2.4599999999999995
0.1,55,59.039828,17,final_d19_closed,0,19,closed,0.0,0.0999999999999992
-5.0,45,59.064917,17,final_d15_closed,0,15,closed,0.0,-5.0
3.96,49,59.092095,17,d19_detour,2,19,closed,0.0,3.9600000000000026
0.33,47,59.117683,17,final_d17_open,0,17,open,1.0,0.3299999999999996
4.14,36,59.138604,17,d15_direct,2,15,open,1.0,4.140000000000002
0.1,55,59.168963,17,final_d19_closed,0,19,closed,0.0,0.0999999999999992
2.58,42,59.191257,17,final_d15_open,0,15,open,1.0,2.5799999999999996
2.46,54,59.220371,17,final_d19_open,0,19,open,1.0,2.4599999999999995
2.58,42,59.24308,17,final_d15_open,0,15,open,1.0,2.5799999999999996
3.48,42,59.267394,17,d17_medium,2,17,closed,0.0,3.480000000000002
4.14,36,59.287731,17,d15_direct,2,15,open,1.0,4.140000000000002
-4.7,45,59.312337,17,final_d15_closed,0,15,closed,0.0,-4.6999999999999975
2.46,54,59.341829,17,final_d19_open,0,19,open,1.0,2.4599999999999995
2.46,54,59.371097,17,final_d19_open,0,19,open,1.0,2.4599999999999995
2.46,54,59.400367,17,final_d19_closed,0,19,closed,0.0,2.4599999999999995
1.92,48,59.426676,17,final_d17_closed,0,17,closed,0.0,1.9199999999999997
-2.91,56,59.457069,17,final_d19_open,0,19,open,1.0,-2.9099999999999975
2.58,42,59.480662,17,final_d15_open,0,15,open,1.0,2.5799999999999996
4.02,48,59.508292,17,d19_detour,2,19,closed,0.0,4.020000000000003
4.14,36,59.528943,17,d15_direct,2,15,open,1.0,4.140000000000002
1.67,33,59.548383,17,d19_detour,2,19,closed,0.0,1.6699999999999997
4.14,36,59.568973,17,d15_direct,2,15,open,1.0,4.140000000000002
2.14,46,59.595134,17,final_d17_open,0,17,open,1.0,2.1399999999999997
0.1,55,59.867623,17,final_d19_closed,0,19,closed,0.0,0.09999999999999942
2.58,42,59.891255,17,final_d15_open,0,15,open,1.0,2.5799999999999996
-0.25,55,59.921393,17,final_d19_open,0,19,open,1.0,-0.25000000000000044
-0.38,53,59.951495,17,final_d19_open,0,19,open,1.0,-0.38000000000000034
2.58,42,59.975688,17,final_d15_open,0,15,open,1.0,2.5799999999999996
2.58,42,59.999585,17,final_d15_open,0,15,open,1.0,2.5799999999999996
2.14,46,60.024588,17,final_d17_open,0,17,open,1.0,2.1399999999999997
-0.25,55,60.053758,17,final_d19_open,0,19,open,1.0,-0.24999999999999933
4.14,36,60.073797,17,d15_direct,2,15,open,1.0,4.140000000000002
-5.0,45,60.100055,17,final_d15_closed,0,15,closed,0.0,-5.0
1.07,43,60.127995,17,d17_medium,2,17,closed,0.0,1.0699999999999994
2.26,54,60.157575,17,final_d19_closed,0,19,closed,0.0,2.26
2.28,52,60.185352,17,final_d19_open,0,19,open,1.0,2.2799999999999994
4.14,36,60.205848,17,d15_direct,2,15,open,1.0,4.140000000000002
3.48,42,60.230342,17,d17_medium,2,17,closed,0.0,3.480000000000002
-4.8,45,60.259879,17,final_d15_closed,0,15,closed,0.0,-4.799999999999999
-0.54,49,60.289425,17,final_d17_closed,0,17,closed,0.0,-0.5400000000000003
0.1,55,60.320188,17,final_d19_closed,0,19,closed,0.0,0.09999999999999964
4.14,36,60.341017,17,d15_direct,2,15,open,1.0,4.140000000000002
-0.03,53,60.370647,17,final_d19_open,0,19,open,1.0,-0.03000000000000047
2.46,54,60.399566,17,final_d19_closed,0,19,closed,0.0,2.4599999999999995
2.4,55,60.428812,17,final_d19_open,0,19,open,1.0,2.3999999999999995
1.92,48,60.455953,17,final_d17_closed,0,17,closed,0.0,1.9199999999999997
4.14,36,60.476517,17,d15_direct,2,15,open,1.0,4.140000000000002
0.13,47,60.502426,17,final_d17_open,0,17,open,1.0,0.12999999999999967
2.58,42,60.524723,17,final_d15_open,0,15,open,1.0,2.5799999999999996
-0.25,55,60.554372,17,final_d19_open,0,19,open,1.0,-0.2500000000000011
3.48,42,60.577708,17,d17_medium,2,17,closed,0.0,3.480000000000002
2.58,42,60.599947,17,final_d15_open,0,15,open,1.0,2.5799999999999996
-5.1,45,60.623916,17,final_d15_closed,0,15,closed,0.0,-5.1
2.46,54,60.652618,17,final_d19_closed,0,19,closed,0.0,2.4599999999999995
1.92,48,60.678516,17,final_d17_closed,0,17,closed,0.0,1.9199999999999997
2.46,54,60.706939,17,final_d19_open,0,19,open,1.0,2.4599999999999995
4.02,48,60.733258,17,d19_detour,2,19,closed,0.0,4.020000000000003
2.36,44,60.757636,17,final_d17_open,0,17,open,1.0,2.3599999999999994
-4.75,45,60.782344,17,final_d15_closed,0,15,closed,0.0,-4.75
1.92,48,60.808076,17,final_d17_open,0,17,open,1.0,1.9199999999999997
4.02,48,60.834555,17,d19_detour,2,19,closed,0.0,4.020000000000003
2.46,54,60.865036,17,final_d19_closed,0,19,closed,0.0,2.4599999999999995
2.46,54,60.893785,17,final_d19_open,0,19,open,1.0,2.4599999999999995
2.14,46,60.9191,17,final_d17_open,0,17,open,1.0,2.1399999999999997
4.02,48,60.946154,17,d19_detour,2,19,closed,0.0,4.020000000000003
2.46,54,60.977303,17,final_d19_open,0,19,open,1.0,2.4599999999999995
4.14,36,60.997189,17,d15_direct,2,15,open,1.0,4.140000000000002
2.58,42,61.278145,17,final_d15_open,0,15,open,1.0,2.5799999999999996
3.48,42,61.302027,17,d17_medium,2,17,closed,0.0,3.480000000000002
4.14,36,61.322343,17,d15_direct,2,15,open,1.0,4.140000000000002
-5.1,45,61.348026,17,final_d15_closed,0,15,closed,0.0,-5.1
4.14,36,61.369411,17,d15_direct,2,15,open,1.0,4.140000000000002
2.46,54,61.398754,17,final_d19_open,0,19,open,1.0,2.4599999999999995
2.46,54,61.428156,17,final_d19_open,0,19,open,1.0,2.4599999999999995
3.48,42,61.451954,17,d17_medium,2,17,closed,0.0,3.480000000000002
-5.1,45,61.476642,17,final_d15_closed,0,15,closed,0.0,-5.1
4.14,36,61.497031,17,d15_direct,2,15,open,1.0,4.140000000000002
4.02,48,61.524261,17,d19_detour,2,19,closed,0.0,4.020000000000003
2.46,54,61.5534,17,final_d19_open,0,19,open,1.0,2.4599999999999995
4.14,36,61.574249,17,d15_direct,2,15,open,1.0,4.140000000000002
4.02,48,61.602898,17,d19_detour,2,19,closed,0.0,4.020000000000003
2.14,46,61.629056,17,final_d17_open,0,17,open,1.0,2.1399999999999997
3.48,42,61.65374,17,d17_medium,2,17,closed,0.0,3.480000000000002
1.92,48,61.681661,17,final_d17_closed,0,17,closed,0.0,1.9199999999999997
1.92,48,61.709603,17,final_d17_closed,0,17,closed,0.0,1.9199999999999997
-2.96,56,61.740242,17,final_d19_open,0,19,open,1.0,-2.96
1.92,48,61.766169,17,final_d17_open,0,17,open,1.0,1.9199999999999997
-4.7,45,61.791323,17,final_d15_closed,0,15,closed,0.0,-4.699999999999999
2.46,54,61.821013,17,final_d19_open,0,19,open,1.0,2.4599999999999995
2.58,42,61.843686,17,final_d15_open,0,15,open,1.0,2.5799999999999996
4.14,36,61.866347,17,d15_direct,2,15,open,1.0,4.140000000000002
4.14,36,61.888336,17,d15_direct,2,15,open,1.0,4.140000000000002
1.92,48,61.914665,17,final_d17_open,0,17,open,1.0,1.9199999999999997
2.58,42,61.938095,17,final_d15_open,0,15,open,1.0,2.5799999999999996
-5.0,45,61.963423,17,final_d15_closed,0,15,closed,0.0,-5.0
2.28,52,61.991788,17,final_d19_open,0,19,open,1.0,2.2799999999999994
-4.45,45,62.016551,17,final_d15_closed,0,15,closed,0.0,-4.449999999999999
2.52,43,62.03999,17,final_d15_open,0,15,open,1.0,2.5199999999999996
2.46,54,62.069313,17,final_d19_closed,0,19,closed,0.0,2.4599999999999995
2.46,54,62.098704,17,final_d19_closed,0,19,closed,0.0,2.4599999999999995
4.02,48,62.125736,17,d19_detour,2,19,closed,0.0,4.020000000000003
2.58,42,62.148665,17,final_d15_open,0,15,open,1.0,2.5799999999999996
1.92,48,62.175649,17,final_d17_closed,0,17,closed,0.0,1.9199999999999997
2.14,46,62.200773,17,final_d17_open,0,17,open,1.0,2.1399999999999997
1.92,48,62.22719,17,final_d17_closed,0,17,closed,0.0,1.9199999999999997
2.46,54,62.257284,17,final_d19_closed,0,19,closed,0.0,2.4599999999999995
2.58,42,62.280202,17,final_d15_open,0,15,open,1.0,2.5799999999999996
2.46,54,62.30955,17,final_d19_open,0,19,open,1.0,2.4599999999999995
0.13,47,62.335311,17,final_d17_open,0,17,open,1.0,0.12999999999999945
-0.49,49,62.362971,17,final_d17_closed,0,17,closed,0.0,-0.4900000000000009
1.92,48,62.390331,17,final_d17_closed,0,17,closed,0.0,1.9199999999999997
4.14,36,62.632202,17,d15_direct,2,15,open,1.0,4.140000000000002
0.1,55,62.662502,17,final_d19_closed,0,19,closed,0.0,0.0999999999999992
3.48,42,62.686501,17,d17_medium,2,17,closed,0.0,3.480000000000002
-4.8,45,62.711804,17,final_d15_closed,0,15,closed,0.0,-4.799999999999999
2.46,54,62.741581,17,final_d19_open,0,19,open,1.0,2.4599999999999995
-5.1,45,62.766333,17,final_d15_closed,0,15,closed,0.0,-5.1
1.92,48,62.792815,17,final_d17_closed,0,17,closed,0.0,1.9199999999999997
4.02,48,62.820642,17,d19_detour,2,19,closed,0.0,4.020000000000003
-4.8,45,62.845434,17,final_d15_closed,0,15,closed,0.0,-4.800000000000001
-4.7,45,62.870902,17,final_d15_closed,0,15,closed,0.0,-4.6999999999999975
-0.02,47,62.896262,17,final_d17_open,0,17,open,1.0,-0.02000000000000024
1.92,48,62.923261,17,final_d17_closed,0,17,closed,0.0,1.9199999999999997
3.48,42,62.947249,17,d17_medium,2,17,closed,0.0,3.480000000000002
2.58,42,62.970974,17,final_d15_open,0,15,open,1.0,2.5799999999999996
-5.0,45,62.995524,17,final_d15_closed,0,15,closed,0.0,-5.0
2.46,54,63.026465,17,final_d19_closed,0,19,closed,0.0,2.4599999999999995
2.46,54,63.055691,17,final_d19_closed,0,19,closed,0.0,2.4599999999999995
2.52,43,63.079007,17,final_d15_open,0,15,open,1.0,2.5199999999999996
4.02,48,63.105953,17,d19_detour,2,19,closed,0.0,4.020000000000003
4.02,48,63.133462,17,d19_detour,2,19,closed,0.0,4.020000000000003
1.92,48,63.159836,17,final_d17_closed,0,17,closed,0.0,1.9199999999999997
2.58,42,63.182525,17,final_d15_open,0,15,open,1.0,2.5799999999999996
2.46,54,63.211848,17,final_d19_closed,0,19,closed,0.0,2.4599999999999995
-4.45,45,63.236482,17,final_d15_closed,0,15,closed,0.0,-4.4499999999999975
2.46,54,63.266228,17,final_d19_closed,0,19,closed,0.0,2.4599999999999995
0.1,55,63.297231,17,final_d19_closed,0,19,closed,0.0,0.09999999999999964
-0.25,55,63.326654,17,final_d19_open,0,19,open,1.0,-0.25000000000000044
3.48,42,63.350215,17,d17_medium,2,17,closed,0.0,3.480000000000002
1.92,48,63.376462,17,final_d17_closed,0,17,closed,0.0,1.9199999999999997
2.46,54,63.404877,17,final_d19_open,0,19,open,1.0,2.4599999999999995
-4.5,45,63.429116,17,final_d15_closed,0,15,closed,0.0,-4.499999999999998
1.92,48,63.454995,17,final_d17_open,0,17,open,1.0,1.9199999999999997
1.92,48,63.481066,17,final_d17_closed,0,17,closed,0.0,1.9199999999999997
4.02,48,63.507902,17,d19_detour,2,19,closed,0.0,4.020000000000003
-0.54,49,63.535251,17,final_d17_closed,0,17,closed,0.0,-0.5399999999999996
1.92,48,63.56245,17,final_d17_closed,0,17,closed,0.0,1.9199999999999997
4.14,36,63.582939,17,d15_direct,2,15,open,1.0,4.140000000000002
2.58,42,63.605787,17,final_d15_open,0,15,open,1.0,2.5799999999999996
2.58,42,63.628615,17,final_d15_open,0,15,open,1.0,2.5799999999999996
2.46,54,63.657593,17,final_d19_open,0,19,open,1.0,2.4599999999999995
2.46,54,63.687202,17,final_d19_open,0,19,open,1.0,2.4599999999999995
2.46,54,63.716453,17,final_d19_open,0,19,open,1.0,2.4599999999999995
4.14,36,63.736477,17,d15_direct,2,15,open,1.0,4.140000000000002
1.92,48,64.00083,17,final_d17_closed,0,17,closed,0.0,1.9199999999999997
2.46,54,64.030039,17,final_d19_closed,0,19,closed,0.0,2.4599999999999995
-0.68,18,64.041625,17,d19_detour,2,19,closed,0.0,-0.6800000000000002
1.92,48,64.067867,17,final_d17_closed,0,17,closed,0.0,1.9199999999999997
3.48,42,64.091759,17,d17_medium,2,17,closed,0.0,3.480000000000002
2.46,54,64.120743,17,final_d19_open,0,19,open,1.0,2.4599999999999995
-4.7,45,64.154541,17,final_d15_closed,0,15,closed,0.0,-4.6999999999999975
1.92,48,64.183302,17,final_d17_open,0,17,open,1.0,1.9199999999999997
-4.7,45,64.208173,17,final_d15_closed,0,15,closed,0.0,-4.6999999999999975
3.48,42,64.232919,17,d17_medium,2,17,closed,0.0,3.480000000000002
2.46,54,64.262651,17,final_d19_closed,0,19,closed,0.0,2.4599999999999995
2.58,42,64.2861,17,final_d15_open,0,15,open,1.0,2.5799999999999996
2.46,54,64.316451,17,final_d19_closed,0,19,closed,0.0,2.4599999999999995
2.46,54,64.345507,17,final_d19_open,0,19,open,1.0,2.4599999999999995
4.02,48,64.372142,17,d19_detour,2,19,closed,0.0,4.020000000000003
1.86,49,64.400077,17,final_d17_closed,0,17,closed,0.0,1.8599999999999997
1.75,25,64.414818,17,d15_direct,2,15,open,1.0,1.7499999999999998
4.02,48,64.441859,17,d19_detour,2,19,closed,0.0,4.020000000000003
2.4,55,64.471821,17,final_d19_open,0,19,open,1.0,2.3999999999999995
1.92,48,64.497944,17,final_d17_open,0,17,open,1.0,1.9199999999999997
2.58,42,64.520725,17,final_d15_open,0,15,open,1.0,2.5799999999999996
-0.56,41,64.543772,17,d19_detour,2,19,closed,0.0,-0.5600000000000003
3.48,42,64.568481,17,d17_medium,2,17,closed,0.0,3.480000000000002
2.01,49,64.595952,17,d19_detour,2,19,closed,0.0,2.0100000000000033
1.75,25,64.610575,17,d15_direct,2,15,open,1.0,1.7499999999999998
2.46,54,64.644923,17,final_d19_closed,0,19,closed,0.0,2.4599999999999995
4.02,48,64.677329,17,d19_detour,2,19,closed,0.0,4.020000000000003
3.48,42,64.702144,17,d17_medium,2,17,closed,0.0,3.480000000000002
-4.45,45,64.726845,17,final_d15_closed,0,15,closed,0.0,-4.4499999999999975
-4.35,45,64.751427,17,final_d15_closed,0,15,closed,0.0,-4.35
4.02,48,64.777607,17,d19_detour,2,19,closed,0.0,4.020000000000003
1.92,48,64.803917,17,final_d17_closed,0,17,closed,0.0,1.9199999999999997
4.14,36,64.823729,17,d15_direct,2,15,open,1.0,4.140000000000002
1.92,48,64.851281,17,final_d17_closed,0,17,closed,0.0,1.9199999999999997
3.48,42,64.875198,17,d17_medium,2,17,closed,0.0,3.480000000000002
2.58,42,64.899553,17,final_d15_open,0,15,open,1.0,2.5799999999999996
0.45,55,64.931166,17,final_d19_closed,0,19,closed,0.0,0.44999999999999973
3.48,42,64.955215,17,d17_medium,2,17,closed,0.0,3.480000000000002
4.14,36,64.975772,17,d15_direct,2,15,open,1.0,4.140000000000002
2.46,54,65.009166,17,final_d19_open,0,19,open,1.0,2.4599999999999995
1.92,48,65.039559,17,final_d17_closed,0,17,closed,0.0,1.9199999999999997
0.12,43,65.062583,17,final_d15_open,0,15,open,1.0,0.11999999999999955
3.96,49,65.089582,17,d19_detour,2,19,closed,0.0,3.9600000000000026
2.46,54,65.118862,17,final_d19_open,0,19,open,1.0,2.4599999999999995
4.02,48,65.145885,17,d19_detour,2,19,closed,0.0,4.020000000000003
3.48,42,65.170287,17,d17_medium,2,17,closed,0.0,3.480000000000002
-5.0,45,65.44124,17,final_d15_closed,0,15,closed,0.0,-5.0
4.14,36,65.461848,17,d15_direct,2,15,open,1.0,4.140000000000002
4.02,48,65.488968,17,d19_detour,2,19,closed,0.0,4.020000000000003
1.92,48,65.51549,17,final_d17_closed,0,17,closed,0.0,1.9199999999999997
-4.65,45,65.540126,17,final_d15_closed,0,15,closed,0.0,-4.65
3.48,42,65.564128,17,d17_medium,2,17,closed,0.0,3.480000000000002
-4.1,45,65.58903,17,final_d15_closed,0,15,closed,0.0,-4.099999999999997
1.92,48,65.61607,17,final_d17_closed,0,17,closed,0.0,1.9199999999999997
2.46,54,65.646132,17,final_d19_closed,0,19,closed,0.0,2.4599999999999995
-5.1,45,65.671206,17,final_d15_closed,0,15,closed,0.0,-5.1
1.92,48,65.697534,17,final_d17_open,0,17,open,1.0,1.9199999999999997
2.46,54,65.727287,17,final_d19_closed,0,19,closed,0.0,2.4599999999999995
4.14,36,65.746839,17,d15_direct,2,15,open,1.0,4.140000000000002
2.58,42,65.768964,17,final_d15_open,0,15,open,1.0,2.5799999999999996
-4.8,45,65.792784,17,final_d15_closed,0,15,closed,0.0,-4.799999999999998
3.48,42,65.817555,17,d17_medium,2,17,closed,0.0,3.480000000000002
1.92,48,65.84428,17,final_d17_closed,0,17,closed,0.0,1.9199999999999997
2.58,42,65.867949,17,final_d15_open,0,15,open,1.0,2.5799999999999996
2.14,46,65.893027,17,final_d17_open,0,17,open,1.0,2.1399999999999997
3.48,42,65.916989,17,d17_medium,2,17,closed,0.0,3.480000000000002
2.46,54,65.946105,17,final_d19_open,0,19,open,1.0,2.4599999999999995
3.48,42,65.970037,17,d17_medium,2,17,closed,0.0,3.480000000000002
2.46,54,65.999238,17,final_d19_open,0,19,open,1.0,2.4599999999999995
4.02,48,66.026227,17,d19_detour,2,19,closed,0.0,4.020000000000003
4.02,48,66.053251,17,d19_detour,2,19,closed,0.0,4.020000000000003
1.92,48,66.079496,17,final_d17_open,0,17,open,1.0,1.9199999999999997
4.14,36,66.099975,17,d15_direct,2,15,open,1.0,4.140000000000002
2.14,46,66.125401,17,final_d17_open,0,17,open,1.0,2.1399999999999997
1.92,48,66.151721,17,final_d17_open,0,17,open,1.0,1.9199999999999997
2.58,42,66.174701,17,final_d15_open,0,15,open,1.0,2.5799999999999996
4.14,36,66.195252,17,d15_direct,2,15,open,1.0,4.140000000000002
2.46,54,66.22491,17,final_d19_closed,0,19,closed,0.0,2.4599999999999995
4.14,36,66.245492,17,d15_direct,2,15,open,1.0,4.140000000000002
4.14,36,66.26609,17,d15_direct,2,15,open,1.0,4.140000000000002
-4.1,45,66.290977,17,final_d15_closed,0,15,closed,0.0,-4.099999999999997
2.58,42,66.314681,17,final_d15_open,0,15,open,1.0,2.5799999999999996
4.14,36,66.336301,17,d15_direct,2,15,open,1.0,4.140000000000002
1.92,48,66.362765,17,final_d17_closed,0,17,closed,0.0,1.9199999999999997
2.46,54,66.392458,17,final_d19_open,0,19,open,1.0,2.4599999999999995
4.14,36,66.413078,17,d15_direct,2,15,open,1.0,4.140000000000002
2.52,43,66.437667,17,final_d15_open,0,15,open,1.0,2.5199999999999996
2.46,54,66.467396,17,final_d19_open,0,19,open,1.0,2.4599999999999995
-4.7,45,66.492143,17,final_d15_closed,0,15,closed,0.0,-4.6999999999999975
1.92,48,66.518163,17,final_d17_open,0,17,open,1.0,1.9199999999999997
1.92,48,66.543786,17,final_d17_closed,0,17,closed,0.0,1.9199999999999997
0.12,43,66.798549,17,final_d15_open,0,15,open,1.0,0.11999999999999955
1.92,48,66.825403,17,final_d17_closed,0,17,closed,0.0,1.9199999999999997
3.48,42,66.851344,17,d17_medium,2,17,closed,0.0,3.480000000000002
4.02,48,66.879003,17,d19_detour,2,19,closed,0.0,4.020000000000003
2.58,42,66.901124,17,final_d15_open,0,15,open,1.0,2.5799999999999996
1.92,48,66.927264,17,final_d17_closed,0,17,closed,0.0,1.9199999999999997
2.14,46,66.952849,17,final_d17_open,0,17,open,1.0,2.1399999999999997
2.28,52,66.980856,17,final_d19_open,0,19,open,1.0,2.2799999999999994
1.92,48,67.007122,17,final_d17_closed,0,17,closed,0.0,1.9199999999999997
4.02,48,67.034793,17,d19_detour,2,19,closed,0.0,4.020000000000003
2.2,55,67.064346,17,final_d19_open,0,19,open,1.0,2.1999999999999993
2.46,54,67.09239,17,final_d19_open,0,19,open,1.0,2.4599999999999995
1.92,48,67.117511,17,final_d17_open,0,17,open,1.0,1.9199999999999997
4.02,48,67.144184,17,d19_detour,2,19,closed,0.0,4.020000000000003
1.92,48,67.169646,17,final_d17_open,0,17,open,1.0,1.9199999999999997
1.92,48,67.195874,17,final_d17_closed,0,17,closed,0.0,1.9199999999999997
-4.6,45,67.220935,17,final_d15_closed,0,15,closed,0.0,-4.6
2.46,54,67.24999,17,final_d19_open,0,19,open,1.0,2.4599999999999995
2.58,42,67.272233,17,final_d15_open,0,15,open,1.0,2.5799999999999996
-4.3,45,67.298281,17,final_d15_closed,0,15,closed,0.0,-4.299999999999997
-4.7,45,67.322792,17,final_d15_closed,0,15,closed,0.0,-4.699999999999999
2.46,54,67.351685,17,final_d19_open,0,19,open,1.0,2.4599999999999995
2.46,54,67.383889,17,final_d19_open,0,19,open,1.0,2.4599999999999995
-4.9,45,67.408023,17,final_d15_closed,0,15,closed,0.0,-4.9
1.75,25,67.422973,17,d15_direct,2,15,open,1.0,1.7499999999999998
1.92,48,67.449148,17,final_d17_closed,0,17,closed,0.0,1.9199999999999997
2.14,46,67.4738,17,final_d17_open,0,17,open,1.0,2.1399999999999997
2.26,54,67.503058,17,final_d19_closed,0,19,closed,0.0,2.26
4.14,36,67.52374,17,d15_direct,2,15,open,1.0,4.140000000000002
2.46,54,67.552458,17,final_d19_closed,0,19,closed,0.0,2.4599999999999995
2.52,43,67.575424,17,final_d15_open,0,15,open,1.0,2.5199999999999996
2.46,54,67.60502,17,final_d19_open,0,19,open,1.0,2.4599999999999995
2.46,54,67.634322,17,final_d19_closed,0,19,closed,0.0,2.4599999999999995
4.02,48,67.66163,17,d19_detour,2,19,closed,0.0,4.020000000000003
-4.55,45,67.686845,17,final_d15_closed,0,15,closed,0.0,-4.55
3.48,42,67.716341,17,d17_medium,2,17,closed,0.0,3.480000000000002
2.46,54,67.746408,17,final_d19_closed,0,19,closed,0.0,2.4599999999999995
-4.9,45,67.770528,17,final_d15_closed,0,15,closed,0.0,-4.9
2.46,54,67.805569,17,final_d19_closed,0,19,closed,0.0,2.4599999999999995
1.92,48,67.833806,17,final_d17_closed,0,17,closed,0.0,1.9199999999999997
1.92,48,67.861583,17,final_d17_closed,0,17,closed,0.0,1.9199999999999997
-0.44,49,67.897269,17,final_d17_closed,0,17,closed,0.0,-0.44000000000000083
3.48,42,67.924281,17,d17_medium,2,17,closed,0.0,3.480000000000002
3.48,42,68.190278,17,d17_medium,2,17,closed,0.0,3.480000000000002
4.14,36,68.211073,17,d15_direct,2,15,open,1.0,4.140000000000002
3.48,42,68.236165,17,d17_medium,2,17,closed,0.0,3.480000000000002
2.46,54,68.265787,17,final_d19_open,0,19,open,1.0,2.4599999999999995
4.14,36,68.286685,17,d15_direct,2,15,open,1.0,4.140000000000002
2.58,42,68.309577,17,final_d15_open,0,15,open,1.0,2.5799999999999996
2.14,46,68.335577,17,final_d17_open,0,17,open,1.0,2.1399999999999997
2.46,54,68.365459,17,final_d19_closed,0,19,closed,0.0,2.4599999999999995
2.26,54,68.3964,17,final_d19_closed,0,19,closed,0.0,2.26
2.46,54,68.427093,17,final_d19_closed,0,19,closed,0.0,2.4599999999999995
2.46,54,68.45666,17,final_d19_open,0,19,open,1.0,2.4599999999999995
4.02,48,68.485137,17,d19_detour,2,19,closed,0.0,4.020000000000003
4.14,36,68.505694,17,d15_direct,2,15,open,1.0,4.140000000000002
2.46,54,68.536081,17,final_d19_open,0,19,open,1.0,2.4599999999999995
-4.8,45,68.560776,17,final_d15_closed,0,15,closed,0.0,-4.8
1.92,48,68.588414,17,final_d17_closed,0,17,closed,0.0,1.9199999999999997
2.28,52,68.619134,17,final_d19_open,0,19,open,1.0,2.2799999999999994
3.48,42,68.644291,17,d17_medium,2,17,closed,0.0,3.480000000000002
1.92,48,68.674407,17,final_d17_closed,0,17,closed,0.0,1.9199999999999997
2.1,40,68.699445,17,d19_detour,2,19,closed,0.0,2.0999999999999996
0.1,55,68.736451,17,final_d19_closed,0,19,closed,0.0,0.0999999999999992
-4.4,45,68.761913,17,final_d15_closed,0,15,closed,0.0,-4.3999999999999995
2.46,54,68.79131,17,final_d19_open,0,19,open,1.0,2.4599999999999995
1.92,48,68.817153,17,final_d17_open,0,17,open,1.0,1.9199999999999997
4.02,48,68.845892,17,d19_detour,2,19,closed,0.0,4.020000000000003
4.02,48,68.873139,17,d19_detour,2,19,closed,0.0,4.020000000000003
3.48,42,68.897507,17,d17_medium,2,17,closed,0.0,3.480000000000002
0.11,49,68.923905,17,final_d17_closed,0,17,closed,0.0,0.10999999999999988
2.46,54,68.953741,17,final_d19_closed,0,19,closed,0.0,2.4599999999999995
2.46,54,68.984132,17,final_d19_closed,0,19,closed,0.0,2.4599999999999995
3.48,42,69.007752,17,d17_medium,2,17,closed,0.0,3.480000000000002
2.46,54,69.037557,17,final_d19_open,0,19,open,1.0,2.4599999999999995
1.92,48,69.064919,17,final_d17_closed,0,17,closed,0.0,1.9199999999999997
3.48,42,69.08989,17,d17_medium,2,17,closed,0.0,3.480000000000002
-0.2,55,69.121542,17,final_d19_closed,0,19,closed,0.0,-0.20000000000000107
2.46,54,69.150826,17,final_d19_open,0,19,open,1.0,2.4599999999999995
-4.6,45,69.17509,17,final_d15_closed,0,15,closed,0.0,-4.599999999999998
2.46,54,69.204171,17,final_d19_closed,0,19,closed,0.0,2.4599999999999995
2.26,54,69.237251,17,final_d19_closed,0,19,closed,0.0,2.26
1.92,48,69.265034,17,final_d17_closed,0,17,closed,0.0,1.9199999999999997
1.92,48,69.291308,17,final_d17_closed,0,17,closed,0.0,1.9199999999999997
4.14,36,69.311437,17,d15_direct,2,15,open,1.0,4.140000000000002
1.92,48,69.339219,17,final_d17_open,0,17,open,1.0,1.9199999999999997
1.92,48,69.614826,17,final_d17_closed,0,17,closed,0.0,1.9199999999999997
3.48,42,69.638764,17,d17_medium,2,17,closed,0.0,3.480000000000002
-0.05,55,69.669282,17,final_d19_open,0,19,open,1.0,-0.05000000000000093
4.14,36,69.689624,17,d15_direct,2,15,open,1.0,4.140000000000002
3.48,42,69.713654,17,d17_medium,2,17,closed,0.0,3.480000000000002
1.92,48,69.739737,17,final_d17_closed,0,17,closed,0.0,1.9199999999999997
4.02,48,69.767273,17,d19_detour,2,19,closed,0.0,4.020000000000003
2.58,42,69.791187,17,final_d15_open,0,15,open,1.0,2.5799999999999996
2.46,54,69.819916,17,final_d19_closed,0,19,closed,0.0,2.4599999999999995
2.46,54,69.851994,17,final_d19_closed,0,19,closed,0.0,2.4599999999999995
2.58,42,69.875767,17,final_d15_open,0,15,open,1.0,2.5799999999999996
-4.4,45,69.90006,17,final_d15_closed,0,15,closed,0.0,-4.4
4.14,36,69.92063,17,d15_direct,2,15,open,1.0,4.140000000000002
4.14,36,69.942311,17,d15_direct,2,15,open,1.0,4.140000000000002
4.02,48,69.969003,17,d19_detour,2,19,closed,0.0,4.020000000000003
2.46,54,69.99812,17,final_d19_open,0,19,open,1.0,2.4599999999999995
1.92,48,70.024078,17,final_d17_closed,0,17,closed,0.0,1.9199999999999997
2.46,54,70.053374,17,final_d19_open,0,19,open,1.0,2.4599999999999995
2.46,54,70.082661,17,final_d19_closed,0,19,closed,0.0,2.4599999999999995
-4.45,45,70.107162,17,final_d15_closed,0,15,closed,0.0,-4.4499999999999975
4.02,48,70.134188,17,d19_detour,2,19,closed,0.0,4.020000000000003
2.46,54,70.163078,17,final_d19_closed,0,19,closed,0.0,2.4599999999999995
3.48,42,70.187113,17,d17_medium,2,17,closed,0.0,3.480000000000002
1.92,48,70.214019,17,final_d17_closed,0,17,closed,0.0,1.9199999999999997
2.46,54,70.244055,17,final_d19_open,0,19,open,1.0,2.4599999999999995
2.46,54,70.274091,17,final_d19_closed,0,19,closed,0.0,2.4599999999999995
2.28,52,70.304005,17,final_d19_open,0,19,open,1.0,2.2799999999999994
2.58,42,70.326376,17,final_d15_open,0,15,open,1.0,2.5799999999999996
2.58,42,70.349531,17,final_d15_open,0,15,open,1.0,2.5799999999999996
4.14,36,70.370932,17,d15_direct,2,15,open,1.0,4.140000000000002
2.58,42,70.393403,17,final_d15_open,0,15,open,1.0,2.5799999999999996
2.28,52,70.421488,17,final_d19_open,0,19,open,1.0,2.2799999999999994
4.02,48,70.448339,17,d19_detour,2,19,closed,0.0,4.020000000000003
-4.6,45,70.472402,17,final_d15_closed,0,15,closed,0.0,-4.6
4.14,36,70.492435,17,d15_direct,2,15,open,1.0,4.140000000000002
1.92,48,70.51896,17,final_d17_open,0,17,open,1.0,1.9199999999999997
4.14,36,70.539303,17,d15_direct,2,15,open,1.0,4.140000000000002
3.48,42,70.568973,17,d17_medium,2,17,closed,0.0,3.480000000000002
2.46,54,70.598668,17,final_d19_closed,0,19,closed,0.0,2.4599999999999995
2.46,54,70.627565,17,final_d19_closed,0,19,closed,0.0,2.4599999999999995
2.08,47,70.652794,17,final_d17_open,0,17,open,1.0,2.0799999999999996
3.48,42,70.677163,17,d17_medium,2,17,closed,0.0,3.480000000000002
1.92,48,70.70302,17,final_d17_open,0,17,open,1.0,1.9199999999999997
2.58,42,70.72676,17,final_d15_open,0,15,open,1.0,2.5799999999999996
4.14,36,70.747667,17,d15_direct,2,15,open,1.0,4.140000000000002
4.14,36,71.000293,17,d15_direct,2,15,open,1.0,4.140000000000002
2.46,54,71.029526,17,final_d19_open,0,19,open,1.0,2.4599999999999995
4.14,36,71.050443,17,d15_direct,2,15,open,1.0,4.140000000000002
-0.26,56,71.080017,17,final_d19_open,0,19,open,1.0,-0.2600000000000007
-0.27,47,71.106759,17,final_d17_open,0,17,open,1.0,-0.27000000000000046
1.92,48,71.133911,17,final_d17_closed,0,17,closed,0.0,1.9199999999999997
2.46,54,71.163329,17,final_d19_open,0,19,open,1.0,2.4599999999999995
1.67,33,71.186831,17,d19_detour,2,19,closed,0.0,1.6699999999999997
-4.65,45,71.212543,17,final_d15_closed,0,15,closed,0.0,-4.65
2.46,54,71.241932,17,final_d19_closed,0,19,closed,0.0,2.4599999999999995
1.92,48,71.268577,17,final_d17_closed,0,17,closed,0.0,1.9199999999999997
1.92,48,71.294167,17,final_d17_open,0,17,open,1.0,1.9199999999999997
3.48,42,71.318686,17,d17_medium,2,17,closed,0.0,3.480000000000002
1.92,48,71.345658,17,final_d17_closed,0,17,closed,0.0,1.9199999999999997
1.92,48,71.371178,17,final_d17_closed,0,17,closed,0.0,1.9199999999999997
2.58,42,71.393096,17,final_d15_open,0,15,open,1.0,2.5799999999999996
3.48,42,71.417781,17,d17_medium,2,17,closed,0.0,3.480000000000002
-4.75,45,71.442046,17,final_d15_closed,0,15,closed,0.0,-4.749999999999998
2.58,42,71.464504,17,final_d15_open,0,15,open,1.0,2.5799999999999996
4.02,48,71.490728,17,d19_detour,2,19,closed,0.0,4.020000000000003
2.46,54,71.519818,17,final_d19_open,0,19,open,1.0,2.4599999999999995
2.58,42,71.541866,17,final_d15_open,0,15,open,1.0,2.5799999999999996
1.92,48,71.567311,17,final_d17_closed,0,17,closed,0.0,1.9199999999999997
1.92,48,71.592599,17,final_d17_open,0,17,open,1.0,1.9199999999999997
-0.2,55,71.622189,17,final_d19_open,0,19,open,1.0,-0.2000000000000004
2.52,43,71.645952,17,final_d15_open,0,15,open,1.0,2.5199999999999996
2.46,54,71.680393,17,final_d19_open,0,19,open,1.0,2.4599999999999995
2.46,54,71.709591,17,final_d19_closed,0,19,closed,0.0,2.4599999999999995
2.46,54,71.738512,17,final_d19_open,0,19,open,1.0,2.4599999999999995
-4.8,45,71.762789,17,final_d15_closed,0,15,closed,0.0,-4.799999999999999
4.14,36,71.782958,17,d15_direct,2,15,open,1.0,4.140000000000002
-0.2,55,71.812264,17,final_d19_open,0,19,open,1.0,-0.20000000000000107
3.48,42,71.835922,17,d17_medium,2,17,closed,0.0,3.480000000000002
1.92,48,71.862828,17,final_d17_closed,0,17,closed,0.0,1.9199999999999997
-4.45,45,71.887563,17,final_d15_closed,0,15,closed,0.0,-4.4499999999999975
4.02,48,71.914592,17,d19_detour,2,19,closed,0.0,4.020000000000003
-4.45,45,71.939252,17,final_d15_closed,0,15,closed,0.0,-4.449999999999999
4.14,36,71.95929,17,d15_direct,2,15,open,1.0,4.140000000000002
1.92,48,71.985044,17,final_d17_closed,0,17,closed,0.0,1.9199999999999997
-4.7,45,72.010358,17,final_d15_closed,0,15,closed,0.0,-4.699999999999999
0.28,47,72.035653,17,final_d17_open,0,17,open,1.0,0.2799999999999996
4.02,48,72.062107,17,d19_detour,2,19,closed,0.0,4.020000000000003
1.92,48,72.088326,17,final_d17_closed,0,17,closed,0.0,1.9199999999999997
-0.43,53,72.345225,17,final_d19_open,0,19,open,1.0,-0.4300000000000004
-4.2,45,72.371092,17,final_d15_closed,0,15,closed,0.0,-4.1999999999999975
2.58,42,72.393698,17,final_d15_open,0,15,open,1.0,2.5799999999999996
4.02,48,72.420985,17,d19_detour,2,19,closed,0.0,4.020000000000003
1.92,48,72.446944,17,final_d17_closed,0,17,closed,0.0,1.9199999999999997
-4.55,45,72.472096,17,final_d15_closed,0,15,closed,0.0,-4.549999999999999
1.92,48,72.498442,17,final_d17_closed,0,17,closed,0.0,1.9199999999999997
1.92,48,72.524631,17,final_d17_open,0,17,open,1.0,1.9199999999999997
1.92,48,72.551885,17,final_d17_open,0,17,open,1.0,1.9199999999999997
1.92,48,72.577886,17,final_d17_closed,0,17,closed,0.0,1.9199999999999997
1.92,48,72.604506,17,final_d17_open,0,17,open,1.0,1.9199999999999997
1.92,48,72.630897,17,final_d17_closed,0,17,closed,0.0,1.9199999999999997
2.46,54,72.659815,17,final_d19_closed,0,19,closed,0.0,2.4599999999999995
3.48,42,72.683492,17,d17_medium,2,17,closed,0.0,3.480000000000002
2.46,54,72.712457,17,final_d19_closed,0,19,closed,0.0,2.4599999999999995
2.58,42,72.734615,17,final_d15_open,0,15,open,1.0,2.5799999999999996
1.92,48,72.775685,17,final_d17_closed,0,17,closed,0.0,1.9199999999999997
2.46,54,72.810576,17,final_d19_open,0,19,open,1.0,2.4599999999999995
4.02,48,72.840187,17,d19_detour,2,19,closed,0.0,4.020000000000003
2.46,54,72.869849,17,final_d19_open,0,19,open,1.0,2.4599999999999995
4.02,48,72.896701,17,d19_detour,2,19,closed,0.0,4.020000000000003
4.14,36,72.916853,17,d15_direct,2,15,open,1.0,4.140000000000002
2.46,54,72.945777,17,final_d19_open,0,19,open,1.0,2.4599999999999995
4.14,36,72.966343,17,d15_direct,2,15,open,1.0,4.140000000000002
2.46,54,72.995324,17,final_d19_open,0,19,open,1.0,2.4599999999999995
2.46,54,73.024252,17,final_d19_closed,0,19,closed,0.0,2.4599999999999995
2.36,44,73.04808,17,final_d17_open,0,17,open,1.0,2.3599999999999994
2.46,54,73.077901,17,final_d19_closed,0,19,closed,0.0,2.4599999999999995
2.46,54,73.107095,17,final_d19_closed,0,19,closed,0.0,2.4599999999999995
2.46,54,73.137128,17,final_d19_closed,0,19,closed,0.0,2.4599999999999995
3.48,42,73.160945,17,d17_medium,2,17,closed,0.0,3.480000000000002
-4.65,45,73.185373,17,final_d15_closed,0,15,closed,0.0,-4.65
2.58,42,73.20781,17,final_d15_open,0,15,open,1.0,2.5799999999999996
3.48,42,73.231476,17,d17_medium,2,17,closed,0.0,3.480000000000002
4.14,36,73.252096,17,d15_direct,2,15,open,1.0,4.140000000000002
2.58,42,73.274926,17,final_d15_open,0,15,open,1.0,2.5799999999999996
2.46,54,73.304937,17,final_d19_open,0,19,open,1.0,2.4599999999999995
2.46,54,73.334176,17,final_d19_closed,0,19,closed,0.0,2.4599999999999995
2.58,42,73.356515,17,final_d15_open,0,15,open,1.0,2.5799999999999996
2.14,46,73.38111,17,final_d17_open,0,17,open,1.0,2.1399999999999997
2.46,54,73.41041,17,final_d19_open,0,19,open,1.0,2.4599999999999995
4.02,48,73.437205,17,d19_detour,2,19,closed,0.0,4.020000000000003
1.92,48,73.463849,17,final_d17_closed,0,17,closed,0.0,1.9199999999999997
1.92,48,73.706316,17,final_d17_closed,0,17,closed,0.0,1.9199999999999997
1.92,48,73.733003,17,final_d17_closed,0,17,closed,0.0,1.9199999999999997
4.02,48,73.760684,17,d19_detour,2,19,closed,0.0,4.020000000000003
2.58,42,73.78355,17,final_d15_open,0,15,open,1.0,2.5799999999999996
3.48,42,73.807514,17,d17_medium,2,17,closed,0.0,3.480000000000002
2.14,46,73.833085,17,final_d17_open,0,17,open,1.0,2.1399999999999997
2.14,46,73.858997,17,final_d17_open,0,17,open,1.0,2.1399999999999997
1.92,48,73.885881,17,final_d17_closed,0,17,closed,0.0,1.9199999999999997
-4.9,45,73.911852,17,final_d15_closed,0,15,closed,0.0,-4.9
4.14,36,73.932779,17,d15_direct,2,15,open,1.0,4.140000000000002
2.58,42,73.957916,17,final_d15_open,0,15,open,1.0,2.5799999999999996
2.46,54,73.988616,17,final_d19_closed,0,19,closed,0.0,2.4599999999999995
2.14,46,74.015547,17,final_d17_open,0,17,open,1.0,2.1399999999999997
1.92,48,74.04269,17,final_d17_closed,0,17,closed,0.0,1.9199999999999997
3.48,42,74.067953,17,d17_medium,2,17,closed,0.0,3.480000000000002
1.92,48,74.096129,17,final_d17_open,0,17,open,1.0,1.9199999999999997
1.92,48,74.124047,17,final_d17_closed,0,17,closed,0.0,1.9199999999999997
2.46,54,74.154153,17,final_d19_closed,0,19,closed,0.0,2.4599999999999995
3.48,42,74.178249,17,d17_medium,2,17,closed,0.0,3.480000000000002
2.28,52,74.207179,17,final_d19_open,0,19,open,1.0,2.2799999999999994
2.58,42,74.229909,17,final_d15_open,0,15,open,1.0,2.5799999999999996
4.02,48,74.256949,17,d19_detour,2,19,closed,0.0,4.020000000000003
2.36,44,74.280914,17,final_d17_open,0,17,open,1.0,2.3599999999999994
1.92,48,74.307907,17,final_d17_closed,0,17,closed,0.0,1.9199999999999997
2.46,54,74.338258,17,final_d19_closed,0,19,closed,0.0,2.4599999999999995
-5.0,45,74.363484,17,final_d15_closed,0,15,closed,0.0,-5.0
0.11,49,74.391518,17,final_d17_open,0,17,open,1.0,0.10999999999999965
1.92,48,74.418173,17,final_d17_closed,0,17,closed,0.0,1.9199999999999997
2.58,42,74.441938,17,final_d15_open,0,15,open,1.0,2.5799999999999996
-5.1,45,74.467185,17,final_d15_closed,0,15,closed,0.0,-5.1
1.92,48,74.493952,17,final_d17_closed,0,17,closed,0.0,1.9199999999999997
2.14,46,74.51986,17,final_d17_open,0,17,open,1.0,2.1399999999999997
1.92,48,74.547111,17,final_d17_closed,0,17,closed,0.0,1.9199999999999997
4.14,36,74.568351,17,d15_direct,2,15,open,1.0,4.140000000000002
2.36,44,74.592585,17,final_d17_open,0,17,open,1.0,2.3599999999999994
2.46,54,74.622809,17,final_d19_closed,0,19,closed,0.0,2.4599999999999995
2.46,54,74.65287,17,final_d19_open,0,19,open,1.0,2.4599999999999995
-0.25,55,74.683101,17,final_d19_open,0,19,open,1.0,-0.2500000000000011
1.92,48,74.7093,17,final_d17_closed,0,17,closed,0.0,1.9199999999999997
-4.9,45,74.733653,17,final_d15_closed,0,15,closed,0.0,-4.9
-0.25,55,74.763083,17,final_d19_open,0,19,open,1.0,-0.2500000000000011
4.14,36,74.783465,17,d15_direct,2,15,open,1.0,4.140000000000002
-5.1,45,74.807563,17,final_d15_closed,0,15,closed,0.0,-5.1
3.48,42,74.831369,17,d17_medium,2,17,closed,0.0,3.480000000000002
2.58,42,74.855402,17,final_d15_open,0,15,open,1.0,2.5799999999999996
4.14,36,75.093903,17,d15_direct,2,15,open,1.0,4.140000000000002
-4.8,45,75.119148,17,final_d15_closed,0,15,closed,0.0,-4.799999999999998
3.48,42,75.144911,17,d17_medium,2,17,closed,0.0,3.480000000000002
4.02,48,75.171823,17,d19_detour,2,19,closed,0.0,4.020000000000003
3.48,42,75.195861,17,d17_medium,2,17,closed,0.0,3.480000000000002
1.92,48,75.223187,17,final_d17_closed,0,17,closed,0.0,1.9199999999999997
3.48,42,75.246832,17,d17_medium,2,17,closed,0.0,3.480000000000002
2.46,54,75.27641,17,final_d19_closed,0,19,closed,0.0,2.4599999999999995
-5.0,45,75.300585,17,final_d15_closed,0,15,closed,0.0,-5.0
-5.0,45,75.326103,17,final_d15_closed,0,15,closed,0.0,-5.0
2.58,42,75.349569,17,final_d15_open,0,15,open,1.0,2.5799999999999996
2.46,54,75.379866,17,final_d19_closed,0,19,closed,0.0,2.4599999999999995
2.58,42,75.402811,17,final_d15_open,0,15,open,1.0,2.5799999999999996
-1.7,50,75.43035,17,final_d17_open,0,17,open,1.0,-1.7000000000000004
1.92,48,75.456865,17,final_d17_closed,0,17,closed,0.0,1.9199999999999997
1.92,48,75.483449,17,final_d17_closed,0,17,closed,0.0,1.9199999999999997
2.58,42,75.506617,17,final_d15_open,0,15,open,1.0,2.5799999999999996
1.92,48,75.533922,17,final_d17_closed,0,17,closed,0.0,1.9199999999999997
2.46,54,75.563438,17,final_d19_closed,0,19,closed,0.0,2.4599999999999995
2.58,42,75.585929,17,final_d15_open,0,15,open,1.0,2.5799999999999996
2.58,42,75.608748,17,final_d15_open,0,15,open,1.0,2.5799999999999996
2.46,54,75.638037,17,final_d19_open,0,19,open,1.0,2.4599999999999995
1.92,48,75.665623,17,final_d17_closed,0,17,closed,0.0,1.9199999999999997
2.46,54,75.69499,17,final_d19_open,0,19,open,1.0,2.4599999999999995
-5.1,45,75.72067,17,final_d15_closed,0,15,closed,0.0,-5.1
2.46,54,75.750635,17,final_d19_open,0,19,open,1.0,2.4599999999999995
2.4,55,75.781652,17,final_d19_open,0,19,open,1.0,2.3999999999999995
2.46,54,75.810946,17,final_d19_open,0,19,open,1.0,2.4599999999999995
-4.65,45,75.836949,17,final_d15_closed,0,15,closed,0.0,-4.649999999999998
1.92,48,75.863844,17,final_d17_closed,0,17,closed,0.0,1.9199999999999997
1.92,48,75.890585,17,final_d17_closed,0,17,closed,0.0,1.9199999999999997
3.48,42,75.914913,17,d17_medium,2,17,closed,0.0,3.480000000000002
2.46,54,75.944617,17,final_d19_open,0,19,open,1.0,2.4599999999999995
2.58,42,75.968076,17,final_d15_open,0,15,open,1.0,2.5799999999999996
1.92,48,75.994821,17,final_d17_closed,0,17,closed,0.0,1.9199999999999997
2.46,54,76.025562,17,final_d19_closed,0,19,closed,0.0,2.4599999999999995
2.46,54,76.055143,17,final_d19_closed,0,19,closed,0.0,2.4599999999999995
2.46,54,76.085264,17,final_d19_open,0,19,open,1.0,2.4599999999999995
2.46,54,76.114869,17,final_d19_closed,0,19,closed,0.0,2.4599999999999995
-4.9,45,76.140725,17,final_d15_closed,0,15,closed,0.0,-4.9
2.46,54,76.170389,17,final_d19_open,0,19,open,1.0,2.4599999999999995
2.46,54,76.199394,17,final_d19_open,0,19,open,1.0,2.4599999999999995
4.14,36,76.473322,17,d15_direct,2,15,open,1.0,4.140000000000002
2.58,42,76.496498,17,final_d15_open,0,15,open,1.0,2.5799999999999996
1.92,48,76.523373,17,final_d17_closed,0,17,closed,0.0,1.9199999999999997
-4.35,45,76.548244,17,final_d15_closed,0,15,closed,0.0,-4.349999999999998
-4.5,45,76.5731,17,final_d15_closed,0,15,closed,0.0,-4.499999999999998
2.46,54,76.603263,17,final_d19_open,0,19,open,1.0,2.4599999999999995
2.46,54,76.634032,17,final_d19_closed,0,19,closed,0.0,2.4599999999999995
2.58,42,76.656978,17,final_d15_open,0,15,open,1.0,2.5799999999999996
2.46,54,76.686871,17,final_d19_closed,0,19,closed,0.0,2.4599999999999995
4.14,36,76.707407,17,d15_direct,2,15,open,1.0,4.140000000000002
3.48,42,76.731582,17,d17_medium,2,17,closed,0.0,3.480000000000002
2.46,54,76.761302,17,final_d19_closed,0,19,closed,0.0,2.4599999999999995
4.02,48,76.788808,17,d19_detour,2,19,closed,0.0,4.020000000000003
-5.0,45,76.814035,17,final_d15_closed,0,15,closed,0.0,-5.0
2.46,54,76.844629,17,final_d19_open,0,19,open,1.0,2.4599999999999995
-4.8,45,76.869877,17,final_d15_closed,0,15,closed,0.0,-4.799999999999998
2.14,46,76.895058,17,final_d17_open,0,17,open,1.0,2.1399999999999997
1.92,48,76.922703,17,final_d17_closed,0,17,closed,0.0,1.9199999999999997
-4.15,45,76.947541,17,final_d15_closed,0,15,closed,0.0,-4.149999999999997
1.92,48,76.974488,17,final_d17_closed,0,17,closed,0.0,1.9199999999999997
2.46,54,77.004375,17,final_d19_open,0,19,open,1.0,2.4599999999999995
1.31,29,77.021372,17,d17_medium,2,17,closed,0.0,1.3099999999999998
2.46,54,77.051031,17,final_d19_closed,0,19,closed,0.0,2.4599999999999995
1.92,48,77.077499,17,final_d17_closed,0,17,closed,0.0,1.9199999999999997
2.58,42,77.100756,17,final_d15_open,0,15,open,1.0,2.5799999999999996
0.45,55,77.130755,17,final_d19_closed,0,19,closed,0.0,0.44999999999999973
3.48,42,77.154503,17,d17_medium,2,17,closed,0.0,3.480000000000002
2.46,54,77.182681,17,final_d19_open,0,19,open,1.0,2.4599999999999995
3.48,42,77.206012,17,d17_medium,2,17,closed,0.0,3.480000000000002
1.92,48,77.232968,17,final_d17_closed,0,17,closed,0.0,1.9199999999999997
2.14,46,77.257686,17,final_d17_open,0,17,open,1.0,2.1399999999999997
2.46,54,77.286274,17,final_d19_open,0,19,open,1.0,2.4599999999999995
1.92,48,77.312429,17,final_d17_closed,0,17,closed,0.0,1.9199999999999997
2.46,54,77.341934,17,final_d19_closed,0,19,closed,0.0,2.4599999999999995
1.92,48,77.367554,17,final_d17_open,0,17,open,1.0,1.9199999999999997
2.46,54,77.396227,17,final_d19_open,0,19,open,1.0,2.4599999999999995
4.02,48,77.4227,17,d19_detour,2,19,closed,0.0,4.020000000000003
2.58,42,77.44507,17,final_d15_open,0,15,open,1.0,2.5799999999999996
1.92,48,77.470864,17,final_d17_closed,0,17,closed,0.0,1.9199999999999997
-4.75,45,77.496035,17,final_d15_closed,0,15,closed,0.0,-4.749999999999998
4.14,36,77.516335,17,d15_direct,2,15,open,1.0,4.140000000000002
2.46,54,77.54494,17,final_d19_open,0,19,open,1.0,2.4599999999999995
2.46,54,77.573556,17,final_d19_closed,0,19,closed,0.0,2.4599999999999995
1.31,29,77.590196,17,d17_medium,2,17,closed,0.0,1.3099999999999998
2.58,42,77.869965,17,final_d15_open,0,15,open,1.0,2.5799999999999996
2.46,54,77.900901,17,final_d19_open,0,19,open,1.0,2.4599999999999995
4.02,48,77.928109,17,d19_detour,2,19,closed,0.0,4.020000000000003
2.14,46,77.953159,17,final_d17_open,0,17,open,1.0,2.1399999999999997
4.14,36,77.972898,17,d15_direct,2,15,open,1.0,4.140000000000002
1.92,48,77.99813,17,final_d17_open,0,17,open,1.0,1.9199999999999997
4.14,36,78.017969,17,d15_direct,2,15,open,1.0,4.140000000000002
4.02,48,78.044196,17,d19_detour,2,19,closed,0.0,4.020000000000003
2.52,43,78.067016,17,final_d15_open,0,15,open,1.0,2.5199999999999996
4.14,36,78.086784,17,d15_direct,2,15,open,1.0,4.140000000000002
2.4,55,78.1163,17,final_d19_closed,0,19,closed,0.0,2.3999999999999995
1.92,48,78.14219,17,final_d17_closed,0,17,closed,0.0,1.9199999999999997
2.15,35,78.161499,17,d19_detour,2,19,closed,0.0,2.1499999999999995
-5.0,45,78.186018,17,final_d15_closed,0,15,closed,0.0,-5.0
2.46,54,78.214375,17,final_d19_open,0,19,open,1.0,2.4599999999999995
-4.45,45,78.240512,17,final_d15_closed,0,15,closed,0.0,-4.449999999999997
-4.55,45,78.266425,17,final_d15_closed,0,15,closed,0.0,-4.55
4.02,48,78.294403,17,d19_detour,2,19,closed,0.0,4.020000000000003
2.58,42,78.317928,17,final_d15_open,0,15,open,1.0,2.5799999999999996
-4.15,45,78.343183,17,final_d15_closed,0,15,closed,0.0,-4.149999999999997
2.46,54,78.374819,17,final_d19_open,0,19,open,1.0,2.4599999999999995
2.58,42,78.398225,17,final_d15_open,0,15,open,1.0,2.5799999999999996
2.46,54,78.433303,17,final_d19_open,0,19,open,1.0,2.4599999999999995
1.92,48,78.459416,17,final_d17_closed,0,17,closed,0.0,1.9199999999999997
4.02,48,78.486054,17,d19_detour,2,19,closed,0.0,4.020000000000003
4.14,36,78.506474,17,d15_direct,2,15,open,1.0,4.140000000000002
2.46,54,78.53498,17,final_d19_closed,0,19,closed,0.0,2.4599999999999995
2.58,42,78.557821,17,final_d15_open,0,15,open,1.0,2.5799999999999996
2.14,46,78.582157,17,final_d17_open,0,17,open,1.0,2.1399999999999997
2.46,54,78.610718,17,final_d19_closed,0,19,closed,0.0,2.4599999999999995
-4.5,45,78.635211,17,final_d15_closed,0,15,closed,0.0,-4.499999999999998
1.92,48,78.662492,17,final_d17_open,0,17,open,1.0,1.9199999999999997
4.14,36,78.683414,17,d15_direct,2,15,open,1.0,4.140000000000002
2.58,42,78.707229,17,final_d15_open,0,15,open,1.0,2.5799999999999996
1.92,48,78.733777,17,final_d17_closed,0,17,closed,0.0,1.9199999999999997
2.58,42,78.756776,17,final_d15_open,0,15,open,1.0,2.5799999999999996
2.46,54,78.787107,17,final_d19_open,0,19,open,1.0,2.4599999999999995
2.46,54,78.816528,17,final_d19_open,0,19,open,1.0,2.4599999999999995
2.58,42,78.839859,17,final_d15_open,0,15,open,1.0,2.5799999999999996
1.92,48,78.868102,17,final_d17_closed,0,17,closed,0.0,1.9199999999999997
3.48,42,78.892258,17,d17_medium,2,17,closed,0.0,3.480000000000002
2.46,54,78.921718,17,final_d19_open,0,19,open,1.0,2.4599999999999995
2.46,54,78.951641,17,final_d19_open,0,19,open,1.0,2.4599999999999995
2.46,54,78.981154,17,final_d19_open,0,19,open,1.0,2.4599999999999995
4.02,48,79.226484,17,d19_detour,2,19,closed,0.0,4.020000000000003
-4.9,45,79.251384,17,final_d15_closed,0,15,closed,0.0,-4.9
2.46,54,79.281258,17,final_d19_open,0,19,open,1.0,2.4599999999999995
2.26,54,79.311176,17,final_d19_closed,0,19,closed,0.0,2.26
4.14,36,79.332077,17,d15_direct,2,15,open,1.0,4.140000000000002
3.48,42,79.35622,17,d17_medium,2,17,closed,0.0,3.480000000000002
2.46,54,79.38638,17,final_d19_closed,0,19,closed,0.0,2.4599999999999995
1.67,33,79.406028,17,d19_detour,2,19,closed,0.0,1.6699999999999997
4.02,48,79.432978,17,d19_detour,2,19,closed,0.0,4.020000000000003
-4.9,45,79.457937,17,final_d15_closed,0,15,closed,0.0,-4.9
-4.5,45,79.483045,17,final_d15_closed,0,15,closed,0.0,-4.4999999999999964
2.58,42,79.505815,17,final_d15_open,0,15,open,1.0,2.5799999999999996
2.26,54,79.534738,17,final_d19_closed,0,19,closed,0.0,2.26
3.48,42,79.558036,17,d17_medium,2,17,closed,0.0,3.480000000000002
2.58,42,79.580211,17,final_d15_open,0,15,open,1.0,2.5799999999999996
-4.2,45,79.604841,17,final_d15_closed,0,15,closed,0.0,-4.1999999999999975
2.46,54,79.634761,17,final_d19_closed,0,19,closed,0.0,2.4599999999999995
1.92,48,79.660373,17,final_d17_open,0,17,open,1.0,1.9199999999999997
1.31,29,79.67712,17,d17_medium,2,17,closed,0.0,1.3099999999999998
2.46,54,79.706096,17,final_d19_closed,0,19,closed,0.0,2.4599999999999995
3.48,42,79.729483,17,d17_medium,2,17,closed,0.0,3.480000000000002
3.48,42,79.753816,17,d17_medium,2,17,closed,0.0,3.480000000000002
2.58,42,79.776936,17,final_d15_open,0,15,open,1.0,2.5799999999999996
-0.43,53,79.805707,17,final_d19_open,0,19,open,1.0,-0.4300000000000004
2.58,42,79.828158,17,final_d15_open,0,15,open,1.0,2.5799999999999996
4.14,36,79.848527,17,d15_direct,2,15,open,1.0,4.140000000000002
-4.9,45,79.873415,17,final_d15_closed,0,15,closed,0.0,-4.9
-0.25,55,79.902747,17,final_d19_open,0,19,open,1.0,-0.25000000000000044
1.92,48,79.928561,17,final_d17_closed,0,17,closed,0.0,1.9199999999999997
4.14,36,79.949425,17,d15_direct,2,15,open,1.0,4.140000000000002
2.58,42,79.972848,17,final_d15_open,0,15,open,1.0,2.5799999999999996
4.02,48,80.000215,17,d19_detour,2,19,closed,0.0,4.020000000000003
1.92,48,80.026196,17,final_d17_open,0,17,open,1.0,1.9199999999999997
-4.6,45,80.050703,17,final_d15_closed,0,15,closed,0.0,-4.599999999999998
3.48,42,80.074838,17,d17_medium,2,17,closed,0.0,3.480000000000002
3.48,42,80.100208,17,d17_medium,2,17,closed,0.0,3.480000000000002
2.58,42,80.122969,17,final_d15_open,0,15,open,1.0,2.5799999999999996
2.58,42,80.146792,17,final_d15_open,0,15,open,1.0,2.5799999999999996
4.14,36,80.168773,17,d15_direct,2,15,open,1.0,4.140000000000002
4.02,48,80.196726,17,d19_detour,2,19,closed,0.0,4.020000000000003
1.92,48,80.222956,17,final_d17_closed,0,17,closed,0.0,1.9199999999999997
-4.2,45,80.248195,17,final_d15_closed,0,15,closed,0.0,-4.1999999999999975
2.28,52,80.277707,17,final_d19_open,0,19,open,1.0,2.2799999999999994
2.46,54,80.306381,17,final_d19_closed,0,19,closed,0.0,2.4599999999999995
2.58,42,80.328596,17,final_d15_open,0,15,open,1.0,2.5799999999999996
2.46,54,80.577458,17,final_d19_closed,0,19,closed,0.0,2.4599999999999995
2.46,54,80.606502,17,final_d19_open,0,19,open,1.0,2.4599999999999995
4.14,36,80.626907,17,d15_direct,2,15,open,1.0,4.140000000000002
3.48,42,80.651451,17,d17_medium,2,17,closed,0.0,3.480000000000002
3.48,42,80.675493,17,d17_medium,2,17,closed,0.0,3.480000000000002
2.46,54,80.704541,17,final_d19_closed,0,19,closed,0.0,2.4599999999999995
2.46,54,80.733929,17,final_d19_closed,0,19,closed,0.0,2.4599999999999995
4.02,48,80.761755,17,d19_detour,2,19,closed,0.0,4.020000000000003
2.46,54,80.791578,17,final_d19_open,0,19,open,1.0,2.4599999999999995
-5.0,45,80.81645,17,final_d15_closed,0,15,closed,0.0,-5.0
2.46,54,80.845486,17,final_d19_open,0,19,open,1.0,2.4599999999999995
4.14,36,80.867077,17,d15_direct,2,15,open,1.0,4.140000000000002
2.58,42,80.889628,17,final_d15_open,0,15,open,1.0,2.5799999999999996
2.46,54,80.918479,17,final_d19_open,0,19,open,1.0,2.4599999999999995
4.14,36,80.939302,17,d15_direct,2,15,open,1.0,4.140000000000002
4.02,48,80.966077,17,d19_detour,2,19,closed,0.0,4.020000000000003
4.02,48,80.993723,17,d19_detour,2,19,closed,0.0,4.020000000000003
3.48,42,81.018192,17,d17_medium,2,17,closed,0.0,3.480000000000002
1.92,48,81.044396,17,final_d17_closed,0,17,closed,0.0,1.9199999999999997
3.48,42,81.067893,17,d17_medium,2,17,closed,0.0,3.480000000000002
2.58,42,81.090174,17,final_d15_open,0,15,open,1.0,2.5799999999999996
4.14,36,81.110131,17,d15_direct,2,15,open,1.0,4.140000000000002
2.46,54,81.138816,17,final_d19_closed,0,19,closed,0.0,2.4599999999999995
3.48,42,81.162555,17,d17_medium,2,17,closed,0.0,3.480000000000002
4.02,48,81.188944,17,d19_detour,2,19,closed,0.0,4.020000000000003
4.02,48,81.215421,17,d19_detour,2,19,closed,0.0,4.020000000000003
1.92,48,81.241805,17,final_d17_closed,0,17,closed,0.0,1.9199999999999997
1.67,33,81.261271,17,d19_detour,2,19,closed,0.0,1.6699999999999997
2.46,54,81.290333,17,final_d19_open,0,19,open,1.0,2.4599999999999995
4.02,48,81.317138,17,d19_detour,2,19,closed,0.0,4.020000000000003
2.28,52,81.344533,17,final_d19_open,0,19,open,1.0,2.2799999999999994
2.46,54,81.372826,17,final_d19_closed,0,19,closed,0.0,2.4599999999999995
2.58,42,81.394789,17,final_d15_open,0,15,open,1.0,2.5799999999999996
4.02,48,81.421037,17,d19_detour,2,19,closed,0.0,4.020000000000003
1.92,48,81.447038,17,final_d17_closed,0,17,closed,0.0,1.9199999999999997
-4.9,45,81.471878,17,final_d15_closed,0,15,closed,0.0,-4.9
2.46,54,81.500822,17,final_d19_closed,0,19,closed,0.0,2.4599999999999995
-4.7,45,81.524714,17,final_d15_closed,0,15,closed,0.0,-4.700000000000001
1.92,48,81.550343,17,final_d17_closed,0,17,closed,0.0,1.9199999999999997
2.58,42,81.572392,17,final_d15_open,0,15,open,1.0,2.5799999999999996
2.58,42,81.594464,17,final_d15_open,0,15,open,1.0,2.5799999999999996
1.92,48,81.620349,17,final_d17_open,0,17,open,1.0,1.9199999999999997
-4.65,45,81.646013,17,final_d15_closed,0,15,closed,0.0,-4.65
4.02,48,81.672463,17,d19_detour,2,19,closed,0.0,4.020000000000003
1.92,48,81.698275,17,final_d17_open,0,17,open,1.0,1.9199999999999997
4.02,48,81.963161,17,d19_detour,2,19,closed,0.0,4.020000000000003
2.46,54,81.993991,17,final_d19_open,0,19,open,1.0,2.4599999999999995
4.14,36,82.015168,17,d15_direct,2,15,open,1.0,4.140000000000002
4.02,48,82.042424,17,d19_detour,2,19,closed,0.0,4.020000000000003
3.48,42,82.067979,17,d17_medium,2,17,closed,0.0,3.480000000000002
1.92,48,82.094311,17,final_d17_open,0,17,open,1.0,1.9199999999999997
4.02,48,82.120864,17,d19_detour,2,19,closed,0.0,4.020000000000003
-4.1,45,82.145514,17,final_d15_closed,0,15,closed,0.0,-4.099999999999998
0.11,49,82.171543,17,final_d17_closed,0,17,closed,0.0,0.10999999999999965
0.11,49,82.197105,17,final_d17_open,0,17,open,1.0,0.10999999999999988
2.26,54,82.226006,17,final_d19_closed,0,19,closed,0.0,2.26
2.58,42,82.248103,17,final_d15_open,0,15,open,1.0,2.5799999999999996
-4.75,45,82.272526,17,final_d15_closed,0,15,closed,0.0,-4.749999999999998
1.92,48,82.298109,17,final_d17_closed,0,17,closed,0.0,1.9199999999999997
1.92,48,82.323899,17,final_d17_closed,0,17,closed,0.0,1.9199999999999997
2.46,54,82.35267,17,final_d19_closed,0,19,closed,0.0,2.4599999999999995
1.92,48,82.378903,17,final_d17_open,0,17,open,1.0,1.9199999999999997
1.67,33,82.399276,17,d19_detour,2,19,closed,0.0,1.6699999999999997
3.48,42,82.424792,17,d17_medium,2,17,closed,0.0,3.480000000000002
-0.25,55,82.45406,17,final_d19_open,0,19,open,1.0,-0.2500000000000011
4.02,48,82.480196,17,d19_detour,2,19,closed,0.0,4.020000000000003
2.46,54,82.509114,17,final_d19_closed,0,19,closed,0.0,2.4599999999999995
1.92,48,82.534739,17,final_d17_closed,0,17,closed,0.0,1.9199999999999997
4.14,36,82.554499,17,d15_direct,2,15,open,1.0,4.140000000000002
1.92,48,82.579734,17,final_d17_open,0,17,open,1.0,1.9199999999999997
3.48,42,82.603118,17,d17_medium,2,17,closed,0.0,3.480000000000002
2.46,54,82.632456,17,final_d19_closed,0,19,closed,0.0,2.4599999999999995
1.92,48,82.658458,17,final_d17_closed,0,17,closed,0.0,1.9199999999999997
4.02,48,82.684738,17,d19_detour,2,19,closed,0.0,4.020000000000003
1.92,48,82.710091,17,final_d17_open,0,17,open,1.0,1.9199999999999997
2.46,54,82.73841,17,final_d19_closed,0,19,closed,0.0,2.4599999999999995
4.14,36,82.75934,17,d15_direct,2,15,open,1.0,4.140000000000002
4.14,36,82.779972,17,d15_direct,2,15,open,1.0,4.140000000000002
4.02,48,82.808542,17,d19_detour,2,19,closed,0.0,4.020000000000003
0.06,49,82.835334,17,final_d17_open,0,17,open,1.0,0.05999999999999961
1.92,48,82.862632,17,final_d17_closed,0,17,closed,0.0,1.9199999999999997
0.11,49,82.889284,17,final_d17_open,0,17,open,1.0,0.10999999999999965
-4.8,45,82.913321,17,final_d15_closed,0,15,closed,0.0,-4.800000000000001
4.14,36,82.933917,17,d15_direct,2,15,open,1.0,4.140000000000002
-0.2,30,82.951462,17,d17_medium,2,17,closed,0.0,-0.20000000000000018
0.11,49,82.977256,17,final_d17_open,0,17,open,1.0,0.10999999999999988
-4.45,45,83.001919,17,final_d15_closed,0,15,closed,0.0,-4.4499999999999975
4.14,36,83.022316,17,d15_direct,2,15,open,1.0,4.140000000000002
0.06,49,83.048064,17,final_d17_open,0,17,open,1.0,0.05999999999999961
3.48,42,83.301806,17,d17_medium,2,17,closed,0.0,3.480000000000002
2.46,54,83.331392,17,final_d19_open,0,19,open,1.0,2.4599999999999995
1.92,48,83.357647,17,final_d17_closed,0,17,closed,0.0,1.9199999999999997
-4.4,45,83.383524,17,final_d15_closed,0,15,closed,0.0,-4.399999999999997
1.92,48,83.410222,17,final_d17_closed,0,17,closed,0.0,1.9199999999999997
-4.05,45,83.434688,17,final_d15_closed,0,15,closed,0.0,-4.049999999999997
1.92,48,83.461332,17,final_d17_closed,0,17,closed,0.0,1.9199999999999997
2.46,54,83.49024,17,final_d19_open,0,19,open,1.0,2.4599999999999995
2.14,46,83.51622,17,final_d17_open,0,17,open,1.0,2.1399999999999997
1.92,48,83.542394,17,final_d17_closed,0,17,closed,0.0,1.9199999999999997
3.48,42,83.566203,17,d17_medium,2,17,closed,0.0,3.480000000000002
2.46,54,83.595583,17,final_d19_open,0,19,open,1.0,2.4599999999999995
4.08,37,83.616412,17,d15_direct,2,15,open,1.0,4.080000000000002
2.46,54,83.651023,17,final_d19_open,0,19,open,1.0,2.4599999999999995
1.92,48,83.678916,17,final_d17_closed,0,17,closed,0.0,1.9199999999999997
-0.14,49,83.707136,17,final_d17_open,0,17,open,1.0,-0.14000000000000057
2.46,54,83.737026,17,final_d19_open,0,19,open,1.0,2.4599999999999995
2.58,42,83.760358,17,final_d15_open,0,15,open,1.0,2.5799999999999996
4.02,48,83.788532,17,d19_detour,2,19,closed,0.0,4.020000000000003
3.48,42,83.813519,17,d17_medium,2,17,closed,0.0,3.480000000000002
2.46,54,83.843997,17,final_d19_open,0,19,open,1.0,2.4599999999999995
-5.1,45,83.868289,17,final_d15_closed,0,15,closed,0.0,-5.1
2.14,46,83.89326,17,final_d17_open,0,17,open,1.0,2.1399999999999997
2.46,54,83.922985,17,final_d19_open,0,19,open,1.0,2.4599999999999995
2.46,54,83.952054,17,final_d19_open,0,19,open,1.0,2.4599999999999995
1.92,48,83.977914,17,final_d17_closed,0,17,closed,0.0,1.9199999999999997
-4.45,45,84.003014,17,final_d15_closed,0,15,closed,0.0,-4.449999999999997
2.14,46,84.027912,17,final_d17_open,0,17,open,1.0,2.1399999999999997
3.48,42,84.0515,17,d17_medium,2,17,closed,0.0,3.480000000000002
2.46,54,84.080111,17,final_d19_open,0,19,open,1.0,2.4599999999999995
1.67,33,84.098733,17,d19_detour,2,19,closed,0.0,1.6699999999999997
3.48,42,84.122286,17,d17_medium,2,17,closed,0.0,3.480000000000002
2.46,54,84.153548,17,final_d19_closed,0,19,closed,0.0,2.4599999999999995
-4.3,45,84.180828,17,final_d15_closed,0,15,closed,0.0,-4.299999999999998
-4.75,45,84.205485,17,final_d15_closed,0,15,closed,0.0,-4.75
2.58,42,84.22804,17,final_d15_open,0,15,open,1.0,2.5799999999999996
2.46,54,84.256149,17,final_d19_open,0,19,open,1.0,2.4599999999999995
2.14,46,84.280326,17,final_d17_open,0,17,open,1.0,2.1399999999999997
4.02,48,84.306394,17,d19_detour,2,19,closed,0.0,4.020000000000003
1.92,48,84.332167,17,final_d17_closed,0,17,closed,0.0,1.9199999999999997
4.02,48,84.35924,17,d19_detour,2,19,closed,0.0,4.020000000000003
3.48,42,84.383103,17,d17_medium,2,17,closed,0.0,3.480000000000002
0.11,49,84.40882,17,final_d17_closed,0,17,closed,0.0,0.10999999999999988
2.46,54,84.662793,17,final_d19_open,0,19,open,1.0,2.4599999999999995
4.02,48,84.689408,17,d19_detour,2,19,closed,0.0,4.020000000000003
4.02,48,84.716917,17,d19_detour,2,19,closed,0.0,4.020000000000003
4.02,48,84.745044,17,d19_detour,2,19,closed,0.0,4.020000000000003
2.46,54,84.774084,17,final_d19_open,0,19,open,1.0,2.4599999999999995
1.92,48,84.80233,17,final_d17_closed,0,17,closed,0.0,1.9199999999999997
1.92,48,84.830123,17,final_d17_closed,0,17,closed,0.0,1.9199999999999997
2.46,54,84.859559,17,final_d19_open,0,19,open,1.0,2.4599999999999995
1.92,48,84.885321,17,final_d17_closed,0,17,closed,0.0,1.9199999999999997
4.14,36,84.90528,17,d15_direct,2,15,open,1.0,4.140000000000002
-4.4,45,84.929513,17,final_d15_closed,0,15,closed,0.0,-4.399999999999997
1.92,48,84.955526,17,final_d17_open,0,17,open,1.0,1.9199999999999997
2.58,42,84.97817,17,final_d15_open,0,15,open,1.0,2.5799999999999996
3.48,42,85.002301,17,d17_medium,2,17,closed,0.0,3.480000000000002
2.58,42,85.024656,17,final_d15_open,0,15,open,1.0,2.5799999999999996
3.48,42,85.048194,17,d17_medium,2,17,closed,0.0,3.480000000000002
-0.09,49,85.075591,17,final_d17_open,0,17,open,1.0,-0.09000000000000052
1.92,48,85.101536,17,final_d17_closed,0,17,closed,0.0,1.9199999999999997
2.58,42,85.123951,17,final_d15_open,0,15,open,1.0,2.5799999999999996
3.48,42,85.147511,17,d17_medium,2,17,closed,0.0,3.480000000000002
0.33,47,85.172597,17,final_d17_open,0,17,open,1.0,0.3299999999999996
4.14,36,85.192574,17,d15_direct,2,15,open,1.0,4.140000000000002
1.92,48,85.218963,17,final_d17_open,0,17,open,1.0,1.9199999999999997
2.46,54,85.248948,17,final_d19_closed,0,19,closed,0.0,2.4599999999999995
2.46,54,85.278497,17,final_d19_open,0,19,open,1.0,2.4599999999999995
2.58,42,85.301683,17,final_d15_open,0,15,open,1.0,2.5799999999999996
1.92,48,85.328427,17,final_d17_closed,0,17,closed,0.0,1.9199999999999997
-4.4,45,85.357274,17,final_d15_closed,0,15,closed,0.0,-4.399999999999997
2.58,42,85.38094,17,final_d15_open,0,15,open,1.0,2.5799999999999996
-4.75,45,85.40646,17,final_d15_closed,0,15,closed,0.0,-4.75
1.92,48,85.433863,17,final_d17_closed,0,17,closed,0.0,1.9199999999999997
1.92,48,85.460625,17,final_d17_closed,0,17,closed,0.0,1.9199999999999997
2.58,42,85.483238,17,final_d15_open,0,15,open,1.0,2.5799999999999996
2.58,42,85.506614,17,final_d15_open,0,15,open,1.0,2.5799999999999996
4.14,36,85.526991,17,d15_direct,2,15,open,1.0,4.140000000000002
2.26,54,85.556186,17,final_d19_open,0,19,open,1.0,2.26
2.14,46,85.581145,17,final_d17_open,0,17,open,1.0,2.1399999999999997
2.46,54,85.610199,17,final_d19_closed,0,19,closed,0.0,2.4599999999999995
2.58,42,85.633589,17,final_d15_open,0,15,open,1.0,2.5799999999999996
1.92,48,85.660407,17,final_d17_closed,0,17,closed,0.0,1.9199999999999997
2.46,54,85.68968,17,final_d19_open,0,19,open,1.0,2.4599999999999995
2.14,46,85.714229,17,final_d17_open,0,17,open,1.0,2.1399999999999997
1.92,48,85.73996,17,final_d17_closed,0,17,closed,0.0,1.9199999999999997
3.48,42,85.763705,17,d17_medium,2,17,closed,0.0,3.480000000000002
1.92,48,85.789804,17,final_d17_closed,0,17,closed,0.0,1.9199999999999997
1.92,48,86.030586,17,final_d17_closed,0,17,closed,0.0,1.9199999999999997
1.92,48,86.057101,17,final_d17_open,0,17,open,1.0,1.9199999999999997
2.58,42,86.080081,17,final_d15_open,0,15,open,1.0,2.5799999999999996
4.02,48,86.107182,17,d19_detour,2,19,closed,0.0,4.020000000000003
2.46,54,86.136878,17,final_d19_open,0,19,open,1.0,2.4599999999999995
-4.35,45,86.161836,17,final_d15_closed,0,15,closed,0.0,-4.35
1.92,48,86.187892,17,final_d17_closed,0,17,closed,0.0,1.9199999999999997
4.02,48,86.216043,17,d19_detour,2,19,closed,0.0,4.020000000000003
1.92,48,86.242228,17,final_d17_open,0,17,open,1.0,1.9199999999999997
2.46,54,86.271481,17,final_d19_open,0,19,open,1.0,2.4599999999999995
2.46,54,86.301369,17,final_d19_closed,0,19,closed,0.0,2.4599999999999995
-4.55,45,86.326448,17,final_d15_closed,0,15,closed,0.0,-4.549999999999999
2.58,42,86.349902,17,final_d15_open,0,15,open,1.0,2.5799999999999996
4.02,48,86.378037,17,d19_detour,2,19,closed,0.0,4.020000000000003
4.14,36,86.398122,17,d15_direct,2,15,open,1.0,4.140000000000002
0.11,49,86.424302,17,final_d17_closed,0,17,closed,0.0,0.10999999999999965
-4.1,45,86.449281,17,final_d15_closed,0,15,closed,0.0,-4.099999999999997
4.14,36,86.469317,17,d15_direct,2,15,open,1.0,4.140000000000002
1.92,48,86.495436,17,final_d17_closed,0,17,closed,0.0,1.9199999999999997
3.48,42,86.518984,17,d17_medium,2,17,closed,0.0,3.480000000000002
4.14,36,86.539828,17,d15_direct,2,15,open,1.0,4.140000000000002
-5.0,45,86.565058,17,final_d15_closed,0,15,closed,0.0,-5.0
-0.24,49,86.592102,17,final_d17_open,0,17,open,1.0,-0.2400000000000002
4.02,48,86.619546,17,d19_detour,2,19,closed,0.0,4.020000000000003
1.92,48,86.647641,17,final_d17_closed,0,17,closed,0.0,1.9199999999999997
2.14,46,86.673666,17,final_d17_open,0,17,open,1.0,2.1399999999999997
1.92,48,86.700755,17,final_d17_closed,0,17,closed,0.0,1.9199999999999997
2.46,54,86.729959,17,final_d19_closed,0,19,closed,0.0,2.4599999999999995
-4.65,45,86.754554,17,final_d15_closed,0,15,closed,0.0,-4.649999999999998
3.48,42,86.778449,17,d17_medium,2,17,closed,0.0,3.480000000000002
2.46,54,86.807824,17,final_d19_open,0,19,open,1.0,2.4599999999999995
2.46,54,86.83667,17,final_d19_open,0,19,open,1.0,2.4599999999999995
2.58,42,86.860906,17,final_d15_open,0,15,open,1.0,2.5799999999999996
2.46,54,86.889748,17,final_d19_open,0,19,open,1.0,2.4599999999999995
4.14,36,86.910598,17,d15_direct,2,15,open,1.0,4.140000000000002
-4.05,45,86.935561,17,final_d15_closed,0,15,closed,0.0,-4.049999999999997
1.92,48,86.962112,17,final_d17_closed,0,17,closed,0.0,1.9199999999999997
2.58,42,86.985407,17,final_d15_open,0,15,open,1.0,2.5799999999999996
2.26,54,87.015509,17,final_d19_closed,0,19,closed,0.0,2.26
3.48,42,87.039491,17,d17_medium,2,17,closed,0.0,3.480000000000002
4.14,36,87.060058,17,d15_direct,2,15,open,1.0,4.140000000000002
1.92,48,87.086884,17,final_d17_open,0,17,open,1.0,1.9199999999999997
4.14,36,87.106992,17,d15_direct,2,15,open,1.0,4.140000000000002
1.92,48,87.133006,17,final_d17_closed,0,17,closed,0.0,1.9199999999999997
2.46,54,87.394669,17,final_d19_closed,0,19,closed,0.0,2.4599999999999995
2.46,54,87.425238,17,final_d19_open,0,19,open,1.0,2.4599999999999995
-4.6,45,87.450018,17,final_d15_closed,0,15,closed,0.0,-4.599999999999998
1.36,49,87.479856,17,d19_detour,2,19,closed,0.0,1.3599999999999997
1.92,48,87.509511,17,final_d17_closed,0,17,closed,0.0,1.9199999999999997
0.11,49,87.536035,17,final_d17_closed,0,17,closed,0.0,0.10999999999999965
0.11,49,87.56286,17,final_d17_closed,0,17,closed,0.0,0.10999999999999965
4.14,36,87.583493,17,d15_direct,2,15,open,1.0,4.140000000000002
4.02,48,87.609768,17,d19_detour,2,19,closed,0.0,4.020000000000003
1.92,48,87.636062,17,final_d17_closed,0,17,closed,0.0,1.9199999999999997
3.96,49,87.663008,17,d19_detour,2,19,closed,0.0,3.9600000000000026
4.02,48,87.689539,17,d19_detour,2,19,closed,0.0,4.020000000000003
-5.1,45,87.71346,17,final_d15_closed,0,15,closed,0.0,-5.1
4.02,48,87.739949,17,d19_detour,2,19,closed,0.0,4.020000000000003
1.92,48,87.766009,17,final_d17_closed,0,17,closed,0.0,1.9199999999999997
1.92,48,87.792833,17,final_d17_closed,0,17,closed,0.0,1.9199999999999997
1.92,48,87.819665,17,final_d17_closed,0,17,closed,0.0,1.9199999999999997
2.46,54,87.849952,17,final_d19_open,0,19,open,1.0,2.4599999999999995
2.58,42,87.872788,17,final_d15_open,0,15,open,1.0,2.5799999999999996
2.58,42,87.895553,17,final_d15_open,0,15,open,1.0,2.5799999999999996
2.46,54,87.924766,17,final_d19_open,0,19,open,1.0,2.4599999999999995
2.46,54,87.954034,17,final_d19_closed,0,19,closed,0.0,2.4599999999999995
2.46,54,87.983147,17,final_d19_open,0,19,open,1.0,2.4599999999999995
3.48,42,88.007268,17,d17_medium,2,17,closed,0.0,3.480000000000002
4.14,36,88.027833,17,d15_direct,2,15,open,1.0,4.140000000000002
3.48,42,88.052066,17,d17_medium,2,17,closed,0.0,3.480000000000002
4.02,48,88.079586,17,d19_detour,2,19,closed,0.0,4.020000000000003
1.92,48,88.106377,17,final_d17_open,0,17,open,1.0,1.9199999999999997
2.46,54,88.135511,17,final_d19_open,0,19,open,1.0,2.4599999999999995
1.67,33,88.15439,17,d19_detour,2,19,closed,0.0,1.6699999999999997
-4.45,45,88.179011,17,final_d15_closed,0,15,closed,0.0,-4.449999999999999
4.14,36,88.199379,17,d15_direct,2,15,open,1.0,4.140000000000002
3.48,42,88.223407,17,d17_medium,2,17,closed,0.0,3.480000000000002
2.14,46,88.24869,17,final_d17_open,0,17,open,1.0,2.1399999999999997
2.46,54,88.279231,17,final_d19_closed,0,19,closed,0.0,2.4599999999999995
4.02,48,88.306762,17,d19_detour,2,19,closed,0.0,4.020000000000003
2.58,42,88.32998,17,final_d15_open,0,15,open,1.0,2.5799999999999996
3.48,42,88.353984,17,d17_medium,2,17,closed,0.0,3.480000000000002
2.46,54,88.384227,17,final_d19_closed,0,19,closed,0.0,2.4599999999999995
4.02,48,88.411131,17,d19_detour,2,19,closed,0.0,4.020000000000003
4.14,36,88.431596,17,d15_direct,2,15,open,1.0,4.140000000000002
2.46,54,88.460942,17,final_d19_closed,0,19,closed,0.0,2.4599999999999995
1.92,48,88.487466,17,final_d17_closed,0,17,closed,0.0,1.9199999999999997
-4.7,45,88.512159,17,final_d15_closed,0,15,closed,0.0,-4.700000000000001
2.58,42,88.753789,17,final_d15_open,0,15,open,1.0,2.5799999999999996
2.58,42,88.77623,17,final_d15_open,0,15,open,1.0,2.5799999999999996
2.14,46,88.800883,17,final_d17_open,0,17,open,1.0,2.1399999999999997
2.58,42,88.823321,17,final_d15_open,0,15,open,1.0,2.5799999999999996
-4.7,45,88.847828,17,final_d15_closed,0,15,closed,0.0,-4.700000000000001
1.92,48,88.874059,17,final_d17_closed,0,17,closed,0.0,1.9199999999999997
2.58,42,88.896475,17,final_d15_open,0,15,open,1.0,2.5799999999999996
2.58,42,88.919888,17,final_d15_open,0,15,open,1.0,2.5799999999999996
2.46,54,88.948423,17,final_d19_open,0,19,open,1.0,2.4599999999999995
2.46,54,88.976972,17,final_d19_closed,0,19,closed,0.0,2.4599999999999995
3.48,42,89.000615,17,d17_medium,2,17,closed,0.0,3.480000000000002
4.14,36,89.020946,17,d15_direct,2,15,open,1.0,4.140000000000002
3.48,42,89.045419,17,d17_medium,2,17,closed,0.0,3.480000000000002
4.02,48,89.072023,17,d19_detour,2,19,closed,0.0,4.020000000000003
4.02,48,89.100709,17,d19_detour,2,19,closed,0.0,4.020000000000003
1.31,29,89.11766,17,d17_medium,2,17,closed,0.0,1.3099999999999998
2.58,42,89.139978,17,final_d15_open,0,15,open,1.0,2.5799999999999996
-5.0,45,89.164188,17,final_d15_closed,0,15,closed,0.0,-5.0
2.46,54,89.192982,17,final_d19_closed,0,19,closed,0.0,2.4599999999999995
4.14,36,89.213692,17,d15_direct,2,15,open,1.0,4.140000000000002
4.02,48,89.24012,17,d19_detour,2,19,closed,0.0,4.020000000000003
2.58,42,89.262986,17,final_d17_open,0,17,open,1.0,2.5799999999999996
2.58,42,89.28651,17,final_d15_open,0,15,open,1.0,2.5799999999999996
2.36,44,89.309962,17,final_d17_open,0,17,open,1.0,2.3599999999999994
2.14,46,89.335643,17,final_d17_open,0,17,open,1.0,2.1399999999999997
1.92,48,89.36158,17,final_d17_closed,0,17,closed,0.0,1.9199999999999997
4.14,36,89.382618,17,d15_direct,2,15,open,1.0,4.140000000000002
2.36,44,89.407427,17,final_d17_open,0,17,open,1.0,2.3599999999999994
1.92,48,89.433607,17,final_d17_closed,0,17,closed,0.0,1.9199999999999997
2.58,42,89.456628,17,final_d15_open,0,15,open,1.0,2.5799999999999996
4.02,48,89.48325,17,d19_detour,2,19,closed,0.0,4.020000000000003
2.58,42,89.50621,17,final_d15_open,0,15,open,1.0,2.5799999999999996
-4.65,45,89.530312,17,final_d15_closed,0,15,closed,0.0,-4.65
2.58,42,89.552838,17,final_d15_open,0,15,open,1.0,2.5799999999999996
4.14,36,89.573268,17,d15_direct,2,15,open,1.0,4.140000000000002
2.46,54,89.602709,17,final_d19_open,0,19,open,1.0,2.4599999999999995
2.58,42,89.625747,17,final_d15_open,0,15,open,1.0,2.5799999999999996
4.02,48,89.654624,17,d19_detour,2,19,closed,0.0,4.020000000000003
2.58,42,89.678034,17,final_d15_open,0,15,open,1.0,2.5799999999999996
1.92,48,89.704237,17,final_d17_closed,0,17,closed,0.0,1.9199999999999997
-5.0,45,89.728336,17,final_d15_closed,0,15,closed,0.0,-5.0
4.14,36,89.749103,17,d15_direct,2,15,open,1.0,4.140000000000002
4.14,36,89.769509,17,d15_direct,2,15,open,1.0,4.140000000000002
4.02,48,89.797006,17,d19_detour,2,19,closed,0.0,4.020000000000003
4.14,36,89.817162,17,d15_direct,2,15,open,1.0,4.140000000000002
2.46,54,89.846852,17,final_d19_closed,0,19,closed,0.0,2.4599999999999995
2.36,44,89.870881,17,final_d17_open,0,17,open,1.0,2.3599999999999994
2.46,54,90.115089,17,final_d19_closed,0,19,closed,0.0,2.4599999999999995
3.48,42,90.139578,17,d17_medium,2,17,closed,0.0,3.480000000000002
1.92,48,90.166854,17,final_d17_closed,0,17,closed,0.0,1.9199999999999997
0.35,55,90.196729,17,final_d19_closed,0,19,closed,0.0,0.3499999999999994
0.06,49,90.223345,17,final_d17_open,0,17,open,1.0,0.05999999999999961
2.58,42,90.246545,17,final_d15_open,0,15,open,1.0,2.5799999999999996
2.46,54,90.276617,17,final_d19_closed,0,19,closed,0.0,2.4599999999999995
2.46,54,90.30671,17,final_d19_closed,0,19,closed,0.0,2.4599999999999995
3.48,42,90.330821,17,d17_medium,2,17,closed,0.0,3.480000000000002
2.46,54,90.361058,17,final_d19_closed,0,19,closed,0.0,2.4599999999999995
4.14,36,90.382215,17,d15_direct,2,15,open,1.0,4.140000000000002
4.14,36,90.404077,17,d15_direct,2,15,open,1.0,4.140000000000002
2.36,44,90.427587,17,final_d17_open,0,17,open,1.0,2.3599999999999994
3.48,42,90.452631,17,d17_medium,2,17,closed,0.0,3.480000000000002
2.58,42,90.475616,17,final_d15_open,0,15,open,1.0,2.5799999999999996
-4.9,45,90.500243,17,final_d15_closed,0,15,closed,0.0,-4.9
2.36,44,90.524322,17,final_d17_open,0,17,open,1.0,2.3599999999999994
4.14,36,90.544599,17,d15_direct,2,15,open,1.0,4.140000000000002
2.46,54,90.573859,17,final_d19_closed,0,19,closed,0.0,2.4599999999999995
3.48,42,90.598175,17,d17_medium,2,17,closed,0.0,3.480000000000002
3.48,42,90.622499,17,d17_medium,2,17,closed,0.0,3.480000000000002
4.02,48,90.650344,17,d19_detour,2,19,closed,0.0,4.020000000000003
2.46,54,90.679856,17,final_d19_open,0,19,open,1.0,2.4599999999999995
2.46,54,90.710919,17,final_d19_open,0,19,open,1.0,2.4599999999999995
-5.1,45,90.740458,17,final_d15_closed,0,15,closed,0.0,-5.1
2.46,54,90.769982,17,final_d19_closed,0,19,closed,0.0,2.4599999999999995
2.46,54,90.799408,17,final_d19_closed,0,19,closed,0.0,2.4599999999999995
2.36,44,90.823956,17,final_d17_open,0,17,open,1.0,2.3599999999999994
4.14,36,90.85106,17,d15_direct,2,15,open,1.0,4.140000000000002
4.14,36,90.874445,17,d15_direct,2,15,open,1.0,4.140000000000002
1.92,48,90.900938,17,final_d17_closed,0,17,closed,0.0,1.9199999999999997
3.48,42,90.924647,17,d17_medium,2,17,closed,0.0,3.480000000000002
4.02,48,90.95204,17,d19_detour,2,19,closed,0.0,4.020000000000003
-0.43,53,90.980346,17,final_d19_open,0,19,open,1.0,-0.43000000000000105
-4.75,45,91.004554,17,final_d15_closed,0,15,closed,0.0,-4.749999999999998
2.46,54,91.034002,17,final_d19_closed,0,19,closed,0.0,2.4599999999999995
1.92,48,91.059914,17,final_d17_closed,0,17,closed,0.0,1.9199999999999997
2.36,44,91.083596,17,final_d17_open,0,17,open,1.0,2.3599999999999994
4.14,36,91.103724,17,d15_direct,2,15,open,1.0,4.140000000000002
3.48,42,91.127356,17,d17_medium,2,17,closed,0.0,3.480000000000002
-4.9,45,91.151532,17,final_d15_closed,0,15,closed,0.0,-4.9
2.58,42,91.173862,17,final_d15_open,0,15,open,1.0,2.5799999999999996
4.02,48,91.200517,17,d19_detour,2,19,closed,0.0,4.020000000000003
2.58,42,91.222978,17,final_d15_open,0,15,open,1.0,2.5799999999999996
1.92,48,91.460356,17,final_d17_closed,0,17,closed,0.0,1.9199999999999997
2.46,54,91.489274,17,final_d19_closed,0,19,closed,0.0,2.4599999999999995
3.48,42,91.512951,17,d17_medium,2,17,closed,0.0,3.480000000000002
4.02,48,91.540226,17,d19_detour,2,19,closed,0.0,4.020000000000003
2.4,55,91.56954,17,final_d19_open,0,19,open,1.0,2.3999999999999995
4.14,36,91.590484,17,d15_direct,2,15,open,1.0,4.140000000000002
2.58,42,91.613144,17,final_d15_open,0,15,open,1.0,2.5799999999999996
4.02,48,91.640333,17,d19_detour,2,19,closed,0.0,4.020000000000003
2.58,42,91.663071,17,final_d15_open,0,15,open,1.0,2.5799999999999996
2.46,54,91.69244,17,final_d19_closed,0,19,closed,0.0,2.4599999999999995
1.92,48,91.718741,17,final_d17_closed,0,17,closed,0.0,1.9199999999999997
-4.3,45,91.743429,17,final_d15_closed,0,15,closed,0.0,-4.299999999999999
2.46,54,91.77313,17,final_d19_closed,0,19,closed,0.0,2.4599999999999995
3.48,42,91.797105,17,d17_medium,2,17,closed,0.0,3.480000000000002
1.92,48,91.823225,17,final_d17_closed,0,17,closed,0.0,1.9199999999999997
1.92,48,91.850114,17,final_d17_closed,0,17,closed,0.0,1.9199999999999997
1.92,48,91.876765,17,final_d17_closed,0,17,closed,0.0,1.9199999999999997
4.02,48,91.905325,17,d19_detour,2,19,closed,0.0,4.020000000000003
3.48,42,91.929003,17,d17_medium,2,17,closed,0.0,3.480000000000002
1.92,48,91.955021,17,final_d17_closed,0,17,closed,0.0,1.9199999999999997
4.14,36,91.975999,17,d15_direct,2,15,open,1.0,4.140000000000002
3.48,42,91.999696,17,d17_medium,2,17,closed,0.0,3.480000000000002
3.48,42,92.023642,17,d17_medium,2,17,closed,0.0,3.480000000000002
2.46,54,92.052303,17,final_d19_open,0,19,open,1.0,2.4599999999999995
3.48,42,92.075897,17,d17_medium,2,17,closed,0.0,3.480000000000002
2.46,54,92.104722,17,final_d19_closed,0,19,closed,0.0,2.4599999999999995
2.15,35,92.124606,17,d19_detour,2,19,closed,0.0,2.1500000000000004
-4.65,45,92.149484,17,final_d15_closed,0,15,closed,0.0,-4.649999999999998
2.46,54,92.178116,17,final_d19_closed,0,19,closed,0.0,2.4599999999999995
2.46,54,92.20664,17,final_d19_open,0,19,open,1.0,2.4599999999999995
-4.4,45,92.230954,17,final_d15_closed,0,15,closed,0.0,-4.399999999999997
4.02,48,92.257617,17,d19_detour,2,19,closed,0.0,4.020000000000003
2.46,54,92.286258,17,final_d19_open,0,19,open,1.0,2.4599999999999995
4.02,48,92.313078,17,d19_detour,2,19,closed,0.0,4.020000000000003
4.02,48,92.339625,17,d19_detour,2,19,closed,0.0,4.020000000000003
2.46,54,92.368903,17,final_d19_closed,0,19,closed,0.0,2.4599999999999995
2.58,42,92.39123,17,final_d15_open,0,15,open,1.0,2.5799999999999996
2.58,42,92.413607,17,final_d15_open,0,15,open,1.0,2.5799999999999996
1.31,29,92.430237,17,d17_medium,2,17,closed,0.0,1.3099999999999998
2.58,42,92.453515,17,final_d15_open,0,15,open,1.0,2.5799999999999996
4.14,36,92.473658,17,d15_direct,2,15,open,1.0,4.140000000000002
2.58,42,92.496063,17,final_d17_open,0,17,open,1.0,2.5799999999999996
2.58,42,92.518519,17,final_d15_open,0,15,open,1.0,2.5799999999999996
0.11,49,92.544938,17,final_d17_closed,0,17,closed,0.0,0.10999999999999965
-5.0,45,92.569013,17,final_d15_closed,0,15,closed,0.0,-5.0
1.92,48,92.821395,17,final_d17_closed,0,17,closed,0.0,1.9199999999999997
4.14,36,92.842268,17,d15_direct,2,15,open,1.0,4.140000000000002
1.92,48,92.869482,17,final_d17_closed,0,17,closed,0.0,1.9199999999999997
2.14,46,92.895271,17,final_d17_open,0,17,open,1.0,2.1399999999999997
1.92,48,92.922137,17,final_d17_closed,0,17,closed,0.0,1.9199999999999997
2.46,54,92.951598,17,final_d19_open,0,19,open,1.0,2.4599999999999995
-0.2,55,92.981647,17,final_d19_open,0,19,open,1.0,-0.2000000000000004
4.14,36,93.002104,17,d15_direct,2,15,open,1.0,4.140000000000002
2.14,46,93.027377,17,final_d17_open,0,17,open,1.0,2.1399999999999997
2.48,52,93.056038,17,final_d19_open,0,19,open,1.0,2.4799999999999995
2.46,54,93.085728,17,final_d19_open,0,19,open,1.0,2.4599999999999995
4.14,36,93.106314,17,d15_direct,2,15,open,1.0,4.140000000000002
2.46,54,93.137481,17,final_d19_closed,0,19,closed,0.0,2.4599999999999995
2.58,42,93.162281,17,final_d15_open,0,15,open,1.0,2.5799999999999996
2.36,44,93.186265,17,final_d17_open,0,17,open,1.0,2.3599999999999994
4.14,36,93.207375,17,d15_direct,2,15,open,1.0,4.140000000000002
4.02,48,93.235068,17,d19_detour,2,19,closed,0.0,4.020000000000003
2.14,46,93.260632,17,final_d17_open,0,17,open,1.0,2.1399999999999997
1.92,48,93.286871,17,final_d17_open,0,17,open,1.0,1.9199999999999997
2.58,42,93.309853,17,final_d15_open,0,15,open,1.0,2.5799999999999996
4.02,48,93.337107,17,d19_detour,2,19,closed,0.0,4.020000000000003
2.14,46,93.362608,17,final_d17_open,0,17,open,1.0,2.1399999999999997
2.58,42,93.385842,17,final_d15_open,0,15,open,1.0,2.5799999999999996
2.58,42,93.40871,17,final_d15_open,0,15,open,1.0,2.5799999999999996
-4.8,45,93.433388,17,final_d15_closed,0,15,closed,0.0,-4.8
4.14,36,93.453853,17,d15_direct,2,15,open,1.0,4.140000000000002
2.14,46,93.478853,17,final_d17_open,0,17,open,1.0,2.1399999999999997
-4.7,45,93.503898,17,final_d15_closed,0,15,closed,0.0,-4.6999999999999975
4.14,36,93.524679,17,d15_direct,2,15,open,1.0,4.140000000000002
2.28,52,93.552865,17,final_d19_open,0,19,open,1.0,2.2799999999999994
4.14,36,93.572968,17,d15_direct,2,15,open,1.0,4.140000000000002
2.14,46,93.598197,17,final_d17_open,0,17,open,1.0,2.1399999999999997
4.14,36,93.619857,17,d15_direct,2,15,open,1.0,4.140000000000002
3.48,42,93.644004,17,d17_medium,2,17,closed,0.0,3.480000000000002
1.92,48,93.671523,17,final_d17_closed,0,17,closed,0.0,1.9199999999999997
2.58,42,93.694468,17,final_d15_open,0,15,open,1.0,2.5799999999999996
2.46,54,93.723742,17,final_d19_closed,0,19,closed,0.0,2.4599999999999995
1.92,48,93.750247,17,final_d17_closed,0,17,closed,0.0,1.9199999999999997
2.4,55,93.780117,17,final_d19_open,0,19,open,1.0,2.3999999999999995
3.48,42,93.803876,17,d17_medium,2,17,closed,0.0,3.480000000000002
4.14,36,93.824187,17,d15_direct,2,15,open,1.0,4.140000000000002
2.46,54,93.853574,17,final_d19_open,0,19,open,1.0,2.4599999999999995
2.14,46,93.878491,17,final_d17_open,0,17,open,1.0,2.1399999999999997
1.92,48,93.904728,17,final_d17_closed,0,17,closed,0.0,1.9199999999999997
1.92,48,93.931081,17,final_d17_closed,0,17,closed,0.0,1.9199999999999997
2.14,46,94.191627,17,final_d17_open,0,17,open,1.0,2.1399999999999997
-4.15,45,94.216933,17,final_d15_closed,0,15,closed,0.0,-4.149999999999998
-4.45,45,94.241761,17,final_d15_closed,0,15,closed,0.0,-4.449999999999999
1.92,48,94.268087,17,final_d17_closed,0,17,closed,0.0,1.9199999999999997
-4.55,45,94.293394,17,final_d15_closed,0,15,closed,0.0,-4.549999999999999
2.14,46,94.320233,17,final_d17_open,0,17,open,1.0,2.1399999999999997
4.14,36,94.342096,17,d15_direct,2,15,open,1.0,4.140000000000002
2.14,46,94.367179,17,final_d17_open,0,17,open,1.0,2.1399999999999997
-4.15,45,94.39123,17,final_d15_closed,0,15,closed,0.0,-4.149999999999998
2.46,54,94.421232,17,final_d19_open,0,19,open,1.0,2.4599999999999995
4.14,36,94.441549,17,d15_direct,2,15,open,1.0,4.140000000000002
1.92,48,94.46737,17,final_d17_open,0,17,open,1.0,1.9199999999999997
1.92,48,94.493013,17,final_d17_closed,0,17,closed,0.0,1.9199999999999997
-5.1,45,94.516691,17,final_d15_closed,0,15,closed,0.0,-5.1
2.58,42,94.538592,17,final_d15_open,0,15,open,1.0,2.5799999999999996
2.26,54,94.57008,17,final_d19_closed,0,19,closed,0.0,2.26
2.58,42,94.594222,17,final_d15_open,0,15,open,1.0,2.5799999999999996
4.14,36,94.614337,17,d15_direct,2,15,open,1.0,4.140000000000002
1.92,48,94.64087,17,final_d17_open,0,17,open,1.0,1.9199999999999997
4.02,48,94.669053,17,d19_detour,2,19,closed,0.0,4.020000000000003
3.48,42,94.694106,17,d17_medium,2,17,closed,0.0,3.480000000000002
4.02,48,94.721868,17,d19_detour,2,19,closed,0.0,4.020000000000003
2.58,42,94.744941,17,final_d15_open,0,15,open,1.0,2.5799999999999996
2.46,54,94.774624,17,final_d19_open,0,19,open,1.0,2.4599999999999995
-4.45,45,94.800142,17,final_d15_closed,0,15,closed,0.0,-4.449999999999997
0.18,32,94.818834,17,d19_detour,2,19,closed,0.0,0.17999999999999972
1.31,29,94.836273,17,d17_medium,2,17,closed,0.0,1.3099999999999998
2.46,54,94.869141,17,final_d19_closed,0,19,closed,0.0,2.4599999999999995
2.46,54,94.899384,17,final_d19_open,0,19,open,1.0,2.4599999999999995
4.14,36,94.920236,17,d15_direct,2,15,open,1.0,4.140000000000002
2.46,54,94.950471,17,final_d19_open,0,19,open,1.0,2.4599999999999995
4.14,36,94.972056,17,d15_direct,2,15,open,1.0,4.140000000000002
4.02,48,95.000076,17,d19_detour,2,19,closed,0.0,4.020000000000003
2.46,54,95.029068,17,final_d19_closed,0,19,closed,0.0,2.4599999999999995
2.46,54,95.066167,17,final_d19_closed,0,19,closed,0.0,2.4599999999999995
1.92,48,95.092887,17,final_d17_closed,0,17,closed,0.0,1.9199999999999997
1.92,48,95.119049,17,final_d17_closed,0,17,closed,0.0,1.9199999999999997
2.46,54,95.149321,17,final_d19_closed,0,19,closed,0.0,2.4599999999999995
2.58,42,95.1719,17,final_d15_open,0,15,open,1.0,2.5799999999999996
3.48,42,95.195976,17,d17_medium,2,17,closed,0.0,3.480000000000002
-4.2,45,95.221468,17,final_d15_closed,0,15,closed,0.0,-4.1999999999999975
4.14,36,95.241848,17,d15_direct,2,15,open,1.0,4.140000000000002
1.92,48,95.268238,17,final_d17_open,0,17,open,1.0,1.9199999999999997
2.46,54,95.300117,17,final_d19_closed,0,19,closed,0.0,2.4599999999999995
2.58,42,95.322648,17,final_d15_open,0,15,open,1.0,2.5799999999999996
2.46,54,95.57937,17,final_d19_closed,0,19,closed,0.0,2.4599999999999995
0.11,49,95.60653,17,final_d17_closed,0,17,closed,0.0,0.10999999999999965
4.02,48,95.633699,17,d19_detour,2,19,closed,0.0,4.020000000000003
-4.7,45,95.658079,17,final_d15_closed,0,15,closed,0.0,-4.6999999999999975
2.58,42,95.680561,17,final_d15_open,0,15,open,1.0,2.5799999999999996
2.14,46,95.705355,17,final_d17_open,0,17,open,1.0,2.1399999999999997
2.58,42,95.727781,17,final_d15_open,0,15,open,1.0,2.5799999999999996
4.14,36,95.747877,17,d15_direct,2,15,open,1.0,4.140000000000002
1.31,29,95.764611,17,d17_medium,2,17,closed,0.0,1.3099999999999998
3.48,42,95.788082,17,d17_medium,2,17,closed,0.0,3.480000000000002
4.02,48,95.815757,17,d19_detour,2,19,closed,0.0,4.020000000000003
3.48,42,95.839367,17,d17_medium,2,17,closed,0.0,3.480000000000002
2.58,42,95.862345,17,final_d15_open,0,15,open,1.0,2.5799999999999996
2.46,54,95.891026,17,final_d19_closed,0,19,closed,0.0,2.4599999999999995
2.58,42,95.913212,17,final_d15_open,0,15,open,1.0,2.5799999999999996
-4.75,45,95.937434,17,final_d15_closed,0,15,closed,0.0,-4.749999999999998
4.14,36,95.957638,17,d15_direct,2,15,open,1.0,4.140000000000002
4.02,48,95.985261,17,d19_detour,2,19,closed,0.0,4.020000000000003
2.58,42,96.007789,17,final_d15_open,0,15,open,1.0,2.5799999999999996
-0.49,49,96.034017,17,final_d17_closed,0,17,closed,0.0,-0.4899999999999993
3.48,42,96.05797,17,d17_medium,2,17,closed,0.0,3.480000000000002
4.02,48,96.084355,17,d19_detour,2,19,closed,0.0,4.020000000000003
2.58,42,96.106612,17,final_d15_open,0,15,open,1.0,2.5799999999999996
4.14,36,96.12676,17,d15_direct,2,15,open,1.0,4.140000000000002
3.48,42,96.150303,17,d17_medium,2,17,closed,0.0,3.480000000000002
4.14,36,96.170513,17,d15_direct,2,15,open,1.0,4.140000000000002
1.92,48,96.196334,17,final_d17_closed,0,17,closed,0.0,1.9199999999999997
1.92,48,96.22262,17,final_d17_closed,0,17,closed,0.0,1.9199999999999997
2.14,46,96.247266,17,final_d17_open,0,17,open,1.0,2.1399999999999997
-5.0,45,96.271341,17,final_d15_closed,0,15,closed,0.0,-5.0
2.52,43,96.294159,17,final_d15_open,0,15,open,1.0,2.5199999999999996
2.46,54,96.322976,17,final_d19_closed,0,19,closed,0.0,2.4599999999999995
-4.4,45,96.347452,17,final_d15_closed,0,15,closed,0.0,-4.4
-4.45,45,96.371714,17,final_d15_closed,0,15,closed,0.0,-4.449999999999999
4.02,48,96.398162,17,d19_detour,2,19,closed,0.0,4.020000000000003
2.14,46,96.422794,17,final_d17_open,0,17,open,1.0,2.1399999999999997
3.48,42,96.447242,17,d17_medium,2,17,closed,0.0,3.480000000000002
4.14,36,96.467659,17,d15_direct,2,15,open,1.0,4.140000000000002
2.46,54,96.498056,17,final_d19_closed,0,19,closed,0.0,2.4599999999999995
-4.4,45,96.52306,17,final_d15_closed,0,15,closed,0.0,-4.4
1.92,48,96.549464,17,final_d17_closed,0,17,closed,0.0,1.9199999999999997
2.58,42,96.572041,17,final_d15_open,0,15,open,1.0,2.5799999999999996
4.02,48,96.598842,17,d19_detour,2,19,closed,0.0,4.020000000000003
3.48,42,96.622536,17,d17_medium,2,17,closed,0.0,3.480000000000002
4.02,48,96.649597,17,d19_detour,2,19,closed,0.0,4.020000000000003
4.02,48,96.676004,17,d19_detour,2,19,closed,0.0,4.020000000000003
4.14,36,96.931061,17,d15_direct,2,15,open,1.0,4.140000000000002
1.92,48,96.957735,17,final_d17_closed,0,17,closed,0.0,1.9199999999999997
0.06,49,96.985154,17,final_d17_open,0,17,open,1.0,0.05999999999999961
1.92,48,97.011546,17,final_d17_closed,0,17,closed,0.0,1.9199999999999997
1.92,48,97.037831,17,final_d17_open,0,17,open,1.0,1.9199999999999997
4.14,36,97.058236,17,d15_direct,2,15,open,1.0,4.140000000000002
1.92,48,97.084555,17,final_d17_closed,0,17,closed,0.0,1.9199999999999997
4.02,48,97.112187,17,d19_detour,2,19,closed,0.0,4.020000000000003
2.46,54,97.141813,17,final_d19_closed,0,19,closed,0.0,2.4599999999999995
2.58,42,97.164878,17,final_d15_open,0,15,open,1.0,2.5799999999999996
4.14,36,97.185653,17,d15_direct,2,15,open,1.0,4.140000000000002
1.86,49,97.212414,17,final_d17_closed,0,17,closed,0.0,1.8599999999999997
2.14,46,97.237623,17,final_d17_open,0,17,open,1.0,2.1399999999999997
1.92,48,97.264233,17,final_d17_closed,0,17,closed,0.0,1.9199999999999997
1.75,25,97.278913,17,d15_direct,2,15,open,1.0,1.7499999999999998
2.46,54,97.308216,17,final_d19_open,0,19,open,1.0,2.4599999999999995
1.92,48,97.335896,17,final_d17_closed,0,17,closed,0.0,1.9199999999999997
2.14,46,97.360971,17,final_d17_open,0,17,open,1.0,2.1399999999999997
1.92,48,97.387311,17,final_d17_open,0,17,open,1.0,1.9199999999999997
1.92,48,97.414223,17,final_d17_closed,0,17,closed,0.0,1.9199999999999997
4.14,36,97.435199,17,d15_direct,2,15,open,1.0,4.140000000000002
2.58,42,97.45804,17,final_d15_open,0,15,open,1.0,2.5799999999999996
2.58,42,97.48094,17,final_d15_open,0,15,open,1.0,2.5799999999999996
2.46,54,97.510455,17,final_d19_closed,0,19,closed,0.0,2.4599999999999995
2.4,55,97.540504,17,final_d19_open,0,19,open,1.0,2.3999999999999995
2.58,42,97.563159,17,final_d15_open,0,15,open,1.0,2.5799999999999996
4.14,36,97.583548,17,d15_direct,2,15,open,1.0,4.140000000000002
-4.1,45,97.608288,17,final_d15_closed,0,15,closed,0.0,-4.099999999999997
-4.4,45,97.633162,17,final_d15_closed,0,15,closed,0.0,-4.399999999999997
2.46,54,97.662275,17,final_d19_open,0,19,open,1.0,2.4599999999999995
2.58,42,97.685484,17,final_d15_open,0,15,open,1.0,2.5799999999999996
2.58,42,97.708155,17,final_d15_open,0,15,open,1.0,2.5799999999999996
3.48,42,97.732171,17,d17_medium,2,17,closed,0.0,3.480000000000002
2.36,44,97.756867,17,final_d17_open,0,17,open,1.0,2.3599999999999994
1.92,48,97.783267,17,final_d17_closed,0,17,closed,0.0,1.9199999999999997
0.33,47,97.808681,17,final_d17_open,0,17,open,1.0,0.3299999999999996
3.48,42,97.832924,17,d17_medium,2,17,closed,0.0,3.480000000000002
2.58,42,97.856614,17,final_d15_open,0,15,open,1.0,2.5799999999999996
0.32,43,97.879979,17,final_d15_open,0,15,open,1.0,0.3199999999999996
1.92,48,97.906421,17,final_d17_closed,0,17,closed,0.0,1.9199999999999997
1.92,48,97.932679,17,final_d17_closed,0,17,closed,0.0,1.9199999999999997
3.48,42,97.956386,17,d17_medium,2,17,closed,0.0,3.480000000000002
2.46,54,97.986327,17,final_d19_open,0,19,open,1.0,2.4599999999999995
-4.75,45,98.010693,17,final_d15_closed,0,15,closed,0.0,-4.749999999999998
2.58,42,98.033273,17,final_d15_open,0,15,open,1.0,2.5799999999999996
1.92,48,98.059969,17,final_d17_closed,0,17,closed,0.0,1.9199999999999997
1.92,48,98.307164,17,final_d17_open,0,17,open,1.0,1.9199999999999997
4.02,48,98.334493,17,d19_detour,2,19,closed,0.0,4.020000000000003
0.11,49,98.361502,17,final_d17_open,0,17,open,1.0,0.10999999999999965
1.92,48,98.388923,17,final_d17_open,0,17,open,1.0,1.9199999999999997
-4.4,45,98.413972,17,final_d15_closed,0,15,closed,0.0,-4.399999999999997
1.92,48,98.440524,17,final_d17_closed,0,17,closed,0.0,1.9199999999999997
2.14,36,98.461453,17,d19_detour,2,19,closed,0.0,2.1400000000000006
3.48,42,98.486439,17,d17_medium,2,17,closed,0.0,3.480000000000002
0.11,49,98.513393,17,final_d17_open,0,17,open,1.0,0.10999999999999965
2.46,54,98.543122,17,final_d19_closed,0,19,closed,0.0,2.4599999999999995
4.14,36,98.563855,17,d15_direct,2,15,open,1.0,4.140000000000002
1.92,48,98.590525,17,final_d17_closed,0,17,closed,0.0,1.9199999999999997
4.14,36,98.61109,17,d15_direct,2,15,open,1.0,4.140000000000002
2.58,42,98.634688,17,final_d15_open,0,15,open,1.0,2.5799999999999996
2.46,54,98.663873,17,final_d19_closed,0,19,closed,0.0,2.4599999999999995
1.75,25,98.678733,17,d15_direct,2,15,open,1.0,1.7499999999999998
1.92,48,98.706359,17,final_d17_open,0,17,open,1.0,1.9199999999999997
4.02,48,98.733103,17,d19_detour,2,19,closed,0.0,4.020000000000003
2.58,42,98.75585,17,final_d15_open,0,15,open,1.0,2.5799999999999996
1.92,48,98.782963,17,final_d17_closed,0,17,closed,0.0,1.9199999999999997
2.46,54,98.812325,17,final_d19_open,0,19,open,1.0,2.4599999999999995
2.46,54,98.843526,17,final_d19_closed,0,19,closed,0.0,2.4599999999999995
2.26,54,98.873882,17,final_d19_closed,0,19,closed,0.0,2.26
2.46,54,98.903766,17,final_d19_closed,0,19,closed,0.0,2.4599999999999995
2.46,54,98.932555,17,final_d19_closed,0,19,closed,0.0,2.4599999999999995
-4.45,45,98.958096,17,final_d15_closed,0,15,closed,0.0,-4.449999999999997
2.58,42,98.982632,17,final_d15_open,0,15,open,1.0,2.5799999999999996
4.02,48,99.009256,17,d19_detour,2,19,closed,0.0,4.020000000000003
3.48,42,99.032805,17,d17_medium,2,17,closed,0.0,3.480000000000002
4.14,36,99.053041,17,d15_direct,2,15,open,1.0,4.140000000000002
0.11,49,99.079323,17,final_d17_open,0,17,open,1.0,0.10999999999999988
3.48,42,99.103042,17,d17_medium,2,17,closed,0.0,3.480000000000002
1.92,48,99.128975,17,final_d17_closed,0,17,closed,0.0,1.9199999999999997
1.92,48,99.154815,17,final_d17_open,0,17,open,1.0,1.9199999999999997
2.46,54,99.184004,17,final_d19_open,0,19,open,1.0,2.4599999999999995
2.46,54,99.213971,17,final_d19_open,0,19,open,1.0,2.4599999999999995
2.58,42,99.23706,17,final_d15_open,0,15,open,1.0,2.5799999999999996
2.46,54,99.26585,17,final_d19_open,0,19,open,1.0,2.4599999999999995
2.46,54,99.294652,17,final_d19_open,0,19,open,1.0,2.4599999999999995
-4.3,45,99.319021,17,final_d15_closed,0,15,closed,0.0,-4.299999999999997
2.14,46,99.343854,17,final_d17_open,0,17,open,1.0,2.1399999999999997
1.92,48,99.369855,17,final_d17_closed,0,17,closed,0.0,1.9199999999999997
2.46,54,99.399299,17,final_d19_closed,0,19,closed,0.0,2.4599999999999995
2.46,54,99.646861,17,final_d19_closed,0,19,closed,0.0,2.4599999999999995
2.4,55,99.677066,17,final_d19_open,0,19,open,1.0,2.3999999999999995
2.14,46,99.704071,17,final_d17_open,0,17,open,1.0,2.1399999999999997
1.92,48,99.731514,17,final_d17_closed,0,17,closed,0.0,1.9199999999999997
-4.4,45,99.756068,17,final_d15_closed,0,15,closed,0.0,-4.399999999999998
3.48,42,99.7799,17,d17_medium,2,17,closed,0.0,3.480000000000002
-4.05,45,99.805804,17,final_d15_closed,0,15,closed,0.0,-4.049999999999997
-4.05,45,99.830282,17,final_d15_closed,0,15,closed,0.0,-4.049999999999997
4.02,48,99.858558,17,d19_detour,2,19,closed,0.0,4.020000000000003
3.48,42,99.882242,17,d17_medium,2,17,closed,0.0,3.480000000000002
2.46,54,99.910955,17,final_d19_open,0,19,open,1.0,2.4599999999999995
3.48,42,99.934549,17,d17_medium,2,17,closed,0.0,3.480000000000002
2.46,54,99.963272,17,final_d19_closed,0,19,closed,0.0,2.4599999999999995
2.46,54,99.992085,17,final_d19_closed,0,19,closed,0.0,2.4599999999999995
1.92,48,100.019612,17,final_d17_closed,0,17,closed,0.0,1.9199999999999997
2.46,54,100.048327,17,final_d19_open,0,19,open,1.0,2.4599999999999995
1.92,48,100.074448,17,final_d17_open,0,17,open,1.0,1.9199999999999997
3.48,42,100.098006,17,d17_medium,2,17,closed,0.0,3.480000000000002
2.46,54,100.126562,17,final_d19_closed,0,19,closed,0.0,2.4599999999999995
2.58,42,100.148926,17,final_d15_open,0,15,open,1.0,2.5799999999999996
2.58,42,100.171234,17,final_d15_open,0,15,open,1.0,2.5799999999999996
2.58,42,100.193567,17,final_d15_open,0,15,open,1.0,2.5799999999999996
1.92,48,100.219281,17,final_d17_open,0,17,open,1.0,1.9199999999999997
4.14,36,100.239481,17,d15_direct,2,15,open,1.0,4.140000000000002
4.14,36,100.260164,17,d15_direct,2,15,open,1.0,4.140000000000002
4.02,48,100.286662,17,d19_detour,2,19,closed,0.0,4.020000000000003
2.58,42,100.309705,17,final_d15_open,0,15,open,1.0,2.5799999999999996
4.02,48,100.337025,17,d19_detour,2,19,closed,0.0,4.020000000000003
1.92,48,100.362733,17,final_d17_open,0,17,open,1.0,1.9199999999999997
2.46,54,100.391854,17,final_d19_open,0,19,open,1.0,2.4599999999999995
2.46,54,100.421254,17,final_d19_open,0,19,open,1.0,2.4599999999999995
4.14,36,100.441889,17,d15_direct,2,15,open,1.0,4.140000000000002
2.46,54,100.471998,17,final_d19_open,0,19,open,1.0,2.4599999999999995
2.46,54,100.500952,17,final_d19_closed,0,19,closed,0.0,2.4599999999999995
1.31,29,100.517767,17,d17_medium,2,17,closed,0.0,1.3099999999999998
4.02,48,100.544853,17,d19_detour,2,19,closed,0.0,4.020000000000003
1.92,48,100.572172,17,final_d17_closed,0,17,closed,0.0,1.9199999999999997
1.92,48,100.598582,17,final_d17_closed,0,17,closed,0.0,1.9199999999999997
-4.4,45,100.622821,17,final_d15_closed,0,15,closed,0.0,-4.399999999999997
2.46,54,100.652492,17,final_d19_closed,0,19,closed,0.0,2.4599999999999995
-4.05,45,100.676781,17,final_d15_closed,0,15,closed,0.0,-4.049999999999997
-0.2,55,100.706674,17,final_d19_open,0,19,open,1.0,-0.20000000000000062
2.14,46,100.731684,17,final_d17_open,0,17,open,1.0,2.1399999999999997
2.58,42,100.754198,17,final_d15_open,0,15,open,1.0,2.5799999999999996
4.02,48,101.003708,17,d19_detour,2,19,closed,0.0,4.020000000000003
1.92,48,101.03079,17,final_d17_open,0,17,open,1.0,1.9199999999999997
-4.15,45,101.05577,17,final_d15_closed,0,15,closed,0.0,-4.149999999999997
1.92,48,101.082865,17,final_d17_closed,0,17,closed,0.0,1.9199999999999997
2.58,42,101.105925,17,final_d15_open,0,15,open,1.0,2.5799999999999996
2.46,54,101.134676,17,final_d19_open,0,19,open,1.0,2.4599999999999995
1.92,48,101.160599,17,final_d17_open,0,17,open,1.0,1.9199999999999997
4.02,48,101.187189,17,d19_detour,2,19,closed,0.0,4.020000000000003
2.52,43,101.210435,17,final_d15_open,0,15,open,1.0,2.5199999999999996
2.46,54,101.239785,17,final_d19_open,0,19,open,1.0,2.4599999999999995
1.92,48,101.266069,17,final_d17_open,0,17,open,1.0,1.9199999999999997
2.58,42,101.288933,17,final_d15_open,0,15,open,1.0,2.5799999999999996
1.92,48,101.315417,17,final_d17_open,0,17,open,1.0,1.9199999999999997
2.46,54,101.344666,17,final_d19_open,0,19,open,1.0,2.4599999999999995
2.46,54,101.37412,17,final_d19_open,0,19,open,1.0,2.4599999999999995
2.46,54,101.403504,17,final_d19_closed,0,19,closed,0.0,2.4599999999999995
4.02,48,101.430543,17,d19_detour,2,19,closed,0.0,4.020000000000003
3.48,42,101.456327,17,d17_medium,2,17,closed,0.0,3.480000000000002
2.46,54,101.485573,17,final_d19_closed,0,19,closed,0.0,2.4599999999999995
1.75,25,101.500129,17,d15_direct,2,15,open,1.0,1.7499999999999998
2.14,46,101.525084,17,final_d17_open,0,17,open,1.0,2.1399999999999997
-0.25,55,101.554519,17,final_d19_open,0,19,open,1.0,-0.24999999999999933
4.02,48,101.581332,17,d19_detour,2,19,closed,0.0,4.020000000000003
3.48,42,101.605318,17,d17_medium,2,17,closed,0.0,3.480000000000002
1.92,48,101.632331,17,final_d17_open,0,17,open,1.0,1.9199999999999997
1.92,48,101.658553,17,final_d17_closed,0,17,closed,0.0,1.9199999999999997
1.92,48,101.688598,17,final_d17_open,0,17,open,1.0,1.9199999999999997
2.46,54,101.72113,17,final_d19_open,0,19,open,1.0,2.4599999999999995
1.92,48,101.747313,17,final_d17_closed,0,17,closed,0.0,1.9199999999999997
1.92,48,101.773576,17,final_d17_closed,0,17,closed,0.0,1.9199999999999997
4.02,48,101.800894,17,d19_detour,2,19,closed,0.0,4.020000000000003
2.58,42,101.823244,17,final_d15_open,0,15,open,1.0,2.5799999999999996
-4.35,45,101.849566,17,final_d15_closed,0,15,closed,0.0,-4.349999999999997
2.58,42,101.872569,17,final_d15_open,0,15,open,1.0,2.5799999999999996
1.92,48,101.898945,17,final_d17_closed,0,17,closed,0.0,1.9199999999999997
2.46,54,101.929126,17,final_d19_closed,0,19,closed,0.0,2.4599999999999995
4.02,48,101.956438,17,d19_detour,2,19,closed,0.0,4.020000000000003
-4.05,45,101.981613,17,final_d15_closed,0,15,closed,0.0,-4.049999999999997
3.48,42,102.005806,17,d17_medium,2,17,closed,0.0,3.480000000000002
4.14,36,102.026843,17,d15_direct,2,15,open,1.0,4.140000000000002
1.92,48,102.05361,17,final_d17_closed,0,17,closed,0.0,1.9199999999999997
4.02,48,102.080841,17,d19_detour,2,19,closed,0.0,4.020000000000003
1.92,48,102.107166,17,final_d17_open,0,17,open,1.0,1.9199999999999997
1.92,48,102.351591,17,final_d17_open,0,17,open,1.0,1.9199999999999997
-4.05,45,102.377964,17,final_d15_closed,0,15,closed,0.0,-4.049999999999997
4.14,36,102.399791,17,d15_direct,2,15,open,1.0,4.140000000000002
2.58,42,102.422751,17,final_d15_open,0,15,open,1.0,2.5799999999999996
2.46,54,102.451726,17,final_d19_open,0,19,open,1.0,2.4599999999999995
4.14,36,102.472506,17,d15_direct,2,15,open,1.0,4.140000000000002
2.46,54,102.501248,17,final_d19_open,0,19,open,1.0,2.4599999999999995
1.92,48,102.528407,17,final_d17_closed,0,17,closed,0.0,1.9199999999999997
2.46,54,102.558845,17,final_d19_open,0,19,open,1.0,2.4599999999999995
3.48,42,102.58468,17,d17_medium,2,17,closed,0.0,3.480000000000002
-0.49,49,102.614586,17,final_d17_closed,0,17,closed,0.0,-0.4900000000000009
3.48,42,102.639168,17,d17_medium,2,17,closed,0.0,3.480000000000002
1.31,29,102.656962,17,d17_medium,2,17,closed,0.0,1.3099999999999998
3.48,42,102.682006,17,d17_medium,2,17,closed,0.0,3.480000000000002
1.31,29,102.699097,17,d17_medium,2,17,closed,0.0,1.3099999999999998
-4.4,45,102.724041,17,final_d15_closed,0,15,closed,0.0,-4.4
4.14,36,102.744635,17,d15_direct,2,15,open,1.0,4.140000000000002
4.02,48,102.77245,17,d19_detour,2,19,closed,0.0,4.020000000000003
4.14,36,102.793092,17,d15_direct,2,15,open,1.0,4.140000000000002
2.58,42,102.816466,17,final_d15_open,0,15,open,1.0,2.5799999999999996
-4.4,45,102.841421,17,final_d15_closed,0,15,closed,0.0,-4.399999999999998
1.92,48,102.87109,17,final_d17_closed,0,17,closed,0.0,1.9199999999999997
2.36,44,102.895559,17,final_d17_open,0,17,open,1.0,2.3599999999999994
2.58,42,102.918055,17,final_d15_open,0,15,open,1.0,2.5799999999999996
4.14,36,102.939236,17,d15_direct,2,15,open,1.0,4.140000000000002
2.46,54,102.975424,17,final_d19_open,0,19,open,1.0,2.4599999999999995
2.46,54,103.006039,17,final_d19_closed,0,19,closed,0.0,2.4599999999999995
2.14,36,103.027677,17,d19_detour,2,19,closed,0.0,2.1400000000000006
2.58,42,103.051541,17,final_d15_open,0,15,open,1.0,2.5799999999999996
-4.8,45,103.076546,17,final_d15_closed,0,15,closed,0.0,-4.799999999999999
3.48,42,103.10153,17,d17_medium,2,17,closed,0.0,3.480000000000002
2.46,54,103.131474,17,final_d19_closed,0,19,closed,0.0,2.4599999999999995
-4.15,45,103.156715,17,final_d15_closed,0,15,closed,0.0,-4.149999999999998
2.36,44,103.181114,17,final_d17_open,0,17,open,1.0,2.3599999999999994
2.46,54,103.210531,17,final_d19_closed,0,19,closed,0.0,2.4599999999999995
2.46,54,103.24027,17,final_d19_closed,0,19,closed,0.0,2.4599999999999995
2.14,36,103.26099,17,d19_detour,2,19,closed,0.0,2.1400000000000006
4.02,48,103.288718,17,d19_detour,2,19,closed,0.0,4.020000000000003
1.92,48,103.315645,17,final_d17_closed,0,17,closed,0.0,1.9199999999999997
3.48,42,103.33971,17,d17_medium,2,17,closed,0.0,3.480000000000002
2.46,54,103.369832,17,final_d19_open,0,19,open,1.0,2.4599999999999995
3.48,42,103.395408,17,d17_medium,2,17,closed,0.0,3.480000000000002
2.52,43,103.418748,17,final_d15_open,0,15,open,1.0,2.5199999999999996
3.48,42,103.442326,17,d17_medium,2,17,closed,0.0,3.480000000000002
2.36,44,103.465946,17,final_d17_open,0,17,open,1.0,2.3599999999999994
2.3,45,103.491343,17,final_d17_open,0,17,open,1.0,2.3
-4.5,45,103.515378,17,final_d15_closed,0,15,closed,0.0,-4.4999999999999964
4.14,36,103.754544,17,d15_direct,2,15,open,1.0,4.140000000000002
2.46,54,103.783508,17,final_d19_open,0,19,open,1.0,2.4599999999999995
1.92,48,103.809545,17,final_d17_closed,0,17,closed,0.0,1.9199999999999997
1.92,48,103.835677,17,final_d17_open,0,17,open,1.0,1.9199999999999997
4.14,36,103.856982,17,d15_direct,2,15,open,1.0,4.140000000000002
2.46,54,103.885938,17,final_d19_closed,0,19,closed,0.0,2.4599999999999995
4.14,36,103.906152,17,d15_direct,2,15,open,1.0,4.140000000000002
4.02,48,103.932781,17,d19_detour,2,19,closed,0.0,4.020000000000003
3.48,42,103.956733,17,d17_medium,2,17,closed,0.0,3.480000000000002
-4.1,45,103.981324,17,final_d15_closed,0,15,closed,0.0,-4.099999999999998
-4.4,45,104.0066,17,final_d15_closed,0,15,closed,0.0,-4.399999999999997
2.46,54,104.03563,17,final_d19_open,0,19,open,1.0,2.4599999999999995
2.46,54,104.064702,17,final_d19_closed,0,19,closed,0.0,2.4599999999999995
-5.1,45,104.08963,17,final_d15_closed,0,15,closed,0.0,-5.1
-4.4,45,104.114321,17,final_d15_closed,0,15,closed,0.0,-4.4
2.46,54,104.143462,17,final_d19_closed,0,19,closed,0.0,2.4599999999999995
2.46,54,104.174026,17,final_d19_open,0,19,open,1.0,2.4599999999999995
4.14,36,104.195032,17,d15_direct,2,15,open,1.0,4.140000000000002
2.58,42,104.217824,17,final_d15_open,0,15,open,1.0,2.5799999999999996
2.14,46,104.242769,17,final_d17_open,0,17,open,1.0,2.1399999999999997
2.14,46,104.26795,17,final_d17_open,0,17,open,1.0,2.1399999999999997
-4.05,45,104.292705,17,final_d15_closed,0,15,closed,0.0,-4.049999999999997
-4.4,45,104.319241,17,final_d15_closed,0,15,closed,0.0,-4.399999999999998
1.92,48,104.345382,17,final_d17_closed,0,17,closed,0.0,1.9199999999999997
2.26,54,104.375128,17,final_d19_closed,0,19,closed,0.0,2.26
-4.1,45,104.399769,17,final_d15_closed,0,15,closed,0.0,-4.099999999999997
2.46,54,104.429444,17,final_d19_open,0,19,open,1.0,2.4599999999999995
2.58,42,104.453506,17,final_d15_open,0,15,open,1.0,2.5799999999999996
2.46,54,104.483017,17,final_d19_closed,0,19,closed,0.0,2.4599999999999995
1.92,48,104.508991,17,final_d17_open,0,17,open,1.0,1.9199999999999997
-4.65,45,104.53383,17,final_d15_closed,0,15,closed,0.0,-4.65
2.58,42,104.556396,17,final_d15_open,0,15,open,1.0,2.5799999999999996
2.58,42,104.578862,17,final_d15_open,0,15,open,1.0,2.5799999999999996
2.58,42,104.601656,17,final_d15_open,0,15,open,1.0,2.5799999999999996
2.46,54,104.632604,17,final_d19_open,0,19,open,1.0,2.4599999999999995
1.92,48,104.660676,17,final_d17_closed,0,17,closed,0.0,1.9199999999999997
2.14,46,104.686916,17,final_d17_open,0,17,open,1.0,2.1399999999999997
1.92,48,104.71332,17,final_d17_closed,0,17,closed,0.0,1.9199999999999997
2.46,54,104.74191,17,final_d19_closed,0,19,closed,0.0,2.4599999999999995
4.02,48,104.768524,17,d19_detour,2,19,closed,0.0,4.020000000000003
3.48,42,104.791743,17,d17_medium,2,17,closed,0.0,3.480000000000002
3.48,42,104.81521,17,d17_medium,2,17,closed,0.0,3.480000000000002
2.46,54,104.84571,17,final_d19_closed,0,19,closed,0.0,2.4599999999999995
2.46,54,105.097965,17,final_d19_open,0,19,open,1.0,2.4599999999999995
3.48,42,105.122393,17,d17_medium,2,17,closed,0.0,3.480000000000002
3.48,42,105.146089,17,d17_medium,2,17,closed,0.0,3.480000000000002
2.46,54,105.175637,17,final_d19_open,0,19,open,1.0,2.4599999999999995
-5.0,45,105.200438,17,final_d15_closed,0,15,closed,0.0,-5.0
2.46,54,105.230316,17,final_d19_open,0,19,open,1.0,2.4599999999999995
-0.2,55,105.260744,17,final_d19_closed,0,19,closed,0.0,-0.20000000000000107
1.92,48,105.28695,17,final_d17_closed,0,17,closed,0.0,1.9199999999999997
0.2,45,105.311217,17,final_d17_open,0,17,open,1.0,0.19999999999999973
-4.75,45,105.335639,17,final_d15_closed,0,15,closed,0.0,-4.749999999999998
-5.1,45,105.359903,17,final_d15_closed,0,15,closed,0.0,-5.1
4.14,36,105.379888,17,d15_direct,2,15,open,1.0,4.140000000000002
3.48,42,105.404037,17,d17_medium,2,17,closed,0.0,3.480000000000002
4.14,36,105.424244,17,d15_direct,2,15,open,1.0,4.140000000000002
2.14,46,105.450389,17,final_d17_open,0,17,open,1.0,2.1399999999999997
3.48,42,105.475251,17,d17_medium,2,17,closed,0.0,3.480000000000002
4.14,36,105.496289,17,d15_direct,2,15,open,1.0,4.140000000000002
-4.7,45,105.521622,17,final_d15_closed,0,15,closed,0.0,-4.699999999999999
1.92,48,105.547889,17,final_d17_closed,0,17,closed,0.0,1.9199999999999997
3.48,42,105.572305,17,d17_medium,2,17,closed,0.0,3.480000000000002
4.02,48,105.600501,17,d19_detour,2,19,closed,0.0,4.020000000000003
4.14,36,105.620759,17,d15_direct,2,15,open,1.0,4.140000000000002
3.48,42,105.644425,17,d17_medium,2,17,closed,0.0,3.480000000000002
2.58,42,105.667261,17,final_d15_open,0,15,open,1.0,2.5799999999999996
-4.15,45,105.691701,17,final_d15_closed,0,15,closed,0.0,-4.149999999999998
2.58,42,105.714154,17,final_d15_open,0,15,open,1.0,2.5799999999999996
4.02,48,105.740712,17,d19_detour,2,19,closed,0.0,4.020000000000003
3.48,42,105.764259,17,d17_medium,2,17,closed,0.0,3.480000000000002
2.46,54,105.793053,17,final_d19_closed,0,19,closed,0.0,2.4599999999999995
2.46,54,105.821775,17,final_d19_closed,0,19,closed,0.0,2.4599999999999995
2.58,42,105.8454,17,final_d17_open,0,17,open,1.0,2.5799999999999996
2.46,54,105.876111,17,final_d19_open,0,19,open,1.0,2.4599999999999995
2.46,54,105.905992,17,final_d19_closed,0,19,closed,0.0,2.4599999999999995
1.92,48,105.934029,17,final_d17_closed,0,17,closed,0.0,1.9199999999999997
1.92,48,105.960872,17,final_d17_closed,0,17,closed,0.0,1.9199999999999997
2.36,44,105.985796,17,final_d17_open,0,17,open,1.0,2.3599999999999994
2.58,42,106.008909,17,final_d15_open,0,15,open,1.0,2.5799999999999996
3.48,42,106.032829,17,d17_medium,2,17,closed,0.0,3.480000000000002
-4.8,45,106.057912,17,final_d15_closed,0,15,closed,0.0,-4.799999999999999
2.46,54,106.087303,17,final_d19_closed,0,19,closed,0.0,2.4599999999999995
-4.9,45,106.111523,17,final_d15_closed,0,15,closed,0.0,-4.9
2.46,54,106.14044,17,final_d19_closed,0,19,closed,0.0,2.4599999999999995
-4.45,45,106.165322,17,final_d15_closed,0,15,closed,0.0,-4.449999999999999
1.92,48,106.191386,17,final_d17_closed,0,17,closed,0.0,1.9199999999999997
2.58,42,106.214098,17,final_d15_open,0,15,open,1.0,2.5799999999999996
4.14,36,106.448312,17,d15_direct,2,15,open,1.0,4.140000000000002
2.58,42,106.470684,17,final_d15_open,0,15,open,1.0,2.5799999999999996
4.02,48,106.497357,17,d19_detour,2,19,closed,0.0,4.020000000000003
-4.75,45,106.522443,17,final_d15_closed,0,15,closed,0.0,-4.75
-4.75,45,106.547358,17,final_d15_closed,0,15,closed,0.0,-4.75
2.46,54,106.576705,17,final_d19_closed,0,19,closed,0.0,2.4599999999999995
2.14,46,106.601985,17,final_d17_open,0,17,open,1.0,2.1399999999999997
-5.0,45,106.626237,17,final_d15_closed,0,15,closed,0.0,-5.0
4.02,48,106.65305,17,d19_detour,2,19,closed,0.0,4.020000000000003
2.36,44,106.679709,17,final_d17_open,0,17,open,1.0,2.3599999999999994
2.58,42,106.702256,17,final_d15_open,0,15,open,1.0,2.5799999999999996
2.46,54,106.731149,17,final_d19_closed,0,19,closed,0.0,2.4599999999999995
4.14,36,106.751537,17,d15_direct,2,15,open,1.0,4.140000000000002
2.46,54,106.780271,17,final_d19_open,0,19,open,1.0,2.4599999999999995
-4.8,45,106.805659,17,final_d15_closed,0,15,closed,0.0,-4.799999999999998
4.02,48,106.833676,17,d19_detour,2,19,closed,0.0,4.020000000000003
2.46,54,106.865676,17,final_d19_open,0,19,open,1.0,2.4599999999999995
4.14,36,106.88696,17,d15_direct,2,15,open,1.0,4.140000000000002
2.58,42,106.911036,17,final_d17_open,0,17,open,1.0,2.5799999999999996
4.14,36,106.931875,17,d15_direct,2,15,open,1.0,4.140000000000002
4.02,48,106.958343,17,d19_detour,2,19,closed,0.0,4.020000000000003
2.14,46,106.98303,17,final_d17_open,0,17,open,1.0,2.1399999999999997
2.14,46,107.007565,17,final_d17_open,0,17,open,1.0,2.1399999999999997
4.02,48,107.034357,17,d19_detour,2,19,closed,0.0,4.020000000000003
-4.45,45,107.058412,17,final_d15_closed,0,15,closed,0.0,-4.4499999999999975
1.92,48,107.084124,17,final_d17_closed,0,17,closed,0.0,1.9199999999999997
-4.65,45,107.108449,17,final_d15_closed,0,15,closed,0.0,-4.65
2.46,54,107.137317,17,final_d19_open,0,19,open,1.0,2.4599999999999995
2.58,42,107.159693,17,final_d17_open,0,17,open,1.0,2.5799999999999996
4.14,36,107.179654,17,d15_direct,2,15,open,1.0,4.140000000000002
-4.75,45,107.203779,17,final_d15_closed,0,15,closed,0.0,-4.75
4.02,48,107.230351,17,d19_detour,2,19,closed,0.0,4.020000000000003
2.46,54,107.258919,17,final_d19_open,0,19,open,1.0,2.4599999999999995
2.46,54,107.288249,17,final_d19_closed,0,19,closed,0.0,2.4599999999999995
2.58,42,107.310565,17,final_d15_open,0,15,open,1.0,2.5799999999999996
4.14,36,107.330934,17,d15_direct,2,15,open,1.0,4.140000000000002
1.92,48,107.35714,17,final_d17_closed,0,17,closed,0.0,1.9199999999999997
1.92,48,107.384685,17,final_d17_closed,0,17,closed,0.0,1.9199999999999997
4.14,36,107.404906,17,d15_direct,2,15,open,1.0,4.140000000000002
2.46,54,107.434705,17,final_d19_closed,0,19,closed,0.0,2.4599999999999995
4.02,48,107.461421,17,d19_detour,2,19,closed,0.0,4.020000000000003
4.14,36,107.482712,17,d15_direct,2,15,open,1.0,4.140000000000002
4.02,48,107.509857,17,d19_detour,2,19,closed,0.0,4.020000000000003
2.46,54,107.538577,17,final_d19_open,0,19,open,1.0,2.4599999999999995
2.26,54,107.567498,17,final_d19_closed,0,19,closed,0.0,2.26
4.14,36,107.808588,17,d15_direct,2,15,open,1.0,4.140000000000002
-0.25,55,107.838972,17,final_d19_open,0,19,open,1.0,-0.2500000000000011
3.48,42,107.862896,17,d17_medium,2,17,closed,0.0,3.480000000000002
2.46,54,107.892182,17,final_d19_closed,0,19,closed,0.0,2.4599999999999995
-5.1,45,107.916764,17,final_d15_closed,0,15,closed,0.0,-5.1
2.46,54,107.946263,17,final_d19_closed,0,19,closed,0.0,2.4599999999999995
4.02,48,107.973352,17,d19_detour,2,19,closed,0.0,4.020000000000003
2.28,52,108.001522,17,final_d19_open,0,19,open,1.0,2.2799999999999994
2.46,54,108.031357,17,final_d19_open,0,19,open,1.0,2.4599999999999995
3.48,42,108.05524,17,d17_medium,2,17,closed,0.0,3.480000000000002
0.28,47,108.08146,17,final_d17_open,0,17,open,1.0,0.2799999999999996
-4.8,45,108.106149,17,final_d15_closed,0,15,closed,0.0,-4.799999999999999
2.46,54,108.135964,17,final_d19_open,0,19,open,1.0,2.4599999999999995
2.46,54,108.16537,17,final_d19_closed,0,19,closed,0.0,2.4599999999999995
3.48,42,108.18943,17,d17_medium,2,17,closed,0.0,3.480000000000002
3.48,42,108.213597,17,d17_medium,2,17,closed,0.0,3.480000000000002
0.5,45,108.238755,17,final_d17_open,0,17,open,1.0,0.49999999999999967
2.46,54,108.268232,17,final_d19_open,0,19,open,1.0,2.4599999999999995
2.58,42,108.291489,17,final_d15_open,0,15,open,1.0,2.5799999999999996
2.58,42,108.313887,17,final_d15_open,0,15,open,1.0,2.5799999999999996
4.08,37,108.335032,17,d15_direct,2,15,open,1.0,4.080000000000002
3.48,42,108.358962,17,d17_medium,2,17,closed,0.0,3.480000000000002
4.14,36,108.379455,17,d15_direct,2,15,open,1.0,4.140000000000002
2.58,42,108.402183,17,final_d15_open,0,15,open,1.0,2.5799999999999996
4.14,36,108.423453,17,d15_direct,2,15,open,1.0,4.140000000000002
3.48,42,108.447974,17,d17_medium,2,17,closed,0.0,3.480000000000002
4.14,36,108.469051,17,d15_direct,2,15,open,1.0,4.140000000000002
-4.45,45,108.493828,17,final_d15_closed,0,15,closed,0.0,-4.4499999999999975
4.14,36,108.514301,17,d15_direct,2,15,open,1.0,4.140000000000002
-1.58,48,108.539803,17,final_d17_open,0,17,open,1.0,-1.5799999999999976
4.02,48,108.567468,17,d19_detour,2,19,closed,0.0,4.020000000000003
2.46,54,108.596458,17,final_d19_closed,0,19,closed,0.0,2.4599999999999995
4.02,48,108.623744,17,d19_detour,2,19,closed,0.0,4.020000000000003
2.4,55,108.653718,17,final_d19_open,0,19,open,1.0,2.3999999999999995
-5.0,45,108.680001,17,final_d15_closed,0,15,closed,0.0,-5.0
1.92,48,108.708647,17,final_d17_closed,0,17,closed,0.0,1.9199999999999997
3.48,42,108.738932,17,d17_medium,2,17,closed,0.0,3.480000000000002
3.48,42,108.763197,17,d17_medium,2,17,closed,0.0,3.480000000000002
2.46,54,108.792378,17,final_d19_open,0,19,open,1.0,2.4599999999999995
3.48,42,108.81619,17,d17_medium,2,17,closed,0.0,3.480000000000002
4.02,48,108.843455,17,d19_detour,2,19,closed,0.0,4.020000000000003
3.48,42,108.868307,17,d17_medium,2,17,closed,0.0,3.480000000000002
-4.65,45,108.892612,17,final_d15_closed,0,15,closed,0.0,-4.649999999999998
4.02,48,108.919881,17,d19_detour,2,19,closed,0.0,4.020000000000003
2.46,54,109.175205,17,final_d19_open,0,19,open,1.0,2.4599999999999995
2.58,42,109.204738,17,final_d17_open,0,17,open,1.0,2.5799999999999996
2.58,42,109.227872,17,final_d17_open,0,17,open,1.0,2.5799999999999996
1.92,48,109.253738,17,final_d17_closed,0,17,closed,0.0,1.9199999999999997
2.58,42,109.276536,17,final_d15_open,0,15,open,1.0,2.5799999999999996
-4.8,45,109.301167,17,final_d15_closed,0,15,closed,0.0,-4.799999999999998
4.14,36,109.322425,17,d15_direct,2,15,open,1.0,4.140000000000002
4.14,36,109.342676,17,d15_direct,2,15,open,1.0,4.140000000000002
2.58,42,109.365082,17,final_d15_open,0,15,open,1.0,2.5799999999999996
3.48,42,109.389232,17,d17_medium,2,17,closed,0.0,3.480000000000002
4.02,48,109.416948,17,d19_detour,2,19,closed,0.0,4.020000000000003
2.58,42,109.439845,17,final_d15_open,0,15,open,1.0,2.5799999999999996
2.46,54,109.470927,17,final_d19_closed,0,19,closed,0.0,2.4599999999999995
2.36,44,109.494565,17,final_d17_open,0,17,open,1.0,2.3599999999999994
0.27,43,109.517683,17,final_d15_open,0,15,open,1.0,0.26999999999999935
1.92,48,109.543637,17,final_d17_closed,0,17,closed,0.0,1.9199999999999997
-4.75,45,109.568307,17,final_d15_closed,0,15,closed,0.0,-4.749999999999998
1.92,48,109.594393,17,final_d17_closed,0,17,closed,0.0,1.9199999999999997
2.4,55,109.624883,17,final_d19_open,0,19,open,1.0,2.3999999999999995
2.58,42,109.648351,17,final_d15_open,0,15,open,1.0,2.5799999999999996
2.46,54,109.677615,17,final_d19_open,0,19,open,1.0,2.4599999999999995
4.02,48,109.710158,17,d19_detour,2,19,closed,0.0,4.020000000000003
2.46,54,109.739273,17,final_d19_open,0,19,open,1.0,2.4599999999999995
-4.2,45,109.764095,17,final_d15_closed,0,15,closed,0.0,-4.1999999999999975
4.14,36,109.785321,17,d15_direct,2,15,open,1.0,4.140000000000002
4.14,36,109.805871,17,d15_direct,2,15,open,1.0,4.140000000000002
-4.15,45,109.830921,17,final_d15_closed,0,15,closed,0.0,-4.149999999999998
2.58,42,109.855354,17,final_d15_open,0,15,open,1.0,2.5799999999999996
-0.54,49,109.882253,17,final_d17_closed,0,17,closed,0.0,-0.5399999999999996
4.02,48,109.909299,17,d19_detour,2,19,closed,0.0,4.020000000000003
4.02,48,109.936461,17,d19_detour,2,19,closed,0.0,4.020000000000003
2.58,42,109.959405,17,final_d15_open,0,15,open,1.0,2.5799999999999996
-4.5,45,109.984653,17,final_d15_closed,0,15,closed,0.0,-4.4999999999999964
3.48,42,110.008814,17,d17_medium,2,17,closed,0.0,3.480000000000002
1.92,48,110.035985,17,final_d17_closed,0,17,closed,0.0,1.9199999999999997
0.5,45,110.060316,17,final_d17_open,0,17,open,1.0,0.4999999999999998
2.46,54,110.090777,17,final_d19_open,0,19,open,1.0,2.4599999999999995
2.46,54,110.120379,17,final_d19_closed,0,19,closed,0.0,2.4599999999999995
0.08,47,110.145942,17,final_d17_open,0,17,open,1.0,0.07999999999999963
2.58,42,110.168341,17,final_d15_open,0,15,open,1.0,2.5799999999999996
2.46,54,110.198026,17,final_d19_open,0,19,open,1.0,2.4599999999999995
2.46,54,110.229017,17,final_d19_open,0,19,open,1.0,2.4599999999999995
-2.1,50,110.255692,17,final_d17_open,0,17,open,1.0,-2.1000000000000005
4.14,36,110.275817,17,d15_direct,2,15,open,1.0,4.140000000000002
4.14,36,110.295982,17,d15_direct,2,15,open,1.0,4.140000000000002
2.58,42,110.319279,17,final_d17_open,0,17,open,1.0,2.5799999999999996
3.48,42,110.57011,17,d17_medium,2,17,closed,0.0,3.480000000000002
0.5,45,110.594673,17,final_d17_open,0,17,open,1.0,0.4999999999999998
1.92,48,110.62177,17,final_d17_closed,0,17,closed,0.0,1.9199999999999997
2.58,42,110.644432,17,final_d15_open,0,15,open,1.0,2.5799999999999996
4.02,48,110.671141,17,d19_detour,2,19,closed,0.0,4.020000000000003
3.48,42,110.694932,17,d17_medium,2,17,closed,0.0,3.480000000000002
2.46,54,110.723904,17,final_d19_closed,0,19,closed,0.0,2.4599999999999995
1.92,48,110.749718,17,final_d17_closed,0,17,closed,0.0,1.9199999999999997
2.58,42,110.771957,17,final_d15_open,0,15,open,1.0,2.5799999999999996
4.14,36,110.79243,17,d15_direct,2,15,open,1.0,4.140000000000002
2.58,42,110.814754,17,final_d15_open,0,15,open,1.0,2.5799999999999996
-5.1,45,110.838835,17,final_d15_closed,0,15,closed,0.0,-5.1
2.46,54,110.86777,17,final_d19_open,0,19,open,1.0,2.4599999999999995
2.58,42,110.890432,17,final_d15_open,0,15,open,1.0,2.5799999999999996
3.48,42,110.91547,17,d17_medium,2,17,closed,0.0,3.480000000000002
2.58,42,110.937862,17,final_d15_open,0,15,open,1.0,2.5799999999999996
2.46,54,110.968643,17,final_d19_closed,0,19,closed,0.0,2.4599999999999995
4.08,37,110.990084,17,d15_direct,2,15,open,1.0,4.080000000000002
3.48,42,111.013724,17,d17_medium,2,17,closed,0.0,3.480000000000002
2.58,42,111.036119,17,final_d15_open,0,15,open,1.0,2.5799999999999996
2.28,52,111.064056,17,final_d19_open,0,19,open,1.0,2.2799999999999994
4.14,36,111.084969,17,d15_direct,2,15,open,1.0,4.140000000000002
2.46,54,111.113905,17,final_d19_closed,0,19,closed,0.0,2.4599999999999995
2.46,54,111.142786,17,final_d19_closed,0,19,closed,0.0,2.4599999999999995
4.02,48,111.169251,17,d19_detour,2,19,closed,0.0,4.020000000000003
2.58,42,111.191588,17,final_d15_open,0,15,open,1.0,2.5799999999999996
-4.65,45,111.21667,17,final_d15_closed,0,15,closed,0.0,-4.65
3.48,42,111.240352,17,d17_medium,2,17,closed,0.0,3.480000000000002
4.02,48,111.267256,17,d19_detour,2,19,closed,0.0,4.020000000000003
3.48,42,111.291443,17,d17_medium,2,17,closed,0.0,3.480000000000002
2.36,44,111.316281,17,final_d17_open,0,17,open,1.0,2.3599999999999994
4.14,36,111.337205,17,d15_direct,2,15,open,1.0,4.140000000000002
3.48,42,111.361384,17,d17_medium,2,17,closed,0.0,3.480000000000002
2.46,54,111.390018,17,final_d19_closed,0,19,closed,0.0,2.4599999999999995
2.1,40,111.412503,17,d19_detour,2,19,closed,0.0,2.1000000000000014
4.14,36,111.432067,17,d15_direct,2,15,open,1.0,4.140000000000002
2.58,42,111.453869,17,final_d15_open,0,15,open,1.0,2.5799999999999996
-5.1,45,111.47735,17,final_d15_closed,0,15,closed,0.0,-5.1
2.46,54,111.506178,17,final_d19_open,0,19,open,1.0,2.4599999999999995
1.92,48,111.531768,17,final_d17_closed,0,17,closed,0.0,1.9199999999999997
2.58,42,111.554341,17,final_d15_open,0,15,open,1.0,2.5799999999999996
4.14,36,111.57409,17,d15_direct,2,15,open,1.0,4.140000000000002
4.02,48,111.600408,17,d19_detour,2,19,closed,0.0,4.020000000000003
1.37,43,111.624611,17,d17_medium,2,17,closed,0.0,1.3700000000000019
3.48,42,111.647947,17,d17_medium,2,17,closed,0.0,3.480000000000002
0.11,49,111.889141,17,final_d17_closed,0,17,closed,0.0,0.10999999999999988
4.02,48,111.91624,17,d19_detour,2,19,closed,0.0,4.020000000000003
1.92,48,111.943467,17,final_d17_closed,0,17,closed,0.0,1.9199999999999997
1.92,48,111.970116,17,final_d17_closed,0,17,closed,0.0,1.9199999999999997
-4.75,45,111.995325,17,final_d15_closed,0,15,closed,0.0,-4.75
4.02,48,112.022585,17,d19_detour,2,19,closed,0.0,4.020000000000003
4.14,36,112.043474,17,d15_direct,2,15,open,1.0,4.140000000000002
2.58,42,112.067006,17,final_d15_open,0,15,open,1.0,2.5799999999999996
0.3,45,112.090889,17,final_d17_open,0,17,open,1.0,0.2999999999999994
2.46,54,112.119564,17,final_d19_closed,0,19,closed,0.0,2.4599999999999995
-5.1,45,112.143831,17,final_d15_closed,0,15,closed,0.0,-5.1
2.46,54,112.172461,17,final_d19_open,0,19,open,1.0,2.4599999999999995
2.46,54,112.201342,17,final_d19_closed,0,19,closed,0.0,2.4599999999999995
4.14,36,112.221985,17,d15_direct,2,15,open,1.0,4.140000000000002
1.92,48,112.247793,17,final_d17_closed,0,17,closed,0.0,1.9199999999999997
2.46,54,112.277062,17,final_d19_closed,0,19,closed,0.0,2.4599999999999995
3.48,42,112.301494,17,d17_medium,2,17,closed,0.0,3.480000000000002
3.48,42,112.325873,17,d17_medium,2,17,closed,0.0,3.480000000000002
2.46,54,112.355916,17,final_d19_closed,0,19,closed,0.0,2.4599999999999995
4.02,48,112.383605,17,d19_detour,2,19,closed,0.0,4.020000000000003
2.36,44,112.407501,17,final_d17_open,0,17,open,1.0,2.3599999999999994
2.58,42,112.431672,17,final_d15_open,0,15,open,1.0,2.5799999999999996
2.58,42,112.454681,17,final_d15_open,0,15,open,1.0,2.5799999999999996
2.36,44,112.478674,17,final_d17_open,0,17,open,1.0,2.3599999999999994
1.31,29,112.496605,17,d17_medium,2,17,closed,0.0,1.3099999999999998
1.92,48,112.524097,17,final_d17_closed,0,17,closed,0.0,1.9199999999999997
4.14,36,112.544492,17,d15_direct,2,15,open,1.0,4.140000000000002
4.14,36,112.564984,17,d15_direct,2,15,open,1.0,4.140000000000002
-5.0,45,112.589651,17,final_d15_closed,0,15,closed,0.0,-5.0
1.92,48,112.615976,17,final_d17_closed,0,17,closed,0.0,1.9199999999999997
2.58,42,112.638825,17,final_d17_open,0,17,open,1.0,2.5799999999999996
2.46,54,112.667708,17,final_d19_open,0,19,open,1.0,2.4599999999999995
2.58,42,112.691502,17,final_d17_open,0,17,open,1.0,2.5799999999999996
2.46,54,112.720536,17,final_d19_closed,0,19,closed,0.0,2.4599999999999995
-4.7,45,112.744951,17,final_d15_closed,0,15,closed,0.0,-4.6999999999999975
2.46,54,112.775165,17,final_d19_closed,0,19,closed,0.0,2.4599999999999995
3.48,42,112.800408,17,d17_medium,2,17,closed,0.0,3.480000000000002
4.02,48,112.827395,17,d19_detour,2,19,closed,0.0,4.020000000000003
3.48,42,112.851252,17,d17_medium,2,17,closed,0.0,3.480000000000002
3.48,42,112.874748,17,d17_medium,2,17,closed,0.0,3.480000000000002
2.58,42,112.897223,17,final_d17_open,0,17,open,1.0,2.5799999999999996
2.58,42,112.919418,17,final_d17_open,0,17,open,1.0,2.5799999999999996
2.58,42,112.941627,17,final_d15_open,0,15,open,1.0,2.5799999999999996
2.52,43,112.964297,17,final_d15_open,0,15,open,1.0,2.5199999999999996
-5.0,45,112.988512,17,final_d15_closed,0,15,closed,0.0,-5.0
2.58,42,113.010792,17,final_d17_open,0,17,open,1.0,2.5799999999999996
-4.8,45,113.250548,17,final_d15_closed,0,15,closed,0.0,-4.799999999999998
4.14,36,113.270736,17,d15_direct,2,15,open,1.0,4.140000000000002
2.58,42,113.293464,17,final_d17_open,0,17,open,1.0,2.5799999999999996
3.48,42,113.31699,17,d17_medium,2,17,closed,0.0,3.480000000000002
2.46,54,113.34623,17,final_d19_closed,0,19,closed,0.0,2.4599999999999995
4.02,48,113.372436,17,d19_detour,2,19,closed,0.0,4.020000000000003
4.02,48,113.399216,17,d19_detour,2,19,closed,0.0,4.020000000000003
4.14,36,113.419212,17,d15_direct,2,15,open,1.0,4.140000000000002
2.46,54,113.44833,17,final_d19_open,0,19,open,1.0,2.4599999999999995
3.42,43,113.472429,17,d17_medium,2,17,closed,0.0,3.4200000000000026
1.92,48,113.498099,17,final_d17_closed,0,17,closed,0.0,1.9199999999999997
2.58,42,113.52158,17,final_d17_open,0,17,open,1.0,2.5799999999999996
2.58,42,113.543933,17,final_d15_open,0,15,open,1.0,2.5799999999999996
2.46,54,113.572633,17,final_d19_closed,0,19,closed,0.0,2.4599999999999995
2.58,42,113.594876,17,final_d15_open,0,15,open,1.0,2.5799999999999996
1.92,48,113.620695,17,final_d17_closed,0,17,closed,0.0,1.9199999999999997
1.92,48,113.646777,17,final_d17_closed,0,17,closed,0.0,1.9199999999999997
2.58,42,113.669024,17,final_d15_open,0,15,open,1.0,2.5799999999999996
-0.02,47,113.694443,17,final_d17_open,0,17,open,1.0,-0.020000000000000462
2.58,42,113.717259,17,final_d15_open,0,15,open,1.0,2.5799999999999996
2.58,42,113.740008,17,final_d15_open,0,15,open,1.0,2.5799999999999996
2.58,42,113.762231,17,final_d17_open,0,17,open,1.0,2.5799999999999996
1.92,48,113.788855,17,final_d17_closed,0,17,closed,0.0,1.9199999999999997
2.36,44,113.812197,17,final_d17_open,0,17,open,1.0,2.3599999999999994
3.48,42,113.836466,17,d17_medium,2,17,closed,0.0,3.480000000000002
-4.65,45,113.861108,17,final_d15_closed,0,15,closed,0.0,-4.649999999999998
-5.0,45,113.885187,17,final_d15_closed,0,15,closed,0.0,-5.0
1.92,48,113.912553,17,final_d17_closed,0,17,closed,0.0,1.9199999999999997
-5.1,45,113.937217,17,final_d15_closed,0,15,closed,0.0,-5.1
3.48,42,113.960791,17,d17_medium,2,17,closed,0.0,3.480000000000002
1.92,48,113.986632,17,final_d17_closed,0,17,closed,0.0,1.9199999999999997
2.58,42,114.008834,17,final_d15_open,0,15,open,1.0,2.5799999999999996
4.02,48,114.035024,17,d19_detour,2,19,closed,0.0,4.020000000000003
4.02,48,114.061548,17,d19_detour,2,19,closed,0.0,4.020000000000003
2.58,42,114.084177,17,final_d15_open,0,15,open,1.0,2.5799999999999996
2.14,46,114.108711,17,final_d17_open,0,17,open,1.0,2.1399999999999997
2.46,54,114.137487,17,final_d19_closed,0,19,closed,0.0,2.4599999999999995
4.02,48,114.163909,17,d19_detour,2,19,closed,0.0,4.020000000000003
4.02,48,114.190631,17,d19_detour,2,19,closed,0.0,4.020000000000003
4.14,36,114.210854,17,d15_direct,2,15,open,1.0,4.140000000000002
-4.8,45,114.235781,17,final_d15_closed,0,15,closed,0.0,-4.800000000000001
2.46,54,114.265039,17,final_d19_closed,0,19,closed,0.0,2.4599999999999995
4.14,36,114.285217,17,d15_direct,2,15,open,1.0,4.140000000000002
4.02,48,114.312092,17,d19_detour,2,19,closed,0.0,4.020000000000003
4.14,36,114.33235,17,d15_direct,2,15,open,1.0,4.140000000000002
1.92,48,114.566603,17,final_d17_closed,0,17,closed,0.0,1.9199999999999997
2.46,54,114.596014,17,final_d19_closed,0,19,closed,0.0,2.4599999999999995
4.02,48,114.622704,17,d19_detour,2,19,closed,0.0,4.020000000000003
4.14,36,114.642883,17,d15_direct,2,15,open,1.0,4.140000000000002
2.46,54,114.671625,17,final_d19_open,0,19,open,1.0,2.4599999999999995
4.02,48,114.698295,17,d19_detour,2,19,closed,0.0,4.020000000000003
2.46,54,114.728001,17,final_d19_closed,0,19,closed,0.0,2.4599999999999995
2.46,54,114.757426,17,final_d19_open,0,19,open,1.0,2.4599999999999995
2.58,42,114.77984,17,final_d15_open,0,15,open,1.0,2.5799999999999996
2.46,54,114.808752,17,final_d19_open,0,19,open,1.0,2.4599999999999995
-5.1,45,114.83287,17,final_d15_closed,0,15,closed,0.0,-5.1
2.58,42,114.856619,17,final_d17_open,0,17,open,1.0,2.5799999999999996
1.92,48,114.883503,17,final_d17_closed,0,17,closed,0.0,1.9199999999999997
-4.8,45,114.908222,17,final_d15_closed,0,15,closed,0.0,-4.799999999999998
4.14,36,114.928583,17,d15_direct,2,15,open,1.0,4.140000000000002
2.46,54,114.957519,17,final_d19_open,0,19,open,1.0,2.4599999999999995
3.48,42,114.982112,17,d17_medium,2,17,closed,0.0,3.480000000000002
2.58,42,115.004906,17,final_d15_open,0,15,open,1.0,2.5799999999999996
2.46,54,115.034018,17,final_d19_closed,0,19,closed,0.0,2.4599999999999995
-4.75,45,115.058443,17,final_d15_closed,0,15,closed,0.0,-4.75
3.48,42,115.082733,17,d17_medium,2,17,closed,0.0,3.480000000000002
2.58,42,115.106223,17,final_d15_open,0,15,open,1.0,2.5799999999999996
-4.8,45,115.131245,17,final_d15_closed,0,15,closed,0.0,-4.799999999999998
4.02,48,115.158586,17,d19_detour,2,19,closed,0.0,4.020000000000003
2.58,42,115.181323,17,final_d15_open,0,15,open,1.0,2.5799999999999996
4.02,48,115.208519,17,d19_detour,2,19,closed,0.0,4.020000000000003
2.36,44,115.232707,17,final_d17_open,0,17,open,1.0,2.3599999999999994
1.92,48,115.258507,17,final_d17_closed,0,17,closed,0.0,1.9199999999999997
3.48,42,115.281918,17,d17_medium,2,17,closed,0.0,3.480000000000002
2.58,42,115.304698,17,final_d15_open,0,15,open,1.0,2.5799999999999996
-0.54,49,115.332113,17,final_d17_closed,0,17,closed,0.0,-0.5400000000000003
3.48,42,115.356655,17,d17_medium,2,17,closed,0.0,3.480000000000002
2.58,42,115.379552,17,final_d15_open,0,15,open,1.0,2.5799999999999996
4.14,36,115.400056,17,d15_direct,2,15,open,1.0,4.140000000000002
4.14,36,115.420196,17,d15_direct,2,15,open,1.0,4.140000000000002
-4.8,45,115.44472,17,final_d15_closed,0,15,closed,0.0,-4.799999999999999
3.48,42,115.468916,17,d17_medium,2,17,closed,0.0,3.480000000000002
2.46,54,115.498899,17,final_d19_open,0,19,open,1.0,2.4599999999999995
2.46,54,115.528102,17,final_d19_closed,0,19,closed,0.0,2.4599999999999995
3.48,42,115.551983,17,d17_medium,2,17,closed,0.0,3.480000000000002
2.46,54,115.581886,17,final_d19_closed,0,19,closed,0.0,2.4599999999999995
-5.0,45,115.60709,17,final_d15_closed,0,15,closed,0.0,-5.0
2.46,54,115.637156,17,final_d19_open,0,19,open,1.0,2.4599999999999995
3.48,42,115.661745,17,d17_medium,2,17,closed,0.0,3.480000000000002
2.46,54,115.690506,17,final_d19_closed,0,19,closed,0.0,2.4599999999999995
2.58,42,115.942806,17,final_d17_open,0,17,open,1.0,2.5799999999999996
3.48,42,115.967024,17,d17_medium,2,17,closed,0.0,3.480000000000002
3.48,42,115.991408,17,d17_medium,2,17,closed,0.0,3.480000000000002
2.58,42,116.014526,17,final_d17_open,0,17,open,1.0,2.5799999999999996
2.58,42,116.037779,17,final_d17_open,0,17,open,1.0,2.5799999999999996
4.02,48,116.065493,17,d19_detour,2,19,closed,0.0,4.020000000000003
2.36,44,116.09052,17,final_d17_open,0,17,open,1.0,2.3599999999999994
2.46,54,116.120467,17,final_d19_closed,0,19,closed,0.0,2.4599999999999995
2.52,43,116.143668,17,final_d15_open,0,15,open,1.0,2.5199999999999996
2.58,42,116.1664,17,final_d15_open,0,15,open,1.0,2.5799999999999996
4.02,48,116.193187,17,d19_detour,2,19,closed,0.0,4.020000000000003
2.58,42,116.215972,17,final_d17_open,0,17,open,1.0,2.5799999999999996
2.46,54,116.245104,17,final_d19_open,0,19,open,1.0,2.4599999999999995
2.46,54,116.275046,17,final_d19_closed,0,19,closed,0.0,2.4599999999999995
2.58,42,116.297921,17,final_d15_open,0,15,open,1.0,2.5799999999999996
-4.75,45,116.323358,17,final_d15_closed,0,15,closed,0.0,-4.75
2.28,52,116.351473,17,final_d19_open,0,19,open,1.0,2.2799999999999994
-4.8,45,116.377032,17,final_d15_closed,0,15,closed,0.0,-4.799999999999999
2.28,52,116.404948,17,final_d19_open,0,19,open,1.0,2.2799999999999994
2.46,54,116.434519,17,final_d19_open,0,19,open,1.0,2.4599999999999995
1.92,48,116.461816,17,final_d17_closed,0,17,closed,0.0,1.9199999999999997
-5.0,45,116.486463,17,final_d15_closed,0,15,closed,0.0,-5.0
3.48,42,116.510314,17,d17_medium,2,17,closed,0.0,3.480000000000002
4.02,48,116.537252,17,d19_detour,2,19,closed,0.0,4.020000000000003
-0.24,49,116.564934,17,final_d17_open,0,17,open,1.0,-0.2400000000000002
2.46,54,116.594334,17,final_d19_closed,0,19,closed,0.0,2.4599999999999995
0.17,43,116.618296,17,final_d15_open,0,15,open,1.0,0.16999999999999948
4.14,36,116.638647,17,d15_direct,2,15,open,1.0,4.140000000000002
1.73,37,116.660003,17,d15_direct,2,15,open,1.0,1.7299999999999993
4.02,48,116.686358,17,d19_detour,2,19,closed,0.0,4.020000000000003
1.73,37,116.707454,17,d15_direct,2,15,open,1.0,1.7299999999999993
-4.8,45,116.73212,17,final_d15_closed,0,15,closed,0.0,-4.799999999999998
2.58,42,116.754964,17,final_d15_open,0,15,open,1.0,2.5799999999999996
2.52,43,116.778152,17,final_d15_open,0,15,open,1.0,2.5199999999999996
2.28,52,116.806286,17,final_d19_open,0,19,open,1.0,2.2799999999999994
2.46,54,116.835845,17,final_d19_closed,0,19,closed,0.0,2.4599999999999995
2.46,54,116.865588,17,final_d19_closed,0,19,closed,0.0,2.4599999999999995
4.02,48,116.892435,17,d19_detour,2,19,closed,0.0,4.020000000000003
4.02,48,116.919673,17,d19_detour,2,19,closed,0.0,4.020000000000003
-4.8,45,116.944467,17,final_d15_closed,0,15,closed,0.0,-4.799999999999999
4.02,48,116.970547,17,d19_detour,2,19,closed,0.0,4.020000000000003
-4.8,45,116.995149,17,final_d15_closed,0,15,closed,0.0,-4.799999999999998
2.58,42,117.017815,17,final_d17_open,0,17,open,1.0,2.5799999999999996
2.28,52,117.046222,17,final_d19_open,0,19,open,1.0,2.2799999999999994
-5.0,45,117.292454,17,final_d15_closed,0,15,closed,0.0,-5.0
0.17,43,117.316075,17,final_d15_open,0,15,open,1.0,0.1699999999999997
3.48,42,117.341799,17,d17_medium,2,17,closed,0.0,3.480000000000002
4.02,48,117.369464,17,d19_detour,2,19,closed,0.0,4.020000000000003
4.14,36,117.389674,17,d15_direct,2,15,open,1.0,4.140000000000002
2.46,54,117.418586,17,final_d19_closed,0,19,closed,0.0,2.4599999999999995
2.58,42,117.442155,17,final_d17_open,0,17,open,1.0,2.5799999999999996
2.58,42,117.464518,17,final_d15_open,0,15,open,1.0,2.5799999999999996
-5.0,45,117.488786,17,final_d15_closed,0,15,closed,0.0,-5.0
3.48,42,117.512173,17,d17_medium,2,17,closed,0.0,3.480000000000002
1.92,48,117.537873,17,final_d17_closed,0,17,closed,0.0,1.9199999999999997
1.92,48,117.563853,17,final_d17_closed,0,17,closed,0.0,1.9199999999999997
2.46,54,117.592734,17,final_d19_closed,0,19,closed,0.0,2.4599999999999995
4.02,48,117.620143,17,d19_detour,2,19,closed,0.0,4.020000000000003
2.58,42,117.642174,17,final_d17_open,0,17,open,1.0,2.5799999999999996
3.48,42,117.66554,17,d17_medium,2,17,closed,0.0,3.480000000000002
2.28,52,117.693198,17,final_d19_open,0,19,open,1.0,2.2799999999999994
2.58,42,117.715526,17,final_d17_open,0,17,open,1.0,2.5799999999999996
2.4,55,117.743917,17,final_d19_open,0,19,open,1.0,2.3999999999999995
2.58,42,117.7659,17,final_d15_open,0,15,open,1.0,2.5799999999999996
2.58,42,117.7877,17,final_d15_open,0,15,open,1.0,2.5799999999999996
2.46,54,117.815868,17,final_d19_closed,0,19,closed,0.0,2.4599999999999995
-0.2,55,117.845413,17,final_d19_closed,0,19,closed,0.0,-0.20000000000000107
4.14,36,117.865658,17,d15_direct,2,15,open,1.0,4.140000000000002
-5.0,45,117.890172,17,final_d15_closed,0,15,closed,0.0,-5.0
3.48,42,117.913708,17,d17_medium,2,17,closed,0.0,3.480000000000002
4.14,36,117.934206,17,d15_direct,2,15,open,1.0,4.140000000000002
2.36,44,117.958169,17,final_d17_open,0,17,open,1.0,2.3599999999999994
-4.5,45,117.983143,17,final_d15_closed,0,15,closed,0.0,-4.4999999999999964
1.92,48,118.00903,17,final_d17_closed,0,17,closed,0.0,1.9199999999999997
2.58,42,118.031836,17,final_d15_open,0,15,open,1.0,2.5799999999999996
1.73,37,118.052519,17,d15_direct,2,15,open,1.0,1.7300000000000004
-4.7,45,118.076552,17,final_d15_closed,0,15,closed,0.0,-4.699999999999999
3.48,42,118.105531,17,d17_medium,2,17,closed,0.0,3.480000000000002
3.48,42,118.144094,17,d17_medium,2,17,closed,0.0,3.480000000000002
4.02,48,118.182281,17,d19_detour,2,19,closed,0.0,4.020000000000003
2.58,42,118.206033,17,final_d15_open,0,15,open,1.0,2.5799999999999996
2.58,42,118.229382,17,final_d15_open,0,15,open,1.0,2.5799999999999996
1.92,48,118.257617,17,final_d17_closed,0,17,closed,0.0,1.9199999999999997
3.48,42,118.280922,17,d17_medium,2,17,closed,0.0,3.480000000000002
1.92,48,118.308228,17,final_d17_closed,0,17,closed,0.0,1.9199999999999997
2.58,42,118.33246,17,final_d15_open,0,15,open,1.0,2.5799999999999996
2.46,54,118.361068,17,final_d19_open,0,19,open,1.0,2.4599999999999995
2.28,52,118.388647,17,final_d19_open,0,19,open,1.0,2.2799999999999994
3.48,42,118.412277,17,d17_medium,2,17,closed,0.0,3.480000000000002
3.48,42,118.4362,17,d17_medium,2,17,closed,0.0,3.480000000000002
2.46,54,118.701751,17,final_d19_open,0,19,open,1.0,2.4599999999999995
2.4,55,118.732351,17,final_d19_open,0,19,open,1.0,2.3999999999999995
1.67,33,118.75154,17,d19_detour,2,19,closed,0.0,1.6699999999999997
1.92,48,118.778492,17,final_d17_closed,0,17,closed,0.0,1.9199999999999997
2.46,54,118.809939,17,final_d19_open,0,19,open,1.0,2.4599999999999995
2.58,42,118.833971,17,final_d17_open,0,17,open,1.0,2.5799999999999996
3.48,42,118.858597,17,d17_medium,2,17,closed,0.0,3.480000000000002
1.92,48,118.885229,17,final_d17_closed,0,17,closed,0.0,1.9199999999999997
1.92,48,118.911809,17,final_d17_closed,0,17,closed,0.0,1.9199999999999997
2.58,42,118.934052,17,final_d17_open,0,17,open,1.0,2.5799999999999996
2.58,42,118.957029,17,final_d15_open,0,15,open,1.0,2.5799999999999996
1.92,48,118.983843,17,final_d17_closed,0,17,closed,0.0,1.9199999999999997
1.92,48,119.011506,17,final_d17_closed,0,17,closed,0.0,1.9199999999999997
-4.5,45,119.03574,17,final_d15_closed,0,15,closed,0.0,-4.4999999999999964
4.02,48,119.062597,17,d19_detour,2,19,closed,0.0,4.020000000000003
1.92,48,119.089408,17,final_d17_closed,0,17,closed,0.0,1.9199999999999997
2.58,42,119.112174,17,final_d15_open,0,15,open,1.0,2.5799999999999996
2.58,42,119.134323,17,final_d17_open,0,17,open,1.0,2.5799999999999996
2.46,54,119.162892,17,final_d19_open,0,19,open,1.0,2.4599999999999995
-5.1,45,119.186886,17,final_d15_closed,0,15,closed,0.0,-5.1
2.46,54,119.215307,17,final_d19_closed,0,19,closed,0.0,2.4599999999999995
2.58,42,119.237325,17,final_d15_open,0,15,open,1.0,2.5799999999999996
-4.8,45,119.261198,17,final_d15_closed,0,15,closed,0.0,-4.799999999999999
4.02,48,119.287991,17,d19_detour,2,19,closed,0.0,4.020000000000003
4.02,48,119.314837,17,d19_detour,2,19,closed,0.0,4.020000000000003
3.48,42,119.340534,17,d17_medium,2,17,closed,0.0,3.480000000000002
4.02,48,119.367583,17,d19_detour,2,19,closed,0.0,4.020000000000003
3.48,42,119.391737,17,d17_medium,2,17,closed,0.0,3.480000000000002
2.46,54,119.421254,17,final_d19_closed,0,19,closed,0.0,2.4599999999999995
4.14,36,119.441646,17,d15_direct,2,15,open,1.0,4.140000000000002
2.36,44,119.464956,17,final_d17_open,0,17,open,1.0,2.3599999999999994
1.92,48,119.49121,17,final_d17_closed,0,17,closed,0.0,1.9199999999999997
2.58,42,119.513263,17,final_d15_open,0,15,open,1.0,2.5799999999999996
3.48,42,119.536717,17,d17_medium,2,17,closed,0.0,3.480000000000002
3.48,42,119.560548,17,d17_medium,2,17,closed,0.0,3.480000000000002
2.58,42,119.582836,17,final_d15_open,0,15,open,1.0,2.5799999999999996
2.28,52,119.611231,17,final_d19_open,0,19,open,1.0,2.2799999999999994
1.92,48,119.637,17,final_d17_closed,0,17,closed,0.0,1.9199999999999997
2.58,42,119.659153,17,final_d15_open,0,15,open,1.0,2.5799999999999996
-5.1,45,119.683394,17,final_d15_closed,0,15,closed,0.0,-5.1
2.36,44,119.706567,17,final_d17_open,0,17,open,1.0,2.3599999999999994
4.14,36,119.726291,17,d15_direct,2,15,open,1.0,4.140000000000002
2.58,42,119.748593,17,final_d17_open,0,17,open,1.0,2.5799999999999996
2.28,52,119.776041,17,final_d19_open,0,19,open,1.0,2.2799999999999994
-4.8,45,119.800051,17,final_d15_closed,0,15,closed,0.0,-4.8
1.92,48,120.04362,17,final_d17_closed,0,17,closed,0.0,1.9199999999999997
3.48,42,120.067315,17,d17_medium,2,17,closed,0.0,3.480000000000002
-4.8,45,120.091176,17,final_d15_closed,0,15,closed,0.0,-4.799999999999999
2.58,42,120.113377,17,final_d15_open,0,15,open,1.0,2.5799999999999996
0.1,55,120.143316,17,final_d19_closed,0,19,closed,0.0,0.0999999999999992
2.58,42,120.165798,17,final_d17_open,0,17,open,1.0,2.5799999999999996
-5.0,45,120.189558,17,final_d15_closed,0,15,closed,0.0,-5.0
1.92,48,120.215111,17,final_d17_closed,0,17,closed,0.0,1.9199999999999997
2.58,42,120.237138,17,final_d15_open,0,15,open,1.0,2.5799999999999996
2.46,54,120.265544,17,final_d19_closed,0,19,closed,0.0,2.4599999999999995
3.48,42,120.288775,17,d17_medium,2,17,closed,0.0,3.480000000000002
1.92,48,120.316136,17,final_d17_closed,0,17,closed,0.0,1.9199999999999997
1.92,48,120.342048,17,final_d17_closed,0,17,closed,0.0,1.9199999999999997
1.92,48,120.368429,17,final_d17_closed,0,17,closed,0.0,1.9199999999999997
-4.9,45,120.392581,17,final_d15_closed,0,15,closed,0.0,-4.9
2.58,42,120.415555,17,final_d17_open,0,17,open,1.0,2.5799999999999996
2.58,42,120.438085,17,final_d15_open,0,15,open,1.0,2.5799999999999996
4.14,36,120.458395,17,d15_direct,2,15,open,1.0,4.140000000000002
2.58,42,120.480973,17,final_d17_open,0,17,open,1.0,2.5799999999999996
-4.65,45,120.506258,17,final_d15_closed,0,15,closed,0.0,-4.649999999999998
2.58,42,120.528636,17,final_d17_open,0,17,open,1.0,2.5799999999999996
4.02,48,120.555092,17,d19_detour,2,19,closed,0.0,4.020000000000003
1.92,48,120.581528,17,final_d17_closed,0,17,closed,0.0,1.9199999999999997
4.14,36,120.601538,17,d15_direct,2,15,open,1.0,4.140000000000002
2.46,54,120.629987,17,final_d19_open,0,19,open,1.0,2.4599999999999995
-4.65,45,120.654119,17,final_d15_closed,0,15,closed,0.0,-4.649999999999998
4.14,36,120.674217,17,d15_direct,2,15,open,1.0,4.140000000000002
2.46,54,120.704175,17,final_d19_closed,0,19,closed,0.0,2.4599999999999995
2.46,54,120.732568,17,final_d19_open,0,19,open,1.0,2.4599999999999995
4.14,36,120.752507,17,d15_direct,2,15,open,1.0,4.140000000000002
2.46,54,120.781335,17,final_d19_closed,0,19,closed,0.0,2.4599999999999995
2.36,44,120.804751,17,final_d17_open,0,17,open,1.0,2.3599999999999994
2.58,42,120.826991,17,final_d15_open,0,15,open,1.0,2.5799999999999996
4.02,48,120.85605,17,d19_detour,2,19,closed,0.0,4.020000000000003
4.02,48,120.883114,17,d19_detour,2,19,closed,0.0,4.020000000000003
1.92,48,120.909401,17,final_d17_closed,0,17,closed,0.0,1.9199999999999997
2.46,54,120.937934,17,final_d19_closed,0,19,closed,0.0,2.4599999999999995
-4.9,45,120.96265,17,final_d15_closed,0,15,closed,0.0,-4.9
2.46,54,120.991819,17,final_d19_open,0,19,open,1.0,2.4599999999999995
1.92,48,121.019799,17,final_d17_closed,0,17,closed,0.0,1.9199999999999997
2.46,54,121.049084,17,final_d19_open,0,19,open,1.0,2.4599999999999995
0.08,47,121.074625,17,final_d17_open,0,17,open,1.0,0.07999999999999963
2.58,42,121.09751,17,final_d17_open,0,17,open,1.0,2.5799999999999996
4.02,48,121.124102,17,d19_detour,2,19,closed,0.0,4.020000000000003
2.58,42,121.386894,17,final_d15_open,0,15,open,1.0,2.5799999999999996
2.46,54,121.4168,17,final_d19_open,0,19,open,1.0,2.4599999999999995
4.14,36,121.437188,17,d15_direct,2,15,open,1.0,4.140000000000002
1.92,48,121.464224,17,final_d17_closed,0,17,closed,0.0,1.9199999999999997
1.92,48,121.490285,17,final_d17_closed,0,17,closed,0.0,1.9199999999999997
4.14,36,121.510182,17,d15_direct,2,15,open,1.0,4.140000000000002
2.46,54,121.538756,17,final_d19_open,0,19,open,1.0,2.4599999999999995
2.46,54,121.567487,17,final_d19_closed,0,19,closed,0.0,2.4599999999999995
2.46,54,121.596598,17,final_d19_closed,0,19,closed,0.0,2.4599999999999995
4.02,48,121.623955,17,d19_detour,2,19,closed,0.0,4.020000000000003
1.92,48,121.650056,17,final_d17_closed,0,17,closed,0.0,1.9199999999999997
4.14,36,121.669837,17,d15_direct,2,15,open,1.0,4.140000000000002
2.58,42,121.691803,17,final_d15_open,0,15,open,1.0,2.5799999999999996
2.58,42,121.713745,17,final_d15_open,0,15,open,1.0,2.5799999999999996
4.14,36,121.733419,17,d15_direct,2,15,open,1.0,4.140000000000002
-4.4,45,121.757195,17,final_d15_closed,0,15,closed,0.0,-4.4
4.14,36,121.776956,17,d15_direct,2,15,open,1.0,4.140000000000002
2.58,42,121.798951,17,final_d15_open,0,15,open,1.0,2.5799999999999996
-4.65,45,121.822764,17,final_d15_closed,0,15,closed,0.0,-4.649999999999998
1.92,48,121.849158,17,final_d17_closed,0,17,closed,0.0,1.9199999999999997
3.48,42,121.873393,17,d17_medium,2,17,closed,0.0,3.480000000000002
3.48,42,121.898381,17,d17_medium,2,17,closed,0.0,3.480000000000002
2.4,55,121.928101,17,final_d19_open,0,19,open,1.0,2.3999999999999995
3.48,42,121.951511,17,d17_medium,2,17,closed,0.0,3.480000000000002
-5.0,45,121.975406,17,final_d15_closed,0,15,closed,0.0,-5.0
3.48,42,121.998677,17,d17_medium,2,17,closed,0.0,3.480000000000002
2.36,44,122.021975,17,final_d17_open,0,17,open,1.0,2.3599999999999994
4.02,48,122.048453,17,d19_detour,2,19,closed,0.0,4.020000000000003
2.58,42,122.070631,17,final_d15_open,0,15,open,1.0,2.5799999999999996
2.46,54,122.098905,17,final_d19_open,0,19,open,1.0,2.4599999999999995
2.46,54,122.127126,17,final_d19_open,0,19,open,1.0,2.4599999999999995
2.58,42,122.149788,17,final_d15_open,0,15,open,1.0,2.5799999999999996
4.02,48,122.176548,17,d19_detour,2,19,closed,0.0,4.020000000000003
2.58,42,122.198724,17,final_d15_open,0,15,open,1.0,2.5799999999999996
1.92,48,122.224125,17,final_d17_closed,0,17,closed,0.0,1.9199999999999997
2.58,42,122.246184,17,final_d15_open,0,15,open,1.0,2.5799999999999996
2.46,54,122.274468,17,final_d19_open,0,19,open,1.0,2.4599999999999995
2.58,42,122.296903,17,final_d15_open,0,15,open,1.0,2.5799999999999996
2.46,54,122.325864,17,final_d19_open,0,19,open,1.0,2.4599999999999995
2.58,42,122.348076,17,final_d15_open,0,15,open,1.0,2.5799999999999996
4.14,36,122.3685,17,d15_direct,2,15,open,1.0,4.140000000000002
2.36,44,122.391847,17,final_d17_open,0,17,open,1.0,2.3599999999999994
2.58,42,122.414023,17,final_d15_open,0,15,open,1.0,2.5799999999999996
2.46,54,122.443017,17,final_d19_open,0,19,open,1.0,2.4599999999999995
4.02,48,122.470121,17,d19_detour,2,19,closed,0.0,4.020000000000003
4.14,36,122.778155,17,d15_direct,2,15,open,1.0,4.140000000000002
2.46,54,122.808089,17,final_d19_open,0,19,open,1.0,2.4599999999999995
2.26,54,122.836973,17,final_d19_closed,0,19,closed,0.0,2.26
3.48,42,122.861358,17,d17_medium,2,17,closed,0.0,3.480000000000002
2.14,46,122.88746,17,final_d17_open,0,17,open,1.0,2.1399999999999997
2.46,54,122.917196,17,final_d19_open,0,19,open,1.0,2.4599999999999995
2.46,54,122.947146,17,final_d19_closed,0,19,closed,0.0,2.4599999999999995
2.46,54,122.975817,17,final_d19_open,0,19,open,1.0,2.4599999999999995
4.02,48,123.002534,17,d19_detour,2,19,closed,0.0,4.020000000000003
-5.0,45,123.026769,17,final_d15_closed,0,15,closed,0.0,-5.0
2.58,42,123.04919,17,final_d15_open,0,15,open,1.0,2.5799999999999996
2.58,42,123.071645,17,final_d17_open,0,17,open,1.0,2.5799999999999996
2.46,54,123.100431,17,final_d19_open,0,19,open,1.0,2.4599999999999995
2.58,42,123.123045,17,final_d17_open,0,17,open,1.0,2.5799999999999996
2.58,42,123.145404,17,final_d15_open,0,15,open,1.0,2.5799999999999996
4.02,48,123.171906,17,d19_detour,2,19,closed,0.0,4.020000000000003
2.1,40,123.194258,17,d19_detour,2,19,closed,0.0,2.1000000000000014
3.48,42,123.218061,17,d17_medium,2,17,closed,0.0,3.480000000000002
3.48,42,123.242473,17,d17_medium,2,17,closed,0.0,3.480000000000002
2.48,52,123.269868,17,final_d19_open,0,19,open,1.0,2.4799999999999995
2.46,54,123.298305,17,final_d19_open,0,19,open,1.0,2.4599999999999995
4.02,48,123.324651,17,d19_detour,2,19,closed,0.0,4.020000000000003
2.46,54,123.352952,17,final_d19_open,0,19,open,1.0,2.4599999999999995
2.58,42,123.375221,17,final_d15_open,0,15,open,1.0,2.5799999999999996
2.58,42,123.397295,17,final_d17_open,0,17,open,1.0,2.5799999999999996
2.58,42,123.419742,17,final_d17_open,0,17,open,1.0,2.5799999999999996
2.46,54,123.448113,17,final_d19_open,0,19,open,1.0,2.4599999999999995
2.58,42,123.470322,17,final_d15_open,0,15,open,1.0,2.5799999999999996
2.58,42,123.492528,17,final_d15_open,0,15,open,1.0,2.5799999999999996
-5.1,45,123.516223,17,final_d15_closed,0,15,closed,0.0,-5.1
-5.1,45,123.540091,17,final_d15_closed,0,15,closed,0.0,-5.1
3.48,42,123.56395,17,d17_medium,2,17,closed,0.0,3.480000000000002
2.46,54,123.592321,17,final_d19_open,0,19,open,1.0,2.4599999999999995
2.46,54,123.621005,17,final_d19_closed,0,19,closed,0.0,2.4599999999999995
2.58,42,123.643814,17,final_d17_open,0,17,open,1.0,2.5799999999999996
3.48,42,123.667707,17,d17_medium,2,17,closed,0.0,3.480000000000002
-5.1,45,123.69203,17,final_d15_closed,0,15,closed,0.0,-5.1
4.02,48,123.718864,17,d19_detour,2,19,closed,0.0,4.020000000000003
2.58,42,123.741445,17,final_d17_open,0,17,open,1.0,2.5799999999999996
-4.7,45,123.766308,17,final_d15_closed,0,15,closed,0.0,-4.699999999999999
1.92,48,123.793058,17,final_d17_closed,0,17,closed,0.0,1.9199999999999997
4.14,36,123.813558,17,d15_direct,2,15,open,1.0,4.140000000000002
2.46,54,123.843395,17,final_d19_closed,0,19,closed,0.0,2.4599999999999995
2.46,54,123.872706,17,final_d19_open,0,19,open,1.0,2.4599999999999995
2.58,42,124.109696,17,final_d17_open,0,17,open,1.0,2.5799999999999996
4.02,48,124.13701,17,d19_detour,2,19,closed,0.0,4.020000000000003
4.14,36,124.157389,17,d15_direct,2,15,open,1.0,4.140000000000002
2.58,42,124.180321,17,final_d15_open,0,15,open,1.0,2.5799999999999996
2.46,54,124.209638,17,final_d19_closed,0,19,closed,0.0,2.4599999999999995
4.14,36,124.2302,17,d15_direct,2,15,open,1.0,4.140000000000002
4.14,36,124.250777,17,d15_direct,2,15,open,1.0,4.140000000000002
-5.0,45,124.275503,17,final_d15_closed,0,15,closed,0.0,-5.0
1.92,48,124.301901,17,final_d17_closed,0,17,closed,0.0,1.9199999999999997
1.92,48,124.328281,17,final_d17_closed,0,17,closed,0.0,1.9199999999999997
2.58,42,124.350928,17,final_d15_open,0,15,open,1.0,2.5799999999999996
4.02,48,124.377791,17,d19_detour,2,19,closed,0.0,4.020000000000003
2.58,42,124.400885,17,final_d15_open,0,15,open,1.0,2.5799999999999996
3.48,42,124.425627,17,d17_medium,2,17,closed,0.0,3.480000000000002
3.48,42,124.45053,17,d17_medium,2,17,closed,0.0,3.480000000000002
2.58,42,124.473466,17,final_d17_open,0,17,open,1.0,2.5799999999999996
2.58,42,124.496375,17,final_d17_open,0,17,open,1.0,2.5799999999999996
-5.0,45,124.52113,17,final_d15_closed,0,15,closed,0.0,-5.0
2.46,54,124.550742,17,final_d19_open,0,19,open,1.0,2.4599999999999995
2.58,42,124.573769,17,final_d17_open,0,17,open,1.0,2.5799999999999996
-4.75,45,124.598236,17,final_d15_closed,0,15,closed,0.0,-4.749999999999998
2.46,54,124.629057,17,final_d19_closed,0,19,closed,0.0,2.4599999999999995
1.92,48,124.655837,17,final_d17_closed,0,17,closed,0.0,1.9199999999999997
-5.1,45,124.68064,17,final_d15_closed,0,15,closed,0.0,-5.1
2.58,42,124.704139,17,final_d15_open,0,15,open,1.0,2.5799999999999996
1.92,48,124.730927,17,final_d17_closed,0,17,closed,0.0,1.9199999999999997
-4.8,45,124.756927,17,final_d15_closed,0,15,closed,0.0,-4.799999999999999
2.46,54,124.788094,17,final_d19_open,0,19,open,1.0,2.4599999999999995
-4.9,45,124.814792,17,final_d15_closed,0,15,closed,0.0,-4.9
2.46,54,124.844858,17,final_d19_closed,0,19,closed,0.0,2.4599999999999995
2.46,54,124.874372,17,final_d19_closed,0,19,closed,0.0,2.4599999999999995
4.02,48,124.901447,17,d19_detour,2,19,closed,0.0,4.020000000000003
2.46,54,124.930994,17,final_d19_closed,0,19,closed,0.0,2.4599999999999995
4.14,36,124.951135,17,d15_direct,2,15,open,1.0,4.140000000000002
4.02,48,124.980983,17,d19_detour,2,19,closed,0.0,4.020000000000003
1.92,48,125.007801,17,final_d17_closed,0,17,closed,0.0,1.9199999999999997
2.58,42,125.031857,17,final_d15_open,0,15,open,1.0,2.5799999999999996
1.92,48,125.058126,17,final_d17_closed,0,17,closed,0.0,1.9199999999999997
2.46,54,125.087433,17,final_d19_closed,0,19,closed,0.0,2.4599999999999995
2.58,42,125.109776,17,final_d15_open,0,15,open,1.0,2.5799999999999996
1.92,48,125.136204,17,final_d17_closed,0,17,closed,0.0,1.9199999999999997
1.92,48,125.162005,17,final_d17_closed,0,17,closed,0.0,1.9199999999999997
2.58,42,125.184319,17,final_d15_open,0,15,open,1.0,2.5799999999999996
1.92,48,125.210109,17,final_d17_closed,0,17,closed,0.0,1.9199999999999997
2.58,42,125.232566,17,final_d15_open,0,15,open,1.0,2.5799999999999996
2.46,54,125.482174,17,final_d19_open,0,19,open,1.0,2.4599999999999995
4.02,48,125.509128,17,d19_detour,2,19,closed,0.0,4.020000000000003
2.46,54,125.539019,17,final_d19_closed,0,19,closed,0.0,2.4599999999999995
-5.1,45,125.563426,17,final_d15_closed,0,15,closed,0.0,-5.1
2.46,54,125.593099,17,final_d19_closed,0,19,closed,0.0,2.4599999999999995
2.36,44,125.617878,17,final_d17_open,0,17,open,1.0,2.3599999999999994
1.92,48,125.644803,17,final_d17_closed,0,17,closed,0.0,1.9199999999999997
1.92,48,125.671611,17,final_d17_closed,0,17,closed,0.0,1.9199999999999997
2.46,54,125.702376,17,final_d19_open,0,19,open,1.0,2.4599999999999995
1.92,48,125.728436,17,final_d17_closed,0,17,closed,0.0,1.9199999999999997
3.48,42,125.752662,17,d17_medium,2,17,closed,0.0,3.480000000000002
4.02,48,125.78029,17,d19_detour,2,19,closed,0.0,4.020000000000003
2.58,42,125.803355,17,final_d15_open,0,15,open,1.0,2.5799999999999996
2.46,54,125.832584,17,final_d19_open,0,19,open,1.0,2.4599999999999995
1.92,48,125.8589,17,final_d17_closed,0,17,closed,0.0,1.9199999999999997
-5.1,45,125.883181,17,final_d15_closed,0,15,closed,0.0,-5.1
2.46,54,125.912464,17,final_d19_open,0,19,open,1.0,2.4599999999999995
2.58,42,125.93584,17,final_d15_open,0,15,open,1.0,2.5799999999999996
2.58,42,125.958579,17,final_d15_open,0,15,open,1.0,2.5799999999999996
2.36,44,125.982488,17,final_d17_open,0,17,open,1.0,2.3599999999999994
-5.0,45,126.00773,17,final_d15_closed,0,15,closed,0.0,-5.0
4.02,48,126.035742,17,d19_detour,2,19,closed,0.0,4.020000000000003
3.48,42,126.05969,17,d17_medium,2,17,closed,0.0,3.480000000000002
2.46,54,126.088849,17,final_d19_open,0,19,open,1.0,2.4599999999999995
2.46,54,126.117916,17,final_d19_open,0,19,open,1.0,2.4599999999999995
2.58,42,126.141521,17,final_d17_open,0,17,open,1.0,2.5799999999999996
4.14,36,126.162905,17,d15_direct,2,15,open,1.0,4.140000000000002
-5.0,45,126.187882,17,final_d15_closed,0,15,closed,0.0,-5.0
1.92,48,126.215371,17,final_d17_closed,0,17,closed,0.0,1.9199999999999997
2.58,42,126.239456,17,final_d17_open,0,17,open,1.0,2.5799999999999996
-4.8,45,126.26495,17,final_d15_closed,0,15,closed,0.0,-4.8
2.58,42,126.288262,17,final_d17_open,0,17,open,1.0,2.5799999999999996
4.02,48,126.318154,17,d19_detour,2,19,closed,0.0,4.020000000000003
2.58,42,126.341815,17,final_d15_open,0,15,open,1.0,2.5799999999999996
2.46,54,126.371829,17,final_d19_closed,0,19,closed,0.0,2.4599999999999995
4.02,48,126.400652,17,d19_detour,2,19,closed,0.0,4.020000000000003
2.46,54,126.429923,17,final_d19_open,0,19,open,1.0,2.4599999999999995
2.58,42,126.452908,17,final_d15_open,0,15,open,1.0,2.5799999999999996
2.58,42,126.475618,17,final_d15_open,0,15,open,1.0,2.5799999999999996
3.48,42,126.500096,17,d17_medium,2,17,closed,0.0,3.480000000000002
4.02,48,126.52676,17,d19_detour,2,19,closed,0.0,4.020000000000003
4.14,36,126.547351,17,d15_direct,2,15,open,1.0,4.140000000000002
2.46,54,126.576434,17,final_d19_closed,0,19,closed,0.0,2.4599999999999995
1.92,48,126.602787,17,final_d17_closed,0,17,closed,0.0,1.9199999999999997
1.92,48,126.849067,17,final_d17_closed,0,17,closed,0.0,1.9199999999999997
2.28,52,126.877091,17,final_d19_open,0,19,open,1.0,2.2799999999999994
1.92,48,126.90358,17,final_d17_closed,0,17,closed,0.0,1.9199999999999997
-5.1,45,126.928338,17,final_d15_closed,0,15,closed,0.0,-5.1
1.92,48,126.955198,17,final_d17_closed,0,17,closed,0.0,1.9199999999999997
4.02,48,126.983012,17,d19_detour,2,19,closed,0.0,4.020000000000003
-4.55,45,127.007731,17,final_d15_closed,0,15,closed,0.0,-4.549999999999998
0.45,55,127.038359,17,final_d19_closed,0,19,closed,0.0,0.44999999999999973
4.02,48,127.065357,17,d19_detour,2,19,closed,0.0,4.020000000000003
2.58,42,127.088108,17,final_d15_open,0,15,open,1.0,2.5799999999999996
2.58,42,127.111286,17,final_d17_open,0,17,open,1.0,2.5799999999999996
-4.75,45,127.135628,17,final_d15_closed,0,15,closed,0.0,-4.749999999999998
-4.4,45,127.160179,17,final_d15_closed,0,15,closed,0.0,-4.399999999999997
-5.0,45,127.184457,17,final_d15_closed,0,15,closed,0.0,-5.0
4.02,48,127.211344,17,d19_detour,2,19,closed,0.0,4.020000000000003
2.58,42,127.234315,17,final_d15_open,0,15,open,1.0,2.5799999999999996
4.02,48,127.261376,17,d19_detour,2,19,closed,0.0,4.020000000000003
2.58,42,127.284466,17,final_d15_open,0,15,open,1.0,2.5799999999999996
3.48,42,127.308201,17,d17_medium,2,17,closed,0.0,3.480000000000002
-4.65,45,127.332674,17,final_d15_closed,0,15,closed,0.0,-4.65
1.92,48,127.359982,17,final_d17_closed,0,17,closed,0.0,1.9199999999999997
4.14,36,127.380852,17,d15_direct,2,15,open,1.0,4.140000000000002
2.1,50,127.407651,17,final_d19_open,0,19,open,1.0,2.0999999999999996
4.02,48,127.433566,17,d19_detour,2,19,closed,0.0,4.020000000000003
4.02,48,127.461588,17,d19_detour,2,19,closed,0.0,4.020000000000003
4.02,48,127.488816,17,d19_detour,2,19,closed,0.0,4.020000000000003
4.02,48,127.515349,17,d19_detour,2,19,closed,0.0,4.020000000000003
2.46,54,127.545131,17,final_d19_closed,0,19,closed,0.0,2.4599999999999995
2.04,51,127.574038,17,final_d19_open,0,19,open,1.0,2.0399999999999996
4.02,48,127.601014,17,d19_detour,2,19,closed,0.0,4.020000000000003
4.02,48,127.627435,17,d19_detour,2,19,closed,0.0,4.020000000000003
2.58,42,127.649675,17,final_d15_open,0,15,open,1.0,2.5799999999999996
4.14,36,127.670438,17,d15_direct,2,15,open,1.0,4.140000000000002
2.46,54,127.699002,17,final_d19_closed,0,19,closed,0.0,2.4599999999999995
-4.9,45,127.723151,17,final_d15_closed,0,15,closed,0.0,-4.9
2.46,54,127.752156,17,final_d19_closed,0,19,closed,0.0,2.4599999999999995
4.02,48,127.778704,17,d19_detour,2,19,closed,0.0,4.020000000000003
2.58,42,127.80157,17,final_d15_open,0,15,open,1.0,2.5799999999999996
2.58,42,127.823779,17,final_d15_open,0,15,open,1.0,2.5799999999999996
2.28,52,127.851853,17,final_d19_open,0,19,open,1.0,2.2799999999999994
2.58,42,127.874086,17,final_d15_open,0,15,open,1.0,2.5799999999999996
4.02,48,127.900451,17,d19_detour,2,19,closed,0.0,4.020000000000003
2.28,52,127.927969,17,final_d19_open,0,19,open,1.0,2.2799999999999994
-4.75,45,128.164848,17,final_d15_closed,0,15,closed,0.0,-4.75
-4.4,45,128.189259,17,final_d15_closed,0,15,closed,0.0,-4.399999999999997
2.28,52,128.217137,17,final_d19_open,0,19,open,1.0,2.2799999999999994
2.46,54,128.245912,17,final_d19_open,0,19,open,1.0,2.4599999999999995
2.58,42,128.268414,17,final_d15_open,0,15,open,1.0,2.5799999999999996
2.58,42,128.290816,17,final_d17_open,0,17,open,1.0,2.5799999999999996
3.48,42,128.314783,17,d17_medium,2,17,closed,0.0,3.480000000000002
3.48,42,128.33855,17,d17_medium,2,17,closed,0.0,3.480000000000002
2.1,50,128.36546,17,final_d19_open,0,19,open,1.0,2.0999999999999996
2.46,54,128.394355,17,final_d19_closed,0,19,closed,0.0,2.4599999999999995
2.46,54,128.423155,17,final_d19_closed,0,19,closed,0.0,2.4599999999999995
2.46,54,128.452089,17,final_d19_closed,0,19,closed,0.0,2.4599999999999995
2.58,42,128.474422,17,final_d15_open,0,15,open,1.0,2.5799999999999996
2.14,46,128.499178,17,final_d17_open,0,17,open,1.0,2.1399999999999997
3.48,42,128.522812,17,d17_medium,2,17,closed,0.0,3.480000000000002
4.02,48,128.54939,17,d19_detour,2,19,closed,0.0,4.020000000000003
2.46,54,128.57932,17,final_d19_closed,0,19,closed,0.0,2.4599999999999995
-4.7,45,128.603653,17,final_d15_closed,0,15,closed,0.0,-4.699999999999999
2.28,52,128.631647,17,final_d19_open,0,19,open,1.0,2.2799999999999994
2.36,44,128.655846,17,final_d17_open,0,17,open,1.0,2.3599999999999994
3.48,42,128.680221,17,d17_medium,2,17,closed,0.0,3.480000000000002
2.28,52,128.707849,17,final_d19_open,0,19,open,1.0,2.2799999999999994
4.02,48,128.735182,17,d19_detour,2,19,closed,0.0,4.020000000000003
-4.45,45,128.759674,17,final_d15_closed,0,15,closed,0.0,-4.4499999999999975
4.02,48,128.786493,17,d19_detour,2,19,closed,0.0,4.020000000000003
4.02,48,128.813115,17,d19_detour,2,19,closed,0.0,4.020000000000003
1.67,33,128.831987,17,d19_detour,2,19,closed,0.0,1.6699999999999997
4.02,48,128.860278,17,d19_detour,2,19,closed,0.0,4.020000000000003
-4.45,45,128.884693,17,final_d15_closed,0,15,closed,0.0,-4.4499999999999975
3.48,42,128.90825,17,d17_medium,2,17,closed,0.0,3.480000000000002
2.58,42,128.930941,17,final_d17_open,0,17,open,1.0,2.5799999999999996
4.14,36,128.951022,17,d15_direct,2,15,open,1.0,4.140000000000002
2.46,54,128.980199,17,final_d19_open,0,19,open,1.0,2.4599999999999995
2.14,46,129.004527,17,final_d17_open,0,17,open,1.0,2.1399999999999997
2.46,54,129.033167,17,final_d19_closed,0,19,closed,0.0,2.4599999999999995
-4.4,45,129.057605,17,final_d15_closed,0,15,closed,0.0,-4.399999999999997
2.58,42,129.080377,17,final_d15_open,0,15,open,1.0,2.5799999999999996
2.28,52,129.108959,17,final_d19_open,0,19,open,1.0,2.2799999999999994
-4.4,45,129.133602,17,final_d15_closed,0,15,closed,0.0,-4.399999999999997
1.92,48,129.159542,17,final_d17_closed,0,17,closed,0.0,1.9199999999999997
-4.55,45,129.184039,17,final_d15_closed,0,15,closed,0.0,-4.549999999999999
3.48,42,129.207421,17,d17_medium,2,17,closed,0.0,3.480000000000002
2.58,42,129.231294,17,final_d17_open,0,17,open,1.0,2.5799999999999996
-4.55,45,129.256239,17,final_d15_closed,0,15,closed,0.0,-4.55
2.58,42,129.279215,17,final_d15_open,0,15,open,1.0,2.5799999999999996
4.02,48,129.522541,17,d19_detour,2,19,closed,0.0,4.020000000000003
2.46,54,129.551295,17,final_d19_open,0,19,open,1.0,2.4599999999999995
4.02,48,129.577607,17,d19_detour,2,19,closed,0.0,4.020000000000003
2.46,54,129.605981,17,final_d19_open,0,19,open,1.0,2.4599999999999995
2.46,54,129.636116,17,final_d19_closed,0,19,closed,0.0,2.4599999999999995
2.58,42,129.65883,17,final_d15_open,0,15,open,1.0,2.5799999999999996
2.46,54,129.68946,17,final_d19_closed,0,19,closed,0.0,2.4599999999999995
3.48,42,129.713994,17,d17_medium,2,17,closed,0.0,3.480000000000002
3.48,42,129.737844,17,d17_medium,2,17,closed,0.0,3.480000000000002
-4.4,45,129.762255,17,final_d15_closed,0,15,closed,0.0,-4.399999999999998
2.58,42,129.784944,17,final_d15_open,0,15,open,1.0,2.5799999999999996
4.14,36,129.805145,17,d15_direct,2,15,open,1.0,4.140000000000002
2.46,54,129.83383,17,final_d19_open,0,19,open,1.0,2.4599999999999995
1.92,48,129.860855,17,final_d17_closed,0,17,closed,0.0,1.9199999999999997
2.58,42,129.883378,17,final_d17_open,0,17,open,1.0,2.5799999999999996
2.46,54,129.913673,17,final_d19_closed,0,19,closed,0.0,2.4599999999999995
4.02,48,129.94071,17,d19_detour,2,19,closed,0.0,4.020000000000003
-4.35,45,129.96574,17,final_d15_closed,0,15,closed,0.0,-4.349999999999998
2.46,54,129.994693,17,final_d19_open,0,19,open,1.0,2.4599999999999995
2.46,54,130.023936,17,final_d19_closed,0,19,closed,0.0,2.4599999999999995
-0.2,55,130.053637,17,final_d19_open,0,19,open,1.0,-0.2000000000000004
2.58,42,130.0761,17,final_d17_open,0,17,open,1.0,2.5799999999999996
-4.3,45,130.100537,17,final_d15_closed,0,15,closed,0.0,-4.299999999999999
2.36,44,130.124043,17,final_d17_open,0,17,open,1.0,2.3599999999999994
2.58,42,130.14662,17,final_d17_open,0,17,open,1.0,2.5799999999999996
4.14,36,130.166564,17,d15_direct,2,15,open,1.0,4.140000000000002
2.34,46,130.190965,17,final_d17_open,0,17,open,1.0,2.34
2.58,42,130.213963,17,final_d15_open,0,15,open,1.0,2.5799999999999996
4.14,36,130.234038,17,d15_direct,2,15,open,1.0,4.140000000000002
2.58,42,130.25691,17,final_d15_open,0,15,open,1.0,2.5799999999999996
4.02,48,130.283833,17,d19_detour,2,19,closed,0.0,4.020000000000003
-5.0,45,130.308527,17,final_d15_closed,0,15,closed,0.0,-5.0
2.58,42,130.332016,17,final_d17_open,0,17,open,1.0,2.5799999999999996
3.48,42,130.355355,17,d17_medium,2,17,closed,0.0,3.480000000000002
2.36,44,130.378469,17,final_d17_open,0,17,open,1.0,2.3599999999999994
4.02,48,130.404741,17,d19_detour,2,19,closed,0.0,4.020000000000003
2.58,42,130.427199,17,final_d17_open,0,17,open,1.0,2.5799999999999996
2.46,54,130.456411,17,final_d19_closed,0,19,closed,0.0,2.4599999999999995
2.46,54,130.484854,17,final_d19_closed,0,19,closed,0.0,2.4599999999999995
2.58,42,130.506961,17,final_d15_open,0,15,open,1.0,2.5799999999999996
2.26,54,130.536032,17,final_d19_closed,0,19,closed,0.0,2.26
2.46,54,130.565822,17,final_d19_open,0,19,open,1.0,2.4599999999999995
2.46,54,130.602523,17,final_d19_closed,0,19,closed,0.0,2.4599999999999995
2.58,42,130.626787,17,final_d15_open,0,15,open,1.0,2.5799999999999996
-4.9,45,130.874153,17,final_d15_closed,0,15,closed,0.0,-4.9
3.48,42,130.898604,17,d17_medium,2,17,closed,0.0,3.480000000000002
4.02,48,130.925955,17,d19_detour,2,19,closed,0.0,4.020000000000003
2.46,54,130.954929,17,final_d19_closed,0,19,closed,0.0,2.4599999999999995
-4.6,45,130.979261,17,final_d15_closed,0,15,closed,0.0,-4.6
4.14,36,130.99946,17,d15_direct,2,15,open,1.0,4.140000000000002
0.11,49,131.026392,17,final_d17_closed,0,17,closed,0.0,0.10999999999999965
2.58,42,131.04888,17,final_d15_open,0,15,open,1.0,2.5799999999999996
2.46,54,131.077588,17,final_d19_open,0,19,open,1.0,2.4599999999999995
3.48,42,131.101268,17,d17_medium,2,17,closed,0.0,3.480000000000002
2.36,44,131.124912,17,final_d17_open,0,17,open,1.0,2.3599999999999994
-4.65,45,131.149592,17,final_d15_closed,0,15,closed,0.0,-4.65
3.48,42,131.173204,17,d17_medium,2,17,closed,0.0,3.480000000000002
1.92,48,131.199109,17,final_d17_closed,0,17,closed,0.0,1.9199999999999997
4.14,36,131.219176,17,d15_direct,2,15,open,1.0,4.140000000000002
4.02,48,131.245731,17,d19_detour,2,19,closed,0.0,4.020000000000003
2.46,54,131.275024,17,final_d19_closed,0,19,closed,0.0,2.4599999999999995
3.48,42,131.299412,17,d17_medium,2,17,closed,0.0,3.480000000000002
-4.05,45,131.324185,17,final_d15_closed,0,15,closed,0.0,-4.049999999999997
2.46,54,131.353152,17,final_d19_closed,0,19,closed,0.0,2.4599999999999995
1.92,48,131.380408,17,final_d17_closed,0,17,closed,0.0,1.9199999999999997
4.14,36,131.400675,17,d15_direct,2,15,open,1.0,4.140000000000002
2.46,54,131.428999,17,final_d19_closed,0,19,closed,0.0,2.4599999999999995
2.58,42,131.450934,17,final_d15_open,0,15,open,1.0,2.5799999999999996
2.46,54,131.479441,17,final_d19_open,0,19,open,1.0,2.4599999999999995
0.1,55,131.508717,17,final_d19_closed,0,19,closed,0.0,0.09999999999999942
2.46,54,131.537275,17,final_d19_closed,0,19,closed,0.0,2.4599999999999995
2.36,44,131.561021,17,final_d17_open,0,17,open,1.0,2.3599999999999994
2.14,46,131.585582,17,final_d17_open,0,17,open,1.0,2.1399999999999997
1.92,48,131.611516,17,final_d17_closed,0,17,closed,0.0,1.9199999999999997
2.58,42,131.634241,17,final_d15_open,0,15,open,1.0,2.5799999999999996
2.58,42,131.656867,17,final_d15_open,0,15,open,1.0,2.5799999999999996
2.58,42,131.681534,17,final_d17_open,0,17,open,1.0,2.5799999999999996
-5.0,45,131.705511,17,final_d15_closed,0,15,closed,0.0,-5.0
1.92,48,131.731933,17,final_d17_closed,0,17,closed,0.0,1.9199999999999997
-4.9,45,131.75622,17,final_d15_closed,0,15,closed,0.0,-4.9
2.36,44,131.779911,17,final_d17_open,0,17,open,1.0,2.3599999999999994
2.58,42,131.802248,17,final_d15_open,0,15,open,1.0,2.5799999999999996
-4.65,45,131.825986,17,final_d15_closed,0,15,closed,0.0,-4.65
-4.6,45,131.850053,17,final_d15_closed,0,15,closed,0.0,-4.599999999999998
2.46,54,131.878128,17,final_d19_open,0,19,open,1.0,2.4599999999999995
2.58,42,131.90002,17,final_d15_open,0,15,open,1.0,2.5799999999999996
4.02,48,131.927253,17,d19_detour,2,19,closed,0.0,4.020000000000003
2.46,54,131.959316,17,final_d19_closed,0,19,closed,0.0,2.4599999999999995
2.58,42,132.225633,17,final_d15_open,0,15,open,1.0,2.5799999999999996
1.92,48,132.251601,17,final_d17_closed,0,17,closed,0.0,1.9199999999999997
-4.45,45,132.275455,17,final_d15_closed,0,15,closed,0.0,-4.4499999999999975
2.46,54,132.304092,17,final_d19_closed,0,19,closed,0.0,2.4599999999999995
-5.0,45,132.328213,17,final_d15_closed,0,15,closed,0.0,-5.0
3.48,42,132.352484,17,d17_medium,2,17,closed,0.0,3.480000000000002
2.46,54,132.381103,17,final_d19_closed,0,19,closed,0.0,2.4599999999999995
2.46,54,132.410061,17,final_d19_open,0,19,open,1.0,2.4599999999999995
4.02,48,132.436875,17,d19_detour,2,19,closed,0.0,4.020000000000003
4.02,48,132.463987,17,d19_detour,2,19,closed,0.0,4.020000000000003
4.14,36,132.484969,17,d15_direct,2,15,open,1.0,4.140000000000002
4.02,48,132.512863,17,d19_detour,2,19,closed,0.0,4.020000000000003
4.02,48,132.541054,17,d19_detour,2,19,closed,0.0,4.020000000000003
2.58,42,132.565029,17,final_d17_open,0,17,open,1.0,2.5799999999999996
1.92,48,132.591993,17,final_d17_closed,0,17,closed,0.0,1.9199999999999997
2.48,52,132.621307,17,final_d19_open,0,19,open,1.0,2.4799999999999995
4.14,36,132.641824,17,d15_direct,2,15,open,1.0,4.140000000000002
2.46,54,132.671957,17,final_d19_closed,0,19,closed,0.0,2.4599999999999995
3.48,42,132.696085,17,d17_medium,2,17,closed,0.0,3.480000000000002
2.46,54,132.725322,17,final_d19_closed,0,19,closed,0.0,2.4599999999999995
-5.1,45,132.749768,17,final_d15_closed,0,15,closed,0.0,-5.1
3.48,42,132.773585,17,d17_medium,2,17,closed,0.0,3.480000000000002
2.46,54,132.801895,17,final_d19_open,0,19,open,1.0,2.4599999999999995
1.92,48,132.827506,17,final_d17_closed,0,17,closed,0.0,1.9199999999999997
1.92,48,132.8538,17,final_d17_closed,0,17,closed,0.0,1.9199999999999997
4.02,48,132.881101,17,d19_detour,2,19,closed,0.0,4.020000000000003
-4.65,45,132.904871,17,final_d15_closed,0,15,closed,0.0,-4.649999999999998
2.58,42,132.927642,17,final_d15_open,0,15,open,1.0,2.5799999999999996
-5.1,45,132.951335,17,final_d15_closed,0,15,closed,0.0,-5.1
2.58,42,132.973711,17,final_d15_open,0,15,open,1.0,2.5799999999999996
2.46,54,133.002465,17,final_d19_closed,0,19,closed,0.0,2.4599999999999995
2.46,54,133.030851,17,final_d19_closed,0,19,closed,0.0,2.4599999999999995
1.92,48,133.056879,17,final_d17_closed,0,17,closed,0.0,1.9199999999999997
1.92,48,133.082539,17,final_d17_closed,0,17,closed,0.0,1.9199999999999997
1.92,48,133.108036,17,final_d17_closed,0,17,closed,0.0,1.9199999999999997
2.46,54,133.136984,17,final_d19_open,0,19,open,1.0,2.4599999999999995
2.46,54,133.165011,17,final_d19_open,0,19,open,1.0,2.4599999999999995
2.58,42,133.187241,17,final_d15_open,0,15,open,1.0,2.5799999999999996
4.14,36,133.20677,17,d15_direct,2,15,open,1.0,4.140000000000002
2.58,42,133.230407,17,final_d15_open,0,15,open,1.0,2.5799999999999996
3.48,42,133.254043,17,d17_medium,2,17,closed,0.0,3.480000000000002
2.58,42,133.276371,17,final_d15_open,0,15,open,1.0,2.5799999999999996
4.02,48,133.303881,17,d19_detour,2,19,closed,0.0,4.020000000000003
4.02,48,133.332207,17,d19_detour,2,19,closed,0.0,4.020000000000003
2.58,42,133.564632,17,final_d15_open,0,15,open,1.0,2.5799999999999996
2.58,42,133.587732,17,final_d17_open,0,17,open,1.0,2.5799999999999996
2.58,42,133.610713,17,final_d15_open,0,15,open,1.0,2.5799999999999996
2.46,54,133.639511,17,final_d19_open,0,19,open,1.0,2.4599999999999995
1.92,48,133.665768,17,final_d17_closed,0,17,closed,0.0,1.9199999999999997
-4.8,45,133.689785,17,final_d15_closed,0,15,closed,0.0,-4.799999999999998
3.48,42,133.714323,17,d17_medium,2,17,closed,0.0,3.480000000000002
4.02,48,133.740565,17,d19_detour,2,19,closed,0.0,4.020000000000003
-4.7,45,133.764405,17,final_d15_closed,0,15,closed,0.0,-4.6999999999999975
1.92,48,133.790073,17,final_d17_closed,0,17,closed,0.0,1.9199999999999997
2.58,42,133.81219,17,final_d15_open,0,15,open,1.0,2.5799999999999996
2.58,42,133.834553,17,final_d15_open,0,15,open,1.0,2.5799999999999996
-0.2,55,133.865782,17,final_d19_closed,0,19,closed,0.0,-0.20000000000000062
3.48,42,133.889335,17,d17_medium,2,17,closed,0.0,3.480000000000002
2.46,54,133.918601,17,final_d19_open,0,19,open,1.0,2.4599999999999995
1.92,48,133.943881,17,final_d17_closed,0,17,closed,0.0,1.9199999999999997
2.36,44,133.968032,17,final_d17_open,0,17,open,1.0,2.3599999999999994
3.48,42,133.9918,17,d17_medium,2,17,closed,0.0,3.480000000000002
4.14,36,134.012951,17,d15_direct,2,15,open,1.0,4.140000000000002
3.42,43,134.037608,17,d17_medium,2,17,closed,0.0,3.4200000000000026
4.14,36,134.057559,17,d15_direct,2,15,open,1.0,4.140000000000002
1.92,48,134.083315,17,final_d17_closed,0,17,closed,0.0,1.9199999999999997
1.92,48,134.109049,17,final_d17_closed,0,17,closed,0.0,1.9199999999999997
2.46,54,134.138696,17,final_d19_closed,0,19,closed,0.0,2.4599999999999995
-4.8,45,134.163919,17,final_d15_closed,0,15,closed,0.0,-4.799999999999998
2.46,54,134.193534,17,final_d19_closed,0,19,closed,0.0,2.4599999999999995
4.14,36,134.21394,17,d15_direct,2,15,open,1.0,4.140000000000002
4.14,36,134.234257,17,d15_direct,2,15,open,1.0,4.140000000000002
3.48,42,134.25824,17,d17_medium,2,17,closed,0.0,3.480000000000002
0.28,47,134.284079,17,final_d17_open,0,17,open,1.0,0.2799999999999996
-5.1,45,134.308854,17,final_d15_closed,0,15,closed,0.0,-5.1
-4.8,45,134.334161,17,final_d15_closed,0,15,closed,0.0,-4.8
1.12,43,134.358763,17,d17_medium,2,17,closed,0.0,1.1199999999999997
2.46,54,134.388546,17,final_d19_closed,0,19,closed,0.0,2.4599999999999995
2.46,54,134.417948,17,final_d19_closed,0,19,closed,0.0,2.4599999999999995
4.14,36,134.438644,17,d15_direct,2,15,open,1.0,4.140000000000002
4.14,36,134.45862,17,d15_direct,2,15,open,1.0,4.140000000000002
2.58,42,134.481639,17,final_d15_open,0,15,open,1.0,2.5799999999999996
3.48,42,134.506784,17,d17_medium,2,17,closed,0.0,3.480000000000002
4.02,48,134.534617,17,d19_detour,2,19,closed,0.0,4.020000000000003
2.46,54,134.56368,17,final_d19_closed,0,19,closed,0.0,2.4599999999999995
4.14,36,134.584123,17,d15_direct,2,15,open,1.0,4.140000000000002
2.46,54,134.61323,17,final_d19_open,0,19,open,1.0,2.4599999999999995
2.58,42,134.637407,17,final_d15_open,0,15,open,1.0,2.5799999999999996
-0.25,55,134.6691,17,final_d19_open,0,19,open,1.0,-0.2500000000000011
2.36,44,134.914061,17,final_d17_open,0,17,open,1.0,2.3599999999999994
3.48,42,134.938297,17,d17_medium,2,17,closed,0.0,3.480000000000002
2.46,54,134.968209,17,final_d19_closed,0,19,closed,0.0,2.4599999999999995
4.14,36,134.98853,17,d15_direct,2,15,open,1.0,4.140000000000002
2.58,42,135.011143,17,final_d15_open,0,15,open,1.0,2.5799999999999996
2.58,42,135.034184,17,final_d17_open,0,17,open,1.0,2.5799999999999996
2.46,54,135.063882,17,final_d19_closed,0,19,closed,0.0,2.4599999999999995
1.92,48,135.091045,17,final_d17_closed,0,17,closed,0.0,1.9199999999999997
2.36,44,135.114899,17,final_d17_open,0,17,open,1.0,2.3599999999999994
-4.75,45,135.140227,17,final_d15_closed,0,15,closed,0.0,-4.75
3.48,42,135.164134,17,d17_medium,2,17,closed,0.0,3.480000000000002
-2.96,56,135.194368,17,final_d19_open,0,19,open,1.0,-2.9599999999999973
1.92,48,135.220776,17,final_d17_closed,0,17,closed,0.0,1.9199999999999997
-4.8,45,135.245562,17,final_d15_closed,0,15,closed,0.0,-4.799999999999998
1.92,48,135.27223,17,final_d17_closed,0,17,closed,0.0,1.9199999999999997
-5.1,45,135.296989,17,final_d15_closed,0,15,closed,0.0,-5.1
-4.8,45,135.322114,17,final_d15_closed,0,15,closed,0.0,-4.799999999999999
2.58,42,135.344757,17,final_d15_open,0,15,open,1.0,2.5799999999999996
-5.1,45,135.36983,17,final_d15_closed,0,15,closed,0.0,-5.1
2.46,54,135.399505,17,final_d19_closed,0,19,closed,0.0,2.4599999999999995
2.1,50,135.426765,17,final_d19_open,0,19,open,1.0,2.0999999999999996
1.92,48,135.453492,17,final_d17_closed,0,17,closed,0.0,1.9199999999999997
-4.35,45,135.478252,17,final_d15_closed,0,15,closed,0.0,-4.349999999999997
2.58,42,135.501006,17,final_d17_open,0,17,open,1.0,2.5799999999999996
4.14,36,135.521451,17,d15_direct,2,15,open,1.0,4.140000000000002
1.92,48,135.548484,17,final_d17_closed,0,17,closed,0.0,1.9199999999999997
-5.0,45,135.573124,17,final_d15_closed,0,15,closed,0.0,-5.0
-0.25,55,135.603181,17,final_d19_open,0,19,open,1.0,-0.24999999999999933
2.46,54,135.632835,17,final_d19_closed,0,19,closed,0.0,2.4599999999999995
2.46,54,135.663032,17,final_d19_open,0,19,open,1.0,2.4599999999999995
4.14,36,135.683942,17,d15_direct,2,15,open,1.0,4.140000000000002
2.58,42,135.706353,17,final_d17_open,0,17,open,1.0,2.5799999999999996
-4.75,45,135.730594,17,final_d15_closed,0,15,closed,0.0,-4.749999999999998
3.48,42,135.754452,17,d17_medium,2,17,closed,0.0,3.480000000000002
2.1,50,135.780723,17,final_d19_open,0,19,open,1.0,2.0999999999999996
-3.14,54,135.809047,17,final_d19_open,0,19,open,1.0,-3.140000000000001
-0.43,53,135.836894,17,final_d19_open,0,19,open,1.0,-0.43000000000000105
2.46,54,135.8667,17,final_d19_closed,0,19,closed,0.0,2.4599999999999995
4.02,48,135.892705,17,d19_detour,2,19,closed,0.0,4.020000000000003
1.92,48,135.918433,17,final_d17_closed,0,17,closed,0.0,1.9199999999999997
2.58,42,135.940459,17,final_d15_open,0,15,open,1.0,2.5799999999999996
2.46,54,135.969255,17,final_d19_closed,0,19,closed,0.0,2.4599999999999995
1.92,48,135.995132,17,final_d17_closed,0,17,closed,0.0,1.9199999999999997
4.14,36,136.015409,17,d15_direct,2,15,open,1.0,4.140000000000002
-4.45,45,136.247295,17,final_d15_closed,0,15,closed,0.0,-4.449999999999999
4.14,36,136.26801,17,d15_direct,2,15,open,1.0,4.140000000000002
4.14,36,136.288582,17,d15_direct,2,15,open,1.0,4.140000000000002
4.14,36,136.308498,17,d15_direct,2,15,open,1.0,4.140000000000002
4.14,36,136.329009,17,d15_direct,2,15,open,1.0,4.140000000000002
1.92,48,136.354449,17,final_d17_closed,0,17,closed,0.0,1.9199999999999997
1.92,48,136.381012,17,final_d17_closed,0,17,closed,0.0,1.9199999999999997
2.58,42,136.403653,17,final_d15_open,0,15,open,1.0,2.5799999999999996
2.46,54,136.432866,17,final_d19_closed,0,19,closed,0.0,2.4599999999999995
4.02,48,136.459519,17,d19_detour,2,19,closed,0.0,4.020000000000003
1.92,48,136.487437,17,final_d17_closed,0,17,closed,0.0,1.9199999999999997
2.58,42,136.509926,17,final_d15_open,0,15,open,1.0,2.5799999999999996
2.46,54,136.539368,17,final_d19_open,0,19,open,1.0,2.4599999999999995
2.46,54,136.568342,17,final_d19_closed,0,19,closed,0.0,2.4599999999999995
2.46,54,136.596722,17,final_d19_open,0,19,open,1.0,2.4599999999999995
2.46,54,136.625356,17,final_d19_open,0,19,open,1.0,2.4599999999999995
2.58,42,136.647896,17,final_d15_open,0,15,open,1.0,2.5799999999999996
4.02,48,136.674949,17,d19_detour,2,19,closed,0.0,4.020000000000003
2.58,42,136.697174,17,final_d17_open,0,17,open,1.0,2.5799999999999996
1.92,48,136.72424,17,final_d17_closed,0,17,closed,0.0,1.9199999999999997
4.02,48,136.751038,17,d19_detour,2,19,closed,0.0,4.020000000000003
2.46,54,136.77937,17,final_d19_open,0,19,open,1.0,2.4599999999999995
2.36,44,136.802998,17,final_d17_open,0,17,open,1.0,2.3599999999999994
1.92,48,136.828661,17,final_d17_closed,0,17,closed,0.0,1.9199999999999997
4.14,36,136.849509,17,d15_direct,2,15,open,1.0,4.140000000000002
2.58,42,136.871837,17,final_d15_open,0,15,open,1.0,2.5799999999999996
2.46,54,136.900518,17,final_d19_closed,0,19,closed,0.0,2.4599999999999995
2.36,44,136.924453,17,final_d17_open,0,17,open,1.0,2.3599999999999994
1.92,48,136.949995,17,final_d17_closed,0,17,closed,0.0,1.9199999999999997
4.14,36,136.975909,17,d15_direct,2,15,open,1.0,4.140000000000002
-4.8,45,137.000424,17,final_d15_closed,0,15,closed,0.0,-4.799999999999998
4.14,36,137.020512,17,d15_direct,2,15,open,1.0,4.140000000000002
4.14,36,137.040576,17,d15_direct,2,15,open,1.0,4.140000000000002
-4.4,45,137.064821,17,final_d15_closed,0,15,closed,0.0,-4.3999999999999995
4.14,36,137.085521,17,d15_direct,2,15,open,1.0,4.140000000000002
2.46,54,137.114135,17,final_d19_open,0,19,open,1.0,2.4599999999999995
2.46,54,137.142794,17,final_d19_open,0,19,open,1.0,2.4599999999999995
3.48,42,137.167103,17,d17_medium,2,17,closed,0.0,3.480000000000002
1.92,48,137.193416,17,final_d17_closed,0,17,closed,0.0,1.9199999999999997
4.02,48,137.220185,17,d19_detour,2,19,closed,0.0,4.020000000000003
2.46,54,137.248988,17,final_d19_open,0,19,open,1.0,2.4599999999999995
1.92,48,137.274911,17,final_d17_closed,0,17,closed,0.0,1.9199999999999997
3.48,42,137.299037,17,d17_medium,2,17,closed,0.0,3.480000000000002
3.48,42,137.323483,17,d17_medium,2,17,closed,0.0,3.480000000000002
2.58,42,137.346086,17,final_d17_open,0,17,open,1.0,2.5799999999999996
