#{"t_start": 1788895746.5514786, "env_id": "None"}
r,l,t,gate_state,belief_open,trial_return
-5.69,87,0.256591,closed,0.5,-5.690000000000001
-5.81,95,0.324319,closed,0.5,-5.810000000000002
-5.83,91,0.38936,closed,0.5,-5.830000000000002
-5.89,89,0.453063,closed,0.5,-5.890000000000003
-5.85,93,0.518021,closed,0.5,-5.8500000000000005
-5.79,89,0.581004,closed,0.0,-5.790000000000002
-5.59,87,0.642491,closed,0.5,-5.590000000000001
-5.77,91,0.707025,closed,0.5,-5.770000000000001
-5.85,89,0.769995,closed,0.5,-5.8500000000000005
-5.83,91,0.832649,closed,0.5,-5.830000000000002
-5.67,93,0.897752,closed,0.5,-5.6700000000000035
-5.75,87,0.958874,closed,0.5,-5.750000000000003
-5.79,91,1.023305,closed,0.5,-5.789999999999999
-5.81,89,1.081527,closed,0.5,-5.810000000000002
-5.81,91,1.140829,closed,0.0,-5.81
-5.71,85,1.196287,closed,0.5,-5.710000000000003
-5.85,91,1.255529,closed,0.5,-5.850000000000002
-5.81,89,1.313773,closed,0.5,-5.810000000000003
-5.65,85,1.369379,closed,0.0,-5.650000000000001
-5.71,87,1.428389,closed,0.5,-5.71
-5.79,95,1.490642,closed,0.0,-5.7900000000000045
-5.77,89,1.548841,closed,0.5,-5.770000000000001
-5.83,89,1.606945,closed,0.0,-5.830000000000002
-5.71,95,1.668833,closed,0.5,-5.710000000000001
-5.71,89,1.72679,closed,0.5,-5.710000000000003
-5.91,91,1.786056,closed,0.5,-5.910000000000002
-5.63,87,1.84275,closed,0.5,-5.630000000000002
-5.75,89,1.900832,closed,0.5,-5.7500000000000036
-5.65,91,1.960254,closed,0.0,-5.650000000000004
-5.95,91,2.019593,closed,0.5,-5.950000000000002
-5.83,91,2.079187,closed,0.5,-5.830000000000004
-5.87,89,2.137232,closed,0.5,-5.870000000000003
-5.67,91,2.197354,closed,0.5,-5.6700000000000035
-5.75,91,2.257145,closed,0.5,-5.750000000000001
-5.81,89,2.315243,closed,0.5,-5.810000000000001
-5.45,89,2.373697,closed,0.5,-5.450000000000004
-5.75,89,2.431889,closed,0.5,-5.7500000000000036
-5.65,89,2.490037,closed,0.0,-5.65
-5.61,87,2.546969,closed,0.5,-5.610000000000002
-5.77,91,2.606715,closed,0.5,-5.7700000000000005
-5.65,87,2.663575,closed,0.5,-5.65
-5.85,93,2.724516,closed,0.5,-5.850000000000002
-5.67,89,2.782695,closed,0.0,-5.670000000000003
-5.79,85,2.838722,closed,0.5,-5.790000000000001
-5.91,93,2.899242,closed,0.5,-5.910000000000002
-5.79,91,3.513168,closed,0.5,-5.790000000000003
-5.91,93,3.574174,closed,0.5,-5.910000000000001
-5.71,93,3.63507,closed,0.5,-5.710000000000003
-5.69,93,3.696091,closed,0.5,-5.690000000000004
-5.77,89,3.756213,closed,0.5,-5.7700000000000005
-5.63,85,3.812016,closed,0.5,-5.630000000000003
-5.57,89,3.870831,closed,0.5,-5.570000000000002
-5.53,89,3.929258,closed,0.5,-5.530000000000003
-5.73,89,3.987695,closed,0.5,-5.730000000000002
-5.93,93,4.04868,closed,0.5,-5.930000000000005
-5.63,87,4.105651,closed,0.0,-5.630000000000003
-5.69,91,4.165399,closed,0.0,-5.690000000000004
-5.75,89,4.223717,closed,0.5,-5.750000000000001
-5.69,89,4.282066,closed,0.5,-5.690000000000004
-5.85,93,4.343207,closed,0.5,-5.850000000000004
-5.91,89,4.401832,closed,0.5,-5.910000000000004
-5.83,89,4.460362,closed,0.5,-5.830000000000002
-5.79,93,4.521374,closed,0.5,-5.790000000000001
-5.69,87,4.578479,closed,0.5,-5.690000000000002
-5.85,93,4.639307,closed,0.5,-5.850000000000001
-5.83,89,4.697628,closed,0.0,-5.83
-5.71,93,4.758539,closed,0.5,-5.7100000000000035
-5.77,89,4.816872,closed,0.5,-5.770000000000003
-5.69,93,4.877902,closed,0.5,-5.69
-5.75,87,4.934996,closed,0.5,-5.750000000000002
-5.79,91,4.994615,closed,0.0,-5.789999999999998
-5.71,91,5.054224,closed,0.5,-5.7100000000000035
-5.85,89,5.11254,closed,0.5,-5.850000000000001
-5.83,91,5.172104,closed,0.5,-5.830000000000002
-5.55,89,5.230427,closed,0.5,-5.550000000000003
-5.87,89,5.288794,closed,0.5,-5.870000000000001
-5.69,87,5.345956,closed,0.5,-5.690000000000001
-5.85,93,5.407539,closed,0.5,-5.850000000000001
-5.81,93,5.468659,closed,0.5,-5.810000000000001
-5.75,87,5.526193,closed,0.5,-5.750000000000002
-5.69,87,5.58358,closed,0.0,-5.690000000000002
-5.65,89,5.642128,closed,0.5,-5.650000000000003
-5.69,87,5.699496,closed,0.5,-5.690000000000003
-5.69,89,5.757917,closed,0.5,-5.690000000000002
-5.87,91,5.817798,closed,0.5,-5.870000000000004
-5.81,91,5.87771,closed,0.5,-5.810000000000002
-5.87,93,5.938827,closed,0.5,-5.870000000000002
-5.79,89,5.997426,closed,0.5,-5.790000000000001
-5.75,89,6.055958,closed,0.5,-5.750000000000003
-5.73,91,6.115831,closed,0.5,-5.730000000000002
-5.79,89,6.174472,closed,0.5,-5.790000000000002
-5.77,89,6.688969,closed,0.5,-5.770000000000004
-5.75,93,6.752801,closed,0.5,-5.75
-5.61,89,6.815319,closed,0.0,-5.610000000000003
-5.75,89,6.877575,closed,0.0,-5.750000000000002
-5.81,93,6.938829,closed,0.5,-5.8100000000000005
-5.91,95,7.005887,closed,0.5,-5.910000000000003
-5.71,91,7.070404,closed,0.5,-5.710000000000003
-5.65,89,7.132008,closed,0.0,-5.650000000000002
-5.67,89,7.191455,closed,0.5,-5.670000000000002
-5.73,91,7.251232,closed,0.5,-5.730000000000003
-5.79,89,7.311491,closed,0.5,-5.790000000000004
-5.83,87,7.372172,closed,0.5,-5.830000000000001
-5.71,93,7.433469,closed,0.5,-5.710000000000002
-5.59,89,7.492097,closed,0.5,-5.5900000000000025
-5.71,93,7.5531,closed,0.0,-5.710000000000003
-5.61,93,7.616075,closed,0.0,-5.610000000000003
-5.59,93,7.678386,closed,0.5,-5.590000000000004
-5.77,89,7.738595,closed,0.5,-5.770000000000002
-5.89,93,7.801009,closed,0.0,-5.890000000000002
-5.65,87,7.858598,closed,0.0,-5.650000000000003
-5.85,91,7.919274,closed,0.5,-5.850000000000003
-5.69,87,7.976609,closed,0.5,-5.690000000000001
-5.73,87,8.033834,closed,0.5,-5.730000000000002
-5.81,91,8.093644,closed,0.5,-5.810000000000002
-5.81,93,8.154737,closed,0.0,-5.810000000000001
-5.79,89,8.213635,closed,0.0,-5.790000000000001
-5.85,87,8.271274,closed,0.5,-5.850000000000003
-5.85,93,8.334479,closed,0.5,-5.85
-5.85,91,8.400018,closed,0.5,-5.850000000000001
-5.73,91,8.46138,closed,0.5,-5.730000000000001
-5.83,89,8.520684,closed,0.0,-5.830000000000003
-5.81,91,8.581392,closed,0.0,-5.810000000000002
-5.85,89,8.640202,closed,0.5,-5.850000000000001
-5.73,91,8.700065,closed,0.5,-5.73
-5.69,93,8.762047,closed,0.5,-5.690000000000006
-5.77,89,8.820727,closed,0.5,-5.770000000000002
-5.67,87,8.878,closed,0.0,-5.670000000000003
-5.71,93,8.93941,closed,0.5,-5.7100000000000035
-5.79,89,8.997928,closed,0.5,-5.790000000000001
-5.73,93,9.059049,closed,0.0,-5.730000000000003
-5.81,91,9.118931,closed,0.5,-5.81
-5.85,93,9.180248,closed,0.0,-5.8500000000000005
-5.67,85,9.236211,closed,0.0,-5.670000000000003
-5.57,87,9.293621,closed,0.5,-5.57
-5.63,93,9.355007,closed,0.5,-5.6300000000000034
-5.73,89,9.773522,closed,0.0,-5.730000000000003
-5.63,93,9.837091,closed,0.5,-5.6300000000000034
-5.73,87,9.897667,closed,0.5,-5.730000000000003
-5.59,89,9.957182,closed,0.0,-5.590000000000003
-5.77,91,10.016443,closed,0.5,-5.770000000000002
-5.89,93,10.080258,closed,0.5,-5.8900000000000015
-5.79,91,10.139978,closed,0.5,-5.790000000000003
-5.71,87,10.196981,closed,0.0,-5.710000000000002
-5.69,89,10.25528,closed,0.0,-5.690000000000004
-5.59,87,10.312009,closed,0.5,-5.590000000000001
-5.75,93,10.376712,closed,0.5,-5.75
-5.77,89,10.439461,closed,0.5,-5.770000000000002
-5.89,91,10.501271,closed,0.5,-5.890000000000003
-5.67,89,10.559544,closed,0.5,-5.6700000000000035
-5.71,87,10.616381,closed,0.5,-5.710000000000003
-5.81,91,10.676061,closed,0.5,-5.810000000000004
-5.91,93,10.73768,closed,0.5,-5.910000000000002
-5.67,87,10.795013,closed,0.0,-5.670000000000002
-5.69,85,10.850976,closed,0.5,-5.690000000000001
-5.83,89,10.909345,closed,0.5,-5.83
-5.77,89,10.967833,closed,0.5,-5.770000000000003
-5.69,89,11.026132,closed,0.5,-5.690000000000005
-5.55,93,11.086937,closed,0.5,-5.5500000000000025
-5.79,89,11.145105,closed,0.5,-5.790000000000004
-5.69,87,11.202144,closed,0.5,-5.690000000000004
-5.81,91,11.261725,closed,0.5,-5.810000000000002
-5.75,91,11.321112,closed,0.5,-5.750000000000002
-5.87,91,11.380665,closed,0.5,-5.870000000000001
-5.71,91,11.440388,closed,0.5,-5.710000000000001
-5.63,91,11.499928,closed,0.0,-5.630000000000003
-5.65,91,11.559458,closed,0.5,-5.650000000000002
-5.73,93,11.620135,closed,0.5,-5.730000000000002
-5.77,91,11.679567,closed,0.5,-5.770000000000003
-5.71,87,11.736584,closed,0.5,-5.7100000000000035
-5.89,89,11.794709,closed,0.5,-5.8900000000000015
-5.63,91,11.854209,closed,0.5,-5.6300000000000034
-5.85,91,11.913677,closed,0.5,-5.8500000000000005
-5.67,91,11.973189,closed,0.5,-5.670000000000004
-5.57,87,12.030151,closed,0.5,-5.570000000000001
-5.71,87,12.087197,closed,0.5,-5.710000000000002
-5.69,91,12.146724,closed,0.5,-5.6899999999999995
-5.63,89,12.205004,closed,0.5,-5.630000000000002
-5.71,87,12.26208,closed,0.5,-5.7100000000000035
-5.87,91,12.321696,closed,0.5,-5.869999999999999
-5.73,89,12.379905,closed,0.5,-5.730000000000001
-5.81,91,12.439474,closed,0.5,-5.810000000000003
-5.69,93,12.851314,closed,0.5,-5.690000000000004
-5.95,91,12.910826,closed,0.5,-5.950000000000002
-5.81,89,12.968958,closed,0.0,-5.810000000000002
-5.81,91,13.028352,closed,0.5,-5.810000000000001
-5.75,87,13.085264,closed,0.5,-5.750000000000001
-5.83,91,13.14472,closed,0.5,-5.830000000000001
-5.85,95,13.206654,closed,0.5,-5.850000000000002
-5.65,91,13.266039,closed,0.5,-5.650000000000004
-5.71,87,13.322872,closed,0.5,-5.710000000000002
-5.83,91,13.382668,closed,0.0,-5.830000000000002
-5.63,91,13.442302,closed,0.0,-5.6300000000000034
-5.75,91,13.5019,closed,0.5,-5.7500000000000036
-5.73,91,13.561586,closed,0.5,-5.730000000000002
-5.69,89,13.619749,closed,0.5,-5.690000000000003
-5.51,93,13.680567,closed,0.5,-5.510000000000004
-5.63,91,13.740142,closed,0.5,-5.6300000000000034
-5.83,87,13.797181,closed,0.5,-5.830000000000003
-5.65,89,13.855539,closed,0.5,-5.650000000000002
-5.81,89,13.913819,closed,0.5,-5.810000000000002
-5.63,91,13.973301,closed,0.5,-5.63
-5.79,87,14.030986,closed,0.5,-5.790000000000003
-5.87,89,14.089569,closed,0.5,-5.870000000000002
-5.71,91,14.149278,closed,0.0,-5.710000000000004
-5.75,91,14.208852,closed,0.5,-5.750000000000004
-5.69,85,14.264483,closed,0.5,-5.690000000000004
-5.77,93,14.32532,closed,0.5,-5.770000000000002
-5.59,89,14.383978,closed,0.5,-5.590000000000003
-5.83,91,14.443804,closed,0.5,-5.830000000000004
-5.63,89,14.502141,closed,0.5,-5.630000000000002
-5.79,91,14.561821,closed,0.5,-5.790000000000003
-5.83,91,14.621485,closed,0.5,-5.830000000000002
-5.85,87,14.678935,closed,0.5,-5.850000000000002
-5.85,91,14.738935,closed,0.5,-5.850000000000002
-5.71,91,14.798698,closed,0.5,-5.7100000000000035
-5.79,91,14.858268,closed,0.5,-5.790000000000003
-5.71,91,14.917816,closed,0.0,-5.710000000000005
-5.51,93,14.978583,closed,0.5,-5.510000000000005
-5.57,91,15.038531,closed,0.5,-5.570000000000001
-5.75,89,15.096872,closed,0.5,-5.750000000000002
-5.83,91,15.156529,closed,0.5,-5.830000000000004
-5.73,95,15.218819,closed,0.0,-5.730000000000003
-5.77,91,15.278574,closed,0.5,-5.770000000000003
-5.67,85,15.33442,closed,0.0,-5.6700000000000035
-5.79,89,15.393168,closed,0.5,-5.790000000000002
-5.81,91,15.453079,closed,0.5,-5.810000000000003
-5.71,87,15.866491,closed,0.5,-5.710000000000001
-5.67,91,15.926018,closed,0.0,-5.670000000000005
-5.77,89,15.984249,closed,0.5,-5.770000000000002
-5.65,89,16.042872,closed,0.5,-5.650000000000002
-5.81,89,16.101016,closed,0.5,-5.8100000000000005
-5.75,89,16.159204,closed,0.5,-5.750000000000001
-5.85,95,16.221331,closed,0.5,-5.850000000000001
-5.73,89,16.279609,closed,0.5,-5.730000000000001
-5.79,95,16.341559,closed,0.0,-5.790000000000001
-5.85,91,16.401189,closed,0.5,-5.850000000000003
-5.73,89,16.459609,closed,0.5,-5.7299999999999995
-5.65,87,16.516583,closed,0.5,-5.65
-5.47,91,16.576234,closed,0.5,-5.4700000000000015
-5.71,91,16.635757,closed,0.5,-5.710000000000003
-5.69,89,16.693996,closed,0.5,-5.690000000000003
-5.83,89,16.752344,closed,0.5,-5.830000000000003
-5.91,93,16.813013,closed,0.5,-5.910000000000003
-5.87,93,16.873704,closed,0.5,-5.870000000000003
-5.77,91,16.933156,closed,0.5,-5.770000000000003
-5.83,93,16.993952,closed,0.0,-5.830000000000003
-5.61,87,17.050973,closed,0.0,-5.610000000000003
-5.61,89,17.10917,closed,0.0,-5.610000000000002
-5.85,91,17.168509,closed,0.5,-5.8500000000000005
-5.77,89,17.226581,closed,0.5,-5.770000000000002
-5.67,91,17.286077,closed,0.5,-5.670000000000003
-5.75,91,17.34555,closed,0.5,-5.750000000000003
-5.75,89,17.404057,closed,0.5,-5.750000000000002
-5.73,89,17.462526,closed,0.5,-5.730000000000002
-5.77,93,17.52344,closed,0.0,-5.770000000000002
-5.73,87,17.580459,closed,0.5,-5.730000000000003
-5.67,89,17.63877,closed,0.0,-5.670000000000002
-5.71,89,17.697198,closed,0.5,-5.710000000000002
-5.81,91,17.756835,closed,0.5,-5.81
-5.61,87,17.813922,closed,0.0,-5.610000000000003
-5.73,91,17.873529,closed,0.5,-5.730000000000004
-5.61,89,17.931843,closed,0.5,-5.609999999999999
-5.55,87,17.988932,closed,0.5,-5.5500000000000025
-5.47,91,18.048492,closed,0.5,-5.470000000000003
-5.79,89,18.106977,closed,0.5,-5.790000000000004
-5.83,89,18.165357,closed,0.5,-5.830000000000001
-5.69,89,18.223813,closed,0.0,-5.690000000000004
-5.75,89,18.282415,closed,0.5,-5.750000000000002
-5.71,85,18.338496,closed,0.0,-5.710000000000001
-5.71,89,18.39706,closed,0.5,-5.7100000000000035
-5.89,93,18.458142,closed,0.5,-5.8900000000000015
-5.77,89,18.516521,closed,0.5,-5.770000000000004
-5.73,89,18.92958,closed,0.5,-5.730000000000001
-5.83,91,18.98922,closed,0.5,-5.830000000000002
-5.71,91,19.048824,closed,0.5,-5.710000000000002
-5.73,91,19.108595,closed,0.5,-5.730000000000002
-5.47,89,19.167195,closed,0.0,-5.4700000000000015
-5.57,91,19.226827,closed,0.5,-5.570000000000002
-5.65,93,19.287925,closed,0.0,-5.650000000000003
-5.53,91,19.347839,closed,0.5,-5.530000000000003
-5.33,89,19.406597,closed,0.0,-5.330000000000003
-5.65,87,19.463634,closed,0.5,-5.650000000000002
-5.75,91,19.523315,closed,0.5,-5.750000000000003
-5.71,89,19.581664,closed,0.0,-5.710000000000002
-5.65,91,19.641354,closed,0.5,-5.650000000000003
-5.51,89,19.69973,closed,0.0,-5.510000000000004
-5.55,91,19.759416,closed,0.5,-5.550000000000002
-5.77,87,19.816386,closed,0.5,-5.770000000000001
-5.67,93,19.877439,closed,0.0,-5.670000000000002
-5.63,91,19.936986,closed,0.5,-5.630000000000002
-5.83,93,19.997898,closed,0.5,-5.830000000000002
-5.69,89,20.056235,closed,0.5,-5.69
-5.75,93,20.117327,closed,0.0,-5.7500000000000036
-5.71,91,20.177021,closed,0.0,-5.710000000000002
-5.87,93,20.23789,closed,0.5,-5.870000000000003
-5.75,87,20.294819,closed,0.5,-5.750000000000003
-5.63,89,20.353108,closed,0.5,-5.630000000000003
-5.75,89,20.411804,closed,0.0,-5.750000000000001
-5.63,87,20.468965,closed,0.0,-5.630000000000003
-5.59,89,20.527442,closed,0.5,-5.590000000000001
-5.61,93,20.588483,closed,0.0,-5.61
-5.73,91,20.648278,closed,0.5,-5.730000000000003
-5.85,89,20.706682,closed,0.5,-5.850000000000003
-5.73,91,20.766246,closed,0.5,-5.73
-5.65,87,20.823356,closed,0.5,-5.650000000000003
-5.65,91,20.882906,closed,0.5,-5.650000000000001
-5.53,89,20.941449,closed,0.0,-5.530000000000004
-5.67,89,20.99994,closed,0.5,-5.670000000000001
-5.69,89,21.058294,closed,0.5,-5.690000000000003
-5.69,91,21.118221,closed,0.5,-5.690000000000004
-5.59,85,21.174074,closed,0.5,-5.590000000000002
-5.71,89,21.232404,closed,0.0,-5.710000000000002
-5.77,93,21.293289,closed,0.5,-5.770000000000003
-5.69,91,21.353179,closed,0.5,-5.690000000000003
-5.55,87,21.410544,closed,0.0,-5.550000000000002
-5.63,91,21.470365,closed,0.5,-5.630000000000002
-5.61,89,21.529049,closed,0.5,-5.610000000000004
-5.53,93,21.961826,closed,0.0,-5.530000000000001
-5.63,89,22.020143,closed,0.5,-5.630000000000001
-5.53,89,22.078441,closed,0.5,-5.530000000000001
-5.37,87,22.135636,closed,0.5,-5.370000000000001
-5.69,89,22.194127,closed,0.5,-5.690000000000001
-5.55,91,22.253753,closed,0.0,-5.550000000000002
-5.55,89,22.311979,closed,0.0,-5.550000000000001
-5.69,91,22.371782,closed,0.5,-5.690000000000002
-5.53,89,22.430145,closed,0.0,-5.530000000000003
-5.75,93,22.491112,closed,0.0,-5.7500000000000036
-5.55,89,22.549433,closed,0.5,-5.550000000000002
-5.55,91,22.608891,closed,0.0,-5.550000000000004
-5.59,93,22.66966,closed,0.0,-5.59
-5.73,89,22.727919,closed,0.0,-5.730000000000001
-5.51,87,22.784838,closed,0.5,-5.51
-5.45,89,22.843037,closed,0.5,-5.450000000000001
-5.49,87,22.900079,closed,0.5,-5.490000000000002
-5.59,91,22.959853,closed,0.0,-5.590000000000004
-5.67,91,23.019563,closed,0.0,-5.670000000000002
-5.59,89,23.077882,closed,0.0,-5.590000000000004
-5.67,91,23.137622,closed,0.0,-5.670000000000001
-5.57,89,23.195992,closed,0.5,-5.570000000000001
-5.59,91,23.255764,closed,0.5,-5.590000000000004
-5.55,93,23.316724,closed,0.0,-5.5500000000000025
-5.69,91,23.37636,closed,0.0,-5.69
-5.53,89,23.434793,closed,0.0,-5.530000000000003
-5.51,89,23.493027,closed,0.5,-5.509999999999998
-5.55,91,23.552764,closed,0.0,-5.550000000000003
-5.65,93,23.613705,closed,0.5,-5.650000000000001
-5.55,87,23.670693,closed,0.5,-5.550000000000004
-5.81,91,23.730256,closed,0.5,-5.810000000000002
-5.45,93,23.791045,closed,0.5,-5.450000000000003
-5.63,89,23.849463,closed,0.5,-5.630000000000003
-5.53,89,23.907685,closed,0.5,-5.530000000000002
-5.55,87,23.964753,closed,0.5,-5.550000000000003
-5.57,93,24.025621,closed,0.5,-5.570000000000005
-5.63,89,24.083851,closed,0.5,-5.630000000000001
-5.65,93,24.144765,closed,0.5,-5.650000000000003
-5.61,91,24.204384,closed,0.5,-5.610000000000003
-5.59,87,24.261483,closed,0.5,-5.590000000000003
-5.63,91,24.321169,closed,0.5,-5.630000000000001
-5.63,89,24.379964,closed,0.5,-5.630000000000002
-5.55,87,24.437156,closed,0.5,-5.5500000000000025
-5.55,89,24.495538,closed,0.5,-5.550000000000004
-5.45,89,24.553785,closed,0.5,-5.45
-5.53,87,24.611004,closed,0.5,-5.530000000000002
-5.65,93,25.024191,closed,0.0,-5.65
-5.65,91,25.083934,closed,0.0,-5.65
-5.61,85,25.139936,closed,0.5,-5.610000000000001
-5.39,89,25.198494,closed,0.0,-5.390000000000001
-5.51,95,25.261106,closed,0.5,-5.5100000000000025
-5.59,89,25.319585,closed,0.5,-5.590000000000005
-5.53,89,25.378147,closed,0.5,-5.530000000000002
-5.63,91,25.438161,closed,0.5,-5.630000000000001
-5.59,85,25.494572,closed,0.5,-5.590000000000004
-5.23,91,25.554224,closed,0.5,-5.230000000000003
-5.45,87,25.611385,closed,0.0,-5.450000000000002
-5.53,93,25.672266,closed,0.5,-5.530000000000001
-5.53,85,25.728229,closed,0.0,-5.530000000000001
-5.35,91,25.788152,closed,0.5,-5.3500000000000005
-5.35,87,25.845478,closed,0.5,-5.350000000000002
-5.67,87,25.90277,closed,0.0,-5.670000000000002
-5.47,93,25.963643,closed,0.5,-5.47
-5.49,87,26.020843,closed,0.5,-5.490000000000001
-5.33,89,26.079496,closed,0.5,-5.330000000000002
-5.35,87,26.136899,closed,0.0,-5.350000000000006
-5.53,91,26.19667,closed,0.5,-5.530000000000002
-5.75,91,26.256496,closed,0.0,-5.749999999999998
-5.45,85,26.312349,closed,0.0,-5.450000000000003
-5.45,87,26.369731,closed,0.0,-5.450000000000002
-5.37,87,26.426952,closed,0.5,-5.370000000000003
-5.37,89,26.485481,closed,0.5,-5.37
-5.49,89,26.54396,closed,0.5,-5.490000000000002
-5.63,87,26.601165,closed,0.5,-5.630000000000002
-5.51,87,26.658612,closed,0.0,-5.5100000000000025
-5.61,89,26.717427,closed,0.0,-5.610000000000003
-5.65,93,26.778625,closed,0.5,-5.650000000000002
-5.61,91,26.839165,closed,0.0,-5.610000000000005
-5.51,93,26.900141,closed,0.0,-5.510000000000003
-5.53,91,26.95987,closed,0.5,-5.530000000000005
-5.67,93,27.020976,closed,0.5,-5.670000000000002
-5.35,89,27.079513,closed,0.5,-5.349999999999999
-5.39,91,27.139264,closed,0.5,-5.3900000000000015
-5.69,93,27.200289,closed,0.5,-5.690000000000002
-5.31,93,27.261516,closed,0.5,-5.310000000000003
-5.61,95,27.323782,closed,0.5,-5.610000000000001
-5.47,91,27.383793,closed,0.5,-5.4700000000000015
-5.55,95,27.446191,closed,0.5,-5.550000000000003
-5.47,93,27.507228,closed,0.5,-5.4700000000000015
-5.65,87,27.564681,closed,0.0,-5.650000000000003
-5.43,91,27.624593,closed,0.0,-5.430000000000003
-5.47,91,28.039196,closed,0.5,-5.470000000000003
-5.41,87,28.096187,closed,0.5,-5.410000000000001
-5.35,91,28.15616,closed,0.5,-5.350000000000001
-5.39,91,28.217814,closed,0.5,-5.390000000000004
-5.45,93,28.278709,closed,0.5,-5.450000000000001
-5.53,89,28.337154,closed,0.5,-5.530000000000001
-5.27,93,28.397969,closed,0.5,-5.270000000000001
-5.25,89,28.456194,closed,0.5,-5.2500000000000036
-5.25,93,28.517018,closed,0.5,-5.250000000000002
-5.49,91,28.576578,closed,0.0,-5.490000000000005
-5.35,89,28.634679,closed,0.5,-5.350000000000002
-5.41,89,28.692806,closed,0.5,-5.410000000000001
-5.39,89,28.751098,closed,0.5,-5.390000000000002
-5.37,91,28.810709,closed,0.5,-5.369999999999998
-5.39,91,28.8702,closed,0.5,-5.3900000000000015
-5.51,91,28.930023,closed,0.5,-5.510000000000003
-5.15,89,28.988685,closed,0.5,-5.150000000000005
-5.45,91,29.048419,closed,0.5,-5.450000000000001
-5.49,93,29.109526,closed,0.5,-5.4900000000000055
-5.49,91,29.169345,closed,0.5,-5.490000000000002
-5.51,93,29.230415,closed,0.5,-5.5100000000000025
-5.23,93,29.291425,closed,0.5,-5.230000000000004
-5.33,93,29.352529,closed,0.5,-5.330000000000004
-5.43,91,29.412616,closed,0.5,-5.4300000000000015
-5.31,91,29.472412,closed,0.5,-5.3100000000000005
-5.31,87,29.529432,closed,0.5,-5.310000000000001
-5.29,91,29.58901,closed,0.5,-5.290000000000005
-5.31,91,29.648776,closed,0.5,-5.310000000000001
-5.17,91,29.708496,closed,0.5,-5.170000000000003
-5.25,89,29.766864,closed,0.5,-5.250000000000001
-5.41,89,29.825388,closed,0.0,-5.410000000000001
-5.27,89,29.883859,closed,0.0,-5.270000000000004
-5.39,91,29.943646,closed,0.5,-5.390000000000002
-5.43,91,30.003409,closed,0.5,-5.430000000000001
-5.29,91,30.063176,closed,0.5,-5.290000000000002
-5.27,89,30.121599,closed,0.5,-5.270000000000002
-5.47,91,30.181277,closed,0.5,-5.470000000000003
-5.23,85,30.237158,closed,0.5,-5.230000000000005
-5.41,91,30.297117,closed,0.5,-5.410000000000002
-5.49,93,30.358173,closed,0.5,-5.490000000000001
-5.25,89,30.416746,closed,0.5,-5.250000000000003
-5.51,89,30.47525,closed,0.0,-5.510000000000003
-5.27,91,30.534926,closed,0.5,-5.270000000000003
-5.33,93,30.595967,closed,0.5,-5.330000000000003
-5.27,89,30.65436,closed,0.5,-5.270000000000001
-5.33,93,31.075403,closed,0.5,-5.330000000000004
-5.41,91,31.135081,closed,0.5,-5.410000000000002
-5.33,93,31.196153,closed,0.5,-5.330000000000004
-5.37,89,31.254602,closed,0.5,-5.370000000000003
-5.27,93,31.315667,closed,0.5,-5.270000000000002
-5.43,89,31.373996,closed,0.5,-5.430000000000002
-5.19,89,31.432296,closed,0.5,-5.190000000000002
-5.27,89,31.490621,closed,0.5,-5.270000000000001
-5.53,91,31.550144,closed,0.5,-5.530000000000004
-5.21,87,31.60723,closed,0.5,-5.210000000000004
-5.05,91,31.666859,closed,0.5,-5.050000000000002
-5.47,89,31.725227,closed,0.5,-5.470000000000004
-5.11,89,31.783437,closed,0.5,-5.110000000000004
-5.23,89,31.841737,closed,0.5,-5.230000000000003
-5.39,85,31.897516,closed,0.0,-5.390000000000005
-5.29,91,31.957006,closed,0.5,-5.290000000000004
-5.13,91,32.016562,closed,0.5,-5.130000000000004
-5.41,93,32.07741,closed,0.0,-5.410000000000001
-5.49,93,32.138355,closed,0.5,-5.490000000000003
-5.33,91,32.197835,closed,0.5,-5.330000000000002
-5.35,91,32.257553,closed,0.0,-5.350000000000004
-5.15,89,32.315814,closed,0.5,-5.150000000000002
-5.11,89,32.374304,closed,0.5,-5.110000000000004
-5.39,93,32.435205,closed,0.5,-5.390000000000004
-5.37,89,32.493487,closed,0.5,-5.370000000000003
-5.33,93,32.554301,closed,0.5,-5.330000000000003
-5.35,91,32.61394,closed,0.5,-5.350000000000003
-5.29,91,32.673577,closed,0.0,-5.290000000000002
-5.21,87,32.73072,closed,0.5,-5.210000000000003
-5.31,89,32.789058,closed,0.5,-5.310000000000005
-5.17,91,32.848737,closed,0.5,-5.1700000000000035
-5.39,89,32.906946,closed,0.5,-5.390000000000002
-5.35,93,32.967889,closed,0.5,-5.350000000000004
-5.07,87,33.02491,closed,0.5,-5.070000000000003
-5.15,87,33.08195,closed,0.5,-5.150000000000003
-5.19,93,33.142812,closed,0.5,-5.190000000000003
-5.25,91,33.202475,closed,0.5,-5.2500000000000036
-5.31,89,33.260799,closed,0.5,-5.310000000000001
-5.33,89,33.319455,closed,0.0,-5.330000000000002
-5.27,89,33.37811,closed,0.5,-5.270000000000004
-5.33,93,33.439318,closed,0.5,-5.3300000000000045
-5.23,91,33.499157,closed,0.5,-5.230000000000004
-5.19,91,33.558881,closed,0.5,-5.190000000000004
-5.19,91,33.61875,closed,0.5,-5.190000000000001
-5.09,89,33.677215,closed,0.5,-5.090000000000002
-5.19,91,33.737117,closed,0.5,-5.190000000000003
-5.25,91,34.159053,closed,0.5,-5.2500000000000036
-5.21,91,34.218708,closed,0.5,-5.210000000000003
-5.17,91,34.278247,closed,0.5,-5.170000000000005
-5.17,91,34.338061,closed,0.5,-5.170000000000002
-5.03,87,34.395371,closed,0.5,-5.030000000000003
-5.07,91,34.455095,closed,0.5,-5.070000000000002
-5.37,93,34.515927,closed,0.5,-5.370000000000003
-5.41,91,34.575626,closed,0.5,-5.410000000000005
-5.39,91,34.63507,closed,0.5,-5.390000000000004
-5.09,89,34.693291,closed,0.5,-5.090000000000003
-5.05,91,34.752909,closed,0.5,-5.050000000000004
-5.27,89,34.811221,closed,0.5,-5.270000000000005
-5.17,93,34.872011,closed,0.5,-5.170000000000003
-5.11,89,34.930191,closed,0.5,-5.110000000000001
-5.15,89,34.988312,closed,0.5,-5.150000000000003
-5.15,87,35.045287,closed,0.5,-5.150000000000005
-5.29,87,35.10229,closed,0.5,-5.290000000000005
-5.25,89,35.160481,closed,0.5,-5.250000000000004
-5.07,91,35.219958,closed,0.5,-5.070000000000003
-5.33,91,35.279482,closed,0.5,-5.330000000000005
-5.33,89,35.337837,closed,0.5,-5.330000000000001
-5.01,87,35.395185,closed,0.5,-5.0100000000000025
-5.23,91,35.454769,closed,0.5,-5.230000000000004
-5.31,93,35.515666,closed,0.5,-5.310000000000005
-5.45,95,35.577817,closed,0.5,-5.450000000000004
-5.35,91,35.637513,closed,0.5,-5.350000000000005
-5.35,89,35.695949,closed,0.5,-5.350000000000003
-5.07,87,35.7533,closed,0.5,-5.07
-5.41,91,35.813131,closed,0.5,-5.410000000000003
-5.09,89,35.871634,closed,0.5,-5.090000000000001
-5.31,91,35.931504,closed,0.5,-5.310000000000004
-5.15,93,35.992531,closed,0.5,-5.150000000000003
-5.37,91,36.052396,closed,0.5,-5.370000000000002
-5.13,89,36.110996,closed,0.5,-5.130000000000002
-5.39,91,36.170914,closed,0.5,-5.390000000000002
-5.15,91,36.230792,closed,0.5,-5.150000000000004
-5.07,89,36.289372,closed,0.5,-5.07
-5.23,89,36.348032,closed,0.5,-5.230000000000002
-5.23,87,36.405561,closed,0.5,-5.230000000000002
-5.13,93,36.466714,closed,0.5,-5.130000000000003
-5.27,95,36.529233,closed,0.5,-5.270000000000002
-5.25,89,36.587876,closed,0.5,-5.250000000000003
-5.13,91,36.647724,closed,0.5,-5.130000000000002
-5.17,91,36.707652,closed,0.5,-5.170000000000005
-5.21,91,36.767558,closed,0.5,-5.210000000000003
-5.25,91,37.184279,closed,0.5,-5.250000000000005
-5.33,91,37.244297,closed,0.5,-5.330000000000006
-5.27,91,37.304291,closed,0.5,-5.270000000000003
-5.21,91,37.36455,closed,0.5,-5.210000000000005
-5.01,89,37.423624,closed,0.5,-5.010000000000005
-5.09,93,37.485216,closed,0.5,-5.090000000000003
-5.15,91,37.545318,closed,0.5,-5.150000000000004
-5.09,93,37.606905,closed,0.5,-5.090000000000004
-5.01,91,37.667156,closed,0.5,-5.010000000000001
-5.21,89,37.726135,closed,0.5,-5.2100000000000035
-5.01,87,37.799698,closed,0.5,-5.010000000000002
-5.15,93,37.861539,closed,0.5,-5.150000000000005
-5.15,93,37.924577,closed,0.5,-5.150000000000006
-5.09,91,37.984932,closed,0.5,-5.090000000000006
-5.05,87,38.042593,closed,0.5,-5.050000000000004
-5.03,87,38.100303,closed,0.5,-5.030000000000004
-5.13,91,38.160662,closed,0.5,-5.130000000000004
-5.01,91,38.221027,closed,0.5,-5.0100000000000025
-5.05,93,38.282806,closed,0.5,-5.050000000000005
-5.15,87,38.340584,closed,0.5,-5.150000000000004
-5.23,91,38.401293,closed,0.5,-5.230000000000005
-5.09,93,38.462955,closed,0.5,-5.090000000000004
-5.09,87,38.521238,closed,0.5,-5.0900000000000025
-5.09,89,38.580473,closed,0.5,-5.090000000000003
-5.13,91,38.64089,closed,0.5,-5.130000000000004
-5.17,91,38.701273,closed,0.5,-5.170000000000005
-5.13,89,38.760311,closed,0.0,-5.130000000000002
-5.01,89,38.819443,closed,0.5,-5.010000000000004
-5.33,89,38.878499,closed,0.5,-5.330000000000004
-5.15,93,38.940194,closed,0.5,-5.150000000000005
-5.19,89,38.999183,closed,0.5,-5.190000000000004
-5.09,89,39.058128,closed,0.5,-5.0900000000000025
-5.09,93,39.119856,closed,0.5,-5.090000000000003
-5.23,89,39.178835,closed,0.5,-5.230000000000001
-5.19,87,39.236669,closed,0.5,-5.19
-5.07,87,39.294301,closed,0.5,-5.070000000000001
-5.13,93,39.356104,closed,0.5,-5.130000000000004
-5.15,91,39.416722,closed,0.5,-5.150000000000006
-5.01,91,39.477218,closed,0.5,-5.010000000000003
-5.33,95,39.540208,closed,0.5,-5.330000000000004
-5.23,87,39.598264,closed,0.5,-5.230000000000002
-5.01,89,39.657584,closed,0.5,-5.010000000000003
-5.23,91,39.717999,closed,0.5,-5.230000000000003
-5.29,91,39.778524,closed,0.5,-5.290000000000004
-5.41,91,39.839057,closed,0.5,-5.410000000000006
-5.17,87,39.896919,closed,0.5,-5.170000000000006
-5.05,93,40.305281,closed,0.5,-5.050000000000003
-5.01,89,40.364227,closed,0.5,-5.010000000000004
-5.11,89,40.423208,closed,0.5,-5.110000000000002
-5.03,89,40.48236,closed,0.5,-5.030000000000004
-5.03,89,40.541368,closed,0.5,-5.030000000000001
-5.11,89,40.60018,closed,0.5,-5.110000000000004
-5.05,89,40.659159,closed,0.5,-5.050000000000005
-5.05,93,40.720663,closed,0.5,-5.0500000000000025
-4.99,87,40.778173,closed,0.5,-4.99
-5.23,87,40.836201,closed,0.5,-5.230000000000004
-5.13,93,40.897586,closed,0.5,-5.1300000000000034
-5.09,93,40.958879,closed,0.5,-5.090000000000003
-4.97,89,41.017916,closed,0.5,-4.9700000000000015
-5.21,91,41.077816,closed,0.5,-5.2100000000000035
-5.01,87,41.135253,closed,0.5,-5.010000000000004
-4.97,89,41.19387,closed,0.5,-4.970000000000004
-5.17,93,41.255895,closed,0.5,-5.1700000000000035
-5.09,89,41.314952,closed,0.5,-5.0900000000000025
-5.13,87,41.372341,closed,0.5,-5.130000000000004
-4.99,85,41.428415,closed,0.5,-4.990000000000002
-5.03,89,41.487319,closed,0.5,-5.030000000000004
-5.01,89,41.545816,closed,0.5,-5.0100000000000025
-5.09,91,41.605729,closed,0.5,-5.090000000000003
-5.15,89,41.664296,closed,0.5,-5.150000000000005
-5.15,91,41.724204,closed,0.5,-5.150000000000004
-5.07,91,41.78407,closed,0.5,-5.070000000000003
-5.05,89,41.842729,closed,0.5,-5.050000000000003
-5.07,87,41.900011,closed,0.5,-5.070000000000003
-5.05,93,41.961145,closed,0.5,-5.050000000000004
-5.05,93,42.0224,closed,0.5,-5.0500000000000025
-5.03,91,42.082322,closed,0.5,-5.030000000000004
-5.03,91,42.142298,closed,0.5,-5.030000000000005
-5.13,93,42.203411,closed,0.5,-5.130000000000005
-5.11,91,42.263361,closed,0.5,-5.110000000000002
-5.07,91,42.323203,closed,0.5,-5.070000000000004
-5.13,89,42.381783,closed,0.5,-5.1300000000000034
-5.07,91,42.441575,closed,0.5,-5.070000000000004
-5.07,89,42.500381,closed,0.5,-5.0700000000000065
-5.09,93,42.561557,closed,0.5,-5.090000000000002
-4.99,87,42.618937,closed,0.5,-4.990000000000005
-5.13,91,42.678923,closed,0.5,-5.130000000000004
-5.07,91,42.738796,closed,0.5,-5.070000000000004
-5.13,89,42.797471,closed,0.5,-5.130000000000003
-5.07,89,42.856099,closed,0.5,-5.070000000000003
-5.07,89,42.914707,closed,0.5,-5.07
-5.01,85,43.338195,closed,0.5,-5.0100000000000025
-5.07,91,43.39815,closed,0.5,-5.070000000000005
-5.03,89,43.456614,closed,0.5,-5.0300000000000065
-5.09,93,43.517847,closed,0.5,-5.090000000000002
-4.99,89,43.576507,closed,0.5,-4.990000000000003
-5.15,89,43.635063,closed,0.5,-5.150000000000005
-5.05,93,43.696163,closed,0.5,-5.0500000000000025
-5.11,91,43.756214,closed,0.5,-5.110000000000001
-4.99,87,43.813724,closed,0.5,-4.990000000000002
-5.19,91,43.873639,closed,0.5,-5.190000000000003
-4.97,87,43.930929,closed,0.5,-4.970000000000002
-5.13,93,43.99219,closed,0.5,-5.130000000000003
-5.01,89,44.05091,closed,0.5,-5.0100000000000025
-4.97,89,44.109623,closed,0.5,-4.970000000000002
-5.03,93,44.170833,closed,0.5,-5.030000000000003
-5.07,89,44.229583,closed,0.5,-5.070000000000003
-5.03,89,44.288257,closed,0.5,-5.030000000000002
-5.05,93,44.349763,closed,0.5,-5.050000000000003
-5.03,91,44.410194,closed,0.5,-5.030000000000006
-5.03,91,44.470237,closed,0.5,-5.030000000000002
-5.05,91,44.530654,closed,0.5,-5.050000000000004
-4.99,91,44.590755,closed,0.5,-4.990000000000004
-5.09,87,44.648257,closed,0.5,-5.090000000000006
-5.05,93,44.709649,closed,0.5,-5.050000000000003
-4.99,87,44.767193,closed,0.5,-4.990000000000001
-4.97,87,44.824625,closed,0.5,-4.970000000000003
-5.29,95,44.88717,closed,0.5,-5.290000000000006
-5.07,91,44.947107,closed,0.5,-5.070000000000001
-5.21,89,45.005859,closed,0.5,-5.2100000000000035
-5.03,91,45.065999,closed,0.5,-5.030000000000003
-5.03,91,45.12601,closed,0.5,-5.030000000000004
-5.05,89,45.184754,closed,0.5,-5.050000000000004
-5.07,89,45.243421,closed,0.5,-5.070000000000005
-5.25,93,45.304833,closed,0.5,-5.2500000000000036
-5.09,93,45.366314,closed,0.5,-5.0900000000000025
-5.09,91,45.426545,closed,0.5,-5.0900000000000025
-5.05,91,45.486765,closed,0.5,-5.0500000000000025
-5.13,89,45.545663,closed,0.5,-5.1300000000000034
-5.07,91,45.605727,closed,0.5,-5.070000000000004
-5.03,87,45.66326,closed,0.5,-5.030000000000003
-4.97,89,45.722098,closed,0.5,-4.9700000000000015
-5.01,91,45.782169,closed,0.5,-5.010000000000003
-4.97,85,45.838281,closed,0.5,-4.9700000000000015
-4.99,89,45.896971,closed,0.5,-4.990000000000003
-5.21,93,45.958267,closed,0.5,-5.210000000000003
-5.07,91,46.018305,closed,0.5,-5.070000000000005
-5.13,91,46.413867,closed,0.5,-5.130000000000004
-4.95,87,46.471038,closed,0.5,-4.950000000000002
-5.09,91,46.530784,closed,0.5,-5.090000000000003
-5.05,85,46.587009,closed,0.5,-5.050000000000004
-5.11,91,46.646813,closed,0.5,-5.1100000000000065
-5.19,91,46.706353,closed,0.5,-5.190000000000004
-4.95,89,46.764775,closed,0.5,-4.950000000000002
-5.05,91,46.824387,closed,0.5,-5.050000000000005
-5.07,93,46.88546,closed,0.5,-5.070000000000006
-4.95,85,46.94124,closed,0.5,-4.950000000000002
-4.95,89,46.999669,closed,0.5,-4.950000000000001
-5.03,91,47.059254,closed,0.5,-5.030000000000003
-5.03,93,47.120236,closed,0.5,-5.030000000000006
-5.03,89,47.178585,closed,0.5,-5.030000000000003
-5.15,87,47.235662,closed,0.5,-5.150000000000005
-5.07,89,47.293903,closed,0.5,-5.070000000000004
-5.07,91,47.353552,closed,0.5,-5.070000000000002
-4.93,91,47.41316,closed,0.5,-4.930000000000003
-5.03,87,47.470309,closed,0.5,-5.030000000000005
-5.17,85,47.526047,closed,0.5,-5.170000000000004
-5.07,91,47.58576,closed,0.5,-5.070000000000004
-4.95,89,47.644166,closed,0.5,-4.950000000000002
-4.99,87,47.701293,closed,0.5,-4.990000000000003
-4.97,89,47.759992,closed,0.5,-4.9700000000000015
-5.07,91,47.819669,closed,0.5,-5.070000000000005
-5.09,91,47.87944,closed,0.5,-5.090000000000004
-5.03,91,47.939174,closed,0.5,-5.030000000000002
-5.05,95,48.001705,closed,0.5,-5.050000000000001
-4.99,89,48.060241,closed,0.5,-4.990000000000001
-5.03,91,48.120066,closed,0.5,-5.030000000000003
-5.05,91,48.179954,closed,0.5,-5.050000000000004
-5.13,89,48.238536,closed,0.5,-5.130000000000005
-5.01,91,48.298571,closed,0.5,-5.0100000000000025
-5.03,91,48.35854,closed,0.5,-5.030000000000002
-5.19,91,48.418661,closed,0.5,-5.190000000000004
-4.93,89,48.477411,closed,0.5,-4.930000000000003
-5.11,89,48.535971,closed,0.5,-5.110000000000003
-5.01,87,48.593401,closed,0.5,-5.010000000000003
-5.01,89,48.652049,closed,0.5,-5.010000000000004
-5.01,95,48.7146,closed,0.5,-5.0100000000000025
-5.33,93,48.775914,closed,0.5,-5.330000000000004
-5.05,91,48.835737,closed,0.5,-5.050000000000003
-5.03,89,48.894268,closed,0.5,-5.030000000000006
-5.09,85,48.95029,closed,0.5,-5.090000000000005
-5.01,91,49.010077,closed,0.5,-5.0100000000000025
-5.15,89,49.431006,closed,0.5,-5.150000000000004
-4.97,89,49.489471,closed,0.5,-4.970000000000003
-4.97,93,49.550391,closed,0.5,-4.970000000000002
-5.17,89,49.609345,closed,0.5,-5.170000000000006
-4.95,89,49.667828,closed,0.5,-4.950000000000004
-4.89,89,49.726164,closed,0.5,-4.8900000000000015
-4.93,89,49.784615,closed,0.5,-4.930000000000003
-4.97,89,49.842898,closed,0.5,-4.970000000000003
-5.03,91,49.902524,closed,0.5,-5.030000000000003
-4.97,89,49.961026,closed,0.5,-4.970000000000002
-5.07,95,50.023391,closed,0.5,-5.070000000000006
-4.95,91,50.083068,closed,0.5,-4.950000000000002
-5.01,93,50.144022,closed,0.5,-5.010000000000002
-4.95,91,50.203589,closed,0.5,-4.950000000000002
-5.01,91,50.263033,closed,0.5,-5.010000000000002
-4.99,89,50.321445,closed,0.5,-4.990000000000004
-4.93,87,50.378959,closed,0.5,-4.9300000000000015
-4.99,87,50.43619,closed,0.5,-4.990000000000002
-5.15,89,50.494776,closed,0.5,-5.150000000000006
-4.91,89,50.553279,closed,0.5,-4.910000000000003
-5.07,93,50.614636,closed,0.5,-5.070000000000002
-5.01,91,50.674299,closed,0.5,-5.010000000000004
-4.95,89,50.732971,closed,0.5,-4.950000000000002
-4.99,89,50.791662,closed,0.5,-4.9900000000000055
-4.97,91,50.851623,closed,0.5,-4.970000000000002
-4.91,89,50.910231,closed,0.5,-4.910000000000002
-5.01,89,50.968752,closed,0.5,-5.0100000000000025
-5.01,91,51.028559,closed,0.5,-5.0100000000000025
-4.95,87,51.085957,closed,0.5,-4.950000000000003
-5.03,91,51.145835,closed,0.5,-5.030000000000006
-4.99,91,51.205889,closed,0.5,-4.990000000000002
-5.03,91,51.265746,closed,0.5,-5.030000000000005
-5.03,87,51.323041,closed,0.5,-5.030000000000004
-4.91,89,51.381731,closed,0.5,-4.910000000000003
-4.95,91,51.441718,closed,0.5,-4.950000000000002
-5.07,89,51.500305,closed,0.5,-5.070000000000001
-5.03,93,51.561492,closed,0.5,-5.030000000000004
-5.01,89,51.620191,closed,0.5,-5.010000000000003
-5.03,93,51.681386,closed,0.5,-5.030000000000006
-5.01,93,51.742797,closed,0.5,-5.010000000000004
-5.01,93,51.803833,closed,0.5,-5.010000000000001
-5.03,89,51.862496,closed,0.5,-5.030000000000004
-4.95,85,51.918455,closed,0.5,-4.950000000000002
-4.99,89,51.976979,closed,0.5,-4.990000000000005
-4.93,89,52.035543,closed,0.5,-4.930000000000002
-4.97,91,52.095467,closed,0.5,-4.970000000000002
-4.97,91,52.481966,closed,0.5,-4.970000000000004
-4.95,87,52.53932,closed,0.5,-4.950000000000003
-5.05,89,52.598011,closed,0.5,-5.050000000000003
-5.03,89,52.656713,closed,0.5,-5.030000000000002
-4.99,91,52.716653,closed,0.5,-4.990000000000002
-4.93,85,52.772781,closed,0.5,-4.9300000000000015
-4.99,89,52.831349,closed,0.5,-4.990000000000002
-4.95,91,52.891272,closed,0.5,-4.950000000000003
-4.95,87,52.948737,closed,0.5,-4.950000000000002
-4.91,85,53.004922,closed,0.5,-4.910000000000002
-4.99,85,53.061074,closed,0.5,-4.990000000000003
-5.01,93,53.122352,closed,0.5,-5.010000000000003
-5.05,89,53.180946,closed,0.5,-5.050000000000003
-4.91,87,53.238558,closed,0.5,-4.910000000000002
-5.05,93,53.299822,closed,0.5,-5.050000000000005
-5.05,95,53.362476,closed,0.5,-5.050000000000003
-4.99,89,53.421328,closed,0.5,-4.990000000000005
-5.01,93,53.483224,closed,0.5,-5.0100000000000025
-4.99,91,53.543174,closed,0.5,-4.990000000000004
-5.15,91,53.603167,closed,0.5,-5.150000000000003
-4.97,91,53.663363,closed,0.5,-4.970000000000001
-4.97,89,53.721926,closed,0.5,-4.970000000000003
-4.87,85,53.778104,closed,0.5,-4.870000000000003
-5.11,89,53.836688,closed,0.5,-5.1100000000000065
-5.03,91,53.896615,closed,0.5,-5.030000000000006
-5.15,91,53.956632,closed,0.5,-5.150000000000002
-4.99,87,54.014181,closed,0.5,-4.990000000000004
-5.01,89,54.072772,closed,0.5,-5.010000000000003
-5.01,91,54.132616,closed,0.5,-5.010000000000003
-5.01,87,54.190083,closed,0.5,-5.010000000000004
-5.03,89,54.248677,closed,0.5,-5.030000000000004
-5.05,91,54.308854,closed,0.5,-5.0500000000000025
-5.05,91,54.369221,closed,0.5,-5.0500000000000025
-4.99,89,54.428369,closed,0.5,-4.990000000000002
-4.99,93,54.489643,closed,0.5,-4.990000000000005
-4.99,91,54.5497,closed,0.5,-4.990000000000002
-4.95,89,54.608401,closed,0.5,-4.950000000000003
-5.17,89,54.667368,closed,0.5,-5.170000000000002
-4.99,89,54.726041,closed,0.5,-4.990000000000005
-5.01,87,54.783404,closed,0.5,-5.010000000000003
-4.91,87,54.840961,closed,0.5,-4.910000000000004
-5.01,91,54.900849,closed,0.5,-5.010000000000003
-4.97,89,54.959493,closed,0.5,-4.9700000000000015
-5.15,91,55.019488,closed,0.5,-5.150000000000005
-4.99,91,55.079415,closed,0.5,-4.990000000000002
-5.05,91,55.470552,closed,0.5,-5.050000000000003
-5.05,93,55.531911,closed,0.5,-5.050000000000003
-4.93,87,55.589239,closed,0.5,-4.930000000000002
-4.91,89,55.647792,closed,0.5,-4.910000000000003
-5.01,89,55.70657,closed,0.5,-5.0100000000000025
-4.99,91,55.766544,closed,0.5,-4.990000000000001
-4.99,93,55.827769,closed,0.5,-4.990000000000004
-4.91,89,55.886586,closed,0.5,-4.910000000000003
-5.01,91,55.946581,closed,0.5,-5.010000000000002
-4.99,89,56.005291,closed,0.5,-4.990000000000003
-4.93,89,56.063865,closed,0.5,-4.930000000000003
-5.05,91,56.123786,closed,0.5,-5.050000000000005
-4.99,93,56.184981,closed,0.5,-4.990000000000003
-5.19,91,56.244993,closed,0.5,-5.190000000000002
-4.95,87,56.302316,closed,0.5,-4.950000000000004
-4.99,93,56.36376,closed,0.5,-4.990000000000002
-4.93,91,56.42377,closed,0.5,-4.930000000000003
-5.03,91,56.483816,closed,0.5,-5.030000000000005
-4.93,89,56.542557,closed,0.5,-4.930000000000003
-4.93,89,56.601254,closed,0.5,-4.9300000000000015
-5.17,89,56.659915,closed,0.5,-5.170000000000006
-5.05,93,56.721577,closed,0.5,-5.050000000000003
-5.11,89,56.780415,closed,0.5,-5.110000000000003
-4.91,89,56.839007,closed,0.5,-4.910000000000003
-4.99,89,56.897688,closed,0.5,-4.990000000000005
-5.01,91,56.957897,closed,0.5,-5.010000000000003
-4.97,91,57.017846,closed,0.5,-4.970000000000002
-4.99,89,57.07655,closed,0.5,-4.990000000000002
-4.97,87,57.133946,closed,0.5,-4.970000000000003
-4.97,95,57.196461,closed,0.5,-4.970000000000002
-4.99,91,57.256578,closed,0.5,-4.990000000000005
-5.01,91,57.316441,closed,0.5,-5.010000000000002
-4.95,87,57.37396,closed,0.5,-4.950000000000001
-4.97,91,57.434008,closed,0.5,-4.970000000000003
-4.97,89,57.49268,closed,0.5,-4.970000000000004
-4.97,89,57.551235,closed,0.5,-4.970000000000003
-4.97,89,57.609918,closed,0.5,-4.970000000000003
-4.97,91,57.669938,closed,0.5,-4.9700000000000015
-4.93,89,57.728527,closed,0.5,-4.930000000000002
-4.97,91,57.788404,closed,0.5,-4.970000000000002
-4.93,91,57.848669,closed,0.5,-4.930000000000003
-4.97,91,57.908875,closed,0.5,-4.970000000000003
-5.01,93,57.970333,closed,0.5,-5.0100000000000025
-4.99,93,58.031642,closed,0.5,-4.990000000000002
-4.91,89,58.090299,closed,0.5,-4.910000000000003
-5.03,93,58.151552,closed,0.5,-5.030000000000004
-5.01,89,58.538539,closed,0.5,-5.010000000000004
-4.99,93,58.600076,closed,0.5,-4.990000000000003
-4.99,91,58.660176,closed,0.5,-4.990000000000004
-4.95,89,58.719076,closed,0.5,-4.950000000000002
-4.99,91,58.779449,closed,0.5,-4.990000000000004
-5.03,89,58.838251,closed,0.5,-5.030000000000005
-4.97,91,58.898411,closed,0.5,-4.970000000000002
-4.97,93,58.959903,closed,0.5,-4.970000000000002
-4.97,91,59.01988,closed,0.5,-4.970000000000003
-5.01,89,59.078676,closed,0.5,-5.010000000000004
-4.99,89,59.137579,closed,0.5,-4.990000000000002
-4.95,91,59.197729,closed,0.5,-4.950000000000002
-4.93,89,59.256474,closed,0.5,-4.930000000000002
-4.99,89,59.315325,closed,0.5,-4.990000000000003
-4.95,91,59.376032,closed,0.5,-4.950000000000002
-5.25,91,59.436299,closed,0.5,-5.2500000000000036
-4.95,93,59.497819,closed,0.5,-4.950000000000002
-4.97,89,59.556715,closed,0.5,-4.970000000000002
-4.99,89,59.615537,closed,0.5,-4.990000000000004
-5.03,91,59.675699,closed,0.5,-5.030000000000006
-4.99,91,59.735945,closed,0.5,-4.990000000000003
-5.03,93,59.79755,closed,0.5,-5.030000000000004
-4.93,89,59.85643,closed,0.5,-4.930000000000002
-4.95,89,59.915374,closed,0.5,-4.950000000000002
-5.05,89,59.974159,closed,0.5,-5.050000000000005
-4.99,93,60.035573,closed,0.5,-4.990000000000001
-5.03,91,60.095653,closed,0.5,-5.030000000000004
-4.97,91,60.155881,closed,0.5,-4.970000000000003
-5.05,91,60.215954,closed,0.5,-5.050000000000003
-4.95,91,60.276002,closed,0.5,-4.950000000000003
-5.21,93,60.337362,closed,0.5,-5.2100000000000035
-4.93,89,60.396532,closed,0.5,-4.930000000000002
-4.99,91,60.457051,closed,0.5,-4.990000000000001
-4.99,89,60.516099,closed,0.5,-4.990000000000003
-4.99,87,60.5736,closed,0.5,-4.990000000000003
-5.15,87,60.631089,closed,0.5,-5.150000000000006
-4.93,89,60.689947,closed,0.5,-4.930000000000002
-4.91,87,60.747425,closed,0.5,-4.910000000000003
-4.99,91,60.808075,closed,0.5,-4.990000000000005
-4.95,89,60.867033,closed,0.5,-4.950000000000004
-4.97,91,60.927234,closed,0.5,-4.970000000000004
-4.95,87,60.985168,closed,0.5,-4.950000000000004
-5.03,93,61.046526,closed,0.5,-5.030000000000004
-4.95,89,61.10545,closed,0.5,-4.950000000000002
-4.95,89,61.164314,closed,0.5,-4.950000000000003
-4.99,91,61.552322,closed,0.5,-4.990000000000005
-4.89,87,61.609897,closed,0.5,-4.8900000000000015
-4.93,87,61.667392,closed,0.5,-4.930000000000004
-4.95,89,61.726119,closed,0.5,-4.950000000000002
-4.99,87,61.783694,closed,0.5,-4.9900000000000055
-4.91,87,61.841259,closed,0.5,-4.910000000000002
-4.93,89,61.899978,closed,0.5,-4.9300000000000015
-4.99,87,61.957389,closed,0.5,-4.9900000000000055
-5.07,91,62.017474,closed,0.5,-5.070000000000007
-4.97,91,62.07755,closed,0.5,-4.970000000000002
-4.95,91,62.137639,closed,0.5,-4.950000000000002
-4.93,91,62.197729,closed,0.5,-4.930000000000003
-5.01,89,62.25631,closed,0.5,-5.010000000000004
-4.93,87,62.313814,closed,0.5,-4.930000000000003
-4.93,87,62.371299,closed,0.5,-4.930000000000003
-4.97,91,62.431543,closed,0.5,-4.970000000000002
-5.01,93,62.492868,closed,0.5,-5.010000000000005
-4.99,89,62.553301,closed,0.5,-4.990000000000002
-5.01,93,62.61488,closed,0.5,-5.010000000000004
-5.03,87,62.67262,closed,0.5,-5.030000000000005
-4.95,89,62.731756,closed,0.5,-4.950000000000003
-4.93,87,62.789647,closed,0.5,-4.9300000000000015
-4.93,89,62.848935,closed,0.5,-4.930000000000003
-4.99,89,62.908227,closed,0.5,-4.990000000000004
-4.97,91,62.968849,closed,0.5,-4.9700000000000015
-4.97,87,63.026871,closed,0.5,-4.970000000000004
-4.99,87,63.08496,closed,0.5,-4.990000000000003
-4.99,93,63.147022,closed,0.5,-4.990000000000002
-4.97,89,63.206413,closed,0.5,-4.970000000000004
-4.93,89,63.265719,closed,0.5,-4.930000000000003
-4.97,91,63.326589,closed,0.5,-4.970000000000003
-4.95,89,63.386176,closed,0.5,-4.950000000000002
-4.97,91,63.446818,closed,0.5,-4.970000000000003
-5.03,93,63.508745,closed,0.5,-5.030000000000005
-5.03,95,63.571895,closed,0.5,-5.030000000000005
-4.99,93,63.633887,closed,0.5,-4.990000000000004
-4.97,91,63.694396,closed,0.5,-4.970000000000004
-5.07,93,63.756318,closed,0.5,-5.070000000000002
-4.91,87,63.814344,closed,0.5,-4.910000000000003
-4.93,87,63.872391,closed,0.5,-4.930000000000003
-4.95,85,63.928977,closed,0.5,-4.950000000000004
-4.95,85,63.985583,closed,0.5,-4.950000000000003
-4.91,87,64.043739,closed,0.5,-4.910000000000003
-4.95,89,64.103061,closed,0.5,-4.950000000000002
-4.95,89,64.162464,closed,0.5,-4.950000000000002
-5.17,93,64.224332,closed,0.5,-5.170000000000005
-4.99,93,64.621276,closed,0.5,-4.990000000000003
-4.95,89,64.680231,closed,0.5,-4.950000000000003
-4.99,91,64.740412,closed,0.5,-4.990000000000005
-4.93,89,64.799541,closed,0.5,-4.9300000000000015
-4.95,87,64.857655,closed,0.5,-4.950000000000002
-5.03,93,64.919208,closed,0.5,-5.030000000000004
-4.99,93,64.980791,closed,0.5,-4.990000000000004
-4.93,87,65.038202,closed,0.5,-4.930000000000003
-4.99,91,65.098347,closed,0.5,-4.990000000000003
-4.99,91,65.158355,closed,0.5,-4.990000000000004
-4.99,93,65.219604,closed,0.5,-4.990000000000005
-4.95,89,65.278543,closed,0.5,-4.950000000000003
-4.91,91,65.338922,closed,0.5,-4.910000000000003
-5.13,85,65.396127,closed,0.5,-5.130000000000006
-4.89,87,65.454014,closed,0.5,-4.890000000000002
-4.97,89,65.512816,closed,0.5,-4.970000000000003
-5.01,95,65.575507,closed,0.5,-5.010000000000006
-5.07,89,65.634416,closed,0.0,-5.070000000000006
-4.89,87,65.692141,closed,0.5,-4.890000000000004
-4.95,93,65.753547,closed,0.5,-4.950000000000003
-5.01,95,65.816359,closed,0.5,-5.010000000000003
-4.93,91,65.876706,closed,0.5,-4.930000000000002
-4.97,89,65.935601,closed,0.5,-4.970000000000003
-4.89,85,65.991909,closed,0.5,-4.890000000000003
-4.97,91,66.052253,closed,0.5,-4.970000000000002
-4.97,89,66.11129,closed,0.5,-4.970000000000002
-4.99,93,66.172855,closed,0.5,-4.990000000000004
-4.97,91,66.233187,closed,0.5,-4.970000000000003
-4.99,89,66.292161,closed,0.5,-4.990000000000004
-4.95,93,66.354072,closed,0.5,-4.950000000000005
-4.89,87,66.412595,closed,0.5,-4.890000000000003
-4.97,91,66.472927,closed,0.5,-4.970000000000003
-4.95,91,66.533103,closed,0.5,-4.950000000000001
-5.05,87,66.590832,closed,0.5,-5.050000000000003
-4.99,93,66.652354,closed,0.5,-4.990000000000004
-4.93,91,66.712509,closed,0.5,-4.930000000000003
-4.95,87,66.769999,closed,0.5,-4.950000000000002
-4.95,89,66.828911,closed,0.5,-4.950000000000004
-4.93,89,66.888205,closed,0.5,-4.930000000000003
-4.95,87,66.945809,closed,0.5,-4.950000000000005
-5.01,91,67.005796,closed,0.5,-5.010000000000005
-4.91,87,67.063358,closed,0.5,-4.910000000000003
-5.13,91,67.123395,closed,0.5,-5.130000000000006
-4.97,91,67.183606,closed,0.5,-4.970000000000002
-4.93,87,67.241223,closed,0.5,-4.930000000000003
-4.97,89,67.30008,closed,0.5,-4.970000000000002
-4.93,89,67.690773,closed,0.5,-4.930000000000002
-4.95,91,67.751101,closed,0.5,-4.950000000000002
-4.93,91,67.811401,closed,0.5,-4.9300000000000015
-4.99,91,67.871921,closed,0.5,-4.990000000000004
-4.99,93,67.933789,closed,0.5,-4.990000000000005
-4.97,91,67.993961,closed,0.5,-4.970000000000003
-4.95,89,68.052856,closed,0.5,-4.950000000000004
-4.95,91,68.113117,closed,0.5,-4.950000000000002
-5.09,91,68.173407,closed,0.5,-5.090000000000006
-4.97,93,68.235114,closed,0.5,-4.970000000000002
-4.97,89,68.294144,closed,0.5,-4.970000000000002
-5.03,89,68.353218,closed,0.5,-5.030000000000004
-5.11,91,68.413718,closed,0.5,-5.110000000000004
-4.99,89,68.472825,closed,0.5,-4.990000000000003
-4.95,91,68.533082,closed,0.5,-4.950000000000002
-4.91,87,68.590853,closed,0.5,-4.910000000000004
-4.95,89,68.649978,closed,0.5,-4.950000000000003
-4.95,91,68.710209,closed,0.5,-4.950000000000003
-4.99,93,68.771841,closed,0.5,-4.990000000000005
-4.95,89,68.830767,closed,0.5,-4.950000000000004
-4.95,91,68.891315,closed,0.5,-4.950000000000004
-4.97,91,68.951815,closed,0.5,-4.970000000000002
-4.95,87,69.009578,closed,0.5,-4.950000000000004
-5.01,91,69.069838,closed,0.5,-5.0100000000000025
-5.03,93,69.131453,closed,0.5,-5.030000000000006
-4.89,87,69.189215,closed,0.5,-4.890000000000003
-4.95,91,69.249496,closed,0.5,-4.950000000000004
-4.87,87,69.307221,closed,0.5,-4.870000000000003
-4.93,89,69.366427,closed,0.5,-4.930000000000002
-4.91,89,69.425728,closed,0.5,-4.910000000000001
-4.93,89,69.484691,closed,0.5,-4.930000000000002
-4.95,91,69.54495,closed,0.5,-4.950000000000004
-4.95,89,69.603931,closed,0.5,-4.950000000000002
-5.01,93,69.665587,closed,0.5,-5.010000000000003
-4.93,87,69.723208,closed,0.5,-4.9300000000000015
-4.95,89,69.782145,closed,0.5,-4.950000000000004
-4.99,93,69.843719,closed,0.5,-4.990000000000004
-4.95,91,69.903981,closed,0.5,-4.950000000000003
-4.93,91,69.964338,closed,0.5,-4.930000000000002
-4.99,91,70.024639,closed,0.5,-4.990000000000005
-4.97,93,70.086258,closed,0.5,-4.970000000000003
-4.93,89,70.145299,closed,0.5,-4.930000000000003
-4.91,89,70.204323,closed,0.5,-4.910000000000004
-4.93,89,70.2633,closed,0.5,-4.930000000000003
-4.97,93,70.325,closed,0.5,-4.970000000000003
-4.93,89,70.710625,closed,0.5,-4.930000000000003
-5.11,93,70.77203,closed,0.5,-5.110000000000004
-4.97,89,70.83068,closed,0.5,-4.970000000000003
-5.01,93,70.891913,closed,0.5,-5.010000000000003
-4.97,91,70.951904,closed,0.5,-4.9700000000000015
-4.97,91,71.0119,closed,0.5,-4.970000000000002
-4.95,91,71.071825,closed,0.5,-4.950000000000003
-4.89,87,71.12935,closed,0.5,-4.890000000000002
-5.15,95,71.191748,closed,0.5,-5.150000000000007
-4.89,89,71.250415,closed,0.5,-4.890000000000002
-4.99,95,71.312949,closed,0.5,-4.990000000000003
-4.93,89,71.371847,closed,0.5,-4.930000000000003
-4.99,89,71.430694,closed,0.5,-4.990000000000003
-4.99,89,71.489369,closed,0.5,-4.990000000000002
-4.93,89,71.547876,closed,0.5,-4.9300000000000015
-4.97,93,71.609046,closed,0.5,-4.970000000000002
-4.91,87,71.66639,closed,0.5,-4.910000000000003
-4.91,85,71.722573,closed,0.5,-4.910000000000001
-4.95,89,71.781146,closed,0.5,-4.950000000000003
-4.93,87,71.838602,closed,0.5,-4.930000000000003
-4.97,93,71.899814,closed,0.5,-4.970000000000003
-4.97,91,71.959822,closed,0.5,-4.9700000000000015
-4.99,91,72.019713,closed,0.5,-4.990000000000004
-4.95,89,72.07831,closed,0.5,-4.950000000000003
-4.99,93,72.139482,closed,0.5,-4.990000000000005
-4.97,91,72.199463,closed,0.5,-4.970000000000002
-4.97,87,72.256895,closed,0.5,-4.970000000000002
-4.93,89,72.315507,closed,0.5,-4.930000000000002
-5.03,91,72.37539,closed,0.5,-5.030000000000003
-4.93,93,72.436658,closed,0.5,-4.930000000000002
-4.87,85,72.492694,closed,0.5,-4.870000000000003
-4.99,93,72.554008,closed,0.5,-4.990000000000002
-5.01,93,72.615225,closed,0.5,-5.0100000000000025
-4.99,93,72.676448,closed,0.5,-4.990000000000004
-4.93,89,72.735139,closed,0.5,-4.930000000000003
-4.99,91,72.795155,closed,0.5,-4.990000000000004
-4.91,85,72.851302,closed,0.5,-4.910000000000004
-4.93,87,72.908734,closed,0.5,-4.930000000000002
-4.93,89,72.967573,closed,0.5,-4.930000000000003
-4.99,93,73.028958,closed,0.5,-4.990000000000003
-4.99,91,73.088876,closed,0.5,-4.990000000000003
-4.95,91,73.148974,closed,0.5,-4.950000000000003
-4.99,93,73.210163,closed,0.5,-4.990000000000003
-5.07,91,73.270264,closed,0.5,-5.070000000000003
-4.99,93,73.331491,closed,0.5,-4.990000000000004
-4.95,93,73.722787,closed,0.5,-4.950000000000003
-4.93,89,73.781973,closed,0.5,-4.930000000000003
-4.95,89,73.840707,closed,0.5,-4.950000000000002
-5.01,95,73.90335,closed,0.5,-5.010000000000005
-5.01,91,73.963503,closed,0.5,-5.010000000000004
-4.93,87,74.021414,closed,0.5,-4.930000000000004
-4.93,91,74.081659,closed,0.5,-4.930000000000002
-4.95,91,74.141719,closed,0.5,-4.950000000000004
-4.95,89,74.200633,closed,0.5,-4.950000000000004
-4.97,91,74.260769,closed,0.5,-4.970000000000003
-4.99,89,74.319645,closed,0.5,-4.990000000000005
-5.01,95,74.382773,closed,0.5,-5.010000000000004
-4.97,91,74.44301,closed,0.5,-4.970000000000004
-4.93,89,74.501875,closed,0.5,-4.930000000000002
-4.97,93,74.56333,closed,0.5,-4.970000000000002
-5.01,93,74.6246,closed,0.5,-5.0100000000000025
-4.97,93,74.68574,closed,0.5,-4.970000000000003
-4.93,89,74.744424,closed,0.5,-4.930000000000003
-5.03,93,74.805614,closed,0.5,-5.030000000000004
-5.13,89,74.869818,closed,0.5,-5.130000000000007
-4.95,91,74.929769,closed,0.5,-4.950000000000005
-4.95,91,74.989696,closed,0.5,-4.950000000000002
-4.95,89,75.048475,closed,0.5,-4.950000000000004
-4.95,91,75.108614,closed,0.5,-4.950000000000004
-4.95,91,75.168511,closed,0.5,-4.950000000000003
-4.93,87,75.225871,closed,0.5,-4.930000000000003
-4.95,91,75.285848,closed,0.5,-4.950000000000003
-4.89,87,75.343035,closed,0.5,-4.890000000000003
-4.93,87,75.400701,closed,0.5,-4.930000000000002
-4.99,91,75.460627,closed,0.5,-4.990000000000003
-4.97,91,75.52082,closed,0.5,-4.970000000000003
-4.97,91,75.580899,closed,0.5,-4.970000000000003
-4.89,85,75.637216,closed,0.5,-4.890000000000003
-4.97,93,75.698531,closed,0.5,-4.970000000000004
-4.93,89,75.757373,closed,0.5,-4.930000000000003
-4.93,91,75.817358,closed,0.5,-4.930000000000002
-4.97,91,75.877265,closed,0.5,-4.970000000000002
-4.91,91,75.937239,closed,0.5,-4.910000000000003
-4.99,93,75.998594,closed,0.5,-4.990000000000004
-4.87,87,76.056238,closed,0.5,-4.870000000000003
-4.93,89,76.114949,closed,0.5,-4.930000000000003
-4.93,91,76.174856,closed,0.5,-4.930000000000003
-5.01,93,76.235953,closed,0.5,-5.010000000000004
-4.95,91,76.29572,closed,0.5,-4.950000000000002
-4.95,89,76.354227,closed,0.5,-4.950000000000003
-4.97,93,76.415466,closed,0.5,-4.970000000000003
-4.93,89,76.830233,closed,0.5,-4.930000000000004
-4.89,87,76.887217,closed,0.5,-4.890000000000003
-4.91,89,76.94566,closed,0.5,-4.910000000000002
-4.89,87,77.002748,closed,0.5,-4.890000000000003
-4.93,91,77.065471,closed,0.5,-4.930000000000002
-4.99,93,77.129204,closed,0.5,-4.990000000000004
-4.95,87,77.186265,closed,0.5,-4.950000000000003
-4.95,89,77.244678,closed,0.5,-4.950000000000004
-4.95,87,77.301675,closed,0.5,-4.950000000000003
-4.97,91,77.361514,closed,0.5,-4.970000000000003
-4.91,89,77.419953,closed,0.5,-4.910000000000003
-5.03,95,77.484333,closed,0.5,-5.030000000000002
-4.97,89,77.544187,closed,0.5,-4.970000000000004
-4.97,89,77.602801,closed,0.5,-4.970000000000003
-4.93,91,77.662588,closed,0.5,-4.930000000000003
-4.97,89,77.721088,closed,0.5,-4.970000000000003
-4.91,89,77.779628,closed,0.5,-4.910000000000003
-4.97,89,77.840843,closed,0.5,-4.970000000000005
-4.93,91,77.901635,closed,0.5,-4.930000000000003
-4.99,93,77.96337,closed,0.5,-4.990000000000004
-4.93,89,78.022186,closed,0.5,-4.930000000000002
-5.01,93,78.083681,closed,0.5,-5.010000000000004
-4.91,89,78.142294,closed,0.5,-4.910000000000003
-4.95,89,78.201082,closed,0.5,-4.950000000000003
-4.95,91,78.261206,closed,0.5,-4.950000000000004
-4.93,87,78.318894,closed,0.5,-4.930000000000003
-4.97,95,78.38764,closed,0.5,-4.970000000000003
-4.93,89,78.449434,closed,0.5,-4.930000000000003
-4.97,93,78.51058,closed,0.5,-4.970000000000003
-4.95,89,78.569349,closed,0.5,-4.950000000000003
-4.97,89,78.627977,closed,0.5,-4.970000000000003
-4.95,91,78.688652,closed,0.5,-4.950000000000003
-4.93,87,78.746666,closed,0.5,-4.930000000000002
-5.15,91,78.806968,closed,0.5,-5.150000000000006
-4.95,93,78.868453,closed,0.5,-4.950000000000001
-4.99,93,78.930322,closed,0.5,-4.990000000000004
-4.93,87,78.988339,closed,0.5,-4.930000000000002
-4.91,91,79.048448,closed,0.5,-4.910000000000003
-4.95,93,79.110005,closed,0.5,-4.950000000000003
-4.97,91,79.170112,closed,0.5,-4.970000000000004
-4.99,93,79.231271,closed,0.5,-4.990000000000004
-4.99,91,79.291184,closed,0.5,-4.990000000000004
-4.99,89,79.350033,closed,0.5,-4.990000000000003
-4.91,89,79.409048,closed,0.5,-4.910000000000002
-4.99,93,79.470524,closed,0.5,-4.990000000000004
-5.01,91,79.887658,closed,0.5,-5.010000000000003
-4.93,91,79.948162,closed,0.5,-4.930000000000003
-4.97,89,80.007227,closed,0.5,-4.970000000000005
-4.97,91,80.067665,closed,0.5,-4.970000000000002
-4.93,87,80.12544,closed,0.5,-4.930000000000002
-4.91,87,80.18317,closed,0.5,-4.910000000000003
-4.93,89,80.242082,closed,0.5,-4.930000000000003
-4.93,89,80.301263,closed,0.5,-4.930000000000003
-4.99,93,80.363218,closed,0.5,-4.990000000000004
-4.95,87,80.421312,closed,0.5,-4.950000000000002
-4.95,87,80.479457,closed,0.5,-4.950000000000004
-4.89,87,80.537493,closed,0.5,-4.890000000000003
-4.97,91,80.598119,closed,0.5,-4.970000000000002
-4.91,87,80.656128,closed,0.5,-4.910000000000004
-4.97,93,80.717997,closed,0.5,-4.970000000000003
-4.89,85,80.774716,closed,0.5,-4.890000000000003
-4.95,87,80.832707,closed,0.5,-4.950000000000004
-4.97,91,80.893301,closed,0.5,-4.970000000000003
-4.93,91,80.953974,closed,0.5,-4.930000000000002
-4.93,87,81.011992,closed,0.5,-4.930000000000004
-4.97,91,81.072547,closed,0.5,-4.9700000000000015
-4.95,91,81.133403,closed,0.5,-4.950000000000004
-4.99,91,81.193965,closed,0.5,-4.990000000000005
-4.97,89,81.253216,closed,0.5,-4.970000000000005
-4.97,91,81.313787,closed,0.5,-4.970000000000003
-4.95,91,81.374254,closed,0.5,-4.950000000000002
-4.93,87,81.432222,closed,0.5,-4.930000000000003
-4.89,85,81.488817,closed,0.5,-4.890000000000002
-4.93,89,81.547994,closed,0.5,-4.930000000000002
-4.93,87,81.605902,closed,0.5,-4.930000000000002
-4.97,89,81.665117,closed,0.5,-4.970000000000003
-4.99,91,81.725636,closed,0.5,-4.990000000000004
-4.99,91,81.786206,closed,0.5,-4.990000000000004
-4.99,91,81.846839,closed,0.5,-4.990000000000002
-5.01,89,81.906281,closed,0.5,-5.010000000000006
-4.95,91,81.9668,closed,0.5,-4.950000000000003
-4.97,91,82.02732,closed,0.5,-4.970000000000003
-4.95,85,82.084102,closed,0.5,-4.950000000000001
-4.97,91,82.145069,closed,0.5,-4.970000000000003
-4.97,91,82.205662,closed,0.5,-4.970000000000003
-4.93,89,82.264846,closed,0.5,-4.930000000000003
-5.01,93,82.326736,closed,0.5,-5.010000000000003
-4.89,87,82.384786,closed,0.5,-4.890000000000003
-4.95,89,82.443943,closed,0.5,-4.950000000000003
-4.89,87,82.50197,closed,0.5,-4.890000000000003
-4.97,87,82.559894,closed,0.5,-4.970000000000002
-4.93,89,82.956413,closed,0.5,-4.930000000000003
-4.93,89,83.015034,closed,0.5,-4.930000000000004
-4.97,89,83.073727,closed,0.5,-4.970000000000002
-4.87,85,83.129892,closed,0.5,-4.870000000000004
-4.97,95,83.192534,closed,0.5,-4.970000000000002
-4.97,91,83.252429,closed,0.5,-4.970000000000002
-4.97,91,83.31225,closed,0.5,-4.970000000000004
-4.93,87,83.369533,closed,0.5,-4.930000000000002
-4.87,87,83.426895,closed,0.5,-4.870000000000003
-4.97,91,83.486701,closed,0.5,-4.970000000000003
-4.93,89,83.545156,closed,0.5,-4.930000000000002
-4.95,89,83.603741,closed,0.5,-4.950000000000004
-4.95,89,83.662306,closed,0.5,-4.950000000000003
-4.93,89,83.720793,closed,0.5,-4.930000000000003
-4.91,91,83.780525,closed,0.5,-4.910000000000004
-4.95,91,83.840367,closed,0.5,-4.950000000000003
-4.95,91,83.900075,closed,0.5,-4.950000000000004
-4.97,91,83.959866,closed,0.5,-4.970000000000004
-4.91,89,84.018328,closed,0.5,-4.910000000000005
-4.93,89,84.076858,closed,0.5,-4.9300000000000015
-4.91,87,84.134118,closed,0.5,-4.910000000000002
-4.91,87,84.191376,closed,0.5,-4.910000000000004
-4.91,89,84.249753,closed,0.5,-4.910000000000002
-4.95,93,84.310866,closed,0.5,-4.950000000000003
-4.93,89,84.369895,closed,0.5,-4.9300000000000015
-4.97,89,84.428663,closed,0.5,-4.970000000000003
-4.99,91,84.488562,closed,0.5,-4.990000000000005
-4.95,91,84.54852,closed,0.5,-4.950000000000003
-4.99,93,84.609761,closed,0.5,-4.990000000000005
-4.97,91,84.669818,closed,0.5,-4.970000000000004
-4.93,91,84.729724,closed,0.5,-4.930000000000003
-4.97,91,84.789823,closed,0.5,-4.970000000000003
-5.03,95,84.85231,closed,0.5,-5.030000000000004
-4.91,89,84.911112,closed,0.5,-4.910000000000003
-4.99,93,84.973802,closed,0.5,-4.990000000000005
-4.97,91,85.033476,closed,0.5,-4.970000000000004
-4.97,93,85.094476,closed,0.5,-4.970000000000003
-4.89,87,85.151558,closed,0.5,-4.890000000000002
-4.97,93,85.212488,closed,0.5,-4.970000000000002
-4.93,91,85.272323,closed,0.5,-4.930000000000003
-4.87,85,85.328194,closed,0.5,-4.870000000000003
-4.99,91,85.388201,closed,0.5,-4.990000000000005
-4.97,89,85.446893,closed,0.5,-4.970000000000003
-4.93,89,85.505546,closed,0.5,-4.930000000000003
-4.89,87,85.562835,closed,0.5,-4.890000000000003
-4.97,91,85.969167,closed,0.5,-4.970000000000004
-4.95,89,86.027761,closed,0.5,-4.950000000000004
-4.97,91,86.087661,closed,0.5,-4.970000000000003
-4.95,89,86.146138,closed,0.5,-4.950000000000005
-5.03,95,86.208749,closed,0.5,-5.030000000000004
-4.95,91,86.268486,closed,0.5,-4.950000000000004
-4.97,91,86.328152,closed,0.5,-4.970000000000003
-4.95,91,86.387988,closed,0.5,-4.950000000000003
-5.03,95,86.450303,closed,0.5,-5.030000000000005
-4.95,91,86.509983,closed,0.5,-4.950000000000003
-4.89,85,86.566037,closed,0.5,-4.890000000000002
-4.93,89,86.624552,closed,0.5,-4.930000000000003
-4.95,91,86.684531,closed,0.5,-4.950000000000003
-4.93,89,86.742926,closed,0.5,-4.930000000000003
-5.01,93,86.803995,closed,0.5,-5.010000000000003
-4.93,87,86.861281,closed,0.5,-4.930000000000004
-4.97,93,86.92246,closed,0.5,-4.970000000000003
-4.97,93,86.983714,closed,0.5,-4.970000000000002
-4.93,89,87.042184,closed,0.5,-4.930000000000003
-4.95,91,87.102072,closed,0.5,-4.950000000000003
-4.91,89,87.160784,closed,0.5,-4.910000000000001
-4.97,91,87.22109,closed,0.5,-4.970000000000003
-4.91,87,87.278275,closed,0.5,-4.910000000000003
-4.91,87,87.335427,closed,0.5,-4.910000000000004
-4.95,91,87.395163,closed,0.5,-4.950000000000004
-4.97,89,87.453696,closed,0.5,-4.970000000000003
-4.95,89,87.51221,closed,0.5,-4.950000000000002
-4.91,87,87.569434,closed,0.5,-4.910000000000004
-4.91,87,87.626671,closed,0.5,-4.910000000000002
-4.95,87,87.683845,closed,0.5,-4.950000000000003
-4.93,89,87.742709,closed,0.5,-4.930000000000003
-4.95,87,87.800332,closed,0.5,-4.950000000000003
-4.97,89,87.859108,closed,0.5,-4.970000000000004
-4.93,87,87.916721,closed,0.5,-4.930000000000003
-4.89,85,87.972799,closed,0.5,-4.890000000000003
-4.93,89,88.03146,closed,0.5,-4.930000000000002
-5.01,95,88.094088,closed,0.5,-5.010000000000004
-4.99,91,88.15418,closed,0.5,-4.990000000000004
-4.91,87,88.211683,closed,0.5,-4.910000000000004
-4.85,85,88.267982,closed,0.5,-4.850000000000003
-5.01,93,88.329365,closed,0.5,-5.010000000000004
-5.01,93,88.390784,closed,0.5,-5.010000000000004
-4.91,87,88.448258,closed,0.5,-4.910000000000002
-4.87,87,88.50568,closed,0.5,-4.870000000000003
-4.95,93,88.566988,closed,0.5,-4.950000000000003
-4.99,89,88.625782,closed,0.5,-4.990000000000002
-4.97,91,89.058212,closed,0.5,-4.970000000000003
-4.97,93,89.119402,closed,0.5,-4.970000000000004
-4.91,89,89.178066,closed,0.5,-4.910000000000003
-4.97,93,89.239436,closed,0.5,-4.9700000000000015
-4.99,91,89.299356,closed,0.5,-4.990000000000003
-4.95,91,89.359684,closed,0.5,-4.950000000000003
-4.91,87,89.417568,closed,0.5,-4.910000000000004
-4.95,91,89.477829,closed,0.5,-4.950000000000004
-5.01,91,89.537981,closed,0.5,-5.010000000000005
-4.91,91,89.5983,closed,0.5,-4.910000000000003
-4.93,87,89.655791,closed,0.5,-4.930000000000003
-4.93,89,89.714692,closed,0.5,-4.930000000000003
-4.99,91,89.7748,closed,0.5,-4.990000000000003
-4.93,91,89.834956,closed,0.5,-4.930000000000003
-4.95,89,89.893753,closed,0.5,-4.950000000000004
-4.93,89,89.952748,closed,0.5,-4.930000000000003
-4.93,89,90.011636,closed,0.5,-4.930000000000002
-4.91,87,90.069435,closed,0.5,-4.910000000000002
-4.91,87,90.127088,closed,0.5,-4.910000000000003
-4.93,87,90.184673,closed,0.5,-4.930000000000002
-5.01,91,90.245047,closed,0.5,-5.010000000000004
-4.97,89,90.304013,closed,0.5,-4.970000000000003
-4.93,91,90.364351,closed,0.5,-4.930000000000003
-4.91,87,90.422015,closed,0.5,-4.910000000000004
-5.05,95,90.484761,closed,0.5,-5.050000000000005
-4.93,91,90.545023,closed,0.5,-4.9300000000000015
-4.95,91,90.605223,closed,0.5,-4.950000000000003
-4.87,87,90.66281,closed,0.5,-4.870000000000002
-4.97,91,90.722975,closed,0.5,-4.970000000000002
-4.95,91,90.783151,closed,0.5,-4.950000000000004
-4.91,87,90.840705,closed,0.5,-4.910000000000003
-4.93,91,90.900885,closed,0.5,-4.930000000000002
-4.99,89,90.959846,closed,0.5,-4.990000000000004
-4.89,85,91.016154,closed,0.5,-4.8900000000000015
-4.93,87,91.073759,closed,0.5,-4.930000000000004
-4.89,87,91.131361,closed,0.5,-4.890000000000003
-4.97,93,91.192821,closed,0.5,-4.970000000000002
-4.97,91,91.25294,closed,0.5,-4.970000000000002
-4.99,93,91.314569,closed,0.5,-4.990000000000005
-4.97,91,91.374819,closed,0.5,-4.970000000000002
-4.97,91,91.435116,closed,0.5,-4.970000000000005
-4.93,91,91.495292,closed,0.5,-4.930000000000003
-4.99,95,91.558033,closed,0.5,-4.990000000000003
-4.95,91,91.618091,closed,0.5,-4.950000000000004
-4.99,93,91.67963,closed,0.5,-4.990000000000003
-4.95,93,91.741066,closed,0.5,-4.950000000000003
-4.95,91,92.150223,closed,0.5,-4.950000000000003
-4.97,91,92.210019,closed,0.5,-4.970000000000003
-4.95,91,92.269947,closed,0.5,-4.950000000000004
-4.93,89,92.328466,closed,0.5,-4.930000000000004
-4.97,93,92.389629,closed,0.5,-4.970000000000003
-4.97,93,92.450555,closed,0.5,-4.970000000000002
-5.01,93,92.511559,closed,0.5,-5.010000000000005
-4.97,89,92.569998,closed,0.5,-4.970000000000004
-4.91,87,92.627094,closed,0.5,-4.910000000000003
-5.03,93,92.688007,closed,0.5,-5.0300000000000065
-4.93,89,92.746383,closed,0.5,-4.930000000000002
-4.99,93,92.807369,closed,0.5,-4.990000000000002
-4.93,91,92.867103,closed,0.5,-4.930000000000004
-5.05,87,92.92428,closed,0.5,-5.050000000000003
-4.95,89,92.982603,closed,0.5,-4.950000000000003
-5.05,95,93.044796,closed,0.5,-5.050000000000006
-4.91,85,93.100559,closed,0.5,-4.910000000000004
-4.97,93,93.161729,closed,0.5,-4.970000000000002
-4.91,89,93.22014,closed,0.5,-4.910000000000003
-4.93,87,93.277294,closed,0.5,-4.930000000000004
-4.97,87,93.33451,closed,0.5,-4.970000000000004
-4.97,91,93.394559,closed,0.5,-4.970000000000001
-4.91,87,93.451767,closed,0.5,-4.910000000000003
-4.93,89,93.510269,closed,0.5,-4.930000000000004
-4.93,87,93.567633,closed,0.5,-4.930000000000003
-4.97,91,93.627561,closed,0.5,-4.970000000000003
-4.93,91,93.687502,closed,0.5,-4.930000000000002
-4.93,89,93.746179,closed,0.5,-4.930000000000003
-5.01,87,93.803627,closed,0.5,-5.010000000000004
-4.95,89,93.862304,closed,0.5,-4.950000000000002
-4.87,85,93.918422,closed,0.5,-4.870000000000002
-4.91,87,93.975781,closed,0.5,-4.910000000000001
-4.93,87,94.033118,closed,0.5,-4.9300000000000015
-5.03,95,94.095583,closed,0.5,-5.030000000000005
-4.95,91,94.155509,closed,0.5,-4.950000000000003
-4.95,91,94.215496,closed,0.5,-4.950000000000003
-4.97,89,94.274099,closed,0.5,-4.9700000000000015
-4.97,93,94.335613,closed,0.5,-4.970000000000002
-4.95,89,94.394677,closed,0.5,-4.950000000000002
-4.97,89,94.453434,closed,0.5,-4.970000000000004
-4.91,87,94.51077,closed,0.5,-4.910000000000002
-5.07,89,94.56942,closed,0.5,-5.070000000000003
-4.95,89,94.62819,closed,0.5,-4.950000000000003
-4.91,89,94.686778,closed,0.5,-4.910000000000004
-4.87,87,94.744074,closed,0.5,-4.870000000000003
-4.95,89,95.144214,closed,0.5,-4.950000000000003
-4.91,87,95.201612,closed,0.5,-4.910000000000002
-4.91,87,95.259269,closed,0.5,-4.910000000000004
-4.93,89,95.318372,closed,0.5,-4.930000000000003
-4.93,89,95.377668,closed,0.5,-4.930000000000003
-4.93,91,95.437945,closed,0.5,-4.930000000000004
-4.93,89,95.496816,closed,0.5,-4.930000000000003
-4.95,91,95.55715,closed,0.5,-4.950000000000004
-4.95,93,95.618622,closed,0.5,-4.950000000000003
-4.97,91,95.678759,closed,0.5,-4.970000000000003
-4.95,93,95.740317,closed,0.5,-4.950000000000002
-4.91,87,95.797884,closed,0.5,-4.910000000000004
-4.91,91,95.858087,closed,0.5,-4.910000000000004
-4.93,91,95.918393,closed,0.5,-4.930000000000002
-5.01,95,95.981278,closed,0.5,-5.010000000000003
-4.99,93,96.042857,closed,0.5,-4.990000000000004
-4.95,91,96.103184,closed,0.5,-4.950000000000004
-4.91,89,96.16207,closed,0.5,-4.910000000000004
-4.95,91,96.222259,closed,0.5,-4.950000000000003
-4.97,91,96.282479,closed,0.5,-4.970000000000005
-4.95,93,96.344065,closed,0.5,-4.950000000000003
-4.95,91,96.404509,closed,0.5,-4.950000000000003
-4.95,91,96.464633,closed,0.5,-4.950000000000003
-4.97,93,96.526119,closed,0.5,-4.970000000000003
-4.89,87,96.583748,closed,0.5,-4.890000000000003
-4.93,91,96.643926,closed,0.5,-4.930000000000003
-4.93,91,96.70408,closed,0.5,-4.930000000000002
-4.97,93,96.765551,closed,0.5,-4.970000000000004
-4.95,91,96.82576,closed,0.5,-4.950000000000003
-4.93,91,96.886012,closed,0.5,-4.930000000000003
-4.97,93,96.947436,closed,0.5,-4.970000000000003
-4.95,91,97.007796,closed,0.5,-4.950000000000002
-4.95,91,97.067978,closed,0.5,-4.950000000000003
-4.95,91,97.128275,closed,0.5,-4.950000000000004
-4.89,87,97.185895,closed,0.5,-4.890000000000002
-4.95,93,97.247521,closed,0.5,-4.950000000000003
-4.91,87,97.305065,closed,0.5,-4.910000000000004
-4.97,93,97.366691,closed,0.5,-4.970000000000003
-4.95,89,97.425637,closed,0.5,-4.950000000000004
-4.99,91,97.485776,closed,0.5,-4.9900000000000055
-4.95,89,97.544749,closed,0.5,-4.950000000000004
-4.89,87,97.602335,closed,0.5,-4.890000000000003
-4.91,91,97.662467,closed,0.5,-4.910000000000003
-4.93,87,97.719999,closed,0.5,-4.930000000000003
-4.97,89,97.778984,closed,0.5,-4.970000000000004
-4.93,89,97.837825,closed,0.5,-4.930000000000003
-4.95,89,98.249997,closed,0.5,-4.950000000000002
-4.93,91,98.309813,closed,0.5,-4.930000000000002
-4.87,85,98.365791,closed,0.5,-4.870000000000003
-5.01,95,98.428321,closed,0.5,-5.0100000000000025
-4.93,93,98.489413,closed,0.5,-4.930000000000003
-4.91,89,98.548043,closed,0.5,-4.910000000000002
-4.95,91,98.607832,closed,0.5,-4.950000000000003
-4.97,91,98.667604,closed,0.5,-4.970000000000002
-4.97,91,98.727365,closed,0.5,-4.970000000000002
-4.91,89,98.785975,closed,0.5,-4.910000000000004
-4.95,89,98.844498,closed,0.5,-4.950000000000003
-4.89,85,98.900347,closed,0.5,-4.890000000000003
-5.01,91,98.960212,closed,0.5,-5.010000000000004
-4.87,87,99.017447,closed,0.5,-4.870000000000003
-4.97,95,99.07986,closed,0.5,-4.970000000000002
-4.97,93,99.140958,closed,0.5,-4.970000000000003
-4.93,89,99.199605,closed,0.5,-4.930000000000003
-4.91,87,99.256897,closed,0.5,-4.910000000000003
-4.95,91,99.316625,closed,0.5,-4.950000000000003
-4.93,89,99.375385,closed,0.5,-4.930000000000003
-4.87,87,99.432947,closed,0.5,-4.870000000000003
-4.91,89,99.491604,closed,0.5,-4.910000000000003
-4.91,87,99.548886,closed,0.5,-4.910000000000003
-4.91,87,99.606047,closed,0.5,-4.910000000000004
-4.95,91,99.665978,closed,0.5,-4.950000000000002
-4.97,93,99.7274,closed,0.5,-4.970000000000004
-4.97,91,99.787454,closed,0.5,-4.970000000000002
-4.93,91,99.847383,closed,0.5,-4.930000000000003
-4.97,93,99.908753,closed,0.5,-4.970000000000004
-4.93,89,99.967532,closed,0.5,-4.930000000000003
-4.93,91,100.027521,closed,0.5,-4.930000000000003
-4.91,87,100.085005,closed,0.5,-4.910000000000003
-4.97,91,100.145114,closed,0.5,-4.970000000000002
-4.99,91,100.205175,closed,0.5,-4.990000000000004
-4.97,87,100.262569,closed,0.5,-4.970000000000002
-4.95,93,100.323936,closed,0.5,-4.950000000000002
-4.89,89,100.382893,closed,0.5,-4.890000000000002
-4.95,87,100.44077,closed,0.5,-4.950000000000003
-4.93,91,100.500977,closed,0.5,-4.930000000000003
-4.95,89,100.559701,closed,0.5,-4.950000000000002
-4.91,89,100.618517,closed,0.5,-4.910000000000005
-4.91,87,100.676096,closed,0.5,-4.910000000000004
-4.95,93,100.737443,closed,0.5,-4.950000000000003
-4.95,89,100.796501,closed,0.5,-4.950000000000004
-4.93,89,100.855544,closed,0.5,-4.930000000000002
-4.95,91,101.268258,closed,0.5,-4.950000000000003
-4.95,93,101.329596,closed,0.5,-4.950000000000002
-4.91,87,101.386957,closed,0.5,-4.910000000000001
-4.93,91,101.446926,closed,0.5,-4.930000000000002
-4.95,91,101.506854,closed,0.5,-4.950000000000004
-4.99,91,101.566713,closed,0.5,-4.990000000000004
-4.91,91,101.626496,closed,0.5,-4.910000000000003
-4.91,91,101.686157,closed,0.5,-4.910000000000002
-4.91,91,101.745991,closed,0.5,-4.910000000000003
-4.89,87,101.803093,closed,0.5,-4.8900000000000015
-4.97,91,101.862955,closed,0.5,-4.970000000000002
-4.95,91,101.922881,closed,0.5,-4.950000000000002
-4.99,93,101.984027,closed,0.5,-4.990000000000004
-4.91,89,102.042658,closed,0.5,-4.910000000000003
-4.91,87,102.099935,closed,0.5,-4.910000000000004
-4.95,89,102.158528,closed,0.5,-4.950000000000004
-4.93,87,102.215764,closed,0.5,-4.930000000000004
-4.97,93,102.276836,closed,0.5,-4.970000000000004
-4.89,87,102.334031,closed,0.5,-4.890000000000002
-5.03,95,102.396407,closed,0.5,-5.030000000000003
-4.91,89,102.455088,closed,0.5,-4.910000000000004
-4.97,91,102.514955,closed,0.5,-4.970000000000003
-4.97,93,102.576004,closed,0.5,-4.970000000000004
-4.91,89,102.634558,closed,0.5,-4.910000000000003
-4.97,93,102.695571,closed,0.5,-4.970000000000003
-4.91,89,102.754174,closed,0.5,-4.910000000000002
-4.95,89,102.812635,closed,0.5,-4.950000000000003
-4.95,89,102.871161,closed,0.5,-4.950000000000004
-4.97,93,102.932455,closed,0.5,-4.970000000000003
-4.91,87,102.989756,closed,0.5,-4.910000000000002
-4.93,87,103.049329,closed,0.5,-4.930000000000003
-4.95,93,103.113309,closed,0.5,-4.950000000000001
-4.95,91,103.174189,closed,0.5,-4.950000000000004
-4.95,89,103.235346,closed,0.5,-4.950000000000003
-4.97,91,103.295247,closed,0.5,-4.970000000000003
-4.91,87,103.355136,closed,0.5,-4.910000000000003
-4.95,91,103.415493,closed,0.5,-4.950000000000001
-5.13,89,103.476902,closed,0.5,-5.130000000000007
-5.13,89,103.535495,closed,0.5,-5.130000000000004
-4.97,93,103.598209,closed,0.5,-4.970000000000002
-4.93,91,103.659129,closed,0.5,-4.9300000000000015
-4.93,87,103.716694,closed,0.5,-4.930000000000003
-4.95,93,103.777921,closed,0.5,-4.950000000000003
-4.97,91,103.83773,closed,0.5,-4.970000000000003
-4.91,87,103.896732,closed,0.5,-4.910000000000002
-4.99,95,103.964812,closed,0.5,-4.990000000000003
-4.93,93,104.35762,closed,0.5,-4.930000000000002
-4.93,91,104.422425,closed,0.5,-4.930000000000003
-4.93,91,104.483086,closed,0.5,-4.930000000000002
-4.97,91,104.543796,closed,0.5,-4.970000000000002
-4.89,89,104.603055,closed,0.5,-4.8900000000000015
-4.91,91,104.66327,closed,0.5,-4.910000000000003
-4.97,93,104.72475,closed,0.5,-4.970000000000003
-4.99,93,104.78675,closed,0.5,-4.990000000000002
-4.93,89,104.846009,closed,0.5,-4.930000000000002
-4.91,85,104.902467,closed,0.5,-4.910000000000004
-4.97,89,104.961508,closed,0.5,-4.970000000000002
-4.95,89,105.021131,closed,0.5,-4.950000000000004
-4.95,93,105.083446,closed,0.5,-4.950000000000002
-4.93,91,105.144256,closed,0.5,-4.930000000000002
-5.05,93,105.206651,closed,0.5,-5.050000000000004
-5.01,95,105.269933,closed,0.5,-5.010000000000004
-4.93,91,105.330774,closed,0.5,-4.930000000000003
-4.95,91,105.391907,closed,0.5,-4.950000000000003
-4.91,91,105.452397,closed,0.5,-4.910000000000002
-4.97,91,105.51294,closed,0.5,-4.970000000000004
-4.95,91,105.573196,closed,0.5,-4.950000000000002
-4.99,95,105.635989,closed,0.5,-4.990000000000002
-4.91,89,105.694746,closed,0.5,-4.910000000000002
-4.91,89,105.75369,closed,0.5,-4.910000000000003
-4.91,89,105.812578,closed,0.5,-4.910000000000002
-4.95,89,105.871529,closed,0.5,-4.950000000000002
-4.91,87,105.929084,closed,0.5,-4.910000000000004
-4.89,89,105.988082,closed,0.5,-4.8900000000000015
-4.89,87,106.045574,closed,0.5,-4.8900000000000015
-4.91,89,106.104418,closed,0.5,-4.910000000000003
-4.95,91,106.164561,closed,0.5,-4.950000000000004
-4.97,91,106.224777,closed,0.5,-4.970000000000001
-4.95,93,106.28625,closed,0.5,-4.950000000000003
-4.91,91,106.346445,closed,0.5,-4.910000000000002
-4.95,89,106.40563,closed,0.5,-4.950000000000003
-4.95,91,106.465849,closed,0.5,-4.950000000000004
-4.91,89,106.524924,closed,0.5,-4.910000000000005
-4.93,89,106.583745,closed,0.5,-4.9300000000000015
-4.95,89,106.642649,closed,0.5,-4.95
-4.93,93,106.704821,closed,0.5,-4.9300000000000015
-4.95,91,106.765266,closed,0.5,-4.950000000000001
-4.89,87,106.823135,closed,0.5,-4.890000000000002
-4.93,89,106.882084,closed,0.5,-4.930000000000002
-4.89,89,106.940946,closed,0.5,-4.890000000000002
-4.95,89,106.999893,closed,0.5,-4.950000000000004
-4.91,91,107.38587,closed,0.5,-4.910000000000003
-4.89,89,107.444655,closed,0.5,-4.890000000000002
-4.93,91,107.507667,closed,0.5,-4.930000000000002
-4.93,93,107.571672,closed,0.5,-4.9300000000000015
-4.95,93,107.635423,closed,0.5,-4.950000000000001
-5.11,91,107.696328,closed,0.5,-5.110000000000004
-4.93,91,107.756388,closed,0.5,-4.930000000000002
-4.89,89,107.815512,closed,0.5,-4.890000000000001
-4.93,93,107.876969,closed,0.5,-4.930000000000002
-4.95,91,107.937006,closed,0.5,-4.950000000000002
-4.97,95,108.002903,closed,0.5,-4.970000000000001
-4.93,91,108.062885,closed,0.5,-4.930000000000002
-4.97,91,108.122934,closed,0.5,-4.970000000000002
-4.95,93,108.186749,closed,0.5,-4.950000000000002
-4.89,89,108.245498,closed,0.5,-4.890000000000002
-4.89,87,108.303355,closed,0.5,-4.890000000000003
-4.93,91,108.363637,closed,0.5,-4.9300000000000015
-4.89,89,108.422642,closed,0.5,-4.8900000000000015
-4.93,89,108.48275,closed,0.5,-4.930000000000003
-4.97,93,108.551216,closed,0.5,-4.970000000000002
-4.89,85,108.611484,closed,0.5,-4.890000000000003
-4.95,93,108.673434,closed,0.5,-4.950000000000003
-4.93,87,108.731047,closed,0.5,-4.930000000000003
-4.93,89,108.790841,closed,0.5,-4.930000000000002
-4.95,91,108.851139,closed,0.5,-4.950000000000002
-4.89,87,108.909317,closed,0.5,-4.890000000000002
-4.99,95,108.973012,closed,0.5,-4.9900000000000055
-4.89,87,109.030901,closed,0.5,-4.890000000000002
-4.87,87,109.090395,closed,0.5,-4.870000000000003
-4.89,85,109.147232,closed,0.5,-4.890000000000003
-4.95,91,109.20754,closed,0.5,-4.950000000000004
-4.93,91,109.26754,closed,0.5,-4.930000000000002
-4.93,89,109.326458,closed,0.5,-4.930000000000003
-4.89,89,109.385626,closed,0.5,-4.890000000000002
-4.91,89,109.444487,closed,0.5,-4.910000000000001
-4.93,91,109.504695,closed,0.5,-4.930000000000002
-4.93,89,109.56391,closed,0.5,-4.930000000000003
-4.91,89,109.622916,closed,0.5,-4.910000000000002
-4.91,91,109.682957,closed,0.5,-4.910000000000002
-4.91,89,109.74173,closed,0.5,-4.910000000000004
-4.93,91,109.801667,closed,0.5,-4.9300000000000015
-4.91,89,109.860889,closed,0.5,-4.910000000000003
-4.95,93,109.922749,closed,0.5,-4.950000000000003
-4.91,91,109.982757,closed,0.5,-4.910000000000003
-4.93,89,110.041366,closed,0.5,-4.930000000000003
-4.95,89,110.427528,closed,0.5,-4.950000000000004
-4.95,91,110.488011,closed,0.5,-4.950000000000003
-4.89,87,110.545582,closed,0.5,-4.8900000000000015
-4.93,89,110.604432,closed,0.5,-4.930000000000002
-4.99,89,110.663088,closed,0.5,-4.990000000000005
-4.95,93,110.724352,closed,0.5,-4.950000000000002
-4.93,91,110.784201,closed,0.5,-4.930000000000002
-4.93,93,110.845322,closed,0.5,-4.9300000000000015
-4.93,93,110.906747,closed,0.5,-4.9300000000000015
-4.97,89,110.965319,closed,0.5,-4.970000000000004
-4.91,91,111.025365,closed,0.5,-4.910000000000003
-4.95,91,111.085247,closed,0.5,-4.950000000000002
-4.91,91,111.145172,closed,0.5,-4.910000000000003
-4.97,93,111.206466,closed,0.5,-4.970000000000003
-4.89,89,111.265168,closed,0.5,-4.890000000000002
-4.95,91,111.325064,closed,0.5,-4.950000000000002
-4.95,93,111.386482,closed,0.5,-4.950000000000001
-4.91,85,111.442576,closed,0.5,-4.910000000000003
-4.95,93,111.503844,closed,0.5,-4.950000000000004
-4.93,89,111.562476,closed,0.5,-4.930000000000002
-4.91,89,111.621343,closed,0.5,-4.910000000000003
-4.93,89,111.680034,closed,0.5,-4.930000000000004
-4.99,89,111.738824,closed,0.5,-4.990000000000004
-5.01,91,111.798531,closed,0.5,-5.010000000000006
-4.93,89,111.857147,closed,0.5,-4.9300000000000015
-5.01,91,111.917186,closed,0.5,-5.010000000000005
-4.91,89,111.975868,closed,0.5,-4.910000000000002
-4.93,89,112.034525,closed,0.5,-4.930000000000002
-4.93,89,112.093169,closed,0.5,-4.930000000000003
-4.91,89,112.157592,closed,0.5,-4.910000000000002
-4.95,89,112.216549,closed,0.5,-4.950000000000003
-4.95,91,112.276753,closed,0.5,-4.950000000000002
-4.95,91,112.337151,closed,0.5,-4.950000000000004
-4.93,91,112.397375,closed,0.5,-4.930000000000003
-4.87,87,112.455005,closed,0.5,-4.870000000000003
-4.89,89,112.514044,closed,0.5,-4.890000000000002
-4.91,89,112.573022,closed,0.5,-4.910000000000002
-4.89,89,112.632497,closed,0.5,-4.8900000000000015
-5.01,91,112.692678,closed,0.5,-5.010000000000004
-4.93,91,112.752943,closed,0.5,-4.930000000000003
-4.95,93,112.814505,closed,0.5,-4.950000000000004
-4.91,87,112.872134,closed,0.5,-4.910000000000003
-5.09,93,112.933549,closed,0.5,-5.090000000000005
-4.93,91,112.993951,closed,0.5,-4.930000000000002
-4.93,87,113.051478,closed,0.5,-4.930000000000003
-4.91,89,113.110481,closed,0.5,-4.910000000000003
-4.97,91,113.507707,closed,0.5,-4.970000000000003
-4.91,91,113.567543,closed,0.5,-4.910000000000002
-4.89,87,113.62496,closed,0.5,-4.890000000000003
-4.95,93,113.686259,closed,0.5,-4.950000000000004
-4.93,91,113.746108,closed,0.5,-4.930000000000003
-4.97,91,113.805809,closed,0.5,-4.970000000000003
-4.93,91,113.865544,closed,0.5,-4.930000000000002
-4.89,89,113.923981,closed,0.5,-4.890000000000002
-4.91,89,113.982511,closed,0.5,-4.910000000000003
-4.91,91,114.042223,closed,0.5,-4.910000000000003
-4.85,85,114.098175,closed,0.5,-4.850000000000003
-4.95,95,114.16053,closed,0.5,-4.950000000000002
-4.91,89,114.218987,closed,0.5,-4.910000000000003
-4.93,91,114.278738,closed,0.5,-4.930000000000004
-4.89,89,114.337234,closed,0.5,-4.890000000000002
-4.93,93,114.398638,closed,0.5,-4.930000000000003
-4.97,91,114.458383,closed,0.5,-4.970000000000003
-4.91,89,114.516744,closed,0.5,-4.910000000000002
-4.87,87,114.573918,closed,0.5,-4.870000000000003
-4.89,87,114.631155,closed,0.5,-4.890000000000002
-4.87,87,114.688358,closed,0.5,-4.870000000000002
-4.91,91,114.747985,closed,0.5,-4.910000000000002
-4.93,89,114.806383,closed,0.5,-4.930000000000004
-4.95,87,114.863413,closed,0.5,-4.950000000000002
-4.91,89,114.921836,closed,0.5,-4.910000000000002
-4.89,89,114.980357,closed,0.5,-4.890000000000003
-4.91,89,115.038811,closed,0.5,-4.910000000000003
-4.93,93,115.099855,closed,0.5,-4.930000000000003
-4.93,89,115.15832,closed,0.5,-4.930000000000001
-4.93,89,115.216858,closed,0.5,-4.930000000000003
-4.93,87,115.273922,closed,0.5,-4.930000000000003
-4.97,91,115.333717,closed,0.5,-4.970000000000003
-4.91,87,115.391014,closed,0.5,-4.910000000000004
-4.95,91,115.450743,closed,0.5,-4.950000000000003
-4.95,93,115.511817,closed,0.5,-4.950000000000003
-4.89,89,115.57023,closed,0.5,-4.890000000000002
-4.99,95,115.632593,closed,0.5,-4.990000000000002
-4.95,93,115.693898,closed,0.5,-4.950000000000002
-4.93,91,115.75368,closed,0.5,-4.930000000000003
-4.95,93,115.814646,closed,0.5,-4.950000000000003
-4.87,87,115.871817,closed,0.5,-4.870000000000004
-4.91,91,115.931471,closed,0.5,-4.910000000000002
-5.03,91,115.991224,closed,0.5,-5.030000000000003
-4.93,93,116.052261,closed,0.5,-4.930000000000002
-4.91,91,116.112092,closed,0.5,-4.910000000000004
-4.91,91,116.522211,closed,0.5,-4.910000000000003
-4.95,93,116.583338,closed,0.5,-4.950000000000001
-4.91,91,116.643028,closed,0.5,-4.910000000000003
-4.93,89,116.701786,closed,0.5,-4.930000000000001
-4.91,89,116.760179,closed,0.5,-4.910000000000004
-4.93,91,116.819987,closed,0.5,-4.930000000000002
-4.89,89,116.878556,closed,0.5,-4.8900000000000015
-4.91,91,116.938273,closed,0.5,-4.910000000000003
-4.87,85,116.994117,closed,0.5,-4.870000000000003
-4.95,93,117.055266,closed,0.5,-4.950000000000003
-4.91,87,117.112568,closed,0.5,-4.910000000000003
-4.93,91,117.172307,closed,0.5,-4.930000000000002
-4.91,89,117.230905,closed,0.5,-4.910000000000003
-4.91,91,117.290654,closed,0.5,-4.910000000000002
-4.93,89,117.34926,closed,0.5,-4.930000000000002
-4.93,93,117.410594,closed,0.5,-4.930000000000002
-4.99,93,117.471943,closed,0.5,-4.990000000000003
-4.91,87,117.529354,closed,0.5,-4.910000000000003
-4.97,93,117.590528,closed,0.5,-4.970000000000002
-4.93,91,117.650416,closed,0.5,-4.9300000000000015
-4.93,93,117.711802,closed,0.5,-4.930000000000002
-4.95,93,117.773731,closed,0.5,-4.950000000000002
-4.93,91,117.837763,closed,0.5,-4.930000000000002
-4.97,91,117.898133,closed,0.5,-4.970000000000003
-4.95,89,117.956968,closed,0.5,-4.950000000000002
-4.93,89,118.015655,closed,0.5,-4.930000000000002
-4.89,87,118.073223,closed,0.5,-4.890000000000002
-4.93,93,118.138895,closed,0.5,-4.930000000000001
-4.95,93,118.204907,closed,0.5,-4.950000000000004
-4.93,91,118.265298,closed,0.5,-4.930000000000002
-4.91,89,118.324298,closed,0.5,-4.910000000000004
-4.93,89,118.383356,closed,0.5,-4.930000000000003
-4.95,89,118.44238,closed,0.5,-4.950000000000001
-4.89,89,118.505627,closed,0.5,-4.8900000000000015
-4.95,93,118.568872,closed,0.5,-4.950000000000003
-4.93,91,118.632576,closed,0.5,-4.9300000000000015
-4.91,89,118.696408,closed,0.5,-4.910000000000002
-4.99,95,118.760522,closed,0.5,-4.990000000000005
-4.95,91,118.822156,closed,0.5,-4.950000000000003
-4.93,87,118.879817,closed,0.5,-4.930000000000002
-4.89,89,118.938898,closed,0.5,-4.890000000000002
-4.87,87,118.996596,closed,0.5,-4.870000000000001
-4.93,91,119.056897,closed,0.5,-4.930000000000001
-4.97,95,119.12011,closed,0.5,-4.970000000000002
-4.93,91,119.180476,closed,0.5,-4.930000000000002
-4.99,91,119.240608,closed,0.5,-4.990000000000004
-4.91,91,119.648286,closed,0.5,-4.910000000000003
-4.89,89,119.707413,closed,0.5,-4.890000000000003
-4.89,89,119.766749,closed,0.5,-4.890000000000002
-4.87,85,119.823273,closed,0.5,-4.870000000000004
-4.89,89,119.882414,closed,0.5,-4.8900000000000015
-4.89,87,119.940264,closed,0.5,-4.890000000000002
-4.91,89,119.99925,closed,0.5,-4.910000000000003
-4.93,93,120.06178,closed,0.5,-4.930000000000002
-4.93,93,120.125034,closed,0.5,-4.9300000000000015
-4.93,93,120.190946,closed,0.5,-4.930000000000002
-4.97,93,120.257839,closed,0.5,-4.9700000000000015
-4.89,89,120.321715,closed,0.5,-4.890000000000002
-4.93,91,120.386391,closed,0.5,-4.930000000000001
-4.95,93,120.448773,closed,0.5,-4.950000000000003
-4.97,95,120.512187,closed,0.5,-4.9700000000000015
-4.91,87,120.572696,closed,0.5,-4.910000000000002
-4.87,87,120.630786,closed,0.5,-4.870000000000003
-4.91,89,120.689791,closed,0.5,-4.910000000000003
-4.93,93,120.754582,closed,0.5,-4.9300000000000015
-4.87,87,120.812501,closed,0.5,-4.870000000000002
-4.97,91,120.87297,closed,0.5,-4.970000000000003
-4.93,91,120.933673,closed,0.5,-4.9300000000000015
-4.91,89,120.992822,closed,0.5,-4.910000000000002
-4.93,91,121.053197,closed,0.5,-4.930000000000003
-4.97,93,121.114708,closed,0.5,-4.970000000000003
-4.89,89,121.173661,closed,0.5,-4.8900000000000015
-4.95,93,121.236762,closed,0.5,-4.950000000000003
-4.95,91,121.302892,closed,0.5,-4.950000000000003
-4.91,89,121.362376,closed,0.5,-4.910000000000001
-4.97,95,121.425443,closed,0.5,-4.970000000000002
-4.89,89,121.484635,closed,0.5,-4.890000000000002
-4.93,89,121.544045,closed,0.5,-4.930000000000001
-4.93,91,121.604568,closed,0.5,-4.930000000000003
-4.89,89,121.664056,closed,0.5,-4.890000000000002
-4.95,87,121.722104,closed,0.5,-4.950000000000002
-4.91,89,121.781701,closed,0.5,-4.910000000000002
-4.91,91,121.841961,closed,0.5,-4.910000000000002
-4.93,91,121.902288,closed,0.5,-4.930000000000002
-4.91,89,121.961296,closed,0.5,-4.910000000000003
-4.97,95,122.024079,closed,0.5,-4.970000000000002
-4.87,87,122.081934,closed,0.5,-4.870000000000002
-4.89,89,122.141089,closed,0.5,-4.890000000000002
-4.93,93,122.20265,closed,0.5,-4.930000000000002
-4.91,91,122.263605,closed,0.5,-4.910000000000001
-4.93,91,122.325565,closed,0.5,-4.9300000000000015
-4.93,91,122.729908,closed,0.5,-4.9300000000000015
-4.93,89,122.790843,closed,0.5,-4.930000000000002
-4.93,91,122.852779,closed,0.5,-4.9300000000000015
-4.89,89,122.912441,closed,0.5,-4.890000000000003
-4.95,89,122.97176,closed,0.5,-4.950000000000002
-4.93,93,123.033249,closed,0.5,-4.930000000000002
-4.93,91,123.093588,closed,0.5,-4.930000000000003
-4.87,87,123.151729,closed,0.5,-4.870000000000002
-4.99,93,123.218588,closed,0.5,-4.990000000000003
-4.93,91,123.281062,closed,0.5,-4.930000000000002
-4.89,87,123.338955,closed,0.5,-4.890000000000002
-4.91,91,123.399457,closed,0.5,-4.910000000000003
-4.97,93,123.46091,closed,0.5,-4.970000000000002
-4.87,87,123.520248,closed,0.5,-4.870000000000002
-4.95,91,123.584301,closed,0.5,-4.950000000000003
-4.93,91,123.64504,closed,0.5,-4.930000000000002
-4.91,87,123.702528,closed,0.5,-4.910000000000003
-4.89,89,123.761305,closed,0.5,-4.890000000000003
-4.95,93,123.822701,closed,0.5,-4.950000000000002
-4.85,85,123.878945,closed,0.5,-4.850000000000002
-4.93,93,123.940516,closed,0.5,-4.9300000000000015
-4.93,91,124.000632,closed,0.5,-4.930000000000003
-4.91,91,124.061011,closed,0.5,-4.910000000000003
-4.93,91,124.121252,closed,0.5,-4.930000000000003
-4.89,87,124.1788,closed,0.5,-4.8900000000000015
-4.93,93,124.24038,closed,0.5,-4.930000000000003
-4.91,91,124.300484,closed,0.5,-4.910000000000003
-4.95,91,124.360781,closed,0.5,-4.950000000000002
-4.93,91,124.421244,closed,0.5,-4.930000000000002
-4.87,87,124.478754,closed,0.5,-4.870000000000003
-4.93,91,124.538903,closed,0.5,-4.930000000000001
-4.89,89,124.597659,closed,0.5,-4.890000000000002
-4.91,91,124.657678,closed,0.5,-4.910000000000002
-4.87,85,124.713818,closed,0.5,-4.870000000000002
-4.93,91,124.773885,closed,0.5,-4.930000000000002
-4.93,91,124.833948,closed,0.5,-4.9300000000000015
-4.93,91,124.895389,closed,0.5,-4.9300000000000015
-4.87,85,124.951811,closed,0.5,-4.870000000000003
-4.93,91,125.013698,closed,0.5,-4.930000000000002
-4.87,87,125.072333,closed,0.5,-4.870000000000003
-4.87,87,125.129909,closed,0.5,-4.870000000000001
-4.93,91,125.192351,closed,0.5,-4.930000000000003
-4.91,91,125.253619,closed,0.5,-4.910000000000002
-4.87,87,125.313061,closed,0.5,-4.870000000000002
-4.89,89,125.372066,closed,0.5,-4.8900000000000015
-4.95,93,125.434041,closed,0.5,-4.950000000000003
-4.91,91,125.856655,closed,0.5,-4.910000000000002
-4.93,91,125.91675,closed,0.5,-4.930000000000002
-4.91,89,125.97538,closed,0.5,-4.910000000000002
-4.89,89,126.034168,closed,0.5,-4.890000000000003
-4.91,91,126.094112,closed,0.5,-4.910000000000001
-4.91,91,126.154138,closed,0.5,-4.910000000000003
-4.93,93,126.217756,closed,0.5,-4.930000000000003
-4.89,89,126.27913,closed,0.5,-4.8900000000000015
-4.93,93,126.340702,closed,0.5,-4.9300000000000015
-4.89,87,126.398573,closed,0.5,-4.8900000000000015
-4.89,87,126.456176,closed,0.5,-4.8900000000000015
-4.91,91,126.51676,closed,0.5,-4.910000000000002
-4.93,93,126.578415,closed,0.5,-4.9300000000000015
-4.91,91,126.641347,closed,0.5,-4.910000000000002
-4.91,91,126.701862,closed,0.5,-4.910000000000003
-4.89,89,126.760868,closed,0.5,-4.8900000000000015
-4.91,89,126.819673,closed,0.5,-4.910000000000003
-4.91,89,126.878962,closed,0.5,-4.910000000000001
-4.91,89,126.937917,closed,0.5,-4.910000000000004
-4.93,93,126.999571,closed,0.5,-4.930000000000002
-4.95,89,127.05842,closed,0.5,-4.950000000000003
-4.87,87,127.115993,closed,0.5,-4.870000000000003
-4.89,89,127.175059,closed,0.5,-4.890000000000002
-4.87,85,127.231515,closed,0.5,-4.870000000000002
-4.91,91,127.291682,closed,0.5,-4.910000000000002
-4.95,91,127.351887,closed,0.5,-4.950000000000003
-4.89,89,127.410937,closed,0.5,-4.8900000000000015
-4.91,91,127.471174,closed,0.5,-4.910000000000003
-4.89,89,127.530203,closed,0.5,-4.890000000000003
-4.97,95,127.593365,closed,0.5,-4.970000000000002
-4.87,87,127.650991,closed,0.5,-4.870000000000003
-4.97,93,127.712688,closed,0.5,-4.9700000000000015
-4.91,91,127.772915,closed,0.5,-4.910000000000001
-4.95,95,127.835827,closed,0.5,-4.950000000000002
-4.89,89,127.89479,closed,0.5,-4.890000000000002
-4.91,91,127.955062,closed,0.5,-4.910000000000002
-4.89,89,128.014033,closed,0.5,-4.8900000000000015
-4.91,89,128.072869,closed,0.5,-4.910000000000003
-4.89,89,128.131729,closed,0.5,-4.890000000000002
-4.91,91,128.19189,closed,0.5,-4.910000000000003
-4.93,91,128.252267,closed,0.5,-4.930000000000002
-4.91,91,128.312528,closed,0.5,-4.910000000000004
-4.95,93,128.376356,closed,0.5,-4.950000000000003
-4.93,91,128.437953,closed,0.5,-4.930000000000001
-4.91,91,128.503851,closed,0.5,-4.910000000000003
-4.93,91,128.917639,closed,0.5,-4.930000000000002
-4.85,85,128.977372,closed,0.5,-4.850000000000001
-4.93,91,129.040317,closed,0.5,-4.930000000000003
-4.95,93,129.104976,closed,0.5,-4.950000000000003
-4.93,93,129.169774,closed,0.5,-4.9300000000000015
-4.97,95,129.235519,closed,0.5,-4.9700000000000015
-4.91,91,129.298476,closed,0.5,-4.910000000000002
-4.89,89,129.360241,closed,0.5,-4.890000000000003
-4.89,89,129.422045,closed,0.5,-4.890000000000002
-4.89,89,129.483626,closed,0.5,-4.890000000000002
-4.93,93,129.548007,closed,0.5,-4.9300000000000015
-4.91,91,129.610683,closed,0.5,-4.910000000000003
-4.93,91,129.672868,closed,0.5,-4.930000000000003
-4.93,93,129.735486,closed,0.5,-4.930000000000002
-4.89,87,129.796238,closed,0.5,-4.890000000000002
-4.89,87,129.855924,closed,0.5,-4.8900000000000015
-4.91,91,129.918688,closed,0.5,-4.910000000000001
-4.89,87,129.978468,closed,0.5,-4.890000000000001
-4.91,85,130.036942,closed,0.5,-4.910000000000002
-4.87,87,130.097441,closed,0.5,-4.870000000000002
-4.89,89,130.162611,closed,0.5,-4.8900000000000015
-4.91,91,130.227256,closed,0.5,-4.910000000000002
-4.93,93,130.291423,closed,0.5,-4.930000000000002
-4.91,91,130.354556,closed,0.5,-4.910000000000002
-4.89,89,130.417569,closed,0.5,-4.890000000000002
-4.91,91,130.480922,closed,0.5,-4.910000000000002
-4.95,89,130.54476,closed,0.5,-4.950000000000002
-4.91,91,130.61016,closed,0.5,-4.910000000000002
-4.91,91,130.676217,closed,0.5,-4.910000000000001
-4.95,93,130.743732,closed,0.5,-4.950000000000002
-4.91,91,130.805587,closed,0.5,-4.910000000000002
-4.91,89,130.869777,closed,0.5,-4.910000000000003
-4.89,89,130.933969,closed,0.5,-4.8900000000000015
-4.95,93,130.999713,closed,0.5,-4.950000000000001
-4.91,89,131.059161,closed,0.5,-4.910000000000003
-4.91,91,131.120134,closed,0.5,-4.910000000000002
-4.91,89,131.179713,closed,0.5,-4.910000000000003
-4.97,95,131.246327,closed,0.5,-4.970000000000002
-4.91,91,131.307281,closed,0.5,-4.910000000000003
-4.91,91,131.36826,closed,0.5,-4.910000000000002
-4.87,85,131.425367,closed,0.5,-4.870000000000004
-4.95,93,131.487626,closed,0.5,-4.950000000000002
-4.93,91,131.548625,closed,0.5,-4.930000000000002
-4.89,89,131.608413,closed,0.5,-4.890000000000002
-4.91,91,131.672098,closed,0.5,-4.910000000000003
-4.89,89,132.085874,closed,0.5,-4.8900000000000015
-4.93,93,132.146986,closed,0.5,-4.9300000000000015
-4.89,89,132.205895,closed,0.5,-4.890000000000001
-4.87,87,132.264624,closed,0.5,-4.870000000000003
-4.93,93,132.327971,closed,0.5,-4.930000000000002
-4.89,89,132.39359,closed,0.5,-4.890000000000003
-4.97,93,132.457398,closed,0.5,-4.970000000000002
-4.89,89,132.517407,closed,0.5,-4.8900000000000015
-4.93,93,132.585227,closed,0.5,-4.930000000000002
-4.91,91,132.655433,closed,0.5,-4.910000000000003
-4.93,93,132.720019,closed,0.5,-4.9300000000000015
-4.93,91,132.780443,closed,0.5,-4.930000000000002
-4.89,89,132.839688,closed,0.5,-4.8900000000000015
-4.87,85,132.89628,closed,0.5,-4.870000000000001
-4.97,95,132.959409,closed,0.5,-4.970000000000002
-4.95,93,133.021164,closed,0.5,-4.950000000000002
-4.91,89,133.083535,closed,0.5,-4.910000000000003
-4.89,89,133.142291,closed,0.5,-4.8900000000000015
-4.87,87,133.200308,closed,0.5,-4.870000000000001
-4.91,91,133.26056,closed,0.5,-4.910000000000002
-4.93,93,133.32209,closed,0.5,-4.930000000000003
-4.91,91,133.383062,closed,0.5,-4.910000000000003
-4.91,91,133.443162,closed,0.5,-4.910000000000002
-4.91,89,133.501865,closed,0.5,-4.910000000000002
-4.95,95,133.564378,closed,0.5,-4.950000000000001
-4.89,87,133.621607,closed,0.5,-4.890000000000002
-4.93,91,133.683839,closed,0.5,-4.930000000000002
-4.89,87,133.741467,closed,0.5,-4.890000000000002
-4.87,85,133.797561,closed,0.5,-4.870000000000003
-4.91,89,133.862344,closed,0.5,-4.910000000000003
-4.95,95,133.932848,closed,0.5,-4.950000000000002
-4.91,89,133.997738,closed,0.5,-4.910000000000003
-4.91,91,134.061799,closed,0.5,-4.910000000000003
-4.91,91,134.126398,closed,0.5,-4.910000000000002
-4.89,89,134.188562,closed,0.5,-4.890000000000002
-4.91,89,134.24823,closed,0.5,-4.910000000000003
-4.85,85,134.310724,closed,0.5,-4.850000000000001
-4.95,91,134.373958,closed,0.5,-4.950000000000001
-4.93,93,134.439037,closed,0.5,-4.930000000000002
-4.91,91,134.502113,closed,0.5,-4.910000000000002
-4.93,91,134.563728,closed,0.5,-4.930000000000003
-4.89,89,134.623542,closed,0.5,-4.8900000000000015
-4.87,87,134.681687,closed,0.5,-4.870000000000001
-4.89,89,134.741078,closed,0.5,-4.890000000000002
-4.97,95,134.808999,closed,0.5,-4.970000000000003
-4.89,89,134.873498,closed,0.5,-4.890000000000002
-4.97,95,135.276338,closed,0.5,-4.970000000000002
-4.93,91,135.339917,closed,0.5,-4.930000000000002
-4.93,91,135.402692,closed,0.5,-4.930000000000003
-4.91,91,135.464039,closed,0.5,-4.910000000000002
-4.87,87,135.525117,closed,0.5,-4.870000000000002
-4.87,87,135.582752,closed,0.5,-4.870000000000003
-4.95,95,135.645473,closed,0.5,-4.950000000000002
-4.93,93,135.709612,closed,0.5,-4.9300000000000015
-4.87,87,135.768456,closed,0.5,-4.870000000000002
-4.97,91,135.832377,closed,0.5,-4.970000000000002
-4.91,91,135.89301,closed,0.5,-4.910000000000002
-4.95,93,135.957335,closed,0.5,-4.950000000000003
-4.93,91,136.017939,closed,0.5,-4.9300000000000015
-4.87,87,136.079253,closed,0.5,-4.870000000000002
-4.93,91,136.142171,closed,0.5,-4.930000000000002
-4.91,91,136.203533,closed,0.5,-4.910000000000002
-4.89,89,136.26626,closed,0.5,-4.8900000000000015
-4.93,93,136.327648,closed,0.5,-4.930000000000002
-4.89,89,136.388777,closed,0.5,-4.8900000000000015
-4.89,89,136.447982,closed,0.5,-4.890000000000002
-4.93,93,136.509321,closed,0.5,-4.9300000000000015
-4.93,93,136.5739,closed,0.5,-4.930000000000002
-4.93,91,136.634153,closed,0.5,-4.930000000000002
-4.93,93,136.695373,closed,0.5,-4.930000000000002
-4.91,91,136.758714,closed,0.5,-4.910000000000003
-4.91,91,136.819607,closed,0.5,-4.910000000000002
-4.91,91,136.881577,closed,0.5,-4.910000000000002
-5.09,91,136.94206,closed,0.5,-5.0900000000000025
-4.95,93,137.008103,closed,0.5,-4.950000000000004
-4.87,87,137.068851,closed,0.5,-4.870000000000002
-4.95,95,137.13265,closed,0.5,-4.950000000000002
-4.91,89,137.195548,closed,0.5,-4.910000000000004
-4.93,93,137.260962,closed,0.5,-4.930000000000002
-4.91,91,137.324325,closed,0.5,-4.910000000000001
-4.91,91,137.385997,closed,0.5,-4.910000000000003
-4.89,89,137.448165,closed,0.5,-4.890000000000002
-4.91,91,137.508421,closed,0.5,-4.910000000000002
-4.93,93,137.574348,closed,0.5,-4.9300000000000015
-4.89,89,137.635548,closed,0.5,-4.890000000000002
-4.87,87,137.693471,closed,0.5,-4.870000000000002
-4.85,85,137.749502,closed,0.5,-4.850000000000002
-4.89,89,137.811647,closed,0.5,-4.890000000000002
-4.91,91,137.875451,closed,0.5,-4.910000000000003
-4.87,87,137.936171,closed,0.5,-4.870000000000003
-4.91,87,137.996557,closed,0.5,-4.910000000000002
-4.91,89,138.438185,closed,0.5,-4.910000000000001
-4.91,89,138.504616,closed,0.5,-4.910000000000003
-4.87,87,138.570621,closed,0.5,-4.870000000000002
-4.91,91,138.638626,closed,0.5,-4.910000000000003
-4.87,87,138.703515,closed,0.5,-4.870000000000002
-4.89,89,138.767907,closed,0.5,-4.890000000000003
-4.91,89,138.832687,closed,0.5,-4.910000000000002
-4.93,91,138.898433,closed,0.5,-4.9300000000000015
-4.95,85,138.960484,closed,0.5,-4.950000000000004
-4.89,89,139.025199,closed,0.5,-4.890000000000003
-4.89,89,139.09006,closed,0.5,-4.890000000000003
-4.91,91,139.156262,closed,0.5,-4.910000000000002
-4.89,89,139.220624,closed,0.5,-4.890000000000002
-4.85,85,139.281574,closed,0.5,-4.850000000000002
-4.91,91,139.348103,closed,0.5,-4.910000000000002
-4.93,93,139.415025,closed,0.5,-4.930000000000002
-4.87,87,139.478581,closed,0.5,-4.870000000000003
-4.91,91,139.544022,closed,0.5,-4.910000000000002
-4.89,89,139.610718,closed,0.5,-4.890000000000002
-4.87,87,139.675174,closed,0.5,-4.870000000000003
-4.93,91,139.740616,closed,0.5,-4.930000000000002
-4.87,87,139.803566,closed,0.5,-4.870000000000002
-4.87,87,139.865721,closed,0.5,-4.870000000000001
-4.91,91,139.931896,closed,0.5,-4.910000000000002
-4.93,93,139.998784,closed,0.5,-4.930000000000002
-4.91,91,140.064486,closed,0.5,-4.910000000000003
-4.89,87,140.128595,closed,0.5,-4.890000000000002
-4.93,93,140.195495,closed,0.5,-4.930000000000002
-4.89,89,140.261505,closed,0.5,-4.890000000000003
-4.89,89,140.326627,closed,0.5,-4.890000000000003
-4.93,91,140.392447,closed,0.5,-4.930000000000002
-4.95,93,140.45966,closed,0.5,-4.950000000000002
-4.93,91,140.525934,closed,0.5,-4.930000000000002
-4.91,91,140.591076,closed,0.5,-4.910000000000002
-4.91,91,140.657938,closed,0.5,-4.910000000000003
-4.91,89,140.722563,closed,0.5,-4.910000000000003
-4.91,91,140.787914,closed,0.5,-4.910000000000002
-4.93,93,140.855554,closed,0.5,-4.9300000000000015
-4.95,93,140.925688,closed,0.5,-4.950000000000002
-4.87,87,140.99109,closed,0.5,-4.870000000000002
-4.87,85,141.054828,closed,0.5,-4.870000000000003
-4.89,89,141.120815,closed,0.5,-4.890000000000003
-4.95,95,141.190364,closed,0.5,-4.950000000000001
-4.91,89,141.255402,closed,0.5,-4.910000000000003
-4.87,87,141.319894,closed,0.5,-4.870000000000001
-4.87,85,141.382437,closed,0.5,-4.870000000000003
-4.89,89,141.812976,closed,0.5,-4.890000000000002
-4.97,93,141.881815,closed,0.5,-4.970000000000002
-4.95,95,141.953024,closed,0.5,-4.950000000000002
-4.91,91,142.019206,closed,0.5,-4.910000000000002
-4.93,91,142.085674,closed,0.5,-4.9300000000000015
-4.91,91,142.152375,closed,0.5,-4.910000000000002
-4.87,87,142.214896,closed,0.5,-4.870000000000003
-4.87,87,142.278376,closed,0.5,-4.870000000000003
-4.91,91,142.345447,closed,0.5,-4.910000000000004
-4.87,87,142.409951,closed,0.5,-4.870000000000004
-4.89,89,142.475996,closed,0.5,-4.890000000000003
-4.95,95,142.545695,closed,0.5,-4.950000000000002
-4.91,89,142.611758,closed,0.5,-4.910000000000003
-4.95,95,142.681457,closed,0.5,-4.950000000000002
-4.93,93,142.750583,closed,0.5,-4.9300000000000015
-4.91,91,142.816682,closed,0.5,-4.910000000000002
-4.89,89,142.882902,closed,0.5,-4.8900000000000015
-4.87,87,142.947413,closed,0.5,-4.870000000000003
-4.89,89,143.011751,closed,0.5,-4.8900000000000015
-4.87,87,143.074984,closed,0.5,-4.870000000000002
-4.89,89,143.14075,closed,0.5,-4.8900000000000015
-4.89,89,143.205765,closed,0.5,-4.8900000000000015
-4.93,91,143.272927,closed,0.5,-4.9300000000000015
-4.93,93,143.340614,closed,0.5,-4.9300000000000015
-4.89,89,143.405929,closed,0.5,-4.890000000000003
-4.89,87,143.470028,closed,0.5,-4.890000000000002
-4.93,91,143.538054,closed,0.5,-4.930000000000002
-4.93,93,143.606694,closed,0.5,-4.9300000000000015
-4.95,91,143.674458,closed,0.5,-4.950000000000003
-4.87,87,143.738679,closed,0.5,-4.870000000000003
-4.91,91,143.805611,closed,0.5,-4.910000000000001
-4.91,91,143.87274,closed,0.5,-4.910000000000003
-4.87,87,143.936628,closed,0.5,-4.870000000000002
-4.89,89,144.000602,closed,0.5,-4.890000000000003
-4.89,89,144.066528,closed,0.5,-4.890000000000002
-4.95,95,144.138372,closed,0.5,-4.950000000000003
-4.87,87,144.203025,closed,0.5,-4.870000000000003
-4.89,87,144.26605,closed,0.5,-4.8900000000000015
-4.87,87,144.329652,closed,0.5,-4.870000000000002
-4.89,89,144.395355,closed,0.5,-4.8900000000000015
-4.91,87,144.460519,closed,0.5,-4.910000000000003
-4.87,87,144.525635,closed,0.5,-4.870000000000003
-4.89,89,144.592142,closed,0.5,-4.890000000000002
-4.93,91,144.660028,closed,0.5,-4.930000000000003
-4.91,87,144.724361,closed,0.5,-4.910000000000002
-4.93,91,145.170832,closed,0.5,-4.930000000000003
-4.89,89,145.236978,closed,0.5,-4.890000000000002
-4.89,89,145.303024,closed,0.5,-4.8900000000000015
-4.89,89,145.371377,closed,0.5,-4.890000000000002
-4.91,91,145.439,closed,0.5,-4.910000000000002
-4.91,91,145.507222,closed,0.5,-4.910000000000003
-4.87,87,145.571925,closed,0.5,-4.870000000000003
-4.85,85,145.634213,closed,0.5,-4.850000000000002
-4.97,91,145.703391,closed,0.5,-4.970000000000003
-4.91,91,145.770871,closed,0.5,-4.910000000000004
-4.91,91,145.837935,closed,0.5,-4.910000000000003
-4.89,89,145.903961,closed,0.5,-4.890000000000003
-4.93,93,145.972604,closed,0.5,-4.930000000000002
-4.99,93,146.040215,closed,0.5,-4.990000000000002
-4.93,93,146.109781,closed,0.5,-4.930000000000002
-4.91,89,146.176299,closed,0.5,-4.910000000000003
-4.85,85,146.239905,closed,0.5,-4.850000000000002
-4.89,87,146.307702,closed,0.5,-4.890000000000002
-4.87,87,146.372307,closed,0.5,-4.870000000000002
-5.05,93,146.440825,closed,0.5,-5.050000000000005
-4.91,91,146.50827,closed,0.5,-4.910000000000002
-4.89,89,146.573749,closed,0.5,-4.8900000000000015
-4.91,91,146.641287,closed,0.5,-4.910000000000003
-4.91,91,146.708451,closed,0.5,-4.910000000000003
-4.89,89,146.774904,closed,0.5,-4.890000000000002
-4.91,91,146.842965,closed,0.5,-4.910000000000003
-4.93,91,146.911382,closed,0.5,-4.930000000000003
-4.93,91,146.979491,closed,0.5,-4.930000000000002
-4.87,87,147.044248,closed,0.5,-4.870000000000002
-4.95,93,147.113523,closed,0.5,-4.950000000000002
-4.95,95,147.185622,closed,0.5,-4.950000000000002
-4.91,87,147.250081,closed,0.5,-4.910000000000003
-4.91,91,147.318909,closed,0.5,-4.910000000000002
-4.95,95,147.389504,closed,0.5,-4.950000000000002
-4.91,89,147.454924,closed,0.5,-4.910000000000002
-4.93,93,147.52382,closed,0.5,-4.930000000000003
-4.89,89,147.589362,closed,0.5,-4.890000000000002
-4.91,89,147.655459,closed,0.5,-4.910000000000002
-4.95,91,147.722621,closed,0.5,-4.950000000000003
-4.89,87,147.787342,closed,0.5,-4.890000000000002
-4.89,89,147.852313,closed,0.5,-4.890000000000003
-4.91,91,147.919593,closed,0.5,-4.910000000000003
-4.89,89,147.985924,closed,0.5,-4.890000000000002
-4.91,89,148.051116,closed,0.5,-4.910000000000003
-4.91,91,148.117761,closed,0.5,-4.910000000000003
-4.95,95,148.188892,closed,0.5,-4.950000000000002
-4.91,89,148.61505,closed,0.5,-4.910000000000001
-4.87,85,148.678508,closed,0.5,-4.870000000000003
-4.97,93,148.746924,closed,0.5,-4.970000000000001
-4.89,87,148.811449,closed,0.5,-4.8900000000000015
-4.97,91,148.877738,closed,0.5,-4.9700000000000015
-4.93,87,148.94124,closed,0.5,-4.9300000000000015
-4.95,91,149.008255,closed,0.5,-4.950000000000004
-4.89,87,149.07147,closed,0.5,-4.8900000000000015
-4.97,89,149.13656,closed,0.5,-4.9700000000000015
-4.91,87,149.198959,closed,0.5,-4.910000000000003
-4.97,93,149.266389,closed,0.5,-4.970000000000002
-4.97,93,149.336397,closed,0.5,-4.9700000000000015
-4.93,91,149.403055,closed,0.5,-4.930000000000002
-4.91,89,149.46978,closed,0.5,-4.910000000000001
-4.93,91,149.536887,closed,0.5,-4.930000000000003
-4.99,95,149.607074,closed,0.5,-4.990000000000002
-4.93,89,149.672892,closed,0.5,-4.9300000000000015
-4.95,91,149.740388,closed,0.5,-4.950000000000001
-4.99,93,149.809033,closed,0.5,-4.990000000000003
-4.87,87,149.873908,closed,0.5,-4.870000000000003
-4.95,91,149.940505,closed,0.5,-4.950000000000002
-4.97,93,150.008264,closed,0.5,-4.970000000000001
-4.99,93,150.07647,closed,0.5,-4.990000000000004
-4.93,91,150.143644,closed,0.5,-4.9300000000000015
-4.93,91,150.210227,closed,0.5,-4.9300000000000015
-4.95,87,150.273614,closed,0.5,-4.950000000000002
-4.93,91,150.340766,closed,0.5,-4.9300000000000015
-4.95,91,150.4061,closed,0.5,-4.950000000000003
-4.89,87,150.469272,closed,0.5,-4.890000000000002
-4.89,87,150.531516,closed,0.5,-4.890000000000002
-4.93,87,150.59516,closed,0.5,-4.930000000000002
-4.93,91,150.660559,closed,0.5,-4.9300000000000015
-4.91,87,150.723969,closed,0.5,-4.910000000000001
-4.89,89,150.788471,closed,0.5,-4.8900000000000015
-4.93,89,150.852733,closed,0.5,-4.9300000000000015
-4.95,91,150.917406,closed,0.5,-4.950000000000001
-4.85,85,150.985892,closed,0.5,-4.850000000000001
-4.93,91,151.05292,closed,0.5,-4.9300000000000015
-4.93,91,151.123098,closed,0.5,-4.930000000000002
-4.95,93,151.185163,closed,0.5,-4.950000000000002
-4.93,91,151.245141,closed,0.5,-4.9300000000000015
-4.93,93,151.306517,closed,0.5,-4.9300000000000015
-4.93,89,151.365354,closed,0.5,-4.9300000000000015
-4.93,89,151.424391,closed,0.5,-4.9300000000000015
-4.89,85,151.480706,closed,0.5,-4.8900000000000015
