#{"t_start": 1789404614.5720532, "env_id": "None"}
r,l,t,deadline,gate_state,success,timeout,collision
-11.15,500,1.253814,500,closed,False,True,False
-11.4,500,1.566705,500,closed,False,True,False
-10.95,500,1.881153,500,closed,False,True,False
-10.65,500,2.190253,500,closed,False,True,False
-10.35,500,2.852475,500,closed,False,True,False
-10.4,500,3.166291,500,closed,False,True,False
-2.38,163,3.269338,500,closed,True,False,False
-1.28,118,3.344263,500,closed,True,False,False
-4.7,300,3.532806,500,closed,True,False,False
-11.3,500,3.84724,500,closed,False,True,False
-8.68,483,4.317912,500,closed,True,False,False
-10.35,500,4.631215,500,closed,False,True,False
-10.2,500,4.942924,500,closed,False,True,False
-11.65,500,5.274472,500,closed,False,True,True
-0.28,78,5.327867,500,closed,True,False,False
-12.35,500,5.828347,500,closed,False,True,False
-5.44,314,6.033378,500,closed,True,False,False
-11.2,500,6.345286,500,closed,False,True,False
-1.68,143,6.434287,500,closed,True,False,False
-9.75,500,6.759234,500,closed,False,True,False
-5.96,366,7.154284,500,closed,True,False,False
-11.05,500,7.476809,500,closed,False,True,False
-5.52,382,7.720316,500,closed,True,False,False
-4.22,237,7.867808,500,closed,True,False,False
-10.9,500,8.179124,500,closed,False,True,False
-7.54,434,8.626643,500,closed,True,False,False
-5.32,342,8.851942,500,closed,True,False,False
-11.3,500,9.163264,500,closed,False,True,False
-11.45,500,9.482379,500,closed,False,True,False
-11.0,500,9.973164,500,closed,False,True,False
-10.0,500,10.291111,500,closed,False,True,False
-3.7,230,10.437977,500,closed,True,False,False
-3.62,252,10.603336,500,closed,True,False,False
-10.2,500,10.928144,500,closed,False,True,False
-4.06,266,11.094436,500,closed,True,False,False
-8.16,486,11.584942,500,closed,True,False,False
-2.96,196,11.709874,500,closed,True,False,False
-11.5,500,12.021821,500,closed,False,True,False
-2.5,170,12.134834,500,closed,True,False,False
-10.75,500,12.449578,500,closed,False,True,False
-8.46,436,12.895971,500,closed,True,False,False
-10.65,500,13.216078,500,closed,False,True,False
-11.05,500,13.540145,500,closed,False,True,False
-11.25,500,13.855792,500,closed,False,True,False
-11.45,500,14.170933,500,closed,False,True,False
-1.86,136,14.435132,500,closed,True,False,False
-5.06,306,14.627485,500,closed,True,False,False
-5.7,395,14.883369,500,closed,True,False,False
-5.36,371,15.131634,500,closed,True,False,False
-8.14,434,15.402196,500,closed,True,False,False
-4.88,243,15.560067,500,closed,True,False,False
-1.5,125,15.644791,500,closed,True,False,False
-6.88,378,16.052231,500,closed,True,False,False
-6.0,380,16.296452,500,closed,True,False,False
-4.32,232,16.440762,500,closed,True,False,False
-1.22,97,16.501473,500,closed,True,False,False
-3.66,211,16.634045,500,closed,True,False,False
-9.42,467,16.927919,500,closed,True,False,False
-11.15,500,17.420828,500,closed,False,True,True
-1.28,93,17.479494,500,closed,True,False,False
-3.54,244,17.633416,500,closed,True,False,False
-11.52,492,17.944276,500,closed,True,False,False
-5.58,308,18.138592,500,closed,True,False,False
-3.26,171,18.248045,500,closed,True,False,False
-4.22,207,18.377292,500,closed,True,False,False
-3.9,215,18.511218,500,closed,True,False,False
-4.74,239,18.830523,500,closed,True,False,False
-4.66,281,19.015129,500,closed,True,False,False
-4.26,216,19.16118,500,closed,True,False,False
-8.2,345,19.378122,500,closed,True,False,False
-5.66,286,19.557439,500,closed,True,False,False
0.18,47,19.587638,500,closed,True,False,False
-9.02,427,19.860846,500,closed,True,False,False
-1.84,119,19.935283,500,closed,True,False,False
-1.2,105,20.001861,500,closed,True,False,False
-11.24,469,20.489434,500,closed,True,False,False
-10.22,447,20.778425,500,closed,True,False,False
-8.78,403,21.033319,500,closed,True,False,False
-11.95,500,21.352569,500,closed,False,True,False
-1.02,92,21.413503,500,closed,True,False,False
-1.98,128,21.495259,500,closed,True,False,False
-3.28,193,21.810227,500,closed,True,False,False
-6.14,329,22.015663,500,closed,True,False,False
-5.1,270,22.188965,500,closed,True,False,False
-3.9,185,22.308427,500,closed,True,False,False
-2.98,163,22.41158,500,closed,True,False,False
-7.62,362,22.643553,500,closed,True,False,False
-2.94,149,22.737025,500,closed,True,False,False
-13.95,500,23.057066,500,closed,False,True,True
-1.28,103,23.331906,500,closed,True,False,False
-4.04,219,23.47183,500,closed,True,False,False
-1.54,89,23.527883,500,closed,True,False,False
-1.32,102,23.592392,500,closed,True,False,False
-10.84,484,23.895829,500,closed,True,False,False
-3.28,163,23.998171,500,closed,True,False,False
-2.9,130,24.079734,500,closed,True,False,False
-1.5,115,24.152369,500,closed,True,False,False
-2.46,196,24.275431,500,closed,True,False,False
0.28,47,24.30514,500,closed,True,False,False
-2.2,160,24.405881,500,closed,True,False,False
-4.02,202,24.533381,500,closed,True,False,False
-2.08,128,24.797996,500,closed,True,False,False
-6.18,293,24.982329,500,closed,True,False,False
-0.94,79,25.031586,500,closed,True,False,False
-0.48,83,25.083928,500,closed,True,False,False
-7.48,413,25.34103,500,closed,True,False,False
-3.92,232,25.486009,500,closed,True,False,False
-0.86,96,25.54609,500,closed,True,False,False
-1.28,103,25.611703,500,closed,True,False,False
-1.16,101,25.675543,500,closed,True,False,False
-2.16,126,25.754885,500,closed,True,False,False
-0.52,62,25.793871,500,closed,True,False,False
-7.58,343,26.007408,500,closed,True,False,False
-1.04,84,26.060116,500,closed,True,False,False
-1.54,109,26.300965,500,closed,True,False,False
-1.04,69,26.344494,500,closed,True,False,False
-1.22,82,26.396042,500,closed,True,False,False
-0.8,65,26.436866,500,closed,True,False,False
-7.82,282,26.615606,500,closed,True,False,False
-3.28,163,26.717654,500,closed,True,False,False
-3.54,174,26.82696,500,closed,True,False,False
-3.26,171,26.935516,500,closed,True,False,False
-0.84,74,26.982725,500,closed,True,False,False
-2.04,154,27.078943,500,closed,True,False,False
-1.04,79,27.128671,500,closed,True,False,False
-6.42,342,27.343384,500,closed,True,False,False
-1.4,90,27.400101,500,closed,True,False,False
-2.86,171,27.507438,500,closed,True,False,False
-5.16,211,27.833028,500,closed,True,False,False
-5.84,269,28.000502,500,closed,True,False,False
-2.72,147,28.093358,500,closed,True,False,False
-2.4,150,28.186974,500,closed,True,False,False
-1.78,143,28.276959,500,closed,True,False,False
-1.22,102,28.341152,500,closed,True,False,False
-6.3,300,28.52885,500,closed,True,False,False
-1.4,110,28.598621,500,closed,True,False,False
-3.14,159,28.697987,500,closed,True,False,False
-5.22,297,28.883654,500,closed,True,False,False
-1.32,97,28.944953,500,closed,True,False,False
-3.02,172,29.233292,500,closed,True,False,False
-1.18,93,29.291473,500,closed,True,False,False
-0.98,83,29.343314,500,closed,True,False,False
-0.1,55,29.377961,500,closed,True,False,False
-1.02,87,29.432432,500,closed,True,False,False
-1.9,95,29.491883,500,closed,True,False,False
-2.86,141,29.580189,500,closed,True,False,False
-1.4,90,29.637794,500,closed,True,False,False
-1.72,117,29.71113,500,closed,True,False,False
-0.18,73,29.756968,500,closed,True,False,False
-0.62,77,29.805116,500,closed,True,False,False
-4.76,226,29.946803,500,closed,True,False,False
-2.5,170,30.053788,500,closed,True,False,False
-1.76,126,30.132633,500,closed,True,False,False
-3.76,176,30.242895,500,closed,True,False,False
-7.12,272,30.412966,500,closed,True,False,False
-3.56,161,30.706866,500,closed,True,False,False
-5.54,249,30.862582,500,closed,True,False,False
-2.54,159,30.962127,500,closed,True,False,False
-1.08,83,31.014131,500,closed,True,False,False
-2.62,187,31.132498,500,closed,True,False,False
0.3,55,31.167063,500,closed,True,False,False
-3.5,160,31.267051,500,closed,True,False,False
-3.26,156,31.365257,500,closed,True,False,False
-3.92,242,31.517819,500,closed,True,False,False
-5.44,249,31.675588,500,closed,True,False,False
-1.78,123,31.753525,500,closed,True,False,False
-4.8,225,31.895106,500,closed,True,False,False
-1.34,84,31.947989,500,closed,True,False,False
-0.48,83,32.197796,500,closed,True,False,False
0.16,44,32.225489,500,closed,True,False,False
-2.74,139,32.312643,500,closed,True,False,False
-4.7,185,32.428109,500,closed,True,False,False
-4.68,208,32.559657,500,closed,True,False,False
-2.48,138,32.646954,500,closed,True,False,False
-1.04,104,32.712254,500,closed,True,False,False
-7.48,403,32.964522,500,closed,True,False,False
-1.22,122,33.040906,500,closed,True,False,False
-0.1,60,33.078535,500,closed,True,False,False
-2.04,144,33.168413,500,closed,True,False,False
-0.5,65,33.209238,500,closed,True,False,False
-2.3,125,33.287114,500,closed,True,False,False
-1.2,80,33.337197,500,closed,True,False,False
-5.26,246,33.660343,500,closed,True,False,False
-4.44,174,33.769562,500,closed,True,False,False
-2.4,145,33.860708,500,closed,True,False,False
-0.9,95,33.921268,500,closed,True,False,False
-1.8,130,34.01003,500,closed,True,False,False
0.12,43,34.052307,500,closed,True,False,False
-8.9,355,34.277859,500,closed,True,False,False
-2.54,134,34.363465,500,closed,True,False,False
-5.32,247,34.522186,500,closed,True,False,False
-1.1,105,34.58986,500,closed,True,False,False
-2.96,156,34.690158,500,closed,True,False,False
-0.88,93,34.749277,500,closed,True,False,False
-1.28,93,34.808243,500,closed,True,False,False
-5.18,213,35.174664,500,closed,True,False,False
-7.22,377,35.410089,500,closed,True,False,False
-5.7,290,35.592176,500,closed,True,False,False
-2.14,159,35.692451,500,closed,True,False,False
-3.66,221,35.830889,500,closed,True,False,False
-5.9,240,35.98145,500,closed,True,False,False
-1.62,122,36.05875,500,closed,True,False,False
-7.02,337,36.274493,500,closed,True,False,False
-3.0,165,36.379867,500,closed,True,False,False
-1.28,118,36.6237,500,closed,True,False,False
-3.3,200,36.748483,500,closed,True,False,False
-1.3,105,36.814892,500,closed,True,False,False
-0.78,73,36.860839,500,closed,True,False,False
-0.02,57,36.896976,500,closed,True,False,False
-4.66,231,37.0425,500,closed,True,False,False
-3.48,208,37.189689,500,closed,True,False,False
-3.26,206,37.317936,500,closed,True,False,False
-0.2,55,37.352311,500,closed,True,False,False
-3.66,151,37.446813,500,closed,True,False,False
0.2,40,37.471963,500,closed,True,False,False
-4.9,220,37.609947,500,closed,True,False,False
-3.46,216,37.744082,500,closed,True,False,False
-2.22,132,37.826391,500,closed,True,False,False
-3.92,242,38.144448,500,closed,True,False,False
-0.86,81,38.195635,500,closed,True,False,False
-3.66,176,38.306464,500,closed,True,False,False
-1.6,130,38.387903,500,closed,True,False,False
-6.36,336,38.60152,500,closed,True,False,False
-5.7,275,38.774702,500,closed,True,False,False
-3.2,170,38.881411,500,closed,True,False,False
-1.7,135,38.966419,500,closed,True,False,False
-3.0,190,39.085708,500,closed,True,False,False
-1.04,94,39.145195,500,closed,True,False,False
-3.34,179,39.258197,500,closed,True,False,False
-7.22,337,39.647984,500,closed,True,False,False
-1.3,120,39.724058,500,closed,True,False,False
-0.16,76,39.772001,500,closed,True,False,False
-0.6,95,39.83199,500,closed,True,False,False
-0.6,95,39.897137,500,closed,True,False,False
-1.8,120,39.974748,500,closed,True,False,False
-1.4,130,40.057339,500,closed,True,False,False
-2.12,182,40.1717,500,closed,True,False,False
-0.3,60,40.211832,500,closed,True,False,False
-2.04,144,40.302226,500,closed,True,False,False
-1.78,133,40.386597,500,closed,True,False,False
-0.64,99,40.449435,500,closed,True,False,False
-7.08,348,40.672504,500,closed,True,False,False
-0.88,78,40.724479,500,closed,True,False,False
-0.26,66,40.767077,500,closed,True,False,False
-0.68,103,40.836864,500,closed,True,False,False
-0.42,62,41.046879,500,closed,True,False,False
-1.8,135,41.132967,500,closed,True,False,False
0.14,56,41.168492,500,closed,True,False,False
-0.5,85,41.222462,500,closed,True,False,False
-4.46,221,41.366274,500,closed,True,False,False
-0.72,112,41.440668,500,closed,True,False,False
-2.32,127,41.521817,500,closed,True,False,False
-5.16,316,41.72559,500,closed,True,False,False
-1.28,103,41.790806,500,closed,True,False,False
-5.16,311,41.990083,500,closed,True,False,False
-3.72,207,42.121442,500,closed,True,False,False
-4.38,188,42.247145,500,closed,True,False,False
-0.2,65,42.291842,500,closed,True,False,False
-2.84,179,42.573995,500,closed,True,False,False
-8.9,430,42.847684,500,closed,True,False,False
-2.62,182,42.964661,500,closed,True,False,False
-2.44,164,43.072692,500,closed,True,False,False
-0.04,44,43.100678,500,closed,True,False,False
-3.4,200,43.229558,500,closed,True,False,False
-1.56,141,43.318273,500,closed,True,False,False
-1.56,116,43.391409,500,closed,True,False,False
-0.04,49,43.422553,500,closed,True,False,False
-3.16,181,43.536688,500,closed,True,False,False
-0.04,49,43.569529,500,closed,True,False,False
-12.52,462,44.037109,500,closed,True,False,False
-0.38,83,44.089988,500,closed,True,False,False
-2.1,140,44.178757,500,closed,True,False,False
-2.38,168,44.288817,500,closed,True,False,False
0.34,36,44.314805,500,closed,True,False,False
-2.06,146,44.408933,500,closed,True,False,False
-4.62,307,44.603974,500,closed,True,False,False
-5.58,308,44.799995,500,closed,True,False,False
-2.76,176,44.910501,500,closed,True,False,False
-2.26,166,45.015567,500,closed,True,False,False
-6.64,364,45.256795,500,closed,True,False,False
-0.54,84,45.310446,500,closed,True,False,False
-1.68,113,45.55724,500,closed,True,False,False
-4.04,284,45.737127,500,closed,True,False,False
-1.04,99,45.804901,500,closed,True,False,False
-0.44,74,45.854897,500,closed,True,False,False
-1.46,126,45.936053,500,closed,True,False,False
-0.08,53,45.969659,500,closed,True,False,False
-3.6,250,46.126312,500,closed,True,False,False
0.06,39,46.150913,500,closed,True,False,False
-0.1,40,46.176174,500,closed,True,False,False
-2.3,175,46.287313,500,closed,True,False,False
-2.7,170,46.402084,500,closed,True,False,False
-0.88,93,46.463829,500,closed,True,False,False
-2.28,148,46.557588,500,closed,True,False,False
-2.92,167,46.664015,500,closed,True,False,False
-0.4,70,46.708586,500,closed,True,False,False
-0.98,88,46.764329,500,closed,True,False,False
-1.78,118,47.00447,500,closed,True,False,False
-2.74,164,47.107461,500,closed,True,False,False
-0.9,105,47.173373,500,closed,True,False,False
-7.52,337,47.383484,500,closed,True,False,False
0.2,40,47.408845,500,closed,True,False,False
-0.4,65,47.449604,500,closed,True,False,False
-4.24,189,47.568986,500,closed,True,False,False
-0.04,49,47.60133,500,closed,True,False,False
-2.66,161,47.703474,500,closed,True,False,False
-3.1,170,47.811805,500,closed,True,False,False
-0.8,100,47.874698,500,closed,True,False,False
-3.18,193,47.99576,500,closed,True,False,False
-0.52,52,48.028587,500,closed,True,False,False
-1.76,126,48.107198,500,closed,True,False,False
-3.12,157,48.206092,500,closed,True,False,False
0.42,38,48.230197,500,closed,True,False,False
-1.84,159,48.506222,500,closed,True,False,False
-1.4,115,48.5786,500,closed,True,False,False
-1.48,113,48.652001,500,closed,True,False,False
-0.1,55,48.686876,500,closed,True,False,False
-2.4,140,48.774337,500,closed,True,False,False
-0.54,74,48.820858,500,closed,True,False,False
-3.0,160,48.921337,500,closed,True,False,False
-0.42,52,48.954248,500,closed,True,False,False
-1.84,164,49.056539,500,closed,True,False,False
-0.02,47,49.086222,500,closed,True,False,False
-0.64,104,49.151192,500,closed,True,False,False
-0.14,49,49.181987,500,closed,True,False,False
-0.94,104,49.247125,500,closed,True,False,False
-0.34,44,49.275034,500,closed,True,False,False
-2.38,128,49.355138,500,closed,True,False,False
-4.56,191,49.475413,500,closed,True,False,False
-1.4,105,49.541479,500,closed,True,False,False
-2.08,133,49.626283,500,closed,True,False,False
-0.2,70,49.670588,500,closed,True,False,False
0.14,46,49.699721,500,closed,True,False,False
-2.1,170,50.020451,500,closed,True,False,False
-1.18,98,50.081835,500,closed,True,False,False
-0.0,45,50.110096,500,closed,True,False,False
-2.16,141,50.198077,500,closed,True,False,False
-0.58,68,50.240712,500,closed,True,False,False
-1.58,128,50.320434,500,closed,True,False,False
0.36,34,50.342056,500,closed,True,False,False
-2.04,149,50.436522,500,closed,True,False,False
-0.8,95,50.49622,500,closed,True,False,False
-3.64,194,50.618838,500,closed,True,False,False
0.06,44,50.64668,500,closed,True,False,False
0.18,47,50.676394,500,closed,True,False,False
-2.26,146,50.76757,500,closed,True,False,False
-0.38,78,50.816647,500,closed,True,False,False
-1.2,100,50.879465,500,closed,True,False,False
-0.66,86,50.933684,500,closed,True,False,False
0.04,51,50.965789,500,closed,True,False,False
-0.28,58,51.002319,500,closed,True,False,False
-1.02,67,51.044665,500,closed,True,False,False
-1.34,99,51.106671,500,closed,True,False,False
-2.3,170,51.213598,500,closed,True,False,False
-0.06,51,51.431551,500,closed,True,False,False
0.16,44,51.459438,500,closed,True,False,False
0.04,51,51.491456,500,closed,True,False,False
-1.26,151,51.585698,500,closed,True,False,False
0.26,54,51.620692,500,closed,True,False,False
-2.7,150,51.715122,500,closed,True,False,False
-2.1,135,51.799149,500,closed,True,False,False
-0.78,108,51.866617,500,closed,True,False,False
-0.58,63,51.906002,500,closed,True,False,False
-0.9,95,51.965563,500,closed,True,False,False
-0.74,69,52.008598,500,closed,True,False,False
-0.42,72,52.053624,500,closed,True,False,False
-0.82,92,52.110942,500,closed,True,False,False
0.58,42,52.13717,500,closed,True,False,False
-0.4,75,52.183955,500,closed,True,False,False
-0.2,70,52.227765,500,closed,True,False,False
-0.6,70,52.271455,500,closed,True,False,False
-4.58,228,52.413614,500,closed,True,False,False
-0.12,57,52.449349,500,closed,True,False,False
0.2,35,52.471449,500,closed,True,False,False
-0.18,63,52.510743,500,closed,True,False,False
0.06,54,52.544483,500,closed,True,False,False
0.44,31,52.563887,500,closed,True,False,False
-0.88,108,52.632375,500,closed,True,False,False
-0.78,78,52.681441,500,closed,True,False,False
0.34,46,52.710484,500,closed,True,False,False
-1.3,145,52.976202,500,closed,True,False,False
-2.46,151,53.070253,500,closed,True,False,False
-0.78,88,53.125981,500,closed,True,False,False
-0.08,48,53.156178,500,closed,True,False,False
0.5,35,53.178129,500,closed,True,False,False
0.16,39,53.202853,500,closed,True,False,False
-0.76,116,53.275243,500,closed,True,False,False
-0.28,68,53.317941,500,closed,True,False,False
0.1,65,53.358802,500,closed,True,False,False
-2.16,131,53.441046,500,closed,True,False,False
0.56,39,53.465683,500,closed,True,False,False
-2.0,120,53.540806,500,closed,True,False,False
-0.02,67,53.582913,500,closed,True,False,False
-0.24,64,53.624198,500,closed,True,False,False
0.2,50,53.655876,500,closed,True,False,False
-0.72,92,53.713931,500,closed,True,False,False
-0.16,56,53.749237,500,closed,True,False,False
0.14,66,53.790843,500,closed,True,False,False
-0.82,102,53.85509,500,closed,True,False,False
-0.28,73,53.900933,500,closed,True,False,False
-0.34,69,53.944313,500,closed,True,False,False
0.2,50,53.975769,500,closed,True,False,False
-0.06,51,54.008049,500,closed,True,False,False
-0.8,90,54.064657,500,closed,True,False,False
0.36,39,54.089337,500,closed,True,False,False
0.12,53,54.122779,500,closed,True,False,False
-1.16,106,54.406222,500,closed,True,False,False
0.56,24,54.421424,500,closed,True,False,False
-0.0,45,54.449817,500,closed,True,False,False
0.46,44,54.477412,500,closed,True,False,False
-0.82,72,54.522473,500,closed,True,False,False
0.18,42,54.548729,500,closed,True,False,False
0.12,53,54.581987,500,closed,True,False,False
-0.02,42,54.609973,500,closed,True,False,False
0.26,54,54.643782,500,closed,True,False,False
-0.2,60,54.681537,500,closed,True,False,False
-1.16,116,54.75506,500,closed,True,False,False
-0.94,99,54.817198,500,closed,True,False,False
-0.26,91,54.874352,500,closed,True,False,False
0.14,36,54.89727,500,closed,True,False,False
0.2,50,54.928717,500,closed,True,False,False
-2.48,168,55.033697,500,closed,True,False,False
0.36,34,55.055095,500,closed,True,False,False
-0.52,72,55.100671,500,closed,True,False,False
0.62,23,55.115386,500,closed,True,False,False
-1.7,115,55.187596,500,closed,True,False,False
0.38,32,55.207932,500,closed,True,False,False
-0.16,81,55.258783,500,closed,True,False,False
-0.62,97,55.31949,500,closed,True,False,False
-0.42,77,55.367681,500,closed,True,False,False
-0.66,101,55.43095,500,closed,True,False,False
-0.36,71,55.475733,500,closed,True,False,False
0.32,38,55.499833,500,closed,True,False,False
-0.1,60,55.537473,500,closed,True,False,False
-3.1,165,55.641291,500,closed,True,False,False
-0.56,101,55.912371,500,closed,True,False,False
0.36,34,55.934097,500,closed,True,False,False
0.06,64,55.976447,500,closed,True,False,False
-1.32,122,56.053021,500,closed,True,False,False
0.26,39,56.077809,500,closed,True,False,False
-0.12,67,56.120113,500,closed,True,False,False
-0.06,71,56.164909,500,closed,True,False,False
0.04,56,56.200259,500,closed,True,False,False
0.38,47,56.229985,500,closed,True,False,False
-0.16,66,56.271994,500,closed,True,False,False
-0.06,56,56.307438,500,closed,True,False,False
0.12,43,56.334693,500,closed,True,False,False
0.14,51,56.366781,500,closed,True,False,False
-0.06,41,56.392857,500,closed,True,False,False
0.5,30,56.411939,500,closed,True,False,False
-1.1,90,56.468562,500,closed,True,False,False
-0.64,99,56.530894,500,closed,True,False,False
0.48,37,56.554406,500,closed,True,False,False
0.36,39,56.579161,500,closed,True,False,False
-0.44,49,56.611251,500,closed,True,False,False
-0.18,78,56.660982,500,closed,True,False,False
0.18,52,56.69383,500,closed,True,False,False
0.54,31,56.713525,500,closed,True,False,False
0.12,48,56.743923,500,closed,True,False,False
-0.3,85,56.797829,500,closed,True,False,False
0.24,51,56.830017,500,closed,True,False,False
0.58,22,56.844017,500,closed,True,False,False
0.68,22,56.858123,500,closed,True,False,False
-0.8,80,56.908875,500,closed,True,False,False
-0.18,63,56.94859,500,closed,True,False,False
0.56,29,56.967027,500,closed,True,False,False
-0.42,82,57.018639,500,closed,True,False,False
0.62,38,57.042593,500,closed,True,False,False
-1.26,61,57.081353,500,closed,True,False,False
0.1,55,57.116133,500,closed,True,False,False
-0.04,79,57.16565,500,closed,True,False,False
0.22,38,57.38022,500,closed,True,False,False
-0.72,107,57.447395,500,closed,True,False,False
-0.0,55,57.481951,500,closed,True,False,False
0.02,68,57.524692,500,closed,True,False,False
0.02,43,57.551811,500,closed,True,False,False
0.32,48,57.581922,500,closed,True,False,False
-0.28,83,57.634873,500,closed,True,False,False
0.2,65,57.675527,500,closed,True,False,False
-0.62,122,57.752241,500,closed,True,False,False
0.3,55,57.787086,500,closed,True,False,False
-0.6,70,57.831537,500,closed,True,False,False
0.58,22,57.845585,500,closed,True,False,False
0.26,44,57.873206,500,closed,True,False,False
0.44,41,57.899039,500,closed,True,False,False
0.78,22,57.912997,500,closed,True,False,False
-0.18,63,57.952762,500,closed,True,False,False
-4.3,180,58.065153,500,closed,True,False,False
-0.84,124,58.142919,500,closed,True,False,False
0.1,75,58.189816,500,closed,True,False,False
-0.78,63,58.229626,500,closed,True,False,False
0.18,42,58.256485,500,closed,True,False,False
-0.4,55,58.291123,500,closed,True,False,False
-0.36,96,58.351107,500,closed,True,False,False
-0.24,69,58.394716,500,closed,True,False,False
0.18,42,58.421384,500,closed,True,False,False
-0.02,57,58.457218,500,closed,True,False,False
0.12,48,58.487444,500,closed,True,False,False
-0.72,97,58.548594,500,closed,True,False,False
0.44,46,58.577587,500,closed,True,False,False
0.08,42,58.605124,500,closed,True,False,False
-1.4,110,58.857376,500,closed,True,False,False
0.26,59,58.894294,500,closed,True,False,False
0.24,51,58.926311,500,closed,True,False,False
0.24,46,58.955048,500,closed,True,False,False
0.36,54,58.988728,500,closed,True,False,False
-0.0,50,59.020044,500,closed,True,False,False
-0.54,74,59.066416,500,closed,True,False,False
0.2,50,59.097667,500,closed,True,False,False
0.22,43,59.124588,500,closed,True,False,False
-0.1,65,59.165205,500,closed,True,False,False
0.34,51,59.197032,500,closed,True,False,False
-0.0,45,59.225241,500,closed,True,False,False
0.46,34,59.246645,500,closed,True,False,False
-0.34,59,59.283585,500,closed,True,False,False
-0.38,58,59.32007,500,closed,True,False,False
0.36,39,59.344702,500,closed,True,False,False
0.44,26,59.361129,500,closed,True,False,False
0.32,48,59.391123,500,closed,True,False,False
0.72,23,59.405623,500,closed,True,False,False
0.1,55,59.440248,500,closed,True,False,False
-0.62,72,59.485518,500,closed,True,False,False
-0.56,66,59.527216,500,closed,True,False,False
-0.92,112,59.598072,500,closed,True,False,False
0.22,53,59.631389,500,closed,True,False,False
-0.52,77,59.679763,500,closed,True,False,False
0.16,49,59.710664,500,closed,True,False,False
0.42,33,59.731468,500,closed,True,False,False
-0.04,44,59.759215,500,closed,True,False,False
0.1,45,59.78746,500,closed,True,False,False
0.4,55,59.821995,500,closed,True,False,False
0.04,71,59.866304,500,closed,True,False,False
0.22,43,59.893403,500,closed,True,False,False
0.68,27,59.910499,500,closed,True,False,False
0.06,44,59.938359,500,closed,True,False,False
-0.72,87,59.992578,500,closed,True,False,False
0.44,36,60.015282,500,closed,True,False,False
0.16,44,60.042883,500,closed,True,False,False
-0.36,76,60.090626,500,closed,True,False,False
-0.0,40,60.116005,500,closed,True,False,False
0.24,31,60.13565,500,closed,True,False,False
0.36,44,60.336974,500,closed,True,False,False
0.4,30,60.355954,500,closed,True,False,False
0.56,24,60.371062,500,closed,True,False,False
0.82,18,60.382479,500,closed,True,False,False
0.38,47,60.411948,500,closed,True,False,False
-0.12,57,60.447626,500,closed,True,False,False
0.32,33,60.468408,500,closed,True,False,False
0.28,47,60.497814,500,closed,True,False,False
-0.54,64,60.537806,500,closed,True,False,False
0.6,35,60.559785,500,closed,True,False,False
0.18,52,60.593653,500,closed,True,False,False
-0.06,61,60.631952,500,closed,True,False,False
0.74,26,60.648342,500,closed,True,False,False
0.56,29,60.666557,500,closed,True,False,False
0.12,68,60.709005,500,closed,True,False,False
0.5,40,60.734035,500,closed,True,False,False
0.02,63,60.773411,500,closed,True,False,False
0.6,25,60.789185,500,closed,True,False,False
0.44,36,60.811924,500,closed,True,False,False
-0.84,99,60.873668,500,closed,True,False,False
0.72,23,60.888143,500,closed,True,False,False
0.1,35,60.910256,500,closed,True,False,False
0.36,49,60.94091,500,closed,True,False,False
0.56,29,60.95919,500,closed,True,False,False
0.38,42,60.98551,500,closed,True,False,False
0.3,45,61.013648,500,closed,True,False,False
0.36,34,61.035017,500,closed,True,False,False
-0.02,67,61.076676,500,closed,True,False,False
0.4,30,61.095535,500,closed,True,False,False
0.02,58,61.131888,500,closed,True,False,False
0.58,32,61.151971,500,closed,True,False,False
0.38,37,61.175273,500,closed,True,False,False
0.04,61,61.213356,500,closed,True,False,False
0.34,41,61.23914,500,closed,True,False,False
-0.02,57,61.274862,500,closed,True,False,False
0.56,34,61.296198,500,closed,True,False,False
0.54,41,61.321908,500,closed,True,False,False
0.48,22,61.33587,500,closed,True,False,False
0.26,54,61.369796,500,closed,True,False,False
0.7,30,61.388675,500,closed,True,False,False
-0.24,74,61.435128,500,closed,True,False,False
-0.22,82,61.487086,500,closed,True,False,False
-0.12,77,61.535317,500,closed,True,False,False
0.48,42,61.56177,500,closed,True,False,False
0.5,40,61.586956,500,closed,True,False,False
0.76,24,61.784754,500,closed,True,False,False
0.44,31,61.804528,500,closed,True,False,False
0.66,34,61.826044,500,closed,True,False,False
0.42,43,61.853251,500,closed,True,False,False
-0.02,42,61.87988,500,closed,True,False,False
0.7,30,61.898913,500,closed,True,False,False
-0.02,72,61.944124,500,closed,True,False,False
0.7,30,61.963059,500,closed,True,False,False
0.52,33,61.983885,500,closed,True,False,False
0.04,41,62.009838,500,closed,True,False,False
0.18,62,62.048832,500,closed,True,False,False
0.66,34,62.070249,500,closed,True,False,False
-0.08,58,62.106501,500,closed,True,False,False
0.42,38,62.13045,500,closed,True,False,False
-0.04,54,62.164713,500,closed,True,False,False
0.6,30,62.183704,500,closed,True,False,False
0.54,31,62.203274,500,closed,True,False,False
0.62,38,62.227265,500,closed,True,False,False
0.26,44,62.25499,500,closed,True,False,False
0.82,18,62.26657,500,closed,True,False,False
0.14,56,62.301915,500,closed,True,False,False
0.36,44,62.329607,500,closed,True,False,False
0.2,45,62.35794,500,closed,True,False,False
0.26,34,62.379378,500,closed,True,False,False
0.26,29,62.397793,500,closed,True,False,False
0.44,31,62.417387,500,closed,True,False,False
0.6,25,62.433261,500,closed,True,False,False
0.7,30,62.452216,500,closed,True,False,False
0.4,50,62.483639,500,closed,True,False,False
0.46,34,62.505145,500,closed,True,False,False
0.58,32,62.52539,500,closed,True,False,False
0.44,41,62.551211,500,closed,True,False,False
0.5,25,62.567166,500,closed,True,False,False
0.48,42,62.594476,500,closed,True,False,False
0.26,39,62.619716,500,closed,True,False,False
0.2,55,62.6543,500,closed,True,False,False
0.54,21,62.667708,500,closed,True,False,False
0.58,22,62.681722,500,closed,True,False,False
0.6,20,62.694568,500,closed,True,False,False
0.5,25,62.710506,500,closed,True,False,False
0.54,31,62.730062,500,closed,True,False,False
0.5,30,62.74909,500,closed,True,False,False
0.1,45,62.777616,500,closed,True,False,False
0.4,50,62.809019,500,closed,True,False,False
0.7,25,62.824883,500,closed,True,False,False
-0.18,53,62.858277,500,closed,True,False,False
0.48,42,62.884812,500,closed,True,False,False
0.52,23,62.899402,500,closed,True,False,False
0.6,40,62.924527,500,closed,True,False,False
-0.12,47,62.954199,500,closed,True,False,False
0.64,26,62.970669,500,closed,True,False,False
0.42,33,62.991486,500,closed,True,False,False
-0.26,66,63.033191,500,closed,True,False,False
0.48,22,63.047246,500,closed,True,False,False
0.82,18,63.058734,500,closed,True,False,False
0.28,32,63.254084,500,closed,True,False,False
0.56,24,63.269306,500,closed,True,False,False
0.82,18,63.28072,500,closed,True,False,False
0.62,33,63.301463,500,closed,True,False,False
0.78,22,63.315376,500,closed,True,False,False
0.54,26,63.331795,500,closed,True,False,False
0.7,25,63.347529,500,closed,True,False,False
0.4,35,63.369572,500,closed,True,False,False
0.08,42,63.396045,500,closed,True,False,False
0.32,38,63.419989,500,closed,True,False,False
0.32,38,63.443763,500,closed,True,False,False
0.62,33,63.464491,500,closed,True,False,False
0.58,27,63.481486,500,closed,True,False,False
0.72,28,63.499022,500,closed,True,False,False
0.38,37,63.522189,500,closed,True,False,False
-0.02,52,63.554709,500,closed,True,False,False
0.52,43,63.581652,500,closed,True,False,False
0.64,31,63.602256,500,closed,True,False,False
0.52,28,63.619984,500,closed,True,False,False
0.72,23,63.634603,500,closed,True,False,False
0.58,17,63.645443,500,closed,True,False,False
0.78,22,63.659389,500,closed,True,False,False
0.7,25,63.675154,500,closed,True,False,False
0.66,29,63.693436,500,closed,True,False,False
0.76,19,63.705495,500,closed,True,False,False
0.24,46,63.734473,500,closed,True,False,False
0.54,31,63.753958,500,closed,True,False,False
0.5,30,63.772951,500,closed,True,False,False
0.56,34,63.794246,500,closed,True,False,False
0.56,19,63.806292,500,closed,True,False,False
0.44,21,63.819632,500,closed,True,False,False
0.4,35,63.841641,500,closed,True,False,False
0.52,38,63.865474,500,closed,True,False,False
0.36,29,63.883878,500,closed,True,False,False
0.32,33,63.904693,500,closed,True,False,False
0.5,45,63.932907,500,closed,True,False,False
0.56,24,63.948025,500,closed,True,False,False
0.14,61,63.986118,500,closed,True,False,False
-0.0,55,64.020489,500,closed,True,False,False
-0.02,52,64.05311,500,closed,True,False,False
0.66,24,64.068172,500,closed,True,False,False
-0.92,62,64.106934,500,closed,True,False,False
0.62,28,64.124503,500,closed,True,False,False
0.56,24,64.139708,500,closed,True,False,False
0.54,26,64.156058,500,closed,True,False,False
-0.04,84,64.208324,500,closed,True,False,False
0.68,32,64.228458,500,closed,True,False,False
-0.16,46,64.257468,500,closed,True,False,False
0.16,49,64.288188,500,closed,True,False,False
0.38,32,64.308377,500,closed,True,False,False
0.58,37,64.331558,500,closed,True,False,False
0.08,47,64.360991,500,closed,True,False,False
0.82,18,64.372392,500,closed,True,False,False
0.16,49,64.402996,500,closed,True,False,False
0.74,26,64.419324,500,closed,True,False,False
0.76,24,64.434386,500,closed,True,False,False
0.68,32,64.454535,500,closed,True,False,False
0.72,28,64.472168,500,closed,True,False,False
0.54,26,64.488604,500,closed,True,False,False
0.5,35,64.51053,500,closed,True,False,False
0.6,30,64.529355,500,closed,True,False,False
0.68,32,64.745046,500,closed,True,False,False
0.3,50,64.779067,500,closed,True,False,False
0.66,24,64.794201,500,closed,True,False,False
0.8,20,64.806857,500,closed,True,False,False
0.74,26,64.823383,500,closed,True,False,False
0.52,33,64.844181,500,closed,True,False,False
0.82,18,64.855612,500,closed,True,False,False
0.78,22,64.86957,500,closed,True,False,False
0.64,31,64.889144,500,closed,True,False,False
0.46,44,64.91681,500,closed,True,False,False
0.68,32,64.936893,500,closed,True,False,False
0.58,37,64.960162,500,closed,True,False,False
0.52,38,64.984161,500,closed,True,False,False
0.56,34,65.005612,500,closed,True,False,False
0.76,24,65.020732,500,closed,True,False,False
0.68,32,65.040749,500,closed,True,False,False
0.12,63,65.080169,500,closed,True,False,False
0.68,27,65.097272,500,closed,True,False,False
0.8,20,65.110061,500,closed,True,False,False
0.52,33,65.130892,500,closed,True,False,False
0.4,35,65.153025,500,closed,True,False,False
0.72,23,65.167596,500,closed,True,False,False
0.44,31,65.187274,500,closed,True,False,False
0.66,34,65.208618,500,closed,True,False,False
0.4,45,65.236869,500,closed,True,False,False
0.38,37,65.260183,500,closed,True,False,False
0.22,38,65.284204,500,closed,True,False,False
0.62,38,65.308074,500,closed,True,False,False
0.66,29,65.326327,500,closed,True,False,False
0.74,26,65.342829,500,closed,True,False,False
0.66,29,65.36113,500,closed,True,False,False
0.76,19,65.37339,500,closed,True,False,False
0.46,44,65.401114,500,closed,True,False,False
0.8,20,65.413934,500,closed,True,False,False
0.78,22,65.427936,500,closed,True,False,False
0.6,20,65.44077,500,closed,True,False,False
0.28,62,65.479801,500,closed,True,False,False
0.7,25,65.49567,500,closed,True,False,False
0.62,18,65.507154,500,closed,True,False,False
0.8,20,65.519881,500,closed,True,False,False
0.52,38,65.543887,500,closed,True,False,False
-0.32,92,65.602371,500,closed,True,False,False
0.58,22,65.616765,500,closed,True,False,False
0.62,28,65.634562,500,closed,True,False,False
0.52,38,65.65863,500,closed,True,False,False
0.44,36,65.68152,500,closed,True,False,False
0.5,50,65.71316,500,closed,True,False,False
0.32,53,65.746424,500,closed,True,False,False
0.72,28,65.764175,500,closed,True,False,False
0.7,30,65.783125,500,closed,True,False,False
0.64,31,65.802739,500,closed,True,False,False
0.78,22,65.816681,500,closed,True,False,False
0.46,44,65.844451,500,closed,True,False,False
0.74,26,65.860946,500,closed,True,False,False
0.54,21,65.874331,500,closed,True,False,False
0.82,18,65.885862,500,closed,True,False,False
0.62,33,65.906888,500,closed,True,False,False
0.58,27,65.924043,500,closed,True,False,False
0.56,34,65.945537,500,closed,True,False,False
0.52,28,65.96329,500,closed,True,False,False
0.78,22,65.977291,500,closed,True,False,False
0.6,35,65.999281,500,closed,True,False,False
0.36,29,66.017767,500,closed,True,False,False
0.82,18,66.029231,500,closed,True,False,False
0.48,22,66.214794,500,closed,True,False,False
0.76,24,66.230266,500,closed,True,False,False
0.82,18,66.242341,500,closed,True,False,False
0.58,37,66.266219,500,closed,True,False,False
0.36,39,66.291207,500,closed,True,False,False
0.7,30,66.310571,500,closed,True,False,False
0.66,29,66.329193,500,closed,True,False,False
0.62,18,66.340866,500,closed,True,False,False
0.7,30,66.360083,500,closed,True,False,False
0.82,18,66.372072,500,closed,True,False,False
0.8,20,66.385045,500,closed,True,False,False
0.64,16,66.395441,500,closed,True,False,False
0.5,35,66.417902,500,closed,True,False,False
0.76,24,66.433777,500,closed,True,False,False
0.7,25,66.449954,500,closed,True,False,False
0.34,46,66.479635,500,closed,True,False,False
0.76,24,66.495034,500,closed,True,False,False
0.66,29,66.513656,500,closed,True,False,False
0.46,39,66.538689,500,closed,True,False,False
0.76,24,66.554104,500,closed,True,False,False
0.72,23,66.568953,500,closed,True,False,False
0.62,28,66.586928,500,closed,True,False,False
0.26,49,66.619468,500,closed,True,False,False
0.46,34,66.641484,500,closed,True,False,False
0.76,19,66.653833,500,closed,True,False,False
0.62,33,66.675057,500,closed,True,False,False
0.36,49,66.706758,500,closed,True,False,False
0.62,28,66.724997,500,closed,True,False,False
0.82,18,66.736744,500,closed,True,False,False
0.78,22,66.751056,500,closed,True,False,False
0.82,18,66.762809,500,closed,True,False,False
0.8,20,66.775883,500,closed,True,False,False
0.78,22,66.79015,500,closed,True,False,False
0.74,26,66.807058,500,closed,True,False,False
0.56,39,66.832014,500,closed,True,False,False
0.68,32,66.852567,500,closed,True,False,False
0.72,28,66.87064,500,closed,True,False,False
0.76,24,66.886094,500,closed,True,False,False
0.72,28,66.904227,500,closed,True,False,False
0.7,30,66.923849,500,closed,True,False,False
0.68,27,66.941424,500,closed,True,False,False
0.46,29,66.96017,500,closed,True,False,False
0.38,37,66.984033,500,closed,True,False,False
0.76,24,66.99954,500,closed,True,False,False
0.72,23,67.014416,500,closed,True,False,False
0.44,26,67.03119,500,closed,True,False,False
0.72,23,67.046056,500,closed,True,False,False
0.74,26,67.062903,500,closed,True,False,False
0.32,28,67.081046,500,closed,True,False,False
0.5,25,67.09741,500,closed,True,False,False
0.76,24,67.112993,500,closed,True,False,False
0.8,20,67.126202,500,closed,True,False,False
0.48,32,67.14692,500,closed,True,False,False
0.5,30,67.166412,500,closed,True,False,False
0.48,32,67.187135,500,closed,True,False,False
0.82,18,67.198899,500,closed,True,False,False
0.7,30,67.218297,500,closed,True,False,False
0.62,18,67.230188,500,closed,True,False,False
0.68,27,67.247786,500,closed,True,False,False
0.46,44,67.276133,500,closed,True,False,False
0.44,26,67.292924,500,closed,True,False,False
0.42,33,67.314237,500,closed,True,False,False
0.8,20,67.327215,500,closed,True,False,False
0.16,59,67.364848,500,closed,True,False,False
0.68,32,67.38531,500,closed,True,False,False
0.68,32,67.405834,500,closed,True,False,False
0.52,43,67.43341,500,closed,True,False,False
0.78,22,67.448028,500,closed,True,False,False
0.78,22,67.462375,500,closed,True,False,False
0.42,33,67.483732,500,closed,True,False,False
0.76,24,67.499157,500,closed,True,False,False
0.54,31,67.519056,500,closed,True,False,False
0.76,24,67.702262,500,closed,True,False,False
0.74,26,67.719119,500,closed,True,False,False
0.66,29,67.737608,500,closed,True,False,False
0.6,30,67.756639,500,closed,True,False,False
0.6,30,67.775655,500,closed,True,False,False
0.58,37,67.79899,500,closed,True,False,False
0.76,24,67.814338,500,closed,True,False,False
0.74,26,67.83102,500,closed,True,False,False
0.78,22,67.844949,500,closed,True,False,False
0.64,31,67.864601,500,closed,True,False,False
0.82,18,67.876064,500,closed,True,False,False
0.82,18,67.887552,500,closed,True,False,False
0.74,26,67.903978,500,closed,True,False,False
0.82,18,67.915453,500,closed,True,False,False
0.72,23,67.930354,500,closed,True,False,False
0.7,30,67.949635,500,closed,True,False,False
0.46,29,67.96808,500,closed,True,False,False
0.68,32,67.98838,500,closed,True,False,False
0.82,18,67.999819,500,closed,True,False,False
0.68,27,68.016932,500,closed,True,False,False
0.8,20,68.02966,500,closed,True,False,False
0.72,28,68.047366,500,closed,True,False,False
0.76,24,68.062616,500,closed,True,False,False
0.82,18,68.074092,500,closed,True,False,False
0.72,23,68.088732,500,closed,True,False,False
0.58,37,68.112097,500,closed,True,False,False
0.78,22,68.126065,500,closed,True,False,False
0.66,24,68.141314,500,closed,True,False,False
0.68,22,68.155348,500,closed,True,False,False
0.74,26,68.171817,500,closed,True,False,False
0.76,24,68.187055,500,closed,True,False,False
0.76,24,68.202467,500,closed,True,False,False
0.82,18,68.213981,500,closed,True,False,False
0.8,20,68.226794,500,closed,True,False,False
0.74,26,68.243345,500,closed,True,False,False
0.76,24,68.258552,500,closed,True,False,False
0.46,29,68.277007,500,closed,True,False,False
0.38,47,68.306656,500,closed,True,False,False
0.72,28,68.324425,500,closed,True,False,False
0.72,28,68.342181,500,closed,True,False,False
0.76,24,68.35736,500,closed,True,False,False
0.72,23,68.372043,500,closed,True,False,False
0.44,31,68.39185,500,closed,True,False,False
0.74,26,68.408339,500,closed,True,False,False
0.82,18,68.419853,500,closed,True,False,False
0.8,20,68.432613,500,closed,True,False,False
0.72,28,68.450497,500,closed,True,False,False
0.58,22,68.464511,500,closed,True,False,False
0.68,27,68.481648,500,closed,True,False,False
0.72,23,68.496247,500,closed,True,False,False
0.68,32,68.516425,500,closed,True,False,False
0.78,22,68.530424,500,closed,True,False,False
0.66,34,68.551892,500,closed,True,False,False
0.6,30,68.570884,500,closed,True,False,False
0.78,22,68.584951,500,closed,True,False,False
0.8,20,68.598459,500,closed,True,False,False
0.66,29,68.617311,500,closed,True,False,False
0.36,34,68.638973,500,closed,True,False,False
0.82,18,68.650461,500,closed,True,False,False
0.64,36,68.673251,500,closed,True,False,False
0.76,19,68.685323,500,closed,True,False,False
0.76,24,68.700493,500,closed,True,False,False
0.72,28,68.718222,500,closed,True,False,False
0.68,32,68.738307,500,closed,True,False,False
0.8,20,68.75105,500,closed,True,False,False
0.78,22,68.765017,500,closed,True,False,False
0.7,25,68.780864,500,closed,True,False,False
0.64,31,68.80042,500,closed,True,False,False
0.66,34,68.821996,500,closed,True,False,False
0.4,30,68.841023,500,closed,True,False,False
0.78,22,68.854992,500,closed,True,False,False
0.8,20,68.867751,500,closed,True,False,False
0.64,36,68.890438,500,closed,True,False,False
0.48,42,68.917006,500,closed,True,False,False
0.74,26,68.933512,500,closed,True,False,False
0.8,20,68.946375,500,closed,True,False,False
0.74,26,68.962872,500,closed,True,False,False
0.82,18,68.974372,500,closed,True,False,False
0.7,30,68.993355,500,closed,True,False,False
0.66,34,69.181073,500,closed,True,False,False
0.82,18,69.192576,500,closed,True,False,False
0.82,18,69.204098,500,closed,True,False,False
0.76,24,69.219321,500,closed,True,False,False
0.78,22,69.233399,500,closed,True,False,False
0.8,20,69.246127,500,closed,True,False,False
0.78,22,69.26009,500,closed,True,False,False
0.8,20,69.272782,500,closed,True,False,False
0.82,18,69.284227,500,closed,True,False,False
0.72,28,69.301914,500,closed,True,False,False
0.78,22,69.315918,500,closed,True,False,False
0.82,18,69.327401,500,closed,True,False,False
0.78,22,69.34144,500,closed,True,False,False
0.8,20,69.354106,500,closed,True,False,False
0.82,18,69.36561,500,closed,True,False,False
0.76,19,69.37778,500,closed,True,False,False
0.7,30,69.396771,500,closed,True,False,False
0.66,29,69.415745,500,closed,True,False,False
0.82,18,69.427329,500,closed,True,False,False
0.56,44,69.455134,500,closed,True,False,False
0.8,20,69.467817,500,closed,True,False,False
0.72,23,69.482443,500,closed,True,False,False
0.82,18,69.49389,500,closed,True,False,False
0.56,24,69.509103,500,closed,True,False,False
0.72,23,69.523744,500,closed,True,False,False
0.82,18,69.535308,500,closed,True,False,False
0.68,27,69.552517,500,closed,True,False,False
0.8,20,69.565234,500,closed,True,False,False
0.76,24,69.580512,500,closed,True,False,False
0.82,18,69.592562,500,closed,True,False,False
0.6,20,69.605574,500,closed,True,False,False
0.68,27,69.623111,500,closed,True,False,False
0.64,36,69.645961,500,closed,True,False,False
0.72,23,69.660722,500,closed,True,False,False
0.76,24,69.676056,500,closed,True,False,False
0.8,20,69.688867,500,closed,True,False,False
0.66,29,69.707226,500,closed,True,False,False
0.78,22,69.721262,500,closed,True,False,False
0.76,24,69.736512,500,closed,True,False,False
0.76,24,69.751755,500,closed,True,False,False
0.74,26,69.768286,500,closed,True,False,False
0.78,22,69.782286,500,closed,True,False,False
0.72,23,69.79688,500,closed,True,False,False
0.76,24,69.812018,500,closed,True,False,False
0.76,24,69.82719,500,closed,True,False,False
0.74,26,69.84362,500,closed,True,False,False
0.82,18,69.855136,500,closed,True,False,False
0.82,18,69.86657,500,closed,True,False,False
0.82,18,69.878006,500,closed,True,False,False
0.78,22,69.891937,500,closed,True,False,False
0.64,31,69.911568,500,closed,True,False,False
0.68,27,69.928869,500,closed,True,False,False
0.78,22,69.942835,500,closed,True,False,False
0.82,18,69.954282,500,closed,True,False,False
0.7,25,69.970127,500,closed,True,False,False
0.78,22,69.984259,500,closed,True,False,False
0.6,35,70.006298,500,closed,True,False,False
0.82,18,70.017783,500,closed,True,False,False
0.54,21,70.031267,500,closed,True,False,False
0.8,20,70.044034,500,closed,True,False,False
0.66,34,70.065556,500,closed,True,False,False
0.78,22,70.079579,500,closed,True,False,False
0.6,30,70.098706,500,closed,True,False,False
0.78,22,70.112882,500,closed,True,False,False
0.62,18,70.124438,500,closed,True,False,False
0.78,22,70.13845,500,closed,True,False,False
0.8,20,70.151186,500,closed,True,False,False
0.8,20,70.163946,500,closed,True,False,False
0.7,25,70.179882,500,closed,True,False,False
0.76,24,70.195165,500,closed,True,False,False
0.76,24,70.210461,500,closed,True,False,False
0.74,26,70.226928,500,closed,True,False,False
0.62,38,70.250922,500,closed,True,False,False
0.82,18,70.262354,500,closed,True,False,False
0.78,22,70.276301,500,closed,True,False,False
0.8,20,70.28907,500,closed,True,False,False
0.7,25,70.304919,500,closed,True,False,False
0.8,20,70.317722,500,closed,True,False,False
0.78,22,70.331994,500,closed,True,False,False
0.76,24,70.347165,500,closed,True,False,False
0.8,20,70.35992,500,closed,True,False,False
0.82,18,70.371386,500,closed,True,False,False
0.6,30,70.390377,500,closed,True,False,False
0.72,23,70.40491,500,closed,True,False,False
0.8,20,70.417611,500,closed,True,False,False
0.8,20,70.43056,500,closed,True,False,False
0.8,20,70.443381,500,closed,True,False,False
0.8,20,70.45627,500,closed,True,False,False
0.62,38,70.64781,500,closed,True,False,False
0.76,24,70.663164,500,closed,True,False,False
0.82,18,70.674602,500,closed,True,False,False
0.82,18,70.686124,500,closed,True,False,False
0.76,24,70.701305,500,closed,True,False,False
0.82,18,70.712828,500,closed,True,False,False
0.7,30,70.731831,500,closed,True,False,False
0.76,24,70.747044,500,closed,True,False,False
0.74,26,70.763559,500,closed,True,False,False
0.82,18,70.775131,500,closed,True,False,False
0.8,20,70.787858,500,closed,True,False,False
0.82,18,70.799399,500,closed,True,False,False
0.8,20,70.812319,500,closed,True,False,False
0.82,18,70.823969,500,closed,True,False,False
0.8,20,70.836684,500,closed,True,False,False
0.82,18,70.848209,500,closed,True,False,False
0.7,25,70.864046,500,closed,True,False,False
0.82,18,70.875586,500,closed,True,False,False
0.72,28,70.893224,500,closed,True,False,False
0.8,20,70.905986,500,closed,True,False,False
0.8,20,70.918701,500,closed,True,False,False
0.74,26,70.935217,500,closed,True,False,False
0.78,22,70.949103,500,closed,True,False,False
0.74,21,70.962441,500,closed,True,False,False
0.74,26,70.979011,500,closed,True,False,False
0.82,18,70.99047,500,closed,True,False,False
0.62,38,71.014631,500,closed,True,False,False
0.7,30,71.033612,500,closed,True,False,False
0.78,22,71.047693,500,closed,True,False,False
0.76,24,71.063117,500,closed,True,False,False
0.78,22,71.077298,500,closed,True,False,False
0.76,24,71.092542,500,closed,True,False,False
0.72,28,71.110326,500,closed,True,False,False
0.74,21,71.123833,500,closed,True,False,False
0.78,22,71.138073,500,closed,True,False,False
0.74,26,71.154558,500,closed,True,False,False
0.82,18,71.16605,500,closed,True,False,False
0.76,24,71.181269,500,closed,True,False,False
0.82,18,71.192748,500,closed,True,False,False
0.74,26,71.209409,500,closed,True,False,False
0.8,20,71.222311,500,closed,True,False,False
0.8,20,71.23502,500,closed,True,False,False
0.52,23,71.249614,500,closed,True,False,False
0.82,18,71.261089,500,closed,True,False,False
0.82,18,71.272629,500,closed,True,False,False
0.7,25,71.288477,500,closed,True,False,False
0.8,20,71.301183,500,closed,True,False,False
0.52,48,71.331686,500,closed,True,False,False
0.76,24,71.346986,500,closed,True,False,False
0.64,16,71.357314,500,closed,True,False,False
0.8,20,71.37003,500,closed,True,False,False
0.78,22,71.384195,500,closed,True,False,False
0.76,24,71.399488,500,closed,True,False,False
0.74,26,71.415962,500,closed,True,False,False
0.74,26,71.432608,500,closed,True,False,False
0.78,22,71.446702,500,closed,True,False,False
0.74,26,71.463305,500,closed,True,False,False
0.82,18,71.474813,500,closed,True,False,False
0.82,18,71.48631,500,closed,True,False,False
0.74,26,71.502796,500,closed,True,False,False
0.8,20,71.515555,500,closed,True,False,False
0.8,20,71.52841,500,closed,True,False,False
0.72,23,71.543006,500,closed,True,False,False
0.64,36,71.565712,500,closed,True,False,False
0.78,22,71.579654,500,closed,True,False,False
0.82,18,71.591161,500,closed,True,False,False
0.76,19,71.603978,500,closed,True,False,False
0.82,18,71.615898,500,closed,True,False,False
0.7,30,71.635052,500,closed,True,False,False
0.82,18,71.646907,500,closed,True,False,False
0.8,20,71.659721,500,closed,True,False,False
0.74,26,71.676225,500,closed,True,False,False
0.8,20,71.689154,500,closed,True,False,False
0.74,26,71.705813,500,closed,True,False,False
0.82,18,71.717391,500,closed,True,False,False
0.74,26,71.733931,500,closed,True,False,False
0.78,22,71.74789,500,closed,True,False,False
0.76,19,71.760056,500,closed,True,False,False
0.72,23,71.774635,500,closed,True,False,False
0.7,30,71.793666,500,closed,True,False,False
0.68,27,71.810749,500,closed,True,False,False
0.82,18,71.822239,500,closed,True,False,False
0.54,41,71.848348,500,closed,True,False,False
0.7,30,71.867331,500,closed,True,False,False
0.76,24,71.882718,500,closed,True,False,False
0.78,22,71.896781,500,closed,True,False,False
0.8,20,71.909502,500,closed,True,False,False
0.66,29,71.927828,500,closed,True,False,False
0.8,20,71.940579,500,closed,True,False,False
0.72,28,72.133187,500,closed,True,False,False
0.64,31,72.152824,500,closed,True,False,False
0.8,20,72.165677,500,closed,True,False,False
0.82,18,72.177304,500,closed,True,False,False
0.82,18,72.188846,500,closed,True,False,False
0.82,18,72.200405,500,closed,True,False,False
0.72,28,72.218164,500,closed,True,False,False
0.76,24,72.233465,500,closed,True,False,False
0.78,22,72.247509,500,closed,True,False,False
0.7,25,72.263402,500,closed,True,False,False
0.78,22,72.277365,500,closed,True,False,False
0.74,26,72.293868,500,closed,True,False,False
0.82,18,72.305344,500,closed,True,False,False
0.78,22,72.319328,500,closed,True,False,False
0.72,28,72.337102,500,closed,True,False,False
0.8,20,72.349931,500,closed,True,False,False
0.68,27,72.367049,500,closed,True,False,False
0.82,18,72.378586,500,closed,True,False,False
0.78,22,72.392633,500,closed,True,False,False
0.82,18,72.404087,500,closed,True,False,False
0.78,22,72.418133,500,closed,True,False,False
0.82,18,72.42964,500,closed,True,False,False
0.8,20,72.442338,500,closed,True,False,False
0.82,18,72.453858,500,closed,True,False,False
0.76,24,72.469172,500,closed,True,False,False
0.8,20,72.481967,500,closed,True,False,False
0.72,28,72.499724,500,closed,True,False,False
0.68,32,72.519963,500,closed,True,False,False
0.72,28,72.537725,500,closed,True,False,False
0.8,20,72.550523,500,closed,True,False,False
0.7,25,72.566463,500,closed,True,False,False
0.82,18,72.578005,500,closed,True,False,False
0.82,18,72.589607,500,closed,True,False,False
0.76,24,72.605607,500,closed,True,False,False
0.76,24,72.621201,500,closed,True,False,False
0.82,18,72.632715,500,closed,True,False,False
0.76,19,72.644851,500,closed,True,False,False
0.78,22,72.658847,500,closed,True,False,False
0.82,18,72.670342,500,closed,True,False,False
0.82,18,72.681877,500,closed,True,False,False
0.7,30,72.700843,500,closed,True,False,False
0.6,20,72.713691,500,closed,True,False,False
0.8,20,72.726455,500,closed,True,False,False
0.8,20,72.739205,500,closed,True,False,False
0.82,18,72.750727,500,closed,True,False,False
0.72,28,72.768477,500,closed,True,False,False
0.78,22,72.782465,500,closed,True,False,False
0.82,18,72.79397,500,closed,True,False,False
0.62,33,72.814948,500,closed,True,False,False
0.78,22,72.828894,500,closed,True,False,False
0.7,30,72.84784,500,closed,True,False,False
0.8,20,72.860641,500,closed,True,False,False
0.8,20,72.873404,500,closed,True,False,False
0.46,54,72.9074,500,closed,True,False,False
0.72,23,72.922041,500,closed,True,False,False
0.78,22,72.936034,500,closed,True,False,False
0.82,18,72.947557,500,closed,True,False,False
0.66,29,72.965961,500,closed,True,False,False
0.8,20,72.978721,500,closed,True,False,False
0.82,18,72.990219,500,closed,True,False,False
0.72,28,73.008073,500,closed,True,False,False
0.82,18,73.019694,500,closed,True,False,False
0.74,26,73.036355,500,closed,True,False,False
0.82,18,73.047896,500,closed,True,False,False
0.78,22,73.061914,500,closed,True,False,False
0.8,20,73.074693,500,closed,True,False,False
0.76,24,73.089991,500,closed,True,False,False
0.82,18,73.101465,500,closed,True,False,False
0.82,18,73.113014,500,closed,True,False,False
0.8,20,73.125846,500,closed,True,False,False
0.64,31,73.145499,500,closed,True,False,False
0.72,23,73.1602,500,closed,True,False,False
0.8,20,73.17297,500,closed,True,False,False
0.8,20,73.185743,500,closed,True,False,False
0.82,18,73.197227,500,closed,True,False,False
0.78,22,73.216052,500,closed,True,False,False
0.76,24,73.231391,500,closed,True,False,False
0.78,22,73.245443,500,closed,True,False,False
0.36,39,73.27026,500,closed,True,False,False
0.8,20,73.283026,500,closed,True,False,False
0.8,20,73.295815,500,closed,True,False,False
0.82,18,73.307371,500,closed,True,False,False
0.76,24,73.322596,500,closed,True,False,False
0.74,26,73.339168,500,closed,True,False,False
0.7,25,73.355067,500,closed,True,False,False
0.8,20,73.367943,500,closed,True,False,False
0.76,24,73.383295,500,closed,True,False,False
0.82,18,73.394786,500,closed,True,False,False
0.8,20,73.407554,500,closed,True,False,False
0.78,22,73.421755,500,closed,True,False,False
0.82,18,73.609735,500,closed,True,False,False
0.82,18,73.621404,500,closed,True,False,False
0.82,18,73.632888,500,closed,True,False,False
0.76,24,73.648175,500,closed,True,False,False
0.74,21,73.661542,500,closed,True,False,False
0.64,16,73.671848,500,closed,True,False,False
0.82,18,73.6833,500,closed,True,False,False
0.78,22,73.697336,500,closed,True,False,False
0.8,20,73.710072,500,closed,True,False,False
0.78,22,73.724068,500,closed,True,False,False
0.82,18,73.735516,500,closed,True,False,False
0.78,22,73.749486,500,closed,True,False,False
0.7,30,73.768486,500,closed,True,False,False
0.82,18,73.779945,500,closed,True,False,False
0.82,18,73.791411,500,closed,True,False,False
0.82,18,73.802907,500,closed,True,False,False
0.76,24,73.818149,500,closed,True,False,False
0.78,22,73.832174,500,closed,True,False,False
0.78,22,73.846174,500,closed,True,False,False
0.78,22,73.860089,500,closed,True,False,False
0.8,20,73.872742,500,closed,True,False,False
0.8,20,73.885443,500,closed,True,False,False
0.78,22,73.899444,500,closed,True,False,False
0.76,19,73.911482,500,closed,True,False,False
0.8,20,73.924251,500,closed,True,False,False
0.7,25,73.940075,500,closed,True,False,False
0.8,20,73.95277,500,closed,True,False,False
0.66,29,73.97108,500,closed,True,False,False
0.78,22,73.985039,500,closed,True,False,False
0.82,18,73.996478,500,closed,True,False,False
0.66,29,74.014844,500,closed,True,False,False
0.78,22,74.029018,500,closed,True,False,False
0.82,18,74.040558,500,closed,True,False,False
0.78,22,74.054516,500,closed,True,False,False
0.8,20,74.067222,500,closed,True,False,False
0.78,22,74.081242,500,closed,True,False,False
0.74,26,74.09775,500,closed,True,False,False
0.8,20,74.110444,500,closed,True,False,False
0.82,18,74.121898,500,closed,True,False,False
0.82,18,74.133374,500,closed,True,False,False
0.82,18,74.144897,500,closed,True,False,False
0.8,20,74.157636,500,closed,True,False,False
0.72,28,74.175293,500,closed,True,False,False
0.82,18,74.186743,500,closed,True,False,False
0.8,20,74.199471,500,closed,True,False,False
0.78,22,74.213451,500,closed,True,False,False
0.68,27,74.230613,500,closed,True,False,False
0.74,21,74.243935,500,closed,True,False,False
0.82,18,74.255371,500,closed,True,False,False
0.78,22,74.269267,500,closed,True,False,False
0.82,18,74.280649,500,closed,True,False,False
0.82,18,74.29217,500,closed,True,False,False
0.8,20,74.304875,500,closed,True,False,False
0.82,18,74.316406,500,closed,True,False,False
0.76,19,74.328472,500,closed,True,False,False
0.8,20,74.341212,500,closed,True,False,False
0.82,18,74.352707,500,closed,True,False,False
0.78,22,74.366659,500,closed,True,False,False
0.78,22,74.380622,500,closed,True,False,False
0.82,18,74.392065,500,closed,True,False,False
0.62,33,74.41295,500,closed,True,False,False
0.82,18,74.424407,500,closed,True,False,False
0.82,18,74.435849,500,closed,True,False,False
0.8,20,74.448571,500,closed,True,False,False
0.82,18,74.460166,500,closed,True,False,False
0.8,20,74.47284,500,closed,True,False,False
0.82,18,74.484287,500,closed,True,False,False
0.82,18,74.495725,500,closed,True,False,False
0.8,20,74.508443,500,closed,True,False,False
0.76,24,74.523621,500,closed,True,False,False
0.82,18,74.535139,500,closed,True,False,False
0.82,18,74.546617,500,closed,True,False,False
0.76,24,74.561927,500,closed,True,False,False
0.82,18,74.573419,500,closed,True,False,False
0.82,18,74.584935,500,closed,True,False,False
0.74,26,74.602376,500,closed,True,False,False
0.7,30,74.621849,500,closed,True,False,False
0.82,18,74.63341,500,closed,True,False,False
0.82,18,74.64492,500,closed,True,False,False
0.8,20,74.657751,500,closed,True,False,False
0.78,22,74.671742,500,closed,True,False,False
0.82,18,74.683265,500,closed,True,False,False
0.76,24,74.69861,500,closed,True,False,False
0.66,29,74.716974,500,closed,True,False,False
0.78,22,74.731008,500,closed,True,False,False
0.82,18,74.742528,500,closed,True,False,False
0.76,19,74.754674,500,closed,True,False,False
0.7,25,74.770559,500,closed,True,False,False
0.82,18,74.782059,500,closed,True,False,False
0.78,22,74.796054,500,closed,True,False,False
0.8,20,74.808832,500,closed,True,False,False
0.78,22,74.822869,500,closed,True,False,False
0.8,20,74.835595,500,closed,True,False,False
0.82,18,74.84706,500,closed,True,False,False
0.78,22,74.861108,500,closed,True,False,False
0.78,22,74.875098,500,closed,True,False,False
0.74,26,74.891637,500,closed,True,False,False
0.82,18,74.903144,500,closed,True,False,False
0.72,28,75.09406,500,closed,True,False,False
0.82,18,75.105577,500,closed,True,False,False
0.78,22,75.119664,500,closed,True,False,False
0.78,22,75.133612,500,closed,True,False,False
0.82,18,75.145044,500,closed,True,False,False
0.82,18,75.156471,500,closed,True,False,False
0.76,24,75.17169,500,closed,True,False,False
0.82,18,75.183086,500,closed,True,False,False
0.72,28,75.200712,500,closed,True,False,False
0.82,18,75.212168,500,closed,True,False,False
0.78,22,75.226179,500,closed,True,False,False
0.66,24,75.241305,500,closed,True,False,False
0.8,20,75.254015,500,closed,True,False,False
0.74,26,75.270435,500,closed,True,False,False
0.82,18,75.281972,500,closed,True,False,False
0.82,18,75.293405,500,closed,True,False,False
0.76,24,75.308515,500,closed,True,False,False
0.82,18,75.320064,500,closed,True,False,False
0.78,22,75.334008,500,closed,True,False,False
0.8,20,75.346663,500,closed,True,False,False
0.82,18,75.3581,500,closed,True,False,False
0.82,18,75.369524,500,closed,True,False,False
0.82,18,75.380965,500,closed,True,False,False
0.78,22,75.3949,500,closed,True,False,False
0.78,22,75.408777,500,closed,True,False,False
0.8,20,75.421538,500,closed,True,False,False
0.8,20,75.434203,500,closed,True,False,False
0.78,22,75.448178,500,closed,True,False,False
0.8,20,75.460932,500,closed,True,False,False
0.56,44,75.48862,500,closed,True,False,False
0.82,18,75.500026,500,closed,True,False,False
0.66,34,75.521356,500,closed,True,False,False
0.78,22,75.535267,500,closed,True,False,False
0.8,20,75.547944,500,closed,True,False,False
0.7,30,75.566861,500,closed,True,False,False
0.82,18,75.578423,500,closed,True,False,False
0.8,20,75.591284,500,closed,True,False,False
0.72,28,75.61002,500,closed,True,False,False
0.82,18,75.621488,500,closed,True,False,False
0.78,22,75.635484,500,closed,True,False,False
0.82,18,75.646928,500,closed,True,False,False
0.8,20,75.659632,500,closed,True,False,False
0.8,20,75.672273,500,closed,True,False,False
0.8,20,75.685093,500,closed,True,False,False
0.68,32,75.705285,500,closed,True,False,False
0.7,25,75.721122,500,closed,True,False,False
0.8,20,75.733788,500,closed,True,False,False
0.82,18,75.745215,500,closed,True,False,False
0.82,18,75.756657,500,closed,True,False,False
0.8,20,75.769341,500,closed,True,False,False
0.82,18,75.780722,500,closed,True,False,False
0.76,24,75.795906,500,closed,True,False,False
0.82,18,75.807403,500,closed,True,False,False
0.82,18,75.818893,500,closed,True,False,False
0.8,20,75.831664,500,closed,True,False,False
0.72,23,75.846235,500,closed,True,False,False
0.72,28,75.863946,500,closed,True,False,False
0.8,20,75.876567,500,closed,True,False,False
0.76,24,75.891731,500,closed,True,False,False
0.8,20,75.904417,500,closed,True,False,False
0.82,18,75.915871,500,closed,True,False,False
0.78,22,75.929807,500,closed,True,False,False
0.8,20,75.942465,500,closed,True,False,False
0.78,22,75.956339,500,closed,True,False,False
0.82,18,75.967729,500,closed,True,False,False
0.8,20,75.980417,500,closed,True,False,False
0.82,18,75.991838,500,closed,True,False,False
0.82,18,76.003299,500,closed,True,False,False
0.78,22,76.017226,500,closed,True,False,False
0.82,18,76.028728,500,closed,True,False,False
0.72,28,76.046487,500,closed,True,False,False
0.82,18,76.058066,500,closed,True,False,False
0.8,20,76.070946,500,closed,True,False,False
0.74,21,76.084314,500,closed,True,False,False
0.76,24,76.099598,500,closed,True,False,False
0.76,19,76.111693,500,closed,True,False,False
0.8,20,76.124499,500,closed,True,False,False
0.82,18,76.136119,500,closed,True,False,False
0.78,22,76.150221,500,closed,True,False,False
0.8,20,76.162994,500,closed,True,False,False
0.76,24,76.178145,500,closed,True,False,False
0.82,18,76.189645,500,closed,True,False,False
0.74,21,76.203045,500,closed,True,False,False
0.8,20,76.215881,500,closed,True,False,False
0.74,26,76.232337,500,closed,True,False,False
0.8,20,76.24508,500,closed,True,False,False
0.8,20,76.257818,500,closed,True,False,False
0.82,18,76.269315,500,closed,True,False,False
0.82,18,76.280822,500,closed,True,False,False
0.62,38,76.30489,500,closed,True,False,False
0.76,24,76.320178,500,closed,True,False,False
0.68,27,76.337345,500,closed,True,False,False
0.78,22,76.35139,500,closed,True,False,False
0.82,18,76.362904,500,closed,True,False,False
0.8,20,76.375735,500,closed,True,False,False
0.82,18,76.566504,500,closed,True,False,False
0.82,18,76.578094,500,closed,True,False,False
0.82,18,76.589569,500,closed,True,False,False
0.82,18,76.601704,500,closed,True,False,False
0.76,19,76.61418,500,closed,True,False,False
0.82,18,76.625714,500,closed,True,False,False
0.82,18,76.637134,500,closed,True,False,False
0.82,18,76.648569,500,closed,True,False,False
0.82,18,76.660025,500,closed,True,False,False
0.82,18,76.671432,500,closed,True,False,False
0.82,18,76.682874,500,closed,True,False,False
0.8,20,76.695575,500,closed,True,False,False
0.82,18,76.707086,500,closed,True,False,False
0.66,34,76.728463,500,closed,True,False,False
0.82,18,76.739952,500,closed,True,False,False
0.78,22,76.753914,500,closed,True,False,False
0.78,22,76.767833,500,closed,True,False,False
0.82,18,76.779277,500,closed,True,False,False
0.8,20,76.79201,500,closed,True,False,False
0.34,46,76.820955,500,closed,True,False,False
0.78,22,76.834905,500,closed,True,False,False
0.82,18,76.846354,500,closed,True,False,False
0.82,18,76.857724,500,closed,True,False,False
0.82,18,76.869169,500,closed,True,False,False
0.7,25,76.88501,500,closed,True,False,False
0.8,20,76.897679,500,closed,True,False,False
0.76,24,76.912865,500,closed,True,False,False
0.72,23,76.927417,500,closed,True,False,False
0.8,20,76.940404,500,closed,True,False,False
0.82,18,76.952699,500,closed,True,False,False
0.74,26,76.96921,500,closed,True,False,False
0.74,26,76.985756,500,closed,True,False,False
0.76,19,76.997852,500,closed,True,False,False
0.74,26,77.014283,500,closed,True,False,False
0.8,20,77.02701,500,closed,True,False,False
0.74,26,77.043527,500,closed,True,False,False
0.82,18,77.055085,500,closed,True,False,False
0.82,18,77.06656,500,closed,True,False,False
0.82,18,77.077998,500,closed,True,False,False
0.82,18,77.089716,500,closed,True,False,False
0.82,18,77.101278,500,closed,True,False,False
0.72,23,77.115901,500,closed,True,False,False
0.82,18,77.127359,500,closed,True,False,False
0.82,18,77.138834,500,closed,True,False,False
0.82,18,77.150273,500,closed,True,False,False
0.82,18,77.161804,500,closed,True,False,False
0.8,20,77.17448,500,closed,True,False,False
0.8,20,77.187171,500,closed,True,False,False
0.8,20,77.199929,500,closed,True,False,False
0.82,18,77.21142,500,closed,True,False,False
0.8,20,77.224131,500,closed,True,False,False
0.82,18,77.235566,500,closed,True,False,False
0.82,18,77.247053,500,closed,True,False,False
0.76,19,77.259127,500,closed,True,False,False
0.82,18,77.270574,500,closed,True,False,False
0.8,20,77.283308,500,closed,True,False,False
0.82,18,77.294785,500,closed,True,False,False
0.82,18,77.306237,500,closed,True,False,False
0.74,26,77.322636,500,closed,True,False,False
0.82,18,77.334111,500,closed,True,False,False
0.8,20,77.346843,500,closed,True,False,False
0.82,18,77.358245,500,closed,True,False,False
0.78,22,77.372169,500,closed,True,False,False
0.66,29,77.390514,500,closed,True,False,False
0.8,20,77.403229,500,closed,True,False,False
0.82,18,77.414737,500,closed,True,False,False
0.82,18,77.426342,500,closed,True,False,False
0.8,20,77.439182,500,closed,True,False,False
0.64,26,77.455668,500,closed,True,False,False
0.82,18,77.467216,500,closed,True,False,False
0.78,22,77.48116,500,closed,True,False,False
0.76,24,77.496367,500,closed,True,False,False
0.82,18,77.507891,500,closed,True,False,False
0.8,20,77.520599,500,closed,True,False,False
0.82,18,77.532082,500,closed,True,False,False
0.82,18,77.543483,500,closed,True,False,False
0.78,22,77.557507,500,closed,True,False,False
0.82,18,77.569052,500,closed,True,False,False
0.8,20,77.581749,500,closed,True,False,False
0.82,18,77.593235,500,closed,True,False,False
0.52,28,77.611688,500,closed,True,False,False
0.82,18,77.623176,500,closed,True,False,False
0.82,18,77.634621,500,closed,True,False,False
0.8,20,77.647383,500,closed,True,False,False
0.82,18,77.658823,500,closed,True,False,False
0.8,20,77.671527,500,closed,True,False,False
0.5,30,77.690638,500,closed,True,False,False
0.82,18,77.702089,500,closed,True,False,False
0.78,22,77.716079,500,closed,True,False,False
0.82,18,77.727638,500,closed,True,False,False
0.76,24,77.742893,500,closed,True,False,False
0.82,18,77.754314,500,closed,True,False,False
0.82,18,77.765816,500,closed,True,False,False
0.8,20,77.778536,500,closed,True,False,False
0.82,18,77.790002,500,closed,True,False,False
0.76,24,77.805215,500,closed,True,False,False
0.82,18,77.81671,500,closed,True,False,False
0.8,20,77.829462,500,closed,True,False,False
0.74,26,77.845882,500,closed,True,False,False
0.82,18,77.857398,500,closed,True,False,False
0.82,18,77.868793,500,closed,True,False,False
0.82,18,78.048506,500,closed,True,False,False
0.82,18,78.06004,500,closed,True,False,False
0.82,18,78.071524,500,closed,True,False,False
0.82,18,78.082994,500,closed,True,False,False
0.82,18,78.094495,500,closed,True,False,False
0.82,18,78.106046,500,closed,True,False,False
0.8,20,78.118783,500,closed,True,False,False
0.8,20,78.13148,500,closed,True,False,False
0.72,28,78.149251,500,closed,True,False,False
0.82,18,78.160741,500,closed,True,False,False
0.78,22,78.174715,500,closed,True,False,False
0.82,18,78.186158,500,closed,True,False,False
0.82,18,78.197639,500,closed,True,False,False
0.82,18,78.20906,500,closed,True,False,False
0.82,18,78.220687,500,closed,True,False,False
0.82,18,78.232141,500,closed,True,False,False
0.82,18,78.243733,500,closed,True,False,False
0.76,24,78.258944,500,closed,True,False,False
0.82,18,78.270413,500,closed,True,False,False
0.8,20,78.283255,500,closed,True,False,False
0.82,18,78.294703,500,closed,True,False,False
0.8,20,78.307422,500,closed,True,False,False
0.78,22,78.321328,500,closed,True,False,False
0.82,18,78.332754,500,closed,True,False,False
0.82,18,78.344218,500,closed,True,False,False
0.78,22,78.358193,500,closed,True,False,False
0.82,18,78.369698,500,closed,True,False,False
0.76,24,78.384854,500,closed,True,False,False
0.82,18,78.396325,500,closed,True,False,False
0.8,20,78.408988,500,closed,True,False,False
0.82,18,78.420444,500,closed,True,False,False
0.82,18,78.431974,500,closed,True,False,False
0.8,20,78.444834,500,closed,True,False,False
0.82,18,78.456303,500,closed,True,False,False
0.8,20,78.468963,500,closed,True,False,False
0.82,18,78.480473,500,closed,True,False,False
0.8,20,78.493217,500,closed,True,False,False
0.82,18,78.504676,500,closed,True,False,False
0.82,18,78.516115,500,closed,True,False,False
0.8,20,78.528891,500,closed,True,False,False
0.82,18,78.540343,500,closed,True,False,False
0.82,18,78.551816,500,closed,True,False,False
0.82,18,78.563278,500,closed,True,False,False
0.82,18,78.574859,500,closed,True,False,False
0.76,19,78.586915,500,closed,True,False,False
0.82,18,78.598869,500,closed,True,False,False
0.82,18,78.610718,500,closed,True,False,False
0.82,18,78.6222,500,closed,True,False,False
0.82,18,78.63376,500,closed,True,False,False
0.82,18,78.645198,500,closed,True,False,False
0.82,18,78.656638,500,closed,True,False,False
0.82,18,78.668145,500,closed,True,False,False
0.78,22,78.682128,500,closed,True,False,False
0.8,20,78.694851,500,closed,True,False,False
0.82,18,78.706332,500,closed,True,False,False
0.78,22,78.720303,500,closed,True,False,False
0.78,22,78.7342,500,closed,True,False,False
0.8,20,78.746884,500,closed,True,False,False
0.82,18,78.758363,500,closed,True,False,False
0.82,18,78.769838,500,closed,True,False,False
0.82,18,78.78136,500,closed,True,False,False
0.78,22,78.795315,500,closed,True,False,False
0.8,20,78.807962,500,closed,True,False,False
0.82,18,78.819409,500,closed,True,False,False
0.82,18,78.830917,500,closed,True,False,False
0.82,18,78.84238,500,closed,True,False,False
0.82,18,78.853848,500,closed,True,False,False
0.82,18,78.865319,500,closed,True,False,False
0.82,18,78.876817,500,closed,True,False,False
0.82,18,78.888242,500,closed,True,False,False
0.82,18,78.899771,500,closed,True,False,False
0.82,18,78.911256,500,closed,True,False,False
0.82,18,78.922709,500,closed,True,False,False
0.82,18,78.934096,500,closed,True,False,False
0.82,18,78.945584,500,closed,True,False,False
0.8,20,78.958298,500,closed,True,False,False
0.8,20,78.970988,500,closed,True,False,False
0.76,24,78.986191,500,closed,True,False,False
0.82,18,78.997654,500,closed,True,False,False
0.82,18,79.009135,500,closed,True,False,False
0.8,20,79.021856,500,closed,True,False,False
0.8,20,79.03456,500,closed,True,False,False
0.82,18,79.046018,500,closed,True,False,False
0.8,20,79.058715,500,closed,True,False,False
0.82,18,79.070234,500,closed,True,False,False
0.82,18,79.081719,500,closed,True,False,False
0.78,22,79.095717,500,closed,True,False,False
0.82,18,79.107291,500,closed,True,False,False
0.82,18,79.11881,500,closed,True,False,False
0.82,18,79.130442,500,closed,True,False,False
0.8,20,79.143203,500,closed,True,False,False
0.8,20,79.155925,500,closed,True,False,False
0.82,18,79.167411,500,closed,True,False,False
0.82,18,79.178911,500,closed,True,False,False
0.82,18,79.190386,500,closed,True,False,False
0.82,18,79.201899,500,closed,True,False,False
0.82,18,79.213442,500,closed,True,False,False
0.78,22,79.227572,500,closed,True,False,False
0.82,18,79.239075,500,closed,True,False,False
0.82,18,79.250523,500,closed,True,False,False
0.82,18,79.261966,500,closed,True,False,False
0.82,18,79.273482,500,closed,True,False,False
0.82,18,79.285024,500,closed,True,False,False
0.82,18,79.296534,500,closed,True,False,False
0.82,18,79.308047,500,closed,True,False,False
0.8,20,79.320849,500,closed,True,False,False
0.82,18,79.33242,500,closed,True,False,False
0.82,18,79.343907,500,closed,True,False,False
0.82,18,79.522297,500,closed,True,False,False
0.82,18,79.533832,500,closed,True,False,False
0.82,18,79.54532,500,closed,True,False,False
0.72,23,79.559958,500,closed,True,False,False
0.82,18,79.571415,500,closed,True,False,False
0.8,20,79.584219,500,closed,True,False,False
0.82,18,79.596349,500,closed,True,False,False
0.82,18,79.608349,500,closed,True,False,False
0.82,18,79.619906,500,closed,True,False,False
0.82,18,79.631426,500,closed,True,False,False
0.66,24,79.646656,500,closed,True,False,False
0.82,18,79.658233,500,closed,True,False,False
0.8,20,79.670968,500,closed,True,False,False
0.68,27,79.688131,500,closed,True,False,False
0.82,18,79.69962,500,closed,True,False,False
0.82,18,79.711127,500,closed,True,False,False
0.82,18,79.72263,500,closed,True,False,False
0.82,18,79.734091,500,closed,True,False,False
0.8,20,79.746866,500,closed,True,False,False
0.82,18,79.758451,500,closed,True,False,False
0.78,22,79.772439,500,closed,True,False,False
0.82,18,79.783911,500,closed,True,False,False
0.82,18,79.795424,500,closed,True,False,False
0.82,18,79.806903,500,closed,True,False,False
0.8,20,79.819613,500,closed,True,False,False
0.82,18,79.831183,500,closed,True,False,False
0.82,18,79.842701,500,closed,True,False,False
0.8,20,79.855471,500,closed,True,False,False
0.8,20,79.868202,500,closed,True,False,False
0.82,18,79.87972,500,closed,True,False,False
0.82,18,79.891238,500,closed,True,False,False
0.82,18,79.902723,500,closed,True,False,False
0.8,20,79.915421,500,closed,True,False,False
0.52,33,79.936227,500,closed,True,False,False
0.82,18,79.947711,500,closed,True,False,False
0.82,18,79.95925,500,closed,True,False,False
0.82,18,79.970773,500,closed,True,False,False
0.78,22,79.984755,500,closed,True,False,False
0.82,18,79.996271,500,closed,True,False,False
0.8,20,80.008979,500,closed,True,False,False
0.82,18,80.020555,500,closed,True,False,False
0.82,18,80.032144,500,closed,True,False,False
0.82,18,80.043606,500,closed,True,False,False
0.8,20,80.056362,500,closed,True,False,False
0.82,18,80.067875,500,closed,True,False,False
0.82,18,80.079389,500,closed,True,False,False
0.82,18,80.090856,500,closed,True,False,False
0.82,18,80.102383,500,closed,True,False,False
0.82,18,80.113981,500,closed,True,False,False
0.82,18,80.125596,500,closed,True,False,False
0.82,18,80.137184,500,closed,True,False,False
0.8,20,80.150032,500,closed,True,False,False
0.82,18,80.161558,500,closed,True,False,False
0.82,18,80.173104,500,closed,True,False,False
0.82,18,80.184578,500,closed,True,False,False
0.82,18,80.196025,500,closed,True,False,False
0.76,19,80.208187,500,closed,True,False,False
0.82,18,80.219761,500,closed,True,False,False
0.8,20,80.232495,500,closed,True,False,False
0.8,20,80.245253,500,closed,True,False,False
0.82,18,80.256732,500,closed,True,False,False
0.82,18,80.268288,500,closed,True,False,False
0.82,18,80.279781,500,closed,True,False,False
0.82,18,80.291247,500,closed,True,False,False
0.82,18,80.302754,500,closed,True,False,False
0.82,18,80.314204,500,closed,True,False,False
0.8,20,80.326989,500,closed,True,False,False
0.82,18,80.338469,500,closed,True,False,False
0.82,18,80.349973,500,closed,True,False,False
0.82,18,80.36145,500,closed,True,False,False
0.82,18,80.372927,500,closed,True,False,False
0.8,20,80.385664,500,closed,True,False,False
0.82,18,80.397163,500,closed,True,False,False
0.82,18,80.408615,500,closed,True,False,False
0.82,18,80.420112,500,closed,True,False,False
0.8,20,80.4329,500,closed,True,False,False
0.82,18,80.444443,500,closed,True,False,False
0.82,18,80.456001,500,closed,True,False,False
0.62,28,80.473808,500,closed,True,False,False
0.82,18,80.485376,500,closed,True,False,False
0.8,20,80.498107,500,closed,True,False,False
0.8,20,80.51082,500,closed,True,False,False
0.82,18,80.522388,500,closed,True,False,False
0.82,18,80.533934,500,closed,True,False,False
0.8,20,80.546747,500,closed,True,False,False
0.8,20,80.559472,500,closed,True,False,False
0.82,18,80.570979,500,closed,True,False,False
0.76,19,80.58309,500,closed,True,False,False
0.8,20,80.596303,500,closed,True,False,False
0.82,18,80.608171,500,closed,True,False,False
0.82,18,80.619709,500,closed,True,False,False
0.72,23,80.634312,500,closed,True,False,False
0.82,18,80.645772,500,closed,True,False,False
0.82,18,80.6573,500,closed,True,False,False
0.72,23,80.671949,500,closed,True,False,False
0.82,18,80.683403,500,closed,True,False,False
0.82,18,80.694865,500,closed,True,False,False
0.8,20,80.707582,500,closed,True,False,False
0.82,18,80.719056,500,closed,True,False,False
0.82,18,80.730538,500,closed,True,False,False
0.82,18,80.742023,500,closed,True,False,False
0.82,18,80.753542,500,closed,True,False,False
0.8,20,80.766266,500,closed,True,False,False
0.82,18,80.777774,500,closed,True,False,False
0.82,18,80.789327,500,closed,True,False,False
0.8,20,80.802001,500,closed,True,False,False
0.82,18,80.813528,500,closed,True,False,False
0.82,18,80.991169,500,closed,True,False,False
0.82,18,81.002718,500,closed,True,False,False
0.82,18,81.014215,500,closed,True,False,False
0.8,20,81.026935,500,closed,True,False,False
0.82,18,81.038374,500,closed,True,False,False
0.82,18,81.049844,500,closed,True,False,False
0.8,20,81.062619,500,closed,True,False,False
0.78,22,81.076607,500,closed,True,False,False
0.74,26,81.093081,500,closed,True,False,False
0.82,18,81.104591,500,closed,True,False,False
0.82,18,81.116216,500,closed,True,False,False
0.82,18,81.127774,500,closed,True,False,False
0.82,18,81.139319,500,closed,True,False,False
0.78,22,81.153351,500,closed,True,False,False
0.82,18,81.164946,500,closed,True,False,False
0.82,18,81.176456,500,closed,True,False,False
0.82,18,81.187969,500,closed,True,False,False
0.82,18,81.199394,500,closed,True,False,False
0.82,18,81.210939,500,closed,True,False,False
0.8,20,81.223858,500,closed,True,False,False
0.78,22,81.237903,500,closed,True,False,False
0.82,18,81.249408,500,closed,True,False,False
0.82,18,81.26086,500,closed,True,False,False
0.82,18,81.272388,500,closed,True,False,False
0.82,18,81.283892,500,closed,True,False,False
0.82,18,81.295407,500,closed,True,False,False
0.82,18,81.306951,500,closed,True,False,False
0.82,18,81.318449,500,closed,True,False,False
0.82,18,81.329978,500,closed,True,False,False
0.82,18,81.341469,500,closed,True,False,False
0.82,18,81.352939,500,closed,True,False,False
0.82,18,81.364478,500,closed,True,False,False
0.82,18,81.376029,500,closed,True,False,False
0.82,18,81.387516,500,closed,True,False,False
0.82,18,81.399028,500,closed,True,False,False
0.82,18,81.410464,500,closed,True,False,False
0.8,20,81.42322,500,closed,True,False,False
0.82,18,81.434701,500,closed,True,False,False
0.82,18,81.446158,500,closed,True,False,False
0.82,18,81.457664,500,closed,True,False,False
0.8,20,81.470498,500,closed,True,False,False
0.8,20,81.483485,500,closed,True,False,False
0.82,18,81.494992,500,closed,True,False,False
0.82,18,81.506492,500,closed,True,False,False
0.82,18,81.517939,500,closed,True,False,False
0.82,18,81.529439,500,closed,True,False,False
0.82,18,81.54095,500,closed,True,False,False
0.82,18,81.55241,500,closed,True,False,False
0.82,18,81.563974,500,closed,True,False,False
0.8,20,81.576694,500,closed,True,False,False
0.8,20,81.589449,500,closed,True,False,False
0.82,18,81.601679,500,closed,True,False,False
0.82,18,81.613422,500,closed,True,False,False
0.8,20,81.626239,500,closed,True,False,False
0.78,22,81.640388,500,closed,True,False,False
0.72,28,81.658147,500,closed,True,False,False
0.82,18,81.669678,500,closed,True,False,False
0.82,18,81.681179,500,closed,True,False,False
0.82,18,81.692763,500,closed,True,False,False
0.82,18,81.704308,500,closed,True,False,False
0.82,18,81.715806,500,closed,True,False,False
0.82,18,81.727324,500,closed,True,False,False
0.82,18,81.7389,500,closed,True,False,False
0.82,18,81.750354,500,closed,True,False,False
0.78,22,81.764323,500,closed,True,False,False
0.82,18,81.775872,500,closed,True,False,False
0.8,20,81.788608,500,closed,True,False,False
0.82,18,81.800065,500,closed,True,False,False
0.82,18,81.811572,500,closed,True,False,False
0.82,18,81.823097,500,closed,True,False,False
0.82,18,81.834584,500,closed,True,False,False
0.82,18,81.846055,500,closed,True,False,False
0.82,18,81.857524,500,closed,True,False,False
0.8,20,81.870349,500,closed,True,False,False
0.82,18,81.881955,500,closed,True,False,False
0.7,20,81.894728,500,closed,True,False,False
0.82,18,81.906239,500,closed,True,False,False
0.8,20,81.919012,500,closed,True,False,False
0.82,18,81.930451,500,closed,True,False,False
0.76,24,81.945722,500,closed,True,False,False
0.58,22,81.959756,500,closed,True,False,False
0.82,18,81.971196,500,closed,True,False,False
0.82,18,81.982683,500,closed,True,False,False
0.8,20,81.995562,500,closed,True,False,False
0.78,22,82.009513,500,closed,True,False,False
0.82,18,82.021045,500,closed,True,False,False
0.74,21,82.034426,500,closed,True,False,False
0.82,18,82.045924,500,closed,True,False,False
0.8,20,82.058668,500,closed,True,False,False
0.82,18,82.070188,500,closed,True,False,False
0.82,18,82.081767,500,closed,True,False,False
0.82,18,82.0933,500,closed,True,False,False
0.82,18,82.104769,500,closed,True,False,False
0.8,20,82.11759,500,closed,True,False,False
0.82,18,82.129152,500,closed,True,False,False
0.82,18,82.14067,500,closed,True,False,False
0.82,18,82.152151,500,closed,True,False,False
0.8,20,82.165041,500,closed,True,False,False
0.78,22,82.179062,500,closed,True,False,False
0.82,18,82.190509,500,closed,True,False,False
0.82,18,82.202115,500,closed,True,False,False
0.78,22,82.216212,500,closed,True,False,False
0.82,18,82.22775,500,closed,True,False,False
0.8,20,82.240554,500,closed,True,False,False
0.82,18,82.252047,500,closed,True,False,False
0.82,18,82.263494,500,closed,True,False,False
0.82,18,82.274912,500,closed,True,False,False
0.74,21,82.288216,500,closed,True,False,False
0.82,18,82.465654,500,closed,True,False,False
0.8,20,82.478587,500,closed,True,False,False
0.82,18,82.490139,500,closed,True,False,False
0.82,18,82.501637,500,closed,True,False,False
0.82,18,82.513129,500,closed,True,False,False
0.82,18,82.52464,500,closed,True,False,False
0.82,18,82.536136,500,closed,True,False,False
0.82,18,82.547629,500,closed,True,False,False
0.82,18,82.559124,500,closed,True,False,False
0.82,18,82.570621,500,closed,True,False,False
0.82,18,82.58211,500,closed,True,False,False
0.82,18,82.593647,500,closed,True,False,False
0.82,18,82.606067,500,closed,True,False,False
0.82,18,82.617864,500,closed,True,False,False
0.78,22,82.631947,500,closed,True,False,False
0.78,22,82.645952,500,closed,True,False,False
0.82,18,82.657521,500,closed,True,False,False
0.82,18,82.66904,500,closed,True,False,False
0.82,18,82.680476,500,closed,True,False,False
0.82,18,82.691986,500,closed,True,False,False
0.82,18,82.703565,500,closed,True,False,False
0.82,18,82.715117,500,closed,True,False,False
0.82,18,82.726564,500,closed,True,False,False
0.76,24,82.741812,500,closed,True,False,False
0.76,24,82.757089,500,closed,True,False,False
0.8,20,82.769861,500,closed,True,False,False
0.82,18,82.781384,500,closed,True,False,False
0.82,18,82.792869,500,closed,True,False,False
0.74,26,82.809403,500,closed,True,False,False
0.82,18,82.820871,500,closed,True,False,False
0.82,18,82.832396,500,closed,True,False,False
0.82,18,82.843906,500,closed,True,False,False
0.82,18,82.855437,500,closed,True,False,False
0.82,18,82.866936,500,closed,True,False,False
0.8,20,82.879719,500,closed,True,False,False
0.82,18,82.891262,500,closed,True,False,False
0.82,18,82.902789,500,closed,True,False,False
0.82,18,82.914318,500,closed,True,False,False
0.82,18,82.925788,500,closed,True,False,False
0.82,18,82.937239,500,closed,True,False,False
0.82,18,82.948772,500,closed,True,False,False
0.8,20,82.961535,500,closed,True,False,False
0.82,18,82.973106,500,closed,True,False,False
0.82,18,82.984618,500,closed,True,False,False
0.8,20,82.997337,500,closed,True,False,False
0.82,18,83.008795,500,closed,True,False,False
0.82,18,83.020318,500,closed,True,False,False
0.82,18,83.031757,500,closed,True,False,False
0.82,18,83.043297,500,closed,True,False,False
0.82,18,83.054778,500,closed,True,False,False
0.82,18,83.066258,500,closed,True,False,False
0.82,18,83.077739,500,closed,True,False,False
0.82,18,83.089234,500,closed,True,False,False
0.82,18,83.100761,500,closed,True,False,False
0.82,18,83.112248,500,closed,True,False,False
0.82,18,83.123742,500,closed,True,False,False
0.8,20,83.136508,500,closed,True,False,False
0.82,18,83.148001,500,closed,True,False,False
0.76,19,83.160161,500,closed,True,False,False
0.82,18,83.17169,500,closed,True,False,False
0.82,18,83.183211,500,closed,True,False,False
0.8,20,83.196024,500,closed,True,False,False
0.82,18,83.207644,500,closed,True,False,False
0.8,20,83.220491,500,closed,True,False,False
0.82,18,83.232069,500,closed,True,False,False
0.82,18,83.243694,500,closed,True,False,False
0.8,20,83.256493,500,closed,True,False,False
0.82,18,83.267981,500,closed,True,False,False
0.82,18,83.279516,500,closed,True,False,False
0.82,18,83.290991,500,closed,True,False,False
0.82,18,83.302411,500,closed,True,False,False
0.82,18,83.313922,500,closed,True,False,False
0.78,22,83.327893,500,closed,True,False,False
0.82,18,83.339373,500,closed,True,False,False
0.82,18,83.350895,500,closed,True,False,False
0.82,18,83.362369,500,closed,True,False,False
0.82,18,83.373845,500,closed,True,False,False
0.82,18,83.385307,500,closed,True,False,False
0.82,18,83.396809,500,closed,True,False,False
0.82,18,83.408294,500,closed,True,False,False
0.82,18,83.41984,500,closed,True,False,False
0.82,18,83.431422,500,closed,True,False,False
0.82,18,83.443013,500,closed,True,False,False
0.82,18,83.454563,500,closed,True,False,False
0.8,20,83.46751,500,closed,True,False,False
0.82,18,83.479036,500,closed,True,False,False
0.8,20,83.491838,500,closed,True,False,False
0.8,20,83.504587,500,closed,True,False,False
0.82,18,83.516106,500,closed,True,False,False
0.82,18,83.527635,500,closed,True,False,False
0.82,18,83.539102,500,closed,True,False,False
0.82,18,83.550611,500,closed,True,False,False
0.82,18,83.562093,500,closed,True,False,False
0.8,20,83.574823,500,closed,True,False,False
0.82,18,83.586293,500,closed,True,False,False
0.82,18,83.598312,500,closed,True,False,False
0.82,18,83.610315,500,closed,True,False,False
0.8,20,83.623078,500,closed,True,False,False
0.82,18,83.634562,500,closed,True,False,False
0.82,18,83.64608,500,closed,True,False,False
0.82,18,83.657577,500,closed,True,False,False
0.82,18,83.669101,500,closed,True,False,False
0.82,18,83.680664,500,closed,True,False,False
0.8,20,83.693422,500,closed,True,False,False
0.82,18,83.704931,500,closed,True,False,False
0.76,24,83.72029,500,closed,True,False,False
0.76,19,83.732474,500,closed,True,False,False
0.82,18,83.744002,500,closed,True,False,False
0.82,18,83.75551,500,closed,True,False,False
0.8,20,83.768329,500,closed,True,False,False
0.8,20,83.954716,500,closed,True,False,False
0.82,18,83.966192,500,closed,True,False,False
0.82,18,83.977689,500,closed,True,False,False
0.8,20,83.990485,500,closed,True,False,False
0.82,18,84.001985,500,closed,True,False,False
0.78,22,84.015952,500,closed,True,False,False
0.82,18,84.027415,500,closed,True,False,False
0.82,18,84.038836,500,closed,True,False,False
0.82,18,84.050254,500,closed,True,False,False
0.82,18,84.061792,500,closed,True,False,False
0.82,18,84.073236,500,closed,True,False,False
0.82,18,84.084741,500,closed,True,False,False
0.82,18,84.096184,500,closed,True,False,False
0.82,18,84.107687,500,closed,True,False,False
0.82,18,84.119138,500,closed,True,False,False
0.8,20,84.131854,500,closed,True,False,False
0.82,18,84.143325,500,closed,True,False,False
0.82,18,84.15485,500,closed,True,False,False
0.78,22,84.168793,500,closed,True,False,False
0.82,18,84.180221,500,closed,True,False,False
0.82,18,84.19182,500,closed,True,False,False
0.82,18,84.203406,500,closed,True,False,False
0.82,18,84.215074,500,closed,True,False,False
0.82,18,84.226661,500,closed,True,False,False
0.8,20,84.239362,500,closed,True,False,False
0.82,18,84.250842,500,closed,True,False,False
0.82,18,84.262293,500,closed,True,False,False
0.82,18,84.273784,500,closed,True,False,False
0.82,18,84.285277,500,closed,True,False,False
0.82,18,84.296804,500,closed,True,False,False
0.82,18,84.308354,500,closed,True,False,False
0.82,18,84.319832,500,closed,True,False,False
0.82,18,84.331295,500,closed,True,False,False
0.82,18,84.342782,500,closed,True,False,False
0.82,18,84.354207,500,closed,True,False,False
0.82,18,84.36572,500,closed,True,False,False
0.82,18,84.377191,500,closed,True,False,False
0.82,18,84.388657,500,closed,True,False,False
0.8,20,84.401384,500,closed,True,False,False
0.82,18,84.412841,500,closed,True,False,False
0.82,18,84.42433,500,closed,True,False,False
0.82,18,84.436034,500,closed,True,False,False
0.8,20,84.44895,500,closed,True,False,False
0.8,20,84.46177,500,closed,True,False,False
0.82,18,84.473344,500,closed,True,False,False
0.82,18,84.484869,500,closed,True,False,False
0.82,18,84.496363,500,closed,True,False,False
0.82,18,84.507934,500,closed,True,False,False
0.76,19,84.520001,500,closed,True,False,False
0.82,18,84.531482,500,closed,True,False,False
0.82,18,84.54296,500,closed,True,False,False
0.82,18,84.554465,500,closed,True,False,False
0.82,18,84.565884,500,closed,True,False,False
0.82,18,84.577344,500,closed,True,False,False
0.82,18,84.588847,500,closed,True,False,False
0.82,18,84.601055,500,closed,True,False,False
0.82,18,84.612951,500,closed,True,False,False
0.82,18,84.624361,500,closed,True,False,False
0.82,18,84.635939,500,closed,True,False,False
0.82,18,84.647391,500,closed,True,False,False
0.8,20,84.660043,500,closed,True,False,False
0.82,18,84.671486,500,closed,True,False,False
0.82,18,84.683027,500,closed,True,False,False
0.82,18,84.69458,500,closed,True,False,False
0.82,18,84.706206,500,closed,True,False,False
0.8,20,84.718919,500,closed,True,False,False
0.82,18,84.730382,500,closed,True,False,False
0.82,18,84.74184,500,closed,True,False,False
0.82,18,84.753289,500,closed,True,False,False
0.82,18,84.764729,500,closed,True,False,False
0.8,20,84.777467,500,closed,True,False,False
0.82,18,84.78893,500,closed,True,False,False
0.82,18,84.800396,500,closed,True,False,False
0.82,18,84.811845,500,closed,True,False,False
0.82,18,84.823299,500,closed,True,False,False
0.82,18,84.834772,500,closed,True,False,False
0.82,18,84.84619,500,closed,True,False,False
0.82,18,84.857606,500,closed,True,False,False
0.8,20,84.870291,500,closed,True,False,False
0.82,18,84.881779,500,closed,True,False,False
0.8,20,84.894453,500,closed,True,False,False
0.82,18,84.905934,500,closed,True,False,False
0.8,20,84.918674,500,closed,True,False,False
0.82,18,84.930096,500,closed,True,False,False
0.82,18,84.941816,500,closed,True,False,False
0.82,18,84.953259,500,closed,True,False,False
0.82,18,84.964775,500,closed,True,False,False
0.82,18,84.97623,500,closed,True,False,False
0.82,18,84.987652,500,closed,True,False,False
0.82,18,84.999128,500,closed,True,False,False
0.82,18,85.010596,500,closed,True,False,False
0.82,18,85.022043,500,closed,True,False,False
0.82,18,85.033483,500,closed,True,False,False
0.82,18,85.044939,500,closed,True,False,False
0.64,26,85.061435,500,closed,True,False,False
0.8,20,85.07425,500,closed,True,False,False
0.8,20,85.08701,500,closed,True,False,False
0.82,18,85.098486,500,closed,True,False,False
0.82,18,85.110077,500,closed,True,False,False
0.8,20,85.122834,500,closed,True,False,False
0.82,18,85.134274,500,closed,True,False,False
0.82,18,85.145782,500,closed,True,False,False
0.82,18,85.1572,500,closed,True,False,False
0.82,18,85.168708,500,closed,True,False,False
0.82,18,85.18012,500,closed,True,False,False
0.82,18,85.191662,500,closed,True,False,False
0.8,20,85.204442,500,closed,True,False,False
0.82,18,85.215999,500,closed,True,False,False
0.82,18,85.227558,500,closed,True,False,False
0.82,18,85.239057,500,closed,True,False,False
0.8,20,85.251813,500,closed,True,False,False
0.8,20,85.433471,500,closed,True,False,False
0.82,18,85.445111,500,closed,True,False,False
0.82,18,85.456677,500,closed,True,False,False
0.82,18,85.468293,500,closed,True,False,False
0.82,18,85.479936,500,closed,True,False,False
0.82,18,85.491469,500,closed,True,False,False
0.82,18,85.502938,500,closed,True,False,False
0.82,18,85.514412,500,closed,True,False,False
0.8,20,85.527122,500,closed,True,False,False
0.82,18,85.538617,500,closed,True,False,False
0.82,18,85.550187,500,closed,True,False,False
0.82,18,85.561697,500,closed,True,False,False
0.82,18,85.573221,500,closed,True,False,False
0.82,18,85.584721,500,closed,True,False,False
0.8,20,85.598333,500,closed,True,False,False
0.8,20,85.61201,500,closed,True,False,False
0.82,18,85.623695,500,closed,True,False,False
0.74,26,85.640759,500,closed,True,False,False
0.78,22,85.65756,500,closed,True,False,False
0.8,20,85.670838,500,closed,True,False,False
0.82,18,85.68236,500,closed,True,False,False
0.82,18,85.693847,500,closed,True,False,False
0.82,18,85.705377,500,closed,True,False,False
0.82,18,85.716914,500,closed,True,False,False
0.8,20,85.729681,500,closed,True,False,False
0.82,18,85.74114,500,closed,True,False,False
0.82,18,85.752661,500,closed,True,False,False
0.82,18,85.764091,500,closed,True,False,False
0.82,18,85.775668,500,closed,True,False,False
0.82,18,85.787188,500,closed,True,False,False
0.82,18,85.798816,500,closed,True,False,False
0.82,18,85.810291,500,closed,True,False,False
0.82,18,85.822019,500,closed,True,False,False
0.82,18,85.833512,500,closed,True,False,False
0.82,18,85.84499,500,closed,True,False,False
0.82,18,85.856527,500,closed,True,False,False
0.82,18,85.868045,500,closed,True,False,False
0.82,18,85.879517,500,closed,True,False,False
0.82,18,85.891,500,closed,True,False,False
0.82,18,85.902472,500,closed,True,False,False
0.82,18,85.914028,500,closed,True,False,False
0.82,18,85.925475,500,closed,True,False,False
0.8,20,85.938268,500,closed,True,False,False
0.82,18,85.949708,500,closed,True,False,False
0.82,18,85.961215,500,closed,True,False,False
0.82,18,85.972713,500,closed,True,False,False
0.82,18,85.984182,500,closed,True,False,False
0.82,18,85.995678,500,closed,True,False,False
0.82,18,86.007166,500,closed,True,False,False
0.82,18,86.018628,500,closed,True,False,False
0.82,18,86.030079,500,closed,True,False,False
0.82,18,86.041773,500,closed,True,False,False
0.82,18,86.053263,500,closed,True,False,False
0.8,20,86.066123,500,closed,True,False,False
0.82,18,86.07763,500,closed,True,False,False
0.82,18,86.089089,500,closed,True,False,False
0.82,18,86.100613,500,closed,True,False,False
0.82,18,86.112262,500,closed,True,False,False
0.72,23,86.127032,500,closed,True,False,False
0.82,18,86.138519,500,closed,True,False,False
0.82,18,86.14997,500,closed,True,False,False
0.82,18,86.161511,500,closed,True,False,False
0.82,18,86.173186,500,closed,True,False,False
0.82,18,86.184715,500,closed,True,False,False
0.82,18,86.196297,500,closed,True,False,False
0.76,24,86.211615,500,closed,True,False,False
0.82,18,86.223333,500,closed,True,False,False
0.82,18,86.234873,500,closed,True,False,False
0.8,20,86.247724,500,closed,True,False,False
0.82,18,86.25922,500,closed,True,False,False
0.8,20,86.27193,500,closed,True,False,False
0.82,18,86.283443,500,closed,True,False,False
0.82,18,86.295114,500,closed,True,False,False
0.8,20,86.307993,500,closed,True,False,False
0.82,18,86.319449,500,closed,True,False,False
0.82,18,86.330958,500,closed,True,False,False
0.82,18,86.342427,500,closed,True,False,False
0.82,18,86.353964,500,closed,True,False,False
0.8,20,86.366733,500,closed,True,False,False
0.82,18,86.378168,500,closed,True,False,False
0.82,18,86.389659,500,closed,True,False,False
0.82,18,86.401136,500,closed,True,False,False
0.58,32,86.421412,500,closed,True,False,False
0.82,18,86.433074,500,closed,True,False,False
0.82,18,86.444572,500,closed,True,False,False
0.82,18,86.45614,500,closed,True,False,False
0.82,18,86.467756,500,closed,True,False,False
0.82,18,86.479254,500,closed,True,False,False
0.82,18,86.490767,500,closed,True,False,False
0.82,18,86.502249,500,closed,True,False,False
0.8,20,86.515025,500,closed,True,False,False
0.82,18,86.52648,500,closed,True,False,False
0.8,20,86.53927,500,closed,True,False,False
0.82,18,86.550788,500,closed,True,False,False
0.82,18,86.562255,500,closed,True,False,False
0.82,18,86.573694,500,closed,True,False,False
0.82,18,86.585259,500,closed,True,False,False
0.82,18,86.596863,500,closed,True,False,False
0.82,18,86.609517,500,closed,True,False,False
0.82,18,86.621078,500,closed,True,False,False
0.82,18,86.632521,500,closed,True,False,False
0.82,18,86.644022,500,closed,True,False,False
0.82,18,86.655565,500,closed,True,False,False
0.82,18,86.667007,500,closed,True,False,False
0.82,18,86.678619,500,closed,True,False,False
0.78,22,86.692865,500,closed,True,False,False
0.82,18,86.704321,500,closed,True,False,False
0.82,18,86.71583,500,closed,True,False,False
0.82,18,86.727364,500,closed,True,False,False
0.82,18,86.738814,500,closed,True,False,False
0.82,18,86.917389,500,closed,True,False,False
0.82,18,86.928856,500,closed,True,False,False
0.82,18,86.940385,500,closed,True,False,False
0.82,18,86.951875,500,closed,True,False,False
0.82,18,86.963359,500,closed,True,False,False
0.82,18,86.974888,500,closed,True,False,False
0.82,18,86.986394,500,closed,True,False,False
0.82,18,86.997892,500,closed,True,False,False
0.82,18,87.00945,500,closed,True,False,False
0.82,18,87.020913,500,closed,True,False,False
0.8,20,87.033614,500,closed,True,False,False
0.82,18,87.045136,500,closed,True,False,False
0.82,18,87.056647,500,closed,True,False,False
0.82,18,87.068145,500,closed,True,False,False
0.82,18,87.079586,500,closed,True,False,False
0.82,18,87.091088,500,closed,True,False,False
0.82,18,87.10263,500,closed,True,False,False
0.82,18,87.11404,500,closed,True,False,False
0.82,18,87.125504,500,closed,True,False,False
0.82,18,87.136965,500,closed,True,False,False
0.82,18,87.148541,500,closed,True,False,False
0.82,18,87.160025,500,closed,True,False,False
0.82,18,87.171486,500,closed,True,False,False
0.82,18,87.183024,500,closed,True,False,False
0.82,18,87.194518,500,closed,True,False,False
0.82,18,87.205956,500,closed,True,False,False
0.82,18,87.217543,500,closed,True,False,False
0.82,18,87.229023,500,closed,True,False,False
0.8,20,87.242055,500,closed,True,False,False
0.82,18,87.2535,500,closed,True,False,False
0.82,18,87.265186,500,closed,True,False,False
0.82,18,87.276885,500,closed,True,False,False
0.82,18,87.288404,500,closed,True,False,False
0.82,18,87.299888,500,closed,True,False,False
0.8,20,87.312664,500,closed,True,False,False
0.82,18,87.324113,500,closed,True,False,False
0.82,18,87.335732,500,closed,True,False,False
0.82,18,87.347278,500,closed,True,False,False
0.82,18,87.35888,500,closed,True,False,False
0.82,18,87.37037,500,closed,True,False,False
0.82,18,87.381852,500,closed,True,False,False
0.82,18,87.393374,500,closed,True,False,False
0.82,18,87.404953,500,closed,True,False,False
0.82,18,87.416455,500,closed,True,False,False
0.8,20,87.429317,500,closed,True,False,False
0.82,18,87.440782,500,closed,True,False,False
0.82,18,87.452419,500,closed,True,False,False
0.82,18,87.463889,500,closed,True,False,False
0.82,18,87.475517,500,closed,True,False,False
0.82,18,87.487072,500,closed,True,False,False
0.82,18,87.498605,500,closed,True,False,False
0.82,18,87.510087,500,closed,True,False,False
0.82,18,87.521563,500,closed,True,False,False
0.82,18,87.533067,500,closed,True,False,False
0.82,18,87.544566,500,closed,True,False,False
0.82,18,87.556092,500,closed,True,False,False
0.82,18,87.567578,500,closed,True,False,False
0.82,18,87.579168,500,closed,True,False,False
0.82,18,87.590692,500,closed,True,False,False
0.82,18,87.603322,500,closed,True,False,False
0.82,18,87.61519,500,closed,True,False,False
0.82,18,87.626729,500,closed,True,False,False
0.82,18,87.638212,500,closed,True,False,False
0.82,18,87.64971,500,closed,True,False,False
0.82,18,87.661263,500,closed,True,False,False
0.82,18,87.672742,500,closed,True,False,False
0.82,18,87.684261,500,closed,True,False,False
0.82,18,87.695759,500,closed,True,False,False
0.82,18,87.70724,500,closed,True,False,False
0.82,18,87.718812,500,closed,True,False,False
0.82,18,87.730308,500,closed,True,False,False
0.82,18,87.741779,500,closed,True,False,False
0.8,20,87.75458,500,closed,True,False,False
0.82,18,87.766066,500,closed,True,False,False
0.8,20,87.778909,500,closed,True,False,False
0.82,18,87.790385,500,closed,True,False,False
0.82,18,87.801856,500,closed,True,False,False
0.82,18,87.813343,500,closed,True,False,False
0.82,18,87.824885,500,closed,True,False,False
0.82,18,87.836384,500,closed,True,False,False
0.82,18,87.847918,500,closed,True,False,False
0.52,33,87.868766,500,closed,True,False,False
0.82,18,87.880257,500,closed,True,False,False
0.82,18,87.891784,500,closed,True,False,False
0.8,20,87.904629,500,closed,True,False,False
0.82,18,87.916264,500,closed,True,False,False
0.82,18,87.927766,500,closed,True,False,False
0.82,18,87.939185,500,closed,True,False,False
0.8,20,87.951944,500,closed,True,False,False
0.82,18,87.96342,500,closed,True,False,False
0.82,18,87.974905,500,closed,True,False,False
0.82,18,87.986329,500,closed,True,False,False
0.48,37,88.009713,500,closed,True,False,False
0.82,18,88.021195,500,closed,True,False,False
0.82,18,88.032715,500,closed,True,False,False
0.82,18,88.044207,500,closed,True,False,False
0.82,18,88.055708,500,closed,True,False,False
0.82,18,88.067194,500,closed,True,False,False
0.82,18,88.078676,500,closed,True,False,False
0.78,22,88.092752,500,closed,True,False,False
0.82,18,88.104229,500,closed,True,False,False
0.82,18,88.115738,500,closed,True,False,False
0.82,18,88.127206,500,closed,True,False,False
0.82,18,88.138696,500,closed,True,False,False
0.82,18,88.150172,500,closed,True,False,False
0.82,18,88.161696,500,closed,True,False,False
0.82,18,88.173236,500,closed,True,False,False
0.82,18,88.184711,500,closed,True,False,False
0.82,18,88.196158,500,closed,True,False,False
0.82,18,88.207744,500,closed,True,False,False
0.82,18,88.219406,500,closed,True,False,False
0.82,18,88.397446,500,closed,True,False,False
0.82,18,88.408952,500,closed,True,False,False
0.82,18,88.420445,500,closed,True,False,False
0.82,18,88.432054,500,closed,True,False,False
0.82,18,88.443535,500,closed,True,False,False
0.82,18,88.455051,500,closed,True,False,False
0.82,18,88.466517,500,closed,True,False,False
0.82,18,88.478139,500,closed,True,False,False
0.82,18,88.489597,500,closed,True,False,False
0.82,18,88.501065,500,closed,True,False,False
0.82,18,88.512534,500,closed,True,False,False
0.82,18,88.524033,500,closed,True,False,False
0.82,18,88.535508,500,closed,True,False,False
0.82,18,88.546991,500,closed,True,False,False
0.82,18,88.558402,500,closed,True,False,False
0.82,18,88.569885,500,closed,True,False,False
0.82,18,88.581361,500,closed,True,False,False
0.82,18,88.592821,500,closed,True,False,False
0.82,18,88.605034,500,closed,True,False,False
0.82,18,88.616754,500,closed,True,False,False
0.82,18,88.628283,500,closed,True,False,False
0.82,18,88.639757,500,closed,True,False,False
0.82,18,88.65119,500,closed,True,False,False
0.82,18,88.662701,500,closed,True,False,False
0.82,18,88.674142,500,closed,True,False,False
0.82,18,88.685618,500,closed,True,False,False
0.82,18,88.697169,500,closed,True,False,False
0.82,18,88.708631,500,closed,True,False,False
0.8,20,88.721349,500,closed,True,False,False
0.82,18,88.732822,500,closed,True,False,False
0.82,18,88.744272,500,closed,True,False,False
0.82,18,88.755721,500,closed,True,False,False
0.82,18,88.767142,500,closed,True,False,False
0.82,18,88.778627,500,closed,True,False,False
0.82,18,88.790035,500,closed,True,False,False
0.82,18,88.801497,500,closed,True,False,False
0.82,18,88.812895,500,closed,True,False,False
0.82,18,88.824346,500,closed,True,False,False
0.82,18,88.835809,500,closed,True,False,False
0.82,18,88.847199,500,closed,True,False,False
0.82,18,88.858735,500,closed,True,False,False
0.82,18,88.870235,500,closed,True,False,False
0.82,18,88.881719,500,closed,True,False,False
0.82,18,88.893252,500,closed,True,False,False
0.82,18,88.904719,500,closed,True,False,False
0.82,18,88.916211,500,closed,True,False,False
0.82,18,88.927673,500,closed,True,False,False
0.82,18,88.939085,500,closed,True,False,False
0.82,18,88.950522,500,closed,True,False,False
0.82,18,88.961965,500,closed,True,False,False
0.8,20,88.974697,500,closed,True,False,False
0.82,18,88.986171,500,closed,True,False,False
0.82,18,88.997615,500,closed,True,False,False
0.82,18,89.009012,500,closed,True,False,False
0.82,18,89.020482,500,closed,True,False,False
0.82,18,89.03196,500,closed,True,False,False
0.82,18,89.043404,500,closed,True,False,False
0.82,18,89.054898,500,closed,True,False,False
0.82,18,89.066336,500,closed,True,False,False
0.82,18,89.077808,500,closed,True,False,False
0.82,18,89.089298,500,closed,True,False,False
0.82,18,89.100768,500,closed,True,False,False
0.82,18,89.112272,500,closed,True,False,False
0.82,18,89.123753,500,closed,True,False,False
0.82,18,89.135236,500,closed,True,False,False
0.82,18,89.146687,500,closed,True,False,False
0.82,18,89.15815,500,closed,True,False,False
0.82,18,89.169673,500,closed,True,False,False
0.82,18,89.181142,500,closed,True,False,False
0.8,20,89.193932,500,closed,True,False,False
0.82,18,89.205423,500,closed,True,False,False
0.8,20,89.218412,500,closed,True,False,False
0.82,18,89.229938,500,closed,True,False,False
0.82,18,89.241355,500,closed,True,False,False
0.82,18,89.25287,500,closed,True,False,False
0.82,18,89.264384,500,closed,True,False,False
0.82,18,89.275995,500,closed,True,False,False
0.82,18,89.287405,500,closed,True,False,False
0.82,18,89.298863,500,closed,True,False,False
0.82,18,89.310454,500,closed,True,False,False
0.82,18,89.321904,500,closed,True,False,False
0.82,18,89.333388,500,closed,True,False,False
0.82,18,89.344795,500,closed,True,False,False
0.82,18,89.356275,500,closed,True,False,False
0.82,18,89.367697,500,closed,True,False,False
0.82,18,89.379158,500,closed,True,False,False
0.82,18,89.390711,500,closed,True,False,False
0.82,18,89.402306,500,closed,True,False,False
0.82,18,89.413785,500,closed,True,False,False
0.78,22,89.428187,500,closed,True,False,False
0.82,18,89.439712,500,closed,True,False,False
0.82,18,89.451162,500,closed,True,False,False
0.82,18,89.462636,500,closed,True,False,False
0.82,18,89.474116,500,closed,True,False,False
0.82,18,89.485569,500,closed,True,False,False
0.82,18,89.497041,500,closed,True,False,False
0.8,20,89.509739,500,closed,True,False,False
0.82,18,89.521209,500,closed,True,False,False
0.82,18,89.532645,500,closed,True,False,False
0.82,18,89.544085,500,closed,True,False,False
0.82,18,89.555606,500,closed,True,False,False
0.82,18,89.567076,500,closed,True,False,False
0.82,18,89.578674,500,closed,True,False,False
0.82,18,89.59007,500,closed,True,False,False
0.82,18,89.602257,500,closed,True,False,False
0.82,18,89.614236,500,closed,True,False,False
0.82,18,89.625696,500,closed,True,False,False
0.82,18,89.637212,500,closed,True,False,False
0.82,18,89.64866,500,closed,True,False,False
0.82,18,89.660146,500,closed,True,False,False
0.82,18,89.671585,500,closed,True,False,False
0.82,18,89.6831,500,closed,True,False,False
0.82,18,89.694585,500,closed,True,False,False
0.82,18,89.871939,500,closed,True,False,False
0.8,20,89.884806,500,closed,True,False,False
0.82,18,89.896325,500,closed,True,False,False
0.76,24,89.911498,500,closed,True,False,False
0.82,18,89.923018,500,closed,True,False,False
0.8,20,89.935793,500,closed,True,False,False
0.82,18,89.94729,500,closed,True,False,False
0.76,24,89.962538,500,closed,True,False,False
0.82,18,89.974025,500,closed,True,False,False
0.8,20,89.9868,500,closed,True,False,False
0.78,22,90.000861,500,closed,True,False,False
0.76,24,90.016184,500,closed,True,False,False
0.82,18,90.027673,500,closed,True,False,False
0.82,18,90.039177,500,closed,True,False,False
0.82,18,90.050636,500,closed,True,False,False
0.82,18,90.062093,500,closed,True,False,False
0.82,18,90.073726,500,closed,True,False,False
0.82,18,90.085318,500,closed,True,False,False
0.82,18,90.096853,500,closed,True,False,False
0.82,18,90.108483,500,closed,True,False,False
0.82,18,90.120175,500,closed,True,False,False
0.82,18,90.131688,500,closed,True,False,False
0.82,18,90.143182,500,closed,True,False,False
0.82,18,90.154721,500,closed,True,False,False
0.82,18,90.166188,500,closed,True,False,False
0.78,22,90.180177,500,closed,True,False,False
0.82,18,90.19173,500,closed,True,False,False
0.82,18,90.203228,500,closed,True,False,False
0.8,20,90.216022,500,closed,True,False,False
0.82,18,90.227477,500,closed,True,False,False
0.82,18,90.239007,500,closed,True,False,False
0.82,18,90.250484,500,closed,True,False,False
0.82,18,90.261965,500,closed,True,False,False
0.82,18,90.273417,500,closed,True,False,False
0.82,18,90.284927,500,closed,True,False,False
0.76,24,90.300155,500,closed,True,False,False
0.82,18,90.311821,500,closed,True,False,False
0.82,18,90.32334,500,closed,True,False,False
0.82,18,90.334898,500,closed,True,False,False
0.82,18,90.346377,500,closed,True,False,False
0.82,18,90.357991,500,closed,True,False,False
0.82,18,90.369539,500,closed,True,False,False
0.82,18,90.38105,500,closed,True,False,False
0.78,22,90.39511,500,closed,True,False,False
0.82,18,90.406582,500,closed,True,False,False
0.8,20,90.419289,500,closed,True,False,False
0.64,16,90.429727,500,closed,True,False,False
0.82,18,90.441344,500,closed,True,False,False
0.82,18,90.452859,500,closed,True,False,False
0.82,18,90.464472,500,closed,True,False,False
0.82,18,90.475939,500,closed,True,False,False
0.82,18,90.487448,500,closed,True,False,False
0.82,18,90.498995,500,closed,True,False,False
0.82,18,90.510414,500,closed,True,False,False
0.82,18,90.521952,500,closed,True,False,False
0.82,18,90.53343,500,closed,True,False,False
0.82,18,90.544945,500,closed,True,False,False
0.82,18,90.556453,500,closed,True,False,False
0.82,18,90.568073,500,closed,True,False,False
0.82,18,90.579587,500,closed,True,False,False
0.74,21,90.592947,500,closed,True,False,False
0.82,18,90.605585,500,closed,True,False,False
0.8,20,90.618817,500,closed,True,False,False
0.82,18,90.630338,500,closed,True,False,False
0.82,18,90.641978,500,closed,True,False,False
0.82,18,90.653513,500,closed,True,False,False
0.82,18,90.665035,500,closed,True,False,False
0.82,18,90.67659,500,closed,True,False,False
0.82,18,90.688048,500,closed,True,False,False
0.82,18,90.699593,500,closed,True,False,False
0.82,18,90.711103,500,closed,True,False,False
0.82,18,90.722569,500,closed,True,False,False
0.8,20,90.735316,500,closed,True,False,False
0.82,18,90.746783,500,closed,True,False,False
0.82,18,90.75822,500,closed,True,False,False
0.82,18,90.769711,500,closed,True,False,False
0.82,18,90.781175,500,closed,True,False,False
0.82,18,90.792708,500,closed,True,False,False
0.74,26,90.809123,500,closed,True,False,False
0.82,18,90.820611,500,closed,True,False,False
0.82,18,90.832107,500,closed,True,False,False
0.82,18,90.8436,500,closed,True,False,False
0.76,24,90.858929,500,closed,True,False,False
0.82,18,90.870565,500,closed,True,False,False
0.82,18,90.882061,500,closed,True,False,False
0.82,18,90.893551,500,closed,True,False,False
0.82,18,90.905028,500,closed,True,False,False
0.82,18,90.916555,500,closed,True,False,False
0.82,18,90.928092,500,closed,True,False,False
0.82,18,90.939604,500,closed,True,False,False
0.82,18,90.95109,500,closed,True,False,False
0.82,18,90.962594,500,closed,True,False,False
0.82,18,90.974092,500,closed,True,False,False
0.82,18,90.985574,500,closed,True,False,False
0.82,18,90.99712,500,closed,True,False,False
0.82,18,91.008589,500,closed,True,False,False
0.82,18,91.020056,500,closed,True,False,False
0.76,24,91.035287,500,closed,True,False,False
0.82,18,91.046708,500,closed,True,False,False
0.82,18,91.058176,500,closed,True,False,False
0.82,18,91.069651,500,closed,True,False,False
0.76,19,91.081785,500,closed,True,False,False
0.82,18,91.09327,500,closed,True,False,False
0.82,18,91.104791,500,closed,True,False,False
0.82,18,91.116622,500,closed,True,False,False
0.82,18,91.128273,500,closed,True,False,False
0.82,18,91.139766,500,closed,True,False,False
0.82,18,91.151249,500,closed,True,False,False
0.8,20,91.164128,500,closed,True,False,False
0.82,18,91.34268,500,closed,True,False,False
0.82,18,91.354256,500,closed,True,False,False
0.82,18,91.36575,500,closed,True,False,False
0.8,20,91.378487,500,closed,True,False,False
0.82,18,91.389976,500,closed,True,False,False
0.82,18,91.401438,500,closed,True,False,False
0.82,18,91.412929,500,closed,True,False,False
0.82,18,91.424552,500,closed,True,False,False
0.82,18,91.43605,500,closed,True,False,False
0.82,18,91.447756,500,closed,True,False,False
0.82,18,91.459457,500,closed,True,False,False
0.82,18,91.471001,500,closed,True,False,False
0.8,20,91.483795,500,closed,True,False,False
0.82,18,91.49524,500,closed,True,False,False
0.8,20,91.507988,500,closed,True,False,False
0.82,18,91.519486,500,closed,True,False,False
0.82,18,91.530934,500,closed,True,False,False
0.8,20,91.543652,500,closed,True,False,False
0.76,19,91.555838,500,closed,True,False,False
0.8,20,91.568536,500,closed,True,False,False
0.82,18,91.580193,500,closed,True,False,False
0.8,20,91.593187,500,closed,True,False,False
0.8,20,91.606936,500,closed,True,False,False
0.82,18,91.61871,500,closed,True,False,False
0.82,18,91.630237,500,closed,True,False,False
0.82,18,91.64171,500,closed,True,False,False
0.82,18,91.653167,500,closed,True,False,False
0.82,18,91.664652,500,closed,True,False,False
0.82,18,91.676143,500,closed,True,False,False
0.82,18,91.687732,500,closed,True,False,False
0.82,18,91.699241,500,closed,True,False,False
0.82,18,91.710775,500,closed,True,False,False
0.82,18,91.72227,500,closed,True,False,False
0.82,18,91.733714,500,closed,True,False,False
0.82,18,91.745191,500,closed,True,False,False
0.82,18,91.756746,500,closed,True,False,False
0.8,20,91.769483,500,closed,True,False,False
0.82,18,91.780979,500,closed,True,False,False
0.82,18,91.792529,500,closed,True,False,False
0.82,18,91.804035,500,closed,True,False,False
0.82,18,91.815529,500,closed,True,False,False
0.82,18,91.826955,500,closed,True,False,False
0.82,18,91.838472,500,closed,True,False,False
0.82,18,91.850123,500,closed,True,False,False
0.82,18,91.861655,500,closed,True,False,False
0.82,18,91.873253,500,closed,True,False,False
0.82,18,91.884908,500,closed,True,False,False
0.82,18,91.896418,500,closed,True,False,False
0.82,18,91.90797,500,closed,True,False,False
0.82,18,91.919462,500,closed,True,False,False
0.8,20,91.932217,500,closed,True,False,False
0.82,18,91.943702,500,closed,True,False,False
0.82,18,91.955163,500,closed,True,False,False
0.82,18,91.966696,500,closed,True,False,False
0.82,18,91.978188,500,closed,True,False,False
0.8,20,91.990968,500,closed,True,False,False
0.82,18,92.002465,500,closed,True,False,False
0.82,18,92.013941,500,closed,True,False,False
0.82,18,92.025431,500,closed,True,False,False
0.78,22,92.039442,500,closed,True,False,False
0.82,18,92.050973,500,closed,True,False,False
0.82,18,92.062515,500,closed,True,False,False
0.82,18,92.074002,500,closed,True,False,False
0.82,18,92.085486,500,closed,True,False,False
0.82,18,92.096974,500,closed,True,False,False
0.82,18,92.10843,500,closed,True,False,False
0.82,18,92.119895,500,closed,True,False,False
0.82,18,92.131401,500,closed,True,False,False
0.82,18,92.142897,500,closed,True,False,False
0.82,18,92.154441,500,closed,True,False,False
0.82,18,92.165968,500,closed,True,False,False
0.82,18,92.17745,500,closed,True,False,False
0.82,18,92.188947,500,closed,True,False,False
0.82,18,92.200432,500,closed,True,False,False
0.82,18,92.211958,500,closed,True,False,False
0.82,18,92.223424,500,closed,True,False,False
0.8,20,92.236148,500,closed,True,False,False
0.82,18,92.247677,500,closed,True,False,False
0.82,18,92.259147,500,closed,True,False,False
0.82,18,92.270646,500,closed,True,False,False
0.82,18,92.28214,500,closed,True,False,False
0.82,18,92.293618,500,closed,True,False,False
0.82,18,92.305087,500,closed,True,False,False
0.82,18,92.316535,500,closed,True,False,False
0.82,18,92.328172,500,closed,True,False,False
0.82,18,92.339735,500,closed,True,False,False
0.82,18,92.351346,500,closed,True,False,False
0.82,18,92.362939,500,closed,True,False,False
0.82,18,92.374626,500,closed,True,False,False
0.82,18,92.386242,500,closed,True,False,False
0.82,18,92.397734,500,closed,True,False,False
0.82,18,92.409208,500,closed,True,False,False
0.82,18,92.420726,500,closed,True,False,False
0.82,18,92.432219,500,closed,True,False,False
0.82,18,92.44375,500,closed,True,False,False
0.82,18,92.455256,500,closed,True,False,False
0.82,18,92.466912,500,closed,True,False,False
0.82,18,92.478464,500,closed,True,False,False
0.82,18,92.48996,500,closed,True,False,False
0.82,18,92.501385,500,closed,True,False,False
0.82,18,92.512928,500,closed,True,False,False
0.82,18,92.524405,500,closed,True,False,False
0.82,18,92.535858,500,closed,True,False,False
0.8,20,92.548625,500,closed,True,False,False
0.8,20,92.561387,500,closed,True,False,False
0.82,18,92.573045,500,closed,True,False,False
0.82,18,92.584575,500,closed,True,False,False
0.82,18,92.596316,500,closed,True,False,False
0.82,18,92.609183,500,closed,True,False,False
0.82,18,92.620721,500,closed,True,False,False
0.82,18,92.632316,500,closed,True,False,False
0.82,18,92.643997,500,closed,True,False,False
0.82,18,92.821621,500,closed,True,False,False
0.82,18,92.833253,500,closed,True,False,False
0.82,18,92.844753,500,closed,True,False,False
0.82,18,92.856339,500,closed,True,False,False
0.82,18,92.867861,500,closed,True,False,False
0.82,18,92.879366,500,closed,True,False,False
0.82,18,92.890951,500,closed,True,False,False
0.82,18,92.902481,500,closed,True,False,False
0.82,18,92.913959,500,closed,True,False,False
0.82,18,92.925501,500,closed,True,False,False
0.82,18,92.93705,500,closed,True,False,False
0.82,18,92.9486,500,closed,True,False,False
0.82,18,92.960098,500,closed,True,False,False
0.82,18,92.971629,500,closed,True,False,False
0.82,18,92.983123,500,closed,True,False,False
0.82,18,92.994587,500,closed,True,False,False
0.82,18,93.006107,500,closed,True,False,False
0.82,18,93.017673,500,closed,True,False,False
0.8,20,93.030466,500,closed,True,False,False
0.82,18,93.041949,500,closed,True,False,False
0.76,19,93.054037,500,closed,True,False,False
0.82,18,93.06561,500,closed,True,False,False
0.82,18,93.077138,500,closed,True,False,False
0.82,18,93.088631,500,closed,True,False,False
0.82,18,93.100117,500,closed,True,False,False
0.82,18,93.111612,500,closed,True,False,False
0.76,19,93.123697,500,closed,True,False,False
0.8,20,93.136514,500,closed,True,False,False
0.82,18,93.148105,500,closed,True,False,False
0.8,20,93.160877,500,closed,True,False,False
0.82,18,93.172352,500,closed,True,False,False
0.82,18,93.183887,500,closed,True,False,False
0.82,18,93.195541,500,closed,True,False,False
0.82,18,93.207029,500,closed,True,False,False
0.82,18,93.21867,500,closed,True,False,False
0.82,18,93.230293,500,closed,True,False,False
0.82,18,93.241995,500,closed,True,False,False
0.82,18,93.253552,500,closed,True,False,False
0.76,19,93.265691,500,closed,True,False,False
0.82,18,93.277185,500,closed,True,False,False
0.82,18,93.288754,500,closed,True,False,False
0.82,18,93.300263,500,closed,True,False,False
0.82,18,93.311965,500,closed,True,False,False
0.8,20,93.324742,500,closed,True,False,False
0.78,22,93.338776,500,closed,True,False,False
0.82,18,93.350317,500,closed,True,False,False
0.82,18,93.362001,500,closed,True,False,False
0.82,18,93.373566,500,closed,True,False,False
0.8,20,93.386622,500,closed,True,False,False
0.82,18,93.398153,500,closed,True,False,False
0.82,18,93.409643,500,closed,True,False,False
0.82,18,93.421256,500,closed,True,False,False
0.82,18,93.43326,500,closed,True,False,False
0.82,18,93.444791,500,closed,True,False,False
0.82,18,93.456289,500,closed,True,False,False
0.8,20,93.469196,500,closed,True,False,False
0.8,20,93.482244,500,closed,True,False,False
0.82,18,93.493793,500,closed,True,False,False
0.82,18,93.505298,500,closed,True,False,False
0.82,18,93.516798,500,closed,True,False,False
0.8,20,93.52953,500,closed,True,False,False
0.82,18,93.541003,500,closed,True,False,False
0.78,22,93.555016,500,closed,True,False,False
0.82,18,93.5667,500,closed,True,False,False
0.8,20,93.579634,500,closed,True,False,False
0.82,18,93.591117,500,closed,True,False,False
0.82,18,93.603687,500,closed,True,False,False
0.82,18,93.615955,500,closed,True,False,False
0.82,18,93.62748,500,closed,True,False,False
0.82,18,93.639091,500,closed,True,False,False
0.82,18,93.650648,500,closed,True,False,False
0.82,18,93.662114,500,closed,True,False,False
0.82,18,93.673603,500,closed,True,False,False
0.82,18,93.685226,500,closed,True,False,False
0.82,18,93.696861,500,closed,True,False,False
0.82,18,93.708463,500,closed,True,False,False
0.82,18,93.719979,500,closed,True,False,False
0.82,18,93.731615,500,closed,True,False,False
0.82,18,93.743294,500,closed,True,False,False
0.8,20,93.756109,500,closed,True,False,False
0.82,18,93.767692,500,closed,True,False,False
0.8,20,93.780571,500,closed,True,False,False
0.82,18,93.792143,500,closed,True,False,False
0.82,18,93.80388,500,closed,True,False,False
0.82,18,93.81565,500,closed,True,False,False
0.82,18,93.827293,500,closed,True,False,False
0.82,18,93.838851,500,closed,True,False,False
0.82,18,93.850562,500,closed,True,False,False
0.82,18,93.862173,500,closed,True,False,False
0.82,18,93.873677,500,closed,True,False,False
0.82,18,93.885185,500,closed,True,False,False
0.82,18,93.896701,500,closed,True,False,False
0.82,18,93.908223,500,closed,True,False,False
0.82,18,93.919728,500,closed,True,False,False
0.82,18,93.931206,500,closed,True,False,False
0.82,18,93.94268,500,closed,True,False,False
0.82,18,93.954348,500,closed,True,False,False
0.8,20,93.967295,500,closed,True,False,False
0.82,18,93.97885,500,closed,True,False,False
0.82,18,93.990416,500,closed,True,False,False
0.82,18,94.001873,500,closed,True,False,False
0.82,18,94.013403,500,closed,True,False,False
0.82,18,94.024971,500,closed,True,False,False
0.82,18,94.036445,500,closed,True,False,False
0.82,18,94.047991,500,closed,True,False,False
0.82,18,94.059578,500,closed,True,False,False
0.78,22,94.073603,500,closed,True,False,False
0.82,18,94.085103,500,closed,True,False,False
0.82,18,94.096617,500,closed,True,False,False
0.8,20,94.109389,500,closed,True,False,False
0.8,20,94.122083,500,closed,True,False,False
0.82,18,94.133636,500,closed,True,False,False
0.8,20,94.321798,500,closed,True,False,False
0.8,20,94.334603,500,closed,True,False,False
0.8,20,94.347367,500,closed,True,False,False
0.82,18,94.35923,500,closed,True,False,False
0.82,18,94.370808,500,closed,True,False,False
0.82,18,94.382602,500,closed,True,False,False
0.82,18,94.394159,500,closed,True,False,False
0.78,22,94.408183,500,closed,True,False,False
0.74,26,94.424777,500,closed,True,False,False
0.8,20,94.437538,500,closed,True,False,False
0.8,20,94.450291,500,closed,True,False,False
0.82,18,94.461787,500,closed,True,False,False
0.82,18,94.473272,500,closed,True,False,False
0.82,18,94.484907,500,closed,True,False,False
0.82,18,94.496455,500,closed,True,False,False
0.82,18,94.507981,500,closed,True,False,False
0.82,18,94.519409,500,closed,True,False,False
0.82,18,94.531103,500,closed,True,False,False
0.82,18,94.542652,500,closed,True,False,False
0.82,18,94.554337,500,closed,True,False,False
0.82,18,94.565822,500,closed,True,False,False
0.82,18,94.577357,500,closed,True,False,False
0.82,18,94.588864,500,closed,True,False,False
0.76,24,94.605188,500,closed,True,False,False
0.82,18,94.617195,500,closed,True,False,False
0.82,18,94.628746,500,closed,True,False,False
0.82,18,94.640427,500,closed,True,False,False
0.82,18,94.651991,500,closed,True,False,False
0.82,18,94.663525,500,closed,True,False,False
0.82,18,94.675014,500,closed,True,False,False
0.82,18,94.686569,500,closed,True,False,False
0.82,18,94.698231,500,closed,True,False,False
0.82,18,94.709728,500,closed,True,False,False
0.82,18,94.721232,500,closed,True,False,False
0.8,20,94.734022,500,closed,True,False,False
0.82,18,94.745502,500,closed,True,False,False
0.82,18,94.75697,500,closed,True,False,False
0.82,18,94.768474,500,closed,True,False,False
0.82,18,94.779939,500,closed,True,False,False
0.82,18,94.791413,500,closed,True,False,False
0.82,18,94.803058,500,closed,True,False,False
0.82,18,94.814526,500,closed,True,False,False
0.82,18,94.82603,500,closed,True,False,False
0.82,18,94.837489,500,closed,True,False,False
0.82,18,94.848989,500,closed,True,False,False
0.82,18,94.860508,500,closed,True,False,False
0.82,18,94.871971,500,closed,True,False,False
0.82,18,94.883513,500,closed,True,False,False
0.82,18,94.895014,500,closed,True,False,False
0.82,18,94.906484,500,closed,True,False,False
0.82,18,94.917995,500,closed,True,False,False
0.82,18,94.92951,500,closed,True,False,False
0.82,18,94.940959,500,closed,True,False,False
0.82,18,94.952426,500,closed,True,False,False
0.82,18,94.963927,500,closed,True,False,False
0.82,18,94.97541,500,closed,True,False,False
0.82,18,94.986974,500,closed,True,False,False
0.82,18,94.998421,500,closed,True,False,False
0.82,18,95.009895,500,closed,True,False,False
0.82,18,95.021357,500,closed,True,False,False
0.82,18,95.03284,500,closed,True,False,False
0.76,19,95.044953,500,closed,True,False,False
0.82,18,95.056454,500,closed,True,False,False
0.82,18,95.068024,500,closed,True,False,False
0.82,18,95.079524,500,closed,True,False,False
0.82,18,95.091044,500,closed,True,False,False
0.82,18,95.102569,500,closed,True,False,False
0.82,18,95.114316,500,closed,True,False,False
0.82,18,95.126007,500,closed,True,False,False
0.82,18,95.137511,500,closed,True,False,False
0.82,18,95.149068,500,closed,True,False,False
0.82,18,95.160558,500,closed,True,False,False
0.82,18,95.172052,500,closed,True,False,False
0.82,18,95.183536,500,closed,True,False,False
0.82,18,95.195085,500,closed,True,False,False
0.82,18,95.206597,500,closed,True,False,False
0.82,18,95.218264,500,closed,True,False,False
0.82,18,95.229752,500,closed,True,False,False
0.82,18,95.241262,500,closed,True,False,False
0.82,18,95.252802,500,closed,True,False,False
0.82,18,95.26428,500,closed,True,False,False
0.82,18,95.275992,500,closed,True,False,False
0.82,18,95.287454,500,closed,True,False,False
0.82,18,95.298911,500,closed,True,False,False
0.8,20,95.31184,500,closed,True,False,False
0.82,18,95.323461,500,closed,True,False,False
0.8,20,95.336275,500,closed,True,False,False
0.8,20,95.349029,500,closed,True,False,False
0.82,18,95.360651,500,closed,True,False,False
0.76,24,95.375999,500,closed,True,False,False
0.82,18,95.387496,500,closed,True,False,False
0.82,18,95.398956,500,closed,True,False,False
0.82,18,95.410452,500,closed,True,False,False
0.82,18,95.421969,500,closed,True,False,False
0.8,20,95.434866,500,closed,True,False,False
0.82,18,95.446528,500,closed,True,False,False
0.82,18,95.458295,500,closed,True,False,False
0.82,18,95.469804,500,closed,True,False,False
0.82,18,95.481287,500,closed,True,False,False
0.82,18,95.492736,500,closed,True,False,False
0.82,18,95.504259,500,closed,True,False,False
0.82,18,95.515717,500,closed,True,False,False
0.82,18,95.527225,500,closed,True,False,False
0.82,18,95.538708,500,closed,True,False,False
0.82,18,95.550202,500,closed,True,False,False
0.82,18,95.56182,500,closed,True,False,False
0.82,18,95.573308,500,closed,True,False,False
0.82,18,95.584824,500,closed,True,False,False
0.82,18,95.596399,500,closed,True,False,False
0.82,18,95.609066,500,closed,True,False,False
0.82,18,95.620679,500,closed,True,False,False
0.78,22,95.802155,500,closed,True,False,False
0.82,18,95.813724,500,closed,True,False,False
0.8,20,95.82652,500,closed,True,False,False
0.82,18,95.838053,500,closed,True,False,False
0.82,18,95.84959,500,closed,True,False,False
0.82,18,95.861047,500,closed,True,False,False
0.82,18,95.87256,500,closed,True,False,False
0.82,18,95.884061,500,closed,True,False,False
0.8,20,95.89686,500,closed,True,False,False
0.8,20,95.909606,500,closed,True,False,False
0.82,18,95.921088,500,closed,True,False,False
0.82,18,95.932541,500,closed,True,False,False
0.82,18,95.944054,500,closed,True,False,False
0.82,18,95.955542,500,closed,True,False,False
0.8,20,95.968345,500,closed,True,False,False
0.82,18,95.979889,500,closed,True,False,False
0.82,18,95.991423,500,closed,True,False,False
0.82,18,96.002916,500,closed,True,False,False
0.82,18,96.014406,500,closed,True,False,False
0.82,18,96.025919,500,closed,True,False,False
0.82,18,96.037441,500,closed,True,False,False
0.82,18,96.048945,500,closed,True,False,False
0.82,18,96.060478,500,closed,True,False,False
0.82,18,96.071945,500,closed,True,False,False
0.82,18,96.083428,500,closed,True,False,False
0.82,18,96.094946,500,closed,True,False,False
0.82,18,96.106596,500,closed,True,False,False
0.82,18,96.11833,500,closed,True,False,False
0.82,18,96.130019,500,closed,True,False,False
0.82,18,96.141587,500,closed,True,False,False
0.78,22,96.155535,500,closed,True,False,False
0.82,18,96.167054,500,closed,True,False,False
0.82,18,96.178521,500,closed,True,False,False
0.82,18,96.189985,500,closed,True,False,False
0.82,18,96.201481,500,closed,True,False,False
0.82,18,96.213058,500,closed,True,False,False
0.82,18,96.224752,500,closed,True,False,False
0.82,18,96.236308,500,closed,True,False,False
0.82,18,96.247824,500,closed,True,False,False
0.82,18,96.259302,500,closed,True,False,False
0.82,18,96.270875,500,closed,True,False,False
0.82,18,96.282579,500,closed,True,False,False
0.82,18,96.294256,500,closed,True,False,False
0.8,20,96.306989,500,closed,True,False,False
0.82,18,96.318554,500,closed,True,False,False
0.82,18,96.330049,500,closed,True,False,False
0.82,18,96.34158,500,closed,True,False,False
0.82,18,96.353043,500,closed,True,False,False
0.82,18,96.364606,500,closed,True,False,False
0.82,18,96.376099,500,closed,True,False,False
0.82,18,96.387626,500,closed,True,False,False
0.82,18,96.399143,500,closed,True,False,False
0.58,17,96.410343,500,closed,True,False,False
0.8,20,96.423219,500,closed,True,False,False
0.82,18,96.434715,500,closed,True,False,False
0.82,18,96.446368,500,closed,True,False,False
0.82,18,96.457966,500,closed,True,False,False
0.82,18,96.469621,500,closed,True,False,False
0.82,18,96.481141,500,closed,True,False,False
0.82,18,96.492651,500,closed,True,False,False
0.82,18,96.504178,500,closed,True,False,False
0.82,18,96.515697,500,closed,True,False,False
0.8,20,96.528462,500,closed,True,False,False
0.82,18,96.539975,500,closed,True,False,False
0.82,18,96.551495,500,closed,True,False,False
0.82,18,96.562971,500,closed,True,False,False
0.82,18,96.574461,500,closed,True,False,False
0.82,18,96.585979,500,closed,True,False,False
0.82,18,96.597519,500,closed,True,False,False
0.82,18,96.61025,500,closed,True,False,False
0.82,18,96.621874,500,closed,True,False,False
0.82,18,96.63351,500,closed,True,False,False
0.82,18,96.645005,500,closed,True,False,False
0.82,18,96.656528,500,closed,True,False,False
0.82,18,96.6681,500,closed,True,False,False
0.82,18,96.679584,500,closed,True,False,False
0.82,18,96.691387,500,closed,True,False,False
0.82,18,96.70293,500,closed,True,False,False
0.82,18,96.714461,500,closed,True,False,False
0.82,18,96.725978,500,closed,True,False,False
0.82,18,96.73756,500,closed,True,False,False
0.82,18,96.749063,500,closed,True,False,False
0.82,18,96.760585,500,closed,True,False,False
0.82,18,96.772084,500,closed,True,False,False
0.82,18,96.783676,500,closed,True,False,False
0.82,18,96.795222,500,closed,True,False,False
0.82,18,96.806721,500,closed,True,False,False
0.82,18,96.818209,500,closed,True,False,False
0.82,18,96.829682,500,closed,True,False,False
0.82,18,96.841198,500,closed,True,False,False
0.82,18,96.852713,500,closed,True,False,False
0.82,18,96.864257,500,closed,True,False,False
0.82,18,96.875959,500,closed,True,False,False
0.82,18,96.887508,500,closed,True,False,False
0.82,18,96.899016,500,closed,True,False,False
0.82,18,96.910512,500,closed,True,False,False
0.8,20,96.923301,500,closed,True,False,False
0.8,20,96.936108,500,closed,True,False,False
0.82,18,96.947618,500,closed,True,False,False
0.82,18,96.959095,500,closed,True,False,False
0.82,18,96.970595,500,closed,True,False,False
0.82,18,96.982121,500,closed,True,False,False
0.82,18,96.993611,500,closed,True,False,False
0.82,18,97.00508,500,closed,True,False,False
0.82,18,97.016597,500,closed,True,False,False
0.82,18,97.028139,500,closed,True,False,False
0.82,18,97.039692,500,closed,True,False,False
0.82,18,97.051398,500,closed,True,False,False
0.82,18,97.062929,500,closed,True,False,False
0.82,18,97.07443,500,closed,True,False,False
0.82,18,97.085937,500,closed,True,False,False
0.82,18,97.09745,500,closed,True,False,False
0.82,18,97.108961,500,closed,True,False,False
0.82,18,97.286707,500,closed,True,False,False
0.82,18,97.298156,500,closed,True,False,False
0.82,18,97.309628,500,closed,True,False,False
0.82,18,97.321083,500,closed,True,False,False
0.82,18,97.332509,500,closed,True,False,False
0.82,18,97.344014,500,closed,True,False,False
0.78,22,97.358023,500,closed,True,False,False
0.82,18,97.369625,500,closed,True,False,False
0.82,18,97.381144,500,closed,True,False,False
0.8,20,97.393771,500,closed,True,False,False
0.82,18,97.40534,500,closed,True,False,False
0.82,18,97.416954,500,closed,True,False,False
0.82,18,97.428655,500,closed,True,False,False
0.82,18,97.440962,500,closed,True,False,False
0.82,18,97.452379,500,closed,True,False,False
0.82,18,97.464028,500,closed,True,False,False
0.82,18,97.475589,500,closed,True,False,False
0.76,24,97.490809,500,closed,True,False,False
0.82,18,97.502265,500,closed,True,False,False
0.82,18,97.513805,500,closed,True,False,False
0.82,18,97.525252,500,closed,True,False,False
0.8,20,97.537976,500,closed,True,False,False
0.82,18,97.549404,500,closed,True,False,False
0.82,18,97.56087,500,closed,True,False,False
0.82,18,97.572392,500,closed,True,False,False
0.82,18,97.583847,500,closed,True,False,False
0.74,21,97.597264,500,closed,True,False,False
0.74,26,97.614808,500,closed,True,False,False
0.82,18,97.626475,500,closed,True,False,False
0.82,18,97.637983,500,closed,True,False,False
0.82,18,97.649468,500,closed,True,False,False
0.8,20,97.662321,500,closed,True,False,False
0.82,18,97.673858,500,closed,True,False,False
0.82,18,97.685333,500,closed,True,False,False
0.82,18,97.696831,500,closed,True,False,False
0.82,18,97.708483,500,closed,True,False,False
0.82,18,97.719952,500,closed,True,False,False
0.82,18,97.731418,500,closed,True,False,False
0.82,18,97.742877,500,closed,True,False,False
0.82,18,97.754335,500,closed,True,False,False
0.82,18,97.765918,500,closed,True,False,False
0.82,18,97.777535,500,closed,True,False,False
0.82,18,97.78902,500,closed,True,False,False
0.82,18,97.800489,500,closed,True,False,False
0.82,18,97.811958,500,closed,True,False,False
0.82,18,97.823435,500,closed,True,False,False
0.82,18,97.834934,500,closed,True,False,False
0.82,18,97.846401,500,closed,True,False,False
0.82,18,97.857825,500,closed,True,False,False
0.74,21,97.871177,500,closed,True,False,False
0.8,20,97.883909,500,closed,True,False,False
0.82,18,97.895348,500,closed,True,False,False
0.82,18,97.906846,500,closed,True,False,False
0.82,18,97.918283,500,closed,True,False,False
0.76,19,97.930313,500,closed,True,False,False
0.82,18,97.941726,500,closed,True,False,False
0.82,18,97.953143,500,closed,True,False,False
0.82,18,97.964608,500,closed,True,False,False
0.82,18,97.976058,500,closed,True,False,False
0.54,26,97.992614,500,closed,True,False,False
0.82,18,98.004076,500,closed,True,False,False
0.82,18,98.015567,500,closed,True,False,False
0.82,18,98.027203,500,closed,True,False,False
0.8,20,98.039923,500,closed,True,False,False
0.82,18,98.05144,500,closed,True,False,False
0.82,18,98.062929,500,closed,True,False,False
0.82,18,98.07441,500,closed,True,False,False
0.82,18,98.085842,500,closed,True,False,False
0.82,18,98.097285,500,closed,True,False,False
0.8,20,98.110018,500,closed,True,False,False
0.82,18,98.121446,500,closed,True,False,False
0.82,18,98.132921,500,closed,True,False,False
0.82,18,98.144382,500,closed,True,False,False
0.82,18,98.155859,500,closed,True,False,False
0.82,18,98.167448,500,closed,True,False,False
0.82,18,98.178988,500,closed,True,False,False
0.82,18,98.190415,500,closed,True,False,False
0.82,18,98.201946,500,closed,True,False,False
0.8,20,98.2149,500,closed,True,False,False
0.82,18,98.226571,500,closed,True,False,False
0.82,18,98.238048,500,closed,True,False,False
0.82,18,98.249686,500,closed,True,False,False
0.82,18,98.261146,500,closed,True,False,False
0.82,18,98.27274,500,closed,True,False,False
0.82,18,98.284248,500,closed,True,False,False
0.72,28,98.301868,500,closed,True,False,False
0.82,18,98.313313,500,closed,True,False,False
0.82,18,98.324801,500,closed,True,False,False
0.82,18,98.336296,500,closed,True,False,False
0.82,18,98.347859,500,closed,True,False,False
0.8,20,98.360584,500,closed,True,False,False
0.82,18,98.372029,500,closed,True,False,False
0.82,18,98.383501,500,closed,True,False,False
0.82,18,98.394987,500,closed,True,False,False
0.82,18,98.406424,500,closed,True,False,False
0.82,18,98.417872,500,closed,True,False,False
0.78,22,98.431863,500,closed,True,False,False
0.82,18,98.443579,500,closed,True,False,False
0.8,20,98.45645,500,closed,True,False,False
0.82,18,98.467941,500,closed,True,False,False
0.82,18,98.479422,500,closed,True,False,False
0.82,18,98.490875,500,closed,True,False,False
0.82,18,98.502312,500,closed,True,False,False
0.8,20,98.514992,500,closed,True,False,False
0.82,18,98.526585,500,closed,True,False,False
0.82,18,98.538096,500,closed,True,False,False
0.82,18,98.549568,500,closed,True,False,False
0.82,18,98.561018,500,closed,True,False,False
0.82,18,98.572474,500,closed,True,False,False
0.82,18,98.583924,500,closed,True,False,False
0.82,18,98.77348,500,closed,True,False,False
0.82,18,98.784889,500,closed,True,False,False
0.82,18,98.796363,500,closed,True,False,False
0.82,18,98.807894,500,closed,True,False,False
0.82,18,98.81936,500,closed,True,False,False
0.82,18,98.830827,500,closed,True,False,False
0.82,18,98.84221,500,closed,True,False,False
0.82,18,98.85368,500,closed,True,False,False
0.82,18,98.865157,500,closed,True,False,False
0.76,19,98.877187,500,closed,True,False,False
0.82,18,98.888577,500,closed,True,False,False
0.82,18,98.900043,500,closed,True,False,False
0.8,20,98.912741,500,closed,True,False,False
0.82,18,98.924091,500,closed,True,False,False
0.82,18,98.935481,500,closed,True,False,False
0.82,18,98.946897,500,closed,True,False,False
0.82,18,98.958387,500,closed,True,False,False
0.82,18,98.969802,500,closed,True,False,False
0.82,18,98.981199,500,closed,True,False,False
0.82,18,98.992635,500,closed,True,False,False
0.82,18,99.00405,500,closed,True,False,False
0.82,18,99.015456,500,closed,True,False,False
0.82,18,99.026867,500,closed,True,False,False
0.82,18,99.038285,500,closed,True,False,False
0.82,18,99.049716,500,closed,True,False,False
0.82,18,99.061126,500,closed,True,False,False
0.82,18,99.072553,500,closed,True,False,False
0.82,18,99.083882,500,closed,True,False,False
0.8,20,99.096531,500,closed,True,False,False
0.76,19,99.108552,500,closed,True,False,False
0.82,18,99.119894,500,closed,True,False,False
0.82,18,99.131354,500,closed,True,False,False
0.76,19,99.143397,500,closed,True,False,False
0.82,18,99.15482,500,closed,True,False,False
0.82,18,99.166255,500,closed,True,False,False
0.82,18,99.177658,500,closed,True,False,False
0.82,18,99.189028,500,closed,True,False,False
0.82,18,99.200365,500,closed,True,False,False
0.82,18,99.211794,500,closed,True,False,False
0.82,18,99.223229,500,closed,True,False,False
0.82,18,99.234743,500,closed,True,False,False
0.82,18,99.246258,500,closed,True,False,False
0.82,18,99.257663,500,closed,True,False,False
0.82,18,99.269039,500,closed,True,False,False
0.82,18,99.280518,500,closed,True,False,False
0.82,18,99.291946,500,closed,True,False,False
0.82,18,99.30336,500,closed,True,False,False
0.82,18,99.314818,500,closed,True,False,False
0.82,18,99.326216,500,closed,True,False,False
0.82,18,99.337641,500,closed,True,False,False
0.82,18,99.349053,500,closed,True,False,False
0.82,18,99.360505,500,closed,True,False,False
0.82,18,99.371937,500,closed,True,False,False
0.82,18,99.383338,500,closed,True,False,False
0.8,20,99.395995,500,closed,True,False,False
0.82,18,99.407379,500,closed,True,False,False
0.82,18,99.418824,500,closed,True,False,False
0.8,20,99.431565,500,closed,True,False,False
0.8,20,99.444304,500,closed,True,False,False
0.82,18,99.455822,500,closed,True,False,False
0.82,18,99.467236,500,closed,True,False,False
0.82,18,99.478723,500,closed,True,False,False
0.82,18,99.490123,500,closed,True,False,False
0.82,18,99.501617,500,closed,True,False,False
0.82,18,99.51303,500,closed,True,False,False
0.82,18,99.524494,500,closed,True,False,False
0.82,18,99.535881,500,closed,True,False,False
0.82,18,99.547355,500,closed,True,False,False
0.82,18,99.558738,500,closed,True,False,False
0.76,19,99.570853,500,closed,True,False,False
0.82,18,99.582331,500,closed,True,False,False
0.82,18,99.593844,500,closed,True,False,False
0.82,18,99.606083,500,closed,True,False,False
0.82,18,99.617803,500,closed,True,False,False
0.82,18,99.629354,500,closed,True,False,False
0.82,18,99.640813,500,closed,True,False,False
0.82,18,99.652267,500,closed,True,False,False
0.82,18,99.663817,500,closed,True,False,False
0.82,18,99.675265,500,closed,True,False,False
0.82,18,99.686786,500,closed,True,False,False
0.82,18,99.698266,500,closed,True,False,False
0.82,18,99.709807,500,closed,True,False,False
0.82,18,99.721384,500,closed,True,False,False
0.82,18,99.732877,500,closed,True,False,False
0.82,18,99.744371,500,closed,True,False,False
0.74,21,99.757838,500,closed,True,False,False
0.82,18,99.769304,500,closed,True,False,False
0.82,18,99.780798,500,closed,True,False,False
0.82,18,99.792278,500,closed,True,False,False
0.82,18,99.803716,500,closed,True,False,False
0.78,22,99.817732,500,closed,True,False,False
0.8,20,99.83047,500,closed,True,False,False
0.82,18,99.841979,500,closed,True,False,False
0.82,18,99.853437,500,closed,True,False,False
0.82,18,99.864933,500,closed,True,False,False
0.82,18,99.876488,500,closed,True,False,False
0.82,18,99.887957,500,closed,True,False,False
0.82,18,99.899388,500,closed,True,False,False
0.82,18,99.91084,500,closed,True,False,False
0.82,18,99.922276,500,closed,True,False,False
0.82,18,99.933967,500,closed,True,False,False
0.8,20,99.946864,500,closed,True,False,False
0.82,18,99.958358,500,closed,True,False,False
0.82,18,99.969944,500,closed,True,False,False
0.82,18,99.981443,500,closed,True,False,False
0.82,18,99.992929,500,closed,True,False,False
0.82,18,100.004437,500,closed,True,False,False
0.82,18,100.015932,500,closed,True,False,False
0.82,18,100.027398,500,closed,True,False,False
0.82,18,100.038901,500,closed,True,False,False
0.82,18,100.050378,500,closed,True,False,False
0.82,18,100.061775,500,closed,True,False,False
0.82,18,100.252531,500,closed,True,False,False
0.82,18,100.264039,500,closed,True,False,False
0.82,18,100.275497,500,closed,True,False,False
0.82,18,100.286937,500,closed,True,False,False
0.82,18,100.298354,500,closed,True,False,False
0.82,18,100.309757,500,closed,True,False,False
0.82,18,100.321182,500,closed,True,False,False
0.82,18,100.332582,500,closed,True,False,False
0.82,18,100.343957,500,closed,True,False,False
0.82,18,100.35538,500,closed,True,False,False
0.82,18,100.366822,500,closed,True,False,False
0.82,18,100.378277,500,closed,True,False,False
0.82,18,100.389707,500,closed,True,False,False
0.82,18,100.401107,500,closed,True,False,False
0.82,18,100.412578,500,closed,True,False,False
0.82,18,100.424042,500,closed,True,False,False
0.82,18,100.435491,500,closed,True,False,False
0.82,18,100.446904,500,closed,True,False,False
0.82,18,100.458449,500,closed,True,False,False
0.82,18,100.469978,500,closed,True,False,False
0.82,18,100.481521,500,closed,True,False,False
0.82,18,100.492939,500,closed,True,False,False
0.82,18,100.504351,500,closed,True,False,False
0.82,18,100.515816,500,closed,True,False,False
0.82,18,100.527286,500,closed,True,False,False
0.82,18,100.538743,500,closed,True,False,False
0.8,20,100.551555,500,closed,True,False,False
0.82,18,100.563006,500,closed,True,False,False
0.76,24,100.578162,500,closed,True,False,False
0.82,18,100.589624,500,closed,True,False,False
0.82,18,100.601694,500,closed,True,False,False
0.82,18,100.61358,500,closed,True,False,False
0.82,18,100.625191,500,closed,True,False,False
0.82,18,100.636709,500,closed,True,False,False
0.82,18,100.648166,500,closed,True,False,False
0.82,18,100.659678,500,closed,True,False,False
0.82,18,100.67118,500,closed,True,False,False
0.82,18,100.682671,500,closed,True,False,False
0.82,18,100.694111,500,closed,True,False,False
0.82,18,100.7056,500,closed,True,False,False
0.82,18,100.717041,500,closed,True,False,False
0.82,18,100.728529,500,closed,True,False,False
0.82,18,100.73996,500,closed,True,False,False
0.82,18,100.751446,500,closed,True,False,False
0.82,18,100.762971,500,closed,True,False,False
0.82,18,100.774447,500,closed,True,False,False
0.82,18,100.785916,500,closed,True,False,False
0.82,18,100.797389,500,closed,True,False,False
0.82,18,100.808887,500,closed,True,False,False
0.82,18,100.820336,500,closed,True,False,False
0.8,20,100.833083,500,closed,True,False,False
0.82,18,100.84459,500,closed,True,False,False
0.82,18,100.85602,500,closed,True,False,False
0.82,18,100.86746,500,closed,True,False,False
0.82,18,100.878964,500,closed,True,False,False
0.82,18,100.890457,500,closed,True,False,False
0.82,18,100.901925,500,closed,True,False,False
0.82,18,100.913367,500,closed,True,False,False
0.82,18,100.924853,500,closed,True,False,False
0.8,20,100.937609,500,closed,True,False,False
0.82,18,100.949093,500,closed,True,False,False
0.78,22,100.963108,500,closed,True,False,False
0.82,18,100.974581,500,closed,True,False,False
0.82,18,100.986011,500,closed,True,False,False
0.82,18,100.997497,500,closed,True,False,False
0.82,18,101.008946,500,closed,True,False,False
0.82,18,101.020435,500,closed,True,False,False
0.82,18,101.031855,500,closed,True,False,False
0.82,18,101.043311,500,closed,True,False,False
0.82,18,101.054795,500,closed,True,False,False
0.82,18,101.06624,500,closed,True,False,False
0.82,18,101.077679,500,closed,True,False,False
0.82,18,101.089162,500,closed,True,False,False
0.82,18,101.100591,500,closed,True,False,False
0.82,18,101.112167,500,closed,True,False,False
0.82,18,101.123694,500,closed,True,False,False
0.82,18,101.13519,500,closed,True,False,False
0.64,26,101.151668,500,closed,True,False,False
0.82,18,101.163128,500,closed,True,False,False
0.82,18,101.17458,500,closed,True,False,False
0.82,18,101.186006,500,closed,True,False,False
0.82,18,101.197409,500,closed,True,False,False
0.82,18,101.20882,500,closed,True,False,False
0.82,18,101.220349,500,closed,True,False,False
0.82,18,101.231892,500,closed,True,False,False
0.82,18,101.243342,500,closed,True,False,False
0.82,18,101.25482,500,closed,True,False,False
0.82,18,101.26631,500,closed,True,False,False
0.82,18,101.277784,500,closed,True,False,False
0.82,18,101.289282,500,closed,True,False,False
0.82,18,101.300801,500,closed,True,False,False
0.82,18,101.312288,500,closed,True,False,False
0.82,18,101.323753,500,closed,True,False,False
0.82,18,101.335227,500,closed,True,False,False
0.82,18,101.34676,500,closed,True,False,False
0.82,18,101.35822,500,closed,True,False,False
0.82,18,101.369725,500,closed,True,False,False
0.82,18,101.381206,500,closed,True,False,False
0.8,20,101.393947,500,closed,True,False,False
0.82,18,101.40545,500,closed,True,False,False
0.82,18,101.416866,500,closed,True,False,False
0.82,18,101.428462,500,closed,True,False,False
0.82,18,101.439959,500,closed,True,False,False
0.82,18,101.451486,500,closed,True,False,False
0.82,18,101.462946,500,closed,True,False,False
0.82,18,101.474481,500,closed,True,False,False
0.82,18,101.486012,500,closed,True,False,False
0.82,18,101.497562,500,closed,True,False,False
0.82,18,101.509047,500,closed,True,False,False
0.82,18,101.520515,500,closed,True,False,False
0.82,18,101.532048,500,closed,True,False,False
0.82,18,101.543477,500,closed,True,False,False
0.82,18,101.727052,500,closed,True,False,False
0.8,20,101.739765,500,closed,True,False,False
0.82,18,101.75116,500,closed,True,False,False
0.82,18,101.762606,500,closed,True,False,False
0.82,18,101.774092,500,closed,True,False,False
0.8,20,101.786806,500,closed,True,False,False
0.82,18,101.798259,500,closed,True,False,False
0.8,20,101.810987,500,closed,True,False,False
0.82,18,101.822412,500,closed,True,False,False
0.82,18,101.833868,500,closed,True,False,False
0.82,18,101.845193,500,closed,True,False,False
0.8,20,101.857956,500,closed,True,False,False
0.8,20,101.87062,500,closed,True,False,False
0.82,18,101.882107,500,closed,True,False,False
0.82,18,101.893558,500,closed,True,False,False
0.82,18,101.905041,500,closed,True,False,False
0.82,18,101.916531,500,closed,True,False,False
0.82,18,101.927959,500,closed,True,False,False
0.82,18,101.939397,500,closed,True,False,False
0.82,18,101.950865,500,closed,True,False,False
0.82,18,101.962339,500,closed,True,False,False
0.82,18,101.97381,500,closed,True,False,False
0.82,18,101.985224,500,closed,True,False,False
0.82,18,101.996644,500,closed,True,False,False
0.82,18,102.008064,500,closed,True,False,False
0.82,18,102.019524,500,closed,True,False,False
0.82,18,102.030992,500,closed,True,False,False
0.82,18,102.042428,500,closed,True,False,False
0.82,18,102.053866,500,closed,True,False,False
0.82,18,102.065232,500,closed,True,False,False
0.82,18,102.076699,500,closed,True,False,False
0.82,18,102.088123,500,closed,True,False,False
0.82,18,102.099611,500,closed,True,False,False
0.82,18,102.111081,500,closed,True,False,False
0.82,18,102.122493,500,closed,True,False,False
0.82,18,102.133965,500,closed,True,False,False
0.82,18,102.145354,500,closed,True,False,False
0.82,18,102.156764,500,closed,True,False,False
0.82,18,102.168234,500,closed,True,False,False
0.82,18,102.179659,500,closed,True,False,False
0.82,18,102.191131,500,closed,True,False,False
0.8,20,102.203885,500,closed,True,False,False
0.82,18,102.215436,500,closed,True,False,False
0.82,18,102.2269,500,closed,True,False,False
0.82,18,102.23842,500,closed,True,False,False
0.82,18,102.249866,500,closed,True,False,False
0.82,18,102.261297,500,closed,True,False,False
0.82,18,102.272729,500,closed,True,False,False
0.82,18,102.284141,500,closed,True,False,False
0.82,18,102.295574,500,closed,True,False,False
0.82,18,102.307021,500,closed,True,False,False
0.82,18,102.318489,500,closed,True,False,False
0.82,18,102.329938,500,closed,True,False,False
0.82,18,102.341323,500,closed,True,False,False
0.82,18,102.352772,500,closed,True,False,False
0.82,18,102.364237,500,closed,True,False,False
0.82,18,102.375617,500,closed,True,False,False
0.82,18,102.387077,500,closed,True,False,False
0.82,18,102.398496,500,closed,True,False,False
0.8,20,102.411225,500,closed,True,False,False
0.82,18,102.42267,500,closed,True,False,False
0.78,22,102.436598,500,closed,True,False,False
0.82,18,102.448019,500,closed,True,False,False
0.82,18,102.459458,500,closed,True,False,False
0.82,18,102.471049,500,closed,True,False,False
0.82,18,102.482496,500,closed,True,False,False
0.82,18,102.494097,500,closed,True,False,False
0.82,18,102.505602,500,closed,True,False,False
0.82,18,102.517046,500,closed,True,False,False
0.82,18,102.528502,500,closed,True,False,False
0.82,18,102.539912,500,closed,True,False,False
0.82,18,102.55138,500,closed,True,False,False
0.82,18,102.562822,500,closed,True,False,False
0.82,18,102.574266,500,closed,True,False,False
0.82,18,102.585782,500,closed,True,False,False
0.8,20,102.598455,500,closed,True,False,False
0.82,18,102.610688,500,closed,True,False,False
0.82,18,102.622205,500,closed,True,False,False
0.82,18,102.633678,500,closed,True,False,False
0.8,20,102.646329,500,closed,True,False,False
0.82,18,102.657782,500,closed,True,False,False
0.82,18,102.669177,500,closed,True,False,False
0.82,18,102.680712,500,closed,True,False,False
0.82,18,102.692194,500,closed,True,False,False
0.8,20,102.704997,500,closed,True,False,False
0.82,18,102.716601,500,closed,True,False,False
0.82,18,102.728196,500,closed,True,False,False
0.82,18,102.739688,500,closed,True,False,False
0.82,18,102.751156,500,closed,True,False,False
0.82,18,102.762563,500,closed,True,False,False
0.82,18,102.773968,500,closed,True,False,False
0.82,18,102.785388,500,closed,True,False,False
0.82,18,102.796868,500,closed,True,False,False
0.82,18,102.808277,500,closed,True,False,False
0.82,18,102.819787,500,closed,True,False,False
0.82,18,102.831208,500,closed,True,False,False
0.82,18,102.842595,500,closed,True,False,False
0.82,18,102.854036,500,closed,True,False,False
0.82,18,102.865427,500,closed,True,False,False
0.82,18,102.8769,500,closed,True,False,False
0.82,18,102.888336,500,closed,True,False,False
0.82,18,102.899754,500,closed,True,False,False
0.82,18,102.911198,500,closed,True,False,False
0.82,18,102.922621,500,closed,True,False,False
0.82,18,102.934008,500,closed,True,False,False
0.82,18,102.945529,500,closed,True,False,False
0.82,18,102.957029,500,closed,True,False,False
0.82,18,102.968436,500,closed,True,False,False
0.82,18,102.979922,500,closed,True,False,False
0.82,18,102.99135,500,closed,True,False,False
0.82,18,103.002813,500,closed,True,False,False
0.82,18,103.014298,500,closed,True,False,False
0.8,20,103.027012,500,closed,True,False,False
0.82,18,103.219854,500,closed,True,False,False
0.82,18,103.231337,500,closed,True,False,False
0.82,18,103.242829,500,closed,True,False,False
0.82,18,103.254263,500,closed,True,False,False
0.82,18,103.265728,500,closed,True,False,False
0.82,18,103.277202,500,closed,True,False,False
0.82,18,103.288622,500,closed,True,False,False
0.82,18,103.299996,500,closed,True,False,False
0.82,18,103.311435,500,closed,True,False,False
0.82,18,103.322867,500,closed,True,False,False
0.82,18,103.334325,500,closed,True,False,False
0.82,18,103.345771,500,closed,True,False,False
0.82,18,103.357112,500,closed,True,False,False
0.82,18,103.368572,500,closed,True,False,False
0.82,18,103.380046,500,closed,True,False,False
0.82,18,103.391468,500,closed,True,False,False
0.82,18,103.40291,500,closed,True,False,False
0.82,18,103.41436,500,closed,True,False,False
0.82,18,103.425834,500,closed,True,False,False
0.82,18,103.437357,500,closed,True,False,False
0.82,18,103.448735,500,closed,True,False,False
0.82,18,103.460229,500,closed,True,False,False
0.82,18,103.471687,500,closed,True,False,False
0.78,22,103.4856,500,closed,True,False,False
0.82,18,103.497109,500,closed,True,False,False
0.82,18,103.50856,500,closed,True,False,False
0.82,18,103.520019,500,closed,True,False,False
0.82,18,103.531502,500,closed,True,False,False
0.82,18,103.542947,500,closed,True,False,False
0.82,18,103.554401,500,closed,True,False,False
0.82,18,103.565809,500,closed,True,False,False
0.82,18,103.577232,500,closed,True,False,False
0.82,18,103.588649,500,closed,True,False,False
0.82,18,103.600186,500,closed,True,False,False
0.82,18,103.612311,500,closed,True,False,False
0.82,18,103.623876,500,closed,True,False,False
0.82,18,103.635348,500,closed,True,False,False
0.82,18,103.646789,500,closed,True,False,False
0.82,18,103.658242,500,closed,True,False,False
0.82,18,103.669713,500,closed,True,False,False
0.82,18,103.681187,500,closed,True,False,False
0.82,18,103.692611,500,closed,True,False,False
0.82,18,103.70408,500,closed,True,False,False
0.82,18,103.715526,500,closed,True,False,False
0.82,18,103.726903,500,closed,True,False,False
0.82,18,103.738356,500,closed,True,False,False
0.82,18,103.74975,500,closed,True,False,False
0.82,18,103.761182,500,closed,True,False,False
0.82,18,103.772659,500,closed,True,False,False
0.82,18,103.784033,500,closed,True,False,False
0.82,18,103.795413,500,closed,True,False,False
0.82,18,103.80679,500,closed,True,False,False
0.82,18,103.818229,500,closed,True,False,False
0.8,20,103.830905,500,closed,True,False,False
0.82,18,103.842383,500,closed,True,False,False
0.82,18,103.853804,500,closed,True,False,False
0.82,18,103.865227,500,closed,True,False,False
0.82,18,103.876668,500,closed,True,False,False
0.82,18,103.888074,500,closed,True,False,False
0.82,18,103.899487,500,closed,True,False,False
0.82,18,103.910953,500,closed,True,False,False
0.82,18,103.922389,500,closed,True,False,False
0.82,18,103.933842,500,closed,True,False,False
0.82,18,103.945315,500,closed,True,False,False
0.82,18,103.956734,500,closed,True,False,False
0.82,18,103.968222,500,closed,True,False,False
0.8,20,103.980847,500,closed,True,False,False
0.82,18,103.992333,500,closed,True,False,False
0.82,18,104.0038,500,closed,True,False,False
0.82,18,104.015226,500,closed,True,False,False
0.82,18,104.026665,500,closed,True,False,False
0.82,18,104.038128,500,closed,True,False,False
0.82,18,104.049525,500,closed,True,False,False
0.82,18,104.060985,500,closed,True,False,False
0.82,18,104.072332,500,closed,True,False,False
0.82,18,104.083745,500,closed,True,False,False
0.82,18,104.095201,500,closed,True,False,False
0.82,18,104.106642,500,closed,True,False,False
0.82,18,104.118012,500,closed,True,False,False
0.82,18,104.129494,500,closed,True,False,False
0.82,18,104.140933,500,closed,True,False,False
0.82,18,104.152349,500,closed,True,False,False
0.82,18,104.163898,500,closed,True,False,False
0.82,18,104.17528,500,closed,True,False,False
0.82,18,104.186723,500,closed,True,False,False
0.82,18,104.198192,500,closed,True,False,False
0.82,18,104.209659,500,closed,True,False,False
0.82,18,104.221214,500,closed,True,False,False
0.82,18,104.232627,500,closed,True,False,False
0.82,18,104.244034,500,closed,True,False,False
0.82,18,104.255468,500,closed,True,False,False
0.82,18,104.266891,500,closed,True,False,False
0.82,18,104.278308,500,closed,True,False,False
0.8,20,104.291224,500,closed,True,False,False
0.82,18,104.302769,500,closed,True,False,False
0.82,18,104.314249,500,closed,True,False,False
0.82,18,104.325698,500,closed,True,False,False
0.8,20,104.338322,500,closed,True,False,False
0.82,18,104.34972,500,closed,True,False,False
0.82,18,104.361147,500,closed,True,False,False
0.82,18,104.37253,500,closed,True,False,False
0.82,18,104.38398,500,closed,True,False,False
0.82,18,104.395379,500,closed,True,False,False
0.82,18,104.406785,500,closed,True,False,False
0.82,18,104.418221,500,closed,True,False,False
0.82,18,104.42971,500,closed,True,False,False
0.82,18,104.441185,500,closed,True,False,False
0.82,18,104.452623,500,closed,True,False,False
0.82,18,104.46409,500,closed,True,False,False
0.82,18,104.475538,500,closed,True,False,False
0.82,18,104.487039,500,closed,True,False,False
0.82,18,104.498436,500,closed,True,False,False
0.82,18,104.509861,500,closed,True,False,False
0.82,18,104.69924,500,closed,True,False,False
0.82,18,104.710661,500,closed,True,False,False
0.82,18,104.722053,500,closed,True,False,False
0.82,18,104.733526,500,closed,True,False,False
0.82,18,104.744909,500,closed,True,False,False
0.82,18,104.756261,500,closed,True,False,False
0.82,18,104.767613,500,closed,True,False,False
0.82,18,104.779002,500,closed,True,False,False
0.82,18,104.790386,500,closed,True,False,False
0.82,18,104.801814,500,closed,True,False,False
0.82,18,104.813249,500,closed,True,False,False
0.82,18,104.824678,500,closed,True,False,False
0.8,20,104.837416,500,closed,True,False,False
0.82,18,104.84883,500,closed,True,False,False
0.82,18,104.860195,500,closed,True,False,False
0.82,18,104.871586,500,closed,True,False,False
0.82,18,104.882942,500,closed,True,False,False
0.82,18,104.894313,500,closed,True,False,False
0.82,18,104.905713,500,closed,True,False,False
0.82,18,104.917141,500,closed,True,False,False
0.82,18,104.928555,500,closed,True,False,False
0.82,18,104.939968,500,closed,True,False,False
0.82,18,104.951359,500,closed,True,False,False
0.82,18,104.962748,500,closed,True,False,False
0.82,18,104.974137,500,closed,True,False,False
0.82,18,104.985542,500,closed,True,False,False
0.82,18,104.996944,500,closed,True,False,False
0.82,18,105.008312,500,closed,True,False,False
0.82,18,105.01971,500,closed,True,False,False
0.82,18,105.031124,500,closed,True,False,False
0.82,18,105.042554,500,closed,True,False,False
0.82,18,105.053949,500,closed,True,False,False
0.78,22,105.067878,500,closed,True,False,False
0.82,18,105.079332,500,closed,True,False,False
0.82,18,105.090816,500,closed,True,False,False
0.82,18,105.102258,500,closed,True,False,False
0.82,18,105.113723,500,closed,True,False,False
0.82,18,105.125237,500,closed,True,False,False
0.82,18,105.136636,500,closed,True,False,False
0.82,18,105.148057,500,closed,True,False,False
0.82,18,105.159431,500,closed,True,False,False
0.82,18,105.170938,500,closed,True,False,False
0.82,18,105.182381,500,closed,True,False,False
0.82,18,105.193761,500,closed,True,False,False
0.82,18,105.20517,500,closed,True,False,False
0.82,18,105.216623,500,closed,True,False,False
0.82,18,105.228041,500,closed,True,False,False
0.82,18,105.239468,500,closed,True,False,False
0.82,18,105.250867,500,closed,True,False,False
0.82,18,105.262229,500,closed,True,False,False
0.82,18,105.273595,500,closed,True,False,False
0.82,18,105.284994,500,closed,True,False,False
0.82,18,105.296386,500,closed,True,False,False
0.82,18,105.30781,500,closed,True,False,False
0.82,18,105.319253,500,closed,True,False,False
0.82,18,105.330704,500,closed,True,False,False
0.82,18,105.342108,500,closed,True,False,False
0.82,18,105.353541,500,closed,True,False,False
0.82,18,105.364951,500,closed,True,False,False
0.82,18,105.376376,500,closed,True,False,False
0.82,18,105.387874,500,closed,True,False,False
0.82,18,105.399301,500,closed,True,False,False
0.82,18,105.410816,500,closed,True,False,False
0.82,18,105.422255,500,closed,True,False,False
0.82,18,105.434674,500,closed,True,False,False
0.82,18,105.446255,500,closed,True,False,False
0.82,18,105.457754,500,closed,True,False,False
0.82,18,105.469157,500,closed,True,False,False
0.82,18,105.480601,500,closed,True,False,False
0.82,18,105.492061,500,closed,True,False,False
0.82,18,105.503499,500,closed,True,False,False
0.82,18,105.514909,500,closed,True,False,False
0.82,18,105.526317,500,closed,True,False,False
0.82,18,105.537895,500,closed,True,False,False
0.82,18,105.549409,500,closed,True,False,False
0.82,18,105.56095,500,closed,True,False,False
0.82,18,105.572448,500,closed,True,False,False
0.82,18,105.583972,500,closed,True,False,False
0.82,18,105.595449,500,closed,True,False,False
0.82,18,105.607853,500,closed,True,False,False
0.82,18,105.619359,500,closed,True,False,False
0.82,18,105.630941,500,closed,True,False,False
0.82,18,105.642433,500,closed,True,False,False
0.82,18,105.653922,500,closed,True,False,False
0.82,18,105.665386,500,closed,True,False,False
0.82,18,105.676975,500,closed,True,False,False
0.82,18,105.688454,500,closed,True,False,False
0.82,18,105.699961,500,closed,True,False,False
0.82,18,105.711402,500,closed,True,False,False
0.82,18,105.722909,500,closed,True,False,False
0.82,18,105.734352,500,closed,True,False,False
0.82,18,105.745788,500,closed,True,False,False
0.82,18,105.757251,500,closed,True,False,False
0.82,18,105.768737,500,closed,True,False,False
0.82,18,105.780211,500,closed,True,False,False
0.82,18,105.791647,500,closed,True,False,False
0.76,19,105.803674,500,closed,True,False,False
0.82,18,105.815107,500,closed,True,False,False
0.82,18,105.826575,500,closed,True,False,False
0.82,18,105.838013,500,closed,True,False,False
0.82,18,105.849397,500,closed,True,False,False
0.82,18,105.860868,500,closed,True,False,False
0.76,19,105.872977,500,closed,True,False,False
0.82,18,105.884429,500,closed,True,False,False
0.82,18,105.895873,500,closed,True,False,False
0.82,18,105.907299,500,closed,True,False,False
0.82,18,105.918677,500,closed,True,False,False
0.82,18,105.930176,500,closed,True,False,False
0.82,18,105.941647,500,closed,True,False,False
0.82,18,105.953152,500,closed,True,False,False
0.82,18,105.964629,500,closed,True,False,False
0.82,18,105.976087,500,closed,True,False,False
0.82,18,105.987509,500,closed,True,False,False
0.82,18,106.166233,500,closed,True,False,False
0.82,18,106.178699,500,closed,True,False,False
0.82,18,106.191062,500,closed,True,False,False
0.82,18,106.202949,500,closed,True,False,False
0.82,18,106.214682,500,closed,True,False,False
0.82,18,106.226352,500,closed,True,False,False
0.82,18,106.238042,500,closed,True,False,False
0.82,18,106.249721,500,closed,True,False,False
0.82,18,106.261362,500,closed,True,False,False
0.82,18,106.273057,500,closed,True,False,False
0.82,18,106.284804,500,closed,True,False,False
0.82,18,106.296488,500,closed,True,False,False
0.82,18,106.308164,500,closed,True,False,False
0.82,18,106.319824,500,closed,True,False,False
0.82,18,106.331493,500,closed,True,False,False
0.82,18,106.343141,500,closed,True,False,False
0.82,18,106.354849,500,closed,True,False,False
0.82,18,106.366624,500,closed,True,False,False
0.82,18,106.37836,500,closed,True,False,False
0.82,18,106.390076,500,closed,True,False,False
0.82,18,106.401855,500,closed,True,False,False
0.82,18,106.413523,500,closed,True,False,False
0.82,18,106.425256,500,closed,True,False,False
0.82,18,106.437024,500,closed,True,False,False
0.82,18,106.448639,500,closed,True,False,False
0.82,18,106.460377,500,closed,True,False,False
0.82,18,106.472079,500,closed,True,False,False
0.82,18,106.483797,500,closed,True,False,False
0.82,18,106.495496,500,closed,True,False,False
0.82,18,106.507233,500,closed,True,False,False
0.82,18,106.518913,500,closed,True,False,False
0.82,18,106.530653,500,closed,True,False,False
0.82,18,106.542322,500,closed,True,False,False
0.78,22,106.556711,500,closed,True,False,False
0.82,18,106.568377,500,closed,True,False,False
0.82,18,106.58013,500,closed,True,False,False
0.82,18,106.591873,500,closed,True,False,False
0.82,18,106.604216,500,closed,True,False,False
0.82,18,106.616243,500,closed,True,False,False
0.82,18,106.628024,500,closed,True,False,False
0.82,18,106.639719,500,closed,True,False,False
0.8,20,106.652828,500,closed,True,False,False
0.82,18,106.664543,500,closed,True,False,False
0.8,20,106.677541,500,closed,True,False,False
0.82,18,106.689322,500,closed,True,False,False
0.82,18,106.701022,500,closed,True,False,False
0.82,18,106.712704,500,closed,True,False,False
0.82,18,106.724409,500,closed,True,False,False
0.82,18,106.73607,500,closed,True,False,False
0.82,18,106.747778,500,closed,True,False,False
0.82,18,106.759384,500,closed,True,False,False
0.82,18,106.771117,500,closed,True,False,False
0.82,18,106.782805,500,closed,True,False,False
0.82,18,106.794412,500,closed,True,False,False
0.82,18,106.806094,500,closed,True,False,False
0.82,18,106.817755,500,closed,True,False,False
0.82,18,106.829413,500,closed,True,False,False
0.82,18,106.841065,500,closed,True,False,False
0.82,18,106.85276,500,closed,True,False,False
0.82,18,106.864347,500,closed,True,False,False
0.82,18,106.876081,500,closed,True,False,False
0.82,18,106.887772,500,closed,True,False,False
0.82,18,106.89947,500,closed,True,False,False
0.82,18,106.911162,500,closed,True,False,False
0.82,18,106.922836,500,closed,True,False,False
0.82,18,106.934494,500,closed,True,False,False
0.82,18,106.946156,500,closed,True,False,False
0.82,18,106.957788,500,closed,True,False,False
0.82,18,106.969432,500,closed,True,False,False
0.82,18,106.981079,500,closed,True,False,False
0.82,18,106.992768,500,closed,True,False,False
0.82,18,107.004389,500,closed,True,False,False
0.82,18,107.016066,500,closed,True,False,False
0.82,18,107.027707,500,closed,True,False,False
0.8,20,107.040674,500,closed,True,False,False
0.82,18,107.052372,500,closed,True,False,False
0.82,18,107.064003,500,closed,True,False,False
0.82,18,107.075629,500,closed,True,False,False
0.82,18,107.087267,500,closed,True,False,False
0.8,20,107.100198,500,closed,True,False,False
0.82,18,107.111888,500,closed,True,False,False
0.82,18,107.123557,500,closed,True,False,False
0.82,18,107.135213,500,closed,True,False,False
0.82,18,107.146878,500,closed,True,False,False
0.82,18,107.15861,500,closed,True,False,False
0.82,18,107.170242,500,closed,True,False,False
0.82,18,107.181876,500,closed,True,False,False
0.82,18,107.193526,500,closed,True,False,False
0.82,18,107.205255,500,closed,True,False,False
0.82,18,107.216972,500,closed,True,False,False
0.82,18,107.228686,500,closed,True,False,False
0.82,18,107.24034,500,closed,True,False,False
0.8,20,107.253344,500,closed,True,False,False
0.82,18,107.265059,500,closed,True,False,False
0.82,18,107.276731,500,closed,True,False,False
0.82,18,107.288378,500,closed,True,False,False
0.82,18,107.300043,500,closed,True,False,False
0.82,18,107.311702,500,closed,True,False,False
0.82,18,107.323362,500,closed,True,False,False
0.82,18,107.335088,500,closed,True,False,False
0.82,18,107.346795,500,closed,True,False,False
0.82,18,107.358419,500,closed,True,False,False
0.82,18,107.370106,500,closed,True,False,False
0.82,18,107.381781,500,closed,True,False,False
0.82,18,107.39348,500,closed,True,False,False
0.82,18,107.405203,500,closed,True,False,False
0.82,18,107.416877,500,closed,True,False,False
0.8,20,107.42995,500,closed,True,False,False
0.82,18,107.441746,500,closed,True,False,False
0.82,18,107.453508,500,closed,True,False,False
0.82,18,107.465222,500,closed,True,False,False
0.82,18,107.476828,500,closed,True,False,False
0.82,18,107.488568,500,closed,True,False,False
0.82,18,107.693283,500,closed,True,False,False
0.82,18,107.705452,500,closed,True,False,False
0.82,18,107.717385,500,closed,True,False,False
0.82,18,107.728962,500,closed,True,False,False
0.82,18,107.740533,500,closed,True,False,False
0.82,18,107.752122,500,closed,True,False,False
0.82,18,107.763716,500,closed,True,False,False
0.82,18,107.775305,500,closed,True,False,False
0.82,18,107.786869,500,closed,True,False,False
0.82,18,107.798404,500,closed,True,False,False
0.82,18,107.809992,500,closed,True,False,False
0.82,18,107.82157,500,closed,True,False,False
0.82,18,107.833151,500,closed,True,False,False
0.82,18,107.844761,500,closed,True,False,False
0.82,18,107.856289,500,closed,True,False,False
0.82,18,107.867949,500,closed,True,False,False
0.82,18,107.879517,500,closed,True,False,False
0.82,18,107.891059,500,closed,True,False,False
0.82,18,107.902641,500,closed,True,False,False
0.82,18,107.914184,500,closed,True,False,False
0.82,18,107.92578,500,closed,True,False,False
0.82,18,107.937319,500,closed,True,False,False
0.82,18,107.948894,500,closed,True,False,False
0.82,18,107.960444,500,closed,True,False,False
0.82,18,107.972025,500,closed,True,False,False
0.82,18,107.983558,500,closed,True,False,False
0.82,18,107.995174,500,closed,True,False,False
0.82,18,108.006703,500,closed,True,False,False
0.82,18,108.018267,500,closed,True,False,False
0.82,18,108.029807,500,closed,True,False,False
0.82,18,108.041318,500,closed,True,False,False
0.82,18,108.052869,500,closed,True,False,False
0.82,18,108.064463,500,closed,True,False,False
0.82,18,108.076038,500,closed,True,False,False
0.82,18,108.087636,500,closed,True,False,False
0.8,20,108.100474,500,closed,True,False,False
0.82,18,108.112033,500,closed,True,False,False
0.76,19,108.124267,500,closed,True,False,False
0.82,18,108.135793,500,closed,True,False,False
0.82,18,108.147371,500,closed,True,False,False
0.82,18,108.158979,500,closed,True,False,False
0.82,18,108.1705,500,closed,True,False,False
0.82,18,108.182096,500,closed,True,False,False
0.82,18,108.193713,500,closed,True,False,False
0.82,18,108.20521,500,closed,True,False,False
0.82,18,108.216816,500,closed,True,False,False
0.82,18,108.228356,500,closed,True,False,False
0.82,18,108.239975,500,closed,True,False,False
0.82,18,108.251565,500,closed,True,False,False
0.82,18,108.263149,500,closed,True,False,False
0.82,18,108.274672,500,closed,True,False,False
0.82,18,108.286269,500,closed,True,False,False
0.82,18,108.297795,500,closed,True,False,False
0.82,18,108.309314,500,closed,True,False,False
0.82,18,108.320793,500,closed,True,False,False
0.82,18,108.332336,500,closed,True,False,False
0.82,18,108.343886,500,closed,True,False,False
0.82,18,108.355488,500,closed,True,False,False
0.82,18,108.367037,500,closed,True,False,False
0.82,18,108.37862,500,closed,True,False,False
0.82,18,108.390234,500,closed,True,False,False
0.82,18,108.401791,500,closed,True,False,False
0.82,18,108.413383,500,closed,True,False,False
0.82,18,108.425014,500,closed,True,False,False
0.82,18,108.436583,500,closed,True,False,False
0.82,18,108.44815,500,closed,True,False,False
0.82,18,108.459736,500,closed,True,False,False
0.82,18,108.471309,500,closed,True,False,False
0.82,18,108.482898,500,closed,True,False,False
0.82,18,108.494451,500,closed,True,False,False
0.82,18,108.506044,500,closed,True,False,False
0.82,18,108.517609,500,closed,True,False,False
0.82,18,108.529173,500,closed,True,False,False
0.82,18,108.540746,500,closed,True,False,False
0.82,18,108.552292,500,closed,True,False,False
0.82,18,108.563849,500,closed,True,False,False
0.82,18,108.575401,500,closed,True,False,False
0.82,18,108.587005,500,closed,True,False,False
0.82,18,108.598681,500,closed,True,False,False
0.82,18,108.611369,500,closed,True,False,False
0.82,18,108.623069,500,closed,True,False,False
0.82,18,108.634623,500,closed,True,False,False
0.82,18,108.646267,500,closed,True,False,False
0.82,18,108.657902,500,closed,True,False,False
0.82,18,108.669614,500,closed,True,False,False
0.82,18,108.681228,500,closed,True,False,False
0.82,18,108.692783,500,closed,True,False,False
0.82,18,108.70444,500,closed,True,False,False
0.82,18,108.716025,500,closed,True,False,False
0.82,18,108.727602,500,closed,True,False,False
0.82,18,108.739202,500,closed,True,False,False
0.82,18,108.750723,500,closed,True,False,False
0.82,18,108.762328,500,closed,True,False,False
0.82,18,108.773885,500,closed,True,False,False
0.82,18,108.785427,500,closed,True,False,False
0.82,18,108.796941,500,closed,True,False,False
0.82,18,108.808522,500,closed,True,False,False
0.82,18,108.820001,500,closed,True,False,False
0.82,18,108.831565,500,closed,True,False,False
0.82,18,108.843156,500,closed,True,False,False
0.82,18,108.854713,500,closed,True,False,False
0.82,18,108.866265,500,closed,True,False,False
0.82,18,108.877809,500,closed,True,False,False
0.74,26,108.894347,500,closed,True,False,False
0.82,18,108.905893,500,closed,True,False,False
0.82,18,108.917462,500,closed,True,False,False
0.8,20,108.930228,500,closed,True,False,False
0.8,20,108.943003,500,closed,True,False,False
0.82,18,108.954553,500,closed,True,False,False
0.8,20,108.967306,500,closed,True,False,False
0.82,18,108.978844,500,closed,True,False,False
0.82,18,108.990387,500,closed,True,False,False
0.82,18,109.001927,500,closed,True,False,False
0.82,18,109.18014,500,closed,True,False,False
0.82,18,109.191574,500,closed,True,False,False
0.82,18,109.202988,500,closed,True,False,False
0.82,18,109.214406,500,closed,True,False,False
0.82,18,109.225804,500,closed,True,False,False
0.82,18,109.237195,500,closed,True,False,False
0.82,18,109.248602,500,closed,True,False,False
0.82,18,109.259963,500,closed,True,False,False
0.8,20,109.272603,500,closed,True,False,False
0.82,18,109.284056,500,closed,True,False,False
0.82,18,109.295417,500,closed,True,False,False
0.82,18,109.306887,500,closed,True,False,False
0.82,18,109.318404,500,closed,True,False,False
0.82,18,109.329854,500,closed,True,False,False
0.82,18,109.341388,500,closed,True,False,False
0.82,18,109.352834,500,closed,True,False,False
0.82,18,109.364264,500,closed,True,False,False
0.82,18,109.375758,500,closed,True,False,False
0.82,18,109.387224,500,closed,True,False,False
0.82,18,109.398662,500,closed,True,False,False
0.82,18,109.410099,500,closed,True,False,False
0.82,18,109.421623,500,closed,True,False,False
0.82,18,109.433009,500,closed,True,False,False
0.82,18,109.444559,500,closed,True,False,False
0.82,18,109.456093,500,closed,True,False,False
0.82,18,109.46765,500,closed,True,False,False
0.82,18,109.479171,500,closed,True,False,False
0.82,18,109.495534,500,closed,True,False,False
0.82,18,109.50718,500,closed,True,False,False
0.82,18,109.518603,500,closed,True,False,False
0.8,20,109.531373,500,closed,True,False,False
0.82,18,109.542849,500,closed,True,False,False
0.82,18,109.554369,500,closed,True,False,False
0.82,18,109.565832,500,closed,True,False,False
0.82,18,109.577266,500,closed,True,False,False
0.82,18,109.588747,500,closed,True,False,False
0.82,18,109.600355,500,closed,True,False,False
0.82,18,109.61268,500,closed,True,False,False
0.82,18,109.624272,500,closed,True,False,False
0.82,18,109.635764,500,closed,True,False,False
0.82,18,109.647222,500,closed,True,False,False
0.82,18,109.658787,500,closed,True,False,False
0.82,18,109.670284,500,closed,True,False,False
0.8,20,109.683014,500,closed,True,False,False
0.82,18,109.69448,500,closed,True,False,False
0.82,18,109.706096,500,closed,True,False,False
0.82,18,109.717619,500,closed,True,False,False
0.78,22,109.731616,500,closed,True,False,False
0.82,18,109.743127,500,closed,True,False,False
0.82,18,109.754565,500,closed,True,False,False
0.82,18,109.765939,500,closed,True,False,False
0.82,18,109.777485,500,closed,True,False,False
0.82,18,109.789063,500,closed,True,False,False
0.82,18,109.800571,500,closed,True,False,False
0.82,18,109.812038,500,closed,True,False,False
0.74,21,109.825424,500,closed,True,False,False
0.82,18,109.836858,500,closed,True,False,False
0.82,18,109.848296,500,closed,True,False,False
0.82,18,109.85991,500,closed,True,False,False
0.82,18,109.871325,500,closed,True,False,False
0.82,18,109.882776,500,closed,True,False,False
0.82,18,109.894276,500,closed,True,False,False
0.82,18,109.905832,500,closed,True,False,False
0.82,18,109.917454,500,closed,True,False,False
0.82,18,109.928943,500,closed,True,False,False
0.82,18,109.940378,500,closed,True,False,False
0.82,18,109.951818,500,closed,True,False,False
0.82,18,109.963292,500,closed,True,False,False
0.82,18,109.97476,500,closed,True,False,False
0.82,18,109.986242,500,closed,True,False,False
0.82,18,109.997844,500,closed,True,False,False
0.82,18,110.009314,500,closed,True,False,False
0.82,18,110.02077,500,closed,True,False,False
0.8,20,110.033558,500,closed,True,False,False
0.82,18,110.045067,500,closed,True,False,False
0.82,18,110.056617,500,closed,True,False,False
0.8,20,110.069327,500,closed,True,False,False
0.82,18,110.080896,500,closed,True,False,False
0.82,18,110.09239,500,closed,True,False,False
0.82,18,110.103924,500,closed,True,False,False
0.82,18,110.115472,500,closed,True,False,False
0.82,18,110.126979,500,closed,True,False,False
0.82,18,110.138473,500,closed,True,False,False
0.82,18,110.149958,500,closed,True,False,False
0.82,18,110.1615,500,closed,True,False,False
0.82,18,110.172995,500,closed,True,False,False
0.8,20,110.185736,500,closed,True,False,False
0.82,18,110.197159,500,closed,True,False,False
0.82,18,110.208662,500,closed,True,False,False
0.82,18,110.220139,500,closed,True,False,False
0.82,18,110.23158,500,closed,True,False,False
0.82,18,110.243068,500,closed,True,False,False
0.82,18,110.25452,500,closed,True,False,False
0.82,18,110.265971,500,closed,True,False,False
0.82,18,110.277404,500,closed,True,False,False
0.82,18,110.288933,500,closed,True,False,False
0.82,18,110.300412,500,closed,True,False,False
0.82,18,110.311941,500,closed,True,False,False
0.82,18,110.323416,500,closed,True,False,False
0.82,18,110.334944,500,closed,True,False,False
0.82,18,110.346372,500,closed,True,False,False
0.82,18,110.357808,500,closed,True,False,False
0.82,18,110.36926,500,closed,True,False,False
0.82,18,110.380734,500,closed,True,False,False
0.82,18,110.392182,500,closed,True,False,False
0.78,22,110.406116,500,closed,True,False,False
0.82,18,110.417691,500,closed,True,False,False
0.82,18,110.429221,500,closed,True,False,False
0.82,18,110.440722,500,closed,True,False,False
0.82,18,110.45213,500,closed,True,False,False
0.82,18,110.463717,500,closed,True,False,False
0.82,18,110.475181,500,closed,True,False,False
